full_name,address,email
"Asif Bahadur Khadka","652 Sundhara",asif.khadka1@example.com
"Asif Kumar Bhandari","8784 Jawalakhel",asif.bhandari2@mail.com
"Arif Bhagat Khadka","642 Ratnapark",arif.khadka3@random.org
"Asif Dhoj Seikh","5031 Sundhara",asif.seikh4@test.com
"Karan Dev Khadka","8241 New Road",karan.khadka5@demo.net
"Lalit Bhopal Kami","6182 Jawalakhel",lalit.kami6@test.com
"Rohit Dhoj Bhandari","5096 Sundhara",rohit.bhandari7@test.com
"Binod Bhagat Bhandari","6265 Baneshwor",binod.bhandari8@demo.net
"Kushal Dev Lamichane","3722 Tinkune",kushal.lamichane9@random.org
"Kushal Bir K.C","6889 New Road",kushal.k.c10@demo.net
"Kushal Gopal Bhurtel","4898 Chabel",kushal.bhurtel11@example.com
"Sompal Bahadur Kami","8935 Sundhara",sompal.kami12@demo.net
"Sompal Krishna Seikh","7883 Tinkune",sompal.seikh13@test.com
"Arif Dhoj Seikh","6511 New Road",arif.seikh14@mail.com
"Arif Bir Malla","1523 Gaushala",arif.malla15@test.com
"Binod Bir Paudel","3717 New Road",binod.paudel16@mail.com
"Lalit Bir Malla","2149 Gaushala",lalit.malla17@example.com
"Sompal Gopal Malla","9909 Tinkune",sompal.malla18@random.org
"Rohit Bhopal Rajbanshi","7941 Ekantakuna",rohit.rajbanshi19@demo.net
"Arif Lal Rajbanshi","5805 New Road",arif.rajbanshi20@example.com
"Arif Bahadur K.C","170 Jawalakhel",arif.k.c21@mail.com
"Asif Gopal Bhandari","5270 Jawalakhel",asif.bhandari22@demo.net
"Karan Gopal K.C","6005 Gaushala",karan.k.c23@mail.com
"Sandeep Bhagat Kami","3129 Tinkune",sandeep.kami24@random.org
"Kushal Bhopal Bhurtel","9013 Tinkune",kushal.bhurtel25@mail.com
"Binod Bahadur Malla","319 Jawalakhel",binod.malla26@test.com
"Sompal Bir Malla","1022 Ratnapark",sompal.malla27@test.com
"Binod Gopal K.C","169 Sundhara",binod.k.c28@demo.net
"Rohit Bhagat Kami","5697 Jawalakhel",rohit.kami29@example.com
"Rohit Dev Malla","6143 Baneshwor",rohit.malla30@demo.net
"Karan Dhoj Khadka","371 Sundhara",karan.khadka31@random.org
"Asif Dev Paudel","6597 Tinkune",asif.paudel32@random.org
"Kushal Bahadur Bhandari","8455 Jawalakhel",kushal.bhandari33@example.com
"Paras Bahadur Kami","9801 New Road",paras.kami34@example.com
"Paras Krishna Paudel","2122 Baneshwor",paras.paudel35@demo.net
"Arif Bir K.C","8939 New Road",arif.k.c36@mail.com
"Kushal Gopal Malla","4151 Ekantakuna",kushal.malla37@test.com
"Sompal Krishna Seikh","6819 Jawalakhel",sompal.seikh38@test.com
"Kushal Bhopal Kami","6188 Ratnapark",kushal.kami39@test.com
"Paras Bahadur Seikh","9642 New Road",paras.seikh40@demo.net
"Rohit Dhoj K.C","7302 Chabel",rohit.k.c41@example.com
"Asif Bhopal K.C","1127 Baneshwor",asif.k.c42@mail.com
"Arif Lal Lamichane","1770 New Road",arif.lamichane43@example.com
"Sandeep Dhoj Bhurtel","1062 Chabel",sandeep.bhurtel44@example.com
"Kushal Dev Seikh","5938 Ekantakuna",kushal.seikh45@mail.com
"Kushal Bhopal Malla","1567 Baneshwor",kushal.malla46@test.com
"Kushal Kumar Malla","3759 Chabel",kushal.malla47@example.com
"Paras Kumar Kami","7968 New Road",paras.kami48@mail.com
"Arif Bhopal Bhandari","8395 Tinkune",arif.bhandari49@test.com
"Sandeep Kumar Seikh","7979 Jawalakhel",sandeep.seikh50@example.com
"Kushal Lal Seikh","9107 New Road",kushal.seikh51@mail.com
"Asif Bir K.C","8853 Gaushala",asif.k.c52@mail.com
"Sandeep Gopal Paudel","639 Sundhara",sandeep.paudel53@random.org
"Lalit Bhopal Kami","6036 Jawalakhel",lalit.kami54@demo.net
"Sompal Gopal Kami","3012 Ratnapark",sompal.kami55@random.org
"Sompal Dhoj Paudel","8431 Sundhara",sompal.paudel56@test.com
"Sandeep Dhoj K.C","5077 Jawalakhel",sandeep.k.c57@example.com
"Lalit Lal Bhandari","6278 Ekantakuna",lalit.bhandari58@random.org
"Paras Gopal Seikh","5008 Jawalakhel",paras.seikh59@random.org
"Arif Krishna Bhurtel","824 Ratnapark",arif.bhurtel60@test.com
"Sandeep Kumar Kami","1397 New Road",sandeep.kami61@test.com
"Karan Bhagat Rajbanshi","4897 New Road",karan.rajbanshi62@demo.net
"Asif Kumar Lamichane","5490 Ekantakuna",asif.lamichane63@demo.net
"Sompal Bhopal Kami","8338 Tripureshwor",sompal.kami64@random.org
"Sompal Gopal Lamichane","5942 Chabel",sompal.lamichane65@demo.net
"Sompal Bir Bhurtel","469 Jawalakhel",sompal.bhurtel66@demo.net
"Rohit Bhagat Paudel","1328 Ratnapark",rohit.paudel67@demo.net
"Karan Kumar Khadka","5250 Sundhara",karan.khadka68@mail.com
"Binod Bahadur Malla","5947 Tripureshwor",binod.malla69@mail.com
"Kushal Lal Lamichane","5328 Baneshwor",kushal.lamichane70@demo.net
"Kushal Bhagat Lamichane","8628 Ekantakuna",kushal.lamichane71@random.org
"Sandeep Lal Seikh","2352 Jawalakhel",sandeep.seikh72@test.com
"Arif Dev Malla","2229 Tripureshwor",arif.malla73@mail.com
"Sompal Bhopal Bhurtel","7664 Gaushala",sompal.bhurtel74@test.com
"Paras Dhoj Malla","522 New Road",paras.malla75@mail.com
"Sandeep Krishna Bhandari","5742 Tinkune",sandeep.bhandari76@test.com
"Asif Krishna Kami","5907 Sundhara",asif.kami77@demo.net
"Arif Kumar Malla","5153 Tinkune",arif.malla78@mail.com
"Arif Kumar Bhandari","3893 Baneshwor",arif.bhandari79@mail.com
"Binod Bhopal Seikh","1463 Ratnapark",binod.seikh80@random.org
"Arif Bhopal Kami","6581 Tinkune",arif.kami81@random.org
"Paras Gopal Bhandari","7311 Chabel",paras.bhandari82@mail.com
"Arif Gopal Rajbanshi","8685 Ratnapark",arif.rajbanshi83@test.com
"Karan Bir Rajbanshi","8780 Gaushala",karan.rajbanshi84@demo.net
"Kushal Krishna Malla","4985 Baneshwor",kushal.malla85@example.com
"Arif Bir Seikh","6652 Ratnapark",arif.seikh86@random.org
"Karan Bhagat K.C","3433 Tripureshwor",karan.k.c87@demo.net
"Lalit Bhagat Rajbanshi","4909 Chabel",lalit.rajbanshi88@test.com
"Kushal Kumar Seikh","7954 Ratnapark",kushal.seikh89@mail.com
"Rohit Lal Khadka","566 Tinkune",rohit.khadka90@random.org
"Binod Lal Bhandari","7999 Tinkune",binod.bhandari91@test.com
"Paras Gopal K.C","2896 Baneshwor",paras.k.c92@example.com
"Binod Bhopal Bhurtel","194 Baneshwor",binod.bhurtel93@example.com
"Kushal Bahadur Khadka","7534 Baneshwor",kushal.khadka94@test.com
"Paras Bhagat Khadka","887 Gaushala",paras.khadka95@test.com
"Karan Bahadur K.C","1915 Sundhara",karan.k.c96@random.org
"Kushal Bir Bhandari","2217 Chabel",kushal.bhandari97@demo.net
"Sandeep Bir K.C","7441 Sundhara",sandeep.k.c98@test.com
"Karan Bhopal Bhurtel","5592 New Road",karan.bhurtel99@random.org
"Binod Gopal Bhandari","853 Jawalakhel",binod.bhandari100@demo.net
"Rohit Kumar Malla","1106 Ratnapark",rohit.malla101@demo.net
"Arif Kumar Malla","3475 Baneshwor",arif.malla102@example.com
"Paras Dhoj Lamichane","9666 Gaushala",paras.lamichane103@test.com
"Kushal Dev Rajbanshi","3906 Tinkune",kushal.rajbanshi104@random.org
"Sandeep Bhopal Paudel","7913 New Road",sandeep.paudel105@example.com
"Binod Bahadur Bhurtel","7863 Tripureshwor",binod.bhurtel106@demo.net
"Arif Dev Khadka","5067 Tripureshwor",arif.khadka107@example.com
"Kushal Bhagat Paudel","7603 Tripureshwor",kushal.paudel108@test.com
"Arif Lal Lamichane","1956 Tinkune",arif.lamichane109@random.org
"Sompal Dev K.C","9849 Gaushala",sompal.k.c110@demo.net
"Sompal Krishna Rajbanshi","2588 Ekantakuna",sompal.rajbanshi111@random.org
"Sompal Bhopal Kami","2685 Chabel",sompal.kami112@mail.com
"Binod Lal Paudel","4613 Tripureshwor",binod.paudel113@demo.net
"Rohit Dev Lamichane","7419 Tripureshwor",rohit.lamichane114@random.org
"Binod Bahadur Lamichane","9258 Gaushala",binod.lamichane115@random.org
"Rohit Bir Khadka","7434 Gaushala",rohit.khadka116@example.com
"Paras Bhagat Seikh","3441 Ratnapark",paras.seikh117@demo.net
"Rohit Bhopal Malla","2597 New Road",rohit.malla118@example.com
"Lalit Lal Malla","8931 Tinkune",lalit.malla119@demo.net
"Kushal Bir K.C","4832 Sundhara",kushal.k.c120@mail.com
"Asif Gopal K.C","2316 Ratnapark",asif.k.c121@test.com
"Sompal Lal Khadka","1497 Tinkune",sompal.khadka122@mail.com
"Asif Krishna K.C","2054 Ratnapark",asif.k.c123@test.com
"Paras Lal Bhurtel","8584 Chabel",paras.bhurtel124@example.com
"Lalit Bir Paudel","8382 Ekantakuna",lalit.paudel125@mail.com
"Kushal Lal Khadka","4944 Baneshwor",kushal.khadka126@mail.com
"Arif Bhopal Paudel","3998 Ratnapark",arif.paudel127@mail.com
"Karan Bir Seikh","9617 Tinkune",karan.seikh128@mail.com
"Karan Bhagat Bhurtel","4923 Ratnapark",karan.bhurtel129@example.com
"Karan Dhoj K.C","532 Tinkune",karan.k.c130@example.com
"Arif Dev Paudel","8190 New Road",arif.paudel131@random.org
"Arif Dev Rajbanshi","5944 Ratnapark",arif.rajbanshi132@demo.net
"Kushal Bahadur Bhandari","2792 Jawalakhel",kushal.bhandari133@test.com
"Asif Lal K.C","5885 Tinkune",asif.k.c134@mail.com
"Karan Krishna Khadka","3242 Chabel",karan.khadka135@mail.com
"Karan Bhopal Rajbanshi","6541 New Road",karan.rajbanshi136@example.com
"Lalit Lal Bhurtel","821 Tinkune",lalit.bhurtel137@demo.net
"Kushal Bhopal Paudel","6576 Tripureshwor",kushal.paudel138@random.org
"Kushal Bhopal K.C","5779 Ekantakuna",kushal.k.c139@random.org
"Kushal Lal Rajbanshi","2315 New Road",kushal.rajbanshi140@mail.com
"Paras Bir Khadka","8798 Chabel",paras.khadka141@random.org
"Karan Gopal Kami","723 Baneshwor",karan.kami142@random.org
"Binod Gopal Seikh","843 Chabel",binod.seikh143@random.org
"Paras Dev Seikh","1018 Baneshwor",paras.seikh144@example.com
"Arif Krishna Paudel","164 Tripureshwor",arif.paudel145@test.com
"Arif Bhagat Malla","7500 New Road",arif.malla146@demo.net
"Paras Bhopal Bhandari","215 Gaushala",paras.bhandari147@demo.net
"Rohit Krishna Bhandari","8032 Tripureshwor",rohit.bhandari148@random.org
"Karan Krishna Paudel","7321 Tripureshwor",karan.paudel149@mail.com
"Lalit Dev Kami","9076 Tinkune",lalit.kami150@mail.com
"Arif Dhoj Kami","5014 New Road",arif.kami151@example.com
"Paras Lal Lamichane","9517 Baneshwor",paras.lamichane152@demo.net
"Asif Lal Kami","7894 New Road",asif.kami153@test.com
"Kushal Bhagat K.C","1089 Tinkune",kushal.k.c154@test.com
"Sompal Bhagat Bhandari","8980 Ratnapark",sompal.bhandari155@mail.com
"Kushal Krishna Rajbanshi","2542 Chabel",kushal.rajbanshi156@mail.com
"Rohit Gopal Seikh","8914 Chabel",rohit.seikh157@mail.com
"Rohit Kumar Lamichane","148 Tinkune",rohit.lamichane158@mail.com
"Kushal Dhoj Khadka","1684 Ratnapark",kushal.khadka159@random.org
"Lalit Bahadur Khadka","9071 Chabel",lalit.khadka160@example.com
"Sompal Gopal Malla","8686 Jawalakhel",sompal.malla161@demo.net
"Karan Bhagat Kami","7490 Chabel",karan.kami162@demo.net
"Lalit Bhagat Khadka","8579 Ratnapark",lalit.khadka163@test.com
"Asif Bir Kami","2436 Sundhara",asif.kami164@mail.com
"Lalit Kumar Khadka","9498 Gaushala",lalit.khadka165@demo.net
"Binod Lal Paudel","3918 Jawalakhel",binod.paudel166@demo.net
"Arif Gopal Bhurtel","1778 Tinkune",arif.bhurtel167@random.org
"Sandeep Bhagat Rajbanshi","4723 Ekantakuna",sandeep.rajbanshi168@example.com
"Kushal Krishna Seikh","9807 Ratnapark",kushal.seikh169@demo.net
"Rohit Lal Bhandari","9876 Tripureshwor",rohit.bhandari170@mail.com
"Karan Gopal Lamichane","3823 New Road",karan.lamichane171@demo.net
"Lalit Gopal Bhandari","8442 Ekantakuna",lalit.bhandari172@example.com
"Sandeep Krishna Bhandari","9265 Tinkune",sandeep.bhandari173@test.com
"Binod Bhopal Bhandari","2505 Ekantakuna",binod.bhandari174@mail.com
"Karan Bahadur Bhurtel","3604 Jawalakhel",karan.bhurtel175@mail.com
"Sompal Bhopal Seikh","6983 Baneshwor",sompal.seikh176@random.org
"Karan Bahadur Rajbanshi","1624 Ratnapark",karan.rajbanshi177@random.org
"Asif Bhopal Paudel","9531 New Road",asif.paudel178@random.org
"Karan Bhopal Bhandari","9369 Baneshwor",karan.bhandari179@random.org
"Kushal Krishna Bhandari","9782 New Road",kushal.bhandari180@demo.net
"Karan Lal Bhandari","9483 Chabel",karan.bhandari181@test.com
"Kushal Bhagat Malla","9125 Jawalakhel",kushal.malla182@demo.net
"Sompal Bhopal Seikh","4341 Jawalakhel",sompal.seikh183@random.org
"Sompal Lal Malla","2310 Baneshwor",sompal.malla184@mail.com
"Rohit Bir Kami","9193 Ekantakuna",rohit.kami185@mail.com
"Sandeep Bhagat Khadka","580 Ekantakuna",sandeep.khadka186@demo.net
"Rohit Bhagat Rajbanshi","4244 Ekantakuna",rohit.rajbanshi187@example.com
"Lalit Krishna Seikh","6007 Baneshwor",lalit.seikh188@mail.com
"Rohit Bhagat Rajbanshi","8660 New Road",rohit.rajbanshi189@mail.com
"Arif Dev Paudel","9459 Jawalakhel",arif.paudel190@test.com
"Lalit Dev Lamichane","9007 Tinkune",lalit.lamichane191@mail.com
"Kushal Dev Malla","383 Jawalakhel",kushal.malla192@random.org
"Arif Gopal K.C","2792 Tinkune",arif.k.c193@example.com
"Kushal Lal Khadka","1630 Jawalakhel",kushal.khadka194@mail.com
"Sandeep Bir K.C","4771 Gaushala",sandeep.k.c195@mail.com
"Karan Dhoj Khadka","9727 Ekantakuna",karan.khadka196@test.com
"Asif Krishna Malla","8307 Tinkune",asif.malla197@test.com
"Paras Bahadur Kami","9704 Chabel",paras.kami198@mail.com
"Arif Bahadur Malla","9849 Jawalakhel",arif.malla199@mail.com
"Paras Lal Bhurtel","9482 Jawalakhel",paras.bhurtel200@demo.net
"Paras Krishna Kami","6389 Sundhara",paras.kami201@example.com
"Binod Dhoj Malla","8694 Tripureshwor",binod.malla202@demo.net
"Arif Bir Kami","3684 Tripureshwor",arif.kami203@random.org
"Asif Bahadur Rajbanshi","2966 Ratnapark",asif.rajbanshi204@test.com
"Sandeep Kumar Seikh","5653 Baneshwor",sandeep.seikh205@demo.net
"Karan Bhagat Bhandari","4630 Tripureshwor",karan.bhandari206@test.com
"Binod Bhopal Rajbanshi","7166 Tripureshwor",binod.rajbanshi207@random.org
"Rohit Bhopal Rajbanshi","7544 Tripureshwor",rohit.rajbanshi208@example.com
"Binod Bhopal Khadka","6228 Sundhara",binod.khadka209@random.org
"Lalit Bhagat Paudel","593 Chabel",lalit.paudel210@demo.net
"Arif Bir Rajbanshi","5613 Ratnapark",arif.rajbanshi211@example.com
"Rohit Bahadur Seikh","3672 Gaushala",rohit.seikh212@example.com
"Karan Bhagat Lamichane","9770 New Road",karan.lamichane213@test.com
"Kushal Bahadur Khadka","461 New Road",kushal.khadka214@mail.com
"Arif Lal K.C","7486 Tinkune",arif.k.c215@demo.net
"Karan Kumar Rajbanshi","5178 Tinkune",karan.rajbanshi216@demo.net
"Kushal Bir Kami","8127 Gaushala",kushal.kami217@demo.net
"Sandeep Gopal Malla","2752 Gaushala",sandeep.malla218@example.com
"Karan Bir Lamichane","4120 Chabel",karan.lamichane219@mail.com
"Binod Bahadur Lamichane","5268 Sundhara",binod.lamichane220@test.com
"Binod Bir Paudel","9133 Chabel",binod.paudel221@mail.com
"Arif Bahadur Lamichane","5555 Sundhara",arif.lamichane222@mail.com
"Kushal Bir Rajbanshi","9432 Chabel",kushal.rajbanshi223@test.com
"Karan Kumar K.C","6832 Ratnapark",karan.k.c224@test.com
"Asif Lal Lamichane","2620 New Road",asif.lamichane225@test.com
"Rohit Krishna Malla","9842 Ratnapark",rohit.malla226@demo.net
"Sompal Bhagat Kami","3551 Tinkune",sompal.kami227@test.com
"Arif Bhopal Malla","6614 Ratnapark",arif.malla228@demo.net
"Lalit Lal Seikh","9703 New Road",lalit.seikh229@example.com
"Karan Bhagat Kami","9392 Ratnapark",karan.kami230@demo.net
"Rohit Bir Bhandari","1071 Chabel",rohit.bhandari231@mail.com
"Rohit Dhoj Malla","8252 Baneshwor",rohit.malla232@mail.com
"Kushal Kumar Malla","4877 Chabel",kushal.malla233@demo.net
"Lalit Krishna Paudel","3902 Ratnapark",lalit.paudel234@demo.net
"Kushal Dev Rajbanshi","5375 Gaushala",kushal.rajbanshi235@demo.net
"Rohit Bahadur Malla","8430 Gaushala",rohit.malla236@demo.net
"Lalit Lal Kami","6429 Baneshwor",lalit.kami237@mail.com
"Kushal Bhagat Kami","7171 Chabel",kushal.kami238@mail.com
"Binod Bhopal Lamichane","7836 New Road",binod.lamichane239@example.com
"Kushal Krishna Malla","3689 Jawalakhel",kushal.malla240@example.com
"Rohit Gopal Paudel","2255 Chabel",rohit.paudel241@mail.com
"Sandeep Dhoj Lamichane","6615 Tripureshwor",sandeep.lamichane242@mail.com
"Kushal Bahadur Bhandari","2264 Tinkune",kushal.bhandari243@example.com
"Sompal Bir Lamichane","2512 Tripureshwor",sompal.lamichane244@random.org
"Sandeep Bhopal Seikh","3933 Ratnapark",sandeep.seikh245@test.com
"Asif Bir Rajbanshi","7237 Baneshwor",asif.rajbanshi246@example.com
"Kushal Kumar Kami","2335 Gaushala",kushal.kami247@test.com
"Binod Dev Khadka","5962 Ratnapark",binod.khadka248@example.com
"Asif Bahadur Khadka","9102 Ratnapark",asif.khadka249@random.org
"Paras Krishna Rajbanshi","3900 Baneshwor",paras.rajbanshi250@demo.net
"Sompal Bir Seikh","7418 Baneshwor",sompal.seikh251@random.org
"Asif Kumar Kami","5167 Tinkune",asif.kami252@example.com
"Sompal Bir Rajbanshi","270 Gaushala",sompal.rajbanshi253@test.com
"Paras Bahadur K.C","4653 Ekantakuna",paras.k.c254@random.org
"Kushal Bir Rajbanshi","7739 Ekantakuna",kushal.rajbanshi255@demo.net
"Paras Kumar Khadka","3565 Tinkune",paras.khadka256@example.com
"Binod Bir Lamichane","1149 New Road",binod.lamichane257@test.com
"Arif Gopal Malla","5056 Gaushala",arif.malla258@mail.com
"Binod Dev Bhandari","6169 Baneshwor",binod.bhandari259@demo.net
"Karan Bhagat Bhurtel","4001 Tripureshwor",karan.bhurtel260@mail.com
"Paras Bir K.C","2167 Ratnapark",paras.k.c261@mail.com
"Asif Dhoj Bhurtel","8073 Sundhara",asif.bhurtel262@mail.com
"Asif Gopal Seikh","6650 Baneshwor",asif.seikh263@random.org
"Binod Bhagat K.C","9428 Tripureshwor",binod.k.c264@random.org
"Paras Dev Lamichane","740 Tinkune",paras.lamichane265@test.com
"Asif Lal Kami","4655 Jawalakhel",asif.kami266@demo.net
"Binod Krishna Bhurtel","7048 Tripureshwor",binod.bhurtel267@demo.net
"Karan Bahadur Seikh","9977 Tripureshwor",karan.seikh268@mail.com
"Rohit Dhoj Paudel","6540 Ratnapark",rohit.paudel269@demo.net
"Kushal Lal Bhurtel","475 Gaushala",kushal.bhurtel270@test.com
"Sandeep Dev Khadka","5201 New Road",sandeep.khadka271@demo.net
"Binod Dhoj Lamichane","6017 Chabel",binod.lamichane272@random.org
"Asif Bahadur Malla","2328 Tinkune",asif.malla273@random.org
"Sompal Gopal Bhandari","243 Jawalakhel",sompal.bhandari274@random.org
"Asif Krishna K.C","5675 Jawalakhel",asif.k.c275@demo.net
"Kushal Dhoj Paudel","4992 Sundhara",kushal.paudel276@demo.net
"Arif Lal Malla","3596 Ekantakuna",arif.malla277@random.org
"Arif Kumar Paudel","7903 Jawalakhel",arif.paudel278@random.org
"Binod Kumar Rajbanshi","5170 Jawalakhel",binod.rajbanshi279@random.org
"Binod Kumar Kami","668 Sundhara",binod.kami280@random.org
"Arif Dev Seikh","675 Chabel",arif.seikh281@random.org
"Sompal Kumar Seikh","4719 Sundhara",sompal.seikh282@mail.com
"Sompal Kumar K.C","6355 Tinkune",sompal.k.c283@demo.net
"Arif Dhoj Paudel","5371 Tripureshwor",arif.paudel284@random.org
"Paras Lal Kami","7578 Sundhara",paras.kami285@random.org
"Lalit Gopal Malla","9432 Ekantakuna",lalit.malla286@test.com
"Binod Dhoj Bhandari","1681 Ekantakuna",binod.bhandari287@mail.com
"Asif Bhagat Rajbanshi","2930 Ratnapark",asif.rajbanshi288@test.com
"Sompal Lal Seikh","1485 Chabel",sompal.seikh289@random.org
"Karan Dev Paudel","6459 Sundhara",karan.paudel290@example.com
"Rohit Dev Paudel","5165 Gaushala",rohit.paudel291@test.com
"Lalit Bahadur Khadka","4698 Jawalakhel",lalit.khadka292@test.com
"Rohit Lal Bhurtel","5685 Gaushala",rohit.bhurtel293@test.com
"Kushal Dev Bhurtel","5996 Ekantakuna",kushal.bhurtel294@random.org
"Asif Kumar Rajbanshi","5068 Gaushala",asif.rajbanshi295@random.org
"Kushal Bhopal Bhandari","9718 Sundhara",kushal.bhandari296@mail.com
"Paras Dhoj Lamichane","4564 Baneshwor",paras.lamichane297@random.org
"Kushal Gopal Khadka","9336 Gaushala",kushal.khadka298@example.com
"Paras Bahadur Malla","8467 Ratnapark",paras.malla299@mail.com
"Rohit Dhoj Kami","1027 Tinkune",rohit.kami300@example.com
"Sompal Dhoj Bhurtel","2718 Tinkune",sompal.bhurtel301@example.com
"Arif Bhagat Khadka","2782 Ekantakuna",arif.khadka302@test.com
"Lalit Dhoj Bhurtel","1254 New Road",lalit.bhurtel303@mail.com
"Lalit Dev Khadka","4346 Ratnapark",lalit.khadka304@mail.com
"Sompal Kumar Khadka","1377 Ekantakuna",sompal.khadka305@mail.com
"Binod Bir Malla","4607 Jawalakhel",binod.malla306@test.com
"Binod Lal Rajbanshi","7060 Chabel",binod.rajbanshi307@example.com
"Kushal Dev Paudel","3749 Tripureshwor",kushal.paudel308@random.org
"Asif Krishna Paudel","3010 Baneshwor",asif.paudel309@test.com
"Karan Bir Kami","3492 Ratnapark",karan.kami310@test.com
"Kushal Krishna Malla","9473 Ratnapark",kushal.malla311@example.com
"Lalit Bir Malla","2997 Baneshwor",lalit.malla312@test.com
"Sompal Bhopal Bhandari","5837 Ekantakuna",sompal.bhandari313@test.com
"Rohit Bhagat Rajbanshi","6685 Sundhara",rohit.rajbanshi314@random.org
"Sompal Dhoj Bhurtel","3614 Tripureshwor",sompal.bhurtel315@random.org
"Rohit Dev Rajbanshi","4443 Chabel",rohit.rajbanshi316@demo.net
"Arif Gopal Khadka","5863 Tripureshwor",arif.khadka317@example.com
"Rohit Dev Malla","3711 Ratnapark",rohit.malla318@example.com
"Lalit Dev Paudel","6914 Baneshwor",lalit.paudel319@test.com
"Sandeep Bhagat Bhandari","7093 Tinkune",sandeep.bhandari320@mail.com
"Asif Bahadur K.C","5957 Tinkune",asif.k.c321@example.com
"Rohit Bahadur Rajbanshi","2511 Ekantakuna",rohit.rajbanshi322@random.org
"Lalit Dhoj Malla","3295 Tripureshwor",lalit.malla323@example.com
"Asif Krishna Khadka","7705 Gaushala",asif.khadka324@mail.com
"Rohit Krishna Seikh","7456 Gaushala",rohit.seikh325@test.com
"Arif Kumar Bhandari","7706 Tripureshwor",arif.bhandari326@mail.com
"Karan Gopal Bhurtel","3729 Chabel",karan.bhurtel327@random.org
"Arif Dev Paudel","9280 New Road",arif.paudel328@mail.com
"Paras Gopal Bhurtel","9333 Ratnapark",paras.bhurtel329@mail.com
"Kushal Lal K.C","2938 Tripureshwor",kushal.k.c330@random.org
"Arif Bhagat Rajbanshi","1302 Tripureshwor",arif.rajbanshi331@test.com
"Paras Lal Kami","2683 Tripureshwor",paras.kami332@random.org
"Rohit Bahadur Khadka","6862 Sundhara",rohit.khadka333@test.com
"Kushal Gopal Kami","318 Tripureshwor",kushal.kami334@test.com
"Rohit Lal Bhurtel","188 Chabel",rohit.bhurtel335@random.org
"Sandeep Gopal Lamichane","1917 Ekantakuna",sandeep.lamichane336@mail.com
"Karan Kumar Lamichane","6461 Baneshwor",karan.lamichane337@random.org
"Kushal Dev K.C","2356 New Road",kushal.k.c338@test.com
"Karan Dhoj Lamichane","315 New Road",karan.lamichane339@example.com
"Sompal Krishna Rajbanshi","6176 Tripureshwor",sompal.rajbanshi340@demo.net
"Binod Bhopal Bhurtel","3559 Ratnapark",binod.bhurtel341@test.com
"Binod Bhagat K.C","5557 Chabel",binod.k.c342@random.org
"Paras Bir Bhandari","5098 Ratnapark",paras.bhandari343@example.com
"Kushal Krishna Kami","1350 Baneshwor",kushal.kami344@example.com
"Sompal Bhopal Bhandari","5322 Gaushala",sompal.bhandari345@random.org
"Kushal Dev Malla","4821 Tinkune",kushal.malla346@mail.com
"Binod Bhagat Lamichane","9545 Tripureshwor",binod.lamichane347@test.com
"Paras Lal Lamichane","9155 Sundhara",paras.lamichane348@example.com
"Lalit Bhopal K.C","5623 New Road",lalit.k.c349@mail.com
"Asif Bhagat Seikh","8839 Gaushala",asif.seikh350@mail.com
"Rohit Lal Lamichane","9103 Tinkune",rohit.lamichane351@test.com
"Paras Kumar Seikh","1124 Tripureshwor",paras.seikh352@mail.com
"Karan Bhagat Lamichane","2844 Ratnapark",karan.lamichane353@test.com
"Karan Krishna Rajbanshi","1555 Tinkune",karan.rajbanshi354@mail.com
"Lalit Krishna K.C","3609 Sundhara",lalit.k.c355@example.com
"Arif Krishna Paudel","9602 Baneshwor",arif.paudel356@test.com
"Binod Krishna Malla","1142 Jawalakhel",binod.malla357@demo.net
"Sompal Bhagat K.C","9213 Ekantakuna",sompal.k.c358@example.com
"Binod Bhagat Khadka","6090 Ratnapark",binod.khadka359@random.org
"Paras Kumar Paudel","5678 Ratnapark",paras.paudel360@random.org
"Sandeep Dhoj Bhandari","1658 Tripureshwor",sandeep.bhandari361@demo.net
"Sompal Lal Malla","6940 New Road",sompal.malla362@mail.com
"Arif Bhopal Bhurtel","8250 Jawalakhel",arif.bhurtel363@test.com
"Rohit Dev Paudel","4418 Sundhara",rohit.paudel364@mail.com
"Sandeep Lal Rajbanshi","1552 Baneshwor",sandeep.rajbanshi365@test.com
"Paras Dev Kami","2815 Ekantakuna",paras.kami366@test.com
"Sompal Gopal Rajbanshi","5065 Baneshwor",sompal.rajbanshi367@mail.com
"Lalit Bhagat Rajbanshi","3428 Ratnapark",lalit.rajbanshi368@random.org
"Karan Bhagat Kami","7787 Tripureshwor",karan.kami369@random.org
"Arif Krishna Bhurtel","3271 Baneshwor",arif.bhurtel370@example.com
"Asif Bhagat Bhurtel","453 Ekantakuna",asif.bhurtel371@test.com
"Rohit Bir Kami","486 Tripureshwor",rohit.kami372@demo.net
"Asif Lal Seikh","8835 Tripureshwor",asif.seikh373@demo.net
"Karan Kumar Bhandari","7846 Sundhara",karan.bhandari374@test.com
"Sompal Bhagat Kami","2012 Ratnapark",sompal.kami375@random.org
"Rohit Bahadur K.C","4000 Gaushala",rohit.k.c376@mail.com
"Sompal Kumar Kami","7105 Chabel",sompal.kami377@mail.com
"Karan Bhopal K.C","483 Jawalakhel",karan.k.c378@demo.net
"Asif Bir Rajbanshi","6826 Ratnapark",asif.rajbanshi379@mail.com
"Lalit Gopal Lamichane","4148 Ekantakuna",lalit.lamichane380@mail.com
"Lalit Gopal Paudel","4332 Baneshwor",lalit.paudel381@example.com
"Paras Kumar Bhandari","6266 Ekantakuna",paras.bhandari382@mail.com
"Kushal Gopal Bhurtel","9572 Sundhara",kushal.bhurtel383@demo.net
"Binod Bhagat Bhurtel","9753 Ratnapark",binod.bhurtel384@demo.net
"Kushal Gopal Seikh","6995 Ratnapark",kushal.seikh385@demo.net
"Kushal Kumar Rajbanshi","2113 Tripureshwor",kushal.rajbanshi386@random.org
"Lalit Krishna Lamichane","1533 Chabel",lalit.lamichane387@demo.net
"Paras Bahadur Malla","8154 Ekantakuna",paras.malla388@mail.com
"Kushal Dev Bhandari","2846 Jawalakhel",kushal.bhandari389@test.com
"Sompal Krishna Lamichane","8433 Tinkune",sompal.lamichane390@mail.com
"Sandeep Bhagat Khadka","6145 Ratnapark",sandeep.khadka391@mail.com
"Sompal Gopal Paudel","1510 Tripureshwor",sompal.paudel392@random.org
"Kushal Kumar Seikh","6954 Chabel",kushal.seikh393@demo.net
"Kushal Dev Bhurtel","7101 Sundhara",kushal.bhurtel394@demo.net
"Sandeep Bhagat K.C","7114 Gaushala",sandeep.k.c395@demo.net
"Binod Dev Rajbanshi","6638 Tinkune",binod.rajbanshi396@mail.com
"Arif Bir Bhandari","3876 Tinkune",arif.bhandari397@example.com
"Sandeep Krishna Bhandari","5099 Baneshwor",sandeep.bhandari398@test.com
"Kushal Gopal Lamichane","7406 Tinkune",kushal.lamichane399@demo.net
"Kushal Bahadur K.C","250 Jawalakhel",kushal.k.c400@random.org
"Arif Bhagat Khadka","5842 Chabel",arif.khadka401@demo.net
"Lalit Dhoj Lamichane","9700 Jawalakhel",lalit.lamichane402@random.org
"Kushal Gopal Rajbanshi","4825 Chabel",kushal.rajbanshi403@random.org
"Lalit Lal Kami","1624 Ratnapark",lalit.kami404@random.org
"Sandeep Bhopal Khadka","7703 Jawalakhel",sandeep.khadka405@demo.net
"Paras Bhagat Lamichane","8493 Gaushala",paras.lamichane406@mail.com
"Sandeep Bhopal K.C","5602 Jawalakhel",sandeep.k.c407@test.com
"Arif Krishna Malla","6797 Jawalakhel",arif.malla408@test.com
"Sompal Dhoj Rajbanshi","2035 Gaushala",sompal.rajbanshi409@mail.com
"Arif Bhopal Bhandari","6393 Baneshwor",arif.bhandari410@random.org
"Asif Gopal Paudel","3335 Tripureshwor",asif.paudel411@demo.net
"Arif Gopal Bhandari","1588 Jawalakhel",arif.bhandari412@demo.net
"Sandeep Kumar Lamichane","2539 Ekantakuna",sandeep.lamichane413@mail.com
"Arif Bhagat K.C","1195 Chabel",arif.k.c414@example.com
"Lalit Dhoj Rajbanshi","6871 Gaushala",lalit.rajbanshi415@mail.com
"Binod Bahadur K.C","258 Chabel",binod.k.c416@example.com
"Sandeep Kumar Kami","8940 Jawalakhel",sandeep.kami417@mail.com
"Karan Kumar K.C","1726 Sundhara",karan.k.c418@example.com
"Sompal Bahadur Paudel","4565 Chabel",sompal.paudel419@demo.net
"Sompal Bir K.C","8667 Chabel",sompal.k.c420@example.com
"Arif Gopal Bhandari","7769 Tripureshwor",arif.bhandari421@mail.com
"Lalit Bhagat Paudel","1828 Baneshwor",lalit.paudel422@demo.net
"Binod Bhagat Lamichane","7353 Sundhara",binod.lamichane423@random.org
"Rohit Dhoj Paudel","8957 Tripureshwor",rohit.paudel424@test.com
"Lalit Krishna Paudel","5481 Sundhara",lalit.paudel425@demo.net
"Sandeep Kumar Bhandari","5322 Gaushala",sandeep.bhandari426@test.com
"Karan Dhoj Khadka","6582 Tripureshwor",karan.khadka427@test.com
"Paras Gopal Rajbanshi","6165 Chabel",paras.rajbanshi428@test.com
"Arif Lal Malla","3243 Tinkune",arif.malla429@mail.com
"Lalit Bahadur Rajbanshi","2916 Baneshwor",lalit.rajbanshi430@test.com
"Asif Bhopal Seikh","406 Jawalakhel",asif.seikh431@demo.net
"Sompal Bahadur Paudel","4980 Chabel",sompal.paudel432@example.com
"Karan Dhoj Seikh","6943 Tripureshwor",karan.seikh433@mail.com
"Sandeep Bir Paudel","7544 Jawalakhel",sandeep.paudel434@test.com
"Kushal Gopal Bhandari","7758 Ekantakuna",kushal.bhandari435@demo.net
"Rohit Bhopal Lamichane","7753 Tinkune",rohit.lamichane436@example.com
"Lalit Bahadur Malla","5079 Jawalakhel",lalit.malla437@demo.net
"Rohit Bhagat Paudel","4998 Baneshwor",rohit.paudel438@example.com
"Kushal Bahadur Bhandari","9919 Chabel",kushal.bhandari439@mail.com
"Rohit Bhopal K.C","6617 New Road",rohit.k.c440@demo.net
"Rohit Krishna Seikh","6377 Chabel",rohit.seikh441@mail.com
"Asif Krishna Khadka","2843 Chabel",asif.khadka442@test.com
"Sandeep Gopal K.C","9285 Ekantakuna",sandeep.k.c443@mail.com
"Lalit Krishna Khadka","169 Jawalakhel",lalit.khadka444@mail.com
"Kushal Dev Bhandari","6900 Chabel",kushal.bhandari445@demo.net
"Paras Dev Seikh","5090 New Road",paras.seikh446@mail.com
"Binod Bahadur Rajbanshi","8841 Gaushala",binod.rajbanshi447@mail.com
"Asif Dev Khadka","5732 Sundhara",asif.khadka448@test.com
"Sandeep Lal K.C","9427 Gaushala",sandeep.k.c449@example.com
"Karan Bhopal Paudel","3938 Ekantakuna",karan.paudel450@random.org
"Rohit Bhopal K.C","4745 New Road",rohit.k.c451@test.com
"Kushal Lal Bhurtel","3591 Sundhara",kushal.bhurtel452@test.com
"Rohit Bir K.C","5042 Baneshwor",rohit.k.c453@test.com
"Paras Krishna Lamichane","9179 Ratnapark",paras.lamichane454@example.com
"Arif Krishna Bhandari","280 New Road",arif.bhandari455@test.com
"Asif Bahadur Khadka","3821 Gaushala",asif.khadka456@test.com
"Paras Gopal Lamichane","3925 Tripureshwor",paras.lamichane457@example.com
"Karan Bhopal Bhurtel","4018 Tripureshwor",karan.bhurtel458@test.com
"Sandeep Dev Bhandari","3564 Ratnapark",sandeep.bhandari459@demo.net
"Rohit Krishna Seikh","2540 Gaushala",rohit.seikh460@test.com
"Sompal Gopal Bhandari","7582 Ratnapark",sompal.bhandari461@random.org
"Lalit Kumar Malla","9171 Gaushala",lalit.malla462@example.com
"Sompal Bahadur Lamichane","7494 New Road",sompal.lamichane463@mail.com
"Arif Bhopal Paudel","7668 New Road",arif.paudel464@test.com
"Rohit Krishna Lamichane","3258 Ratnapark",rohit.lamichane465@random.org
"Kushal Bahadur K.C","8977 Ekantakuna",kushal.k.c466@example.com
"Paras Lal Malla","2716 Chabel",paras.malla467@demo.net
"Asif Dhoj Khadka","6773 Sundhara",asif.khadka468@demo.net
"Rohit Lal Bhurtel","3182 Chabel",rohit.bhurtel469@random.org
"Karan Bir Paudel","9406 Ekantakuna",karan.paudel470@random.org
"Paras Gopal Bhurtel","4104 New Road",paras.bhurtel471@random.org
"Rohit Dhoj Seikh","9895 Sundhara",rohit.seikh472@demo.net
"Karan Bahadur Kami","5077 Tripureshwor",karan.kami473@example.com
"Karan Dhoj Bhurtel","711 Tinkune",karan.bhurtel474@random.org
"Rohit Kumar Khadka","215 Ratnapark",rohit.khadka475@example.com
"Arif Gopal Paudel","8727 Ekantakuna",arif.paudel476@example.com
"Karan Kumar Paudel","6972 Sundhara",karan.paudel477@mail.com
"Arif Bir Khadka","135 Jawalakhel",arif.khadka478@random.org
"Binod Kumar Kami","4501 Jawalakhel",binod.kami479@random.org
"Karan Dev Bhandari","6186 Gaushala",karan.bhandari480@random.org
"Sompal Bir Rajbanshi","6268 Gaushala",sompal.rajbanshi481@example.com
"Sompal Dev Malla","6781 Jawalakhel",sompal.malla482@mail.com
"Sompal Bhopal Rajbanshi","1072 Tripureshwor",sompal.rajbanshi483@demo.net
"Karan Bahadur Paudel","3129 Tripureshwor",karan.paudel484@test.com
"Sandeep Dhoj Lamichane","6766 Sundhara",sandeep.lamichane485@example.com
"Lalit Dev Kami","4701 New Road",lalit.kami486@example.com
"Binod Bhagat Seikh","3908 Ekantakuna",binod.seikh487@demo.net
"Binod Bhopal Paudel","3606 Tripureshwor",binod.paudel488@demo.net
"Sandeep Gopal Paudel","9266 Ratnapark",sandeep.paudel489@test.com
"Lalit Bahadur Bhandari","9795 Sundhara",lalit.bhandari490@demo.net
"Kushal Krishna Bhandari","3942 Chabel",kushal.bhandari491@example.com
"Binod Krishna Rajbanshi","7376 Gaushala",binod.rajbanshi492@example.com
"Sompal Bhopal Bhandari","6821 New Road",sompal.bhandari493@example.com
"Arif Bahadur Lamichane","5953 Gaushala",arif.lamichane494@test.com
"Paras Bahadur Rajbanshi","3400 Ekantakuna",paras.rajbanshi495@random.org
"Arif Kumar Seikh","5485 Baneshwor",arif.seikh496@test.com
"Karan Bahadur Bhandari","6549 New Road",karan.bhandari497@random.org
"Sompal Bir Lamichane","1448 New Road",sompal.lamichane498@test.com
"Arif Bahadur Seikh","4766 Gaushala",arif.seikh499@demo.net
"Asif Dhoj Paudel","7421 Jawalakhel",asif.paudel500@test.com
"Karan Kumar Malla","6095 Tripureshwor",karan.malla501@random.org
"Rohit Bhagat Malla","7543 Ratnapark",rohit.malla502@random.org
"Paras Bhopal Lamichane","2205 Tripureshwor",paras.lamichane503@random.org
"Sompal Krishna Kami","297 Ekantakuna",sompal.kami504@demo.net
"Paras Kumar Khadka","4849 Sundhara",paras.khadka505@demo.net
"Asif Bhagat Bhandari","4192 Ratnapark",asif.bhandari506@example.com
"Sandeep Dev K.C","959 Baneshwor",sandeep.k.c507@example.com
"Rohit Bahadur Bhurtel","3299 Sundhara",rohit.bhurtel508@random.org
"Kushal Bir Khadka","4600 New Road",kushal.khadka509@test.com
"Karan Bahadur Khadka","8454 Chabel",karan.khadka510@mail.com
"Sompal Dhoj Paudel","7804 Ekantakuna",sompal.paudel511@example.com
"Asif Dhoj K.C","8516 Baneshwor",asif.k.c512@example.com
"Sandeep Kumar Malla","3241 Baneshwor",sandeep.malla513@mail.com
"Asif Gopal Bhurtel","9103 Gaushala",asif.bhurtel514@random.org
"Sandeep Gopal Khadka","9473 Tripureshwor",sandeep.khadka515@example.com
"Rohit Kumar Kami","5304 Jawalakhel",rohit.kami516@demo.net
"Kushal Krishna Bhurtel","732 Jawalakhel",kushal.bhurtel517@demo.net
"Kushal Gopal Khadka","1026 Chabel",kushal.khadka518@test.com
"Kushal Lal Paudel","4319 Jawalakhel",kushal.paudel519@demo.net
"Binod Bahadur Lamichane","7904 Baneshwor",binod.lamichane520@random.org
"Sandeep Bhagat Paudel","8864 Jawalakhel",sandeep.paudel521@demo.net
"Paras Gopal Khadka","3368 Sundhara",paras.khadka522@test.com
"Sompal Dev Bhandari","6788 Baneshwor",sompal.bhandari523@random.org
"Rohit Kumar Paudel","6302 Ratnapark",rohit.paudel524@test.com
"Arif Gopal Lamichane","6827 Jawalakhel",arif.lamichane525@random.org
"Lalit Bahadur Khadka","7941 Baneshwor",lalit.khadka526@demo.net
"Sompal Bhagat Bhurtel","7765 New Road",sompal.bhurtel527@demo.net
"Karan Bir Bhurtel","9752 Baneshwor",karan.bhurtel528@random.org
"Karan Krishna Lamichane","630 Jawalakhel",karan.lamichane529@random.org
"Arif Bhagat Bhurtel","4102 Gaushala",arif.bhurtel530@random.org
"Kushal Lal Kami","1176 Ekantakuna",kushal.kami531@test.com
"Binod Kumar Bhandari","1293 Jawalakhel",binod.bhandari532@example.com
"Sandeep Lal K.C","3431 Gaushala",sandeep.k.c533@mail.com
"Arif Krishna Bhandari","9328 Tinkune",arif.bhandari534@demo.net
"Lalit Krishna Seikh","2270 Tinkune",lalit.seikh535@demo.net
"Sompal Bhagat Rajbanshi","4945 New Road",sompal.rajbanshi536@mail.com
"Binod Gopal Lamichane","6097 Gaushala",binod.lamichane537@mail.com
"Rohit Bir Kami","8001 Sundhara",rohit.kami538@test.com
"Binod Bhopal Kami","3026 Tinkune",binod.kami539@example.com
"Kushal Bhopal Rajbanshi","3893 Jawalakhel",kushal.rajbanshi540@example.com
"Asif Bhagat Bhandari","4322 Sundhara",asif.bhandari541@random.org
"Karan Bhopal Bhurtel","8040 Tinkune",karan.bhurtel542@test.com
"Sandeep Dhoj Lamichane","5578 New Road",sandeep.lamichane543@example.com
"Karan Kumar Khadka","2512 Tinkune",karan.khadka544@test.com
"Binod Bhopal Malla","6693 Tripureshwor",binod.malla545@demo.net
"Arif Bhagat K.C","6369 Tripureshwor",arif.k.c546@demo.net
"Lalit Bahadur Rajbanshi","7862 Tripureshwor",lalit.rajbanshi547@test.com
"Rohit Dhoj Bhurtel","3459 Baneshwor",rohit.bhurtel548@random.org
"Karan Gopal Lamichane","9739 Ratnapark",karan.lamichane549@example.com
"Sompal Krishna Lamichane","2551 New Road",sompal.lamichane550@test.com
"Sandeep Krishna Lamichane","5949 Baneshwor",sandeep.lamichane551@mail.com
"Paras Gopal Seikh","2060 Tripureshwor",paras.seikh552@demo.net
"Rohit Lal K.C","5705 Tripureshwor",rohit.k.c553@random.org
"Karan Krishna Bhurtel","9731 Ekantakuna",karan.bhurtel554@test.com
"Sandeep Bir Malla","5685 Jawalakhel",sandeep.malla555@test.com
"Karan Dhoj Paudel","6476 Baneshwor",karan.paudel556@example.com
"Binod Dhoj Khadka","6004 Tripureshwor",binod.khadka557@demo.net
"Binod Dev Seikh","5876 Baneshwor",binod.seikh558@mail.com
"Paras Bahadur Rajbanshi","4996 Tripureshwor",paras.rajbanshi559@test.com
"Arif Kumar Seikh","5566 Chabel",arif.seikh560@mail.com
"Paras Bhagat Seikh","2988 Tinkune",paras.seikh561@mail.com
"Rohit Bhagat Malla","1845 Tinkune",rohit.malla562@demo.net
"Binod Bhopal Kami","4067 Tinkune",binod.kami563@test.com
"Paras Krishna Paudel","4924 Ratnapark",paras.paudel564@example.com
"Rohit Dev Bhandari","9085 Ratnapark",rohit.bhandari565@demo.net
"Sompal Gopal K.C","713 Chabel",sompal.k.c566@mail.com
"Kushal Bahadur K.C","5365 Ratnapark",kushal.k.c567@random.org
"Paras Krishna Kami","2648 Tinkune",paras.kami568@test.com
"Karan Bir Malla","6175 Tripureshwor",karan.malla569@random.org
"Karan Dev Seikh","1340 Sundhara",karan.seikh570@test.com
"Sandeep Bahadur Malla","3518 Chabel",sandeep.malla571@test.com
"Kushal Kumar Malla","7244 Tinkune",kushal.malla572@random.org
"Sandeep Bhopal Kami","4957 Tripureshwor",sandeep.kami573@example.com
"Sandeep Bhopal Lamichane","6545 Chabel",sandeep.lamichane574@example.com
"Lalit Dev Bhurtel","3542 Gaushala",lalit.bhurtel575@random.org
"Kushal Dev Rajbanshi","949 Baneshwor",kushal.rajbanshi576@example.com
"Karan Dhoj K.C","4442 Tripureshwor",karan.k.c577@example.com
"Asif Lal Lamichane","292 Jawalakhel",asif.lamichane578@test.com
"Kushal Krishna Malla","1814 Tripureshwor",kushal.malla579@example.com
"Paras Bahadur Rajbanshi","5284 Baneshwor",paras.rajbanshi580@demo.net
"Paras Lal Seikh","1475 Sundhara",paras.seikh581@test.com
"Lalit Kumar K.C","8352 Gaushala",lalit.k.c582@test.com
"Kushal Dev Malla","8677 Jawalakhel",kushal.malla583@example.com
"Kushal Bhopal Bhurtel","3541 Baneshwor",kushal.bhurtel584@example.com
"Sompal Bhopal Seikh","2882 Tripureshwor",sompal.seikh585@random.org
"Kushal Krishna Malla","1480 Tripureshwor",kushal.malla586@mail.com
"Sompal Kumar Paudel","8214 Tinkune",sompal.paudel587@demo.net
"Sompal Bahadur Rajbanshi","7352 Baneshwor",sompal.rajbanshi588@test.com
"Sompal Bhagat K.C","3121 Gaushala",sompal.k.c589@mail.com
"Asif Bir Paudel","4664 Jawalakhel",asif.paudel590@mail.com
"Arif Dhoj K.C","8381 New Road",arif.k.c591@example.com
"Arif Dev Malla","2126 Chabel",arif.malla592@test.com
"Paras Bhagat Khadka","2957 Tripureshwor",paras.khadka593@demo.net
"Paras Bhopal Malla","8848 Gaushala",paras.malla594@mail.com
"Karan Bahadur Kami","2075 Chabel",karan.kami595@random.org
"Sompal Dev Bhurtel","4453 Tinkune",sompal.bhurtel596@random.org
"Sompal Krishna Seikh","4466 Baneshwor",sompal.seikh597@example.com
"Karan Bhagat Rajbanshi","4467 Ekantakuna",karan.rajbanshi598@demo.net
"Asif Dhoj K.C","3184 Sundhara",asif.k.c599@example.com
"Sompal Gopal Kami","1486 Chabel",sompal.kami600@test.com
"Kushal Bhopal Lamichane","6190 Chabel",kushal.lamichane601@example.com
"Asif Krishna Seikh","1911 Ratnapark",asif.seikh602@test.com
"Binod Lal Malla","9260 Baneshwor",binod.malla603@example.com
"Rohit Bhopal Seikh","8784 Tripureshwor",rohit.seikh604@mail.com
"Sandeep Bhopal Rajbanshi","9019 Chabel",sandeep.rajbanshi605@test.com
"Rohit Bhopal Malla","7373 Gaushala",rohit.malla606@demo.net
"Arif Krishna Seikh","2122 Tripureshwor",arif.seikh607@example.com
"Arif Krishna Bhandari","1263 Ratnapark",arif.bhandari608@mail.com
"Lalit Dhoj Rajbanshi","9646 Tinkune",lalit.rajbanshi609@random.org
"Karan Dev Paudel","634 Jawalakhel",karan.paudel610@demo.net
"Asif Krishna K.C","9344 Tinkune",asif.k.c611@mail.com
"Karan Bahadur Rajbanshi","4370 Ekantakuna",karan.rajbanshi612@demo.net
"Asif Lal Malla","3389 Tripureshwor",asif.malla613@random.org
"Sompal Lal Malla","3545 New Road",sompal.malla614@mail.com
"Lalit Kumar Lamichane","3707 New Road",lalit.lamichane615@example.com
"Binod Bhagat Paudel","7862 Tinkune",binod.paudel616@example.com
"Rohit Krishna Bhurtel","1782 Ratnapark",rohit.bhurtel617@demo.net
"Lalit Krishna Bhurtel","4965 Baneshwor",lalit.bhurtel618@example.com
"Arif Dev K.C","2094 Sundhara",arif.k.c619@random.org
"Rohit Bahadur Kami","2318 Gaushala",rohit.kami620@mail.com
"Sandeep Bhopal K.C","6327 Chabel",sandeep.k.c621@mail.com
"Lalit Gopal K.C","7639 Chabel",lalit.k.c622@test.com
"Karan Lal Seikh","8574 Gaushala",karan.seikh623@example.com
"Rohit Bahadur Kami","6441 Tinkune",rohit.kami624@example.com
"Lalit Kumar Bhandari","8926 Jawalakhel",lalit.bhandari625@example.com
"Asif Bir Lamichane","3266 Jawalakhel",asif.lamichane626@mail.com
"Karan Dev Paudel","5420 Ekantakuna",karan.paudel627@mail.com
"Rohit Gopal Paudel","2152 Chabel",rohit.paudel628@test.com
"Karan Bir Bhurtel","7036 Sundhara",karan.bhurtel629@demo.net
"Kushal Bhopal Lamichane","1116 Tinkune",kushal.lamichane630@example.com
"Arif Kumar Malla","8954 Sundhara",arif.malla631@random.org
"Sompal Lal Lamichane","1063 Tripureshwor",sompal.lamichane632@random.org
"Kushal Krishna Khadka","2951 Jawalakhel",kushal.khadka633@mail.com
"Lalit Dhoj Malla","8976 Ratnapark",lalit.malla634@test.com
"Sandeep Krishna Kami","2556 Baneshwor",sandeep.kami635@random.org
"Lalit Kumar Seikh","8401 Chabel",lalit.seikh636@example.com
"Sandeep Bhagat Kami","7394 New Road",sandeep.kami637@test.com
"Sandeep Bahadur Rajbanshi","8698 Gaushala",sandeep.rajbanshi638@demo.net
"Rohit Bir Bhurtel","5320 Baneshwor",rohit.bhurtel639@example.com
"Lalit Dev Khadka","5301 Gaushala",lalit.khadka640@demo.net
"Sompal Dhoj Rajbanshi","3385 Sundhara",sompal.rajbanshi641@mail.com
"Asif Krishna Paudel","5370 New Road",asif.paudel642@random.org
"Kushal Bir K.C","8586 Baneshwor",kushal.k.c643@mail.com
"Paras Bahadur Rajbanshi","4838 Ekantakuna",paras.rajbanshi644@example.com
"Rohit Kumar Lamichane","7831 Jawalakhel",rohit.lamichane645@demo.net
"Lalit Bahadur Kami","8342 Ekantakuna",lalit.kami646@example.com
"Kushal Kumar Lamichane","4448 Tripureshwor",kushal.lamichane647@demo.net
"Kushal Bir Lamichane","5885 Tinkune",kushal.lamichane648@test.com
"Lalit Gopal Kami","2933 Baneshwor",lalit.kami649@random.org
"Karan Lal Malla","6880 Tinkune",karan.malla650@test.com
"Binod Bhopal Lamichane","1722 Gaushala",binod.lamichane651@demo.net
"Asif Bhopal Rajbanshi","2478 Baneshwor",asif.rajbanshi652@mail.com
"Karan Bir Malla","4541 Ekantakuna",karan.malla653@example.com
"Kushal Gopal Malla","1117 Baneshwor",kushal.malla654@random.org
"Rohit Dhoj Rajbanshi","911 New Road",rohit.rajbanshi655@test.com
"Kushal Dhoj Seikh","5104 Jawalakhel",kushal.seikh656@random.org
"Kushal Dhoj Paudel","2636 Baneshwor",kushal.paudel657@random.org
"Sompal Dhoj Bhurtel","4088 Sundhara",sompal.bhurtel658@test.com
"Paras Bir Khadka","2214 Tripureshwor",paras.khadka659@mail.com
"Arif Bahadur K.C","8167 Baneshwor",arif.k.c660@mail.com
"Karan Dev Rajbanshi","9493 Sundhara",karan.rajbanshi661@example.com
"Binod Krishna Kami","7835 Jawalakhel",binod.kami662@random.org
"Paras Gopal Malla","2930 Sundhara",paras.malla663@random.org
"Rohit Bhagat Bhurtel","1357 Ratnapark",rohit.bhurtel664@demo.net
"Sompal Gopal Paudel","2085 Tripureshwor",sompal.paudel665@demo.net
"Arif Dhoj Seikh","4619 Ratnapark",arif.seikh666@test.com
"Lalit Kumar Khadka","630 Tripureshwor",lalit.khadka667@test.com
"Rohit Bhagat Rajbanshi","8589 Ekantakuna",rohit.rajbanshi668@mail.com
"Kushal Gopal Rajbanshi","6413 New Road",kushal.rajbanshi669@test.com
"Rohit Lal K.C","4968 Ratnapark",rohit.k.c670@test.com
"Arif Bir Seikh","9821 Tripureshwor",arif.seikh671@example.com
"Kushal Gopal Malla","6152 Ekantakuna",kushal.malla672@test.com
"Asif Lal Rajbanshi","8746 Tripureshwor",asif.rajbanshi673@random.org
"Binod Krishna Bhurtel","5363 Ekantakuna",binod.bhurtel674@random.org
"Binod Bhagat Bhurtel","5756 Sundhara",binod.bhurtel675@example.com
"Rohit Bhagat Malla","2899 New Road",rohit.malla676@test.com
"Karan Bir Bhandari","6785 Gaushala",karan.bhandari677@example.com
"Arif Dev Paudel","9184 Gaushala",arif.paudel678@demo.net
"Karan Bhagat Bhurtel","9361 Baneshwor",karan.bhurtel679@random.org
"Kushal Dev Bhandari","1909 Gaushala",kushal.bhandari680@mail.com
"Sompal Bhagat Seikh","2442 Chabel",sompal.seikh681@test.com
"Karan Bir Malla","8075 New Road",karan.malla682@random.org
"Kushal Dev Paudel","2606 Tinkune",kushal.paudel683@mail.com
"Karan Bahadur Rajbanshi","2849 Chabel",karan.rajbanshi684@mail.com
"Arif Bahadur Khadka","7590 Jawalakhel",arif.khadka685@test.com
"Kushal Lal Lamichane","4380 Jawalakhel",kushal.lamichane686@demo.net
"Paras Krishna Malla","1505 Jawalakhel",paras.malla687@random.org
"Sandeep Bir Khadka","9659 Tinkune",sandeep.khadka688@random.org
"Karan Krishna Lamichane","3541 Chabel",karan.lamichane689@example.com
"Asif Bir Kami","4144 New Road",asif.kami690@mail.com
"Karan Lal Khadka","6175 Ekantakuna",karan.khadka691@mail.com
"Sandeep Bahadur Khadka","4096 Chabel",sandeep.khadka692@test.com
"Sandeep Bir Bhurtel","9641 Tripureshwor",sandeep.bhurtel693@test.com
"Arif Dev K.C","2469 Tinkune",arif.k.c694@demo.net
"Asif Bhopal Rajbanshi","4573 New Road",asif.rajbanshi695@example.com
"Sompal Lal Rajbanshi","7676 Ekantakuna",sompal.rajbanshi696@demo.net
"Sandeep Dhoj Seikh","1391 Tinkune",sandeep.seikh697@random.org
"Kushal Dhoj Malla","9286 Baneshwor",kushal.malla698@example.com
"Binod Gopal Paudel","9460 Sundhara",binod.paudel699@example.com
"Arif Dev Malla","129 New Road",arif.malla700@demo.net
"Binod Bhagat K.C","3710 Chabel",binod.k.c701@example.com
"Asif Krishna Paudel","1274 Tripureshwor",asif.paudel702@mail.com
"Rohit Bahadur Bhurtel","2087 Baneshwor",rohit.bhurtel703@random.org
"Rohit Bir Bhurtel","8759 Sundhara",rohit.bhurtel704@example.com
"Kushal Bhagat Bhandari","6164 Sundhara",kushal.bhandari705@demo.net
"Kushal Bhagat Khadka","779 Tripureshwor",kushal.khadka706@example.com
"Arif Bir Bhandari","4789 Sundhara",arif.bhandari707@random.org
"Karan Bhopal Bhurtel","3936 Tripureshwor",karan.bhurtel708@random.org
"Paras Bir Seikh","6065 New Road",paras.seikh709@demo.net
"Kushal Bhagat Paudel","8523 Ratnapark",kushal.paudel710@test.com
"Binod Dev K.C","5168 Ekantakuna",binod.k.c711@example.com
"Binod Bhopal Kami","7529 Jawalakhel",binod.kami712@example.com
"Kushal Bahadur Seikh","1179 Tripureshwor",kushal.seikh713@test.com
"Lalit Bahadur Rajbanshi","4226 Ratnapark",lalit.rajbanshi714@mail.com
"Sompal Dev Malla","6303 Tripureshwor",sompal.malla715@random.org
"Sandeep Lal Khadka","1983 Chabel",sandeep.khadka716@test.com
"Rohit Lal Lamichane","6462 Gaushala",rohit.lamichane717@mail.com
"Sompal Bir K.C","1004 Ratnapark",sompal.k.c718@test.com
"Paras Lal Rajbanshi","7955 Tinkune",paras.rajbanshi719@random.org
"Sompal Dhoj Bhandari","7925 Chabel",sompal.bhandari720@test.com
"Paras Kumar Rajbanshi","4589 Baneshwor",paras.rajbanshi721@mail.com
"Binod Dhoj Rajbanshi","2689 Tinkune",binod.rajbanshi722@example.com
"Asif Bhopal Lamichane","1330 Jawalakhel",asif.lamichane723@mail.com
"Sandeep Kumar Khadka","2633 Jawalakhel",sandeep.khadka724@example.com
"Lalit Bahadur Paudel","5961 New Road",lalit.paudel725@demo.net
"Kushal Bahadur Malla","9764 New Road",kushal.malla726@example.com
"Sompal Bir Lamichane","9101 Baneshwor",sompal.lamichane727@random.org
"Karan Gopal Khadka","6227 Tripureshwor",karan.khadka728@test.com
"Asif Dev Lamichane","2956 Tinkune",asif.lamichane729@test.com
"Sandeep Bahadur Khadka","8016 Ratnapark",sandeep.khadka730@random.org
"Rohit Kumar K.C","7148 Baneshwor",rohit.k.c731@test.com
"Lalit Dhoj Seikh","9570 Ratnapark",lalit.seikh732@mail.com
"Asif Krishna Khadka","4403 Gaushala",asif.khadka733@demo.net
"Paras Bir Kami","178 Jawalakhel",paras.kami734@demo.net
"Kushal Bir Seikh","8293 Gaushala",kushal.seikh735@mail.com
"Lalit Bir Seikh","2561 Ratnapark",lalit.seikh736@mail.com
"Paras Kumar Bhurtel","5566 Gaushala",paras.bhurtel737@test.com
"Rohit Krishna Seikh","6894 Tinkune",rohit.seikh738@example.com
"Paras Dhoj Bhurtel","9663 Baneshwor",paras.bhurtel739@test.com
"Asif Krishna Malla","9340 Gaushala",asif.malla740@mail.com
"Binod Bahadur Malla","833 Tinkune",binod.malla741@mail.com
"Sompal Bhagat K.C","1741 Jawalakhel",sompal.k.c742@demo.net
"Arif Lal Bhurtel","9794 Gaushala",arif.bhurtel743@mail.com
"Arif Dev K.C","8396 New Road",arif.k.c744@demo.net
"Sompal Bhagat Lamichane","1620 Sundhara",sompal.lamichane745@test.com
"Binod Bahadur Khadka","486 Jawalakhel",binod.khadka746@example.com
"Rohit Krishna K.C","9120 New Road",rohit.k.c747@mail.com
"Asif Krishna Lamichane","2025 Tinkune",asif.lamichane748@test.com
"Rohit Dhoj Bhandari","1967 Gaushala",rohit.bhandari749@example.com
"Rohit Bhagat Paudel","8725 Tripureshwor",rohit.paudel750@demo.net
"Asif Bhagat Rajbanshi","3874 Gaushala",asif.rajbanshi751@example.com
"Lalit Dhoj Malla","6008 Chabel",lalit.malla752@example.com
"Rohit Dhoj Bhandari","3268 Chabel",rohit.bhandari753@random.org
"Karan Krishna Seikh","359 Baneshwor",karan.seikh754@demo.net
"Kushal Dhoj Paudel","7760 Tripureshwor",kushal.paudel755@mail.com
"Rohit Dhoj Malla","2895 Sundhara",rohit.malla756@random.org
"Binod Gopal Bhurtel","6183 New Road",binod.bhurtel757@example.com
"Binod Dev Kami","325 Sundhara",binod.kami758@random.org
"Paras Bahadur K.C","7839 Tinkune",paras.k.c759@mail.com
"Arif Gopal Lamichane","318 Ratnapark",arif.lamichane760@random.org
"Arif Lal Khadka","2413 Chabel",arif.khadka761@example.com
"Asif Bahadur K.C","3895 Chabel",asif.k.c762@random.org
"Kushal Bhagat Malla","9526 New Road",kushal.malla763@demo.net
"Arif Kumar Seikh","7664 New Road",arif.seikh764@example.com
"Rohit Bhagat Seikh","5023 Jawalakhel",rohit.seikh765@mail.com
"Binod Bhagat K.C","2760 Jawalakhel",binod.k.c766@test.com
"Paras Bir K.C","4685 Ekantakuna",paras.k.c767@demo.net
"Sompal Dhoj K.C","1923 Ratnapark",sompal.k.c768@demo.net
"Lalit Bahadur Seikh","7575 New Road",lalit.seikh769@demo.net
"Arif Bir Kami","105 Tinkune",arif.kami770@test.com
"Lalit Lal Bhandari","187 Jawalakhel",lalit.bhandari771@example.com
"Asif Gopal Paudel","1948 Ekantakuna",asif.paudel772@demo.net
"Asif Kumar Malla","186 Tinkune",asif.malla773@mail.com
"Rohit Kumar Lamichane","4155 Tripureshwor",rohit.lamichane774@example.com
"Arif Dev Rajbanshi","6271 New Road",arif.rajbanshi775@demo.net
"Rohit Gopal Seikh","1129 Gaushala",rohit.seikh776@random.org
"Lalit Bir Malla","2034 Baneshwor",lalit.malla777@example.com
"Binod Gopal Rajbanshi","7828 Jawalakhel",binod.rajbanshi778@mail.com
"Arif Gopal Seikh","4368 Baneshwor",arif.seikh779@test.com
"Kushal Krishna Lamichane","6824 Ekantakuna",kushal.lamichane780@mail.com
"Binod Gopal Khadka","1108 Jawalakhel",binod.khadka781@test.com
"Paras Bhagat Seikh","7501 Tripureshwor",paras.seikh782@test.com
"Rohit Kumar Khadka","514 Jawalakhel",rohit.khadka783@random.org
"Rohit Kumar Bhandari","8209 Sundhara",rohit.bhandari784@example.com
"Sompal Gopal Kami","999 Chabel",sompal.kami785@example.com
"Karan Bhagat Malla","5360 Baneshwor",karan.malla786@demo.net
"Asif Bhagat Bhurtel","255 Sundhara",asif.bhurtel787@random.org
"Karan Dhoj Rajbanshi","3353 New Road",karan.rajbanshi788@mail.com
"Karan Krishna Seikh","7928 Ratnapark",karan.seikh789@test.com
"Rohit Lal Lamichane","567 Gaushala",rohit.lamichane790@demo.net
"Sompal Dev Seikh","8502 New Road",sompal.seikh791@test.com
"Binod Bhopal Rajbanshi","8123 New Road",binod.rajbanshi792@random.org
"Sompal Bir Rajbanshi","7908 Sundhara",sompal.rajbanshi793@demo.net
"Rohit Dhoj Paudel","2688 Jawalakhel",rohit.paudel794@mail.com
"Asif Lal K.C","4150 Ekantakuna",asif.k.c795@example.com
"Paras Bhagat Khadka","7519 Sundhara",paras.khadka796@test.com
"Sompal Bhopal Malla","4964 Ratnapark",sompal.malla797@random.org
"Paras Dhoj Kami","8337 Baneshwor",paras.kami798@random.org
"Binod Bhagat Malla","7493 Chabel",binod.malla799@random.org
"Lalit Kumar Bhandari","4203 Ekantakuna",lalit.bhandari800@test.com
"Karan Dhoj K.C","4895 Chabel",karan.k.c801@mail.com
"Binod Krishna Khadka","2908 Sundhara",binod.khadka802@demo.net
"Karan Kumar K.C","3389 Baneshwor",karan.k.c803@example.com
"Sompal Lal Bhurtel","168 Baneshwor",sompal.bhurtel804@random.org
"Sandeep Bhopal Kami","9348 Baneshwor",sandeep.kami805@random.org
"Sompal Krishna Rajbanshi","4665 New Road",sompal.rajbanshi806@test.com
"Rohit Bhopal K.C","7874 Gaushala",rohit.k.c807@example.com
"Sompal Krishna Seikh","7763 Tinkune",sompal.seikh808@test.com
"Sompal Bahadur Lamichane","7506 Baneshwor",sompal.lamichane809@demo.net
"Arif Kumar Paudel","2941 Ekantakuna",arif.paudel810@mail.com
"Binod Bhopal Paudel","1773 Baneshwor",binod.paudel811@test.com
"Karan Lal Malla","8773 Baneshwor",karan.malla812@example.com
"Paras Kumar Seikh","8012 Ekantakuna",paras.seikh813@test.com
"Asif Dev Lamichane","9876 Ratnapark",asif.lamichane814@example.com
"Paras Krishna K.C","6795 Ratnapark",paras.k.c815@test.com
"Rohit Lal Seikh","5386 Tripureshwor",rohit.seikh816@mail.com
"Paras Kumar Kami","8685 Sundhara",paras.kami817@mail.com
"Lalit Dhoj Lamichane","4592 Baneshwor",lalit.lamichane818@random.org
"Sompal Gopal Malla","2702 Gaushala",sompal.malla819@test.com
"Rohit Gopal Bhurtel","619 Chabel",rohit.bhurtel820@mail.com
"Karan Gopal Seikh","9550 Ratnapark",karan.seikh821@example.com
"Arif Krishna Bhurtel","6991 Tinkune",arif.bhurtel822@example.com
"Paras Kumar Kami","1939 Baneshwor",paras.kami823@random.org
"Binod Dhoj Malla","6320 Gaushala",binod.malla824@example.com
"Arif Bhopal Khadka","9388 Gaushala",arif.khadka825@demo.net
"Karan Dev Paudel","4215 Sundhara",karan.paudel826@demo.net
"Arif Bhopal Malla","9296 Tripureshwor",arif.malla827@test.com
"Binod Gopal Bhurtel","3986 Gaushala",binod.bhurtel828@random.org
"Kushal Bhopal Rajbanshi","5510 Jawalakhel",kushal.rajbanshi829@mail.com
"Sandeep Bahadur Paudel","9075 Ratnapark",sandeep.paudel830@example.com
"Sandeep Lal Kami","2505 Jawalakhel",sandeep.kami831@example.com
"Asif Bhagat Kami","2651 Tripureshwor",asif.kami832@demo.net
"Sompal Dev Seikh","9255 New Road",sompal.seikh833@mail.com
"Sandeep Krishna Paudel","4768 Tripureshwor",sandeep.paudel834@test.com
"Rohit Bhagat K.C","863 Tripureshwor",rohit.k.c835@demo.net
"Karan Lal Rajbanshi","4113 New Road",karan.rajbanshi836@mail.com
"Arif Kumar Khadka","3577 Jawalakhel",arif.khadka837@example.com
"Sompal Kumar Kami","3685 New Road",sompal.kami838@test.com
"Rohit Dev Seikh","6726 Sundhara",rohit.seikh839@mail.com
"Asif Bhagat Bhurtel","3631 Tinkune",asif.bhurtel840@random.org
"Arif Gopal Seikh","8583 Ekantakuna",arif.seikh841@example.com
"Kushal Dhoj Bhurtel","2350 Jawalakhel",kushal.bhurtel842@mail.com
"Sandeep Lal Bhurtel","5828 Chabel",sandeep.bhurtel843@mail.com
"Rohit Bir Seikh","310 Tripureshwor",rohit.seikh844@demo.net
"Sandeep Kumar Kami","6511 Sundhara",sandeep.kami845@mail.com
"Arif Krishna K.C","6031 Ratnapark",arif.k.c846@test.com
"Rohit Krishna Seikh","4986 Tinkune",rohit.seikh847@random.org
"Kushal Bahadur Malla","3795 Ekantakuna",kushal.malla848@test.com
"Arif Dhoj Bhurtel","6282 Baneshwor",arif.bhurtel849@demo.net
"Sompal Bhopal Bhandari","5102 Tinkune",sompal.bhandari850@example.com
"Rohit Dev Paudel","9769 Ratnapark",rohit.paudel851@test.com
"Kushal Krishna K.C","9465 Jawalakhel",kushal.k.c852@demo.net
"Lalit Lal Kami","5564 Tripureshwor",lalit.kami853@random.org
"Arif Dhoj Malla","6862 Jawalakhel",arif.malla854@mail.com
"Lalit Dhoj Khadka","8426 New Road",lalit.khadka855@random.org
"Arif Kumar Bhurtel","9374 Tinkune",arif.bhurtel856@mail.com
"Asif Bir K.C","1338 New Road",asif.k.c857@example.com
"Sandeep Kumar Paudel","9838 Ratnapark",sandeep.paudel858@mail.com
"Asif Kumar K.C","886 Ekantakuna",asif.k.c859@demo.net
"Sompal Kumar Lamichane","3439 New Road",sompal.lamichane860@example.com
"Rohit Gopal Bhandari","283 Tinkune",rohit.bhandari861@example.com
"Sandeep Bahadur Khadka","3286 Jawalakhel",sandeep.khadka862@example.com
"Sandeep Kumar K.C","4614 Jawalakhel",sandeep.k.c863@mail.com
"Sompal Bir Bhurtel","7943 Sundhara",sompal.bhurtel864@random.org
"Asif Gopal K.C","5389 Sundhara",asif.k.c865@test.com
"Sandeep Dev Bhurtel","303 Baneshwor",sandeep.bhurtel866@random.org
"Sandeep Dev K.C","5501 Gaushala",sandeep.k.c867@random.org
"Rohit Kumar Khadka","7473 Sundhara",rohit.khadka868@random.org
"Paras Dhoj Rajbanshi","9323 Ekantakuna",paras.rajbanshi869@demo.net
"Paras Kumar Khadka","681 New Road",paras.khadka870@mail.com
"Arif Kumar Rajbanshi","3136 Jawalakhel",arif.rajbanshi871@test.com
"Lalit Kumar Lamichane","9606 Jawalakhel",lalit.lamichane872@mail.com
"Sandeep Dhoj Kami","9809 Baneshwor",sandeep.kami873@random.org
"Paras Gopal Kami","5813 Tripureshwor",paras.kami874@mail.com
"Kushal Krishna Seikh","1042 Ekantakuna",kushal.seikh875@example.com
"Sandeep Krishna Kami","7441 Tinkune",sandeep.kami876@demo.net
"Paras Bir Bhurtel","1646 Gaushala",paras.bhurtel877@mail.com
"Sandeep Bir Khadka","6400 Ekantakuna",sandeep.khadka878@mail.com
"Sompal Bhagat Rajbanshi","4560 Tinkune",sompal.rajbanshi879@random.org
"Rohit Bhagat Bhandari","9438 Tinkune",rohit.bhandari880@example.com
"Lalit Bhopal Rajbanshi","2333 Jawalakhel",lalit.rajbanshi881@test.com
"Arif Krishna Bhandari","9840 Gaushala",arif.bhandari882@example.com
"Asif Dev Lamichane","3002 Tinkune",asif.lamichane883@example.com
"Asif Bahadur Bhurtel","4714 Jawalakhel",asif.bhurtel884@example.com
"Arif Kumar Paudel","6002 New Road",arif.paudel885@test.com
"Arif Bhagat Lamichane","9251 Tripureshwor",arif.lamichane886@mail.com
"Binod Bir Lamichane","4233 Ratnapark",binod.lamichane887@example.com
"Sompal Bhagat Lamichane","1547 Tripureshwor",sompal.lamichane888@demo.net
"Lalit Dhoj Khadka","3831 Ekantakuna",lalit.khadka889@random.org
"Rohit Lal Kami","3261 Tinkune",rohit.kami890@random.org
"Lalit Kumar Kami","568 Sundhara",lalit.kami891@mail.com
"Arif Dev Lamichane","5849 Ratnapark",arif.lamichane892@test.com
"Karan Kumar Khadka","3314 Ratnapark",karan.khadka893@example.com
"Sompal Dev Bhurtel","884 Ekantakuna",sompal.bhurtel894@test.com
"Sandeep Bhagat Kami","9892 Ratnapark",sandeep.kami895@mail.com
"Paras Bir Bhandari","8089 Ratnapark",paras.bhandari896@random.org
"Rohit Kumar Khadka","875 Chabel",rohit.khadka897@test.com
"Asif Dhoj K.C","8005 Tripureshwor",asif.k.c898@example.com
"Lalit Lal K.C","7465 Gaushala",lalit.k.c899@random.org
"Karan Bir Malla","1638 Tinkune",karan.malla900@test.com
"Rohit Bhopal Bhandari","9345 Jawalakhel",rohit.bhandari901@example.com
"Sandeep Dhoj Paudel","3894 Chabel",sandeep.paudel902@test.com
"Rohit Lal Bhandari","8053 Jawalakhel",rohit.bhandari903@random.org
"Asif Dhoj Kami","6407 New Road",asif.kami904@example.com
"Binod Kumar Bhandari","9756 Gaushala",binod.bhandari905@random.org
"Sompal Bhopal K.C","3465 Tinkune",sompal.k.c906@random.org
"Arif Lal Seikh","6008 New Road",arif.seikh907@test.com
"Lalit Dhoj Seikh","9650 Chabel",lalit.seikh908@demo.net
"Binod Krishna Malla","1899 Ekantakuna",binod.malla909@demo.net
"Rohit Dhoj Seikh","6409 Chabel",rohit.seikh910@mail.com
"Binod Krishna Paudel","4257 Baneshwor",binod.paudel911@example.com
"Sandeep Bir K.C","1312 Ratnapark",sandeep.k.c912@mail.com
"Arif Dev Kami","8524 Jawalakhel",arif.kami913@test.com
"Asif Bhagat Bhurtel","2531 Ekantakuna",asif.bhurtel914@random.org
"Paras Bahadur Paudel","1240 Ratnapark",paras.paudel915@demo.net
"Sompal Bahadur Khadka","6987 Ekantakuna",sompal.khadka916@random.org
"Sompal Dhoj Khadka","2293 Ratnapark",sompal.khadka917@mail.com
"Paras Gopal Lamichane","4920 Sundhara",paras.lamichane918@demo.net
"Sompal Bhopal Lamichane","382 Baneshwor",sompal.lamichane919@example.com
"Binod Gopal Bhandari","6077 Tripureshwor",binod.bhandari920@mail.com
"Arif Krishna Paudel","8155 Gaushala",arif.paudel921@random.org
"Sompal Dev K.C","9923 Gaushala",sompal.k.c922@test.com
"Rohit Kumar Seikh","1984 Tinkune",rohit.seikh923@mail.com
"Kushal Dev Malla","4912 Jawalakhel",kushal.malla924@test.com
"Binod Gopal Bhandari","3588 Ekantakuna",binod.bhandari925@demo.net
"Paras Krishna Rajbanshi","3510 Jawalakhel",paras.rajbanshi926@random.org
"Binod Krishna Paudel","4381 Baneshwor",binod.paudel927@demo.net
"Asif Dev Lamichane","6595 New Road",asif.lamichane928@mail.com
"Paras Bhopal Rajbanshi","8066 Gaushala",paras.rajbanshi929@demo.net
"Arif Lal Lamichane","7603 Ratnapark",arif.lamichane930@test.com
"Karan Dev K.C","5004 Tripureshwor",karan.k.c931@random.org
"Sompal Dev Lamichane","2191 Sundhara",sompal.lamichane932@random.org
"Rohit Krishna Seikh","7261 Chabel",rohit.seikh933@test.com
"Rohit Gopal Seikh","989 Jawalakhel",rohit.seikh934@mail.com
"Karan Bahadur Seikh","2537 Gaushala",karan.seikh935@mail.com
"Asif Dev Bhurtel","2550 Chabel",asif.bhurtel936@test.com
"Binod Dev Lamichane","8117 Tripureshwor",binod.lamichane937@example.com
"Sandeep Kumar Kami","5211 New Road",sandeep.kami938@demo.net
"Lalit Kumar Paudel","1440 Tripureshwor",lalit.paudel939@example.com
"Sompal Dev Paudel","7776 Ekantakuna",sompal.paudel940@random.org
"Sompal Lal Kami","1463 New Road",sompal.kami941@example.com
"Rohit Krishna Kami","938 Tripureshwor",rohit.kami942@test.com
"Arif Bir Khadka","7281 Tinkune",arif.khadka943@demo.net
"Paras Krishna Kami","1651 Ekantakuna",paras.kami944@mail.com
"Binod Krishna Khadka","3245 Tripureshwor",binod.khadka945@example.com
"Asif Kumar Paudel","3999 Jawalakhel",asif.paudel946@mail.com
"Arif Lal Bhandari","6934 New Road",arif.bhandari947@mail.com
"Kushal Bahadur K.C","249 Jawalakhel",kushal.k.c948@mail.com
"Karan Dev Bhurtel","6412 Baneshwor",karan.bhurtel949@demo.net
"Karan Kumar Rajbanshi","570 Ratnapark",karan.rajbanshi950@demo.net
"Karan Bhopal Khadka","5494 Baneshwor",karan.khadka951@random.org
"Rohit Bahadur Khadka","5897 Ekantakuna",rohit.khadka952@demo.net
"Kushal Lal Bhandari","5836 Ratnapark",kushal.bhandari953@demo.net
"Lalit Kumar Seikh","6542 Tinkune",lalit.seikh954@demo.net
"Rohit Bir Bhandari","6973 Gaushala",rohit.bhandari955@mail.com
"Paras Krishna Malla","5312 Ratnapark",paras.malla956@mail.com
"Kushal Krishna Bhurtel","4955 Tinkune",kushal.bhurtel957@test.com
"Arif Krishna Lamichane","6641 Baneshwor",arif.lamichane958@demo.net
"Sompal Krishna K.C","4230 Ekantakuna",sompal.k.c959@test.com
"Lalit Bahadur K.C","2303 Tinkune",lalit.k.c960@example.com
"Arif Lal K.C","1976 Tinkune",arif.k.c961@demo.net
"Sandeep Bhagat Lamichane","8638 Tinkune",sandeep.lamichane962@random.org
"Paras Krishna K.C","4951 Ratnapark",paras.k.c963@mail.com
"Kushal Bahadur Bhurtel","2301 New Road",kushal.bhurtel964@demo.net
"Rohit Bir Bhandari","2001 Gaushala",rohit.bhandari965@demo.net
"Karan Dev Lamichane","2445 Ekantakuna",karan.lamichane966@random.org
"Rohit Bahadur K.C","1018 Tinkune",rohit.k.c967@mail.com
"Sandeep Lal Bhandari","4338 Sundhara",sandeep.bhandari968@mail.com
"Karan Bhopal Lamichane","3674 Chabel",karan.lamichane969@mail.com
"Sompal Krishna Paudel","8065 Ratnapark",sompal.paudel970@example.com
"Paras Dhoj K.C","6998 Gaushala",paras.k.c971@demo.net
"Rohit Bir Khadka","8360 Tinkune",rohit.khadka972@random.org
"Paras Bhagat Khadka","1278 Chabel",paras.khadka973@example.com
"Sandeep Krishna Bhurtel","3337 Tripureshwor",sandeep.bhurtel974@example.com
"Rohit Lal Paudel","8743 Tripureshwor",rohit.paudel975@demo.net
"Lalit Bir K.C","9537 Baneshwor",lalit.k.c976@mail.com
"Asif Bhagat K.C","1567 Baneshwor",asif.k.c977@test.com
"Kushal Kumar Paudel","927 Baneshwor",kushal.paudel978@test.com
"Sandeep Dev K.C","3192 Tripureshwor",sandeep.k.c979@random.org
"Asif Bhagat Paudel","6665 Tinkune",asif.paudel980@random.org
"Kushal Lal Seikh","4872 Tinkune",kushal.seikh981@test.com
"Lalit Kumar Malla","9336 Ekantakuna",lalit.malla982@random.org
"Asif Dev Rajbanshi","8236 Ratnapark",asif.rajbanshi983@test.com
"Kushal Bir Malla","2802 Sundhara",kushal.malla984@mail.com
"Rohit Bahadur Bhandari","9548 Ekantakuna",rohit.bhandari985@test.com
"Lalit Bhagat Bhurtel","9618 Jawalakhel",lalit.bhurtel986@test.com
"Binod Kumar Kami","2392 Tinkune",binod.kami987@demo.net
"Arif Kumar Rajbanshi","9553 Tripureshwor",arif.rajbanshi988@example.com
"Sandeep Kumar Seikh","8039 New Road",sandeep.seikh989@demo.net
"Rohit Bhagat K.C","629 Jawalakhel",rohit.k.c990@demo.net
"Kushal Bahadur Bhandari","5717 New Road",kushal.bhandari991@test.com
"Rohit Dhoj Malla","5585 Baneshwor",rohit.malla992@mail.com
"Lalit Dev Lamichane","9008 Baneshwor",lalit.lamichane993@mail.com
"Binod Bir Lamichane","1665 Tinkune",binod.lamichane994@test.com
"Asif Kumar Seikh","1041 Ekantakuna",asif.seikh995@example.com
"Arif Kumar Kami","261 Tripureshwor",arif.kami996@demo.net
"Karan Krishna Bhandari","394 Jawalakhel",karan.bhandari997@test.com
"Binod Bhagat Rajbanshi","6961 Gaushala",binod.rajbanshi998@mail.com
"Kushal Bahadur Paudel","3138 Ratnapark",kushal.paudel999@test.com
"Rohit Lal Khadka","7483 Ratnapark",rohit.khadka1000@mail.com
"Asif Dhoj Bhurtel","2822 New Road",asif.bhurtel1001@random.org
"Rohit Gopal Rajbanshi","2836 Jawalakhel",rohit.rajbanshi1002@demo.net
"Sompal Gopal Bhurtel","2722 Tripureshwor",sompal.bhurtel1003@random.org
"Sompal Kumar Malla","8006 New Road",sompal.malla1004@demo.net
"Rohit Dev Khadka","1400 Sundhara",rohit.khadka1005@demo.net
"Paras Bhagat Kami","4642 Tripureshwor",paras.kami1006@test.com
"Sandeep Dev Rajbanshi","9117 Tinkune",sandeep.rajbanshi1007@demo.net
"Kushal Kumar Khadka","2343 Tripureshwor",kushal.khadka1008@demo.net
"Kushal Bir Kami","2587 New Road",kushal.kami1009@test.com
"Karan Bir Malla","5195 Sundhara",karan.malla1010@example.com
"Binod Kumar Kami","7309 Baneshwor",binod.kami1011@example.com
"Kushal Bir Malla","1895 Chabel",kushal.malla1012@test.com
"Asif Lal Lamichane","7532 Jawalakhel",asif.lamichane1013@test.com
"Rohit Kumar Khadka","971 Tripureshwor",rohit.khadka1014@random.org
"Paras Bahadur Bhurtel","6919 New Road",paras.bhurtel1015@test.com
"Sompal Gopal Kami","348 Gaushala",sompal.kami1016@test.com
"Asif Bahadur Seikh","966 Jawalakhel",asif.seikh1017@demo.net
"Rohit Kumar Kami","1936 Jawalakhel",rohit.kami1018@mail.com
"Lalit Bhagat Bhandari","6458 Tripureshwor",lalit.bhandari1019@test.com
"Kushal Kumar Seikh","9404 New Road",kushal.seikh1020@demo.net
"Lalit Gopal Seikh","2705 Tripureshwor",lalit.seikh1021@example.com
"Binod Krishna Khadka","2171 Ratnapark",binod.khadka1022@random.org
"Karan Bahadur Khadka","3272 Jawalakhel",karan.khadka1023@test.com
"Arif Bahadur Seikh","6250 Jawalakhel",arif.seikh1024@random.org
"Karan Lal Paudel","8609 Chabel",karan.paudel1025@mail.com
"Binod Bhagat Rajbanshi","8747 Sundhara",binod.rajbanshi1026@example.com
"Binod Kumar K.C","2925 Baneshwor",binod.k.c1027@demo.net
"Karan Bahadur Bhandari","9491 Jawalakhel",karan.bhandari1028@test.com
"Lalit Bir Bhandari","5728 Sundhara",lalit.bhandari1029@example.com
"Lalit Dev Bhandari","2868 Gaushala",lalit.bhandari1030@demo.net
"Paras Bir Paudel","8623 Baneshwor",paras.paudel1031@demo.net
"Sompal Bahadur Bhurtel","842 Baneshwor",sompal.bhurtel1032@example.com
"Arif Gopal Seikh","9412 Tinkune",arif.seikh1033@demo.net
"Sandeep Bahadur Seikh","4919 Tripureshwor",sandeep.seikh1034@random.org
"Karan Kumar Rajbanshi","2837 New Road",karan.rajbanshi1035@test.com
"Sompal Bir Kami","863 Ratnapark",sompal.kami1036@example.com
"Binod Bhopal Khadka","6877 Sundhara",binod.khadka1037@test.com
"Lalit Dev Malla","3528 New Road",lalit.malla1038@test.com
"Lalit Krishna Bhurtel","3277 New Road",lalit.bhurtel1039@demo.net
"Lalit Bahadur Bhandari","4469 Ratnapark",lalit.bhandari1040@mail.com
"Sandeep Bir Kami","4292 Ratnapark",sandeep.kami1041@example.com
"Kushal Gopal Bhandari","3321 New Road",kushal.bhandari1042@example.com
"Arif Kumar Bhurtel","3011 New Road",arif.bhurtel1043@random.org
"Paras Kumar Seikh","9051 New Road",paras.seikh1044@example.com
"Karan Bir Bhandari","9294 Ratnapark",karan.bhandari1045@example.com
"Sompal Dev K.C","938 Chabel",sompal.k.c1046@demo.net
"Arif Bahadur Bhandari","2040 Gaushala",arif.bhandari1047@mail.com
"Asif Bir Malla","1429 Gaushala",asif.malla1048@example.com
"Arif Bir Kami","6216 Baneshwor",arif.kami1049@example.com
"Sompal Bhopal Paudel","1670 Baneshwor",sompal.paudel1050@mail.com
"Sandeep Bir Bhandari","5197 Sundhara",sandeep.bhandari1051@mail.com
"Sandeep Bahadur Seikh","7925 Tinkune",sandeep.seikh1052@demo.net
"Asif Bahadur Seikh","6889 Sundhara",asif.seikh1053@demo.net
"Kushal Bhopal Bhandari","8438 Ratnapark",kushal.bhandari1054@example.com
"Lalit Bir Bhurtel","5257 Sundhara",lalit.bhurtel1055@example.com
"Binod Dhoj Rajbanshi","187 New Road",binod.rajbanshi1056@example.com
"Karan Bhagat K.C","3894 Tripureshwor",karan.k.c1057@random.org
"Paras Gopal Kami","8757 Jawalakhel",paras.kami1058@example.com
"Sandeep Lal Kami","2248 Chabel",sandeep.kami1059@example.com
"Asif Gopal Malla","7224 Sundhara",asif.malla1060@test.com
"Asif Kumar Bhurtel","4443 Chabel",asif.bhurtel1061@random.org
"Lalit Gopal Bhandari","747 Ratnapark",lalit.bhandari1062@random.org
"Rohit Dev Paudel","9038 Ekantakuna",rohit.paudel1063@test.com
"Lalit Krishna Lamichane","1425 Chabel",lalit.lamichane1064@mail.com
"Sompal Lal Khadka","5194 Chabel",sompal.khadka1065@test.com
"Sandeep Bahadur Rajbanshi","8455 Jawalakhel",sandeep.rajbanshi1066@example.com
"Karan Krishna Rajbanshi","3233 Chabel",karan.rajbanshi1067@mail.com
"Asif Bhagat Lamichane","2995 Chabel",asif.lamichane1068@demo.net
"Sandeep Lal Rajbanshi","1952 Sundhara",sandeep.rajbanshi1069@random.org
"Karan Bahadur Malla","7744 Jawalakhel",karan.malla1070@test.com
"Sompal Krishna Rajbanshi","9555 Ekantakuna",sompal.rajbanshi1071@mail.com
"Kushal Bhagat Bhandari","7608 Tripureshwor",kushal.bhandari1072@example.com
"Asif Kumar Kami","6289 Tinkune",asif.kami1073@mail.com
"Sompal Dev Seikh","750 Gaushala",sompal.seikh1074@test.com
"Sompal Bhopal Kami","5973 New Road",sompal.kami1075@random.org
"Paras Dev Bhandari","273 New Road",paras.bhandari1076@test.com
"Karan Gopal Seikh","5405 Baneshwor",karan.seikh1077@test.com
"Kushal Bir Seikh","4638 Chabel",kushal.seikh1078@mail.com
"Sompal Krishna Seikh","7854 Baneshwor",sompal.seikh1079@example.com
"Paras Bahadur K.C","2982 New Road",paras.k.c1080@mail.com
"Lalit Bir Bhurtel","8698 Tinkune",lalit.bhurtel1081@example.com
"Sompal Bahadur Rajbanshi","5265 Ratnapark",sompal.rajbanshi1082@test.com
"Rohit Krishna Lamichane","9414 Tripureshwor",rohit.lamichane1083@mail.com
"Lalit Bhopal Malla","9878 Baneshwor",lalit.malla1084@random.org
"Asif Kumar Paudel","9235 Tripureshwor",asif.paudel1085@mail.com
"Arif Dhoj Seikh","6938 Sundhara",arif.seikh1086@example.com
"Binod Bhopal K.C","2076 Ratnapark",binod.k.c1087@demo.net
"Paras Lal Rajbanshi","9263 Jawalakhel",paras.rajbanshi1088@demo.net
"Sompal Lal Paudel","3915 Ekantakuna",sompal.paudel1089@test.com
"Sandeep Krishna Malla","7328 Tripureshwor",sandeep.malla1090@demo.net
"Rohit Dev Bhurtel","2858 Baneshwor",rohit.bhurtel1091@test.com
"Rohit Lal Seikh","2102 Sundhara",rohit.seikh1092@example.com
"Sompal Gopal Kami","3868 Sundhara",sompal.kami1093@test.com
"Lalit Krishna Bhurtel","7176 Chabel",lalit.bhurtel1094@test.com
"Kushal Dev Bhurtel","9644 Chabel",kushal.bhurtel1095@demo.net
"Binod Lal Bhandari","2351 Ratnapark",binod.bhandari1096@demo.net
"Kushal Krishna Rajbanshi","8397 Tinkune",kushal.rajbanshi1097@mail.com
"Kushal Bahadur Rajbanshi","4079 Chabel",kushal.rajbanshi1098@mail.com
"Lalit Bir Bhandari","9745 Ratnapark",lalit.bhandari1099@random.org
"Karan Bahadur Lamichane","1856 Sundhara",karan.lamichane1100@demo.net
"Sompal Lal Malla","5089 Baneshwor",sompal.malla1101@random.org
"Sandeep Lal Paudel","6357 Ekantakuna",sandeep.paudel1102@demo.net
"Paras Dev K.C","2988 Gaushala",paras.k.c1103@demo.net
"Arif Krishna Seikh","5435 Chabel",arif.seikh1104@random.org
"Karan Bir Bhurtel","598 Gaushala",karan.bhurtel1105@test.com
"Kushal Lal Lamichane","1061 Tripureshwor",kushal.lamichane1106@random.org
"Arif Dev Seikh","3096 Ekantakuna",arif.seikh1107@example.com
"Paras Gopal Kami","8533 Ekantakuna",paras.kami1108@example.com
"Sompal Dhoj Rajbanshi","2791 Jawalakhel",sompal.rajbanshi1109@demo.net
"Karan Bir Seikh","3863 New Road",karan.seikh1110@mail.com
"Lalit Dev Malla","2840 Chabel",lalit.malla1111@mail.com
"Kushal Bir Rajbanshi","6932 New Road",kushal.rajbanshi1112@mail.com
"Karan Lal K.C","6970 Ratnapark",karan.k.c1113@test.com
"Sompal Gopal Lamichane","9190 Gaushala",sompal.lamichane1114@test.com
"Karan Gopal Kami","3674 Tinkune",karan.kami1115@test.com
"Karan Gopal Malla","2545 Tripureshwor",karan.malla1116@test.com
"Sandeep Bahadur Paudel","5349 Ekantakuna",sandeep.paudel1117@test.com
"Sompal Dhoj Malla","8803 Sundhara",sompal.malla1118@test.com
"Arif Kumar Bhandari","6802 Jawalakhel",arif.bhandari1119@random.org
"Sandeep Dev Seikh","4464 Chabel",sandeep.seikh1120@example.com
"Lalit Bhagat Kami","6707 Chabel",lalit.kami1121@mail.com
"Kushal Gopal Malla","4689 Sundhara",kushal.malla1122@random.org
"Arif Bahadur Bhurtel","5751 Sundhara",arif.bhurtel1123@test.com
"Karan Bahadur Khadka","8238 Chabel",karan.khadka1124@mail.com
"Kushal Dev Bhandari","1609 Tripureshwor",kushal.bhandari1125@test.com
"Lalit Dhoj Kami","1443 Tripureshwor",lalit.kami1126@example.com
"Arif Lal K.C","642 Ekantakuna",arif.k.c1127@mail.com
"Kushal Gopal Bhurtel","3551 Sundhara",kushal.bhurtel1128@demo.net
"Lalit Bhagat Kami","8578 Sundhara",lalit.kami1129@mail.com
"Asif Bahadur Lamichane","5573 New Road",asif.lamichane1130@example.com
"Paras Bhagat Kami","3862 Tinkune",paras.kami1131@example.com
"Lalit Gopal Bhurtel","3135 Ratnapark",lalit.bhurtel1132@example.com
"Arif Bhopal Bhandari","6349 Jawalakhel",arif.bhandari1133@mail.com
"Asif Bhopal K.C","8197 Jawalakhel",asif.k.c1134@example.com
"Asif Kumar Malla","8060 New Road",asif.malla1135@mail.com
"Sompal Dhoj Paudel","4948 Ratnapark",sompal.paudel1136@test.com
"Asif Krishna Bhurtel","306 Tinkune",asif.bhurtel1137@demo.net
"Asif Dev Khadka","903 Jawalakhel",asif.khadka1138@mail.com
"Sompal Bhopal Seikh","670 Tinkune",sompal.seikh1139@demo.net
"Sompal Bir Paudel","932 Tinkune",sompal.paudel1140@example.com
"Sandeep Bhopal Rajbanshi","9266 Sundhara",sandeep.rajbanshi1141@demo.net
"Karan Gopal Seikh","4189 Tinkune",karan.seikh1142@mail.com
"Paras Kumar K.C","2042 Ratnapark",paras.k.c1143@mail.com
"Sompal Bhagat Bhurtel","2935 Jawalakhel",sompal.bhurtel1144@random.org
"Lalit Bhopal Kami","8723 Baneshwor",lalit.kami1145@example.com
"Rohit Dhoj Lamichane","5553 Sundhara",rohit.lamichane1146@test.com
"Rohit Lal Paudel","410 Gaushala",rohit.paudel1147@demo.net
"Arif Lal Lamichane","1134 Baneshwor",arif.lamichane1148@demo.net
"Paras Kumar Khadka","7151 Chabel",paras.khadka1149@random.org
"Binod Gopal Lamichane","3748 Tripureshwor",binod.lamichane1150@example.com
"Lalit Bhagat Rajbanshi","2633 Jawalakhel",lalit.rajbanshi1151@random.org
"Sandeep Gopal Bhandari","6614 Jawalakhel",sandeep.bhandari1152@test.com
"Rohit Bir Bhurtel","469 Ratnapark",rohit.bhurtel1153@test.com
"Binod Dev K.C","4690 Tripureshwor",binod.k.c1154@demo.net
"Kushal Bhopal Seikh","7286 Sundhara",kushal.seikh1155@test.com
"Lalit Bir Bhandari","3399 Tinkune",lalit.bhandari1156@random.org
"Sandeep Lal Bhandari","8178 Ekantakuna",sandeep.bhandari1157@demo.net
"Arif Kumar Lamichane","7192 Jawalakhel",arif.lamichane1158@test.com
"Sandeep Lal Seikh","7678 Ekantakuna",sandeep.seikh1159@test.com
"Lalit Bhopal Bhandari","7213 New Road",lalit.bhandari1160@mail.com
"Karan Lal Bhurtel","8589 Gaushala",karan.bhurtel1161@random.org
"Binod Bahadur Seikh","5675 Chabel",binod.seikh1162@demo.net
"Paras Bhagat Paudel","878 Baneshwor",paras.paudel1163@test.com
"Sompal Lal Seikh","887 Jawalakhel",sompal.seikh1164@mail.com
"Sompal Lal Malla","4563 Ratnapark",sompal.malla1165@test.com
"Sompal Bhopal Rajbanshi","8000 Gaushala",sompal.rajbanshi1166@demo.net
"Asif Kumar Bhurtel","5109 Ratnapark",asif.bhurtel1167@random.org
"Binod Bahadur Kami","7857 Ratnapark",binod.kami1168@example.com
"Karan Gopal Seikh","3801 Ekantakuna",karan.seikh1169@random.org
"Asif Dhoj K.C","4853 New Road",asif.k.c1170@mail.com
"Binod Bahadur Malla","5450 Gaushala",binod.malla1171@test.com
"Sandeep Bhagat Khadka","991 New Road",sandeep.khadka1172@random.org
"Sandeep Krishna Bhandari","2473 Tripureshwor",sandeep.bhandari1173@mail.com
"Rohit Bhagat Bhandari","1986 Ekantakuna",rohit.bhandari1174@example.com
"Rohit Bhagat Kami","4500 New Road",rohit.kami1175@test.com
"Kushal Bhagat Seikh","3615 Sundhara",kushal.seikh1176@mail.com
"Paras Bhopal Seikh","4902 Gaushala",paras.seikh1177@example.com
"Sandeep Bir Bhandari","394 Ekantakuna",sandeep.bhandari1178@test.com
"Kushal Lal Khadka","5583 Tinkune",kushal.khadka1179@mail.com
"Arif Krishna Bhandari","6196 Sundhara",arif.bhandari1180@example.com
"Asif Bir Khadka","8025 Gaushala",asif.khadka1181@example.com
"Paras Bir Lamichane","4295 Baneshwor",paras.lamichane1182@demo.net
"Arif Bahadur Malla","3906 Sundhara",arif.malla1183@demo.net
"Paras Dev K.C","6039 Jawalakhel",paras.k.c1184@random.org
"Lalit Bir K.C","262 Baneshwor",lalit.k.c1185@demo.net
"Kushal Kumar Rajbanshi","679 Ratnapark",kushal.rajbanshi1186@mail.com
"Arif Krishna Paudel","4511 Ratnapark",arif.paudel1187@demo.net
"Kushal Krishna Bhandari","6231 Chabel",kushal.bhandari1188@random.org
"Lalit Kumar Kami","9345 Ekantakuna",lalit.kami1189@test.com
"Binod Kumar Bhandari","7829 Ratnapark",binod.bhandari1190@random.org
"Rohit Bahadur Kami","9700 Sundhara",rohit.kami1191@mail.com
"Karan Kumar Malla","6373 Baneshwor",karan.malla1192@demo.net
"Paras Gopal Lamichane","7355 Ratnapark",paras.lamichane1193@test.com
"Sompal Bhopal Rajbanshi","2362 Jawalakhel",sompal.rajbanshi1194@demo.net
"Arif Kumar Paudel","3533 New Road",arif.paudel1195@test.com
"Sompal Gopal Lamichane","2991 Tinkune",sompal.lamichane1196@example.com
"Asif Krishna Rajbanshi","9670 Tripureshwor",asif.rajbanshi1197@mail.com
"Paras Bhagat Malla","7269 Jawalakhel",paras.malla1198@example.com
"Sompal Dev Bhandari","5296 New Road",sompal.bhandari1199@example.com
"Karan Krishna K.C","3120 Gaushala",karan.k.c1200@demo.net
"Asif Bahadur Lamichane","2483 New Road",asif.lamichane1201@mail.com
"Paras Dhoj Lamichane","339 Sundhara",paras.lamichane1202@mail.com
"Sandeep Bahadur Paudel","2867 Baneshwor",sandeep.paudel1203@demo.net
"Asif Krishna Paudel","4704 Jawalakhel",asif.paudel1204@demo.net
"Asif Krishna Rajbanshi","1526 Tripureshwor",asif.rajbanshi1205@example.com
"Lalit Bir Khadka","312 Baneshwor",lalit.khadka1206@test.com
"Paras Gopal Malla","395 Tinkune",paras.malla1207@test.com
"Sompal Bhagat K.C","7727 Ratnapark",sompal.k.c1208@test.com
"Arif Gopal K.C","1398 Ratnapark",arif.k.c1209@demo.net
"Sandeep Dev K.C","3475 Tripureshwor",sandeep.k.c1210@mail.com
"Kushal Gopal Malla","6716 Tinkune",kushal.malla1211@mail.com
"Karan Bhopal Rajbanshi","9522 Ratnapark",karan.rajbanshi1212@demo.net
"Arif Bhagat K.C","3601 Tripureshwor",arif.k.c1213@mail.com
"Lalit Dev Kami","9203 Sundhara",lalit.kami1214@demo.net
"Asif Dev Paudel","9806 Baneshwor",asif.paudel1215@mail.com
"Binod Bir Seikh","2555 Baneshwor",binod.seikh1216@example.com
"Arif Krishna Lamichane","6511 Chabel",arif.lamichane1217@random.org
"Asif Kumar Kami","7102 Chabel",asif.kami1218@mail.com
"Binod Lal Malla","6478 Gaushala",binod.malla1219@demo.net
"Rohit Bhopal Khadka","7808 Gaushala",rohit.khadka1220@demo.net
"Lalit Gopal Lamichane","3982 New Road",lalit.lamichane1221@random.org
"Sompal Dhoj Bhandari","492 Tinkune",sompal.bhandari1222@demo.net
"Sandeep Dhoj Seikh","9643 Tinkune",sandeep.seikh1223@test.com
"Sompal Dev Malla","6087 Tripureshwor",sompal.malla1224@demo.net
"Binod Dhoj Bhandari","9829 Sundhara",binod.bhandari1225@mail.com
"Sompal Krishna Seikh","2607 Tripureshwor",sompal.seikh1226@test.com
"Binod Bhopal Kami","8176 Ratnapark",binod.kami1227@random.org
"Karan Dev Seikh","6397 Baneshwor",karan.seikh1228@mail.com
"Lalit Gopal Rajbanshi","7983 Tripureshwor",lalit.rajbanshi1229@test.com
"Karan Krishna Bhandari","1006 Ratnapark",karan.bhandari1230@example.com
"Asif Krishna Rajbanshi","7993 Tinkune",asif.rajbanshi1231@random.org
"Asif Bahadur Seikh","6119 Tripureshwor",asif.seikh1232@example.com
"Sandeep Krishna Khadka","4612 Baneshwor",sandeep.khadka1233@demo.net
"Kushal Bhagat Paudel","7510 Sundhara",kushal.paudel1234@demo.net
"Arif Lal Khadka","5579 Gaushala",arif.khadka1235@demo.net
"Binod Bhagat Seikh","6803 Tripureshwor",binod.seikh1236@example.com
"Kushal Lal Khadka","7358 New Road",kushal.khadka1237@example.com
"Paras Dhoj Bhurtel","9110 New Road",paras.bhurtel1238@example.com
"Arif Lal Malla","4739 Chabel",arif.malla1239@mail.com
"Sandeep Gopal Paudel","3930 Sundhara",sandeep.paudel1240@example.com
"Binod Kumar K.C","6786 Baneshwor",binod.k.c1241@random.org
"Paras Bahadur Bhurtel","5664 Ratnapark",paras.bhurtel1242@random.org
"Karan Bhopal K.C","4369 Jawalakhel",karan.k.c1243@demo.net
"Sandeep Dev Bhandari","8415 New Road",sandeep.bhandari1244@demo.net
"Kushal Dev Bhurtel","3031 Ratnapark",kushal.bhurtel1245@mail.com
"Arif Gopal K.C","3443 Chabel",arif.k.c1246@demo.net
"Asif Krishna Lamichane","4165 Ratnapark",asif.lamichane1247@demo.net
"Sandeep Bhopal Khadka","4621 Sundhara",sandeep.khadka1248@mail.com
"Karan Gopal Kami","8656 Sundhara",karan.kami1249@demo.net
"Asif Bahadur Malla","9716 Tripureshwor",asif.malla1250@mail.com
"Asif Krishna K.C","6028 Tripureshwor",asif.k.c1251@demo.net
"Sompal Krishna Malla","1799 Chabel",sompal.malla1252@demo.net
"Asif Lal Malla","3826 Gaushala",asif.malla1253@example.com
"Karan Bahadur Bhurtel","2179 Baneshwor",karan.bhurtel1254@mail.com
"Paras Kumar Seikh","7929 Sundhara",paras.seikh1255@demo.net
"Binod Bhagat Bhandari","7925 Ratnapark",binod.bhandari1256@test.com
"Binod Bhagat Khadka","4719 Ratnapark",binod.khadka1257@test.com
"Arif Bir Bhurtel","8657 Chabel",arif.bhurtel1258@test.com
"Lalit Lal Malla","8308 New Road",lalit.malla1259@test.com
"Karan Dhoj Bhandari","8699 Baneshwor",karan.bhandari1260@test.com
"Karan Bhagat Lamichane","8450 Ratnapark",karan.lamichane1261@test.com
"Rohit Gopal Malla","6773 New Road",rohit.malla1262@demo.net
"Lalit Bir Lamichane","9361 Jawalakhel",lalit.lamichane1263@mail.com
"Sompal Kumar Khadka","7315 New Road",sompal.khadka1264@test.com
"Arif Dev Bhandari","2789 Jawalakhel",arif.bhandari1265@random.org
"Lalit Krishna Khadka","2587 Tripureshwor",lalit.khadka1266@random.org
"Sandeep Bhopal Malla","5388 Ekantakuna",sandeep.malla1267@demo.net
"Kushal Gopal Paudel","5469 Tripureshwor",kushal.paudel1268@demo.net
"Sandeep Bir Bhandari","6456 New Road",sandeep.bhandari1269@random.org
"Sandeep Bahadur Rajbanshi","6355 Ekantakuna",sandeep.rajbanshi1270@mail.com
"Sompal Bahadur Khadka","410 Baneshwor",sompal.khadka1271@demo.net
"Rohit Lal K.C","6968 Tinkune",rohit.k.c1272@demo.net
"Kushal Gopal Bhandari","1294 Chabel",kushal.bhandari1273@mail.com
"Karan Krishna Khadka","1178 Ratnapark",karan.khadka1274@demo.net
"Karan Kumar Malla","7511 Chabel",karan.malla1275@test.com
"Paras Dhoj Malla","2001 Ratnapark",paras.malla1276@random.org
"Lalit Bir Seikh","7517 Ratnapark",lalit.seikh1277@random.org
"Karan Bhopal Kami","6600 Chabel",karan.kami1278@test.com
"Karan Kumar Bhurtel","8385 Chabel",karan.bhurtel1279@example.com
"Arif Gopal Seikh","4798 Chabel",arif.seikh1280@test.com
"Asif Gopal Lamichane","757 Baneshwor",asif.lamichane1281@mail.com
"Sandeep Gopal Bhurtel","4227 Sundhara",sandeep.bhurtel1282@random.org
"Kushal Kumar Paudel","2574 Tinkune",kushal.paudel1283@example.com
"Binod Bir Kami","4099 New Road",binod.kami1284@mail.com
"Rohit Kumar Kami","8773 Chabel",rohit.kami1285@example.com
"Sompal Kumar Malla","8757 Jawalakhel",sompal.malla1286@demo.net
"Arif Kumar Paudel","8616 Chabel",arif.paudel1287@mail.com
"Asif Bir Seikh","2053 Chabel",asif.seikh1288@demo.net
"Asif Bahadur Paudel","1912 Tinkune",asif.paudel1289@example.com
"Kushal Bhopal Bhandari","7142 Tinkune",kushal.bhandari1290@test.com
"Binod Dhoj Malla","6794 Tinkune",binod.malla1291@random.org
"Karan Lal Rajbanshi","5023 Tinkune",karan.rajbanshi1292@demo.net
"Binod Dev Kami","9712 Ratnapark",binod.kami1293@demo.net
"Paras Dhoj K.C","7773 Ekantakuna",paras.k.c1294@demo.net
"Paras Bhopal Malla","7920 Baneshwor",paras.malla1295@random.org
"Kushal Kumar Paudel","2805 Gaushala",kushal.paudel1296@demo.net
"Asif Bhagat Lamichane","1198 Gaushala",asif.lamichane1297@random.org
"Rohit Bahadur K.C","2619 Ekantakuna",rohit.k.c1298@mail.com
"Binod Dev Khadka","3673 Gaushala",binod.khadka1299@demo.net
"Karan Bhopal Seikh","354 Ekantakuna",karan.seikh1300@random.org
"Kushal Gopal Bhandari","6401 Chabel",kushal.bhandari1301@test.com
"Asif Dev Kami","9186 New Road",asif.kami1302@mail.com
"Binod Bahadur Paudel","4590 Ekantakuna",binod.paudel1303@random.org
"Karan Bir Seikh","4285 Gaushala",karan.seikh1304@random.org
"Binod Bhopal Paudel","2408 Ratnapark",binod.paudel1305@demo.net
"Arif Bahadur Bhandari","510 Chabel",arif.bhandari1306@demo.net
"Arif Gopal Rajbanshi","3800 Tinkune",arif.rajbanshi1307@example.com
"Rohit Bir Bhurtel","4269 Baneshwor",rohit.bhurtel1308@example.com
"Sompal Bir Seikh","8590 Sundhara",sompal.seikh1309@example.com
"Sandeep Dhoj Bhurtel","5500 Tripureshwor",sandeep.bhurtel1310@example.com
"Paras Kumar Lamichane","8040 Sundhara",paras.lamichane1311@example.com
"Rohit Lal Lamichane","185 Tripureshwor",rohit.lamichane1312@demo.net
"Karan Bhagat Seikh","293 Gaushala",karan.seikh1313@demo.net
"Binod Kumar Khadka","5008 Ekantakuna",binod.khadka1314@random.org
"Lalit Bahadur Malla","221 New Road",lalit.malla1315@demo.net
"Karan Dev Seikh","5510 Tripureshwor",karan.seikh1316@random.org
"Rohit Krishna Lamichane","191 Chabel",rohit.lamichane1317@test.com
"Kushal Bhopal Malla","2021 New Road",kushal.malla1318@mail.com
"Binod Bahadur Rajbanshi","7455 Sundhara",binod.rajbanshi1319@test.com
"Asif Dev Rajbanshi","9722 Ratnapark",asif.rajbanshi1320@random.org
"Asif Kumar Rajbanshi","2670 Jawalakhel",asif.rajbanshi1321@random.org
"Paras Lal Seikh","8229 Tinkune",paras.seikh1322@test.com
"Binod Dev K.C","6245 Gaushala",binod.k.c1323@demo.net
"Asif Krishna Khadka","9319 Jawalakhel",asif.khadka1324@random.org
"Sompal Bir Khadka","2513 Ratnapark",sompal.khadka1325@random.org
"Kushal Dev K.C","8737 Gaushala",kushal.k.c1326@example.com
"Sompal Krishna Bhurtel","6157 Tripureshwor",sompal.bhurtel1327@test.com
"Lalit Lal Malla","5094 Ratnapark",lalit.malla1328@demo.net
"Lalit Dhoj Paudel","1919 Tripureshwor",lalit.paudel1329@test.com
"Sandeep Kumar Rajbanshi","9504 Jawalakhel",sandeep.rajbanshi1330@test.com
"Lalit Bhopal Khadka","9519 Sundhara",lalit.khadka1331@test.com
"Binod Dhoj Seikh","8480 Baneshwor",binod.seikh1332@demo.net
"Sompal Bhopal K.C","9259 Chabel",sompal.k.c1333@test.com
"Sandeep Dhoj Lamichane","4036 Tinkune",sandeep.lamichane1334@test.com
"Sompal Dhoj Malla","5516 Chabel",sompal.malla1335@test.com
"Kushal Lal Seikh","6162 Gaushala",kushal.seikh1336@demo.net
"Paras Bhagat K.C","6317 Ratnapark",paras.k.c1337@random.org
"Lalit Krishna Kami","1430 Baneshwor",lalit.kami1338@demo.net
"Kushal Bahadur Bhandari","3454 Tinkune",kushal.bhandari1339@test.com
"Paras Krishna Rajbanshi","7403 Jawalakhel",paras.rajbanshi1340@example.com
"Rohit Bhopal Paudel","1943 Tripureshwor",rohit.paudel1341@test.com
"Lalit Dhoj Bhurtel","3190 Ekantakuna",lalit.bhurtel1342@demo.net
"Rohit Krishna Malla","1132 Gaushala",rohit.malla1343@random.org
"Karan Krishna Rajbanshi","1915 New Road",karan.rajbanshi1344@example.com
"Lalit Bhopal K.C","9221 Gaushala",lalit.k.c1345@example.com
"Asif Lal Lamichane","7514 New Road",asif.lamichane1346@example.com
"Lalit Bhagat Paudel","1485 Tinkune",lalit.paudel1347@random.org
"Rohit Dev Paudel","8877 Jawalakhel",rohit.paudel1348@random.org
"Paras Lal Bhandari","2349 Baneshwor",paras.bhandari1349@test.com
"Rohit Kumar Seikh","6399 New Road",rohit.seikh1350@demo.net
"Paras Bhopal Rajbanshi","831 Baneshwor",paras.rajbanshi1351@mail.com
"Binod Bahadur Bhandari","3456 Ekantakuna",binod.bhandari1352@test.com
"Arif Bhopal Seikh","8785 Ekantakuna",arif.seikh1353@demo.net
"Binod Bir Bhurtel","5051 Ekantakuna",binod.bhurtel1354@test.com
"Sandeep Dhoj Paudel","3146 Tripureshwor",sandeep.paudel1355@mail.com
"Lalit Krishna Malla","339 Sundhara",lalit.malla1356@mail.com
"Binod Lal Kami","564 Baneshwor",binod.kami1357@example.com
"Karan Bhagat Paudel","3174 New Road",karan.paudel1358@random.org
"Paras Bhagat Malla","1464 Baneshwor",paras.malla1359@demo.net
"Arif Krishna Seikh","670 Tinkune",arif.seikh1360@mail.com
"Asif Gopal Bhurtel","4573 Sundhara",asif.bhurtel1361@test.com
"Paras Lal Malla","9382 Tripureshwor",paras.malla1362@test.com
"Lalit Dev Rajbanshi","3674 Sundhara",lalit.rajbanshi1363@example.com
"Kushal Dev K.C","3469 Tinkune",kushal.k.c1364@random.org
"Kushal Bhagat Malla","495 Jawalakhel",kushal.malla1365@mail.com
"Asif Bir Kami","294 Sundhara",asif.kami1366@random.org
"Binod Dev K.C","6149 Tripureshwor",binod.k.c1367@demo.net
"Paras Krishna Paudel","4833 Sundhara",paras.paudel1368@mail.com
"Arif Bir Bhurtel","2520 New Road",arif.bhurtel1369@mail.com
"Paras Krishna Bhandari","3179 Ratnapark",paras.bhandari1370@mail.com
"Asif Kumar Bhandari","161 Jawalakhel",asif.bhandari1371@example.com
"Karan Dev Lamichane","7428 Chabel",karan.lamichane1372@mail.com
"Kushal Bir Kami","1959 Ratnapark",kushal.kami1373@random.org
"Binod Krishna Kami","204 Baneshwor",binod.kami1374@demo.net
"Lalit Bir K.C","4618 Ratnapark",lalit.k.c1375@mail.com
"Asif Bir K.C","2350 Ekantakuna",asif.k.c1376@test.com
"Rohit Dhoj Malla","1296 Gaushala",rohit.malla1377@random.org
"Binod Krishna Lamichane","5949 New Road",binod.lamichane1378@random.org
"Arif Dev Paudel","4236 Tinkune",arif.paudel1379@demo.net
"Lalit Lal Bhandari","9485 Baneshwor",lalit.bhandari1380@example.com
"Asif Lal Khadka","3368 Sundhara",asif.khadka1381@mail.com
"Asif Bir K.C","8243 New Road",asif.k.c1382@random.org
"Karan Bhagat Rajbanshi","2441 Tinkune",karan.rajbanshi1383@mail.com
"Rohit Bhagat Khadka","6096 Tripureshwor",rohit.khadka1384@mail.com
"Paras Dhoj Seikh","3664 New Road",paras.seikh1385@example.com
"Arif Dev Khadka","1305 Tinkune",arif.khadka1386@demo.net
"Sandeep Bhagat Seikh","721 Gaushala",sandeep.seikh1387@demo.net
"Paras Bahadur Rajbanshi","7454 Chabel",paras.rajbanshi1388@demo.net
"Kushal Bhopal Khadka","9162 Baneshwor",kushal.khadka1389@example.com
"Kushal Krishna Seikh","8982 Tripureshwor",kushal.seikh1390@random.org
"Binod Bhopal Bhandari","2974 Jawalakhel",binod.bhandari1391@example.com
"Paras Dev K.C","5366 Ekantakuna",paras.k.c1392@random.org
"Asif Bhopal Bhurtel","6973 Jawalakhel",asif.bhurtel1393@example.com
"Rohit Bahadur K.C","5226 Baneshwor",rohit.k.c1394@demo.net
"Rohit Lal Kami","545 New Road",rohit.kami1395@example.com
"Asif Kumar Malla","617 Gaushala",asif.malla1396@mail.com
"Rohit Gopal Rajbanshi","3776 Jawalakhel",rohit.rajbanshi1397@test.com
"Binod Bhagat Lamichane","4829 Tripureshwor",binod.lamichane1398@random.org
"Kushal Kumar Bhandari","7373 Ratnapark",kushal.bhandari1399@example.com
"Sandeep Bhagat Paudel","7209 Baneshwor",sandeep.paudel1400@demo.net
"Karan Bahadur Kami","3151 Ekantakuna",karan.kami1401@example.com
"Asif Bahadur Malla","5362 Baneshwor",asif.malla1402@mail.com
"Rohit Kumar Rajbanshi","5377 New Road",rohit.rajbanshi1403@test.com
"Paras Lal Kami","6116 Ratnapark",paras.kami1404@random.org
"Rohit Bhagat Bhandari","7029 Ekantakuna",rohit.bhandari1405@mail.com
"Lalit Gopal Rajbanshi","5128 Ekantakuna",lalit.rajbanshi1406@mail.com
"Binod Kumar Lamichane","8770 Ekantakuna",binod.lamichane1407@test.com
"Sompal Bhopal Khadka","3730 Tripureshwor",sompal.khadka1408@demo.net
"Paras Kumar K.C","7612 Sundhara",paras.k.c1409@random.org
"Asif Gopal Malla","2967 Tinkune",asif.malla1410@mail.com
"Asif Krishna Kami","683 Gaushala",asif.kami1411@example.com
"Karan Gopal Seikh","9363 Tripureshwor",karan.seikh1412@example.com
"Karan Dev Bhurtel","6375 Jawalakhel",karan.bhurtel1413@test.com
"Asif Lal Seikh","3167 Gaushala",asif.seikh1414@mail.com
"Karan Lal K.C","8028 Tinkune",karan.k.c1415@random.org
"Karan Lal Lamichane","9061 Sundhara",karan.lamichane1416@test.com
"Binod Dhoj Lamichane","7175 Baneshwor",binod.lamichane1417@mail.com
"Karan Bir K.C","1215 Baneshwor",karan.k.c1418@mail.com
"Arif Bhagat Bhurtel","3529 Tinkune",arif.bhurtel1419@test.com
"Paras Bhopal Rajbanshi","8063 Ratnapark",paras.rajbanshi1420@random.org
"Lalit Kumar Rajbanshi","3812 Tripureshwor",lalit.rajbanshi1421@example.com
"Paras Bahadur K.C","2907 Tinkune",paras.k.c1422@random.org
"Paras Bhagat Bhandari","5270 Ratnapark",paras.bhandari1423@example.com
"Sompal Gopal Paudel","6878 Sundhara",sompal.paudel1424@random.org
"Rohit Bahadur K.C","9442 Tripureshwor",rohit.k.c1425@test.com
"Sandeep Bahadur Kami","3652 Jawalakhel",sandeep.kami1426@example.com
"Sandeep Bhagat Seikh","3691 Jawalakhel",sandeep.seikh1427@test.com
"Sompal Kumar Khadka","4729 Gaushala",sompal.khadka1428@test.com
"Asif Dhoj Bhurtel","8283 Chabel",asif.bhurtel1429@test.com
"Arif Bir Lamichane","7512 New Road",arif.lamichane1430@example.com
"Karan Bahadur Kami","5849 Tinkune",karan.kami1431@example.com
"Arif Bhagat Seikh","6794 Tinkune",arif.seikh1432@demo.net
"Lalit Bahadur Paudel","6915 Tinkune",lalit.paudel1433@demo.net
"Sompal Bahadur Bhurtel","4560 Jawalakhel",sompal.bhurtel1434@mail.com
"Sandeep Lal Lamichane","3670 Baneshwor",sandeep.lamichane1435@demo.net
"Arif Kumar Khadka","3741 New Road",arif.khadka1436@demo.net
"Karan Bhagat Paudel","674 Sundhara",karan.paudel1437@mail.com
"Kushal Bir K.C","4592 Chabel",kushal.k.c1438@random.org
"Paras Lal Rajbanshi","6261 Ekantakuna",paras.rajbanshi1439@demo.net
"Paras Bhopal Bhurtel","4674 Gaushala",paras.bhurtel1440@demo.net
"Rohit Kumar Kami","4207 Ekantakuna",rohit.kami1441@mail.com
"Rohit Dev Bhurtel","2895 Gaushala",rohit.bhurtel1442@example.com
"Paras Bahadur Kami","9990 Baneshwor",paras.kami1443@random.org
"Lalit Kumar Lamichane","6692 Chabel",lalit.lamichane1444@example.com
"Binod Bhagat K.C","6249 New Road",binod.k.c1445@demo.net
"Rohit Bahadur Malla","2455 Gaushala",rohit.malla1446@mail.com
"Karan Dev Lamichane","1907 Ekantakuna",karan.lamichane1447@example.com
"Paras Bir Seikh","7163 Tripureshwor",paras.seikh1448@example.com
"Sandeep Kumar Lamichane","4963 Sundhara",sandeep.lamichane1449@example.com
"Arif Krishna Malla","5622 Jawalakhel",arif.malla1450@random.org
"Binod Bhagat Lamichane","820 Sundhara",binod.lamichane1451@test.com
"Arif Lal Lamichane","8787 Baneshwor",arif.lamichane1452@example.com
"Binod Gopal Bhandari","7735 Jawalakhel",binod.bhandari1453@test.com
"Arif Kumar Khadka","9043 New Road",arif.khadka1454@mail.com
"Asif Gopal Malla","8778 Ratnapark",asif.malla1455@example.com
"Lalit Bir Paudel","2249 Ekantakuna",lalit.paudel1456@test.com
"Asif Lal Paudel","8954 Ekantakuna",asif.paudel1457@mail.com
"Paras Lal Kami","8676 New Road",paras.kami1458@test.com
"Rohit Bir Paudel","9779 Tripureshwor",rohit.paudel1459@example.com
"Asif Gopal Paudel","1800 Ratnapark",asif.paudel1460@mail.com
"Kushal Gopal Lamichane","8659 Ekantakuna",kushal.lamichane1461@random.org
"Lalit Lal Paudel","2341 Ekantakuna",lalit.paudel1462@mail.com
"Lalit Bahadur Bhandari","9493 Tripureshwor",lalit.bhandari1463@test.com
"Sompal Lal Paudel","8418 Jawalakhel",sompal.paudel1464@demo.net
"Paras Bahadur Bhandari","718 Ratnapark",paras.bhandari1465@demo.net
"Karan Dhoj Bhurtel","4387 Ekantakuna",karan.bhurtel1466@demo.net
"Asif Gopal K.C","4102 New Road",asif.k.c1467@random.org
"Asif Bhagat Khadka","6272 Ratnapark",asif.khadka1468@mail.com
"Sandeep Dev Seikh","3909 Gaushala",sandeep.seikh1469@test.com
"Lalit Kumar Rajbanshi","2631 Baneshwor",lalit.rajbanshi1470@demo.net
"Binod Krishna Rajbanshi","7800 Ekantakuna",binod.rajbanshi1471@demo.net
"Rohit Bahadur Khadka","8323 Chabel",rohit.khadka1472@mail.com
"Lalit Lal Seikh","7995 Jawalakhel",lalit.seikh1473@random.org
"Kushal Bhagat Rajbanshi","4429 Ratnapark",kushal.rajbanshi1474@example.com
"Sompal Dev Bhandari","7898 Ekantakuna",sompal.bhandari1475@example.com
"Sompal Dev K.C","9250 Chabel",sompal.k.c1476@test.com
"Sompal Bahadur Malla","1911 Baneshwor",sompal.malla1477@example.com
"Rohit Lal Bhurtel","907 New Road",rohit.bhurtel1478@demo.net
"Sandeep Bhagat Rajbanshi","3410 Baneshwor",sandeep.rajbanshi1479@test.com
"Arif Krishna Paudel","2047 New Road",arif.paudel1480@demo.net
"Arif Bhopal Bhurtel","8872 Jawalakhel",arif.bhurtel1481@random.org
"Asif Gopal Bhurtel","2318 Ekantakuna",asif.bhurtel1482@demo.net
"Rohit Bhagat Bhandari","1962 Ekantakuna",rohit.bhandari1483@mail.com
"Asif Krishna Malla","269 Baneshwor",asif.malla1484@demo.net
"Lalit Bhopal Malla","726 Jawalakhel",lalit.malla1485@random.org
"Lalit Bhopal K.C","4806 Ratnapark",lalit.k.c1486@random.org
"Karan Bir Bhandari","7475 Baneshwor",karan.bhandari1487@test.com
"Sandeep Dhoj Khadka","8820 Tripureshwor",sandeep.khadka1488@demo.net
"Lalit Gopal Malla","7226 Jawalakhel",lalit.malla1489@test.com
"Arif Lal Bhurtel","2167 Chabel",arif.bhurtel1490@mail.com
"Paras Dhoj Kami","543 Gaushala",paras.kami1491@mail.com
"Karan Gopal Lamichane","2898 Tinkune",karan.lamichane1492@example.com
"Asif Dev Bhurtel","8824 Baneshwor",asif.bhurtel1493@example.com
"Arif Lal Lamichane","214 New Road",arif.lamichane1494@random.org
"Karan Bhopal Lamichane","9719 Baneshwor",karan.lamichane1495@test.com
"Sompal Bhopal Bhandari","5617 Jawalakhel",sompal.bhandari1496@mail.com
"Rohit Kumar Rajbanshi","2724 Jawalakhel",rohit.rajbanshi1497@test.com
"Lalit Bir Malla","8614 Tripureshwor",lalit.malla1498@demo.net
"Karan Bhopal Seikh","8508 Tripureshwor",karan.seikh1499@demo.net
"Arif Gopal Seikh","7269 Baneshwor",arif.seikh1500@mail.com
"Asif Kumar Khadka","8293 Gaushala",asif.khadka1501@example.com
"Arif Krishna Lamichane","6363 Baneshwor",arif.lamichane1502@mail.com
"Karan Gopal Bhandari","2742 Baneshwor",karan.bhandari1503@random.org
"Arif Kumar Kami","1853 New Road",arif.kami1504@test.com
"Kushal Dev Seikh","4825 Chabel",kushal.seikh1505@demo.net
"Asif Bhagat Malla","6350 Ratnapark",asif.malla1506@demo.net
"Asif Lal Bhurtel","1911 Gaushala",asif.bhurtel1507@random.org
"Arif Lal Lamichane","7180 Sundhara",arif.lamichane1508@demo.net
"Asif Bhagat Bhandari","6203 Baneshwor",asif.bhandari1509@demo.net
"Binod Gopal Kami","6686 Sundhara",binod.kami1510@example.com
"Binod Krishna Bhurtel","7578 New Road",binod.bhurtel1511@test.com
"Karan Kumar Seikh","4388 Tripureshwor",karan.seikh1512@mail.com
"Rohit Krishna Kami","593 Ratnapark",rohit.kami1513@example.com
"Sandeep Krishna Seikh","8275 Sundhara",sandeep.seikh1514@demo.net
"Karan Bhagat Bhurtel","5123 Baneshwor",karan.bhurtel1515@example.com
"Binod Krishna Rajbanshi","8074 New Road",binod.rajbanshi1516@random.org
"Paras Dhoj Bhandari","758 New Road",paras.bhandari1517@demo.net
"Asif Lal Khadka","2981 Tinkune",asif.khadka1518@random.org
"Lalit Bhopal Seikh","5913 Chabel",lalit.seikh1519@demo.net
"Sompal Dev Bhandari","5865 Sundhara",sompal.bhandari1520@random.org
"Binod Bir Bhandari","4679 Sundhara",binod.bhandari1521@demo.net
"Sompal Bir Lamichane","2823 Jawalakhel",sompal.lamichane1522@demo.net
"Asif Bahadur Malla","9863 Jawalakhel",asif.malla1523@test.com
"Asif Gopal Bhurtel","8509 Chabel",asif.bhurtel1524@mail.com
"Rohit Lal Bhandari","5195 Jawalakhel",rohit.bhandari1525@mail.com
"Binod Bhopal K.C","3967 Tinkune",binod.k.c1526@test.com
"Lalit Bhagat Khadka","3433 Ratnapark",lalit.khadka1527@demo.net
"Rohit Bir Rajbanshi","6921 Ratnapark",rohit.rajbanshi1528@example.com
"Kushal Bhopal Seikh","9210 Tinkune",kushal.seikh1529@example.com
"Asif Lal Kami","959 Ratnapark",asif.kami1530@example.com
"Karan Kumar Kami","1721 Ekantakuna",karan.kami1531@example.com
"Karan Bhagat Seikh","3471 New Road",karan.seikh1532@demo.net
"Asif Bir Kami","4478 Jawalakhel",asif.kami1533@mail.com
"Binod Dhoj Bhandari","1820 Baneshwor",binod.bhandari1534@random.org
"Sompal Bhopal Paudel","6700 Tripureshwor",sompal.paudel1535@random.org
"Paras Bir Lamichane","4051 Ekantakuna",paras.lamichane1536@test.com
"Karan Bhagat Malla","7839 Sundhara",karan.malla1537@example.com
"Karan Dhoj Kami","6744 Sundhara",karan.kami1538@mail.com
"Sandeep Dhoj Seikh","751 Sundhara",sandeep.seikh1539@example.com
"Sompal Lal Seikh","1581 Gaushala",sompal.seikh1540@example.com
"Lalit Krishna Khadka","1180 Sundhara",lalit.khadka1541@demo.net
"Sandeep Gopal Bhandari","3973 Chabel",sandeep.bhandari1542@test.com
"Rohit Bahadur Seikh","1787 Ratnapark",rohit.seikh1543@mail.com
"Rohit Krishna Kami","2295 Gaushala",rohit.kami1544@example.com
"Paras Dev Bhurtel","6694 Sundhara",paras.bhurtel1545@random.org
"Sandeep Bhopal Kami","9752 Chabel",sandeep.kami1546@demo.net
"Sandeep Lal Bhurtel","2827 Ratnapark",sandeep.bhurtel1547@random.org
"Binod Lal Malla","1813 Ratnapark",binod.malla1548@mail.com
"Rohit Bhagat Rajbanshi","6403 New Road",rohit.rajbanshi1549@demo.net
"Sompal Bhagat K.C","8819 Ratnapark",sompal.k.c1550@random.org
"Asif Dev Seikh","7466 Jawalakhel",asif.seikh1551@test.com
"Lalit Bhopal Kami","9085 Tripureshwor",lalit.kami1552@demo.net
"Kushal Lal Bhurtel","2790 Sundhara",kushal.bhurtel1553@test.com
"Asif Krishna Paudel","4045 Sundhara",asif.paudel1554@mail.com
"Lalit Bahadur Seikh","2273 Ratnapark",lalit.seikh1555@random.org
"Arif Krishna Bhurtel","9684 Sundhara",arif.bhurtel1556@mail.com
"Asif Krishna Paudel","6037 Gaushala",asif.paudel1557@demo.net
"Kushal Dhoj Kami","6627 Sundhara",kushal.kami1558@mail.com
"Sompal Bahadur Bhandari","2093 Ratnapark",sompal.bhandari1559@mail.com
"Asif Kumar Khadka","1842 Baneshwor",asif.khadka1560@demo.net
"Karan Gopal Bhurtel","4825 New Road",karan.bhurtel1561@demo.net
"Binod Krishna Bhandari","5950 Chabel",binod.bhandari1562@demo.net
"Paras Bir Lamichane","9968 Ratnapark",paras.lamichane1563@demo.net
"Kushal Bahadur Khadka","7120 Sundhara",kushal.khadka1564@demo.net
"Sompal Lal Seikh","7767 New Road",sompal.seikh1565@example.com
"Asif Gopal Bhandari","2856 Gaushala",asif.bhandari1566@random.org
"Arif Krishna Paudel","9583 Chabel",arif.paudel1567@random.org
"Paras Bahadur Paudel","4294 Sundhara",paras.paudel1568@example.com
"Sompal Gopal Lamichane","7677 Sundhara",sompal.lamichane1569@example.com
"Asif Bahadur Rajbanshi","3072 New Road",asif.rajbanshi1570@example.com
"Karan Lal Kami","1450 Chabel",karan.kami1571@test.com
"Sandeep Bhagat Khadka","609 Tinkune",sandeep.khadka1572@demo.net
"Asif Krishna Paudel","7103 Sundhara",asif.paudel1573@random.org
"Sompal Bhopal K.C","7615 Ekantakuna",sompal.k.c1574@example.com
"Karan Gopal Paudel","5283 Sundhara",karan.paudel1575@random.org
"Kushal Lal Kami","7917 Tinkune",kushal.kami1576@mail.com
"Binod Gopal Bhandari","4803 New Road",binod.bhandari1577@random.org
"Lalit Krishna Khadka","652 Ekantakuna",lalit.khadka1578@mail.com
"Karan Kumar Lamichane","9269 Ratnapark",karan.lamichane1579@random.org
"Sandeep Dhoj Seikh","8088 Jawalakhel",sandeep.seikh1580@mail.com
"Rohit Bir Lamichane","9344 Tinkune",rohit.lamichane1581@demo.net
"Arif Bhopal Malla","4055 Chabel",arif.malla1582@demo.net
"Lalit Bahadur Bhandari","7762 Gaushala",lalit.bhandari1583@random.org
"Paras Bahadur Bhandari","9541 Tinkune",paras.bhandari1584@demo.net
"Kushal Krishna Seikh","1990 Tinkune",kushal.seikh1585@demo.net
"Karan Krishna Bhurtel","4871 Gaushala",karan.bhurtel1586@mail.com
"Binod Bahadur Rajbanshi","1801 Ratnapark",binod.rajbanshi1587@example.com
"Asif Bir Rajbanshi","6294 Tripureshwor",asif.rajbanshi1588@test.com
"Rohit Kumar Malla","3804 Chabel",rohit.malla1589@mail.com
"Sandeep Lal Paudel","4798 Sundhara",sandeep.paudel1590@test.com
"Lalit Kumar Bhandari","4838 Tripureshwor",lalit.bhandari1591@example.com
"Kushal Bhopal Khadka","2153 Ratnapark",kushal.khadka1592@mail.com
"Karan Bir Bhurtel","6567 Gaushala",karan.bhurtel1593@demo.net
"Binod Bhagat Seikh","2041 Sundhara",binod.seikh1594@example.com
"Kushal Bhagat Seikh","2253 Tripureshwor",kushal.seikh1595@random.org
"Sompal Bahadur Bhurtel","2780 Baneshwor",sompal.bhurtel1596@test.com
"Sompal Lal K.C","2569 Sundhara",sompal.k.c1597@random.org
"Asif Lal Malla","3177 Sundhara",asif.malla1598@mail.com
"Paras Krishna Bhurtel","6375 Tripureshwor",paras.bhurtel1599@test.com
"Arif Bir Lamichane","587 Tripureshwor",arif.lamichane1600@random.org
"Karan Dev Seikh","7734 Ratnapark",karan.seikh1601@example.com
"Asif Krishna K.C","6432 New Road",asif.k.c1602@mail.com
"Kushal Krishna Lamichane","9927 Chabel",kushal.lamichane1603@demo.net
"Paras Dhoj Khadka","1985 Ratnapark",paras.khadka1604@mail.com
"Karan Lal Bhurtel","7648 Ekantakuna",karan.bhurtel1605@demo.net
"Karan Gopal Rajbanshi","9842 Ekantakuna",karan.rajbanshi1606@demo.net
"Rohit Dhoj Rajbanshi","5302 Tripureshwor",rohit.rajbanshi1607@example.com
"Binod Dhoj Bhandari","509 Chabel",binod.bhandari1608@test.com
"Rohit Bhagat Bhandari","2661 New Road",rohit.bhandari1609@mail.com
"Binod Kumar K.C","9988 Jawalakhel",binod.k.c1610@example.com
"Kushal Bhopal K.C","4437 Tinkune",kushal.k.c1611@mail.com
"Karan Dev Bhurtel","4590 Gaushala",karan.bhurtel1612@test.com
"Rohit Bhopal Rajbanshi","2354 New Road",rohit.rajbanshi1613@test.com
"Binod Kumar Bhurtel","7965 Tinkune",binod.bhurtel1614@demo.net
"Sandeep Dev Kami","9382 Gaushala",sandeep.kami1615@example.com
"Rohit Dev Seikh","3793 New Road",rohit.seikh1616@demo.net
"Lalit Dhoj Rajbanshi","6036 Chabel",lalit.rajbanshi1617@demo.net
"Arif Kumar Paudel","782 Ratnapark",arif.paudel1618@example.com
"Binod Bahadur Lamichane","2656 Gaushala",binod.lamichane1619@demo.net
"Arif Bhagat Bhurtel","2881 Tripureshwor",arif.bhurtel1620@random.org
"Asif Bahadur Khadka","7112 New Road",asif.khadka1621@demo.net
"Karan Krishna Malla","4003 Tinkune",karan.malla1622@test.com
"Asif Kumar Kami","416 Ekantakuna",asif.kami1623@mail.com
"Kushal Dhoj Paudel","6132 Gaushala",kushal.paudel1624@random.org
"Lalit Bir Rajbanshi","8248 Tinkune",lalit.rajbanshi1625@demo.net
"Paras Dhoj Kami","440 New Road",paras.kami1626@random.org
"Lalit Bahadur Bhurtel","7339 Ratnapark",lalit.bhurtel1627@example.com
"Asif Krishna Rajbanshi","4368 Jawalakhel",asif.rajbanshi1628@demo.net
"Arif Krishna Rajbanshi","6172 New Road",arif.rajbanshi1629@mail.com
"Sompal Bir Bhandari","8510 New Road",sompal.bhandari1630@mail.com
"Rohit Bhopal Seikh","5508 Sundhara",rohit.seikh1631@random.org
"Binod Krishna Kami","3437 Jawalakhel",binod.kami1632@mail.com
"Paras Bhagat Bhandari","7944 Sundhara",paras.bhandari1633@example.com
"Lalit Lal Kami","2211 Ratnapark",lalit.kami1634@test.com
"Binod Bhagat Malla","8311 Tripureshwor",binod.malla1635@demo.net
"Arif Kumar Paudel","2422 Chabel",arif.paudel1636@example.com
"Asif Krishna Paudel","9173 Tinkune",asif.paudel1637@demo.net
"Karan Dev Lamichane","4831 Chabel",karan.lamichane1638@example.com
"Binod Gopal Lamichane","6043 Jawalakhel",binod.lamichane1639@mail.com
"Sompal Bir Seikh","9230 Tinkune",sompal.seikh1640@random.org
"Rohit Lal K.C","7433 Jawalakhel",rohit.k.c1641@mail.com
"Binod Bhopal Malla","3027 Ekantakuna",binod.malla1642@demo.net
"Paras Bir Bhandari","1057 Gaushala",paras.bhandari1643@demo.net
"Binod Bhagat Rajbanshi","1520 Gaushala",binod.rajbanshi1644@demo.net
"Binod Bhopal Kami","7563 Tripureshwor",binod.kami1645@example.com
"Lalit Bir Lamichane","4907 New Road",lalit.lamichane1646@test.com
"Asif Lal Lamichane","8494 Gaushala",asif.lamichane1647@random.org
"Kushal Gopal Paudel","2602 Chabel",kushal.paudel1648@demo.net
"Sompal Bir Khadka","7834 Tinkune",sompal.khadka1649@mail.com
"Paras Gopal Kami","9094 Baneshwor",paras.kami1650@example.com
"Sandeep Bhagat K.C","3216 Tinkune",sandeep.k.c1651@test.com
"Karan Krishna Khadka","3124 Tinkune",karan.khadka1652@example.com
"Lalit Bhagat Lamichane","3454 Gaushala",lalit.lamichane1653@mail.com
"Sompal Bhagat Bhandari","4325 New Road",sompal.bhandari1654@demo.net
"Asif Kumar Seikh","2315 Tinkune",asif.seikh1655@example.com
"Binod Bahadur K.C","863 Sundhara",binod.k.c1656@random.org
"Rohit Kumar Seikh","835 Jawalakhel",rohit.seikh1657@test.com
"Kushal Dev Seikh","4027 Ekantakuna",kushal.seikh1658@example.com
"Kushal Dhoj Khadka","6607 New Road",kushal.khadka1659@mail.com
"Karan Dhoj Lamichane","8234 Sundhara",karan.lamichane1660@demo.net
"Kushal Bhopal Malla","2822 Baneshwor",kushal.malla1661@random.org
"Sandeep Dhoj Seikh","8981 Chabel",sandeep.seikh1662@example.com
"Sandeep Dhoj Kami","2997 New Road",sandeep.kami1663@example.com
"Kushal Dhoj Lamichane","2968 Chabel",kushal.lamichane1664@mail.com
"Paras Lal K.C","1828 Sundhara",paras.k.c1665@demo.net
"Karan Bhopal Rajbanshi","7411 Chabel",karan.rajbanshi1666@demo.net
"Sandeep Bahadur Malla","2735 Gaushala",sandeep.malla1667@mail.com
"Kushal Krishna K.C","7535 Tinkune",kushal.k.c1668@test.com
"Kushal Krishna Rajbanshi","4418 Tinkune",kushal.rajbanshi1669@demo.net
"Kushal Dev Rajbanshi","872 Baneshwor",kushal.rajbanshi1670@demo.net
"Paras Kumar Rajbanshi","285 Jawalakhel",paras.rajbanshi1671@random.org
"Sompal Dhoj Paudel","1784 New Road",sompal.paudel1672@mail.com
"Sandeep Bhagat Khadka","1448 Jawalakhel",sandeep.khadka1673@mail.com
"Karan Dhoj Khadka","4799 Ratnapark",karan.khadka1674@test.com
"Rohit Bir Khadka","4653 Chabel",rohit.khadka1675@random.org
"Sompal Bir Khadka","9684 Ekantakuna",sompal.khadka1676@test.com
"Sompal Lal Lamichane","5250 New Road",sompal.lamichane1677@mail.com
"Sompal Krishna Rajbanshi","5996 Jawalakhel",sompal.rajbanshi1678@random.org
"Arif Dev Seikh","7115 Tinkune",arif.seikh1679@demo.net
"Kushal Bahadur Lamichane","3016 Sundhara",kushal.lamichane1680@example.com
"Lalit Kumar Malla","3067 Tripureshwor",lalit.malla1681@random.org
"Asif Gopal Bhurtel","4933 New Road",asif.bhurtel1682@mail.com
"Sandeep Dhoj Khadka","8898 Ekantakuna",sandeep.khadka1683@test.com
"Sompal Kumar Khadka","8632 Jawalakhel",sompal.khadka1684@test.com
"Sompal Bhagat Malla","5524 Tinkune",sompal.malla1685@example.com
"Sandeep Bhopal Bhurtel","7025 New Road",sandeep.bhurtel1686@example.com
"Lalit Dhoj Kami","6754 Ekantakuna",lalit.kami1687@test.com
"Sandeep Bhopal Kami","2288 Jawalakhel",sandeep.kami1688@demo.net
"Sandeep Bir Bhandari","2680 Chabel",sandeep.bhandari1689@demo.net
"Arif Dhoj Rajbanshi","5764 New Road",arif.rajbanshi1690@demo.net
"Sandeep Bahadur Paudel","1578 Sundhara",sandeep.paudel1691@mail.com
"Asif Dev Rajbanshi","6531 Baneshwor",asif.rajbanshi1692@demo.net
"Paras Gopal Paudel","6737 Jawalakhel",paras.paudel1693@test.com
"Asif Lal Rajbanshi","6199 Tinkune",asif.rajbanshi1694@example.com
"Lalit Bahadur Kami","118 Tripureshwor",lalit.kami1695@demo.net
"Asif Bir Kami","2691 Tripureshwor",asif.kami1696@mail.com
"Binod Gopal Seikh","6840 Ratnapark",binod.seikh1697@example.com
"Arif Bahadur Lamichane","2117 New Road",arif.lamichane1698@example.com
"Paras Gopal Kami","6407 Tripureshwor",paras.kami1699@mail.com
"Paras Bhagat Bhurtel","5144 Jawalakhel",paras.bhurtel1700@example.com
"Asif Krishna K.C","2391 Gaushala",asif.k.c1701@random.org
"Lalit Bir Paudel","3454 Ekantakuna",lalit.paudel1702@example.com
"Asif Lal Kami","1687 Tinkune",asif.kami1703@random.org
"Arif Dev Paudel","8869 Gaushala",arif.paudel1704@demo.net
"Karan Krishna Seikh","7976 Tinkune",karan.seikh1705@example.com
"Lalit Gopal Lamichane","2330 Tinkune",lalit.lamichane1706@demo.net
"Kushal Bir Khadka","8940 Chabel",kushal.khadka1707@demo.net
"Binod Dhoj Khadka","2239 Ratnapark",binod.khadka1708@example.com
"Lalit Bhagat Kami","8299 Sundhara",lalit.kami1709@test.com
"Paras Bir Seikh","6191 Gaushala",paras.seikh1710@test.com
"Paras Bhagat Seikh","2079 Ratnapark",paras.seikh1711@mail.com
"Binod Krishna Lamichane","8484 Jawalakhel",binod.lamichane1712@mail.com
"Karan Dev Paudel","4489 Sundhara",karan.paudel1713@test.com
"Rohit Dhoj Malla","6960 Ratnapark",rohit.malla1714@example.com
"Rohit Bir Seikh","6375 Ekantakuna",rohit.seikh1715@example.com
"Lalit Bahadur K.C","701 Jawalakhel",lalit.k.c1716@random.org
"Lalit Bir Lamichane","7913 Tinkune",lalit.lamichane1717@example.com
"Arif Gopal Kami","9422 New Road",arif.kami1718@example.com
"Rohit Bahadur Seikh","5832 Sundhara",rohit.seikh1719@demo.net
"Sandeep Bahadur Lamichane","746 Tripureshwor",sandeep.lamichane1720@random.org
"Sandeep Bir Khadka","9731 Sundhara",sandeep.khadka1721@example.com
"Paras Krishna Khadka","3908 Tinkune",paras.khadka1722@random.org
"Sompal Bir Lamichane","6925 Baneshwor",sompal.lamichane1723@mail.com
"Sandeep Dhoj Bhurtel","6094 Ekantakuna",sandeep.bhurtel1724@example.com
"Karan Krishna Seikh","5906 Chabel",karan.seikh1725@mail.com
"Paras Bir Bhurtel","406 New Road",paras.bhurtel1726@mail.com
"Sandeep Krishna Seikh","4185 Tinkune",sandeep.seikh1727@example.com
"Asif Bahadur Kami","417 New Road",asif.kami1728@demo.net
"Asif Dhoj Khadka","5601 Ekantakuna",asif.khadka1729@test.com
"Rohit Dev K.C","9502 Jawalakhel",rohit.k.c1730@test.com
"Arif Dev Bhandari","6763 Baneshwor",arif.bhandari1731@demo.net
"Sompal Gopal Bhandari","5014 Ratnapark",sompal.bhandari1732@example.com
"Asif Bahadur Khadka","8915 Ekantakuna",asif.khadka1733@random.org
"Binod Bahadur Paudel","1372 Sundhara",binod.paudel1734@random.org
"Karan Gopal Kami","4688 Tripureshwor",karan.kami1735@random.org
"Karan Bir Lamichane","2410 Jawalakhel",karan.lamichane1736@test.com
"Binod Dhoj Seikh","1939 Chabel",binod.seikh1737@example.com
"Sandeep Dhoj Khadka","6069 Tripureshwor",sandeep.khadka1738@example.com
"Arif Krishna Lamichane","9924 Tinkune",arif.lamichane1739@test.com
"Asif Bir Bhurtel","4008 Tripureshwor",asif.bhurtel1740@example.com
"Karan Bahadur Bhandari","9157 New Road",karan.bhandari1741@example.com
"Paras Kumar Seikh","3991 Tinkune",paras.seikh1742@test.com
"Asif Krishna Bhandari","2775 Ekantakuna",asif.bhandari1743@test.com
"Asif Lal Paudel","1901 Ratnapark",asif.paudel1744@mail.com
"Paras Dhoj Khadka","7682 Baneshwor",paras.khadka1745@random.org
"Paras Bahadur Seikh","2688 New Road",paras.seikh1746@test.com
"Paras Bhopal K.C","3932 Ekantakuna",paras.k.c1747@mail.com
"Arif Kumar Kami","3381 Baneshwor",arif.kami1748@mail.com
"Arif Gopal Kami","172 Tinkune",arif.kami1749@random.org
"Paras Dhoj Rajbanshi","1437 Ratnapark",paras.rajbanshi1750@mail.com
"Binod Bahadur Malla","5656 Baneshwor",binod.malla1751@random.org
"Arif Dhoj Malla","4575 Gaushala",arif.malla1752@demo.net
"Sandeep Bhagat Seikh","5244 Jawalakhel",sandeep.seikh1753@example.com
"Paras Dev Lamichane","9530 Sundhara",paras.lamichane1754@random.org
"Arif Bir Seikh","4617 Ratnapark",arif.seikh1755@test.com
"Asif Bhagat Bhurtel","2353 Ekantakuna",asif.bhurtel1756@example.com
"Asif Kumar Bhurtel","2629 Baneshwor",asif.bhurtel1757@random.org
"Kushal Bahadur Malla","8216 Baneshwor",kushal.malla1758@example.com
"Kushal Krishna K.C","8928 New Road",kushal.k.c1759@random.org
"Kushal Bir Paudel","1103 Jawalakhel",kushal.paudel1760@mail.com
"Kushal Bhagat Paudel","3261 Chabel",kushal.paudel1761@mail.com
"Arif Krishna Kami","4091 Ekantakuna",arif.kami1762@test.com
"Lalit Bahadur Rajbanshi","8158 Chabel",lalit.rajbanshi1763@demo.net
"Arif Bir Rajbanshi","4081 Tinkune",arif.rajbanshi1764@test.com
"Paras Gopal K.C","5356 Ratnapark",paras.k.c1765@example.com
"Kushal Dhoj K.C","6520 Ekantakuna",kushal.k.c1766@test.com
"Arif Dhoj Lamichane","4860 Tinkune",arif.lamichane1767@mail.com
"Sandeep Bhopal Paudel","1331 Tripureshwor",sandeep.paudel1768@example.com
"Sompal Gopal Seikh","9557 Tripureshwor",sompal.seikh1769@test.com
"Asif Bahadur K.C","7315 Baneshwor",asif.k.c1770@example.com
"Kushal Bahadur Kami","9620 Ratnapark",kushal.kami1771@demo.net
"Karan Gopal K.C","272 Tripureshwor",karan.k.c1772@random.org
"Asif Krishna Paudel","7634 Baneshwor",asif.paudel1773@mail.com
"Rohit Bhagat Khadka","2885 Ekantakuna",rohit.khadka1774@example.com
"Asif Dhoj Seikh","9124 Tripureshwor",asif.seikh1775@mail.com
"Rohit Dhoj K.C","3913 Ratnapark",rohit.k.c1776@random.org
"Sompal Bhopal Kami","6829 Ekantakuna",sompal.kami1777@random.org
"Arif Lal Bhandari","3345 Gaushala",arif.bhandari1778@random.org
"Asif Dev Bhurtel","2963 Ratnapark",asif.bhurtel1779@demo.net
"Asif Gopal Rajbanshi","5748 Chabel",asif.rajbanshi1780@demo.net
"Paras Lal Bhurtel","3202 Gaushala",paras.bhurtel1781@random.org
"Kushal Kumar K.C","6193 Sundhara",kushal.k.c1782@demo.net
"Binod Dhoj Rajbanshi","5482 Sundhara",binod.rajbanshi1783@random.org
"Lalit Gopal Khadka","8720 Gaushala",lalit.khadka1784@mail.com
"Binod Bahadur Seikh","3388 Ekantakuna",binod.seikh1785@test.com
"Sandeep Bir Paudel","8750 Ratnapark",sandeep.paudel1786@demo.net
"Karan Kumar Malla","7857 Sundhara",karan.malla1787@demo.net
"Asif Gopal K.C","1158 Ratnapark",asif.k.c1788@example.com
"Arif Bahadur Bhandari","161 Chabel",arif.bhandari1789@demo.net
"Asif Bahadur K.C","9743 Gaushala",asif.k.c1790@mail.com
"Sompal Gopal Bhurtel","6378 Tinkune",sompal.bhurtel1791@test.com
"Rohit Dev Lamichane","2154 Tinkune",rohit.lamichane1792@example.com
"Sandeep Dhoj Paudel","916 Gaushala",sandeep.paudel1793@random.org
"Paras Bhagat Khadka","391 Chabel",paras.khadka1794@random.org
"Kushal Bhagat Bhandari","2982 Tinkune",kushal.bhandari1795@random.org
"Kushal Bhagat Paudel","1044 Sundhara",kushal.paudel1796@example.com
"Karan Krishna Lamichane","676 Jawalakhel",karan.lamichane1797@test.com
"Karan Bir Malla","6863 Tripureshwor",karan.malla1798@mail.com
"Arif Dev Malla","1918 Jawalakhel",arif.malla1799@demo.net
"Sandeep Bahadur K.C","1489 Sundhara",sandeep.k.c1800@random.org
"Binod Bahadur Malla","3194 Ratnapark",binod.malla1801@mail.com
"Rohit Bahadur Seikh","7837 Tinkune",rohit.seikh1802@test.com
"Karan Bhagat Malla","8799 Tinkune",karan.malla1803@random.org
"Arif Bir Bhandari","2233 Ratnapark",arif.bhandari1804@demo.net
"Kushal Dev Lamichane","119 Chabel",kushal.lamichane1805@demo.net
"Kushal Bahadur Paudel","9556 Sundhara",kushal.paudel1806@random.org
"Kushal Bhopal Lamichane","7258 New Road",kushal.lamichane1807@mail.com
"Rohit Gopal Kami","7672 Chabel",rohit.kami1808@mail.com
"Lalit Bir Rajbanshi","8004 Baneshwor",lalit.rajbanshi1809@demo.net
"Sompal Dhoj Rajbanshi","206 Jawalakhel",sompal.rajbanshi1810@mail.com
"Sandeep Krishna Rajbanshi","7228 Tripureshwor",sandeep.rajbanshi1811@test.com
"Sandeep Gopal Paudel","3620 Tinkune",sandeep.paudel1812@random.org
"Sompal Bhopal Bhandari","9462 Jawalakhel",sompal.bhandari1813@example.com
"Sompal Dhoj Khadka","2458 Jawalakhel",sompal.khadka1814@test.com
"Lalit Gopal Rajbanshi","329 Chabel",lalit.rajbanshi1815@test.com
"Karan Bahadur Khadka","745 Ekantakuna",karan.khadka1816@test.com
"Sompal Dev Lamichane","5137 Ekantakuna",sompal.lamichane1817@mail.com
"Rohit Kumar Paudel","574 Chabel",rohit.paudel1818@mail.com
"Karan Bahadur Malla","5871 New Road",karan.malla1819@demo.net
"Asif Bhagat Rajbanshi","4139 Ekantakuna",asif.rajbanshi1820@test.com
"Rohit Gopal Rajbanshi","3350 Ekantakuna",rohit.rajbanshi1821@mail.com
"Rohit Gopal Rajbanshi","4307 Jawalakhel",rohit.rajbanshi1822@example.com
"Asif Krishna Lamichane","5080 Jawalakhel",asif.lamichane1823@example.com
"Asif Kumar Bhandari","610 Chabel",asif.bhandari1824@demo.net
"Paras Bhagat Rajbanshi","3214 New Road",paras.rajbanshi1825@example.com
"Asif Dhoj Kami","7250 Tinkune",asif.kami1826@example.com
"Paras Dhoj Lamichane","4773 Gaushala",paras.lamichane1827@example.com
"Asif Krishna Rajbanshi","7753 Ekantakuna",asif.rajbanshi1828@demo.net
"Arif Lal Khadka","1010 New Road",arif.khadka1829@example.com
"Asif Gopal K.C","6897 Chabel",asif.k.c1830@random.org
"Karan Krishna Seikh","1925 Sundhara",karan.seikh1831@test.com
"Asif Bahadur Bhandari","942 New Road",asif.bhandari1832@random.org
"Binod Krishna Bhurtel","4158 Baneshwor",binod.bhurtel1833@example.com
"Sandeep Dhoj Khadka","2668 Chabel",sandeep.khadka1834@example.com
"Paras Bhagat Seikh","8055 Baneshwor",paras.seikh1835@test.com
"Rohit Bahadur Malla","7451 Tripureshwor",rohit.malla1836@random.org
"Binod Bir Paudel","1115 Ratnapark",binod.paudel1837@test.com
"Binod Kumar Rajbanshi","6533 Chabel",binod.rajbanshi1838@example.com
"Rohit Dhoj K.C","9101 Jawalakhel",rohit.k.c1839@demo.net
"Sompal Kumar Malla","9667 Chabel",sompal.malla1840@example.com
"Lalit Bir Kami","9028 Ekantakuna",lalit.kami1841@demo.net
"Rohit Bir Khadka","1284 Ekantakuna",rohit.khadka1842@test.com
"Asif Kumar Rajbanshi","8737 Ekantakuna",asif.rajbanshi1843@test.com
"Karan Gopal K.C","977 Chabel",karan.k.c1844@example.com
"Sandeep Dev Paudel","7806 Ratnapark",sandeep.paudel1845@demo.net
"Karan Lal Bhurtel","7892 Jawalakhel",karan.bhurtel1846@mail.com
"Binod Gopal Bhandari","3795 Ratnapark",binod.bhandari1847@example.com
"Sompal Dhoj Malla","1303 Gaushala",sompal.malla1848@demo.net
"Kushal Kumar Bhurtel","4777 New Road",kushal.bhurtel1849@random.org
"Rohit Gopal Bhandari","9119 Tinkune",rohit.bhandari1850@mail.com
"Paras Bhopal Malla","2246 Gaushala",paras.malla1851@demo.net
"Rohit Kumar K.C","4457 Gaushala",rohit.k.c1852@random.org
"Arif Dhoj Rajbanshi","2005 Ratnapark",arif.rajbanshi1853@mail.com
"Lalit Gopal Kami","2270 Ratnapark",lalit.kami1854@test.com
"Karan Bir K.C","488 Jawalakhel",karan.k.c1855@mail.com
"Sompal Dev Lamichane","4304 Baneshwor",sompal.lamichane1856@random.org
"Arif Krishna Kami","1636 New Road",arif.kami1857@example.com
"Rohit Bir Lamichane","8281 Ekantakuna",rohit.lamichane1858@demo.net
"Sompal Bhopal Paudel","4071 Baneshwor",sompal.paudel1859@demo.net
"Sandeep Dev Khadka","893 Chabel",sandeep.khadka1860@example.com
"Asif Dhoj Seikh","2570 Ratnapark",asif.seikh1861@mail.com
"Kushal Lal Seikh","9789 Gaushala",kushal.seikh1862@mail.com
"Sompal Kumar Khadka","5854 Chabel",sompal.khadka1863@test.com
"Kushal Kumar Khadka","4598 Baneshwor",kushal.khadka1864@test.com
"Lalit Gopal Khadka","1904 Baneshwor",lalit.khadka1865@test.com
"Lalit Bhopal Khadka","9442 Sundhara",lalit.khadka1866@demo.net
"Asif Kumar Paudel","613 Tinkune",asif.paudel1867@demo.net
"Kushal Bhagat Rajbanshi","9641 Sundhara",kushal.rajbanshi1868@test.com
"Asif Bir Bhandari","5241 Baneshwor",asif.bhandari1869@example.com
"Sandeep Dev Seikh","1455 Gaushala",sandeep.seikh1870@mail.com
"Arif Krishna Khadka","2732 Sundhara",arif.khadka1871@example.com
"Arif Bhopal K.C","2921 Jawalakhel",arif.k.c1872@mail.com
"Lalit Bhagat Malla","7843 Tinkune",lalit.malla1873@example.com
"Rohit Bhagat Seikh","1875 Baneshwor",rohit.seikh1874@test.com
"Arif Bahadur Bhandari","1605 Baneshwor",arif.bhandari1875@example.com
"Arif Bir K.C","9944 Ekantakuna",arif.k.c1876@demo.net
"Paras Dev Kami","6848 Tinkune",paras.kami1877@mail.com
"Lalit Dhoj Malla","5029 Chabel",lalit.malla1878@example.com
"Arif Krishna Bhurtel","6525 Baneshwor",arif.bhurtel1879@example.com
"Arif Krishna Bhurtel","5997 Chabel",arif.bhurtel1880@demo.net
"Sompal Dev Seikh","730 Tinkune",sompal.seikh1881@demo.net
"Sompal Dev Rajbanshi","2545 Jawalakhel",sompal.rajbanshi1882@mail.com
"Arif Gopal Bhandari","3525 Ekantakuna",arif.bhandari1883@mail.com
"Paras Krishna Rajbanshi","1760 Gaushala",paras.rajbanshi1884@example.com
"Rohit Krishna K.C","6166 Jawalakhel",rohit.k.c1885@example.com
"Sompal Bhagat Bhandari","5355 Jawalakhel",sompal.bhandari1886@test.com
"Sandeep Krishna Rajbanshi","1520 Ekantakuna",sandeep.rajbanshi1887@example.com
"Paras Bahadur K.C","3140 Ekantakuna",paras.k.c1888@test.com
"Kushal Bhopal Khadka","6714 Jawalakhel",kushal.khadka1889@mail.com
"Asif Krishna Rajbanshi","7388 Jawalakhel",asif.rajbanshi1890@mail.com
"Binod Krishna Kami","545 Ekantakuna",binod.kami1891@demo.net
"Arif Bahadur Bhurtel","4058 New Road",arif.bhurtel1892@demo.net
"Asif Bir Paudel","4271 New Road",asif.paudel1893@example.com
"Sompal Dhoj Bhurtel","3760 Tinkune",sompal.bhurtel1894@example.com
"Kushal Bahadur Rajbanshi","1323 Ratnapark",kushal.rajbanshi1895@demo.net
"Binod Dev Paudel","152 Chabel",binod.paudel1896@random.org
"Paras Lal Malla","1708 Tinkune",paras.malla1897@demo.net
"Sandeep Dev Paudel","3649 Baneshwor",sandeep.paudel1898@mail.com
"Rohit Gopal Seikh","5338 Sundhara",rohit.seikh1899@random.org
"Arif Krishna K.C","9635 Ratnapark",arif.k.c1900@example.com
"Lalit Gopal Kami","3177 Ekantakuna",lalit.kami1901@example.com
"Arif Bhopal Bhandari","3167 Sundhara",arif.bhandari1902@demo.net
"Asif Gopal K.C","3317 Tripureshwor",asif.k.c1903@mail.com
"Rohit Dhoj Khadka","1437 Baneshwor",rohit.khadka1904@test.com
"Paras Dhoj Seikh","3152 Ekantakuna",paras.seikh1905@example.com
"Paras Bhopal Seikh","4653 Gaushala",paras.seikh1906@mail.com
"Sandeep Bhopal Malla","1754 Tripureshwor",sandeep.malla1907@mail.com
"Arif Krishna Lamichane","7992 Tripureshwor",arif.lamichane1908@mail.com
"Karan Dhoj Khadka","3275 Ratnapark",karan.khadka1909@example.com
"Sompal Gopal Malla","793 Baneshwor",sompal.malla1910@test.com
"Sompal Gopal Seikh","7793 Sundhara",sompal.seikh1911@example.com
"Paras Dev Paudel","2606 Chabel",paras.paudel1912@test.com
"Arif Bhopal Lamichane","7298 Sundhara",arif.lamichane1913@demo.net
"Binod Bhagat K.C","5208 Tripureshwor",binod.k.c1914@demo.net
"Arif Bir Paudel","2628 Sundhara",arif.paudel1915@test.com
"Sandeep Dev Seikh","4135 Tinkune",sandeep.seikh1916@demo.net
"Asif Bir Paudel","304 Jawalakhel",asif.paudel1917@demo.net
"Binod Kumar Khadka","1618 Baneshwor",binod.khadka1918@example.com
"Kushal Kumar Rajbanshi","5709 Ekantakuna",kushal.rajbanshi1919@example.com
"Paras Bhopal Bhandari","1242 Ekantakuna",paras.bhandari1920@random.org
"Rohit Bahadur Bhandari","8479 Sundhara",rohit.bhandari1921@random.org
"Sandeep Bahadur Lamichane","697 Ratnapark",sandeep.lamichane1922@mail.com
"Rohit Kumar Paudel","6285 Gaushala",rohit.paudel1923@example.com
"Asif Bir K.C","9228 Baneshwor",asif.k.c1924@example.com
"Paras Kumar Bhurtel","4285 Sundhara",paras.bhurtel1925@demo.net
"Sandeep Kumar Khadka","4489 Baneshwor",sandeep.khadka1926@mail.com
"Binod Kumar Lamichane","2338 Ekantakuna",binod.lamichane1927@random.org
"Karan Bhopal Rajbanshi","1847 Sundhara",karan.rajbanshi1928@test.com
"Karan Gopal Lamichane","8736 Chabel",karan.lamichane1929@example.com
"Rohit Bahadur Bhurtel","7273 Tinkune",rohit.bhurtel1930@demo.net
"Sandeep Bahadur Paudel","6233 Jawalakhel",sandeep.paudel1931@example.com
"Paras Bhagat Seikh","4697 Ratnapark",paras.seikh1932@example.com
"Sompal Bhagat Kami","3737 Tripureshwor",sompal.kami1933@example.com
"Asif Dev Khadka","9579 Tinkune",asif.khadka1934@test.com
"Karan Krishna Kami","6553 Sundhara",karan.kami1935@demo.net
"Asif Dev Bhandari","3948 Ekantakuna",asif.bhandari1936@example.com
"Sandeep Lal Bhandari","1123 Chabel",sandeep.bhandari1937@example.com
"Arif Bir K.C","5929 Ekantakuna",arif.k.c1938@example.com
"Karan Dhoj Bhandari","2049 Jawalakhel",karan.bhandari1939@test.com
"Karan Dhoj Paudel","2990 Tinkune",karan.paudel1940@test.com
"Kushal Krishna Bhandari","250 Tinkune",kushal.bhandari1941@demo.net
"Kushal Krishna Paudel","1650 New Road",kushal.paudel1942@example.com
"Asif Krishna Rajbanshi","4845 Tripureshwor",asif.rajbanshi1943@example.com
"Sandeep Lal Khadka","9932 Tripureshwor",sandeep.khadka1944@test.com
"Binod Bhagat K.C","4688 Baneshwor",binod.k.c1945@example.com
"Sandeep Bir Kami","7900 Ratnapark",sandeep.kami1946@mail.com
"Binod Krishna Bhandari","4593 Gaushala",binod.bhandari1947@demo.net
"Rohit Bahadur Khadka","4437 Gaushala",rohit.khadka1948@random.org
"Karan Krishna Seikh","2892 Tinkune",karan.seikh1949@random.org
"Arif Krishna Rajbanshi","3278 Sundhara",arif.rajbanshi1950@example.com
"Paras Bahadur Seikh","1766 Gaushala",paras.seikh1951@example.com
"Paras Bir Khadka","8170 Tinkune",paras.khadka1952@random.org
"Rohit Dhoj Seikh","537 Chabel",rohit.seikh1953@random.org
"Paras Krishna Bhandari","1834 Ratnapark",paras.bhandari1954@example.com
"Asif Bhopal Bhurtel","8328 Tripureshwor",asif.bhurtel1955@test.com
"Kushal Kumar Bhandari","5763 Baneshwor",kushal.bhandari1956@mail.com
"Karan Bhagat Seikh","9464 Gaushala",karan.seikh1957@mail.com
"Karan Bhagat Paudel","9708 Ratnapark",karan.paudel1958@example.com
"Lalit Kumar Bhurtel","9562 New Road",lalit.bhurtel1959@mail.com
"Arif Lal Seikh","3176 Gaushala",arif.seikh1960@mail.com
"Kushal Dhoj K.C","7719 Ratnapark",kushal.k.c1961@test.com
"Arif Gopal Seikh","7093 Baneshwor",arif.seikh1962@mail.com
"Paras Bhopal Kami","8325 Ratnapark",paras.kami1963@test.com
"Binod Bir Lamichane","5592 Ratnapark",binod.lamichane1964@demo.net
"Kushal Lal Bhandari","755 Jawalakhel",kushal.bhandari1965@example.com
"Karan Krishna Paudel","2139 Gaushala",karan.paudel1966@random.org
"Karan Bir Bhurtel","7961 Tripureshwor",karan.bhurtel1967@random.org
"Paras Dhoj Kami","3749 Jawalakhel",paras.kami1968@example.com
"Sompal Bir Malla","8950 Gaushala",sompal.malla1969@test.com
"Rohit Bir Malla","9615 Chabel",rohit.malla1970@test.com
"Rohit Dev Khadka","1912 Chabel",rohit.khadka1971@mail.com
"Sompal Bhagat Rajbanshi","6239 Ekantakuna",sompal.rajbanshi1972@demo.net
"Sandeep Bhagat Lamichane","9047 Chabel",sandeep.lamichane1973@example.com
"Asif Dev Bhandari","7155 New Road",asif.bhandari1974@test.com
"Rohit Bahadur Seikh","2943 Ratnapark",rohit.seikh1975@example.com
"Sompal Dhoj Khadka","8034 Chabel",sompal.khadka1976@random.org
"Binod Bahadur Bhurtel","2374 Tripureshwor",binod.bhurtel1977@demo.net
"Rohit Bahadur Paudel","9432 Ekantakuna",rohit.paudel1978@example.com
"Rohit Bhagat Seikh","290 New Road",rohit.seikh1979@demo.net
"Sompal Gopal Bhurtel","3191 Chabel",sompal.bhurtel1980@mail.com
"Karan Bhagat Lamichane","4674 Gaushala",karan.lamichane1981@mail.com
"Asif Kumar Rajbanshi","3560 Tripureshwor",asif.rajbanshi1982@test.com
"Arif Lal Rajbanshi","256 Gaushala",arif.rajbanshi1983@test.com
"Rohit Lal Kami","1841 Tripureshwor",rohit.kami1984@random.org
"Asif Krishna Bhurtel","8520 Tripureshwor",asif.bhurtel1985@demo.net
"Asif Bhagat Bhurtel","7269 Sundhara",asif.bhurtel1986@example.com
"Lalit Krishna Malla","9834 Tripureshwor",lalit.malla1987@random.org
"Karan Dev Rajbanshi","8485 Tinkune",karan.rajbanshi1988@test.com
"Arif Krishna K.C","2981 Baneshwor",arif.k.c1989@mail.com
"Rohit Gopal Bhandari","1851 Sundhara",rohit.bhandari1990@random.org
"Asif Bahadur Rajbanshi","2175 Jawalakhel",asif.rajbanshi1991@random.org
"Kushal Krishna Kami","3740 Sundhara",kushal.kami1992@demo.net
"Paras Krishna Bhandari","8648 Tinkune",paras.bhandari1993@mail.com
"Karan Dev Malla","8660 Jawalakhel",karan.malla1994@mail.com
"Rohit Dhoj Rajbanshi","4751 Tinkune",rohit.rajbanshi1995@mail.com
"Kushal Bahadur Paudel","2541 Ekantakuna",kushal.paudel1996@example.com
"Asif Bir K.C","9437 Baneshwor",asif.k.c1997@test.com
"Rohit Bir Bhurtel","7138 Chabel",rohit.bhurtel1998@example.com
"Asif Bhagat Rajbanshi","2237 Tinkune",asif.rajbanshi1999@demo.net
"Sandeep Bir Kami","2693 Sundhara",sandeep.kami2000@test.com
"Lalit Kumar Paudel","6815 New Road",lalit.paudel2001@random.org
"Arif Dhoj Seikh","6087 New Road",arif.seikh2002@example.com
"Paras Bir Lamichane","423 Gaushala",paras.lamichane2003@test.com
"Paras Gopal Bhandari","2271 Tinkune",paras.bhandari2004@test.com
"Binod Lal Seikh","9458 Tinkune",binod.seikh2005@mail.com
"Binod Bahadur Kami","3920 Gaushala",binod.kami2006@test.com
"Lalit Bhagat Malla","1766 Jawalakhel",lalit.malla2007@random.org
"Asif Dev Rajbanshi","3632 Ekantakuna",asif.rajbanshi2008@test.com
"Lalit Bahadur Paudel","8959 Tinkune",lalit.paudel2009@example.com
"Kushal Bahadur Bhandari","796 Ratnapark",kushal.bhandari2010@test.com
"Arif Bir Seikh","6300 Baneshwor",arif.seikh2011@mail.com
"Arif Dev Rajbanshi","9680 Jawalakhel",arif.rajbanshi2012@mail.com
"Paras Bir Seikh","9817 Ratnapark",paras.seikh2013@mail.com
"Karan Dhoj Khadka","4185 Ratnapark",karan.khadka2014@mail.com
"Asif Bahadur Malla","6028 Ekantakuna",asif.malla2015@example.com
"Arif Dhoj Kami","7140 Baneshwor",arif.kami2016@example.com
"Lalit Krishna Malla","3748 Ekantakuna",lalit.malla2017@mail.com
"Arif Kumar Lamichane","3228 Gaushala",arif.lamichane2018@demo.net
"Binod Krishna Khadka","2564 Gaushala",binod.khadka2019@test.com
"Paras Krishna Rajbanshi","8918 Ekantakuna",paras.rajbanshi2020@test.com
"Karan Krishna Paudel","6177 Jawalakhel",karan.paudel2021@example.com
"Asif Bhopal Bhurtel","8763 Chabel",asif.bhurtel2022@test.com
"Sandeep Dhoj Bhurtel","4094 Chabel",sandeep.bhurtel2023@random.org
"Rohit Bir Lamichane","3787 Ratnapark",rohit.lamichane2024@mail.com
"Kushal Lal Seikh","5692 Tripureshwor",kushal.seikh2025@test.com
"Karan Gopal Lamichane","6121 Jawalakhel",karan.lamichane2026@example.com
"Paras Krishna Lamichane","9482 Sundhara",paras.lamichane2027@test.com
"Sompal Lal Paudel","2677 Tinkune",sompal.paudel2028@mail.com
"Lalit Bir Malla","7954 Baneshwor",lalit.malla2029@example.com
"Binod Krishna Lamichane","9686 Jawalakhel",binod.lamichane2030@random.org
"Sompal Dhoj Bhandari","1297 Ratnapark",sompal.bhandari2031@example.com
"Lalit Bhagat Khadka","727 Jawalakhel",lalit.khadka2032@example.com
"Binod Kumar Rajbanshi","8274 Chabel",binod.rajbanshi2033@mail.com
"Paras Kumar K.C","7889 Chabel",paras.k.c2034@demo.net
"Arif Bahadur Khadka","8651 Tripureshwor",arif.khadka2035@demo.net
"Lalit Dev Kami","8516 Gaushala",lalit.kami2036@test.com
"Karan Bhopal Seikh","3882 Tripureshwor",karan.seikh2037@example.com
"Paras Bhopal Seikh","933 Jawalakhel",paras.seikh2038@test.com
"Binod Bhagat Bhandari","4547 Sundhara",binod.bhandari2039@demo.net
"Binod Bhagat Khadka","4361 Sundhara",binod.khadka2040@random.org
"Paras Kumar Kami","6737 Sundhara",paras.kami2041@random.org
"Karan Bahadur Bhurtel","3034 Tripureshwor",karan.bhurtel2042@mail.com
"Sompal Lal Khadka","1694 New Road",sompal.khadka2043@mail.com
"Binod Lal Paudel","5680 Ekantakuna",binod.paudel2044@mail.com
"Karan Kumar Paudel","7977 New Road",karan.paudel2045@demo.net
"Kushal Bahadur Seikh","2015 Jawalakhel",kushal.seikh2046@test.com
"Paras Bahadur Malla","3448 Gaushala",paras.malla2047@demo.net
"Kushal Kumar K.C","421 Chabel",kushal.k.c2048@test.com
"Arif Bhopal Bhurtel","2892 New Road",arif.bhurtel2049@example.com
"Lalit Krishna Kami","3149 Ekantakuna",lalit.kami2050@demo.net
"Kushal Bir Malla","4287 Gaushala",kushal.malla2051@demo.net
"Sompal Bhopal Malla","8979 Jawalakhel",sompal.malla2052@test.com
"Rohit Kumar Bhandari","160 Gaushala",rohit.bhandari2053@demo.net
"Kushal Dhoj Paudel","8069 Sundhara",kushal.paudel2054@random.org
"Asif Lal Bhurtel","1411 New Road",asif.bhurtel2055@random.org
"Lalit Dev Lamichane","3333 Jawalakhel",lalit.lamichane2056@demo.net
"Sompal Krishna Bhandari","5684 Ratnapark",sompal.bhandari2057@test.com
"Sompal Dev Malla","8626 Jawalakhel",sompal.malla2058@demo.net
"Sandeep Bhopal Rajbanshi","3274 Jawalakhel",sandeep.rajbanshi2059@demo.net
"Karan Bahadur Rajbanshi","2830 Ekantakuna",karan.rajbanshi2060@example.com
"Asif Gopal Bhurtel","1766 Baneshwor",asif.bhurtel2061@random.org
"Kushal Bhopal Rajbanshi","3423 Tinkune",kushal.rajbanshi2062@random.org
"Rohit Bahadur Bhurtel","8177 Ratnapark",rohit.bhurtel2063@example.com
"Lalit Lal Lamichane","9464 Baneshwor",lalit.lamichane2064@demo.net
"Paras Dhoj K.C","5256 Sundhara",paras.k.c2065@random.org
"Binod Bir Seikh","4459 Jawalakhel",binod.seikh2066@random.org
"Sandeep Bhagat Bhurtel","1259 New Road",sandeep.bhurtel2067@example.com
"Sompal Lal Bhandari","5679 Gaushala",sompal.bhandari2068@mail.com
"Rohit Bhopal Bhurtel","6053 Tripureshwor",rohit.bhurtel2069@mail.com
"Sandeep Bahadur Rajbanshi","3395 Gaushala",sandeep.rajbanshi2070@mail.com
"Binod Bir Paudel","9722 Tinkune",binod.paudel2071@demo.net
"Sandeep Dev Malla","2085 Ekantakuna",sandeep.malla2072@demo.net
"Kushal Bahadur Seikh","9726 Chabel",kushal.seikh2073@test.com
"Sandeep Gopal Malla","9933 Chabel",sandeep.malla2074@random.org
"Karan Dev Malla","9978 Gaushala",karan.malla2075@example.com
"Karan Bir Seikh","4447 Jawalakhel",karan.seikh2076@demo.net
"Lalit Bahadur Kami","9988 Chabel",lalit.kami2077@random.org
"Asif Bhagat Malla","9677 Sundhara",asif.malla2078@example.com
"Sompal Kumar Seikh","2852 Ratnapark",sompal.seikh2079@test.com
"Rohit Kumar Lamichane","477 Baneshwor",rohit.lamichane2080@example.com
"Paras Bir Khadka","9047 Jawalakhel",paras.khadka2081@demo.net
"Karan Bhagat Bhandari","9109 Tinkune",karan.bhandari2082@demo.net
"Rohit Bir Malla","4181 Baneshwor",rohit.malla2083@example.com
"Sandeep Gopal Bhandari","9515 Tripureshwor",sandeep.bhandari2084@mail.com
"Karan Bir K.C","6564 Sundhara",karan.k.c2085@mail.com
"Asif Krishna Paudel","233 Gaushala",asif.paudel2086@mail.com
"Rohit Dhoj Bhurtel","7156 Ekantakuna",rohit.bhurtel2087@example.com
"Kushal Lal Khadka","730 Tinkune",kushal.khadka2088@mail.com
"Sandeep Dev Seikh","389 Tripureshwor",sandeep.seikh2089@example.com
"Rohit Dhoj K.C","5354 New Road",rohit.k.c2090@random.org
"Sompal Bahadur Khadka","1865 Ekantakuna",sompal.khadka2091@random.org
"Sandeep Krishna Malla","9042 Chabel",sandeep.malla2092@test.com
"Sandeep Gopal Lamichane","2853 Ekantakuna",sandeep.lamichane2093@demo.net
"Paras Dhoj Paudel","3835 Tripureshwor",paras.paudel2094@demo.net
"Paras Bhagat Rajbanshi","8188 Sundhara",paras.rajbanshi2095@demo.net
"Paras Bir Bhurtel","8640 Gaushala",paras.bhurtel2096@demo.net
"Rohit Bhagat Seikh","1230 Gaushala",rohit.seikh2097@random.org
"Lalit Bhopal Paudel","8999 Ekantakuna",lalit.paudel2098@test.com
"Sandeep Dhoj Rajbanshi","2036 Ekantakuna",sandeep.rajbanshi2099@demo.net
"Rohit Kumar Bhandari","7959 Tripureshwor",rohit.bhandari2100@demo.net
"Karan Bahadur Kami","6927 Tripureshwor",karan.kami2101@test.com
"Sompal Bahadur Bhurtel","3751 Baneshwor",sompal.bhurtel2102@example.com
"Kushal Bahadur Rajbanshi","4282 Ekantakuna",kushal.rajbanshi2103@example.com
"Paras Lal Lamichane","8363 Chabel",paras.lamichane2104@test.com
"Arif Lal Rajbanshi","5987 Tinkune",arif.rajbanshi2105@test.com
"Arif Krishna Malla","239 Chabel",arif.malla2106@random.org
"Karan Dhoj Paudel","9335 Sundhara",karan.paudel2107@mail.com
"Sompal Lal K.C","9843 Sundhara",sompal.k.c2108@mail.com
"Paras Dev Kami","4813 Chabel",paras.kami2109@test.com
"Sompal Bahadur K.C","3202 Jawalakhel",sompal.k.c2110@random.org
"Sompal Kumar Kami","247 Gaushala",sompal.kami2111@test.com
"Binod Bhopal Seikh","1445 Jawalakhel",binod.seikh2112@example.com
"Sandeep Bhagat Khadka","7833 Baneshwor",sandeep.khadka2113@random.org
"Kushal Bir Bhandari","7975 Baneshwor",kushal.bhandari2114@demo.net
"Rohit Dev K.C","7839 Sundhara",rohit.k.c2115@example.com
"Paras Bahadur Paudel","4422 Gaushala",paras.paudel2116@test.com
"Kushal Bahadur Bhandari","2497 Tinkune",kushal.bhandari2117@example.com
"Sandeep Bir Bhandari","6654 Sundhara",sandeep.bhandari2118@test.com
"Asif Lal Bhurtel","5287 Chabel",asif.bhurtel2119@mail.com
"Paras Gopal Lamichane","1078 Tripureshwor",paras.lamichane2120@example.com
"Sandeep Bhagat Paudel","3947 Gaushala",sandeep.paudel2121@random.org
"Paras Krishna Khadka","3927 Sundhara",paras.khadka2122@demo.net
"Karan Bir Paudel","8611 Tripureshwor",karan.paudel2123@random.org
"Lalit Dhoj Lamichane","5888 Gaushala",lalit.lamichane2124@random.org
"Kushal Lal Khadka","1396 Gaushala",kushal.khadka2125@test.com
"Paras Bhagat Khadka","8699 Sundhara",paras.khadka2126@mail.com
"Kushal Dhoj Bhurtel","3764 Chabel",kushal.bhurtel2127@demo.net
"Karan Kumar Malla","3994 Ekantakuna",karan.malla2128@mail.com
"Sandeep Dev K.C","2908 Ekantakuna",sandeep.k.c2129@example.com
"Paras Lal Paudel","8534 Tinkune",paras.paudel2130@mail.com
"Sandeep Bir Bhurtel","2167 Jawalakhel",sandeep.bhurtel2131@demo.net
"Sompal Krishna Lamichane","5599 Tinkune",sompal.lamichane2132@demo.net
"Lalit Bir K.C","3004 Tinkune",lalit.k.c2133@example.com
"Lalit Bhagat K.C","9455 Jawalakhel",lalit.k.c2134@example.com
"Karan Bhagat Seikh","6289 Jawalakhel",karan.seikh2135@mail.com
"Asif Bhopal Kami","1169 Baneshwor",asif.kami2136@test.com
"Kushal Bhopal Paudel","9521 Gaushala",kushal.paudel2137@random.org
"Rohit Krishna Bhandari","2466 Tripureshwor",rohit.bhandari2138@random.org
"Rohit Dhoj Bhurtel","8249 Chabel",rohit.bhurtel2139@test.com
"Karan Bhopal Kami","4504 Ratnapark",karan.kami2140@example.com
"Sompal Krishna Khadka","9717 Jawalakhel",sompal.khadka2141@mail.com
"Asif Gopal Bhurtel","4538 Sundhara",asif.bhurtel2142@random.org
"Binod Gopal Lamichane","6532 Tinkune",binod.lamichane2143@test.com
"Karan Bir K.C","9604 Jawalakhel",karan.k.c2144@demo.net
"Rohit Gopal Bhurtel","2676 Gaushala",rohit.bhurtel2145@demo.net
"Lalit Bhopal Kami","4546 Chabel",lalit.kami2146@test.com
"Asif Bhopal Kami","1114 New Road",asif.kami2147@random.org
"Karan Dev Rajbanshi","6458 Jawalakhel",karan.rajbanshi2148@mail.com
"Kushal Krishna Lamichane","6073 Sundhara",kushal.lamichane2149@test.com
"Kushal Bahadur Khadka","5600 Tinkune",kushal.khadka2150@example.com
"Arif Bhopal Khadka","6885 Tinkune",arif.khadka2151@demo.net
"Sompal Bir Khadka","1379 Sundhara",sompal.khadka2152@example.com
"Binod Bahadur Malla","7875 Tripureshwor",binod.malla2153@mail.com
"Asif Lal K.C","8726 Gaushala",asif.k.c2154@example.com
"Asif Bir Paudel","7379 Sundhara",asif.paudel2155@mail.com
"Rohit Lal Paudel","4143 New Road",rohit.paudel2156@example.com
"Asif Bhagat Bhandari","9962 Ratnapark",asif.bhandari2157@random.org
"Rohit Dev Khadka","6369 Tinkune",rohit.khadka2158@demo.net
"Sandeep Bhopal Lamichane","9843 Ratnapark",sandeep.lamichane2159@demo.net
"Rohit Gopal Seikh","6504 Ratnapark",rohit.seikh2160@mail.com
"Binod Bir Seikh","8235 New Road",binod.seikh2161@random.org
"Karan Dhoj Malla","7680 Chabel",karan.malla2162@test.com
"Sandeep Bhopal Bhurtel","2966 Baneshwor",sandeep.bhurtel2163@test.com
"Binod Bhopal Paudel","8599 Jawalakhel",binod.paudel2164@example.com
"Karan Dev Rajbanshi","741 Gaushala",karan.rajbanshi2165@random.org
"Karan Lal Seikh","3509 Tinkune",karan.seikh2166@demo.net
"Asif Bhagat K.C","8945 Ratnapark",asif.k.c2167@test.com
"Lalit Dhoj Seikh","9056 Tripureshwor",lalit.seikh2168@demo.net
"Paras Dhoj Bhandari","6306 Ekantakuna",paras.bhandari2169@random.org
"Karan Krishna Paudel","4392 New Road",karan.paudel2170@demo.net
"Rohit Bir Seikh","7559 New Road",rohit.seikh2171@example.com
"Binod Bahadur Bhurtel","2323 New Road",binod.bhurtel2172@test.com
"Kushal Dev Rajbanshi","7536 Tripureshwor",kushal.rajbanshi2173@example.com
"Binod Dhoj Paudel","8784 Jawalakhel",binod.paudel2174@random.org
"Arif Bhagat Paudel","4336 Baneshwor",arif.paudel2175@mail.com
"Sompal Dev Rajbanshi","4658 Tripureshwor",sompal.rajbanshi2176@example.com
"Karan Bhopal Malla","9484 Ratnapark",karan.malla2177@random.org
"Sompal Bhopal Lamichane","3916 Ratnapark",sompal.lamichane2178@demo.net
"Paras Bir Malla","5288 Baneshwor",paras.malla2179@random.org
"Rohit Dhoj Kami","910 Tripureshwor",rohit.kami2180@test.com
"Binod Bahadur Bhandari","8679 Chabel",binod.bhandari2181@test.com
"Sandeep Bir Seikh","6311 Gaushala",sandeep.seikh2182@test.com
"Kushal Bahadur Kami","7038 Ekantakuna",kushal.kami2183@example.com
"Sompal Dhoj K.C","8049 Ratnapark",sompal.k.c2184@random.org
"Sompal Bir Paudel","9011 Chabel",sompal.paudel2185@demo.net
"Sompal Dev Bhandari","5338 Sundhara",sompal.bhandari2186@demo.net
"Binod Krishna K.C","7732 Baneshwor",binod.k.c2187@example.com
"Binod Dhoj Paudel","6082 Chabel",binod.paudel2188@random.org
"Paras Dhoj Lamichane","5706 Baneshwor",paras.lamichane2189@mail.com
"Kushal Kumar Bhandari","7054 Gaushala",kushal.bhandari2190@mail.com
"Kushal Bahadur Paudel","627 Sundhara",kushal.paudel2191@random.org
"Rohit Kumar Malla","5479 Ratnapark",rohit.malla2192@random.org
"Asif Bir Malla","8007 Jawalakhel",asif.malla2193@example.com
"Rohit Dev Paudel","7423 Ekantakuna",rohit.paudel2194@mail.com
"Arif Bahadur Rajbanshi","8531 Tripureshwor",arif.rajbanshi2195@example.com
"Sandeep Bhopal Lamichane","1669 Chabel",sandeep.lamichane2196@random.org
"Karan Bhopal Khadka","6234 Tinkune",karan.khadka2197@test.com
"Sandeep Dhoj Lamichane","4543 New Road",sandeep.lamichane2198@mail.com
"Asif Gopal K.C","8334 Tripureshwor",asif.k.c2199@example.com
"Arif Bahadur Paudel","9243 Chabel",arif.paudel2200@random.org
"Karan Dev Kami","6757 Tripureshwor",karan.kami2201@test.com
"Paras Dhoj Khadka","7489 Tripureshwor",paras.khadka2202@test.com
"Binod Bir Seikh","3783 Sundhara",binod.seikh2203@example.com
"Binod Bahadur Paudel","7817 Tinkune",binod.paudel2204@random.org
"Binod Bir Lamichane","1540 Ratnapark",binod.lamichane2205@demo.net
"Karan Bhopal Seikh","6940 New Road",karan.seikh2206@demo.net
"Sandeep Bir Bhurtel","2534 New Road",sandeep.bhurtel2207@test.com
"Lalit Dev K.C","9654 Tinkune",lalit.k.c2208@demo.net
"Sandeep Bahadur Khadka","7058 Tripureshwor",sandeep.khadka2209@example.com
"Arif Gopal Lamichane","4642 Jawalakhel",arif.lamichane2210@demo.net
"Karan Kumar K.C","9958 New Road",karan.k.c2211@test.com
"Sandeep Bhopal Bhurtel","2632 New Road",sandeep.bhurtel2212@example.com
"Kushal Lal Bhurtel","5857 Jawalakhel",kushal.bhurtel2213@random.org
"Rohit Bhagat Rajbanshi","2770 New Road",rohit.rajbanshi2214@random.org
"Sompal Bhopal K.C","4699 Jawalakhel",sompal.k.c2215@demo.net
"Paras Lal Kami","3603 Tinkune",paras.kami2216@example.com
"Kushal Bahadur Bhandari","9124 Jawalakhel",kushal.bhandari2217@mail.com
"Paras Bahadur Lamichane","5273 Gaushala",paras.lamichane2218@test.com
"Kushal Dev Lamichane","501 Ratnapark",kushal.lamichane2219@demo.net
"Lalit Gopal Khadka","123 New Road",lalit.khadka2220@test.com
"Binod Bir Rajbanshi","211 Gaushala",binod.rajbanshi2221@example.com
"Sompal Lal Kami","1537 Chabel",sompal.kami2222@demo.net
"Paras Krishna Rajbanshi","4328 Chabel",paras.rajbanshi2223@example.com
"Arif Bhagat Paudel","5576 Baneshwor",arif.paudel2224@mail.com
"Lalit Krishna Paudel","2787 Gaushala",lalit.paudel2225@random.org
"Arif Dev Rajbanshi","9790 Ratnapark",arif.rajbanshi2226@test.com
"Sompal Lal Rajbanshi","575 Chabel",sompal.rajbanshi2227@demo.net
"Paras Bahadur Bhurtel","6589 Ekantakuna",paras.bhurtel2228@test.com
"Asif Bhopal Bhandari","4428 New Road",asif.bhandari2229@test.com
"Kushal Bhagat Bhandari","8051 Ekantakuna",kushal.bhandari2230@random.org
"Sandeep Bhopal K.C","7131 Ratnapark",sandeep.k.c2231@test.com
"Kushal Krishna Bhandari","6391 New Road",kushal.bhandari2232@random.org
"Arif Lal Paudel","1429 Tinkune",arif.paudel2233@mail.com
"Paras Gopal Lamichane","5560 Sundhara",paras.lamichane2234@random.org
"Sompal Gopal Rajbanshi","659 New Road",sompal.rajbanshi2235@example.com
"Lalit Krishna Bhandari","5500 Ratnapark",lalit.bhandari2236@random.org
"Lalit Bahadur K.C","6497 Gaushala",lalit.k.c2237@random.org
"Sompal Krishna Bhandari","6407 Chabel",sompal.bhandari2238@random.org
"Rohit Bir Khadka","8666 Chabel",rohit.khadka2239@random.org
"Asif Dhoj Rajbanshi","6101 Ratnapark",asif.rajbanshi2240@random.org
"Asif Bhagat Paudel","9387 Gaushala",asif.paudel2241@test.com
"Lalit Gopal K.C","7438 Ratnapark",lalit.k.c2242@mail.com
"Arif Bhopal Bhurtel","6596 Gaushala",arif.bhurtel2243@test.com
"Sandeep Kumar Khadka","200 Baneshwor",sandeep.khadka2244@demo.net
"Rohit Bahadur Bhandari","1821 Jawalakhel",rohit.bhandari2245@test.com
"Kushal Gopal Paudel","2857 New Road",kushal.paudel2246@example.com
"Asif Gopal Bhandari","959 Tripureshwor",asif.bhandari2247@random.org
"Binod Bir Malla","770 Tripureshwor",binod.malla2248@demo.net
"Sompal Bhopal Kami","3514 Sundhara",sompal.kami2249@mail.com
"Paras Kumar Bhurtel","3723 Ratnapark",paras.bhurtel2250@random.org
"Asif Dev K.C","3636 New Road",asif.k.c2251@random.org
"Asif Dhoj Khadka","5898 Ratnapark",asif.khadka2252@test.com
"Asif Bhagat K.C","3863 Gaushala",asif.k.c2253@example.com
"Sompal Dhoj Bhandari","5917 Ratnapark",sompal.bhandari2254@demo.net
"Asif Krishna Seikh","3281 Ratnapark",asif.seikh2255@mail.com
"Rohit Dev Kami","5423 Sundhara",rohit.kami2256@example.com
"Sandeep Bir Rajbanshi","632 Tripureshwor",sandeep.rajbanshi2257@test.com
"Rohit Krishna Kami","3676 Gaushala",rohit.kami2258@test.com
"Sandeep Bhopal Khadka","2745 Jawalakhel",sandeep.khadka2259@demo.net
"Paras Bhagat Rajbanshi","3922 Chabel",paras.rajbanshi2260@example.com
"Sandeep Bahadur Seikh","5314 Ratnapark",sandeep.seikh2261@test.com
"Lalit Gopal Kami","9805 New Road",lalit.kami2262@example.com
"Asif Lal Khadka","1609 Baneshwor",asif.khadka2263@demo.net
"Arif Bhopal Bhurtel","2690 New Road",arif.bhurtel2264@demo.net
"Rohit Bahadur Lamichane","674 Baneshwor",rohit.lamichane2265@demo.net
"Sandeep Bhagat Paudel","201 Baneshwor",sandeep.paudel2266@test.com
"Kushal Gopal Khadka","7669 Ekantakuna",kushal.khadka2267@test.com
"Binod Gopal Seikh","2176 Tripureshwor",binod.seikh2268@random.org
"Rohit Dev Lamichane","400 Tinkune",rohit.lamichane2269@random.org
"Binod Lal Khadka","1921 New Road",binod.khadka2270@demo.net
"Lalit Bhagat Bhurtel","5416 New Road",lalit.bhurtel2271@test.com
"Binod Dev Bhurtel","1377 Ekantakuna",binod.bhurtel2272@demo.net
"Karan Krishna Bhandari","4985 New Road",karan.bhandari2273@random.org
"Rohit Gopal Rajbanshi","2137 New Road",rohit.rajbanshi2274@demo.net
"Kushal Lal K.C","7483 Baneshwor",kushal.k.c2275@demo.net
"Sompal Bhagat Kami","1291 New Road",sompal.kami2276@random.org
"Sandeep Bir K.C","687 Chabel",sandeep.k.c2277@test.com
"Paras Gopal Lamichane","2764 Chabel",paras.lamichane2278@test.com
"Rohit Lal Lamichane","4919 Jawalakhel",rohit.lamichane2279@random.org
"Sompal Gopal Khadka","7883 Chabel",sompal.khadka2280@random.org
"Lalit Bir Malla","7569 Baneshwor",lalit.malla2281@demo.net
"Karan Dhoj Kami","8112 Ekantakuna",karan.kami2282@mail.com
"Paras Bhagat Lamichane","1852 Sundhara",paras.lamichane2283@mail.com
"Asif Kumar Paudel","5592 Sundhara",asif.paudel2284@test.com
"Paras Dev K.C","9066 Baneshwor",paras.k.c2285@example.com
"Sompal Kumar K.C","6399 Tinkune",sompal.k.c2286@test.com
"Arif Krishna Bhandari","5360 Gaushala",arif.bhandari2287@random.org
"Karan Gopal Kami","4786 Ratnapark",karan.kami2288@random.org
"Rohit Lal Khadka","9060 Tripureshwor",rohit.khadka2289@mail.com
"Sandeep Krishna K.C","8586 Chabel",sandeep.k.c2290@random.org
"Asif Gopal K.C","2616 Sundhara",asif.k.c2291@example.com
"Karan Krishna Seikh","9166 New Road",karan.seikh2292@mail.com
"Sompal Bhagat Rajbanshi","1461 Chabel",sompal.rajbanshi2293@test.com
"Rohit Bir Seikh","6008 Jawalakhel",rohit.seikh2294@mail.com
"Binod Lal Bhurtel","7658 Chabel",binod.bhurtel2295@example.com
"Asif Lal Rajbanshi","8284 Ekantakuna",asif.rajbanshi2296@random.org
"Sandeep Kumar Seikh","9553 New Road",sandeep.seikh2297@demo.net
"Lalit Bahadur Seikh","2120 Tinkune",lalit.seikh2298@example.com
"Sandeep Lal Lamichane","8154 Sundhara",sandeep.lamichane2299@mail.com
"Karan Dev K.C","7707 Ekantakuna",karan.k.c2300@demo.net
"Rohit Bir Seikh","9806 Jawalakhel",rohit.seikh2301@demo.net
"Arif Lal Rajbanshi","9479 New Road",arif.rajbanshi2302@demo.net
"Rohit Krishna Bhandari","5700 Sundhara",rohit.bhandari2303@mail.com
"Sompal Bhopal Kami","7732 Chabel",sompal.kami2304@example.com
"Sompal Gopal Lamichane","9648 Chabel",sompal.lamichane2305@mail.com
"Paras Bhagat Seikh","5623 Baneshwor",paras.seikh2306@mail.com
"Sompal Bhagat Bhandari","3463 Jawalakhel",sompal.bhandari2307@random.org
"Lalit Dev Seikh","2682 Tripureshwor",lalit.seikh2308@random.org
"Asif Bhopal K.C","3430 Gaushala",asif.k.c2309@example.com
"Paras Dhoj Malla","6419 Tripureshwor",paras.malla2310@mail.com
"Karan Bhopal Rajbanshi","2670 New Road",karan.rajbanshi2311@mail.com
"Sandeep Bir Malla","4084 Ekantakuna",sandeep.malla2312@mail.com
"Asif Bhagat Bhandari","1848 Ratnapark",asif.bhandari2313@mail.com
"Asif Bhagat Paudel","9003 Ratnapark",asif.paudel2314@random.org
"Sompal Bhopal Paudel","3884 New Road",sompal.paudel2315@example.com
"Rohit Kumar Bhandari","9363 Ekantakuna",rohit.bhandari2316@demo.net
"Arif Bhagat Bhandari","9161 Gaushala",arif.bhandari2317@test.com
"Rohit Bhagat Rajbanshi","7554 Tripureshwor",rohit.rajbanshi2318@example.com
"Rohit Bahadur Rajbanshi","7673 Tripureshwor",rohit.rajbanshi2319@example.com
"Kushal Gopal Paudel","401 Ratnapark",kushal.paudel2320@random.org
"Kushal Krishna Lamichane","2056 Tripureshwor",kushal.lamichane2321@random.org
"Karan Bhagat Malla","8110 Baneshwor",karan.malla2322@demo.net
"Lalit Gopal K.C","2529 Chabel",lalit.k.c2323@test.com
"Sompal Dhoj Lamichane","8189 Ratnapark",sompal.lamichane2324@demo.net
"Sandeep Gopal Paudel","2268 Chabel",sandeep.paudel2325@mail.com
"Sandeep Bhagat Paudel","2270 Baneshwor",sandeep.paudel2326@random.org
"Paras Bhopal Seikh","5881 Jawalakhel",paras.seikh2327@random.org
"Rohit Bhagat Seikh","1946 New Road",rohit.seikh2328@test.com
"Paras Dev Khadka","7026 Chabel",paras.khadka2329@test.com
"Binod Dev Malla","7757 Baneshwor",binod.malla2330@test.com
"Lalit Dev K.C","3491 Gaushala",lalit.k.c2331@demo.net
"Binod Bahadur Khadka","8272 Jawalakhel",binod.khadka2332@mail.com
"Rohit Bir Kami","7435 Gaushala",rohit.kami2333@test.com
"Binod Bir Bhandari","3304 New Road",binod.bhandari2334@demo.net
"Lalit Dhoj Paudel","777 Jawalakhel",lalit.paudel2335@demo.net
"Rohit Dev Kami","9353 Sundhara",rohit.kami2336@test.com
"Binod Dhoj K.C","1673 Ekantakuna",binod.k.c2337@random.org
"Sompal Bhopal Bhurtel","1146 Baneshwor",sompal.bhurtel2338@mail.com
"Rohit Dev Bhandari","8680 New Road",rohit.bhandari2339@random.org
"Kushal Lal Lamichane","1275 Ekantakuna",kushal.lamichane2340@example.com
"Arif Bhopal Kami","6721 Chabel",arif.kami2341@mail.com
"Sandeep Dev Kami","2703 Tinkune",sandeep.kami2342@random.org
"Kushal Bir Bhurtel","2646 Jawalakhel",kushal.bhurtel2343@mail.com
"Sandeep Gopal Bhurtel","9135 Chabel",sandeep.bhurtel2344@demo.net
"Paras Dhoj Malla","2907 Chabel",paras.malla2345@mail.com
"Sompal Dev Malla","3170 Gaushala",sompal.malla2346@random.org
"Karan Krishna K.C","3855 Jawalakhel",karan.k.c2347@test.com
"Arif Gopal Bhurtel","5898 Ekantakuna",arif.bhurtel2348@demo.net
"Rohit Dev K.C","4036 Gaushala",rohit.k.c2349@random.org
"Arif Kumar Paudel","7176 Baneshwor",arif.paudel2350@demo.net
"Lalit Bir Khadka","7074 New Road",lalit.khadka2351@demo.net
"Kushal Lal Bhandari","6301 Sundhara",kushal.bhandari2352@test.com
"Asif Bahadur Malla","6115 Chabel",asif.malla2353@example.com
"Karan Dev K.C","1239 New Road",karan.k.c2354@demo.net
"Arif Bhagat Khadka","4209 Tinkune",arif.khadka2355@demo.net
"Karan Dhoj Khadka","7937 Sundhara",karan.khadka2356@example.com
"Asif Bahadur K.C","1088 Baneshwor",asif.k.c2357@example.com
"Binod Dev K.C","1192 Tripureshwor",binod.k.c2358@demo.net
"Arif Bhagat Bhurtel","7294 Tinkune",arif.bhurtel2359@example.com
"Kushal Bir Kami","2507 Sundhara",kushal.kami2360@mail.com
"Sompal Krishna K.C","5395 Gaushala",sompal.k.c2361@test.com
"Paras Lal Malla","3673 Chabel",paras.malla2362@example.com
"Karan Bahadur Khadka","2362 New Road",karan.khadka2363@random.org
"Paras Bhopal Malla","6140 Tripureshwor",paras.malla2364@example.com
"Arif Lal Bhandari","6785 Ekantakuna",arif.bhandari2365@demo.net
"Sandeep Bahadur Malla","795 Jawalakhel",sandeep.malla2366@random.org
"Paras Dev Rajbanshi","533 Tinkune",paras.rajbanshi2367@demo.net
"Karan Bhagat Paudel","1792 Sundhara",karan.paudel2368@random.org
"Lalit Bhopal Rajbanshi","9988 Jawalakhel",lalit.rajbanshi2369@mail.com
"Asif Dev K.C","2349 Tripureshwor",asif.k.c2370@test.com
"Paras Krishna K.C","6865 Gaushala",paras.k.c2371@mail.com
"Lalit Lal Rajbanshi","1506 Sundhara",lalit.rajbanshi2372@test.com
"Arif Gopal Malla","5860 Baneshwor",arif.malla2373@random.org
"Asif Dhoj Lamichane","7238 Ekantakuna",asif.lamichane2374@random.org
"Rohit Bahadur Lamichane","8146 New Road",rohit.lamichane2375@test.com
"Binod Dev Khadka","109 Sundhara",binod.khadka2376@mail.com
"Lalit Dhoj Seikh","8037 Jawalakhel",lalit.seikh2377@demo.net
"Lalit Bir Malla","2316 Tripureshwor",lalit.malla2378@mail.com
"Arif Gopal Lamichane","4480 New Road",arif.lamichane2379@test.com
"Asif Dev Bhandari","6845 Tinkune",asif.bhandari2380@test.com
"Lalit Lal Bhandari","1315 Tripureshwor",lalit.bhandari2381@example.com
"Paras Bhagat Lamichane","2127 Tinkune",paras.lamichane2382@test.com
"Sandeep Dhoj Lamichane","5556 Sundhara",sandeep.lamichane2383@demo.net
"Arif Bhopal Rajbanshi","725 Baneshwor",arif.rajbanshi2384@random.org
"Paras Krishna Rajbanshi","4755 Ratnapark",paras.rajbanshi2385@random.org
"Sompal Krishna Kami","4864 Tripureshwor",sompal.kami2386@random.org
"Arif Kumar Lamichane","3602 Tripureshwor",arif.lamichane2387@demo.net
"Kushal Bhopal Kami","4734 Gaushala",kushal.kami2388@test.com
"Rohit Bhagat K.C","4143 Tinkune",rohit.k.c2389@mail.com
"Paras Dev Bhandari","5551 Sundhara",paras.bhandari2390@example.com
"Rohit Dev Malla","1485 Jawalakhel",rohit.malla2391@example.com
"Asif Kumar Khadka","3347 Gaushala",asif.khadka2392@mail.com
"Arif Dhoj Seikh","4704 Ekantakuna",arif.seikh2393@test.com
"Karan Gopal Rajbanshi","4742 Jawalakhel",karan.rajbanshi2394@test.com
"Paras Krishna Paudel","119 Chabel",paras.paudel2395@mail.com
"Kushal Lal Lamichane","536 Tinkune",kushal.lamichane2396@test.com
"Arif Bir Bhurtel","3614 Gaushala",arif.bhurtel2397@mail.com
"Sandeep Dev Lamichane","2810 Sundhara",sandeep.lamichane2398@mail.com
"Arif Bir Lamichane","6280 Jawalakhel",arif.lamichane2399@example.com
"Rohit Gopal Rajbanshi","2796 Sundhara",rohit.rajbanshi2400@demo.net
"Karan Bhopal K.C","1447 Jawalakhel",karan.k.c2401@mail.com
"Rohit Lal Lamichane","6480 Chabel",rohit.lamichane2402@mail.com
"Karan Bahadur Rajbanshi","9107 Ratnapark",karan.rajbanshi2403@test.com
"Arif Dev Malla","2087 Ekantakuna",arif.malla2404@example.com
"Sandeep Bir Paudel","9574 Ratnapark",sandeep.paudel2405@mail.com
"Arif Gopal Malla","9272 Jawalakhel",arif.malla2406@example.com
"Kushal Lal Bhurtel","9001 Ekantakuna",kushal.bhurtel2407@test.com
"Paras Kumar Bhandari","157 Jawalakhel",paras.bhandari2408@mail.com
"Rohit Bahadur Rajbanshi","4093 Gaushala",rohit.rajbanshi2409@test.com
"Karan Dhoj Bhandari","1425 Ratnapark",karan.bhandari2410@test.com
"Arif Bhagat Bhurtel","5754 Ekantakuna",arif.bhurtel2411@mail.com
"Arif Bir Kami","1991 Chabel",arif.kami2412@mail.com
"Sandeep Dhoj Malla","8922 Ratnapark",sandeep.malla2413@test.com
"Karan Bhagat Bhurtel","5511 New Road",karan.bhurtel2414@example.com
"Asif Lal Rajbanshi","9346 Tinkune",asif.rajbanshi2415@example.com
"Sompal Bhopal Bhandari","5794 Gaushala",sompal.bhandari2416@mail.com
"Arif Krishna Khadka","5093 Ratnapark",arif.khadka2417@random.org
"Binod Krishna Lamichane","7864 Tripureshwor",binod.lamichane2418@mail.com
"Sandeep Gopal Malla","8167 Ratnapark",sandeep.malla2419@example.com
"Paras Dev Rajbanshi","2779 Ratnapark",paras.rajbanshi2420@test.com
"Karan Krishna Lamichane","3696 Gaushala",karan.lamichane2421@mail.com
"Binod Bahadur K.C","9018 New Road",binod.k.c2422@example.com
"Arif Dhoj Lamichane","5825 Sundhara",arif.lamichane2423@demo.net
"Sandeep Bahadur Rajbanshi","4370 Ratnapark",sandeep.rajbanshi2424@random.org
"Asif Bahadur Seikh","1899 Baneshwor",asif.seikh2425@mail.com
"Lalit Gopal Rajbanshi","2190 Tripureshwor",lalit.rajbanshi2426@random.org
"Sompal Bhagat Seikh","9827 Sundhara",sompal.seikh2427@mail.com
"Kushal Dhoj Lamichane","8504 Tripureshwor",kushal.lamichane2428@demo.net
"Paras Krishna Kami","8245 Tripureshwor",paras.kami2429@demo.net
"Paras Bhagat Rajbanshi","3425 Ekantakuna",paras.rajbanshi2430@random.org
"Rohit Dev K.C","5692 Tinkune",rohit.k.c2431@demo.net
"Paras Bhagat Lamichane","8962 Sundhara",paras.lamichane2432@test.com
"Paras Bahadur Seikh","1848 Chabel",paras.seikh2433@example.com
"Lalit Dhoj Kami","3353 Sundhara",lalit.kami2434@mail.com
"Kushal Kumar Paudel","1903 Baneshwor",kushal.paudel2435@demo.net
"Rohit Bir Malla","9560 Tripureshwor",rohit.malla2436@random.org
"Lalit Lal Bhandari","2722 Gaushala",lalit.bhandari2437@random.org
"Kushal Bir K.C","179 Ratnapark",kushal.k.c2438@random.org
"Sompal Bahadur Bhandari","1101 Jawalakhel",sompal.bhandari2439@mail.com
"Sandeep Krishna Bhurtel","4966 Ratnapark",sandeep.bhurtel2440@mail.com
"Paras Bahadur Bhandari","2259 Baneshwor",paras.bhandari2441@example.com
"Arif Gopal Kami","804 Tripureshwor",arif.kami2442@random.org
"Sandeep Bahadur Malla","5764 Ratnapark",sandeep.malla2443@example.com
"Paras Bahadur Rajbanshi","2831 Baneshwor",paras.rajbanshi2444@mail.com
"Asif Gopal Malla","146 Chabel",asif.malla2445@example.com
"Sompal Lal Paudel","3076 Sundhara",sompal.paudel2446@test.com
"Karan Krishna Kami","6436 Baneshwor",karan.kami2447@example.com
"Kushal Gopal Bhurtel","9935 Sundhara",kushal.bhurtel2448@demo.net
"Kushal Bhopal K.C","4021 New Road",kushal.k.c2449@example.com
"Paras Lal Bhurtel","4250 Ekantakuna",paras.bhurtel2450@random.org
"Sompal Dhoj Malla","7716 Tripureshwor",sompal.malla2451@demo.net
"Sandeep Dev Bhurtel","7408 Jawalakhel",sandeep.bhurtel2452@mail.com
"Asif Lal Malla","8969 Jawalakhel",asif.malla2453@example.com
"Rohit Bahadur Malla","9843 Baneshwor",rohit.malla2454@test.com
"Arif Dhoj Bhurtel","4379 Ekantakuna",arif.bhurtel2455@test.com
"Lalit Bahadur Seikh","673 Sundhara",lalit.seikh2456@demo.net
"Lalit Krishna Khadka","7490 Ekantakuna",lalit.khadka2457@example.com
"Rohit Kumar Rajbanshi","8089 Sundhara",rohit.rajbanshi2458@example.com
"Asif Dev Bhandari","7765 Chabel",asif.bhandari2459@demo.net
"Binod Kumar Bhandari","6591 Ratnapark",binod.bhandari2460@random.org
"Karan Bahadur Kami","2321 Ekantakuna",karan.kami2461@demo.net
"Sandeep Gopal Khadka","9649 Baneshwor",sandeep.khadka2462@test.com
"Lalit Dhoj Khadka","2259 Ekantakuna",lalit.khadka2463@random.org
"Karan Dev Lamichane","2766 Sundhara",karan.lamichane2464@demo.net
"Arif Bahadur Rajbanshi","8253 Baneshwor",arif.rajbanshi2465@mail.com
"Sompal Bir Malla","9165 Gaushala",sompal.malla2466@random.org
"Asif Dhoj Bhurtel","8617 New Road",asif.bhurtel2467@demo.net
"Karan Bir Kami","3411 Tinkune",karan.kami2468@mail.com
"Karan Bhopal Rajbanshi","9620 Jawalakhel",karan.rajbanshi2469@demo.net
"Paras Dev Bhandari","9357 Tripureshwor",paras.bhandari2470@random.org
"Karan Lal Paudel","8045 Tripureshwor",karan.paudel2471@demo.net
"Sandeep Bahadur Paudel","4218 Tripureshwor",sandeep.paudel2472@mail.com
"Asif Dev Lamichane","1381 Tinkune",asif.lamichane2473@example.com
"Lalit Dhoj K.C","1029 New Road",lalit.k.c2474@test.com
"Binod Bhopal Kami","662 Chabel",binod.kami2475@test.com
"Asif Dev Kami","7900 Ratnapark",asif.kami2476@example.com
"Asif Bhopal Seikh","2941 Gaushala",asif.seikh2477@example.com
"Paras Bir Kami","8778 New Road",paras.kami2478@random.org
"Asif Bhagat Bhurtel","7749 Sundhara",asif.bhurtel2479@example.com
"Paras Bir Paudel","1386 Ratnapark",paras.paudel2480@demo.net
"Kushal Krishna Lamichane","660 Gaushala",kushal.lamichane2481@random.org
"Paras Kumar Kami","7935 Chabel",paras.kami2482@random.org
"Sompal Dhoj Paudel","1548 Tinkune",sompal.paudel2483@demo.net
"Paras Bir Bhurtel","1058 Tinkune",paras.bhurtel2484@demo.net
"Lalit Bir Lamichane","1507 Jawalakhel",lalit.lamichane2485@test.com
"Asif Dev Seikh","7466 Tinkune",asif.seikh2486@random.org
"Kushal Dhoj Paudel","7752 Chabel",kushal.paudel2487@random.org
"Arif Dhoj K.C","9147 Sundhara",arif.k.c2488@mail.com
"Kushal Bhagat Paudel","9084 Gaushala",kushal.paudel2489@example.com
"Kushal Bhagat Bhurtel","7556 Baneshwor",kushal.bhurtel2490@demo.net
"Sompal Gopal Bhurtel","3894 Tripureshwor",sompal.bhurtel2491@test.com
"Sompal Bir Bhurtel","4386 Tinkune",sompal.bhurtel2492@random.org
"Asif Krishna K.C","686 Ekantakuna",asif.k.c2493@demo.net
"Paras Bahadur Paudel","5823 Chabel",paras.paudel2494@example.com
"Arif Bhagat Bhandari","4810 Baneshwor",arif.bhandari2495@test.com
"Karan Krishna Malla","7914 Tinkune",karan.malla2496@mail.com
"Sandeep Bir Bhandari","2707 Baneshwor",sandeep.bhandari2497@random.org
"Lalit Krishna Khadka","3375 Jawalakhel",lalit.khadka2498@mail.com
"Sandeep Krishna Bhurtel","2249 Ekantakuna",sandeep.bhurtel2499@random.org
"Lalit Kumar K.C","6361 Ekantakuna",lalit.k.c2500@demo.net
"Arif Dhoj Bhurtel","6342 New Road",arif.bhurtel2501@demo.net
"Asif Lal Paudel","1484 Baneshwor",asif.paudel2502@mail.com
"Sompal Bir Paudel","919 Tinkune",sompal.paudel2503@mail.com
"Karan Bir Lamichane","9952 New Road",karan.lamichane2504@demo.net
"Karan Bahadur Kami","1711 Tripureshwor",karan.kami2505@test.com
"Rohit Kumar Bhurtel","9722 Ekantakuna",rohit.bhurtel2506@example.com
"Kushal Gopal K.C","8795 Ekantakuna",kushal.k.c2507@demo.net
"Arif Bhagat Paudel","7771 Tripureshwor",arif.paudel2508@mail.com
"Arif Lal Bhandari","9496 Jawalakhel",arif.bhandari2509@mail.com
"Karan Bhopal Bhandari","6286 Chabel",karan.bhandari2510@demo.net
"Rohit Kumar Kami","4233 Jawalakhel",rohit.kami2511@test.com
"Rohit Gopal Seikh","1777 Ratnapark",rohit.seikh2512@test.com
"Asif Dhoj K.C","4886 Tripureshwor",asif.k.c2513@random.org
"Sandeep Bir Bhandari","9272 Jawalakhel",sandeep.bhandari2514@random.org
"Rohit Bhagat Lamichane","5097 Tinkune",rohit.lamichane2515@mail.com
"Arif Dev K.C","1135 Jawalakhel",arif.k.c2516@test.com
"Paras Bir Malla","3582 Baneshwor",paras.malla2517@test.com
"Karan Bir Khadka","8642 Jawalakhel",karan.khadka2518@example.com
"Lalit Bhopal Bhandari","6066 Tripureshwor",lalit.bhandari2519@random.org
"Arif Gopal K.C","6474 Ratnapark",arif.k.c2520@example.com
"Kushal Bhagat K.C","7975 Ekantakuna",kushal.k.c2521@random.org
"Arif Gopal K.C","6602 Sundhara",arif.k.c2522@test.com
"Lalit Bahadur Bhurtel","6702 Tinkune",lalit.bhurtel2523@test.com
"Karan Bahadur Bhurtel","8295 Baneshwor",karan.bhurtel2524@mail.com
"Rohit Bhagat Khadka","4276 Jawalakhel",rohit.khadka2525@random.org
"Lalit Krishna Lamichane","5018 New Road",lalit.lamichane2526@test.com
"Karan Gopal Bhandari","9793 New Road",karan.bhandari2527@demo.net
"Sandeep Kumar Seikh","2510 Tripureshwor",sandeep.seikh2528@example.com
"Sandeep Bhagat Seikh","7157 Gaushala",sandeep.seikh2529@mail.com
"Sompal Krishna Kami","3052 Chabel",sompal.kami2530@random.org
"Arif Bhagat Khadka","1712 Ratnapark",arif.khadka2531@random.org
"Arif Bir Malla","6398 Tinkune",arif.malla2532@test.com
"Karan Dev Paudel","7079 Tinkune",karan.paudel2533@test.com
"Arif Dhoj Rajbanshi","1051 Chabel",arif.rajbanshi2534@example.com
"Karan Bir Bhurtel","9799 Baneshwor",karan.bhurtel2535@test.com
"Kushal Bahadur Bhurtel","2581 New Road",kushal.bhurtel2536@mail.com
"Lalit Bhagat Bhurtel","4445 Gaushala",lalit.bhurtel2537@test.com
"Sompal Bhagat Rajbanshi","7165 Tripureshwor",sompal.rajbanshi2538@test.com
"Asif Bhopal Paudel","8551 Baneshwor",asif.paudel2539@example.com
"Paras Bahadur Kami","9164 New Road",paras.kami2540@demo.net
"Karan Dhoj K.C","7040 Tinkune",karan.k.c2541@demo.net
"Rohit Dhoj K.C","2940 Gaushala",rohit.k.c2542@demo.net
"Kushal Kumar Kami","6902 Ratnapark",kushal.kami2543@random.org
"Kushal Bhagat Bhurtel","8236 Ekantakuna",kushal.bhurtel2544@example.com
"Karan Krishna K.C","746 Tinkune",karan.k.c2545@example.com
"Paras Bhagat Paudel","4051 Gaushala",paras.paudel2546@mail.com
"Kushal Gopal Paudel","3593 Baneshwor",kushal.paudel2547@mail.com
"Lalit Kumar Bhandari","7495 Sundhara",lalit.bhandari2548@random.org
"Rohit Krishna Rajbanshi","5340 Tinkune",rohit.rajbanshi2549@random.org
"Karan Krishna Kami","7088 Chabel",karan.kami2550@random.org
"Arif Bahadur Rajbanshi","2431 Gaushala",arif.rajbanshi2551@test.com
"Binod Dev Bhandari","4208 Gaushala",binod.bhandari2552@mail.com
"Arif Dev Lamichane","201 Tinkune",arif.lamichane2553@mail.com
"Karan Bahadur Seikh","604 Sundhara",karan.seikh2554@demo.net
"Asif Dev Paudel","9642 Gaushala",asif.paudel2555@test.com
"Sompal Bhopal Khadka","166 New Road",sompal.khadka2556@example.com
"Sandeep Bhopal Bhandari","4126 New Road",sandeep.bhandari2557@random.org
"Arif Gopal Lamichane","2123 Sundhara",arif.lamichane2558@test.com
"Kushal Bahadur Malla","583 Gaushala",kushal.malla2559@random.org
"Rohit Bir Bhandari","4454 Sundhara",rohit.bhandari2560@test.com
"Paras Krishna Malla","4619 Tripureshwor",paras.malla2561@mail.com
"Arif Gopal Kami","3237 Tripureshwor",arif.kami2562@example.com
"Sompal Gopal Khadka","1945 Ratnapark",sompal.khadka2563@test.com
"Paras Bahadur Seikh","3917 Gaushala",paras.seikh2564@random.org
"Arif Dhoj Lamichane","2749 Tripureshwor",arif.lamichane2565@test.com
"Rohit Dev K.C","1798 Tinkune",rohit.k.c2566@example.com
"Arif Bhopal Malla","8397 Tripureshwor",arif.malla2567@mail.com
"Karan Krishna Rajbanshi","4460 Ratnapark",karan.rajbanshi2568@test.com
"Lalit Bahadur Bhandari","2838 Gaushala",lalit.bhandari2569@random.org
"Asif Dhoj Lamichane","5452 Gaushala",asif.lamichane2570@demo.net
"Arif Kumar Lamichane","1452 Chabel",arif.lamichane2571@example.com
"Sandeep Bir Paudel","2433 Ratnapark",sandeep.paudel2572@demo.net
"Rohit Bir Malla","3021 New Road",rohit.malla2573@mail.com
"Sandeep Dhoj Kami","7612 Jawalakhel",sandeep.kami2574@demo.net
"Asif Bir Rajbanshi","999 Gaushala",asif.rajbanshi2575@test.com
"Sompal Bahadur Paudel","3404 Sundhara",sompal.paudel2576@random.org
"Arif Bhopal Kami","3509 New Road",arif.kami2577@random.org
"Paras Bahadur Paudel","5739 Jawalakhel",paras.paudel2578@demo.net
"Kushal Bir Seikh","9507 Ekantakuna",kushal.seikh2579@example.com
"Binod Kumar Bhurtel","2522 Tripureshwor",binod.bhurtel2580@demo.net
"Asif Bahadur K.C","2942 Chabel",asif.k.c2581@random.org
"Kushal Bhagat Seikh","8787 Sundhara",kushal.seikh2582@example.com
"Lalit Gopal Bhandari","160 Ekantakuna",lalit.bhandari2583@random.org
"Sompal Lal Khadka","551 Tinkune",sompal.khadka2584@random.org
"Karan Kumar K.C","8044 Gaushala",karan.k.c2585@mail.com
"Rohit Dhoj Malla","1516 Chabel",rohit.malla2586@mail.com
"Arif Gopal Khadka","7035 Jawalakhel",arif.khadka2587@test.com
"Karan Bahadur Khadka","5016 Ratnapark",karan.khadka2588@demo.net
"Arif Dev Lamichane","9850 Jawalakhel",arif.lamichane2589@random.org
"Kushal Bahadur Malla","395 Ekantakuna",kushal.malla2590@random.org
"Kushal Bahadur Paudel","5238 Ekantakuna",kushal.paudel2591@random.org
"Asif Gopal Malla","387 Tinkune",asif.malla2592@example.com
"Kushal Dev K.C","2975 Jawalakhel",kushal.k.c2593@demo.net
"Kushal Dhoj K.C","5671 Ekantakuna",kushal.k.c2594@random.org
"Lalit Gopal Lamichane","4789 Tinkune",lalit.lamichane2595@random.org
"Rohit Bahadur Bhurtel","2218 Chabel",rohit.bhurtel2596@test.com
"Binod Kumar Bhandari","2797 New Road",binod.bhandari2597@mail.com
"Binod Dev Paudel","6934 Chabel",binod.paudel2598@mail.com
"Rohit Dev Seikh","1581 Sundhara",rohit.seikh2599@example.com
"Rohit Bhagat Seikh","2924 Jawalakhel",rohit.seikh2600@test.com
"Asif Dev Paudel","7139 Chabel",asif.paudel2601@demo.net
"Asif Bhopal Paudel","9280 Chabel",asif.paudel2602@test.com
"Asif Bahadur Bhandari","988 Ekantakuna",asif.bhandari2603@example.com
"Sandeep Dhoj Kami","6307 Ratnapark",sandeep.kami2604@demo.net
"Sompal Bahadur Bhandari","5170 Sundhara",sompal.bhandari2605@random.org
"Arif Bhopal Rajbanshi","8890 Tinkune",arif.rajbanshi2606@example.com
"Sandeep Bahadur Seikh","3064 Ratnapark",sandeep.seikh2607@mail.com
"Rohit Bahadur Bhandari","894 New Road",rohit.bhandari2608@mail.com
"Kushal Krishna Bhandari","5936 Jawalakhel",kushal.bhandari2609@test.com
"Karan Krishna Lamichane","203 Chabel",karan.lamichane2610@test.com
"Asif Kumar Rajbanshi","6693 Tripureshwor",asif.rajbanshi2611@mail.com
"Sandeep Lal Khadka","4856 New Road",sandeep.khadka2612@random.org
"Kushal Dev Bhandari","5525 Sundhara",kushal.bhandari2613@random.org
"Sandeep Lal Bhandari","5466 Tinkune",sandeep.bhandari2614@test.com
"Rohit Krishna Khadka","5041 Sundhara",rohit.khadka2615@example.com
"Karan Bir K.C","9300 New Road",karan.k.c2616@example.com
"Kushal Bir Bhandari","2038 New Road",kushal.bhandari2617@demo.net
"Karan Bir Khadka","8166 Sundhara",karan.khadka2618@example.com
"Paras Bahadur Lamichane","667 Baneshwor",paras.lamichane2619@test.com
"Asif Bahadur Khadka","2119 Ekantakuna",asif.khadka2620@test.com
"Karan Krishna Bhurtel","3750 Jawalakhel",karan.bhurtel2621@test.com
"Sompal Gopal Malla","7372 Jawalakhel",sompal.malla2622@test.com
"Arif Bir Paudel","8460 Sundhara",arif.paudel2623@demo.net
"Arif Bhopal Paudel","244 Gaushala",arif.paudel2624@demo.net
"Binod Lal Paudel","4816 Ratnapark",binod.paudel2625@mail.com
"Binod Kumar Kami","6467 Ratnapark",binod.kami2626@random.org
"Sandeep Bir Lamichane","5849 New Road",sandeep.lamichane2627@example.com
"Arif Gopal Lamichane","6394 Baneshwor",arif.lamichane2628@example.com
"Kushal Lal Seikh","299 Sundhara",kushal.seikh2629@random.org
"Sandeep Bir K.C","1150 Baneshwor",sandeep.k.c2630@test.com
"Sandeep Bir Lamichane","9546 Sundhara",sandeep.lamichane2631@demo.net
"Sandeep Krishna Seikh","3254 New Road",sandeep.seikh2632@random.org
"Karan Bhopal Rajbanshi","6236 Tripureshwor",karan.rajbanshi2633@example.com
"Asif Kumar Khadka","3611 Baneshwor",asif.khadka2634@example.com
"Sompal Bhagat Bhandari","3003 Sundhara",sompal.bhandari2635@example.com
"Sompal Lal K.C","4873 New Road",sompal.k.c2636@demo.net
"Kushal Lal Rajbanshi","4148 Ekantakuna",kushal.rajbanshi2637@example.com
"Sompal Dev Lamichane","3187 Tripureshwor",sompal.lamichane2638@mail.com
"Binod Bir K.C","2235 Gaushala",binod.k.c2639@demo.net
"Kushal Dhoj Paudel","5495 New Road",kushal.paudel2640@demo.net
"Sompal Bhopal K.C","7879 Ratnapark",sompal.k.c2641@demo.net
"Sompal Dev Lamichane","8041 Tinkune",sompal.lamichane2642@random.org
"Paras Lal Rajbanshi","7562 Ratnapark",paras.rajbanshi2643@test.com
"Karan Dhoj Kami","7176 Ekantakuna",karan.kami2644@mail.com
"Kushal Bhopal Bhurtel","118 Ratnapark",kushal.bhurtel2645@test.com
"Karan Dhoj Bhurtel","7941 New Road",karan.bhurtel2646@random.org
"Rohit Bhopal Malla","3490 Tripureshwor",rohit.malla2647@example.com
"Sandeep Bhopal K.C","354 Gaushala",sandeep.k.c2648@random.org
"Paras Gopal Seikh","5458 Chabel",paras.seikh2649@mail.com
"Sompal Bhagat K.C","1185 Chabel",sompal.k.c2650@test.com
"Asif Kumar K.C","1153 Baneshwor",asif.k.c2651@random.org
"Lalit Krishna Bhurtel","1445 Ekantakuna",lalit.bhurtel2652@mail.com
"Asif Bhagat Seikh","9694 Sundhara",asif.seikh2653@demo.net
"Kushal Bhagat Lamichane","8538 Sundhara",kushal.lamichane2654@example.com
"Asif Bhagat Khadka","9435 Sundhara",asif.khadka2655@example.com
"Paras Bhagat Rajbanshi","629 New Road",paras.rajbanshi2656@demo.net
"Sompal Krishna Lamichane","2066 Chabel",sompal.lamichane2657@example.com
"Karan Bir Khadka","8011 Baneshwor",karan.khadka2658@random.org
"Kushal Lal Malla","1724 Sundhara",kushal.malla2659@test.com
"Kushal Gopal Seikh","3077 New Road",kushal.seikh2660@demo.net
"Sandeep Kumar Bhandari","8630 Tinkune",sandeep.bhandari2661@mail.com
"Arif Gopal Seikh","5886 Baneshwor",arif.seikh2662@test.com
"Karan Bhopal Lamichane","3605 Gaushala",karan.lamichane2663@demo.net
"Binod Bahadur Seikh","601 New Road",binod.seikh2664@example.com
"Kushal Bahadur Kami","4738 Ratnapark",kushal.kami2665@test.com
"Binod Bhopal Bhurtel","8632 Jawalakhel",binod.bhurtel2666@example.com
"Binod Bhagat Khadka","2394 Tripureshwor",binod.khadka2667@test.com
"Karan Dhoj Paudel","4861 Ratnapark",karan.paudel2668@demo.net
"Sandeep Bir Kami","4535 Ratnapark",sandeep.kami2669@demo.net
"Paras Dev Bhurtel","8311 Chabel",paras.bhurtel2670@test.com
"Sandeep Kumar Lamichane","182 Gaushala",sandeep.lamichane2671@test.com
"Kushal Lal Bhurtel","693 Tinkune",kushal.bhurtel2672@mail.com
"Rohit Kumar Seikh","2461 New Road",rohit.seikh2673@mail.com
"Arif Krishna Lamichane","8173 Tripureshwor",arif.lamichane2674@random.org
"Binod Gopal Paudel","4830 Gaushala",binod.paudel2675@example.com
"Arif Dev Malla","8227 Tinkune",arif.malla2676@example.com
"Asif Bahadur Bhandari","8916 Tripureshwor",asif.bhandari2677@mail.com
"Lalit Bir Seikh","5135 Ekantakuna",lalit.seikh2678@demo.net
"Asif Gopal Bhurtel","1284 Jawalakhel",asif.bhurtel2679@demo.net
"Karan Dev Bhurtel","1175 Ratnapark",karan.bhurtel2680@random.org
"Arif Lal Paudel","1250 Gaushala",arif.paudel2681@example.com
"Binod Kumar Bhandari","5199 Ekantakuna",binod.bhandari2682@example.com
"Sandeep Kumar Kami","3267 Gaushala",sandeep.kami2683@mail.com
"Arif Dev Bhandari","929 Sundhara",arif.bhandari2684@random.org
"Paras Bahadur Rajbanshi","1692 Tinkune",paras.rajbanshi2685@example.com
"Sandeep Bahadur Khadka","7835 Chabel",sandeep.khadka2686@mail.com
"Rohit Bir Rajbanshi","768 Sundhara",rohit.rajbanshi2687@mail.com
"Asif Kumar Malla","6656 Tinkune",asif.malla2688@example.com
"Asif Kumar Malla","7093 Sundhara",asif.malla2689@demo.net
"Karan Dhoj Kami","3978 New Road",karan.kami2690@example.com
"Kushal Kumar Paudel","4318 Baneshwor",kushal.paudel2691@example.com
"Paras Gopal Kami","2861 Ekantakuna",paras.kami2692@example.com
"Kushal Bhopal Kami","1041 Jawalakhel",kushal.kami2693@example.com
"Arif Bahadur Khadka","3163 Tripureshwor",arif.khadka2694@example.com
"Asif Bhagat Malla","9189 Ratnapark",asif.malla2695@mail.com
"Sompal Gopal K.C","1157 Tripureshwor",sompal.k.c2696@demo.net
"Lalit Dev Kami","429 Baneshwor",lalit.kami2697@test.com
"Arif Dev Lamichane","1970 Baneshwor",arif.lamichane2698@example.com
"Binod Kumar Bhurtel","2968 Jawalakhel",binod.bhurtel2699@random.org
"Asif Gopal Rajbanshi","4988 Sundhara",asif.rajbanshi2700@demo.net
"Karan Bir Rajbanshi","4640 Sundhara",karan.rajbanshi2701@example.com
"Paras Krishna Kami","3449 Sundhara",paras.kami2702@demo.net
"Arif Gopal Malla","7608 Jawalakhel",arif.malla2703@test.com
"Kushal Dev Kami","2091 Ratnapark",kushal.kami2704@example.com
"Asif Bahadur Malla","9903 New Road",asif.malla2705@mail.com
"Kushal Kumar Paudel","8997 Gaushala",kushal.paudel2706@mail.com
"Binod Dev Lamichane","7879 Sundhara",binod.lamichane2707@mail.com
"Binod Bahadur Lamichane","7458 New Road",binod.lamichane2708@demo.net
"Kushal Bir Khadka","1013 Chabel",kushal.khadka2709@demo.net
"Lalit Krishna Rajbanshi","8167 Ratnapark",lalit.rajbanshi2710@mail.com
"Sandeep Bhagat Paudel","7784 Chabel",sandeep.paudel2711@mail.com
"Rohit Gopal Lamichane","7388 Tinkune",rohit.lamichane2712@random.org
"Arif Bahadur K.C","2135 New Road",arif.k.c2713@demo.net
"Lalit Krishna Bhandari","2201 Tripureshwor",lalit.bhandari2714@random.org
"Kushal Dev Lamichane","4754 Sundhara",kushal.lamichane2715@example.com
"Sandeep Bhagat Khadka","7320 Tripureshwor",sandeep.khadka2716@demo.net
"Sandeep Dhoj Seikh","5783 Tripureshwor",sandeep.seikh2717@example.com
"Paras Dev Bhandari","170 Ekantakuna",paras.bhandari2718@demo.net
"Kushal Dev Lamichane","9486 Tinkune",kushal.lamichane2719@random.org
"Kushal Kumar Bhurtel","9466 Tinkune",kushal.bhurtel2720@random.org
"Sompal Lal Lamichane","6566 Baneshwor",sompal.lamichane2721@example.com
"Sompal Bhopal Lamichane","8782 Tripureshwor",sompal.lamichane2722@mail.com
"Paras Bhagat Lamichane","1412 Tripureshwor",paras.lamichane2723@demo.net
"Lalit Bir Bhandari","6350 New Road",lalit.bhandari2724@demo.net
"Sompal Bahadur Bhandari","6022 Sundhara",sompal.bhandari2725@test.com
"Asif Dev K.C","3394 Sundhara",asif.k.c2726@mail.com
"Kushal Bir Rajbanshi","1065 Ekantakuna",kushal.rajbanshi2727@random.org
"Karan Lal Bhurtel","526 Ratnapark",karan.bhurtel2728@random.org
"Paras Bahadur K.C","6794 Chabel",paras.k.c2729@demo.net
"Sandeep Krishna Bhandari","7073 Ekantakuna",sandeep.bhandari2730@example.com
"Sandeep Bahadur Lamichane","3461 New Road",sandeep.lamichane2731@mail.com
"Sandeep Bhopal Paudel","6281 Tinkune",sandeep.paudel2732@demo.net
"Karan Krishna Seikh","9265 Ekantakuna",karan.seikh2733@demo.net
"Lalit Lal Malla","1235 New Road",lalit.malla2734@mail.com
"Lalit Krishna Paudel","2806 Sundhara",lalit.paudel2735@example.com
"Rohit Krishna Lamichane","3449 Gaushala",rohit.lamichane2736@mail.com
"Karan Bir Kami","1827 Tripureshwor",karan.kami2737@mail.com
"Asif Bahadur Bhandari","7640 Tinkune",asif.bhandari2738@random.org
"Sompal Bahadur Khadka","106 Chabel",sompal.khadka2739@test.com
"Paras Dev Kami","4211 Tripureshwor",paras.kami2740@example.com
"Lalit Bhagat Paudel","6650 Sundhara",lalit.paudel2741@random.org
"Kushal Dev Khadka","3906 Tripureshwor",kushal.khadka2742@random.org
"Kushal Bahadur Bhurtel","1726 Sundhara",kushal.bhurtel2743@demo.net
"Sompal Krishna Rajbanshi","4993 Baneshwor",sompal.rajbanshi2744@mail.com
"Kushal Kumar Paudel","9450 Chabel",kushal.paudel2745@test.com
"Lalit Bahadur Paudel","7602 Tripureshwor",lalit.paudel2746@mail.com
"Arif Bhopal Kami","9243 Tinkune",arif.kami2747@test.com
"Asif Gopal Bhandari","8154 New Road",asif.bhandari2748@test.com
"Paras Bhagat Bhurtel","960 Tinkune",paras.bhurtel2749@demo.net
"Asif Lal Paudel","5982 Chabel",asif.paudel2750@demo.net
"Karan Dhoj Bhurtel","8770 Gaushala",karan.bhurtel2751@example.com
"Karan Kumar Kami","8822 Tinkune",karan.kami2752@demo.net
"Karan Krishna Paudel","929 Baneshwor",karan.paudel2753@example.com
"Sompal Bahadur Khadka","270 Jawalakhel",sompal.khadka2754@example.com
"Asif Lal Rajbanshi","9904 Gaushala",asif.rajbanshi2755@test.com
"Arif Dev Seikh","9087 Tinkune",arif.seikh2756@test.com
"Paras Bhagat Rajbanshi","3152 Ekantakuna",paras.rajbanshi2757@random.org
"Lalit Bahadur Kami","3816 Ratnapark",lalit.kami2758@demo.net
"Lalit Bhopal Lamichane","680 Ekantakuna",lalit.lamichane2759@mail.com
"Rohit Krishna Khadka","7827 Tinkune",rohit.khadka2760@mail.com
"Asif Gopal Bhandari","9326 Tripureshwor",asif.bhandari2761@example.com
"Sandeep Bhagat Paudel","2682 Tripureshwor",sandeep.paudel2762@test.com
"Lalit Krishna Kami","2463 Ratnapark",lalit.kami2763@example.com
"Karan Gopal K.C","6452 New Road",karan.k.c2764@random.org
"Paras Dhoj Malla","9463 Ratnapark",paras.malla2765@example.com
"Sompal Bhopal Bhurtel","9473 Ekantakuna",sompal.bhurtel2766@random.org
"Kushal Krishna Khadka","479 Ekantakuna",kushal.khadka2767@mail.com
"Asif Bir Paudel","546 Jawalakhel",asif.paudel2768@example.com
"Binod Bhopal Rajbanshi","8312 Jawalakhel",binod.rajbanshi2769@mail.com
"Rohit Bhagat Bhandari","772 New Road",rohit.bhandari2770@test.com
"Sandeep Lal Bhandari","6220 Chabel",sandeep.bhandari2771@random.org
"Arif Lal Malla","5412 Ekantakuna",arif.malla2772@mail.com
"Asif Gopal Khadka","1382 Tripureshwor",asif.khadka2773@random.org
"Lalit Kumar Bhandari","7576 New Road",lalit.bhandari2774@demo.net
"Arif Bahadur Khadka","4041 Gaushala",arif.khadka2775@mail.com
"Binod Lal Rajbanshi","926 Jawalakhel",binod.rajbanshi2776@test.com
"Lalit Krishna Lamichane","8088 Ratnapark",lalit.lamichane2777@demo.net
"Sandeep Bir Rajbanshi","7605 Tinkune",sandeep.rajbanshi2778@example.com
"Sompal Bhagat Paudel","3841 Baneshwor",sompal.paudel2779@example.com
"Rohit Bhagat Paudel","998 Jawalakhel",rohit.paudel2780@random.org
"Karan Krishna Khadka","4278 Tripureshwor",karan.khadka2781@test.com
"Paras Kumar Bhandari","6128 Chabel",paras.bhandari2782@example.com
"Arif Bahadur Seikh","6597 Ekantakuna",arif.seikh2783@example.com
"Sompal Bhagat Malla","4304 Jawalakhel",sompal.malla2784@random.org
"Rohit Dhoj Lamichane","6559 Ekantakuna",rohit.lamichane2785@example.com
"Asif Dev Lamichane","5552 Chabel",asif.lamichane2786@random.org
"Rohit Bhagat Bhandari","1378 Jawalakhel",rohit.bhandari2787@mail.com
"Sompal Dhoj Khadka","5403 Sundhara",sompal.khadka2788@test.com
"Binod Bhagat Bhandari","2143 Tripureshwor",binod.bhandari2789@example.com
"Kushal Bhagat Lamichane","5023 Sundhara",kushal.lamichane2790@test.com
"Lalit Gopal Khadka","3969 Ekantakuna",lalit.khadka2791@demo.net
"Binod Bhagat Kami","4124 Sundhara",binod.kami2792@mail.com
"Kushal Krishna Lamichane","1412 Ekantakuna",kushal.lamichane2793@mail.com
"Paras Bhagat Seikh","7774 Chabel",paras.seikh2794@example.com
"Arif Kumar Paudel","1969 Tripureshwor",arif.paudel2795@mail.com
"Sompal Bhopal Bhurtel","8045 Baneshwor",sompal.bhurtel2796@example.com
"Lalit Gopal Rajbanshi","4314 Chabel",lalit.rajbanshi2797@demo.net
"Arif Gopal Paudel","1272 Tripureshwor",arif.paudel2798@random.org
"Binod Dhoj Malla","6643 Baneshwor",binod.malla2799@demo.net
"Paras Krishna Khadka","5762 Chabel",paras.khadka2800@example.com
"Sompal Bahadur Khadka","8831 Ekantakuna",sompal.khadka2801@example.com
"Karan Lal Rajbanshi","1817 Baneshwor",karan.rajbanshi2802@test.com
"Sompal Bhopal Kami","6895 Gaushala",sompal.kami2803@test.com
"Sompal Bir Rajbanshi","4238 Ratnapark",sompal.rajbanshi2804@demo.net
"Binod Krishna Bhandari","4348 Sundhara",binod.bhandari2805@example.com
"Lalit Bir Rajbanshi","5578 Tripureshwor",lalit.rajbanshi2806@demo.net
"Lalit Bhopal Bhurtel","3687 Baneshwor",lalit.bhurtel2807@test.com
"Kushal Dhoj Kami","489 Jawalakhel",kushal.kami2808@test.com
"Sompal Bahadur Bhurtel","5771 Sundhara",sompal.bhurtel2809@test.com
"Arif Bir Bhurtel","1782 Sundhara",arif.bhurtel2810@mail.com
"Kushal Lal Seikh","2649 Ekantakuna",kushal.seikh2811@demo.net
"Rohit Bir Seikh","3170 Jawalakhel",rohit.seikh2812@random.org
"Paras Lal Paudel","4981 Jawalakhel",paras.paudel2813@random.org
"Sompal Dev K.C","2026 Jawalakhel",sompal.k.c2814@test.com
"Asif Kumar Malla","8864 New Road",asif.malla2815@demo.net
"Asif Krishna Lamichane","5753 Sundhara",asif.lamichane2816@test.com
"Karan Bir Rajbanshi","2432 Baneshwor",karan.rajbanshi2817@demo.net
"Binod Bhopal Seikh","8710 Sundhara",binod.seikh2818@test.com
"Asif Kumar Bhandari","6974 New Road",asif.bhandari2819@mail.com
"Sompal Lal Bhurtel","4554 Chabel",sompal.bhurtel2820@random.org
"Asif Bhopal Paudel","5439 Ekantakuna",asif.paudel2821@example.com
"Arif Lal Rajbanshi","7725 Chabel",arif.rajbanshi2822@demo.net
"Rohit Lal Rajbanshi","9792 Tinkune",rohit.rajbanshi2823@example.com
"Binod Bhagat Rajbanshi","9606 Sundhara",binod.rajbanshi2824@example.com
"Binod Bahadur K.C","3615 Tinkune",binod.k.c2825@random.org
"Sompal Bahadur Khadka","5038 New Road",sompal.khadka2826@test.com
"Rohit Bahadur Kami","8079 Tripureshwor",rohit.kami2827@demo.net
"Sandeep Lal Bhurtel","3198 Chabel",sandeep.bhurtel2828@example.com
"Paras Bhagat K.C","4237 Ratnapark",paras.k.c2829@example.com
"Arif Bhopal Malla","7707 Tripureshwor",arif.malla2830@test.com
"Kushal Lal Paudel","8980 Tinkune",kushal.paudel2831@random.org
"Arif Bahadur Malla","7301 Ratnapark",arif.malla2832@random.org
"Paras Lal Bhandari","4007 Sundhara",paras.bhandari2833@test.com
"Kushal Dev Seikh","5713 Jawalakhel",kushal.seikh2834@test.com
"Sompal Bahadur Khadka","9637 Baneshwor",sompal.khadka2835@test.com
"Binod Lal Bhandari","1622 New Road",binod.bhandari2836@demo.net
"Arif Bhopal Lamichane","3066 Ekantakuna",arif.lamichane2837@random.org
"Rohit Dev Kami","6990 Gaushala",rohit.kami2838@random.org
"Asif Bahadur Seikh","2465 Chabel",asif.seikh2839@test.com
"Binod Bhopal Malla","6887 Tripureshwor",binod.malla2840@mail.com
"Lalit Dev Kami","3125 Ratnapark",lalit.kami2841@demo.net
"Sompal Krishna Malla","8180 Ekantakuna",sompal.malla2842@example.com
"Binod Bhagat Malla","7454 Sundhara",binod.malla2843@example.com
"Kushal Dev Paudel","2457 New Road",kushal.paudel2844@example.com
"Paras Krishna Lamichane","7116 Sundhara",paras.lamichane2845@test.com
"Karan Dhoj Bhurtel","947 Baneshwor",karan.bhurtel2846@random.org
"Sompal Krishna Paudel","3881 Ratnapark",sompal.paudel2847@example.com
"Karan Lal Bhurtel","8829 Baneshwor",karan.bhurtel2848@test.com
"Lalit Bhagat Malla","4188 Baneshwor",lalit.malla2849@demo.net
"Sandeep Dhoj K.C","6224 Ekantakuna",sandeep.k.c2850@demo.net
"Sandeep Dev Seikh","2685 Sundhara",sandeep.seikh2851@test.com
"Paras Gopal Rajbanshi","8717 Gaushala",paras.rajbanshi2852@random.org
"Sompal Bir Seikh","7953 Ratnapark",sompal.seikh2853@demo.net
"Lalit Dhoj Kami","7756 New Road",lalit.kami2854@test.com
"Asif Kumar K.C","1417 New Road",asif.k.c2855@test.com
"Binod Gopal Bhandari","1377 Tinkune",binod.bhandari2856@demo.net
"Arif Kumar Lamichane","6803 Jawalakhel",arif.lamichane2857@example.com
"Kushal Kumar Malla","9851 Chabel",kushal.malla2858@demo.net
"Rohit Bir Kami","6532 Ratnapark",rohit.kami2859@demo.net
"Binod Dhoj Seikh","4740 Baneshwor",binod.seikh2860@mail.com
"Kushal Bahadur Malla","2693 Gaushala",kushal.malla2861@test.com
"Sandeep Dev Paudel","1149 Gaushala",sandeep.paudel2862@test.com
"Karan Bir Kami","6104 Tinkune",karan.kami2863@mail.com
"Karan Krishna Lamichane","2396 Chabel",karan.lamichane2864@test.com
"Sompal Dhoj Bhandari","4124 Sundhara",sompal.bhandari2865@mail.com
"Sompal Gopal K.C","2122 Jawalakhel",sompal.k.c2866@example.com
"Binod Bir Bhandari","8684 Ratnapark",binod.bhandari2867@random.org
"Karan Gopal Bhurtel","720 Ekantakuna",karan.bhurtel2868@random.org
"Arif Gopal Lamichane","6572 Baneshwor",arif.lamichane2869@mail.com
"Sompal Dhoj Paudel","9467 Chabel",sompal.paudel2870@test.com
"Karan Bir Khadka","4676 New Road",karan.khadka2871@test.com
"Binod Dhoj Bhurtel","8220 Sundhara",binod.bhurtel2872@demo.net
"Rohit Dhoj Khadka","3176 New Road",rohit.khadka2873@demo.net
"Binod Bir Kami","7689 Chabel",binod.kami2874@test.com
"Paras Krishna Lamichane","4822 Tinkune",paras.lamichane2875@example.com
"Arif Kumar K.C","2827 Ratnapark",arif.k.c2876@demo.net
"Binod Dev Khadka","8477 Tinkune",binod.khadka2877@demo.net
"Karan Dhoj K.C","6065 Ratnapark",karan.k.c2878@example.com
"Sandeep Bhagat Kami","9959 Sundhara",sandeep.kami2879@random.org
"Kushal Lal Paudel","612 Ekantakuna",kushal.paudel2880@random.org
"Rohit Kumar Khadka","5429 Chabel",rohit.khadka2881@random.org
"Karan Kumar Khadka","8358 Chabel",karan.khadka2882@example.com
"Rohit Bahadur Paudel","179 Tinkune",rohit.paudel2883@random.org
"Paras Bir Malla","1920 Baneshwor",paras.malla2884@random.org
"Sandeep Bir Khadka","2804 Tripureshwor",sandeep.khadka2885@test.com
"Paras Dhoj Khadka","376 Tinkune",paras.khadka2886@random.org
"Binod Bhopal Seikh","2228 Baneshwor",binod.seikh2887@random.org
"Binod Bhagat Seikh","5863 New Road",binod.seikh2888@mail.com
"Paras Dev Kami","8938 Gaushala",paras.kami2889@random.org
"Paras Dev Bhurtel","1872 Tripureshwor",paras.bhurtel2890@test.com
"Rohit Lal Bhurtel","2776 Baneshwor",rohit.bhurtel2891@demo.net
"Binod Kumar Malla","8471 Chabel",binod.malla2892@example.com
"Arif Bhagat Malla","320 Chabel",arif.malla2893@test.com
"Paras Bhagat Kami","9070 Ekantakuna",paras.kami2894@demo.net
"Lalit Dev Bhurtel","7958 Chabel",lalit.bhurtel2895@demo.net
"Karan Dhoj Khadka","2780 Chabel",karan.khadka2896@test.com
"Sandeep Lal Bhandari","3428 New Road",sandeep.bhandari2897@test.com
"Arif Bahadur Bhurtel","666 Chabel",arif.bhurtel2898@random.org
"Kushal Kumar Bhandari","3188 Tripureshwor",kushal.bhandari2899@demo.net
"Karan Bhagat Bhandari","5702 Tinkune",karan.bhandari2900@random.org
"Sompal Gopal Rajbanshi","106 New Road",sompal.rajbanshi2901@mail.com
"Asif Dev Bhandari","5492 Chabel",asif.bhandari2902@demo.net
"Arif Dev Bhandari","8472 Sundhara",arif.bhandari2903@test.com
"Kushal Gopal Lamichane","6464 Tripureshwor",kushal.lamichane2904@test.com
"Lalit Dev Malla","6390 Chabel",lalit.malla2905@mail.com
"Rohit Bhopal Paudel","6398 Gaushala",rohit.paudel2906@example.com
"Kushal Bir Malla","4386 Chabel",kushal.malla2907@demo.net
"Binod Bahadur Paudel","4067 Gaushala",binod.paudel2908@random.org
"Kushal Gopal Malla","3698 Baneshwor",kushal.malla2909@mail.com
"Asif Bhopal Seikh","8364 Jawalakhel",asif.seikh2910@test.com
"Kushal Gopal Bhandari","1524 Sundhara",kushal.bhandari2911@random.org
"Kushal Bahadur Paudel","7244 Jawalakhel",kushal.paudel2912@test.com
"Sompal Krishna Bhandari","5240 Ratnapark",sompal.bhandari2913@demo.net
"Arif Gopal Khadka","9710 Tripureshwor",arif.khadka2914@test.com
"Lalit Lal Bhandari","3815 Chabel",lalit.bhandari2915@demo.net
"Paras Krishna Malla","4552 Chabel",paras.malla2916@random.org
"Asif Bhagat Khadka","9899 Ratnapark",asif.khadka2917@test.com
"Sompal Bhagat Seikh","4712 New Road",sompal.seikh2918@test.com
"Rohit Lal K.C","5822 Ratnapark",rohit.k.c2919@demo.net
"Binod Bir Seikh","1795 Sundhara",binod.seikh2920@demo.net
"Karan Dhoj Kami","5552 Tinkune",karan.kami2921@mail.com
"Sompal Bhopal Malla","9358 Jawalakhel",sompal.malla2922@random.org
"Paras Krishna Kami","7655 Sundhara",paras.kami2923@example.com
"Binod Bahadur Paudel","8641 New Road",binod.paudel2924@example.com
"Sandeep Bir Bhurtel","557 Tripureshwor",sandeep.bhurtel2925@example.com
"Karan Krishna Bhurtel","8376 Tinkune",karan.bhurtel2926@mail.com
"Arif Gopal Lamichane","684 Baneshwor",arif.lamichane2927@example.com
"Paras Bhagat Seikh","2572 Gaushala",paras.seikh2928@mail.com
"Sompal Kumar Rajbanshi","1583 Gaushala",sompal.rajbanshi2929@test.com
"Binod Krishna Bhurtel","284 Tinkune",binod.bhurtel2930@test.com
"Sandeep Bhopal K.C","9065 Gaushala",sandeep.k.c2931@test.com
"Asif Bahadur Seikh","5159 Tripureshwor",asif.seikh2932@demo.net
"Lalit Kumar Bhandari","3115 Tinkune",lalit.bhandari2933@demo.net
"Sompal Bhopal Bhurtel","3557 Gaushala",sompal.bhurtel2934@example.com
"Rohit Dev Khadka","5794 Baneshwor",rohit.khadka2935@random.org
"Paras Lal Khadka","3080 Chabel",paras.khadka2936@random.org
"Sandeep Krishna Rajbanshi","5361 Ratnapark",sandeep.rajbanshi2937@mail.com
"Asif Bhagat Bhandari","818 Tinkune",asif.bhandari2938@mail.com
"Asif Bir Paudel","8309 Gaushala",asif.paudel2939@example.com
"Sandeep Lal Seikh","7993 Sundhara",sandeep.seikh2940@mail.com
"Lalit Dev Paudel","4612 Jawalakhel",lalit.paudel2941@random.org
"Asif Gopal Seikh","4816 Tripureshwor",asif.seikh2942@demo.net
"Paras Gopal Paudel","7279 Chabel",paras.paudel2943@random.org
"Kushal Krishna Rajbanshi","2426 New Road",kushal.rajbanshi2944@random.org
"Karan Lal Malla","6364 Chabel",karan.malla2945@example.com
"Sandeep Bir Seikh","1291 Ekantakuna",sandeep.seikh2946@random.org
"Paras Krishna Rajbanshi","3019 Gaushala",paras.rajbanshi2947@mail.com
"Sompal Krishna Kami","8273 Tripureshwor",sompal.kami2948@example.com
"Binod Kumar Khadka","3172 Sundhara",binod.khadka2949@example.com
"Sompal Bahadur K.C","6170 Ekantakuna",sompal.k.c2950@demo.net
"Sandeep Bir K.C","7118 Sundhara",sandeep.k.c2951@example.com
"Sompal Dev Seikh","6631 Jawalakhel",sompal.seikh2952@test.com
"Paras Dhoj Paudel","6363 Baneshwor",paras.paudel2953@example.com
"Arif Dhoj Kami","3074 Baneshwor",arif.kami2954@demo.net
"Rohit Bhagat Paudel","5322 Ratnapark",rohit.paudel2955@mail.com
"Kushal Bhagat Paudel","5739 Baneshwor",kushal.paudel2956@random.org
"Paras Bhopal Khadka","1986 Tinkune",paras.khadka2957@mail.com
"Paras Bhagat Paudel","3303 Jawalakhel",paras.paudel2958@random.org
"Kushal Dhoj Rajbanshi","5459 Ratnapark",kushal.rajbanshi2959@random.org
"Lalit Gopal Bhurtel","402 Tinkune",lalit.bhurtel2960@random.org
"Lalit Gopal Khadka","8732 Jawalakhel",lalit.khadka2961@example.com
"Sompal Bahadur K.C","1935 Baneshwor",sompal.k.c2962@test.com
"Sandeep Bahadur Seikh","2893 Ratnapark",sandeep.seikh2963@example.com
"Kushal Bhagat Malla","722 Chabel",kushal.malla2964@demo.net
"Arif Kumar Khadka","8020 Ratnapark",arif.khadka2965@demo.net
"Sompal Dev Paudel","3375 Sundhara",sompal.paudel2966@demo.net
"Asif Kumar Kami","3696 Tinkune",asif.kami2967@demo.net
"Sompal Bhagat Bhandari","5922 Jawalakhel",sompal.bhandari2968@test.com
"Asif Dev Bhandari","2837 Tinkune",asif.bhandari2969@test.com
"Asif Krishna Bhandari","4836 Baneshwor",asif.bhandari2970@mail.com
"Asif Krishna Kami","2194 Baneshwor",asif.kami2971@mail.com
"Kushal Dev Lamichane","6342 New Road",kushal.lamichane2972@test.com
"Binod Dev Bhandari","8011 Tinkune",binod.bhandari2973@example.com
"Kushal Dev Kami","5534 Sundhara",kushal.kami2974@demo.net
"Kushal Bhagat Khadka","8748 Tripureshwor",kushal.khadka2975@test.com
"Asif Krishna Malla","4427 Ekantakuna",asif.malla2976@example.com
"Kushal Dev Bhurtel","7107 Tinkune",kushal.bhurtel2977@example.com
"Kushal Gopal Paudel","7182 New Road",kushal.paudel2978@mail.com
"Kushal Kumar Paudel","3715 Tripureshwor",kushal.paudel2979@mail.com
"Rohit Bahadur Bhurtel","1044 Tinkune",rohit.bhurtel2980@demo.net
"Sompal Lal Bhurtel","8008 New Road",sompal.bhurtel2981@mail.com
"Sandeep Bhagat Kami","9371 Baneshwor",sandeep.kami2982@random.org
"Kushal Bhagat Kami","9697 Baneshwor",kushal.kami2983@demo.net
"Kushal Dev Lamichane","7372 Ekantakuna",kushal.lamichane2984@demo.net
"Paras Lal Bhandari","2310 Tinkune",paras.bhandari2985@demo.net
"Asif Bahadur Kami","9416 Tinkune",asif.kami2986@test.com
"Arif Kumar Bhandari","7553 Ekantakuna",arif.bhandari2987@example.com
"Sompal Gopal Malla","6721 Jawalakhel",sompal.malla2988@mail.com
"Binod Krishna K.C","6527 Tinkune",binod.k.c2989@demo.net
"Rohit Kumar Rajbanshi","6670 Ekantakuna",rohit.rajbanshi2990@demo.net
"Sandeep Bhagat Paudel","541 Jawalakhel",sandeep.paudel2991@mail.com
"Sompal Dev Lamichane","4123 Tripureshwor",sompal.lamichane2992@random.org
"Sandeep Krishna Seikh","3200 Ratnapark",sandeep.seikh2993@test.com
"Asif Dhoj Lamichane","8784 Ratnapark",asif.lamichane2994@test.com
"Asif Lal Bhurtel","9060 Ratnapark",asif.bhurtel2995@test.com
"Lalit Bahadur Malla","1350 Ratnapark",lalit.malla2996@mail.com
"Binod Dhoj Paudel","8969 Baneshwor",binod.paudel2997@random.org
"Lalit Bir Bhurtel","5179 Tripureshwor",lalit.bhurtel2998@test.com
"Rohit Lal Malla","9719 Baneshwor",rohit.malla2999@mail.com
"Rohit Bir Seikh","3217 New Road",rohit.seikh3000@test.com
"Karan Gopal Kami","111 Ekantakuna",karan.kami3001@example.com
"Binod Dhoj Khadka","1607 Baneshwor",binod.khadka3002@demo.net
"Arif Gopal Khadka","7045 Baneshwor",arif.khadka3003@mail.com
"Sompal Bahadur K.C","3052 Chabel",sompal.k.c3004@random.org
"Sandeep Dhoj Kami","9595 Tripureshwor",sandeep.kami3005@demo.net
"Sompal Dhoj Khadka","2576 Jawalakhel",sompal.khadka3006@test.com
"Arif Bhopal K.C","4623 Gaushala",arif.k.c3007@example.com
"Asif Gopal Bhandari","6743 Ekantakuna",asif.bhandari3008@example.com
"Lalit Lal Rajbanshi","1453 Gaushala",lalit.rajbanshi3009@demo.net
"Sompal Krishna Malla","6583 Chabel",sompal.malla3010@example.com
"Sompal Bhagat Rajbanshi","6318 Ekantakuna",sompal.rajbanshi3011@demo.net
"Karan Bir Rajbanshi","7365 Tripureshwor",karan.rajbanshi3012@example.com
"Paras Bhagat Seikh","8044 Tinkune",paras.seikh3013@demo.net
"Rohit Lal Lamichane","1320 Jawalakhel",rohit.lamichane3014@example.com
"Sompal Kumar Lamichane","9082 Tripureshwor",sompal.lamichane3015@random.org
"Sandeep Bhopal Bhandari","7117 Sundhara",sandeep.bhandari3016@example.com
"Sandeep Kumar K.C","8450 Gaushala",sandeep.k.c3017@example.com
"Asif Gopal Kami","2007 Tinkune",asif.kami3018@example.com
"Sompal Dhoj Khadka","1051 Tripureshwor",sompal.khadka3019@random.org
"Binod Lal Paudel","7835 Tinkune",binod.paudel3020@demo.net
"Asif Bhagat Malla","9031 New Road",asif.malla3021@demo.net
"Lalit Lal Malla","5010 New Road",lalit.malla3022@test.com
"Rohit Kumar Malla","9541 Jawalakhel",rohit.malla3023@test.com
"Arif Bahadur Lamichane","550 Tinkune",arif.lamichane3024@demo.net
"Arif Kumar K.C","6550 Tinkune",arif.k.c3025@mail.com
"Sandeep Gopal K.C","7459 Tripureshwor",sandeep.k.c3026@demo.net
"Lalit Dhoj Bhandari","3995 Jawalakhel",lalit.bhandari3027@random.org
"Paras Bahadur Seikh","5706 New Road",paras.seikh3028@test.com
"Sandeep Dhoj K.C","5236 Tinkune",sandeep.k.c3029@demo.net
"Sandeep Bahadur Rajbanshi","5577 Jawalakhel",sandeep.rajbanshi3030@demo.net
"Sandeep Lal Kami","4355 Jawalakhel",sandeep.kami3031@test.com
"Lalit Kumar Bhurtel","2104 New Road",lalit.bhurtel3032@mail.com
"Lalit Bahadur Lamichane","5698 Gaushala",lalit.lamichane3033@random.org
"Rohit Krishna Bhurtel","6719 New Road",rohit.bhurtel3034@random.org
"Paras Bhagat Seikh","4603 Ekantakuna",paras.seikh3035@mail.com
"Kushal Dhoj Bhandari","2460 Jawalakhel",kushal.bhandari3036@mail.com
"Rohit Bhagat Bhandari","7094 Tripureshwor",rohit.bhandari3037@random.org
"Karan Bhagat Lamichane","8698 Ekantakuna",karan.lamichane3038@test.com
"Sompal Gopal Kami","5313 Chabel",sompal.kami3039@example.com
"Binod Bhagat K.C","6384 Tripureshwor",binod.k.c3040@example.com
"Sandeep Bir Bhandari","2340 Gaushala",sandeep.bhandari3041@mail.com
"Asif Bhopal Rajbanshi","7574 New Road",asif.rajbanshi3042@random.org
"Lalit Bhopal Rajbanshi","4301 New Road",lalit.rajbanshi3043@random.org
"Karan Lal K.C","4769 Ratnapark",karan.k.c3044@example.com
"Sompal Dev Kami","6980 New Road",sompal.kami3045@demo.net
"Lalit Lal Kami","275 Sundhara",lalit.kami3046@demo.net
"Karan Bhopal Paudel","7046 Tinkune",karan.paudel3047@demo.net
"Paras Bir Paudel","5947 New Road",paras.paudel3048@demo.net
"Lalit Dev Paudel","3935 Ratnapark",lalit.paudel3049@demo.net
"Binod Bhagat Malla","179 Ratnapark",binod.malla3050@demo.net
"Asif Kumar Rajbanshi","872 Jawalakhel",asif.rajbanshi3051@demo.net
"Arif Bhopal Bhandari","4347 Jawalakhel",arif.bhandari3052@mail.com
"Sompal Kumar Kami","5223 Tinkune",sompal.kami3053@example.com
"Paras Bhopal Bhandari","5068 Ratnapark",paras.bhandari3054@mail.com
"Paras Kumar Lamichane","4500 New Road",paras.lamichane3055@random.org
"Lalit Dev Lamichane","7568 New Road",lalit.lamichane3056@mail.com
"Rohit Kumar Khadka","9228 Ekantakuna",rohit.khadka3057@demo.net
"Sompal Bahadur Malla","1640 Gaushala",sompal.malla3058@test.com
"Arif Bahadur Rajbanshi","3039 Baneshwor",arif.rajbanshi3059@mail.com
"Kushal Krishna Khadka","1854 Ratnapark",kushal.khadka3060@demo.net
"Karan Gopal Malla","9864 Ekantakuna",karan.malla3061@demo.net
"Sompal Dev Kami","116 Gaushala",sompal.kami3062@mail.com
"Sandeep Lal Kami","7269 Jawalakhel",sandeep.kami3063@example.com
"Sandeep Gopal Bhurtel","3756 New Road",sandeep.bhurtel3064@test.com
"Arif Bhopal Paudel","4343 Baneshwor",arif.paudel3065@test.com
"Karan Bhagat Bhurtel","971 Ratnapark",karan.bhurtel3066@random.org
"Sompal Lal Kami","9111 New Road",sompal.kami3067@mail.com
"Binod Bhagat Khadka","5607 Gaushala",binod.khadka3068@example.com
"Rohit Dhoj Kami","7775 Chabel",rohit.kami3069@random.org
"Sandeep Lal Lamichane","738 Ekantakuna",sandeep.lamichane3070@test.com
"Lalit Dhoj Khadka","844 Tripureshwor",lalit.khadka3071@mail.com
"Karan Dhoj Kami","7834 Ratnapark",karan.kami3072@random.org
"Sompal Bir Seikh","1066 New Road",sompal.seikh3073@mail.com
"Asif Bhagat Bhurtel","7463 Ratnapark",asif.bhurtel3074@random.org
"Asif Dhoj Seikh","6473 Tripureshwor",asif.seikh3075@demo.net
"Sompal Lal Seikh","9408 Baneshwor",sompal.seikh3076@demo.net
"Binod Krishna Bhandari","6914 Gaushala",binod.bhandari3077@example.com
"Kushal Dev Malla","4578 Tripureshwor",kushal.malla3078@test.com
"Karan Bir Paudel","187 Ratnapark",karan.paudel3079@demo.net
"Karan Kumar Bhurtel","9569 Tripureshwor",karan.bhurtel3080@demo.net
"Asif Dev Malla","9476 New Road",asif.malla3081@random.org
"Kushal Bhopal Malla","9549 Chabel",kushal.malla3082@test.com
"Sandeep Bahadur Bhandari","814 New Road",sandeep.bhandari3083@example.com
"Arif Bahadur Lamichane","395 Gaushala",arif.lamichane3084@demo.net
"Binod Bhopal Kami","8950 New Road",binod.kami3085@example.com
"Sandeep Bhagat Kami","8041 Gaushala",sandeep.kami3086@example.com
"Asif Lal Khadka","1762 Ratnapark",asif.khadka3087@demo.net
"Karan Lal Rajbanshi","4585 New Road",karan.rajbanshi3088@test.com
"Sandeep Bhopal Lamichane","4304 Gaushala",sandeep.lamichane3089@test.com
"Kushal Lal Lamichane","9512 Sundhara",kushal.lamichane3090@test.com
"Sompal Dev Malla","5478 Chabel",sompal.malla3091@mail.com
"Paras Bir Rajbanshi","2975 Chabel",paras.rajbanshi3092@mail.com
"Binod Dev Bhandari","278 Tripureshwor",binod.bhandari3093@test.com
"Kushal Bahadur Malla","5783 Ekantakuna",kushal.malla3094@demo.net
"Binod Lal Khadka","5991 Tinkune",binod.khadka3095@test.com
"Asif Bir Paudel","4731 Ekantakuna",asif.paudel3096@mail.com
"Asif Dhoj K.C","6884 Chabel",asif.k.c3097@demo.net
"Sandeep Kumar K.C","2091 Chabel",sandeep.k.c3098@example.com
"Sompal Dev Rajbanshi","1289 Tinkune",sompal.rajbanshi3099@random.org
"Lalit Bhagat Khadka","8971 Jawalakhel",lalit.khadka3100@mail.com
"Rohit Bir Paudel","4532 Ratnapark",rohit.paudel3101@random.org
"Sompal Dev Rajbanshi","9027 Chabel",sompal.rajbanshi3102@mail.com
"Karan Gopal Paudel","3981 Chabel",karan.paudel3103@random.org
"Arif Bir Lamichane","6112 Jawalakhel",arif.lamichane3104@test.com
"Sandeep Lal Seikh","4337 Ekantakuna",sandeep.seikh3105@test.com
"Lalit Bhagat K.C","4649 Tinkune",lalit.k.c3106@test.com
"Paras Dhoj Bhurtel","6231 Sundhara",paras.bhurtel3107@random.org
"Rohit Lal Lamichane","3527 Baneshwor",rohit.lamichane3108@mail.com
"Karan Kumar Bhurtel","4938 Ekantakuna",karan.bhurtel3109@mail.com
"Sompal Bir Khadka","1357 Tinkune",sompal.khadka3110@example.com
"Lalit Bir Bhurtel","5205 Jawalakhel",lalit.bhurtel3111@example.com
"Rohit Krishna Khadka","1294 Baneshwor",rohit.khadka3112@random.org
"Rohit Bahadur Khadka","5762 Jawalakhel",rohit.khadka3113@example.com
"Asif Bhagat Rajbanshi","2744 Tripureshwor",asif.rajbanshi3114@random.org
"Paras Bhagat Malla","7418 Chabel",paras.malla3115@mail.com
"Asif Kumar Bhurtel","5725 Jawalakhel",asif.bhurtel3116@random.org
"Rohit Dev K.C","7470 Baneshwor",rohit.k.c3117@test.com
"Arif Lal K.C","6101 New Road",arif.k.c3118@test.com
"Kushal Bhagat Khadka","1651 Jawalakhel",kushal.khadka3119@mail.com
"Lalit Lal Rajbanshi","356 Gaushala",lalit.rajbanshi3120@random.org
"Binod Bhopal K.C","3673 Gaushala",binod.k.c3121@example.com
"Paras Kumar Khadka","9242 Baneshwor",paras.khadka3122@mail.com
"Asif Lal Lamichane","2182 Ekantakuna",asif.lamichane3123@mail.com
"Karan Bahadur Kami","4990 New Road",karan.kami3124@mail.com
"Sompal Bahadur Bhandari","8432 New Road",sompal.bhandari3125@demo.net
"Arif Lal Lamichane","961 New Road",arif.lamichane3126@example.com
"Rohit Lal K.C","3085 Sundhara",rohit.k.c3127@random.org
"Lalit Krishna Bhurtel","6650 New Road",lalit.bhurtel3128@test.com
"Lalit Lal K.C","7373 Tinkune",lalit.k.c3129@test.com
"Paras Kumar K.C","679 Ekantakuna",paras.k.c3130@demo.net
"Sompal Lal Rajbanshi","3234 Tripureshwor",sompal.rajbanshi3131@example.com
"Asif Bir Paudel","3043 Sundhara",asif.paudel3132@mail.com
"Lalit Lal K.C","468 Tinkune",lalit.k.c3133@test.com
"Arif Bhopal Khadka","4989 Tripureshwor",arif.khadka3134@demo.net
"Arif Lal Lamichane","8957 Tripureshwor",arif.lamichane3135@demo.net
"Lalit Bhopal Lamichane","8095 Gaushala",lalit.lamichane3136@random.org
"Paras Dev Lamichane","8900 Tripureshwor",paras.lamichane3137@random.org
"Asif Dev Malla","4135 Gaushala",asif.malla3138@mail.com
"Asif Bhagat Kami","3249 Jawalakhel",asif.kami3139@test.com
"Rohit Bhopal K.C","9289 Ratnapark",rohit.k.c3140@mail.com
"Rohit Gopal Bhandari","3639 Ratnapark",rohit.bhandari3141@mail.com
"Karan Krishna Seikh","2863 Gaushala",karan.seikh3142@demo.net
"Asif Krishna Khadka","4460 Baneshwor",asif.khadka3143@demo.net
"Kushal Bhopal Bhurtel","2362 Tinkune",kushal.bhurtel3144@test.com
"Asif Bahadur Paudel","7449 Tinkune",asif.paudel3145@test.com
"Sandeep Dhoj K.C","3999 Baneshwor",sandeep.k.c3146@test.com
"Sompal Kumar Kami","9130 Ratnapark",sompal.kami3147@mail.com
"Karan Kumar Bhandari","6810 New Road",karan.bhandari3148@example.com
"Sandeep Dhoj Seikh","2024 Tinkune",sandeep.seikh3149@test.com
"Binod Bahadur Kami","479 Ekantakuna",binod.kami3150@test.com
"Karan Krishna Seikh","8987 Gaushala",karan.seikh3151@mail.com
"Karan Dhoj Seikh","2172 Ekantakuna",karan.seikh3152@mail.com
"Sompal Dev Malla","6520 Chabel",sompal.malla3153@random.org
"Kushal Bahadur Seikh","7660 Ratnapark",kushal.seikh3154@test.com
"Asif Krishna K.C","7450 Ratnapark",asif.k.c3155@demo.net
"Sandeep Kumar Lamichane","450 Ekantakuna",sandeep.lamichane3156@demo.net
"Paras Bir Seikh","9130 Ekantakuna",paras.seikh3157@random.org
"Karan Bhagat Khadka","6281 Sundhara",karan.khadka3158@demo.net
"Sompal Lal Seikh","3381 Jawalakhel",sompal.seikh3159@mail.com
"Rohit Lal Seikh","5376 New Road",rohit.seikh3160@mail.com
"Sandeep Bir Lamichane","8122 Sundhara",sandeep.lamichane3161@demo.net
"Arif Gopal Lamichane","620 Chabel",arif.lamichane3162@example.com
"Sompal Krishna Khadka","5060 New Road",sompal.khadka3163@demo.net
"Kushal Bahadur K.C","7725 Baneshwor",kushal.k.c3164@mail.com
"Sandeep Dhoj Bhandari","1430 Tripureshwor",sandeep.bhandari3165@mail.com
"Kushal Bir Malla","9806 Ekantakuna",kushal.malla3166@mail.com
"Arif Bahadur Khadka","1070 Baneshwor",arif.khadka3167@example.com
"Binod Krishna Malla","3891 Gaushala",binod.malla3168@test.com
"Rohit Dhoj Khadka","3874 Tinkune",rohit.khadka3169@random.org
"Paras Krishna Kami","8684 Sundhara",paras.kami3170@test.com
"Sandeep Kumar Bhurtel","2267 Tinkune",sandeep.bhurtel3171@demo.net
"Karan Kumar Bhandari","2120 Ratnapark",karan.bhandari3172@random.org
"Karan Bir K.C","3600 Sundhara",karan.k.c3173@mail.com
"Sompal Bahadur Khadka","4926 Ekantakuna",sompal.khadka3174@random.org
"Sompal Lal Bhandari","7763 Baneshwor",sompal.bhandari3175@mail.com
"Karan Bir Bhandari","7842 Chabel",karan.bhandari3176@random.org
"Kushal Dhoj Paudel","6208 New Road",kushal.paudel3177@mail.com
"Sandeep Bahadur Paudel","9002 Sundhara",sandeep.paudel3178@example.com
"Asif Krishna Malla","3087 Chabel",asif.malla3179@mail.com
"Kushal Bhagat Paudel","3566 Ratnapark",kushal.paudel3180@test.com
"Sompal Bhagat Seikh","4817 Sundhara",sompal.seikh3181@mail.com
"Rohit Dhoj Seikh","4774 New Road",rohit.seikh3182@example.com
"Lalit Bahadur Paudel","2442 New Road",lalit.paudel3183@demo.net
"Arif Gopal Bhurtel","3108 Ratnapark",arif.bhurtel3184@test.com
"Binod Gopal Rajbanshi","9091 Gaushala",binod.rajbanshi3185@test.com
"Paras Kumar Bhurtel","975 Sundhara",paras.bhurtel3186@mail.com
"Sandeep Bhagat Rajbanshi","2829 Ekantakuna",sandeep.rajbanshi3187@random.org
"Asif Dev Khadka","1307 Ratnapark",asif.khadka3188@mail.com
"Lalit Bahadur Paudel","2330 Tripureshwor",lalit.paudel3189@random.org
"Sompal Lal Kami","8226 Ekantakuna",sompal.kami3190@random.org
"Paras Bir Malla","3157 Tripureshwor",paras.malla3191@example.com
"Arif Dhoj Bhurtel","9218 Ekantakuna",arif.bhurtel3192@mail.com
"Lalit Kumar K.C","5613 Jawalakhel",lalit.k.c3193@test.com
"Arif Dhoj Khadka","8872 Tinkune",arif.khadka3194@example.com
"Sandeep Bhopal Malla","8437 New Road",sandeep.malla3195@mail.com
"Kushal Kumar Bhandari","1874 Jawalakhel",kushal.bhandari3196@demo.net
"Asif Dev Paudel","6887 Tripureshwor",asif.paudel3197@mail.com
"Arif Dev Seikh","568 Sundhara",arif.seikh3198@random.org
"Lalit Bhopal Malla","7167 New Road",lalit.malla3199@test.com
"Sandeep Bahadur Bhandari","5586 New Road",sandeep.bhandari3200@demo.net
"Sandeep Bir K.C","1720 Baneshwor",sandeep.k.c3201@test.com
"Sompal Lal Khadka","8118 Jawalakhel",sompal.khadka3202@example.com
"Asif Lal Malla","509 Ratnapark",asif.malla3203@test.com
"Kushal Bahadur Rajbanshi","8994 Sundhara",kushal.rajbanshi3204@mail.com
"Rohit Lal Seikh","854 Tripureshwor",rohit.seikh3205@example.com
"Lalit Bir Khadka","5532 Tinkune",lalit.khadka3206@test.com
"Rohit Bhagat Rajbanshi","8422 Tinkune",rohit.rajbanshi3207@example.com
"Arif Gopal Rajbanshi","8557 Sundhara",arif.rajbanshi3208@random.org
"Karan Krishna K.C","4798 Gaushala",karan.k.c3209@test.com
"Binod Bhopal Malla","8853 Chabel",binod.malla3210@example.com
"Asif Gopal Khadka","1878 Ratnapark",asif.khadka3211@test.com
"Lalit Lal Paudel","1751 New Road",lalit.paudel3212@mail.com
"Rohit Dhoj Seikh","4268 New Road",rohit.seikh3213@test.com
"Rohit Bhopal Rajbanshi","2883 Sundhara",rohit.rajbanshi3214@example.com
"Rohit Lal Seikh","9269 Tinkune",rohit.seikh3215@example.com
"Lalit Bahadur Paudel","8087 Tinkune",lalit.paudel3216@mail.com
"Asif Bir K.C","9724 Jawalakhel",asif.k.c3217@random.org
"Sandeep Gopal Rajbanshi","931 Jawalakhel",sandeep.rajbanshi3218@demo.net
"Kushal Bhagat Seikh","3014 Tinkune",kushal.seikh3219@demo.net
"Karan Bahadur Rajbanshi","7798 Gaushala",karan.rajbanshi3220@mail.com
"Sandeep Bhagat K.C","855 Ekantakuna",sandeep.k.c3221@mail.com
"Rohit Bahadur Rajbanshi","9081 Sundhara",rohit.rajbanshi3222@random.org
"Lalit Bhopal Rajbanshi","3926 Tripureshwor",lalit.rajbanshi3223@example.com
"Karan Lal Kami","4400 Baneshwor",karan.kami3224@mail.com
"Lalit Krishna Lamichane","6159 Tripureshwor",lalit.lamichane3225@mail.com
"Arif Gopal K.C","2631 Ratnapark",arif.k.c3226@example.com
"Binod Bhagat Bhurtel","4933 Sundhara",binod.bhurtel3227@demo.net
"Kushal Kumar Bhurtel","6053 Tinkune",kushal.bhurtel3228@demo.net
"Lalit Bhagat Lamichane","6871 Ratnapark",lalit.lamichane3229@demo.net
"Kushal Krishna Rajbanshi","2414 Ekantakuna",kushal.rajbanshi3230@example.com
"Binod Krishna Lamichane","9794 Baneshwor",binod.lamichane3231@example.com
"Lalit Lal Khadka","1974 Tripureshwor",lalit.khadka3232@example.com
"Binod Krishna Khadka","3905 Ratnapark",binod.khadka3233@mail.com
"Sandeep Bhopal Malla","5310 Tripureshwor",sandeep.malla3234@example.com
"Kushal Gopal Khadka","5885 Gaushala",kushal.khadka3235@mail.com
"Arif Krishna Lamichane","629 Chabel",arif.lamichane3236@example.com
"Sompal Bir Bhandari","778 New Road",sompal.bhandari3237@mail.com
"Karan Dev Lamichane","4191 New Road",karan.lamichane3238@mail.com
"Paras Krishna Rajbanshi","1792 Jawalakhel",paras.rajbanshi3239@test.com
"Paras Bahadur Malla","2461 Ratnapark",paras.malla3240@example.com
"Karan Lal Khadka","588 Tripureshwor",karan.khadka3241@demo.net
"Arif Dhoj Rajbanshi","5490 New Road",arif.rajbanshi3242@random.org
"Asif Kumar Kami","5051 New Road",asif.kami3243@demo.net
"Karan Bir Malla","7616 Jawalakhel",karan.malla3244@example.com
"Rohit Lal Paudel","7860 Ekantakuna",rohit.paudel3245@test.com
"Arif Dev Paudel","7802 Gaushala",arif.paudel3246@example.com
"Arif Bhagat Khadka","8577 Sundhara",arif.khadka3247@mail.com
"Paras Bhagat Seikh","5538 New Road",paras.seikh3248@test.com
"Lalit Gopal Paudel","9895 Tripureshwor",lalit.paudel3249@demo.net
"Binod Krishna Malla","889 Jawalakhel",binod.malla3250@mail.com
"Arif Krishna Kami","8432 Sundhara",arif.kami3251@test.com
"Paras Dhoj Seikh","7876 Sundhara",paras.seikh3252@test.com
"Paras Gopal Rajbanshi","5935 Gaushala",paras.rajbanshi3253@random.org
"Arif Bahadur Bhandari","7195 Gaushala",arif.bhandari3254@example.com
"Asif Bahadur Rajbanshi","8399 Ekantakuna",asif.rajbanshi3255@mail.com
"Karan Dhoj Seikh","1331 Ratnapark",karan.seikh3256@mail.com
"Binod Gopal Malla","3869 Sundhara",binod.malla3257@test.com
"Sompal Lal Bhurtel","9388 Ekantakuna",sompal.bhurtel3258@mail.com
"Paras Dev Lamichane","6727 Sundhara",paras.lamichane3259@mail.com
"Arif Dhoj Lamichane","9781 Chabel",arif.lamichane3260@random.org
"Paras Kumar Malla","1962 Ratnapark",paras.malla3261@test.com
"Binod Bir Rajbanshi","8795 New Road",binod.rajbanshi3262@mail.com
"Karan Bhagat Lamichane","7820 Tinkune",karan.lamichane3263@test.com
"Arif Bhopal Khadka","8552 New Road",arif.khadka3264@mail.com
"Sompal Lal Bhurtel","1984 Chabel",sompal.bhurtel3265@demo.net
"Kushal Kumar Paudel","8515 New Road",kushal.paudel3266@example.com
"Sandeep Gopal Kami","1295 Chabel",sandeep.kami3267@demo.net
"Asif Bir Bhurtel","686 Gaushala",asif.bhurtel3268@example.com
"Lalit Gopal Bhurtel","2707 Jawalakhel",lalit.bhurtel3269@example.com
"Sompal Bhagat Bhandari","1846 Jawalakhel",sompal.bhandari3270@demo.net
"Arif Gopal K.C","5616 Sundhara",arif.k.c3271@example.com
"Binod Krishna Lamichane","8399 Jawalakhel",binod.lamichane3272@demo.net
"Karan Krishna Bhandari","5484 Jawalakhel",karan.bhandari3273@test.com
"Rohit Dhoj Rajbanshi","7400 Tinkune",rohit.rajbanshi3274@example.com
"Sompal Bhopal Khadka","7995 Chabel",sompal.khadka3275@demo.net
"Kushal Dev Lamichane","7964 Tripureshwor",kushal.lamichane3276@example.com
"Sompal Bahadur Kami","6924 New Road",sompal.kami3277@random.org
"Arif Dhoj Rajbanshi","5857 Baneshwor",arif.rajbanshi3278@demo.net
"Karan Lal Lamichane","3368 Gaushala",karan.lamichane3279@random.org
"Kushal Lal K.C","109 New Road",kushal.k.c3280@mail.com
"Kushal Bhagat Malla","5699 Ekantakuna",kushal.malla3281@test.com
"Karan Gopal Kami","8905 Baneshwor",karan.kami3282@mail.com
"Sompal Kumar Paudel","5175 Ratnapark",sompal.paudel3283@test.com
"Paras Bahadur Kami","3555 Chabel",paras.kami3284@test.com
"Asif Bhagat Khadka","4998 Chabel",asif.khadka3285@random.org
"Karan Bahadur Paudel","9008 Ratnapark",karan.paudel3286@demo.net
"Arif Gopal Malla","2870 Ratnapark",arif.malla3287@example.com
"Arif Lal Seikh","9342 New Road",arif.seikh3288@mail.com
"Sandeep Gopal Rajbanshi","5555 Gaushala",sandeep.rajbanshi3289@mail.com
"Arif Gopal Seikh","3016 Ratnapark",arif.seikh3290@test.com
"Sandeep Krishna Malla","8402 Tinkune",sandeep.malla3291@test.com
"Arif Krishna Bhandari","5448 New Road",arif.bhandari3292@demo.net
"Kushal Bir Malla","1678 Baneshwor",kushal.malla3293@test.com
"Binod Bhagat Seikh","8372 Tripureshwor",binod.seikh3294@demo.net
"Sandeep Bir Malla","4079 Chabel",sandeep.malla3295@test.com
"Binod Bahadur Khadka","6369 Tinkune",binod.khadka3296@example.com
"Paras Bhagat Rajbanshi","2348 Chabel",paras.rajbanshi3297@demo.net
"Asif Bhopal K.C","7229 Ratnapark",asif.k.c3298@test.com
"Binod Bahadur Khadka","4951 Chabel",binod.khadka3299@mail.com
"Sandeep Bir Seikh","4079 New Road",sandeep.seikh3300@test.com
"Lalit Krishna Lamichane","3094 Baneshwor",lalit.lamichane3301@random.org
"Kushal Dhoj Kami","333 Tripureshwor",kushal.kami3302@example.com
"Kushal Kumar K.C","3667 Tripureshwor",kushal.k.c3303@random.org
"Lalit Gopal K.C","4243 Gaushala",lalit.k.c3304@test.com
"Binod Bir Bhandari","7430 Tinkune",binod.bhandari3305@random.org
"Karan Bir Bhurtel","503 Sundhara",karan.bhurtel3306@random.org
"Lalit Dhoj Paudel","5812 Sundhara",lalit.paudel3307@mail.com
"Paras Dhoj Lamichane","4209 New Road",paras.lamichane3308@test.com
"Sandeep Gopal Malla","2197 Baneshwor",sandeep.malla3309@mail.com
"Kushal Bhagat Bhurtel","3272 Sundhara",kushal.bhurtel3310@test.com
"Kushal Bahadur Seikh","8932 Tinkune",kushal.seikh3311@demo.net
"Asif Dhoj Seikh","4589 Chabel",asif.seikh3312@example.com
"Karan Dev Rajbanshi","8388 Ratnapark",karan.rajbanshi3313@demo.net
"Sompal Dhoj Lamichane","5821 Sundhara",sompal.lamichane3314@test.com
"Karan Kumar Khadka","6516 Jawalakhel",karan.khadka3315@demo.net
"Arif Bir Paudel","6583 Ratnapark",arif.paudel3316@random.org
"Kushal Dhoj Bhurtel","5893 New Road",kushal.bhurtel3317@test.com
"Sandeep Lal Bhandari","8550 Tinkune",sandeep.bhandari3318@example.com
"Rohit Gopal Malla","8581 Ekantakuna",rohit.malla3319@demo.net
"Arif Kumar Lamichane","3078 Ekantakuna",arif.lamichane3320@random.org
"Arif Gopal Rajbanshi","4784 Sundhara",arif.rajbanshi3321@random.org
"Sandeep Dhoj Kami","1384 Gaushala",sandeep.kami3322@example.com
"Paras Bahadur Kami","4706 Tripureshwor",paras.kami3323@random.org
"Karan Kumar Malla","2452 Gaushala",karan.malla3324@test.com
"Binod Krishna Seikh","7514 Tripureshwor",binod.seikh3325@random.org
"Asif Lal Seikh","9435 Chabel",asif.seikh3326@demo.net
"Arif Dhoj K.C","9980 Ratnapark",arif.k.c3327@demo.net
"Asif Gopal Lamichane","8413 Tinkune",asif.lamichane3328@demo.net
"Kushal Krishna Paudel","2496 Tinkune",kushal.paudel3329@random.org
"Sandeep Lal Malla","841 Tinkune",sandeep.malla3330@demo.net
"Asif Bhopal Paudel","3070 Baneshwor",asif.paudel3331@random.org
"Karan Bhopal Malla","6749 Tripureshwor",karan.malla3332@demo.net
"Arif Bahadur Malla","8851 Jawalakhel",arif.malla3333@random.org
"Asif Bir Seikh","5385 Tinkune",asif.seikh3334@demo.net
"Lalit Lal K.C","8038 Jawalakhel",lalit.k.c3335@demo.net
"Karan Dev Khadka","1267 Ekantakuna",karan.khadka3336@demo.net
"Lalit Bhopal Seikh","9726 Gaushala",lalit.seikh3337@demo.net
"Asif Bahadur Malla","9530 New Road",asif.malla3338@test.com
"Rohit Dhoj Seikh","1413 Baneshwor",rohit.seikh3339@test.com
"Arif Kumar Rajbanshi","6446 Tripureshwor",arif.rajbanshi3340@test.com
"Binod Bahadur Seikh","6859 Ekantakuna",binod.seikh3341@test.com
"Kushal Bhagat Khadka","3921 New Road",kushal.khadka3342@test.com
"Kushal Kumar Khadka","9165 Chabel",kushal.khadka3343@demo.net
"Lalit Bahadur Paudel","3202 Jawalakhel",lalit.paudel3344@example.com
"Binod Bir Khadka","1905 New Road",binod.khadka3345@demo.net
"Asif Bir Lamichane","382 Ekantakuna",asif.lamichane3346@random.org
"Karan Bhopal Khadka","1056 Tinkune",karan.khadka3347@test.com
"Sandeep Dhoj Malla","8519 Tripureshwor",sandeep.malla3348@example.com
"Karan Bir Rajbanshi","7806 Ekantakuna",karan.rajbanshi3349@random.org
"Binod Dhoj Malla","3695 Ekantakuna",binod.malla3350@mail.com
"Arif Krishna Bhurtel","5572 Tinkune",arif.bhurtel3351@demo.net
"Sandeep Lal Rajbanshi","6980 Ratnapark",sandeep.rajbanshi3352@random.org
"Karan Bhagat Rajbanshi","9623 Tinkune",karan.rajbanshi3353@demo.net
"Kushal Dev Bhurtel","3789 Chabel",kushal.bhurtel3354@test.com
"Sompal Gopal Kami","2403 New Road",sompal.kami3355@example.com
"Asif Gopal Bhandari","7676 Baneshwor",asif.bhandari3356@example.com
"Binod Bir Khadka","5753 Tripureshwor",binod.khadka3357@demo.net
"Binod Dhoj Seikh","2414 Baneshwor",binod.seikh3358@test.com
"Arif Bir Kami","5183 Baneshwor",arif.kami3359@test.com
"Rohit Bhopal K.C","9165 Tinkune",rohit.k.c3360@demo.net
"Paras Bir Seikh","6783 Ekantakuna",paras.seikh3361@demo.net
"Karan Krishna Paudel","1643 New Road",karan.paudel3362@example.com
"Paras Krishna Kami","1864 Gaushala",paras.kami3363@test.com
"Rohit Dhoj Seikh","7042 Sundhara",rohit.seikh3364@random.org
"Lalit Bir Malla","7300 Sundhara",lalit.malla3365@test.com
"Rohit Bhagat Seikh","2360 Ekantakuna",rohit.seikh3366@demo.net
"Lalit Gopal Seikh","558 Jawalakhel",lalit.seikh3367@example.com
"Asif Bir Bhandari","6289 Tripureshwor",asif.bhandari3368@mail.com
"Sompal Krishna Malla","9607 Sundhara",sompal.malla3369@example.com
"Kushal Bhopal Rajbanshi","1058 Sundhara",kushal.rajbanshi3370@mail.com
"Sompal Lal Khadka","7506 Tinkune",sompal.khadka3371@mail.com
"Asif Dev Seikh","6750 Baneshwor",asif.seikh3372@example.com
"Binod Dev Rajbanshi","476 New Road",binod.rajbanshi3373@mail.com
"Karan Bhopal K.C","6529 Tripureshwor",karan.k.c3374@mail.com
"Sompal Gopal Malla","1098 Sundhara",sompal.malla3375@example.com
"Rohit Bir Kami","8492 Ekantakuna",rohit.kami3376@test.com
"Asif Kumar Lamichane","5644 Baneshwor",asif.lamichane3377@random.org
"Asif Bhopal Khadka","4156 Gaushala",asif.khadka3378@mail.com
"Lalit Gopal Bhandari","1651 New Road",lalit.bhandari3379@demo.net
"Sandeep Gopal Bhurtel","3811 Gaushala",sandeep.bhurtel3380@example.com
"Karan Krishna Paudel","3348 Tinkune",karan.paudel3381@demo.net
"Lalit Bir Seikh","1964 Chabel",lalit.seikh3382@demo.net
"Rohit Dhoj Rajbanshi","868 Ekantakuna",rohit.rajbanshi3383@demo.net
"Asif Bir Bhurtel","5082 Tinkune",asif.bhurtel3384@test.com
"Arif Bhopal Lamichane","6535 Baneshwor",arif.lamichane3385@random.org
"Rohit Bahadur Kami","8511 Tinkune",rohit.kami3386@random.org
"Sandeep Bir Khadka","8202 New Road",sandeep.khadka3387@random.org
"Asif Gopal Kami","610 Tripureshwor",asif.kami3388@mail.com
"Asif Bhagat Khadka","2805 Baneshwor",asif.khadka3389@demo.net
"Arif Bhagat Khadka","8042 Sundhara",arif.khadka3390@test.com
"Rohit Gopal K.C","8243 New Road",rohit.k.c3391@demo.net
"Paras Dhoj Lamichane","9974 Baneshwor",paras.lamichane3392@test.com
"Asif Gopal Rajbanshi","5984 Baneshwor",asif.rajbanshi3393@demo.net
"Arif Lal Kami","6328 Ekantakuna",arif.kami3394@demo.net
"Kushal Bahadur Paudel","2003 Baneshwor",kushal.paudel3395@test.com
"Sompal Krishna Lamichane","8364 Chabel",sompal.lamichane3396@example.com
"Paras Gopal Malla","3512 Baneshwor",paras.malla3397@random.org
"Karan Lal Bhandari","8213 Gaushala",karan.bhandari3398@random.org
"Rohit Krishna Seikh","3137 Tinkune",rohit.seikh3399@random.org
"Sompal Bahadur Seikh","7389 Tinkune",sompal.seikh3400@example.com
"Binod Bir Lamichane","7312 New Road",binod.lamichane3401@example.com
"Paras Kumar Paudel","3110 Chabel",paras.paudel3402@test.com
"Sandeep Dhoj Lamichane","3936 Ratnapark",sandeep.lamichane3403@mail.com
"Sandeep Gopal Seikh","6964 Sundhara",sandeep.seikh3404@demo.net
"Asif Krishna Paudel","8910 Baneshwor",asif.paudel3405@demo.net
"Rohit Lal Rajbanshi","8107 Gaushala",rohit.rajbanshi3406@mail.com
"Kushal Lal Lamichane","8867 New Road",kushal.lamichane3407@test.com
"Sandeep Krishna Bhandari","9416 Tripureshwor",sandeep.bhandari3408@mail.com
"Sompal Bir Lamichane","115 Chabel",sompal.lamichane3409@random.org
"Rohit Krishna Rajbanshi","6797 Baneshwor",rohit.rajbanshi3410@mail.com
"Karan Lal Bhurtel","1382 New Road",karan.bhurtel3411@mail.com
"Karan Gopal Bhurtel","3057 New Road",karan.bhurtel3412@demo.net
"Asif Gopal Malla","9190 Tinkune",asif.malla3413@random.org
"Sompal Bhagat Kami","9190 Chabel",sompal.kami3414@mail.com
"Sandeep Lal Rajbanshi","1399 Ekantakuna",sandeep.rajbanshi3415@example.com
"Binod Krishna Khadka","617 New Road",binod.khadka3416@test.com
"Binod Gopal Paudel","6823 Ratnapark",binod.paudel3417@example.com
"Kushal Lal Bhurtel","1456 Tripureshwor",kushal.bhurtel3418@demo.net
"Paras Dhoj K.C","3701 Sundhara",paras.k.c3419@test.com
"Arif Dev K.C","5696 Tinkune",arif.k.c3420@random.org
"Lalit Bhagat Paudel","202 Tinkune",lalit.paudel3421@demo.net
"Asif Bahadur Rajbanshi","4803 New Road",asif.rajbanshi3422@mail.com
"Lalit Bhopal Khadka","6667 Sundhara",lalit.khadka3423@random.org
"Rohit Gopal Lamichane","1967 Gaushala",rohit.lamichane3424@random.org
"Lalit Dhoj Lamichane","6565 Tinkune",lalit.lamichane3425@demo.net
"Asif Bir Bhandari","5676 Sundhara",asif.bhandari3426@random.org
"Asif Krishna Lamichane","431 Gaushala",asif.lamichane3427@example.com
"Binod Bahadur K.C","8900 Gaushala",binod.k.c3428@mail.com
"Sompal Dhoj Seikh","8104 Sundhara",sompal.seikh3429@random.org
"Paras Bhagat Khadka","6084 Tripureshwor",paras.khadka3430@mail.com
"Asif Bhopal Rajbanshi","8769 Gaushala",asif.rajbanshi3431@random.org
"Rohit Dev Bhandari","388 Tinkune",rohit.bhandari3432@random.org
"Sandeep Lal Bhurtel","4512 Jawalakhel",sandeep.bhurtel3433@mail.com
"Sompal Krishna Khadka","3393 Sundhara",sompal.khadka3434@mail.com
"Binod Bahadur Khadka","3455 Chabel",binod.khadka3435@random.org
"Binod Bhopal Kami","4737 Jawalakhel",binod.kami3436@demo.net
"Sandeep Bhagat K.C","281 New Road",sandeep.k.c3437@demo.net
"Sandeep Gopal K.C","9525 Jawalakhel",sandeep.k.c3438@mail.com
"Binod Lal Kami","5681 Jawalakhel",binod.kami3439@random.org
"Asif Dhoj Rajbanshi","2408 New Road",asif.rajbanshi3440@mail.com
"Paras Krishna K.C","8440 Chabel",paras.k.c3441@demo.net
"Sandeep Bahadur Paudel","7667 Jawalakhel",sandeep.paudel3442@mail.com
"Sompal Kumar Paudel","4324 Tinkune",sompal.paudel3443@test.com
"Paras Bahadur K.C","9972 Gaushala",paras.k.c3444@test.com
"Sompal Gopal Seikh","983 Ratnapark",sompal.seikh3445@demo.net
"Arif Dev Bhurtel","6412 Ekantakuna",arif.bhurtel3446@test.com
"Kushal Dhoj Lamichane","9426 Ekantakuna",kushal.lamichane3447@test.com
"Lalit Bhagat Khadka","6138 New Road",lalit.khadka3448@test.com
"Sandeep Kumar Seikh","2748 New Road",sandeep.seikh3449@demo.net
"Paras Bahadur Rajbanshi","2430 Tinkune",paras.rajbanshi3450@example.com
"Sandeep Krishna Rajbanshi","5736 Sundhara",sandeep.rajbanshi3451@example.com
"Lalit Lal Seikh","4304 Tinkune",lalit.seikh3452@mail.com
"Karan Bhopal Khadka","6297 Ekantakuna",karan.khadka3453@demo.net
"Sandeep Dhoj Paudel","5816 Sundhara",sandeep.paudel3454@demo.net
"Arif Bir Bhandari","538 Sundhara",arif.bhandari3455@test.com
"Arif Bhagat Seikh","4768 Tinkune",arif.seikh3456@demo.net
"Paras Dev Rajbanshi","7079 New Road",paras.rajbanshi3457@demo.net
"Paras Lal Kami","3625 Chabel",paras.kami3458@mail.com
"Arif Bir Paudel","5858 Tinkune",arif.paudel3459@example.com
"Sompal Bhagat Lamichane","1959 Gaushala",sompal.lamichane3460@test.com
"Paras Lal Paudel","5484 Ratnapark",paras.paudel3461@random.org
"Arif Gopal Malla","8161 Chabel",arif.malla3462@random.org
"Rohit Krishna Bhandari","2752 Gaushala",rohit.bhandari3463@random.org
"Rohit Krishna Bhandari","7656 Sundhara",rohit.bhandari3464@demo.net
"Rohit Kumar Bhandari","2424 Gaushala",rohit.bhandari3465@demo.net
"Paras Bhagat Lamichane","6169 Gaushala",paras.lamichane3466@demo.net
"Asif Bir Seikh","3405 Ratnapark",asif.seikh3467@mail.com
"Paras Bhagat Bhurtel","3367 Tinkune",paras.bhurtel3468@mail.com
"Sandeep Dhoj Lamichane","7702 Sundhara",sandeep.lamichane3469@test.com
"Lalit Dev Rajbanshi","8515 Jawalakhel",lalit.rajbanshi3470@test.com
"Paras Bir Bhurtel","5217 Sundhara",paras.bhurtel3471@mail.com
"Paras Dhoj Malla","4662 Tinkune",paras.malla3472@example.com
"Sompal Bhopal Kami","865 Gaushala",sompal.kami3473@example.com
"Karan Gopal Khadka","3099 Ratnapark",karan.khadka3474@random.org
"Binod Gopal Lamichane","9521 New Road",binod.lamichane3475@mail.com
"Asif Krishna Seikh","7814 Ratnapark",asif.seikh3476@mail.com
"Lalit Bhagat K.C","2163 New Road",lalit.k.c3477@random.org
"Lalit Bir Bhandari","1910 Tripureshwor",lalit.bhandari3478@mail.com
"Karan Krishna K.C","2385 Tinkune",karan.k.c3479@mail.com
"Paras Gopal Kami","2994 Sundhara",paras.kami3480@test.com
"Kushal Bhagat K.C","7406 Ekantakuna",kushal.k.c3481@example.com
"Arif Bhopal Kami","3634 Gaushala",arif.kami3482@test.com
"Kushal Dhoj Kami","3063 Sundhara",kushal.kami3483@test.com
"Binod Dev Bhurtel","8618 Jawalakhel",binod.bhurtel3484@demo.net
"Arif Bir Paudel","3256 Gaushala",arif.paudel3485@example.com
"Asif Gopal Lamichane","8155 Baneshwor",asif.lamichane3486@random.org
"Karan Dhoj K.C","3563 Baneshwor",karan.k.c3487@test.com
"Lalit Dev Bhurtel","6893 Jawalakhel",lalit.bhurtel3488@random.org
"Sandeep Kumar Khadka","1407 Gaushala",sandeep.khadka3489@test.com
"Sandeep Dhoj Malla","6886 Sundhara",sandeep.malla3490@demo.net
"Lalit Kumar Bhandari","8866 Chabel",lalit.bhandari3491@demo.net
"Kushal Kumar K.C","1988 Ratnapark",kushal.k.c3492@demo.net
"Sandeep Bhopal Kami","3656 Ratnapark",sandeep.kami3493@random.org
"Kushal Dhoj Bhandari","3251 Tripureshwor",kushal.bhandari3494@mail.com
"Asif Bahadur Bhandari","7189 Tripureshwor",asif.bhandari3495@example.com
"Karan Kumar Khadka","5887 Ratnapark",karan.khadka3496@random.org
"Sompal Bhopal K.C","1754 Sundhara",sompal.k.c3497@example.com
"Paras Gopal Khadka","2339 Ekantakuna",paras.khadka3498@random.org
"Sandeep Bhopal Lamichane","9639 Gaushala",sandeep.lamichane3499@mail.com
"Binod Gopal Khadka","8898 Baneshwor",binod.khadka3500@test.com
"Arif Bir Kami","7580 Baneshwor",arif.kami3501@random.org
"Asif Bhopal Kami","1069 Tinkune",asif.kami3502@random.org
"Sompal Bhagat Malla","7574 Tinkune",sompal.malla3503@demo.net
"Binod Dev Rajbanshi","5714 Baneshwor",binod.rajbanshi3504@example.com
"Sompal Bhagat Khadka","6654 Gaushala",sompal.khadka3505@demo.net
"Sandeep Krishna Kami","4759 Ratnapark",sandeep.kami3506@demo.net
"Lalit Lal Lamichane","7034 Gaushala",lalit.lamichane3507@demo.net
"Sompal Dhoj K.C","5832 Ratnapark",sompal.k.c3508@random.org
"Paras Krishna Malla","3509 Chabel",paras.malla3509@test.com
"Arif Lal Bhandari","6186 Gaushala",arif.bhandari3510@test.com
"Rohit Bhopal Seikh","692 Tinkune",rohit.seikh3511@test.com
"Rohit Lal K.C","8017 New Road",rohit.k.c3512@example.com
"Karan Bahadur Bhandari","6810 Baneshwor",karan.bhandari3513@demo.net
"Arif Lal Rajbanshi","1249 Gaushala",arif.rajbanshi3514@test.com
"Binod Krishna Rajbanshi","9836 Chabel",binod.rajbanshi3515@test.com
"Binod Bhagat Bhurtel","2508 Chabel",binod.bhurtel3516@mail.com
"Arif Bahadur Bhurtel","547 Sundhara",arif.bhurtel3517@random.org
"Sandeep Dev Lamichane","2662 Chabel",sandeep.lamichane3518@demo.net
"Karan Krishna Bhurtel","4639 Sundhara",karan.bhurtel3519@random.org
"Paras Gopal Bhurtel","2129 Chabel",paras.bhurtel3520@random.org
"Arif Kumar Paudel","8446 Sundhara",arif.paudel3521@test.com
"Sompal Dhoj Paudel","4631 Ratnapark",sompal.paudel3522@test.com
"Lalit Bahadur K.C","1785 Gaushala",lalit.k.c3523@mail.com
"Karan Bir Khadka","8803 Sundhara",karan.khadka3524@test.com
"Paras Gopal Khadka","9122 Baneshwor",paras.khadka3525@demo.net
"Rohit Dev Lamichane","9116 Tinkune",rohit.lamichane3526@mail.com
"Sandeep Dhoj K.C","471 Tinkune",sandeep.k.c3527@demo.net
"Sompal Krishna Paudel","6268 New Road",sompal.paudel3528@random.org
"Binod Bahadur Seikh","5099 Tinkune",binod.seikh3529@example.com
"Sandeep Bir Lamichane","534 Tinkune",sandeep.lamichane3530@random.org
"Kushal Dhoj K.C","9534 Ratnapark",kushal.k.c3531@mail.com
"Sandeep Kumar K.C","3653 Ratnapark",sandeep.k.c3532@test.com
"Karan Dhoj Malla","9664 Gaushala",karan.malla3533@example.com
"Paras Dev Bhandari","5635 Tinkune",paras.bhandari3534@demo.net
"Lalit Lal Seikh","431 Gaushala",lalit.seikh3535@random.org
"Rohit Gopal Paudel","5805 Ratnapark",rohit.paudel3536@example.com
"Binod Bahadur Rajbanshi","7034 Tinkune",binod.rajbanshi3537@mail.com
"Asif Dev Bhandari","945 New Road",asif.bhandari3538@mail.com
"Sompal Krishna Malla","4244 Tinkune",sompal.malla3539@demo.net
"Rohit Kumar Bhandari","295 Chabel",rohit.bhandari3540@example.com
"Karan Gopal Kami","2823 New Road",karan.kami3541@test.com
"Kushal Bhopal Bhandari","5087 Chabel",kushal.bhandari3542@test.com
"Rohit Gopal Kami","5222 Baneshwor",rohit.kami3543@random.org
"Sompal Bahadur Paudel","5280 Tinkune",sompal.paudel3544@example.com
"Sandeep Gopal Khadka","9693 Gaushala",sandeep.khadka3545@mail.com
"Rohit Bhopal Lamichane","5693 New Road",rohit.lamichane3546@test.com
"Arif Kumar Khadka","3750 Tripureshwor",arif.khadka3547@example.com
"Rohit Krishna Bhurtel","8957 Jawalakhel",rohit.bhurtel3548@example.com
"Paras Bir Bhandari","6807 Tinkune",paras.bhandari3549@example.com
"Kushal Dev Paudel","7676 Sundhara",kushal.paudel3550@test.com
"Arif Kumar Lamichane","4392 Tripureshwor",arif.lamichane3551@random.org
"Lalit Krishna Lamichane","4415 Tinkune",lalit.lamichane3552@random.org
"Binod Bhagat Seikh","8112 Tinkune",binod.seikh3553@demo.net
"Rohit Lal K.C","2679 New Road",rohit.k.c3554@mail.com
"Paras Dhoj Malla","968 Ratnapark",paras.malla3555@mail.com
"Karan Gopal Khadka","267 Chabel",karan.khadka3556@mail.com
"Paras Bir Lamichane","9702 Chabel",paras.lamichane3557@demo.net
"Sompal Krishna Rajbanshi","4568 Jawalakhel",sompal.rajbanshi3558@mail.com
"Kushal Kumar Bhurtel","4794 New Road",kushal.bhurtel3559@demo.net
"Rohit Bahadur Khadka","9594 Ratnapark",rohit.khadka3560@random.org
"Kushal Bhagat K.C","5990 Ratnapark",kushal.k.c3561@random.org
"Kushal Bhopal Bhandari","9113 New Road",kushal.bhandari3562@demo.net
"Paras Dhoj Bhurtel","1651 Chabel",paras.bhurtel3563@test.com
"Sompal Gopal Seikh","1882 Tripureshwor",sompal.seikh3564@demo.net
"Kushal Bhagat Malla","458 Ratnapark",kushal.malla3565@test.com
"Rohit Kumar K.C","6123 New Road",rohit.k.c3566@demo.net
"Paras Lal Rajbanshi","6976 New Road",paras.rajbanshi3567@example.com
"Sompal Krishna Lamichane","4454 Ratnapark",sompal.lamichane3568@demo.net
"Arif Bhagat Bhandari","4429 Ekantakuna",arif.bhandari3569@mail.com
"Lalit Dev Kami","7627 Sundhara",lalit.kami3570@demo.net
"Rohit Bhopal Seikh","1974 Tripureshwor",rohit.seikh3571@test.com
"Karan Bhagat Lamichane","6393 Ekantakuna",karan.lamichane3572@demo.net
"Arif Dev Lamichane","9326 Ekantakuna",arif.lamichane3573@test.com
"Binod Lal Malla","7883 Tripureshwor",binod.malla3574@example.com
"Karan Dhoj Paudel","2474 Ekantakuna",karan.paudel3575@demo.net
"Lalit Bhopal Malla","4190 Sundhara",lalit.malla3576@mail.com
"Sompal Dhoj Khadka","5064 Gaushala",sompal.khadka3577@random.org
"Binod Dhoj Seikh","5350 Baneshwor",binod.seikh3578@random.org
"Binod Bhopal K.C","9367 Tinkune",binod.k.c3579@random.org
"Arif Bir Kami","8037 Baneshwor",arif.kami3580@mail.com
"Sandeep Bhopal Kami","3744 Sundhara",sandeep.kami3581@demo.net
"Sompal Dev K.C","8725 Jawalakhel",sompal.k.c3582@mail.com
"Karan Gopal K.C","5163 Sundhara",karan.k.c3583@demo.net
"Binod Kumar Malla","3534 Ekantakuna",binod.malla3584@mail.com
"Arif Dhoj Khadka","1632 New Road",arif.khadka3585@test.com
"Asif Kumar Paudel","8540 Chabel",asif.paudel3586@example.com
"Lalit Dhoj K.C","8614 Sundhara",lalit.k.c3587@example.com
"Kushal Lal Seikh","7533 New Road",kushal.seikh3588@random.org
"Karan Krishna K.C","9704 Tripureshwor",karan.k.c3589@random.org
"Karan Kumar Kami","8103 Gaushala",karan.kami3590@random.org
"Karan Bahadur Lamichane","1502 Ratnapark",karan.lamichane3591@test.com
"Rohit Gopal Khadka","6202 Gaushala",rohit.khadka3592@demo.net
"Sandeep Bhopal Rajbanshi","5883 Gaushala",sandeep.rajbanshi3593@mail.com
"Karan Krishna Lamichane","8745 Tripureshwor",karan.lamichane3594@random.org
"Sompal Lal Kami","654 New Road",sompal.kami3595@mail.com
"Sandeep Bhagat Khadka","9256 Tinkune",sandeep.khadka3596@mail.com
"Arif Dhoj K.C","7558 Baneshwor",arif.k.c3597@test.com
"Karan Bhopal Lamichane","8872 Baneshwor",karan.lamichane3598@random.org
"Rohit Dev Khadka","6310 Jawalakhel",rohit.khadka3599@random.org
"Rohit Gopal Bhandari","1148 Gaushala",rohit.bhandari3600@demo.net
"Rohit Kumar Seikh","9843 Tripureshwor",rohit.seikh3601@mail.com
"Rohit Bir Malla","2856 Gaushala",rohit.malla3602@demo.net
"Sompal Dhoj Khadka","4442 Baneshwor",sompal.khadka3603@demo.net
"Kushal Gopal Lamichane","2887 Tripureshwor",kushal.lamichane3604@mail.com
"Arif Kumar Malla","8213 Tripureshwor",arif.malla3605@example.com
"Karan Bahadur Bhandari","6345 New Road",karan.bhandari3606@mail.com
"Sandeep Lal Bhandari","258 Baneshwor",sandeep.bhandari3607@example.com
"Sandeep Lal Khadka","7029 Jawalakhel",sandeep.khadka3608@random.org
"Lalit Dhoj Bhurtel","5580 Chabel",lalit.bhurtel3609@demo.net
"Asif Bhopal Rajbanshi","6760 Baneshwor",asif.rajbanshi3610@random.org
"Paras Bahadur K.C","5737 Gaushala",paras.k.c3611@example.com
"Lalit Lal Kami","9129 Gaushala",lalit.kami3612@example.com
"Lalit Bhopal K.C","9395 Gaushala",lalit.k.c3613@random.org
"Sandeep Bahadur Kami","8860 Jawalakhel",sandeep.kami3614@test.com
"Sandeep Krishna Paudel","1059 Chabel",sandeep.paudel3615@demo.net
"Arif Lal Kami","2147 Gaushala",arif.kami3616@example.com
"Karan Krishna Paudel","3780 Sundhara",karan.paudel3617@test.com
"Sandeep Dhoj K.C","1786 New Road",sandeep.k.c3618@random.org
"Sompal Bhagat Malla","3367 Jawalakhel",sompal.malla3619@random.org
"Lalit Bhagat Khadka","7719 Chabel",lalit.khadka3620@random.org
"Paras Dev Bhurtel","1467 Chabel",paras.bhurtel3621@random.org
"Asif Bahadur Khadka","3527 Baneshwor",asif.khadka3622@random.org
"Binod Kumar K.C","5867 Sundhara",binod.k.c3623@demo.net
"Sompal Bhagat Malla","5208 Sundhara",sompal.malla3624@test.com
"Rohit Bhopal Paudel","923 Jawalakhel",rohit.paudel3625@example.com
"Sompal Bhagat Kami","5497 Tinkune",sompal.kami3626@mail.com
"Sompal Gopal Rajbanshi","6369 Tripureshwor",sompal.rajbanshi3627@example.com
"Karan Bahadur Bhandari","273 Gaushala",karan.bhandari3628@demo.net
"Sandeep Bahadur K.C","7406 Baneshwor",sandeep.k.c3629@demo.net
"Kushal Dev K.C","3686 Jawalakhel",kushal.k.c3630@test.com
"Paras Bahadur Paudel","4510 New Road",paras.paudel3631@test.com
"Arif Krishna Malla","7344 Jawalakhel",arif.malla3632@random.org
"Rohit Bir Malla","3588 New Road",rohit.malla3633@mail.com
"Asif Bhopal Paudel","6495 New Road",asif.paudel3634@example.com
"Paras Dhoj Bhandari","2401 Baneshwor",paras.bhandari3635@mail.com
"Rohit Bahadur Khadka","6263 New Road",rohit.khadka3636@mail.com
"Binod Bahadur Malla","9633 Sundhara",binod.malla3637@random.org
"Asif Bhagat Kami","4615 Gaushala",asif.kami3638@test.com
"Lalit Bahadur Bhandari","6550 New Road",lalit.bhandari3639@mail.com
"Kushal Kumar K.C","3089 Ratnapark",kushal.k.c3640@demo.net
"Arif Gopal Bhurtel","3115 Tinkune",arif.bhurtel3641@random.org
"Lalit Lal Kami","451 Baneshwor",lalit.kami3642@test.com
"Asif Dhoj Lamichane","5399 Sundhara",asif.lamichane3643@demo.net
"Lalit Dev Kami","8675 Chabel",lalit.kami3644@example.com
"Sompal Bir Kami","957 Gaushala",sompal.kami3645@demo.net
"Binod Lal Rajbanshi","2081 Tripureshwor",binod.rajbanshi3646@example.com
"Arif Bhagat Khadka","4028 Tinkune",arif.khadka3647@demo.net
"Asif Bhopal Bhurtel","6773 Tinkune",asif.bhurtel3648@demo.net
"Paras Bhagat Bhandari","4436 Baneshwor",paras.bhandari3649@demo.net
"Sandeep Lal Lamichane","6009 Ekantakuna",sandeep.lamichane3650@demo.net
"Arif Lal Lamichane","4740 Gaushala",arif.lamichane3651@random.org
"Kushal Bhopal Kami","3327 New Road",kushal.kami3652@example.com
"Sandeep Lal Lamichane","7061 Tripureshwor",sandeep.lamichane3653@test.com
"Kushal Kumar Khadka","4195 Sundhara",kushal.khadka3654@test.com
"Paras Gopal K.C","1604 Gaushala",paras.k.c3655@random.org
"Asif Bhagat Kami","7140 Gaushala",asif.kami3656@random.org
"Karan Bahadur Kami","113 Chabel",karan.kami3657@random.org
"Karan Bahadur Bhurtel","2426 Ekantakuna",karan.bhurtel3658@random.org
"Sompal Bir Paudel","4942 New Road",sompal.paudel3659@demo.net
"Kushal Bhopal Seikh","7544 Chabel",kushal.seikh3660@mail.com
"Kushal Krishna Kami","2105 Jawalakhel",kushal.kami3661@demo.net
"Sandeep Gopal Kami","6873 Sundhara",sandeep.kami3662@random.org
"Asif Lal Kami","7168 Baneshwor",asif.kami3663@random.org
"Rohit Bhopal Seikh","1486 New Road",rohit.seikh3664@test.com
"Asif Gopal K.C","3740 Baneshwor",asif.k.c3665@random.org
"Arif Bahadur Seikh","8741 New Road",arif.seikh3666@random.org
"Karan Krishna Malla","478 Ratnapark",karan.malla3667@demo.net
"Karan Bir Khadka","2362 Ratnapark",karan.khadka3668@mail.com
"Sompal Bahadur Paudel","5929 Tinkune",sompal.paudel3669@example.com
"Kushal Lal Lamichane","2211 Tripureshwor",kushal.lamichane3670@mail.com
"Asif Bir Rajbanshi","7448 Tinkune",asif.rajbanshi3671@demo.net
"Sandeep Gopal Bhurtel","3495 Ekantakuna",sandeep.bhurtel3672@random.org
"Arif Gopal Seikh","6145 Jawalakhel",arif.seikh3673@mail.com
"Karan Bhopal Rajbanshi","850 Baneshwor",karan.rajbanshi3674@test.com
"Binod Kumar Lamichane","5497 Jawalakhel",binod.lamichane3675@example.com
"Sandeep Gopal Lamichane","3115 Tinkune",sandeep.lamichane3676@random.org
"Sandeep Lal K.C","7579 Gaushala",sandeep.k.c3677@demo.net
"Sompal Lal Kami","5670 Baneshwor",sompal.kami3678@mail.com
"Sandeep Bhagat K.C","5376 New Road",sandeep.k.c3679@random.org
"Rohit Dev K.C","3694 Gaushala",rohit.k.c3680@demo.net
"Rohit Dhoj Bhandari","289 Jawalakhel",rohit.bhandari3681@example.com
"Binod Bahadur Khadka","3801 Ratnapark",binod.khadka3682@random.org
"Arif Bhopal Kami","8250 Ratnapark",arif.kami3683@mail.com
"Lalit Krishna Bhandari","8127 Baneshwor",lalit.bhandari3684@example.com
"Kushal Bhopal Malla","9049 Ekantakuna",kushal.malla3685@test.com
"Binod Bhagat Paudel","8162 New Road",binod.paudel3686@random.org
"Sandeep Bhopal Malla","496 Ekantakuna",sandeep.malla3687@demo.net
"Sandeep Bir Bhurtel","8205 Sundhara",sandeep.bhurtel3688@random.org
"Paras Dev Lamichane","3323 New Road",paras.lamichane3689@demo.net
"Arif Kumar Paudel","8263 Sundhara",arif.paudel3690@random.org
"Lalit Dhoj K.C","6594 Chabel",lalit.k.c3691@mail.com
"Sompal Gopal Bhurtel","4518 Tripureshwor",sompal.bhurtel3692@test.com
"Paras Bahadur K.C","8423 Sundhara",paras.k.c3693@example.com
"Sandeep Bhopal Seikh","2277 Ekantakuna",sandeep.seikh3694@mail.com
"Paras Bhagat Khadka","8544 Tinkune",paras.khadka3695@mail.com
"Asif Dev Seikh","3105 Gaushala",asif.seikh3696@demo.net
"Arif Bahadur Bhurtel","9307 Baneshwor",arif.bhurtel3697@demo.net
"Sandeep Bhagat K.C","1217 Ratnapark",sandeep.k.c3698@example.com
"Asif Bahadur Rajbanshi","7475 Ekantakuna",asif.rajbanshi3699@random.org
"Binod Bhagat Paudel","4824 Jawalakhel",binod.paudel3700@random.org
"Binod Bir Lamichane","9064 Chabel",binod.lamichane3701@example.com
"Sompal Gopal Rajbanshi","645 Baneshwor",sompal.rajbanshi3702@demo.net
"Lalit Krishna Bhandari","2784 Ratnapark",lalit.bhandari3703@test.com
"Kushal Dev Rajbanshi","3512 Ratnapark",kushal.rajbanshi3704@random.org
"Arif Bir K.C","2068 Chabel",arif.k.c3705@random.org
"Asif Bhagat Bhandari","9259 Gaushala",asif.bhandari3706@test.com
"Binod Bhagat Rajbanshi","4848 Chabel",binod.rajbanshi3707@test.com
"Sompal Bir Paudel","7262 Ratnapark",sompal.paudel3708@example.com
"Binod Bahadur Bhandari","7455 Ekantakuna",binod.bhandari3709@demo.net
"Karan Dev Malla","7812 Tinkune",karan.malla3710@demo.net
"Karan Dev Bhandari","8021 Baneshwor",karan.bhandari3711@random.org
"Karan Dhoj Rajbanshi","5250 Ekantakuna",karan.rajbanshi3712@mail.com
"Kushal Lal Bhandari","1236 Tripureshwor",kushal.bhandari3713@test.com
"Rohit Dhoj Malla","5106 Gaushala",rohit.malla3714@example.com
"Sandeep Kumar Paudel","6548 Gaushala",sandeep.paudel3715@example.com
"Karan Dhoj Bhurtel","1741 Ekantakuna",karan.bhurtel3716@example.com
"Karan Bir Paudel","1608 Tripureshwor",karan.paudel3717@demo.net
"Arif Lal K.C","4457 Chabel",arif.k.c3718@mail.com
"Kushal Dev Bhandari","3260 Tinkune",kushal.bhandari3719@test.com
"Karan Bhagat Bhurtel","4596 Sundhara",karan.bhurtel3720@test.com
"Arif Bahadur Bhurtel","2615 Gaushala",arif.bhurtel3721@demo.net
"Asif Kumar Khadka","8664 Chabel",asif.khadka3722@mail.com
"Sompal Dhoj Kami","4776 Tripureshwor",sompal.kami3723@random.org
"Sompal Bir Khadka","933 Ekantakuna",sompal.khadka3724@random.org
"Karan Bhagat Bhurtel","4320 Sundhara",karan.bhurtel3725@demo.net
"Kushal Bhagat Rajbanshi","7639 Ekantakuna",kushal.rajbanshi3726@demo.net
"Arif Lal Kami","2694 Tripureshwor",arif.kami3727@mail.com
"Asif Gopal K.C","7452 Baneshwor",asif.k.c3728@demo.net
"Rohit Bhagat Seikh","8235 Tinkune",rohit.seikh3729@test.com
"Paras Kumar Kami","2789 Sundhara",paras.kami3730@test.com
"Sompal Kumar Rajbanshi","3699 Jawalakhel",sompal.rajbanshi3731@random.org
"Kushal Bhopal Paudel","6767 Tripureshwor",kushal.paudel3732@test.com
"Asif Bhagat Rajbanshi","2321 Baneshwor",asif.rajbanshi3733@test.com
"Binod Bir Seikh","1434 Gaushala",binod.seikh3734@test.com
"Rohit Krishna Kami","6461 Jawalakhel",rohit.kami3735@test.com
"Asif Bhopal K.C","5235 Baneshwor",asif.k.c3736@demo.net
"Binod Gopal Malla","7273 Gaushala",binod.malla3737@random.org
"Karan Dhoj Lamichane","9446 Tinkune",karan.lamichane3738@random.org
"Asif Krishna Seikh","8944 Sundhara",asif.seikh3739@mail.com
"Sandeep Dev K.C","221 Ratnapark",sandeep.k.c3740@demo.net
"Karan Bir K.C","4211 New Road",karan.k.c3741@demo.net
"Karan Bir Seikh","8876 Baneshwor",karan.seikh3742@test.com
"Sompal Bir Bhurtel","6214 Gaushala",sompal.bhurtel3743@test.com
"Lalit Gopal Malla","5875 Jawalakhel",lalit.malla3744@demo.net
"Sompal Bhagat Kami","4780 Baneshwor",sompal.kami3745@demo.net
"Rohit Krishna Khadka","6628 Chabel",rohit.khadka3746@demo.net
"Binod Dhoj K.C","4702 Ratnapark",binod.k.c3747@test.com
"Rohit Dev Kami","893 Chabel",rohit.kami3748@demo.net
"Karan Gopal K.C","6039 Gaushala",karan.k.c3749@demo.net
"Karan Bhopal Bhandari","6100 Ekantakuna",karan.bhandari3750@demo.net
"Sandeep Kumar Khadka","5299 Baneshwor",sandeep.khadka3751@mail.com
"Paras Gopal Rajbanshi","4686 Ratnapark",paras.rajbanshi3752@example.com
"Sandeep Kumar Paudel","2018 Jawalakhel",sandeep.paudel3753@test.com
"Kushal Gopal Lamichane","3174 Jawalakhel",kushal.lamichane3754@test.com
"Karan Gopal Rajbanshi","1241 Ratnapark",karan.rajbanshi3755@random.org
"Lalit Krishna Paudel","5024 New Road",lalit.paudel3756@example.com
"Rohit Dev Bhandari","6035 Baneshwor",rohit.bhandari3757@demo.net
"Kushal Bhopal Lamichane","3592 Jawalakhel",kushal.lamichane3758@mail.com
"Kushal Bhagat Seikh","3099 Tinkune",kushal.seikh3759@random.org
"Paras Bhopal K.C","9954 Ekantakuna",paras.k.c3760@example.com
"Binod Krishna Bhurtel","1496 Ratnapark",binod.bhurtel3761@random.org
"Kushal Lal Seikh","5564 Tripureshwor",kushal.seikh3762@example.com
"Karan Dhoj Khadka","6514 Tinkune",karan.khadka3763@demo.net
"Paras Bhopal Lamichane","1779 Jawalakhel",paras.lamichane3764@random.org
"Asif Dhoj Bhandari","5807 Baneshwor",asif.bhandari3765@test.com
"Karan Bhagat Seikh","4389 Gaushala",karan.seikh3766@test.com
"Paras Gopal Rajbanshi","9987 Tripureshwor",paras.rajbanshi3767@demo.net
"Sandeep Dev K.C","2466 Jawalakhel",sandeep.k.c3768@demo.net
"Karan Dev Lamichane","8540 Ratnapark",karan.lamichane3769@mail.com
"Sompal Kumar Malla","9910 Chabel",sompal.malla3770@example.com
"Rohit Kumar Rajbanshi","7556 Sundhara",rohit.rajbanshi3771@demo.net
"Binod Bhopal Kami","6797 Jawalakhel",binod.kami3772@example.com
"Lalit Bhagat Bhurtel","9119 Baneshwor",lalit.bhurtel3773@test.com
"Asif Bahadur Paudel","9919 New Road",asif.paudel3774@random.org
"Binod Dhoj Lamichane","3280 Sundhara",binod.lamichane3775@random.org
"Kushal Dev Rajbanshi","1072 Ekantakuna",kushal.rajbanshi3776@test.com
"Kushal Bhagat Kami","3407 Sundhara",kushal.kami3777@example.com
"Karan Lal Seikh","3427 Ratnapark",karan.seikh3778@example.com
"Arif Dhoj Rajbanshi","8808 Tinkune",arif.rajbanshi3779@demo.net
"Kushal Dhoj Rajbanshi","9598 Sundhara",kushal.rajbanshi3780@test.com
"Sompal Dhoj Bhandari","9493 Tripureshwor",sompal.bhandari3781@mail.com
"Kushal Dev Khadka","9821 Tinkune",kushal.khadka3782@mail.com
"Sompal Lal Rajbanshi","4912 Chabel",sompal.rajbanshi3783@mail.com
"Paras Dev Malla","3320 Baneshwor",paras.malla3784@mail.com
"Rohit Krishna Lamichane","533 Jawalakhel",rohit.lamichane3785@mail.com
"Binod Bir Lamichane","8318 Ratnapark",binod.lamichane3786@mail.com
"Sandeep Bhopal Rajbanshi","4422 Baneshwor",sandeep.rajbanshi3787@example.com
"Rohit Bhopal Bhurtel","7561 Chabel",rohit.bhurtel3788@demo.net
"Binod Bir K.C","1807 Tripureshwor",binod.k.c3789@random.org
"Asif Krishna Malla","7940 Chabel",asif.malla3790@random.org
"Lalit Bhopal Malla","5989 New Road",lalit.malla3791@mail.com
"Sompal Bhopal K.C","2088 Tinkune",sompal.k.c3792@mail.com
"Karan Bir Malla","6824 Ratnapark",karan.malla3793@mail.com
"Sandeep Bhopal Malla","121 Tinkune",sandeep.malla3794@test.com
"Karan Krishna Malla","2635 Jawalakhel",karan.malla3795@example.com
"Rohit Bhopal Paudel","9996 Chabel",rohit.paudel3796@demo.net
"Arif Bahadur Malla","1925 New Road",arif.malla3797@example.com
"Lalit Bir Paudel","6413 Baneshwor",lalit.paudel3798@random.org
"Sandeep Bhagat Seikh","337 Ratnapark",sandeep.seikh3799@random.org
"Binod Krishna Rajbanshi","8656 Chabel",binod.rajbanshi3800@demo.net
"Kushal Bhopal Malla","5080 Tripureshwor",kushal.malla3801@random.org
"Binod Bhagat Khadka","3324 Ratnapark",binod.khadka3802@example.com
"Arif Krishna Paudel","3731 Chabel",arif.paudel3803@mail.com
"Binod Krishna Lamichane","4382 Jawalakhel",binod.lamichane3804@test.com
"Asif Bhopal Lamichane","1106 Gaushala",asif.lamichane3805@mail.com
"Kushal Bir Paudel","6351 Chabel",kushal.paudel3806@mail.com
"Sandeep Dhoj Seikh","2843 Baneshwor",sandeep.seikh3807@random.org
"Asif Bhopal Kami","9120 Jawalakhel",asif.kami3808@random.org
"Kushal Dhoj Rajbanshi","1121 Tripureshwor",kushal.rajbanshi3809@mail.com
"Karan Bhopal Khadka","6092 New Road",karan.khadka3810@example.com
"Karan Lal Paudel","2155 Gaushala",karan.paudel3811@example.com
"Rohit Gopal Paudel","1323 Ekantakuna",rohit.paudel3812@demo.net
"Asif Dhoj Bhurtel","3895 Baneshwor",asif.bhurtel3813@test.com
"Kushal Bhagat Khadka","6826 Gaushala",kushal.khadka3814@test.com
"Rohit Krishna Seikh","9672 Ratnapark",rohit.seikh3815@demo.net
"Lalit Bahadur Rajbanshi","1929 Ekantakuna",lalit.rajbanshi3816@test.com
"Rohit Bahadur Malla","536 Sundhara",rohit.malla3817@random.org
"Arif Dev Bhandari","4125 Baneshwor",arif.bhandari3818@example.com
"Kushal Krishna K.C","1305 Ratnapark",kushal.k.c3819@example.com
"Sompal Gopal Paudel","4275 Tinkune",sompal.paudel3820@mail.com
"Kushal Kumar Bhandari","5913 Ratnapark",kushal.bhandari3821@test.com
"Paras Dev Bhurtel","8690 Ratnapark",paras.bhurtel3822@test.com
"Rohit Gopal Paudel","2967 Ratnapark",rohit.paudel3823@demo.net
"Asif Lal Rajbanshi","2381 Ekantakuna",asif.rajbanshi3824@demo.net
"Rohit Bir K.C","4546 Jawalakhel",rohit.k.c3825@example.com
"Sandeep Dev Seikh","9422 Chabel",sandeep.seikh3826@random.org
"Asif Bhagat Bhandari","5071 Tinkune",asif.bhandari3827@example.com
"Rohit Dhoj Bhandari","7298 Sundhara",rohit.bhandari3828@example.com
"Karan Lal K.C","8192 Sundhara",karan.k.c3829@demo.net
"Asif Dhoj Rajbanshi","5065 Ratnapark",asif.rajbanshi3830@mail.com
"Karan Dev K.C","1694 Baneshwor",karan.k.c3831@demo.net
"Binod Dhoj Seikh","2073 Sundhara",binod.seikh3832@random.org
"Sompal Krishna Seikh","8549 Jawalakhel",sompal.seikh3833@random.org
"Arif Dhoj Seikh","1855 Tinkune",arif.seikh3834@random.org
"Asif Dev Khadka","4432 Ekantakuna",asif.khadka3835@random.org
"Sandeep Dhoj Bhandari","4875 New Road",sandeep.bhandari3836@mail.com
"Sompal Gopal Rajbanshi","7486 Gaushala",sompal.rajbanshi3837@random.org
"Sandeep Lal Seikh","8537 Sundhara",sandeep.seikh3838@mail.com
"Sandeep Dev K.C","6502 Gaushala",sandeep.k.c3839@demo.net
"Sandeep Dhoj Bhurtel","951 Gaushala",sandeep.bhurtel3840@demo.net
"Lalit Kumar Paudel","5313 Sundhara",lalit.paudel3841@mail.com
"Asif Gopal Paudel","9838 Baneshwor",asif.paudel3842@demo.net
"Asif Dev Kami","9539 Gaushala",asif.kami3843@mail.com
"Karan Krishna Kami","8145 Gaushala",karan.kami3844@example.com
"Paras Krishna Lamichane","1715 Ratnapark",paras.lamichane3845@mail.com
"Binod Dhoj Paudel","4263 Baneshwor",binod.paudel3846@demo.net
"Sompal Lal Seikh","2673 Chabel",sompal.seikh3847@test.com
"Sandeep Bhagat Paudel","6701 Jawalakhel",sandeep.paudel3848@random.org
"Sompal Gopal Khadka","4092 Jawalakhel",sompal.khadka3849@example.com
"Sompal Bir Bhandari","4458 Jawalakhel",sompal.bhandari3850@example.com
"Lalit Dev Bhurtel","844 Chabel",lalit.bhurtel3851@mail.com
"Rohit Gopal Bhurtel","1831 Jawalakhel",rohit.bhurtel3852@test.com
"Paras Bhagat Bhurtel","1567 Ekantakuna",paras.bhurtel3853@example.com
"Lalit Lal Seikh","783 Ekantakuna",lalit.seikh3854@example.com
"Paras Lal Khadka","7607 Chabel",paras.khadka3855@test.com
"Sompal Krishna Paudel","4139 Baneshwor",sompal.paudel3856@demo.net
"Paras Krishna Khadka","3899 Ratnapark",paras.khadka3857@example.com
"Kushal Bir Lamichane","2627 Ratnapark",kushal.lamichane3858@mail.com
"Kushal Bahadur Malla","3730 Baneshwor",kushal.malla3859@test.com
"Kushal Bahadur Seikh","3964 Ratnapark",kushal.seikh3860@example.com
"Lalit Gopal Bhandari","4103 Tinkune",lalit.bhandari3861@random.org
"Sandeep Dev Lamichane","6821 Chabel",sandeep.lamichane3862@demo.net
"Lalit Dhoj Bhurtel","7760 Ekantakuna",lalit.bhurtel3863@mail.com
"Asif Bir K.C","379 Chabel",asif.k.c3864@example.com
"Karan Lal Kami","7673 Tinkune",karan.kami3865@demo.net
"Sompal Bahadur Paudel","3107 Ekantakuna",sompal.paudel3866@random.org
"Lalit Kumar Malla","7150 Tinkune",lalit.malla3867@mail.com
"Sompal Bir Seikh","2686 Chabel",sompal.seikh3868@demo.net
"Lalit Dhoj Kami","180 Tripureshwor",lalit.kami3869@test.com
"Lalit Bhopal Rajbanshi","5320 Ekantakuna",lalit.rajbanshi3870@test.com
"Karan Bir K.C","7138 New Road",karan.k.c3871@random.org
"Karan Bhagat Malla","9450 Jawalakhel",karan.malla3872@random.org
"Paras Lal Bhandari","4307 Jawalakhel",paras.bhandari3873@mail.com
"Rohit Bhagat Rajbanshi","3075 Ratnapark",rohit.rajbanshi3874@random.org
"Kushal Bhagat Khadka","4860 Tripureshwor",kushal.khadka3875@demo.net
"Lalit Bahadur Malla","5429 Sundhara",lalit.malla3876@random.org
"Sompal Bhopal Bhurtel","2095 Ratnapark",sompal.bhurtel3877@random.org
"Sompal Bir Kami","6810 Gaushala",sompal.kami3878@demo.net
"Sandeep Bhopal Malla","4735 Baneshwor",sandeep.malla3879@mail.com
"Binod Bahadur Khadka","6141 Tinkune",binod.khadka3880@example.com
"Rohit Dev Khadka","8743 Ekantakuna",rohit.khadka3881@mail.com
"Sandeep Bahadur Khadka","915 Baneshwor",sandeep.khadka3882@example.com
"Karan Krishna Bhurtel","6033 Chabel",karan.bhurtel3883@mail.com
"Karan Gopal Malla","640 Sundhara",karan.malla3884@example.com
"Arif Bhagat Malla","3868 Ratnapark",arif.malla3885@test.com
"Paras Kumar Seikh","7235 Tripureshwor",paras.seikh3886@random.org
"Lalit Bhagat Rajbanshi","5625 Sundhara",lalit.rajbanshi3887@random.org
"Sompal Lal Lamichane","5416 Tripureshwor",sompal.lamichane3888@mail.com
"Karan Bahadur Khadka","3347 Gaushala",karan.khadka3889@random.org
"Karan Lal Kami","8413 Tinkune",karan.kami3890@mail.com
"Lalit Lal Kami","8993 Tinkune",lalit.kami3891@example.com
"Arif Dhoj Bhandari","9827 Tinkune",arif.bhandari3892@test.com
"Sandeep Bhagat Bhandari","3493 Tripureshwor",sandeep.bhandari3893@random.org
"Lalit Bahadur Bhandari","5555 New Road",lalit.bhandari3894@example.com
"Kushal Bir Seikh","4443 New Road",kushal.seikh3895@example.com
"Sompal Gopal Bhandari","338 Jawalakhel",sompal.bhandari3896@example.com
"Arif Gopal Bhandari","9976 Sundhara",arif.bhandari3897@random.org
"Arif Kumar Paudel","2650 Jawalakhel",arif.paudel3898@mail.com
"Sompal Dhoj Seikh","3258 Ekantakuna",sompal.seikh3899@mail.com
"Lalit Bhagat Paudel","8979 Ekantakuna",lalit.paudel3900@demo.net
"Lalit Krishna Paudel","8882 Sundhara",lalit.paudel3901@mail.com
"Karan Bhagat Rajbanshi","7464 New Road",karan.rajbanshi3902@example.com
"Kushal Gopal Bhurtel","5598 Ekantakuna",kushal.bhurtel3903@random.org
"Binod Kumar Bhurtel","4081 Tripureshwor",binod.bhurtel3904@demo.net
"Lalit Bhopal Bhurtel","8836 Tripureshwor",lalit.bhurtel3905@example.com
"Paras Bir K.C","1833 Tripureshwor",paras.k.c3906@example.com
"Lalit Dev Lamichane","9998 Jawalakhel",lalit.lamichane3907@demo.net
"Binod Gopal Malla","8876 Tinkune",binod.malla3908@test.com
"Karan Kumar Bhurtel","6986 Ekantakuna",karan.bhurtel3909@mail.com
"Lalit Dhoj Kami","5979 Tripureshwor",lalit.kami3910@mail.com
"Rohit Dhoj Khadka","7069 Tripureshwor",rohit.khadka3911@test.com
"Karan Dhoj Malla","3730 Jawalakhel",karan.malla3912@demo.net
"Asif Bhagat Khadka","3986 Jawalakhel",asif.khadka3913@mail.com
"Karan Dhoj Bhandari","4029 Tripureshwor",karan.bhandari3914@test.com
"Asif Dev Bhandari","6676 New Road",asif.bhandari3915@random.org
"Asif Krishna K.C","2442 New Road",asif.k.c3916@test.com
"Binod Bir K.C","1503 Ratnapark",binod.k.c3917@example.com
"Asif Bir Kami","8454 Tripureshwor",asif.kami3918@random.org
"Asif Kumar Bhandari","343 New Road",asif.bhandari3919@random.org
"Sompal Dev Lamichane","6909 Tripureshwor",sompal.lamichane3920@example.com
"Sandeep Krishna Lamichane","5003 Chabel",sandeep.lamichane3921@mail.com
"Paras Bhagat Malla","8880 Ratnapark",paras.malla3922@test.com
"Sompal Dev Rajbanshi","5292 Ratnapark",sompal.rajbanshi3923@mail.com
"Lalit Bahadur Khadka","2842 Sundhara",lalit.khadka3924@random.org
"Kushal Bahadur Rajbanshi","6583 New Road",kushal.rajbanshi3925@test.com
"Karan Dev Lamichane","619 Ekantakuna",karan.lamichane3926@example.com
"Kushal Dhoj Paudel","1054 Ekantakuna",kushal.paudel3927@test.com
"Sandeep Kumar Malla","5407 Tinkune",sandeep.malla3928@demo.net
"Kushal Lal Rajbanshi","2606 Tripureshwor",kushal.rajbanshi3929@demo.net
"Karan Kumar Bhandari","2399 Ratnapark",karan.bhandari3930@random.org
"Karan Dhoj Rajbanshi","8069 Tinkune",karan.rajbanshi3931@test.com
"Kushal Bhopal K.C","6525 Sundhara",kushal.k.c3932@random.org
"Lalit Lal Malla","2772 Ekantakuna",lalit.malla3933@demo.net
"Kushal Lal Seikh","4018 Tripureshwor",kushal.seikh3934@mail.com
"Binod Bhopal Seikh","7921 Ekantakuna",binod.seikh3935@mail.com
"Rohit Bhopal Bhurtel","1050 Ratnapark",rohit.bhurtel3936@demo.net
"Sandeep Gopal Malla","4232 Ekantakuna",sandeep.malla3937@mail.com
"Karan Lal Bhandari","9543 Jawalakhel",karan.bhandari3938@test.com
"Sandeep Dev Bhandari","1756 Tripureshwor",sandeep.bhandari3939@test.com
"Binod Dhoj Kami","5354 Baneshwor",binod.kami3940@demo.net
"Binod Gopal Rajbanshi","9746 Baneshwor",binod.rajbanshi3941@test.com
"Kushal Bhopal Rajbanshi","3003 Ekantakuna",kushal.rajbanshi3942@mail.com
"Binod Dhoj Bhurtel","200 Sundhara",binod.bhurtel3943@example.com
"Sompal Bir K.C","1472 Baneshwor",sompal.k.c3944@demo.net
"Arif Dhoj Bhurtel","4454 Chabel",arif.bhurtel3945@test.com
"Kushal Bir Bhandari","5786 Jawalakhel",kushal.bhandari3946@mail.com
"Arif Gopal Kami","2881 Gaushala",arif.kami3947@test.com
"Rohit Dev Paudel","2298 New Road",rohit.paudel3948@example.com
"Sompal Bahadur Khadka","1286 Sundhara",sompal.khadka3949@demo.net
"Binod Kumar Kami","9783 Jawalakhel",binod.kami3950@demo.net
"Lalit Gopal Bhandari","9214 Ekantakuna",lalit.bhandari3951@test.com
"Paras Lal K.C","3401 Ekantakuna",paras.k.c3952@test.com
"Paras Bahadur Khadka","1302 Jawalakhel",paras.khadka3953@example.com
"Asif Bhopal K.C","9415 New Road",asif.k.c3954@random.org
"Kushal Bhagat Paudel","9943 Jawalakhel",kushal.paudel3955@example.com
"Sandeep Bir Bhandari","3948 Gaushala",sandeep.bhandari3956@example.com
"Sompal Dev Kami","9018 Chabel",sompal.kami3957@demo.net
"Paras Gopal Lamichane","2187 Gaushala",paras.lamichane3958@test.com
"Binod Dhoj Khadka","3787 Jawalakhel",binod.khadka3959@mail.com
"Sandeep Kumar Paudel","1818 Ratnapark",sandeep.paudel3960@random.org
"Lalit Krishna K.C","7225 Ekantakuna",lalit.k.c3961@random.org
"Rohit Dhoj Lamichane","7382 Jawalakhel",rohit.lamichane3962@demo.net
"Sompal Gopal Lamichane","3988 Tripureshwor",sompal.lamichane3963@random.org
"Asif Dhoj Lamichane","1934 Jawalakhel",asif.lamichane3964@test.com
"Asif Bhagat Khadka","7147 Jawalakhel",asif.khadka3965@demo.net
"Asif Dhoj Bhandari","9410 Chabel",asif.bhandari3966@mail.com
"Lalit Lal Lamichane","4246 New Road",lalit.lamichane3967@test.com
"Sompal Bahadur K.C","7165 Chabel",sompal.k.c3968@demo.net
"Rohit Bahadur Bhandari","394 Jawalakhel",rohit.bhandari3969@mail.com
"Karan Bir Kami","2497 Tripureshwor",karan.kami3970@example.com
"Asif Bhopal Khadka","5976 Jawalakhel",asif.khadka3971@random.org
"Paras Lal Kami","8072 Ekantakuna",paras.kami3972@example.com
"Karan Gopal K.C","751 Chabel",karan.k.c3973@demo.net
"Sandeep Dhoj Bhurtel","3295 Tinkune",sandeep.bhurtel3974@mail.com
"Sandeep Gopal Bhandari","5170 Ekantakuna",sandeep.bhandari3975@demo.net
"Asif Dhoj Bhurtel","3209 Ekantakuna",asif.bhurtel3976@mail.com
"Paras Dev K.C","6701 New Road",paras.k.c3977@demo.net
"Paras Bhopal Bhurtel","4989 Tripureshwor",paras.bhurtel3978@test.com
"Paras Gopal Bhurtel","2090 Baneshwor",paras.bhurtel3979@mail.com
"Sompal Gopal Lamichane","4500 Ekantakuna",sompal.lamichane3980@mail.com
"Asif Bir Lamichane","4134 Chabel",asif.lamichane3981@example.com
"Sompal Gopal Bhurtel","472 Tinkune",sompal.bhurtel3982@random.org
"Lalit Kumar Seikh","8641 Ekantakuna",lalit.seikh3983@example.com
"Binod Dev Kami","5956 Baneshwor",binod.kami3984@mail.com
"Binod Lal Rajbanshi","2000 Tripureshwor",binod.rajbanshi3985@random.org
"Sandeep Bhagat Malla","539 Ekantakuna",sandeep.malla3986@demo.net
"Karan Dhoj Khadka","1023 New Road",karan.khadka3987@example.com
"Sompal Krishna Rajbanshi","1126 Sundhara",sompal.rajbanshi3988@demo.net
"Rohit Bhagat Paudel","7708 Baneshwor",rohit.paudel3989@demo.net
"Lalit Kumar Lamichane","9254 Tripureshwor",lalit.lamichane3990@random.org
"Asif Kumar Malla","3830 Baneshwor",asif.malla3991@example.com
"Paras Bahadur Lamichane","8529 Ekantakuna",paras.lamichane3992@mail.com
"Sompal Bhopal Bhandari","5746 Jawalakhel",sompal.bhandari3993@mail.com
"Kushal Bahadur Kami","1472 Tinkune",kushal.kami3994@mail.com
"Arif Bhagat Rajbanshi","3793 Ekantakuna",arif.rajbanshi3995@random.org
"Rohit Krishna Khadka","7677 New Road",rohit.khadka3996@demo.net
"Kushal Krishna Lamichane","583 Tripureshwor",kushal.lamichane3997@test.com
"Asif Lal Kami","2408 New Road",asif.kami3998@test.com
"Asif Lal Seikh","7954 New Road",asif.seikh3999@random.org
"Binod Dev Lamichane","3676 Baneshwor",binod.lamichane4000@mail.com
"Rohit Gopal Rajbanshi","8816 Sundhara",rohit.rajbanshi4001@mail.com
"Karan Gopal Rajbanshi","7087 Jawalakhel",karan.rajbanshi4002@test.com
"Arif Lal Kami","1106 Jawalakhel",arif.kami4003@demo.net
"Karan Dev Malla","5148 Baneshwor",karan.malla4004@mail.com
"Sompal Dhoj Lamichane","7974 Ekantakuna",sompal.lamichane4005@random.org
"Kushal Bahadur Kami","9972 Tripureshwor",kushal.kami4006@random.org
"Binod Bhagat Seikh","831 Gaushala",binod.seikh4007@demo.net
"Lalit Bhopal Bhandari","8474 Tinkune",lalit.bhandari4008@mail.com
"Asif Lal Bhurtel","4895 Jawalakhel",asif.bhurtel4009@example.com
"Lalit Bhopal Bhandari","4324 Tripureshwor",lalit.bhandari4010@demo.net
"Arif Kumar Khadka","9406 Sundhara",arif.khadka4011@test.com
"Sompal Kumar Seikh","3088 Baneshwor",sompal.seikh4012@test.com
"Kushal Dev Kami","2213 Jawalakhel",kushal.kami4013@mail.com
"Paras Bhopal Paudel","1053 Tripureshwor",paras.paudel4014@example.com
"Lalit Lal K.C","8859 Sundhara",lalit.k.c4015@example.com
"Arif Bhagat Bhandari","7217 Baneshwor",arif.bhandari4016@example.com
"Arif Kumar Paudel","6103 Tinkune",arif.paudel4017@example.com
"Sompal Bhopal Lamichane","3402 Ratnapark",sompal.lamichane4018@demo.net
"Karan Dhoj Malla","7892 Chabel",karan.malla4019@test.com
"Binod Dhoj Khadka","9643 Chabel",binod.khadka4020@example.com
"Lalit Bhagat Khadka","3534 Baneshwor",lalit.khadka4021@test.com
"Sompal Bir Bhandari","5541 Tripureshwor",sompal.bhandari4022@example.com
"Karan Dhoj Paudel","3307 New Road",karan.paudel4023@example.com
"Asif Kumar Kami","5493 Tinkune",asif.kami4024@test.com
"Lalit Bir Kami","4344 Ekantakuna",lalit.kami4025@random.org
"Arif Bahadur Seikh","8792 Gaushala",arif.seikh4026@random.org
"Sompal Bir K.C","3344 Chabel",sompal.k.c4027@test.com
"Arif Lal Rajbanshi","4050 Baneshwor",arif.rajbanshi4028@mail.com
"Binod Kumar Khadka","521 Tripureshwor",binod.khadka4029@mail.com
"Lalit Bhopal Seikh","1776 New Road",lalit.seikh4030@random.org
"Rohit Bahadur Bhurtel","8617 New Road",rohit.bhurtel4031@demo.net
"Paras Bahadur Kami","9291 Sundhara",paras.kami4032@random.org
"Sompal Bhagat Khadka","6866 Sundhara",sompal.khadka4033@random.org
"Lalit Bhagat Kami","9226 Tinkune",lalit.kami4034@demo.net
"Arif Dhoj Bhandari","421 Jawalakhel",arif.bhandari4035@demo.net
"Binod Kumar Paudel","6790 Tripureshwor",binod.paudel4036@demo.net
"Paras Bir Kami","7129 Gaushala",paras.kami4037@demo.net
"Binod Bahadur Lamichane","3221 Ekantakuna",binod.lamichane4038@mail.com
"Lalit Bahadur Bhandari","3231 Tinkune",lalit.bhandari4039@test.com
"Karan Dhoj Lamichane","532 Sundhara",karan.lamichane4040@mail.com
"Binod Bahadur Rajbanshi","4864 Ratnapark",binod.rajbanshi4041@example.com
"Sandeep Kumar Lamichane","1002 Gaushala",sandeep.lamichane4042@random.org
"Lalit Dev Lamichane","9797 Gaushala",lalit.lamichane4043@demo.net
"Arif Lal Paudel","5621 Ekantakuna",arif.paudel4044@test.com
"Asif Lal Malla","6182 Gaushala",asif.malla4045@demo.net
"Sompal Bhopal Seikh","4490 Chabel",sompal.seikh4046@random.org
"Binod Kumar Seikh","8334 Chabel",binod.seikh4047@test.com
"Karan Gopal Malla","4757 Chabel",karan.malla4048@demo.net
"Sandeep Lal Bhurtel","5509 Tripureshwor",sandeep.bhurtel4049@demo.net
"Sandeep Dhoj Bhurtel","7593 Tinkune",sandeep.bhurtel4050@random.org
"Arif Bir Kami","8231 Chabel",arif.kami4051@random.org
"Sandeep Dev Lamichane","5387 Sundhara",sandeep.lamichane4052@demo.net
"Arif Bhopal Lamichane","7155 New Road",arif.lamichane4053@demo.net
"Paras Bir Khadka","3103 Chabel",paras.khadka4054@example.com
"Paras Krishna Malla","5364 Tripureshwor",paras.malla4055@random.org
"Arif Bhopal Paudel","8530 Baneshwor",arif.paudel4056@demo.net
"Sompal Dev Lamichane","1091 Tripureshwor",sompal.lamichane4057@test.com
"Rohit Dhoj Lamichane","1955 Tripureshwor",rohit.lamichane4058@mail.com
"Asif Bahadur Lamichane","4090 Ekantakuna",asif.lamichane4059@random.org
"Paras Krishna Bhandari","7723 Sundhara",paras.bhandari4060@test.com
"Sompal Dhoj Khadka","633 New Road",sompal.khadka4061@random.org
"Lalit Bhagat Bhandari","9803 Baneshwor",lalit.bhandari4062@demo.net
"Binod Dev Seikh","386 Sundhara",binod.seikh4063@random.org
"Rohit Gopal Bhandari","5109 Baneshwor",rohit.bhandari4064@example.com
"Asif Dev Seikh","2561 Ekantakuna",asif.seikh4065@mail.com
"Rohit Bir K.C","6203 Sundhara",rohit.k.c4066@mail.com
"Binod Krishna Malla","5290 Tripureshwor",binod.malla4067@example.com
"Kushal Kumar K.C","6090 Baneshwor",kushal.k.c4068@mail.com
"Rohit Krishna K.C","5093 Sundhara",rohit.k.c4069@mail.com
"Paras Bahadur Lamichane","7971 Ekantakuna",paras.lamichane4070@random.org
"Binod Bhagat Rajbanshi","6210 Jawalakhel",binod.rajbanshi4071@demo.net
"Karan Lal Bhandari","6020 Gaushala",karan.bhandari4072@demo.net
"Binod Lal K.C","9517 New Road",binod.k.c4073@test.com
"Paras Bhagat Kami","3520 Ekantakuna",paras.kami4074@example.com
"Sandeep Dhoj Paudel","5060 New Road",sandeep.paudel4075@test.com
"Lalit Krishna Bhurtel","8600 Ekantakuna",lalit.bhurtel4076@demo.net
"Binod Bahadur Paudel","9669 Baneshwor",binod.paudel4077@example.com
"Asif Dev Malla","2396 Tinkune",asif.malla4078@demo.net
"Arif Bir Khadka","5435 Jawalakhel",arif.khadka4079@example.com
"Sandeep Bhopal Bhurtel","7254 Tinkune",sandeep.bhurtel4080@example.com
"Rohit Dev Seikh","7877 Ratnapark",rohit.seikh4081@test.com
"Asif Bahadur Bhurtel","7011 Chabel",asif.bhurtel4082@example.com
"Kushal Lal Lamichane","6988 Baneshwor",kushal.lamichane4083@example.com
"Sandeep Krishna Rajbanshi","2147 Ratnapark",sandeep.rajbanshi4084@mail.com
"Arif Gopal Khadka","8083 Ratnapark",arif.khadka4085@demo.net
"Sandeep Gopal K.C","4871 Sundhara",sandeep.k.c4086@mail.com
"Kushal Bahadur Lamichane","4677 Jawalakhel",kushal.lamichane4087@random.org
"Sandeep Krishna Kami","8527 Ratnapark",sandeep.kami4088@random.org
"Rohit Bhagat Paudel","8665 Ratnapark",rohit.paudel4089@example.com
"Arif Kumar Lamichane","9102 Ratnapark",arif.lamichane4090@test.com
"Asif Krishna Malla","8241 Ratnapark",asif.malla4091@random.org
"Paras Dhoj Malla","5363 Chabel",paras.malla4092@test.com
"Asif Dhoj Rajbanshi","3618 Sundhara",asif.rajbanshi4093@random.org
"Kushal Bhopal Rajbanshi","9855 Gaushala",kushal.rajbanshi4094@mail.com
"Binod Bir K.C","7828 Ratnapark",binod.k.c4095@demo.net
"Binod Bahadur Kami","3739 Tinkune",binod.kami4096@random.org
"Binod Krishna Bhurtel","314 Ratnapark",binod.bhurtel4097@test.com
"Sandeep Dev K.C","783 Ekantakuna",sandeep.k.c4098@demo.net
"Arif Dhoj Bhandari","6077 Sundhara",arif.bhandari4099@demo.net
"Sompal Bir Seikh","5806 Sundhara",sompal.seikh4100@random.org
"Asif Krishna Paudel","8281 Gaushala",asif.paudel4101@demo.net
"Sandeep Dhoj Lamichane","7318 Jawalakhel",sandeep.lamichane4102@example.com
"Rohit Bahadur Khadka","7424 Baneshwor",rohit.khadka4103@mail.com
"Sompal Lal Rajbanshi","5087 Tinkune",sompal.rajbanshi4104@demo.net
"Karan Bahadur Kami","2706 Baneshwor",karan.kami4105@demo.net
"Rohit Krishna Khadka","9945 Chabel",rohit.khadka4106@mail.com
"Karan Gopal Bhurtel","9543 Jawalakhel",karan.bhurtel4107@demo.net
"Lalit Bhagat K.C","3889 Baneshwor",lalit.k.c4108@mail.com
"Karan Bhagat Bhurtel","2336 Baneshwor",karan.bhurtel4109@random.org
"Paras Bhopal Lamichane","7885 Ratnapark",paras.lamichane4110@example.com
"Asif Dhoj Paudel","7742 New Road",asif.paudel4111@test.com
"Sompal Krishna Bhurtel","2036 Sundhara",sompal.bhurtel4112@mail.com
"Sompal Bhopal Bhurtel","2614 Sundhara",sompal.bhurtel4113@example.com
"Lalit Bhopal Rajbanshi","2282 Ratnapark",lalit.rajbanshi4114@example.com
"Kushal Krishna Bhurtel","1062 Ratnapark",kushal.bhurtel4115@test.com
"Binod Bahadur Paudel","4505 Baneshwor",binod.paudel4116@test.com
"Paras Bir Lamichane","9546 Ekantakuna",paras.lamichane4117@test.com
"Rohit Dhoj Paudel","6266 New Road",rohit.paudel4118@random.org
"Binod Dev K.C","9311 New Road",binod.k.c4119@example.com
"Sandeep Bhagat Bhurtel","881 Gaushala",sandeep.bhurtel4120@example.com
"Paras Bhopal Khadka","8661 Ratnapark",paras.khadka4121@demo.net
"Karan Bhagat Paudel","123 Chabel",karan.paudel4122@demo.net
"Binod Lal Khadka","3467 Baneshwor",binod.khadka4123@random.org
"Binod Gopal Seikh","5001 Sundhara",binod.seikh4124@example.com
"Lalit Krishna Lamichane","8524 Ekantakuna",lalit.lamichane4125@test.com
"Paras Lal Seikh","2564 Sundhara",paras.seikh4126@random.org
"Arif Gopal Rajbanshi","6717 New Road",arif.rajbanshi4127@example.com
"Paras Bahadur Paudel","5631 Tinkune",paras.paudel4128@mail.com
"Paras Bir Bhandari","2089 Chabel",paras.bhandari4129@example.com
"Binod Gopal Rajbanshi","5307 Tinkune",binod.rajbanshi4130@test.com
"Karan Bhopal Kami","6704 Ekantakuna",karan.kami4131@test.com
"Binod Dev Lamichane","7968 Tinkune",binod.lamichane4132@test.com
"Sompal Krishna Lamichane","9477 Chabel",sompal.lamichane4133@example.com
"Sompal Bir Khadka","8544 Ratnapark",sompal.khadka4134@mail.com
"Rohit Gopal Paudel","3796 Gaushala",rohit.paudel4135@mail.com
"Arif Dev Paudel","7140 New Road",arif.paudel4136@random.org
"Kushal Dev Paudel","6028 Baneshwor",kushal.paudel4137@example.com
"Sompal Dev K.C","8906 Jawalakhel",sompal.k.c4138@example.com
"Karan Krishna Khadka","3687 Ekantakuna",karan.khadka4139@random.org
"Sompal Bhagat Kami","8803 Ekantakuna",sompal.kami4140@test.com
"Arif Bhopal Malla","518 New Road",arif.malla4141@demo.net
"Lalit Bir Lamichane","5247 Tinkune",lalit.lamichane4142@test.com
"Karan Kumar Lamichane","5472 Baneshwor",karan.lamichane4143@test.com
"Paras Dhoj Paudel","8191 Gaushala",paras.paudel4144@test.com
"Sandeep Bahadur Bhurtel","2681 Tripureshwor",sandeep.bhurtel4145@example.com
"Rohit Dev Bhurtel","8991 Tripureshwor",rohit.bhurtel4146@demo.net
"Karan Kumar Bhandari","2730 Chabel",karan.bhandari4147@example.com
"Rohit Kumar Seikh","8569 Baneshwor",rohit.seikh4148@random.org
"Asif Bhopal Khadka","511 Ekantakuna",asif.khadka4149@demo.net
"Asif Bahadur Rajbanshi","3771 Chabel",asif.rajbanshi4150@mail.com
"Binod Bir Khadka","9357 Tripureshwor",binod.khadka4151@demo.net
"Karan Kumar Khadka","4096 Tinkune",karan.khadka4152@random.org
"Kushal Kumar Seikh","5857 Tripureshwor",kushal.seikh4153@test.com
"Rohit Gopal Paudel","5435 Baneshwor",rohit.paudel4154@random.org
"Asif Dev Khadka","2312 Jawalakhel",asif.khadka4155@test.com
"Arif Kumar Seikh","5704 Ratnapark",arif.seikh4156@test.com
"Rohit Lal Khadka","5410 Jawalakhel",rohit.khadka4157@random.org
"Kushal Bhagat Kami","3854 Sundhara",kushal.kami4158@demo.net
"Paras Dhoj Bhandari","3116 Jawalakhel",paras.bhandari4159@test.com
"Karan Kumar Seikh","8275 Sundhara",karan.seikh4160@demo.net
"Paras Dev Lamichane","4613 Chabel",paras.lamichane4161@test.com
"Arif Bhopal Paudel","4337 Baneshwor",arif.paudel4162@mail.com
"Binod Bir Rajbanshi","5645 Baneshwor",binod.rajbanshi4163@random.org
"Arif Gopal Seikh","8578 New Road",arif.seikh4164@example.com
"Kushal Bahadur Bhandari","5594 Ekantakuna",kushal.bhandari4165@mail.com
"Rohit Dhoj Lamichane","9793 Gaushala",rohit.lamichane4166@test.com
"Paras Bhagat Bhurtel","9248 Baneshwor",paras.bhurtel4167@example.com
"Paras Kumar Paudel","6310 Jawalakhel",paras.paudel4168@test.com
"Rohit Bhagat K.C","3747 New Road",rohit.k.c4169@random.org
"Rohit Bir Rajbanshi","6152 Ekantakuna",rohit.rajbanshi4170@example.com
"Sandeep Dev Paudel","7030 New Road",sandeep.paudel4171@example.com
"Lalit Lal K.C","5511 Ekantakuna",lalit.k.c4172@mail.com
"Sompal Lal Bhurtel","2383 Baneshwor",sompal.bhurtel4173@demo.net
"Lalit Dhoj Bhandari","5629 Ekantakuna",lalit.bhandari4174@demo.net
"Kushal Bhagat Khadka","4220 Baneshwor",kushal.khadka4175@example.com
"Rohit Bir Bhurtel","3373 Gaushala",rohit.bhurtel4176@demo.net
"Sandeep Bhagat Bhurtel","3773 New Road",sandeep.bhurtel4177@random.org
"Binod Kumar K.C","266 Ratnapark",binod.k.c4178@example.com
"Kushal Krishna Lamichane","5066 Jawalakhel",kushal.lamichane4179@demo.net
"Rohit Dhoj Bhurtel","1986 New Road",rohit.bhurtel4180@mail.com
"Asif Bhopal Seikh","7496 Tripureshwor",asif.seikh4181@demo.net
"Sompal Bhopal Rajbanshi","7676 Baneshwor",sompal.rajbanshi4182@test.com
"Sompal Bhopal Bhurtel","5061 Gaushala",sompal.bhurtel4183@mail.com
"Arif Gopal Lamichane","6258 New Road",arif.lamichane4184@mail.com
"Lalit Krishna Rajbanshi","805 Tinkune",lalit.rajbanshi4185@demo.net
"Sompal Dev Bhandari","6704 Tripureshwor",sompal.bhandari4186@test.com
"Sandeep Kumar Bhurtel","7783 Ekantakuna",sandeep.bhurtel4187@example.com
"Rohit Bhagat Kami","373 Ratnapark",rohit.kami4188@test.com
"Asif Krishna Malla","3620 Ekantakuna",asif.malla4189@demo.net
"Asif Bahadur Lamichane","1035 Gaushala",asif.lamichane4190@random.org
"Kushal Bahadur Bhurtel","188 New Road",kushal.bhurtel4191@example.com
"Rohit Gopal Khadka","5681 Ratnapark",rohit.khadka4192@demo.net
"Sompal Dhoj Rajbanshi","8259 Baneshwor",sompal.rajbanshi4193@test.com
"Arif Bir Bhurtel","9663 New Road",arif.bhurtel4194@mail.com
"Lalit Krishna Lamichane","7301 Ekantakuna",lalit.lamichane4195@random.org
"Paras Gopal Rajbanshi","1904 Tripureshwor",paras.rajbanshi4196@mail.com
"Lalit Krishna Kami","8965 Jawalakhel",lalit.kami4197@mail.com
"Asif Bir Malla","1721 Tripureshwor",asif.malla4198@random.org
"Kushal Bhopal Malla","1754 Baneshwor",kushal.malla4199@test.com
"Kushal Bhagat Lamichane","7284 Chabel",kushal.lamichane4200@demo.net
"Sandeep Dhoj Bhandari","3535 Tripureshwor",sandeep.bhandari4201@demo.net
"Kushal Dhoj Bhandari","3318 Jawalakhel",kushal.bhandari4202@random.org
"Lalit Gopal Paudel","156 New Road",lalit.paudel4203@test.com
"Asif Bahadur Khadka","7132 New Road",asif.khadka4204@test.com
"Paras Kumar Bhurtel","8281 Baneshwor",paras.bhurtel4205@demo.net
"Arif Kumar Lamichane","9844 Gaushala",arif.lamichane4206@mail.com
"Sompal Bir Rajbanshi","3808 Gaushala",sompal.rajbanshi4207@test.com
"Sandeep Bahadur Seikh","3334 Ekantakuna",sandeep.seikh4208@mail.com
"Rohit Bhagat Bhandari","8971 New Road",rohit.bhandari4209@random.org
"Karan Bir K.C","9023 Jawalakhel",karan.k.c4210@mail.com
"Arif Bhagat Bhurtel","1780 Jawalakhel",arif.bhurtel4211@random.org
"Lalit Kumar Paudel","5363 Sundhara",lalit.paudel4212@random.org
"Arif Bhagat Rajbanshi","7427 Gaushala",arif.rajbanshi4213@mail.com
"Lalit Gopal Bhandari","8328 Gaushala",lalit.bhandari4214@random.org
"Sompal Gopal Rajbanshi","5156 Tinkune",sompal.rajbanshi4215@mail.com
"Lalit Bahadur K.C","7052 Tinkune",lalit.k.c4216@demo.net
"Sompal Dhoj Kami","4768 Ratnapark",sompal.kami4217@demo.net
"Lalit Bir K.C","3463 Gaushala",lalit.k.c4218@random.org
"Lalit Bhopal Lamichane","3725 Baneshwor",lalit.lamichane4219@demo.net
"Paras Dev Paudel","7355 Gaushala",paras.paudel4220@mail.com
"Paras Dhoj Paudel","807 Gaushala",paras.paudel4221@example.com
"Arif Lal Seikh","1584 Baneshwor",arif.seikh4222@mail.com
"Karan Dhoj Malla","7491 Tinkune",karan.malla4223@example.com
"Sompal Bir Khadka","9579 Jawalakhel",sompal.khadka4224@random.org
"Paras Kumar Bhandari","5711 New Road",paras.bhandari4225@example.com
"Paras Gopal Kami","4786 Jawalakhel",paras.kami4226@random.org
"Paras Bahadur Malla","812 Tinkune",paras.malla4227@random.org
"Binod Bhopal Bhurtel","9890 Ekantakuna",binod.bhurtel4228@random.org
"Lalit Bhopal Rajbanshi","5221 Chabel",lalit.rajbanshi4229@random.org
"Arif Lal Bhandari","1899 Sundhara",arif.bhandari4230@test.com
"Binod Dev Kami","3164 Baneshwor",binod.kami4231@demo.net
"Asif Kumar Khadka","6173 Tinkune",asif.khadka4232@random.org
"Sandeep Bhopal Seikh","3771 Sundhara",sandeep.seikh4233@example.com
"Paras Bir Paudel","4918 Jawalakhel",paras.paudel4234@demo.net
"Kushal Dev Rajbanshi","3122 Chabel",kushal.rajbanshi4235@mail.com
"Paras Dev Bhandari","381 Ekantakuna",paras.bhandari4236@random.org
"Kushal Bhopal Bhandari","7716 Tripureshwor",kushal.bhandari4237@mail.com
"Sandeep Bhopal Paudel","2331 Gaushala",sandeep.paudel4238@test.com
"Asif Lal Bhurtel","5156 Tinkune",asif.bhurtel4239@test.com
"Karan Bhopal Seikh","1452 Chabel",karan.seikh4240@mail.com
"Paras Dhoj Paudel","232 Ratnapark",paras.paudel4241@random.org
"Karan Gopal Kami","514 Ratnapark",karan.kami4242@random.org
"Paras Bhagat K.C","3585 Tripureshwor",paras.k.c4243@test.com
"Asif Gopal Paudel","6341 Tripureshwor",asif.paudel4244@mail.com
"Rohit Krishna Bhandari","4547 Tripureshwor",rohit.bhandari4245@example.com
"Karan Bhagat Khadka","800 Ratnapark",karan.khadka4246@random.org
"Paras Gopal Seikh","975 Gaushala",paras.seikh4247@example.com
"Binod Gopal Khadka","893 Gaushala",binod.khadka4248@random.org
"Arif Krishna Rajbanshi","6417 Jawalakhel",arif.rajbanshi4249@test.com
"Kushal Bahadur K.C","892 Jawalakhel",kushal.k.c4250@mail.com
"Paras Dhoj Lamichane","7767 Tripureshwor",paras.lamichane4251@example.com
"Rohit Kumar Rajbanshi","4263 Ratnapark",rohit.rajbanshi4252@demo.net
"Lalit Bhagat Malla","8982 Ratnapark",lalit.malla4253@mail.com
"Karan Lal Malla","9052 Jawalakhel",karan.malla4254@demo.net
"Karan Bhagat Bhandari","3005 Ekantakuna",karan.bhandari4255@test.com
"Paras Lal K.C","303 Chabel",paras.k.c4256@mail.com
"Binod Krishna Kami","3871 Chabel",binod.kami4257@random.org
"Sompal Krishna Khadka","2693 New Road",sompal.khadka4258@example.com
"Lalit Bhagat Malla","3850 Tinkune",lalit.malla4259@test.com
"Sompal Dev Kami","3663 Chabel",sompal.kami4260@mail.com
"Rohit Krishna Rajbanshi","8241 New Road",rohit.rajbanshi4261@test.com
"Binod Krishna Rajbanshi","9988 Ratnapark",binod.rajbanshi4262@mail.com
"Kushal Lal Lamichane","5296 Gaushala",kushal.lamichane4263@mail.com
"Sompal Dev Rajbanshi","272 Chabel",sompal.rajbanshi4264@random.org
"Sompal Gopal Bhurtel","3729 Chabel",sompal.bhurtel4265@demo.net
"Sandeep Krishna Paudel","4526 Sundhara",sandeep.paudel4266@mail.com
"Paras Kumar Rajbanshi","8016 Chabel",paras.rajbanshi4267@test.com
"Lalit Lal Bhandari","4343 Baneshwor",lalit.bhandari4268@random.org
"Rohit Bhopal Lamichane","3071 Baneshwor",rohit.lamichane4269@test.com
"Rohit Lal Lamichane","5372 Sundhara",rohit.lamichane4270@demo.net
"Arif Gopal Rajbanshi","5074 Tripureshwor",arif.rajbanshi4271@random.org
"Lalit Bahadur Paudel","1633 Ratnapark",lalit.paudel4272@example.com
"Lalit Kumar Bhandari","2401 New Road",lalit.bhandari4273@demo.net
"Kushal Bir Kami","6922 New Road",kushal.kami4274@random.org
"Sompal Kumar Bhurtel","6888 Gaushala",sompal.bhurtel4275@example.com
"Kushal Kumar K.C","9614 Jawalakhel",kushal.k.c4276@mail.com
"Lalit Krishna Bhurtel","1615 New Road",lalit.bhurtel4277@random.org
"Binod Bahadur K.C","9387 New Road",binod.k.c4278@example.com
"Kushal Dhoj Kami","6463 Jawalakhel",kushal.kami4279@test.com
"Rohit Bhopal Khadka","8755 Ratnapark",rohit.khadka4280@test.com
"Sompal Dev K.C","2150 Baneshwor",sompal.k.c4281@random.org
"Binod Bir Rajbanshi","491 Tripureshwor",binod.rajbanshi4282@random.org
"Arif Bhagat Malla","3942 Jawalakhel",arif.malla4283@mail.com
"Kushal Kumar Kami","8304 Tripureshwor",kushal.kami4284@demo.net
"Arif Lal Rajbanshi","3853 New Road",arif.rajbanshi4285@test.com
"Sandeep Kumar Bhandari","4914 Ratnapark",sandeep.bhandari4286@example.com
"Sandeep Bhagat Khadka","3006 Chabel",sandeep.khadka4287@random.org
"Binod Bir Bhandari","754 Tripureshwor",binod.bhandari4288@demo.net
"Paras Kumar Lamichane","7590 Ratnapark",paras.lamichane4289@demo.net
"Lalit Bhagat Paudel","2415 Gaushala",lalit.paudel4290@example.com
"Asif Bahadur Lamichane","9708 Tripureshwor",asif.lamichane4291@test.com
"Binod Bhagat Bhandari","742 Jawalakhel",binod.bhandari4292@random.org
"Binod Bhopal Bhandari","5130 Tripureshwor",binod.bhandari4293@example.com
"Rohit Kumar Lamichane","6879 Ratnapark",rohit.lamichane4294@test.com
"Asif Dev Rajbanshi","4203 Baneshwor",asif.rajbanshi4295@example.com
"Sompal Bir Rajbanshi","4305 Ekantakuna",sompal.rajbanshi4296@test.com
"Sandeep Krishna Khadka","9127 Baneshwor",sandeep.khadka4297@example.com
"Paras Lal Malla","6788 Jawalakhel",paras.malla4298@example.com
"Sompal Bahadur Lamichane","4955 Gaushala",sompal.lamichane4299@test.com
"Sandeep Bhagat Lamichane","900 Ekantakuna",sandeep.lamichane4300@test.com
"Sandeep Gopal Paudel","7686 Jawalakhel",sandeep.paudel4301@demo.net
"Binod Bir Malla","5136 New Road",binod.malla4302@example.com
"Paras Dev Lamichane","1197 Chabel",paras.lamichane4303@example.com
"Karan Bahadur Malla","6273 Sundhara",karan.malla4304@test.com
"Asif Lal Kami","1680 Jawalakhel",asif.kami4305@test.com
"Rohit Dhoj Kami","604 Tripureshwor",rohit.kami4306@example.com
"Asif Bahadur Bhurtel","8813 Tinkune",asif.bhurtel4307@demo.net
"Sandeep Krishna Seikh","5624 Gaushala",sandeep.seikh4308@demo.net
"Sompal Bhopal Malla","374 Sundhara",sompal.malla4309@demo.net
"Lalit Bahadur Rajbanshi","6228 Tinkune",lalit.rajbanshi4310@random.org
"Kushal Bahadur K.C","9322 Jawalakhel",kushal.k.c4311@example.com
"Paras Bhopal Rajbanshi","1500 Gaushala",paras.rajbanshi4312@demo.net
"Asif Bir Bhandari","2015 Tripureshwor",asif.bhandari4313@test.com
"Karan Dev Rajbanshi","3272 Tripureshwor",karan.rajbanshi4314@example.com
"Lalit Kumar Rajbanshi","9735 Baneshwor",lalit.rajbanshi4315@random.org
"Paras Kumar Rajbanshi","8613 Gaushala",paras.rajbanshi4316@example.com
"Rohit Krishna Seikh","9559 Ratnapark",rohit.seikh4317@mail.com
"Lalit Bhopal Rajbanshi","386 Tripureshwor",lalit.rajbanshi4318@mail.com
"Asif Lal Malla","153 Gaushala",asif.malla4319@random.org
"Kushal Dhoj Lamichane","9839 Sundhara",kushal.lamichane4320@demo.net
"Karan Lal Khadka","1650 Tripureshwor",karan.khadka4321@random.org
"Lalit Gopal Lamichane","8526 Gaushala",lalit.lamichane4322@demo.net
"Sompal Bir Bhurtel","2165 Gaushala",sompal.bhurtel4323@example.com
"Sandeep Dev Bhurtel","8242 Tinkune",sandeep.bhurtel4324@random.org
"Rohit Dev Bhurtel","2022 Baneshwor",rohit.bhurtel4325@mail.com
"Paras Gopal Khadka","3777 Tripureshwor",paras.khadka4326@mail.com
"Kushal Lal Malla","7814 Ratnapark",kushal.malla4327@demo.net
"Arif Krishna Lamichane","6642 Ratnapark",arif.lamichane4328@demo.net
"Paras Gopal Kami","8821 Gaushala",paras.kami4329@random.org
"Sompal Lal Rajbanshi","5149 New Road",sompal.rajbanshi4330@example.com
"Sompal Krishna Bhurtel","7808 New Road",sompal.bhurtel4331@mail.com
"Kushal Lal Malla","2911 Baneshwor",kushal.malla4332@random.org
"Sandeep Lal Malla","6719 Ratnapark",sandeep.malla4333@test.com
"Sompal Bhagat Rajbanshi","4028 Tripureshwor",sompal.rajbanshi4334@mail.com
"Arif Lal Malla","2203 Baneshwor",arif.malla4335@demo.net
"Sandeep Bir Khadka","8014 Gaushala",sandeep.khadka4336@random.org
"Asif Kumar K.C","4355 Tinkune",asif.k.c4337@demo.net
"Sandeep Gopal Malla","3482 Baneshwor",sandeep.malla4338@mail.com
"Binod Lal Khadka","5596 Sundhara",binod.khadka4339@test.com
"Sompal Lal Seikh","6224 Ratnapark",sompal.seikh4340@random.org
"Sandeep Dhoj Kami","1726 New Road",sandeep.kami4341@random.org
"Karan Bhagat Rajbanshi","5011 New Road",karan.rajbanshi4342@random.org
"Karan Gopal K.C","1361 Chabel",karan.k.c4343@test.com
"Karan Krishna Malla","8839 Ekantakuna",karan.malla4344@random.org
"Rohit Bahadur Bhandari","5148 Ratnapark",rohit.bhandari4345@test.com
"Paras Bahadur Khadka","576 Sundhara",paras.khadka4346@random.org
"Paras Dhoj Lamichane","6805 Tripureshwor",paras.lamichane4347@example.com
"Lalit Kumar Paudel","4397 Tripureshwor",lalit.paudel4348@mail.com
"Sandeep Kumar Lamichane","5113 Tinkune",sandeep.lamichane4349@random.org
"Lalit Bhagat Bhandari","9868 Sundhara",lalit.bhandari4350@demo.net
"Kushal Bir K.C","3231 Tinkune",kushal.k.c4351@test.com
"Sompal Bhopal Malla","3976 Gaushala",sompal.malla4352@mail.com
"Arif Dhoj Bhurtel","2499 New Road",arif.bhurtel4353@example.com
"Rohit Gopal Seikh","3068 Ratnapark",rohit.seikh4354@example.com
"Sandeep Dev Kami","3771 Tripureshwor",sandeep.kami4355@demo.net
"Rohit Dev Malla","2653 Tripureshwor",rohit.malla4356@mail.com
"Arif Bahadur Seikh","1470 New Road",arif.seikh4357@mail.com
"Rohit Bir Bhandari","4221 Baneshwor",rohit.bhandari4358@example.com
"Sompal Krishna Malla","8516 Chabel",sompal.malla4359@demo.net
"Asif Bhopal K.C","7319 Ekantakuna",asif.k.c4360@random.org
"Asif Krishna Bhurtel","2838 Tinkune",asif.bhurtel4361@mail.com
"Binod Bhopal Khadka","1029 Ratnapark",binod.khadka4362@random.org
"Binod Krishna Lamichane","2263 Tinkune",binod.lamichane4363@example.com
"Paras Bhopal Bhandari","8571 Chabel",paras.bhandari4364@mail.com
"Rohit Gopal Rajbanshi","1761 Sundhara",rohit.rajbanshi4365@mail.com
"Karan Bhagat Malla","9642 New Road",karan.malla4366@random.org
"Asif Gopal Paudel","4457 Gaushala",asif.paudel4367@example.com
"Karan Bhopal Paudel","2354 Chabel",karan.paudel4368@example.com
"Lalit Bahadur Kami","220 Tripureshwor",lalit.kami4369@random.org
"Binod Bahadur Malla","152 Tripureshwor",binod.malla4370@test.com
"Asif Lal Rajbanshi","5532 Tinkune",asif.rajbanshi4371@mail.com
"Karan Bahadur Lamichane","3490 Chabel",karan.lamichane4372@test.com
"Kushal Lal Bhandari","3896 Baneshwor",kushal.bhandari4373@random.org
"Rohit Bir Lamichane","6072 Gaushala",rohit.lamichane4374@test.com
"Lalit Gopal Kami","7717 New Road",lalit.kami4375@mail.com
"Binod Gopal Khadka","6623 Ekantakuna",binod.khadka4376@random.org
"Sompal Bir Khadka","5406 Gaushala",sompal.khadka4377@mail.com
"Asif Dev Malla","8308 Gaushala",asif.malla4378@demo.net
"Paras Bhopal Bhandari","9172 Jawalakhel",paras.bhandari4379@example.com
"Karan Dev Malla","9346 Tinkune",karan.malla4380@test.com
"Arif Bhagat Khadka","5055 Jawalakhel",arif.khadka4381@test.com
"Rohit Bhopal Bhurtel","5262 Ratnapark",rohit.bhurtel4382@demo.net
"Kushal Dhoj Malla","5815 Tinkune",kushal.malla4383@mail.com
"Kushal Bahadur K.C","5618 Tripureshwor",kushal.k.c4384@test.com
"Lalit Bir Kami","4143 Baneshwor",lalit.kami4385@mail.com
"Paras Dhoj K.C","3624 Ekantakuna",paras.k.c4386@test.com
"Kushal Bhagat Khadka","8514 Gaushala",kushal.khadka4387@mail.com
"Paras Lal K.C","5186 Ekantakuna",paras.k.c4388@demo.net
"Kushal Bhopal Lamichane","3175 Jawalakhel",kushal.lamichane4389@example.com
"Rohit Bhopal Lamichane","1446 Tinkune",rohit.lamichane4390@random.org
"Sandeep Dev Seikh","2908 Jawalakhel",sandeep.seikh4391@example.com
"Paras Bhopal Bhandari","8753 Ratnapark",paras.bhandari4392@example.com
"Rohit Lal Kami","8441 Ratnapark",rohit.kami4393@mail.com
"Arif Gopal Paudel","6521 Baneshwor",arif.paudel4394@random.org
"Lalit Dev Khadka","9583 New Road",lalit.khadka4395@example.com
"Asif Dev Seikh","1589 New Road",asif.seikh4396@test.com
"Arif Lal Bhandari","5294 Tinkune",arif.bhandari4397@random.org
"Karan Bahadur Rajbanshi","9063 New Road",karan.rajbanshi4398@random.org
"Lalit Bhagat Lamichane","8539 Tripureshwor",lalit.lamichane4399@random.org
"Kushal Bahadur Lamichane","7775 Tinkune",kushal.lamichane4400@example.com
"Lalit Bhopal Rajbanshi","1740 Tinkune",lalit.rajbanshi4401@random.org
"Lalit Bir Paudel","4419 Baneshwor",lalit.paudel4402@example.com
"Rohit Bhopal Bhurtel","1036 New Road",rohit.bhurtel4403@random.org
"Asif Bhopal Paudel","6033 Tripureshwor",asif.paudel4404@mail.com
"Sandeep Dhoj Lamichane","1679 Chabel",sandeep.lamichane4405@demo.net
"Karan Kumar Paudel","3799 Ekantakuna",karan.paudel4406@random.org
"Sandeep Bahadur Paudel","1483 Jawalakhel",sandeep.paudel4407@test.com
"Rohit Lal Seikh","4303 Tinkune",rohit.seikh4408@random.org
"Karan Bhopal Seikh","7619 Sundhara",karan.seikh4409@test.com
"Paras Dhoj Seikh","4321 Gaushala",paras.seikh4410@random.org
"Paras Gopal Bhandari","4734 Chabel",paras.bhandari4411@example.com
"Lalit Dhoj Bhandari","7330 Chabel",lalit.bhandari4412@random.org
"Asif Bahadur Seikh","5791 Baneshwor",asif.seikh4413@example.com
"Rohit Dev Kami","6017 Chabel",rohit.kami4414@example.com
"Kushal Gopal Bhurtel","9095 Sundhara",kushal.bhurtel4415@example.com
"Rohit Dev Kami","8728 Tripureshwor",rohit.kami4416@example.com
"Sompal Bhagat Malla","1536 Tripureshwor",sompal.malla4417@demo.net
"Paras Bhopal K.C","5852 Jawalakhel",paras.k.c4418@example.com
"Asif Bhopal Paudel","9887 Ratnapark",asif.paudel4419@demo.net
"Rohit Bahadur K.C","7218 Sundhara",rohit.k.c4420@test.com
"Rohit Bahadur Lamichane","2562 Ratnapark",rohit.lamichane4421@test.com
"Sandeep Bahadur Khadka","7929 Chabel",sandeep.khadka4422@example.com
"Rohit Bhopal Bhurtel","6609 Tinkune",rohit.bhurtel4423@example.com
"Asif Bir Khadka","6198 Ratnapark",asif.khadka4424@random.org
"Sompal Dev Lamichane","1170 Ratnapark",sompal.lamichane4425@test.com
"Rohit Gopal Kami","922 Gaushala",rohit.kami4426@test.com
"Asif Bahadur Bhandari","1467 Ekantakuna",asif.bhandari4427@example.com
"Arif Bhagat K.C","2210 Jawalakhel",arif.k.c4428@example.com
"Sandeep Bahadur K.C","4196 Gaushala",sandeep.k.c4429@random.org
"Paras Bhagat Kami","803 Sundhara",paras.kami4430@test.com
"Karan Krishna Kami","3505 Ratnapark",karan.kami4431@example.com
"Sompal Gopal Bhurtel","7793 Jawalakhel",sompal.bhurtel4432@example.com
"Arif Gopal Bhurtel","6561 Tinkune",arif.bhurtel4433@mail.com
"Karan Gopal Bhurtel","2145 Sundhara",karan.bhurtel4434@demo.net
"Rohit Bahadur Khadka","3317 Jawalakhel",rohit.khadka4435@test.com
"Arif Dhoj K.C","724 New Road",arif.k.c4436@random.org
"Rohit Dev Seikh","3833 Jawalakhel",rohit.seikh4437@test.com
"Kushal Bhagat Bhurtel","4000 New Road",kushal.bhurtel4438@example.com
"Arif Bahadur Bhurtel","1166 Gaushala",arif.bhurtel4439@mail.com
"Sompal Bahadur Bhurtel","815 Baneshwor",sompal.bhurtel4440@random.org
"Kushal Bhopal Kami","1408 Baneshwor",kushal.kami4441@demo.net
"Binod Kumar Malla","9218 Ratnapark",binod.malla4442@test.com
"Kushal Bhopal Seikh","3327 New Road",kushal.seikh4443@example.com
"Sompal Lal Paudel","7590 Tripureshwor",sompal.paudel4444@test.com
"Kushal Gopal Kami","1520 Ratnapark",kushal.kami4445@example.com
"Paras Dhoj Lamichane","325 Tinkune",paras.lamichane4446@example.com
"Sandeep Bahadur Lamichane","2200 Ekantakuna",sandeep.lamichane4447@random.org
"Asif Kumar Paudel","436 Baneshwor",asif.paudel4448@example.com
"Paras Bhopal Lamichane","3209 Gaushala",paras.lamichane4449@example.com
"Paras Bahadur K.C","8826 Tinkune",paras.k.c4450@example.com
"Kushal Bahadur Rajbanshi","3883 Sundhara",kushal.rajbanshi4451@demo.net
"Kushal Gopal K.C","8521 Chabel",kushal.k.c4452@random.org
"Arif Gopal Kami","4675 Sundhara",arif.kami4453@test.com
"Kushal Dhoj Lamichane","5216 Ratnapark",kushal.lamichane4454@mail.com
"Kushal Bir Seikh","2104 Sundhara",kushal.seikh4455@mail.com
"Arif Bhagat Khadka","8495 Ekantakuna",arif.khadka4456@mail.com
"Sompal Bir Kami","1013 Ratnapark",sompal.kami4457@example.com
"Paras Bhagat K.C","4155 New Road",paras.k.c4458@random.org
"Rohit Krishna Lamichane","2510 Chabel",rohit.lamichane4459@example.com
"Asif Krishna Paudel","1200 Tripureshwor",asif.paudel4460@test.com
"Rohit Dhoj Lamichane","9164 Sundhara",rohit.lamichane4461@example.com
"Arif Bhopal Rajbanshi","8956 Gaushala",arif.rajbanshi4462@test.com
"Arif Gopal Khadka","7943 Ratnapark",arif.khadka4463@example.com
"Asif Bhopal Paudel","2137 Sundhara",asif.paudel4464@demo.net
"Lalit Bhagat Bhandari","7597 Tripureshwor",lalit.bhandari4465@test.com
"Kushal Gopal Kami","1701 Tripureshwor",kushal.kami4466@test.com
"Sompal Bhagat Lamichane","2170 Gaushala",sompal.lamichane4467@demo.net
"Arif Bhagat Khadka","927 Gaushala",arif.khadka4468@random.org
"Sandeep Kumar Paudel","9204 Ratnapark",sandeep.paudel4469@example.com
"Kushal Kumar Lamichane","4268 Gaushala",kushal.lamichane4470@demo.net
"Binod Lal Seikh","8916 Chabel",binod.seikh4471@example.com
"Sandeep Bhagat Rajbanshi","3097 Ratnapark",sandeep.rajbanshi4472@demo.net
"Asif Lal Bhandari","5561 Tripureshwor",asif.bhandari4473@test.com
"Asif Bahadur Lamichane","1882 Ekantakuna",asif.lamichane4474@demo.net
"Binod Gopal Paudel","4691 Ekantakuna",binod.paudel4475@test.com
"Sompal Bir Paudel","1834 Ratnapark",sompal.paudel4476@random.org
"Kushal Krishna Kami","9660 New Road",kushal.kami4477@example.com
"Sompal Gopal Rajbanshi","5851 Baneshwor",sompal.rajbanshi4478@example.com
"Lalit Bir Malla","2727 Gaushala",lalit.malla4479@mail.com
"Lalit Bir Bhurtel","3964 Jawalakhel",lalit.bhurtel4480@demo.net
"Binod Bir Paudel","4708 Chabel",binod.paudel4481@test.com
"Karan Dhoj K.C","6801 Baneshwor",karan.k.c4482@mail.com
"Paras Lal Lamichane","1974 Tinkune",paras.lamichane4483@example.com
"Asif Lal Kami","1944 Ekantakuna",asif.kami4484@mail.com
"Rohit Bir Bhandari","5678 Ratnapark",rohit.bhandari4485@demo.net
"Lalit Dev Bhurtel","5365 Gaushala",lalit.bhurtel4486@demo.net
"Sompal Dhoj Bhurtel","7167 Sundhara",sompal.bhurtel4487@test.com
"Rohit Krishna Rajbanshi","8005 Chabel",rohit.rajbanshi4488@mail.com
"Sompal Bir Khadka","868 Baneshwor",sompal.khadka4489@mail.com
"Karan Lal Bhurtel","1917 Tripureshwor",karan.bhurtel4490@random.org
"Binod Dev Bhurtel","5471 Ekantakuna",binod.bhurtel4491@mail.com
"Kushal Bahadur Seikh","1845 Ratnapark",kushal.seikh4492@example.com
"Sandeep Bhopal Kami","817 Gaushala",sandeep.kami4493@random.org
"Karan Bhopal Malla","1738 New Road",karan.malla4494@example.com
"Rohit Dhoj Bhurtel","778 New Road",rohit.bhurtel4495@example.com
"Binod Dhoj Khadka","4646 New Road",binod.khadka4496@example.com
"Asif Bir K.C","4617 New Road",asif.k.c4497@example.com
"Rohit Lal Malla","336 Jawalakhel",rohit.malla4498@example.com
"Binod Bhagat Malla","583 New Road",binod.malla4499@test.com
"Lalit Dev Khadka","428 Jawalakhel",lalit.khadka4500@demo.net
"Rohit Dev Rajbanshi","5868 Ekantakuna",rohit.rajbanshi4501@mail.com
"Lalit Bahadur Khadka","6946 New Road",lalit.khadka4502@mail.com
"Arif Dhoj K.C","6259 Chabel",arif.k.c4503@test.com
"Sandeep Krishna Kami","9954 Chabel",sandeep.kami4504@mail.com
"Kushal Dev Lamichane","4086 Chabel",kushal.lamichane4505@example.com
"Sompal Kumar Lamichane","3986 Sundhara",sompal.lamichane4506@example.com
"Paras Bahadur Seikh","542 Baneshwor",paras.seikh4507@mail.com
"Karan Bir Lamichane","5867 Chabel",karan.lamichane4508@demo.net
"Arif Bhagat Bhandari","8036 New Road",arif.bhandari4509@mail.com
"Arif Dev Bhurtel","2929 New Road",arif.bhurtel4510@test.com
"Arif Kumar K.C","7390 Tripureshwor",arif.k.c4511@mail.com
"Sompal Bir Khadka","4855 Tinkune",sompal.khadka4512@random.org
"Sandeep Bir Kami","6058 Tripureshwor",sandeep.kami4513@random.org
"Kushal Bahadur Khadka","7016 New Road",kushal.khadka4514@demo.net
"Kushal Bahadur Seikh","4573 Tripureshwor",kushal.seikh4515@mail.com
"Karan Bahadur Malla","6520 Baneshwor",karan.malla4516@mail.com
"Asif Krishna Khadka","3617 Ratnapark",asif.khadka4517@demo.net
"Lalit Bir Khadka","9390 Gaushala",lalit.khadka4518@example.com
"Lalit Krishna Paudel","5921 Gaushala",lalit.paudel4519@example.com
"Karan Kumar Paudel","141 Sundhara",karan.paudel4520@example.com
"Asif Kumar Bhandari","139 New Road",asif.bhandari4521@mail.com
"Asif Lal Seikh","7318 Chabel",asif.seikh4522@demo.net
"Karan Bhopal Malla","9279 Baneshwor",karan.malla4523@example.com
"Arif Kumar Lamichane","456 New Road",arif.lamichane4524@demo.net
"Rohit Kumar Lamichane","9009 Gaushala",rohit.lamichane4525@demo.net
"Rohit Gopal Seikh","1520 Ekantakuna",rohit.seikh4526@example.com
"Rohit Bir Bhurtel","2774 Ratnapark",rohit.bhurtel4527@example.com
"Binod Bhopal Kami","340 Gaushala",binod.kami4528@mail.com
"Sandeep Gopal Kami","3392 Gaushala",sandeep.kami4529@test.com
"Asif Lal Malla","6621 Tripureshwor",asif.malla4530@example.com
"Kushal Bhopal Malla","9104 Sundhara",kushal.malla4531@random.org
"Arif Krishna K.C","7606 New Road",arif.k.c4532@demo.net
"Rohit Gopal Rajbanshi","5800 Chabel",rohit.rajbanshi4533@mail.com
"Sompal Bhopal Lamichane","7524 Jawalakhel",sompal.lamichane4534@test.com
"Asif Bir Bhurtel","9858 Gaushala",asif.bhurtel4535@example.com
"Asif Kumar Paudel","5143 Sundhara",asif.paudel4536@example.com
"Lalit Bir Malla","6851 Tripureshwor",lalit.malla4537@mail.com
"Sandeep Krishna Kami","6629 Ratnapark",sandeep.kami4538@demo.net
"Sandeep Bir Malla","7051 Jawalakhel",sandeep.malla4539@random.org
"Asif Dhoj Lamichane","9892 Ekantakuna",asif.lamichane4540@mail.com
"Paras Dhoj Bhurtel","9887 Ekantakuna",paras.bhurtel4541@example.com
"Arif Bir K.C","6586 Tripureshwor",arif.k.c4542@demo.net
"Lalit Bhagat Lamichane","1660 Sundhara",lalit.lamichane4543@example.com
"Karan Lal K.C","1121 Chabel",karan.k.c4544@random.org
"Sompal Bahadur Seikh","5291 Baneshwor",sompal.seikh4545@demo.net
"Arif Bahadur Khadka","9918 Ratnapark",arif.khadka4546@example.com
"Kushal Gopal Lamichane","4145 Sundhara",kushal.lamichane4547@demo.net
"Sompal Bir Paudel","9172 Tripureshwor",sompal.paudel4548@mail.com
"Asif Lal Kami","3338 Chabel",asif.kami4549@demo.net
"Sandeep Gopal Khadka","7939 Ratnapark",sandeep.khadka4550@demo.net
"Arif Dev K.C","9013 Gaushala",arif.k.c4551@random.org
"Sandeep Krishna Khadka","7931 New Road",sandeep.khadka4552@mail.com
"Binod Bir Bhandari","6279 Sundhara",binod.bhandari4553@demo.net
"Kushal Bhopal Seikh","1923 Jawalakhel",kushal.seikh4554@test.com
"Rohit Dev Rajbanshi","295 Tripureshwor",rohit.rajbanshi4555@random.org
"Rohit Dhoj Lamichane","638 Jawalakhel",rohit.lamichane4556@demo.net
"Arif Krishna Lamichane","8922 Ratnapark",arif.lamichane4557@example.com
"Rohit Krishna Rajbanshi","2633 Jawalakhel",rohit.rajbanshi4558@test.com
"Karan Bahadur Bhandari","8087 Jawalakhel",karan.bhandari4559@mail.com
"Paras Dev Bhandari","7294 Tinkune",paras.bhandari4560@demo.net
"Paras Gopal Khadka","4151 Tripureshwor",paras.khadka4561@example.com
"Asif Lal Bhurtel","5687 Jawalakhel",asif.bhurtel4562@example.com
"Karan Bahadur Paudel","1149 Sundhara",karan.paudel4563@test.com
"Lalit Bahadur Bhurtel","3252 Ekantakuna",lalit.bhurtel4564@random.org
"Paras Bhagat Seikh","9870 New Road",paras.seikh4565@mail.com
"Rohit Bahadur Bhurtel","3314 New Road",rohit.bhurtel4566@demo.net
"Sompal Bhagat K.C","1866 Tinkune",sompal.k.c4567@random.org
"Karan Dev Seikh","3536 Tripureshwor",karan.seikh4568@example.com
"Binod Lal Seikh","571 Baneshwor",binod.seikh4569@test.com
"Binod Dhoj Khadka","1892 Gaushala",binod.khadka4570@demo.net
"Asif Dev Bhandari","2956 New Road",asif.bhandari4571@demo.net
"Sandeep Krishna Bhandari","1886 Baneshwor",sandeep.bhandari4572@test.com
"Paras Bahadur Bhurtel","4851 Ekantakuna",paras.bhurtel4573@example.com
"Binod Gopal Kami","6380 Gaushala",binod.kami4574@demo.net
"Sandeep Gopal K.C","5646 Gaushala",sandeep.k.c4575@test.com
"Rohit Kumar Lamichane","9212 Jawalakhel",rohit.lamichane4576@mail.com
"Sompal Bahadur Malla","1396 Sundhara",sompal.malla4577@random.org
"Paras Dev Bhandari","6445 Baneshwor",paras.bhandari4578@demo.net
"Kushal Krishna Khadka","9747 Sundhara",kushal.khadka4579@mail.com
"Lalit Bhagat Malla","554 Gaushala",lalit.malla4580@mail.com
"Sompal Dev Seikh","5444 Ekantakuna",sompal.seikh4581@random.org
"Sandeep Bir Bhurtel","898 Ratnapark",sandeep.bhurtel4582@mail.com
"Sompal Kumar K.C","6552 Gaushala",sompal.k.c4583@test.com
"Asif Dev Paudel","5485 Jawalakhel",asif.paudel4584@example.com
"Rohit Gopal Lamichane","7607 Sundhara",rohit.lamichane4585@mail.com
"Sompal Bir Bhurtel","1114 New Road",sompal.bhurtel4586@example.com
"Karan Lal K.C","7716 Ekantakuna",karan.k.c4587@demo.net
"Asif Dhoj Seikh","1387 Sundhara",asif.seikh4588@test.com
"Karan Kumar Bhandari","7559 Tinkune",karan.bhandari4589@mail.com
"Sompal Bir Seikh","5699 Tripureshwor",sompal.seikh4590@demo.net
"Asif Bhopal Seikh","5625 New Road",asif.seikh4591@random.org
"Arif Krishna Bhurtel","8359 Gaushala",arif.bhurtel4592@mail.com
"Kushal Bir Bhandari","8895 Ratnapark",kushal.bhandari4593@random.org
"Arif Dhoj K.C","2648 Ratnapark",arif.k.c4594@test.com
"Paras Dhoj Paudel","1010 Ratnapark",paras.paudel4595@example.com
"Asif Gopal Lamichane","9441 New Road",asif.lamichane4596@test.com
"Sompal Kumar Kami","2924 Tinkune",sompal.kami4597@example.com
"Arif Bahadur Bhandari","9154 Tripureshwor",arif.bhandari4598@example.com
"Rohit Bhopal Bhurtel","2215 Ratnapark",rohit.bhurtel4599@demo.net
"Sompal Bahadur Seikh","1314 Gaushala",sompal.seikh4600@test.com
"Karan Bahadur Malla","8295 Tripureshwor",karan.malla4601@demo.net
"Binod Bhagat Bhurtel","8641 Ekantakuna",binod.bhurtel4602@mail.com
"Lalit Bahadur Khadka","3067 Chabel",lalit.khadka4603@demo.net
"Asif Gopal Lamichane","8487 Sundhara",asif.lamichane4604@mail.com
"Kushal Dhoj Kami","8159 New Road",kushal.kami4605@test.com
"Paras Kumar Bhurtel","2188 Jawalakhel",paras.bhurtel4606@test.com
"Kushal Gopal Bhandari","3255 Ratnapark",kushal.bhandari4607@mail.com
"Rohit Dhoj Kami","2872 Gaushala",rohit.kami4608@example.com
"Karan Bhopal Bhurtel","319 New Road",karan.bhurtel4609@mail.com
"Sompal Lal Rajbanshi","8761 Ratnapark",sompal.rajbanshi4610@demo.net
"Karan Bir Seikh","7137 Gaushala",karan.seikh4611@example.com
"Lalit Kumar Bhurtel","3801 Baneshwor",lalit.bhurtel4612@mail.com
"Rohit Bhagat Paudel","8466 Ekantakuna",rohit.paudel4613@test.com
"Karan Gopal Seikh","9603 Sundhara",karan.seikh4614@demo.net
"Sandeep Dev Rajbanshi","4769 Ekantakuna",sandeep.rajbanshi4615@mail.com
"Arif Bhagat Malla","5609 Baneshwor",arif.malla4616@test.com
"Paras Lal Khadka","4792 Gaushala",paras.khadka4617@mail.com
"Asif Kumar Bhurtel","1303 Baneshwor",asif.bhurtel4618@demo.net
"Arif Bhopal Lamichane","3154 Ratnapark",arif.lamichane4619@random.org
"Sandeep Gopal K.C","2935 Tinkune",sandeep.k.c4620@test.com
"Asif Lal Rajbanshi","6663 Tinkune",asif.rajbanshi4621@test.com
"Sompal Dhoj Bhandari","2262 Gaushala",sompal.bhandari4622@example.com
"Kushal Bhagat Rajbanshi","1828 Sundhara",kushal.rajbanshi4623@test.com
"Paras Bhagat Paudel","6037 Tripureshwor",paras.paudel4624@example.com
"Karan Bir Seikh","7043 Tinkune",karan.seikh4625@example.com
"Sompal Bhagat Rajbanshi","5874 Ratnapark",sompal.rajbanshi4626@example.com
"Asif Bahadur Lamichane","3081 Ekantakuna",asif.lamichane4627@mail.com
"Binod Dhoj Rajbanshi","5585 Chabel",binod.rajbanshi4628@test.com
"Binod Kumar K.C","6786 Ekantakuna",binod.k.c4629@mail.com
"Binod Krishna Lamichane","6684 Tinkune",binod.lamichane4630@example.com
"Binod Bhagat Khadka","8026 Sundhara",binod.khadka4631@random.org
"Sompal Bahadur Khadka","5830 Tinkune",sompal.khadka4632@demo.net
"Paras Bir Rajbanshi","4455 Baneshwor",paras.rajbanshi4633@mail.com
"Asif Dev Kami","3002 Gaushala",asif.kami4634@test.com
"Arif Bhopal Bhurtel","501 Tripureshwor",arif.bhurtel4635@test.com
"Arif Bhagat K.C","6660 New Road",arif.k.c4636@mail.com
"Sompal Bir Bhandari","4107 Baneshwor",sompal.bhandari4637@mail.com
"Paras Bir Khadka","6195 Tripureshwor",paras.khadka4638@test.com
"Binod Gopal Bhurtel","7894 Gaushala",binod.bhurtel4639@example.com
"Sompal Bahadur Bhandari","671 Tinkune",sompal.bhandari4640@test.com
"Paras Kumar Rajbanshi","8493 Sundhara",paras.rajbanshi4641@test.com
"Karan Dhoj Lamichane","8800 Sundhara",karan.lamichane4642@demo.net
"Paras Bahadur Khadka","9533 Jawalakhel",paras.khadka4643@mail.com
"Sandeep Gopal Kami","6739 Chabel",sandeep.kami4644@random.org
"Binod Dhoj Khadka","9900 Sundhara",binod.khadka4645@random.org
"Kushal Krishna Malla","2031 Chabel",kushal.malla4646@test.com
"Asif Dhoj Bhandari","6662 Gaushala",asif.bhandari4647@random.org
"Rohit Dev Paudel","5866 Jawalakhel",rohit.paudel4648@demo.net
"Arif Bhagat Seikh","788 Ratnapark",arif.seikh4649@mail.com
"Paras Bhagat Seikh","7702 Sundhara",paras.seikh4650@example.com
"Karan Gopal Rajbanshi","6133 Tinkune",karan.rajbanshi4651@random.org
"Kushal Lal Seikh","9688 Sundhara",kushal.seikh4652@test.com
"Asif Bhopal K.C","235 Gaushala",asif.k.c4653@test.com
"Kushal Bhagat Malla","6758 Gaushala",kushal.malla4654@test.com
"Asif Dhoj Khadka","7128 Sundhara",asif.khadka4655@example.com
"Sompal Bir Paudel","6069 Tinkune",sompal.paudel4656@demo.net
"Asif Krishna K.C","4337 Chabel",asif.k.c4657@mail.com
"Paras Bir Bhurtel","401 Chabel",paras.bhurtel4658@mail.com
"Paras Bhagat Khadka","4921 New Road",paras.khadka4659@random.org
"Paras Bahadur Rajbanshi","2682 Ratnapark",paras.rajbanshi4660@example.com
"Arif Lal Lamichane","8443 Ekantakuna",arif.lamichane4661@test.com
"Arif Kumar K.C","397 Jawalakhel",arif.k.c4662@example.com
"Sandeep Bahadur Rajbanshi","3428 Tripureshwor",sandeep.rajbanshi4663@mail.com
"Sandeep Bir Lamichane","2454 Jawalakhel",sandeep.lamichane4664@example.com
"Sandeep Bhagat Bhandari","4028 New Road",sandeep.bhandari4665@demo.net
"Sandeep Dhoj Lamichane","1410 Tripureshwor",sandeep.lamichane4666@mail.com
"Lalit Gopal Bhurtel","9892 Sundhara",lalit.bhurtel4667@example.com
"Sandeep Gopal K.C","7688 Ekantakuna",sandeep.k.c4668@random.org
"Paras Dhoj Seikh","866 Tinkune",paras.seikh4669@demo.net
"Lalit Bahadur Lamichane","6204 Gaushala",lalit.lamichane4670@mail.com
"Arif Lal Khadka","5556 Gaushala",arif.khadka4671@mail.com
"Binod Gopal Khadka","4519 Ekantakuna",binod.khadka4672@test.com
"Sompal Dhoj Rajbanshi","7990 Tripureshwor",sompal.rajbanshi4673@test.com
"Arif Dev Rajbanshi","149 Tripureshwor",arif.rajbanshi4674@example.com
"Sompal Bahadur Bhurtel","3741 Ekantakuna",sompal.bhurtel4675@test.com
"Paras Bir K.C","2850 Chabel",paras.k.c4676@demo.net
"Karan Bahadur Seikh","2908 Gaushala",karan.seikh4677@example.com
"Rohit Gopal Rajbanshi","5096 Gaushala",rohit.rajbanshi4678@mail.com
"Sandeep Dev Bhandari","5710 Jawalakhel",sandeep.bhandari4679@example.com
"Sompal Kumar Paudel","7293 Baneshwor",sompal.paudel4680@random.org
"Sompal Bahadur Kami","3520 Ekantakuna",sompal.kami4681@example.com
"Lalit Bhagat Kami","165 Sundhara",lalit.kami4682@mail.com
"Sandeep Bir Paudel","4616 Jawalakhel",sandeep.paudel4683@mail.com
"Arif Bahadur Bhurtel","7769 Ratnapark",arif.bhurtel4684@demo.net
"Lalit Bir Bhandari","9085 Gaushala",lalit.bhandari4685@demo.net
"Sandeep Krishna Bhandari","7148 Jawalakhel",sandeep.bhandari4686@demo.net
"Sompal Dhoj Lamichane","6015 Chabel",sompal.lamichane4687@random.org
"Sandeep Kumar Bhandari","3472 Sundhara",sandeep.bhandari4688@mail.com
"Arif Bhagat Khadka","9265 Gaushala",arif.khadka4689@mail.com
"Lalit Kumar Khadka","4294 Ekantakuna",lalit.khadka4690@example.com
"Arif Kumar Kami","171 Ratnapark",arif.kami4691@random.org
"Paras Bhopal Bhandari","3240 Tripureshwor",paras.bhandari4692@example.com
"Kushal Lal Seikh","8357 Ekantakuna",kushal.seikh4693@random.org
"Paras Bir Bhurtel","3597 Ratnapark",paras.bhurtel4694@random.org
"Kushal Bhopal Malla","5907 New Road",kushal.malla4695@example.com
"Arif Bhopal Khadka","9774 New Road",arif.khadka4696@mail.com
"Kushal Bhagat Seikh","3280 Chabel",kushal.seikh4697@mail.com
"Lalit Kumar Malla","9659 Ratnapark",lalit.malla4698@demo.net
"Binod Lal Seikh","2241 Baneshwor",binod.seikh4699@random.org
"Karan Bhopal Bhurtel","8987 Gaushala",karan.bhurtel4700@mail.com
"Sompal Dev Bhurtel","6250 Ratnapark",sompal.bhurtel4701@mail.com
"Rohit Bir Kami","6200 Ekantakuna",rohit.kami4702@test.com
"Asif Bahadur Malla","7992 Baneshwor",asif.malla4703@mail.com
"Arif Bhagat Rajbanshi","2363 Ekantakuna",arif.rajbanshi4704@example.com
"Arif Bhopal Kami","2169 Baneshwor",arif.kami4705@mail.com
"Sompal Kumar Paudel","9374 Ekantakuna",sompal.paudel4706@test.com
"Asif Dev K.C","1840 Baneshwor",asif.k.c4707@example.com
"Sompal Lal Bhandari","840 Ratnapark",sompal.bhandari4708@mail.com
"Sompal Gopal Bhandari","2050 Ekantakuna",sompal.bhandari4709@demo.net
"Sompal Dhoj Bhurtel","9647 Gaushala",sompal.bhurtel4710@demo.net
"Sandeep Dev Seikh","3248 New Road",sandeep.seikh4711@random.org
"Rohit Kumar K.C","3581 Chabel",rohit.k.c4712@random.org
"Arif Dev Khadka","6657 Jawalakhel",arif.khadka4713@test.com
"Sandeep Lal Kami","9825 Sundhara",sandeep.kami4714@mail.com
"Asif Krishna Bhurtel","2502 Chabel",asif.bhurtel4715@example.com
"Karan Bir Seikh","2352 New Road",karan.seikh4716@example.com
"Karan Krishna Khadka","3613 Jawalakhel",karan.khadka4717@demo.net
"Paras Bir Bhandari","8611 Gaushala",paras.bhandari4718@example.com
"Arif Krishna Bhandari","2300 New Road",arif.bhandari4719@example.com
"Binod Kumar Lamichane","9055 Ratnapark",binod.lamichane4720@mail.com
"Sompal Lal Kami","3706 Tripureshwor",sompal.kami4721@example.com
"Karan Dev Rajbanshi","7609 Gaushala",karan.rajbanshi4722@example.com
"Binod Bhagat Lamichane","141 Baneshwor",binod.lamichane4723@example.com
"Rohit Bhagat Malla","9791 Tinkune",rohit.malla4724@mail.com
"Asif Bhagat Khadka","1275 Tripureshwor",asif.khadka4725@example.com
"Paras Krishna Rajbanshi","1698 Chabel",paras.rajbanshi4726@random.org
"Arif Gopal Rajbanshi","6610 Baneshwor",arif.rajbanshi4727@demo.net
"Sompal Gopal Seikh","1224 Gaushala",sompal.seikh4728@example.com
"Binod Bahadur Bhandari","2782 Sundhara",binod.bhandari4729@example.com
"Arif Bhopal K.C","3927 Baneshwor",arif.k.c4730@mail.com
"Kushal Gopal Seikh","4820 Tinkune",kushal.seikh4731@random.org
"Paras Dev Bhurtel","8178 Ratnapark",paras.bhurtel4732@example.com
"Sandeep Dhoj Malla","7852 Baneshwor",sandeep.malla4733@random.org
"Sandeep Bhopal Kami","3792 Chabel",sandeep.kami4734@test.com
"Asif Gopal Kami","4638 Jawalakhel",asif.kami4735@random.org
"Sompal Kumar Rajbanshi","7922 New Road",sompal.rajbanshi4736@demo.net
"Binod Lal Kami","1775 Tinkune",binod.kami4737@mail.com
"Rohit Kumar Malla","2006 New Road",rohit.malla4738@example.com
"Lalit Dev Seikh","4396 Jawalakhel",lalit.seikh4739@random.org
"Asif Dhoj Rajbanshi","5800 Gaushala",asif.rajbanshi4740@random.org
"Arif Dhoj Bhandari","5018 Chabel",arif.bhandari4741@demo.net
"Sompal Bhagat Kami","8937 Gaushala",sompal.kami4742@random.org
"Binod Krishna Khadka","5378 Tripureshwor",binod.khadka4743@example.com
"Asif Bir Rajbanshi","5301 Gaushala",asif.rajbanshi4744@test.com
"Asif Bhagat Paudel","3282 Jawalakhel",asif.paudel4745@test.com
"Arif Lal Bhurtel","4360 Ekantakuna",arif.bhurtel4746@example.com
"Karan Bir Paudel","3121 Baneshwor",karan.paudel4747@example.com
"Karan Bhagat Kami","9287 Baneshwor",karan.kami4748@mail.com
"Paras Bir Khadka","1730 Tinkune",paras.khadka4749@random.org
"Kushal Kumar Bhandari","5748 Jawalakhel",kushal.bhandari4750@test.com
"Kushal Bahadur K.C","3962 New Road",kushal.k.c4751@example.com
"Kushal Bhopal Malla","7872 Chabel",kushal.malla4752@test.com
"Asif Krishna Bhurtel","3178 Tinkune",asif.bhurtel4753@demo.net
"Lalit Krishna Malla","3779 Chabel",lalit.malla4754@test.com
"Lalit Bahadur Malla","3658 Ekantakuna",lalit.malla4755@random.org
"Asif Dhoj Paudel","4055 Sundhara",asif.paudel4756@random.org
"Sompal Krishna Bhurtel","8132 Ratnapark",sompal.bhurtel4757@test.com
"Sompal Krishna Lamichane","2203 Ekantakuna",sompal.lamichane4758@mail.com
"Kushal Dev Paudel","4320 Tinkune",kushal.paudel4759@mail.com
"Sandeep Lal Bhurtel","3128 Chabel",sandeep.bhurtel4760@example.com
"Sompal Bhopal Kami","1802 Tinkune",sompal.kami4761@mail.com
"Paras Bir Rajbanshi","3228 Tinkune",paras.rajbanshi4762@example.com
"Karan Dhoj K.C","4414 Tinkune",karan.k.c4763@mail.com
"Rohit Dev Bhurtel","523 New Road",rohit.bhurtel4764@demo.net
"Karan Lal K.C","9945 Tinkune",karan.k.c4765@random.org
"Paras Dev Bhurtel","3640 Ratnapark",paras.bhurtel4766@example.com
"Kushal Dev Seikh","3195 Sundhara",kushal.seikh4767@random.org
"Binod Bir Lamichane","5089 Tinkune",binod.lamichane4768@random.org
"Paras Bahadur Rajbanshi","3982 Baneshwor",paras.rajbanshi4769@random.org
"Asif Krishna Seikh","5788 Jawalakhel",asif.seikh4770@demo.net
"Rohit Bhopal Rajbanshi","260 Tripureshwor",rohit.rajbanshi4771@mail.com
"Sompal Bhopal Kami","5524 Gaushala",sompal.kami4772@mail.com
"Paras Bir Bhurtel","3091 Gaushala",paras.bhurtel4773@example.com
"Karan Gopal Seikh","1243 Tripureshwor",karan.seikh4774@mail.com
"Kushal Bir Kami","2268 Ratnapark",kushal.kami4775@random.org
"Asif Lal Paudel","3067 Chabel",asif.paudel4776@mail.com
"Sompal Kumar Lamichane","3012 New Road",sompal.lamichane4777@random.org
"Sandeep Lal Bhurtel","4742 Tinkune",sandeep.bhurtel4778@example.com
"Karan Bhopal Paudel","4270 Sundhara",karan.paudel4779@example.com
"Rohit Bir Bhandari","2545 Ratnapark",rohit.bhandari4780@test.com
"Karan Bhagat K.C","2854 Jawalakhel",karan.k.c4781@random.org
"Arif Bir Rajbanshi","9133 Baneshwor",arif.rajbanshi4782@demo.net
"Kushal Kumar Kami","7333 Ekantakuna",kushal.kami4783@demo.net
"Rohit Krishna Paudel","9872 New Road",rohit.paudel4784@example.com
"Asif Bir Paudel","4984 Chabel",asif.paudel4785@test.com
"Paras Kumar Rajbanshi","3505 Ekantakuna",paras.rajbanshi4786@example.com
"Lalit Bhopal Rajbanshi","9059 Tripureshwor",lalit.rajbanshi4787@test.com
"Sandeep Bahadur K.C","7979 Gaushala",sandeep.k.c4788@mail.com
"Arif Kumar Kami","8417 Gaushala",arif.kami4789@test.com
"Sandeep Dev Malla","2499 Jawalakhel",sandeep.malla4790@random.org
"Binod Bahadur Rajbanshi","4804 Sundhara",binod.rajbanshi4791@random.org
"Rohit Bahadur Bhandari","8428 Jawalakhel",rohit.bhandari4792@random.org
"Asif Kumar Bhurtel","4543 Ekantakuna",asif.bhurtel4793@mail.com
"Kushal Bahadur Kami","7058 Sundhara",kushal.kami4794@random.org
"Kushal Bahadur K.C","1047 Ekantakuna",kushal.k.c4795@test.com
"Sompal Bhagat K.C","8471 Gaushala",sompal.k.c4796@example.com
"Karan Gopal Kami","1233 Baneshwor",karan.kami4797@mail.com
"Sompal Kumar Rajbanshi","1448 Jawalakhel",sompal.rajbanshi4798@mail.com
"Kushal Lal Bhurtel","8599 New Road",kushal.bhurtel4799@mail.com
"Asif Lal Lamichane","7539 Chabel",asif.lamichane4800@test.com
"Sompal Kumar K.C","5192 Ratnapark",sompal.k.c4801@test.com
"Asif Bahadur Seikh","5323 Gaushala",asif.seikh4802@demo.net
"Sompal Bir Bhurtel","3058 Gaushala",sompal.bhurtel4803@random.org
"Binod Dev Bhandari","5294 Chabel",binod.bhandari4804@random.org
"Paras Bir Paudel","5167 Gaushala",paras.paudel4805@test.com
"Sompal Bhopal Malla","9632 Tinkune",sompal.malla4806@random.org
"Karan Bir Malla","3532 Jawalakhel",karan.malla4807@demo.net
"Kushal Bhagat Paudel","3649 Ekantakuna",kushal.paudel4808@random.org
"Paras Lal Seikh","1702 Tripureshwor",paras.seikh4809@test.com
"Karan Bhagat Khadka","4743 Tinkune",karan.khadka4810@example.com
"Lalit Gopal Bhandari","8162 Chabel",lalit.bhandari4811@demo.net
"Paras Krishna Malla","4820 Sundhara",paras.malla4812@test.com
"Arif Bahadur Lamichane","553 Baneshwor",arif.lamichane4813@test.com
"Arif Bhopal Khadka","8685 Tripureshwor",arif.khadka4814@test.com
"Binod Bhopal Malla","5575 Gaushala",binod.malla4815@test.com
"Sandeep Lal Lamichane","535 Sundhara",sandeep.lamichane4816@test.com
"Binod Lal Malla","2857 Ekantakuna",binod.malla4817@random.org
"Karan Lal Seikh","5809 Gaushala",karan.seikh4818@demo.net
"Sandeep Bahadur Seikh","7886 Sundhara",sandeep.seikh4819@demo.net
"Paras Bhagat Kami","5029 Tinkune",paras.kami4820@demo.net
"Rohit Krishna Malla","9157 Chabel",rohit.malla4821@example.com
"Rohit Bhopal K.C","8469 Ekantakuna",rohit.k.c4822@demo.net
"Asif Gopal Lamichane","1686 New Road",asif.lamichane4823@demo.net
"Binod Bahadur Seikh","1649 Sundhara",binod.seikh4824@test.com
"Binod Bhagat Lamichane","5735 Ratnapark",binod.lamichane4825@example.com
"Paras Dhoj Rajbanshi","2505 Tripureshwor",paras.rajbanshi4826@test.com
"Kushal Bir Paudel","9672 Tripureshwor",kushal.paudel4827@demo.net
"Kushal Bhagat Malla","1565 Ratnapark",kushal.malla4828@mail.com
"Paras Bhagat Seikh","7339 Sundhara",paras.seikh4829@example.com
"Sompal Gopal Lamichane","268 Tripureshwor",sompal.lamichane4830@demo.net
"Paras Dev Malla","8279 Ratnapark",paras.malla4831@example.com
"Sompal Bhopal Malla","6559 Jawalakhel",sompal.malla4832@demo.net
"Sompal Dhoj Lamichane","9657 Jawalakhel",sompal.lamichane4833@demo.net
"Sandeep Dev Lamichane","6992 New Road",sandeep.lamichane4834@random.org
"Rohit Bhopal Paudel","8192 Ratnapark",rohit.paudel4835@demo.net
"Arif Bhopal Seikh","2237 Jawalakhel",arif.seikh4836@example.com
"Binod Lal Lamichane","9162 Ekantakuna",binod.lamichane4837@example.com
"Paras Bahadur Rajbanshi","2519 New Road",paras.rajbanshi4838@example.com
"Arif Lal Malla","4765 Baneshwor",arif.malla4839@test.com
"Paras Bhagat Paudel","9254 Ekantakuna",paras.paudel4840@demo.net
"Sompal Gopal Rajbanshi","214 Baneshwor",sompal.rajbanshi4841@mail.com
"Sandeep Dhoj Khadka","9035 Chabel",sandeep.khadka4842@mail.com
"Asif Bhopal Paudel","3522 New Road",asif.paudel4843@demo.net
"Kushal Krishna K.C","7168 Chabel",kushal.k.c4844@test.com
"Kushal Bir Bhandari","9384 Ratnapark",kushal.bhandari4845@mail.com
"Sompal Kumar Bhandari","6218 Jawalakhel",sompal.bhandari4846@random.org
"Lalit Bhopal Kami","7433 New Road",lalit.kami4847@random.org
"Sandeep Krishna Rajbanshi","959 Jawalakhel",sandeep.rajbanshi4848@demo.net
"Sompal Bhagat Bhandari","570 Baneshwor",sompal.bhandari4849@test.com
"Binod Bhopal Kami","1209 Tinkune",binod.kami4850@demo.net
"Sompal Bhagat Malla","8396 Ekantakuna",sompal.malla4851@mail.com
"Lalit Gopal Malla","989 Tripureshwor",lalit.malla4852@demo.net
"Rohit Bhagat Malla","2271 Ratnapark",rohit.malla4853@example.com
"Sompal Lal Paudel","3361 Ekantakuna",sompal.paudel4854@random.org
"Sompal Kumar Lamichane","2108 Ekantakuna",sompal.lamichane4855@random.org
"Sompal Bir K.C","222 Sundhara",sompal.k.c4856@example.com
"Binod Gopal Khadka","6891 Gaushala",binod.khadka4857@demo.net
"Sandeep Dev Khadka","8575 Baneshwor",sandeep.khadka4858@test.com
"Paras Gopal K.C","5075 New Road",paras.k.c4859@demo.net
"Lalit Bir Paudel","4775 Chabel",lalit.paudel4860@mail.com
"Asif Dhoj Malla","5663 Gaushala",asif.malla4861@example.com
"Karan Bhopal Lamichane","5265 Baneshwor",karan.lamichane4862@test.com
"Rohit Bahadur Lamichane","7498 Sundhara",rohit.lamichane4863@example.com
"Rohit Dhoj Malla","967 Chabel",rohit.malla4864@test.com
"Karan Dhoj Khadka","2408 Baneshwor",karan.khadka4865@mail.com
"Rohit Krishna Lamichane","2646 Tripureshwor",rohit.lamichane4866@mail.com
"Rohit Dhoj Bhandari","4658 Baneshwor",rohit.bhandari4867@mail.com
"Rohit Lal Bhurtel","3727 Tripureshwor",rohit.bhurtel4868@random.org
"Sandeep Bhopal Paudel","2898 Tripureshwor",sandeep.paudel4869@mail.com
"Sompal Dhoj Bhurtel","9713 Chabel",sompal.bhurtel4870@demo.net
"Paras Dhoj Khadka","8493 Baneshwor",paras.khadka4871@mail.com
"Rohit Kumar Khadka","9309 Ekantakuna",rohit.khadka4872@test.com
"Asif Bahadur Paudel","8181 Gaushala",asif.paudel4873@example.com
"Arif Lal Bhurtel","7302 Jawalakhel",arif.bhurtel4874@mail.com
"Karan Bir Paudel","4536 Sundhara",karan.paudel4875@example.com
"Sompal Dhoj Paudel","6206 Ratnapark",sompal.paudel4876@mail.com
"Asif Dev K.C","5511 Baneshwor",asif.k.c4877@example.com
"Asif Dev Bhurtel","5356 New Road",asif.bhurtel4878@mail.com
"Lalit Bhagat Bhurtel","6302 Ratnapark",lalit.bhurtel4879@example.com
"Sandeep Bhopal Bhandari","2990 Baneshwor",sandeep.bhandari4880@example.com
"Lalit Kumar Bhandari","1499 Tinkune",lalit.bhandari4881@mail.com
"Rohit Bahadur Paudel","6803 Tinkune",rohit.paudel4882@example.com
"Asif Krishna Paudel","832 Baneshwor",asif.paudel4883@mail.com
"Asif Bhopal Malla","6315 Ratnapark",asif.malla4884@random.org
"Lalit Bhagat Seikh","2430 Tripureshwor",lalit.seikh4885@test.com
"Karan Bhagat Paudel","6558 Chabel",karan.paudel4886@random.org
"Sandeep Bhagat Malla","3756 Tinkune",sandeep.malla4887@demo.net
"Arif Bahadur Kami","5768 Ekantakuna",arif.kami4888@example.com
"Binod Dhoj Bhandari","8342 Chabel",binod.bhandari4889@demo.net
"Sandeep Kumar Rajbanshi","1594 Jawalakhel",sandeep.rajbanshi4890@test.com
"Sandeep Lal Malla","8764 Tripureshwor",sandeep.malla4891@demo.net
"Karan Dhoj Paudel","6682 Ratnapark",karan.paudel4892@random.org
"Paras Lal Bhandari","2771 Gaushala",paras.bhandari4893@random.org
"Sompal Kumar Bhurtel","6748 Gaushala",sompal.bhurtel4894@example.com
"Rohit Bhagat Bhandari","6765 Jawalakhel",rohit.bhandari4895@example.com
"Kushal Krishna Bhandari","5098 Baneshwor",kushal.bhandari4896@mail.com
"Asif Bhopal Rajbanshi","8950 New Road",asif.rajbanshi4897@example.com
"Arif Dev Lamichane","7558 Ratnapark",arif.lamichane4898@example.com
"Paras Gopal Lamichane","1900 Ekantakuna",paras.lamichane4899@mail.com
"Kushal Bahadur Lamichane","9647 Jawalakhel",kushal.lamichane4900@random.org
"Paras Dhoj Kami","8390 Chabel",paras.kami4901@random.org
"Asif Gopal Bhandari","9453 Ratnapark",asif.bhandari4902@demo.net
"Asif Dhoj Khadka","1076 Tinkune",asif.khadka4903@example.com
"Binod Gopal Bhandari","1117 Tripureshwor",binod.bhandari4904@example.com
"Arif Lal Kami","5258 Tripureshwor",arif.kami4905@test.com
"Binod Lal Malla","1579 Sundhara",binod.malla4906@demo.net
"Arif Bhagat Lamichane","3658 Ekantakuna",arif.lamichane4907@random.org
"Lalit Bahadur Bhandari","8417 Ratnapark",lalit.bhandari4908@example.com
"Asif Kumar Kami","9172 Jawalakhel",asif.kami4909@demo.net
"Kushal Dev Malla","3125 Chabel",kushal.malla4910@example.com
"Asif Bhagat Paudel","7589 Sundhara",asif.paudel4911@test.com
"Sompal Bahadur Seikh","6417 Tinkune",sompal.seikh4912@test.com
"Sandeep Bhagat Seikh","9033 Jawalakhel",sandeep.seikh4913@mail.com
"Sompal Dev Lamichane","8446 New Road",sompal.lamichane4914@random.org
"Rohit Bir Paudel","5600 Ratnapark",rohit.paudel4915@test.com
"Asif Lal K.C","8651 Chabel",asif.k.c4916@mail.com
"Paras Bir Khadka","9168 Chabel",paras.khadka4917@example.com
"Karan Bhagat Seikh","3959 Chabel",karan.seikh4918@mail.com
"Binod Krishna K.C","3649 Jawalakhel",binod.k.c4919@test.com
"Karan Krishna Bhurtel","242 Ratnapark",karan.bhurtel4920@random.org
"Arif Dhoj K.C","2395 Ekantakuna",arif.k.c4921@test.com
"Asif Dhoj Khadka","7158 Jawalakhel",asif.khadka4922@mail.com
"Lalit Bahadur Bhurtel","1825 Gaushala",lalit.bhurtel4923@random.org
"Karan Krishna Bhandari","7532 New Road",karan.bhandari4924@test.com
"Rohit Bhopal Bhandari","1690 New Road",rohit.bhandari4925@test.com
"Asif Lal Bhandari","1973 Tripureshwor",asif.bhandari4926@mail.com
"Rohit Bir Rajbanshi","5515 Gaushala",rohit.rajbanshi4927@demo.net
"Paras Lal Rajbanshi","9033 Gaushala",paras.rajbanshi4928@example.com
"Rohit Dev Kami","7864 Tripureshwor",rohit.kami4929@example.com
"Sompal Bhagat Paudel","3366 Tinkune",sompal.paudel4930@demo.net
"Paras Kumar Rajbanshi","3413 Baneshwor",paras.rajbanshi4931@example.com
"Lalit Krishna Seikh","6976 Tripureshwor",lalit.seikh4932@demo.net
"Arif Kumar Khadka","817 Sundhara",arif.khadka4933@test.com
"Karan Bir Khadka","6044 New Road",karan.khadka4934@test.com
"Binod Lal Lamichane","5275 Ekantakuna",binod.lamichane4935@test.com
"Kushal Gopal Paudel","1321 Ekantakuna",kushal.paudel4936@random.org
"Lalit Bahadur Rajbanshi","2432 Baneshwor",lalit.rajbanshi4937@mail.com
"Rohit Dhoj Khadka","6537 Jawalakhel",rohit.khadka4938@test.com
"Binod Kumar K.C","5853 Ratnapark",binod.k.c4939@test.com
"Binod Krishna Bhurtel","2132 Tripureshwor",binod.bhurtel4940@random.org
"Arif Dhoj Bhurtel","9692 Baneshwor",arif.bhurtel4941@demo.net
"Kushal Krishna Khadka","6152 Ekantakuna",kushal.khadka4942@test.com
"Lalit Bir Lamichane","9813 New Road",lalit.lamichane4943@example.com
"Asif Lal Paudel","4591 New Road",asif.paudel4944@test.com
"Arif Krishna K.C","7709 Gaushala",arif.k.c4945@example.com
"Arif Bhagat Malla","1909 Sundhara",arif.malla4946@random.org
"Paras Lal K.C","701 Tinkune",paras.k.c4947@example.com
"Sompal Dhoj Rajbanshi","9981 Ekantakuna",sompal.rajbanshi4948@example.com
"Lalit Bhopal K.C","1792 Chabel",lalit.k.c4949@random.org
"Kushal Dev Paudel","8564 Jawalakhel",kushal.paudel4950@demo.net
"Sandeep Dhoj Khadka","7442 Baneshwor",sandeep.khadka4951@mail.com
"Arif Bir Seikh","5572 Jawalakhel",arif.seikh4952@random.org
"Karan Bahadur Paudel","842 Chabel",karan.paudel4953@test.com
"Asif Bhopal Bhurtel","3069 Tripureshwor",asif.bhurtel4954@test.com
"Lalit Bahadur Lamichane","6699 Ratnapark",lalit.lamichane4955@test.com
"Sompal Bir Bhurtel","3248 Ekantakuna",sompal.bhurtel4956@demo.net
"Paras Dhoj Bhurtel","3083 New Road",paras.bhurtel4957@test.com
"Sompal Kumar Rajbanshi","231 Baneshwor",sompal.rajbanshi4958@demo.net
"Kushal Bhagat Khadka","9235 Jawalakhel",kushal.khadka4959@example.com
"Karan Dev Khadka","5665 New Road",karan.khadka4960@random.org
"Sandeep Dev Seikh","8136 Sundhara",sandeep.seikh4961@test.com
"Karan Dhoj Seikh","4818 Tripureshwor",karan.seikh4962@mail.com
"Lalit Kumar Rajbanshi","6127 Chabel",lalit.rajbanshi4963@demo.net
"Sompal Bhagat Lamichane","7289 Jawalakhel",sompal.lamichane4964@test.com
"Paras Lal K.C","2500 Tinkune",paras.k.c4965@mail.com
"Arif Gopal Khadka","1912 Tripureshwor",arif.khadka4966@demo.net
"Binod Dhoj Malla","6421 Jawalakhel",binod.malla4967@mail.com
"Arif Bhagat Rajbanshi","6894 Baneshwor",arif.rajbanshi4968@example.com
"Asif Bir Bhurtel","3350 Baneshwor",asif.bhurtel4969@random.org
"Kushal Krishna Bhandari","9939 Chabel",kushal.bhandari4970@test.com
"Karan Dev Rajbanshi","426 Jawalakhel",karan.rajbanshi4971@mail.com
"Lalit Bhopal Kami","4940 Tinkune",lalit.kami4972@demo.net
"Karan Bahadur Paudel","9256 Ratnapark",karan.paudel4973@mail.com
"Rohit Gopal Paudel","7281 Gaushala",rohit.paudel4974@example.com
"Sandeep Gopal Paudel","2992 Ratnapark",sandeep.paudel4975@demo.net
"Rohit Dev Khadka","8786 Chabel",rohit.khadka4976@demo.net
"Asif Dev Malla","8309 Gaushala",asif.malla4977@example.com
"Sandeep Bir Bhurtel","3784 Gaushala",sandeep.bhurtel4978@example.com
"Lalit Dhoj Rajbanshi","4567 Ratnapark",lalit.rajbanshi4979@demo.net
"Kushal Bir K.C","386 Tinkune",kushal.k.c4980@example.com
"Lalit Bir Seikh","5696 New Road",lalit.seikh4981@mail.com
"Binod Lal Khadka","5562 Gaushala",binod.khadka4982@random.org
"Paras Dev Khadka","8620 Tinkune",paras.khadka4983@random.org
"Arif Kumar Malla","2641 Ratnapark",arif.malla4984@example.com
"Arif Dev Kami","4556 Ekantakuna",arif.kami4985@example.com
"Rohit Bir Rajbanshi","3613 Chabel",rohit.rajbanshi4986@demo.net
"Sandeep Bhopal Bhandari","9012 Sundhara",sandeep.bhandari4987@mail.com
"Asif Dev Khadka","9408 Gaushala",asif.khadka4988@demo.net
"Karan Dev Malla","2349 Tripureshwor",karan.malla4989@random.org
"Binod Bhagat Rajbanshi","3315 New Road",binod.rajbanshi4990@example.com
"Lalit Dev Lamichane","8749 New Road",lalit.lamichane4991@mail.com
"Paras Kumar Bhurtel","7990 Ekantakuna",paras.bhurtel4992@demo.net
"Rohit Krishna Seikh","2100 Gaushala",rohit.seikh4993@test.com
"Arif Dev Seikh","2265 Baneshwor",arif.seikh4994@example.com
"Kushal Bir Bhandari","7230 New Road",kushal.bhandari4995@demo.net
"Paras Dhoj Seikh","8264 New Road",paras.seikh4996@mail.com
"Paras Krishna Seikh","7167 Gaushala",paras.seikh4997@demo.net
"Arif Krishna Rajbanshi","309 Ratnapark",arif.rajbanshi4998@random.org
"Karan Bhagat Malla","1241 Sundhara",karan.malla4999@mail.com
"Sompal Krishna Kami","6017 Chabel",sompal.kami5000@example.com
"Binod Dev Seikh","2778 Sundhara",binod.seikh5001@example.com
"Sandeep Gopal Bhandari","5877 Jawalakhel",sandeep.bhandari5002@demo.net
"Karan Dev K.C","2518 Ekantakuna",karan.k.c5003@random.org
"Karan Gopal Malla","3019 Tripureshwor",karan.malla5004@test.com
"Lalit Dhoj Seikh","4011 Ratnapark",lalit.seikh5005@test.com
"Arif Krishna Lamichane","3323 Tripureshwor",arif.lamichane5006@test.com
"Paras Bhopal K.C","3350 Baneshwor",paras.k.c5007@mail.com
"Binod Dhoj Seikh","7219 New Road",binod.seikh5008@mail.com
"Arif Bahadur Lamichane","6235 Tripureshwor",arif.lamichane5009@random.org
"Arif Lal Paudel","9026 Sundhara",arif.paudel5010@demo.net
"Rohit Dhoj Lamichane","5996 Tripureshwor",rohit.lamichane5011@demo.net
"Sandeep Kumar Lamichane","8657 Jawalakhel",sandeep.lamichane5012@test.com
"Arif Bhagat Rajbanshi","3969 Sundhara",arif.rajbanshi5013@example.com
"Arif Bahadur Malla","1444 Baneshwor",arif.malla5014@test.com
"Rohit Kumar Seikh","174 Baneshwor",rohit.seikh5015@demo.net
"Arif Bhopal Lamichane","8339 Gaushala",arif.lamichane5016@example.com
"Lalit Lal Paudel","6905 Ratnapark",lalit.paudel5017@test.com
"Arif Bahadur Rajbanshi","9570 Tinkune",arif.rajbanshi5018@mail.com
"Lalit Krishna Bhandari","1444 Ratnapark",lalit.bhandari5019@random.org
"Sompal Dev Bhandari","5174 Ekantakuna",sompal.bhandari5020@test.com
"Paras Dhoj Paudel","7702 Gaushala",paras.paudel5021@test.com
"Paras Lal Kami","9098 Chabel",paras.kami5022@random.org
"Paras Bahadur Lamichane","893 Gaushala",paras.lamichane5023@example.com
"Sandeep Bahadur Bhurtel","815 Tripureshwor",sandeep.bhurtel5024@demo.net
"Paras Bahadur K.C","8339 Gaushala",paras.k.c5025@example.com
"Arif Bahadur Kami","5664 Chabel",arif.kami5026@mail.com
"Asif Gopal Bhandari","7307 New Road",asif.bhandari5027@test.com
"Kushal Kumar Rajbanshi","3172 Baneshwor",kushal.rajbanshi5028@mail.com
"Asif Bahadur Rajbanshi","466 Jawalakhel",asif.rajbanshi5029@example.com
"Binod Bahadur Kami","5020 Chabel",binod.kami5030@test.com
"Rohit Krishna Khadka","5726 Ratnapark",rohit.khadka5031@demo.net
"Arif Krishna Rajbanshi","2179 New Road",arif.rajbanshi5032@test.com
"Kushal Kumar Bhandari","4187 Jawalakhel",kushal.bhandari5033@mail.com
"Sandeep Kumar Kami","3957 Ratnapark",sandeep.kami5034@demo.net
"Binod Dhoj Bhurtel","4725 Tripureshwor",binod.bhurtel5035@demo.net
"Karan Lal Paudel","8210 New Road",karan.paudel5036@random.org
"Sompal Lal Bhurtel","223 New Road",sompal.bhurtel5037@demo.net
"Binod Bhagat Kami","2528 Baneshwor",binod.kami5038@test.com
"Paras Dhoj Bhurtel","7671 Sundhara",paras.bhurtel5039@test.com
"Asif Bhopal Seikh","5675 Gaushala",asif.seikh5040@test.com
"Paras Bhopal Rajbanshi","9717 Sundhara",paras.rajbanshi5041@test.com
"Sompal Dev Malla","2250 Tinkune",sompal.malla5042@mail.com
"Arif Bhagat Seikh","9204 Baneshwor",arif.seikh5043@demo.net
"Kushal Bahadur Lamichane","1823 Gaushala",kushal.lamichane5044@mail.com
"Sandeep Dhoj Paudel","9291 Baneshwor",sandeep.paudel5045@test.com
"Binod Bir Malla","3265 Chabel",binod.malla5046@mail.com
"Binod Dev Bhurtel","2384 Sundhara",binod.bhurtel5047@mail.com
"Kushal Kumar Seikh","273 Jawalakhel",kushal.seikh5048@test.com
"Sompal Dev Seikh","367 Baneshwor",sompal.seikh5049@mail.com
"Paras Bahadur Lamichane","817 Baneshwor",paras.lamichane5050@mail.com
"Arif Dhoj Kami","8205 Sundhara",arif.kami5051@demo.net
"Asif Kumar Bhandari","4768 Tripureshwor",asif.bhandari5052@demo.net
"Arif Bhopal Lamichane","2132 Tripureshwor",arif.lamichane5053@demo.net
"Lalit Bhopal K.C","3127 Baneshwor",lalit.k.c5054@test.com
"Paras Krishna Bhandari","2523 Sundhara",paras.bhandari5055@mail.com
"Rohit Bhagat Kami","2443 Tripureshwor",rohit.kami5056@example.com
"Sandeep Bahadur Lamichane","8967 Baneshwor",sandeep.lamichane5057@example.com
"Paras Bhopal Paudel","453 Jawalakhel",paras.paudel5058@random.org
"Asif Krishna Rajbanshi","9133 Ratnapark",asif.rajbanshi5059@random.org
"Sandeep Krishna K.C","9375 Jawalakhel",sandeep.k.c5060@random.org
"Arif Dev Malla","9396 Tripureshwor",arif.malla5061@example.com
"Kushal Dev K.C","3775 Tripureshwor",kushal.k.c5062@example.com
"Kushal Gopal Seikh","239 Tinkune",kushal.seikh5063@test.com
"Karan Krishna Rajbanshi","9444 Ratnapark",karan.rajbanshi5064@demo.net
"Lalit Krishna Malla","6993 Tinkune",lalit.malla5065@example.com
"Lalit Bhopal Seikh","7511 Ratnapark",lalit.seikh5066@demo.net
"Sandeep Krishna Kami","3256 Ratnapark",sandeep.kami5067@demo.net
"Binod Bahadur Kami","3862 Sundhara",binod.kami5068@test.com
"Kushal Bir Paudel","4692 Chabel",kushal.paudel5069@example.com
"Kushal Bahadur Seikh","6783 Sundhara",kushal.seikh5070@random.org
"Asif Bir Paudel","3357 New Road",asif.paudel5071@mail.com
"Rohit Kumar K.C","2350 Sundhara",rohit.k.c5072@random.org
"Asif Bhagat Seikh","742 Ratnapark",asif.seikh5073@demo.net
"Kushal Kumar Bhurtel","8377 New Road",kushal.bhurtel5074@demo.net
"Arif Bir Seikh","6345 Ratnapark",arif.seikh5075@random.org
"Binod Bhagat Lamichane","1584 Baneshwor",binod.lamichane5076@demo.net
"Arif Bir Rajbanshi","7449 Ratnapark",arif.rajbanshi5077@mail.com
"Binod Krishna Bhandari","8557 Gaushala",binod.bhandari5078@random.org
"Asif Bhopal Bhandari","3989 Sundhara",asif.bhandari5079@demo.net
"Paras Dhoj Malla","2435 Chabel",paras.malla5080@example.com
"Sandeep Bir Khadka","8562 Tripureshwor",sandeep.khadka5081@test.com
"Karan Bir Malla","3221 Tripureshwor",karan.malla5082@example.com
"Paras Bir Rajbanshi","5426 Tinkune",paras.rajbanshi5083@example.com
"Arif Bir Bhandari","9641 Tinkune",arif.bhandari5084@test.com
"Rohit Bhopal Paudel","3754 Baneshwor",rohit.paudel5085@example.com
"Sompal Bahadur Malla","3357 Jawalakhel",sompal.malla5086@random.org
"Arif Krishna Bhurtel","7318 Ratnapark",arif.bhurtel5087@random.org
"Lalit Bhopal Lamichane","1008 Sundhara",lalit.lamichane5088@mail.com
"Rohit Bhagat Bhandari","6106 Ratnapark",rohit.bhandari5089@example.com
"Lalit Bhopal Malla","704 Gaushala",lalit.malla5090@demo.net
"Rohit Kumar Bhurtel","6251 Tinkune",rohit.bhurtel5091@test.com
"Binod Bhagat Paudel","2252 Chabel",binod.paudel5092@random.org
"Rohit Bahadur Paudel","2010 Baneshwor",rohit.paudel5093@random.org
"Paras Kumar Bhandari","4483 Sundhara",paras.bhandari5094@mail.com
"Lalit Bir Khadka","9223 New Road",lalit.khadka5095@random.org
"Sompal Lal Malla","7339 Chabel",sompal.malla5096@example.com
"Asif Krishna Bhandari","9582 Sundhara",asif.bhandari5097@random.org
"Kushal Krishna Malla","9408 Tripureshwor",kushal.malla5098@random.org
"Kushal Bahadur Bhandari","6943 Tripureshwor",kushal.bhandari5099@random.org
"Lalit Bhopal Bhurtel","4193 Tinkune",lalit.bhurtel5100@test.com
"Lalit Bhagat Rajbanshi","5919 Tripureshwor",lalit.rajbanshi5101@example.com
"Lalit Bahadur Bhurtel","2907 Sundhara",lalit.bhurtel5102@example.com
"Sompal Bhagat K.C","7390 New Road",sompal.k.c5103@demo.net
"Sandeep Bhopal Rajbanshi","8986 Tripureshwor",sandeep.rajbanshi5104@random.org
"Kushal Dhoj K.C","4670 Sundhara",kushal.k.c5105@random.org
"Kushal Bir Rajbanshi","393 Gaushala",kushal.rajbanshi5106@demo.net
"Rohit Bahadur Paudel","9162 New Road",rohit.paudel5107@demo.net
"Binod Dev Lamichane","3252 Sundhara",binod.lamichane5108@example.com
"Karan Bir Paudel","6490 Ratnapark",karan.paudel5109@random.org
"Lalit Bir Bhandari","6644 Tinkune",lalit.bhandari5110@demo.net
"Sompal Kumar Rajbanshi","4173 New Road",sompal.rajbanshi5111@random.org
"Sompal Krishna Paudel","7823 Chabel",sompal.paudel5112@mail.com
"Kushal Bir Rajbanshi","543 Gaushala",kushal.rajbanshi5113@demo.net
"Asif Gopal Bhurtel","3400 Ekantakuna",asif.bhurtel5114@example.com
"Kushal Lal Paudel","307 Sundhara",kushal.paudel5115@mail.com
"Rohit Krishna K.C","447 Tinkune",rohit.k.c5116@mail.com
"Sandeep Kumar Rajbanshi","2536 Jawalakhel",sandeep.rajbanshi5117@random.org
"Sompal Bahadur K.C","8634 Gaushala",sompal.k.c5118@example.com
"Sandeep Kumar Seikh","4302 Tripureshwor",sandeep.seikh5119@demo.net
"Rohit Bhagat Malla","1413 Jawalakhel",rohit.malla5120@random.org
"Karan Bahadur Bhurtel","228 Ratnapark",karan.bhurtel5121@demo.net
"Arif Bahadur Seikh","9327 Jawalakhel",arif.seikh5122@demo.net
"Paras Lal Kami","3144 New Road",paras.kami5123@demo.net
"Rohit Kumar Rajbanshi","7265 Ratnapark",rohit.rajbanshi5124@mail.com
"Rohit Krishna Kami","5153 Ekantakuna",rohit.kami5125@mail.com
"Sompal Bhagat Khadka","5122 Ratnapark",sompal.khadka5126@random.org
"Karan Bir Bhurtel","7466 Ekantakuna",karan.bhurtel5127@test.com
"Binod Krishna Lamichane","295 Tinkune",binod.lamichane5128@mail.com
"Sompal Dhoj Bhurtel","2847 Ratnapark",sompal.bhurtel5129@demo.net
"Sandeep Bhopal Bhurtel","1852 Chabel",sandeep.bhurtel5130@example.com
"Rohit Bahadur Bhurtel","6852 New Road",rohit.bhurtel5131@test.com
"Arif Bhagat Malla","5432 Ratnapark",arif.malla5132@mail.com
"Sompal Lal K.C","1605 Gaushala",sompal.k.c5133@demo.net
"Rohit Bhopal Bhandari","1959 Tinkune",rohit.bhandari5134@demo.net
"Asif Bhopal Malla","5122 Ratnapark",asif.malla5135@random.org
"Sompal Kumar Lamichane","7872 Jawalakhel",sompal.lamichane5136@example.com
"Rohit Kumar Paudel","7269 Ratnapark",rohit.paudel5137@test.com
"Lalit Bhagat Seikh","7180 Gaushala",lalit.seikh5138@mail.com
"Binod Dhoj Malla","6219 Tripureshwor",binod.malla5139@mail.com
"Lalit Bhagat Malla","1554 Gaushala",lalit.malla5140@demo.net
"Arif Kumar Bhurtel","1879 Jawalakhel",arif.bhurtel5141@test.com
"Binod Bahadur Paudel","2188 Tinkune",binod.paudel5142@mail.com
"Paras Bhagat Rajbanshi","174 Chabel",paras.rajbanshi5143@demo.net
"Sompal Dev Kami","7978 Ratnapark",sompal.kami5144@random.org
"Arif Gopal Khadka","5812 New Road",arif.khadka5145@test.com
"Sompal Kumar Rajbanshi","2667 New Road",sompal.rajbanshi5146@demo.net
"Binod Dev Seikh","1941 Ratnapark",binod.seikh5147@mail.com
"Paras Dhoj Rajbanshi","2122 Tripureshwor",paras.rajbanshi5148@mail.com
"Lalit Bhagat Bhurtel","2072 Sundhara",lalit.bhurtel5149@random.org
"Asif Lal K.C","1001 Tinkune",asif.k.c5150@test.com
"Lalit Dev Rajbanshi","1484 Sundhara",lalit.rajbanshi5151@mail.com
"Binod Bahadur Kami","6416 Gaushala",binod.kami5152@test.com
"Lalit Kumar Khadka","8388 Ratnapark",lalit.khadka5153@example.com
"Arif Lal K.C","3354 Sundhara",arif.k.c5154@demo.net
"Binod Krishna Kami","341 Baneshwor",binod.kami5155@random.org
"Rohit Bhagat Paudel","5184 New Road",rohit.paudel5156@mail.com
"Karan Dhoj Khadka","8895 Baneshwor",karan.khadka5157@mail.com
"Sompal Krishna Malla","1270 Ekantakuna",sompal.malla5158@example.com
"Sompal Bahadur Kami","4169 Chabel",sompal.kami5159@random.org
"Asif Bhagat K.C","6850 Ekantakuna",asif.k.c5160@mail.com
"Lalit Lal Malla","3552 Baneshwor",lalit.malla5161@demo.net
"Karan Bahadur Khadka","5341 Tinkune",karan.khadka5162@example.com
"Kushal Bir K.C","1166 Tinkune",kushal.k.c5163@mail.com
"Karan Kumar Kami","9994 New Road",karan.kami5164@random.org
"Binod Bhopal Bhurtel","3004 Baneshwor",binod.bhurtel5165@example.com
"Lalit Lal Paudel","9278 Ratnapark",lalit.paudel5166@demo.net
"Kushal Bhagat Seikh","211 Gaushala",kushal.seikh5167@mail.com
"Binod Dev Bhandari","2719 Jawalakhel",binod.bhandari5168@demo.net
"Asif Bhagat K.C","8157 Gaushala",asif.k.c5169@test.com
"Rohit Lal Kami","5850 Gaushala",rohit.kami5170@test.com
"Sandeep Bahadur Khadka","2690 Chabel",sandeep.khadka5171@random.org
"Rohit Bir Malla","4335 Jawalakhel",rohit.malla5172@mail.com
"Arif Krishna Khadka","3098 Sundhara",arif.khadka5173@test.com
"Paras Bhopal Khadka","7347 Ekantakuna",paras.khadka5174@random.org
"Arif Bir Paudel","3392 Jawalakhel",arif.paudel5175@test.com
"Kushal Krishna Lamichane","144 Gaushala",kushal.lamichane5176@demo.net
"Kushal Dev Seikh","8655 Jawalakhel",kushal.seikh5177@random.org
"Arif Dev Seikh","3695 Jawalakhel",arif.seikh5178@mail.com
"Sompal Dev Seikh","8802 Tripureshwor",sompal.seikh5179@demo.net
"Lalit Bhagat K.C","5261 Ratnapark",lalit.k.c5180@mail.com
"Rohit Lal K.C","9949 Ratnapark",rohit.k.c5181@mail.com
"Sandeep Bahadur Rajbanshi","1346 New Road",sandeep.rajbanshi5182@demo.net
"Arif Dev Lamichane","2250 Ratnapark",arif.lamichane5183@example.com
"Paras Dhoj Rajbanshi","2923 Ekantakuna",paras.rajbanshi5184@demo.net
"Binod Gopal Seikh","7597 Jawalakhel",binod.seikh5185@demo.net
"Karan Kumar Kami","9611 Tripureshwor",karan.kami5186@example.com
"Lalit Gopal Rajbanshi","3883 Gaushala",lalit.rajbanshi5187@mail.com
"Karan Bahadur Malla","2957 Ekantakuna",karan.malla5188@demo.net
"Sompal Bhopal Paudel","211 Sundhara",sompal.paudel5189@example.com
"Binod Gopal Bhandari","6646 Chabel",binod.bhandari5190@test.com
"Karan Dhoj Paudel","245 Ekantakuna",karan.paudel5191@random.org
"Sompal Dhoj Lamichane","4443 Jawalakhel",sompal.lamichane5192@random.org
"Binod Gopal Malla","6046 Jawalakhel",binod.malla5193@demo.net
"Asif Bhagat Kami","4001 Ratnapark",asif.kami5194@mail.com
"Sompal Krishna Khadka","6156 Chabel",sompal.khadka5195@example.com
"Rohit Bhopal Rajbanshi","6295 Ratnapark",rohit.rajbanshi5196@mail.com
"Sandeep Gopal Seikh","2763 Tinkune",sandeep.seikh5197@mail.com
"Paras Bhagat Khadka","8892 Baneshwor",paras.khadka5198@test.com
"Paras Dev Paudel","1894 Jawalakhel",paras.paudel5199@test.com
"Rohit Bhopal K.C","8312 Sundhara",rohit.k.c5200@mail.com
"Lalit Bir Paudel","833 Baneshwor",lalit.paudel5201@demo.net
"Paras Dev Malla","3098 Ekantakuna",paras.malla5202@test.com
"Sompal Lal K.C","6384 Ekantakuna",sompal.k.c5203@random.org
"Kushal Lal Malla","3803 Tripureshwor",kushal.malla5204@random.org
"Karan Lal Lamichane","3406 Tinkune",karan.lamichane5205@mail.com
"Paras Bhopal Rajbanshi","9539 Gaushala",paras.rajbanshi5206@mail.com
"Sandeep Bhagat Lamichane","9631 New Road",sandeep.lamichane5207@mail.com
"Sandeep Bir Lamichane","1097 Baneshwor",sandeep.lamichane5208@test.com
"Kushal Gopal Bhandari","9785 Tinkune",kushal.bhandari5209@mail.com
"Kushal Gopal Bhandari","2912 Sundhara",kushal.bhandari5210@mail.com
"Kushal Gopal Paudel","6595 Sundhara",kushal.paudel5211@mail.com
"Asif Gopal Paudel","1948 Ratnapark",asif.paudel5212@mail.com
"Sompal Bhopal Bhurtel","9314 New Road",sompal.bhurtel5213@random.org
"Rohit Kumar Lamichane","9646 Baneshwor",rohit.lamichane5214@mail.com
"Karan Krishna Khadka","9930 Sundhara",karan.khadka5215@test.com
"Karan Lal K.C","612 Chabel",karan.k.c5216@mail.com
"Paras Bahadur Rajbanshi","8456 Ratnapark",paras.rajbanshi5217@random.org
"Asif Bahadur Seikh","6520 Tinkune",asif.seikh5218@example.com
"Sandeep Dhoj Bhandari","9495 New Road",sandeep.bhandari5219@mail.com
"Paras Bhagat Khadka","567 Ekantakuna",paras.khadka5220@random.org
"Paras Gopal Lamichane","3183 Sundhara",paras.lamichane5221@mail.com
"Kushal Bahadur Rajbanshi","4811 Tinkune",kushal.rajbanshi5222@mail.com
"Arif Kumar Lamichane","8034 Ekantakuna",arif.lamichane5223@test.com
"Rohit Bir Paudel","3703 Chabel",rohit.paudel5224@random.org
"Rohit Dev Kami","5667 New Road",rohit.kami5225@random.org
"Asif Gopal Bhandari","6218 Ratnapark",asif.bhandari5226@demo.net
"Sandeep Kumar Bhandari","5035 New Road",sandeep.bhandari5227@example.com
"Arif Dhoj Malla","4523 Baneshwor",arif.malla5228@demo.net
"Rohit Kumar Rajbanshi","8119 New Road",rohit.rajbanshi5229@mail.com
"Karan Kumar Seikh","7325 Ekantakuna",karan.seikh5230@example.com
"Sandeep Bahadur Seikh","2588 Chabel",sandeep.seikh5231@test.com
"Asif Bhagat Paudel","293 Chabel",asif.paudel5232@example.com
"Binod Krishna Khadka","4892 Chabel",binod.khadka5233@random.org
"Rohit Bhagat Kami","7476 Ratnapark",rohit.kami5234@test.com
"Binod Krishna Lamichane","1858 Gaushala",binod.lamichane5235@example.com
"Asif Bahadur Seikh","6882 Tripureshwor",asif.seikh5236@example.com
"Asif Dhoj Malla","1330 Ekantakuna",asif.malla5237@demo.net
"Lalit Bhopal Khadka","3254 Tinkune",lalit.khadka5238@demo.net
"Binod Lal Kami","8349 Ratnapark",binod.kami5239@example.com
"Arif Bahadur Lamichane","4934 Sundhara",arif.lamichane5240@example.com
"Sandeep Bir K.C","8853 New Road",sandeep.k.c5241@mail.com
"Lalit Lal Lamichane","4448 Tinkune",lalit.lamichane5242@mail.com
"Rohit Bahadur Kami","8779 Chabel",rohit.kami5243@demo.net
"Karan Krishna Lamichane","3783 Ekantakuna",karan.lamichane5244@example.com
"Binod Dev Bhurtel","420 Tinkune",binod.bhurtel5245@random.org
"Rohit Bhopal Malla","2872 Sundhara",rohit.malla5246@random.org
"Asif Dev Bhandari","4406 Gaushala",asif.bhandari5247@test.com
"Kushal Bhopal Khadka","9247 Ekantakuna",kushal.khadka5248@demo.net
"Arif Bahadur Paudel","9070 Sundhara",arif.paudel5249@example.com
"Arif Bhagat Kami","4814 Gaushala",arif.kami5250@mail.com
"Rohit Bahadur Khadka","6498 Jawalakhel",rohit.khadka5251@example.com
"Kushal Bir Lamichane","3709 Sundhara",kushal.lamichane5252@random.org
"Arif Bhopal Bhandari","258 Jawalakhel",arif.bhandari5253@random.org
"Sandeep Dev Rajbanshi","8876 Ratnapark",sandeep.rajbanshi5254@mail.com
"Karan Dev Seikh","5214 Tinkune",karan.seikh5255@random.org
"Lalit Bhagat Khadka","3418 Ratnapark",lalit.khadka5256@demo.net
"Kushal Bir Paudel","8595 Ratnapark",kushal.paudel5257@example.com
"Sompal Gopal K.C","1870 Tripureshwor",sompal.k.c5258@example.com
"Kushal Gopal Paudel","862 Ekantakuna",kushal.paudel5259@demo.net
"Binod Dhoj Bhurtel","7223 Tripureshwor",binod.bhurtel5260@example.com
"Arif Kumar Bhandari","4888 Tripureshwor",arif.bhandari5261@example.com
"Rohit Dev K.C","6389 Tinkune",rohit.k.c5262@mail.com
"Paras Krishna Khadka","6278 Baneshwor",paras.khadka5263@test.com
"Asif Bhopal Rajbanshi","6207 Gaushala",asif.rajbanshi5264@demo.net
"Kushal Lal Paudel","9484 New Road",kushal.paudel5265@random.org
"Paras Bhagat Khadka","9680 Ekantakuna",paras.khadka5266@mail.com
"Paras Bhopal K.C","1830 Tinkune",paras.k.c5267@mail.com
"Sandeep Lal K.C","813 Ekantakuna",sandeep.k.c5268@test.com
"Asif Lal K.C","4741 Ekantakuna",asif.k.c5269@test.com
"Arif Krishna Kami","679 Tinkune",arif.kami5270@mail.com
"Karan Bahadur K.C","4141 Tripureshwor",karan.k.c5271@mail.com
"Arif Krishna Kami","2119 Tinkune",arif.kami5272@example.com
"Karan Bahadur Seikh","384 Gaushala",karan.seikh5273@example.com
"Sandeep Bhagat Lamichane","8008 Ratnapark",sandeep.lamichane5274@test.com
"Asif Krishna Kami","7459 Jawalakhel",asif.kami5275@random.org
"Asif Bhagat Bhurtel","9901 Chabel",asif.bhurtel5276@example.com
"Rohit Krishna Kami","3023 Ekantakuna",rohit.kami5277@random.org
"Binod Bahadur Seikh","5958 Sundhara",binod.seikh5278@random.org
"Arif Bahadur Rajbanshi","4497 Tripureshwor",arif.rajbanshi5279@random.org
"Lalit Kumar K.C","2070 Ratnapark",lalit.k.c5280@test.com
"Sandeep Bir Rajbanshi","353 Sundhara",sandeep.rajbanshi5281@random.org
"Sandeep Dev K.C","6644 Tripureshwor",sandeep.k.c5282@test.com
"Paras Kumar Khadka","3232 Chabel",paras.khadka5283@random.org
"Karan Dhoj Rajbanshi","924 Ekantakuna",karan.rajbanshi5284@random.org
"Karan Dev Khadka","2284 Tinkune",karan.khadka5285@demo.net
"Lalit Gopal Paudel","8089 Gaushala",lalit.paudel5286@random.org
"Arif Lal Malla","7357 Gaushala",arif.malla5287@random.org
"Sompal Gopal Rajbanshi","4635 New Road",sompal.rajbanshi5288@random.org
"Lalit Gopal Malla","2548 Chabel",lalit.malla5289@demo.net
"Rohit Dhoj Kami","9338 Jawalakhel",rohit.kami5290@demo.net
"Rohit Bahadur Rajbanshi","548 Chabel",rohit.rajbanshi5291@example.com
"Arif Lal Malla","1875 New Road",arif.malla5292@demo.net
"Binod Bir Seikh","9333 Tinkune",binod.seikh5293@test.com
"Paras Bhopal Lamichane","8517 Gaushala",paras.lamichane5294@mail.com
"Arif Lal Rajbanshi","3309 Sundhara",arif.rajbanshi5295@example.com
"Paras Lal Lamichane","9614 Tripureshwor",paras.lamichane5296@example.com
"Paras Gopal Bhandari","9684 New Road",paras.bhandari5297@mail.com
"Rohit Krishna Malla","4116 Ekantakuna",rohit.malla5298@example.com
"Sandeep Bahadur Bhandari","2847 New Road",sandeep.bhandari5299@random.org
"Lalit Gopal Bhandari","5262 Gaushala",lalit.bhandari5300@mail.com
"Arif Krishna Khadka","5402 Sundhara",arif.khadka5301@example.com
"Binod Bahadur K.C","4889 New Road",binod.k.c5302@random.org
"Sandeep Krishna K.C","1833 New Road",sandeep.k.c5303@random.org
"Rohit Bahadur Malla","8426 Jawalakhel",rohit.malla5304@demo.net
"Rohit Lal K.C","6107 Jawalakhel",rohit.k.c5305@demo.net
"Arif Bhopal Paudel","939 Sundhara",arif.paudel5306@mail.com
"Karan Dev Malla","6891 Sundhara",karan.malla5307@mail.com
"Arif Gopal Kami","7432 Chabel",arif.kami5308@example.com
"Sandeep Bahadur Lamichane","7952 Tinkune",sandeep.lamichane5309@mail.com
"Binod Bir Malla","7661 Tinkune",binod.malla5310@mail.com
"Karan Bahadur Bhurtel","9773 Baneshwor",karan.bhurtel5311@test.com
"Sompal Dev Bhurtel","5831 New Road",sompal.bhurtel5312@example.com
"Arif Krishna Seikh","3195 Baneshwor",arif.seikh5313@mail.com
"Arif Bhagat Lamichane","8112 Tripureshwor",arif.lamichane5314@example.com
"Asif Gopal Lamichane","261 Tripureshwor",asif.lamichane5315@example.com
"Asif Bhagat K.C","6430 Jawalakhel",asif.k.c5316@random.org
"Kushal Dhoj Malla","8329 Chabel",kushal.malla5317@test.com
"Arif Kumar Paudel","3393 Ekantakuna",arif.paudel5318@example.com
"Arif Bir Malla","4774 Tinkune",arif.malla5319@test.com
"Lalit Lal Seikh","7249 Jawalakhel",lalit.seikh5320@random.org
"Sandeep Dev Malla","9213 Baneshwor",sandeep.malla5321@mail.com
"Rohit Dev Rajbanshi","5406 Ekantakuna",rohit.rajbanshi5322@example.com
"Asif Dhoj Paudel","4570 Baneshwor",asif.paudel5323@random.org
"Karan Lal Malla","6783 Sundhara",karan.malla5324@random.org
"Sandeep Bahadur Bhandari","3200 Ratnapark",sandeep.bhandari5325@test.com
"Arif Bahadur Malla","5167 Gaushala",arif.malla5326@example.com
"Sompal Dev Lamichane","4528 Sundhara",sompal.lamichane5327@demo.net
"Karan Bir Kami","1418 Jawalakhel",karan.kami5328@example.com
"Sompal Bir Bhurtel","6537 Tinkune",sompal.bhurtel5329@mail.com
"Lalit Kumar Seikh","2089 Tripureshwor",lalit.seikh5330@random.org
"Karan Dhoj Bhurtel","7956 Tripureshwor",karan.bhurtel5331@demo.net
"Karan Lal Kami","8902 New Road",karan.kami5332@demo.net
"Karan Bhagat Seikh","7302 Baneshwor",karan.seikh5333@random.org
"Rohit Bhagat Malla","2650 New Road",rohit.malla5334@test.com
"Karan Lal Bhandari","373 New Road",karan.bhandari5335@mail.com
"Karan Dhoj Khadka","8344 Chabel",karan.khadka5336@random.org
"Binod Bir Kami","6035 Gaushala",binod.kami5337@test.com
"Paras Gopal Paudel","3949 Sundhara",paras.paudel5338@random.org
"Sandeep Kumar Seikh","1259 Chabel",sandeep.seikh5339@mail.com
"Arif Bir K.C","1215 Ratnapark",arif.k.c5340@random.org
"Binod Kumar Lamichane","4612 Gaushala",binod.lamichane5341@example.com
"Sompal Bir Paudel","4873 Ekantakuna",sompal.paudel5342@test.com
"Kushal Bir Kami","3879 Baneshwor",kushal.kami5343@random.org
"Sompal Kumar Bhurtel","2678 Tripureshwor",sompal.bhurtel5344@demo.net
"Arif Krishna Malla","6649 Sundhara",arif.malla5345@demo.net
"Binod Bhopal Lamichane","4919 Jawalakhel",binod.lamichane5346@mail.com
"Sandeep Dhoj Lamichane","2017 Tinkune",sandeep.lamichane5347@example.com
"Sandeep Bir Bhandari","2148 Baneshwor",sandeep.bhandari5348@example.com
"Arif Dev Kami","1475 New Road",arif.kami5349@mail.com
"Rohit Kumar K.C","4925 Baneshwor",rohit.k.c5350@mail.com
"Kushal Bir Malla","9878 Jawalakhel",kushal.malla5351@mail.com
"Asif Lal Bhandari","9209 Ratnapark",asif.bhandari5352@demo.net
"Lalit Lal K.C","8300 Chabel",lalit.k.c5353@random.org
"Lalit Bahadur Bhurtel","4105 Gaushala",lalit.bhurtel5354@random.org
"Karan Lal Kami","5142 Tripureshwor",karan.kami5355@test.com
"Rohit Bhagat K.C","7282 Jawalakhel",rohit.k.c5356@random.org
"Asif Bahadur Bhurtel","3421 Tripureshwor",asif.bhurtel5357@example.com
"Arif Dhoj Khadka","8452 Ratnapark",arif.khadka5358@example.com
"Kushal Bhopal Bhandari","3609 Tripureshwor",kushal.bhandari5359@test.com
"Karan Kumar Khadka","9837 New Road",karan.khadka5360@random.org
"Karan Kumar Paudel","3854 Gaushala",karan.paudel5361@mail.com
"Lalit Bhopal Malla","2514 Jawalakhel",lalit.malla5362@example.com
"Karan Bahadur Malla","3626 Tripureshwor",karan.malla5363@example.com
"Binod Lal Seikh","1135 Sundhara",binod.seikh5364@test.com
"Sandeep Gopal Lamichane","5703 Ekantakuna",sandeep.lamichane5365@test.com
"Sandeep Lal Lamichane","782 Ekantakuna",sandeep.lamichane5366@random.org
"Karan Dhoj Bhandari","1790 Tripureshwor",karan.bhandari5367@random.org
"Arif Bahadur K.C","4251 Ratnapark",arif.k.c5368@example.com
"Lalit Lal Kami","2297 Ekantakuna",lalit.kami5369@demo.net
"Binod Bhagat Paudel","6201 Ekantakuna",binod.paudel5370@mail.com
"Sandeep Krishna Bhurtel","7171 Sundhara",sandeep.bhurtel5371@example.com
"Karan Kumar Rajbanshi","8438 Jawalakhel",karan.rajbanshi5372@demo.net
"Arif Dhoj Khadka","8599 Jawalakhel",arif.khadka5373@test.com
"Kushal Bahadur Malla","5215 Tinkune",kushal.malla5374@test.com
"Sompal Dhoj Seikh","5952 Ratnapark",sompal.seikh5375@example.com
"Rohit Dhoj Khadka","2853 Jawalakhel",rohit.khadka5376@test.com
"Rohit Bahadur Lamichane","5203 Gaushala",rohit.lamichane5377@demo.net
"Paras Krishna Lamichane","5479 Gaushala",paras.lamichane5378@test.com
"Paras Krishna Rajbanshi","7667 Tripureshwor",paras.rajbanshi5379@random.org
"Asif Bir Lamichane","6085 Tripureshwor",asif.lamichane5380@test.com
"Lalit Gopal Lamichane","8684 Baneshwor",lalit.lamichane5381@test.com
"Lalit Krishna Rajbanshi","1620 Baneshwor",lalit.rajbanshi5382@demo.net
"Lalit Bhopal Malla","2004 Gaushala",lalit.malla5383@random.org
"Lalit Bir Khadka","7061 Jawalakhel",lalit.khadka5384@mail.com
"Binod Bahadur K.C","7256 Sundhara",binod.k.c5385@demo.net
"Sandeep Kumar Seikh","5691 Tinkune",sandeep.seikh5386@random.org
"Paras Bahadur Bhurtel","5965 Chabel",paras.bhurtel5387@random.org
"Arif Bir Kami","8462 Tinkune",arif.kami5388@demo.net
"Rohit Bhopal Khadka","9073 Ratnapark",rohit.khadka5389@random.org
"Sompal Dhoj Seikh","2351 Chabel",sompal.seikh5390@demo.net
"Kushal Dev Malla","9798 Gaushala",kushal.malla5391@random.org
"Kushal Bhopal K.C","2296 Jawalakhel",kushal.k.c5392@random.org
"Karan Krishna K.C","1480 Sundhara",karan.k.c5393@demo.net
"Paras Dhoj Paudel","5604 Ekantakuna",paras.paudel5394@random.org
"Kushal Bhagat Lamichane","557 Ratnapark",kushal.lamichane5395@random.org
"Sandeep Bir Seikh","1834 Jawalakhel",sandeep.seikh5396@test.com
"Karan Bhopal Lamichane","3130 Gaushala",karan.lamichane5397@example.com
"Karan Bhagat Bhurtel","3061 Gaushala",karan.bhurtel5398@mail.com
"Asif Gopal Khadka","5401 Ratnapark",asif.khadka5399@example.com
"Rohit Bahadur Kami","2145 Sundhara",rohit.kami5400@test.com
"Rohit Krishna Rajbanshi","4738 Ekantakuna",rohit.rajbanshi5401@example.com
"Binod Bahadur Khadka","7079 Gaushala",binod.khadka5402@random.org
"Karan Gopal Rajbanshi","2696 Jawalakhel",karan.rajbanshi5403@mail.com
"Asif Kumar Rajbanshi","4846 Tinkune",asif.rajbanshi5404@mail.com
"Lalit Gopal Malla","4355 New Road",lalit.malla5405@random.org
"Lalit Lal K.C","7066 Sundhara",lalit.k.c5406@mail.com
"Sandeep Lal Seikh","5631 Chabel",sandeep.seikh5407@example.com
"Asif Dev Bhandari","6109 Ekantakuna",asif.bhandari5408@demo.net
"Sandeep Bhagat Khadka","6274 Gaushala",sandeep.khadka5409@test.com
"Arif Dev Bhandari","1210 Jawalakhel",arif.bhandari5410@example.com
"Arif Bir K.C","7699 New Road",arif.k.c5411@mail.com
"Asif Dev Lamichane","220 Baneshwor",asif.lamichane5412@test.com
"Binod Krishna Malla","9749 Chabel",binod.malla5413@mail.com
"Sompal Bir Malla","3904 Gaushala",sompal.malla5414@demo.net
"Sompal Bhagat Seikh","1400 Tinkune",sompal.seikh5415@example.com
"Paras Krishna Lamichane","3507 Chabel",paras.lamichane5416@mail.com
"Arif Dhoj K.C","7490 New Road",arif.k.c5417@test.com
"Sandeep Krishna Seikh","9689 Gaushala",sandeep.seikh5418@mail.com
"Karan Gopal Bhandari","8095 Sundhara",karan.bhandari5419@mail.com
"Karan Bhagat K.C","8530 Ekantakuna",karan.k.c5420@test.com
"Arif Gopal Khadka","3382 Jawalakhel",arif.khadka5421@test.com
"Arif Bhopal Paudel","9398 Tinkune",arif.paudel5422@example.com
"Karan Bir Khadka","6988 Tinkune",karan.khadka5423@example.com
"Asif Dev Kami","5750 Tinkune",asif.kami5424@mail.com
"Kushal Kumar Khadka","6285 Baneshwor",kushal.khadka5425@mail.com
"Asif Lal Bhurtel","3348 Jawalakhel",asif.bhurtel5426@random.org
"Lalit Kumar Kami","5675 Jawalakhel",lalit.kami5427@example.com
"Rohit Lal K.C","3940 Ratnapark",rohit.k.c5428@example.com
"Asif Dev Kami","4015 Ratnapark",asif.kami5429@mail.com
"Binod Dhoj Bhandari","9836 Tinkune",binod.bhandari5430@mail.com
"Rohit Dhoj Malla","7397 Ekantakuna",rohit.malla5431@test.com
"Kushal Krishna Khadka","8974 Sundhara",kushal.khadka5432@demo.net
"Sandeep Dhoj Lamichane","3068 Gaushala",sandeep.lamichane5433@demo.net
"Arif Dev Rajbanshi","571 Tinkune",arif.rajbanshi5434@test.com
"Sompal Lal Lamichane","2615 Ratnapark",sompal.lamichane5435@mail.com
"Paras Dhoj Kami","5321 Jawalakhel",paras.kami5436@random.org
"Arif Bahadur Lamichane","6318 Ekantakuna",arif.lamichane5437@demo.net
"Rohit Bahadur Kami","7535 New Road",rohit.kami5438@mail.com
"Lalit Kumar Paudel","9069 Ratnapark",lalit.paudel5439@mail.com
"Sandeep Bhagat Malla","3518 Gaushala",sandeep.malla5440@random.org
"Sompal Bhagat K.C","4611 Ekantakuna",sompal.k.c5441@demo.net
"Sandeep Dhoj Malla","2922 Tinkune",sandeep.malla5442@example.com
"Arif Bahadur Seikh","3500 Tripureshwor",arif.seikh5443@test.com
"Sandeep Lal Malla","2875 Ekantakuna",sandeep.malla5444@test.com
"Binod Bir Bhurtel","1237 Baneshwor",binod.bhurtel5445@mail.com
"Arif Bhagat Bhandari","2801 Tripureshwor",arif.bhandari5446@mail.com
"Sandeep Kumar Bhandari","4560 Gaushala",sandeep.bhandari5447@random.org
"Asif Bahadur Lamichane","5830 Tinkune",asif.lamichane5448@example.com
"Sompal Bhagat Bhandari","4780 Ekantakuna",sompal.bhandari5449@example.com
"Sompal Bir Lamichane","6196 Gaushala",sompal.lamichane5450@demo.net
"Sompal Bir Paudel","1019 New Road",sompal.paudel5451@mail.com
"Kushal Kumar Seikh","8419 Tripureshwor",kushal.seikh5452@mail.com
"Paras Kumar Bhurtel","813 Chabel",paras.bhurtel5453@demo.net
"Sompal Dev Malla","7298 Tripureshwor",sompal.malla5454@random.org
"Binod Kumar Khadka","3601 Sundhara",binod.khadka5455@demo.net
"Paras Dhoj K.C","5708 Tinkune",paras.k.c5456@example.com
"Asif Bhagat Lamichane","4058 Baneshwor",asif.lamichane5457@demo.net
"Binod Gopal Kami","1026 Tinkune",binod.kami5458@mail.com
"Sandeep Gopal Kami","4309 Jawalakhel",sandeep.kami5459@test.com
"Kushal Dhoj Bhurtel","6598 Tripureshwor",kushal.bhurtel5460@demo.net
"Karan Dev Lamichane","4494 Sundhara",karan.lamichane5461@random.org
"Sompal Bhopal Bhurtel","9368 Ratnapark",sompal.bhurtel5462@demo.net
"Lalit Bir Khadka","8954 New Road",lalit.khadka5463@test.com
"Karan Gopal Khadka","4356 Tinkune",karan.khadka5464@demo.net
"Paras Gopal Bhandari","9613 Jawalakhel",paras.bhandari5465@random.org
"Binod Bhopal Paudel","1918 Sundhara",binod.paudel5466@test.com
"Lalit Bahadur Kami","4860 Ekantakuna",lalit.kami5467@mail.com
"Rohit Dev Khadka","3380 Tinkune",rohit.khadka5468@test.com
"Kushal Kumar Paudel","9618 Tripureshwor",kushal.paudel5469@demo.net
"Lalit Kumar K.C","3627 Baneshwor",lalit.k.c5470@test.com
"Karan Bhagat K.C","2392 Ekantakuna",karan.k.c5471@example.com
"Arif Bahadur Malla","7234 Ratnapark",arif.malla5472@mail.com
"Asif Kumar Rajbanshi","6944 Jawalakhel",asif.rajbanshi5473@test.com
"Sandeep Bhopal Bhurtel","8665 Baneshwor",sandeep.bhurtel5474@test.com
"Kushal Bahadur Malla","9503 Ekantakuna",kushal.malla5475@random.org
"Paras Dev Malla","134 Jawalakhel",paras.malla5476@mail.com
"Lalit Gopal K.C","2843 Baneshwor",lalit.k.c5477@mail.com
"Asif Lal Kami","2076 Tripureshwor",asif.kami5478@demo.net
"Lalit Bir Kami","3878 Gaushala",lalit.kami5479@example.com
"Sandeep Bir Bhandari","826 Sundhara",sandeep.bhandari5480@demo.net
"Binod Bahadur Lamichane","6853 New Road",binod.lamichane5481@random.org
"Sandeep Kumar Malla","4073 Chabel",sandeep.malla5482@example.com
"Paras Bir Bhandari","1053 Chabel",paras.bhandari5483@test.com
"Sandeep Bir Paudel","879 Tinkune",sandeep.paudel5484@example.com
"Rohit Krishna Khadka","5057 Tripureshwor",rohit.khadka5485@example.com
"Paras Bir K.C","4084 Tripureshwor",paras.k.c5486@mail.com
"Kushal Kumar Malla","3376 Sundhara",kushal.malla5487@test.com
"Rohit Bhagat Rajbanshi","6662 Baneshwor",rohit.rajbanshi5488@example.com
"Paras Krishna Lamichane","8738 Ekantakuna",paras.lamichane5489@demo.net
"Sandeep Gopal Paudel","749 Ekantakuna",sandeep.paudel5490@test.com
"Sompal Dev K.C","195 Ekantakuna",sompal.k.c5491@demo.net
"Arif Gopal Bhandari","6262 Tinkune",arif.bhandari5492@random.org
"Sompal Bhagat Malla","5159 Sundhara",sompal.malla5493@example.com
"Kushal Gopal Paudel","2416 Gaushala",kushal.paudel5494@test.com
"Rohit Dev Bhandari","4799 Sundhara",rohit.bhandari5495@demo.net
"Binod Krishna Malla","6286 Ratnapark",binod.malla5496@example.com
"Kushal Dhoj Khadka","8288 Jawalakhel",kushal.khadka5497@demo.net
"Paras Dev Paudel","2722 Tripureshwor",paras.paudel5498@demo.net
"Lalit Dhoj K.C","9542 Ratnapark",lalit.k.c5499@mail.com
"Arif Lal Malla","9041 Ratnapark",arif.malla5500@demo.net
"Asif Bir Malla","5127 Tinkune",asif.malla5501@random.org
"Binod Lal K.C","4952 Ekantakuna",binod.k.c5502@mail.com
"Kushal Bir Bhandari","4889 Ratnapark",kushal.bhandari5503@random.org
"Lalit Bahadur Bhandari","6857 Ekantakuna",lalit.bhandari5504@demo.net
"Arif Bhopal Malla","8244 Ratnapark",arif.malla5505@demo.net
"Asif Krishna Kami","8010 New Road",asif.kami5506@test.com
"Arif Gopal Seikh","9013 Ratnapark",arif.seikh5507@random.org
"Paras Bhopal Bhandari","3861 Sundhara",paras.bhandari5508@mail.com
"Paras Dev Lamichane","6915 Tinkune",paras.lamichane5509@demo.net
"Paras Dhoj Lamichane","8960 Tinkune",paras.lamichane5510@demo.net
"Sandeep Dev K.C","3675 Tinkune",sandeep.k.c5511@random.org
"Binod Kumar Malla","4286 Chabel",binod.malla5512@test.com
"Rohit Bhagat Malla","8221 Sundhara",rohit.malla5513@random.org
"Arif Krishna Kami","4670 Chabel",arif.kami5514@demo.net
"Asif Bir Bhurtel","9261 Tinkune",asif.bhurtel5515@test.com
"Sompal Lal Khadka","4125 Jawalakhel",sompal.khadka5516@random.org
"Arif Lal Bhurtel","5220 Gaushala",arif.bhurtel5517@demo.net
"Karan Gopal Khadka","1525 Tinkune",karan.khadka5518@demo.net
"Karan Kumar Rajbanshi","4837 Jawalakhel",karan.rajbanshi5519@test.com
"Asif Bir Malla","358 Baneshwor",asif.malla5520@random.org
"Paras Bhagat Kami","6288 Ratnapark",paras.kami5521@test.com
"Arif Lal Bhurtel","4517 Ekantakuna",arif.bhurtel5522@example.com
"Kushal Kumar Seikh","8773 Sundhara",kushal.seikh5523@mail.com
"Kushal Dev Rajbanshi","7048 New Road",kushal.rajbanshi5524@random.org
"Rohit Gopal Bhurtel","8114 New Road",rohit.bhurtel5525@demo.net
"Paras Bhagat Bhurtel","1874 Sundhara",paras.bhurtel5526@random.org
"Lalit Dhoj Seikh","6461 Chabel",lalit.seikh5527@example.com
"Paras Kumar K.C","4622 Chabel",paras.k.c5528@random.org
"Sompal Bhopal Kami","7118 Baneshwor",sompal.kami5529@test.com
"Karan Gopal Bhurtel","3046 Gaushala",karan.bhurtel5530@mail.com
"Paras Dev Kami","2627 Jawalakhel",paras.kami5531@test.com
"Arif Krishna Paudel","7572 Ratnapark",arif.paudel5532@random.org
"Paras Bahadur Khadka","2040 Jawalakhel",paras.khadka5533@test.com
"Paras Bir Kami","5705 Tripureshwor",paras.kami5534@mail.com
"Sandeep Bhagat Bhurtel","9470 Jawalakhel",sandeep.bhurtel5535@demo.net
"Rohit Lal Seikh","9715 Gaushala",rohit.seikh5536@mail.com
"Sandeep Bir Bhurtel","9947 Chabel",sandeep.bhurtel5537@mail.com
"Kushal Bhagat K.C","2611 Jawalakhel",kushal.k.c5538@random.org
"Binod Kumar Khadka","5527 Jawalakhel",binod.khadka5539@example.com
"Arif Kumar Paudel","7609 Tinkune",arif.paudel5540@demo.net
"Sompal Bir Bhandari","6958 Jawalakhel",sompal.bhandari5541@random.org
"Sompal Dhoj Malla","239 Ratnapark",sompal.malla5542@test.com
"Karan Bhopal Paudel","8968 Sundhara",karan.paudel5543@example.com
"Kushal Krishna Khadka","7449 Sundhara",kushal.khadka5544@test.com
"Rohit Kumar Khadka","9462 Baneshwor",rohit.khadka5545@demo.net
"Sandeep Dhoj Paudel","9989 Tinkune",sandeep.paudel5546@demo.net
"Asif Bhopal Malla","9841 Ekantakuna",asif.malla5547@test.com
"Asif Bhopal Paudel","2679 Jawalakhel",asif.paudel5548@mail.com
"Binod Kumar Khadka","3723 Tinkune",binod.khadka5549@mail.com
"Karan Bahadur Bhurtel","8242 Jawalakhel",karan.bhurtel5550@example.com
"Asif Kumar K.C","9452 Ratnapark",asif.k.c5551@mail.com
"Kushal Dhoj Paudel","2008 Tripureshwor",kushal.paudel5552@test.com
"Binod Bhopal K.C","428 Chabel",binod.k.c5553@demo.net
"Binod Bhagat Bhandari","125 Tinkune",binod.bhandari5554@demo.net
"Lalit Kumar Khadka","5139 Gaushala",lalit.khadka5555@random.org
"Lalit Dhoj Seikh","5107 Tripureshwor",lalit.seikh5556@demo.net
"Kushal Bhagat Malla","6961 Tinkune",kushal.malla5557@example.com
"Binod Bahadur Seikh","7130 Chabel",binod.seikh5558@mail.com
"Lalit Bhagat Malla","9159 New Road",lalit.malla5559@test.com
"Binod Dev Malla","2034 Jawalakhel",binod.malla5560@random.org
"Asif Krishna Seikh","4106 Chabel",asif.seikh5561@random.org
"Asif Lal Malla","1847 Ekantakuna",asif.malla5562@random.org
"Kushal Bahadur Khadka","223 New Road",kushal.khadka5563@demo.net
"Asif Bhagat Seikh","4009 Baneshwor",asif.seikh5564@test.com
"Kushal Bhopal Malla","3062 Chabel",kushal.malla5565@test.com
"Sompal Bir Rajbanshi","5208 Tinkune",sompal.rajbanshi5566@demo.net
"Rohit Bhopal Paudel","1561 Sundhara",rohit.paudel5567@random.org
"Binod Krishna Paudel","451 Ekantakuna",binod.paudel5568@test.com
"Paras Bhopal Seikh","4449 New Road",paras.seikh5569@demo.net
"Lalit Lal Kami","6836 Ekantakuna",lalit.kami5570@demo.net
"Karan Bhopal Bhurtel","5843 Baneshwor",karan.bhurtel5571@test.com
"Sompal Gopal Bhurtel","7141 Gaushala",sompal.bhurtel5572@example.com
"Karan Dev Malla","3316 New Road",karan.malla5573@mail.com
"Paras Dev Seikh","6953 Ratnapark",paras.seikh5574@mail.com
"Arif Bahadur Bhandari","796 Jawalakhel",arif.bhandari5575@test.com
"Rohit Kumar Paudel","2339 Baneshwor",rohit.paudel5576@example.com
"Karan Bhopal Bhandari","1398 Tinkune",karan.bhandari5577@example.com
"Binod Krishna Rajbanshi","5929 Ratnapark",binod.rajbanshi5578@demo.net
"Paras Bhagat Bhurtel","9385 Sundhara",paras.bhurtel5579@demo.net
"Lalit Bhagat Lamichane","4641 Jawalakhel",lalit.lamichane5580@demo.net
"Kushal Lal Bhurtel","726 Ratnapark",kushal.bhurtel5581@mail.com
"Kushal Kumar K.C","2769 Tripureshwor",kushal.k.c5582@example.com
"Rohit Bir K.C","7016 Chabel",rohit.k.c5583@example.com
"Sompal Bir Seikh","7863 Chabel",sompal.seikh5584@test.com
"Rohit Bahadur Seikh","8766 Ekantakuna",rohit.seikh5585@mail.com
"Sandeep Dhoj Khadka","5291 Gaushala",sandeep.khadka5586@demo.net
"Lalit Bahadur Rajbanshi","8738 Chabel",lalit.rajbanshi5587@random.org
"Arif Kumar Malla","6192 Ekantakuna",arif.malla5588@example.com
"Rohit Lal Bhandari","3464 Jawalakhel",rohit.bhandari5589@demo.net
"Sompal Kumar Kami","2185 Tinkune",sompal.kami5590@random.org
"Paras Dhoj Malla","1593 New Road",paras.malla5591@test.com
"Karan Gopal Lamichane","1585 Baneshwor",karan.lamichane5592@mail.com
"Sompal Dhoj Seikh","7865 Tripureshwor",sompal.seikh5593@mail.com
"Asif Bhopal Lamichane","6466 Gaushala",asif.lamichane5594@example.com
"Rohit Dev K.C","1169 Tripureshwor",rohit.k.c5595@mail.com
"Sompal Dev Kami","7193 Sundhara",sompal.kami5596@mail.com
"Asif Bhopal Khadka","8047 Jawalakhel",asif.khadka5597@random.org
"Sompal Dhoj Khadka","1489 New Road",sompal.khadka5598@example.com
"Asif Gopal Bhurtel","6675 Ekantakuna",asif.bhurtel5599@test.com
"Binod Dhoj Malla","9790 Ekantakuna",binod.malla5600@mail.com
"Sompal Bhagat Malla","5524 Tripureshwor",sompal.malla5601@test.com
"Sandeep Bir Rajbanshi","6050 Chabel",sandeep.rajbanshi5602@mail.com
"Rohit Kumar Lamichane","3898 Ratnapark",rohit.lamichane5603@demo.net
"Binod Dev Paudel","9272 Ratnapark",binod.paudel5604@mail.com
"Lalit Dev Bhurtel","3069 Ratnapark",lalit.bhurtel5605@demo.net
"Paras Bhagat Seikh","1865 Tripureshwor",paras.seikh5606@test.com
"Karan Kumar Malla","3893 Ratnapark",karan.malla5607@example.com
"Sompal Bir Lamichane","4708 Ratnapark",sompal.lamichane5608@mail.com
"Karan Bahadur Lamichane","6789 Ekantakuna",karan.lamichane5609@demo.net
"Sompal Kumar Rajbanshi","7161 Sundhara",sompal.rajbanshi5610@test.com
"Sandeep Dhoj Kami","4100 Tripureshwor",sandeep.kami5611@demo.net
"Lalit Bahadur Rajbanshi","1436 Ratnapark",lalit.rajbanshi5612@random.org
"Binod Gopal Bhurtel","921 Sundhara",binod.bhurtel5613@demo.net
"Kushal Bhagat Paudel","4327 Tripureshwor",kushal.paudel5614@demo.net
"Sompal Gopal Bhurtel","2628 Tinkune",sompal.bhurtel5615@test.com
"Kushal Krishna Kami","8823 Chabel",kushal.kami5616@test.com
"Arif Bhagat Rajbanshi","7624 Ratnapark",arif.rajbanshi5617@example.com
"Karan Krishna K.C","263 Ekantakuna",karan.k.c5618@example.com
"Sandeep Bhagat Malla","5968 Tinkune",sandeep.malla5619@example.com
"Binod Bhopal Kami","5079 Sundhara",binod.kami5620@example.com
"Kushal Dhoj Paudel","7837 Tinkune",kushal.paudel5621@test.com
"Sandeep Dhoj K.C","3925 New Road",sandeep.k.c5622@test.com
"Karan Krishna K.C","3686 Tinkune",karan.k.c5623@random.org
"Kushal Gopal Seikh","9985 Chabel",kushal.seikh5624@random.org
"Binod Bahadur Lamichane","5526 Ekantakuna",binod.lamichane5625@mail.com
"Asif Gopal Lamichane","9083 Ratnapark",asif.lamichane5626@mail.com
"Karan Krishna Bhandari","9695 Tinkune",karan.bhandari5627@demo.net
"Asif Dhoj Kami","2585 Sundhara",asif.kami5628@test.com
"Arif Kumar K.C","8382 Baneshwor",arif.k.c5629@test.com
"Rohit Gopal Malla","664 Ekantakuna",rohit.malla5630@example.com
"Binod Bhagat Kami","8506 Jawalakhel",binod.kami5631@demo.net
"Paras Dhoj Khadka","5702 Chabel",paras.khadka5632@example.com
"Lalit Krishna Rajbanshi","1062 Baneshwor",lalit.rajbanshi5633@random.org
"Arif Bir Paudel","2494 Chabel",arif.paudel5634@demo.net
"Paras Dev Khadka","3799 Baneshwor",paras.khadka5635@test.com
"Arif Bhopal Bhurtel","3099 Jawalakhel",arif.bhurtel5636@demo.net
"Arif Bhopal Khadka","9038 Tinkune",arif.khadka5637@random.org
"Kushal Bhagat Paudel","5957 Baneshwor",kushal.paudel5638@mail.com
"Sompal Dev Seikh","263 New Road",sompal.seikh5639@random.org
"Asif Bir Bhurtel","5410 Baneshwor",asif.bhurtel5640@demo.net
"Sandeep Gopal Paudel","1825 Tinkune",sandeep.paudel5641@example.com
"Rohit Lal Khadka","3528 Chabel",rohit.khadka5642@example.com
"Paras Bahadur Paudel","7927 Chabel",paras.paudel5643@mail.com
"Karan Bhagat Bhandari","4440 Jawalakhel",karan.bhandari5644@demo.net
"Binod Dhoj Lamichane","2012 Tinkune",binod.lamichane5645@demo.net
"Asif Gopal Bhurtel","7353 Tripureshwor",asif.bhurtel5646@test.com
"Asif Gopal K.C","6887 Sundhara",asif.k.c5647@demo.net
"Karan Kumar Bhandari","1729 Tripureshwor",karan.bhandari5648@test.com
"Rohit Bahadur Malla","6944 Jawalakhel",rohit.malla5649@test.com
"Arif Dhoj Paudel","7540 Ratnapark",arif.paudel5650@demo.net
"Lalit Gopal K.C","9810 Tinkune",lalit.k.c5651@random.org
"Karan Bhopal Bhurtel","2295 Gaushala",karan.bhurtel5652@random.org
"Paras Bhagat Bhandari","9892 Gaushala",paras.bhandari5653@demo.net
"Asif Dev Seikh","9453 Ekantakuna",asif.seikh5654@demo.net
"Rohit Bhopal Paudel","8030 Tripureshwor",rohit.paudel5655@random.org
"Rohit Dev Seikh","9850 Tinkune",rohit.seikh5656@random.org
"Rohit Bahadur Rajbanshi","8875 Sundhara",rohit.rajbanshi5657@random.org
"Sandeep Lal Paudel","2480 Ekantakuna",sandeep.paudel5658@example.com
"Rohit Bir Lamichane","1399 Baneshwor",rohit.lamichane5659@demo.net
"Lalit Dhoj Bhurtel","7962 New Road",lalit.bhurtel5660@test.com
"Kushal Dhoj Bhurtel","9722 Chabel",kushal.bhurtel5661@demo.net
"Sompal Bir Seikh","1981 Gaushala",sompal.seikh5662@mail.com
"Kushal Dev Malla","4113 Tinkune",kushal.malla5663@random.org
"Sandeep Gopal Rajbanshi","1670 Sundhara",sandeep.rajbanshi5664@example.com
"Karan Gopal Lamichane","1179 Baneshwor",karan.lamichane5665@demo.net
"Binod Gopal K.C","5051 Chabel",binod.k.c5666@mail.com
"Kushal Bahadur Rajbanshi","5982 Ratnapark",kushal.rajbanshi5667@mail.com
"Karan Bir Kami","1218 Gaushala",karan.kami5668@mail.com
"Asif Kumar Malla","1191 New Road",asif.malla5669@example.com
"Lalit Bahadur Bhurtel","987 Baneshwor",lalit.bhurtel5670@demo.net
"Binod Dhoj Bhurtel","443 New Road",binod.bhurtel5671@example.com
"Lalit Bhopal Seikh","5040 Sundhara",lalit.seikh5672@random.org
"Karan Lal Malla","1727 Tripureshwor",karan.malla5673@mail.com
"Sompal Dhoj Khadka","5877 Ekantakuna",sompal.khadka5674@demo.net
"Rohit Bhopal Rajbanshi","5282 Gaushala",rohit.rajbanshi5675@example.com
"Rohit Bir Khadka","5784 Baneshwor",rohit.khadka5676@example.com
"Arif Bir Lamichane","7850 Tinkune",arif.lamichane5677@example.com
"Sandeep Lal Bhandari","9187 Ratnapark",sandeep.bhandari5678@mail.com
"Rohit Bhagat K.C","5087 Chabel",rohit.k.c5679@demo.net
"Lalit Krishna Malla","7097 Gaushala",lalit.malla5680@example.com
"Binod Bahadur Bhandari","5555 Ekantakuna",binod.bhandari5681@mail.com
"Sompal Gopal Malla","5317 Sundhara",sompal.malla5682@test.com
"Asif Bahadur Seikh","3222 Jawalakhel",asif.seikh5683@random.org
"Lalit Bir Khadka","9913 Ekantakuna",lalit.khadka5684@random.org
"Sompal Gopal Bhandari","5495 Jawalakhel",sompal.bhandari5685@example.com
"Sandeep Gopal Kami","2274 Tripureshwor",sandeep.kami5686@example.com
"Rohit Lal Malla","5959 Chabel",rohit.malla5687@mail.com
"Karan Krishna Lamichane","2325 Tripureshwor",karan.lamichane5688@mail.com
"Kushal Kumar Bhandari","8784 Sundhara",kushal.bhandari5689@test.com
"Rohit Bhagat Paudel","7729 Gaushala",rohit.paudel5690@test.com
"Paras Gopal K.C","6704 Tripureshwor",paras.k.c5691@random.org
"Sompal Kumar K.C","9032 Tinkune",sompal.k.c5692@random.org
"Karan Dev Paudel","6778 Ekantakuna",karan.paudel5693@mail.com
"Paras Bir K.C","7530 Ekantakuna",paras.k.c5694@test.com
"Sandeep Bir Seikh","6150 Sundhara",sandeep.seikh5695@mail.com
"Sompal Gopal Rajbanshi","480 Sundhara",sompal.rajbanshi5696@mail.com
"Paras Krishna Bhandari","9379 Jawalakhel",paras.bhandari5697@test.com
"Karan Bahadur Lamichane","8259 Baneshwor",karan.lamichane5698@demo.net
"Rohit Bir Malla","375 Ekantakuna",rohit.malla5699@example.com
"Paras Lal Lamichane","5181 Ratnapark",paras.lamichane5700@random.org
"Karan Kumar Rajbanshi","1660 Jawalakhel",karan.rajbanshi5701@example.com
"Rohit Bir Kami","2546 Jawalakhel",rohit.kami5702@test.com
"Paras Gopal Kami","2885 Chabel",paras.kami5703@demo.net
"Sompal Bahadur Rajbanshi","8646 Baneshwor",sompal.rajbanshi5704@mail.com
"Paras Lal Bhandari","683 Tinkune",paras.bhandari5705@test.com
"Sandeep Bhagat Kami","4625 Chabel",sandeep.kami5706@example.com
"Arif Lal Malla","1814 Jawalakhel",arif.malla5707@test.com
"Asif Bahadur Khadka","5203 Gaushala",asif.khadka5708@mail.com
"Lalit Dev Seikh","516 Tinkune",lalit.seikh5709@mail.com
"Arif Bhopal Rajbanshi","9650 New Road",arif.rajbanshi5710@mail.com
"Kushal Bhopal Khadka","317 Tripureshwor",kushal.khadka5711@mail.com
"Sandeep Bir Seikh","1704 New Road",sandeep.seikh5712@mail.com
"Asif Bahadur Seikh","5198 Sundhara",asif.seikh5713@random.org
"Rohit Krishna Lamichane","6150 Ratnapark",rohit.lamichane5714@demo.net
"Rohit Lal Kami","8436 Ratnapark",rohit.kami5715@mail.com
"Asif Dhoj Bhurtel","6445 Chabel",asif.bhurtel5716@example.com
"Asif Bhagat Seikh","6837 Tripureshwor",asif.seikh5717@test.com
"Asif Kumar Lamichane","7275 Baneshwor",asif.lamichane5718@random.org
"Asif Dhoj Bhurtel","7601 New Road",asif.bhurtel5719@demo.net
"Sandeep Bahadur Kami","2915 Sundhara",sandeep.kami5720@test.com
"Asif Gopal Malla","1994 Ekantakuna",asif.malla5721@random.org
"Sandeep Dev Rajbanshi","2266 Baneshwor",sandeep.rajbanshi5722@example.com
"Sandeep Bir Bhurtel","714 New Road",sandeep.bhurtel5723@example.com
"Rohit Kumar Khadka","7528 Ekantakuna",rohit.khadka5724@example.com
"Lalit Gopal K.C","8895 New Road",lalit.k.c5725@random.org
"Asif Lal Lamichane","3770 Sundhara",asif.lamichane5726@example.com
"Karan Bhopal Rajbanshi","1137 Ratnapark",karan.rajbanshi5727@test.com
"Kushal Kumar Bhandari","7334 Sundhara",kushal.bhandari5728@random.org
"Asif Lal Paudel","9632 Jawalakhel",asif.paudel5729@mail.com
"Paras Gopal Paudel","5352 Chabel",paras.paudel5730@random.org
"Sompal Bahadur Bhandari","9033 Jawalakhel",sompal.bhandari5731@test.com
"Sandeep Dhoj Malla","2464 Baneshwor",sandeep.malla5732@test.com
"Rohit Kumar Seikh","7914 Chabel",rohit.seikh5733@demo.net
"Karan Krishna Malla","6336 Ratnapark",karan.malla5734@example.com
"Sompal Bhopal Khadka","7960 Tinkune",sompal.khadka5735@test.com
"Kushal Gopal Malla","7430 Baneshwor",kushal.malla5736@test.com
"Arif Kumar Seikh","1844 Tripureshwor",arif.seikh5737@example.com
"Asif Bhagat Bhandari","2033 Tinkune",asif.bhandari5738@test.com
"Binod Bir Lamichane","8796 Tripureshwor",binod.lamichane5739@test.com
"Paras Gopal Bhandari","4863 Sundhara",paras.bhandari5740@random.org
"Arif Dhoj Khadka","2676 Chabel",arif.khadka5741@example.com
"Binod Krishna Malla","6189 Ratnapark",binod.malla5742@test.com
"Binod Bir Rajbanshi","2881 Sundhara",binod.rajbanshi5743@test.com
"Kushal Kumar K.C","4872 Chabel",kushal.k.c5744@demo.net
"Arif Gopal Bhurtel","3851 Ratnapark",arif.bhurtel5745@random.org
"Binod Gopal Lamichane","6963 Tinkune",binod.lamichane5746@demo.net
"Rohit Bhopal Malla","1908 Jawalakhel",rohit.malla5747@test.com
"Kushal Dhoj Bhandari","3886 Sundhara",kushal.bhandari5748@mail.com
"Sandeep Krishna Paudel","3309 Baneshwor",sandeep.paudel5749@test.com
"Asif Dev Lamichane","6355 Baneshwor",asif.lamichane5750@demo.net
"Arif Bahadur Seikh","1971 Baneshwor",arif.seikh5751@demo.net
"Karan Bhagat Kami","9995 Sundhara",karan.kami5752@demo.net
"Sandeep Bir Kami","3932 New Road",sandeep.kami5753@test.com
"Lalit Bir Khadka","6214 Chabel",lalit.khadka5754@random.org
"Kushal Kumar Lamichane","1391 New Road",kushal.lamichane5755@random.org
"Lalit Krishna Seikh","5791 Gaushala",lalit.seikh5756@test.com
"Asif Bir Khadka","453 Sundhara",asif.khadka5757@mail.com
"Sandeep Dhoj Kami","2152 Chabel",sandeep.kami5758@demo.net
"Rohit Bahadur Seikh","9162 Jawalakhel",rohit.seikh5759@example.com
"Asif Bahadur Lamichane","1962 Jawalakhel",asif.lamichane5760@demo.net
"Sandeep Bhagat Bhurtel","543 New Road",sandeep.bhurtel5761@mail.com
"Karan Lal Kami","3999 Tinkune",karan.kami5762@random.org
"Binod Dev Seikh","418 Chabel",binod.seikh5763@random.org
"Lalit Krishna Seikh","962 Tinkune",lalit.seikh5764@mail.com
"Kushal Gopal Khadka","1917 Ratnapark",kushal.khadka5765@test.com
"Binod Kumar Bhurtel","9818 Chabel",binod.bhurtel5766@demo.net
"Karan Gopal K.C","1323 Baneshwor",karan.k.c5767@mail.com
"Sompal Bhopal Kami","603 Sundhara",sompal.kami5768@test.com
"Arif Bhopal Rajbanshi","7788 Chabel",arif.rajbanshi5769@test.com
"Asif Kumar Bhurtel","1769 New Road",asif.bhurtel5770@random.org
"Sompal Bir Bhandari","689 Baneshwor",sompal.bhandari5771@example.com
"Paras Dhoj K.C","511 Jawalakhel",paras.k.c5772@random.org
"Sompal Krishna Paudel","7894 Ratnapark",sompal.paudel5773@demo.net
"Lalit Bhopal Seikh","1511 Gaushala",lalit.seikh5774@demo.net
"Sompal Bhopal Bhurtel","6341 Chabel",sompal.bhurtel5775@test.com
"Sompal Bhopal Seikh","9826 Ratnapark",sompal.seikh5776@example.com
"Rohit Bahadur Malla","547 New Road",rohit.malla5777@random.org
"Asif Bhagat Malla","2841 Tinkune",asif.malla5778@test.com
"Sompal Bir Malla","4914 Ratnapark",sompal.malla5779@mail.com
"Paras Bahadur Kami","1232 Jawalakhel",paras.kami5780@mail.com
"Rohit Dev Seikh","7590 Tripureshwor",rohit.seikh5781@test.com
"Binod Lal Bhurtel","9724 Ekantakuna",binod.bhurtel5782@mail.com
"Paras Dev Bhandari","2320 Tripureshwor",paras.bhandari5783@example.com
"Binod Lal Lamichane","4016 Jawalakhel",binod.lamichane5784@test.com
"Karan Lal Khadka","2197 Gaushala",karan.khadka5785@random.org
"Sandeep Dev Bhandari","4181 Ekantakuna",sandeep.bhandari5786@random.org
"Karan Bir Rajbanshi","6622 Sundhara",karan.rajbanshi5787@example.com
"Paras Gopal Lamichane","4853 Chabel",paras.lamichane5788@example.com
"Paras Gopal K.C","8719 Tripureshwor",paras.k.c5789@mail.com
"Arif Lal K.C","8842 Baneshwor",arif.k.c5790@example.com
"Sandeep Bir K.C","9541 Baneshwor",sandeep.k.c5791@demo.net
"Binod Krishna Bhandari","245 Ekantakuna",binod.bhandari5792@demo.net
"Binod Dhoj Malla","915 Ekantakuna",binod.malla5793@random.org
"Karan Dev Seikh","7196 Tripureshwor",karan.seikh5794@example.com
"Sompal Bhopal Bhandari","6892 Tripureshwor",sompal.bhandari5795@demo.net
"Binod Gopal K.C","6476 Jawalakhel",binod.k.c5796@mail.com
"Kushal Lal Paudel","2411 Ratnapark",kushal.paudel5797@demo.net
"Arif Bahadur Khadka","8948 Sundhara",arif.khadka5798@mail.com
"Sandeep Kumar Seikh","6583 Chabel",sandeep.seikh5799@demo.net
"Arif Dev Rajbanshi","5938 Sundhara",arif.rajbanshi5800@demo.net
"Karan Bir Paudel","364 Tinkune",karan.paudel5801@demo.net
"Paras Krishna Bhandari","401 Baneshwor",paras.bhandari5802@random.org
"Arif Gopal Seikh","380 Tinkune",arif.seikh5803@mail.com
"Rohit Bhopal K.C","3418 New Road",rohit.k.c5804@test.com
"Kushal Gopal Khadka","2338 Tripureshwor",kushal.khadka5805@example.com
"Asif Gopal Paudel","2002 Sundhara",asif.paudel5806@demo.net
"Sompal Kumar K.C","8725 Chabel",sompal.k.c5807@demo.net
"Sandeep Dhoj Kami","8025 Tripureshwor",sandeep.kami5808@random.org
"Sandeep Krishna Bhandari","7878 New Road",sandeep.bhandari5809@random.org
"Kushal Krishna Paudel","1928 Ratnapark",kushal.paudel5810@example.com
"Asif Krishna Paudel","4951 Gaushala",asif.paudel5811@test.com
"Sompal Dev Khadka","7499 Chabel",sompal.khadka5812@test.com
"Asif Dhoj Khadka","9211 Gaushala",asif.khadka5813@demo.net
"Kushal Lal Malla","2274 New Road",kushal.malla5814@demo.net
"Lalit Bhagat Lamichane","3610 Chabel",lalit.lamichane5815@test.com
"Kushal Bahadur Kami","1694 New Road",kushal.kami5816@test.com
"Karan Gopal Rajbanshi","1205 Sundhara",karan.rajbanshi5817@example.com
"Rohit Dev Paudel","3451 Jawalakhel",rohit.paudel5818@demo.net
"Arif Bir Bhandari","8736 Tripureshwor",arif.bhandari5819@test.com
"Kushal Dev Khadka","9518 Tripureshwor",kushal.khadka5820@example.com
"Kushal Bahadur K.C","5941 Baneshwor",kushal.k.c5821@mail.com
"Asif Dhoj Lamichane","9901 New Road",asif.lamichane5822@example.com
"Lalit Kumar Rajbanshi","6771 Gaushala",lalit.rajbanshi5823@test.com
"Asif Bhopal Lamichane","5447 Tripureshwor",asif.lamichane5824@mail.com
"Sandeep Bir Kami","1050 Chabel",sandeep.kami5825@demo.net
"Asif Dev Bhurtel","7017 Sundhara",asif.bhurtel5826@random.org
"Sandeep Dhoj Lamichane","9211 Tinkune",sandeep.lamichane5827@test.com
"Arif Bir Khadka","9391 Tinkune",arif.khadka5828@demo.net
"Kushal Bir Paudel","6241 Baneshwor",kushal.paudel5829@test.com
"Sandeep Kumar Bhurtel","2697 New Road",sandeep.bhurtel5830@test.com
"Asif Gopal Malla","2156 Tripureshwor",asif.malla5831@demo.net
"Sandeep Dev Paudel","6755 Sundhara",sandeep.paudel5832@random.org
"Rohit Bhopal Seikh","2922 Baneshwor",rohit.seikh5833@test.com
"Lalit Gopal Malla","2475 Baneshwor",lalit.malla5834@demo.net
"Kushal Bhopal Bhurtel","4989 Chabel",kushal.bhurtel5835@mail.com
"Paras Bahadur Seikh","2410 Baneshwor",paras.seikh5836@demo.net
"Sandeep Bahadur Bhandari","9633 Ratnapark",sandeep.bhandari5837@test.com
"Paras Bhagat Malla","4022 New Road",paras.malla5838@example.com
"Paras Gopal Rajbanshi","1717 Ratnapark",paras.rajbanshi5839@demo.net
"Sandeep Gopal Kami","6537 Gaushala",sandeep.kami5840@mail.com
"Arif Dhoj Kami","5488 Sundhara",arif.kami5841@mail.com
"Sandeep Bhopal Khadka","2898 Sundhara",sandeep.khadka5842@example.com
"Lalit Dev Rajbanshi","8802 Sundhara",lalit.rajbanshi5843@test.com
"Arif Bir Seikh","8692 Ekantakuna",arif.seikh5844@demo.net
"Paras Bhagat K.C","8779 Chabel",paras.k.c5845@mail.com
"Sompal Lal Khadka","5276 Chabel",sompal.khadka5846@example.com
"Paras Kumar Bhandari","355 Sundhara",paras.bhandari5847@random.org
"Kushal Lal Seikh","7395 Tripureshwor",kushal.seikh5848@test.com
"Kushal Bir K.C","116 Ratnapark",kushal.k.c5849@random.org
"Binod Bir Lamichane","4489 Gaushala",binod.lamichane5850@mail.com
"Sandeep Bhagat K.C","4226 Baneshwor",sandeep.k.c5851@demo.net
"Rohit Bir Bhurtel","7040 Ratnapark",rohit.bhurtel5852@test.com
"Asif Gopal Bhurtel","116 Sundhara",asif.bhurtel5853@random.org
"Lalit Dev Khadka","1347 Sundhara",lalit.khadka5854@random.org
"Sandeep Bahadur Seikh","7664 Tinkune",sandeep.seikh5855@example.com
"Rohit Bhopal Khadka","3510 Chabel",rohit.khadka5856@random.org
"Karan Lal Rajbanshi","8387 Jawalakhel",karan.rajbanshi5857@random.org
"Karan Bahadur Bhandari","5941 Chabel",karan.bhandari5858@demo.net
"Kushal Kumar Bhandari","2794 Ratnapark",kushal.bhandari5859@mail.com
"Kushal Kumar Bhurtel","5355 Tripureshwor",kushal.bhurtel5860@random.org
"Asif Bhagat Seikh","7481 Jawalakhel",asif.seikh5861@test.com
"Sandeep Bhopal Rajbanshi","7594 Tinkune",sandeep.rajbanshi5862@demo.net
"Arif Bahadur Lamichane","6229 Chabel",arif.lamichane5863@random.org
"Sompal Bhopal Bhandari","9596 Sundhara",sompal.bhandari5864@mail.com
"Binod Bahadur Malla","3824 Ekantakuna",binod.malla5865@example.com
"Asif Dhoj Khadka","4092 Tripureshwor",asif.khadka5866@random.org
"Arif Bhagat Rajbanshi","1847 Gaushala",arif.rajbanshi5867@demo.net
"Arif Bhagat Kami","5995 New Road",arif.kami5868@demo.net
"Sompal Krishna Bhandari","8942 Tinkune",sompal.bhandari5869@mail.com
"Sandeep Bhopal Bhurtel","1834 Chabel",sandeep.bhurtel5870@random.org
"Arif Bahadur Malla","4058 Ekantakuna",arif.malla5871@mail.com
"Arif Krishna Bhandari","744 Jawalakhel",arif.bhandari5872@test.com
"Karan Gopal Seikh","1035 Tinkune",karan.seikh5873@test.com
"Kushal Dhoj Bhurtel","3543 Jawalakhel",kushal.bhurtel5874@mail.com
"Sandeep Lal Lamichane","8072 Ekantakuna",sandeep.lamichane5875@demo.net
"Asif Bhopal Malla","3616 Sundhara",asif.malla5876@example.com
"Kushal Kumar K.C","3753 Tripureshwor",kushal.k.c5877@test.com
"Arif Bhagat Kami","9655 Sundhara",arif.kami5878@demo.net
"Arif Bahadur K.C","4265 Chabel",arif.k.c5879@example.com
"Arif Lal Khadka","1453 Ekantakuna",arif.khadka5880@example.com
"Sandeep Krishna Khadka","9990 Baneshwor",sandeep.khadka5881@demo.net
"Paras Bhagat Khadka","8476 Baneshwor",paras.khadka5882@example.com
"Sandeep Bir K.C","2620 Sundhara",sandeep.k.c5883@example.com
"Sompal Bahadur Malla","7618 Ratnapark",sompal.malla5884@test.com
"Arif Lal Bhurtel","5885 Sundhara",arif.bhurtel5885@example.com
"Paras Bhagat Bhurtel","3902 New Road",paras.bhurtel5886@mail.com
"Kushal Dhoj Bhurtel","272 Ratnapark",kushal.bhurtel5887@mail.com
"Arif Bhagat Rajbanshi","327 Ekantakuna",arif.rajbanshi5888@demo.net
"Sompal Dhoj Bhandari","6577 Jawalakhel",sompal.bhandari5889@mail.com
"Sompal Bahadur Paudel","5552 Chabel",sompal.paudel5890@demo.net
"Sompal Dev Bhurtel","7424 Baneshwor",sompal.bhurtel5891@random.org
"Rohit Dev Bhandari","1543 Tripureshwor",rohit.bhandari5892@mail.com
"Arif Krishna Bhandari","9413 Tinkune",arif.bhandari5893@example.com
"Sandeep Dhoj Rajbanshi","7955 Ratnapark",sandeep.rajbanshi5894@random.org
"Asif Dev Malla","1668 Gaushala",asif.malla5895@test.com
"Lalit Dev Kami","505 Ekantakuna",lalit.kami5896@test.com
"Asif Bir Malla","4986 Tinkune",asif.malla5897@random.org
"Rohit Dev K.C","4845 Ratnapark",rohit.k.c5898@mail.com
"Sompal Bhagat Seikh","7889 Jawalakhel",sompal.seikh5899@demo.net
"Paras Krishna Seikh","1460 Tinkune",paras.seikh5900@mail.com
"Lalit Bhagat Malla","6548 Tinkune",lalit.malla5901@random.org
"Lalit Bhagat K.C","548 Gaushala",lalit.k.c5902@random.org
"Asif Lal Rajbanshi","2800 Baneshwor",asif.rajbanshi5903@demo.net
"Arif Bhagat K.C","6420 Tripureshwor",arif.k.c5904@mail.com
"Sompal Kumar Paudel","9743 Chabel",sompal.paudel5905@mail.com
"Kushal Bhagat Khadka","9458 Jawalakhel",kushal.khadka5906@demo.net
"Lalit Kumar K.C","3566 Gaushala",lalit.k.c5907@demo.net
"Binod Bir Paudel","3520 Tripureshwor",binod.paudel5908@random.org
"Karan Dev Bhandari","481 Gaushala",karan.bhandari5909@test.com
"Arif Bahadur Khadka","9957 Tinkune",arif.khadka5910@random.org
"Asif Bhopal Kami","9040 Chabel",asif.kami5911@test.com
"Sompal Bir Lamichane","9689 Jawalakhel",sompal.lamichane5912@random.org
"Paras Krishna Bhandari","8225 Ekantakuna",paras.bhandari5913@example.com
"Asif Bir Kami","5704 New Road",asif.kami5914@mail.com
"Asif Bhopal Lamichane","3146 Gaushala",asif.lamichane5915@random.org
"Sompal Kumar Paudel","5706 New Road",sompal.paudel5916@example.com
"Sandeep Gopal Paudel","4043 Tripureshwor",sandeep.paudel5917@test.com
"Sandeep Kumar Khadka","2821 Gaushala",sandeep.khadka5918@test.com
"Asif Bahadur Bhurtel","3867 Tripureshwor",asif.bhurtel5919@test.com
"Kushal Lal Lamichane","4735 New Road",kushal.lamichane5920@example.com
"Karan Krishna Paudel","5338 Ekantakuna",karan.paudel5921@test.com
"Binod Bir Seikh","1106 Jawalakhel",binod.seikh5922@test.com
"Asif Bir Bhurtel","9411 Tripureshwor",asif.bhurtel5923@example.com
"Asif Dev Malla","583 New Road",asif.malla5924@random.org
"Binod Kumar Paudel","3004 Gaushala",binod.paudel5925@test.com
"Rohit Bhopal Lamichane","1594 Gaushala",rohit.lamichane5926@mail.com
"Sandeep Bir Khadka","2938 Ratnapark",sandeep.khadka5927@demo.net
"Kushal Gopal Paudel","8293 Tripureshwor",kushal.paudel5928@test.com
"Paras Bir Kami","4255 Jawalakhel",paras.kami5929@test.com
"Kushal Dev Lamichane","3072 Baneshwor",kushal.lamichane5930@random.org
"Rohit Dhoj Rajbanshi","3691 Sundhara",rohit.rajbanshi5931@random.org
"Arif Bhagat Malla","7653 Ratnapark",arif.malla5932@demo.net
"Karan Dhoj Kami","4724 Jawalakhel",karan.kami5933@demo.net
"Asif Bhopal Khadka","9335 Sundhara",asif.khadka5934@mail.com
"Lalit Dev Khadka","9365 New Road",lalit.khadka5935@demo.net
"Kushal Kumar K.C","3434 Ratnapark",kushal.k.c5936@demo.net
"Sandeep Bahadur Bhurtel","4771 Jawalakhel",sandeep.bhurtel5937@test.com
"Karan Bhagat Khadka","546 Baneshwor",karan.khadka5938@random.org
"Asif Bir Seikh","1814 Tinkune",asif.seikh5939@example.com
"Karan Bhagat K.C","8146 Ekantakuna",karan.k.c5940@test.com
"Sompal Bir Rajbanshi","5427 Gaushala",sompal.rajbanshi5941@example.com
"Asif Bahadur Seikh","170 Chabel",asif.seikh5942@random.org
"Karan Lal Khadka","9487 Tripureshwor",karan.khadka5943@demo.net
"Sompal Bhagat K.C","4229 Tripureshwor",sompal.k.c5944@demo.net
"Sandeep Bir Paudel","9797 Tripureshwor",sandeep.paudel5945@test.com
"Karan Gopal Paudel","7900 Gaushala",karan.paudel5946@demo.net
"Lalit Lal Khadka","5273 Baneshwor",lalit.khadka5947@demo.net
"Karan Gopal Kami","2036 Sundhara",karan.kami5948@demo.net
"Kushal Bhopal Bhurtel","4211 Baneshwor",kushal.bhurtel5949@random.org
"Asif Gopal Lamichane","2803 Sundhara",asif.lamichane5950@example.com
"Binod Gopal Malla","7282 Tripureshwor",binod.malla5951@mail.com
"Binod Bahadur Seikh","8450 Sundhara",binod.seikh5952@random.org
"Lalit Dev Malla","8567 Ekantakuna",lalit.malla5953@demo.net
"Sompal Bahadur Malla","6752 Ratnapark",sompal.malla5954@test.com
"Arif Lal Seikh","7518 Gaushala",arif.seikh5955@test.com
"Paras Kumar Kami","1849 Sundhara",paras.kami5956@demo.net
"Asif Kumar Khadka","4330 Jawalakhel",asif.khadka5957@demo.net
"Arif Dev K.C","1890 Gaushala",arif.k.c5958@example.com
"Lalit Bahadur Seikh","2078 Ratnapark",lalit.seikh5959@test.com
"Lalit Kumar Rajbanshi","4013 Sundhara",lalit.rajbanshi5960@demo.net
"Sompal Dev Seikh","6657 Ekantakuna",sompal.seikh5961@random.org
"Kushal Lal Seikh","3706 New Road",kushal.seikh5962@mail.com
"Binod Bahadur Bhandari","7167 Tinkune",binod.bhandari5963@random.org
"Sompal Bir Bhandari","141 Sundhara",sompal.bhandari5964@test.com
"Rohit Bhagat Khadka","6299 Baneshwor",rohit.khadka5965@demo.net
"Binod Bir Paudel","2546 Chabel",binod.paudel5966@random.org
"Sompal Krishna Seikh","1073 Tinkune",sompal.seikh5967@test.com
"Arif Bhopal Kami","659 Ekantakuna",arif.kami5968@mail.com
"Asif Bir K.C","9133 Chabel",asif.k.c5969@mail.com
"Asif Kumar Seikh","3077 Tinkune",asif.seikh5970@test.com
"Binod Dev Khadka","7404 Jawalakhel",binod.khadka5971@example.com
"Karan Kumar K.C","6487 Ekantakuna",karan.k.c5972@mail.com
"Arif Dhoj Rajbanshi","2838 Tripureshwor",arif.rajbanshi5973@example.com
"Lalit Lal Rajbanshi","7965 Gaushala",lalit.rajbanshi5974@demo.net
"Lalit Bir Lamichane","2154 Tripureshwor",lalit.lamichane5975@random.org
"Asif Dev Seikh","1050 Chabel",asif.seikh5976@random.org
"Binod Dev Bhandari","2368 Chabel",binod.bhandari5977@test.com
"Sandeep Dhoj Bhandari","1656 Chabel",sandeep.bhandari5978@mail.com
"Lalit Gopal Bhandari","9690 Tinkune",lalit.bhandari5979@random.org
"Lalit Bhopal Bhurtel","3495 Jawalakhel",lalit.bhurtel5980@demo.net
"Binod Bir Kami","2487 Ratnapark",binod.kami5981@random.org
"Sompal Kumar Kami","2937 Gaushala",sompal.kami5982@mail.com
"Rohit Gopal Bhandari","7827 New Road",rohit.bhandari5983@mail.com
"Binod Dhoj Khadka","1797 Tripureshwor",binod.khadka5984@test.com
"Karan Dev K.C","6903 Ekantakuna",karan.k.c5985@random.org
"Karan Bir Bhandari","2242 Gaushala",karan.bhandari5986@example.com
"Sandeep Gopal Rajbanshi","6147 Gaushala",sandeep.rajbanshi5987@example.com
"Lalit Dev Kami","5144 Baneshwor",lalit.kami5988@example.com
"Karan Bir Rajbanshi","6457 Tinkune",karan.rajbanshi5989@mail.com
"Binod Krishna Khadka","9637 Tinkune",binod.khadka5990@test.com
"Karan Bahadur Seikh","7966 Tinkune",karan.seikh5991@test.com
"Karan Dev K.C","4465 Tinkune",karan.k.c5992@mail.com
"Arif Dev Seikh","3876 Baneshwor",arif.seikh5993@example.com
"Binod Kumar Paudel","8277 Sundhara",binod.paudel5994@test.com
"Karan Lal Kami","3408 Sundhara",karan.kami5995@test.com
"Arif Bhagat Lamichane","8543 Baneshwor",arif.lamichane5996@demo.net
"Binod Bhagat Khadka","6364 Tinkune",binod.khadka5997@example.com
"Binod Bahadur Bhandari","9622 Sundhara",binod.bhandari5998@random.org
"Kushal Krishna Seikh","780 Tinkune",kushal.seikh5999@random.org
"Kushal Bhagat Malla","4190 Chabel",kushal.malla6000@mail.com
"Asif Lal Seikh","6952 Chabel",asif.seikh6001@mail.com
"Sompal Dhoj K.C","4180 Gaushala",sompal.k.c6002@demo.net
"Karan Krishna Malla","9969 Jawalakhel",karan.malla6003@demo.net
"Binod Bhagat Malla","6513 Sundhara",binod.malla6004@random.org
"Sompal Gopal Lamichane","5423 Jawalakhel",sompal.lamichane6005@test.com
"Sompal Bahadur Khadka","2895 Chabel",sompal.khadka6006@mail.com
"Sompal Lal Kami","6614 Gaushala",sompal.kami6007@demo.net
"Binod Gopal Kami","1381 New Road",binod.kami6008@mail.com
"Arif Dhoj Bhandari","4371 Ekantakuna",arif.bhandari6009@demo.net
"Paras Bahadur Bhandari","7384 Chabel",paras.bhandari6010@test.com
"Rohit Dev Kami","206 Sundhara",rohit.kami6011@mail.com
"Paras Bahadur Paudel","4896 Chabel",paras.paudel6012@example.com
"Kushal Bahadur Kami","1472 Ratnapark",kushal.kami6013@random.org
"Binod Bhopal K.C","9651 New Road",binod.k.c6014@demo.net
"Rohit Bhopal Lamichane","8069 Sundhara",rohit.lamichane6015@mail.com
"Binod Bir Seikh","937 Jawalakhel",binod.seikh6016@mail.com
"Sompal Gopal Khadka","3732 Chabel",sompal.khadka6017@random.org
"Sompal Bhopal Malla","3271 Tripureshwor",sompal.malla6018@test.com
"Kushal Bhopal Seikh","9381 Chabel",kushal.seikh6019@test.com
"Rohit Krishna Lamichane","1623 Sundhara",rohit.lamichane6020@test.com
"Rohit Bahadur Malla","914 Ekantakuna",rohit.malla6021@example.com
"Arif Lal Malla","3078 Jawalakhel",arif.malla6022@demo.net
"Binod Dhoj K.C","6492 Sundhara",binod.k.c6023@mail.com
"Sompal Bhopal Khadka","6050 Tripureshwor",sompal.khadka6024@test.com
"Sompal Bahadur Seikh","1591 Chabel",sompal.seikh6025@demo.net
"Kushal Dhoj Lamichane","544 Baneshwor",kushal.lamichane6026@mail.com
"Karan Krishna Malla","764 Baneshwor",karan.malla6027@example.com
"Lalit Dhoj Paudel","2429 New Road",lalit.paudel6028@example.com
"Sompal Dhoj K.C","5635 Sundhara",sompal.k.c6029@test.com
"Lalit Bahadur Malla","8547 Chabel",lalit.malla6030@demo.net
"Paras Krishna Khadka","277 Sundhara",paras.khadka6031@test.com
"Kushal Lal Paudel","3899 Ratnapark",kushal.paudel6032@test.com
"Asif Bahadur Bhandari","5836 Sundhara",asif.bhandari6033@demo.net
"Sandeep Krishna Seikh","1000 Tripureshwor",sandeep.seikh6034@example.com
"Kushal Kumar K.C","736 Ekantakuna",kushal.k.c6035@example.com
"Sandeep Krishna K.C","4622 Ekantakuna",sandeep.k.c6036@test.com
"Karan Dev Khadka","9431 Ekantakuna",karan.khadka6037@mail.com
"Rohit Dev Lamichane","6615 Baneshwor",rohit.lamichane6038@test.com
"Sandeep Krishna Seikh","9929 Ekantakuna",sandeep.seikh6039@demo.net
"Kushal Dhoj Bhandari","7344 Jawalakhel",kushal.bhandari6040@mail.com
"Asif Dev Paudel","8538 Sundhara",asif.paudel6041@demo.net
"Sompal Dev Bhurtel","1307 Tinkune",sompal.bhurtel6042@test.com
"Karan Bahadur Kami","3553 Gaushala",karan.kami6043@example.com
"Paras Dhoj Bhandari","2659 Tinkune",paras.bhandari6044@demo.net
"Rohit Dhoj Rajbanshi","1988 Chabel",rohit.rajbanshi6045@mail.com
"Lalit Bahadur Seikh","574 Tripureshwor",lalit.seikh6046@example.com
"Karan Bir Khadka","6474 Chabel",karan.khadka6047@test.com
"Sompal Gopal Bhurtel","9060 Sundhara",sompal.bhurtel6048@random.org
"Asif Bhopal Bhurtel","6637 Tripureshwor",asif.bhurtel6049@test.com
"Sompal Dev Seikh","121 Ekantakuna",sompal.seikh6050@test.com
"Kushal Bhopal Lamichane","2991 Sundhara",kushal.lamichane6051@test.com
"Asif Bahadur Rajbanshi","7728 Jawalakhel",asif.rajbanshi6052@demo.net
"Sandeep Bahadur Lamichane","7729 Tripureshwor",sandeep.lamichane6053@mail.com
"Asif Dhoj Malla","6451 Baneshwor",asif.malla6054@demo.net
"Paras Bhopal Kami","298 Chabel",paras.kami6055@test.com
"Rohit Lal Seikh","6038 New Road",rohit.seikh6056@test.com
"Binod Kumar Bhurtel","7105 Baneshwor",binod.bhurtel6057@demo.net
"Paras Gopal Bhandari","5750 Baneshwor",paras.bhandari6058@demo.net
"Paras Kumar Paudel","6050 Tinkune",paras.paudel6059@random.org
"Binod Bhagat Kami","267 Baneshwor",binod.kami6060@demo.net
"Lalit Krishna Rajbanshi","8414 Tripureshwor",lalit.rajbanshi6061@example.com
"Lalit Bahadur K.C","6846 Sundhara",lalit.k.c6062@demo.net
"Binod Bhopal Malla","7007 Chabel",binod.malla6063@mail.com
"Paras Bhagat Rajbanshi","3829 Ratnapark",paras.rajbanshi6064@demo.net
"Asif Dhoj Kami","932 New Road",asif.kami6065@random.org
"Lalit Bhopal Lamichane","3022 Chabel",lalit.lamichane6066@mail.com
"Karan Lal Paudel","1922 Jawalakhel",karan.paudel6067@test.com
"Karan Kumar Kami","204 New Road",karan.kami6068@mail.com
"Rohit Kumar Paudel","6503 Ratnapark",rohit.paudel6069@random.org
"Arif Bhopal Seikh","9540 Tripureshwor",arif.seikh6070@demo.net
"Arif Bhopal Rajbanshi","2872 Ekantakuna",arif.rajbanshi6071@demo.net
"Arif Dev Seikh","6569 Jawalakhel",arif.seikh6072@random.org
"Lalit Bahadur Kami","7855 Jawalakhel",lalit.kami6073@demo.net
"Lalit Bahadur Khadka","2797 Tinkune",lalit.khadka6074@test.com
"Kushal Dhoj Bhandari","2042 New Road",kushal.bhandari6075@mail.com
"Asif Gopal Kami","9767 Tripureshwor",asif.kami6076@mail.com
"Arif Bir Khadka","8238 Ekantakuna",arif.khadka6077@test.com
"Kushal Bhopal Khadka","8369 Ratnapark",kushal.khadka6078@demo.net
"Kushal Dev Malla","9205 New Road",kushal.malla6079@example.com
"Rohit Krishna Malla","6157 New Road",rohit.malla6080@mail.com
"Asif Krishna Bhurtel","3281 Baneshwor",asif.bhurtel6081@demo.net
"Paras Lal Malla","5832 Jawalakhel",paras.malla6082@test.com
"Sompal Kumar Rajbanshi","5974 Chabel",sompal.rajbanshi6083@mail.com
"Lalit Bir Rajbanshi","9836 Baneshwor",lalit.rajbanshi6084@demo.net
"Lalit Lal Seikh","4063 Gaushala",lalit.seikh6085@mail.com
"Lalit Kumar Kami","6445 Ratnapark",lalit.kami6086@mail.com
"Paras Dev K.C","9364 Tinkune",paras.k.c6087@mail.com
"Arif Bhagat Khadka","4503 Jawalakhel",arif.khadka6088@example.com
"Rohit Bahadur Bhurtel","9115 Jawalakhel",rohit.bhurtel6089@example.com
"Karan Lal Khadka","1729 Gaushala",karan.khadka6090@random.org
"Binod Dhoj Lamichane","7103 Ratnapark",binod.lamichane6091@demo.net
"Rohit Krishna Seikh","6749 Ekantakuna",rohit.seikh6092@random.org
"Karan Dev Khadka","4101 Ratnapark",karan.khadka6093@test.com
"Sandeep Bahadur Bhurtel","6328 Ratnapark",sandeep.bhurtel6094@mail.com
"Sandeep Bhopal Rajbanshi","7160 Sundhara",sandeep.rajbanshi6095@example.com
"Sandeep Bir Paudel","8608 Baneshwor",sandeep.paudel6096@example.com
"Asif Gopal Bhurtel","5503 Baneshwor",asif.bhurtel6097@random.org
"Asif Dev Bhurtel","2210 Ratnapark",asif.bhurtel6098@example.com
"Rohit Bir Paudel","1479 Gaushala",rohit.paudel6099@random.org
"Paras Gopal Bhandari","202 Baneshwor",paras.bhandari6100@random.org
"Karan Dev Kami","9652 Tinkune",karan.kami6101@example.com
"Binod Bhagat Bhandari","7859 New Road",binod.bhandari6102@random.org
"Rohit Dev Bhandari","581 New Road",rohit.bhandari6103@test.com
"Binod Bhopal Kami","7412 Sundhara",binod.kami6104@demo.net
"Kushal Bir Rajbanshi","4241 Gaushala",kushal.rajbanshi6105@demo.net
"Lalit Lal Khadka","6393 Ratnapark",lalit.khadka6106@test.com
"Paras Krishna Kami","1669 Sundhara",paras.kami6107@random.org
"Sandeep Bhopal Khadka","3887 New Road",sandeep.khadka6108@random.org
"Asif Bahadur Paudel","580 Baneshwor",asif.paudel6109@test.com
"Sompal Gopal K.C","1452 Gaushala",sompal.k.c6110@mail.com
"Karan Gopal Bhandari","3632 New Road",karan.bhandari6111@test.com
"Binod Bahadur Kami","7315 Sundhara",binod.kami6112@test.com
"Sandeep Bhagat Rajbanshi","2595 Ekantakuna",sandeep.rajbanshi6113@mail.com
"Lalit Dev K.C","5448 Sundhara",lalit.k.c6114@example.com
"Lalit Gopal Bhandari","4526 Sundhara",lalit.bhandari6115@example.com
"Lalit Dev Khadka","9952 Ratnapark",lalit.khadka6116@mail.com
"Arif Lal Bhandari","3984 Baneshwor",arif.bhandari6117@mail.com
"Sandeep Bhagat Paudel","8280 Sundhara",sandeep.paudel6118@demo.net
"Asif Kumar K.C","2780 Jawalakhel",asif.k.c6119@test.com
"Binod Lal K.C","4436 New Road",binod.k.c6120@test.com
"Karan Kumar Kami","3041 New Road",karan.kami6121@demo.net
"Paras Bhopal Malla","2451 Baneshwor",paras.malla6122@mail.com
"Paras Gopal Seikh","1293 Tripureshwor",paras.seikh6123@test.com
"Lalit Bhopal Bhandari","9506 Baneshwor",lalit.bhandari6124@mail.com
"Lalit Dev Malla","9457 Jawalakhel",lalit.malla6125@demo.net
"Binod Bhagat Lamichane","4542 Jawalakhel",binod.lamichane6126@demo.net
"Sandeep Bahadur Seikh","5163 Ekantakuna",sandeep.seikh6127@example.com
"Rohit Lal Seikh","3057 Gaushala",rohit.seikh6128@example.com
"Rohit Bhopal Malla","3957 Baneshwor",rohit.malla6129@mail.com
"Sandeep Krishna Bhurtel","6820 New Road",sandeep.bhurtel6130@example.com
"Karan Dhoj Bhandari","9912 Chabel",karan.bhandari6131@random.org
"Asif Bhagat Khadka","5825 Baneshwor",asif.khadka6132@random.org
"Sompal Bhagat Bhurtel","4222 Baneshwor",sompal.bhurtel6133@random.org
"Paras Dev Seikh","1764 New Road",paras.seikh6134@mail.com
"Rohit Bir Kami","1659 Tripureshwor",rohit.kami6135@example.com
"Lalit Bir Paudel","9720 Sundhara",lalit.paudel6136@mail.com
"Asif Dhoj Bhandari","3511 Tripureshwor",asif.bhandari6137@random.org
"Sandeep Bahadur Malla","7930 Tripureshwor",sandeep.malla6138@example.com
"Paras Bahadur K.C","3187 Chabel",paras.k.c6139@random.org
"Karan Dev Kami","9657 Ratnapark",karan.kami6140@test.com
"Sompal Dev Seikh","7607 Baneshwor",sompal.seikh6141@mail.com
"Lalit Bhopal K.C","9913 Tinkune",lalit.k.c6142@example.com
"Lalit Bir Rajbanshi","2681 Chabel",lalit.rajbanshi6143@mail.com
"Rohit Bahadur Bhandari","4606 Tinkune",rohit.bhandari6144@test.com
"Lalit Gopal Seikh","8925 Ekantakuna",lalit.seikh6145@test.com
"Sandeep Gopal Malla","412 Tinkune",sandeep.malla6146@random.org
"Rohit Dev Khadka","3911 Tripureshwor",rohit.khadka6147@mail.com
"Karan Bir K.C","6628 Ekantakuna",karan.k.c6148@mail.com
"Arif Gopal Malla","8696 New Road",arif.malla6149@example.com
"Rohit Lal Bhurtel","4431 Gaushala",rohit.bhurtel6150@random.org
"Karan Bir Khadka","3773 Tinkune",karan.khadka6151@mail.com
"Arif Bhopal Rajbanshi","8047 Sundhara",arif.rajbanshi6152@test.com
"Paras Bhopal Lamichane","3259 Jawalakhel",paras.lamichane6153@random.org
"Rohit Lal Seikh","1303 Gaushala",rohit.seikh6154@demo.net
"Lalit Bir Rajbanshi","8311 New Road",lalit.rajbanshi6155@random.org
"Binod Bhopal Malla","1721 Ekantakuna",binod.malla6156@test.com
"Lalit Bir Seikh","3370 Tripureshwor",lalit.seikh6157@test.com
"Sandeep Bir Bhandari","6616 Tinkune",sandeep.bhandari6158@mail.com
"Binod Lal K.C","1091 New Road",binod.k.c6159@demo.net
"Kushal Gopal Seikh","2057 Tinkune",kushal.seikh6160@test.com
"Karan Bahadur Seikh","266 Baneshwor",karan.seikh6161@demo.net
"Sompal Bhagat Khadka","8729 Chabel",sompal.khadka6162@random.org
"Asif Bhopal Rajbanshi","8051 Ekantakuna",asif.rajbanshi6163@example.com
"Kushal Gopal K.C","7292 Sundhara",kushal.k.c6164@random.org
"Asif Bhagat Rajbanshi","6429 Tinkune",asif.rajbanshi6165@random.org
"Sandeep Dev Seikh","9840 Tinkune",sandeep.seikh6166@random.org
"Sompal Dhoj Khadka","4913 Chabel",sompal.khadka6167@test.com
"Asif Bahadur Kami","9241 Ratnapark",asif.kami6168@test.com
"Asif Lal Rajbanshi","1047 Tripureshwor",asif.rajbanshi6169@demo.net
"Kushal Krishna Rajbanshi","1069 Ratnapark",kushal.rajbanshi6170@random.org
"Kushal Gopal Rajbanshi","223 Tinkune",kushal.rajbanshi6171@demo.net
"Sandeep Dhoj Kami","3209 Jawalakhel",sandeep.kami6172@random.org
"Arif Bhagat Bhandari","4370 Gaushala",arif.bhandari6173@mail.com
"Karan Dev Lamichane","1077 Tripureshwor",karan.lamichane6174@example.com
"Sompal Dev K.C","4204 Gaushala",sompal.k.c6175@test.com
"Arif Bir Rajbanshi","6226 Sundhara",arif.rajbanshi6176@test.com
"Rohit Lal Lamichane","8028 New Road",rohit.lamichane6177@demo.net
"Binod Lal Bhandari","1255 Baneshwor",binod.bhandari6178@test.com
"Sandeep Bhopal Khadka","6079 Sundhara",sandeep.khadka6179@mail.com
"Arif Bhagat Paudel","4246 Jawalakhel",arif.paudel6180@mail.com
"Lalit Dev Seikh","3153 Gaushala",lalit.seikh6181@random.org
"Karan Bir Seikh","5303 Tinkune",karan.seikh6182@random.org
"Paras Dev Malla","7172 New Road",paras.malla6183@example.com
"Karan Dhoj Lamichane","4292 Chabel",karan.lamichane6184@example.com
"Paras Dhoj Kami","4361 Ekantakuna",paras.kami6185@test.com
"Sandeep Dev Bhandari","1659 Jawalakhel",sandeep.bhandari6186@example.com
"Paras Bir Bhurtel","8564 Baneshwor",paras.bhurtel6187@mail.com
"Sompal Bir Malla","4190 Sundhara",sompal.malla6188@test.com
"Sompal Bahadur Rajbanshi","3084 Jawalakhel",sompal.rajbanshi6189@demo.net
"Rohit Bir Seikh","9611 Sundhara",rohit.seikh6190@random.org
"Paras Lal Bhurtel","5815 Ratnapark",paras.bhurtel6191@example.com
"Arif Dhoj Bhandari","6750 Baneshwor",arif.bhandari6192@example.com
"Sompal Gopal K.C","9266 Baneshwor",sompal.k.c6193@example.com
"Kushal Bir Lamichane","2242 Ratnapark",kushal.lamichane6194@test.com
"Binod Bhopal Kami","5053 Chabel",binod.kami6195@mail.com
"Kushal Krishna Kami","7556 Baneshwor",kushal.kami6196@mail.com
"Arif Gopal Seikh","6811 Sundhara",arif.seikh6197@example.com
"Karan Krishna Khadka","3603 Tinkune",karan.khadka6198@random.org
"Paras Gopal Khadka","9335 Baneshwor",paras.khadka6199@test.com
"Paras Dhoj Seikh","3345 Tripureshwor",paras.seikh6200@mail.com
"Rohit Kumar Malla","5760 Tinkune",rohit.malla6201@demo.net
"Paras Bahadur Rajbanshi","5302 Tinkune",paras.rajbanshi6202@random.org
"Karan Bhopal Lamichane","7480 Ratnapark",karan.lamichane6203@example.com
"Binod Bhagat Bhandari","4710 Ekantakuna",binod.bhandari6204@mail.com
"Rohit Gopal K.C","7204 Baneshwor",rohit.k.c6205@demo.net
"Sompal Gopal Paudel","5654 Jawalakhel",sompal.paudel6206@example.com
"Arif Bahadur Malla","3815 Gaushala",arif.malla6207@test.com
"Kushal Gopal Malla","6929 Tripureshwor",kushal.malla6208@mail.com
"Sompal Krishna Malla","5891 Gaushala",sompal.malla6209@random.org
"Rohit Bhagat Paudel","8998 Tripureshwor",rohit.paudel6210@demo.net
"Paras Gopal Lamichane","2681 Baneshwor",paras.lamichane6211@demo.net
"Kushal Gopal K.C","6332 Tripureshwor",kushal.k.c6212@example.com
"Rohit Dhoj Seikh","1074 Tinkune",rohit.seikh6213@example.com
"Arif Lal Malla","1352 Ratnapark",arif.malla6214@mail.com
"Sompal Krishna Lamichane","8326 New Road",sompal.lamichane6215@mail.com
"Karan Krishna Bhurtel","879 Tinkune",karan.bhurtel6216@mail.com
"Kushal Kumar Bhandari","1430 Ekantakuna",kushal.bhandari6217@example.com
"Rohit Dhoj Bhandari","8756 Tripureshwor",rohit.bhandari6218@mail.com
"Kushal Bhopal Khadka","2278 Tripureshwor",kushal.khadka6219@demo.net
"Asif Bhagat Khadka","7341 Tinkune",asif.khadka6220@demo.net
"Rohit Gopal Lamichane","6236 New Road",rohit.lamichane6221@mail.com
"Kushal Bhopal Kami","6514 Ratnapark",kushal.kami6222@demo.net
"Kushal Krishna Bhandari","3163 Jawalakhel",kushal.bhandari6223@test.com
"Karan Lal Seikh","9020 Ekantakuna",karan.seikh6224@test.com
"Arif Bhagat Rajbanshi","642 Sundhara",arif.rajbanshi6225@test.com
"Kushal Bhagat K.C","1205 Tinkune",kushal.k.c6226@example.com
"Sompal Dev Kami","7745 Ekantakuna",sompal.kami6227@example.com
"Kushal Krishna Rajbanshi","7064 Chabel",kushal.rajbanshi6228@demo.net
"Sompal Bahadur Bhurtel","2549 Baneshwor",sompal.bhurtel6229@test.com
"Sompal Dhoj Rajbanshi","1514 Ratnapark",sompal.rajbanshi6230@mail.com
"Kushal Dev Bhandari","5745 Gaushala",kushal.bhandari6231@test.com
"Arif Dev Khadka","8579 Jawalakhel",arif.khadka6232@demo.net
"Binod Bahadur K.C","167 Tripureshwor",binod.k.c6233@example.com
"Lalit Lal Khadka","849 Tripureshwor",lalit.khadka6234@random.org
"Sandeep Kumar Malla","6387 Ratnapark",sandeep.malla6235@mail.com
"Sompal Bahadur Malla","7770 New Road",sompal.malla6236@test.com
"Asif Krishna Malla","9766 Gaushala",asif.malla6237@example.com
"Asif Bhopal Kami","1757 Jawalakhel",asif.kami6238@demo.net
"Karan Gopal Khadka","8293 Ekantakuna",karan.khadka6239@demo.net
"Kushal Bhopal K.C","699 Chabel",kushal.k.c6240@test.com
"Sompal Bhopal Lamichane","8095 Jawalakhel",sompal.lamichane6241@example.com
"Sompal Krishna Kami","5194 Tinkune",sompal.kami6242@test.com
"Asif Kumar Rajbanshi","2194 Tinkune",asif.rajbanshi6243@test.com
"Paras Dhoj Kami","6817 Tripureshwor",paras.kami6244@demo.net
"Karan Lal Kami","4949 Gaushala",karan.kami6245@mail.com
"Kushal Bahadur K.C","9382 Ratnapark",kushal.k.c6246@example.com
"Sompal Bhopal Malla","9976 Jawalakhel",sompal.malla6247@test.com
"Binod Krishna K.C","6546 Chabel",binod.k.c6248@mail.com
"Sompal Dev K.C","8958 New Road",sompal.k.c6249@mail.com
"Kushal Dhoj Bhurtel","8406 Gaushala",kushal.bhurtel6250@demo.net
"Paras Bir Malla","427 Sundhara",paras.malla6251@mail.com
"Asif Dev Malla","7402 Chabel",asif.malla6252@test.com
"Rohit Bahadur Paudel","4096 Ratnapark",rohit.paudel6253@demo.net
"Asif Krishna K.C","1281 Gaushala",asif.k.c6254@test.com
"Sandeep Kumar Bhurtel","361 Baneshwor",sandeep.bhurtel6255@mail.com
"Kushal Dhoj Bhurtel","8881 New Road",kushal.bhurtel6256@demo.net
"Kushal Bhopal Malla","756 Sundhara",kushal.malla6257@random.org
"Arif Dev Paudel","5096 Sundhara",arif.paudel6258@mail.com
"Karan Bhagat Malla","6480 Tripureshwor",karan.malla6259@test.com
"Paras Dhoj Bhurtel","9202 New Road",paras.bhurtel6260@demo.net
"Paras Krishna Lamichane","7137 Baneshwor",paras.lamichane6261@random.org
"Sompal Lal Lamichane","8431 New Road",sompal.lamichane6262@mail.com
"Kushal Bir Bhurtel","5657 Gaushala",kushal.bhurtel6263@mail.com
"Sandeep Gopal Kami","9228 Gaushala",sandeep.kami6264@demo.net
"Arif Dev Kami","2126 New Road",arif.kami6265@demo.net
"Sompal Lal Bhurtel","6314 Gaushala",sompal.bhurtel6266@mail.com
"Sompal Dev Bhurtel","8755 Tripureshwor",sompal.bhurtel6267@mail.com
"Sompal Dhoj Kami","7224 Tripureshwor",sompal.kami6268@demo.net
"Rohit Dhoj K.C","4548 Gaushala",rohit.k.c6269@test.com
"Kushal Dhoj Seikh","8344 Baneshwor",kushal.seikh6270@random.org
"Rohit Lal Kami","2570 Ekantakuna",rohit.kami6271@random.org
"Asif Gopal Bhurtel","1600 Ratnapark",asif.bhurtel6272@demo.net
"Asif Bir Bhurtel","4075 Gaushala",asif.bhurtel6273@test.com
"Asif Dev Kami","6959 Chabel",asif.kami6274@demo.net
"Arif Bir Lamichane","9699 Sundhara",arif.lamichane6275@mail.com
"Kushal Krishna Paudel","1557 Gaushala",kushal.paudel6276@mail.com
"Rohit Bahadur Rajbanshi","343 Tinkune",rohit.rajbanshi6277@demo.net
"Kushal Bahadur Lamichane","6612 Baneshwor",kushal.lamichane6278@demo.net
"Binod Lal Bhurtel","5434 Sundhara",binod.bhurtel6279@test.com
"Sandeep Bhagat Kami","4245 Tripureshwor",sandeep.kami6280@random.org
"Binod Gopal Paudel","7477 Sundhara",binod.paudel6281@example.com
"Lalit Dev Lamichane","967 Ratnapark",lalit.lamichane6282@demo.net
"Sompal Bhopal Paudel","8946 Sundhara",sompal.paudel6283@mail.com
"Lalit Krishna Rajbanshi","5012 Ekantakuna",lalit.rajbanshi6284@example.com
"Sandeep Bhagat Paudel","750 New Road",sandeep.paudel6285@test.com
"Binod Bir K.C","8930 Ekantakuna",binod.k.c6286@random.org
"Rohit Dhoj Bhandari","7883 Tinkune",rohit.bhandari6287@random.org
"Sompal Bahadur Paudel","9635 Tripureshwor",sompal.paudel6288@random.org
"Asif Kumar Paudel","2185 Gaushala",asif.paudel6289@mail.com
"Sandeep Bahadur Lamichane","1212 Tripureshwor",sandeep.lamichane6290@example.com
"Paras Dhoj Rajbanshi","1209 Gaushala",paras.rajbanshi6291@demo.net
"Sandeep Dev K.C","9887 Tinkune",sandeep.k.c6292@demo.net
"Sompal Bir Paudel","9936 Tinkune",sompal.paudel6293@demo.net
"Asif Lal Seikh","9389 Chabel",asif.seikh6294@demo.net
"Kushal Bir Bhandari","2594 Chabel",kushal.bhandari6295@demo.net
"Rohit Krishna Kami","1488 Jawalakhel",rohit.kami6296@random.org
"Rohit Bhopal Bhurtel","9322 Gaushala",rohit.bhurtel6297@demo.net
"Sompal Bhagat Paudel","2730 Tinkune",sompal.paudel6298@mail.com
"Rohit Dhoj Rajbanshi","6274 New Road",rohit.rajbanshi6299@test.com
"Sandeep Dev Lamichane","2842 Chabel",sandeep.lamichane6300@example.com
"Sandeep Bir Bhurtel","8839 New Road",sandeep.bhurtel6301@random.org
"Arif Lal Bhandari","5742 Baneshwor",arif.bhandari6302@example.com
"Karan Bhopal Bhandari","9506 Tinkune",karan.bhandari6303@example.com
"Sandeep Bhagat Malla","3880 Tripureshwor",sandeep.malla6304@mail.com
"Arif Kumar Kami","7157 Ratnapark",arif.kami6305@example.com
"Rohit Dev Paudel","4871 Ratnapark",rohit.paudel6306@mail.com
"Kushal Bhopal K.C","385 New Road",kushal.k.c6307@demo.net
"Sandeep Bir Paudel","5728 Chabel",sandeep.paudel6308@mail.com
"Karan Bahadur Khadka","3173 Jawalakhel",karan.khadka6309@demo.net
"Karan Bhagat Kami","9078 Chabel",karan.kami6310@test.com
"Lalit Bhopal Seikh","2919 Chabel",lalit.seikh6311@demo.net
"Karan Bhopal Lamichane","9197 Ratnapark",karan.lamichane6312@test.com
"Asif Krishna K.C","2612 Tinkune",asif.k.c6313@random.org
"Sandeep Bhopal Bhandari","1753 Tripureshwor",sandeep.bhandari6314@example.com
"Lalit Bahadur Seikh","8487 Baneshwor",lalit.seikh6315@demo.net
"Arif Dhoj Lamichane","5250 New Road",arif.lamichane6316@mail.com
"Binod Kumar Bhandari","4211 Baneshwor",binod.bhandari6317@mail.com
"Binod Bhagat Malla","8837 Tripureshwor",binod.malla6318@demo.net
"Sandeep Dhoj Seikh","3030 Chabel",sandeep.seikh6319@demo.net
"Sompal Bir Paudel","9915 Ratnapark",sompal.paudel6320@example.com
"Paras Krishna Seikh","3701 Chabel",paras.seikh6321@mail.com
"Rohit Bir Seikh","3435 Sundhara",rohit.seikh6322@random.org
"Kushal Bahadur Bhurtel","4732 New Road",kushal.bhurtel6323@random.org
"Asif Lal Rajbanshi","5719 New Road",asif.rajbanshi6324@demo.net
"Kushal Dev Rajbanshi","857 Baneshwor",kushal.rajbanshi6325@demo.net
"Kushal Dhoj Bhandari","2439 Chabel",kushal.bhandari6326@test.com
"Sandeep Lal Kami","1466 New Road",sandeep.kami6327@demo.net
"Asif Bahadur Bhandari","4571 Baneshwor",asif.bhandari6328@random.org
"Sandeep Gopal Paudel","1986 Ekantakuna",sandeep.paudel6329@example.com
"Rohit Krishna Rajbanshi","7335 Ratnapark",rohit.rajbanshi6330@example.com
"Sompal Dev Lamichane","1466 Jawalakhel",sompal.lamichane6331@example.com
"Sandeep Krishna K.C","2604 Tinkune",sandeep.k.c6332@example.com
"Rohit Dev K.C","7016 Tripureshwor",rohit.k.c6333@example.com
"Rohit Bhopal Seikh","4244 New Road",rohit.seikh6334@demo.net
"Binod Krishna Kami","3984 Jawalakhel",binod.kami6335@random.org
"Asif Lal K.C","6639 Baneshwor",asif.k.c6336@random.org
"Sompal Bhopal K.C","2136 Baneshwor",sompal.k.c6337@test.com
"Asif Lal Paudel","3398 Tripureshwor",asif.paudel6338@test.com
"Paras Bhagat Bhurtel","1560 Chabel",paras.bhurtel6339@example.com
"Rohit Bahadur Malla","1024 Sundhara",rohit.malla6340@mail.com
"Kushal Dhoj Seikh","6485 Sundhara",kushal.seikh6341@test.com
"Asif Dev Bhandari","5153 Jawalakhel",asif.bhandari6342@demo.net
"Sompal Bhagat Bhurtel","731 Sundhara",sompal.bhurtel6343@example.com
"Karan Bhopal Bhandari","4476 Baneshwor",karan.bhandari6344@test.com
"Lalit Bhopal Kami","620 New Road",lalit.kami6345@test.com
"Binod Krishna Khadka","1599 Ekantakuna",binod.khadka6346@mail.com
"Arif Kumar Lamichane","9723 Ekantakuna",arif.lamichane6347@demo.net
"Sompal Bhopal Paudel","7381 Jawalakhel",sompal.paudel6348@random.org
"Arif Lal Lamichane","5029 Ratnapark",arif.lamichane6349@mail.com
"Karan Bahadur Bhandari","1602 Tripureshwor",karan.bhandari6350@example.com
"Rohit Dev Malla","8203 New Road",rohit.malla6351@random.org
"Arif Kumar Kami","7476 Tinkune",arif.kami6352@example.com
"Lalit Dhoj Bhandari","5741 Sundhara",lalit.bhandari6353@demo.net
"Rohit Bhagat Paudel","702 Tripureshwor",rohit.paudel6354@demo.net
"Lalit Gopal Paudel","1265 Ratnapark",lalit.paudel6355@test.com
"Karan Bhagat Malla","6759 Tripureshwor",karan.malla6356@demo.net
"Sandeep Dev K.C","2129 Ekantakuna",sandeep.k.c6357@test.com
"Kushal Bhopal Malla","7245 Ekantakuna",kushal.malla6358@example.com
"Asif Bhagat Kami","2111 New Road",asif.kami6359@mail.com
"Asif Gopal Lamichane","9915 Jawalakhel",asif.lamichane6360@mail.com
"Sandeep Dev Kami","3215 Baneshwor",sandeep.kami6361@random.org
"Paras Krishna Bhandari","9746 Sundhara",paras.bhandari6362@demo.net
"Karan Bhopal Khadka","5252 Ekantakuna",karan.khadka6363@demo.net
"Lalit Bhopal Paudel","3119 Sundhara",lalit.paudel6364@random.org
"Paras Lal Malla","259 New Road",paras.malla6365@mail.com
"Sompal Bhopal K.C","6493 Gaushala",sompal.k.c6366@example.com
"Sandeep Bhagat K.C","1750 Ekantakuna",sandeep.k.c6367@random.org
"Kushal Lal Lamichane","2883 Baneshwor",kushal.lamichane6368@test.com
"Binod Bhopal Bhandari","3599 Sundhara",binod.bhandari6369@demo.net
"Binod Bhopal Kami","7659 Jawalakhel",binod.kami6370@mail.com
"Lalit Bhagat Khadka","7979 Baneshwor",lalit.khadka6371@mail.com
"Asif Krishna Malla","7255 Jawalakhel",asif.malla6372@example.com
"Kushal Kumar K.C","3355 Gaushala",kushal.k.c6373@demo.net
"Asif Gopal Paudel","1252 Tripureshwor",asif.paudel6374@demo.net
"Sandeep Dev Rajbanshi","1040 Baneshwor",sandeep.rajbanshi6375@test.com
"Paras Bir K.C","5137 Baneshwor",paras.k.c6376@random.org
"Sompal Gopal Lamichane","1375 Tinkune",sompal.lamichane6377@mail.com
"Arif Bir Rajbanshi","2248 Gaushala",arif.rajbanshi6378@demo.net
"Arif Lal Bhurtel","6072 Chabel",arif.bhurtel6379@example.com
"Sompal Lal Kami","7599 Baneshwor",sompal.kami6380@mail.com
"Paras Bhopal Seikh","4055 Tinkune",paras.seikh6381@test.com
"Lalit Dhoj Rajbanshi","7018 Chabel",lalit.rajbanshi6382@test.com
"Rohit Bhopal Malla","6005 Jawalakhel",rohit.malla6383@demo.net
"Asif Bhagat Malla","7807 New Road",asif.malla6384@random.org
"Paras Bhopal Bhandari","6131 Ekantakuna",paras.bhandari6385@mail.com
"Paras Dev Malla","9997 Baneshwor",paras.malla6386@test.com
"Asif Bahadur Bhurtel","6330 Ekantakuna",asif.bhurtel6387@example.com
"Kushal Gopal Khadka","8562 Ratnapark",kushal.khadka6388@example.com
"Kushal Krishna Bhurtel","3784 Ekantakuna",kushal.bhurtel6389@example.com
"Lalit Gopal K.C","628 Baneshwor",lalit.k.c6390@random.org
"Karan Dhoj Rajbanshi","5870 Sundhara",karan.rajbanshi6391@random.org
"Arif Dhoj Seikh","136 Chabel",arif.seikh6392@example.com
"Karan Bhopal Khadka","9145 Tinkune",karan.khadka6393@demo.net
"Karan Dev Lamichane","5692 Tinkune",karan.lamichane6394@example.com
"Asif Dhoj Bhurtel","7120 Tripureshwor",asif.bhurtel6395@test.com
"Arif Dhoj Rajbanshi","3090 Tripureshwor",arif.rajbanshi6396@example.com
"Sandeep Bir Malla","7844 Baneshwor",sandeep.malla6397@mail.com
"Sompal Gopal Seikh","3639 Gaushala",sompal.seikh6398@test.com
"Lalit Bir Rajbanshi","6964 Chabel",lalit.rajbanshi6399@example.com
"Binod Krishna Lamichane","9719 Ekantakuna",binod.lamichane6400@mail.com
"Arif Kumar Bhandari","5626 Gaushala",arif.bhandari6401@test.com
"Sandeep Bhagat Bhandari","9674 Jawalakhel",sandeep.bhandari6402@mail.com
"Arif Bir Rajbanshi","1334 Jawalakhel",arif.rajbanshi6403@test.com
"Rohit Bhagat Kami","5026 Chabel",rohit.kami6404@random.org
"Paras Kumar Paudel","5322 Jawalakhel",paras.paudel6405@demo.net
"Sandeep Bhopal Paudel","2639 Gaushala",sandeep.paudel6406@demo.net
"Arif Dev Malla","7735 Sundhara",arif.malla6407@example.com
"Binod Dhoj Seikh","2110 Tripureshwor",binod.seikh6408@random.org
"Kushal Lal Bhurtel","4440 Jawalakhel",kushal.bhurtel6409@mail.com
"Lalit Gopal Seikh","671 Tinkune",lalit.seikh6410@random.org
"Rohit Kumar Bhandari","4112 Tinkune",rohit.bhandari6411@test.com
"Lalit Lal Paudel","8409 Tripureshwor",lalit.paudel6412@random.org
"Kushal Dev Kami","7790 Tinkune",kushal.kami6413@test.com
"Sompal Kumar K.C","9197 Baneshwor",sompal.k.c6414@demo.net
"Sandeep Dev Paudel","8598 Tripureshwor",sandeep.paudel6415@example.com
"Karan Gopal Khadka","8795 New Road",karan.khadka6416@example.com
"Asif Dhoj Malla","3428 Sundhara",asif.malla6417@mail.com
"Sandeep Krishna Lamichane","1605 Chabel",sandeep.lamichane6418@random.org
"Sompal Krishna Lamichane","7745 Jawalakhel",sompal.lamichane6419@example.com
"Asif Bhagat Paudel","1974 Ratnapark",asif.paudel6420@mail.com
"Sompal Lal Khadka","431 Chabel",sompal.khadka6421@mail.com
"Paras Bhagat Paudel","5877 Ekantakuna",paras.paudel6422@example.com
"Rohit Bhagat Seikh","6183 Chabel",rohit.seikh6423@example.com
"Paras Bahadur Lamichane","7795 New Road",paras.lamichane6424@mail.com
"Sandeep Bahadur K.C","9963 Ekantakuna",sandeep.k.c6425@example.com
"Paras Gopal Bhurtel","556 New Road",paras.bhurtel6426@example.com
"Karan Bir Paudel","3558 Chabel",karan.paudel6427@test.com
"Rohit Bahadur Kami","3538 Sundhara",rohit.kami6428@demo.net
"Sompal Bahadur Malla","1230 Baneshwor",sompal.malla6429@demo.net
"Rohit Bahadur Kami","6214 Baneshwor",rohit.kami6430@test.com
"Sandeep Kumar Rajbanshi","7556 Gaushala",sandeep.rajbanshi6431@test.com
"Sandeep Bahadur Seikh","4763 Chabel",sandeep.seikh6432@test.com
"Arif Dev Khadka","8916 Jawalakhel",arif.khadka6433@example.com
"Rohit Kumar Paudel","6214 Tripureshwor",rohit.paudel6434@demo.net
"Paras Bahadur Khadka","3983 Sundhara",paras.khadka6435@mail.com
"Karan Gopal Bhurtel","3734 New Road",karan.bhurtel6436@test.com
"Lalit Bahadur Malla","556 Ekantakuna",lalit.malla6437@test.com
"Kushal Dev Paudel","7589 Tripureshwor",kushal.paudel6438@test.com
"Arif Gopal Khadka","5121 Chabel",arif.khadka6439@demo.net
"Kushal Dhoj Seikh","9273 Tinkune",kushal.seikh6440@demo.net
"Asif Lal Malla","1305 Gaushala",asif.malla6441@random.org
"Sompal Kumar Rajbanshi","7505 Jawalakhel",sompal.rajbanshi6442@mail.com
"Kushal Bir Malla","3941 New Road",kushal.malla6443@random.org
"Sompal Gopal Seikh","9109 Gaushala",sompal.seikh6444@example.com
"Sandeep Bir Khadka","8172 Gaushala",sandeep.khadka6445@example.com
"Paras Krishna Malla","1734 Ratnapark",paras.malla6446@test.com
"Asif Lal Malla","1862 Ekantakuna",asif.malla6447@example.com
"Lalit Bhopal K.C","9448 Baneshwor",lalit.k.c6448@test.com
"Arif Bir Bhurtel","5139 Gaushala",arif.bhurtel6449@mail.com
"Karan Bir Paudel","8981 Ratnapark",karan.paudel6450@example.com
"Asif Bahadur Bhandari","2679 Gaushala",asif.bhandari6451@random.org
"Sompal Lal K.C","9281 Baneshwor",sompal.k.c6452@random.org
"Rohit Krishna Seikh","6982 Gaushala",rohit.seikh6453@demo.net
"Sandeep Lal Lamichane","5637 Baneshwor",sandeep.lamichane6454@random.org
"Arif Bir Bhandari","622 Tripureshwor",arif.bhandari6455@mail.com
"Lalit Bahadur Seikh","1824 Tinkune",lalit.seikh6456@example.com
"Lalit Dhoj Lamichane","482 Ekantakuna",lalit.lamichane6457@mail.com
"Lalit Dev Malla","7115 Ratnapark",lalit.malla6458@random.org
"Karan Krishna Kami","5913 Baneshwor",karan.kami6459@test.com
"Paras Krishna Bhurtel","9379 New Road",paras.bhurtel6460@example.com
"Binod Lal Paudel","4593 Ekantakuna",binod.paudel6461@mail.com
"Binod Bir Kami","2966 Ratnapark",binod.kami6462@demo.net
"Asif Bahadur Kami","3145 Tripureshwor",asif.kami6463@demo.net
"Sandeep Dev Bhandari","1319 Chabel",sandeep.bhandari6464@mail.com
"Sompal Gopal Rajbanshi","4806 Chabel",sompal.rajbanshi6465@random.org
"Rohit Bhagat Seikh","9469 Sundhara",rohit.seikh6466@demo.net
"Binod Bhopal Malla","6509 Gaushala",binod.malla6467@example.com
"Paras Dev Malla","799 Ratnapark",paras.malla6468@random.org
"Binod Gopal Khadka","8217 Chabel",binod.khadka6469@example.com
"Rohit Bir Malla","1031 Ekantakuna",rohit.malla6470@mail.com
"Kushal Bhagat Seikh","4786 Chabel",kushal.seikh6471@random.org
"Arif Dev Bhandari","1859 Jawalakhel",arif.bhandari6472@test.com
"Asif Krishna Bhandari","9082 Tinkune",asif.bhandari6473@example.com
"Sandeep Krishna Bhandari","3038 Chabel",sandeep.bhandari6474@test.com
"Binod Krishna Seikh","1772 Tripureshwor",binod.seikh6475@mail.com
"Asif Bhopal K.C","3489 Ratnapark",asif.k.c6476@mail.com
"Binod Lal Paudel","8598 Ratnapark",binod.paudel6477@random.org
"Arif Lal Bhurtel","6001 Tripureshwor",arif.bhurtel6478@test.com
"Binod Gopal Kami","6015 Baneshwor",binod.kami6479@random.org
"Rohit Gopal Malla","5781 Chabel",rohit.malla6480@random.org
"Binod Bhagat Bhurtel","4097 Baneshwor",binod.bhurtel6481@example.com
"Rohit Dhoj K.C","7775 Sundhara",rohit.k.c6482@test.com
"Paras Bhopal Seikh","5114 Jawalakhel",paras.seikh6483@demo.net
"Arif Bhagat Lamichane","3426 Chabel",arif.lamichane6484@demo.net
"Sandeep Dhoj K.C","4362 Sundhara",sandeep.k.c6485@mail.com
"Arif Krishna Rajbanshi","5913 Gaushala",arif.rajbanshi6486@example.com
"Binod Bir Khadka","3373 Chabel",binod.khadka6487@test.com
"Sompal Lal Khadka","6293 Tinkune",sompal.khadka6488@mail.com
"Kushal Bahadur K.C","1434 Tinkune",kushal.k.c6489@random.org
"Karan Bahadur Bhandari","9121 Sundhara",karan.bhandari6490@random.org
"Sandeep Dev Khadka","8153 New Road",sandeep.khadka6491@mail.com
"Rohit Bhagat Bhurtel","6968 New Road",rohit.bhurtel6492@demo.net
"Sandeep Bahadur Rajbanshi","4091 Jawalakhel",sandeep.rajbanshi6493@example.com
"Karan Dhoj Paudel","4300 Baneshwor",karan.paudel6494@example.com
"Karan Dev Kami","6244 Ratnapark",karan.kami6495@mail.com
"Sompal Bir Lamichane","7360 Tinkune",sompal.lamichane6496@mail.com
"Sandeep Kumar Malla","4936 Ekantakuna",sandeep.malla6497@example.com
"Binod Krishna Khadka","4870 Tinkune",binod.khadka6498@mail.com
"Asif Dev Seikh","838 Sundhara",asif.seikh6499@demo.net
"Sandeep Kumar Malla","2406 Ratnapark",sandeep.malla6500@random.org
"Paras Lal Lamichane","7773 Baneshwor",paras.lamichane6501@demo.net
"Asif Bhagat Lamichane","5562 Ekantakuna",asif.lamichane6502@example.com
"Kushal Bir Kami","1276 Jawalakhel",kushal.kami6503@random.org
"Sompal Gopal Khadka","8070 Jawalakhel",sompal.khadka6504@demo.net
"Lalit Krishna Khadka","8370 Tinkune",lalit.khadka6505@test.com
"Arif Krishna Khadka","9485 Baneshwor",arif.khadka6506@demo.net
"Rohit Bhagat Rajbanshi","1939 Tripureshwor",rohit.rajbanshi6507@mail.com
"Sompal Gopal Rajbanshi","5237 Ratnapark",sompal.rajbanshi6508@random.org
"Kushal Bhagat Seikh","8692 Tripureshwor",kushal.seikh6509@example.com
"Binod Dhoj Khadka","6129 Tripureshwor",binod.khadka6510@example.com
"Asif Dev Kami","6947 New Road",asif.kami6511@test.com
"Rohit Bhagat Khadka","8074 Ekantakuna",rohit.khadka6512@random.org
"Kushal Bhopal Malla","9616 Baneshwor",kushal.malla6513@test.com
"Sompal Lal Kami","4131 Tripureshwor",sompal.kami6514@test.com
"Sompal Gopal Khadka","3648 Ratnapark",sompal.khadka6515@random.org
"Lalit Dhoj Malla","4006 Gaushala",lalit.malla6516@demo.net
"Paras Bir K.C","377 Ratnapark",paras.k.c6517@mail.com
"Karan Dev Lamichane","970 Tripureshwor",karan.lamichane6518@test.com
"Arif Dhoj Rajbanshi","2175 Chabel",arif.rajbanshi6519@demo.net
"Asif Bhopal K.C","1237 Sundhara",asif.k.c6520@test.com
"Sandeep Bahadur Lamichane","3153 Ekantakuna",sandeep.lamichane6521@test.com
"Rohit Dev Malla","2487 Ratnapark",rohit.malla6522@example.com
"Karan Lal Seikh","5236 Baneshwor",karan.seikh6523@example.com
"Paras Gopal K.C","5463 Jawalakhel",paras.k.c6524@random.org
"Sandeep Bahadur Bhurtel","7677 Ratnapark",sandeep.bhurtel6525@example.com
"Sandeep Bir Khadka","1619 New Road",sandeep.khadka6526@mail.com
"Binod Bhopal Bhurtel","2800 New Road",binod.bhurtel6527@test.com
"Paras Dev Paudel","6334 Tinkune",paras.paudel6528@random.org
"Kushal Dhoj Kami","3986 Ratnapark",kushal.kami6529@random.org
"Arif Bir Bhandari","5137 Chabel",arif.bhandari6530@random.org
"Binod Dev Rajbanshi","5645 Ratnapark",binod.rajbanshi6531@mail.com
"Karan Bhagat K.C","6717 Chabel",karan.k.c6532@test.com
"Kushal Dev K.C","8884 Ratnapark",kushal.k.c6533@example.com
"Paras Krishna K.C","4312 Tinkune",paras.k.c6534@example.com
"Rohit Bahadur Lamichane","3180 New Road",rohit.lamichane6535@demo.net
"Rohit Dev Bhurtel","1680 Baneshwor",rohit.bhurtel6536@example.com
"Arif Bhopal K.C","2752 Chabel",arif.k.c6537@random.org
"Paras Krishna Khadka","8277 Chabel",paras.khadka6538@example.com
"Asif Dev Kami","8900 Sundhara",asif.kami6539@random.org
"Paras Kumar Seikh","1297 Ratnapark",paras.seikh6540@mail.com
"Arif Bhagat Bhandari","4159 Gaushala",arif.bhandari6541@demo.net
"Karan Gopal Bhurtel","1629 Tinkune",karan.bhurtel6542@random.org
"Asif Bir Malla","805 Baneshwor",asif.malla6543@mail.com
"Binod Bahadur Khadka","635 Ekantakuna",binod.khadka6544@test.com
"Asif Dev K.C","323 Ratnapark",asif.k.c6545@demo.net
"Binod Bahadur Bhandari","1835 Gaushala",binod.bhandari6546@mail.com
"Rohit Kumar Rajbanshi","2353 Tinkune",rohit.rajbanshi6547@test.com
"Binod Krishna Bhandari","1856 New Road",binod.bhandari6548@mail.com
"Sandeep Kumar Khadka","5737 Jawalakhel",sandeep.khadka6549@test.com
"Kushal Krishna Lamichane","2866 Tinkune",kushal.lamichane6550@example.com
"Paras Bahadur Kami","8642 Jawalakhel",paras.kami6551@test.com
"Karan Dhoj Seikh","5617 Baneshwor",karan.seikh6552@test.com
"Arif Bahadur Rajbanshi","5732 Tripureshwor",arif.rajbanshi6553@mail.com
"Sandeep Krishna Paudel","2425 Baneshwor",sandeep.paudel6554@mail.com
"Sandeep Dhoj Paudel","9458 Baneshwor",sandeep.paudel6555@mail.com
"Rohit Dev Malla","4378 Ratnapark",rohit.malla6556@random.org
"Lalit Lal Kami","3072 New Road",lalit.kami6557@test.com
"Sompal Lal K.C","9170 Jawalakhel",sompal.k.c6558@random.org
"Paras Kumar K.C","4524 Ratnapark",paras.k.c6559@demo.net
"Lalit Dev Bhurtel","8139 Ekantakuna",lalit.bhurtel6560@mail.com
"Sandeep Krishna Bhandari","7072 Tinkune",sandeep.bhandari6561@example.com
"Kushal Bhopal Seikh","1546 Jawalakhel",kushal.seikh6562@demo.net
"Lalit Dev K.C","7506 Ekantakuna",lalit.k.c6563@example.com
"Rohit Kumar Paudel","2749 Sundhara",rohit.paudel6564@example.com
"Asif Kumar Malla","5064 Jawalakhel",asif.malla6565@demo.net
"Asif Krishna Paudel","8173 New Road",asif.paudel6566@example.com
"Paras Krishna K.C","2005 Sundhara",paras.k.c6567@demo.net
"Kushal Lal Kami","514 Ratnapark",kushal.kami6568@test.com
"Karan Lal Malla","8127 Gaushala",karan.malla6569@test.com
"Kushal Krishna Paudel","1596 Tinkune",kushal.paudel6570@random.org
"Lalit Dev Malla","4765 Sundhara",lalit.malla6571@test.com
"Kushal Bhagat Paudel","9768 Gaushala",kushal.paudel6572@random.org
"Karan Kumar K.C","9532 Tripureshwor",karan.k.c6573@mail.com
"Binod Kumar Kami","1032 Jawalakhel",binod.kami6574@test.com
"Arif Dhoj Bhurtel","7278 Sundhara",arif.bhurtel6575@random.org
"Karan Bhopal Bhurtel","7681 Tripureshwor",karan.bhurtel6576@random.org
"Karan Lal Seikh","3594 Ratnapark",karan.seikh6577@example.com
"Sompal Kumar Seikh","4058 Jawalakhel",sompal.seikh6578@example.com
"Karan Bhagat K.C","1908 Tinkune",karan.k.c6579@random.org
"Paras Bhopal Bhandari","7655 Gaushala",paras.bhandari6580@example.com
"Kushal Bahadur Seikh","5271 Sundhara",kushal.seikh6581@demo.net
"Arif Bir Malla","4751 Sundhara",arif.malla6582@mail.com
"Kushal Bhagat Khadka","4198 New Road",kushal.khadka6583@example.com
"Arif Bir K.C","9325 Ekantakuna",arif.k.c6584@test.com
"Rohit Bir Khadka","4415 Baneshwor",rohit.khadka6585@demo.net
"Kushal Bahadur Rajbanshi","7439 Tripureshwor",kushal.rajbanshi6586@mail.com
"Lalit Dev Lamichane","2856 Tripureshwor",lalit.lamichane6587@mail.com
"Arif Bhagat Malla","4106 Chabel",arif.malla6588@test.com
"Sandeep Bahadur K.C","4135 Gaushala",sandeep.k.c6589@demo.net
"Binod Gopal Kami","2891 Ekantakuna",binod.kami6590@demo.net
"Paras Kumar Bhandari","712 New Road",paras.bhandari6591@random.org
"Lalit Bhagat Lamichane","6421 Chabel",lalit.lamichane6592@test.com
"Kushal Gopal Bhurtel","9286 Baneshwor",kushal.bhurtel6593@mail.com
"Binod Lal Paudel","6576 Chabel",binod.paudel6594@mail.com
"Sandeep Bir Malla","4629 Gaushala",sandeep.malla6595@example.com
"Sompal Kumar Malla","1038 Sundhara",sompal.malla6596@random.org
"Kushal Gopal Lamichane","8519 Chabel",kushal.lamichane6597@demo.net
"Lalit Bhopal Rajbanshi","1646 Tripureshwor",lalit.rajbanshi6598@test.com
"Asif Bhagat Lamichane","3486 Chabel",asif.lamichane6599@demo.net
"Paras Lal Lamichane","5379 Chabel",paras.lamichane6600@demo.net
"Paras Dev Rajbanshi","3357 Sundhara",paras.rajbanshi6601@test.com
"Rohit Bhopal K.C","2013 New Road",rohit.k.c6602@demo.net
"Asif Bhagat Bhurtel","5021 Gaushala",asif.bhurtel6603@demo.net
"Karan Kumar Kami","2854 Gaushala",karan.kami6604@demo.net
"Sompal Lal Malla","5369 Baneshwor",sompal.malla6605@test.com
"Sompal Lal Rajbanshi","8032 Tinkune",sompal.rajbanshi6606@random.org
"Lalit Gopal Kami","2835 Tinkune",lalit.kami6607@test.com
"Kushal Lal Seikh","1269 Tinkune",kushal.seikh6608@mail.com
"Rohit Krishna Bhandari","7464 Tinkune",rohit.bhandari6609@mail.com
"Asif Dhoj Seikh","8321 Sundhara",asif.seikh6610@mail.com
"Asif Krishna Kami","1914 Sundhara",asif.kami6611@example.com
"Arif Dev K.C","5937 Ratnapark",arif.k.c6612@random.org
"Kushal Bir Khadka","2808 Sundhara",kushal.khadka6613@example.com
"Lalit Bhopal Rajbanshi","1717 Sundhara",lalit.rajbanshi6614@demo.net
"Kushal Dhoj Khadka","1750 Ratnapark",kushal.khadka6615@example.com
"Rohit Bahadur Paudel","8601 Ekantakuna",rohit.paudel6616@test.com
"Sandeep Gopal Khadka","472 Baneshwor",sandeep.khadka6617@example.com
"Paras Gopal Bhandari","4737 Ratnapark",paras.bhandari6618@random.org
"Sompal Dhoj Rajbanshi","1686 Tripureshwor",sompal.rajbanshi6619@random.org
"Rohit Kumar Paudel","442 Ratnapark",rohit.paudel6620@random.org
"Kushal Lal Malla","2188 Jawalakhel",kushal.malla6621@mail.com
"Karan Gopal Rajbanshi","4730 Ekantakuna",karan.rajbanshi6622@random.org
"Lalit Bir Paudel","2205 Jawalakhel",lalit.paudel6623@example.com
"Arif Dhoj Rajbanshi","614 Sundhara",arif.rajbanshi6624@demo.net
"Lalit Krishna Paudel","414 Jawalakhel",lalit.paudel6625@example.com
"Asif Bhagat K.C","8831 Sundhara",asif.k.c6626@demo.net
"Sompal Dhoj Rajbanshi","1148 Chabel",sompal.rajbanshi6627@mail.com
"Karan Krishna Kami","5600 Baneshwor",karan.kami6628@mail.com
"Binod Bir Bhandari","9714 Ratnapark",binod.bhandari6629@example.com
"Kushal Gopal K.C","4452 Sundhara",kushal.k.c6630@example.com
"Binod Gopal Khadka","7452 Ekantakuna",binod.khadka6631@random.org
"Sompal Lal K.C","6820 Sundhara",sompal.k.c6632@test.com
"Paras Dev Rajbanshi","6232 Ekantakuna",paras.rajbanshi6633@example.com
"Rohit Gopal Lamichane","3021 Baneshwor",rohit.lamichane6634@random.org
"Paras Dhoj Lamichane","4058 Gaushala",paras.lamichane6635@mail.com
"Rohit Bir K.C","4318 Tripureshwor",rohit.k.c6636@mail.com
"Binod Lal Malla","6707 New Road",binod.malla6637@mail.com
"Binod Dev Seikh","8754 Chabel",binod.seikh6638@example.com
"Arif Gopal Seikh","6969 New Road",arif.seikh6639@example.com
"Kushal Gopal Malla","8318 Baneshwor",kushal.malla6640@mail.com
"Paras Dhoj Malla","1794 Jawalakhel",paras.malla6641@test.com
"Sompal Kumar Seikh","6259 Tripureshwor",sompal.seikh6642@random.org
"Kushal Krishna K.C","5212 Tinkune",kushal.k.c6643@demo.net
"Lalit Dev Lamichane","9453 Sundhara",lalit.lamichane6644@demo.net
"Karan Dev Malla","3613 Chabel",karan.malla6645@test.com
"Binod Gopal Khadka","4888 Ratnapark",binod.khadka6646@example.com
"Sompal Bir Seikh","9702 Tinkune",sompal.seikh6647@mail.com
"Sompal Bahadur Rajbanshi","5475 Gaushala",sompal.rajbanshi6648@test.com
"Asif Krishna Lamichane","8815 Ratnapark",asif.lamichane6649@random.org
"Sandeep Dhoj Rajbanshi","6804 Baneshwor",sandeep.rajbanshi6650@test.com
"Karan Bir Khadka","1721 Jawalakhel",karan.khadka6651@random.org
"Lalit Krishna Lamichane","5448 Baneshwor",lalit.lamichane6652@mail.com
"Sompal Kumar Kami","8824 Ekantakuna",sompal.kami6653@demo.net
"Sompal Gopal Khadka","7924 Tinkune",sompal.khadka6654@random.org
"Arif Gopal Malla","214 Sundhara",arif.malla6655@example.com
"Rohit Bhopal Kami","9728 Sundhara",rohit.kami6656@demo.net
"Karan Krishna Seikh","8057 Jawalakhel",karan.seikh6657@random.org
"Karan Gopal Kami","9615 Tripureshwor",karan.kami6658@mail.com
"Lalit Gopal Lamichane","3375 Gaushala",lalit.lamichane6659@demo.net
"Paras Bir Seikh","3202 Tripureshwor",paras.seikh6660@random.org
"Sandeep Lal K.C","3662 Ratnapark",sandeep.k.c6661@demo.net
"Binod Bhagat Malla","4521 Tripureshwor",binod.malla6662@example.com
"Rohit Bir Bhurtel","4556 Chabel",rohit.bhurtel6663@example.com
"Binod Bahadur Malla","968 Jawalakhel",binod.malla6664@demo.net
"Binod Lal Paudel","7630 Baneshwor",binod.paudel6665@random.org
"Arif Bhagat Paudel","6752 Tripureshwor",arif.paudel6666@example.com
"Kushal Dhoj Lamichane","8843 New Road",kushal.lamichane6667@example.com
"Arif Bhagat Seikh","4100 Tinkune",arif.seikh6668@random.org
"Kushal Bhopal Paudel","8951 Sundhara",kushal.paudel6669@demo.net
"Rohit Bhagat Kami","9178 Tinkune",rohit.kami6670@example.com
"Karan Bhagat Lamichane","8994 Jawalakhel",karan.lamichane6671@demo.net
"Kushal Bahadur Bhurtel","9639 New Road",kushal.bhurtel6672@mail.com
"Paras Dhoj Malla","7289 Ekantakuna",paras.malla6673@mail.com
"Sompal Lal Khadka","7743 Tripureshwor",sompal.khadka6674@demo.net
"Asif Lal Rajbanshi","4960 Tripureshwor",asif.rajbanshi6675@mail.com
"Binod Bhopal Kami","6023 Baneshwor",binod.kami6676@random.org
"Kushal Dhoj K.C","5344 Baneshwor",kushal.k.c6677@mail.com
"Sandeep Bahadur Lamichane","2253 Tinkune",sandeep.lamichane6678@mail.com
"Kushal Bahadur Malla","3177 Jawalakhel",kushal.malla6679@random.org
"Paras Bahadur Seikh","2024 Gaushala",paras.seikh6680@test.com
"Asif Krishna Malla","5952 New Road",asif.malla6681@test.com
"Kushal Dhoj Rajbanshi","2582 Sundhara",kushal.rajbanshi6682@random.org
"Rohit Bir Lamichane","6541 Baneshwor",rohit.lamichane6683@test.com
"Binod Dev K.C","6774 Baneshwor",binod.k.c6684@demo.net
"Kushal Dhoj Paudel","4853 Sundhara",kushal.paudel6685@random.org
"Sandeep Bhagat Paudel","6108 Tinkune",sandeep.paudel6686@test.com
"Lalit Kumar Lamichane","4307 Baneshwor",lalit.lamichane6687@random.org
"Karan Kumar Bhurtel","1360 Ratnapark",karan.bhurtel6688@test.com
"Sompal Lal Bhandari","6612 Baneshwor",sompal.bhandari6689@random.org
"Paras Gopal Malla","7566 Ratnapark",paras.malla6690@example.com
"Rohit Bhopal Bhandari","2633 Chabel",rohit.bhandari6691@test.com
"Arif Bhopal Khadka","5745 New Road",arif.khadka6692@mail.com
"Karan Dhoj Malla","3045 Sundhara",karan.malla6693@random.org
"Arif Bhagat Bhurtel","9571 Chabel",arif.bhurtel6694@mail.com
"Lalit Krishna K.C","7212 Jawalakhel",lalit.k.c6695@mail.com
"Arif Bhagat K.C","3420 Chabel",arif.k.c6696@random.org
"Arif Gopal Bhurtel","3143 New Road",arif.bhurtel6697@demo.net
"Paras Bahadur Bhurtel","5980 Gaushala",paras.bhurtel6698@demo.net
"Arif Dhoj K.C","4177 Gaushala",arif.k.c6699@demo.net
"Rohit Lal Khadka","7658 Gaushala",rohit.khadka6700@test.com
"Sompal Bhopal Bhurtel","6950 Baneshwor",sompal.bhurtel6701@random.org
"Arif Bir Lamichane","7536 Ratnapark",arif.lamichane6702@mail.com
"Sandeep Gopal Paudel","5723 Jawalakhel",sandeep.paudel6703@demo.net
"Kushal Bahadur Lamichane","9206 Tripureshwor",kushal.lamichane6704@example.com
"Rohit Dev Bhandari","7668 Baneshwor",rohit.bhandari6705@example.com
"Kushal Dhoj Khadka","9346 Ratnapark",kushal.khadka6706@example.com
"Sompal Bhopal Seikh","1226 Gaushala",sompal.seikh6707@test.com
"Sompal Dhoj Bhurtel","2640 Ekantakuna",sompal.bhurtel6708@mail.com
"Paras Gopal K.C","1842 New Road",paras.k.c6709@test.com
"Rohit Dev Paudel","5948 Jawalakhel",rohit.paudel6710@example.com
"Sandeep Lal Paudel","4190 Baneshwor",sandeep.paudel6711@test.com
"Lalit Lal Bhandari","7880 Chabel",lalit.bhandari6712@test.com
"Paras Bir Khadka","2874 Tinkune",paras.khadka6713@mail.com
"Kushal Dhoj Bhurtel","1874 Jawalakhel",kushal.bhurtel6714@test.com
"Lalit Dev K.C","3948 Tripureshwor",lalit.k.c6715@mail.com
"Sandeep Krishna Seikh","6339 Sundhara",sandeep.seikh6716@random.org
"Sandeep Dev Rajbanshi","5565 Ratnapark",sandeep.rajbanshi6717@test.com
"Lalit Lal Malla","1680 New Road",lalit.malla6718@random.org
"Sompal Bhagat Paudel","3642 Gaushala",sompal.paudel6719@demo.net
"Rohit Bhopal Kami","9266 Baneshwor",rohit.kami6720@random.org
"Asif Gopal Kami","290 Sundhara",asif.kami6721@test.com
"Lalit Bahadur Rajbanshi","9501 Chabel",lalit.rajbanshi6722@example.com
"Lalit Bhagat Lamichane","346 Jawalakhel",lalit.lamichane6723@demo.net
"Arif Bhopal Seikh","7706 Sundhara",arif.seikh6724@test.com
"Asif Bahadur Paudel","7590 Sundhara",asif.paudel6725@demo.net
"Arif Bhopal Bhurtel","2913 Tinkune",arif.bhurtel6726@example.com
"Sandeep Krishna Lamichane","415 New Road",sandeep.lamichane6727@random.org
"Asif Gopal Malla","8658 Baneshwor",asif.malla6728@demo.net
"Lalit Bahadur Kami","7835 Tinkune",lalit.kami6729@mail.com
"Binod Dhoj Khadka","5346 New Road",binod.khadka6730@test.com
"Paras Dev Kami","9467 Tripureshwor",paras.kami6731@test.com
"Lalit Bhagat Malla","9836 Tripureshwor",lalit.malla6732@example.com
"Paras Gopal Bhandari","9509 Tripureshwor",paras.bhandari6733@random.org
"Rohit Lal Malla","7533 Gaushala",rohit.malla6734@example.com
"Sandeep Bhagat Bhurtel","5755 Baneshwor",sandeep.bhurtel6735@demo.net
"Asif Kumar K.C","2965 Sundhara",asif.k.c6736@test.com
"Sompal Bahadur Bhandari","2749 Jawalakhel",sompal.bhandari6737@random.org
"Binod Bahadur Khadka","5074 Baneshwor",binod.khadka6738@random.org
"Asif Bahadur Bhandari","673 Jawalakhel",asif.bhandari6739@test.com
"Karan Bahadur Bhandari","9208 Sundhara",karan.bhandari6740@demo.net
"Arif Bir Seikh","466 Baneshwor",arif.seikh6741@demo.net
"Lalit Bir Malla","1831 Chabel",lalit.malla6742@demo.net
"Sompal Bir Bhurtel","3085 Ekantakuna",sompal.bhurtel6743@example.com
"Karan Kumar Paudel","4228 Jawalakhel",karan.paudel6744@example.com
"Asif Bhopal Kami","9574 Tinkune",asif.kami6745@random.org
"Asif Gopal Seikh","3220 Jawalakhel",asif.seikh6746@mail.com
"Lalit Bhopal Paudel","6997 Tinkune",lalit.paudel6747@example.com
"Rohit Krishna Rajbanshi","8220 Ekantakuna",rohit.rajbanshi6748@example.com
"Paras Dhoj Paudel","9142 Ekantakuna",paras.paudel6749@demo.net
"Sompal Lal K.C","7305 Baneshwor",sompal.k.c6750@demo.net
"Sandeep Bir Rajbanshi","8134 Jawalakhel",sandeep.rajbanshi6751@example.com
"Sandeep Dev Kami","7782 Baneshwor",sandeep.kami6752@test.com
"Rohit Dev Kami","7487 Jawalakhel",rohit.kami6753@random.org
"Arif Lal Khadka","5255 Sundhara",arif.khadka6754@test.com
"Sompal Krishna Seikh","4736 Ratnapark",sompal.seikh6755@mail.com
"Asif Dev Paudel","1894 Gaushala",asif.paudel6756@example.com
"Karan Kumar Lamichane","307 Chabel",karan.lamichane6757@test.com
"Binod Bhopal Lamichane","9587 Gaushala",binod.lamichane6758@random.org
"Sompal Bahadur Bhandari","5419 Sundhara",sompal.bhandari6759@mail.com
"Sompal Bir Malla","150 Tinkune",sompal.malla6760@example.com
"Paras Lal Lamichane","1593 Sundhara",paras.lamichane6761@mail.com
"Asif Bhopal Malla","2113 New Road",asif.malla6762@random.org
"Binod Bhopal Kami","8756 Ekantakuna",binod.kami6763@demo.net
"Kushal Bhopal Bhurtel","7594 Chabel",kushal.bhurtel6764@test.com
"Binod Bhopal Khadka","8165 Jawalakhel",binod.khadka6765@random.org
"Binod Bahadur Paudel","2893 New Road",binod.paudel6766@example.com
"Asif Bahadur Malla","4069 Gaushala",asif.malla6767@example.com
"Asif Kumar Malla","4588 Chabel",asif.malla6768@test.com
"Karan Dev Malla","2198 Ekantakuna",karan.malla6769@example.com
"Sandeep Krishna Malla","2473 Jawalakhel",sandeep.malla6770@example.com
"Arif Bhagat Rajbanshi","4700 Tinkune",arif.rajbanshi6771@demo.net
"Sompal Bahadur K.C","6061 Baneshwor",sompal.k.c6772@mail.com
"Paras Bhagat Malla","2771 Gaushala",paras.malla6773@mail.com
"Karan Lal Paudel","1474 Ratnapark",karan.paudel6774@demo.net
"Paras Lal K.C","7269 Baneshwor",paras.k.c6775@mail.com
"Sompal Bahadur Khadka","2993 Tripureshwor",sompal.khadka6776@demo.net
"Paras Bahadur K.C","5302 Baneshwor",paras.k.c6777@demo.net
"Sompal Dev Paudel","4580 Baneshwor",sompal.paudel6778@example.com
"Paras Gopal K.C","4003 Sundhara",paras.k.c6779@demo.net
"Kushal Bhagat K.C","7990 Baneshwor",kushal.k.c6780@test.com
"Sompal Gopal Malla","3621 Ekantakuna",sompal.malla6781@demo.net
"Kushal Bhopal Seikh","602 Tripureshwor",kushal.seikh6782@random.org
"Sompal Gopal Seikh","4016 New Road",sompal.seikh6783@example.com
"Lalit Krishna K.C","4854 Jawalakhel",lalit.k.c6784@demo.net
"Binod Dhoj Bhandari","1797 Chabel",binod.bhandari6785@example.com
"Asif Bahadur Malla","2209 Ekantakuna",asif.malla6786@mail.com
"Binod Bhagat Lamichane","3547 Chabel",binod.lamichane6787@test.com
"Lalit Bhagat Bhurtel","3465 Baneshwor",lalit.bhurtel6788@example.com
"Rohit Bhopal Kami","5437 Ratnapark",rohit.kami6789@example.com
"Sompal Lal Paudel","4653 Baneshwor",sompal.paudel6790@example.com
"Kushal Kumar Lamichane","7897 Ratnapark",kushal.lamichane6791@demo.net
"Lalit Bir Paudel","5855 Jawalakhel",lalit.paudel6792@test.com
"Arif Gopal Lamichane","9798 Jawalakhel",arif.lamichane6793@test.com
"Kushal Lal Bhandari","9275 Tripureshwor",kushal.bhandari6794@random.org
"Karan Krishna Rajbanshi","2655 Baneshwor",karan.rajbanshi6795@demo.net
"Paras Gopal Lamichane","2881 Jawalakhel",paras.lamichane6796@demo.net
"Karan Bir Malla","4798 New Road",karan.malla6797@example.com
"Binod Dev K.C","743 Chabel",binod.k.c6798@demo.net
"Karan Bahadur Kami","1574 Ratnapark",karan.kami6799@test.com
"Paras Dev Khadka","4268 Tripureshwor",paras.khadka6800@test.com
"Kushal Lal Malla","548 Chabel",kushal.malla6801@example.com
"Sompal Bir Seikh","9777 Tripureshwor",sompal.seikh6802@test.com
"Karan Bhopal Bhandari","3052 Tinkune",karan.bhandari6803@demo.net
"Asif Krishna Bhandari","1689 Tinkune",asif.bhandari6804@demo.net
"Paras Bhagat Bhandari","6840 Chabel",paras.bhandari6805@mail.com
"Arif Bhopal Rajbanshi","2243 Tinkune",arif.rajbanshi6806@mail.com
"Sandeep Lal Lamichane","7276 Jawalakhel",sandeep.lamichane6807@test.com
"Sompal Krishna Lamichane","2918 New Road",sompal.lamichane6808@demo.net
"Arif Dev Malla","5676 Baneshwor",arif.malla6809@random.org
"Sompal Bhagat Khadka","2020 Tripureshwor",sompal.khadka6810@random.org
"Binod Bahadur Seikh","164 Chabel",binod.seikh6811@test.com
"Asif Krishna Paudel","3435 Baneshwor",asif.paudel6812@demo.net
"Rohit Bhopal Bhandari","416 Baneshwor",rohit.bhandari6813@demo.net
"Rohit Kumar Bhandari","7112 Sundhara",rohit.bhandari6814@example.com
"Sompal Lal Malla","4811 Tripureshwor",sompal.malla6815@example.com
"Paras Krishna Malla","5755 Jawalakhel",paras.malla6816@mail.com
"Sompal Bhopal Bhandari","7087 Sundhara",sompal.bhandari6817@test.com
"Lalit Dhoj Bhurtel","6102 Ekantakuna",lalit.bhurtel6818@demo.net
"Kushal Gopal Rajbanshi","5229 Chabel",kushal.rajbanshi6819@demo.net
"Kushal Kumar Rajbanshi","4304 Baneshwor",kushal.rajbanshi6820@example.com
"Kushal Bhagat Seikh","5589 Gaushala",kushal.seikh6821@test.com
"Asif Kumar Rajbanshi","9289 Jawalakhel",asif.rajbanshi6822@mail.com
"Karan Bhopal Rajbanshi","5404 Chabel",karan.rajbanshi6823@random.org
"Karan Kumar Paudel","5865 Jawalakhel",karan.paudel6824@random.org
"Lalit Bir K.C","6167 Chabel",lalit.k.c6825@test.com
"Lalit Gopal Malla","4431 Ekantakuna",lalit.malla6826@random.org
"Rohit Bhopal Kami","368 Ekantakuna",rohit.kami6827@test.com
"Paras Gopal Seikh","386 Ekantakuna",paras.seikh6828@test.com
"Karan Dhoj Paudel","3582 Gaushala",karan.paudel6829@example.com
"Arif Krishna Paudel","4029 Baneshwor",arif.paudel6830@test.com
"Binod Lal Kami","5254 Baneshwor",binod.kami6831@demo.net
"Asif Gopal Khadka","8005 Ratnapark",asif.khadka6832@random.org
"Sompal Krishna Malla","1594 Ratnapark",sompal.malla6833@mail.com
"Sompal Krishna Paudel","9699 Gaushala",sompal.paudel6834@random.org
"Rohit Dhoj Seikh","4128 Chabel",rohit.seikh6835@example.com
"Sompal Bir Malla","1608 Ekantakuna",sompal.malla6836@demo.net
"Sandeep Bir Seikh","7126 New Road",sandeep.seikh6837@example.com
"Sandeep Bir Paudel","7911 New Road",sandeep.paudel6838@mail.com
"Rohit Dhoj Lamichane","8411 Baneshwor",rohit.lamichane6839@test.com
"Asif Bhopal Rajbanshi","5040 Ekantakuna",asif.rajbanshi6840@mail.com
"Sompal Dev Lamichane","4618 Ratnapark",sompal.lamichane6841@demo.net
"Paras Krishna Khadka","2384 Tinkune",paras.khadka6842@test.com
"Sompal Kumar K.C","7676 Jawalakhel",sompal.k.c6843@test.com
"Asif Kumar Kami","2827 Chabel",asif.kami6844@random.org
"Kushal Bhopal Seikh","9163 Jawalakhel",kushal.seikh6845@random.org
"Kushal Bhopal Lamichane","258 Jawalakhel",kushal.lamichane6846@mail.com
"Karan Dhoj Rajbanshi","5878 Tripureshwor",karan.rajbanshi6847@demo.net
"Karan Krishna Rajbanshi","3340 Jawalakhel",karan.rajbanshi6848@random.org
"Rohit Bhagat Lamichane","1033 Tinkune",rohit.lamichane6849@example.com
"Karan Bhopal Paudel","3277 Jawalakhel",karan.paudel6850@test.com
"Rohit Bhopal K.C","8041 Sundhara",rohit.k.c6851@example.com
"Rohit Bahadur Paudel","5776 Sundhara",rohit.paudel6852@demo.net
"Paras Bir Rajbanshi","8521 Chabel",paras.rajbanshi6853@random.org
"Karan Bahadur Bhurtel","3634 Ekantakuna",karan.bhurtel6854@random.org
"Sandeep Bhagat Seikh","8276 Jawalakhel",sandeep.seikh6855@mail.com
"Sompal Bhopal Paudel","9325 Jawalakhel",sompal.paudel6856@example.com
"Sompal Bahadur Bhurtel","2763 Baneshwor",sompal.bhurtel6857@example.com
"Asif Krishna Seikh","7470 Baneshwor",asif.seikh6858@demo.net
"Rohit Kumar Malla","9963 Baneshwor",rohit.malla6859@random.org
"Binod Lal Seikh","507 Jawalakhel",binod.seikh6860@example.com
"Arif Lal Malla","4901 Tinkune",arif.malla6861@test.com
"Sompal Kumar Bhurtel","1561 Baneshwor",sompal.bhurtel6862@random.org
"Sandeep Krishna Lamichane","6276 Sundhara",sandeep.lamichane6863@mail.com
"Sompal Krishna Bhandari","5104 Chabel",sompal.bhandari6864@mail.com
"Karan Lal Khadka","3086 Chabel",karan.khadka6865@example.com
"Sompal Bhopal Rajbanshi","6069 Sundhara",sompal.rajbanshi6866@test.com
"Sompal Bhopal Seikh","909 Ekantakuna",sompal.seikh6867@test.com
"Arif Lal Rajbanshi","3032 Gaushala",arif.rajbanshi6868@random.org
"Asif Dhoj Malla","4666 Chabel",asif.malla6869@demo.net
"Asif Lal Seikh","1740 Gaushala",asif.seikh6870@demo.net
"Paras Bir Seikh","9675 New Road",paras.seikh6871@demo.net
"Lalit Dhoj Lamichane","4425 Chabel",lalit.lamichane6872@test.com
"Sompal Krishna Seikh","6578 Chabel",sompal.seikh6873@demo.net
"Karan Bhopal Paudel","8500 Tripureshwor",karan.paudel6874@mail.com
"Karan Dev Paudel","3710 Ekantakuna",karan.paudel6875@demo.net
"Sompal Bahadur Kami","4020 Chabel",sompal.kami6876@demo.net
"Rohit Bir Paudel","2434 Sundhara",rohit.paudel6877@demo.net
"Rohit Bhopal K.C","5433 Gaushala",rohit.k.c6878@demo.net
"Arif Krishna Bhurtel","8371 Ratnapark",arif.bhurtel6879@demo.net
"Kushal Bhagat Kami","737 Ratnapark",kushal.kami6880@example.com
"Lalit Bir Khadka","4343 Jawalakhel",lalit.khadka6881@mail.com
"Binod Dhoj Malla","4779 Jawalakhel",binod.malla6882@random.org
"Binod Lal Seikh","4398 New Road",binod.seikh6883@random.org
"Karan Dev Bhurtel","3348 Tinkune",karan.bhurtel6884@test.com
"Arif Bhagat Bhandari","1955 Baneshwor",arif.bhandari6885@example.com
"Asif Gopal Kami","2267 Ekantakuna",asif.kami6886@mail.com
"Binod Lal Bhurtel","9457 New Road",binod.bhurtel6887@test.com
"Lalit Dev K.C","2707 Ratnapark",lalit.k.c6888@test.com
"Lalit Gopal Rajbanshi","5938 Chabel",lalit.rajbanshi6889@example.com
"Binod Bhopal Seikh","1924 Baneshwor",binod.seikh6890@random.org
"Sompal Bir K.C","7186 Jawalakhel",sompal.k.c6891@example.com
"Rohit Bhagat K.C","9281 Baneshwor",rohit.k.c6892@random.org
"Arif Dev K.C","6614 Ratnapark",arif.k.c6893@random.org
"Sandeep Krishna Rajbanshi","1435 New Road",sandeep.rajbanshi6894@example.com
"Binod Bir Malla","8054 Gaushala",binod.malla6895@test.com
"Kushal Dhoj Seikh","2811 Sundhara",kushal.seikh6896@example.com
"Arif Kumar Bhurtel","6750 Tripureshwor",arif.bhurtel6897@test.com
"Arif Gopal K.C","5927 Ratnapark",arif.k.c6898@demo.net
"Kushal Gopal Bhandari","7771 Ratnapark",kushal.bhandari6899@mail.com
"Karan Lal Khadka","9092 Jawalakhel",karan.khadka6900@demo.net
"Rohit Bahadur Rajbanshi","3283 Tinkune",rohit.rajbanshi6901@example.com
"Rohit Bhagat Khadka","2786 Tripureshwor",rohit.khadka6902@example.com
"Karan Dev Kami","6766 Gaushala",karan.kami6903@mail.com
"Binod Bhagat Bhurtel","7977 Tripureshwor",binod.bhurtel6904@random.org
"Arif Dev K.C","2858 Tripureshwor",arif.k.c6905@demo.net
"Kushal Bhopal Paudel","7537 Ratnapark",kushal.paudel6906@test.com
"Arif Lal Kami","4947 Ratnapark",arif.kami6907@demo.net
"Binod Bhopal Lamichane","9289 Chabel",binod.lamichane6908@mail.com
"Rohit Bhagat Seikh","9607 Chabel",rohit.seikh6909@demo.net
"Paras Bahadur Kami","8797 Ekantakuna",paras.kami6910@random.org
"Paras Dhoj Seikh","6978 Ratnapark",paras.seikh6911@test.com
"Rohit Lal Malla","9107 Sundhara",rohit.malla6912@random.org
"Lalit Dev Bhurtel","7620 New Road",lalit.bhurtel6913@random.org
"Karan Dhoj Bhurtel","1677 Ekantakuna",karan.bhurtel6914@demo.net
"Lalit Bir Bhurtel","1951 Sundhara",lalit.bhurtel6915@test.com
"Sompal Bir Rajbanshi","9874 Tinkune",sompal.rajbanshi6916@demo.net
"Kushal Gopal K.C","9365 Gaushala",kushal.k.c6917@test.com
"Rohit Krishna Bhurtel","9150 Tripureshwor",rohit.bhurtel6918@demo.net
"Asif Dhoj Paudel","2439 Ratnapark",asif.paudel6919@demo.net
"Paras Bhagat Kami","5164 Jawalakhel",paras.kami6920@demo.net
"Rohit Dhoj Bhurtel","1724 Jawalakhel",rohit.bhurtel6921@mail.com
"Karan Krishna Seikh","1234 Jawalakhel",karan.seikh6922@example.com
"Asif Bhopal Paudel","6169 Sundhara",asif.paudel6923@example.com
"Arif Gopal K.C","3666 Chabel",arif.k.c6924@test.com
"Arif Bir Malla","9846 Ratnapark",arif.malla6925@example.com
"Karan Dhoj Rajbanshi","8272 Chabel",karan.rajbanshi6926@demo.net
"Kushal Kumar Lamichane","6436 Tripureshwor",kushal.lamichane6927@mail.com
"Sompal Bahadur Kami","9773 Ekantakuna",sompal.kami6928@mail.com
"Sompal Lal Malla","9312 Ratnapark",sompal.malla6929@example.com
"Binod Lal Seikh","2541 Sundhara",binod.seikh6930@random.org
"Sompal Bhopal Malla","2744 Ratnapark",sompal.malla6931@demo.net
"Rohit Bhopal Lamichane","5113 Jawalakhel",rohit.lamichane6932@example.com
"Binod Dhoj Bhurtel","9022 Gaushala",binod.bhurtel6933@mail.com
"Binod Dev Khadka","1287 Jawalakhel",binod.khadka6934@demo.net
"Paras Krishna Kami","3295 Sundhara",paras.kami6935@mail.com
"Arif Dhoj Seikh","2830 New Road",arif.seikh6936@demo.net
"Lalit Bhagat Paudel","253 Chabel",lalit.paudel6937@demo.net
"Sompal Kumar Bhurtel","3171 Ekantakuna",sompal.bhurtel6938@test.com
"Rohit Kumar Lamichane","4021 Ratnapark",rohit.lamichane6939@demo.net
"Asif Kumar Bhandari","4583 Sundhara",asif.bhandari6940@test.com
"Paras Bhopal Khadka","1413 Sundhara",paras.khadka6941@test.com
"Kushal Krishna Paudel","1141 Tinkune",kushal.paudel6942@demo.net
"Rohit Kumar Bhandari","2297 Gaushala",rohit.bhandari6943@example.com
"Lalit Krishna Lamichane","6259 Baneshwor",lalit.lamichane6944@example.com
"Sompal Bahadur Kami","3079 Ekantakuna",sompal.kami6945@test.com
"Arif Bhagat Rajbanshi","4755 Gaushala",arif.rajbanshi6946@mail.com
"Rohit Krishna Khadka","9528 Tripureshwor",rohit.khadka6947@demo.net
"Sompal Krishna Lamichane","7099 Baneshwor",sompal.lamichane6948@demo.net
"Karan Dev Lamichane","602 Ratnapark",karan.lamichane6949@demo.net
"Sompal Dhoj Lamichane","9626 Tripureshwor",sompal.lamichane6950@mail.com
"Sompal Dev Seikh","610 Chabel",sompal.seikh6951@demo.net
"Arif Krishna Bhurtel","4148 Chabel",arif.bhurtel6952@demo.net
"Sandeep Bir Bhandari","2257 Sundhara",sandeep.bhandari6953@random.org
"Sompal Bir K.C","7800 Baneshwor",sompal.k.c6954@example.com
"Asif Bhopal Lamichane","6449 Gaushala",asif.lamichane6955@random.org
"Rohit Lal Bhurtel","3510 Tinkune",rohit.bhurtel6956@random.org
"Lalit Bir Paudel","7486 Jawalakhel",lalit.paudel6957@mail.com
"Lalit Bhopal K.C","6059 Tripureshwor",lalit.k.c6958@random.org
"Karan Dhoj Kami","7219 Tinkune",karan.kami6959@random.org
"Sompal Lal Kami","9222 New Road",sompal.kami6960@example.com
"Binod Dev Kami","6973 Gaushala",binod.kami6961@test.com
"Paras Bhopal Lamichane","4304 Tinkune",paras.lamichane6962@mail.com
"Lalit Bir Lamichane","1412 Gaushala",lalit.lamichane6963@mail.com
"Rohit Krishna Lamichane","9560 Ekantakuna",rohit.lamichane6964@test.com
"Karan Bhagat Malla","6032 Jawalakhel",karan.malla6965@demo.net
"Kushal Gopal Bhandari","261 Sundhara",kushal.bhandari6966@test.com
"Arif Kumar Paudel","9893 Chabel",arif.paudel6967@mail.com
"Karan Gopal Paudel","674 Gaushala",karan.paudel6968@random.org
"Lalit Gopal Rajbanshi","2762 Ekantakuna",lalit.rajbanshi6969@example.com
"Sandeep Bhopal Malla","5499 Tinkune",sandeep.malla6970@test.com
"Sandeep Dhoj Lamichane","9546 New Road",sandeep.lamichane6971@mail.com
"Arif Dev Lamichane","175 Chabel",arif.lamichane6972@mail.com
"Sandeep Dev Bhandari","8326 Gaushala",sandeep.bhandari6973@example.com
"Kushal Gopal Rajbanshi","151 Baneshwor",kushal.rajbanshi6974@example.com
"Sompal Bhopal Malla","2013 Ekantakuna",sompal.malla6975@demo.net
"Arif Gopal Rajbanshi","7176 Ratnapark",arif.rajbanshi6976@test.com
"Lalit Bhagat Rajbanshi","102 Ratnapark",lalit.rajbanshi6977@test.com
"Paras Lal Paudel","3196 Ratnapark",paras.paudel6978@mail.com
"Kushal Bahadur Malla","8998 Tripureshwor",kushal.malla6979@example.com
"Asif Bahadur Paudel","1495 Gaushala",asif.paudel6980@example.com
"Rohit Dhoj Lamichane","9615 Gaushala",rohit.lamichane6981@random.org
"Rohit Krishna K.C","8216 Ratnapark",rohit.k.c6982@example.com
"Kushal Bhopal Paudel","2267 Sundhara",kushal.paudel6983@mail.com
"Kushal Gopal Khadka","1926 Jawalakhel",kushal.khadka6984@example.com
"Paras Bhopal Seikh","1841 Tinkune",paras.seikh6985@test.com
"Binod Bhopal Paudel","303 Ratnapark",binod.paudel6986@demo.net
"Rohit Gopal Paudel","400 Tinkune",rohit.paudel6987@test.com
"Binod Dev Paudel","3349 Ekantakuna",binod.paudel6988@test.com
"Binod Krishna Kami","6197 Gaushala",binod.kami6989@example.com
"Sandeep Dhoj Bhurtel","6166 New Road",sandeep.bhurtel6990@demo.net
"Sandeep Kumar Rajbanshi","7622 Ratnapark",sandeep.rajbanshi6991@random.org
"Rohit Bhagat Bhandari","4795 Tripureshwor",rohit.bhandari6992@example.com
"Asif Dev Rajbanshi","1277 Chabel",asif.rajbanshi6993@random.org
"Lalit Bahadur Paudel","2268 Chabel",lalit.paudel6994@random.org
"Karan Gopal Kami","4087 Chabel",karan.kami6995@random.org
"Asif Kumar Bhurtel","7637 New Road",asif.bhurtel6996@random.org
"Paras Lal Khadka","2685 New Road",paras.khadka6997@random.org
"Binod Krishna Khadka","5929 Chabel",binod.khadka6998@demo.net
"Sompal Dev Paudel","1624 New Road",sompal.paudel6999@mail.com
"Arif Kumar Malla","4619 Gaushala",arif.malla7000@demo.net
"Sompal Krishna Rajbanshi","583 Jawalakhel",sompal.rajbanshi7001@mail.com
"Sompal Bir K.C","4230 Gaushala",sompal.k.c7002@example.com
"Rohit Bahadur Rajbanshi","9898 New Road",rohit.rajbanshi7003@demo.net
"Rohit Bhagat Seikh","5500 Baneshwor",rohit.seikh7004@test.com
"Binod Lal Khadka","1375 New Road",binod.khadka7005@test.com
"Paras Kumar Rajbanshi","3945 Sundhara",paras.rajbanshi7006@random.org
"Lalit Bahadur Bhandari","6729 Sundhara",lalit.bhandari7007@random.org
"Karan Bahadur Seikh","8156 Tinkune",karan.seikh7008@random.org
"Binod Bhopal Rajbanshi","2673 Sundhara",binod.rajbanshi7009@example.com
"Binod Bahadur Seikh","7305 Sundhara",binod.seikh7010@test.com
"Arif Krishna Bhandari","7263 Jawalakhel",arif.bhandari7011@example.com
"Arif Dev Kami","4816 Gaushala",arif.kami7012@example.com
"Paras Gopal Bhurtel","1218 Chabel",paras.bhurtel7013@test.com
"Sandeep Lal Bhandari","4049 Sundhara",sandeep.bhandari7014@example.com
"Kushal Dhoj Malla","5550 Jawalakhel",kushal.malla7015@test.com
"Karan Bir Bhurtel","1654 Jawalakhel",karan.bhurtel7016@demo.net
"Arif Krishna Rajbanshi","5859 Tinkune",arif.rajbanshi7017@example.com
"Paras Dhoj Khadka","4661 Gaushala",paras.khadka7018@random.org
"Asif Dev Paudel","1263 Baneshwor",asif.paudel7019@test.com
"Lalit Dhoj Khadka","9826 Baneshwor",lalit.khadka7020@demo.net
"Lalit Krishna Rajbanshi","3960 Sundhara",lalit.rajbanshi7021@example.com
"Binod Lal Rajbanshi","7778 Sundhara",binod.rajbanshi7022@random.org
"Arif Kumar Khadka","9214 Gaushala",arif.khadka7023@random.org
"Rohit Bhopal Kami","8155 Ratnapark",rohit.kami7024@demo.net
"Sompal Bir Seikh","2815 Baneshwor",sompal.seikh7025@example.com
"Arif Dev Bhurtel","2163 Tinkune",arif.bhurtel7026@random.org
"Binod Bahadur Rajbanshi","4394 Sundhara",binod.rajbanshi7027@mail.com
"Karan Kumar Khadka","5104 Tinkune",karan.khadka7028@test.com
"Karan Krishna Paudel","3151 Chabel",karan.paudel7029@mail.com
"Kushal Bhopal Khadka","3519 Jawalakhel",kushal.khadka7030@demo.net
"Asif Bhopal K.C","9283 Tinkune",asif.k.c7031@random.org
"Asif Lal Lamichane","8374 Baneshwor",asif.lamichane7032@random.org
"Lalit Kumar Khadka","8648 Baneshwor",lalit.khadka7033@test.com
"Kushal Dev Paudel","6016 Chabel",kushal.paudel7034@random.org
"Sandeep Dhoj Rajbanshi","3517 Jawalakhel",sandeep.rajbanshi7035@random.org
"Binod Bhopal Lamichane","6034 Tinkune",binod.lamichane7036@mail.com
"Sompal Bir Seikh","5746 Jawalakhel",sompal.seikh7037@random.org
"Asif Bhopal Bhandari","1886 Ratnapark",asif.bhandari7038@test.com
"Sandeep Bir Lamichane","8175 Sundhara",sandeep.lamichane7039@mail.com
"Sandeep Bahadur Bhandari","750 Sundhara",sandeep.bhandari7040@example.com
"Asif Bahadur Seikh","3390 Tinkune",asif.seikh7041@random.org
"Binod Bahadur Malla","6827 New Road",binod.malla7042@test.com
"Lalit Krishna Bhurtel","7636 Sundhara",lalit.bhurtel7043@random.org
"Paras Dev Bhandari","7535 New Road",paras.bhandari7044@mail.com
"Arif Krishna Rajbanshi","1504 Sundhara",arif.rajbanshi7045@mail.com
"Kushal Bhagat Kami","6193 Chabel",kushal.kami7046@example.com
"Asif Lal Kami","6228 Chabel",asif.kami7047@random.org
"Sandeep Dhoj Lamichane","5530 Ekantakuna",sandeep.lamichane7048@test.com
"Kushal Bahadur Paudel","5479 Jawalakhel",kushal.paudel7049@random.org
"Lalit Bhopal Bhandari","3252 Gaushala",lalit.bhandari7050@example.com
"Paras Kumar Seikh","1155 New Road",paras.seikh7051@demo.net
"Asif Bahadur Kami","6337 Gaushala",asif.kami7052@random.org
"Rohit Lal K.C","5071 Tinkune",rohit.k.c7053@test.com
"Karan Gopal Seikh","452 Chabel",karan.seikh7054@mail.com
"Karan Krishna Malla","5019 New Road",karan.malla7055@example.com
"Kushal Gopal Malla","5202 Chabel",kushal.malla7056@example.com
"Arif Bahadur Seikh","4278 Ekantakuna",arif.seikh7057@random.org
"Kushal Bhopal K.C","2082 Jawalakhel",kushal.k.c7058@random.org
"Asif Kumar Seikh","4686 Ekantakuna",asif.seikh7059@test.com
"Rohit Bir Seikh","8043 Baneshwor",rohit.seikh7060@demo.net
"Rohit Kumar Bhandari","5316 Chabel",rohit.bhandari7061@mail.com
"Sompal Bhopal Rajbanshi","415 Sundhara",sompal.rajbanshi7062@test.com
"Arif Kumar Malla","5495 Chabel",arif.malla7063@demo.net
"Binod Bir K.C","4882 Tripureshwor",binod.k.c7064@example.com
"Arif Kumar Kami","1753 Sundhara",arif.kami7065@demo.net
"Sandeep Krishna Paudel","9957 New Road",sandeep.paudel7066@example.com
"Lalit Bahadur Rajbanshi","6134 Baneshwor",lalit.rajbanshi7067@test.com
"Paras Dhoj Khadka","4627 Baneshwor",paras.khadka7068@demo.net
"Paras Bhagat Lamichane","8449 Jawalakhel",paras.lamichane7069@demo.net
"Rohit Dev Khadka","6593 Baneshwor",rohit.khadka7070@example.com
"Kushal Lal Lamichane","393 Ratnapark",kushal.lamichane7071@test.com
"Arif Bir Lamichane","1128 Jawalakhel",arif.lamichane7072@demo.net
"Rohit Lal Khadka","3937 Ekantakuna",rohit.khadka7073@test.com
"Rohit Dev Bhandari","2716 Tripureshwor",rohit.bhandari7074@example.com
"Rohit Lal Malla","2571 Tripureshwor",rohit.malla7075@example.com
"Karan Bir Seikh","9035 Gaushala",karan.seikh7076@test.com
"Sompal Gopal Bhurtel","7341 New Road",sompal.bhurtel7077@example.com
"Asif Dev Lamichane","4274 Chabel",asif.lamichane7078@random.org
"Paras Bahadur Paudel","3942 Sundhara",paras.paudel7079@random.org
"Kushal Dhoj Malla","6990 Ratnapark",kushal.malla7080@example.com
"Asif Krishna Bhandari","7223 Sundhara",asif.bhandari7081@test.com
"Lalit Bhopal Khadka","6652 Tinkune",lalit.khadka7082@mail.com
"Asif Bahadur Kami","310 Chabel",asif.kami7083@random.org
"Kushal Gopal K.C","1101 Tinkune",kushal.k.c7084@random.org
"Sandeep Gopal Seikh","2651 Ekantakuna",sandeep.seikh7085@example.com
"Paras Dhoj Rajbanshi","5938 Ratnapark",paras.rajbanshi7086@mail.com
"Kushal Bir Paudel","6749 Sundhara",kushal.paudel7087@example.com
"Asif Gopal Lamichane","9354 Ratnapark",asif.lamichane7088@example.com
"Karan Bir K.C","3482 Sundhara",karan.k.c7089@mail.com
"Asif Lal Rajbanshi","4178 Sundhara",asif.rajbanshi7090@random.org
"Sompal Krishna Lamichane","1533 Ekantakuna",sompal.lamichane7091@example.com
"Karan Lal Seikh","3840 Sundhara",karan.seikh7092@test.com
"Kushal Lal Malla","2634 Tinkune",kushal.malla7093@example.com
"Sompal Bir Kami","839 Ekantakuna",sompal.kami7094@demo.net
"Paras Kumar Khadka","266 Baneshwor",paras.khadka7095@mail.com
"Kushal Bahadur Bhurtel","5977 Chabel",kushal.bhurtel7096@mail.com
"Kushal Gopal Lamichane","9784 Ekantakuna",kushal.lamichane7097@example.com
"Binod Dhoj K.C","5583 Sundhara",binod.k.c7098@test.com
"Sandeep Dev Bhurtel","8356 Tinkune",sandeep.bhurtel7099@example.com
"Karan Gopal Paudel","8387 Gaushala",karan.paudel7100@mail.com
"Binod Dhoj Bhurtel","2742 Gaushala",binod.bhurtel7101@example.com
"Sandeep Lal Lamichane","2519 Tinkune",sandeep.lamichane7102@random.org
"Asif Bhopal Malla","389 Chabel",asif.malla7103@mail.com
"Asif Gopal Lamichane","137 Ratnapark",asif.lamichane7104@demo.net
"Paras Dhoj Bhurtel","5981 New Road",paras.bhurtel7105@test.com
"Kushal Dev Khadka","5806 Tinkune",kushal.khadka7106@example.com
"Kushal Bhopal Kami","7309 Chabel",kushal.kami7107@example.com
"Arif Gopal Kami","284 Ekantakuna",arif.kami7108@test.com
"Paras Bir Seikh","6014 Gaushala",paras.seikh7109@random.org
"Sandeep Bhagat Malla","6378 Ratnapark",sandeep.malla7110@mail.com
"Sandeep Bhagat Seikh","3187 Tinkune",sandeep.seikh7111@example.com
"Kushal Gopal Lamichane","8951 New Road",kushal.lamichane7112@example.com
"Lalit Bhagat K.C","8495 Ratnapark",lalit.k.c7113@mail.com
"Rohit Bhopal Bhandari","1698 Jawalakhel",rohit.bhandari7114@test.com
"Binod Dhoj Bhurtel","796 Ratnapark",binod.bhurtel7115@example.com
"Rohit Lal Bhurtel","8992 Ekantakuna",rohit.bhurtel7116@demo.net
"Sompal Kumar Lamichane","7428 Sundhara",sompal.lamichane7117@mail.com
"Sandeep Gopal Kami","4318 Jawalakhel",sandeep.kami7118@test.com
"Kushal Gopal Seikh","8906 Gaushala",kushal.seikh7119@example.com
"Binod Bir Lamichane","2933 Ekantakuna",binod.lamichane7120@mail.com
"Sompal Dev Khadka","850 Chabel",sompal.khadka7121@demo.net
"Paras Bhagat Bhandari","7538 New Road",paras.bhandari7122@test.com
"Kushal Kumar Rajbanshi","7868 New Road",kushal.rajbanshi7123@test.com
"Binod Bhopal Paudel","6488 Tripureshwor",binod.paudel7124@demo.net
"Asif Dhoj Malla","9821 Tinkune",asif.malla7125@mail.com
"Binod Krishna Khadka","8003 Ekantakuna",binod.khadka7126@mail.com
"Karan Kumar Rajbanshi","511 Ekantakuna",karan.rajbanshi7127@mail.com
"Asif Gopal Paudel","4884 Sundhara",asif.paudel7128@mail.com
"Sompal Krishna Paudel","5635 Ekantakuna",sompal.paudel7129@example.com
"Binod Bir Seikh","6781 Baneshwor",binod.seikh7130@test.com
"Karan Bahadur Paudel","8182 Jawalakhel",karan.paudel7131@random.org
"Sompal Kumar Rajbanshi","3901 Chabel",sompal.rajbanshi7132@random.org
"Sandeep Bhagat Bhandari","1055 Ekantakuna",sandeep.bhandari7133@mail.com
"Kushal Bhopal Paudel","774 Gaushala",kushal.paudel7134@mail.com
"Sandeep Bahadur Kami","1278 Baneshwor",sandeep.kami7135@random.org
"Paras Bhagat Malla","6861 Tinkune",paras.malla7136@example.com
"Sandeep Gopal Rajbanshi","9678 Jawalakhel",sandeep.rajbanshi7137@random.org
"Rohit Dev Bhandari","4208 Baneshwor",rohit.bhandari7138@demo.net
"Sompal Lal Lamichane","1776 Baneshwor",sompal.lamichane7139@example.com
"Rohit Dhoj Bhurtel","9055 Gaushala",rohit.bhurtel7140@demo.net
"Binod Kumar Kami","6346 Chabel",binod.kami7141@demo.net
"Rohit Bahadur Bhandari","3737 Tripureshwor",rohit.bhandari7142@example.com
"Sompal Bhagat K.C","7546 Tinkune",sompal.k.c7143@demo.net
"Paras Dhoj Malla","9246 Ekantakuna",paras.malla7144@random.org
"Sompal Bahadur Seikh","4131 Sundhara",sompal.seikh7145@demo.net
"Sandeep Bhopal Lamichane","7312 New Road",sandeep.lamichane7146@random.org
"Lalit Dev Lamichane","1962 Ekantakuna",lalit.lamichane7147@mail.com
"Asif Dhoj Bhurtel","930 Gaushala",asif.bhurtel7148@test.com
"Binod Bir Bhurtel","4747 Gaushala",binod.bhurtel7149@test.com
"Sompal Bhopal Kami","4946 New Road",sompal.kami7150@random.org
"Kushal Krishna Paudel","7445 Baneshwor",kushal.paudel7151@test.com
"Kushal Dhoj Lamichane","8930 Sundhara",kushal.lamichane7152@demo.net
"Rohit Kumar Bhurtel","1851 Baneshwor",rohit.bhurtel7153@mail.com
"Rohit Bir Paudel","874 Gaushala",rohit.paudel7154@random.org
"Arif Krishna Khadka","3581 Tinkune",arif.khadka7155@test.com
"Paras Bhagat Bhurtel","885 Ekantakuna",paras.bhurtel7156@example.com
"Rohit Bhopal Kami","2748 Sundhara",rohit.kami7157@mail.com
"Rohit Bhopal Lamichane","7583 Ekantakuna",rohit.lamichane7158@mail.com
"Paras Bahadur K.C","6724 Sundhara",paras.k.c7159@random.org
"Lalit Gopal Kami","6676 Baneshwor",lalit.kami7160@random.org
"Asif Bir Seikh","5211 Jawalakhel",asif.seikh7161@test.com
"Karan Dhoj Paudel","6098 Gaushala",karan.paudel7162@random.org
"Sandeep Dev Malla","6887 Chabel",sandeep.malla7163@test.com
"Paras Dev Lamichane","6067 Ratnapark",paras.lamichane7164@test.com
"Paras Bhagat Rajbanshi","4154 Chabel",paras.rajbanshi7165@example.com
"Karan Bhagat Paudel","2783 Ratnapark",karan.paudel7166@test.com
"Rohit Bhagat Bhurtel","9911 Chabel",rohit.bhurtel7167@example.com
"Sompal Krishna Paudel","2181 Baneshwor",sompal.paudel7168@demo.net
"Sompal Bhopal Bhurtel","6280 New Road",sompal.bhurtel7169@demo.net
"Binod Gopal Bhurtel","8106 New Road",binod.bhurtel7170@test.com
"Asif Bahadur Kami","1314 Tripureshwor",asif.kami7171@demo.net
"Sompal Kumar Bhurtel","7758 Tinkune",sompal.bhurtel7172@test.com
"Asif Bhagat Bhurtel","7754 Chabel",asif.bhurtel7173@random.org
"Sompal Dev Kami","5156 New Road",sompal.kami7174@demo.net
"Karan Bhagat Khadka","3409 Jawalakhel",karan.khadka7175@demo.net
"Arif Krishna Kami","7396 Sundhara",arif.kami7176@mail.com
"Paras Bhagat Bhandari","4468 Tripureshwor",paras.bhandari7177@test.com
"Paras Bahadur Paudel","6419 Gaushala",paras.paudel7178@example.com
"Sandeep Bhopal Paudel","9473 Jawalakhel",sandeep.paudel7179@random.org
"Arif Krishna Malla","9410 Tripureshwor",arif.malla7180@demo.net
"Lalit Dev K.C","1262 Gaushala",lalit.k.c7181@random.org
"Rohit Lal Rajbanshi","9317 Gaushala",rohit.rajbanshi7182@mail.com
"Sompal Lal Bhurtel","2447 Baneshwor",sompal.bhurtel7183@demo.net
"Lalit Bir Rajbanshi","3969 Tinkune",lalit.rajbanshi7184@example.com
"Binod Bir Bhurtel","7554 Tripureshwor",binod.bhurtel7185@example.com
"Rohit Bahadur Seikh","8583 Ratnapark",rohit.seikh7186@demo.net
"Lalit Krishna Malla","5325 New Road",lalit.malla7187@test.com
"Lalit Lal Rajbanshi","6782 Tinkune",lalit.rajbanshi7188@test.com
"Rohit Dev Bhandari","1444 Baneshwor",rohit.bhandari7189@test.com
"Lalit Kumar Paudel","966 Chabel",lalit.paudel7190@example.com
"Rohit Lal Rajbanshi","1935 Gaushala",rohit.rajbanshi7191@random.org
"Paras Bhagat K.C","4781 Chabel",paras.k.c7192@test.com
"Lalit Dev Malla","1945 Tripureshwor",lalit.malla7193@demo.net
"Sompal Gopal Seikh","477 Ekantakuna",sompal.seikh7194@test.com
"Lalit Krishna K.C","7517 Ratnapark",lalit.k.c7195@demo.net
"Rohit Gopal Kami","5074 Tinkune",rohit.kami7196@test.com
"Rohit Lal Lamichane","7062 Gaushala",rohit.lamichane7197@example.com
"Karan Gopal Khadka","4073 Sundhara",karan.khadka7198@example.com
"Sandeep Bhopal Khadka","5757 Tinkune",sandeep.khadka7199@random.org
"Sompal Kumar Kami","2528 Sundhara",sompal.kami7200@demo.net
"Karan Bhagat Khadka","405 Gaushala",karan.khadka7201@demo.net
"Arif Dev Malla","4749 Baneshwor",arif.malla7202@example.com
"Binod Lal Bhandari","6240 Chabel",binod.bhandari7203@mail.com
"Binod Kumar Rajbanshi","426 Baneshwor",binod.rajbanshi7204@test.com
"Karan Bhopal Bhandari","6979 Ekantakuna",karan.bhandari7205@random.org
"Kushal Dev Malla","8087 Jawalakhel",kushal.malla7206@example.com
"Sompal Bhopal Khadka","5419 Jawalakhel",sompal.khadka7207@example.com
"Lalit Dhoj Malla","7620 Baneshwor",lalit.malla7208@test.com
"Lalit Bahadur K.C","7525 Ekantakuna",lalit.k.c7209@random.org
"Kushal Bir Bhandari","6072 Baneshwor",kushal.bhandari7210@example.com
"Kushal Bhagat Paudel","2253 Baneshwor",kushal.paudel7211@demo.net
"Karan Krishna Paudel","3187 Tinkune",karan.paudel7212@test.com
"Rohit Dev K.C","4291 New Road",rohit.k.c7213@demo.net
"Rohit Dev Khadka","8410 New Road",rohit.khadka7214@demo.net
"Sompal Bhagat Paudel","5316 Gaushala",sompal.paudel7215@mail.com
"Binod Lal Bhurtel","7764 Tinkune",binod.bhurtel7216@demo.net
"Lalit Dhoj Paudel","2643 Gaushala",lalit.paudel7217@example.com
"Paras Bir Rajbanshi","9554 Gaushala",paras.rajbanshi7218@example.com
"Binod Bahadur Khadka","6906 Jawalakhel",binod.khadka7219@demo.net
"Karan Dhoj Khadka","9382 Tinkune",karan.khadka7220@example.com
"Karan Krishna K.C","5988 New Road",karan.k.c7221@mail.com
"Arif Lal Rajbanshi","7448 Chabel",arif.rajbanshi7222@random.org
"Sandeep Dev Khadka","1072 Jawalakhel",sandeep.khadka7223@random.org
"Kushal Bhagat Kami","4692 Chabel",kushal.kami7224@demo.net
"Kushal Krishna Malla","2328 Ekantakuna",kushal.malla7225@test.com
"Kushal Krishna Rajbanshi","6982 Tinkune",kushal.rajbanshi7226@mail.com
"Arif Bahadur Lamichane","2201 Jawalakhel",arif.lamichane7227@test.com
"Rohit Lal Kami","1847 Chabel",rohit.kami7228@example.com
"Binod Bir Bhurtel","2550 Sundhara",binod.bhurtel7229@mail.com
"Asif Krishna Malla","534 Ratnapark",asif.malla7230@random.org
"Arif Krishna Paudel","3483 Tinkune",arif.paudel7231@mail.com
"Rohit Bhopal Bhandari","8951 Jawalakhel",rohit.bhandari7232@example.com
"Paras Bhopal Malla","9147 Gaushala",paras.malla7233@demo.net
"Arif Gopal Seikh","7393 Baneshwor",arif.seikh7234@example.com
"Kushal Dev Seikh","358 Chabel",kushal.seikh7235@random.org
"Kushal Dev K.C","8351 Ekantakuna",kushal.k.c7236@example.com
"Arif Dev Kami","7073 Ratnapark",arif.kami7237@demo.net
"Kushal Bhagat Malla","5290 Gaushala",kushal.malla7238@demo.net
"Rohit Krishna Kami","3176 Sundhara",rohit.kami7239@mail.com
"Lalit Kumar Malla","4310 Baneshwor",lalit.malla7240@example.com
"Sandeep Dhoj Paudel","1545 Ratnapark",sandeep.paudel7241@mail.com
"Binod Bir K.C","5507 Chabel",binod.k.c7242@random.org
"Lalit Kumar K.C","1133 New Road",lalit.k.c7243@example.com
"Sompal Krishna Paudel","8496 Gaushala",sompal.paudel7244@random.org
"Rohit Gopal Malla","3409 Chabel",rohit.malla7245@example.com
"Kushal Bahadur Kami","4900 Tinkune",kushal.kami7246@random.org
"Lalit Bir Seikh","431 Sundhara",lalit.seikh7247@demo.net
"Binod Dev K.C","600 Baneshwor",binod.k.c7248@example.com
"Sompal Dev Khadka","7068 Chabel",sompal.khadka7249@example.com
"Sandeep Bhagat Bhurtel","2039 Gaushala",sandeep.bhurtel7250@random.org
"Sompal Lal Paudel","7783 Chabel",sompal.paudel7251@demo.net
"Rohit Kumar Bhurtel","2150 Baneshwor",rohit.bhurtel7252@example.com
"Sompal Kumar Malla","6062 Chabel",sompal.malla7253@random.org
"Sompal Bahadur Malla","1918 Sundhara",sompal.malla7254@demo.net
"Asif Kumar Malla","5788 Jawalakhel",asif.malla7255@mail.com
"Sandeep Bahadur Khadka","2599 Ekantakuna",sandeep.khadka7256@random.org
"Asif Bhopal Bhurtel","2130 Baneshwor",asif.bhurtel7257@random.org
"Paras Kumar Malla","7510 Ratnapark",paras.malla7258@test.com
"Karan Krishna K.C","5627 Sundhara",karan.k.c7259@example.com
"Lalit Bahadur Bhandari","8653 Baneshwor",lalit.bhandari7260@example.com
"Kushal Dev Bhurtel","2944 Chabel",kushal.bhurtel7261@demo.net
"Arif Lal Khadka","7378 Tripureshwor",arif.khadka7262@example.com
"Binod Bahadur Kami","8895 New Road",binod.kami7263@demo.net
"Asif Bahadur Kami","7081 Gaushala",asif.kami7264@test.com
"Karan Gopal Bhandari","9660 Gaushala",karan.bhandari7265@random.org
"Sompal Bhopal Seikh","1881 Ekantakuna",sompal.seikh7266@random.org
"Asif Gopal Malla","4034 Tripureshwor",asif.malla7267@random.org
"Paras Bhopal Paudel","2111 Ekantakuna",paras.paudel7268@example.com
"Rohit Gopal Malla","5104 Gaushala",rohit.malla7269@test.com
"Karan Bahadur K.C","6473 Baneshwor",karan.k.c7270@test.com
"Paras Bir Lamichane","5057 Tripureshwor",paras.lamichane7271@test.com
"Arif Bhagat K.C","6000 Ratnapark",arif.k.c7272@test.com
"Paras Krishna K.C","2357 Ekantakuna",paras.k.c7273@example.com
"Binod Gopal Paudel","2322 Chabel",binod.paudel7274@example.com
"Binod Dhoj Rajbanshi","6660 New Road",binod.rajbanshi7275@example.com
"Karan Krishna Lamichane","1768 Jawalakhel",karan.lamichane7276@demo.net
"Sompal Kumar Lamichane","2935 Ratnapark",sompal.lamichane7277@example.com
"Karan Dhoj Paudel","1829 Gaushala",karan.paudel7278@example.com
"Karan Lal Bhurtel","787 New Road",karan.bhurtel7279@mail.com
"Arif Bhopal Seikh","7193 Tripureshwor",arif.seikh7280@test.com
"Lalit Dhoj Malla","670 Chabel",lalit.malla7281@demo.net
"Arif Lal Bhurtel","611 Ratnapark",arif.bhurtel7282@test.com
"Karan Gopal Seikh","1636 Jawalakhel",karan.seikh7283@demo.net
"Karan Dhoj K.C","8362 Ratnapark",karan.k.c7284@mail.com
"Karan Bir Rajbanshi","5761 Ekantakuna",karan.rajbanshi7285@mail.com
"Asif Dev Bhandari","2858 Gaushala",asif.bhandari7286@demo.net
"Sandeep Kumar Bhurtel","529 Baneshwor",sandeep.bhurtel7287@test.com
"Rohit Krishna Rajbanshi","4559 Tripureshwor",rohit.rajbanshi7288@random.org
"Sandeep Bhopal Kami","7505 Chabel",sandeep.kami7289@random.org
"Lalit Dev Bhurtel","6585 Jawalakhel",lalit.bhurtel7290@test.com
"Sandeep Kumar Paudel","8999 Jawalakhel",sandeep.paudel7291@demo.net
"Rohit Bir Seikh","4130 New Road",rohit.seikh7292@example.com
"Rohit Gopal Bhurtel","8233 Ekantakuna",rohit.bhurtel7293@mail.com
"Rohit Bahadur Kami","6057 Sundhara",rohit.kami7294@test.com
"Sompal Bir Bhandari","7811 New Road",sompal.bhandari7295@random.org
"Sandeep Bhopal Khadka","1512 Sundhara",sandeep.khadka7296@demo.net
"Asif Bhopal Paudel","8650 Tripureshwor",asif.paudel7297@demo.net
"Sandeep Lal Kami","3125 Chabel",sandeep.kami7298@demo.net
"Rohit Kumar Bhandari","8189 Chabel",rohit.bhandari7299@random.org
"Rohit Gopal Bhurtel","5422 Baneshwor",rohit.bhurtel7300@demo.net
"Binod Bahadur Seikh","3416 Chabel",binod.seikh7301@test.com
"Rohit Bir Kami","7003 Baneshwor",rohit.kami7302@random.org
"Kushal Bhopal Lamichane","5812 Ratnapark",kushal.lamichane7303@test.com
"Asif Lal Paudel","9507 Chabel",asif.paudel7304@demo.net
"Kushal Bahadur Paudel","2889 New Road",kushal.paudel7305@example.com
"Lalit Dev Rajbanshi","7429 Gaushala",lalit.rajbanshi7306@example.com
"Sandeep Kumar Kami","3273 Ekantakuna",sandeep.kami7307@demo.net
"Arif Lal Bhurtel","6688 Baneshwor",arif.bhurtel7308@mail.com
"Sandeep Dhoj Bhandari","4595 Ratnapark",sandeep.bhandari7309@mail.com
"Sandeep Bhopal Bhurtel","4078 Ratnapark",sandeep.bhurtel7310@random.org
"Lalit Bhopal K.C","7967 Ratnapark",lalit.k.c7311@mail.com
"Karan Bhagat Khadka","6282 Ekantakuna",karan.khadka7312@mail.com
"Lalit Dhoj Khadka","9312 Ratnapark",lalit.khadka7313@example.com
"Asif Bahadur Paudel","4629 Chabel",asif.paudel7314@random.org
"Asif Dhoj Kami","2582 Gaushala",asif.kami7315@test.com
"Arif Bir Lamichane","9229 Ekantakuna",arif.lamichane7316@mail.com
"Karan Dev Bhurtel","7477 Ekantakuna",karan.bhurtel7317@demo.net
"Binod Bir Paudel","8638 Gaushala",binod.paudel7318@demo.net
"Asif Bir Bhandari","7244 Jawalakhel",asif.bhandari7319@mail.com
"Asif Dhoj Malla","7977 Gaushala",asif.malla7320@example.com
"Kushal Bahadur Seikh","2808 Sundhara",kushal.seikh7321@test.com
"Sompal Lal Paudel","7628 New Road",sompal.paudel7322@mail.com
"Rohit Bir Seikh","2989 Ratnapark",rohit.seikh7323@mail.com
"Sompal Bhopal Bhandari","1872 Sundhara",sompal.bhandari7324@mail.com
"Karan Krishna Seikh","1313 Tinkune",karan.seikh7325@test.com
"Sompal Krishna Lamichane","3484 Baneshwor",sompal.lamichane7326@example.com
"Kushal Lal Bhandari","1560 Baneshwor",kushal.bhandari7327@random.org
"Asif Bhopal Seikh","3692 Tinkune",asif.seikh7328@random.org
"Lalit Lal Bhurtel","9316 Ratnapark",lalit.bhurtel7329@random.org
"Kushal Dhoj Lamichane","3865 Baneshwor",kushal.lamichane7330@mail.com
"Kushal Lal K.C","9537 Jawalakhel",kushal.k.c7331@mail.com
"Asif Dhoj Bhurtel","957 Sundhara",asif.bhurtel7332@example.com
"Lalit Kumar Khadka","4731 Jawalakhel",lalit.khadka7333@random.org
"Paras Dev K.C","7268 Baneshwor",paras.k.c7334@mail.com
"Kushal Bahadur Paudel","5579 New Road",kushal.paudel7335@mail.com
"Sandeep Kumar Paudel","2586 Ekantakuna",sandeep.paudel7336@example.com
"Sompal Bir Lamichane","1559 Ekantakuna",sompal.lamichane7337@demo.net
"Asif Bhopal Kami","7660 Gaushala",asif.kami7338@test.com
"Sompal Bahadur K.C","123 New Road",sompal.k.c7339@random.org
"Karan Lal Kami","5610 New Road",karan.kami7340@test.com
"Binod Dev Rajbanshi","4933 Ekantakuna",binod.rajbanshi7341@test.com
"Asif Lal Bhandari","4992 Gaushala",asif.bhandari7342@mail.com
"Asif Lal Bhandari","8009 Baneshwor",asif.bhandari7343@test.com
"Asif Kumar Lamichane","2381 Gaushala",asif.lamichane7344@random.org
"Asif Lal Paudel","8455 Tinkune",asif.paudel7345@mail.com
"Asif Dhoj Seikh","6357 Tinkune",asif.seikh7346@demo.net
"Arif Dhoj Khadka","2773 Sundhara",arif.khadka7347@mail.com
"Rohit Dhoj Bhandari","4700 Baneshwor",rohit.bhandari7348@example.com
"Arif Bhopal Bhandari","5270 Jawalakhel",arif.bhandari7349@random.org
"Asif Gopal Khadka","2189 Chabel",asif.khadka7350@example.com
"Lalit Bhopal Khadka","9535 Sundhara",lalit.khadka7351@demo.net
"Sandeep Bhopal Bhurtel","7597 Sundhara",sandeep.bhurtel7352@test.com
"Sompal Gopal Paudel","4124 Chabel",sompal.paudel7353@mail.com
"Sandeep Kumar Paudel","8437 Tinkune",sandeep.paudel7354@mail.com
"Asif Gopal Seikh","8037 Ratnapark",asif.seikh7355@mail.com
"Sandeep Gopal Paudel","401 Baneshwor",sandeep.paudel7356@test.com
"Kushal Gopal Bhandari","8201 Sundhara",kushal.bhandari7357@random.org
"Paras Dev Kami","9732 New Road",paras.kami7358@mail.com
"Karan Kumar Seikh","6606 Gaushala",karan.seikh7359@random.org
"Sandeep Bhagat Kami","4877 Gaushala",sandeep.kami7360@demo.net
"Lalit Gopal Bhurtel","8842 Jawalakhel",lalit.bhurtel7361@random.org
"Karan Bir Malla","6047 Tripureshwor",karan.malla7362@test.com
"Paras Bir Bhandari","465 Chabel",paras.bhandari7363@test.com
"Kushal Kumar Paudel","1658 Gaushala",kushal.paudel7364@example.com
"Asif Bhopal K.C","6849 Ekantakuna",asif.k.c7365@test.com
"Paras Krishna Lamichane","3886 Gaushala",paras.lamichane7366@random.org
"Binod Dhoj K.C","8609 Sundhara",binod.k.c7367@mail.com
"Sompal Gopal Lamichane","2629 Ekantakuna",sompal.lamichane7368@example.com
"Karan Bhagat Bhandari","6914 New Road",karan.bhandari7369@test.com
"Asif Bahadur Paudel","4677 Jawalakhel",asif.paudel7370@example.com
"Rohit Dhoj Malla","2241 New Road",rohit.malla7371@demo.net
"Binod Bhagat Lamichane","3227 Ratnapark",binod.lamichane7372@random.org
"Arif Bhagat Seikh","1997 Baneshwor",arif.seikh7373@example.com
"Sompal Krishna Seikh","3848 Chabel",sompal.seikh7374@mail.com
"Karan Krishna Lamichane","8515 Ekantakuna",karan.lamichane7375@mail.com
"Arif Gopal Lamichane","9244 Jawalakhel",arif.lamichane7376@mail.com
"Sandeep Gopal Paudel","1029 Ekantakuna",sandeep.paudel7377@random.org
"Lalit Dhoj Khadka","7833 New Road",lalit.khadka7378@test.com
"Arif Gopal Malla","2306 Tinkune",arif.malla7379@mail.com
"Sompal Dev Seikh","8616 Sundhara",sompal.seikh7380@test.com
"Arif Bhopal Lamichane","6518 Chabel",arif.lamichane7381@mail.com
"Kushal Bhopal Rajbanshi","3413 Baneshwor",kushal.rajbanshi7382@mail.com
"Lalit Dev Kami","696 Baneshwor",lalit.kami7383@example.com
"Sompal Bir Khadka","730 Ekantakuna",sompal.khadka7384@example.com
"Kushal Bhopal Rajbanshi","3573 Ratnapark",kushal.rajbanshi7385@test.com
"Rohit Bhagat Seikh","8671 Gaushala",rohit.seikh7386@demo.net
"Asif Lal Malla","1900 Tinkune",asif.malla7387@test.com
"Binod Krishna Rajbanshi","4459 Sundhara",binod.rajbanshi7388@random.org
"Arif Krishna Bhurtel","166 Gaushala",arif.bhurtel7389@demo.net
"Sandeep Bhopal Khadka","433 Sundhara",sandeep.khadka7390@demo.net
"Sandeep Kumar Paudel","4568 Tripureshwor",sandeep.paudel7391@mail.com
"Kushal Krishna Malla","5323 Chabel",kushal.malla7392@mail.com
"Kushal Bir Rajbanshi","3938 Jawalakhel",kushal.rajbanshi7393@random.org
"Sandeep Kumar Bhandari","8508 Ekantakuna",sandeep.bhandari7394@test.com
"Sompal Bhagat Seikh","1821 Sundhara",sompal.seikh7395@test.com
"Karan Krishna Malla","6468 Tripureshwor",karan.malla7396@example.com
"Arif Bahadur Bhurtel","7429 Sundhara",arif.bhurtel7397@random.org
"Paras Dhoj Khadka","787 Tripureshwor",paras.khadka7398@random.org
"Sompal Bhagat Paudel","982 Jawalakhel",sompal.paudel7399@test.com
"Sompal Bahadur Malla","4897 Baneshwor",sompal.malla7400@mail.com
"Kushal Bhagat Bhurtel","7448 New Road",kushal.bhurtel7401@demo.net
"Sandeep Lal Bhandari","5591 Ratnapark",sandeep.bhandari7402@random.org
"Lalit Krishna Rajbanshi","1161 New Road",lalit.rajbanshi7403@demo.net
"Asif Kumar Malla","167 Jawalakhel",asif.malla7404@demo.net
"Sompal Dev Seikh","865 Tinkune",sompal.seikh7405@mail.com
"Kushal Bahadur Paudel","7416 Tripureshwor",kushal.paudel7406@mail.com
"Rohit Lal Paudel","6289 Ratnapark",rohit.paudel7407@mail.com
"Asif Lal K.C","4742 Gaushala",asif.k.c7408@random.org
"Binod Bir Rajbanshi","1855 New Road",binod.rajbanshi7409@random.org
"Paras Bir Malla","1465 Tripureshwor",paras.malla7410@demo.net
"Kushal Bahadur Lamichane","8149 Baneshwor",kushal.lamichane7411@test.com
"Sompal Krishna Paudel","9604 Jawalakhel",sompal.paudel7412@mail.com
"Paras Gopal Bhurtel","1566 Jawalakhel",paras.bhurtel7413@test.com
"Sompal Dev Rajbanshi","9292 Sundhara",sompal.rajbanshi7414@random.org
"Lalit Dev Kami","3434 Ekantakuna",lalit.kami7415@random.org
"Binod Bhagat Kami","8935 Tinkune",binod.kami7416@mail.com
"Kushal Dev Lamichane","8830 Sundhara",kushal.lamichane7417@test.com
"Kushal Kumar Rajbanshi","565 Sundhara",kushal.rajbanshi7418@random.org
"Asif Bahadur Bhandari","8295 Baneshwor",asif.bhandari7419@random.org
"Sandeep Bir Bhurtel","4250 Jawalakhel",sandeep.bhurtel7420@random.org
"Karan Dhoj Kami","9107 Sundhara",karan.kami7421@demo.net
"Lalit Lal Rajbanshi","7511 New Road",lalit.rajbanshi7422@mail.com
"Lalit Gopal Malla","6697 Jawalakhel",lalit.malla7423@example.com
"Rohit Bahadur Khadka","2392 Baneshwor",rohit.khadka7424@test.com
"Sompal Bir Lamichane","7662 Ratnapark",sompal.lamichane7425@demo.net
"Lalit Bahadur Rajbanshi","5890 Sundhara",lalit.rajbanshi7426@random.org
"Binod Dhoj Paudel","7040 Tinkune",binod.paudel7427@test.com
"Arif Bahadur Malla","4064 Gaushala",arif.malla7428@mail.com
"Sompal Krishna Khadka","8164 Tripureshwor",sompal.khadka7429@example.com
"Paras Bahadur Rajbanshi","2186 Tinkune",paras.rajbanshi7430@mail.com
"Rohit Lal K.C","1759 New Road",rohit.k.c7431@demo.net
"Lalit Bir Lamichane","2086 Tripureshwor",lalit.lamichane7432@mail.com
"Kushal Gopal Rajbanshi","6187 Jawalakhel",kushal.rajbanshi7433@random.org
"Kushal Krishna Bhurtel","2156 Tripureshwor",kushal.bhurtel7434@example.com
"Binod Bir Rajbanshi","3091 Baneshwor",binod.rajbanshi7435@random.org
"Paras Bahadur K.C","8171 Sundhara",paras.k.c7436@example.com
"Sandeep Kumar Bhandari","9495 Baneshwor",sandeep.bhandari7437@example.com
"Karan Bhagat Malla","7846 New Road",karan.malla7438@mail.com
"Sompal Dev Lamichane","9695 Jawalakhel",sompal.lamichane7439@demo.net
"Karan Bahadur Malla","2326 Baneshwor",karan.malla7440@demo.net
"Kushal Kumar Lamichane","3665 Baneshwor",kushal.lamichane7441@demo.net
"Sandeep Bhagat Bhurtel","6035 Sundhara",sandeep.bhurtel7442@demo.net
"Rohit Kumar Bhandari","2473 Chabel",rohit.bhandari7443@mail.com
"Rohit Lal Lamichane","6300 Gaushala",rohit.lamichane7444@example.com
"Karan Kumar K.C","2679 Baneshwor",karan.k.c7445@example.com
"Sompal Dev Malla","5589 Ekantakuna",sompal.malla7446@random.org
"Karan Kumar Bhurtel","4069 Jawalakhel",karan.bhurtel7447@test.com
"Paras Dev Paudel","5883 Tinkune",paras.paudel7448@example.com
"Binod Dev Seikh","6899 Gaushala",binod.seikh7449@test.com
"Arif Bhopal Kami","7900 Baneshwor",arif.kami7450@example.com
"Rohit Kumar Seikh","9402 Tripureshwor",rohit.seikh7451@example.com
"Arif Bahadur Khadka","1385 Jawalakhel",arif.khadka7452@example.com
"Rohit Bhopal Kami","2067 Ratnapark",rohit.kami7453@demo.net
"Paras Lal Lamichane","9344 Sundhara",paras.lamichane7454@test.com
"Arif Kumar Rajbanshi","3026 Tripureshwor",arif.rajbanshi7455@test.com
"Rohit Bhopal Bhandari","5227 Gaushala",rohit.bhandari7456@test.com
"Kushal Gopal K.C","898 Sundhara",kushal.k.c7457@example.com
"Binod Krishna Bhurtel","4696 New Road",binod.bhurtel7458@mail.com
"Rohit Bhagat Paudel","9084 Baneshwor",rohit.paudel7459@demo.net
"Rohit Dev Kami","9394 Gaushala",rohit.kami7460@example.com
"Lalit Kumar Khadka","7197 Chabel",lalit.khadka7461@random.org
"Arif Dev Bhurtel","3347 Ratnapark",arif.bhurtel7462@test.com
"Kushal Bhopal Lamichane","3509 Sundhara",kushal.lamichane7463@mail.com
"Arif Dhoj Bhandari","9549 New Road",arif.bhandari7464@demo.net
"Kushal Bir Lamichane","9116 Chabel",kushal.lamichane7465@example.com
"Lalit Dhoj Lamichane","3640 Chabel",lalit.lamichane7466@example.com
"Sompal Bhopal Rajbanshi","7330 New Road",sompal.rajbanshi7467@example.com
"Arif Dhoj Kami","4900 Ratnapark",arif.kami7468@demo.net
"Arif Dhoj Malla","2441 Tinkune",arif.malla7469@test.com
"Paras Kumar Malla","6326 Baneshwor",paras.malla7470@demo.net
"Karan Kumar Malla","7557 Tripureshwor",karan.malla7471@demo.net
"Paras Bhagat Paudel","8880 Tinkune",paras.paudel7472@mail.com
"Sandeep Gopal Kami","3871 Ekantakuna",sandeep.kami7473@demo.net
"Sompal Bir K.C","2436 Chabel",sompal.k.c7474@test.com
"Kushal Bahadur K.C","5794 Tripureshwor",kushal.k.c7475@random.org
"Paras Kumar Kami","451 Gaushala",paras.kami7476@test.com
"Binod Bhagat Bhandari","6924 Baneshwor",binod.bhandari7477@test.com
"Asif Bir Rajbanshi","837 Baneshwor",asif.rajbanshi7478@mail.com
"Arif Lal Bhurtel","7581 New Road",arif.bhurtel7479@example.com
"Kushal Gopal K.C","5363 Jawalakhel",kushal.k.c7480@test.com
"Sandeep Dev Seikh","6623 Tinkune",sandeep.seikh7481@demo.net
"Paras Bhagat Bhurtel","2273 Ekantakuna",paras.bhurtel7482@example.com
"Rohit Dev Rajbanshi","9070 Chabel",rohit.rajbanshi7483@test.com
"Rohit Gopal Malla","9268 Sundhara",rohit.malla7484@test.com
"Arif Dev Bhandari","9154 Baneshwor",arif.bhandari7485@random.org
"Binod Dhoj Malla","2823 Tripureshwor",binod.malla7486@demo.net
"Sandeep Kumar Paudel","5624 Sundhara",sandeep.paudel7487@test.com
"Lalit Dev Malla","3580 Ekantakuna",lalit.malla7488@demo.net
"Asif Gopal Khadka","8194 New Road",asif.khadka7489@demo.net
"Paras Krishna Paudel","6006 Ekantakuna",paras.paudel7490@mail.com
"Binod Dhoj Lamichane","2641 Ekantakuna",binod.lamichane7491@random.org
"Sompal Kumar K.C","5470 Tinkune",sompal.k.c7492@demo.net
"Lalit Bir K.C","9392 Baneshwor",lalit.k.c7493@test.com
"Arif Bahadur Malla","7686 Sundhara",arif.malla7494@test.com
"Kushal Dhoj Seikh","6072 Chabel",kushal.seikh7495@example.com
"Sompal Krishna Seikh","8886 New Road",sompal.seikh7496@demo.net
"Arif Bir Bhurtel","7228 Tripureshwor",arif.bhurtel7497@demo.net
"Sandeep Dev Malla","5658 Tripureshwor",sandeep.malla7498@random.org
"Karan Lal Kami","8972 Ekantakuna",karan.kami7499@example.com
"Karan Bir Bhurtel","2619 Jawalakhel",karan.bhurtel7500@mail.com
"Arif Dhoj Khadka","3102 Tinkune",arif.khadka7501@mail.com
"Arif Bhagat Kami","3930 Sundhara",arif.kami7502@random.org
"Asif Kumar Bhandari","7856 Sundhara",asif.bhandari7503@example.com
"Sompal Bhagat Bhurtel","708 Sundhara",sompal.bhurtel7504@random.org
"Lalit Bir K.C","4057 Jawalakhel",lalit.k.c7505@test.com
"Sompal Lal Kami","4448 Ratnapark",sompal.kami7506@demo.net
"Rohit Dev Kami","8415 Chabel",rohit.kami7507@random.org
"Kushal Dev Kami","8953 New Road",kushal.kami7508@test.com
"Rohit Bahadur Kami","5393 Jawalakhel",rohit.kami7509@mail.com
"Kushal Gopal Seikh","1367 Baneshwor",kushal.seikh7510@test.com
"Arif Dhoj K.C","742 Gaushala",arif.k.c7511@mail.com
"Sompal Lal Rajbanshi","4944 Baneshwor",sompal.rajbanshi7512@test.com
"Paras Lal Malla","5953 Baneshwor",paras.malla7513@demo.net
"Kushal Gopal Kami","9989 Ekantakuna",kushal.kami7514@demo.net
"Sompal Bahadur Malla","9234 New Road",sompal.malla7515@test.com
"Karan Dhoj Seikh","8704 Baneshwor",karan.seikh7516@random.org
"Kushal Kumar K.C","3032 Tinkune",kushal.k.c7517@demo.net
"Binod Bhopal Lamichane","971 Gaushala",binod.lamichane7518@random.org
"Karan Dev Lamichane","9577 Jawalakhel",karan.lamichane7519@example.com
"Sandeep Bhagat Bhurtel","7391 New Road",sandeep.bhurtel7520@test.com
"Sompal Bir Khadka","9435 Jawalakhel",sompal.khadka7521@test.com
"Paras Bir Lamichane","137 Jawalakhel",paras.lamichane7522@mail.com
"Sandeep Dhoj K.C","6259 Gaushala",sandeep.k.c7523@example.com
"Arif Lal K.C","7207 Ekantakuna",arif.k.c7524@test.com
"Paras Bahadur Lamichane","6207 Gaushala",paras.lamichane7525@demo.net
"Kushal Bhagat Seikh","7037 Tinkune",kushal.seikh7526@demo.net
"Asif Krishna Kami","8731 Gaushala",asif.kami7527@test.com
"Arif Gopal Seikh","2878 Gaushala",arif.seikh7528@example.com
"Arif Bahadur Seikh","7680 Sundhara",arif.seikh7529@mail.com
"Kushal Bhagat Seikh","4080 Tinkune",kushal.seikh7530@mail.com
"Sompal Kumar Bhurtel","9532 Sundhara",sompal.bhurtel7531@mail.com
"Sompal Lal Rajbanshi","6810 Baneshwor",sompal.rajbanshi7532@test.com
"Sompal Dhoj Khadka","8861 Tripureshwor",sompal.khadka7533@example.com
"Binod Lal Malla","6427 Chabel",binod.malla7534@test.com
"Karan Krishna Kami","4463 Tinkune",karan.kami7535@test.com
"Binod Kumar Malla","5426 Ekantakuna",binod.malla7536@demo.net
"Rohit Bhagat Bhurtel","5310 Sundhara",rohit.bhurtel7537@random.org
"Paras Gopal Khadka","2536 Ekantakuna",paras.khadka7538@mail.com
"Arif Bahadur Kami","5647 Sundhara",arif.kami7539@demo.net
"Sompal Bhopal Rajbanshi","8059 Ratnapark",sompal.rajbanshi7540@test.com
"Asif Bhagat Seikh","9916 Tripureshwor",asif.seikh7541@example.com
"Kushal Bir Lamichane","8317 Chabel",kushal.lamichane7542@test.com
"Binod Lal Paudel","1995 Ratnapark",binod.paudel7543@mail.com
"Rohit Bahadur Kami","8659 Ratnapark",rohit.kami7544@mail.com
"Arif Krishna Lamichane","1044 Ratnapark",arif.lamichane7545@demo.net
"Karan Dhoj Rajbanshi","9549 Baneshwor",karan.rajbanshi7546@test.com
"Paras Gopal Khadka","8733 Ratnapark",paras.khadka7547@mail.com
"Sompal Bahadur Lamichane","9681 Ratnapark",sompal.lamichane7548@test.com
"Asif Bhagat Rajbanshi","5363 New Road",asif.rajbanshi7549@demo.net
"Arif Bhagat Rajbanshi","870 Gaushala",arif.rajbanshi7550@demo.net
"Asif Bir Bhurtel","4214 Chabel",asif.bhurtel7551@mail.com
"Kushal Bahadur Kami","6507 Tripureshwor",kushal.kami7552@test.com
"Sandeep Bir Khadka","938 Ratnapark",sandeep.khadka7553@test.com
"Binod Dev Bhandari","7992 Baneshwor",binod.bhandari7554@demo.net
"Asif Lal Bhandari","5539 Gaushala",asif.bhandari7555@test.com
"Lalit Kumar Lamichane","3870 New Road",lalit.lamichane7556@test.com
"Sompal Bahadur Paudel","2554 Jawalakhel",sompal.paudel7557@demo.net
"Sompal Bir Lamichane","6367 Sundhara",sompal.lamichane7558@mail.com
"Kushal Bhopal Khadka","2260 Gaushala",kushal.khadka7559@random.org
"Rohit Bahadur Seikh","7325 New Road",rohit.seikh7560@test.com
"Asif Bhopal Malla","9068 Ratnapark",asif.malla7561@test.com
"Karan Dev Lamichane","2577 Baneshwor",karan.lamichane7562@test.com
"Lalit Bhopal Khadka","3098 Sundhara",lalit.khadka7563@test.com
"Binod Lal Khadka","7728 Ekantakuna",binod.khadka7564@example.com
"Paras Kumar Malla","2149 Gaushala",paras.malla7565@random.org
"Paras Kumar Bhandari","9707 Tripureshwor",paras.bhandari7566@demo.net
"Paras Bhagat Khadka","6509 Tripureshwor",paras.khadka7567@example.com
"Arif Bir Kami","5401 Ekantakuna",arif.kami7568@example.com
"Asif Krishna K.C","8079 Tinkune",asif.k.c7569@mail.com
"Paras Bhopal Bhandari","1672 Gaushala",paras.bhandari7570@test.com
"Sandeep Bahadur Khadka","4054 Jawalakhel",sandeep.khadka7571@test.com
"Kushal Lal K.C","8288 Tripureshwor",kushal.k.c7572@mail.com
"Sompal Krishna Bhandari","8927 Gaushala",sompal.bhandari7573@test.com
"Kushal Dhoj Seikh","4719 Baneshwor",kushal.seikh7574@example.com
"Kushal Kumar Malla","2219 Ekantakuna",kushal.malla7575@example.com
"Sompal Bir Seikh","1755 Gaushala",sompal.seikh7576@mail.com
"Asif Bahadur Bhandari","1646 Gaushala",asif.bhandari7577@demo.net
"Kushal Gopal Malla","5654 Ekantakuna",kushal.malla7578@random.org
"Asif Dev Khadka","572 New Road",asif.khadka7579@mail.com
"Paras Bhopal Paudel","6684 Ratnapark",paras.paudel7580@demo.net
"Asif Bir Malla","5719 Gaushala",asif.malla7581@random.org
"Sompal Krishna Paudel","184 Sundhara",sompal.paudel7582@mail.com
"Asif Bir Kami","9544 New Road",asif.kami7583@mail.com
"Karan Krishna K.C","4503 Baneshwor",karan.k.c7584@test.com
"Karan Bhagat Kami","4840 Tinkune",karan.kami7585@random.org
"Binod Bahadur Rajbanshi","8288 Jawalakhel",binod.rajbanshi7586@demo.net
"Sandeep Gopal Paudel","6722 Tripureshwor",sandeep.paudel7587@random.org
"Asif Krishna K.C","6490 Jawalakhel",asif.k.c7588@demo.net
"Arif Bir Seikh","6194 Sundhara",arif.seikh7589@random.org
"Paras Dhoj Bhurtel","4618 Sundhara",paras.bhurtel7590@test.com
"Kushal Gopal Malla","2203 Baneshwor",kushal.malla7591@example.com
"Kushal Bahadur Khadka","3145 New Road",kushal.khadka7592@mail.com
"Arif Krishna Khadka","7605 Chabel",arif.khadka7593@test.com
"Asif Gopal Lamichane","8520 Baneshwor",asif.lamichane7594@random.org
"Asif Dhoj Kami","7116 Chabel",asif.kami7595@random.org
"Binod Krishna Paudel","2051 New Road",binod.paudel7596@test.com
"Binod Bahadur Bhurtel","4926 Ratnapark",binod.bhurtel7597@demo.net
"Asif Dev Bhandari","7396 Jawalakhel",asif.bhandari7598@example.com
"Paras Dhoj Kami","7740 Jawalakhel",paras.kami7599@random.org
"Sandeep Bir Malla","1473 Baneshwor",sandeep.malla7600@mail.com
"Rohit Dev Bhurtel","5721 New Road",rohit.bhurtel7601@random.org
"Binod Bir Malla","9129 New Road",binod.malla7602@demo.net
"Binod Gopal Paudel","5784 Tinkune",binod.paudel7603@example.com
"Binod Bahadur Bhandari","6235 New Road",binod.bhandari7604@random.org
"Arif Lal K.C","1155 Baneshwor",arif.k.c7605@demo.net
"Binod Dev Bhurtel","2770 Chabel",binod.bhurtel7606@random.org
"Paras Lal Seikh","1501 Ekantakuna",paras.seikh7607@random.org
"Asif Dhoj Bhurtel","9288 Gaushala",asif.bhurtel7608@test.com
"Karan Lal Lamichane","1818 Ekantakuna",karan.lamichane7609@random.org
"Binod Krishna K.C","7049 Jawalakhel",binod.k.c7610@test.com
"Paras Dhoj Seikh","9115 New Road",paras.seikh7611@test.com
"Karan Lal Seikh","1375 Ratnapark",karan.seikh7612@test.com
"Lalit Gopal Bhurtel","4036 Jawalakhel",lalit.bhurtel7613@mail.com
"Sandeep Krishna Lamichane","2676 New Road",sandeep.lamichane7614@example.com
"Karan Bahadur Lamichane","9203 Ratnapark",karan.lamichane7615@example.com
"Paras Dhoj Malla","3535 Jawalakhel",paras.malla7616@demo.net
"Arif Bhopal Bhurtel","2525 New Road",arif.bhurtel7617@test.com
"Rohit Dev Rajbanshi","4377 Chabel",rohit.rajbanshi7618@demo.net
"Lalit Krishna Kami","9825 Gaushala",lalit.kami7619@mail.com
"Paras Kumar Kami","156 Tinkune",paras.kami7620@example.com
"Paras Bir Rajbanshi","3620 Ekantakuna",paras.rajbanshi7621@mail.com
"Asif Bir Lamichane","1893 Baneshwor",asif.lamichane7622@example.com
"Rohit Bir Paudel","3278 Sundhara",rohit.paudel7623@example.com
"Karan Kumar K.C","8124 Jawalakhel",karan.k.c7624@random.org
"Lalit Kumar Bhurtel","3770 New Road",lalit.bhurtel7625@test.com
"Asif Lal Khadka","442 Chabel",asif.khadka7626@demo.net
"Sandeep Lal Lamichane","8415 Tripureshwor",sandeep.lamichane7627@mail.com
"Lalit Bhopal Malla","8443 Chabel",lalit.malla7628@example.com
"Arif Lal K.C","8888 Sundhara",arif.k.c7629@test.com
"Arif Krishna Khadka","6124 Sundhara",arif.khadka7630@test.com
"Binod Gopal Seikh","1551 New Road",binod.seikh7631@mail.com
"Rohit Bir Khadka","4027 Baneshwor",rohit.khadka7632@example.com
"Karan Bhagat Rajbanshi","9322 Tripureshwor",karan.rajbanshi7633@random.org
"Kushal Bahadur Khadka","530 Gaushala",kushal.khadka7634@example.com
"Lalit Kumar Khadka","3820 Ekantakuna",lalit.khadka7635@example.com
"Arif Bahadur Lamichane","3087 Sundhara",arif.lamichane7636@mail.com
"Sandeep Bahadur Seikh","7349 Chabel",sandeep.seikh7637@test.com
"Karan Gopal Khadka","2285 Tripureshwor",karan.khadka7638@random.org
"Lalit Krishna Khadka","4400 Baneshwor",lalit.khadka7639@random.org
"Sandeep Bahadur Malla","3375 Ratnapark",sandeep.malla7640@mail.com
"Kushal Dhoj Seikh","4814 Sundhara",kushal.seikh7641@test.com
"Arif Dev Seikh","4813 Sundhara",arif.seikh7642@mail.com
"Sandeep Bhopal Khadka","9586 Jawalakhel",sandeep.khadka7643@test.com
"Karan Kumar K.C","8776 New Road",karan.k.c7644@test.com
"Lalit Bhagat Malla","2089 Ratnapark",lalit.malla7645@example.com
"Asif Lal K.C","7254 Ekantakuna",asif.k.c7646@random.org
"Arif Bhagat K.C","6184 Baneshwor",arif.k.c7647@random.org
"Asif Bhagat Rajbanshi","4003 Ekantakuna",asif.rajbanshi7648@random.org
"Asif Dev Seikh","3643 Ekantakuna",asif.seikh7649@mail.com
"Lalit Dev Paudel","9951 Ratnapark",lalit.paudel7650@example.com
"Paras Bahadur Khadka","6573 New Road",paras.khadka7651@mail.com
"Paras Bahadur Lamichane","6281 Gaushala",paras.lamichane7652@test.com
"Karan Dev Paudel","6057 Baneshwor",karan.paudel7653@random.org
"Rohit Bhopal Seikh","8254 Baneshwor",rohit.seikh7654@example.com
"Sompal Dhoj Khadka","6200 Gaushala",sompal.khadka7655@random.org
"Rohit Bahadur Seikh","8785 Gaushala",rohit.seikh7656@mail.com
"Sompal Bhopal Malla","3103 Sundhara",sompal.malla7657@mail.com
"Kushal Kumar Bhurtel","7254 Ekantakuna",kushal.bhurtel7658@demo.net
"Paras Bahadur Seikh","7555 New Road",paras.seikh7659@demo.net
"Lalit Bir Khadka","339 Ekantakuna",lalit.khadka7660@mail.com
"Sandeep Krishna Kami","4864 Baneshwor",sandeep.kami7661@demo.net
"Binod Gopal Lamichane","2025 Chabel",binod.lamichane7662@mail.com
"Asif Bir Paudel","2870 Tinkune",asif.paudel7663@random.org
"Paras Dhoj Rajbanshi","1584 Baneshwor",paras.rajbanshi7664@test.com
"Paras Krishna Paudel","7175 Gaushala",paras.paudel7665@example.com
"Karan Krishna Paudel","6768 Jawalakhel",karan.paudel7666@test.com
"Sandeep Gopal Khadka","8144 New Road",sandeep.khadka7667@test.com
"Kushal Bhopal K.C","1830 Gaushala",kushal.k.c7668@test.com
"Sompal Lal Rajbanshi","7794 New Road",sompal.rajbanshi7669@test.com
"Kushal Bahadur K.C","3319 Ratnapark",kushal.k.c7670@mail.com
"Karan Kumar Bhandari","2303 Tripureshwor",karan.bhandari7671@mail.com
"Asif Dev Malla","8665 Sundhara",asif.malla7672@demo.net
"Sandeep Dhoj Bhandari","1507 Ratnapark",sandeep.bhandari7673@example.com
"Sandeep Krishna K.C","207 Sundhara",sandeep.k.c7674@example.com
"Sompal Bhagat Lamichane","8072 New Road",sompal.lamichane7675@random.org
"Arif Dev Kami","4354 New Road",arif.kami7676@example.com
"Kushal Dev Paudel","801 Sundhara",kushal.paudel7677@test.com
"Kushal Gopal Khadka","6192 Ekantakuna",kushal.khadka7678@mail.com
"Lalit Lal Khadka","4099 Chabel",lalit.khadka7679@mail.com
"Sompal Dev Bhandari","4989 Chabel",sompal.bhandari7680@demo.net
"Lalit Lal Seikh","7115 Tinkune",lalit.seikh7681@demo.net
"Asif Lal Khadka","2382 Tripureshwor",asif.khadka7682@random.org
"Karan Bir Lamichane","6788 Ekantakuna",karan.lamichane7683@random.org
"Kushal Bahadur Paudel","496 Ratnapark",kushal.paudel7684@mail.com
"Lalit Dev Khadka","7250 Sundhara",lalit.khadka7685@mail.com
"Rohit Dhoj Bhurtel","4474 New Road",rohit.bhurtel7686@mail.com
"Sompal Krishna Rajbanshi","7654 Ratnapark",sompal.rajbanshi7687@test.com
"Asif Dhoj Bhurtel","9873 Sundhara",asif.bhurtel7688@mail.com
"Lalit Kumar Khadka","3807 Jawalakhel",lalit.khadka7689@mail.com
"Karan Gopal Rajbanshi","7644 New Road",karan.rajbanshi7690@test.com
"Asif Kumar Rajbanshi","2037 Chabel",asif.rajbanshi7691@example.com
"Sandeep Bhagat Rajbanshi","1922 Jawalakhel",sandeep.rajbanshi7692@test.com
"Kushal Bahadur Bhurtel","3584 Jawalakhel",kushal.bhurtel7693@test.com
"Lalit Bir Lamichane","3308 Baneshwor",lalit.lamichane7694@example.com
"Sandeep Bhagat Lamichane","2731 Tinkune",sandeep.lamichane7695@demo.net
"Sandeep Bhopal Seikh","993 Chabel",sandeep.seikh7696@mail.com
"Lalit Dev Seikh","8060 Chabel",lalit.seikh7697@random.org
"Kushal Kumar Seikh","2313 New Road",kushal.seikh7698@random.org
"Paras Kumar Rajbanshi","4113 Tinkune",paras.rajbanshi7699@example.com
"Asif Lal Paudel","9555 Jawalakhel",asif.paudel7700@example.com
"Asif Dhoj Seikh","2062 Jawalakhel",asif.seikh7701@random.org
"Sompal Bhagat Khadka","272 New Road",sompal.khadka7702@demo.net
"Asif Bahadur Bhandari","3940 Ratnapark",asif.bhandari7703@mail.com
"Lalit Kumar Lamichane","3602 Gaushala",lalit.lamichane7704@mail.com
"Arif Lal Khadka","2342 Ratnapark",arif.khadka7705@mail.com
"Asif Bahadur Seikh","9922 Ratnapark",asif.seikh7706@test.com
"Arif Dev Seikh","3157 Chabel",arif.seikh7707@example.com
"Sandeep Bir Kami","4977 Tripureshwor",sandeep.kami7708@example.com
"Rohit Kumar Rajbanshi","1988 Tripureshwor",rohit.rajbanshi7709@example.com
"Kushal Dhoj Seikh","4885 Gaushala",kushal.seikh7710@test.com
"Sompal Bhopal Rajbanshi","3426 Sundhara",sompal.rajbanshi7711@test.com
"Binod Krishna Khadka","8505 Tripureshwor",binod.khadka7712@demo.net
"Kushal Bhopal Paudel","5871 Tripureshwor",kushal.paudel7713@random.org
"Arif Krishna Seikh","2066 Ratnapark",arif.seikh7714@test.com
"Rohit Bhopal Seikh","5157 Baneshwor",rohit.seikh7715@random.org
"Paras Krishna Paudel","6463 Sundhara",paras.paudel7716@mail.com
"Paras Bir Lamichane","1718 Gaushala",paras.lamichane7717@test.com
"Karan Bahadur Rajbanshi","7303 Jawalakhel",karan.rajbanshi7718@random.org
"Sandeep Kumar Bhandari","6368 Sundhara",sandeep.bhandari7719@random.org
"Kushal Krishna Bhandari","7326 Ekantakuna",kushal.bhandari7720@example.com
"Asif Dev K.C","5527 Ekantakuna",asif.k.c7721@demo.net
"Sompal Gopal Malla","229 Jawalakhel",sompal.malla7722@mail.com
"Rohit Bhagat Khadka","8987 Ekantakuna",rohit.khadka7723@mail.com
"Karan Bhopal Rajbanshi","5163 Gaushala",karan.rajbanshi7724@example.com
"Arif Dhoj Bhurtel","7095 Jawalakhel",arif.bhurtel7725@random.org
"Asif Lal K.C","4626 Sundhara",asif.k.c7726@random.org
"Asif Gopal Seikh","616 Gaushala",asif.seikh7727@example.com
"Binod Gopal Rajbanshi","5758 Tinkune",binod.rajbanshi7728@random.org
"Arif Bahadur Bhandari","628 Jawalakhel",arif.bhandari7729@example.com
"Binod Bhagat Bhurtel","3358 Chabel",binod.bhurtel7730@example.com
"Lalit Dev Lamichane","6186 Jawalakhel",lalit.lamichane7731@mail.com
"Karan Krishna Bhurtel","6135 Jawalakhel",karan.bhurtel7732@demo.net
"Lalit Bhagat Seikh","7327 Baneshwor",lalit.seikh7733@mail.com
"Arif Dev Kami","4352 Gaushala",arif.kami7734@random.org
"Karan Krishna Paudel","8395 Gaushala",karan.paudel7735@mail.com
"Karan Gopal Kami","7813 Tinkune",karan.kami7736@random.org
"Lalit Dhoj Malla","9416 Chabel",lalit.malla7737@demo.net
"Sompal Bir Lamichane","8184 Tripureshwor",sompal.lamichane7738@demo.net
"Karan Lal Malla","9510 New Road",karan.malla7739@demo.net
"Kushal Bahadur Rajbanshi","4072 New Road",kushal.rajbanshi7740@example.com
"Sandeep Bhagat Seikh","3104 Chabel",sandeep.seikh7741@example.com
"Arif Bahadur Seikh","1667 Baneshwor",arif.seikh7742@test.com
"Kushal Dhoj Khadka","9475 Gaushala",kushal.khadka7743@demo.net
"Asif Lal Kami","595 Ekantakuna",asif.kami7744@demo.net
"Arif Dev Bhurtel","1065 Ekantakuna",arif.bhurtel7745@test.com
"Binod Gopal Lamichane","8242 Chabel",binod.lamichane7746@random.org
"Paras Krishna Kami","1832 New Road",paras.kami7747@mail.com
"Sandeep Bahadur Bhandari","1419 Sundhara",sandeep.bhandari7748@example.com
"Sompal Bhopal Seikh","4716 Ratnapark",sompal.seikh7749@test.com
"Arif Bir Seikh","3320 Tinkune",arif.seikh7750@random.org
"Asif Gopal Rajbanshi","1154 Chabel",asif.rajbanshi7751@random.org
"Binod Dhoj Kami","868 Gaushala",binod.kami7752@mail.com
"Sompal Kumar Malla","2200 New Road",sompal.malla7753@test.com
"Sompal Bhopal Bhurtel","9062 Chabel",sompal.bhurtel7754@example.com
"Sandeep Gopal Malla","3327 Tripureshwor",sandeep.malla7755@random.org
"Rohit Lal Bhurtel","9783 Ratnapark",rohit.bhurtel7756@mail.com
"Karan Gopal Kami","1937 Sundhara",karan.kami7757@random.org
"Asif Bir Rajbanshi","4926 Tinkune",asif.rajbanshi7758@random.org
"Asif Krishna K.C","3239 Ekantakuna",asif.k.c7759@example.com
"Karan Bahadur Malla","9411 Ekantakuna",karan.malla7760@example.com
"Rohit Gopal Rajbanshi","650 Jawalakhel",rohit.rajbanshi7761@mail.com
"Arif Krishna Bhandari","6716 Tinkune",arif.bhandari7762@mail.com
"Lalit Kumar Seikh","6342 Ekantakuna",lalit.seikh7763@demo.net
"Rohit Dev Rajbanshi","4941 Ratnapark",rohit.rajbanshi7764@mail.com
"Arif Krishna Bhurtel","1554 Tinkune",arif.bhurtel7765@mail.com
"Binod Gopal Bhurtel","6218 Ekantakuna",binod.bhurtel7766@demo.net
"Kushal Bir K.C","5500 Baneshwor",kushal.k.c7767@demo.net
"Asif Bahadur Lamichane","1882 New Road",asif.lamichane7768@test.com
"Paras Dev Seikh","5677 Gaushala",paras.seikh7769@test.com
"Karan Bhopal Lamichane","8342 Ratnapark",karan.lamichane7770@test.com
"Arif Bhagat K.C","7430 New Road",arif.k.c7771@example.com
"Rohit Bhopal Lamichane","7345 Jawalakhel",rohit.lamichane7772@mail.com
"Sompal Bhopal Bhandari","6564 Chabel",sompal.bhandari7773@example.com
"Arif Krishna Lamichane","6420 Tinkune",arif.lamichane7774@example.com
"Arif Kumar Khadka","1055 Ekantakuna",arif.khadka7775@mail.com
"Lalit Lal Bhandari","4563 Ratnapark",lalit.bhandari7776@demo.net
"Paras Krishna Rajbanshi","9281 Chabel",paras.rajbanshi7777@demo.net
"Kushal Lal Paudel","1370 Chabel",kushal.paudel7778@random.org
"Sandeep Bhopal Paudel","8586 Sundhara",sandeep.paudel7779@random.org
"Sompal Bhagat Rajbanshi","1712 Chabel",sompal.rajbanshi7780@demo.net
"Sompal Dev Lamichane","2416 Baneshwor",sompal.lamichane7781@mail.com
"Arif Bahadur Lamichane","2540 Tinkune",arif.lamichane7782@test.com
"Rohit Gopal Kami","4756 Ekantakuna",rohit.kami7783@example.com
"Asif Kumar Bhurtel","1110 Gaushala",asif.bhurtel7784@test.com
"Rohit Lal Paudel","388 Ekantakuna",rohit.paudel7785@mail.com
"Arif Bhopal Malla","6671 Ratnapark",arif.malla7786@demo.net
"Kushal Bir Rajbanshi","6557 New Road",kushal.rajbanshi7787@test.com
"Paras Dev Bhurtel","6813 Tinkune",paras.bhurtel7788@test.com
"Arif Bir K.C","4307 Chabel",arif.k.c7789@mail.com
"Sompal Gopal Rajbanshi","6961 Tripureshwor",sompal.rajbanshi7790@example.com
"Lalit Bir Kami","4883 Tinkune",lalit.kami7791@test.com
"Lalit Bahadur Lamichane","9254 Jawalakhel",lalit.lamichane7792@example.com
"Kushal Krishna Rajbanshi","8074 Jawalakhel",kushal.rajbanshi7793@example.com
"Paras Dev Bhandari","7856 Ratnapark",paras.bhandari7794@demo.net
"Lalit Bhagat Rajbanshi","5712 Ratnapark",lalit.rajbanshi7795@mail.com
"Rohit Dev Seikh","387 Chabel",rohit.seikh7796@random.org
"Sandeep Lal Lamichane","7146 Jawalakhel",sandeep.lamichane7797@random.org
"Kushal Lal Paudel","1971 Baneshwor",kushal.paudel7798@demo.net
"Arif Dhoj Malla","616 Chabel",arif.malla7799@random.org
"Karan Dhoj K.C","8632 Ratnapark",karan.k.c7800@test.com
"Kushal Lal Paudel","8474 Ekantakuna",kushal.paudel7801@random.org
"Paras Lal Khadka","8865 New Road",paras.khadka7802@test.com
"Karan Dhoj Rajbanshi","1999 Ekantakuna",karan.rajbanshi7803@test.com
"Asif Bhagat Malla","1451 Ratnapark",asif.malla7804@random.org
"Lalit Bhopal Seikh","5420 Baneshwor",lalit.seikh7805@random.org
"Sandeep Bir Seikh","3021 Tinkune",sandeep.seikh7806@example.com
"Asif Dev Paudel","1854 Chabel",asif.paudel7807@demo.net
"Sompal Kumar Bhandari","1892 Ratnapark",sompal.bhandari7808@test.com
"Sompal Kumar Seikh","3641 Baneshwor",sompal.seikh7809@demo.net
"Sandeep Krishna Rajbanshi","9790 Tripureshwor",sandeep.rajbanshi7810@mail.com
"Paras Dev Paudel","1384 Sundhara",paras.paudel7811@demo.net
"Lalit Dev Khadka","6046 New Road",lalit.khadka7812@demo.net
"Kushal Bahadur K.C","9921 Tinkune",kushal.k.c7813@example.com
"Binod Bir Bhurtel","3627 Chabel",binod.bhurtel7814@example.com
"Sandeep Dhoj Seikh","5238 Jawalakhel",sandeep.seikh7815@random.org
"Rohit Bhopal Malla","5757 Sundhara",rohit.malla7816@random.org
"Kushal Bahadur Malla","718 Chabel",kushal.malla7817@demo.net
"Lalit Gopal Seikh","4960 Tripureshwor",lalit.seikh7818@example.com
"Karan Kumar Bhandari","8056 Sundhara",karan.bhandari7819@random.org
"Lalit Dhoj Lamichane","1785 Chabel",lalit.lamichane7820@example.com
"Paras Bhopal Malla","4819 Tripureshwor",paras.malla7821@random.org
"Binod Gopal K.C","6856 Tripureshwor",binod.k.c7822@mail.com
"Kushal Gopal Seikh","3174 Gaushala",kushal.seikh7823@demo.net
"Rohit Dhoj K.C","2554 Chabel",rohit.k.c7824@test.com
"Binod Krishna Seikh","4064 Tinkune",binod.seikh7825@mail.com
"Binod Bhopal Malla","8669 Ekantakuna",binod.malla7826@demo.net
"Sompal Gopal Khadka","2422 Tripureshwor",sompal.khadka7827@test.com
"Paras Dev Lamichane","7571 Tripureshwor",paras.lamichane7828@mail.com
"Paras Dev Rajbanshi","1484 Ekantakuna",paras.rajbanshi7829@random.org
"Karan Bhopal Rajbanshi","2415 Tripureshwor",karan.rajbanshi7830@random.org
"Kushal Bahadur Paudel","5733 Ratnapark",kushal.paudel7831@mail.com
"Sandeep Kumar Paudel","152 Sundhara",sandeep.paudel7832@mail.com
"Sompal Bhopal Bhandari","7097 Chabel",sompal.bhandari7833@example.com
"Rohit Gopal Seikh","2401 Tripureshwor",rohit.seikh7834@random.org
"Sompal Gopal Lamichane","6623 Chabel",sompal.lamichane7835@random.org
"Rohit Gopal K.C","661 New Road",rohit.k.c7836@example.com
"Arif Bahadur Lamichane","1648 Sundhara",arif.lamichane7837@demo.net
"Asif Bhagat Seikh","3552 Chabel",asif.seikh7838@demo.net
"Paras Gopal Paudel","8029 Ekantakuna",paras.paudel7839@test.com
"Arif Bir Khadka","2266 Jawalakhel",arif.khadka7840@random.org
"Sandeep Lal Malla","4792 Sundhara",sandeep.malla7841@mail.com
"Rohit Bhagat Malla","2463 Baneshwor",rohit.malla7842@random.org
"Rohit Kumar Seikh","1993 Gaushala",rohit.seikh7843@random.org
"Lalit Bhagat K.C","5590 Ratnapark",lalit.k.c7844@example.com
"Arif Gopal Bhurtel","9095 Ekantakuna",arif.bhurtel7845@demo.net
"Asif Dhoj Bhandari","8845 Chabel",asif.bhandari7846@mail.com
"Sompal Krishna Lamichane","8717 Tripureshwor",sompal.lamichane7847@demo.net
"Kushal Dhoj Kami","8659 Jawalakhel",kushal.kami7848@mail.com
"Sompal Krishna Malla","9873 Tripureshwor",sompal.malla7849@demo.net
"Binod Lal Bhandari","4508 Chabel",binod.bhandari7850@mail.com
"Arif Kumar Seikh","9682 Ratnapark",arif.seikh7851@mail.com
"Paras Bhagat Khadka","2392 Sundhara",paras.khadka7852@mail.com
"Binod Kumar Seikh","6288 Ratnapark",binod.seikh7853@test.com
"Sandeep Bhopal Kami","1245 Tripureshwor",sandeep.kami7854@test.com
"Arif Bir Kami","6538 Gaushala",arif.kami7855@example.com
"Paras Bhagat Rajbanshi","4991 Baneshwor",paras.rajbanshi7856@mail.com
"Karan Bahadur Rajbanshi","5556 Ratnapark",karan.rajbanshi7857@test.com
"Kushal Kumar Malla","9195 Jawalakhel",kushal.malla7858@test.com
"Arif Bahadur Bhurtel","2445 Tripureshwor",arif.bhurtel7859@mail.com
"Asif Dhoj Bhandari","9767 Chabel",asif.bhandari7860@mail.com
"Kushal Lal Lamichane","4178 New Road",kushal.lamichane7861@mail.com
"Asif Bahadur Malla","6571 New Road",asif.malla7862@example.com
"Asif Bir Kami","8149 Chabel",asif.kami7863@mail.com
"Asif Gopal Lamichane","8946 Jawalakhel",asif.lamichane7864@mail.com
"Kushal Dhoj Bhurtel","8134 Tripureshwor",kushal.bhurtel7865@mail.com
"Sandeep Dhoj Lamichane","3942 Chabel",sandeep.lamichane7866@demo.net
"Kushal Lal K.C","7633 Sundhara",kushal.k.c7867@demo.net
"Arif Gopal Seikh","1870 Ekantakuna",arif.seikh7868@mail.com
"Asif Bhagat Lamichane","7740 Ekantakuna",asif.lamichane7869@demo.net
"Sandeep Bahadur Paudel","211 New Road",sandeep.paudel7870@random.org
"Sandeep Bhagat Lamichane","7634 Chabel",sandeep.lamichane7871@random.org
"Arif Bhopal Kami","4128 Tripureshwor",arif.kami7872@example.com
"Karan Krishna Rajbanshi","6807 Sundhara",karan.rajbanshi7873@test.com
"Paras Dev Paudel","2146 Chabel",paras.paudel7874@random.org
"Lalit Gopal Bhandari","4701 Chabel",lalit.bhandari7875@mail.com
"Kushal Lal Malla","7923 Chabel",kushal.malla7876@example.com
"Sandeep Lal K.C","7459 Jawalakhel",sandeep.k.c7877@demo.net
"Lalit Kumar Seikh","3536 Sundhara",lalit.seikh7878@example.com
"Arif Krishna Bhurtel","4658 Chabel",arif.bhurtel7879@random.org
"Kushal Bir Bhurtel","1155 Tinkune",kushal.bhurtel7880@example.com
"Sandeep Dev Lamichane","2879 Jawalakhel",sandeep.lamichane7881@mail.com
"Karan Bhagat Bhandari","2539 Sundhara",karan.bhandari7882@random.org
"Binod Gopal Seikh","420 Ratnapark",binod.seikh7883@demo.net
"Paras Bhopal Lamichane","5897 Gaushala",paras.lamichane7884@demo.net
"Sompal Gopal Rajbanshi","5098 Jawalakhel",sompal.rajbanshi7885@mail.com
"Paras Bir Rajbanshi","478 Ekantakuna",paras.rajbanshi7886@example.com
"Kushal Kumar K.C","8860 Baneshwor",kushal.k.c7887@mail.com
"Rohit Gopal Bhurtel","3247 Baneshwor",rohit.bhurtel7888@example.com
"Rohit Bir Malla","1979 Tinkune",rohit.malla7889@random.org
"Binod Bir Paudel","9757 Ekantakuna",binod.paudel7890@test.com
"Paras Lal Malla","1673 Jawalakhel",paras.malla7891@demo.net
"Sompal Gopal K.C","9557 Tinkune",sompal.k.c7892@demo.net
"Karan Kumar Khadka","1677 New Road",karan.khadka7893@random.org
"Asif Bahadur Lamichane","4322 Ratnapark",asif.lamichane7894@demo.net
"Sandeep Dev Bhandari","1924 Ekantakuna",sandeep.bhandari7895@test.com
"Rohit Gopal Seikh","5830 Sundhara",rohit.seikh7896@mail.com
"Karan Kumar Bhurtel","5194 Tinkune",karan.bhurtel7897@example.com
"Sompal Krishna Lamichane","7392 Jawalakhel",sompal.lamichane7898@test.com
"Karan Kumar Paudel","7056 Tripureshwor",karan.paudel7899@random.org
"Arif Bir Bhurtel","3117 Jawalakhel",arif.bhurtel7900@demo.net
"Arif Kumar Khadka","4661 Jawalakhel",arif.khadka7901@test.com
"Sandeep Dhoj K.C","5926 Tinkune",sandeep.k.c7902@mail.com
"Paras Gopal Kami","3408 New Road",paras.kami7903@random.org
"Karan Bhagat Bhandari","6065 Tinkune",karan.bhandari7904@demo.net
"Paras Bahadur Rajbanshi","2346 Jawalakhel",paras.rajbanshi7905@mail.com
"Binod Gopal Lamichane","4470 Sundhara",binod.lamichane7906@example.com
"Karan Lal Rajbanshi","8397 Tinkune",karan.rajbanshi7907@mail.com
"Sandeep Kumar Bhandari","5053 Sundhara",sandeep.bhandari7908@mail.com
"Asif Bir Malla","2461 Ekantakuna",asif.malla7909@random.org
"Arif Bir Seikh","750 Sundhara",arif.seikh7910@test.com
"Kushal Dhoj Seikh","3691 Tinkune",kushal.seikh7911@random.org
"Rohit Kumar Rajbanshi","7242 Sundhara",rohit.rajbanshi7912@random.org
"Sompal Bhopal Khadka","2383 New Road",sompal.khadka7913@demo.net
"Arif Dev Malla","1357 Ratnapark",arif.malla7914@mail.com
"Lalit Bhagat Bhandari","9900 Tinkune",lalit.bhandari7915@random.org
"Kushal Gopal K.C","4868 Jawalakhel",kushal.k.c7916@mail.com
"Karan Bhagat Lamichane","7826 Chabel",karan.lamichane7917@test.com
"Paras Bhagat Rajbanshi","8727 Jawalakhel",paras.rajbanshi7918@test.com
"Arif Kumar Bhandari","8694 New Road",arif.bhandari7919@random.org
"Rohit Dev Rajbanshi","3392 Ekantakuna",rohit.rajbanshi7920@mail.com
"Arif Krishna Khadka","1388 Tinkune",arif.khadka7921@random.org
"Rohit Gopal Seikh","6042 Tinkune",rohit.seikh7922@example.com
"Arif Kumar Malla","6111 Sundhara",arif.malla7923@test.com
"Sandeep Kumar K.C","2939 Tinkune",sandeep.k.c7924@test.com
"Arif Krishna K.C","4907 Baneshwor",arif.k.c7925@test.com
"Sandeep Kumar Khadka","4612 Tripureshwor",sandeep.khadka7926@demo.net
"Sandeep Bahadur Malla","3516 Chabel",sandeep.malla7927@example.com
"Rohit Gopal Bhandari","5108 Chabel",rohit.bhandari7928@random.org
"Sandeep Dhoj Paudel","6665 Gaushala",sandeep.paudel7929@mail.com
"Asif Bir Paudel","5703 Baneshwor",asif.paudel7930@mail.com
"Karan Kumar K.C","8412 New Road",karan.k.c7931@random.org
"Karan Gopal Bhurtel","8512 Baneshwor",karan.bhurtel7932@example.com
"Binod Bir K.C","7263 Tripureshwor",binod.k.c7933@demo.net
"Sandeep Lal Rajbanshi","2919 Baneshwor",sandeep.rajbanshi7934@demo.net
"Asif Bhagat Seikh","9349 Tinkune",asif.seikh7935@demo.net
"Paras Bhopal Rajbanshi","5464 New Road",paras.rajbanshi7936@example.com
"Arif Bhagat Rajbanshi","5881 Chabel",arif.rajbanshi7937@random.org
"Karan Dhoj Kami","875 Sundhara",karan.kami7938@mail.com
"Sandeep Bhopal Kami","4931 New Road",sandeep.kami7939@mail.com
"Arif Bhopal Malla","2772 Chabel",arif.malla7940@mail.com
"Arif Bhagat Kami","2632 Jawalakhel",arif.kami7941@demo.net
"Arif Kumar Bhandari","6182 Ekantakuna",arif.bhandari7942@demo.net
"Rohit Bhagat Bhurtel","1746 Baneshwor",rohit.bhurtel7943@example.com
"Paras Bhagat Seikh","5938 Tinkune",paras.seikh7944@example.com
"Karan Kumar Lamichane","8182 Ekantakuna",karan.lamichane7945@mail.com
"Rohit Dev Seikh","9382 New Road",rohit.seikh7946@demo.net
"Karan Gopal Bhandari","4849 Baneshwor",karan.bhandari7947@example.com
"Asif Lal Bhandari","3759 Ratnapark",asif.bhandari7948@test.com
"Arif Kumar Lamichane","7253 Baneshwor",arif.lamichane7949@mail.com
"Karan Krishna Seikh","4942 Baneshwor",karan.seikh7950@random.org
"Sandeep Gopal Lamichane","6790 New Road",sandeep.lamichane7951@example.com
"Karan Gopal Malla","1909 Baneshwor",karan.malla7952@random.org
"Asif Bir Seikh","4266 Tripureshwor",asif.seikh7953@demo.net
"Lalit Dev Bhurtel","8167 New Road",lalit.bhurtel7954@example.com
"Kushal Bhagat K.C","9276 Ratnapark",kushal.k.c7955@demo.net
"Binod Bhagat Lamichane","3936 Gaushala",binod.lamichane7956@test.com
"Paras Lal Rajbanshi","2582 Gaushala",paras.rajbanshi7957@random.org
"Arif Dev Lamichane","1953 Tinkune",arif.lamichane7958@example.com
"Kushal Dev Khadka","5879 Gaushala",kushal.khadka7959@test.com
"Binod Bhagat Lamichane","3187 Ratnapark",binod.lamichane7960@mail.com
"Kushal Bahadur Lamichane","9671 Sundhara",kushal.lamichane7961@random.org
"Lalit Bhopal Bhandari","8792 New Road",lalit.bhandari7962@test.com
"Karan Krishna K.C","1726 Baneshwor",karan.k.c7963@demo.net
"Binod Bir Lamichane","9680 Jawalakhel",binod.lamichane7964@mail.com
"Karan Dev Paudel","1811 Ratnapark",karan.paudel7965@demo.net
"Sompal Gopal Khadka","9664 Tripureshwor",sompal.khadka7966@random.org
"Sompal Bhopal Bhandari","7082 Ekantakuna",sompal.bhandari7967@test.com
"Kushal Gopal Seikh","7063 Tripureshwor",kushal.seikh7968@example.com
"Sompal Gopal Lamichane","4744 Chabel",sompal.lamichane7969@test.com
"Kushal Krishna K.C","234 Ratnapark",kushal.k.c7970@random.org
"Lalit Dhoj Khadka","1973 Tinkune",lalit.khadka7971@test.com
"Arif Bahadur Paudel","365 Tripureshwor",arif.paudel7972@example.com
"Asif Krishna Lamichane","5889 New Road",asif.lamichane7973@test.com
"Paras Bhagat Lamichane","6892 Baneshwor",paras.lamichane7974@random.org
"Lalit Gopal Malla","9152 Jawalakhel",lalit.malla7975@random.org
"Asif Dev Paudel","5576 Baneshwor",asif.paudel7976@test.com
"Binod Bhagat K.C","2782 Tinkune",binod.k.c7977@random.org
"Asif Lal Paudel","6940 Chabel",asif.paudel7978@random.org
"Sompal Dhoj K.C","9420 New Road",sompal.k.c7979@test.com
"Karan Bhopal Kami","9984 New Road",karan.kami7980@demo.net
"Rohit Gopal Lamichane","2537 Sundhara",rohit.lamichane7981@mail.com
"Arif Dhoj Seikh","1918 Baneshwor",arif.seikh7982@example.com
"Karan Kumar Lamichane","3408 Baneshwor",karan.lamichane7983@test.com
"Lalit Krishna Bhandari","2881 New Road",lalit.bhandari7984@mail.com
"Sandeep Krishna Khadka","5104 Jawalakhel",sandeep.khadka7985@test.com
"Kushal Bahadur Bhandari","9769 Gaushala",kushal.bhandari7986@demo.net
"Sandeep Krishna Kami","8860 Jawalakhel",sandeep.kami7987@demo.net
"Karan Gopal Bhandari","2205 Ratnapark",karan.bhandari7988@mail.com
"Arif Lal K.C","1615 Tinkune",arif.k.c7989@random.org
"Karan Gopal Kami","9619 Ratnapark",karan.kami7990@test.com
"Karan Bir Paudel","4353 Ratnapark",karan.paudel7991@example.com
"Karan Bahadur Lamichane","772 Chabel",karan.lamichane7992@example.com
"Sandeep Dhoj Kami","5412 New Road",sandeep.kami7993@demo.net
"Lalit Krishna K.C","7426 New Road",lalit.k.c7994@test.com
"Lalit Bhagat Bhurtel","5621 Gaushala",lalit.bhurtel7995@mail.com
"Paras Bhopal Paudel","1425 Tinkune",paras.paudel7996@example.com
"Asif Bhopal Bhurtel","8046 Tinkune",asif.bhurtel7997@demo.net
"Arif Bahadur Bhurtel","2940 Chabel",arif.bhurtel7998@random.org
"Karan Bahadur K.C","8706 Chabel",karan.k.c7999@demo.net
"Sandeep Bhopal Malla","1561 Ratnapark",sandeep.malla8000@random.org
"Asif Dhoj Lamichane","2658 Tripureshwor",asif.lamichane8001@demo.net
"Asif Bhopal Khadka","8017 Ekantakuna",asif.khadka8002@example.com
"Kushal Bhopal Bhurtel","6322 New Road",kushal.bhurtel8003@demo.net
"Binod Gopal Malla","2554 Baneshwor",binod.malla8004@mail.com
"Arif Dev Kami","5937 Ratnapark",arif.kami8005@mail.com
"Sandeep Krishna Paudel","9848 Ratnapark",sandeep.paudel8006@demo.net
"Binod Gopal Kami","6297 Baneshwor",binod.kami8007@mail.com
"Binod Lal Khadka","9242 Jawalakhel",binod.khadka8008@test.com
"Binod Kumar Seikh","2776 Ratnapark",binod.seikh8009@example.com
"Binod Kumar Khadka","7088 Chabel",binod.khadka8010@example.com
"Paras Bhagat Lamichane","6408 Gaushala",paras.lamichane8011@demo.net
"Kushal Kumar Rajbanshi","430 Sundhara",kushal.rajbanshi8012@demo.net
"Paras Lal K.C","9895 Sundhara",paras.k.c8013@demo.net
"Sandeep Dhoj Khadka","7285 Baneshwor",sandeep.khadka8014@mail.com
"Rohit Krishna Malla","5737 Chabel",rohit.malla8015@example.com
"Kushal Krishna Bhandari","6142 New Road",kushal.bhandari8016@example.com
"Kushal Krishna Malla","7543 New Road",kushal.malla8017@demo.net
"Asif Kumar Bhurtel","7537 Baneshwor",asif.bhurtel8018@demo.net
"Paras Lal Bhurtel","899 Chabel",paras.bhurtel8019@test.com
"Karan Lal Bhurtel","4148 Gaushala",karan.bhurtel8020@demo.net
"Karan Dev Malla","1537 New Road",karan.malla8021@demo.net
"Lalit Bhopal Seikh","5679 Ekantakuna",lalit.seikh8022@mail.com
"Sandeep Dev Khadka","6344 Sundhara",sandeep.khadka8023@demo.net
"Lalit Krishna Malla","4407 Tripureshwor",lalit.malla8024@mail.com
"Rohit Bhopal Malla","3730 Tripureshwor",rohit.malla8025@example.com
"Lalit Bir Malla","2261 New Road",lalit.malla8026@example.com
"Arif Krishna K.C","8952 Jawalakhel",arif.k.c8027@mail.com
"Lalit Bhopal Bhurtel","1401 Jawalakhel",lalit.bhurtel8028@mail.com
"Sompal Bhagat Kami","6221 Sundhara",sompal.kami8029@test.com
"Paras Dev K.C","7242 Tripureshwor",paras.k.c8030@random.org
"Rohit Dhoj K.C","8192 Tinkune",rohit.k.c8031@demo.net
"Binod Krishna Paudel","149 Jawalakhel",binod.paudel8032@random.org
"Karan Lal Bhurtel","7031 Sundhara",karan.bhurtel8033@random.org
"Rohit Bir Paudel","6497 Ratnapark",rohit.paudel8034@example.com
"Binod Dev Paudel","721 Jawalakhel",binod.paudel8035@mail.com
"Paras Gopal Seikh","7364 Tinkune",paras.seikh8036@test.com
"Lalit Dhoj Khadka","4703 Chabel",lalit.khadka8037@test.com
"Arif Bhopal Lamichane","5714 Jawalakhel",arif.lamichane8038@test.com
"Rohit Lal Bhandari","5112 Jawalakhel",rohit.bhandari8039@random.org
"Sandeep Kumar Khadka","6989 Jawalakhel",sandeep.khadka8040@mail.com
"Binod Kumar Paudel","6953 Chabel",binod.paudel8041@mail.com
"Kushal Bir Malla","2020 Chabel",kushal.malla8042@demo.net
"Rohit Krishna Lamichane","3172 Gaushala",rohit.lamichane8043@random.org
"Sandeep Kumar Lamichane","2231 Gaushala",sandeep.lamichane8044@mail.com
"Karan Dhoj Kami","6699 Tinkune",karan.kami8045@random.org
"Sandeep Lal Rajbanshi","3179 Ekantakuna",sandeep.rajbanshi8046@example.com
"Kushal Kumar Malla","9810 Tripureshwor",kushal.malla8047@example.com
"Rohit Bhopal K.C","7957 Chabel",rohit.k.c8048@test.com
"Sandeep Lal Seikh","5851 Jawalakhel",sandeep.seikh8049@example.com
"Arif Bhopal Bhandari","4742 Ratnapark",arif.bhandari8050@demo.net
"Paras Kumar Paudel","6050 Ekantakuna",paras.paudel8051@example.com
"Arif Dev Lamichane","6212 Jawalakhel",arif.lamichane8052@test.com
"Lalit Bahadur Malla","5356 Baneshwor",lalit.malla8053@mail.com
"Binod Dev Paudel","4032 Jawalakhel",binod.paudel8054@test.com
"Karan Bir Lamichane","5518 New Road",karan.lamichane8055@demo.net
"Karan Dhoj K.C","3251 Chabel",karan.k.c8056@mail.com
"Kushal Kumar K.C","4748 New Road",kushal.k.c8057@test.com
"Rohit Kumar Khadka","9678 Ekantakuna",rohit.khadka8058@example.com
"Kushal Dev Bhandari","8775 Baneshwor",kushal.bhandari8059@test.com
"Arif Bhopal Khadka","2005 Tripureshwor",arif.khadka8060@example.com
"Lalit Bhagat Malla","669 Chabel",lalit.malla8061@demo.net
"Asif Bhagat K.C","9584 Gaushala",asif.k.c8062@test.com
"Asif Gopal Bhurtel","421 Ekantakuna",asif.bhurtel8063@example.com
"Kushal Bhagat Kami","3501 Ekantakuna",kushal.kami8064@example.com
"Asif Bahadur Bhurtel","3548 Ratnapark",asif.bhurtel8065@mail.com
"Sandeep Bahadur Malla","3997 Ekantakuna",sandeep.malla8066@mail.com
"Binod Gopal K.C","1906 Tinkune",binod.k.c8067@demo.net
"Asif Bahadur Seikh","6229 Gaushala",asif.seikh8068@random.org
"Karan Bhopal Bhandari","4677 Tripureshwor",karan.bhandari8069@example.com
"Paras Bhagat Malla","202 New Road",paras.malla8070@test.com
"Sompal Bir Malla","2055 Jawalakhel",sompal.malla8071@test.com
"Arif Bhopal Paudel","6879 Tinkune",arif.paudel8072@example.com
"Rohit Kumar Kami","4354 Tinkune",rohit.kami8073@demo.net
"Sompal Bhagat Lamichane","4282 Ratnapark",sompal.lamichane8074@random.org
"Kushal Bir Kami","3646 Gaushala",kushal.kami8075@demo.net
"Binod Kumar Khadka","1110 Ekantakuna",binod.khadka8076@mail.com
"Kushal Bhagat Bhandari","9670 Jawalakhel",kushal.bhandari8077@random.org
"Kushal Krishna Khadka","5903 Tripureshwor",kushal.khadka8078@random.org
"Paras Bir Malla","8682 Ekantakuna",paras.malla8079@mail.com
"Karan Dhoj K.C","5634 Tinkune",karan.k.c8080@random.org
"Binod Krishna Malla","5611 Ekantakuna",binod.malla8081@test.com
"Arif Bhagat Khadka","8380 Sundhara",arif.khadka8082@random.org
"Paras Bhagat Lamichane","9007 Gaushala",paras.lamichane8083@mail.com
"Asif Krishna K.C","9825 Gaushala",asif.k.c8084@test.com
"Lalit Bhopal Khadka","8294 Sundhara",lalit.khadka8085@mail.com
"Karan Kumar Bhurtel","6664 Sundhara",karan.bhurtel8086@mail.com
"Binod Lal Paudel","5272 New Road",binod.paudel8087@test.com
"Binod Dhoj Paudel","3440 Ratnapark",binod.paudel8088@mail.com
"Asif Bahadur Kami","6326 Gaushala",asif.kami8089@demo.net
"Karan Lal Lamichane","6458 Gaushala",karan.lamichane8090@test.com
"Karan Bir Malla","4312 Ekantakuna",karan.malla8091@random.org
"Binod Bhopal Rajbanshi","1998 Jawalakhel",binod.rajbanshi8092@test.com
"Kushal Bhopal Khadka","1500 Sundhara",kushal.khadka8093@random.org
"Sompal Dev Bhurtel","939 Chabel",sompal.bhurtel8094@demo.net
"Sandeep Kumar Khadka","1104 Tinkune",sandeep.khadka8095@mail.com
"Paras Bhagat Lamichane","9607 Tinkune",paras.lamichane8096@random.org
"Kushal Krishna Kami","4735 Tinkune",kushal.kami8097@mail.com
"Rohit Bhopal K.C","4425 Tinkune",rohit.k.c8098@test.com
"Karan Kumar Seikh","289 Chabel",karan.seikh8099@mail.com
"Lalit Bahadur Kami","3118 Chabel",lalit.kami8100@example.com
"Sandeep Dhoj Seikh","8006 New Road",sandeep.seikh8101@test.com
"Lalit Dhoj Seikh","2757 Baneshwor",lalit.seikh8102@example.com
"Binod Dhoj K.C","6902 Chabel",binod.k.c8103@demo.net
"Lalit Bhopal Bhandari","1033 New Road",lalit.bhandari8104@demo.net
"Asif Krishna Lamichane","3411 Gaushala",asif.lamichane8105@random.org
"Sompal Lal Bhurtel","4083 New Road",sompal.bhurtel8106@demo.net
"Sompal Gopal Rajbanshi","6816 Tripureshwor",sompal.rajbanshi8107@demo.net
"Sandeep Dhoj Paudel","3922 Tinkune",sandeep.paudel8108@mail.com
"Arif Gopal Lamichane","2096 Ekantakuna",arif.lamichane8109@mail.com
"Karan Krishna Seikh","4050 Sundhara",karan.seikh8110@demo.net
"Arif Dhoj Lamichane","8371 Tripureshwor",arif.lamichane8111@random.org
"Arif Krishna Rajbanshi","858 Tripureshwor",arif.rajbanshi8112@example.com
"Sandeep Krishna Seikh","6569 Chabel",sandeep.seikh8113@random.org
"Kushal Bhopal Rajbanshi","4940 Jawalakhel",kushal.rajbanshi8114@mail.com
"Asif Lal Rajbanshi","8516 Gaushala",asif.rajbanshi8115@example.com
"Karan Bir Kami","575 New Road",karan.kami8116@random.org
"Lalit Dhoj Rajbanshi","4702 Jawalakhel",lalit.rajbanshi8117@test.com
"Sompal Kumar Khadka","2405 Gaushala",sompal.khadka8118@random.org
"Sompal Bahadur Rajbanshi","9946 Tripureshwor",sompal.rajbanshi8119@example.com
"Paras Bhagat Lamichane","6821 Jawalakhel",paras.lamichane8120@demo.net
"Lalit Dev Khadka","5461 Tripureshwor",lalit.khadka8121@mail.com
"Binod Dhoj Bhurtel","1384 Ekantakuna",binod.bhurtel8122@demo.net
"Sandeep Bhagat Lamichane","984 Tinkune",sandeep.lamichane8123@demo.net
"Binod Bahadur Khadka","8775 Ekantakuna",binod.khadka8124@test.com
"Lalit Gopal Bhurtel","1407 New Road",lalit.bhurtel8125@example.com
"Lalit Dhoj Bhandari","775 Ekantakuna",lalit.bhandari8126@test.com
"Kushal Krishna Khadka","8951 Chabel",kushal.khadka8127@test.com
"Sompal Krishna Lamichane","6798 Tripureshwor",sompal.lamichane8128@random.org
"Karan Kumar Bhurtel","7964 Sundhara",karan.bhurtel8129@example.com
"Sandeep Bhopal Kami","9136 Ekantakuna",sandeep.kami8130@demo.net
"Rohit Lal Rajbanshi","9714 Ratnapark",rohit.rajbanshi8131@demo.net
"Sompal Dhoj Seikh","7650 Baneshwor",sompal.seikh8132@demo.net
"Rohit Bir Malla","6407 Baneshwor",rohit.malla8133@test.com
"Asif Krishna Bhurtel","8195 New Road",asif.bhurtel8134@test.com
"Asif Gopal Paudel","4401 Baneshwor",asif.paudel8135@test.com
"Arif Kumar Lamichane","9391 Sundhara",arif.lamichane8136@random.org
"Paras Lal Lamichane","9334 Sundhara",paras.lamichane8137@mail.com
"Sompal Bhopal Bhurtel","8871 Sundhara",sompal.bhurtel8138@test.com
"Paras Dhoj Paudel","5717 Tinkune",paras.paudel8139@demo.net
"Karan Bhopal Malla","687 Sundhara",karan.malla8140@random.org
"Sandeep Kumar Bhurtel","4510 Tripureshwor",sandeep.bhurtel8141@mail.com
"Binod Gopal Malla","9598 Sundhara",binod.malla8142@test.com
"Rohit Dev Bhandari","5648 Ratnapark",rohit.bhandari8143@random.org
"Karan Bhopal Khadka","7904 Ekantakuna",karan.khadka8144@mail.com
"Lalit Bhopal Malla","9769 Gaushala",lalit.malla8145@test.com
"Binod Gopal Khadka","8359 Chabel",binod.khadka8146@random.org
"Asif Krishna Seikh","3220 Chabel",asif.seikh8147@random.org
"Rohit Bhopal Bhurtel","9387 Ratnapark",rohit.bhurtel8148@random.org
"Paras Kumar K.C","7838 Tripureshwor",paras.k.c8149@mail.com
"Sandeep Dhoj Khadka","631 Sundhara",sandeep.khadka8150@demo.net
"Asif Dhoj Rajbanshi","9382 Baneshwor",asif.rajbanshi8151@random.org
"Karan Gopal Seikh","3509 Jawalakhel",karan.seikh8152@test.com
"Binod Dhoj Bhandari","4854 Ekantakuna",binod.bhandari8153@test.com
"Kushal Krishna Kami","4340 Chabel",kushal.kami8154@test.com
"Arif Gopal Bhurtel","1293 Tinkune",arif.bhurtel8155@example.com
"Sompal Bir Seikh","4769 Gaushala",sompal.seikh8156@test.com
"Kushal Kumar Malla","6961 Tripureshwor",kushal.malla8157@test.com
"Lalit Bhagat Bhandari","4437 Tinkune",lalit.bhandari8158@test.com
"Karan Lal Malla","4138 Gaushala",karan.malla8159@random.org
"Sandeep Krishna Malla","2537 Baneshwor",sandeep.malla8160@test.com
"Binod Gopal Lamichane","7964 Tripureshwor",binod.lamichane8161@mail.com
"Asif Lal Rajbanshi","2009 Ratnapark",asif.rajbanshi8162@random.org
"Paras Kumar Seikh","5935 Ekantakuna",paras.seikh8163@random.org
"Kushal Gopal K.C","6690 Ekantakuna",kushal.k.c8164@demo.net
"Sandeep Lal K.C","1606 Ekantakuna",sandeep.k.c8165@example.com
"Asif Lal Bhandari","7045 Tripureshwor",asif.bhandari8166@random.org
"Asif Bir Paudel","3441 Baneshwor",asif.paudel8167@test.com
"Kushal Lal K.C","4030 Chabel",kushal.k.c8168@random.org
"Paras Bir Khadka","2733 Chabel",paras.khadka8169@demo.net
"Kushal Kumar Bhandari","8474 Tinkune",kushal.bhandari8170@demo.net
"Lalit Dhoj Kami","2240 Chabel",lalit.kami8171@demo.net
"Lalit Kumar K.C","5774 Sundhara",lalit.k.c8172@test.com
"Sandeep Kumar Paudel","2970 New Road",sandeep.paudel8173@example.com
"Binod Krishna Lamichane","1918 Ratnapark",binod.lamichane8174@random.org
"Rohit Dev Khadka","8892 Jawalakhel",rohit.khadka8175@random.org
"Rohit Bhagat Khadka","1134 Baneshwor",rohit.khadka8176@demo.net
"Binod Lal Kami","1199 New Road",binod.kami8177@mail.com
"Kushal Gopal Malla","371 Tinkune",kushal.malla8178@test.com
"Asif Krishna Bhandari","5731 Ekantakuna",asif.bhandari8179@mail.com
"Karan Kumar Bhandari","7592 Sundhara",karan.bhandari8180@mail.com
"Sandeep Lal Bhurtel","6827 Baneshwor",sandeep.bhurtel8181@random.org
"Sandeep Bhagat Bhurtel","134 Sundhara",sandeep.bhurtel8182@demo.net
"Arif Gopal K.C","8790 Jawalakhel",arif.k.c8183@random.org
"Rohit Bhagat Khadka","8729 Tinkune",rohit.khadka8184@example.com
"Paras Kumar Bhurtel","7764 New Road",paras.bhurtel8185@example.com
"Karan Gopal Lamichane","2280 New Road",karan.lamichane8186@test.com
"Binod Kumar Paudel","1734 Jawalakhel",binod.paudel8187@mail.com
"Kushal Gopal Paudel","6893 Ekantakuna",kushal.paudel8188@test.com
"Sandeep Krishna Khadka","6619 Ekantakuna",sandeep.khadka8189@random.org
"Asif Bhagat Malla","1355 Jawalakhel",asif.malla8190@demo.net
"Paras Bir Paudel","8263 Chabel",paras.paudel8191@random.org
"Sandeep Bahadur Lamichane","9103 Sundhara",sandeep.lamichane8192@mail.com
"Sompal Krishna K.C","5478 Jawalakhel",sompal.k.c8193@test.com
"Sandeep Bhopal Rajbanshi","6655 Sundhara",sandeep.rajbanshi8194@test.com
"Kushal Bhopal Paudel","9967 Chabel",kushal.paudel8195@random.org
"Asif Gopal Bhurtel","4175 Chabel",asif.bhurtel8196@mail.com
"Lalit Krishna Seikh","5495 Sundhara",lalit.seikh8197@random.org
"Paras Kumar Bhurtel","8962 Jawalakhel",paras.bhurtel8198@mail.com
"Sompal Bhagat Bhurtel","1941 Gaushala",sompal.bhurtel8199@random.org
"Rohit Bhagat Kami","9288 New Road",rohit.kami8200@random.org
"Asif Bhopal Seikh","689 New Road",asif.seikh8201@demo.net
"Asif Gopal Rajbanshi","507 Ratnapark",asif.rajbanshi8202@mail.com
"Sompal Bhopal Malla","4688 Tripureshwor",sompal.malla8203@demo.net
"Sandeep Krishna Seikh","8807 Chabel",sandeep.seikh8204@example.com
"Karan Krishna Paudel","7719 Jawalakhel",karan.paudel8205@mail.com
"Karan Gopal Paudel","6452 New Road",karan.paudel8206@example.com
"Sandeep Bahadur Bhandari","5695 Gaushala",sandeep.bhandari8207@mail.com
"Rohit Bhagat K.C","366 Baneshwor",rohit.k.c8208@example.com
"Sompal Bir Khadka","8258 Chabel",sompal.khadka8209@demo.net
"Sandeep Bhopal Kami","369 Gaushala",sandeep.kami8210@random.org
"Lalit Bahadur Bhurtel","7256 Ratnapark",lalit.bhurtel8211@example.com
"Sompal Kumar Rajbanshi","2429 Ratnapark",sompal.rajbanshi8212@example.com
"Arif Dhoj Malla","5872 Jawalakhel",arif.malla8213@demo.net
"Arif Gopal Lamichane","5837 Sundhara",arif.lamichane8214@demo.net
"Sompal Lal Paudel","8702 Tinkune",sompal.paudel8215@mail.com
"Sompal Lal Paudel","288 Chabel",sompal.paudel8216@random.org
"Karan Dev Khadka","1576 Tinkune",karan.khadka8217@random.org
"Arif Bahadur Bhurtel","1202 Ekantakuna",arif.bhurtel8218@example.com
"Paras Bhopal Kami","635 Gaushala",paras.kami8219@mail.com
"Binod Bhagat Bhandari","6449 Chabel",binod.bhandari8220@mail.com
"Asif Kumar Paudel","5846 Chabel",asif.paudel8221@test.com
"Kushal Bir Bhurtel","6773 Tripureshwor",kushal.bhurtel8222@mail.com
"Kushal Lal Bhurtel","4456 Gaushala",kushal.bhurtel8223@test.com
"Asif Lal Bhandari","486 Gaushala",asif.bhandari8224@mail.com
"Kushal Bahadur Bhandari","2450 Ekantakuna",kushal.bhandari8225@example.com
"Sandeep Krishna Rajbanshi","6090 Baneshwor",sandeep.rajbanshi8226@test.com
"Binod Bhopal Kami","6504 Ratnapark",binod.kami8227@random.org
"Arif Kumar Bhandari","7639 Ratnapark",arif.bhandari8228@demo.net
"Rohit Kumar K.C","5797 Tinkune",rohit.k.c8229@mail.com
"Sompal Bhopal Rajbanshi","9851 Ekantakuna",sompal.rajbanshi8230@demo.net
"Sandeep Krishna Kami","6611 Ekantakuna",sandeep.kami8231@mail.com
"Arif Dhoj Rajbanshi","9840 Ratnapark",arif.rajbanshi8232@test.com
"Binod Bir Kami","1537 Sundhara",binod.kami8233@demo.net
"Lalit Bir Lamichane","3048 Ekantakuna",lalit.lamichane8234@example.com
"Lalit Bahadur Kami","7117 Ratnapark",lalit.kami8235@demo.net
"Binod Bir Lamichane","6663 Tinkune",binod.lamichane8236@random.org
"Sandeep Bhopal Kami","3802 Chabel",sandeep.kami8237@demo.net
"Lalit Krishna K.C","1702 Chabel",lalit.k.c8238@demo.net
"Kushal Bahadur Paudel","2724 Gaushala",kushal.paudel8239@mail.com
"Lalit Bir Bhandari","5685 Tripureshwor",lalit.bhandari8240@test.com
"Arif Kumar Seikh","4404 Chabel",arif.seikh8241@demo.net
"Asif Krishna Kami","884 Baneshwor",asif.kami8242@example.com
"Karan Lal K.C","8023 New Road",karan.k.c8243@example.com
"Asif Bahadur Seikh","698 New Road",asif.seikh8244@test.com
"Binod Krishna Malla","5243 Baneshwor",binod.malla8245@test.com
"Sompal Krishna Paudel","163 Jawalakhel",sompal.paudel8246@random.org
"Asif Dev Malla","205 Chabel",asif.malla8247@mail.com
"Sandeep Gopal K.C","9915 Sundhara",sandeep.k.c8248@random.org
"Paras Dev Lamichane","4032 Baneshwor",paras.lamichane8249@random.org
"Sompal Dhoj Kami","9422 Ratnapark",sompal.kami8250@test.com
"Sandeep Bahadur K.C","228 Ratnapark",sandeep.k.c8251@test.com
"Kushal Bir Malla","5958 Tinkune",kushal.malla8252@mail.com
"Lalit Krishna Seikh","5767 Chabel",lalit.seikh8253@test.com
"Sompal Lal Lamichane","2847 Chabel",sompal.lamichane8254@demo.net
"Asif Lal Bhandari","6312 Chabel",asif.bhandari8255@mail.com
"Binod Bahadur Bhurtel","946 Ekantakuna",binod.bhurtel8256@test.com
"Binod Krishna Lamichane","3666 Sundhara",binod.lamichane8257@example.com
"Sompal Lal Malla","8954 Jawalakhel",sompal.malla8258@demo.net
"Kushal Bhagat Paudel","5498 Gaushala",kushal.paudel8259@example.com
"Kushal Kumar Paudel","9815 New Road",kushal.paudel8260@demo.net
"Binod Krishna Malla","9387 Baneshwor",binod.malla8261@demo.net
"Kushal Bahadur Paudel","795 Chabel",kushal.paudel8262@mail.com
"Sandeep Lal Khadka","9777 Gaushala",sandeep.khadka8263@demo.net
"Lalit Kumar K.C","6759 Jawalakhel",lalit.k.c8264@test.com
"Binod Dhoj K.C","7309 Tinkune",binod.k.c8265@test.com
"Rohit Bir Rajbanshi","3759 Baneshwor",rohit.rajbanshi8266@random.org
"Sandeep Dhoj Khadka","4975 Baneshwor",sandeep.khadka8267@test.com
"Arif Bahadur K.C","7910 Baneshwor",arif.k.c8268@test.com
"Asif Krishna Bhandari","7444 Tinkune",asif.bhandari8269@mail.com
"Sompal Dhoj Paudel","4697 Tripureshwor",sompal.paudel8270@demo.net
"Binod Bir K.C","2782 Ekantakuna",binod.k.c8271@mail.com
"Binod Gopal Paudel","4594 Tinkune",binod.paudel8272@example.com
"Binod Bir K.C","605 Tinkune",binod.k.c8273@mail.com
"Sandeep Kumar Rajbanshi","7390 Jawalakhel",sandeep.rajbanshi8274@demo.net
"Kushal Bahadur Lamichane","5023 Sundhara",kushal.lamichane8275@demo.net
"Sompal Bhopal Malla","4655 Tinkune",sompal.malla8276@mail.com
"Arif Krishna Kami","191 Tinkune",arif.kami8277@mail.com
"Karan Gopal Seikh","8914 Chabel",karan.seikh8278@random.org
"Arif Bir Bhurtel","8457 Ekantakuna",arif.bhurtel8279@random.org
"Asif Gopal Rajbanshi","2151 Tripureshwor",asif.rajbanshi8280@test.com
"Lalit Bir Rajbanshi","8756 Sundhara",lalit.rajbanshi8281@test.com
"Karan Dhoj Khadka","3853 Jawalakhel",karan.khadka8282@test.com
"Binod Gopal K.C","2843 Tinkune",binod.k.c8283@example.com
"Sandeep Lal Bhurtel","1251 Gaushala",sandeep.bhurtel8284@demo.net
"Karan Bhagat Rajbanshi","7600 Gaushala",karan.rajbanshi8285@mail.com
"Paras Bhagat Kami","9473 Tripureshwor",paras.kami8286@demo.net
"Asif Krishna Lamichane","7104 Baneshwor",asif.lamichane8287@demo.net
"Asif Kumar Seikh","3203 Gaushala",asif.seikh8288@random.org
"Rohit Bhopal Rajbanshi","9018 Tripureshwor",rohit.rajbanshi8289@demo.net
"Lalit Dev Malla","4539 Gaushala",lalit.malla8290@mail.com
"Binod Kumar Rajbanshi","1483 Ekantakuna",binod.rajbanshi8291@mail.com
"Karan Bhagat Kami","6097 Baneshwor",karan.kami8292@mail.com
"Rohit Dhoj Bhandari","8595 Sundhara",rohit.bhandari8293@test.com
"Arif Bhagat Bhurtel","8057 Jawalakhel",arif.bhurtel8294@random.org
"Lalit Bhopal Lamichane","3795 Tripureshwor",lalit.lamichane8295@test.com
"Sompal Gopal K.C","1821 Jawalakhel",sompal.k.c8296@random.org
"Sompal Bir Malla","2242 Ratnapark",sompal.malla8297@example.com
"Sompal Gopal Lamichane","8022 Baneshwor",sompal.lamichane8298@mail.com
"Sandeep Dhoj Lamichane","7915 Sundhara",sandeep.lamichane8299@test.com
"Sandeep Gopal K.C","3752 Chabel",sandeep.k.c8300@test.com
"Arif Bhagat Seikh","4065 Gaushala",arif.seikh8301@mail.com
"Rohit Kumar Malla","8565 Gaushala",rohit.malla8302@test.com
"Kushal Bhagat Bhurtel","3464 Baneshwor",kushal.bhurtel8303@demo.net
"Arif Dev Bhurtel","7314 Sundhara",arif.bhurtel8304@demo.net
"Karan Bahadur Khadka","2625 Gaushala",karan.khadka8305@demo.net
"Kushal Bahadur Seikh","9440 Gaushala",kushal.seikh8306@random.org
"Paras Bir Lamichane","5816 Chabel",paras.lamichane8307@test.com
"Lalit Kumar Kami","7447 Baneshwor",lalit.kami8308@random.org
"Sandeep Kumar Rajbanshi","9144 Gaushala",sandeep.rajbanshi8309@demo.net
"Rohit Bhopal Rajbanshi","9786 Chabel",rohit.rajbanshi8310@random.org
"Sandeep Kumar Rajbanshi","7262 New Road",sandeep.rajbanshi8311@demo.net
"Rohit Krishna K.C","1278 Chabel",rohit.k.c8312@mail.com
"Lalit Dhoj Bhurtel","9338 New Road",lalit.bhurtel8313@mail.com
"Karan Bhagat Seikh","8830 Sundhara",karan.seikh8314@example.com
"Sandeep Dhoj Malla","3223 Jawalakhel",sandeep.malla8315@random.org
"Lalit Dev Lamichane","4100 Ekantakuna",lalit.lamichane8316@mail.com
"Arif Lal K.C","2535 Chabel",arif.k.c8317@mail.com
"Asif Dev Bhandari","1503 Jawalakhel",asif.bhandari8318@demo.net
"Sompal Krishna Paudel","3273 Tripureshwor",sompal.paudel8319@random.org
"Rohit Bahadur Khadka","4597 Jawalakhel",rohit.khadka8320@random.org
"Sandeep Dev Bhurtel","5654 Ratnapark",sandeep.bhurtel8321@demo.net
"Karan Lal Paudel","663 Tripureshwor",karan.paudel8322@mail.com
"Paras Kumar Bhandari","7547 Baneshwor",paras.bhandari8323@test.com
"Kushal Dev Bhurtel","4447 Ekantakuna",kushal.bhurtel8324@demo.net
"Sandeep Bir Malla","7473 Tinkune",sandeep.malla8325@random.org
"Sompal Bhopal Rajbanshi","5193 Chabel",sompal.rajbanshi8326@random.org
"Asif Bhopal K.C","5060 Tinkune",asif.k.c8327@mail.com
"Paras Gopal Paudel","4503 Tinkune",paras.paudel8328@random.org
"Lalit Bahadur Lamichane","8186 Ratnapark",lalit.lamichane8329@mail.com
"Binod Dev Malla","4791 Sundhara",binod.malla8330@example.com
"Kushal Bhopal Malla","5700 New Road",kushal.malla8331@test.com
"Sompal Dev Bhurtel","4239 Tinkune",sompal.bhurtel8332@mail.com
"Karan Dhoj Seikh","3602 Sundhara",karan.seikh8333@demo.net
"Paras Dhoj Seikh","6545 Chabel",paras.seikh8334@random.org
"Lalit Dev Bhurtel","2409 Tripureshwor",lalit.bhurtel8335@random.org
"Arif Dev Bhandari","8425 Ekantakuna",arif.bhandari8336@example.com
"Asif Lal K.C","5953 Gaushala",asif.k.c8337@demo.net
"Lalit Dhoj Bhurtel","1669 Baneshwor",lalit.bhurtel8338@test.com
"Binod Lal Seikh","1625 Sundhara",binod.seikh8339@random.org
"Sompal Bhagat Lamichane","3065 Tinkune",sompal.lamichane8340@random.org
"Asif Lal Paudel","6250 Tripureshwor",asif.paudel8341@example.com
"Karan Dev Paudel","6714 New Road",karan.paudel8342@example.com
"Lalit Lal Bhurtel","5310 Ratnapark",lalit.bhurtel8343@demo.net
"Karan Dev Rajbanshi","912 Sundhara",karan.rajbanshi8344@example.com
"Binod Kumar Paudel","8637 Sundhara",binod.paudel8345@random.org
"Sandeep Bhopal Lamichane","1522 Ratnapark",sandeep.lamichane8346@example.com
"Karan Bhagat Malla","4015 Jawalakhel",karan.malla8347@demo.net
"Rohit Bahadur Bhandari","9078 Tripureshwor",rohit.bhandari8348@example.com
"Arif Dev Kami","8068 Jawalakhel",arif.kami8349@example.com
"Asif Dev K.C","7742 Ekantakuna",asif.k.c8350@test.com
"Sandeep Bir Malla","4042 Ekantakuna",sandeep.malla8351@demo.net
"Paras Krishna Rajbanshi","1648 Chabel",paras.rajbanshi8352@test.com
"Sompal Bhopal Bhandari","4042 Baneshwor",sompal.bhandari8353@test.com
"Lalit Dhoj Bhandari","1075 Gaushala",lalit.bhandari8354@test.com
"Lalit Gopal Malla","942 Jawalakhel",lalit.malla8355@mail.com
"Asif Dev Kami","4445 Ekantakuna",asif.kami8356@test.com
"Rohit Dhoj Bhurtel","9320 Ratnapark",rohit.bhurtel8357@mail.com
"Asif Bhopal Rajbanshi","9884 Chabel",asif.rajbanshi8358@test.com
"Lalit Dhoj K.C","2408 Ekantakuna",lalit.k.c8359@mail.com
"Binod Krishna Khadka","9863 Gaushala",binod.khadka8360@mail.com
"Sandeep Bhopal Rajbanshi","7562 Sundhara",sandeep.rajbanshi8361@mail.com
"Rohit Bhopal Rajbanshi","6440 Ekantakuna",rohit.rajbanshi8362@random.org
"Karan Bhopal Bhurtel","1910 Ratnapark",karan.bhurtel8363@random.org
"Rohit Bir Rajbanshi","2371 New Road",rohit.rajbanshi8364@test.com
"Arif Dev Paudel","4526 New Road",arif.paudel8365@demo.net
"Kushal Gopal Malla","1163 Ratnapark",kushal.malla8366@random.org
"Binod Bhagat Rajbanshi","3636 Tinkune",binod.rajbanshi8367@demo.net
"Paras Bir Lamichane","9194 Sundhara",paras.lamichane8368@demo.net
"Lalit Kumar Bhurtel","1693 Tripureshwor",lalit.bhurtel8369@random.org
"Rohit Gopal Bhurtel","6890 Tripureshwor",rohit.bhurtel8370@demo.net
"Rohit Gopal Bhandari","1796 Tripureshwor",rohit.bhandari8371@test.com
"Binod Bir Malla","1470 Ratnapark",binod.malla8372@example.com
"Kushal Gopal Lamichane","7896 Chabel",kushal.lamichane8373@example.com
"Arif Dhoj Paudel","4793 Chabel",arif.paudel8374@random.org
"Kushal Krishna Paudel","1175 Baneshwor",kushal.paudel8375@demo.net
"Asif Bir K.C","3749 Ratnapark",asif.k.c8376@demo.net
"Sompal Kumar Kami","1572 Tripureshwor",sompal.kami8377@example.com
"Binod Dhoj Paudel","8620 Chabel",binod.paudel8378@random.org
"Lalit Bhagat Bhandari","4130 Tripureshwor",lalit.bhandari8379@example.com
"Sompal Lal K.C","5362 New Road",sompal.k.c8380@random.org
"Asif Bhagat K.C","599 New Road",asif.k.c8381@example.com
"Lalit Bhagat Bhurtel","6444 New Road",lalit.bhurtel8382@test.com
"Sandeep Bahadur Kami","4345 Tinkune",sandeep.kami8383@random.org
"Asif Lal Malla","8498 Tripureshwor",asif.malla8384@demo.net
"Sompal Bhopal K.C","6192 New Road",sompal.k.c8385@test.com
"Lalit Krishna Rajbanshi","2046 New Road",lalit.rajbanshi8386@test.com
"Binod Gopal Kami","820 New Road",binod.kami8387@example.com
"Arif Gopal Malla","2063 New Road",arif.malla8388@example.com
"Arif Dhoj Paudel","4262 New Road",arif.paudel8389@demo.net
"Arif Krishna Bhandari","7752 Tripureshwor",arif.bhandari8390@example.com
"Sompal Gopal Khadka","2026 Gaushala",sompal.khadka8391@example.com
"Asif Kumar Bhurtel","4309 Jawalakhel",asif.bhurtel8392@demo.net
"Karan Krishna Malla","8820 Chabel",karan.malla8393@demo.net
"Karan Bhopal Malla","6394 Gaushala",karan.malla8394@example.com
"Asif Bahadur Lamichane","4964 Gaushala",asif.lamichane8395@example.com
"Rohit Krishna Rajbanshi","728 Sundhara",rohit.rajbanshi8396@random.org
"Kushal Bir Lamichane","3200 Tripureshwor",kushal.lamichane8397@demo.net
"Lalit Kumar Kami","2765 Ratnapark",lalit.kami8398@demo.net
"Arif Lal Bhurtel","5007 Sundhara",arif.bhurtel8399@test.com
"Rohit Dev Malla","8726 Jawalakhel",rohit.malla8400@example.com
"Paras Krishna Seikh","2285 Baneshwor",paras.seikh8401@test.com
"Kushal Krishna Paudel","1505 Sundhara",kushal.paudel8402@example.com
"Asif Bhagat Malla","7200 Baneshwor",asif.malla8403@test.com
"Arif Gopal Kami","5330 Baneshwor",arif.kami8404@demo.net
"Lalit Bir Paudel","3853 Ratnapark",lalit.paudel8405@example.com
"Binod Kumar K.C","6208 Tinkune",binod.k.c8406@random.org
"Rohit Kumar Lamichane","3092 Tripureshwor",rohit.lamichane8407@demo.net
"Karan Bahadur Bhandari","6202 Gaushala",karan.bhandari8408@demo.net
"Paras Kumar Bhandari","4999 Tripureshwor",paras.bhandari8409@random.org
"Asif Kumar Bhandari","4521 Chabel",asif.bhandari8410@test.com
"Rohit Lal Paudel","9593 Sundhara",rohit.paudel8411@random.org
"Binod Bahadur Paudel","6770 Gaushala",binod.paudel8412@example.com
"Arif Dev Rajbanshi","5370 Gaushala",arif.rajbanshi8413@mail.com
"Paras Bhagat Paudel","4517 Ekantakuna",paras.paudel8414@mail.com
"Kushal Bhagat Paudel","9899 Tripureshwor",kushal.paudel8415@test.com
"Sandeep Bahadur Lamichane","7193 New Road",sandeep.lamichane8416@example.com
"Lalit Bhagat Bhurtel","9504 Tinkune",lalit.bhurtel8417@example.com
"Sandeep Bahadur Rajbanshi","469 Chabel",sandeep.rajbanshi8418@test.com
"Karan Bhagat Malla","3190 Chabel",karan.malla8419@demo.net
"Karan Kumar Rajbanshi","1750 Tinkune",karan.rajbanshi8420@example.com
"Arif Bhopal Malla","9770 New Road",arif.malla8421@demo.net
"Paras Bhagat Kami","2626 Tripureshwor",paras.kami8422@mail.com
"Paras Gopal Lamichane","4947 Chabel",paras.lamichane8423@test.com
"Kushal Bahadur Lamichane","4476 Sundhara",kushal.lamichane8424@mail.com
"Rohit Kumar Bhandari","8243 Jawalakhel",rohit.bhandari8425@test.com
"Lalit Kumar Khadka","4720 Tinkune",lalit.khadka8426@example.com
"Paras Bhagat Rajbanshi","7847 Tripureshwor",paras.rajbanshi8427@mail.com
"Lalit Kumar Paudel","6484 Ekantakuna",lalit.paudel8428@demo.net
"Rohit Krishna Rajbanshi","5325 Jawalakhel",rohit.rajbanshi8429@mail.com
"Binod Dhoj Bhurtel","2721 Sundhara",binod.bhurtel8430@random.org
"Kushal Bahadur Bhandari","6118 Gaushala",kushal.bhandari8431@random.org
"Lalit Gopal Malla","4920 Sundhara",lalit.malla8432@demo.net
"Binod Krishna Bhurtel","2297 New Road",binod.bhurtel8433@random.org
"Asif Bahadur Malla","9132 Tripureshwor",asif.malla8434@example.com
"Paras Dev Bhandari","890 Baneshwor",paras.bhandari8435@random.org
"Kushal Bhopal Paudel","997 Chabel",kushal.paudel8436@test.com
"Sandeep Bahadur Lamichane","7119 Tinkune",sandeep.lamichane8437@mail.com
"Sompal Bir K.C","8842 Tinkune",sompal.k.c8438@random.org
"Kushal Lal Bhandari","905 Jawalakhel",kushal.bhandari8439@random.org
"Paras Bhagat Seikh","3326 Gaushala",paras.seikh8440@test.com
"Sompal Dev Paudel","2371 New Road",sompal.paudel8441@example.com
"Asif Dev Seikh","7006 Tinkune",asif.seikh8442@test.com
"Kushal Bhagat Bhandari","7303 Gaushala",kushal.bhandari8443@random.org
"Sandeep Bhagat Khadka","7139 Ekantakuna",sandeep.khadka8444@example.com
"Paras Krishna Rajbanshi","5453 Tripureshwor",paras.rajbanshi8445@test.com
"Paras Dev Seikh","1302 Chabel",paras.seikh8446@random.org
"Lalit Dhoj Khadka","484 Jawalakhel",lalit.khadka8447@mail.com
"Sandeep Dhoj Seikh","7321 Chabel",sandeep.seikh8448@random.org
"Kushal Bir Malla","4156 New Road",kushal.malla8449@random.org
"Binod Krishna K.C","1055 Chabel",binod.k.c8450@demo.net
"Sompal Krishna Khadka","476 Tripureshwor",sompal.khadka8451@demo.net
"Asif Lal Khadka","3411 New Road",asif.khadka8452@demo.net
"Binod Lal Lamichane","1194 Sundhara",binod.lamichane8453@random.org
"Sompal Dev Bhurtel","6255 Ekantakuna",sompal.bhurtel8454@demo.net
"Paras Bir Rajbanshi","9278 Tinkune",paras.rajbanshi8455@example.com
"Rohit Bhopal K.C","2434 Ratnapark",rohit.k.c8456@random.org
"Sompal Bhagat Paudel","3768 Sundhara",sompal.paudel8457@random.org
"Arif Bhopal K.C","3546 Tripureshwor",arif.k.c8458@test.com
"Lalit Bahadur Malla","6134 Tinkune",lalit.malla8459@random.org
"Kushal Bahadur Khadka","877 Baneshwor",kushal.khadka8460@demo.net
"Kushal Lal Bhurtel","4987 Tinkune",kushal.bhurtel8461@example.com
"Paras Krishna Malla","4926 Ratnapark",paras.malla8462@random.org
"Paras Krishna Rajbanshi","6259 Chabel",paras.rajbanshi8463@example.com
"Sompal Bahadur Malla","9781 New Road",sompal.malla8464@test.com
"Paras Bhagat Bhandari","4795 Baneshwor",paras.bhandari8465@mail.com
"Arif Bahadur K.C","6153 Tinkune",arif.k.c8466@random.org
"Sandeep Bhopal Bhurtel","5515 Tripureshwor",sandeep.bhurtel8467@test.com
"Arif Krishna K.C","2236 Ekantakuna",arif.k.c8468@mail.com
"Paras Kumar Malla","4668 Baneshwor",paras.malla8469@demo.net
"Arif Lal Lamichane","5934 Gaushala",arif.lamichane8470@demo.net
"Rohit Dhoj Bhurtel","2615 Ekantakuna",rohit.bhurtel8471@test.com
"Arif Kumar Khadka","9672 Chabel",arif.khadka8472@random.org
"Sompal Bhagat Khadka","7455 Baneshwor",sompal.khadka8473@example.com
"Rohit Dhoj Rajbanshi","2572 Sundhara",rohit.rajbanshi8474@random.org
"Binod Kumar Paudel","1008 Gaushala",binod.paudel8475@random.org
"Lalit Krishna Seikh","1785 New Road",lalit.seikh8476@mail.com
"Karan Krishna Seikh","3394 Ekantakuna",karan.seikh8477@demo.net
"Binod Dhoj Paudel","8004 Chabel",binod.paudel8478@example.com
"Sandeep Gopal Seikh","9115 Tinkune",sandeep.seikh8479@example.com
"Asif Bahadur Khadka","9907 Tinkune",asif.khadka8480@demo.net
"Binod Lal Seikh","9097 Tripureshwor",binod.seikh8481@mail.com
"Lalit Bhopal K.C","3748 Ratnapark",lalit.k.c8482@demo.net
"Karan Bhopal Bhandari","8994 Ekantakuna",karan.bhandari8483@test.com
"Sandeep Dhoj Lamichane","8765 Sundhara",sandeep.lamichane8484@random.org
"Kushal Bir K.C","6436 Gaushala",kushal.k.c8485@mail.com
"Rohit Dhoj Rajbanshi","6440 Tripureshwor",rohit.rajbanshi8486@demo.net
"Rohit Kumar Seikh","1492 Jawalakhel",rohit.seikh8487@mail.com
"Sompal Bhopal Rajbanshi","8860 Chabel",sompal.rajbanshi8488@mail.com
"Sandeep Dhoj Seikh","8924 Ekantakuna",sandeep.seikh8489@mail.com
"Binod Dev Kami","1740 Baneshwor",binod.kami8490@mail.com
"Lalit Lal Paudel","5196 Sundhara",lalit.paudel8491@mail.com
"Binod Bhagat Lamichane","8351 Baneshwor",binod.lamichane8492@demo.net
"Rohit Kumar Bhandari","5339 Baneshwor",rohit.bhandari8493@random.org
"Sandeep Bir Khadka","4868 Chabel",sandeep.khadka8494@mail.com
"Paras Dev Paudel","2362 Chabel",paras.paudel8495@random.org
"Binod Lal Bhurtel","5527 Sundhara",binod.bhurtel8496@example.com
"Arif Bir Bhandari","9361 Sundhara",arif.bhandari8497@demo.net
"Sompal Bir Kami","1102 New Road",sompal.kami8498@mail.com
"Lalit Kumar K.C","9948 Sundhara",lalit.k.c8499@demo.net
"Binod Kumar Khadka","8143 New Road",binod.khadka8500@test.com
"Arif Lal Malla","3883 Tripureshwor",arif.malla8501@random.org
"Sompal Bhagat Malla","5821 Ekantakuna",sompal.malla8502@random.org
"Lalit Bir Lamichane","4690 Chabel",lalit.lamichane8503@mail.com
"Sompal Bahadur Malla","670 Tripureshwor",sompal.malla8504@mail.com
"Karan Kumar K.C","807 Tripureshwor",karan.k.c8505@demo.net
"Binod Kumar Lamichane","2992 Tripureshwor",binod.lamichane8506@demo.net
"Paras Bir K.C","3456 Ratnapark",paras.k.c8507@example.com
"Rohit Dhoj Khadka","4353 Tinkune",rohit.khadka8508@mail.com
"Lalit Bhagat Lamichane","1491 Ratnapark",lalit.lamichane8509@test.com
"Arif Kumar Kami","7050 Tinkune",arif.kami8510@random.org
"Kushal Bhagat Seikh","8799 New Road",kushal.seikh8511@demo.net
"Karan Bahadur Bhurtel","1251 Ratnapark",karan.bhurtel8512@example.com
"Sompal Kumar Rajbanshi","7152 Tinkune",sompal.rajbanshi8513@test.com
"Paras Dev Khadka","4409 Gaushala",paras.khadka8514@mail.com
"Rohit Bhagat K.C","7858 Tinkune",rohit.k.c8515@example.com
"Paras Bir Seikh","257 Tripureshwor",paras.seikh8516@random.org
"Paras Lal Malla","9289 Baneshwor",paras.malla8517@test.com
"Sompal Dev Paudel","9808 Ekantakuna",sompal.paudel8518@random.org
"Binod Kumar Khadka","1620 Gaushala",binod.khadka8519@random.org
"Paras Lal Rajbanshi","3609 Ekantakuna",paras.rajbanshi8520@example.com
"Rohit Bir Malla","4534 Baneshwor",rohit.malla8521@test.com
"Arif Dhoj Paudel","6752 Gaushala",arif.paudel8522@test.com
"Karan Krishna Bhurtel","4004 Jawalakhel",karan.bhurtel8523@random.org
"Asif Lal Paudel","144 Ekantakuna",asif.paudel8524@example.com
"Arif Bhagat Bhandari","3560 Gaushala",arif.bhandari8525@example.com
"Asif Bhopal Malla","3500 Gaushala",asif.malla8526@random.org
"Binod Lal Kami","4499 Chabel",binod.kami8527@example.com
"Arif Bahadur Malla","9745 Ratnapark",arif.malla8528@example.com
"Arif Bir Bhurtel","6019 Tripureshwor",arif.bhurtel8529@test.com
"Rohit Bhopal Khadka","4114 Jawalakhel",rohit.khadka8530@mail.com
"Kushal Kumar Rajbanshi","5250 Ekantakuna",kushal.rajbanshi8531@demo.net
"Sandeep Dhoj Khadka","5315 Ekantakuna",sandeep.khadka8532@demo.net
"Paras Bhopal Kami","6844 Tinkune",paras.kami8533@mail.com
"Paras Dhoj Khadka","2335 Tripureshwor",paras.khadka8534@random.org
"Paras Dev Malla","3830 Tripureshwor",paras.malla8535@demo.net
"Arif Bhopal K.C","5817 Tripureshwor",arif.k.c8536@mail.com
"Binod Krishna Khadka","1714 New Road",binod.khadka8537@test.com
"Asif Dhoj Lamichane","9093 New Road",asif.lamichane8538@example.com
"Lalit Dev Lamichane","5774 Chabel",lalit.lamichane8539@random.org
"Binod Gopal Lamichane","8756 Tripureshwor",binod.lamichane8540@random.org
"Lalit Bhopal Bhandari","1551 Tinkune",lalit.bhandari8541@random.org
"Sandeep Dev Khadka","5444 Gaushala",sandeep.khadka8542@test.com
"Sandeep Bhagat Bhurtel","3331 Ekantakuna",sandeep.bhurtel8543@mail.com
"Paras Krishna Bhandari","6944 Baneshwor",paras.bhandari8544@example.com
"Karan Krishna Bhurtel","2449 Ekantakuna",karan.bhurtel8545@mail.com
"Kushal Lal Khadka","3941 New Road",kushal.khadka8546@demo.net
"Karan Lal Bhurtel","3367 Gaushala",karan.bhurtel8547@example.com
"Karan Bhopal Bhandari","172 Tripureshwor",karan.bhandari8548@mail.com
"Sompal Gopal Seikh","1309 New Road",sompal.seikh8549@example.com
"Kushal Lal Seikh","9319 Baneshwor",kushal.seikh8550@random.org
"Karan Bhagat Lamichane","8870 Ekantakuna",karan.lamichane8551@demo.net
"Kushal Kumar Lamichane","3138 Ekantakuna",kushal.lamichane8552@random.org
"Paras Dev Khadka","2161 Gaushala",paras.khadka8553@random.org
"Rohit Bir Khadka","3040 Ekantakuna",rohit.khadka8554@mail.com
"Sompal Bir Bhurtel","4587 Baneshwor",sompal.bhurtel8555@test.com
"Sompal Bahadur Khadka","5197 Ekantakuna",sompal.khadka8556@example.com
"Sompal Kumar Bhandari","6525 Tripureshwor",sompal.bhandari8557@random.org
"Paras Lal Lamichane","8376 Ratnapark",paras.lamichane8558@random.org
"Binod Kumar K.C","5249 Ratnapark",binod.k.c8559@example.com
"Karan Kumar Malla","9644 Ratnapark",karan.malla8560@random.org
"Lalit Gopal K.C","7565 Tinkune",lalit.k.c8561@demo.net
"Sompal Bir Kami","3807 New Road",sompal.kami8562@mail.com
"Sandeep Lal Khadka","875 Gaushala",sandeep.khadka8563@random.org
"Paras Bhagat Bhurtel","9972 Chabel",paras.bhurtel8564@demo.net
"Sandeep Bhopal Kami","1911 Ekantakuna",sandeep.kami8565@demo.net
"Binod Lal Seikh","4945 New Road",binod.seikh8566@test.com
"Asif Lal Bhandari","665 New Road",asif.bhandari8567@test.com
"Asif Dev Lamichane","3627 Tinkune",asif.lamichane8568@mail.com
"Lalit Bahadur Bhurtel","6842 Ekantakuna",lalit.bhurtel8569@mail.com
"Karan Lal Bhandari","8725 Jawalakhel",karan.bhandari8570@demo.net
"Sandeep Krishna Lamichane","9821 Jawalakhel",sandeep.lamichane8571@mail.com
"Binod Dhoj Khadka","6544 Tinkune",binod.khadka8572@random.org
"Arif Bahadur Bhandari","3686 Chabel",arif.bhandari8573@mail.com
"Kushal Dev Lamichane","2966 Gaushala",kushal.lamichane8574@mail.com
"Karan Krishna Paudel","9371 Sundhara",karan.paudel8575@example.com
"Paras Krishna Paudel","7225 Tinkune",paras.paudel8576@test.com
"Paras Bahadur Bhandari","485 Gaushala",paras.bhandari8577@demo.net
"Sandeep Lal Bhandari","9494 Tinkune",sandeep.bhandari8578@test.com
"Paras Dev Lamichane","9657 Ekantakuna",paras.lamichane8579@test.com
"Sompal Bahadur Bhurtel","4470 Sundhara",sompal.bhurtel8580@example.com
"Kushal Lal Bhandari","3455 Tripureshwor",kushal.bhandari8581@demo.net
"Kushal Krishna Bhurtel","6020 Ekantakuna",kushal.bhurtel8582@example.com
"Karan Bhagat Rajbanshi","3994 New Road",karan.rajbanshi8583@mail.com
"Rohit Lal Seikh","7114 Tripureshwor",rohit.seikh8584@demo.net
"Sandeep Dhoj Khadka","3569 Sundhara",sandeep.khadka8585@random.org
"Rohit Kumar Paudel","9332 Ekantakuna",rohit.paudel8586@test.com
"Karan Gopal Khadka","6451 Chabel",karan.khadka8587@demo.net
"Sandeep Gopal Bhandari","3856 Chabel",sandeep.bhandari8588@mail.com
"Paras Bahadur Lamichane","3275 Tripureshwor",paras.lamichane8589@demo.net
"Paras Dev Malla","5481 Ratnapark",paras.malla8590@demo.net
"Binod Bahadur Lamichane","7192 Jawalakhel",binod.lamichane8591@mail.com
"Paras Dhoj Paudel","7594 Tripureshwor",paras.paudel8592@mail.com
"Sandeep Dev Rajbanshi","4588 Sundhara",sandeep.rajbanshi8593@test.com
"Binod Lal Paudel","9205 Tripureshwor",binod.paudel8594@random.org
"Sandeep Bhagat Paudel","7558 Ekantakuna",sandeep.paudel8595@random.org
"Sandeep Kumar Lamichane","957 Jawalakhel",sandeep.lamichane8596@test.com
"Paras Kumar Kami","452 Sundhara",paras.kami8597@example.com
"Karan Bir Paudel","9686 New Road",karan.paudel8598@test.com
"Lalit Gopal Malla","3630 Chabel",lalit.malla8599@random.org
"Karan Lal Bhurtel","2660 Chabel",karan.bhurtel8600@random.org
"Binod Bir Lamichane","3708 Ekantakuna",binod.lamichane8601@mail.com
"Arif Bhagat K.C","1032 Chabel",arif.k.c8602@demo.net
"Arif Kumar Lamichane","3693 Ekantakuna",arif.lamichane8603@random.org
"Rohit Bir Bhurtel","7427 Ratnapark",rohit.bhurtel8604@random.org
"Asif Gopal Khadka","8105 Chabel",asif.khadka8605@demo.net
"Karan Bhagat K.C","2926 Gaushala",karan.k.c8606@test.com
"Arif Bhopal Rajbanshi","8548 New Road",arif.rajbanshi8607@test.com
"Arif Bir Malla","6754 Tinkune",arif.malla8608@mail.com
"Karan Dhoj Malla","6401 Tripureshwor",karan.malla8609@example.com
"Kushal Bhopal Rajbanshi","2413 New Road",kushal.rajbanshi8610@demo.net
"Sandeep Lal Lamichane","1243 Ekantakuna",sandeep.lamichane8611@mail.com
"Arif Bahadur Rajbanshi","918 Jawalakhel",arif.rajbanshi8612@random.org
"Paras Krishna Rajbanshi","8372 Jawalakhel",paras.rajbanshi8613@example.com
"Arif Bir Khadka","7795 Ekantakuna",arif.khadka8614@mail.com
"Asif Dhoj Malla","4935 Ratnapark",asif.malla8615@test.com
"Kushal Bir Khadka","9977 Chabel",kushal.khadka8616@demo.net
"Sompal Kumar Malla","5161 Baneshwor",sompal.malla8617@demo.net
"Lalit Dev Malla","6471 Ratnapark",lalit.malla8618@random.org
"Kushal Bir Bhandari","7909 Chabel",kushal.bhandari8619@mail.com
"Rohit Dev Lamichane","3421 Tripureshwor",rohit.lamichane8620@example.com
"Arif Bhagat Seikh","4727 Tripureshwor",arif.seikh8621@example.com
"Paras Lal Bhandari","4339 Chabel",paras.bhandari8622@demo.net
"Kushal Lal Malla","8485 Chabel",kushal.malla8623@demo.net
"Kushal Dhoj Rajbanshi","6227 Chabel",kushal.rajbanshi8624@random.org
"Sandeep Kumar K.C","6752 Ekantakuna",sandeep.k.c8625@demo.net
"Rohit Lal Paudel","6570 Ratnapark",rohit.paudel8626@mail.com
"Asif Dev Paudel","5810 Jawalakhel",asif.paudel8627@random.org
"Kushal Krishna Bhandari","2679 Tinkune",kushal.bhandari8628@demo.net
"Binod Bir K.C","1685 Baneshwor",binod.k.c8629@random.org
"Lalit Dev Seikh","9290 Baneshwor",lalit.seikh8630@demo.net
"Arif Bhagat Rajbanshi","5131 Ekantakuna",arif.rajbanshi8631@random.org
"Lalit Bahadur Kami","5212 Jawalakhel",lalit.kami8632@example.com
"Binod Dhoj K.C","3120 New Road",binod.k.c8633@mail.com
"Asif Bhagat Paudel","8899 Gaushala",asif.paudel8634@mail.com
"Sandeep Lal Rajbanshi","2009 New Road",sandeep.rajbanshi8635@mail.com
"Rohit Gopal Paudel","2267 Gaushala",rohit.paudel8636@test.com
"Lalit Bhopal Rajbanshi","4125 Ekantakuna",lalit.rajbanshi8637@random.org
"Binod Dhoj Malla","515 Gaushala",binod.malla8638@random.org
"Lalit Lal Malla","2871 Jawalakhel",lalit.malla8639@example.com
"Asif Lal Malla","5349 Sundhara",asif.malla8640@example.com
"Lalit Bhopal Seikh","3591 Gaushala",lalit.seikh8641@mail.com
"Binod Krishna K.C","9633 Tinkune",binod.k.c8642@mail.com
"Karan Bahadur Rajbanshi","1275 Ratnapark",karan.rajbanshi8643@test.com
"Kushal Kumar Kami","147 Gaushala",kushal.kami8644@mail.com
"Rohit Bhagat Malla","670 Ekantakuna",rohit.malla8645@test.com
"Karan Dhoj Lamichane","1059 Baneshwor",karan.lamichane8646@mail.com
"Asif Gopal K.C","3550 Ekantakuna",asif.k.c8647@example.com
"Lalit Krishna Khadka","8098 Jawalakhel",lalit.khadka8648@random.org
"Lalit Bhopal Lamichane","9249 New Road",lalit.lamichane8649@mail.com
"Sompal Bhagat K.C","6909 Sundhara",sompal.k.c8650@random.org
"Lalit Bhopal Khadka","8391 Baneshwor",lalit.khadka8651@random.org
"Binod Kumar Bhurtel","4774 Ekantakuna",binod.bhurtel8652@example.com
"Sandeep Bhagat Malla","8075 Baneshwor",sandeep.malla8653@random.org
"Karan Krishna K.C","9788 Chabel",karan.k.c8654@example.com
"Kushal Kumar Paudel","9873 Baneshwor",kushal.paudel8655@random.org
"Binod Bhagat Seikh","8581 Tinkune",binod.seikh8656@random.org
"Paras Bahadur Bhandari","5451 Baneshwor",paras.bhandari8657@random.org
"Kushal Kumar Bhandari","7780 Chabel",kushal.bhandari8658@random.org
"Karan Bahadur Rajbanshi","5463 Tinkune",karan.rajbanshi8659@example.com
"Binod Gopal Lamichane","8519 Ekantakuna",binod.lamichane8660@mail.com
"Rohit Kumar Bhurtel","4986 Gaushala",rohit.bhurtel8661@mail.com
"Sandeep Lal Rajbanshi","457 Ekantakuna",sandeep.rajbanshi8662@random.org
"Binod Kumar K.C","2356 Ratnapark",binod.k.c8663@demo.net
"Kushal Gopal Khadka","1429 Gaushala",kushal.khadka8664@mail.com
"Sompal Bhopal K.C","5743 Chabel",sompal.k.c8665@mail.com
"Kushal Lal Rajbanshi","1772 Gaushala",kushal.rajbanshi8666@demo.net
"Arif Dhoj Bhurtel","968 Tripureshwor",arif.bhurtel8667@demo.net
"Lalit Dhoj Khadka","2761 New Road",lalit.khadka8668@demo.net
"Sandeep Bahadur Rajbanshi","7273 Ekantakuna",sandeep.rajbanshi8669@test.com
"Sompal Krishna Bhandari","8529 Tinkune",sompal.bhandari8670@test.com
"Sompal Krishna Bhurtel","862 Ekantakuna",sompal.bhurtel8671@random.org
"Karan Bahadur Khadka","2933 Baneshwor",karan.khadka8672@demo.net
"Rohit Krishna Malla","7698 Tripureshwor",rohit.malla8673@test.com
"Kushal Dhoj Seikh","3026 Tripureshwor",kushal.seikh8674@random.org
"Asif Bahadur Bhandari","3772 Gaushala",asif.bhandari8675@mail.com
"Rohit Bhagat Bhurtel","1502 New Road",rohit.bhurtel8676@test.com
"Kushal Lal Seikh","7424 Jawalakhel",kushal.seikh8677@mail.com
"Lalit Lal Rajbanshi","5849 New Road",lalit.rajbanshi8678@example.com
"Arif Lal Khadka","3613 Sundhara",arif.khadka8679@example.com
"Sompal Dhoj Rajbanshi","4226 Ekantakuna",sompal.rajbanshi8680@random.org
"Kushal Bahadur K.C","3619 Gaushala",kushal.k.c8681@random.org
"Rohit Kumar Paudel","6447 New Road",rohit.paudel8682@mail.com
"Kushal Krishna Khadka","9503 Tinkune",kushal.khadka8683@demo.net
"Paras Dhoj Khadka","736 Chabel",paras.khadka8684@mail.com
"Rohit Dhoj K.C","1785 New Road",rohit.k.c8685@example.com
"Lalit Bhopal Seikh","5386 Tripureshwor",lalit.seikh8686@random.org
"Arif Bhopal Kami","2005 Tripureshwor",arif.kami8687@demo.net
"Asif Dev Rajbanshi","5168 Baneshwor",asif.rajbanshi8688@demo.net
"Binod Dhoj Lamichane","5935 Tinkune",binod.lamichane8689@test.com
"Arif Gopal Bhandari","425 Ratnapark",arif.bhandari8690@random.org
"Kushal Bhopal Kami","2115 Tripureshwor",kushal.kami8691@mail.com
"Arif Lal K.C","1201 Gaushala",arif.k.c8692@test.com
"Lalit Lal Paudel","8146 New Road",lalit.paudel8693@demo.net
"Paras Dhoj Khadka","9003 Chabel",paras.khadka8694@demo.net
"Paras Dhoj Seikh","5637 Baneshwor",paras.seikh8695@random.org
"Rohit Dev Khadka","8776 Gaushala",rohit.khadka8696@mail.com
"Sandeep Lal Seikh","2532 Jawalakhel",sandeep.seikh8697@example.com
"Paras Kumar Lamichane","7820 Baneshwor",paras.lamichane8698@example.com
"Paras Bir Rajbanshi","6837 Sundhara",paras.rajbanshi8699@test.com
"Arif Lal Seikh","6988 Sundhara",arif.seikh8700@demo.net
"Paras Bhagat Bhurtel","5480 Ekantakuna",paras.bhurtel8701@test.com
"Binod Krishna K.C","8284 Ratnapark",binod.k.c8702@random.org
"Rohit Bhopal K.C","860 Ratnapark",rohit.k.c8703@mail.com
"Rohit Dhoj Bhurtel","5217 Gaushala",rohit.bhurtel8704@test.com
"Asif Dev Bhandari","1151 Jawalakhel",asif.bhandari8705@mail.com
"Karan Bir Bhandari","8374 Jawalakhel",karan.bhandari8706@mail.com
"Kushal Bahadur Paudel","3562 Sundhara",kushal.paudel8707@example.com
"Kushal Bhagat Bhandari","567 Chabel",kushal.bhandari8708@test.com
"Rohit Bir Bhandari","9870 Jawalakhel",rohit.bhandari8709@example.com
"Sompal Bahadur Seikh","9340 Gaushala",sompal.seikh8710@demo.net
"Kushal Dhoj Paudel","6219 Tripureshwor",kushal.paudel8711@demo.net
"Arif Bahadur Malla","7728 Tripureshwor",arif.malla8712@test.com
"Rohit Bir Bhandari","6306 Ratnapark",rohit.bhandari8713@random.org
"Sompal Bhopal Seikh","4999 Gaushala",sompal.seikh8714@random.org
"Lalit Bir Bhandari","146 Ratnapark",lalit.bhandari8715@test.com
"Rohit Lal Khadka","9022 Tinkune",rohit.khadka8716@random.org
"Rohit Lal Kami","7180 Sundhara",rohit.kami8717@demo.net
"Karan Bahadur Bhurtel","4170 Tinkune",karan.bhurtel8718@example.com
"Arif Krishna Rajbanshi","248 Sundhara",arif.rajbanshi8719@demo.net
"Sompal Bhagat Kami","9182 Ratnapark",sompal.kami8720@demo.net
"Asif Lal Bhurtel","268 Sundhara",asif.bhurtel8721@demo.net
"Arif Dev Seikh","6110 Chabel",arif.seikh8722@random.org
"Paras Bahadur Bhandari","3593 Sundhara",paras.bhandari8723@test.com
"Kushal Gopal Rajbanshi","2108 Ratnapark",kushal.rajbanshi8724@test.com
"Paras Bhagat Bhandari","6723 New Road",paras.bhandari8725@test.com
"Binod Dev Bhandari","2989 Tinkune",binod.bhandari8726@demo.net
"Sandeep Kumar Seikh","9620 Ratnapark",sandeep.seikh8727@example.com
"Binod Bahadur Rajbanshi","5943 New Road",binod.rajbanshi8728@test.com
"Karan Krishna K.C","1912 New Road",karan.k.c8729@test.com
"Paras Bahadur Paudel","8652 Chabel",paras.paudel8730@test.com
"Asif Gopal Kami","452 Ratnapark",asif.kami8731@example.com
"Karan Bahadur Rajbanshi","2731 Baneshwor",karan.rajbanshi8732@example.com
"Binod Bir Seikh","6569 Ratnapark",binod.seikh8733@test.com
"Lalit Dev Seikh","6803 New Road",lalit.seikh8734@mail.com
"Kushal Bahadur Lamichane","2163 Sundhara",kushal.lamichane8735@test.com
"Lalit Bahadur Bhandari","8901 Ratnapark",lalit.bhandari8736@mail.com
"Karan Krishna Khadka","3179 Jawalakhel",karan.khadka8737@mail.com
"Karan Dhoj Paudel","2802 Chabel",karan.paudel8738@mail.com
"Kushal Bhagat Seikh","3900 Jawalakhel",kushal.seikh8739@test.com
"Karan Kumar Paudel","153 Tripureshwor",karan.paudel8740@mail.com
"Binod Bahadur Seikh","8327 New Road",binod.seikh8741@demo.net
"Sompal Bhagat Bhandari","2410 Tinkune",sompal.bhandari8742@example.com
"Rohit Dhoj Khadka","3420 Ekantakuna",rohit.khadka8743@example.com
"Kushal Bir Bhurtel","7590 Jawalakhel",kushal.bhurtel8744@example.com
"Sandeep Kumar Bhurtel","8258 Gaushala",sandeep.bhurtel8745@demo.net
"Rohit Bhopal Bhurtel","2105 Chabel",rohit.bhurtel8746@demo.net
"Sompal Dhoj Bhandari","5876 Ekantakuna",sompal.bhandari8747@test.com
"Binod Bir Rajbanshi","5009 New Road",binod.rajbanshi8748@example.com
"Karan Bir Bhandari","9287 Jawalakhel",karan.bhandari8749@test.com
"Arif Gopal Khadka","4711 Tinkune",arif.khadka8750@mail.com
"Sandeep Dhoj Bhandari","8361 Tripureshwor",sandeep.bhandari8751@demo.net
"Sompal Bhagat Lamichane","5605 Chabel",sompal.lamichane8752@test.com
"Arif Bhopal Lamichane","1790 New Road",arif.lamichane8753@random.org
"Kushal Krishna Bhurtel","5986 New Road",kushal.bhurtel8754@example.com
"Kushal Bir Rajbanshi","7223 New Road",kushal.rajbanshi8755@test.com
"Paras Bahadur K.C","3127 Sundhara",paras.k.c8756@test.com
"Rohit Dhoj Kami","8837 New Road",rohit.kami8757@test.com
"Asif Lal Kami","2391 Tripureshwor",asif.kami8758@random.org
"Binod Lal K.C","3830 Ratnapark",binod.k.c8759@mail.com
"Sompal Bhagat Khadka","4012 Ekantakuna",sompal.khadka8760@random.org
"Karan Bhagat Bhandari","4190 Tinkune",karan.bhandari8761@mail.com
"Paras Bhopal Seikh","7535 Tripureshwor",paras.seikh8762@demo.net
"Rohit Bir Kami","9152 Ratnapark",rohit.kami8763@random.org
"Sompal Dev Malla","8221 Sundhara",sompal.malla8764@random.org
"Sompal Gopal Rajbanshi","1980 Gaushala",sompal.rajbanshi8765@test.com
"Karan Bahadur Khadka","8556 Ratnapark",karan.khadka8766@random.org
"Sompal Bahadur Bhandari","3213 Tripureshwor",sompal.bhandari8767@mail.com
"Binod Bahadur Khadka","9786 New Road",binod.khadka8768@mail.com
"Paras Gopal Seikh","6275 Chabel",paras.seikh8769@demo.net
"Paras Dhoj Lamichane","352 Ekantakuna",paras.lamichane8770@example.com
"Lalit Dev Rajbanshi","8850 Gaushala",lalit.rajbanshi8771@demo.net
"Sandeep Gopal Paudel","9542 Baneshwor",sandeep.paudel8772@test.com
"Rohit Kumar Seikh","2288 Ekantakuna",rohit.seikh8773@test.com
"Kushal Bir Lamichane","5611 Baneshwor",kushal.lamichane8774@example.com
"Rohit Krishna Seikh","5422 Baneshwor",rohit.seikh8775@example.com
"Asif Dev Seikh","1451 Sundhara",asif.seikh8776@random.org
"Karan Gopal Lamichane","6107 Ekantakuna",karan.lamichane8777@test.com
"Sompal Krishna Khadka","1125 Gaushala",sompal.khadka8778@example.com
"Sompal Krishna Paudel","5919 Ratnapark",sompal.paudel8779@test.com
"Rohit Gopal K.C","9447 Ekantakuna",rohit.k.c8780@random.org
"Sompal Bhagat Bhurtel","939 Ratnapark",sompal.bhurtel8781@random.org
"Kushal Dev Paudel","5446 Ratnapark",kushal.paudel8782@demo.net
"Sandeep Lal Khadka","1238 Gaushala",sandeep.khadka8783@random.org
"Paras Kumar Khadka","1168 Tripureshwor",paras.khadka8784@example.com
"Lalit Bhopal Paudel","8567 Chabel",lalit.paudel8785@example.com
"Binod Bahadur Bhurtel","4790 New Road",binod.bhurtel8786@mail.com
"Karan Bahadur K.C","1778 New Road",karan.k.c8787@demo.net
"Kushal Krishna Rajbanshi","208 Jawalakhel",kushal.rajbanshi8788@random.org
"Kushal Bahadur Rajbanshi","4407 Chabel",kushal.rajbanshi8789@test.com
"Sompal Dhoj Rajbanshi","1752 Tinkune",sompal.rajbanshi8790@random.org
"Sompal Dev Bhandari","5351 Ratnapark",sompal.bhandari8791@mail.com
"Sompal Bahadur Seikh","8365 Jawalakhel",sompal.seikh8792@mail.com
"Asif Bahadur Bhandari","3554 Sundhara",asif.bhandari8793@random.org
"Sandeep Kumar Paudel","3725 Sundhara",sandeep.paudel8794@test.com
"Paras Dev K.C","4683 Jawalakhel",paras.k.c8795@mail.com
"Karan Bahadur K.C","2336 Tripureshwor",karan.k.c8796@demo.net
"Binod Lal Khadka","4416 Chabel",binod.khadka8797@example.com
"Lalit Gopal Bhandari","6139 Baneshwor",lalit.bhandari8798@random.org
"Rohit Gopal Paudel","8992 Baneshwor",rohit.paudel8799@mail.com
"Paras Krishna Khadka","2641 Jawalakhel",paras.khadka8800@example.com
"Sandeep Gopal Kami","2714 Tripureshwor",sandeep.kami8801@demo.net
"Rohit Dhoj Rajbanshi","2376 Tinkune",rohit.rajbanshi8802@random.org
"Karan Lal Seikh","3274 Baneshwor",karan.seikh8803@example.com
"Arif Krishna Kami","6290 Tripureshwor",arif.kami8804@demo.net
"Paras Gopal Kami","5197 Ratnapark",paras.kami8805@example.com
"Rohit Kumar Paudel","3200 Sundhara",rohit.paudel8806@test.com
"Arif Bir Kami","3861 Tinkune",arif.kami8807@example.com
"Karan Dhoj Rajbanshi","1868 Tripureshwor",karan.rajbanshi8808@test.com
"Binod Bhagat Lamichane","4940 Ratnapark",binod.lamichane8809@test.com
"Karan Bhagat K.C","7447 Ratnapark",karan.k.c8810@mail.com
"Lalit Lal Lamichane","4228 Baneshwor",lalit.lamichane8811@example.com
"Arif Bhopal Bhandari","2451 Tinkune",arif.bhandari8812@example.com
"Rohit Dhoj Malla","5194 Gaushala",rohit.malla8813@demo.net
"Rohit Lal Bhurtel","8347 Baneshwor",rohit.bhurtel8814@example.com
"Rohit Bhopal Bhandari","2682 Ekantakuna",rohit.bhandari8815@random.org
"Kushal Bahadur K.C","256 Ekantakuna",kushal.k.c8816@random.org
"Asif Bahadur Malla","6164 Ratnapark",asif.malla8817@random.org
"Sompal Bahadur Bhurtel","7526 Baneshwor",sompal.bhurtel8818@test.com
"Karan Krishna Malla","5025 Jawalakhel",karan.malla8819@example.com
"Paras Bhagat Lamichane","3734 New Road",paras.lamichane8820@demo.net
"Lalit Kumar Bhandari","5573 Tripureshwor",lalit.bhandari8821@demo.net
"Sompal Gopal Bhurtel","9680 New Road",sompal.bhurtel8822@random.org
"Lalit Krishna Bhurtel","6132 Chabel",lalit.bhurtel8823@test.com
"Asif Lal Rajbanshi","6460 Baneshwor",asif.rajbanshi8824@test.com
"Sompal Kumar Bhandari","6753 Baneshwor",sompal.bhandari8825@demo.net
"Lalit Dhoj K.C","2007 Baneshwor",lalit.k.c8826@mail.com
"Asif Bhopal Malla","8518 Chabel",asif.malla8827@example.com
"Sompal Krishna Bhurtel","9863 Tinkune",sompal.bhurtel8828@demo.net
"Arif Dev Paudel","9072 Ekantakuna",arif.paudel8829@random.org
"Paras Bhagat Seikh","7835 Chabel",paras.seikh8830@example.com
"Asif Dhoj Paudel","2044 Ekantakuna",asif.paudel8831@random.org
"Rohit Lal Bhandari","4682 Gaushala",rohit.bhandari8832@test.com
"Rohit Dhoj Kami","5557 Sundhara",rohit.kami8833@demo.net
"Lalit Dev K.C","6972 Baneshwor",lalit.k.c8834@mail.com
"Paras Bahadur Seikh","9566 Sundhara",paras.seikh8835@test.com
"Lalit Kumar Lamichane","6880 Gaushala",lalit.lamichane8836@demo.net
"Paras Bahadur Seikh","8637 Gaushala",paras.seikh8837@demo.net
"Sompal Krishna Lamichane","1129 Chabel",sompal.lamichane8838@test.com
"Sompal Lal Rajbanshi","6934 Tripureshwor",sompal.rajbanshi8839@random.org
"Asif Krishna Khadka","248 Ratnapark",asif.khadka8840@random.org
"Asif Dhoj Malla","9523 Gaushala",asif.malla8841@demo.net
"Arif Gopal Paudel","8005 New Road",arif.paudel8842@random.org
"Arif Dev Seikh","2815 Jawalakhel",arif.seikh8843@test.com
"Rohit Gopal Paudel","2341 Tinkune",rohit.paudel8844@mail.com
"Binod Bir K.C","680 Gaushala",binod.k.c8845@example.com
"Karan Kumar Bhurtel","9006 Baneshwor",karan.bhurtel8846@random.org
"Sompal Bir Seikh","3630 Ratnapark",sompal.seikh8847@example.com
"Binod Bhopal Malla","978 New Road",binod.malla8848@demo.net
"Karan Bhopal Bhandari","7753 Ekantakuna",karan.bhandari8849@mail.com
"Paras Dhoj Kami","7491 Ratnapark",paras.kami8850@example.com
"Lalit Bhagat Malla","9044 New Road",lalit.malla8851@test.com
"Sompal Bahadur Rajbanshi","1725 Tripureshwor",sompal.rajbanshi8852@random.org
"Lalit Krishna Malla","438 Tinkune",lalit.malla8853@random.org
"Paras Dev Rajbanshi","8092 Ekantakuna",paras.rajbanshi8854@mail.com
"Sompal Dev Seikh","6960 Gaushala",sompal.seikh8855@test.com
"Paras Kumar Bhandari","1489 New Road",paras.bhandari8856@mail.com
"Paras Bir Rajbanshi","9595 Gaushala",paras.rajbanshi8857@test.com
"Paras Krishna Paudel","9666 Chabel",paras.paudel8858@random.org
"Lalit Bir Bhandari","2814 Baneshwor",lalit.bhandari8859@demo.net
"Sompal Dhoj Malla","4200 Ratnapark",sompal.malla8860@demo.net
"Lalit Bahadur Paudel","462 Chabel",lalit.paudel8861@mail.com
"Lalit Gopal Paudel","2750 Jawalakhel",lalit.paudel8862@demo.net
"Rohit Bhagat Bhurtel","1064 Gaushala",rohit.bhurtel8863@random.org
"Kushal Bahadur Bhandari","4050 New Road",kushal.bhandari8864@random.org
"Sandeep Bir Kami","7446 New Road",sandeep.kami8865@demo.net
"Lalit Lal Rajbanshi","8735 Sundhara",lalit.rajbanshi8866@demo.net
"Arif Dev Paudel","3410 Sundhara",arif.paudel8867@random.org
"Sandeep Lal K.C","6461 Tripureshwor",sandeep.k.c8868@random.org
"Kushal Bhopal Kami","4524 Gaushala",kushal.kami8869@demo.net
"Kushal Kumar Bhandari","4806 Ratnapark",kushal.bhandari8870@demo.net
"Asif Bahadur Rajbanshi","6321 Jawalakhel",asif.rajbanshi8871@random.org
"Lalit Dhoj Rajbanshi","2549 Baneshwor",lalit.rajbanshi8872@mail.com
"Binod Bhagat Malla","8899 Sundhara",binod.malla8873@random.org
"Sandeep Krishna Rajbanshi","1497 Baneshwor",sandeep.rajbanshi8874@mail.com
"Kushal Lal Bhandari","9272 Baneshwor",kushal.bhandari8875@example.com
"Rohit Kumar Bhandari","5279 Tripureshwor",rohit.bhandari8876@test.com
"Lalit Krishna Malla","4063 Tripureshwor",lalit.malla8877@mail.com
"Asif Dev Bhandari","3200 Tinkune",asif.bhandari8878@random.org
"Karan Kumar K.C","2148 Baneshwor",karan.k.c8879@mail.com
"Paras Dhoj Rajbanshi","1192 Gaushala",paras.rajbanshi8880@example.com
"Paras Dev K.C","6046 Chabel",paras.k.c8881@test.com
"Kushal Kumar Kami","6349 Tripureshwor",kushal.kami8882@demo.net
"Karan Gopal Bhurtel","5491 Baneshwor",karan.bhurtel8883@example.com
"Binod Bhopal Lamichane","2036 New Road",binod.lamichane8884@random.org
"Lalit Bhopal Bhandari","1876 New Road",lalit.bhandari8885@demo.net
"Arif Krishna Lamichane","7583 Tinkune",arif.lamichane8886@random.org
"Arif Krishna Bhandari","9115 Ratnapark",arif.bhandari8887@random.org
"Sompal Bahadur Lamichane","2072 Tinkune",sompal.lamichane8888@example.com
"Sandeep Bhopal Bhandari","6200 New Road",sandeep.bhandari8889@random.org
"Sandeep Bir Lamichane","2549 Jawalakhel",sandeep.lamichane8890@mail.com
"Binod Kumar Paudel","4429 Sundhara",binod.paudel8891@test.com
"Binod Bhopal Paudel","809 Sundhara",binod.paudel8892@mail.com
"Asif Bir Bhandari","8525 Baneshwor",asif.bhandari8893@mail.com
"Arif Krishna Bhurtel","5917 Jawalakhel",arif.bhurtel8894@random.org
"Rohit Lal Rajbanshi","9032 Jawalakhel",rohit.rajbanshi8895@example.com
"Arif Dev Kami","2747 Ekantakuna",arif.kami8896@test.com
"Rohit Krishna Bhandari","901 Tinkune",rohit.bhandari8897@test.com
"Asif Gopal Malla","8797 Chabel",asif.malla8898@random.org
"Lalit Lal Seikh","2749 Ekantakuna",lalit.seikh8899@random.org
"Sompal Bhopal Rajbanshi","2915 Jawalakhel",sompal.rajbanshi8900@example.com
"Sandeep Lal Malla","3635 Ratnapark",sandeep.malla8901@mail.com
"Arif Bir Lamichane","4719 Ekantakuna",arif.lamichane8902@test.com
"Asif Bhopal Seikh","2324 Gaushala",asif.seikh8903@example.com
"Sandeep Bhagat Lamichane","5370 Tinkune",sandeep.lamichane8904@mail.com
"Rohit Kumar Seikh","5951 Jawalakhel",rohit.seikh8905@example.com
"Sandeep Dev K.C","2660 Tinkune",sandeep.k.c8906@example.com
"Arif Bhopal Khadka","219 Gaushala",arif.khadka8907@example.com
"Lalit Gopal Paudel","5862 Tripureshwor",lalit.paudel8908@test.com
"Kushal Bir Khadka","4847 Ratnapark",kushal.khadka8909@example.com
"Karan Bhagat Rajbanshi","1286 Jawalakhel",karan.rajbanshi8910@test.com
"Sandeep Bhopal Malla","8599 Chabel",sandeep.malla8911@random.org
"Arif Bhagat Seikh","5883 Baneshwor",arif.seikh8912@test.com
"Sandeep Gopal Paudel","7077 Ekantakuna",sandeep.paudel8913@random.org
"Sompal Gopal Paudel","6282 Tinkune",sompal.paudel8914@mail.com
"Lalit Bahadur Bhandari","9540 Tinkune",lalit.bhandari8915@example.com
"Binod Krishna Paudel","7498 Tinkune",binod.paudel8916@demo.net
"Lalit Krishna Paudel","950 Tripureshwor",lalit.paudel8917@test.com
"Rohit Bir Kami","6279 Ratnapark",rohit.kami8918@example.com
"Sandeep Dev Malla","8538 Tripureshwor",sandeep.malla8919@random.org
"Paras Bir Lamichane","1756 New Road",paras.lamichane8920@random.org
"Asif Dev Kami","1147 Ekantakuna",asif.kami8921@mail.com
"Binod Bir Rajbanshi","8414 Tinkune",binod.rajbanshi8922@example.com
"Sompal Lal Rajbanshi","324 New Road",sompal.rajbanshi8923@mail.com
"Karan Dhoj Kami","1074 Tripureshwor",karan.kami8924@test.com
"Rohit Dev Lamichane","899 Ekantakuna",rohit.lamichane8925@demo.net
"Lalit Krishna Seikh","1284 Ratnapark",lalit.seikh8926@mail.com
"Lalit Dhoj K.C","2138 Chabel",lalit.k.c8927@example.com
"Asif Kumar Seikh","6119 Sundhara",asif.seikh8928@random.org
"Sandeep Gopal Khadka","1246 Chabel",sandeep.khadka8929@random.org
"Sandeep Dev Bhandari","2077 Baneshwor",sandeep.bhandari8930@test.com
"Sompal Bhopal Rajbanshi","8549 New Road",sompal.rajbanshi8931@test.com
"Binod Gopal Bhurtel","9038 Ekantakuna",binod.bhurtel8932@mail.com
"Sandeep Krishna Malla","8338 Sundhara",sandeep.malla8933@example.com
"Paras Gopal Paudel","9441 New Road",paras.paudel8934@test.com
"Rohit Krishna Khadka","8000 Ekantakuna",rohit.khadka8935@mail.com
"Rohit Dev Lamichane","4527 Ekantakuna",rohit.lamichane8936@example.com
"Karan Bahadur K.C","1021 Ratnapark",karan.k.c8937@random.org
"Arif Krishna Malla","9963 Ratnapark",arif.malla8938@demo.net
"Asif Dev K.C","4463 New Road",asif.k.c8939@random.org
"Sandeep Bir Seikh","3906 Sundhara",sandeep.seikh8940@example.com
"Paras Krishna K.C","5602 Gaushala",paras.k.c8941@random.org
"Kushal Bahadur Kami","1480 Baneshwor",kushal.kami8942@mail.com
"Paras Bahadur Lamichane","9318 Sundhara",paras.lamichane8943@demo.net
"Rohit Bahadur Bhandari","5722 Ekantakuna",rohit.bhandari8944@random.org
"Sandeep Kumar Paudel","2256 Ekantakuna",sandeep.paudel8945@random.org
"Karan Dev Lamichane","5900 Gaushala",karan.lamichane8946@test.com
"Kushal Dev Lamichane","6516 Tinkune",kushal.lamichane8947@test.com
"Lalit Gopal Bhandari","628 Tripureshwor",lalit.bhandari8948@example.com
"Asif Bahadur Paudel","9075 Baneshwor",asif.paudel8949@mail.com
"Rohit Krishna Kami","792 Tinkune",rohit.kami8950@demo.net
"Paras Bhagat Seikh","7419 Sundhara",paras.seikh8951@mail.com
"Arif Krishna K.C","8213 Tinkune",arif.k.c8952@mail.com
"Paras Gopal Lamichane","6515 Ratnapark",paras.lamichane8953@example.com
"Sompal Krishna Bhandari","5008 Ratnapark",sompal.bhandari8954@demo.net
"Kushal Bahadur Malla","9254 Baneshwor",kushal.malla8955@example.com
"Kushal Bhopal Khadka","2817 Ratnapark",kushal.khadka8956@demo.net
"Kushal Kumar Bhurtel","510 Tripureshwor",kushal.bhurtel8957@example.com
"Kushal Bir Bhandari","997 Tinkune",kushal.bhandari8958@demo.net
"Asif Gopal Rajbanshi","5673 Chabel",asif.rajbanshi8959@mail.com
"Paras Gopal Rajbanshi","8287 New Road",paras.rajbanshi8960@example.com
"Asif Bhagat Bhandari","1961 Ratnapark",asif.bhandari8961@example.com
"Binod Lal Kami","8505 Sundhara",binod.kami8962@random.org
"Rohit Dev Kami","5115 Tinkune",rohit.kami8963@demo.net
"Lalit Lal Bhandari","7106 Tinkune",lalit.bhandari8964@mail.com
"Sompal Krishna Seikh","4329 Sundhara",sompal.seikh8965@random.org
"Sompal Bhopal Lamichane","8918 Gaushala",sompal.lamichane8966@demo.net
"Paras Krishna Khadka","6778 New Road",paras.khadka8967@test.com
"Sandeep Krishna Bhurtel","7616 Tinkune",sandeep.bhurtel8968@demo.net
"Rohit Gopal Rajbanshi","8430 Jawalakhel",rohit.rajbanshi8969@demo.net
"Binod Lal Seikh","4586 New Road",binod.seikh8970@demo.net
"Asif Bir Khadka","6431 Gaushala",asif.khadka8971@example.com
"Sandeep Dev Seikh","7624 Baneshwor",sandeep.seikh8972@mail.com
"Sandeep Gopal Paudel","538 Baneshwor",sandeep.paudel8973@test.com
"Sompal Dev Bhandari","4849 Ratnapark",sompal.bhandari8974@random.org
"Binod Lal Lamichane","7112 Tinkune",binod.lamichane8975@test.com
"Asif Dev Bhandari","7023 Jawalakhel",asif.bhandari8976@test.com
"Lalit Bahadur Paudel","5813 Gaushala",lalit.paudel8977@random.org
"Kushal Bhagat K.C","4799 Ekantakuna",kushal.k.c8978@random.org
"Sandeep Krishna K.C","2611 Sundhara",sandeep.k.c8979@test.com
"Lalit Bhagat Kami","7868 Ekantakuna",lalit.kami8980@demo.net
"Asif Bhagat Rajbanshi","4425 Baneshwor",asif.rajbanshi8981@demo.net
"Sompal Dev Seikh","9308 Chabel",sompal.seikh8982@mail.com
"Sompal Bir Bhandari","6939 Jawalakhel",sompal.bhandari8983@random.org
"Sompal Dev Seikh","2934 Tripureshwor",sompal.seikh8984@demo.net
"Sandeep Krishna Lamichane","656 Sundhara",sandeep.lamichane8985@test.com
"Kushal Lal Malla","170 Chabel",kushal.malla8986@mail.com
"Paras Bahadur K.C","7172 Ratnapark",paras.k.c8987@mail.com
"Rohit Bhagat Paudel","834 Ratnapark",rohit.paudel8988@test.com
"Arif Bir Khadka","5637 Sundhara",arif.khadka8989@example.com
"Kushal Lal Khadka","1238 Ekantakuna",kushal.khadka8990@example.com
"Binod Dhoj K.C","4622 Tinkune",binod.k.c8991@mail.com
"Kushal Bahadur Seikh","7058 Gaushala",kushal.seikh8992@random.org
"Binod Krishna Bhandari","131 Gaushala",binod.bhandari8993@test.com
"Kushal Lal Bhurtel","7487 Tripureshwor",kushal.bhurtel8994@example.com
"Asif Bhopal Malla","3697 Ekantakuna",asif.malla8995@demo.net
"Asif Gopal Lamichane","4107 Jawalakhel",asif.lamichane8996@mail.com
"Sandeep Dhoj Khadka","6591 Tinkune",sandeep.khadka8997@example.com
"Asif Bir Rajbanshi","7455 Ratnapark",asif.rajbanshi8998@test.com
"Binod Krishna Kami","9226 Tripureshwor",binod.kami8999@test.com
"Arif Bahadur Bhurtel","3873 Baneshwor",arif.bhurtel9000@mail.com
"Karan Lal Rajbanshi","4994 Chabel",karan.rajbanshi9001@test.com
"Asif Dhoj Lamichane","2357 New Road",asif.lamichane9002@test.com
"Rohit Krishna Rajbanshi","9695 Tripureshwor",rohit.rajbanshi9003@random.org
"Rohit Bahadur Khadka","6011 Ratnapark",rohit.khadka9004@demo.net
"Sompal Krishna Bhandari","8839 Tripureshwor",sompal.bhandari9005@random.org
"Kushal Dhoj K.C","8644 New Road",kushal.k.c9006@random.org
"Binod Lal Malla","7154 Ekantakuna",binod.malla9007@example.com
"Asif Gopal Malla","8594 Jawalakhel",asif.malla9008@test.com
"Kushal Bhagat Rajbanshi","5378 Sundhara",kushal.rajbanshi9009@example.com
"Rohit Bhagat Lamichane","7098 New Road",rohit.lamichane9010@example.com
"Binod Bahadur Paudel","6999 Tripureshwor",binod.paudel9011@test.com
"Asif Lal Seikh","326 Tinkune",asif.seikh9012@example.com
"Rohit Lal Rajbanshi","9931 Sundhara",rohit.rajbanshi9013@random.org
"Rohit Bhagat Malla","952 Gaushala",rohit.malla9014@test.com
"Paras Krishna K.C","2032 Tinkune",paras.k.c9015@mail.com
"Sompal Dhoj Kami","2334 New Road",sompal.kami9016@example.com
"Karan Dhoj Khadka","3941 Jawalakhel",karan.khadka9017@demo.net
"Lalit Gopal Khadka","1825 Chabel",lalit.khadka9018@test.com
"Sandeep Bhopal Seikh","2447 Jawalakhel",sandeep.seikh9019@test.com
"Rohit Krishna Bhurtel","6735 Jawalakhel",rohit.bhurtel9020@mail.com
"Rohit Gopal Bhandari","4800 Tripureshwor",rohit.bhandari9021@demo.net
"Rohit Dev Rajbanshi","9322 Ratnapark",rohit.rajbanshi9022@example.com
"Karan Kumar Malla","1785 Chabel",karan.malla9023@example.com
"Rohit Dhoj Paudel","1729 Ekantakuna",rohit.paudel9024@mail.com
"Sandeep Dhoj K.C","939 Ratnapark",sandeep.k.c9025@example.com
"Kushal Bahadur Bhandari","2877 Jawalakhel",kushal.bhandari9026@mail.com
"Asif Lal Kami","7281 Baneshwor",asif.kami9027@example.com
"Sandeep Lal Seikh","262 Ratnapark",sandeep.seikh9028@random.org
"Karan Bhagat Seikh","5687 Gaushala",karan.seikh9029@example.com
"Kushal Dhoj Khadka","297 Ekantakuna",kushal.khadka9030@example.com
"Sompal Bir Bhandari","8591 Tinkune",sompal.bhandari9031@random.org
"Asif Dev Malla","7315 Ratnapark",asif.malla9032@example.com
"Arif Lal Rajbanshi","2275 Gaushala",arif.rajbanshi9033@random.org
"Lalit Bahadur Kami","6152 Baneshwor",lalit.kami9034@demo.net
"Sandeep Bahadur Kami","587 Chabel",sandeep.kami9035@mail.com
"Arif Krishna Seikh","6049 Gaushala",arif.seikh9036@mail.com
"Arif Bhopal Kami","9995 Tinkune",arif.kami9037@demo.net
"Arif Bir Rajbanshi","9694 Baneshwor",arif.rajbanshi9038@mail.com
"Karan Dhoj Malla","6604 Chabel",karan.malla9039@test.com
"Sompal Dev Malla","4076 New Road",sompal.malla9040@mail.com
"Arif Gopal Rajbanshi","3143 Ratnapark",arif.rajbanshi9041@example.com
"Paras Bir Rajbanshi","5811 Gaushala",paras.rajbanshi9042@example.com
"Sompal Gopal Kami","7041 Chabel",sompal.kami9043@random.org
"Binod Dhoj Lamichane","7636 Jawalakhel",binod.lamichane9044@example.com
"Binod Bahadur Seikh","9192 Ratnapark",binod.seikh9045@random.org
"Paras Bir Malla","1047 Tripureshwor",paras.malla9046@demo.net
"Rohit Kumar Malla","9724 Jawalakhel",rohit.malla9047@random.org
"Rohit Gopal Malla","5252 Ekantakuna",rohit.malla9048@test.com
"Binod Bir Lamichane","1875 New Road",binod.lamichane9049@demo.net
"Sandeep Lal Seikh","6278 Sundhara",sandeep.seikh9050@demo.net
"Binod Bahadur Kami","5888 Tinkune",binod.kami9051@demo.net
"Sompal Bahadur Kami","1793 Ekantakuna",sompal.kami9052@mail.com
"Paras Krishna Seikh","7853 Sundhara",paras.seikh9053@example.com
"Sandeep Kumar Bhandari","3879 Ratnapark",sandeep.bhandari9054@mail.com
"Sompal Dev Rajbanshi","8703 Sundhara",sompal.rajbanshi9055@example.com
"Paras Dev Khadka","7127 Chabel",paras.khadka9056@demo.net
"Lalit Bhopal Rajbanshi","9985 Ratnapark",lalit.rajbanshi9057@example.com
"Kushal Krishna Lamichane","275 Chabel",kushal.lamichane9058@mail.com
"Lalit Dhoj Paudel","755 Ekantakuna",lalit.paudel9059@demo.net
"Paras Krishna Bhurtel","6566 Gaushala",paras.bhurtel9060@test.com
"Arif Krishna K.C","8669 Tinkune",arif.k.c9061@random.org
"Paras Bir Kami","4249 Jawalakhel",paras.kami9062@test.com
"Sandeep Bir Malla","4729 New Road",sandeep.malla9063@random.org
"Asif Kumar Bhurtel","5254 Baneshwor",asif.bhurtel9064@random.org
"Rohit Bir Bhurtel","1280 Gaushala",rohit.bhurtel9065@mail.com
"Rohit Dhoj Malla","2196 New Road",rohit.malla9066@example.com
"Arif Bhagat K.C","8062 Gaushala",arif.k.c9067@example.com
"Paras Gopal Bhandari","6809 Tripureshwor",paras.bhandari9068@random.org
"Arif Dhoj Bhurtel","8514 Tinkune",arif.bhurtel9069@random.org
"Sandeep Dhoj Kami","2812 Gaushala",sandeep.kami9070@example.com
"Binod Kumar Khadka","1964 Ekantakuna",binod.khadka9071@example.com
"Rohit Dhoj Paudel","4681 Baneshwor",rohit.paudel9072@demo.net
"Arif Bhagat K.C","7952 Ekantakuna",arif.k.c9073@mail.com
"Paras Kumar Kami","4601 Ekantakuna",paras.kami9074@mail.com
"Rohit Krishna K.C","6928 Chabel",rohit.k.c9075@random.org
"Paras Bahadur Lamichane","1481 Jawalakhel",paras.lamichane9076@random.org
"Binod Bahadur Bhurtel","2733 Tinkune",binod.bhurtel9077@example.com
"Sompal Gopal Seikh","1292 Gaushala",sompal.seikh9078@mail.com
"Rohit Gopal Paudel","1606 Baneshwor",rohit.paudel9079@random.org
"Paras Bahadur Bhandari","4274 Sundhara",paras.bhandari9080@random.org
"Asif Bhopal Paudel","8677 Baneshwor",asif.paudel9081@example.com
"Lalit Dhoj Rajbanshi","872 Gaushala",lalit.rajbanshi9082@random.org
"Sandeep Bhagat Bhurtel","5739 New Road",sandeep.bhurtel9083@mail.com
"Kushal Bhopal Kami","910 Ratnapark",kushal.kami9084@random.org
"Asif Kumar Khadka","5466 Sundhara",asif.khadka9085@example.com
"Kushal Lal Kami","8488 Tripureshwor",kushal.kami9086@test.com
"Binod Bir Khadka","6366 Sundhara",binod.khadka9087@demo.net
"Kushal Bhopal Bhurtel","4923 Jawalakhel",kushal.bhurtel9088@example.com
"Sompal Kumar Lamichane","1664 Sundhara",sompal.lamichane9089@demo.net
"Karan Bir Rajbanshi","947 Ratnapark",karan.rajbanshi9090@random.org
"Arif Kumar Seikh","3845 Sundhara",arif.seikh9091@test.com
"Sandeep Dev Bhurtel","5338 Jawalakhel",sandeep.bhurtel9092@example.com
"Karan Gopal K.C","1006 Jawalakhel",karan.k.c9093@example.com
"Sandeep Krishna Bhandari","6399 Baneshwor",sandeep.bhandari9094@mail.com
"Binod Kumar K.C","2375 Tinkune",binod.k.c9095@test.com
"Lalit Bhopal Kami","4593 Chabel",lalit.kami9096@test.com
"Kushal Krishna Bhurtel","7867 Baneshwor",kushal.bhurtel9097@mail.com
"Karan Bhagat Rajbanshi","1498 Ekantakuna",karan.rajbanshi9098@random.org
"Karan Bhagat Bhurtel","343 Tripureshwor",karan.bhurtel9099@mail.com
"Paras Bir Lamichane","2620 Tinkune",paras.lamichane9100@random.org
"Sompal Kumar K.C","8899 Ratnapark",sompal.k.c9101@example.com
"Rohit Lal Lamichane","9806 Ratnapark",rohit.lamichane9102@mail.com
"Paras Gopal Bhandari","5053 Baneshwor",paras.bhandari9103@example.com
"Kushal Dhoj Malla","4431 Ekantakuna",kushal.malla9104@mail.com
"Karan Bhagat Bhurtel","9440 Ekantakuna",karan.bhurtel9105@mail.com
"Arif Kumar Bhurtel","1847 New Road",arif.bhurtel9106@test.com
"Arif Krishna Kami","3438 Gaushala",arif.kami9107@demo.net
"Rohit Bahadur Kami","8057 Chabel",rohit.kami9108@test.com
"Karan Bhopal Bhandari","3465 Jawalakhel",karan.bhandari9109@random.org
"Sandeep Krishna Bhandari","7280 Chabel",sandeep.bhandari9110@test.com
"Lalit Kumar K.C","152 Tinkune",lalit.k.c9111@mail.com
"Arif Gopal K.C","5609 Gaushala",arif.k.c9112@example.com
"Arif Kumar Malla","6730 Tripureshwor",arif.malla9113@mail.com
"Asif Bahadur Kami","4557 Chabel",asif.kami9114@demo.net
"Asif Dhoj Seikh","3143 Ekantakuna",asif.seikh9115@test.com
"Karan Bhopal Khadka","5663 Tripureshwor",karan.khadka9116@random.org
"Kushal Dhoj Malla","324 Ratnapark",kushal.malla9117@mail.com
"Sompal Kumar Khadka","5845 Jawalakhel",sompal.khadka9118@demo.net
"Asif Gopal Bhurtel","8732 Tinkune",asif.bhurtel9119@mail.com
"Sompal Bahadur Lamichane","1267 Baneshwor",sompal.lamichane9120@mail.com
"Sandeep Dhoj Khadka","5402 Tripureshwor",sandeep.khadka9121@test.com
"Rohit Bahadur Kami","5674 Chabel",rohit.kami9122@demo.net
"Paras Bir Bhandari","8241 Gaushala",paras.bhandari9123@random.org
"Asif Dev Lamichane","952 Chabel",asif.lamichane9124@mail.com
"Sompal Dev Bhandari","8753 Jawalakhel",sompal.bhandari9125@random.org
"Asif Bhopal Bhurtel","5219 Chabel",asif.bhurtel9126@demo.net
"Kushal Bir K.C","6277 Ratnapark",kushal.k.c9127@demo.net
"Paras Dhoj K.C","1868 New Road",paras.k.c9128@test.com
"Rohit Bhopal K.C","9129 Tinkune",rohit.k.c9129@random.org
"Lalit Dhoj Lamichane","181 Baneshwor",lalit.lamichane9130@random.org
"Asif Bhagat Bhurtel","9290 Sundhara",asif.bhurtel9131@mail.com
"Sompal Dev Bhurtel","5915 New Road",sompal.bhurtel9132@example.com
"Binod Bahadur K.C","1295 Gaushala",binod.k.c9133@example.com
"Rohit Bir K.C","6090 Baneshwor",rohit.k.c9134@mail.com
"Lalit Bhagat Malla","2414 Ratnapark",lalit.malla9135@mail.com
"Rohit Bahadur Bhurtel","4938 Ekantakuna",rohit.bhurtel9136@random.org
"Asif Bhagat K.C","7391 New Road",asif.k.c9137@random.org
"Sandeep Bhagat Kami","7807 Ratnapark",sandeep.kami9138@random.org
"Kushal Krishna Bhurtel","5463 Ratnapark",kushal.bhurtel9139@mail.com
"Lalit Krishna Rajbanshi","3710 Tripureshwor",lalit.rajbanshi9140@example.com
"Lalit Dhoj Paudel","6452 Tinkune",lalit.paudel9141@example.com
"Rohit Bahadur Seikh","1153 Gaushala",rohit.seikh9142@mail.com
"Karan Bhagat K.C","6528 Chabel",karan.k.c9143@test.com
"Karan Bahadur Paudel","7133 Chabel",karan.paudel9144@random.org
"Paras Bhopal Seikh","5695 Jawalakhel",paras.seikh9145@test.com
"Karan Dev K.C","5651 Gaushala",karan.k.c9146@test.com
"Asif Bhagat Kami","708 Chabel",asif.kami9147@example.com
"Asif Dev Lamichane","3084 Chabel",asif.lamichane9148@mail.com
"Lalit Lal Khadka","1113 Ekantakuna",lalit.khadka9149@demo.net
"Kushal Bhopal Lamichane","8413 Gaushala",kushal.lamichane9150@demo.net
"Rohit Bahadur Bhurtel","5671 Gaushala",rohit.bhurtel9151@mail.com
"Rohit Bhopal Paudel","234 Chabel",rohit.paudel9152@random.org
"Arif Bahadur Kami","2135 Sundhara",arif.kami9153@test.com
"Binod Bahadur Bhandari","741 Baneshwor",binod.bhandari9154@random.org
"Paras Lal Lamichane","4725 Ekantakuna",paras.lamichane9155@mail.com
"Asif Gopal K.C","2056 Tinkune",asif.k.c9156@random.org
"Kushal Lal Rajbanshi","3183 Tripureshwor",kushal.rajbanshi9157@mail.com
"Binod Bhopal Khadka","3691 Sundhara",binod.khadka9158@random.org
"Kushal Bhagat K.C","9871 Chabel",kushal.k.c9159@demo.net
"Sompal Bhopal Kami","9162 Tinkune",sompal.kami9160@mail.com
"Paras Bhagat Lamichane","6669 New Road",paras.lamichane9161@demo.net
"Rohit Lal Lamichane","6355 Tripureshwor",rohit.lamichane9162@example.com
"Lalit Kumar Khadka","1894 Sundhara",lalit.khadka9163@example.com
"Arif Gopal Lamichane","5610 Chabel",arif.lamichane9164@random.org
"Binod Bahadur Paudel","9070 Tinkune",binod.paudel9165@mail.com
"Rohit Kumar K.C","3328 Sundhara",rohit.k.c9166@demo.net
"Sompal Bir Bhandari","3488 Baneshwor",sompal.bhandari9167@demo.net
"Lalit Bhopal Bhandari","5134 Jawalakhel",lalit.bhandari9168@demo.net
"Karan Gopal Khadka","3007 New Road",karan.khadka9169@example.com
"Arif Gopal Seikh","8811 Tripureshwor",arif.seikh9170@test.com
"Kushal Gopal Malla","2362 Baneshwor",kushal.malla9171@test.com
"Lalit Bhopal Khadka","7169 Tripureshwor",lalit.khadka9172@demo.net
"Karan Dev Malla","5659 Ratnapark",karan.malla9173@random.org
"Karan Bir Rajbanshi","7663 Tinkune",karan.rajbanshi9174@test.com
"Binod Gopal Malla","2394 Tripureshwor",binod.malla9175@test.com
"Karan Gopal Seikh","5754 Jawalakhel",karan.seikh9176@test.com
"Rohit Bahadur Seikh","2998 Ekantakuna",rohit.seikh9177@demo.net
"Asif Gopal Kami","7780 Baneshwor",asif.kami9178@example.com
"Binod Bir Bhandari","9923 Tinkune",binod.bhandari9179@test.com
"Rohit Kumar Seikh","2603 Ratnapark",rohit.seikh9180@example.com
"Sandeep Krishna Rajbanshi","2039 Gaushala",sandeep.rajbanshi9181@mail.com
"Asif Bahadur Bhurtel","8082 Ratnapark",asif.bhurtel9182@random.org
"Sandeep Gopal Bhandari","2944 Tripureshwor",sandeep.bhandari9183@random.org
"Binod Dev K.C","6476 Gaushala",binod.k.c9184@example.com
"Binod Bhopal Rajbanshi","5219 Chabel",binod.rajbanshi9185@mail.com
"Kushal Gopal Seikh","1512 Sundhara",kushal.seikh9186@example.com
"Arif Bhopal Rajbanshi","8726 Ekantakuna",arif.rajbanshi9187@mail.com
"Karan Gopal K.C","6270 Chabel",karan.k.c9188@test.com
"Lalit Bahadur Kami","9451 Ratnapark",lalit.kami9189@example.com
"Karan Bhopal Bhandari","4462 Baneshwor",karan.bhandari9190@random.org
"Arif Bhopal Khadka","9769 Jawalakhel",arif.khadka9191@mail.com
"Sandeep Krishna Rajbanshi","6201 Baneshwor",sandeep.rajbanshi9192@random.org
"Paras Krishna Malla","2730 Ekantakuna",paras.malla9193@demo.net
"Rohit Dev Lamichane","6875 Tripureshwor",rohit.lamichane9194@random.org
"Lalit Kumar Kami","8989 Gaushala",lalit.kami9195@example.com
"Binod Krishna Paudel","1770 Chabel",binod.paudel9196@demo.net
"Rohit Lal Khadka","5990 Ekantakuna",rohit.khadka9197@mail.com
"Lalit Dhoj Bhurtel","195 Sundhara",lalit.bhurtel9198@random.org
"Karan Bir Kami","212 Gaushala",karan.kami9199@test.com
"Paras Gopal Lamichane","2275 Sundhara",paras.lamichane9200@example.com
"Paras Krishna Bhurtel","7486 Ekantakuna",paras.bhurtel9201@demo.net
"Asif Bhopal Paudel","1292 Tripureshwor",asif.paudel9202@example.com
"Asif Krishna Rajbanshi","2218 Ekantakuna",asif.rajbanshi9203@mail.com
"Lalit Bhopal K.C","5931 Ratnapark",lalit.k.c9204@mail.com
"Sompal Bahadur Malla","2662 Jawalakhel",sompal.malla9205@example.com
"Binod Lal Khadka","3849 Jawalakhel",binod.khadka9206@example.com
"Paras Dev Paudel","8023 Sundhara",paras.paudel9207@random.org
"Asif Bhagat Bhandari","810 Ekantakuna",asif.bhandari9208@example.com
"Arif Bhagat Bhandari","1341 Ratnapark",arif.bhandari9209@random.org
"Sompal Bahadur Paudel","1314 Ekantakuna",sompal.paudel9210@random.org
"Arif Bahadur Bhurtel","4189 Sundhara",arif.bhurtel9211@example.com
"Binod Dhoj Bhurtel","1849 New Road",binod.bhurtel9212@mail.com
"Sompal Bhopal K.C","7821 Chabel",sompal.k.c9213@demo.net
"Karan Gopal Paudel","3149 Gaushala",karan.paudel9214@example.com
"Paras Bhagat Rajbanshi","1147 Ratnapark",paras.rajbanshi9215@example.com
"Sompal Bahadur Bhurtel","147 Jawalakhel",sompal.bhurtel9216@test.com
"Asif Gopal Paudel","7603 Tripureshwor",asif.paudel9217@demo.net
"Arif Gopal Bhurtel","2865 Ekantakuna",arif.bhurtel9218@test.com
"Sompal Lal Bhandari","1393 Chabel",sompal.bhandari9219@random.org
"Rohit Bir Bhurtel","7606 Tinkune",rohit.bhurtel9220@random.org
"Lalit Bir K.C","1871 Gaushala",lalit.k.c9221@mail.com
"Lalit Bhagat Lamichane","5113 Tinkune",lalit.lamichane9222@example.com
"Rohit Gopal Rajbanshi","5982 Tripureshwor",rohit.rajbanshi9223@example.com
"Kushal Dev Rajbanshi","9037 Tinkune",kushal.rajbanshi9224@mail.com
"Binod Krishna Rajbanshi","3956 Chabel",binod.rajbanshi9225@example.com
"Asif Gopal Rajbanshi","6845 Ratnapark",asif.rajbanshi9226@demo.net
"Karan Lal Lamichane","7502 Sundhara",karan.lamichane9227@demo.net
"Paras Bir Lamichane","3553 Tinkune",paras.lamichane9228@test.com
"Rohit Bhagat Malla","6184 Jawalakhel",rohit.malla9229@example.com
"Sompal Dhoj Rajbanshi","664 Tripureshwor",sompal.rajbanshi9230@test.com
"Asif Bhopal Seikh","7156 Tripureshwor",asif.seikh9231@demo.net
"Binod Bhagat Seikh","8061 Gaushala",binod.seikh9232@random.org
"Binod Dev K.C","4736 Ratnapark",binod.k.c9233@demo.net
"Asif Kumar K.C","6687 New Road",asif.k.c9234@random.org
"Kushal Bahadur Rajbanshi","209 Tinkune",kushal.rajbanshi9235@random.org
"Rohit Krishna Rajbanshi","8215 New Road",rohit.rajbanshi9236@random.org
"Sompal Lal Seikh","7177 Tripureshwor",sompal.seikh9237@random.org
"Asif Lal K.C","3515 Ratnapark",asif.k.c9238@demo.net
"Asif Gopal Bhurtel","4246 Tripureshwor",asif.bhurtel9239@test.com
"Binod Bir Seikh","2720 Ratnapark",binod.seikh9240@random.org
"Rohit Lal K.C","595 Jawalakhel",rohit.k.c9241@demo.net
"Rohit Kumar Bhandari","326 Chabel",rohit.bhandari9242@random.org
"Sompal Gopal Seikh","8699 Chabel",sompal.seikh9243@random.org
"Kushal Bahadur Kami","4220 Baneshwor",kushal.kami9244@test.com
"Asif Gopal Bhandari","7912 Jawalakhel",asif.bhandari9245@test.com
"Lalit Dhoj Rajbanshi","597 Jawalakhel",lalit.rajbanshi9246@demo.net
"Kushal Krishna Bhurtel","4950 Tripureshwor",kushal.bhurtel9247@mail.com
"Sandeep Lal Bhandari","9506 Tinkune",sandeep.bhandari9248@demo.net
"Arif Lal Lamichane","2164 Jawalakhel",arif.lamichane9249@example.com
"Asif Lal Bhurtel","7568 New Road",asif.bhurtel9250@demo.net
"Paras Bir Malla","4251 Ekantakuna",paras.malla9251@random.org
"Sandeep Kumar Kami","3861 Baneshwor",sandeep.kami9252@test.com
"Kushal Dev Malla","2961 Gaushala",kushal.malla9253@random.org
"Arif Dev Kami","6579 Tinkune",arif.kami9254@demo.net
"Kushal Bir Khadka","6824 Jawalakhel",kushal.khadka9255@example.com
"Asif Kumar Rajbanshi","7237 New Road",asif.rajbanshi9256@random.org
"Lalit Kumar Malla","5304 Chabel",lalit.malla9257@demo.net
"Kushal Bir Bhurtel","899 Tinkune",kushal.bhurtel9258@mail.com
"Paras Kumar Kami","5877 Tinkune",paras.kami9259@random.org
"Sandeep Bahadur Rajbanshi","4550 Jawalakhel",sandeep.rajbanshi9260@test.com
"Sandeep Lal Khadka","1386 Jawalakhel",sandeep.khadka9261@random.org
"Sandeep Gopal Kami","7920 Jawalakhel",sandeep.kami9262@test.com
"Paras Krishna Bhurtel","4978 Ekantakuna",paras.bhurtel9263@example.com
"Paras Bahadur Bhurtel","112 Tinkune",paras.bhurtel9264@mail.com
"Kushal Bir Paudel","2114 Tripureshwor",kushal.paudel9265@example.com
"Sandeep Bir Rajbanshi","9330 New Road",sandeep.rajbanshi9266@mail.com
"Arif Lal Malla","6275 New Road",arif.malla9267@example.com
"Kushal Bir Bhurtel","7171 Baneshwor",kushal.bhurtel9268@random.org
"Arif Bir Bhandari","7033 Chabel",arif.bhandari9269@random.org
"Karan Bhagat Paudel","2688 Sundhara",karan.paudel9270@random.org
"Sompal Lal Khadka","4784 Jawalakhel",sompal.khadka9271@random.org
"Kushal Bhopal Khadka","5854 Sundhara",kushal.khadka9272@mail.com
"Sandeep Bir Bhandari","1498 Baneshwor",sandeep.bhandari9273@example.com
"Sandeep Lal Bhurtel","2872 Jawalakhel",sandeep.bhurtel9274@random.org
"Sandeep Dev Rajbanshi","960 Jawalakhel",sandeep.rajbanshi9275@example.com
"Sandeep Gopal K.C","5958 Ratnapark",sandeep.k.c9276@example.com
"Sandeep Krishna Malla","9058 Ekantakuna",sandeep.malla9277@mail.com
"Paras Bhagat Lamichane","3470 Jawalakhel",paras.lamichane9278@mail.com
"Paras Bhagat Kami","8860 Tripureshwor",paras.kami9279@example.com
"Asif Dev Bhandari","7588 Ekantakuna",asif.bhandari9280@test.com
"Rohit Gopal Rajbanshi","553 Gaushala",rohit.rajbanshi9281@demo.net
"Binod Krishna Bhandari","9562 Chabel",binod.bhandari9282@example.com
"Arif Bir Seikh","9613 Tripureshwor",arif.seikh9283@random.org
"Rohit Dev Khadka","7508 Jawalakhel",rohit.khadka9284@demo.net
"Kushal Gopal Khadka","8585 Jawalakhel",kushal.khadka9285@example.com
"Karan Krishna Khadka","7358 Baneshwor",karan.khadka9286@example.com
"Paras Bahadur Seikh","3184 Gaushala",paras.seikh9287@mail.com
"Paras Gopal Seikh","9464 Jawalakhel",paras.seikh9288@mail.com
"Paras Bahadur Malla","9477 Chabel",paras.malla9289@random.org
"Karan Kumar Seikh","2011 Jawalakhel",karan.seikh9290@example.com
"Arif Dhoj Seikh","689 Baneshwor",arif.seikh9291@random.org
"Sandeep Dhoj Bhandari","8985 Baneshwor",sandeep.bhandari9292@example.com
"Sompal Dev Kami","2262 Sundhara",sompal.kami9293@demo.net
"Asif Lal K.C","2437 Tinkune",asif.k.c9294@demo.net
"Sompal Krishna Rajbanshi","5796 Sundhara",sompal.rajbanshi9295@demo.net
"Sompal Kumar K.C","5161 Sundhara",sompal.k.c9296@example.com
"Karan Krishna Rajbanshi","6862 Tripureshwor",karan.rajbanshi9297@example.com
"Rohit Bhopal Seikh","5692 Gaushala",rohit.seikh9298@example.com
"Asif Bahadur Seikh","965 New Road",asif.seikh9299@mail.com
"Binod Bhopal Malla","3632 Ratnapark",binod.malla9300@mail.com
"Sompal Dev Bhurtel","5911 Baneshwor",sompal.bhurtel9301@demo.net
"Sompal Bhagat Bhandari","2265 New Road",sompal.bhandari9302@test.com
"Asif Bahadur Seikh","2995 Sundhara",asif.seikh9303@demo.net
"Rohit Krishna Kami","7874 Jawalakhel",rohit.kami9304@demo.net
"Karan Bhagat Seikh","4156 Chabel",karan.seikh9305@test.com
"Lalit Bhagat Kami","6288 Tinkune",lalit.kami9306@test.com
"Sandeep Krishna Lamichane","135 Chabel",sandeep.lamichane9307@mail.com
"Sompal Lal Bhurtel","895 Baneshwor",sompal.bhurtel9308@demo.net
"Sompal Bhagat Seikh","5714 Jawalakhel",sompal.seikh9309@random.org
"Rohit Dev Kami","7321 Ratnapark",rohit.kami9310@test.com
"Karan Krishna Seikh","8670 Tripureshwor",karan.seikh9311@demo.net
"Kushal Bir Lamichane","4656 Ekantakuna",kushal.lamichane9312@random.org
"Sompal Dhoj Khadka","3114 New Road",sompal.khadka9313@test.com
"Paras Bahadur Khadka","912 New Road",paras.khadka9314@mail.com
"Paras Bhagat K.C","649 Tripureshwor",paras.k.c9315@test.com
"Lalit Krishna Paudel","7675 Tinkune",lalit.paudel9316@mail.com
"Sandeep Krishna Khadka","7074 Tripureshwor",sandeep.khadka9317@example.com
"Lalit Bahadur Kami","2590 Chabel",lalit.kami9318@mail.com
"Sandeep Lal K.C","6525 Ratnapark",sandeep.k.c9319@random.org
"Binod Bhopal Bhandari","9039 Chabel",binod.bhandari9320@random.org
"Kushal Kumar Bhandari","6699 Ratnapark",kushal.bhandari9321@example.com
"Asif Krishna Paudel","317 Ekantakuna",asif.paudel9322@example.com
"Kushal Dhoj Kami","8174 Tinkune",kushal.kami9323@mail.com
"Sandeep Gopal Paudel","3206 Tinkune",sandeep.paudel9324@demo.net
"Sandeep Bahadur Malla","1022 Tripureshwor",sandeep.malla9325@mail.com
"Sompal Bhopal Rajbanshi","6194 New Road",sompal.rajbanshi9326@random.org
"Rohit Dhoj Khadka","2894 Ratnapark",rohit.khadka9327@example.com
"Binod Krishna Seikh","6536 Sundhara",binod.seikh9328@test.com
"Lalit Bhagat Paudel","6113 Chabel",lalit.paudel9329@mail.com
"Binod Bhopal Rajbanshi","9068 Baneshwor",binod.rajbanshi9330@mail.com
"Sompal Dev Seikh","7706 New Road",sompal.seikh9331@mail.com
"Kushal Bhagat Bhurtel","883 New Road",kushal.bhurtel9332@demo.net
"Sandeep Kumar Bhurtel","6055 Sundhara",sandeep.bhurtel9333@test.com
"Lalit Lal Lamichane","2728 Baneshwor",lalit.lamichane9334@example.com
"Binod Dev Paudel","4191 Chabel",binod.paudel9335@example.com
"Binod Lal Lamichane","7147 Chabel",binod.lamichane9336@example.com
"Sompal Kumar Rajbanshi","4126 Tripureshwor",sompal.rajbanshi9337@mail.com
"Karan Bir Paudel","8698 Tripureshwor",karan.paudel9338@example.com
"Binod Kumar Malla","3035 Jawalakhel",binod.malla9339@mail.com
"Sandeep Lal Rajbanshi","3133 Sundhara",sandeep.rajbanshi9340@random.org
"Rohit Dev Lamichane","7537 Baneshwor",rohit.lamichane9341@demo.net
"Kushal Dev Khadka","596 Chabel",kushal.khadka9342@demo.net
"Arif Krishna Bhandari","5949 Sundhara",arif.bhandari9343@random.org
"Arif Krishna Khadka","8008 Gaushala",arif.khadka9344@demo.net
"Kushal Dhoj K.C","9017 Ekantakuna",kushal.k.c9345@mail.com
"Binod Gopal Kami","3127 Ekantakuna",binod.kami9346@random.org
"Paras Lal Bhurtel","7931 Ekantakuna",paras.bhurtel9347@mail.com
"Rohit Bir Khadka","1362 Tripureshwor",rohit.khadka9348@example.com
"Rohit Dev Bhandari","2107 Ekantakuna",rohit.bhandari9349@test.com
"Lalit Kumar Bhandari","3330 Tinkune",lalit.bhandari9350@random.org
"Kushal Lal K.C","1993 Tinkune",kushal.k.c9351@random.org
"Arif Dhoj Malla","1557 New Road",arif.malla9352@demo.net
"Rohit Dev K.C","5186 Ratnapark",rohit.k.c9353@example.com
"Lalit Dev Bhurtel","1083 Gaushala",lalit.bhurtel9354@random.org
"Sandeep Kumar Malla","1589 Tripureshwor",sandeep.malla9355@random.org
"Karan Gopal Paudel","1419 Baneshwor",karan.paudel9356@mail.com
"Asif Dhoj Bhandari","5066 Sundhara",asif.bhandari9357@mail.com
"Paras Kumar Paudel","1334 Tripureshwor",paras.paudel9358@random.org
"Sandeep Bahadur Rajbanshi","5318 Tripureshwor",sandeep.rajbanshi9359@test.com
"Arif Gopal Bhandari","4020 Jawalakhel",arif.bhandari9360@test.com
"Sandeep Bahadur K.C","9329 Jawalakhel",sandeep.k.c9361@random.org
"Paras Gopal K.C","4716 Gaushala",paras.k.c9362@demo.net
"Rohit Dhoj Rajbanshi","8483 Tinkune",rohit.rajbanshi9363@example.com
"Arif Bir Seikh","8120 Chabel",arif.seikh9364@mail.com
"Paras Lal Khadka","5034 Gaushala",paras.khadka9365@mail.com
"Karan Bir Bhandari","6702 Sundhara",karan.bhandari9366@test.com
"Paras Bir Seikh","3035 Ekantakuna",paras.seikh9367@test.com
"Asif Gopal Paudel","2554 Jawalakhel",asif.paudel9368@random.org
"Binod Gopal Paudel","9625 Gaushala",binod.paudel9369@example.com
"Paras Dhoj K.C","2527 Tinkune",paras.k.c9370@mail.com
"Sandeep Gopal Lamichane","759 Baneshwor",sandeep.lamichane9371@example.com
"Kushal Gopal Seikh","7652 Chabel",kushal.seikh9372@test.com
"Rohit Krishna Malla","9417 Sundhara",rohit.malla9373@test.com
"Arif Dhoj Bhurtel","1971 Chabel",arif.bhurtel9374@example.com
"Paras Kumar K.C","4998 Sundhara",paras.k.c9375@example.com
"Binod Bhopal Kami","3903 Tinkune",binod.kami9376@mail.com
"Binod Dev Kami","1657 Tinkune",binod.kami9377@test.com
"Sompal Bir Lamichane","8356 Gaushala",sompal.lamichane9378@random.org
"Sompal Krishna Malla","9621 New Road",sompal.malla9379@demo.net
"Lalit Bir Rajbanshi","5777 Baneshwor",lalit.rajbanshi9380@mail.com
"Sandeep Lal Paudel","2418 Baneshwor",sandeep.paudel9381@test.com
"Sompal Dev Bhurtel","2105 Tinkune",sompal.bhurtel9382@demo.net
"Rohit Bir K.C","3328 Tripureshwor",rohit.k.c9383@example.com
"Lalit Bahadur K.C","1782 New Road",lalit.k.c9384@mail.com
"Arif Gopal Paudel","3515 Sundhara",arif.paudel9385@mail.com
"Rohit Bhopal Malla","1730 Ratnapark",rohit.malla9386@random.org
"Binod Dhoj Bhandari","4899 Jawalakhel",binod.bhandari9387@random.org
"Lalit Bhopal Bhurtel","9775 Tripureshwor",lalit.bhurtel9388@random.org
"Arif Bhopal K.C","6676 Tripureshwor",arif.k.c9389@mail.com
"Lalit Gopal Rajbanshi","3174 Baneshwor",lalit.rajbanshi9390@mail.com
"Karan Bhopal Malla","652 Ratnapark",karan.malla9391@random.org
"Karan Bhopal Bhurtel","889 Baneshwor",karan.bhurtel9392@example.com
"Binod Krishna Bhurtel","867 New Road",binod.bhurtel9393@test.com
"Arif Bhagat Khadka","1200 Tinkune",arif.khadka9394@example.com
"Paras Bahadur Bhurtel","9228 Tripureshwor",paras.bhurtel9395@example.com
"Arif Dhoj Rajbanshi","3416 Baneshwor",arif.rajbanshi9396@example.com
"Binod Dev K.C","2312 Chabel",binod.k.c9397@test.com
"Arif Gopal Malla","1180 Ekantakuna",arif.malla9398@example.com
"Sompal Gopal Kami","2058 Sundhara",sompal.kami9399@test.com
"Karan Bahadur Seikh","2798 Gaushala",karan.seikh9400@random.org
"Lalit Gopal Bhandari","6305 Chabel",lalit.bhandari9401@random.org
"Arif Krishna Paudel","6424 Sundhara",arif.paudel9402@mail.com
"Paras Kumar Rajbanshi","6387 Sundhara",paras.rajbanshi9403@example.com
"Kushal Dhoj K.C","4041 Jawalakhel",kushal.k.c9404@test.com
"Kushal Bir Lamichane","4397 Baneshwor",kushal.lamichane9405@random.org
"Arif Bhopal K.C","3356 Chabel",arif.k.c9406@mail.com
"Sompal Krishna Bhurtel","5419 Ekantakuna",sompal.bhurtel9407@example.com
"Karan Lal Lamichane","6569 Tripureshwor",karan.lamichane9408@test.com
"Rohit Lal Paudel","3918 Chabel",rohit.paudel9409@demo.net
"Asif Krishna Bhurtel","2156 Baneshwor",asif.bhurtel9410@random.org
"Arif Bir Bhandari","3215 Tinkune",arif.bhandari9411@example.com
"Lalit Lal Kami","7558 Gaushala",lalit.kami9412@demo.net
"Kushal Dhoj Bhurtel","9803 Ratnapark",kushal.bhurtel9413@demo.net
"Sandeep Bahadur Bhandari","8332 Ratnapark",sandeep.bhandari9414@mail.com
"Arif Bir Lamichane","6999 New Road",arif.lamichane9415@demo.net
"Paras Dhoj Paudel","2523 Ratnapark",paras.paudel9416@test.com
"Kushal Lal Kami","4662 Baneshwor",kushal.kami9417@mail.com
"Lalit Bhopal Lamichane","4785 Jawalakhel",lalit.lamichane9418@test.com
"Asif Gopal Rajbanshi","1922 Jawalakhel",asif.rajbanshi9419@test.com
"Lalit Krishna Paudel","4976 Chabel",lalit.paudel9420@demo.net
"Sandeep Gopal Khadka","7693 Ratnapark",sandeep.khadka9421@example.com
"Sandeep Dev K.C","6578 Tripureshwor",sandeep.k.c9422@random.org
"Kushal Gopal Rajbanshi","3899 Ekantakuna",kushal.rajbanshi9423@demo.net
"Binod Bir K.C","8509 Ratnapark",binod.k.c9424@mail.com
"Asif Krishna Seikh","4295 Gaushala",asif.seikh9425@test.com
"Asif Bhagat K.C","2630 New Road",asif.k.c9426@mail.com
"Lalit Lal Rajbanshi","3775 Sundhara",lalit.rajbanshi9427@example.com
"Asif Gopal Bhandari","7452 Chabel",asif.bhandari9428@mail.com
"Sandeep Dhoj Paudel","3108 Baneshwor",sandeep.paudel9429@test.com
"Kushal Gopal Bhurtel","8815 Ratnapark",kushal.bhurtel9430@demo.net
"Asif Kumar Bhandari","7180 Tripureshwor",asif.bhandari9431@test.com
"Asif Lal K.C","4724 Tinkune",asif.k.c9432@example.com
"Asif Bir Bhandari","2776 Tripureshwor",asif.bhandari9433@test.com
"Kushal Dev Rajbanshi","7632 Chabel",kushal.rajbanshi9434@test.com
"Arif Bir Khadka","1149 Ekantakuna",arif.khadka9435@random.org
"Rohit Krishna Bhandari","927 Jawalakhel",rohit.bhandari9436@example.com
"Binod Gopal Bhandari","2152 Sundhara",binod.bhandari9437@mail.com
"Sandeep Bhopal Paudel","4251 Chabel",sandeep.paudel9438@test.com
"Karan Bhopal Lamichane","1279 Tinkune",karan.lamichane9439@demo.net
"Arif Bir Seikh","3217 Ekantakuna",arif.seikh9440@demo.net
"Arif Bahadur Lamichane","5997 Gaushala",arif.lamichane9441@example.com
"Sandeep Bir Kami","2755 Chabel",sandeep.kami9442@mail.com
"Paras Dhoj Paudel","6058 Jawalakhel",paras.paudel9443@demo.net
"Arif Krishna Malla","1415 Tripureshwor",arif.malla9444@random.org
"Binod Gopal Bhurtel","4940 Gaushala",binod.bhurtel9445@demo.net
"Lalit Dev Paudel","2820 Ekantakuna",lalit.paudel9446@mail.com
"Karan Bahadur Kami","1195 Tinkune",karan.kami9447@random.org
"Arif Krishna K.C","9822 Ekantakuna",arif.k.c9448@demo.net
"Sandeep Bhopal Bhandari","2340 Tinkune",sandeep.bhandari9449@example.com
"Sompal Lal K.C","8340 Tripureshwor",sompal.k.c9450@mail.com
"Kushal Bir Khadka","8049 Baneshwor",kushal.khadka9451@random.org
"Lalit Bahadur Bhurtel","8575 New Road",lalit.bhurtel9452@example.com
"Sandeep Lal Kami","5588 Ekantakuna",sandeep.kami9453@test.com
"Lalit Bhopal Bhurtel","3085 Sundhara",lalit.bhurtel9454@random.org
"Asif Kumar Seikh","5889 Chabel",asif.seikh9455@mail.com
"Rohit Bhagat Bhurtel","8737 Gaushala",rohit.bhurtel9456@test.com
"Paras Kumar Paudel","7029 Baneshwor",paras.paudel9457@random.org
"Lalit Bahadur Bhandari","249 Sundhara",lalit.bhandari9458@example.com
"Karan Bhagat Bhurtel","1595 Jawalakhel",karan.bhurtel9459@random.org
"Sompal Kumar Kami","5996 Chabel",sompal.kami9460@example.com
"Kushal Dev Bhurtel","9113 Tripureshwor",kushal.bhurtel9461@mail.com
"Lalit Bahadur Khadka","7815 Tripureshwor",lalit.khadka9462@mail.com
"Lalit Kumar Bhurtel","6534 Gaushala",lalit.bhurtel9463@demo.net
"Binod Krishna K.C","1587 Tinkune",binod.k.c9464@test.com
"Binod Bahadur Bhandari","6315 Ratnapark",binod.bhandari9465@test.com
"Asif Bahadur Bhandari","8249 Jawalakhel",asif.bhandari9466@mail.com
"Paras Bir Paudel","7125 Ratnapark",paras.paudel9467@random.org
"Arif Krishna Khadka","5752 Chabel",arif.khadka9468@example.com
"Asif Dev Khadka","5820 Chabel",asif.khadka9469@random.org
"Arif Bhopal Bhandari","6875 Baneshwor",arif.bhandari9470@demo.net
"Kushal Bhagat Paudel","6422 Chabel",kushal.paudel9471@demo.net
"Sompal Bahadur Kami","6206 Gaushala",sompal.kami9472@demo.net
"Binod Krishna Rajbanshi","7000 Ekantakuna",binod.rajbanshi9473@random.org
"Rohit Gopal Malla","1727 Sundhara",rohit.malla9474@example.com
"Sompal Krishna K.C","2262 Jawalakhel",sompal.k.c9475@test.com
"Kushal Lal Bhandari","7959 Baneshwor",kushal.bhandari9476@demo.net
"Karan Bahadur Lamichane","4938 Gaushala",karan.lamichane9477@test.com
"Sompal Krishna Seikh","121 Chabel",sompal.seikh9478@mail.com
"Arif Kumar Lamichane","4977 Gaushala",arif.lamichane9479@random.org
"Rohit Kumar Paudel","2067 Baneshwor",rohit.paudel9480@mail.com
"Sompal Krishna Bhurtel","2139 Baneshwor",sompal.bhurtel9481@demo.net
"Lalit Krishna Kami","1112 Tinkune",lalit.kami9482@mail.com
"Lalit Bahadur Seikh","5680 New Road",lalit.seikh9483@example.com
"Binod Bhopal Rajbanshi","3927 Jawalakhel",binod.rajbanshi9484@example.com
"Binod Gopal Seikh","7871 Ekantakuna",binod.seikh9485@random.org
"Rohit Bhagat Bhurtel","3147 Tinkune",rohit.bhurtel9486@mail.com
"Sandeep Bir Rajbanshi","3727 New Road",sandeep.rajbanshi9487@mail.com
"Arif Bir Lamichane","1413 Baneshwor",arif.lamichane9488@example.com
"Asif Bhagat K.C","9840 Gaushala",asif.k.c9489@demo.net
"Binod Dev Bhurtel","3408 Baneshwor",binod.bhurtel9490@demo.net
"Asif Dhoj Kami","4173 Tinkune",asif.kami9491@test.com
"Sompal Krishna Malla","8149 Ratnapark",sompal.malla9492@random.org
"Sompal Lal Seikh","1305 New Road",sompal.seikh9493@random.org
"Binod Bahadur Lamichane","6971 New Road",binod.lamichane9494@demo.net
"Arif Bir Bhurtel","2447 Tinkune",arif.bhurtel9495@random.org
"Arif Dhoj Rajbanshi","9284 Jawalakhel",arif.rajbanshi9496@demo.net
"Binod Krishna Bhandari","2837 Tripureshwor",binod.bhandari9497@demo.net
"Asif Bhagat Paudel","6089 Chabel",asif.paudel9498@example.com
"Asif Dev Bhandari","9749 Sundhara",asif.bhandari9499@random.org
"Rohit Dev Bhurtel","2010 Baneshwor",rohit.bhurtel9500@example.com
"Lalit Dev Kami","508 Ratnapark",lalit.kami9501@example.com
"Rohit Gopal Bhandari","6410 Tripureshwor",rohit.bhandari9502@demo.net
"Rohit Dhoj Khadka","2715 New Road",rohit.khadka9503@random.org
"Sompal Bir Bhurtel","6068 Chabel",sompal.bhurtel9504@example.com
"Paras Bir Malla","7627 New Road",paras.malla9505@random.org
"Asif Bhagat Rajbanshi","1561 Ekantakuna",asif.rajbanshi9506@example.com
"Binod Krishna Khadka","2002 Chabel",binod.khadka9507@test.com
"Paras Kumar Paudel","4191 New Road",paras.paudel9508@mail.com
"Binod Kumar Kami","1641 Chabel",binod.kami9509@random.org
"Paras Gopal Malla","7046 New Road",paras.malla9510@example.com
"Asif Bir K.C","5046 Baneshwor",asif.k.c9511@demo.net
"Lalit Kumar Bhandari","5069 Tripureshwor",lalit.bhandari9512@demo.net
"Karan Bhopal Kami","1626 Jawalakhel",karan.kami9513@random.org
"Kushal Kumar Kami","2619 Baneshwor",kushal.kami9514@random.org
"Sompal Bahadur Bhandari","2547 Jawalakhel",sompal.bhandari9515@random.org
"Binod Gopal Kami","4247 Jawalakhel",binod.kami9516@test.com
"Binod Bhagat Kami","8454 Gaushala",binod.kami9517@example.com
"Sompal Bhagat Bhandari","6620 Ekantakuna",sompal.bhandari9518@example.com
"Karan Bir Kami","2648 Ratnapark",karan.kami9519@demo.net
"Lalit Dhoj Bhandari","9463 Jawalakhel",lalit.bhandari9520@test.com
"Binod Dhoj Kami","999 New Road",binod.kami9521@mail.com
"Lalit Krishna K.C","974 Tinkune",lalit.k.c9522@test.com
"Karan Dhoj K.C","8520 Jawalakhel",karan.k.c9523@mail.com
"Sompal Lal Khadka","3580 Tripureshwor",sompal.khadka9524@mail.com
"Arif Gopal Paudel","3016 Tinkune",arif.paudel9525@random.org
"Rohit Bhopal Seikh","9833 Jawalakhel",rohit.seikh9526@demo.net
"Lalit Dev K.C","4315 Tinkune",lalit.k.c9527@mail.com
"Lalit Bahadur Lamichane","3512 New Road",lalit.lamichane9528@mail.com
"Karan Bhagat K.C","7670 Chabel",karan.k.c9529@mail.com
"Asif Bhagat Malla","8904 Jawalakhel",asif.malla9530@example.com
"Binod Bir Lamichane","1131 Tinkune",binod.lamichane9531@random.org
"Paras Dev K.C","894 Gaushala",paras.k.c9532@example.com
"Sompal Krishna Paudel","5654 Ekantakuna",sompal.paudel9533@random.org
"Rohit Bhagat Rajbanshi","9917 Chabel",rohit.rajbanshi9534@test.com
"Sompal Bhagat Khadka","2075 Sundhara",sompal.khadka9535@test.com
"Rohit Dhoj Kami","3120 Baneshwor",rohit.kami9536@test.com
"Paras Lal Lamichane","442 Tinkune",paras.lamichane9537@example.com
"Asif Lal Lamichane","2219 Ekantakuna",asif.lamichane9538@example.com
"Arif Bhopal Khadka","2401 Tinkune",arif.khadka9539@random.org
"Sompal Bahadur Paudel","4149 Jawalakhel",sompal.paudel9540@test.com
"Paras Bir Bhurtel","6015 Tripureshwor",paras.bhurtel9541@mail.com
"Sandeep Lal Rajbanshi","128 Jawalakhel",sandeep.rajbanshi9542@test.com
"Kushal Bhopal Seikh","3623 Sundhara",kushal.seikh9543@demo.net
"Binod Bhopal Bhurtel","6553 Baneshwor",binod.bhurtel9544@mail.com
"Sompal Bhopal Seikh","742 Ekantakuna",sompal.seikh9545@example.com
"Kushal Lal Paudel","5153 Jawalakhel",kushal.paudel9546@mail.com
"Kushal Lal Seikh","3233 Gaushala",kushal.seikh9547@example.com
"Rohit Bir Paudel","6525 Baneshwor",rohit.paudel9548@demo.net
"Kushal Kumar Khadka","1546 Ratnapark",kushal.khadka9549@random.org
"Rohit Krishna Seikh","5437 Ratnapark",rohit.seikh9550@demo.net
"Kushal Bir Kami","5689 Ekantakuna",kushal.kami9551@example.com
"Arif Bhagat Rajbanshi","8292 New Road",arif.rajbanshi9552@example.com
"Rohit Lal Khadka","8809 Tripureshwor",rohit.khadka9553@random.org
"Arif Bir Paudel","5691 New Road",arif.paudel9554@random.org
"Rohit Bhagat Malla","6691 Jawalakhel",rohit.malla9555@demo.net
"Lalit Bir Bhandari","3537 Jawalakhel",lalit.bhandari9556@mail.com
"Asif Kumar Khadka","7761 Chabel",asif.khadka9557@random.org
"Binod Bhagat Bhandari","6246 Tinkune",binod.bhandari9558@mail.com
"Sompal Gopal Bhurtel","2486 Gaushala",sompal.bhurtel9559@example.com
"Asif Krishna Kami","8875 New Road",asif.kami9560@random.org
"Sompal Gopal Paudel","6555 Ratnapark",sompal.paudel9561@example.com
"Arif Krishna Malla","8283 Sundhara",arif.malla9562@mail.com
"Sandeep Krishna Bhandari","6185 Ekantakuna",sandeep.bhandari9563@demo.net
"Asif Bir Lamichane","3948 Sundhara",asif.lamichane9564@demo.net
"Karan Bhagat Kami","3731 Tripureshwor",karan.kami9565@test.com
"Binod Kumar Lamichane","2982 Tripureshwor",binod.lamichane9566@demo.net
"Sandeep Gopal Bhandari","3803 Tinkune",sandeep.bhandari9567@random.org
"Binod Bhagat Rajbanshi","8369 Tinkune",binod.rajbanshi9568@mail.com
"Arif Dhoj Kami","1865 Gaushala",arif.kami9569@example.com
"Arif Krishna Malla","8984 New Road",arif.malla9570@test.com
"Paras Lal K.C","6856 Ratnapark",paras.k.c9571@demo.net
"Binod Dev Kami","2974 Tinkune",binod.kami9572@example.com
"Karan Krishna Rajbanshi","5233 New Road",karan.rajbanshi9573@mail.com
"Paras Kumar K.C","7542 Tinkune",paras.k.c9574@mail.com
"Rohit Kumar Kami","8302 Ratnapark",rohit.kami9575@random.org
"Arif Gopal Bhandari","4254 Gaushala",arif.bhandari9576@example.com
"Karan Bir Khadka","1969 Baneshwor",karan.khadka9577@random.org
"Binod Bhopal Bhandari","9322 Jawalakhel",binod.bhandari9578@mail.com
"Paras Dhoj Lamichane","762 Baneshwor",paras.lamichane9579@random.org
"Paras Bhagat Bhandari","3582 Baneshwor",paras.bhandari9580@random.org
"Arif Dhoj Bhurtel","9941 Baneshwor",arif.bhurtel9581@test.com
"Binod Bir Bhurtel","1109 Jawalakhel",binod.bhurtel9582@example.com
"Karan Gopal Bhandari","543 Baneshwor",karan.bhandari9583@test.com
"Rohit Bhopal Kami","5594 New Road",rohit.kami9584@test.com
"Paras Bir K.C","8943 Ekantakuna",paras.k.c9585@random.org
"Binod Bhopal K.C","7236 New Road",binod.k.c9586@mail.com
"Sompal Bhagat K.C","1481 Jawalakhel",sompal.k.c9587@test.com
"Paras Bhagat Bhurtel","8770 Gaushala",paras.bhurtel9588@mail.com
"Paras Kumar Lamichane","5788 Ekantakuna",paras.lamichane9589@mail.com
"Asif Bir Bhurtel","4018 Ekantakuna",asif.bhurtel9590@random.org
"Arif Dhoj Lamichane","5993 Ekantakuna",arif.lamichane9591@mail.com
"Karan Dev Kami","1358 Jawalakhel",karan.kami9592@test.com
"Kushal Kumar Bhandari","5852 Tripureshwor",kushal.bhandari9593@example.com
"Sompal Lal Paudel","4939 Baneshwor",sompal.paudel9594@demo.net
"Asif Dev Lamichane","3055 New Road",asif.lamichane9595@random.org
"Sompal Bhopal K.C","6192 Chabel",sompal.k.c9596@random.org
"Lalit Dev Malla","8990 Jawalakhel",lalit.malla9597@test.com
"Paras Gopal Bhurtel","7063 Gaushala",paras.bhurtel9598@test.com
"Sandeep Krishna Rajbanshi","7786 Ekantakuna",sandeep.rajbanshi9599@example.com
"Kushal Krishna Malla","6104 Chabel",kushal.malla9600@example.com
"Arif Bahadur Bhandari","9832 Gaushala",arif.bhandari9601@mail.com
"Asif Bhopal Malla","9620 Tinkune",asif.malla9602@test.com
"Lalit Bhagat Khadka","882 Tripureshwor",lalit.khadka9603@test.com
"Asif Bhagat Bhurtel","6904 Ekantakuna",asif.bhurtel9604@demo.net
"Rohit Lal K.C","1263 Sundhara",rohit.k.c9605@test.com
"Binod Kumar Bhandari","3412 Ekantakuna",binod.bhandari9606@example.com
"Sandeep Dhoj Malla","4048 Tripureshwor",sandeep.malla9607@random.org
"Lalit Dev Malla","6374 Chabel",lalit.malla9608@demo.net
"Binod Lal Rajbanshi","609 Jawalakhel",binod.rajbanshi9609@example.com
"Asif Bhagat Seikh","4644 Chabel",asif.seikh9610@mail.com
"Rohit Gopal Lamichane","2630 Tinkune",rohit.lamichane9611@demo.net
"Arif Bahadur Malla","1481 Baneshwor",arif.malla9612@example.com
"Arif Bir Kami","1852 Ekantakuna",arif.kami9613@example.com
"Asif Lal K.C","5800 Tinkune",asif.k.c9614@random.org
"Paras Bhagat Bhurtel","4153 Sundhara",paras.bhurtel9615@example.com
"Binod Dhoj Kami","4517 Sundhara",binod.kami9616@demo.net
"Asif Dhoj Khadka","6221 Sundhara",asif.khadka9617@example.com
"Sandeep Dhoj Malla","3725 Tinkune",sandeep.malla9618@random.org
"Kushal Lal Kami","760 Sundhara",kushal.kami9619@random.org
"Rohit Bhagat Lamichane","6319 Tripureshwor",rohit.lamichane9620@example.com
"Asif Dhoj Malla","8772 Jawalakhel",asif.malla9621@test.com
"Binod Kumar Bhurtel","4550 New Road",binod.bhurtel9622@mail.com
"Lalit Dev Seikh","6913 Chabel",lalit.seikh9623@test.com
"Asif Bhopal Khadka","8867 Ratnapark",asif.khadka9624@random.org
"Paras Krishna Paudel","2470 New Road",paras.paudel9625@random.org
"Kushal Lal Paudel","3599 Tinkune",kushal.paudel9626@mail.com
"Binod Bhopal Paudel","3272 Tinkune",binod.paudel9627@mail.com
"Paras Bir Kami","5690 Baneshwor",paras.kami9628@example.com
"Sompal Dhoj Seikh","2199 New Road",sompal.seikh9629@mail.com
"Asif Bir Seikh","5107 Tripureshwor",asif.seikh9630@demo.net
"Karan Bir Lamichane","3197 New Road",karan.lamichane9631@test.com
"Asif Gopal Bhandari","189 Tripureshwor",asif.bhandari9632@example.com
"Kushal Bhopal Seikh","4990 Chabel",kushal.seikh9633@mail.com
"Rohit Krishna Bhandari","6249 Tripureshwor",rohit.bhandari9634@test.com
"Sompal Bhagat Bhurtel","8774 Tinkune",sompal.bhurtel9635@demo.net
"Binod Bhagat Rajbanshi","4890 Tinkune",binod.rajbanshi9636@test.com
"Rohit Bahadur Kami","260 New Road",rohit.kami9637@mail.com
"Asif Bhopal Bhurtel","7481 Tripureshwor",asif.bhurtel9638@test.com
"Asif Bir Rajbanshi","1554 Sundhara",asif.rajbanshi9639@mail.com
"Sandeep Bahadur Seikh","1708 Sundhara",sandeep.seikh9640@mail.com
"Asif Krishna Malla","6061 Baneshwor",asif.malla9641@example.com
"Binod Krishna Kami","5767 Ratnapark",binod.kami9642@demo.net
"Arif Gopal Kami","9820 Gaushala",arif.kami9643@demo.net
"Arif Kumar Rajbanshi","8967 Jawalakhel",arif.rajbanshi9644@test.com
"Lalit Bahadur Lamichane","7427 Ekantakuna",lalit.lamichane9645@mail.com
"Asif Kumar Paudel","7104 Gaushala",asif.paudel9646@demo.net
"Arif Bir Bhandari","6382 Jawalakhel",arif.bhandari9647@test.com
"Lalit Dev Seikh","8774 Gaushala",lalit.seikh9648@test.com
"Paras Krishna Kami","5318 Tripureshwor",paras.kami9649@mail.com
"Rohit Gopal Kami","7271 Tripureshwor",rohit.kami9650@example.com
"Rohit Lal Malla","2873 Ratnapark",rohit.malla9651@demo.net
"Binod Dev Lamichane","335 Ekantakuna",binod.lamichane9652@mail.com
"Sompal Lal Malla","1304 Ratnapark",sompal.malla9653@test.com
"Binod Bir Rajbanshi","1893 Baneshwor",binod.rajbanshi9654@random.org
"Kushal Bhagat Malla","4801 Chabel",kushal.malla9655@mail.com
"Paras Bhagat Paudel","9920 Jawalakhel",paras.paudel9656@demo.net
"Paras Bahadur K.C","5251 Ekantakuna",paras.k.c9657@test.com
"Sandeep Dhoj Rajbanshi","3109 Gaushala",sandeep.rajbanshi9658@mail.com
"Lalit Bhopal Bhandari","308 Jawalakhel",lalit.bhandari9659@random.org
"Arif Bir K.C","2612 Jawalakhel",arif.k.c9660@test.com
"Paras Bir Seikh","6402 New Road",paras.seikh9661@random.org
"Rohit Gopal Paudel","8735 Ekantakuna",rohit.paudel9662@example.com
"Arif Gopal Lamichane","880 Ratnapark",arif.lamichane9663@example.com
"Sompal Dhoj Bhurtel","9691 New Road",sompal.bhurtel9664@random.org
"Paras Kumar Khadka","1194 Jawalakhel",paras.khadka9665@mail.com
"Sandeep Krishna Seikh","1972 Jawalakhel",sandeep.seikh9666@random.org
"Paras Dev Kami","4295 New Road",paras.kami9667@mail.com
"Arif Dev Bhandari","2346 Ratnapark",arif.bhandari9668@demo.net
"Sompal Lal Bhandari","4327 Baneshwor",sompal.bhandari9669@test.com
"Arif Dhoj K.C","4761 Jawalakhel",arif.k.c9670@mail.com
"Arif Bahadur Malla","7718 Tripureshwor",arif.malla9671@demo.net
"Binod Dev Kami","5685 Sundhara",binod.kami9672@random.org
"Karan Kumar Malla","6939 Chabel",karan.malla9673@example.com
"Kushal Dev K.C","2079 Jawalakhel",kushal.k.c9674@mail.com
"Kushal Lal Kami","9517 Tinkune",kushal.kami9675@demo.net
"Sompal Dev Paudel","4826 Gaushala",sompal.paudel9676@demo.net
"Sandeep Bir Paudel","7220 Tripureshwor",sandeep.paudel9677@test.com
"Karan Bhopal Rajbanshi","1307 Tripureshwor",karan.rajbanshi9678@demo.net
"Asif Bahadur Bhandari","8197 Gaushala",asif.bhandari9679@example.com
"Kushal Bhagat Kami","6977 Tripureshwor",kushal.kami9680@example.com
"Asif Bhagat Bhandari","9341 New Road",asif.bhandari9681@random.org
"Rohit Bir Khadka","125 Sundhara",rohit.khadka9682@example.com
"Binod Gopal Paudel","8629 Baneshwor",binod.paudel9683@example.com
"Sompal Kumar Bhandari","1945 Tinkune",sompal.bhandari9684@test.com
"Rohit Lal Lamichane","9690 New Road",rohit.lamichane9685@test.com
"Karan Krishna Lamichane","145 New Road",karan.lamichane9686@demo.net
"Binod Kumar Khadka","6425 Sundhara",binod.khadka9687@random.org
"Arif Bhagat Bhandari","7392 Ratnapark",arif.bhandari9688@example.com
"Sompal Lal Bhurtel","7447 Ratnapark",sompal.bhurtel9689@demo.net
"Binod Gopal K.C","8146 Ekantakuna",binod.k.c9690@test.com
"Binod Bir Paudel","5376 Tinkune",binod.paudel9691@demo.net
"Sompal Dhoj Kami","3074 Jawalakhel",sompal.kami9692@test.com
"Karan Dev Paudel","8449 Tripureshwor",karan.paudel9693@random.org
"Rohit Bhopal Bhandari","1867 New Road",rohit.bhandari9694@random.org
"Kushal Bir Malla","2615 Tripureshwor",kushal.malla9695@random.org
"Arif Bhopal Kami","8991 Baneshwor",arif.kami9696@test.com
"Sompal Dhoj Seikh","692 Sundhara",sompal.seikh9697@mail.com
"Arif Bhagat K.C","1066 Chabel",arif.k.c9698@example.com
"Kushal Bhagat Kami","9017 Baneshwor",kushal.kami9699@mail.com
"Binod Bahadur Seikh","3326 Ratnapark",binod.seikh9700@random.org
"Lalit Dhoj Seikh","4459 Ekantakuna",lalit.seikh9701@mail.com
"Arif Kumar Malla","4744 Ratnapark",arif.malla9702@random.org
"Rohit Dhoj Khadka","6179 Ekantakuna",rohit.khadka9703@random.org
"Sompal Krishna Bhandari","160 Sundhara",sompal.bhandari9704@example.com
"Sompal Bahadur Rajbanshi","6115 Gaushala",sompal.rajbanshi9705@demo.net
"Asif Bhagat K.C","1228 Tripureshwor",asif.k.c9706@demo.net
"Rohit Dhoj Lamichane","979 Sundhara",rohit.lamichane9707@mail.com
"Rohit Bir Lamichane","961 Ekantakuna",rohit.lamichane9708@mail.com
"Lalit Bir Bhurtel","110 Baneshwor",lalit.bhurtel9709@test.com
"Kushal Kumar Bhurtel","2352 Tinkune",kushal.bhurtel9710@test.com
"Lalit Bahadur Khadka","7207 Ekantakuna",lalit.khadka9711@demo.net
"Karan Gopal Malla","4102 Jawalakhel",karan.malla9712@test.com
"Kushal Kumar Bhandari","7981 Tinkune",kushal.bhandari9713@mail.com
"Karan Bir Rajbanshi","8280 Gaushala",karan.rajbanshi9714@random.org
"Kushal Dev Kami","4965 New Road",kushal.kami9715@test.com
"Karan Kumar Malla","2696 Ratnapark",karan.malla9716@random.org
"Sompal Krishna Paudel","6100 Ratnapark",sompal.paudel9717@random.org
"Sandeep Bhopal Bhandari","6825 Tripureshwor",sandeep.bhandari9718@example.com
"Arif Krishna Bhurtel","810 Gaushala",arif.bhurtel9719@mail.com
"Lalit Kumar K.C","2998 Ekantakuna",lalit.k.c9720@test.com
"Rohit Dev Khadka","6729 Ekantakuna",rohit.khadka9721@random.org
"Sandeep Dev K.C","7673 Ratnapark",sandeep.k.c9722@mail.com
"Asif Bahadur Malla","8842 Baneshwor",asif.malla9723@random.org
"Karan Gopal Khadka","6154 Ratnapark",karan.khadka9724@demo.net
"Paras Lal Kami","4751 Tinkune",paras.kami9725@random.org
"Kushal Dhoj Rajbanshi","9451 Tinkune",kushal.rajbanshi9726@random.org
"Arif Gopal K.C","616 Jawalakhel",arif.k.c9727@example.com
"Lalit Krishna Lamichane","9224 Sundhara",lalit.lamichane9728@mail.com
"Kushal Bir Seikh","9426 New Road",kushal.seikh9729@demo.net
"Lalit Bhagat Lamichane","420 Chabel",lalit.lamichane9730@example.com
"Kushal Bhagat Bhandari","7446 Ekantakuna",kushal.bhandari9731@test.com
"Karan Bhagat Khadka","778 Baneshwor",karan.khadka9732@example.com
"Sompal Bahadur Lamichane","1126 Tinkune",sompal.lamichane9733@test.com
"Sandeep Bahadur Malla","922 Baneshwor",sandeep.malla9734@random.org
"Rohit Bir Rajbanshi","829 Ratnapark",rohit.rajbanshi9735@random.org
"Sandeep Bhagat Seikh","8358 Jawalakhel",sandeep.seikh9736@test.com
"Rohit Bahadur Rajbanshi","5560 Sundhara",rohit.rajbanshi9737@mail.com
"Kushal Kumar Kami","919 Gaushala",kushal.kami9738@mail.com
"Asif Bhopal Bhurtel","7044 Tinkune",asif.bhurtel9739@demo.net
"Rohit Dev Kami","1993 Gaushala",rohit.kami9740@test.com
"Asif Dev Kami","4171 Ratnapark",asif.kami9741@mail.com
"Arif Gopal Bhandari","2485 New Road",arif.bhandari9742@demo.net
"Binod Kumar Bhurtel","4630 Sundhara",binod.bhurtel9743@demo.net
"Paras Bir Seikh","1336 Baneshwor",paras.seikh9744@demo.net
"Lalit Krishna Khadka","9810 Tinkune",lalit.khadka9745@mail.com
"Lalit Bhopal Seikh","6928 Tinkune",lalit.seikh9746@random.org
"Lalit Lal Kami","863 Ratnapark",lalit.kami9747@demo.net
"Sompal Bhopal Paudel","6649 Gaushala",sompal.paudel9748@test.com
"Sandeep Bhopal Bhurtel","4114 Chabel",sandeep.bhurtel9749@random.org
"Paras Gopal K.C","1350 Gaushala",paras.k.c9750@demo.net
"Paras Kumar Khadka","576 Baneshwor",paras.khadka9751@demo.net
"Sandeep Bhopal K.C","8379 Tinkune",sandeep.k.c9752@random.org
"Paras Kumar Malla","4434 New Road",paras.malla9753@demo.net
"Sompal Bir Paudel","6973 Chabel",sompal.paudel9754@demo.net
"Sandeep Bhopal Malla","8372 Baneshwor",sandeep.malla9755@test.com
"Asif Gopal Khadka","980 Chabel",asif.khadka9756@mail.com
"Arif Krishna Malla","6869 Ratnapark",arif.malla9757@test.com
"Kushal Kumar Bhurtel","4769 Gaushala",kushal.bhurtel9758@mail.com
"Karan Krishna Seikh","9769 New Road",karan.seikh9759@mail.com
"Kushal Krishna Rajbanshi","5901 Baneshwor",kushal.rajbanshi9760@mail.com
"Kushal Krishna Paudel","8644 Ratnapark",kushal.paudel9761@demo.net
"Arif Bhagat Bhurtel","1283 Ratnapark",arif.bhurtel9762@mail.com
"Paras Bhopal Paudel","1654 Chabel",paras.paudel9763@demo.net
"Sompal Kumar Kami","9616 Ekantakuna",sompal.kami9764@demo.net
"Rohit Gopal Seikh","112 Ratnapark",rohit.seikh9765@random.org
"Karan Bahadur Bhandari","4110 Sundhara",karan.bhandari9766@random.org
"Binod Bahadur Rajbanshi","9356 Ekantakuna",binod.rajbanshi9767@example.com
"Binod Bhagat K.C","2532 Sundhara",binod.k.c9768@mail.com
"Binod Dev Bhandari","9207 Sundhara",binod.bhandari9769@random.org
"Sompal Bir Khadka","4195 Ekantakuna",sompal.khadka9770@random.org
"Lalit Krishna Seikh","1429 Tinkune",lalit.seikh9771@random.org
"Rohit Dhoj K.C","7488 Sundhara",rohit.k.c9772@example.com
"Karan Lal Bhandari","1846 Sundhara",karan.bhandari9773@example.com
"Asif Bhopal Seikh","2278 New Road",asif.seikh9774@demo.net
"Arif Dhoj Paudel","641 Tinkune",arif.paudel9775@example.com
"Karan Lal Paudel","4503 Ratnapark",karan.paudel9776@example.com
"Karan Dev Bhurtel","2154 Ratnapark",karan.bhurtel9777@test.com
"Asif Lal Seikh","6895 Tripureshwor",asif.seikh9778@random.org
"Arif Dhoj Malla","5613 Chabel",arif.malla9779@mail.com
"Binod Krishna Kami","6004 Gaushala",binod.kami9780@mail.com
"Lalit Lal Rajbanshi","9151 Tinkune",lalit.rajbanshi9781@random.org
"Kushal Bir Bhurtel","2283 Chabel",kushal.bhurtel9782@test.com
"Karan Kumar Seikh","3939 Tinkune",karan.seikh9783@random.org
"Binod Kumar Seikh","5883 Tripureshwor",binod.seikh9784@example.com
"Sompal Lal Bhurtel","9837 Ratnapark",sompal.bhurtel9785@example.com
"Paras Bahadur K.C","8298 Chabel",paras.k.c9786@test.com
"Sandeep Gopal Paudel","6925 Baneshwor",sandeep.paudel9787@mail.com
"Karan Gopal Kami","5780 New Road",karan.kami9788@random.org
"Kushal Gopal Bhandari","9574 Ratnapark",kushal.bhandari9789@test.com
"Rohit Bhagat Khadka","5916 Ekantakuna",rohit.khadka9790@test.com
"Kushal Dev Seikh","182 Ratnapark",kushal.seikh9791@random.org
"Kushal Krishna Khadka","5128 Gaushala",kushal.khadka9792@demo.net
"Kushal Kumar Bhandari","3804 Tripureshwor",kushal.bhandari9793@random.org
"Arif Lal Seikh","7217 Chabel",arif.seikh9794@example.com
"Arif Bhagat Lamichane","7736 Ratnapark",arif.lamichane9795@random.org
"Asif Gopal Bhurtel","2065 Baneshwor",asif.bhurtel9796@example.com
"Sompal Dhoj Malla","1033 Chabel",sompal.malla9797@random.org
"Asif Krishna Paudel","7304 Tripureshwor",asif.paudel9798@demo.net
"Karan Dhoj Paudel","7202 Tinkune",karan.paudel9799@mail.com
"Arif Bahadur Paudel","1715 Chabel",arif.paudel9800@test.com
"Lalit Krishna Rajbanshi","5299 Baneshwor",lalit.rajbanshi9801@example.com
"Karan Gopal Malla","3116 Ratnapark",karan.malla9802@mail.com
"Kushal Krishna Lamichane","8565 Jawalakhel",kushal.lamichane9803@demo.net
"Arif Bhagat Bhandari","8362 Ratnapark",arif.bhandari9804@mail.com
"Sandeep Dev Paudel","1202 Ratnapark",sandeep.paudel9805@example.com
"Kushal Gopal Seikh","820 Jawalakhel",kushal.seikh9806@mail.com
"Binod Bhagat Seikh","8268 Chabel",binod.seikh9807@demo.net
"Lalit Kumar Khadka","3565 New Road",lalit.khadka9808@demo.net
"Karan Bhopal Kami","4621 Sundhara",karan.kami9809@test.com
"Sompal Dev Malla","2360 Tinkune",sompal.malla9810@random.org
"Sandeep Kumar Bhandari","1254 Jawalakhel",sandeep.bhandari9811@test.com
"Kushal Dev Kami","1649 Tinkune",kushal.kami9812@random.org
"Lalit Krishna Bhurtel","5342 Tinkune",lalit.bhurtel9813@example.com
"Rohit Bahadur Malla","7844 Sundhara",rohit.malla9814@demo.net
"Sompal Gopal Paudel","4136 Ekantakuna",sompal.paudel9815@example.com
"Rohit Bir Malla","7314 Ekantakuna",rohit.malla9816@demo.net
"Karan Gopal Bhurtel","4126 Gaushala",karan.bhurtel9817@mail.com
"Binod Bhagat Seikh","4959 Jawalakhel",binod.seikh9818@test.com
"Karan Dhoj Bhurtel","7257 Baneshwor",karan.bhurtel9819@example.com
"Kushal Kumar Seikh","5851 Jawalakhel",kushal.seikh9820@test.com
"Paras Bahadur Seikh","825 Jawalakhel",paras.seikh9821@example.com
"Asif Bhagat Kami","9825 Ekantakuna",asif.kami9822@example.com
"Lalit Bhagat Seikh","8841 Gaushala",lalit.seikh9823@example.com
"Paras Bir Seikh","5953 Baneshwor",paras.seikh9824@test.com
"Binod Bhopal Malla","6945 Tripureshwor",binod.malla9825@demo.net
"Rohit Bahadur Seikh","3389 Tripureshwor",rohit.seikh9826@random.org
"Sandeep Dhoj Khadka","3280 Chabel",sandeep.khadka9827@random.org
"Paras Bahadur Malla","6380 Gaushala",paras.malla9828@mail.com
"Kushal Kumar Kami","8139 Tinkune",kushal.kami9829@test.com
"Paras Lal K.C","7780 Ratnapark",paras.k.c9830@example.com
"Karan Bahadur K.C","6691 Sundhara",karan.k.c9831@example.com
"Sandeep Dev Lamichane","6781 Tripureshwor",sandeep.lamichane9832@random.org
"Paras Dhoj Seikh","8557 New Road",paras.seikh9833@test.com
"Lalit Dhoj Bhurtel","1559 Ekantakuna",lalit.bhurtel9834@random.org
"Kushal Bhopal Bhandari","2273 Tripureshwor",kushal.bhandari9835@demo.net
"Paras Bahadur Bhurtel","7357 New Road",paras.bhurtel9836@example.com
"Arif Gopal Rajbanshi","4681 Tinkune",arif.rajbanshi9837@example.com
"Karan Bahadur Lamichane","9224 Tinkune",karan.lamichane9838@test.com
"Rohit Lal Seikh","8531 Sundhara",rohit.seikh9839@example.com
"Rohit Lal Paudel","9270 Tripureshwor",rohit.paudel9840@test.com
"Lalit Bhopal Khadka","6514 Tripureshwor",lalit.khadka9841@random.org
"Karan Bhopal Paudel","3791 New Road",karan.paudel9842@example.com
"Rohit Krishna Rajbanshi","1729 Sundhara",rohit.rajbanshi9843@random.org
"Binod Bhagat Malla","7767 Sundhara",binod.malla9844@example.com
"Sompal Bhopal Bhandari","8204 Baneshwor",sompal.bhandari9845@mail.com
"Arif Bahadur Khadka","4483 Chabel",arif.khadka9846@test.com
"Rohit Bhagat Paudel","8803 Tripureshwor",rohit.paudel9847@mail.com
"Rohit Bir Khadka","9556 Sundhara",rohit.khadka9848@random.org
"Arif Krishna Rajbanshi","8728 Baneshwor",arif.rajbanshi9849@demo.net
"Karan Bir Kami","3988 Ekantakuna",karan.kami9850@mail.com
"Karan Krishna Malla","5568 Ekantakuna",karan.malla9851@test.com
"Paras Krishna K.C","8744 Ratnapark",paras.k.c9852@example.com
"Karan Krishna Lamichane","1832 Tinkune",karan.lamichane9853@demo.net
"Karan Bahadur Khadka","502 Gaushala",karan.khadka9854@demo.net
"Binod Dhoj Khadka","2786 New Road",binod.khadka9855@test.com
"Karan Dev Malla","6108 Tripureshwor",karan.malla9856@test.com
"Asif Bahadur Bhandari","6142 Sundhara",asif.bhandari9857@mail.com
"Sompal Krishna Rajbanshi","4691 Tinkune",sompal.rajbanshi9858@random.org
"Paras Gopal Paudel","2373 Chabel",paras.paudel9859@random.org
"Rohit Bhopal Rajbanshi","8498 Ratnapark",rohit.rajbanshi9860@mail.com
"Paras Gopal Rajbanshi","5183 Tripureshwor",paras.rajbanshi9861@example.com
"Rohit Dhoj Paudel","2737 Chabel",rohit.paudel9862@test.com
"Lalit Gopal Malla","3273 Tripureshwor",lalit.malla9863@random.org
"Karan Bahadur Lamichane","3245 Ratnapark",karan.lamichane9864@random.org
"Lalit Gopal Khadka","6014 Sundhara",lalit.khadka9865@demo.net
"Lalit Gopal Seikh","2581 Baneshwor",lalit.seikh9866@example.com
"Sandeep Gopal K.C","1264 Chabel",sandeep.k.c9867@demo.net
"Binod Kumar Lamichane","7930 Ekantakuna",binod.lamichane9868@demo.net
"Sompal Lal Rajbanshi","6112 Chabel",sompal.rajbanshi9869@demo.net
"Arif Dhoj Kami","7518 Sundhara",arif.kami9870@demo.net
"Rohit Kumar Malla","8547 Ekantakuna",rohit.malla9871@mail.com
"Rohit Bir Seikh","4144 Sundhara",rohit.seikh9872@demo.net
"Sandeep Bhopal Paudel","1354 Gaushala",sandeep.paudel9873@test.com
"Rohit Bir Khadka","4376 Ekantakuna",rohit.khadka9874@mail.com
"Sompal Krishna Bhandari","9386 Ratnapark",sompal.bhandari9875@example.com
"Rohit Lal K.C","6121 Tripureshwor",rohit.k.c9876@demo.net
"Paras Bir Malla","8287 Tinkune",paras.malla9877@test.com
"Lalit Kumar Malla","9588 Tinkune",lalit.malla9878@random.org
"Paras Dev Rajbanshi","8496 Gaushala",paras.rajbanshi9879@example.com
"Asif Bhagat Bhurtel","1294 Baneshwor",asif.bhurtel9880@demo.net
"Rohit Gopal Bhurtel","3716 Tripureshwor",rohit.bhurtel9881@demo.net
"Sompal Dev Paudel","1248 Sundhara",sompal.paudel9882@demo.net
"Rohit Krishna Seikh","4570 Chabel",rohit.seikh9883@example.com
"Lalit Bhopal Seikh","3503 New Road",lalit.seikh9884@random.org
"Asif Lal Rajbanshi","1307 Ratnapark",asif.rajbanshi9885@demo.net
"Lalit Bir K.C","9898 Baneshwor",lalit.k.c9886@mail.com
"Asif Bhagat Khadka","6796 Chabel",asif.khadka9887@random.org
"Sandeep Dev Bhurtel","8662 Chabel",sandeep.bhurtel9888@random.org
"Asif Bir Malla","517 Baneshwor",asif.malla9889@mail.com
"Sandeep Bir Malla","4176 Tinkune",sandeep.malla9890@demo.net
"Rohit Dev Khadka","2443 Gaushala",rohit.khadka9891@random.org
"Asif Dev Lamichane","1971 Baneshwor",asif.lamichane9892@example.com
"Sompal Dev Paudel","5336 Gaushala",sompal.paudel9893@mail.com
"Lalit Gopal Rajbanshi","9842 Ekantakuna",lalit.rajbanshi9894@example.com
"Arif Krishna Seikh","6770 Baneshwor",arif.seikh9895@demo.net
"Sompal Kumar Khadka","2191 Gaushala",sompal.khadka9896@test.com
"Asif Bhagat Paudel","482 New Road",asif.paudel9897@mail.com
"Binod Bhopal Seikh","4925 Sundhara",binod.seikh9898@test.com
"Kushal Bhopal Seikh","3706 Chabel",kushal.seikh9899@demo.net
"Arif Lal Malla","6016 Chabel",arif.malla9900@mail.com
"Sandeep Bir Malla","3316 Ekantakuna",sandeep.malla9901@mail.com
"Rohit Bhagat Seikh","4445 Jawalakhel",rohit.seikh9902@example.com
"Binod Bhagat Lamichane","6058 Gaushala",binod.lamichane9903@random.org
"Asif Bahadur Khadka","2312 New Road",asif.khadka9904@random.org
"Asif Kumar Paudel","3940 Gaushala",asif.paudel9905@example.com
"Arif Gopal Malla","6098 Baneshwor",arif.malla9906@mail.com
"Karan Krishna K.C","3685 Ekantakuna",karan.k.c9907@random.org
"Karan Bir Khadka","1786 Sundhara",karan.khadka9908@example.com
"Karan Lal Kami","6741 New Road",karan.kami9909@test.com
"Sompal Bahadur Lamichane","6919 Chabel",sompal.lamichane9910@example.com
"Sompal Krishna Paudel","7950 Baneshwor",sompal.paudel9911@demo.net
"Karan Bhagat Malla","1194 New Road",karan.malla9912@example.com
"Rohit Dhoj Kami","8220 New Road",rohit.kami9913@random.org
"Kushal Gopal Paudel","8075 Baneshwor",kushal.paudel9914@random.org
"Sompal Dhoj Khadka","8603 Baneshwor",sompal.khadka9915@example.com
"Kushal Bir Khadka","2404 Baneshwor",kushal.khadka9916@example.com
"Kushal Krishna K.C","2101 Gaushala",kushal.k.c9917@test.com
"Sompal Gopal Lamichane","592 Ekantakuna",sompal.lamichane9918@example.com
"Sandeep Bhopal Rajbanshi","2624 Ratnapark",sandeep.rajbanshi9919@demo.net
"Kushal Bir Kami","1178 Tripureshwor",kushal.kami9920@test.com
"Arif Krishna Paudel","4607 Gaushala",arif.paudel9921@demo.net
"Karan Dhoj Paudel","3886 Sundhara",karan.paudel9922@demo.net
"Binod Kumar Rajbanshi","6508 Gaushala",binod.rajbanshi9923@test.com
"Kushal Bir Paudel","8560 Ekantakuna",kushal.paudel9924@example.com
"Lalit Bahadur Khadka","7164 Tinkune",lalit.khadka9925@example.com
"Arif Dhoj Seikh","4935 Gaushala",arif.seikh9926@example.com
"Paras Bhagat Rajbanshi","1480 New Road",paras.rajbanshi9927@mail.com
"Rohit Bhopal Malla","5407 New Road",rohit.malla9928@test.com
"Sompal Bir Bhandari","7161 New Road",sompal.bhandari9929@demo.net
"Asif Dhoj Khadka","5607 Tripureshwor",asif.khadka9930@test.com
"Asif Lal Rajbanshi","1788 Sundhara",asif.rajbanshi9931@mail.com
"Arif Bir Lamichane","9220 Ekantakuna",arif.lamichane9932@mail.com
"Asif Bahadur K.C","8144 Ekantakuna",asif.k.c9933@mail.com
"Sandeep Bir Lamichane","3480 Tinkune",sandeep.lamichane9934@demo.net
"Karan Gopal Seikh","7275 Ratnapark",karan.seikh9935@random.org
"Paras Bahadur Seikh","4159 Ratnapark",paras.seikh9936@random.org
"Sandeep Bir Khadka","5235 Baneshwor",sandeep.khadka9937@test.com
"Lalit Lal Bhurtel","8063 Tinkune",lalit.bhurtel9938@mail.com
"Sandeep Lal Khadka","2720 Baneshwor",sandeep.khadka9939@demo.net
"Paras Kumar Lamichane","4322 Sundhara",paras.lamichane9940@demo.net
"Sompal Kumar Rajbanshi","9345 Tinkune",sompal.rajbanshi9941@example.com
"Sandeep Bahadur K.C","724 Tinkune",sandeep.k.c9942@test.com
"Lalit Bhagat Bhurtel","9256 Ekantakuna",lalit.bhurtel9943@test.com
"Kushal Bhagat Bhandari","1150 Ekantakuna",kushal.bhandari9944@random.org
"Lalit Lal Kami","2809 Gaushala",lalit.kami9945@mail.com
"Arif Dhoj Khadka","5356 Tripureshwor",arif.khadka9946@demo.net
"Karan Bir Kami","6158 Sundhara",karan.kami9947@test.com
"Arif Kumar Kami","4403 Ratnapark",arif.kami9948@demo.net
"Sandeep Dhoj Paudel","5098 Gaushala",sandeep.paudel9949@random.org
"Arif Bhopal Kami","2980 Jawalakhel",arif.kami9950@random.org
"Paras Gopal Lamichane","808 New Road",paras.lamichane9951@random.org
"Rohit Kumar Paudel","2731 Sundhara",rohit.paudel9952@mail.com
"Kushal Gopal Rajbanshi","7642 Baneshwor",kushal.rajbanshi9953@demo.net
"Arif Gopal Bhandari","7687 Ekantakuna",arif.bhandari9954@demo.net
"Kushal Lal Khadka","6555 Tinkune",kushal.khadka9955@demo.net
"Kushal Dhoj Malla","3511 Ratnapark",kushal.malla9956@demo.net
"Rohit Bhopal Malla","3553 Ratnapark",rohit.malla9957@mail.com
"Arif Kumar Paudel","4075 Baneshwor",arif.paudel9958@demo.net
"Sompal Lal Kami","1791 New Road",sompal.kami9959@random.org
"Rohit Bir Bhandari","8329 Tinkune",rohit.bhandari9960@example.com
"Paras Bhopal Lamichane","7635 Baneshwor",paras.lamichane9961@mail.com
"Arif Lal Lamichane","4831 Gaushala",arif.lamichane9962@random.org
"Arif Dev Kami","5072 Ratnapark",arif.kami9963@test.com
"Kushal Lal Bhurtel","1675 Jawalakhel",kushal.bhurtel9964@test.com
"Kushal Bahadur Paudel","4854 Ratnapark",kushal.paudel9965@random.org
"Paras Bhopal Malla","1342 Chabel",paras.malla9966@demo.net
"Arif Dhoj Khadka","8516 Jawalakhel",arif.khadka9967@mail.com
"Sandeep Bhopal Rajbanshi","3776 Baneshwor",sandeep.rajbanshi9968@test.com
"Sandeep Dev Seikh","2071 Ekantakuna",sandeep.seikh9969@random.org
"Rohit Bir Kami","6173 Ekantakuna",rohit.kami9970@example.com
"Rohit Lal Khadka","7958 Sundhara",rohit.khadka9971@demo.net
"Sandeep Kumar Lamichane","8380 Tripureshwor",sandeep.lamichane9972@mail.com
"Rohit Dev Bhurtel","7098 Ekantakuna",rohit.bhurtel9973@test.com
"Arif Krishna Malla","2061 Tinkune",arif.malla9974@test.com
"Sompal Krishna Seikh","9574 Gaushala",sompal.seikh9975@example.com
"Lalit Bahadur Rajbanshi","8294 Tinkune",lalit.rajbanshi9976@mail.com
"Rohit Bahadur Bhurtel","6662 Chabel",rohit.bhurtel9977@example.com
"Binod Bir Khadka","9535 Ekantakuna",binod.khadka9978@demo.net
"Rohit Lal Seikh","3425 Tripureshwor",rohit.seikh9979@example.com
"Rohit Bahadur Lamichane","711 Gaushala",rohit.lamichane9980@random.org
"Arif Bhagat Rajbanshi","837 Chabel",arif.rajbanshi9981@random.org
"Karan Dev Khadka","5346 Tinkune",karan.khadka9982@random.org
"Asif Krishna K.C","7728 Tinkune",asif.k.c9983@random.org
"Rohit Gopal Seikh","2236 Ratnapark",rohit.seikh9984@test.com
"Asif Bhopal Bhandari","3089 Sundhara",asif.bhandari9985@random.org
"Karan Gopal Rajbanshi","2846 Ratnapark",karan.rajbanshi9986@example.com
"Sandeep Dev Lamichane","6390 Tripureshwor",sandeep.lamichane9987@demo.net
"Karan Bhagat Malla","7907 Chabel",karan.malla9988@test.com
"Arif Dhoj Paudel","7160 New Road",arif.paudel9989@mail.com
"Sandeep Bhopal Kami","9766 Chabel",sandeep.kami9990@test.com
"Kushal Dev Khadka","8061 Sundhara",kushal.khadka9991@random.org
"Lalit Gopal Seikh","1968 Tripureshwor",lalit.seikh9992@example.com
"Kushal Dev Khadka","5109 Jawalakhel",kushal.khadka9993@example.com
"Karan Bhagat Bhurtel","3439 Chabel",karan.bhurtel9994@test.com
"Sompal Dhoj Bhandari","2575 Ekantakuna",sompal.bhandari9995@mail.com
"Lalit Bhopal Kami","9277 Ekantakuna",lalit.kami9996@random.org
"Arif Bhopal Lamichane","8459 Ekantakuna",arif.lamichane9997@test.com
"Paras Kumar Malla","2634 Ratnapark",paras.malla9998@random.org
"Asif Kumar Rajbanshi","6650 Baneshwor",asif.rajbanshi9999@random.org
"Kushal Dhoj Rajbanshi","8478 Ratnapark",kushal.rajbanshi10000@random.org
