"Full Name",Address,Email
"Safal  Gautam",Kathmandu,safal.gautam@gmail.com
"Shreya  Thapa",Biratnagar,shreya.thapa@live.com
"Ram  Sharma",Butwal,ram.sharma@gmail.com
"Shreya  Sharma",Dharan,shreya.sharma@gmail.com
"Fatima  Khan",Butwal,fatima.khan@hotmail.com
"Laxmi  Gurung",Birgunj,laxmi.gurung@hotmail.com
"Akanshya  Shrestha",Pokhara,akanshya.shrestha@live.com
"Akanshya  Gurung",Lalitpur,akanshya.gurung@gmail.com
"Laxmi  Iyer",Biratnagar,laxmi.iyer@gmail.com
"Farukh  Iyer",Butwal,farukh.iyer@live.com
"Ram  Bhattarai",Hetauda,ram.bhattarai@live.com
"Farukh  Shrestha",Nepalgunj,farukh.shrestha@hotmail.com
"Hari  Tamang",Lalitpur,hari.tamang@gmail.com
"Laxmi Rani Shrestha",Biratnagar,laxmi.shrestha@hotmail.com
"Venu  Bhattarai",Dharan,venu.bhattarai@hotmail.com
"Ram  Pandey",Dharan,ram.pandey@hotmail.com
"Farukh  Iyer",Pokhara,farukh.iyer@hotmail.com
"Venu  Tamang",Hetauda,venu.tamang@live.com
"Laxman  Tamang",Dharan,laxman.tamang@live.com
"Fatima Bahadur Rai",Hetauda,fatima.rai@gmail.com
"Laxmi Begum Rai",Pokhara,laxmi.rai@gmail.com
"Laxman  Rai",Dharan,laxman.rai@live.com
"Ram Begum Thapa",Pokhara,ram.thapa@live.com
"Avantika  Rana",Birgunj,avantika.rana@hotmail.com
"Venu  Rana",Birgunj,venu.rana@hotmail.com
"Laxman  Sharma",Hetauda,laxman.sharma@gmail.com
"Laxman  Rana",Kathmandu,laxman.rana@hotmail.com
"Laxman Kaur Rana",Pokhara,laxman.rana@hotmail.com
"Hari  Sharma",Hetauda,hari.sharma@gmail.com
"Farukh Kumari Iyer",Nepalgunj,farukh.iyer@hotmail.com
"Venu  Rai",Bhaktapur,venu.rai@gmail.com
"Laxmi  Khan",Pokhara,laxmi.khan@live.com
"Venu  Pandey",Birgunj,venu.pandey@gmail.com
"Avantika Rani Pandey",Butwal,avantika.pandey@hotmail.com
"Laxman Kumari Sharma",Bhaktapur,laxman.sharma@live.com
"Farukh  Tamang",Lalitpur,farukh.tamang@gmail.com
"Shreya  Pandey",Birgunj,shreya.pandey@hotmail.com
"Ram  Sharma",Bhaktapur,ram.sharma@live.com
"Shreya Ali Bhattarai",Biratnagar,shreya.bhattarai@live.com
"Shreya Kumar Shrestha",Kathmandu,shreya.shrestha@gmail.com
"Avantika  Gurung",Biratnagar,avantika.gurung@hotmail.com
"Ram  Thapa",Lalitpur,ram.thapa@live.com
"Shreya  Sharma",Kathmandu,shreya.sharma@hotmail.com
"Fatima  Sharma",Hetauda,fatima.sharma@gmail.com
"Akanshya Kaur Bhattarai",Bhaktapur,akanshya.bhattarai@live.com
"Farukh  Rai",Butwal,farukh.rai@live.com
"Laxmi Gopal Khan",Lalitpur,laxmi.khan@gmail.com
"Hari  Gurung",Dharan,hari.gurung@live.com
"Venu Kumar Sharma",Nepalgunj,venu.sharma@gmail.com
"Avantika Ali Iyer",Kathmandu,avantika.iyer@gmail.com
"Laxmi Gopal Khan",Lalitpur,laxmi.khan@gmail.com
"Shreya  Tamang",Kathmandu,shreya.tamang@hotmail.com
"Ram  Rana",Biratnagar,ram.rana@hotmail.com
"Venu  Pandey",Lalitpur,venu.pandey@hotmail.com
"Avantika  Sharma",Pokhara,avantika.sharma@live.com
"Farukh Bahadur Bhattarai",Nepalgunj,farukh.bhattarai@gmail.com
"Fatima  Rai",Pokhara,fatima.rai@live.com
"Venu  Khan",Lalitpur,venu.khan@hotmail.com
"Hari Ali Bhattarai",Pokhara,hari.bhattarai@gmail.com
"Hari  Rana",Dharan,hari.rana@hotmail.com
"Laxman  Pandey",Bhaktapur,laxman.pandey@hotmail.com
"Farukh Ali Sharma",Nepalgunj,farukh.sharma@gmail.com
"Hari Gopal Khan",Hetauda,hari.khan@live.com
"Shreya  Rana",Bhaktapur,shreya.rana@hotmail.com
"Ram  Sharma",Birgunj,ram.sharma@hotmail.com
"Farukh Gopal Tamang",Bhaktapur,farukh.tamang@gmail.com
"Farukh  Shrestha",Dharan,farukh.shrestha@gmail.com
"Fatima Gopal Tamang",Hetauda,fatima.tamang@gmail.com
"Venu  Pandey",Dharan,venu.pandey@gmail.com
"Laxman  Tamang",Lalitpur,laxman.tamang@gmail.com
"Shreya  Thapa",Lalitpur,shreya.thapa@gmail.com
"Farukh Devi Rana",Hetauda,farukh.rana@live.com
"Shreya  Sharma",Dharan,shreya.sharma@hotmail.com
"Farukh  Khan",Bhaktapur,farukh.khan@gmail.com
"Laxmi Devi Shrestha",Hetauda,laxmi.shrestha@live.com
"Ram Kumar Iyer",Butwal,ram.iyer@hotmail.com
"Laxmi Devi Shrestha",Lalitpur,laxmi.shrestha@gmail.com
"Laxman Rani Rai",Pokhara,laxman.rai@live.com
"Farukh Kaur Gurung",Bhaktapur,farukh.gurung@gmail.com
"Laxman  Sharma",Pokhara,laxman.sharma@hotmail.com
"Venu  Pandey",Kathmandu,venu.pandey@gmail.com
"Farukh  Tamang",Dharan,farukh.tamang@live.com
"Akanshya Rani Iyer",Birgunj,akanshya.iyer@hotmail.com
"Akanshya Devi Khan",Biratnagar,akanshya.khan@gmail.com
"Laxman Begum Gurung",Pokhara,laxman.gurung@live.com
"Fatima  Pandey",Lalitpur,fatima.pandey@hotmail.com
"Ram  Sharma",Hetauda,ram.sharma@gmail.com
"Ram  Rana",Kathmandu,ram.rana@live.com
"Venu Kaur Gurung",Biratnagar,venu.gurung@hotmail.com
"Ram Kumari Rai",Biratnagar,ram.rai@live.com
"Hari Prasad Gurung",Lalitpur,hari.gurung@hotmail.com
"Akanshya Kumari Tamang",Lalitpur,akanshya.tamang@live.com
"Farukh Gopal Tamang",Butwal,farukh.tamang@gmail.com
"Akanshya Devi Sharma",Birgunj,akanshya.sharma@gmail.com
"Fatima Devi Bhattarai",Hetauda,fatima.bhattarai@live.com
"Laxmi Begum Rai",Birgunj,laxmi.rai@live.com
"Farukh  Iyer",Bhaktapur,farukh.iyer@hotmail.com
"Laxman Kumar Tamang",Bhaktapur,laxman.tamang@gmail.com
"Akanshya Kumari Shrestha",Nepalgunj,akanshya.shrestha@hotmail.com
"Shreya Prasad Rai",Lalitpur,shreya.rai@live.com
"Avantika Kaur Rai",Dharan,avantika.rai@hotmail.com
"Laxmi  Thapa",Nepalgunj,laxmi.thapa@live.com
"Ram  Khan",Pokhara,ram.khan@live.com
"Venu Bahadur Shrestha",Pokhara,venu.shrestha@hotmail.com
"Avantika Kumar Shrestha",Butwal,avantika.shrestha@hotmail.com
"Ram Rani Rana",Lalitpur,ram.rana@live.com
"Venu Devi Rai",Bhaktapur,venu.rai@live.com
"Farukh  Sharma",Pokhara,farukh.sharma@gmail.com
"Venu  Rai",Dharan,venu.rai@live.com
"Venu  Shrestha",Butwal,venu.shrestha@live.com
"Laxman Ali Pandey",Hetauda,laxman.pandey@hotmail.com
"Laxman  Rana",Hetauda,laxman.rana@hotmail.com
"Fatima  Gurung",Hetauda,fatima.gurung@hotmail.com
"Ram Bahadur Tamang",Kathmandu,ram.tamang@gmail.com
"Hari Kaur Rana",Pokhara,hari.rana@hotmail.com
"Akanshya  Thapa",Dharan,akanshya.thapa@gmail.com
"Akanshya Kumar Thapa",Kathmandu,akanshya.thapa@gmail.com
"Akanshya  Tamang",Biratnagar,akanshya.tamang@live.com
"Laxmi Kaur Bhattarai",Birgunj,laxmi.bhattarai@live.com
"Akanshya  Iyer",Biratnagar,akanshya.iyer@hotmail.com
"Ram Rani Rai",Kathmandu,ram.rai@hotmail.com
"Ram Rani Thapa",Hetauda,ram.thapa@live.com
"Laxman  Thapa",Hetauda,laxman.thapa@hotmail.com
"Hari Begum Iyer",Birgunj,hari.iyer@live.com
"Laxman Bahadur Thapa",Bhaktapur,laxman.thapa@live.com
"Akanshya Begum Pandey",Hetauda,akanshya.pandey@gmail.com
"Avantika  Iyer",Birgunj,avantika.iyer@gmail.com
"Fatima  Rai",Lalitpur,fatima.rai@gmail.com
"Venu Rani Sharma",Hetauda,venu.sharma@gmail.com
"Ram  Rana",Biratnagar,ram.rana@hotmail.com
"Akanshya  Gurung",Bhaktapur,akanshya.gurung@live.com
"Ram Gopal Tamang",Kathmandu,ram.tamang@hotmail.com
"Laxmi  Pandey",Hetauda,laxmi.pandey@gmail.com
"Venu Kumar Gurung",Pokhara,venu.gurung@gmail.com
"Venu Gopal Rai",Birgunj,venu.rai@live.com
"Ram  Iyer",Birgunj,ram.iyer@gmail.com
"Ram  Gurung",Biratnagar,ram.gurung@hotmail.com
"Avantika  Thapa",Pokhara,avantika.thapa@gmail.com
"Akanshya  Shrestha",Kathmandu,akanshya.shrestha@gmail.com
"Hari  Khan",Butwal,hari.khan@hotmail.com
"Farukh Kumari Bhattarai",Bhaktapur,farukh.bhattarai@hotmail.com
"Farukh Ali Sharma",Butwal,farukh.sharma@gmail.com
"Laxmi  Pandey",Biratnagar,laxmi.pandey@hotmail.com
"Laxman Devi Rai",Birgunj,laxman.rai@hotmail.com
"Hari Rani Tamang",Hetauda,hari.tamang@hotmail.com
"Akanshya  Rana",Kathmandu,akanshya.rana@gmail.com
"Laxmi Bahadur Thapa",Butwal,laxmi.thapa@live.com
"Shreya Kumar Bhattarai",Biratnagar,shreya.bhattarai@gmail.com
"Ram  Shrestha",Bhaktapur,ram.shrestha@gmail.com
"Hari  Bhattarai",Biratnagar,hari.bhattarai@gmail.com
"Laxmi Prasad Bhattarai",Pokhara,laxmi.bhattarai@live.com
"Laxmi  Thapa",Birgunj,laxmi.thapa@live.com
"Laxman  Gurung",Dharan,laxman.gurung@hotmail.com
"Fatima Devi Rai",Bhaktapur,fatima.rai@live.com
"Avantika Kumar Rana",Bhaktapur,avantika.rana@live.com
"Avantika  Iyer",Butwal,avantika.iyer@gmail.com
"Venu  Tamang",Lalitpur,venu.tamang@gmail.com
"Fatima  Bhattarai",Pokhara,fatima.bhattarai@hotmail.com
"Laxmi  Thapa",Biratnagar,laxmi.thapa@gmail.com
"Venu  Rai",Lalitpur,venu.rai@gmail.com
"Venu Kumari Thapa",Pokhara,venu.thapa@gmail.com
"Farukh  Tamang",Hetauda,farukh.tamang@live.com
"Shreya  Thapa",Birgunj,shreya.thapa@gmail.com
"Avantika Prasad Iyer",Biratnagar,avantika.iyer@hotmail.com
"Hari Begum Rai",Biratnagar,hari.rai@gmail.com
"Shreya  Gurung",Birgunj,shreya.gurung@gmail.com
"Avantika Prasad Gurung",Nepalgunj,avantika.gurung@gmail.com
"Ram  Khan",Pokhara,ram.khan@live.com
"Farukh  Thapa",Hetauda,farukh.thapa@hotmail.com
"Farukh Bahadur Thapa",Kathmandu,farukh.thapa@hotmail.com
"Laxmi Kumari Sharma",Hetauda,laxmi.sharma@live.com
"Fatima  Rai",Kathmandu,fatima.rai@hotmail.com
"Venu Kaur Sharma",Lalitpur,venu.sharma@live.com
"Ram Rani Pandey",Hetauda,ram.pandey@live.com
"Ram Devi Pandey",Bhaktapur,ram.pandey@gmail.com
"Laxman Kumar Thapa",Bhaktapur,laxman.thapa@live.com
"Akanshya Begum Rana",Dharan,akanshya.rana@live.com
"Fatima  Bhattarai",Butwal,fatima.bhattarai@gmail.com
"Fatima Kaur Rana",Pokhara,fatima.rana@gmail.com
"Laxmi  Thapa",Bhaktapur,laxmi.thapa@live.com
"Fatima  Khan",Birgunj,fatima.khan@live.com
"Fatima Kumar Tamang",Lalitpur,fatima.tamang@live.com
"Fatima Kumari Sharma",Birgunj,fatima.sharma@hotmail.com
"Hari Kumar Sharma",Hetauda,hari.sharma@hotmail.com
"Venu  Khan",Dharan,venu.khan@gmail.com
"Avantika  Tamang",Hetauda,avantika.tamang@live.com
"Fatima  Khan",Nepalgunj,fatima.khan@live.com
"Laxman Devi Thapa",Nepalgunj,laxman.thapa@hotmail.com
"Fatima Gopal Rai",Dharan,fatima.rai@hotmail.com
"Akanshya  Gurung",Kathmandu,akanshya.gurung@live.com
"Akanshya Devi Rai",Bhaktapur,akanshya.rai@gmail.com
"Shreya Kumari Iyer",Nepalgunj,shreya.iyer@hotmail.com
"Akanshya Prasad Tamang",Hetauda,akanshya.tamang@live.com
"Laxman Ali Rana",Lalitpur,laxman.rana@gmail.com
"Shreya Gopal Shrestha",Pokhara,shreya.shrestha@gmail.com
"Venu Ali Shrestha",Kathmandu,venu.shrestha@live.com
"Shreya Devi Bhattarai",Bhaktapur,shreya.bhattarai@live.com
"Hari Ali Rai",Pokhara,hari.rai@hotmail.com
"Ram Prasad Gurung",Lalitpur,ram.gurung@hotmail.com
"Fatima Begum Iyer",Lalitpur,fatima.iyer@live.com
"Ram  Thapa",Lalitpur,ram.thapa@gmail.com
"Akanshya Kaur Iyer",Dharan,akanshya.iyer@live.com
"Laxman  Bhattarai",Lalitpur,laxman.bhattarai@hotmail.com
"Fatima Kumari Shrestha",Nepalgunj,fatima.shrestha@gmail.com
"Venu Devi Pandey",Hetauda,venu.pandey@gmail.com
"Venu Bahadur Thapa",Pokhara,venu.thapa@hotmail.com
"Farukh  Khan",Dharan,farukh.khan@live.com
"Laxman  Rana",Dharan,laxman.rana@gmail.com
"Akanshya Begum Gurung",Pokhara,akanshya.gurung@hotmail.com
"Laxmi Kumari Tamang",Nepalgunj,laxmi.tamang@live.com
"Laxman  Khan",Pokhara,laxman.khan@live.com
"Shreya  Khan",Hetauda,shreya.khan@hotmail.com
"Farukh Begum Rai",Butwal,farukh.rai@gmail.com
"Fatima  Tamang",Pokhara,fatima.tamang@live.com
"Farukh  Iyer",Bhaktapur,farukh.iyer@live.com
"Ram Gopal Khan",Butwal,ram.khan@gmail.com
"Venu  Sharma",Pokhara,venu.sharma@gmail.com
"Ram  Thapa",Kathmandu,ram.thapa@hotmail.com
"Laxman Begum Khan",Hetauda,laxman.khan@gmail.com
"Ram Gopal Khan",Pokhara,ram.khan@gmail.com
"Ram Devi Tamang",Lalitpur,ram.tamang@live.com
"Shreya Prasad Rai",Bhaktapur,shreya.rai@hotmail.com
"Hari Prasad Sharma",Biratnagar,hari.sharma@gmail.com
"Shreya  Iyer",Biratnagar,shreya.iyer@hotmail.com
"Fatima Bahadur Tamang",Kathmandu,fatima.tamang@hotmail.com
"Hari Ali Pandey",Nepalgunj,hari.pandey@hotmail.com
"Farukh  Khan",Birgunj,farukh.khan@gmail.com
"Ram  Tamang",Dharan,ram.tamang@live.com
"Laxman  Tamang",Nepalgunj,laxman.tamang@live.com
"Shreya Begum Rai",Bhaktapur,shreya.rai@gmail.com
"Ram  Khan",Nepalgunj,ram.khan@live.com
"Fatima  Bhattarai",Kathmandu,fatima.bhattarai@gmail.com
"Venu  Bhattarai",Dharan,venu.bhattarai@hotmail.com
"Farukh  Rai",Hetauda,farukh.rai@gmail.com
"Shreya Kumari Bhattarai",Hetauda,shreya.bhattarai@gmail.com
"Ram  Khan",Kathmandu,ram.khan@gmail.com
"Venu  Rana",Bhaktapur,venu.rana@gmail.com
"Fatima Kaur Shrestha",Birgunj,fatima.shrestha@gmail.com
"Laxmi Devi Sharma",Bhaktapur,laxmi.sharma@hotmail.com
"Laxmi  Rana",Biratnagar,laxmi.rana@gmail.com
"Ram  Tamang",Butwal,ram.tamang@live.com
"Fatima Kumar Iyer",Kathmandu,fatima.iyer@hotmail.com
"Laxmi  Gurung",Butwal,laxmi.gurung@live.com
"Ram  Rai",Biratnagar,ram.rai@gmail.com
"Farukh  Tamang",Birgunj,farukh.tamang@gmail.com
"Farukh Devi Rana",Birgunj,farukh.rana@gmail.com
"Farukh Kumar Iyer",Lalitpur,farukh.iyer@hotmail.com
"Laxmi Kaur Gurung",Biratnagar,laxmi.gurung@hotmail.com
"Shreya  Gurung",Nepalgunj,shreya.gurung@gmail.com
"Akanshya Bahadur Bhattarai",Bhaktapur,akanshya.bhattarai@gmail.com
"Hari Bahadur Thapa",Lalitpur,hari.thapa@live.com
"Laxman Kumar Khan",Bhaktapur,laxman.khan@hotmail.com
"Farukh Begum Rana",Butwal,farukh.rana@live.com
"Farukh Gopal Bhattarai",Hetauda,farukh.bhattarai@hotmail.com
"Shreya Bahadur Sharma",Dharan,shreya.sharma@hotmail.com
"Avantika  Pandey",Lalitpur,avantika.pandey@gmail.com
"Laxman Rani Iyer",Lalitpur,laxman.iyer@live.com
"Ram Kaur Rana",Kathmandu,ram.rana@live.com
"Shreya  Sharma",Bhaktapur,shreya.sharma@live.com
"Venu Begum Rana",Kathmandu,venu.rana@gmail.com
"Hari  Bhattarai",Lalitpur,hari.bhattarai@gmail.com
"Fatima  Tamang",Bhaktapur,fatima.tamang@live.com
"Akanshya Kaur Thapa",Pokhara,akanshya.thapa@hotmail.com
"Laxmi Devi Iyer",Butwal,laxmi.iyer@live.com
"Venu Gopal Pandey",Dharan,venu.pandey@hotmail.com
"Venu Gopal Rana",Dharan,venu.rana@hotmail.com
"Hari  Bhattarai",Biratnagar,hari.bhattarai@gmail.com
"Farukh Kumar Khan",Lalitpur,farukh.khan@hotmail.com
"Farukh Kumar Gurung",Lalitpur,farukh.gurung@live.com
"Avantika  Khan",Lalitpur,avantika.khan@hotmail.com
"Fatima Kumar Thapa",Kathmandu,fatima.thapa@live.com
"Laxmi Kumari Pandey",Bhaktapur,laxmi.pandey@live.com
"Akanshya  Tamang",Nepalgunj,akanshya.tamang@hotmail.com
"Akanshya  Iyer",Kathmandu,akanshya.iyer@hotmail.com
"Shreya Ali Sharma",Hetauda,shreya.sharma@hotmail.com
"Akanshya Gopal Shrestha",Biratnagar,akanshya.shrestha@gmail.com
"Fatima  Bhattarai",Butwal,fatima.bhattarai@live.com
"Shreya Rani Shrestha",Butwal,shreya.shrestha@gmail.com
"Laxmi Gopal Rai",Dharan,laxmi.rai@live.com
"Shreya  Gurung",Biratnagar,shreya.gurung@gmail.com
"Venu  Khan",Biratnagar,venu.khan@hotmail.com
"Hari  Rana",Hetauda,hari.rana@hotmail.com
"Avantika  Bhattarai",Nepalgunj,avantika.bhattarai@gmail.com
"Akanshya Ali Bhattarai",Pokhara,akanshya.bhattarai@live.com
"Farukh Devi Tamang",Biratnagar,farukh.tamang@gmail.com
"Laxmi  Tamang",Biratnagar,laxmi.tamang@gmail.com
"Laxman  Sharma",Nepalgunj,laxman.sharma@live.com
"Ram  Bhattarai",Butwal,ram.bhattarai@gmail.com
"Avantika  Bhattarai",Bhaktapur,avantika.bhattarai@gmail.com
"Farukh  Pandey",Biratnagar,farukh.pandey@hotmail.com
"Akanshya  Tamang",Kathmandu,akanshya.tamang@hotmail.com
"Shreya  Pandey",Butwal,shreya.pandey@gmail.com
"Laxman  Gurung",Dharan,laxman.gurung@hotmail.com
"Farukh Devi Tamang",Bhaktapur,farukh.tamang@hotmail.com
"Hari  Shrestha",Butwal,hari.shrestha@gmail.com
"Farukh  Pandey",Hetauda,farukh.pandey@gmail.com
"Avantika Gopal Thapa",Kathmandu,avantika.thapa@live.com
"Venu  Khan",Pokhara,venu.khan@hotmail.com
"Hari  Iyer",Butwal,hari.iyer@hotmail.com
"Laxman Kumar Bhattarai",Butwal,laxman.bhattarai@hotmail.com
"Shreya Kumari Khan",Lalitpur,shreya.khan@gmail.com
"Hari Kaur Tamang",Biratnagar,hari.tamang@live.com
"Laxman Kumari Rai",Kathmandu,laxman.rai@hotmail.com
"Fatima Kumari Rai",Birgunj,fatima.rai@hotmail.com
"Akanshya  Bhattarai",Nepalgunj,akanshya.bhattarai@live.com
"Farukh Devi Rana",Pokhara,farukh.rana@hotmail.com
"Hari Bahadur Sharma",Kathmandu,hari.sharma@hotmail.com
"Laxman Gopal Rai",Birgunj,laxman.rai@live.com
"Fatima Ali Thapa",Kathmandu,fatima.thapa@hotmail.com
"Venu Kumari Shrestha",Nepalgunj,venu.shrestha@hotmail.com
"Laxmi Kumar Gurung",Dharan,laxmi.gurung@gmail.com
"Shreya Devi Bhattarai",Kathmandu,shreya.bhattarai@gmail.com
"Ram  Bhattarai",Lalitpur,ram.bhattarai@gmail.com
"Farukh Gopal Bhattarai",Nepalgunj,farukh.bhattarai@hotmail.com
"Farukh  Rana",Dharan,farukh.rana@live.com
"Hari  Khan",Lalitpur,hari.khan@hotmail.com
"Hari  Pandey",Birgunj,hari.pandey@gmail.com
"Laxman  Thapa",Biratnagar,laxman.thapa@gmail.com
"Fatima  Rana",Pokhara,fatima.rana@live.com
"Ram  Sharma",Kathmandu,ram.sharma@gmail.com
"Avantika Devi Gurung",Kathmandu,avantika.gurung@gmail.com
"Laxmi  Rai",Butwal,laxmi.rai@hotmail.com
"Avantika  Bhattarai",Kathmandu,avantika.bhattarai@gmail.com
"Laxman  Khan",Hetauda,laxman.khan@gmail.com
"Avantika Begum Iyer",Dharan,avantika.iyer@gmail.com
"Shreya Ali Sharma",Kathmandu,shreya.sharma@live.com
"Shreya  Sharma",Hetauda,shreya.sharma@gmail.com
"Farukh  Iyer",Birgunj,farukh.iyer@hotmail.com
"Fatima Prasad Gurung",Nepalgunj,fatima.gurung@hotmail.com
"Fatima Kumari Pandey",Bhaktapur,fatima.pandey@live.com
"Laxman Ali Khan",Nepalgunj,laxman.khan@live.com
"Venu  Khan",Nepalgunj,venu.khan@live.com
"Farukh  Iyer",Bhaktapur,farukh.iyer@live.com
"Laxmi  Khan",Biratnagar,laxmi.khan@live.com
"Laxman  Gurung",Hetauda,laxman.gurung@hotmail.com
"Farukh Begum Pandey",Nepalgunj,farukh.pandey@hotmail.com
"Ram Devi Sharma",Kathmandu,ram.sharma@gmail.com
"Venu  Tamang",Hetauda,venu.tamang@hotmail.com
"Laxmi  Iyer",Pokhara,laxmi.iyer@live.com
"Avantika  Iyer",Hetauda,avantika.iyer@hotmail.com
"Laxmi Gopal Khan",Biratnagar,laxmi.khan@gmail.com
"Laxmi  Thapa",Lalitpur,laxmi.thapa@live.com
"Avantika  Shrestha",Birgunj,avantika.shrestha@gmail.com
"Shreya  Rana",Pokhara,shreya.rana@live.com
"Laxmi Bahadur Bhattarai",Birgunj,laxmi.bhattarai@gmail.com
"Ram Kumar Iyer",Kathmandu,ram.iyer@live.com
"Avantika Devi Bhattarai",Hetauda,avantika.bhattarai@gmail.com
"Farukh Gopal Rana",Nepalgunj,farukh.rana@gmail.com
"Akanshya Prasad Gurung",Pokhara,akanshya.gurung@live.com
"Shreya Devi Thapa",Pokhara,shreya.thapa@hotmail.com
"Farukh  Gurung",Dharan,farukh.gurung@gmail.com
"Fatima Kumari Thapa",Lalitpur,fatima.thapa@hotmail.com
"Avantika Begum Gurung",Birgunj,avantika.gurung@gmail.com
"Hari  Bhattarai",Pokhara,hari.bhattarai@hotmail.com
"Laxmi  Iyer",Lalitpur,laxmi.iyer@live.com
"Akanshya Devi Tamang",Lalitpur,akanshya.tamang@gmail.com
"Shreya  Rana",Nepalgunj,shreya.rana@gmail.com
"Farukh Gopal Gurung",Birgunj,farukh.gurung@gmail.com
"Hari  Gurung",Dharan,hari.gurung@live.com
"Venu Kumari Gurung",Nepalgunj,venu.gurung@gmail.com
"Farukh Prasad Rana",Dharan,farukh.rana@hotmail.com
"Akanshya  Shrestha",Birgunj,akanshya.shrestha@hotmail.com
"Avantika  Sharma",Dharan,avantika.sharma@gmail.com
"Avantika  Gurung",Nepalgunj,avantika.gurung@hotmail.com
"Avantika  Tamang",Hetauda,avantika.tamang@hotmail.com
"Farukh  Sharma",Birgunj,farukh.sharma@hotmail.com
"Akanshya  Pandey",Hetauda,akanshya.pandey@hotmail.com
"Ram Kaur Iyer",Nepalgunj,ram.iyer@hotmail.com
"Shreya Kumari Shrestha",Butwal,shreya.shrestha@hotmail.com
"Venu  Thapa",Biratnagar,venu.thapa@gmail.com
"Laxman  Khan",Butwal,laxman.khan@live.com
"Laxmi  Sharma",Birgunj,laxmi.sharma@gmail.com
"Shreya Rani Gurung",Birgunj,shreya.gurung@live.com
"Avantika Devi Tamang",Biratnagar,avantika.tamang@gmail.com
"Hari Kumar Pandey",Bhaktapur,hari.pandey@gmail.com
"Farukh  Sharma",Pokhara,farukh.sharma@hotmail.com
"Avantika  Gurung",Bhaktapur,avantika.gurung@hotmail.com
"Ram  Gurung",Dharan,ram.gurung@live.com
"Venu Kumar Khan",Butwal,venu.khan@live.com
"Shreya Gopal Thapa",Pokhara,shreya.thapa@live.com
"Fatima Rani Thapa",Bhaktapur,fatima.thapa@live.com
"Shreya Prasad Gurung",Butwal,shreya.gurung@gmail.com
"Laxmi Kumari Rana",Birgunj,laxmi.rana@live.com
"Shreya  Tamang",Kathmandu,shreya.tamang@gmail.com
"Akanshya  Bhattarai",Biratnagar,akanshya.bhattarai@gmail.com
"Fatima Kaur Bhattarai",Kathmandu,fatima.bhattarai@live.com
"Fatima  Iyer",Birgunj,fatima.iyer@hotmail.com
"Shreya  Pandey",Nepalgunj,shreya.pandey@gmail.com
"Laxman Kaur Gurung",Hetauda,laxman.gurung@hotmail.com
"Laxmi Ali Gurung",Butwal,laxmi.gurung@gmail.com
"Avantika Devi Tamang",Hetauda,avantika.tamang@hotmail.com
"Farukh Kumar Rana",Biratnagar,farukh.rana@gmail.com
"Shreya Ali Gurung",Dharan,shreya.gurung@hotmail.com
"Akanshya  Gurung",Kathmandu,akanshya.gurung@gmail.com
"Venu Kumar Rana",Dharan,venu.rana@hotmail.com
"Shreya  Sharma",Pokhara,shreya.sharma@hotmail.com
"Venu  Bhattarai",Biratnagar,venu.bhattarai@gmail.com
"Laxmi Begum Khan",Bhaktapur,laxmi.khan@gmail.com
"Venu  Shrestha",Bhaktapur,venu.shrestha@gmail.com
"Venu Kumari Gurung",Butwal,venu.gurung@live.com
"Shreya  Shrestha",Kathmandu,shreya.shrestha@live.com
"Shreya Kumari Rana",Kathmandu,shreya.rana@live.com
"Fatima  Bhattarai",Pokhara,fatima.bhattarai@hotmail.com
"Ram  Shrestha",Lalitpur,ram.shrestha@live.com
"Ram Kumar Tamang",Biratnagar,ram.tamang@gmail.com
"Fatima  Gurung",Nepalgunj,fatima.gurung@live.com
"Farukh Gopal Shrestha",Lalitpur,farukh.shrestha@gmail.com
"Fatima  Rana",Hetauda,fatima.rana@live.com
"Laxmi Prasad Bhattarai",Lalitpur,laxmi.bhattarai@hotmail.com
"Laxmi Kaur Iyer",Lalitpur,laxmi.iyer@hotmail.com
"Akanshya Begum Sharma",Nepalgunj,akanshya.sharma@live.com
"Shreya  Khan",Kathmandu,shreya.khan@hotmail.com
"Laxman Begum Gurung",Bhaktapur,laxman.gurung@gmail.com
"Akanshya Prasad Khan",Dharan,akanshya.khan@hotmail.com
"Shreya Devi Shrestha",Pokhara,shreya.shrestha@gmail.com
"Avantika  Iyer",Hetauda,avantika.iyer@hotmail.com
"Hari Prasad Gurung",Birgunj,hari.gurung@hotmail.com
"Akanshya Bahadur Pandey",Nepalgunj,akanshya.pandey@hotmail.com
"Fatima  Thapa",Lalitpur,fatima.thapa@hotmail.com
"Laxman  Shrestha",Kathmandu,laxman.shrestha@gmail.com
"Laxman  Iyer",Birgunj,laxman.iyer@gmail.com
"Fatima  Tamang",Birgunj,fatima.tamang@live.com
"Venu Prasad Bhattarai",Lalitpur,venu.bhattarai@gmail.com
"Avantika  Iyer",Bhaktapur,avantika.iyer@hotmail.com
"Avantika Bahadur Khan",Bhaktapur,avantika.khan@live.com
"Akanshya Ali Bhattarai",Hetauda,akanshya.bhattarai@live.com
"Fatima Kumari Iyer",Biratnagar,fatima.iyer@live.com
"Farukh Gopal Gurung",Nepalgunj,farukh.gurung@gmail.com
"Venu  Khan",Dharan,venu.khan@live.com
"Hari Kaur Gurung",Dharan,hari.gurung@hotmail.com
"Avantika Gopal Sharma",Nepalgunj,avantika.sharma@hotmail.com
"Hari Begum Shrestha",Kathmandu,hari.shrestha@hotmail.com
"Laxman  Rai",Bhaktapur,laxman.rai@live.com
"Laxman Gopal Shrestha",Kathmandu,laxman.shrestha@gmail.com
"Avantika Gopal Sharma",Pokhara,avantika.sharma@live.com
"Ram  Bhattarai",Dharan,ram.bhattarai@live.com
"Fatima Kumar Pandey",Hetauda,fatima.pandey@hotmail.com
"Shreya  Gurung",Birgunj,shreya.gurung@live.com
"Avantika Bahadur Pandey",Hetauda,avantika.pandey@hotmail.com
"Laxmi Kumari Sharma",Birgunj,laxmi.sharma@live.com
"Farukh  Rana",Bhaktapur,farukh.rana@live.com
"Ram  Bhattarai",Butwal,ram.bhattarai@hotmail.com
"Fatima Devi Tamang",Dharan,fatima.tamang@live.com
"Avantika Bahadur Sharma",Nepalgunj,avantika.sharma@gmail.com
"Farukh  Khan",Dharan,farukh.khan@live.com
"Akanshya  Khan",Lalitpur,akanshya.khan@gmail.com
"Laxman  Pandey",Pokhara,laxman.pandey@gmail.com
"Akanshya Kaur Rai",Nepalgunj,akanshya.rai@gmail.com
"Akanshya Rani Iyer",Bhaktapur,akanshya.iyer@gmail.com
"Fatima  Tamang",Lalitpur,fatima.tamang@gmail.com
"Fatima Gopal Khan",Dharan,fatima.khan@live.com
"Ram Prasad Gurung",Bhaktapur,ram.gurung@live.com
"Avantika Kumari Rana",Dharan,avantika.rana@gmail.com
"Venu Bahadur Iyer",Pokhara,venu.iyer@live.com
"Ram  Rana",Birgunj,ram.rana@hotmail.com
"Ram Prasad Shrestha",Hetauda,ram.shrestha@live.com
"Hari  Khan",Biratnagar,hari.khan@hotmail.com
"Fatima Begum Rana",Butwal,fatima.rana@live.com
"Fatima Ali Gurung",Biratnagar,fatima.gurung@gmail.com
"Laxman Kumari Gurung",Dharan,laxman.gurung@live.com
"Laxman Ali Bhattarai",Pokhara,laxman.bhattarai@gmail.com
"Venu  Shrestha",Kathmandu,venu.shrestha@hotmail.com
"Hari Bahadur Rana",Bhaktapur,hari.rana@hotmail.com
"Akanshya Bahadur Gurung",Bhaktapur,akanshya.gurung@hotmail.com
"Laxman Gopal Rana",Hetauda,laxman.rana@hotmail.com
"Laxmi  Rai",Hetauda,laxmi.rai@live.com
"Fatima Kumar Khan",Dharan,fatima.khan@gmail.com
"Laxman Begum Rana",Birgunj,laxman.rana@live.com
"Ram Rani Rana",Pokhara,ram.rana@hotmail.com
"Hari  Gurung",Dharan,hari.gurung@live.com
"Avantika Rani Tamang",Birgunj,avantika.tamang@hotmail.com
"Avantika  Rai",Nepalgunj,avantika.rai@hotmail.com
"Akanshya Begum Gurung",Birgunj,akanshya.gurung@live.com
"Ram Kumari Iyer",Hetauda,ram.iyer@live.com
"Avantika Kumari Bhattarai",Nepalgunj,avantika.bhattarai@gmail.com
"Venu  Bhattarai",Bhaktapur,venu.bhattarai@hotmail.com
"Venu Kumar Khan",Biratnagar,venu.khan@hotmail.com
"Fatima  Bhattarai",Lalitpur,fatima.bhattarai@gmail.com
"Laxmi Rani Pandey",Butwal,laxmi.pandey@gmail.com
"Hari  Sharma",Dharan,hari.sharma@hotmail.com
"Farukh Rani Iyer",Birgunj,farukh.iyer@hotmail.com
"Fatima Prasad Iyer",Dharan,fatima.iyer@hotmail.com
"Hari Kaur Gurung",Birgunj,hari.gurung@gmail.com
"Farukh  Rana",Butwal,farukh.rana@live.com
"Hari Begum Bhattarai",Pokhara,hari.bhattarai@hotmail.com
"Farukh  Gurung",Nepalgunj,farukh.gurung@live.com
"Shreya  Pandey",Bhaktapur,shreya.pandey@gmail.com
"Avantika  Pandey",Kathmandu,avantika.pandey@gmail.com
"Ram  Iyer",Hetauda,ram.iyer@hotmail.com
"Venu  Rana",Dharan,venu.rana@gmail.com
"Shreya  Khan",Pokhara,shreya.khan@hotmail.com
"Fatima Gopal Iyer",Bhaktapur,fatima.iyer@hotmail.com
"Hari  Shrestha",Dharan,hari.shrestha@hotmail.com
"Hari Ali Gurung",Dharan,hari.gurung@hotmail.com
"Laxmi Ali Khan",Lalitpur,laxmi.khan@gmail.com
"Venu  Sharma",Lalitpur,venu.sharma@hotmail.com
"Avantika  Thapa",Lalitpur,avantika.thapa@gmail.com
"Laxmi Gopal Rai",Kathmandu,laxmi.rai@live.com
"Akanshya  Shrestha",Dharan,akanshya.shrestha@live.com
"Laxmi Devi Tamang",Bhaktapur,laxmi.tamang@gmail.com
"Ram  Thapa",Birgunj,ram.thapa@live.com
"Laxman Rani Bhattarai",Bhaktapur,laxman.bhattarai@live.com
"Shreya  Sharma",Bhaktapur,shreya.sharma@hotmail.com
"Farukh  Rai",Lalitpur,farukh.rai@live.com
"Avantika  Sharma",Pokhara,avantika.sharma@hotmail.com
"Avantika Kumar Iyer",Butwal,avantika.iyer@live.com
"Akanshya  Rai",Bhaktapur,akanshya.rai@live.com
"Hari  Gurung",Pokhara,hari.gurung@live.com
"Shreya Ali Rai",Dharan,shreya.rai@live.com
"Farukh Devi Thapa",Nepalgunj,farukh.thapa@live.com
"Ram  Thapa",Pokhara,ram.thapa@hotmail.com
"Akanshya  Khan",Dharan,akanshya.khan@hotmail.com
"Shreya Kumari Gurung",Butwal,shreya.gurung@live.com
"Farukh Devi Rana",Bhaktapur,farukh.rana@hotmail.com
"Hari  Sharma",Butwal,hari.sharma@gmail.com
"Laxman  Pandey",Biratnagar,laxman.pandey@gmail.com
"Shreya  Shrestha",Lalitpur,shreya.shrestha@gmail.com
"Venu  Shrestha",Birgunj,venu.shrestha@live.com
"Ram Kumari Thapa",Dharan,ram.thapa@live.com
"Hari Kumar Bhattarai",Pokhara,hari.bhattarai@gmail.com
"Venu Kaur Thapa",Kathmandu,venu.thapa@live.com
"Laxman  Khan",Bhaktapur,laxman.khan@live.com
"Venu  Gurung",Lalitpur,venu.gurung@gmail.com
"Laxmi Gopal Tamang",Hetauda,laxmi.tamang@hotmail.com
"Venu  Rai",Pokhara,venu.rai@live.com
"Akanshya Rani Bhattarai",Butwal,akanshya.bhattarai@live.com
"Akanshya Prasad Bhattarai",Bhaktapur,akanshya.bhattarai@hotmail.com
"Venu  Iyer",Nepalgunj,venu.iyer@hotmail.com
"Laxmi  Thapa",Kathmandu,laxmi.thapa@live.com
"Venu Devi Bhattarai",Birgunj,venu.bhattarai@live.com
"Hari  Gurung",Nepalgunj,hari.gurung@gmail.com
"Hari  Pandey",Bhaktapur,hari.pandey@hotmail.com
"Hari  Rana",Nepalgunj,hari.rana@live.com
"Shreya Bahadur Shrestha",Pokhara,shreya.shrestha@hotmail.com
"Venu Kaur Gurung",Dharan,venu.gurung@hotmail.com
"Laxmi Bahadur Shrestha",Bhaktapur,laxmi.shrestha@live.com
"Akanshya Bahadur Khan",Biratnagar,akanshya.khan@gmail.com
"Akanshya  Pandey",Bhaktapur,akanshya.pandey@live.com
"Avantika Bahadur Sharma",Dharan,avantika.sharma@gmail.com
"Laxmi  Bhattarai",Bhaktapur,laxmi.bhattarai@hotmail.com
"Shreya Rani Thapa",Lalitpur,shreya.thapa@hotmail.com
"Hari Kaur Pandey",Kathmandu,hari.pandey@gmail.com
"Venu Gopal Rana",Pokhara,venu.rana@gmail.com
"Hari Kaur Gurung",Biratnagar,hari.gurung@live.com
"Avantika  Tamang",Kathmandu,avantika.tamang@hotmail.com
"Akanshya  Pandey",Bhaktapur,akanshya.pandey@live.com
"Venu Kaur Rai",Butwal,venu.rai@live.com
"Fatima Bahadur Bhattarai",Biratnagar,fatima.bhattarai@gmail.com
"Shreya Rani Sharma",Dharan,shreya.sharma@gmail.com
"Hari Ali Rai",Butwal,hari.rai@hotmail.com
"Shreya  Pandey",Pokhara,shreya.pandey@hotmail.com
"Laxman Kaur Sharma",Birgunj,laxman.sharma@gmail.com
"Hari  Khan",Lalitpur,hari.khan@hotmail.com
"Hari  Shrestha",Nepalgunj,hari.shrestha@hotmail.com
"Shreya  Bhattarai",Dharan,shreya.bhattarai@gmail.com
"Farukh  Iyer",Birgunj,farukh.iyer@live.com
"Laxmi  Gurung",Kathmandu,laxmi.gurung@live.com
"Venu Devi Thapa",Lalitpur,venu.thapa@live.com
"Avantika  Khan",Dharan,avantika.khan@hotmail.com
"Hari  Khan",Dharan,hari.khan@gmail.com
"Hari Begum Thapa",Hetauda,hari.thapa@live.com
"Laxman Prasad Sharma",Butwal,laxman.sharma@live.com
"Akanshya Gopal Pandey",Birgunj,akanshya.pandey@live.com
"Laxman  Rai",Dharan,laxman.rai@hotmail.com
"Farukh Rani Sharma",Hetauda,farukh.sharma@live.com
"Avantika Prasad Rai",Biratnagar,avantika.rai@hotmail.com
"Shreya  Gurung",Pokhara,shreya.gurung@live.com
"Laxman Begum Rai",Butwal,laxman.rai@live.com
"Shreya  Shrestha",Lalitpur,shreya.shrestha@live.com
"Farukh Gopal Thapa",Bhaktapur,farukh.thapa@hotmail.com
"Laxmi  Shrestha",Hetauda,laxmi.shrestha@live.com
"Farukh  Shrestha",Nepalgunj,farukh.shrestha@live.com
"Avantika Bahadur Khan",Butwal,avantika.khan@gmail.com
"Farukh Begum Tamang",Nepalgunj,farukh.tamang@gmail.com
"Farukh Devi Gurung",Dharan,farukh.gurung@hotmail.com
"Avantika  Shrestha",Hetauda,avantika.shrestha@gmail.com
"Shreya  Iyer",Pokhara,shreya.iyer@live.com
"Laxman  Gurung",Butwal,laxman.gurung@gmail.com
"Akanshya Gopal Thapa",Pokhara,akanshya.thapa@hotmail.com
"Fatima  Iyer",Kathmandu,fatima.iyer@live.com
"Laxmi Prasad Tamang",Hetauda,laxmi.tamang@live.com
"Ram Bahadur Rana",Dharan,ram.rana@hotmail.com
"Laxmi  Khan",Butwal,laxmi.khan@live.com
"Venu  Rana",Kathmandu,venu.rana@gmail.com
"Farukh  Rai",Birgunj,farukh.rai@live.com
"Akanshya  Rana",Birgunj,akanshya.rana@hotmail.com
"Fatima  Pandey",Biratnagar,fatima.pandey@hotmail.com
"Hari Prasad Rana",Bhaktapur,hari.rana@hotmail.com
"Hari  Iyer",Hetauda,hari.iyer@gmail.com
"Laxman Ali Gurung",Pokhara,laxman.gurung@hotmail.com
"Avantika Begum Rai",Hetauda,avantika.rai@hotmail.com
"Hari Kaur Rana",Hetauda,hari.rana@live.com
"Laxman Devi Bhattarai",Bhaktapur,laxman.bhattarai@live.com
"Akanshya  Rai",Lalitpur,akanshya.rai@live.com
"Laxman Kumari Sharma",Dharan,laxman.sharma@hotmail.com
"Venu Gopal Bhattarai",Lalitpur,venu.bhattarai@live.com
"Avantika Ali Khan",Pokhara,avantika.khan@gmail.com
"Akanshya Begum Shrestha",Lalitpur,akanshya.shrestha@hotmail.com
"Akanshya Gopal Rana",Butwal,akanshya.rana@live.com
"Venu  Thapa",Lalitpur,venu.thapa@live.com
"Farukh Devi Rai",Butwal,farukh.rai@gmail.com
"Farukh  Tamang",Kathmandu,farukh.tamang@hotmail.com
"Venu  Iyer",Nepalgunj,venu.iyer@live.com
"Fatima  Rana",Butwal,fatima.rana@live.com
"Venu  Shrestha",Lalitpur,venu.shrestha@live.com
"Shreya Kumari Gurung",Nepalgunj,shreya.gurung@hotmail.com
"Laxman Prasad Bhattarai",Nepalgunj,laxman.bhattarai@gmail.com
"Ram Begum Sharma",Bhaktapur,ram.sharma@live.com
"Venu Rani Rai",Birgunj,venu.rai@live.com
"Hari Ali Thapa",Kathmandu,hari.thapa@live.com
"Ram Bahadur Iyer",Dharan,ram.iyer@live.com
"Avantika Prasad Tamang",Birgunj,avantika.tamang@gmail.com
"Shreya  Thapa",Birgunj,shreya.thapa@gmail.com
"Venu Gopal Khan",Birgunj,venu.khan@gmail.com
"Ram Rani Tamang",Dharan,ram.tamang@hotmail.com
"Akanshya  Gurung",Biratnagar,akanshya.gurung@hotmail.com
"Laxman Devi Pandey",Butwal,laxman.pandey@gmail.com
"Venu  Pandey",Bhaktapur,venu.pandey@gmail.com
"Ram Ali Rai",Butwal,ram.rai@hotmail.com
"Fatima Kumari Bhattarai",Bhaktapur,fatima.bhattarai@gmail.com
"Ram  Thapa",Kathmandu,ram.thapa@hotmail.com
"Venu  Bhattarai",Bhaktapur,venu.bhattarai@hotmail.com
"Laxman  Pandey",Kathmandu,laxman.pandey@gmail.com
"Avantika  Rai",Biratnagar,avantika.rai@gmail.com
"Avantika  Iyer",Dharan,avantika.iyer@hotmail.com
"Laxmi  Shrestha",Hetauda,laxmi.shrestha@gmail.com
"Farukh Prasad Gurung",Dharan,farukh.gurung@hotmail.com
"Avantika  Sharma",Birgunj,avantika.sharma@gmail.com
"Laxman  Khan",Kathmandu,laxman.khan@live.com
"Laxman Devi Khan",Bhaktapur,laxman.khan@live.com
"Avantika Kumari Thapa",Birgunj,avantika.thapa@hotmail.com
"Ram Gopal Tamang",Butwal,ram.tamang@hotmail.com
"Farukh Kumari Bhattarai",Nepalgunj,farukh.bhattarai@gmail.com
"Fatima  Tamang",Dharan,fatima.tamang@gmail.com
"Venu  Rai",Birgunj,venu.rai@gmail.com
"Laxman Gopal Khan",Dharan,laxman.khan@live.com
"Akanshya Ali Pandey",Dharan,akanshya.pandey@gmail.com
"Hari Kumar Shrestha",Lalitpur,hari.shrestha@gmail.com
"Avantika  Pandey",Birgunj,avantika.pandey@hotmail.com
"Ram Gopal Tamang",Kathmandu,ram.tamang@gmail.com
"Shreya Bahadur Iyer",Pokhara,shreya.iyer@hotmail.com
"Venu  Bhattarai",Lalitpur,venu.bhattarai@live.com
"Laxman  Rana",Hetauda,laxman.rana@gmail.com
"Hari Kumar Iyer",Kathmandu,hari.iyer@hotmail.com
"Avantika  Gurung",Birgunj,avantika.gurung@hotmail.com
"Shreya Kumar Sharma",Biratnagar,shreya.sharma@gmail.com
"Laxman Kaur Pandey",Pokhara,laxman.pandey@gmail.com
"Shreya  Bhattarai",Pokhara,shreya.bhattarai@hotmail.com
"Fatima  Shrestha",Birgunj,fatima.shrestha@live.com
"Laxman  Pandey",Hetauda,laxman.pandey@gmail.com
"Hari Gopal Thapa",Kathmandu,hari.thapa@gmail.com
"Shreya Ali Bhattarai",Hetauda,shreya.bhattarai@gmail.com
"Laxman Ali Rana",Kathmandu,laxman.rana@hotmail.com
"Ram Kumar Iyer",Birgunj,ram.iyer@gmail.com
"Venu  Rana",Birgunj,venu.rana@hotmail.com
"Shreya  Pandey",Biratnagar,shreya.pandey@hotmail.com
"Shreya Kumar Gurung",Kathmandu,shreya.gurung@live.com
"Hari Gopal Bhattarai",Bhaktapur,hari.bhattarai@hotmail.com
"Akanshya  Shrestha",Kathmandu,akanshya.shrestha@gmail.com
"Fatima  Gurung",Kathmandu,fatima.gurung@hotmail.com
"Laxmi  Khan",Dharan,laxmi.khan@live.com
"Laxmi  Gurung",Butwal,laxmi.gurung@gmail.com
"Laxmi  Iyer",Butwal,laxmi.iyer@hotmail.com
"Avantika  Thapa",Butwal,avantika.thapa@live.com
"Laxman Begum Gurung",Hetauda,laxman.gurung@hotmail.com
"Farukh Prasad Shrestha",Pokhara,farukh.shrestha@gmail.com
"Shreya Rani Rai",Birgunj,shreya.rai@live.com
"Farukh  Gurung",Hetauda,farukh.gurung@live.com
"Fatima Begum Khan",Hetauda,fatima.khan@live.com
"Ram  Rai",Bhaktapur,ram.rai@gmail.com
"Laxmi  Gurung",Lalitpur,laxmi.gurung@live.com
"Ram Ali Rana",Kathmandu,ram.rana@hotmail.com
"Fatima  Pandey",Lalitpur,fatima.pandey@gmail.com
"Ram Bahadur Gurung",Dharan,ram.gurung@gmail.com
"Venu  Tamang",Kathmandu,venu.tamang@hotmail.com
"Laxmi Rani Rai",Pokhara,laxmi.rai@live.com
"Laxman Kumari Rana",Kathmandu,laxman.rana@gmail.com
"Ram  Rai",Birgunj,ram.rai@live.com
"Laxmi  Khan",Bhaktapur,laxmi.khan@live.com
"Ram Kumari Gurung",Nepalgunj,ram.gurung@hotmail.com
"Laxmi  Thapa",Pokhara,laxmi.thapa@hotmail.com
"Avantika  Rana",Hetauda,avantika.rana@hotmail.com
"Fatima Rani Gurung",Birgunj,fatima.gurung@live.com
"Ram  Khan",Kathmandu,ram.khan@gmail.com
"Shreya  Thapa",Butwal,shreya.thapa@gmail.com
"Ram  Gurung",Lalitpur,ram.gurung@gmail.com
"Laxman  Bhattarai",Biratnagar,laxman.bhattarai@gmail.com
"Farukh  Sharma",Lalitpur,farukh.sharma@live.com
"Laxman  Thapa",Bhaktapur,laxman.thapa@live.com
"Laxman  Rana",Birgunj,laxman.rana@hotmail.com
"Fatima  Bhattarai",Butwal,fatima.bhattarai@gmail.com
"Farukh  Gurung",Butwal,farukh.gurung@gmail.com
"Laxman Rani Gurung",Hetauda,laxman.gurung@hotmail.com
"Fatima Gopal Bhattarai",Nepalgunj,fatima.bhattarai@hotmail.com
"Ram Kumari Rana",Butwal,ram.rana@gmail.com
"Shreya  Tamang",Pokhara,shreya.tamang@gmail.com
"Fatima Bahadur Bhattarai",Kathmandu,fatima.bhattarai@gmail.com
"Farukh Begum Thapa",Nepalgunj,farukh.thapa@gmail.com
"Venu  Iyer",Kathmandu,venu.iyer@hotmail.com
"Farukh Kaur Shrestha",Birgunj,farukh.shrestha@hotmail.com
"Farukh Kaur Tamang",Biratnagar,farukh.tamang@gmail.com
"Akanshya Kumari Iyer",Birgunj,akanshya.iyer@live.com
"Farukh  Shrestha",Butwal,farukh.shrestha@live.com
"Farukh Bahadur Thapa",Biratnagar,farukh.thapa@live.com
"Ram Ali Gurung",Biratnagar,ram.gurung@gmail.com
"Laxmi  Shrestha",Hetauda,laxmi.shrestha@gmail.com
"Farukh Devi Thapa",Biratnagar,farukh.thapa@hotmail.com
"Akanshya Ali Khan",Dharan,akanshya.khan@gmail.com
"Shreya Gopal Rai",Lalitpur,shreya.rai@live.com
"Hari  Khan",Hetauda,hari.khan@gmail.com
"Shreya Gopal Gurung",Dharan,shreya.gurung@hotmail.com
"Ram Kumar Bhattarai",Butwal,ram.bhattarai@hotmail.com
"Laxmi  Tamang",Biratnagar,laxmi.tamang@hotmail.com
"Hari  Bhattarai",Kathmandu,hari.bhattarai@live.com
"Hari Rani Bhattarai",Pokhara,hari.bhattarai@gmail.com
"Fatima Bahadur Bhattarai",Pokhara,fatima.bhattarai@hotmail.com
"Avantika  Iyer",Bhaktapur,avantika.iyer@gmail.com
"Laxman  Thapa",Pokhara,laxman.thapa@gmail.com
"Ram Kumar Rana",Pokhara,ram.rana@hotmail.com
"Avantika Kaur Rana",Hetauda,avantika.rana@gmail.com
"Fatima Prasad Iyer",Birgunj,fatima.iyer@gmail.com
"Ram  Iyer",Bhaktapur,ram.iyer@hotmail.com
"Hari  Iyer",Butwal,hari.iyer@gmail.com
"Ram Prasad Pandey",Lalitpur,ram.pandey@live.com
"Fatima  Gurung",Pokhara,fatima.gurung@live.com
"Avantika Prasad Sharma",Birgunj,avantika.sharma@hotmail.com
"Farukh Prasad Iyer",Bhaktapur,farukh.iyer@live.com
"Farukh Devi Bhattarai",Hetauda,farukh.bhattarai@hotmail.com
"Akanshya Kumar Khan",Butwal,akanshya.khan@gmail.com
"Laxman Ali Gurung",Bhaktapur,laxman.gurung@hotmail.com
"Laxman Gopal Rai",Birgunj,laxman.rai@hotmail.com
"Fatima  Bhattarai",Butwal,fatima.bhattarai@hotmail.com
"Farukh  Rana",Birgunj,farukh.rana@hotmail.com
"Ram Kumari Gurung",Lalitpur,ram.gurung@live.com
"Farukh  Tamang",Bhaktapur,farukh.tamang@gmail.com
"Farukh Bahadur Sharma",Hetauda,farukh.sharma@live.com
"Ram  Thapa",Biratnagar,ram.thapa@live.com
"Laxman Devi Bhattarai",Kathmandu,laxman.bhattarai@hotmail.com
"Laxmi  Sharma",Nepalgunj,laxmi.sharma@live.com
"Fatima  Gurung",Nepalgunj,fatima.gurung@hotmail.com
"Farukh  Rai",Biratnagar,farukh.rai@live.com
"Akanshya Devi Sharma",Lalitpur,akanshya.sharma@live.com
"Ram Kumari Sharma",Dharan,ram.sharma@hotmail.com
"Farukh  Sharma",Pokhara,farukh.sharma@hotmail.com
"Shreya  Gurung",Kathmandu,shreya.gurung@gmail.com
"Laxman  Sharma",Kathmandu,laxman.sharma@hotmail.com
"Venu Devi Rana",Dharan,venu.rana@gmail.com
"Venu Kaur Thapa",Hetauda,venu.thapa@gmail.com
"Venu Kumari Gurung",Dharan,venu.gurung@gmail.com
"Shreya  Bhattarai",Hetauda,shreya.bhattarai@hotmail.com
"Fatima  Iyer",Biratnagar,fatima.iyer@gmail.com
"Laxman  Shrestha",Hetauda,laxman.shrestha@hotmail.com
"Farukh  Bhattarai",Dharan,farukh.bhattarai@live.com
"Avantika  Gurung",Nepalgunj,avantika.gurung@gmail.com
"Farukh  Bhattarai",Kathmandu,farukh.bhattarai@hotmail.com
"Shreya  Tamang",Bhaktapur,shreya.tamang@live.com
"Akanshya Ali Gurung",Birgunj,akanshya.gurung@gmail.com
"Avantika Kumar Gurung",Dharan,avantika.gurung@gmail.com
"Farukh Ali Thapa",Dharan,farukh.thapa@hotmail.com
"Shreya Kaur Rana",Biratnagar,shreya.rana@hotmail.com
"Laxmi Devi Rai",Hetauda,laxmi.rai@gmail.com
"Ram  Gurung",Biratnagar,ram.gurung@live.com
"Farukh Kumari Iyer",Pokhara,farukh.iyer@live.com
"Laxman  Thapa",Dharan,laxman.thapa@live.com
"Fatima  Thapa",Hetauda,fatima.thapa@live.com
"Hari  Rana",Biratnagar,hari.rana@gmail.com
"Akanshya  Rai",Hetauda,akanshya.rai@live.com
"Laxmi  Bhattarai",Kathmandu,laxmi.bhattarai@hotmail.com
"Farukh Kumar Gurung",Birgunj,farukh.gurung@gmail.com
"Venu Rani Sharma",Butwal,venu.sharma@hotmail.com
"Ram  Rai",Birgunj,ram.rai@gmail.com
"Hari  Iyer",Bhaktapur,hari.iyer@gmail.com
"Fatima  Rai",Kathmandu,fatima.rai@gmail.com
"Avantika  Bhattarai",Butwal,avantika.bhattarai@gmail.com
"Avantika Devi Sharma",Kathmandu,avantika.sharma@gmail.com
"Shreya  Iyer",Dharan,shreya.iyer@gmail.com
"Hari  Thapa",Lalitpur,hari.thapa@gmail.com
"Laxman  Khan",Pokhara,laxman.khan@gmail.com
"Farukh  Sharma",Dharan,farukh.sharma@live.com
"Fatima Kaur Rana",Pokhara,fatima.rana@live.com
"Avantika Bahadur Tamang",Kathmandu,avantika.tamang@live.com
"Hari Devi Gurung",Biratnagar,hari.gurung@gmail.com
"Laxman  Pandey",Hetauda,laxman.pandey@gmail.com
"Akanshya  Iyer",Bhaktapur,akanshya.iyer@hotmail.com
"Venu Ali Iyer",Bhaktapur,venu.iyer@hotmail.com
"Hari  Rana",Birgunj,hari.rana@hotmail.com
"Venu  Thapa",Bhaktapur,venu.thapa@gmail.com
"Shreya  Thapa",Pokhara,shreya.thapa@hotmail.com
"Avantika Kaur Rai",Dharan,avantika.rai@hotmail.com
"Venu Ali Thapa",Butwal,venu.thapa@live.com
"Ram  Thapa",Butwal,ram.thapa@gmail.com
"Laxmi Gopal Thapa",Hetauda,laxmi.thapa@hotmail.com
"Akanshya  Rana",Kathmandu,akanshya.rana@live.com
"Laxmi  Khan",Kathmandu,laxmi.khan@live.com
"Venu Prasad Thapa",Hetauda,venu.thapa@gmail.com
"Ram  Gurung",Dharan,ram.gurung@live.com
"Hari  Rana",Bhaktapur,hari.rana@gmail.com
"Hari  Gurung",Lalitpur,hari.gurung@live.com
"Shreya  Pandey",Biratnagar,shreya.pandey@gmail.com
"Akanshya Gopal Pandey",Kathmandu,akanshya.pandey@live.com
"Ram Rani Rai",Pokhara,ram.rai@hotmail.com
"Avantika  Pandey",Hetauda,avantika.pandey@hotmail.com
"Farukh  Khan",Hetauda,farukh.khan@gmail.com
"Venu Rani Khan",Birgunj,venu.khan@live.com
"Avantika Bahadur Tamang",Lalitpur,avantika.tamang@gmail.com
"Shreya Begum Gurung",Nepalgunj,shreya.gurung@hotmail.com
"Laxman  Sharma",Hetauda,laxman.sharma@hotmail.com
"Fatima Ali Khan",Birgunj,fatima.khan@gmail.com
"Hari  Bhattarai",Lalitpur,hari.bhattarai@hotmail.com
"Laxman  Iyer",Birgunj,laxman.iyer@live.com
"Farukh  Thapa",Butwal,farukh.thapa@gmail.com
"Laxman Devi Iyer",Dharan,laxman.iyer@hotmail.com
"Shreya Bahadur Rana",Hetauda,shreya.rana@live.com
"Laxman Ali Tamang",Biratnagar,laxman.tamang@live.com
"Laxman  Rai",Dharan,laxman.rai@live.com
"Ram Kumar Rana",Dharan,ram.rana@hotmail.com
"Ram  Gurung",Pokhara,ram.gurung@gmail.com
"Ram  Thapa",Nepalgunj,ram.thapa@gmail.com
"Ram  Sharma",Bhaktapur,ram.sharma@live.com
"Akanshya Prasad Shrestha",Birgunj,akanshya.shrestha@hotmail.com
"Ram Gopal Pandey",Bhaktapur,ram.pandey@gmail.com
"Ram  Thapa",Biratnagar,ram.thapa@live.com
"Farukh Rani Pandey",Nepalgunj,farukh.pandey@live.com
"Fatima  Pandey",Pokhara,fatima.pandey@live.com
"Ram Kaur Tamang",Bhaktapur,ram.tamang@hotmail.com
"Akanshya Prasad Rai",Bhaktapur,akanshya.rai@gmail.com
"Laxmi Bahadur Khan",Nepalgunj,laxmi.khan@gmail.com
"Laxman  Shrestha",Butwal,laxman.shrestha@live.com
"Avantika Bahadur Tamang",Hetauda,avantika.tamang@gmail.com
"Hari  Shrestha",Butwal,hari.shrestha@gmail.com
"Akanshya Kumari Pandey",Dharan,akanshya.pandey@gmail.com
"Laxmi  Iyer",Lalitpur,laxmi.iyer@hotmail.com
"Fatima Kaur Pandey",Kathmandu,fatima.pandey@live.com
"Ram Kumar Gurung",Bhaktapur,ram.gurung@live.com
"Venu  Khan",Nepalgunj,venu.khan@hotmail.com
"Avantika  Rai",Hetauda,avantika.rai@live.com
"Fatima  Sharma",Pokhara,fatima.sharma@gmail.com
"Shreya  Gurung",Nepalgunj,shreya.gurung@hotmail.com
"Farukh  Khan",Biratnagar,farukh.khan@hotmail.com
"Laxman Prasad Rai",Biratnagar,laxman.rai@gmail.com
"Laxmi  Thapa",Hetauda,laxmi.thapa@gmail.com
"Hari Prasad Thapa",Birgunj,hari.thapa@live.com
"Shreya  Pandey",Biratnagar,shreya.pandey@hotmail.com
"Laxmi Ali Rana",Bhaktapur,laxmi.rana@hotmail.com
"Ram  Sharma",Nepalgunj,ram.sharma@gmail.com
"Venu Rani Rai",Hetauda,venu.rai@live.com
"Shreya  Gurung",Nepalgunj,shreya.gurung@live.com
"Shreya Rani Sharma",Bhaktapur,shreya.sharma@hotmail.com
"Farukh  Iyer",Nepalgunj,farukh.iyer@gmail.com
"Hari Devi Rana",Bhaktapur,hari.rana@gmail.com
"Venu  Bhattarai",Lalitpur,venu.bhattarai@live.com
"Venu Kumari Bhattarai",Kathmandu,venu.bhattarai@gmail.com
"Ram  Sharma",Hetauda,ram.sharma@live.com
"Farukh Devi Shrestha",Kathmandu,farukh.shrestha@live.com
"Fatima  Shrestha",Lalitpur,fatima.shrestha@live.com
"Laxman  Khan",Hetauda,laxman.khan@gmail.com
"Ram  Bhattarai",Lalitpur,ram.bhattarai@live.com
"Fatima  Rai",Birgunj,fatima.rai@hotmail.com
"Farukh  Gurung",Nepalgunj,farukh.gurung@live.com
"Venu  Shrestha",Nepalgunj,venu.shrestha@hotmail.com
"Venu Ali Khan",Dharan,venu.khan@live.com
"Venu Ali Sharma",Bhaktapur,venu.sharma@hotmail.com
"Ram  Shrestha",Lalitpur,ram.shrestha@gmail.com
"Venu  Pandey",Nepalgunj,venu.pandey@live.com
"Hari Gopal Rana",Bhaktapur,hari.rana@live.com
"Ram  Tamang",Biratnagar,ram.tamang@gmail.com
"Avantika  Rai",Bhaktapur,avantika.rai@live.com
"Avantika  Iyer",Birgunj,avantika.iyer@live.com
"Fatima Kumar Pandey",Nepalgunj,fatima.pandey@gmail.com
"Ram Kaur Bhattarai",Pokhara,ram.bhattarai@live.com
"Laxman  Iyer",Dharan,laxman.iyer@live.com
"Laxman  Shrestha",Birgunj,laxman.shrestha@live.com
"Venu Kumari Khan",Birgunj,venu.khan@hotmail.com
"Laxman  Gurung",Kathmandu,laxman.gurung@gmail.com
"Fatima Gopal Bhattarai",Butwal,fatima.bhattarai@live.com
"Fatima Gopal Tamang",Dharan,fatima.tamang@gmail.com
"Shreya Kumari Rai",Kathmandu,shreya.rai@live.com
"Fatima Kumar Khan",Pokhara,fatima.khan@live.com
"Akanshya  Thapa",Butwal,akanshya.thapa@hotmail.com
"Avantika Devi Shrestha",Biratnagar,avantika.shrestha@gmail.com
"Hari Kaur Tamang",Butwal,hari.tamang@live.com
"Avantika  Bhattarai",Butwal,avantika.bhattarai@gmail.com
"Fatima Ali Khan",Lalitpur,fatima.khan@gmail.com
"Akanshya  Gurung",Hetauda,akanshya.gurung@live.com
"Shreya Rani Pandey",Dharan,shreya.pandey@gmail.com
"Shreya  Rai",Birgunj,shreya.rai@gmail.com
"Fatima  Iyer",Dharan,fatima.iyer@live.com
"Ram Begum Bhattarai",Dharan,ram.bhattarai@gmail.com
"Laxman Rani Rai",Kathmandu,laxman.rai@live.com
"Avantika  Shrestha",Butwal,avantika.shrestha@live.com
"Laxman Rani Tamang",Pokhara,laxman.tamang@hotmail.com
"Avantika  Sharma",Pokhara,avantika.sharma@hotmail.com
"Shreya  Rana",Nepalgunj,shreya.rana@gmail.com
"Venu Devi Khan",Dharan,venu.khan@hotmail.com
"Venu Ali Shrestha",Birgunj,venu.shrestha@gmail.com
"Laxman Ali Thapa",Kathmandu,laxman.thapa@live.com
"Laxman  Gurung",Biratnagar,laxman.gurung@gmail.com
"Fatima Bahadur Khan",Butwal,fatima.khan@hotmail.com
"Avantika Devi Rana",Pokhara,avantika.rana@hotmail.com
"Akanshya  Bhattarai",Hetauda,akanshya.bhattarai@live.com
"Hari Kumar Gurung",Nepalgunj,hari.gurung@hotmail.com
"Avantika  Pandey",Bhaktapur,avantika.pandey@hotmail.com
"Venu  Bhattarai",Butwal,venu.bhattarai@gmail.com
"Hari Gopal Thapa",Birgunj,hari.thapa@live.com
"Laxman Begum Bhattarai",Kathmandu,laxman.bhattarai@gmail.com
"Venu Bahadur Bhattarai",Kathmandu,venu.bhattarai@gmail.com
"Venu  Rai",Bhaktapur,venu.rai@gmail.com
"Fatima  Thapa",Birgunj,fatima.thapa@gmail.com
"Ram  Bhattarai",Hetauda,ram.bhattarai@live.com
"Farukh  Sharma",Dharan,farukh.sharma@hotmail.com
"Shreya  Thapa",Bhaktapur,shreya.thapa@live.com
"Farukh  Rana",Hetauda,farukh.rana@gmail.com
"Shreya Rani Pandey",Birgunj,shreya.pandey@hotmail.com
"Akanshya  Khan",Lalitpur,akanshya.khan@hotmail.com
"Avantika Gopal Sharma",Lalitpur,avantika.sharma@live.com
"Hari Begum Shrestha",Pokhara,hari.shrestha@live.com
"Akanshya Kumar Bhattarai",Dharan,akanshya.bhattarai@hotmail.com
"Fatima Rani Iyer",Birgunj,fatima.iyer@live.com
"Shreya  Shrestha",Pokhara,shreya.shrestha@gmail.com
"Laxman  Thapa",Dharan,laxman.thapa@gmail.com
"Laxman Kumari Shrestha",Pokhara,laxman.shrestha@hotmail.com
"Ram Kumari Tamang",Dharan,ram.tamang@live.com
"Fatima Kumari Bhattarai",Hetauda,fatima.bhattarai@live.com
"Laxman Kumari Gurung",Butwal,laxman.gurung@hotmail.com
"Venu Kumari Pandey",Pokhara,venu.pandey@live.com
"Shreya Ali Iyer",Biratnagar,shreya.iyer@hotmail.com
"Hari Bahadur Shrestha",Birgunj,hari.shrestha@hotmail.com
"Shreya  Sharma",Dharan,shreya.sharma@live.com
"Laxmi  Thapa",Nepalgunj,laxmi.thapa@hotmail.com
"Ram  Rana",Butwal,ram.rana@live.com
"Hari Begum Khan",Lalitpur,hari.khan@gmail.com
"Shreya  Pandey",Lalitpur,shreya.pandey@hotmail.com
"Laxman Rani Iyer",Hetauda,laxman.iyer@gmail.com
"Fatima  Shrestha",Birgunj,fatima.shrestha@live.com
"Hari Devi Shrestha",Birgunj,hari.shrestha@hotmail.com
"Venu Prasad Rai",Birgunj,venu.rai@gmail.com
"Fatima Prasad Rana",Nepalgunj,fatima.rana@live.com
"Shreya Kaur Thapa",Butwal,shreya.thapa@gmail.com
"Venu  Iyer",Birgunj,venu.iyer@gmail.com
"Farukh Kumar Shrestha",Hetauda,farukh.shrestha@gmail.com
"Hari Bahadur Rana",Butwal,hari.rana@live.com
"Fatima Gopal Bhattarai",Biratnagar,fatima.bhattarai@gmail.com
"Laxmi  Sharma",Butwal,laxmi.sharma@hotmail.com
"Laxman  Khan",Butwal,laxman.khan@gmail.com
"Farukh  Thapa",Lalitpur,farukh.thapa@gmail.com
"Avantika Bahadur Sharma",Hetauda,avantika.sharma@gmail.com
"Hari  Gurung",Dharan,hari.gurung@live.com
"Venu Rani Bhattarai",Kathmandu,venu.bhattarai@live.com
"Shreya Devi Rana",Lalitpur,shreya.rana@live.com
"Akanshya Gopal Bhattarai",Hetauda,akanshya.bhattarai@live.com
"Hari Kumar Gurung",Kathmandu,hari.gurung@gmail.com
"Akanshya Kaur Pandey",Birgunj,akanshya.pandey@gmail.com
"Avantika Kumari Gurung",Kathmandu,avantika.gurung@gmail.com
"Ram  Khan",Lalitpur,ram.khan@live.com
"Venu  Pandey",Nepalgunj,venu.pandey@live.com
"Venu  Khan",Biratnagar,venu.khan@live.com
"Ram Kumari Shrestha",Butwal,ram.shrestha@gmail.com
"Avantika  Rana",Kathmandu,avantika.rana@live.com
"Hari Gopal Bhattarai",Nepalgunj,hari.bhattarai@hotmail.com
"Avantika  Khan",Lalitpur,avantika.khan@live.com
"Farukh  Thapa",Hetauda,farukh.thapa@gmail.com
"Farukh  Iyer",Kathmandu,farukh.iyer@hotmail.com
"Avantika  Bhattarai",Lalitpur,avantika.bhattarai@live.com
"Farukh  Rai",Kathmandu,farukh.rai@gmail.com
"Laxman  Khan",Hetauda,laxman.khan@gmail.com
"Ram  Gurung",Butwal,ram.gurung@live.com
"Hari Ali Iyer",Hetauda,hari.iyer@hotmail.com
"Laxman Kumari Rai",Dharan,laxman.rai@live.com
"Laxmi Devi Rai",Hetauda,laxmi.rai@live.com
"Ram Bahadur Tamang",Biratnagar,ram.tamang@live.com
"Farukh Kaur Pandey",Birgunj,farukh.pandey@live.com
"Laxmi  Tamang",Lalitpur,laxmi.tamang@live.com
"Akanshya  Iyer",Kathmandu,akanshya.iyer@hotmail.com
"Avantika Ali Shrestha",Hetauda,avantika.shrestha@hotmail.com
"Avantika  Rai",Dharan,avantika.rai@hotmail.com
"Ram  Pandey",Bhaktapur,ram.pandey@gmail.com
"Venu  Rai",Hetauda,venu.rai@hotmail.com
"Farukh Kumar Khan",Biratnagar,farukh.khan@live.com
"Shreya  Khan",Bhaktapur,shreya.khan@gmail.com
"Ram  Rai",Biratnagar,ram.rai@gmail.com
"Laxman Kumari Rai",Butwal,laxman.rai@live.com
"Shreya  Rai",Dharan,shreya.rai@gmail.com
"Akanshya  Rana",Biratnagar,akanshya.rana@hotmail.com
"Laxman  Iyer",Nepalgunj,laxman.iyer@hotmail.com
"Akanshya  Rai",Kathmandu,akanshya.rai@gmail.com
"Laxman  Shrestha",Birgunj,laxman.shrestha@live.com
"Farukh Kumar Gurung",Bhaktapur,farukh.gurung@live.com
"Venu  Pandey",Butwal,venu.pandey@live.com
"Akanshya Kumar Pandey",Nepalgunj,akanshya.pandey@live.com
"Laxmi Bahadur Sharma",Nepalgunj,laxmi.sharma@gmail.com
"Shreya Kaur Tamang",Kathmandu,shreya.tamang@gmail.com
"Laxmi Gopal Shrestha",Bhaktapur,laxmi.shrestha@live.com
"Venu  Rai",Birgunj,venu.rai@gmail.com
"Akanshya  Sharma",Butwal,akanshya.sharma@gmail.com
"Fatima Gopal Pandey",Bhaktapur,fatima.pandey@gmail.com
"Akanshya Prasad Pandey",Nepalgunj,akanshya.pandey@live.com
"Akanshya  Pandey",Butwal,akanshya.pandey@gmail.com
"Fatima  Pandey",Dharan,fatima.pandey@hotmail.com
"Shreya Kumari Tamang",Kathmandu,shreya.tamang@live.com
"Venu Kumari Thapa",Kathmandu,venu.thapa@hotmail.com
"Ram  Rai",Pokhara,ram.rai@gmail.com
"Ram  Khan",Pokhara,ram.khan@hotmail.com
"Hari  Shrestha",Butwal,hari.shrestha@gmail.com
"Avantika Kumari Sharma",Kathmandu,avantika.sharma@live.com
"Venu  Thapa",Butwal,venu.thapa@live.com
"Laxman Kumari Sharma",Bhaktapur,laxman.sharma@gmail.com
"Avantika Rani Rai",Dharan,avantika.rai@hotmail.com
"Farukh  Gurung",Butwal,farukh.gurung@gmail.com
"Hari  Gurung",Butwal,hari.gurung@gmail.com
"Ram  Rai",Pokhara,ram.rai@hotmail.com
"Laxman Rani Khan",Hetauda,laxman.khan@gmail.com
"Avantika  Bhattarai",Biratnagar,avantika.bhattarai@hotmail.com
"Akanshya Kaur Shrestha",Nepalgunj,akanshya.shrestha@gmail.com
"Ram  Rana",Birgunj,ram.rana@hotmail.com
"Fatima  Tamang",Nepalgunj,fatima.tamang@live.com
"Avantika  Rana",Birgunj,avantika.rana@gmail.com
"Farukh Bahadur Gurung",Biratnagar,farukh.gurung@gmail.com
"Laxmi Devi Shrestha",Biratnagar,laxmi.shrestha@hotmail.com
"Akanshya Kaur Tamang",Lalitpur,akanshya.tamang@gmail.com
"Laxmi  Sharma",Lalitpur,laxmi.sharma@hotmail.com
"Avantika Devi Rana",Hetauda,avantika.rana@gmail.com
"Farukh  Sharma",Butwal,farukh.sharma@gmail.com
"Laxman  Tamang",Biratnagar,laxman.tamang@gmail.com
"Ram Gopal Thapa",Bhaktapur,ram.thapa@gmail.com
"Fatima Bahadur Sharma",Birgunj,fatima.sharma@live.com
"Fatima Bahadur Shrestha",Lalitpur,fatima.shrestha@hotmail.com
"Farukh Kumar Pandey",Dharan,farukh.pandey@live.com
"Farukh  Shrestha",Dharan,farukh.shrestha@hotmail.com
"Laxmi Gopal Pandey",Dharan,laxmi.pandey@hotmail.com
"Akanshya  Thapa",Bhaktapur,akanshya.thapa@live.com
"Avantika Kaur Shrestha",Nepalgunj,avantika.shrestha@hotmail.com
"Laxman Kaur Rai",Butwal,laxman.rai@gmail.com
"Laxman  Shrestha",Pokhara,laxman.shrestha@gmail.com
"Hari  Shrestha",Nepalgunj,hari.shrestha@hotmail.com
"Shreya Gopal Iyer",Kathmandu,shreya.iyer@gmail.com
"Akanshya Begum Rana",Hetauda,akanshya.rana@gmail.com
"Ram Devi Gurung",Pokhara,ram.gurung@gmail.com
"Laxmi  Bhattarai",Birgunj,laxmi.bhattarai@gmail.com
"Avantika Kumari Shrestha",Nepalgunj,avantika.shrestha@hotmail.com
"Shreya Rani Rai",Biratnagar,shreya.rai@hotmail.com
"Hari  Sharma",Biratnagar,hari.sharma@gmail.com
"Shreya  Rai",Dharan,shreya.rai@hotmail.com
"Avantika Prasad Gurung",Hetauda,avantika.gurung@gmail.com
"Ram  Rai",Lalitpur,ram.rai@gmail.com
"Farukh  Khan",Kathmandu,farukh.khan@gmail.com
"Fatima  Khan",Bhaktapur,fatima.khan@live.com
"Hari  Pandey",Biratnagar,hari.pandey@live.com
"Farukh  Rana",Birgunj,farukh.rana@gmail.com
"Avantika Devi Rai",Biratnagar,avantika.rai@hotmail.com
"Laxman  Pandey",Dharan,laxman.pandey@live.com
"Venu Prasad Shrestha",Pokhara,venu.shrestha@live.com
"Ram Kumari Bhattarai",Birgunj,ram.bhattarai@live.com
"Akanshya  Gurung",Nepalgunj,akanshya.gurung@live.com
"Akanshya Prasad Pandey",Butwal,akanshya.pandey@live.com
"Laxman  Sharma",Pokhara,laxman.sharma@gmail.com
"Ram Begum Khan",Kathmandu,ram.khan@live.com
"Akanshya Prasad Rana",Lalitpur,akanshya.rana@hotmail.com
"Laxmi  Rana",Hetauda,laxmi.rana@hotmail.com
"Venu  Thapa",Pokhara,venu.thapa@live.com
"Farukh Prasad Bhattarai",Hetauda,farukh.bhattarai@live.com
"Akanshya  Sharma",Biratnagar,akanshya.sharma@gmail.com
"Avantika Gopal Rana",Kathmandu,avantika.rana@gmail.com
"Laxman  Tamang",Bhaktapur,laxman.tamang@hotmail.com
"Shreya Kaur Pandey",Dharan,shreya.pandey@hotmail.com
"Akanshya Rani Gurung",Kathmandu,akanshya.gurung@gmail.com
"Laxmi  Pandey",Pokhara,laxmi.pandey@gmail.com
"Shreya Gopal Sharma",Hetauda,shreya.sharma@gmail.com
"Shreya  Bhattarai",Nepalgunj,shreya.bhattarai@live.com
"Ram  Sharma",Bhaktapur,ram.sharma@live.com
"Farukh Gopal Rana",Bhaktapur,farukh.rana@hotmail.com
"Shreya Gopal Sharma",Dharan,shreya.sharma@hotmail.com
"Hari  Bhattarai",Lalitpur,hari.bhattarai@live.com
"Venu  Sharma",Butwal,venu.sharma@hotmail.com
"Fatima Prasad Rana",Lalitpur,fatima.rana@gmail.com
"Laxmi  Rana",Nepalgunj,laxmi.rana@live.com
"Laxman  Tamang",Birgunj,laxman.tamang@live.com
"Laxman  Bhattarai",Butwal,laxman.bhattarai@live.com
"Hari Ali Sharma",Pokhara,hari.sharma@live.com
"Venu  Tamang",Dharan,venu.tamang@hotmail.com
"Hari  Pandey",Lalitpur,hari.pandey@hotmail.com
"Laxmi  Tamang",Biratnagar,laxmi.tamang@hotmail.com
"Avantika Kaur Thapa",Kathmandu,avantika.thapa@hotmail.com
"Hari Gopal Rana",Lalitpur,hari.rana@live.com
"Akanshya  Iyer",Birgunj,akanshya.iyer@live.com
"Fatima  Bhattarai",Lalitpur,fatima.bhattarai@live.com
"Farukh Devi Rana",Butwal,farukh.rana@gmail.com
"Ram  Rana",Butwal,ram.rana@gmail.com
"Farukh  Shrestha",Butwal,farukh.shrestha@hotmail.com
"Shreya  Iyer",Bhaktapur,shreya.iyer@gmail.com
"Ram Gopal Iyer",Hetauda,ram.iyer@gmail.com
"Shreya  Iyer",Dharan,shreya.iyer@gmail.com
"Laxman  Gurung",Hetauda,laxman.gurung@gmail.com
"Laxmi  Iyer",Pokhara,laxmi.iyer@live.com
"Laxmi  Pandey",Kathmandu,laxmi.pandey@live.com
"Ram Bahadur Rai",Butwal,ram.rai@live.com
"Venu  Shrestha",Kathmandu,venu.shrestha@gmail.com
"Hari Ali Iyer",Biratnagar,hari.iyer@hotmail.com
"Laxman Prasad Shrestha",Lalitpur,laxman.shrestha@live.com
"Shreya Gopal Shrestha",Kathmandu,shreya.shrestha@live.com
"Shreya Gopal Shrestha",Biratnagar,shreya.shrestha@hotmail.com
"Venu  Khan",Birgunj,venu.khan@gmail.com
"Shreya Rani Iyer",Nepalgunj,shreya.iyer@hotmail.com
"Ram Prasad Bhattarai",Kathmandu,ram.bhattarai@hotmail.com
"Laxman Devi Pandey",Butwal,laxman.pandey@gmail.com
"Fatima  Shrestha",Lalitpur,fatima.shrestha@gmail.com
"Farukh Begum Rai",Lalitpur,farukh.rai@gmail.com
"Laxmi  Tamang",Dharan,laxmi.tamang@gmail.com
"Venu Prasad Thapa",Hetauda,venu.thapa@live.com
"Venu  Rana",Bhaktapur,venu.rana@gmail.com
"Avantika Gopal Iyer",Bhaktapur,avantika.iyer@live.com
"Shreya Kaur Iyer",Butwal,shreya.iyer@live.com
"Fatima Bahadur Pandey",Pokhara,fatima.pandey@live.com
"Laxmi Prasad Gurung",Lalitpur,laxmi.gurung@live.com
"Ram Ali Rai",Lalitpur,ram.rai@hotmail.com
"Shreya  Khan",Birgunj,shreya.khan@hotmail.com
"Avantika  Khan",Birgunj,avantika.khan@hotmail.com
"Avantika Kaur Rana",Birgunj,avantika.rana@live.com
"Fatima  Shrestha",Biratnagar,fatima.shrestha@live.com
"Laxmi Begum Pandey",Butwal,laxmi.pandey@hotmail.com
"Akanshya  Shrestha",Lalitpur,akanshya.shrestha@hotmail.com
"Venu Devi Gurung",Biratnagar,venu.gurung@gmail.com
"Akanshya  Iyer",Lalitpur,akanshya.iyer@live.com
"Farukh Rani Rana",Birgunj,farukh.rana@gmail.com
"Laxman  Khan",Birgunj,laxman.khan@hotmail.com
"Fatima Kaur Sharma",Birgunj,fatima.sharma@live.com
"Venu  Khan",Kathmandu,venu.khan@hotmail.com
"Venu  Sharma",Dharan,venu.sharma@hotmail.com
"Avantika  Thapa",Biratnagar,avantika.thapa@hotmail.com
"Hari  Sharma",Lalitpur,hari.sharma@live.com
"Avantika  Bhattarai",Hetauda,avantika.bhattarai@gmail.com
"Ram  Shrestha",Bhaktapur,ram.shrestha@gmail.com
"Fatima Kaur Bhattarai",Butwal,fatima.bhattarai@hotmail.com
"Hari Devi Thapa",Nepalgunj,hari.thapa@hotmail.com
"Laxman  Thapa",Biratnagar,laxman.thapa@live.com
"Venu  Thapa",Dharan,venu.thapa@hotmail.com
"Fatima Ali Sharma",Pokhara,fatima.sharma@hotmail.com
"Akanshya  Iyer",Birgunj,akanshya.iyer@live.com
"Avantika  Gurung",Kathmandu,avantika.gurung@live.com
"Akanshya Ali Gurung",Birgunj,akanshya.gurung@hotmail.com
"Avantika  Pandey",Nepalgunj,avantika.pandey@live.com
"Laxman Begum Iyer",Lalitpur,laxman.iyer@live.com
"Laxmi  Tamang",Kathmandu,laxmi.tamang@hotmail.com
"Farukh  Thapa",Dharan,farukh.thapa@gmail.com
"Shreya  Rana",Nepalgunj,shreya.rana@gmail.com
"Hari Kaur Thapa",Pokhara,hari.thapa@gmail.com
"Fatima  Thapa",Butwal,fatima.thapa@live.com
"Fatima  Bhattarai",Dharan,fatima.bhattarai@live.com
"Fatima  Pandey",Hetauda,fatima.pandey@hotmail.com
"Fatima  Gurung",Biratnagar,fatima.gurung@gmail.com
"Avantika Rani Khan",Nepalgunj,avantika.khan@hotmail.com
"Ram  Bhattarai",Nepalgunj,ram.bhattarai@live.com
"Avantika Gopal Tamang",Pokhara,avantika.tamang@live.com
"Laxman Bahadur Sharma",Butwal,laxman.sharma@hotmail.com
"Laxman Kaur Rana",Lalitpur,laxman.rana@hotmail.com
"Avantika  Rana",Biratnagar,avantika.rana@hotmail.com
"Hari  Iyer",Birgunj,hari.iyer@live.com
"Hari Kaur Thapa",Dharan,hari.thapa@gmail.com
"Ram Ali Gurung",Dharan,ram.gurung@live.com
"Ram  Sharma",Kathmandu,ram.sharma@hotmail.com
"Ram  Khan",Nepalgunj,ram.khan@gmail.com
"Laxmi  Sharma",Pokhara,laxmi.sharma@live.com
"Ram  Sharma",Nepalgunj,ram.sharma@gmail.com
"Akanshya Begum Pandey",Hetauda,akanshya.pandey@gmail.com
"Hari Begum Rana",Hetauda,hari.rana@live.com
"Laxmi  Thapa",Dharan,laxmi.thapa@live.com
"Venu Begum Thapa",Lalitpur,venu.thapa@hotmail.com
"Venu Gopal Rai",Biratnagar,venu.rai@hotmail.com
"Akanshya Bahadur Khan",Birgunj,akanshya.khan@gmail.com
"Laxmi Kumar Khan",Birgunj,laxmi.khan@hotmail.com
"Akanshya Kumar Bhattarai",Lalitpur,akanshya.bhattarai@hotmail.com
"Ram Bahadur Bhattarai",Lalitpur,ram.bhattarai@gmail.com
"Ram  Rai",Dharan,ram.rai@hotmail.com
"Ram  Pandey",Birgunj,ram.pandey@live.com
"Hari Prasad Khan",Birgunj,hari.khan@hotmail.com
"Venu  Iyer",Biratnagar,venu.iyer@hotmail.com
"Fatima Kaur Iyer",Lalitpur,fatima.iyer@hotmail.com
"Farukh Rani Shrestha",Hetauda,farukh.shrestha@gmail.com
"Laxman  Iyer",Biratnagar,laxman.iyer@live.com
"Laxman  Rana",Birgunj,laxman.rana@gmail.com
"Farukh Devi Rai",Butwal,farukh.rai@gmail.com
"Avantika  Gurung",Pokhara,avantika.gurung@gmail.com
"Akanshya Kaur Khan",Birgunj,akanshya.khan@live.com
"Hari Begum Rana",Biratnagar,hari.rana@gmail.com
"Avantika  Khan",Butwal,avantika.khan@gmail.com
"Hari Begum Gurung",Pokhara,hari.gurung@gmail.com
"Shreya Ali Iyer",Pokhara,shreya.iyer@hotmail.com
"Hari Begum Rana",Dharan,hari.rana@live.com
"Akanshya  Thapa",Hetauda,akanshya.thapa@live.com
"Hari Kaur Khan",Pokhara,hari.khan@hotmail.com
"Ram  Tamang",Hetauda,ram.tamang@live.com
"Hari  Pandey",Dharan,hari.pandey@gmail.com
"Farukh  Shrestha",Birgunj,farukh.shrestha@hotmail.com
"Shreya  Tamang",Nepalgunj,shreya.tamang@live.com
"Hari  Thapa",Bhaktapur,hari.thapa@live.com
"Ram Kumari Pandey",Nepalgunj,ram.pandey@live.com
"Avantika  Shrestha",Butwal,avantika.shrestha@hotmail.com
"Shreya  Gurung",Hetauda,shreya.gurung@hotmail.com
"Akanshya Bahadur Rana",Pokhara,akanshya.rana@live.com
"Laxmi  Tamang",Nepalgunj,laxmi.tamang@hotmail.com
"Ram  Pandey",Bhaktapur,ram.pandey@gmail.com
"Laxman  Bhattarai",Biratnagar,laxman.bhattarai@hotmail.com
"Laxman Kumari Thapa",Pokhara,laxman.thapa@gmail.com
"Fatima  Sharma",Kathmandu,fatima.sharma@live.com
"Shreya Kaur Thapa",Pokhara,shreya.thapa@hotmail.com
"Fatima  Shrestha",Bhaktapur,fatima.shrestha@live.com
"Fatima  Gurung",Nepalgunj,fatima.gurung@gmail.com
"Akanshya  Bhattarai",Biratnagar,akanshya.bhattarai@hotmail.com
"Fatima Prasad Rai",Birgunj,fatima.rai@live.com
"Akanshya Devi Shrestha",Nepalgunj,akanshya.shrestha@hotmail.com
"Akanshya  Iyer",Hetauda,akanshya.iyer@gmail.com
"Shreya Prasad Shrestha",Bhaktapur,shreya.shrestha@hotmail.com
"Laxman  Rana",Hetauda,laxman.rana@live.com
"Farukh Bahadur Gurung",Bhaktapur,farukh.gurung@live.com
"Hari  Gurung",Bhaktapur,hari.gurung@live.com
"Shreya  Pandey",Butwal,shreya.pandey@hotmail.com
"Laxman  Khan",Hetauda,laxman.khan@hotmail.com
"Avantika Ali Sharma",Butwal,avantika.sharma@hotmail.com
"Avantika Prasad Gurung",Hetauda,avantika.gurung@live.com
"Farukh  Sharma",Pokhara,farukh.sharma@gmail.com
"Laxmi Kumar Khan",Pokhara,laxmi.khan@gmail.com
"Shreya  Bhattarai",Nepalgunj,shreya.bhattarai@live.com
"Fatima  Pandey",Nepalgunj,fatima.pandey@live.com
"Laxmi Rani Shrestha",Lalitpur,laxmi.shrestha@gmail.com
"Shreya Kumari Khan",Biratnagar,shreya.khan@gmail.com
"Farukh Ali Rai",Dharan,farukh.rai@live.com
"Hari  Pandey",Butwal,hari.pandey@live.com
"Laxmi  Pandey",Pokhara,laxmi.pandey@gmail.com
"Hari Prasad Pandey",Dharan,hari.pandey@gmail.com
"Akanshya  Shrestha",Pokhara,akanshya.shrestha@gmail.com
"Shreya  Thapa",Lalitpur,shreya.thapa@live.com
"Laxman Kumari Rana",Butwal,laxman.rana@hotmail.com
"Laxmi Kumari Thapa",Hetauda,laxmi.thapa@hotmail.com
"Laxman Begum Iyer",Hetauda,laxman.iyer@live.com
"Hari  Rana",Birgunj,hari.rana@hotmail.com
"Venu  Thapa",Butwal,venu.thapa@live.com
"Fatima  Bhattarai",Nepalgunj,fatima.bhattarai@hotmail.com
"Venu  Gurung",Lalitpur,venu.gurung@live.com
"Farukh Begum Bhattarai",Biratnagar,farukh.bhattarai@live.com
"Shreya Rani Gurung",Nepalgunj,shreya.gurung@gmail.com
"Venu  Thapa",Kathmandu,venu.thapa@gmail.com
"Venu Kaur Tamang",Pokhara,venu.tamang@hotmail.com
"Hari Kumar Rai",Pokhara,hari.rai@live.com
"Ram Gopal Iyer",Biratnagar,ram.iyer@hotmail.com
"Laxman  Tamang",Dharan,laxman.tamang@gmail.com
"Laxman Kaur Pandey",Dharan,laxman.pandey@hotmail.com
"Laxmi  Iyer",Biratnagar,laxmi.iyer@gmail.com
"Avantika Bahadur Rai",Bhaktapur,avantika.rai@gmail.com
"Avantika  Tamang",Dharan,avantika.tamang@gmail.com
"Hari  Sharma",Lalitpur,hari.sharma@gmail.com
"Farukh  Shrestha",Bhaktapur,farukh.shrestha@gmail.com
"Farukh  Pandey",Nepalgunj,farukh.pandey@live.com
"Laxman Prasad Bhattarai",Nepalgunj,laxman.bhattarai@hotmail.com
"Fatima Kaur Sharma",Biratnagar,fatima.sharma@hotmail.com
"Akanshya Rani Khan",Lalitpur,akanshya.khan@hotmail.com
"Laxmi Prasad Bhattarai",Birgunj,laxmi.bhattarai@gmail.com
"Hari  Bhattarai",Kathmandu,hari.bhattarai@hotmail.com
"Venu Begum Gurung",Birgunj,venu.gurung@live.com
"Avantika  Gurung",Bhaktapur,avantika.gurung@live.com
"Laxmi  Khan",Nepalgunj,laxmi.khan@gmail.com
"Hari Begum Gurung",Hetauda,hari.gurung@hotmail.com
"Fatima Devi Khan",Bhaktapur,fatima.khan@gmail.com
"Hari Kumar Shrestha",Lalitpur,hari.shrestha@hotmail.com
"Akanshya Devi Rana",Birgunj,akanshya.rana@live.com
"Farukh  Rana",Bhaktapur,farukh.rana@gmail.com
"Akanshya Ali Sharma",Pokhara,akanshya.sharma@gmail.com
"Farukh Ali Rana",Biratnagar,farukh.rana@hotmail.com
"Laxman  Gurung",Kathmandu,laxman.gurung@live.com
"Ram Ali Pandey",Pokhara,ram.pandey@live.com
"Akanshya Prasad Shrestha",Pokhara,akanshya.shrestha@hotmail.com
"Hari Prasad Rana",Biratnagar,hari.rana@live.com
"Laxmi Gopal Gurung",Kathmandu,laxmi.gurung@gmail.com
"Laxmi  Sharma",Lalitpur,laxmi.sharma@gmail.com
"Venu Rani Bhattarai",Nepalgunj,venu.bhattarai@live.com
"Ram Kumari Pandey",Butwal,ram.pandey@gmail.com
"Shreya  Thapa",Bhaktapur,shreya.thapa@live.com
"Akanshya Kaur Bhattarai",Hetauda,akanshya.bhattarai@gmail.com
"Farukh  Iyer",Hetauda,farukh.iyer@live.com
"Venu  Khan",Lalitpur,venu.khan@gmail.com
"Laxman  Pandey",Pokhara,laxman.pandey@hotmail.com
"Ram  Bhattarai",Birgunj,ram.bhattarai@live.com
"Venu  Tamang",Pokhara,venu.tamang@live.com
"Akanshya Rani Shrestha",Bhaktapur,akanshya.shrestha@hotmail.com
"Farukh Ali Khan",Butwal,farukh.khan@hotmail.com
"Hari Devi Khan",Birgunj,hari.khan@hotmail.com
"Laxmi  Rana",Dharan,laxmi.rana@live.com
"Laxman  Pandey",Butwal,laxman.pandey@hotmail.com
"Farukh  Khan",Biratnagar,farukh.khan@gmail.com
"Hari Kumari Rana",Butwal,hari.rana@gmail.com
"Akanshya  Rai",Biratnagar,akanshya.rai@live.com
"Shreya  Sharma",Hetauda,shreya.sharma@gmail.com
"Hari Rani Bhattarai",Nepalgunj,hari.bhattarai@hotmail.com
"Akanshya Begum Gurung",Kathmandu,akanshya.gurung@gmail.com
"Hari Kumar Bhattarai",Lalitpur,hari.bhattarai@live.com
"Ram  Tamang",Nepalgunj,ram.tamang@hotmail.com
"Ram Kumari Shrestha",Bhaktapur,ram.shrestha@hotmail.com
"Avantika  Shrestha",Pokhara,avantika.shrestha@gmail.com
"Farukh Begum Shrestha",Dharan,farukh.shrestha@live.com
"Ram  Tamang",Hetauda,ram.tamang@hotmail.com
"Laxman Kaur Gurung",Birgunj,laxman.gurung@live.com
"Avantika Devi Iyer",Bhaktapur,avantika.iyer@gmail.com
"Farukh  Bhattarai",Lalitpur,farukh.bhattarai@gmail.com
"Laxmi Kumari Rana",Kathmandu,laxmi.rana@gmail.com
"Laxman  Rana",Lalitpur,laxman.rana@live.com
"Laxman Devi Bhattarai",Hetauda,laxman.bhattarai@gmail.com
"Laxmi  Gurung",Nepalgunj,laxmi.gurung@hotmail.com
"Avantika Kumari Rana",Dharan,avantika.rana@gmail.com
"Laxmi Bahadur Rana",Bhaktapur,laxmi.rana@live.com
"Fatima Begum Sharma",Bhaktapur,fatima.sharma@live.com
"Laxman  Gurung",Dharan,laxman.gurung@gmail.com
"Farukh  Iyer",Kathmandu,farukh.iyer@hotmail.com
"Shreya Gopal Pandey",Bhaktapur,shreya.pandey@live.com
"Laxman  Thapa",Biratnagar,laxman.thapa@gmail.com
"Hari  Sharma",Birgunj,hari.sharma@hotmail.com
"Ram Kumari Thapa",Pokhara,ram.thapa@gmail.com
"Akanshya  Pandey",Nepalgunj,akanshya.pandey@live.com
"Laxmi Kumar Khan",Hetauda,laxmi.khan@gmail.com
"Shreya  Rai",Nepalgunj,shreya.rai@live.com
"Laxmi Kaur Tamang",Nepalgunj,laxmi.tamang@live.com
"Fatima  Shrestha",Pokhara,fatima.shrestha@live.com
"Venu  Gurung",Biratnagar,venu.gurung@hotmail.com
"Laxman Bahadur Iyer",Kathmandu,laxman.iyer@live.com
"Shreya  Khan",Biratnagar,shreya.khan@live.com
"Laxmi  Khan",Biratnagar,laxmi.khan@hotmail.com
"Venu  Sharma",Butwal,venu.sharma@hotmail.com
"Farukh Rani Sharma",Kathmandu,farukh.sharma@hotmail.com
"Laxman Devi Shrestha",Nepalgunj,laxman.shrestha@hotmail.com
"Shreya  Gurung",Bhaktapur,shreya.gurung@live.com
"Avantika Prasad Pandey",Kathmandu,avantika.pandey@gmail.com
"Ram  Pandey",Birgunj,ram.pandey@hotmail.com
"Venu Ali Khan",Biratnagar,venu.khan@gmail.com
"Laxmi Kumar Rai",Biratnagar,laxmi.rai@hotmail.com
"Venu  Rana",Butwal,venu.rana@live.com
"Avantika Kaur Tamang",Birgunj,avantika.tamang@hotmail.com
"Laxman Rani Rana",Lalitpur,laxman.rana@live.com
"Farukh Begum Khan",Biratnagar,farukh.khan@live.com
"Farukh Begum Khan",Hetauda,farukh.khan@hotmail.com
"Hari  Tamang",Hetauda,hari.tamang@gmail.com
"Akanshya Begum Thapa",Butwal,akanshya.thapa@live.com
"Venu Gopal Shrestha",Birgunj,venu.shrestha@gmail.com
"Farukh  Rai",Nepalgunj,farukh.rai@gmail.com
"Farukh Kumar Khan",Pokhara,farukh.khan@gmail.com
"Shreya  Iyer",Pokhara,shreya.iyer@hotmail.com
"Farukh  Bhattarai",Pokhara,farukh.bhattarai@hotmail.com
"Shreya Ali Rana",Pokhara,shreya.rana@hotmail.com
"Hari  Iyer",Kathmandu,hari.iyer@hotmail.com
"Shreya  Rai",Hetauda,shreya.rai@hotmail.com
"Ram  Sharma",Pokhara,ram.sharma@live.com
"Avantika  Khan",Dharan,avantika.khan@gmail.com
"Venu  Rana",Butwal,venu.rana@live.com
"Ram Rani Thapa",Pokhara,ram.thapa@hotmail.com
"Avantika  Rai",Dharan,avantika.rai@gmail.com
"Farukh  Gurung",Birgunj,farukh.gurung@gmail.com
"Akanshya  Thapa",Hetauda,akanshya.thapa@live.com
"Venu Ali Pandey",Dharan,venu.pandey@hotmail.com
"Venu Kumari Thapa",Butwal,venu.thapa@hotmail.com
"Shreya  Tamang",Dharan,shreya.tamang@hotmail.com
"Avantika Rani Thapa",Biratnagar,avantika.thapa@live.com
"Akanshya  Tamang",Hetauda,akanshya.tamang@hotmail.com
"Fatima  Shrestha",Biratnagar,fatima.shrestha@gmail.com
"Avantika Gopal Thapa",Dharan,avantika.thapa@gmail.com
"Hari  Sharma",Biratnagar,hari.sharma@live.com
"Akanshya Kumar Shrestha",Biratnagar,akanshya.shrestha@live.com
"Laxmi  Rai",Pokhara,laxmi.rai@hotmail.com
"Fatima Ali Sharma",Butwal,fatima.sharma@gmail.com
"Ram Bahadur Bhattarai",Biratnagar,ram.bhattarai@live.com
"Laxman Gopal Rai",Pokhara,laxman.rai@live.com
"Akanshya Prasad Iyer",Biratnagar,akanshya.iyer@hotmail.com
"Venu  Khan",Pokhara,venu.khan@gmail.com
"Fatima  Sharma",Hetauda,fatima.sharma@gmail.com
"Avantika Rani Thapa",Pokhara,avantika.thapa@gmail.com
"Akanshya  Sharma",Nepalgunj,akanshya.sharma@live.com
"Laxmi Kumar Sharma",Hetauda,laxmi.sharma@hotmail.com
"Hari  Iyer",Birgunj,hari.iyer@gmail.com
"Hari Begum Gurung",Kathmandu,hari.gurung@gmail.com
"Akanshya Kumari Tamang",Bhaktapur,akanshya.tamang@hotmail.com
"Avantika  Shrestha",Birgunj,avantika.shrestha@live.com
"Laxmi Kumari Rai",Nepalgunj,laxmi.rai@live.com
"Shreya  Tamang",Butwal,shreya.tamang@gmail.com
"Fatima Kumar Shrestha",Nepalgunj,fatima.shrestha@gmail.com
"Akanshya  Pandey",Dharan,akanshya.pandey@hotmail.com
"Laxman  Pandey",Birgunj,laxman.pandey@live.com
"Shreya  Gurung",Nepalgunj,shreya.gurung@hotmail.com
"Laxman Devi Rai",Nepalgunj,laxman.rai@gmail.com
"Shreya  Gurung",Bhaktapur,shreya.gurung@hotmail.com
"Hari Devi Shrestha",Birgunj,hari.shrestha@hotmail.com
"Hari  Thapa",Butwal,hari.thapa@gmail.com
"Shreya Begum Gurung",Lalitpur,shreya.gurung@gmail.com
"Farukh  Rai",Pokhara,farukh.rai@hotmail.com
"Fatima  Shrestha",Pokhara,fatima.shrestha@hotmail.com
"Laxmi Ali Rana",Pokhara,laxmi.rana@hotmail.com
"Akanshya Gopal Tamang",Kathmandu,akanshya.tamang@gmail.com
"Venu  Thapa",Pokhara,venu.thapa@live.com
"Avantika Ali Sharma",Nepalgunj,avantika.sharma@hotmail.com
"Hari  Thapa",Pokhara,hari.thapa@hotmail.com
"Laxman Begum Khan",Bhaktapur,laxman.khan@live.com
"Fatima  Bhattarai",Biratnagar,fatima.bhattarai@live.com
"Hari  Pandey",Birgunj,hari.pandey@live.com
"Laxmi  Khan",Lalitpur,laxmi.khan@hotmail.com
"Laxmi  Rai",Pokhara,laxmi.rai@gmail.com
"Akanshya  Bhattarai",Dharan,akanshya.bhattarai@live.com
"Hari  Sharma",Butwal,hari.sharma@live.com
"Fatima Begum Iyer",Butwal,fatima.iyer@hotmail.com
"Akanshya  Khan",Kathmandu,akanshya.khan@live.com
"Hari Kumar Thapa",Birgunj,hari.thapa@gmail.com
"Laxmi Ali Rana",Butwal,laxmi.rana@hotmail.com
"Hari Begum Rana",Butwal,hari.rana@gmail.com
"Hari  Shrestha",Bhaktapur,hari.shrestha@hotmail.com
"Laxmi  Khan",Birgunj,laxmi.khan@hotmail.com
"Hari  Thapa",Kathmandu,hari.thapa@gmail.com
"Laxmi  Rana",Nepalgunj,laxmi.rana@gmail.com
"Akanshya  Pandey",Pokhara,akanshya.pandey@hotmail.com
"Shreya Prasad Sharma",Hetauda,shreya.sharma@hotmail.com
"Shreya Rani Shrestha",Kathmandu,shreya.shrestha@gmail.com
"Laxman Gopal Khan",Butwal,laxman.khan@hotmail.com
"Hari Ali Bhattarai",Biratnagar,hari.bhattarai@hotmail.com
"Akanshya Kaur Khan",Pokhara,akanshya.khan@gmail.com
"Avantika Bahadur Rana",Bhaktapur,avantika.rana@live.com
"Laxman Prasad Iyer",Butwal,laxman.iyer@gmail.com
"Hari  Gurung",Lalitpur,hari.gurung@hotmail.com
"Avantika Bahadur Rai",Lalitpur,avantika.rai@live.com
"Ram Kaur Sharma",Bhaktapur,ram.sharma@hotmail.com
"Fatima Bahadur Khan",Biratnagar,fatima.khan@gmail.com
"Akanshya  Pandey",Kathmandu,akanshya.pandey@gmail.com
"Farukh Begum Pandey",Pokhara,farukh.pandey@live.com
"Shreya  Rana",Bhaktapur,shreya.rana@gmail.com
"Venu  Pandey",Nepalgunj,venu.pandey@hotmail.com
"Shreya Kumar Rana",Nepalgunj,shreya.rana@gmail.com
"Farukh  Sharma",Pokhara,farukh.sharma@hotmail.com
"Shreya  Pandey",Birgunj,shreya.pandey@live.com
"Farukh  Thapa",Birgunj,farukh.thapa@gmail.com
"Laxman  Sharma",Pokhara,laxman.sharma@hotmail.com
"Shreya  Gurung",Dharan,shreya.gurung@hotmail.com
"Venu  Rana",Lalitpur,venu.rana@hotmail.com
"Laxman Kumar Rai",Butwal,laxman.rai@live.com
"Farukh  Tamang",Lalitpur,farukh.tamang@gmail.com
"Akanshya Begum Gurung",Lalitpur,akanshya.gurung@hotmail.com
"Fatima Ali Gurung",Kathmandu,fatima.gurung@live.com
"Laxmi Kaur Shrestha",Bhaktapur,laxmi.shrestha@live.com
"Venu  Gurung",Kathmandu,venu.gurung@hotmail.com
"Farukh Kumari Pandey",Bhaktapur,farukh.pandey@live.com
"Akanshya Devi Iyer",Birgunj,akanshya.iyer@gmail.com
"Akanshya  Bhattarai",Bhaktapur,akanshya.bhattarai@gmail.com
"Farukh Kaur Tamang",Butwal,farukh.tamang@live.com
"Laxmi Begum Rana",Bhaktapur,laxmi.rana@hotmail.com
"Laxman Kumar Thapa",Biratnagar,laxman.thapa@live.com
"Avantika  Tamang",Pokhara,avantika.tamang@hotmail.com
"Farukh  Iyer",Dharan,farukh.iyer@hotmail.com
"Laxman Ali Rana",Nepalgunj,laxman.rana@gmail.com
"Hari Begum Rai",Biratnagar,hari.rai@gmail.com
"Laxmi  Rai",Hetauda,laxmi.rai@live.com
"Ram  Thapa",Kathmandu,ram.thapa@live.com
"Shreya  Tamang",Hetauda,shreya.tamang@gmail.com
"Avantika Ali Thapa",Hetauda,avantika.thapa@live.com
"Shreya  Bhattarai",Bhaktapur,shreya.bhattarai@live.com
"Venu  Gurung",Butwal,venu.gurung@hotmail.com
"Ram  Iyer",Lalitpur,ram.iyer@gmail.com
"Ram  Rana",Nepalgunj,ram.rana@gmail.com
"Laxmi Bahadur Sharma",Pokhara,laxmi.sharma@live.com
"Laxmi  Shrestha",Bhaktapur,laxmi.shrestha@hotmail.com
"Hari  Gurung",Bhaktapur,hari.gurung@gmail.com
"Laxmi  Bhattarai",Dharan,laxmi.bhattarai@live.com
"Akanshya  Shrestha",Bhaktapur,akanshya.shrestha@live.com
"Avantika Begum Khan",Bhaktapur,avantika.khan@hotmail.com
"Fatima  Rai",Bhaktapur,fatima.rai@gmail.com
"Akanshya Devi Shrestha",Pokhara,akanshya.shrestha@hotmail.com
"Shreya Devi Gurung",Pokhara,shreya.gurung@hotmail.com
"Venu Prasad Shrestha",Lalitpur,venu.shrestha@hotmail.com
"Fatima  Iyer",Birgunj,fatima.iyer@live.com
"Shreya  Tamang",Kathmandu,shreya.tamang@live.com
"Farukh  Shrestha",Butwal,farukh.shrestha@live.com
"Hari  Shrestha",Bhaktapur,hari.shrestha@live.com
"Avantika Kumar Khan",Nepalgunj,avantika.khan@gmail.com
"Farukh Prasad Pandey",Birgunj,farukh.pandey@live.com
"Avantika Kaur Sharma",Bhaktapur,avantika.sharma@live.com
"Shreya Kumar Thapa",Kathmandu,shreya.thapa@gmail.com
"Fatima  Rana",Dharan,fatima.rana@gmail.com
"Laxman  Tamang",Birgunj,laxman.tamang@hotmail.com
"Laxman Gopal Thapa",Butwal,laxman.thapa@gmail.com
"Venu  Thapa",Kathmandu,venu.thapa@live.com
"Shreya Rani Rana",Dharan,shreya.rana@gmail.com
"Laxman Prasad Tamang",Lalitpur,laxman.tamang@live.com
"Laxman Kaur Rai",Nepalgunj,laxman.rai@gmail.com
"Akanshya Rani Rana",Lalitpur,akanshya.rana@gmail.com
"Shreya  Rana",Dharan,shreya.rana@gmail.com
"Venu Rani Tamang",Hetauda,venu.tamang@gmail.com
"Avantika Begum Khan",Biratnagar,avantika.khan@live.com
"Fatima  Pandey",Hetauda,fatima.pandey@live.com
"Shreya Ali Bhattarai",Kathmandu,shreya.bhattarai@live.com
"Akanshya  Rai",Kathmandu,akanshya.rai@hotmail.com
"Akanshya Ali Gurung",Dharan,akanshya.gurung@live.com
"Hari Rani Sharma",Bhaktapur,hari.sharma@hotmail.com
"Venu  Sharma",Bhaktapur,venu.sharma@live.com
"Laxmi  Khan",Lalitpur,laxmi.khan@gmail.com
"Ram Prasad Gurung",Dharan,ram.gurung@hotmail.com
"Laxmi  Tamang",Biratnagar,laxmi.tamang@hotmail.com
"Shreya Gopal Sharma",Biratnagar,shreya.sharma@gmail.com
"Akanshya Ali Rana",Pokhara,akanshya.rana@gmail.com
"Venu Kumar Gurung",Lalitpur,venu.gurung@gmail.com
"Hari Kumar Bhattarai",Bhaktapur,hari.bhattarai@hotmail.com
"Avantika Gopal Gurung",Pokhara,avantika.gurung@live.com
"Avantika  Sharma",Nepalgunj,avantika.sharma@gmail.com
"Fatima  Iyer",Biratnagar,fatima.iyer@gmail.com
"Shreya Ali Tamang",Butwal,shreya.tamang@gmail.com
"Laxman Rani Gurung",Dharan,laxman.gurung@hotmail.com
"Laxman Gopal Bhattarai",Biratnagar,laxman.bhattarai@hotmail.com
"Farukh Gopal Iyer",Birgunj,farukh.iyer@hotmail.com
"Avantika Begum Thapa",Bhaktapur,avantika.thapa@live.com
"Hari  Khan",Lalitpur,hari.khan@hotmail.com
"Laxmi  Bhattarai",Nepalgunj,laxmi.bhattarai@hotmail.com
"Akanshya  Bhattarai",Bhaktapur,akanshya.bhattarai@live.com
"Akanshya Ali Khan",Pokhara,akanshya.khan@gmail.com
"Laxmi  Bhattarai",Dharan,laxmi.bhattarai@gmail.com
"Akanshya  Sharma",Bhaktapur,akanshya.sharma@hotmail.com
"Laxmi  Tamang",Biratnagar,laxmi.tamang@gmail.com
"Venu Devi Thapa",Dharan,venu.thapa@live.com
"Laxmi  Rai",Kathmandu,laxmi.rai@gmail.com
"Venu  Sharma",Birgunj,venu.sharma@gmail.com
"Avantika Ali Sharma",Pokhara,avantika.sharma@live.com
"Fatima  Rai",Biratnagar,fatima.rai@gmail.com
"Laxmi Prasad Pandey",Bhaktapur,laxmi.pandey@hotmail.com
"Fatima  Iyer",Biratnagar,fatima.iyer@gmail.com
"Akanshya  Gurung",Bhaktapur,akanshya.gurung@live.com
"Shreya  Gurung",Butwal,shreya.gurung@live.com
"Avantika  Khan",Nepalgunj,avantika.khan@hotmail.com
"Laxmi  Thapa",Birgunj,laxmi.thapa@hotmail.com
"Farukh Kaur Rai",Butwal,farukh.rai@hotmail.com
"Laxman Kumari Iyer",Bhaktapur,laxman.iyer@gmail.com
"Fatima Gopal Gurung",Hetauda,fatima.gurung@hotmail.com
"Farukh Ali Tamang",Hetauda,farukh.tamang@gmail.com
"Shreya Kumar Rai",Bhaktapur,shreya.rai@live.com
"Akanshya  Bhattarai",Birgunj,akanshya.bhattarai@hotmail.com
"Farukh Rani Pandey",Pokhara,farukh.pandey@gmail.com
"Ram  Bhattarai",Kathmandu,ram.bhattarai@hotmail.com
"Laxmi Ali Sharma",Butwal,laxmi.sharma@gmail.com
"Venu Rani Rai",Kathmandu,venu.rai@live.com
"Avantika Kumari Iyer",Pokhara,avantika.iyer@live.com
"Hari Kumari Tamang",Dharan,hari.tamang@gmail.com
"Laxman Devi Shrestha",Hetauda,laxman.shrestha@hotmail.com
"Hari Rani Shrestha",Biratnagar,hari.shrestha@gmail.com
"Fatima Prasad Bhattarai",Kathmandu,fatima.bhattarai@live.com
"Laxman  Gurung",Bhaktapur,laxman.gurung@live.com
"Ram  Thapa",Nepalgunj,ram.thapa@hotmail.com
"Laxman Gopal Iyer",Lalitpur,laxman.iyer@gmail.com
"Fatima  Tamang",Biratnagar,fatima.tamang@gmail.com
"Laxmi Kumar Bhattarai",Nepalgunj,laxmi.bhattarai@gmail.com
"Venu Kumari Rai",Bhaktapur,venu.rai@live.com
"Avantika  Shrestha",Biratnagar,avantika.shrestha@hotmail.com
"Shreya  Thapa",Hetauda,shreya.thapa@hotmail.com
"Laxmi  Tamang",Birgunj,laxmi.tamang@live.com
"Farukh  Iyer",Birgunj,farukh.iyer@gmail.com
"Avantika Prasad Tamang",Birgunj,avantika.tamang@live.com
"Shreya  Bhattarai",Birgunj,shreya.bhattarai@gmail.com
"Akanshya Kumari Iyer",Pokhara,akanshya.iyer@gmail.com
"Hari  Sharma",Dharan,hari.sharma@hotmail.com
"Laxmi  Thapa",Butwal,laxmi.thapa@gmail.com
"Hari  Sharma",Pokhara,hari.sharma@live.com
"Laxmi  Gurung",Hetauda,laxmi.gurung@gmail.com
"Ram  Khan",Bhaktapur,ram.khan@hotmail.com
"Akanshya Ali Sharma",Butwal,akanshya.sharma@live.com
"Fatima Begum Thapa",Bhaktapur,fatima.thapa@live.com
"Fatima  Khan",Biratnagar,fatima.khan@live.com
"Shreya Kumari Rana",Nepalgunj,shreya.rana@gmail.com
"Fatima  Shrestha",Dharan,fatima.shrestha@hotmail.com
"Fatima  Shrestha",Kathmandu,fatima.shrestha@hotmail.com
"Venu Bahadur Bhattarai",Kathmandu,venu.bhattarai@gmail.com
"Laxman Devi Thapa",Kathmandu,laxman.thapa@live.com
"Akanshya Kumar Thapa",Biratnagar,akanshya.thapa@live.com
"Shreya  Khan",Dharan,shreya.khan@live.com
"Farukh  Gurung",Lalitpur,farukh.gurung@gmail.com
"Fatima Kumari Pandey",Hetauda,fatima.pandey@gmail.com
"Hari Devi Bhattarai",Biratnagar,hari.bhattarai@live.com
"Fatima Ali Rana",Bhaktapur,fatima.rana@live.com
"Farukh  Rai",Pokhara,farukh.rai@gmail.com
"Laxman  Rai",Kathmandu,laxman.rai@live.com
"Laxmi Gopal Rana",Pokhara,laxmi.rana@live.com
"Hari  Pandey",Nepalgunj,hari.pandey@live.com
"Shreya Devi Gurung",Hetauda,shreya.gurung@live.com
"Avantika  Gurung",Nepalgunj,avantika.gurung@hotmail.com
"Akanshya Gopal Thapa",Butwal,akanshya.thapa@hotmail.com
"Hari  Sharma",Pokhara,hari.sharma@live.com
"Laxmi  Sharma",Lalitpur,laxmi.sharma@gmail.com
"Laxmi  Rai",Hetauda,laxmi.rai@live.com
"Farukh Begum Rana",Kathmandu,farukh.rana@live.com
"Hari  Shrestha",Dharan,hari.shrestha@live.com
"Fatima Rani Pandey",Pokhara,fatima.pandey@hotmail.com
"Shreya Devi Sharma",Nepalgunj,shreya.sharma@live.com
"Fatima  Thapa",Biratnagar,fatima.thapa@hotmail.com
"Hari  Rana",Hetauda,hari.rana@live.com
"Farukh  Gurung",Dharan,farukh.gurung@live.com
"Laxmi  Pandey",Hetauda,laxmi.pandey@live.com
"Venu Begum Shrestha",Kathmandu,venu.shrestha@hotmail.com
"Farukh Begum Rai",Hetauda,farukh.rai@live.com
"Avantika  Pandey",Dharan,avantika.pandey@gmail.com
"Hari Prasad Bhattarai",Kathmandu,hari.bhattarai@hotmail.com
"Fatima  Pandey",Kathmandu,fatima.pandey@hotmail.com
"Hari Devi Khan",Lalitpur,hari.khan@live.com
"Fatima Gopal Bhattarai",Lalitpur,fatima.bhattarai@hotmail.com
"Laxmi Begum Rai",Pokhara,laxmi.rai@gmail.com
"Venu Rani Sharma",Nepalgunj,venu.sharma@hotmail.com
"Laxmi  Gurung",Nepalgunj,laxmi.gurung@gmail.com
"Shreya Ali Gurung",Hetauda,shreya.gurung@gmail.com
"Shreya Kumari Pandey",Lalitpur,shreya.pandey@gmail.com
"Venu Kaur Rai",Bhaktapur,venu.rai@hotmail.com
"Laxmi Gopal Pandey",Biratnagar,laxmi.pandey@gmail.com
"Shreya Kumari Shrestha",Lalitpur,shreya.shrestha@live.com
"Laxman  Pandey",Biratnagar,laxman.pandey@live.com
"Hari Prasad Shrestha",Biratnagar,hari.shrestha@gmail.com
"Laxmi  Sharma",Butwal,laxmi.sharma@live.com
"Shreya Prasad Khan",Birgunj,shreya.khan@hotmail.com
"Avantika Begum Khan",Birgunj,avantika.khan@live.com
"Hari  Gurung",Birgunj,hari.gurung@gmail.com
"Shreya  Tamang",Lalitpur,shreya.tamang@live.com
"Shreya  Rai",Bhaktapur,shreya.rai@hotmail.com
"Farukh Devi Iyer",Butwal,farukh.iyer@gmail.com
"Fatima  Rai",Dharan,fatima.rai@live.com
"Fatima  Tamang",Biratnagar,fatima.tamang@hotmail.com
"Ram  Pandey",Dharan,ram.pandey@live.com
"Venu Kumar Rai",Biratnagar,venu.rai@gmail.com
"Hari Prasad Gurung",Butwal,hari.gurung@gmail.com
"Hari  Thapa",Kathmandu,hari.thapa@gmail.com
"Ram  Sharma",Pokhara,ram.sharma@gmail.com
"Hari Gopal Rai",Pokhara,hari.rai@hotmail.com
"Farukh Gopal Pandey",Butwal,farukh.pandey@hotmail.com
"Laxman Kumari Gurung",Hetauda,laxman.gurung@live.com
"Laxman Rani Iyer",Biratnagar,laxman.iyer@gmail.com
"Ram Kumari Pandey",Biratnagar,ram.pandey@live.com
"Hari  Thapa",Butwal,hari.thapa@gmail.com
"Akanshya  Rana",Nepalgunj,akanshya.rana@live.com
"Laxmi  Iyer",Bhaktapur,laxmi.iyer@live.com
"Fatima  Gurung",Lalitpur,fatima.gurung@live.com
"Akanshya  Iyer",Lalitpur,akanshya.iyer@gmail.com
"Laxmi Kumar Rai",Butwal,laxmi.rai@live.com
"Akanshya  Sharma",Pokhara,akanshya.sharma@live.com
"Avantika Devi Iyer",Pokhara,avantika.iyer@gmail.com
"Shreya  Khan",Kathmandu,shreya.khan@live.com
"Avantika Ali Pandey",Nepalgunj,avantika.pandey@gmail.com
"Ram Ali Gurung",Pokhara,ram.gurung@live.com
"Avantika Begum Iyer",Biratnagar,avantika.iyer@live.com
"Shreya  Rana",Butwal,shreya.rana@hotmail.com
"Avantika  Gurung",Pokhara,avantika.gurung@gmail.com
"Laxman  Bhattarai",Lalitpur,laxman.bhattarai@live.com
"Shreya Bahadur Shrestha",Pokhara,shreya.shrestha@hotmail.com
"Akanshya Kaur Khan",Birgunj,akanshya.khan@hotmail.com
"Hari  Shrestha",Nepalgunj,hari.shrestha@gmail.com
"Akanshya Devi Shrestha",Butwal,akanshya.shrestha@gmail.com
"Ram Kumar Rana",Biratnagar,ram.rana@live.com
"Laxmi Kumar Thapa",Kathmandu,laxmi.thapa@live.com
"Fatima Ali Shrestha",Lalitpur,fatima.shrestha@hotmail.com
"Farukh  Thapa",Kathmandu,farukh.thapa@live.com
"Akanshya  Iyer",Nepalgunj,akanshya.iyer@hotmail.com
"Farukh Bahadur Tamang",Birgunj,farukh.tamang@live.com
"Farukh Kaur Bhattarai",Dharan,farukh.bhattarai@hotmail.com
"Hari  Shrestha",Dharan,hari.shrestha@live.com
"Shreya Devi Rai",Kathmandu,shreya.rai@hotmail.com
"Fatima  Pandey",Lalitpur,fatima.pandey@live.com
"Laxmi Devi Tamang",Hetauda,laxmi.tamang@gmail.com
"Ram  Sharma",Hetauda,ram.sharma@hotmail.com
"Avantika  Thapa",Biratnagar,avantika.thapa@hotmail.com
"Venu  Rai",Lalitpur,venu.rai@hotmail.com
"Venu Kaur Pandey",Nepalgunj,venu.pandey@live.com
"Farukh  Thapa",Hetauda,farukh.thapa@gmail.com
"Venu Bahadur Thapa",Biratnagar,venu.thapa@gmail.com
"Venu Prasad Gurung",Nepalgunj,venu.gurung@live.com
"Farukh  Rai",Biratnagar,farukh.rai@hotmail.com
"Venu Kumar Pandey",Lalitpur,venu.pandey@hotmail.com
"Hari  Bhattarai",Kathmandu,hari.bhattarai@gmail.com
"Laxmi  Tamang",Kathmandu,laxmi.tamang@gmail.com
"Fatima Devi Shrestha",Nepalgunj,fatima.shrestha@hotmail.com
"Fatima Ali Rai",Butwal,fatima.rai@live.com
"Hari  Pandey",Butwal,hari.pandey@gmail.com
"Hari  Shrestha",Butwal,hari.shrestha@gmail.com
"Laxman Kaur Tamang",Lalitpur,laxman.tamang@gmail.com
"Laxmi  Gurung",Birgunj,laxmi.gurung@live.com
"Laxmi Ali Bhattarai",Hetauda,laxmi.bhattarai@live.com
"Fatima  Bhattarai",Nepalgunj,fatima.bhattarai@hotmail.com
"Ram Prasad Shrestha",Butwal,ram.shrestha@hotmail.com
"Fatima  Thapa",Lalitpur,fatima.thapa@live.com
"Ram Begum Thapa",Pokhara,ram.thapa@live.com
"Laxman  Rana",Butwal,laxman.rana@hotmail.com
"Hari  Sharma",Bhaktapur,hari.sharma@gmail.com
"Laxman Kumar Pandey",Lalitpur,laxman.pandey@gmail.com
"Ram Begum Shrestha",Dharan,ram.shrestha@gmail.com
"Laxman  Rana",Birgunj,laxman.rana@hotmail.com
"Venu  Khan",Hetauda,venu.khan@gmail.com
"Fatima  Thapa",Hetauda,fatima.thapa@live.com
"Farukh  Bhattarai",Birgunj,farukh.bhattarai@gmail.com
"Shreya  Rana",Biratnagar,shreya.rana@hotmail.com
"Venu  Rana",Biratnagar,venu.rana@hotmail.com
"Laxmi  Gurung",Biratnagar,laxmi.gurung@live.com
"Hari Kumari Rana",Pokhara,hari.rana@live.com
"Laxman Begum Iyer",Hetauda,laxman.iyer@gmail.com
"Farukh Devi Pandey",Lalitpur,farukh.pandey@live.com
"Fatima  Shrestha",Nepalgunj,fatima.shrestha@live.com
"Laxmi Bahadur Bhattarai",Hetauda,laxmi.bhattarai@hotmail.com
"Venu Begum Tamang",Butwal,venu.tamang@hotmail.com
"Shreya  Rai",Biratnagar,shreya.rai@live.com
"Hari Gopal Iyer",Kathmandu,hari.iyer@gmail.com
"Laxman Prasad Rana",Pokhara,laxman.rana@live.com
"Hari Begum Tamang",Birgunj,hari.tamang@hotmail.com
"Fatima  Iyer",Birgunj,fatima.iyer@live.com
"Hari  Iyer",Kathmandu,hari.iyer@gmail.com
"Laxman  Thapa",Lalitpur,laxman.thapa@gmail.com
"Laxman  Gurung",Nepalgunj,laxman.gurung@gmail.com
"Shreya  Tamang",Kathmandu,shreya.tamang@hotmail.com
"Hari Begum Shrestha",Bhaktapur,hari.shrestha@gmail.com
"Hari Kumari Shrestha",Butwal,hari.shrestha@live.com
"Ram  Thapa",Dharan,ram.thapa@gmail.com
"Avantika Devi Pandey",Hetauda,avantika.pandey@hotmail.com
"Laxman Kumar Rai",Dharan,laxman.rai@live.com
"Akanshya  Pandey",Biratnagar,akanshya.pandey@gmail.com
"Ram Kumari Rana",Birgunj,ram.rana@gmail.com
"Laxman  Thapa",Bhaktapur,laxman.thapa@gmail.com
"Shreya  Gurung",Biratnagar,shreya.gurung@hotmail.com
"Avantika Prasad Iyer",Birgunj,avantika.iyer@live.com
"Fatima  Iyer",Pokhara,fatima.iyer@live.com
"Hari Kaur Pandey",Butwal,hari.pandey@hotmail.com
"Avantika Begum Iyer",Hetauda,avantika.iyer@gmail.com
"Venu  Gurung",Nepalgunj,venu.gurung@gmail.com
"Laxmi Bahadur Rai",Nepalgunj,laxmi.rai@hotmail.com
"Hari Rani Gurung",Nepalgunj,hari.gurung@hotmail.com
"Shreya Kaur Khan",Dharan,shreya.khan@hotmail.com
"Fatima Gopal Sharma",Hetauda,fatima.sharma@gmail.com
"Akanshya  Rai",Bhaktapur,akanshya.rai@gmail.com
"Venu  Khan",Kathmandu,venu.khan@live.com
"Hari  Sharma",Hetauda,hari.sharma@hotmail.com
"Shreya  Rana",Bhaktapur,shreya.rana@live.com
"Akanshya  Iyer",Pokhara,akanshya.iyer@gmail.com
"Hari Prasad Bhattarai",Kathmandu,hari.bhattarai@hotmail.com
"Ram  Iyer",Kathmandu,ram.iyer@gmail.com
"Laxman  Thapa",Birgunj,laxman.thapa@live.com
"Fatima Devi Rana",Lalitpur,fatima.rana@live.com
"Avantika Kumar Bhattarai",Lalitpur,avantika.bhattarai@gmail.com
"Ram  Iyer",Dharan,ram.iyer@gmail.com
"Venu Gopal Tamang",Biratnagar,venu.tamang@live.com
"Venu Ali Shrestha",Dharan,venu.shrestha@gmail.com
"Fatima  Thapa",Dharan,fatima.thapa@hotmail.com
"Laxmi  Gurung",Dharan,laxmi.gurung@live.com
"Laxmi  Shrestha",Hetauda,laxmi.shrestha@hotmail.com
"Laxmi  Khan",Butwal,laxmi.khan@live.com
"Avantika Kaur Rana",Kathmandu,avantika.rana@live.com
"Venu  Thapa",Lalitpur,venu.thapa@gmail.com
"Ram Ali Gurung",Pokhara,ram.gurung@live.com
"Venu Kumari Bhattarai",Pokhara,venu.bhattarai@hotmail.com
"Laxman Begum Rana",Birgunj,laxman.rana@hotmail.com
"Farukh Kaur Khan",Hetauda,farukh.khan@hotmail.com
"Ram Bahadur Sharma",Dharan,ram.sharma@live.com
"Laxman Kumar Pandey",Bhaktapur,laxman.pandey@live.com
"Venu  Thapa",Kathmandu,venu.thapa@hotmail.com
"Laxman  Thapa",Butwal,laxman.thapa@gmail.com
"Laxman  Tamang",Kathmandu,laxman.tamang@gmail.com
"Avantika  Tamang",Pokhara,avantika.tamang@live.com
"Laxmi Kumar Pandey",Pokhara,laxmi.pandey@hotmail.com
"Laxman  Rai",Bhaktapur,laxman.rai@live.com
"Avantika Devi Rai",Butwal,avantika.rai@gmail.com
"Farukh  Pandey",Biratnagar,farukh.pandey@gmail.com
"Akanshya  Bhattarai",Pokhara,akanshya.bhattarai@gmail.com
"Hari  Rana",Pokhara,hari.rana@live.com
"Venu Kumari Pandey",Lalitpur,venu.pandey@live.com
"Ram  Pandey",Butwal,ram.pandey@gmail.com
"Akanshya  Bhattarai",Biratnagar,akanshya.bhattarai@gmail.com
"Laxmi  Tamang",Bhaktapur,laxmi.tamang@live.com
"Hari  Bhattarai",Birgunj,hari.bhattarai@live.com
"Hari Begum Iyer",Nepalgunj,hari.iyer@live.com
"Shreya  Sharma",Lalitpur,shreya.sharma@live.com
"Laxman  Iyer",Dharan,laxman.iyer@gmail.com
"Farukh Begum Rana",Bhaktapur,farukh.rana@hotmail.com
"Venu  Pandey",Hetauda,venu.pandey@gmail.com
"Avantika  Gurung",Biratnagar,avantika.gurung@gmail.com
"Avantika Rani Iyer",Lalitpur,avantika.iyer@live.com
"Farukh  Tamang",Nepalgunj,farukh.tamang@gmail.com
"Laxmi  Shrestha",Pokhara,laxmi.shrestha@gmail.com
"Laxman  Shrestha",Hetauda,laxman.shrestha@hotmail.com
"Fatima  Pandey",Butwal,fatima.pandey@gmail.com
"Hari  Bhattarai",Dharan,hari.bhattarai@live.com
"Laxmi  Sharma",Dharan,laxmi.sharma@hotmail.com
"Venu Prasad Bhattarai",Dharan,venu.bhattarai@live.com
"Ram  Rana",Lalitpur,ram.rana@hotmail.com
"Farukh Gopal Gurung",Birgunj,farukh.gurung@live.com
"Laxman Kumari Rana",Lalitpur,laxman.rana@live.com
"Akanshya Ali Bhattarai",Birgunj,akanshya.bhattarai@hotmail.com
"Ram Ali Sharma",Biratnagar,ram.sharma@gmail.com
"Farukh Bahadur Gurung",Pokhara,farukh.gurung@gmail.com
"Laxman  Rai",Hetauda,laxman.rai@live.com
"Fatima Gopal Thapa",Biratnagar,fatima.thapa@gmail.com
"Avantika Kumari Khan",Lalitpur,avantika.khan@gmail.com
"Ram Prasad Tamang",Nepalgunj,ram.tamang@gmail.com
"Shreya Ali Gurung",Dharan,shreya.gurung@gmail.com
"Avantika  Gurung",Bhaktapur,avantika.gurung@hotmail.com
"Shreya Prasad Pandey",Lalitpur,shreya.pandey@gmail.com
"Fatima  Rana",Biratnagar,fatima.rana@live.com
"Laxmi Begum Tamang",Nepalgunj,laxmi.tamang@live.com
"Venu  Khan",Pokhara,venu.khan@gmail.com
"Laxman Kumari Tamang",Hetauda,laxman.tamang@hotmail.com
"Shreya Kaur Rai",Biratnagar,shreya.rai@gmail.com
"Venu Prasad Bhattarai",Pokhara,venu.bhattarai@hotmail.com
"Farukh  Thapa",Birgunj,farukh.thapa@live.com
"Fatima  Shrestha",Bhaktapur,fatima.shrestha@gmail.com
"Avantika Rani Rai",Lalitpur,avantika.rai@hotmail.com
"Laxmi Kaur Rana",Biratnagar,laxmi.rana@live.com
"Venu Rani Sharma",Biratnagar,venu.sharma@hotmail.com
"Ram Bahadur Khan",Kathmandu,ram.khan@live.com
"Ram  Thapa",Biratnagar,ram.thapa@gmail.com
"Akanshya Ali Gurung",Biratnagar,akanshya.gurung@gmail.com
"Akanshya Gopal Shrestha",Nepalgunj,akanshya.shrestha@gmail.com
"Fatima  Pandey",Hetauda,fatima.pandey@hotmail.com
"Shreya  Gurung",Dharan,shreya.gurung@live.com
"Avantika Gopal Iyer",Lalitpur,avantika.iyer@live.com
"Laxmi  Gurung",Biratnagar,laxmi.gurung@gmail.com
"Hari Ali Rai",Nepalgunj,hari.rai@live.com
"Ram Kumar Tamang",Dharan,ram.tamang@gmail.com
"Shreya  Thapa",Pokhara,shreya.thapa@gmail.com
"Hari Kumar Khan",Pokhara,hari.khan@gmail.com
"Ram  Sharma",Hetauda,ram.sharma@gmail.com
"Shreya  Rana",Hetauda,shreya.rana@gmail.com
"Hari  Sharma",Birgunj,hari.sharma@hotmail.com
"Akanshya  Iyer",Nepalgunj,akanshya.iyer@hotmail.com
"Avantika  Khan",Bhaktapur,avantika.khan@hotmail.com
"Ram Prasad Rai",Dharan,ram.rai@gmail.com
"Shreya Gopal Tamang",Dharan,shreya.tamang@hotmail.com
"Hari Gopal Khan",Hetauda,hari.khan@gmail.com
"Hari  Iyer",Lalitpur,hari.iyer@hotmail.com
"Shreya Devi Gurung",Pokhara,shreya.gurung@gmail.com
"Laxman Devi Rai",Bhaktapur,laxman.rai@live.com
"Venu  Iyer",Lalitpur,venu.iyer@live.com
"Laxman  Thapa",Pokhara,laxman.thapa@hotmail.com
"Hari Gopal Thapa",Biratnagar,hari.thapa@hotmail.com
"Laxman Begum Shrestha",Kathmandu,laxman.shrestha@gmail.com
"Shreya  Rai",Lalitpur,shreya.rai@gmail.com
"Venu Devi Pandey",Butwal,venu.pandey@gmail.com
"Avantika  Iyer",Hetauda,avantika.iyer@gmail.com
"Ram Kumar Shrestha",Lalitpur,ram.shrestha@gmail.com
"Akanshya  Thapa",Lalitpur,akanshya.thapa@gmail.com
"Ram  Sharma",Dharan,ram.sharma@gmail.com
"Avantika Rani Gurung",Birgunj,avantika.gurung@live.com
"Ram Gopal Tamang",Nepalgunj,ram.tamang@hotmail.com
"Laxman Devi Khan",Bhaktapur,laxman.khan@live.com
"Avantika  Bhattarai",Kathmandu,avantika.bhattarai@hotmail.com
"Laxman  Rana",Birgunj,laxman.rana@live.com
"Farukh  Gurung",Nepalgunj,farukh.gurung@gmail.com
"Venu  Shrestha",Hetauda,venu.shrestha@live.com
"Avantika Rani Bhattarai",Dharan,avantika.bhattarai@live.com
"Farukh  Shrestha",Butwal,farukh.shrestha@live.com
"Ram Devi Rana",Pokhara,ram.rana@hotmail.com
"Laxmi Bahadur Rana",Dharan,laxmi.rana@hotmail.com
"Laxman  Pandey",Butwal,laxman.pandey@gmail.com
"Akanshya Gopal Iyer",Bhaktapur,akanshya.iyer@hotmail.com
"Ram  Pandey",Kathmandu,ram.pandey@hotmail.com
"Shreya  Khan",Hetauda,shreya.khan@gmail.com
"Hari Ali Gurung",Dharan,hari.gurung@gmail.com
"Venu  Bhattarai",Hetauda,venu.bhattarai@hotmail.com
"Fatima Kumar Iyer",Birgunj,fatima.iyer@hotmail.com
"Ram Bahadur Thapa",Lalitpur,ram.thapa@hotmail.com
"Venu Kumari Rana",Pokhara,venu.rana@hotmail.com
"Ram Kaur Khan",Pokhara,ram.khan@live.com
"Shreya  Bhattarai",Birgunj,shreya.bhattarai@gmail.com
"Ram Begum Bhattarai",Lalitpur,ram.bhattarai@hotmail.com
"Avantika Kumari Bhattarai",Kathmandu,avantika.bhattarai@hotmail.com
"Hari  Bhattarai",Kathmandu,hari.bhattarai@gmail.com
"Hari Gopal Sharma",Lalitpur,hari.sharma@gmail.com
"Venu Bahadur Shrestha",Pokhara,venu.shrestha@live.com
"Ram  Gurung",Nepalgunj,ram.gurung@live.com
"Farukh Begum Shrestha",Kathmandu,farukh.shrestha@gmail.com
"Laxman  Shrestha",Bhaktapur,laxman.shrestha@hotmail.com
"Laxman Kumar Bhattarai",Kathmandu,laxman.bhattarai@live.com
"Venu Ali Pandey",Dharan,venu.pandey@hotmail.com
"Shreya Kumar Rai",Dharan,shreya.rai@hotmail.com
"Avantika  Iyer",Butwal,avantika.iyer@hotmail.com
"Laxman  Gurung",Bhaktapur,laxman.gurung@live.com
"Laxmi Ali Khan",Birgunj,laxmi.khan@gmail.com
"Avantika Kaur Iyer",Bhaktapur,avantika.iyer@gmail.com
"Shreya Kaur Tamang",Hetauda,shreya.tamang@gmail.com
"Venu Kaur Shrestha",Biratnagar,venu.shrestha@hotmail.com
"Farukh  Thapa",Nepalgunj,farukh.thapa@hotmail.com
"Laxman Kumari Khan",Nepalgunj,laxman.khan@live.com
"Venu  Shrestha",Dharan,venu.shrestha@live.com
"Avantika  Thapa",Biratnagar,avantika.thapa@hotmail.com
"Laxmi Rani Sharma",Dharan,laxmi.sharma@live.com
"Hari  Iyer",Bhaktapur,hari.iyer@gmail.com
"Venu  Sharma",Bhaktapur,venu.sharma@gmail.com
"Akanshya  Sharma",Hetauda,akanshya.sharma@live.com
"Ram Begum Bhattarai",Pokhara,ram.bhattarai@gmail.com
"Akanshya Kumar Khan",Butwal,akanshya.khan@hotmail.com
"Ram  Thapa",Nepalgunj,ram.thapa@hotmail.com
"Ram  Rai",Lalitpur,ram.rai@hotmail.com
"Hari  Bhattarai",Birgunj,hari.bhattarai@gmail.com
"Farukh  Pandey",Birgunj,farukh.pandey@gmail.com
"Ram Begum Sharma",Kathmandu,ram.sharma@hotmail.com
"Shreya Prasad Sharma",Pokhara,shreya.sharma@live.com
"Avantika Bahadur Rai",Nepalgunj,avantika.rai@gmail.com
"Farukh  Bhattarai",Hetauda,farukh.bhattarai@hotmail.com
"Laxman Gopal Thapa",Kathmandu,laxman.thapa@gmail.com
"Shreya  Pandey",Dharan,shreya.pandey@live.com
"Hari  Shrestha",Hetauda,hari.shrestha@gmail.com
"Ram  Sharma",Hetauda,ram.sharma@gmail.com
"Farukh Kaur Bhattarai",Butwal,farukh.bhattarai@gmail.com
"Fatima Devi Khan",Dharan,fatima.khan@live.com
"Shreya  Thapa",Birgunj,shreya.thapa@live.com
"Akanshya  Rai",Nepalgunj,akanshya.rai@live.com
"Fatima Kumar Thapa",Lalitpur,fatima.thapa@gmail.com
"Venu Ali Pandey",Biratnagar,venu.pandey@gmail.com
"Laxman Prasad Rana",Kathmandu,laxman.rana@live.com
"Shreya  Khan",Nepalgunj,shreya.khan@live.com
"Laxmi Bahadur Tamang",Kathmandu,laxmi.tamang@live.com
"Venu Begum Tamang",Dharan,venu.tamang@hotmail.com
"Hari Gopal Rai",Kathmandu,hari.rai@hotmail.com
"Laxman Begum Shrestha",Birgunj,laxman.shrestha@hotmail.com
"Laxman Ali Thapa",Nepalgunj,laxman.thapa@hotmail.com
"Laxmi Prasad Bhattarai",Bhaktapur,laxmi.bhattarai@hotmail.com
"Shreya Begum Shrestha",Dharan,shreya.shrestha@hotmail.com
"Fatima  Thapa",Nepalgunj,fatima.thapa@hotmail.com
"Akanshya  Rai",Dharan,akanshya.rai@hotmail.com
"Avantika  Rana",Nepalgunj,avantika.rana@hotmail.com
"Laxman Kaur Bhattarai",Hetauda,laxman.bhattarai@live.com
"Shreya  Rai",Birgunj,shreya.rai@hotmail.com
"Shreya  Tamang",Dharan,shreya.tamang@hotmail.com
"Hari Devi Sharma",Dharan,hari.sharma@gmail.com
"Farukh  Tamang",Bhaktapur,farukh.tamang@hotmail.com
"Avantika Devi Iyer",Pokhara,avantika.iyer@live.com
"Shreya Kumari Thapa",Birgunj,shreya.thapa@hotmail.com
"Ram Prasad Bhattarai",Nepalgunj,ram.bhattarai@gmail.com
"Venu  Rai",Lalitpur,venu.rai@hotmail.com
"Laxman  Iyer",Biratnagar,laxman.iyer@hotmail.com
"Fatima  Iyer",Birgunj,fatima.iyer@gmail.com
"Farukh  Sharma",Hetauda,farukh.sharma@hotmail.com
"Fatima  Khan",Nepalgunj,fatima.khan@live.com
"Avantika Gopal Bhattarai",Pokhara,avantika.bhattarai@gmail.com
"Hari  Iyer",Pokhara,hari.iyer@live.com
"Laxmi Gopal Pandey",Birgunj,laxmi.pandey@hotmail.com
"Laxman  Rai",Butwal,laxman.rai@hotmail.com
"Avantika  Gurung",Hetauda,avantika.gurung@gmail.com
"Venu  Iyer",Pokhara,venu.iyer@gmail.com
"Farukh  Bhattarai",Pokhara,farukh.bhattarai@live.com
"Hari  Pandey",Nepalgunj,hari.pandey@live.com
"Hari Prasad Iyer",Biratnagar,hari.iyer@live.com
"Hari Rani Gurung",Hetauda,hari.gurung@live.com
"Farukh  Pandey",Butwal,farukh.pandey@live.com
"Hari  Iyer",Dharan,hari.iyer@hotmail.com
"Ram Gopal Tamang",Kathmandu,ram.tamang@gmail.com
"Ram  Rana",Bhaktapur,ram.rana@gmail.com
"Venu Prasad Gurung",Pokhara,venu.gurung@live.com
"Farukh  Pandey",Kathmandu,farukh.pandey@gmail.com
"Avantika Kumari Pandey",Hetauda,avantika.pandey@live.com
"Ram  Bhattarai",Biratnagar,ram.bhattarai@hotmail.com
"Ram  Thapa",Lalitpur,ram.thapa@hotmail.com
"Laxman Begum Rana",Pokhara,laxman.rana@live.com
"Fatima  Bhattarai",Lalitpur,fatima.bhattarai@hotmail.com
"Venu Kaur Rana",Biratnagar,venu.rana@live.com
"Laxmi  Pandey",Kathmandu,laxmi.pandey@hotmail.com
"Shreya  Pandey",Dharan,shreya.pandey@live.com
"Farukh  Rai",Kathmandu,farukh.rai@hotmail.com
"Avantika Prasad Tamang",Birgunj,avantika.tamang@live.com
"Akanshya  Tamang",Dharan,akanshya.tamang@live.com
"Fatima  Pandey",Biratnagar,fatima.pandey@hotmail.com
"Hari  Pandey",Kathmandu,hari.pandey@hotmail.com
"Shreya Kumari Pandey",Lalitpur,shreya.pandey@gmail.com
"Fatima Rani Gurung",Kathmandu,fatima.gurung@live.com
"Akanshya Prasad Rana",Pokhara,akanshya.rana@hotmail.com
"Venu Ali Rana",Pokhara,venu.rana@live.com
"Fatima Devi Iyer",Butwal,fatima.iyer@hotmail.com
"Fatima Prasad Rai",Lalitpur,fatima.rai@gmail.com
"Ram  Sharma",Dharan,ram.sharma@gmail.com
"Laxmi Begum Bhattarai",Hetauda,laxmi.bhattarai@hotmail.com
"Fatima  Bhattarai",Pokhara,fatima.bhattarai@live.com
"Hari  Rai",Pokhara,hari.rai@hotmail.com
"Venu Begum Sharma",Kathmandu,venu.sharma@live.com
"Laxmi  Sharma",Bhaktapur,laxmi.sharma@gmail.com
"Fatima  Rana",Biratnagar,fatima.rana@hotmail.com
"Akanshya  Khan",Lalitpur,akanshya.khan@live.com
"Fatima  Thapa",Dharan,fatima.thapa@hotmail.com
"Shreya Kumari Rana",Nepalgunj,shreya.rana@hotmail.com
"Laxman Kaur Gurung",Birgunj,laxman.gurung@gmail.com
"Fatima Gopal Pandey",Butwal,fatima.pandey@live.com
"Hari  Rai",Pokhara,hari.rai@hotmail.com
"Hari Kaur Sharma",Hetauda,hari.sharma@hotmail.com
"Hari  Khan",Birgunj,hari.khan@hotmail.com
"Shreya  Shrestha",Kathmandu,shreya.shrestha@live.com
"Laxmi  Shrestha",Butwal,laxmi.shrestha@live.com
"Shreya  Rana",Nepalgunj,shreya.rana@gmail.com
"Venu Prasad Khan",Birgunj,venu.khan@gmail.com
"Fatima Devi Khan",Butwal,fatima.khan@live.com
"Fatima Rani Rana",Nepalgunj,fatima.rana@hotmail.com
"Fatima  Khan",Lalitpur,fatima.khan@gmail.com
"Fatima Devi Gurung",Kathmandu,fatima.gurung@hotmail.com
"Akanshya  Shrestha",Butwal,akanshya.shrestha@gmail.com
"Farukh Gopal Pandey",Hetauda,farukh.pandey@live.com
"Shreya Kumar Rana",Bhaktapur,shreya.rana@gmail.com
"Venu  Gurung",Bhaktapur,venu.gurung@gmail.com
"Shreya  Shrestha",Dharan,shreya.shrestha@gmail.com
"Avantika Prasad Tamang",Lalitpur,avantika.tamang@gmail.com
"Avantika  Rai",Birgunj,avantika.rai@gmail.com
"Shreya Devi Pandey",Nepalgunj,shreya.pandey@live.com
"Avantika  Thapa",Biratnagar,avantika.thapa@live.com
"Fatima  Rana",Pokhara,fatima.rana@gmail.com
"Laxman Prasad Bhattarai",Birgunj,laxman.bhattarai@live.com
"Farukh Prasad Sharma",Dharan,farukh.sharma@hotmail.com
"Hari  Pandey",Lalitpur,hari.pandey@hotmail.com
"Avantika  Bhattarai",Birgunj,avantika.bhattarai@gmail.com
"Avantika  Bhattarai",Lalitpur,avantika.bhattarai@gmail.com
"Avantika Ali Thapa",Kathmandu,avantika.thapa@live.com
"Fatima Bahadur Shrestha",Hetauda,fatima.shrestha@live.com
"Akanshya Gopal Gurung",Nepalgunj,akanshya.gurung@live.com
"Laxman  Rai",Biratnagar,laxman.rai@hotmail.com
"Ram  Tamang",Birgunj,ram.tamang@live.com
"Avantika  Rana",Nepalgunj,avantika.rana@hotmail.com
"Farukh  Tamang",Pokhara,farukh.tamang@hotmail.com
"Laxmi  Pandey",Lalitpur,laxmi.pandey@hotmail.com
"Ram  Rai",Nepalgunj,ram.rai@hotmail.com
"Akanshya  Thapa",Butwal,akanshya.thapa@hotmail.com
"Hari Kumari Shrestha",Biratnagar,hari.shrestha@gmail.com
"Laxmi  Tamang",Dharan,laxmi.tamang@hotmail.com
"Laxman  Pandey",Kathmandu,laxman.pandey@live.com
"Laxman  Tamang",Butwal,laxman.tamang@live.com
"Farukh  Rai",Bhaktapur,farukh.rai@hotmail.com
"Laxmi  Iyer",Kathmandu,laxmi.iyer@live.com
"Avantika Prasad Shrestha",Lalitpur,avantika.shrestha@hotmail.com
"Venu  Rana",Bhaktapur,venu.rana@live.com
"Shreya Begum Rai",Bhaktapur,shreya.rai@live.com
"Avantika Bahadur Sharma",Lalitpur,avantika.sharma@hotmail.com
"Fatima Kaur Thapa",Lalitpur,fatima.thapa@hotmail.com
"Hari Prasad Rai",Butwal,hari.rai@hotmail.com
"Hari Bahadur Gurung",Nepalgunj,hari.gurung@live.com
"Ram  Pandey",Pokhara,ram.pandey@live.com
"Akanshya Bahadur Bhattarai",Birgunj,akanshya.bhattarai@gmail.com
"Laxman Bahadur Sharma",Pokhara,laxman.sharma@gmail.com
"Shreya Kumar Sharma",Lalitpur,shreya.sharma@live.com
"Avantika Kaur Iyer",Pokhara,avantika.iyer@live.com
"Hari Kaur Pandey",Birgunj,hari.pandey@gmail.com
"Shreya  Pandey",Nepalgunj,shreya.pandey@hotmail.com
"Fatima Begum Thapa",Lalitpur,fatima.thapa@gmail.com
"Ram  Tamang",Biratnagar,ram.tamang@gmail.com
"Akanshya Kaur Khan",Butwal,akanshya.khan@hotmail.com
"Avantika Kaur Sharma",Nepalgunj,avantika.sharma@hotmail.com
"Shreya  Gurung",Lalitpur,shreya.gurung@hotmail.com
"Ram  Iyer",Birgunj,ram.iyer@gmail.com
"Shreya Kumari Bhattarai",Hetauda,shreya.bhattarai@hotmail.com
"Akanshya Rani Iyer",Butwal,akanshya.iyer@live.com
"Farukh Gopal Rana",Bhaktapur,farukh.rana@gmail.com
"Farukh  Sharma",Bhaktapur,farukh.sharma@gmail.com
"Ram  Khan",Birgunj,ram.khan@live.com
"Laxman  Bhattarai",Biratnagar,laxman.bhattarai@hotmail.com
"Akanshya Gopal Bhattarai",Hetauda,akanshya.bhattarai@gmail.com
"Laxman  Iyer",Lalitpur,laxman.iyer@live.com
"Shreya  Sharma",Nepalgunj,shreya.sharma@live.com
"Akanshya Prasad Gurung",Kathmandu,akanshya.gurung@hotmail.com
"Avantika  Pandey",Nepalgunj,avantika.pandey@gmail.com
"Venu  Khan",Hetauda,venu.khan@live.com
"Fatima  Khan",Biratnagar,fatima.khan@gmail.com
"Akanshya Gopal Sharma",Dharan,akanshya.sharma@hotmail.com
"Avantika  Pandey",Butwal,avantika.pandey@hotmail.com
"Venu  Iyer",Lalitpur,venu.iyer@hotmail.com
"Fatima Kumari Sharma",Lalitpur,fatima.sharma@live.com
"Avantika Bahadur Iyer",Pokhara,avantika.iyer@hotmail.com
"Venu  Pandey",Lalitpur,venu.pandey@hotmail.com
"Laxmi Rani Pandey",Birgunj,laxmi.pandey@gmail.com
"Ram  Rai",Pokhara,ram.rai@live.com
"Hari  Bhattarai",Nepalgunj,hari.bhattarai@live.com
"Shreya Kaur Sharma",Biratnagar,shreya.sharma@hotmail.com
"Hari  Rana",Birgunj,hari.rana@gmail.com
"Farukh Kumar Rai",Biratnagar,farukh.rai@hotmail.com
"Fatima Bahadur Thapa",Birgunj,fatima.thapa@live.com
"Hari  Rai",Kathmandu,hari.rai@live.com
"Akanshya Kaur Thapa",Butwal,akanshya.thapa@live.com
"Akanshya  Bhattarai",Lalitpur,akanshya.bhattarai@live.com
"Laxmi  Gurung",Butwal,laxmi.gurung@live.com
"Venu Rani Pandey",Bhaktapur,venu.pandey@hotmail.com
"Shreya Rani Rana",Lalitpur,shreya.rana@live.com
"Avantika  Rai",Dharan,avantika.rai@hotmail.com
"Ram  Rai",Dharan,ram.rai@hotmail.com
"Ram  Shrestha",Kathmandu,ram.shrestha@hotmail.com
"Ram Prasad Iyer",Pokhara,ram.iyer@live.com
"Ram Bahadur Thapa",Dharan,ram.thapa@live.com
"Akanshya Ali Khan",Lalitpur,akanshya.khan@hotmail.com
"Shreya Kumar Rai",Dharan,shreya.rai@gmail.com
"Akanshya Devi Bhattarai",Bhaktapur,akanshya.bhattarai@gmail.com
"Farukh Prasad Shrestha",Kathmandu,farukh.shrestha@gmail.com
"Laxman Bahadur Sharma",Bhaktapur,laxman.sharma@hotmail.com
"Hari  Thapa",Butwal,hari.thapa@hotmail.com
"Laxmi  Bhattarai",Dharan,laxmi.bhattarai@gmail.com
"Fatima  Thapa",Bhaktapur,fatima.thapa@hotmail.com
"Shreya  Shrestha",Hetauda,shreya.shrestha@gmail.com
"Laxman  Khan",Dharan,laxman.khan@hotmail.com
"Shreya Kumari Rana",Dharan,shreya.rana@hotmail.com
"Venu Devi Tamang",Kathmandu,venu.tamang@hotmail.com
"Laxman Rani Iyer",Birgunj,laxman.iyer@hotmail.com
"Fatima  Pandey",Biratnagar,fatima.pandey@hotmail.com
"Farukh  Rana",Kathmandu,farukh.rana@hotmail.com
"Shreya Devi Tamang",Lalitpur,shreya.tamang@hotmail.com
"Laxmi  Rana",Birgunj,laxmi.rana@hotmail.com
"Akanshya  Pandey",Dharan,akanshya.pandey@live.com
"Fatima Begum Khan",Pokhara,fatima.khan@gmail.com
"Laxman Bahadur Rana",Hetauda,laxman.rana@gmail.com
"Laxmi  Rai",Lalitpur,laxmi.rai@hotmail.com
"Laxman  Shrestha",Nepalgunj,laxman.shrestha@live.com
"Hari Begum Pandey",Lalitpur,hari.pandey@hotmail.com
"Avantika  Iyer",Butwal,avantika.iyer@hotmail.com
"Hari Prasad Shrestha",Kathmandu,hari.shrestha@live.com
"Ram Bahadur Shrestha",Biratnagar,ram.shrestha@gmail.com
"Venu  Tamang",Hetauda,venu.tamang@gmail.com
"Farukh Kumar Sharma",Pokhara,farukh.sharma@gmail.com
"Laxmi Kumari Khan",Butwal,laxmi.khan@live.com
"Hari  Bhattarai",Bhaktapur,hari.bhattarai@live.com
"Shreya Kaur Pandey",Dharan,shreya.pandey@live.com
"Shreya Bahadur Gurung",Lalitpur,shreya.gurung@gmail.com
"Fatima  Gurung",Nepalgunj,fatima.gurung@live.com
"Hari  Bhattarai",Bhaktapur,hari.bhattarai@live.com
"Hari Kaur Shrestha",Butwal,hari.shrestha@gmail.com
"Laxmi Devi Pandey",Dharan,laxmi.pandey@hotmail.com
"Shreya  Shrestha",Dharan,shreya.shrestha@gmail.com
"Farukh Prasad Rana",Kathmandu,farukh.rana@live.com
"Shreya Bahadur Pandey",Lalitpur,shreya.pandey@hotmail.com
"Venu Kumar Shrestha",Pokhara,venu.shrestha@hotmail.com
"Venu Prasad Bhattarai",Pokhara,venu.bhattarai@hotmail.com
"Ram Kumari Tamang",Nepalgunj,ram.tamang@hotmail.com
"Akanshya Rani Pandey",Pokhara,akanshya.pandey@gmail.com
"Laxman  Gurung",Biratnagar,laxman.gurung@gmail.com
"Venu  Shrestha",Nepalgunj,venu.shrestha@hotmail.com
"Laxman Begum Thapa",Lalitpur,laxman.thapa@live.com
"Laxmi  Pandey",Biratnagar,laxmi.pandey@gmail.com
"Laxman Kumari Rana",Nepalgunj,laxman.rana@gmail.com
"Farukh  Pandey",Bhaktapur,farukh.pandey@hotmail.com
"Avantika  Thapa",Pokhara,avantika.thapa@hotmail.com
"Laxmi  Thapa",Kathmandu,laxmi.thapa@gmail.com
"Laxman Begum Bhattarai",Kathmandu,laxman.bhattarai@gmail.com
"Farukh  Sharma",Dharan,farukh.sharma@hotmail.com
"Avantika  Rana",Nepalgunj,avantika.rana@live.com
"Ram Kaur Khan",Nepalgunj,ram.khan@hotmail.com
"Laxman  Khan",Lalitpur,laxman.khan@gmail.com
"Avantika  Sharma",Dharan,avantika.sharma@gmail.com
"Farukh  Shrestha",Birgunj,farukh.shrestha@gmail.com
"Akanshya  Thapa",Dharan,akanshya.thapa@gmail.com
"Laxmi  Iyer",Pokhara,laxmi.iyer@gmail.com
"Shreya  Thapa",Butwal,shreya.thapa@hotmail.com
"Laxmi  Tamang",Biratnagar,laxmi.tamang@live.com
"Akanshya Rani Gurung",Lalitpur,akanshya.gurung@hotmail.com
"Laxmi Rani Thapa",Birgunj,laxmi.thapa@hotmail.com
"Akanshya Kaur Khan",Birgunj,akanshya.khan@gmail.com
"Shreya Kumari Tamang",Nepalgunj,shreya.tamang@gmail.com
"Ram Gopal Rana",Dharan,ram.rana@live.com
"Fatima Rani Shrestha",Pokhara,fatima.shrestha@live.com
"Venu Kaur Thapa",Dharan,venu.thapa@live.com
"Laxmi Kaur Gurung",Nepalgunj,laxmi.gurung@hotmail.com
"Venu  Tamang",Dharan,venu.tamang@live.com
"Shreya Prasad Tamang",Hetauda,shreya.tamang@hotmail.com
"Fatima Begum Tamang",Nepalgunj,fatima.tamang@gmail.com
"Fatima Prasad Iyer",Nepalgunj,fatima.iyer@hotmail.com
"Ram  Iyer",Nepalgunj,ram.iyer@hotmail.com
"Akanshya Rani Pandey",Pokhara,akanshya.pandey@live.com
"Akanshya Kumari Khan",Pokhara,akanshya.khan@gmail.com
"Fatima Prasad Thapa",Nepalgunj,fatima.thapa@hotmail.com
"Farukh Begum Tamang",Dharan,farukh.tamang@gmail.com
"Ram  Rai",Nepalgunj,ram.rai@hotmail.com
"Venu Kumar Bhattarai",Biratnagar,venu.bhattarai@live.com
"Hari  Pandey",Dharan,hari.pandey@gmail.com
"Shreya Gopal Tamang",Biratnagar,shreya.tamang@hotmail.com
"Shreya  Rai",Hetauda,shreya.rai@live.com
"Laxman  Rana",Pokhara,laxman.rana@live.com
"Ram Prasad Shrestha",Nepalgunj,ram.shrestha@gmail.com
"Shreya Prasad Gurung",Pokhara,shreya.gurung@hotmail.com
"Ram Gopal Rana",Birgunj,ram.rana@gmail.com
"Shreya Rani Pandey",Kathmandu,shreya.pandey@gmail.com
"Laxmi Devi Rana",Biratnagar,laxmi.rana@gmail.com
"Ram  Iyer",Nepalgunj,ram.iyer@hotmail.com
"Hari  Iyer",Nepalgunj,hari.iyer@live.com
"Ram Gopal Gurung",Lalitpur,ram.gurung@live.com
"Shreya  Rana",Birgunj,shreya.rana@gmail.com
"Akanshya  Pandey",Butwal,akanshya.pandey@gmail.com
"Shreya Kumar Bhattarai",Nepalgunj,shreya.bhattarai@hotmail.com
"Hari Bahadur Bhattarai",Birgunj,hari.bhattarai@gmail.com
"Avantika  Iyer",Kathmandu,avantika.iyer@hotmail.com
"Laxman Ali Pandey",Nepalgunj,laxman.pandey@hotmail.com
"Shreya Begum Shrestha",Hetauda,shreya.shrestha@gmail.com
"Fatima Begum Khan",Hetauda,fatima.khan@gmail.com
"Farukh Kumari Bhattarai",Kathmandu,farukh.bhattarai@live.com
"Ram  Tamang",Nepalgunj,ram.tamang@hotmail.com
"Farukh  Thapa",Hetauda,farukh.thapa@hotmail.com
"Ram  Pandey",Lalitpur,ram.pandey@live.com
"Hari  Thapa",Hetauda,hari.thapa@live.com
"Venu  Iyer",Bhaktapur,venu.iyer@live.com
"Avantika  Sharma",Dharan,avantika.sharma@live.com
"Venu  Thapa",Biratnagar,venu.thapa@gmail.com
"Ram  Iyer",Pokhara,ram.iyer@gmail.com
"Venu Kaur Bhattarai",Dharan,venu.bhattarai@hotmail.com
"Akanshya  Thapa",Lalitpur,akanshya.thapa@gmail.com
"Farukh  Shrestha",Biratnagar,farukh.shrestha@live.com
"Akanshya  Tamang",Dharan,akanshya.tamang@hotmail.com
"Laxman  Thapa",Hetauda,laxman.thapa@live.com
"Fatima Kaur Shrestha",Bhaktapur,fatima.shrestha@hotmail.com
"Akanshya Kaur Tamang",Lalitpur,akanshya.tamang@hotmail.com
"Laxman Gopal Gurung",Dharan,laxman.gurung@live.com
"Hari Kumari Sharma",Bhaktapur,hari.sharma@live.com
"Laxmi  Thapa",Birgunj,laxmi.thapa@hotmail.com
"Venu Begum Bhattarai",Lalitpur,venu.bhattarai@gmail.com
"Akanshya  Iyer",Hetauda,akanshya.iyer@gmail.com
"Farukh  Gurung",Birgunj,farukh.gurung@live.com
"Farukh  Pandey",Birgunj,farukh.pandey@gmail.com
"Venu Kaur Shrestha",Kathmandu,venu.shrestha@gmail.com
"Venu  Tamang",Dharan,venu.tamang@gmail.com
"Farukh  Shrestha",Pokhara,farukh.shrestha@live.com
"Shreya  Rai",Biratnagar,shreya.rai@gmail.com
"Venu Rani Thapa",Hetauda,venu.thapa@live.com
"Fatima  Rai",Hetauda,fatima.rai@live.com
"Farukh Bahadur Iyer",Hetauda,farukh.iyer@live.com
"Hari Bahadur Sharma",Nepalgunj,hari.sharma@live.com
"Ram Bahadur Gurung",Birgunj,ram.gurung@live.com
"Laxman Ali Khan",Dharan,laxman.khan@gmail.com
"Laxmi Kumar Bhattarai",Biratnagar,laxmi.bhattarai@live.com
"Laxman  Pandey",Dharan,laxman.pandey@hotmail.com
"Farukh Kaur Tamang",Butwal,farukh.tamang@gmail.com
"Fatima Prasad Tamang",Bhaktapur,fatima.tamang@live.com
"Fatima Gopal Rai",Nepalgunj,fatima.rai@hotmail.com
"Laxmi Devi Iyer",Nepalgunj,laxmi.iyer@gmail.com
"Hari  Tamang",Nepalgunj,hari.tamang@live.com
"Hari  Shrestha",Lalitpur,hari.shrestha@hotmail.com
"Shreya  Thapa",Pokhara,shreya.thapa@gmail.com
"Laxmi  Shrestha",Hetauda,laxmi.shrestha@live.com
"Farukh Rani Bhattarai",Biratnagar,farukh.bhattarai@live.com
"Laxman  Tamang",Dharan,laxman.tamang@hotmail.com
"Venu Bahadur Rai",Butwal,venu.rai@hotmail.com
"Laxman  Bhattarai",Lalitpur,laxman.bhattarai@gmail.com
"Farukh  Thapa",Birgunj,farukh.thapa@gmail.com
"Avantika Bahadur Iyer",Biratnagar,avantika.iyer@gmail.com
"Ram Begum Thapa",Biratnagar,ram.thapa@hotmail.com
"Ram  Thapa",Bhaktapur,ram.thapa@gmail.com
"Avantika  Rai",Biratnagar,avantika.rai@gmail.com
"Farukh Kumari Pandey",Dharan,farukh.pandey@live.com
"Shreya Ali Iyer",Pokhara,shreya.iyer@live.com
"Shreya Ali Gurung",Lalitpur,shreya.gurung@live.com
"Shreya Begum Gurung",Hetauda,shreya.gurung@hotmail.com
"Akanshya Devi Bhattarai",Pokhara,akanshya.bhattarai@hotmail.com
"Hari Kumar Bhattarai",Kathmandu,hari.bhattarai@live.com
"Akanshya  Bhattarai",Butwal,akanshya.bhattarai@hotmail.com
"Hari Kumari Bhattarai",Kathmandu,hari.bhattarai@live.com
"Ram  Bhattarai",Butwal,ram.bhattarai@gmail.com
"Laxmi Begum Khan",Bhaktapur,laxmi.khan@live.com
"Farukh Ali Pandey",Biratnagar,farukh.pandey@hotmail.com
"Akanshya  Sharma",Hetauda,akanshya.sharma@gmail.com
"Ram  Thapa",Kathmandu,ram.thapa@gmail.com
"Avantika Devi Shrestha",Bhaktapur,avantika.shrestha@hotmail.com
"Shreya Gopal Pandey",Lalitpur,shreya.pandey@live.com
"Shreya Rani Tamang",Kathmandu,shreya.tamang@live.com
"Venu Begum Shrestha",Kathmandu,venu.shrestha@gmail.com
"Akanshya Devi Rai",Kathmandu,akanshya.rai@gmail.com
"Hari Devi Tamang",Kathmandu,hari.tamang@hotmail.com
"Ram  Gurung",Birgunj,ram.gurung@live.com
"Ram Gopal Bhattarai",Bhaktapur,ram.bhattarai@gmail.com
"Avantika Kaur Thapa",Birgunj,avantika.thapa@gmail.com
"Shreya Bahadur Rai",Lalitpur,shreya.rai@live.com
"Fatima  Thapa",Butwal,fatima.thapa@hotmail.com
"Farukh Bahadur Gurung",Kathmandu,farukh.gurung@live.com
"Laxman  Khan",Birgunj,laxman.khan@hotmail.com
"Laxman  Thapa",Lalitpur,laxman.thapa@live.com
"Ram Kumar Pandey",Hetauda,ram.pandey@live.com
"Shreya  Rana",Butwal,shreya.rana@live.com
"Laxmi  Rai",Nepalgunj,laxmi.rai@hotmail.com
"Fatima Gopal Gurung",Dharan,fatima.gurung@live.com
"Shreya  Shrestha",Hetauda,shreya.shrestha@gmail.com
"Hari  Gurung",Birgunj,hari.gurung@gmail.com
"Fatima  Thapa",Biratnagar,fatima.thapa@hotmail.com
"Fatima  Bhattarai",Nepalgunj,fatima.bhattarai@gmail.com
"Venu Kaur Bhattarai",Biratnagar,venu.bhattarai@live.com
"Avantika Prasad Khan",Bhaktapur,avantika.khan@hotmail.com
"Laxmi Ali Khan",Pokhara,laxmi.khan@live.com
"Avantika  Pandey",Lalitpur,avantika.pandey@live.com
"Venu  Iyer",Pokhara,venu.iyer@gmail.com
"Akanshya Rani Iyer",Hetauda,akanshya.iyer@gmail.com
"Ram Prasad Khan",Hetauda,ram.khan@gmail.com
"Venu Kumar Pandey",Dharan,venu.pandey@live.com
"Akanshya Begum Khan",Nepalgunj,akanshya.khan@hotmail.com
"Venu  Gurung",Bhaktapur,venu.gurung@live.com
"Venu Gopal Gurung",Biratnagar,venu.gurung@live.com
"Shreya Rani Tamang",Bhaktapur,shreya.tamang@gmail.com
"Laxmi  Iyer",Biratnagar,laxmi.iyer@gmail.com
"Avantika Kumari Iyer",Birgunj,avantika.iyer@hotmail.com
"Farukh  Thapa",Kathmandu,farukh.thapa@live.com
"Hari Gopal Iyer",Nepalgunj,hari.iyer@hotmail.com
"Shreya  Gurung",Kathmandu,shreya.gurung@gmail.com
"Avantika Kumar Tamang",Hetauda,avantika.tamang@live.com
"Avantika Kumari Khan",Nepalgunj,avantika.khan@live.com
"Avantika Prasad Rai",Bhaktapur,avantika.rai@live.com
"Avantika  Rana",Pokhara,avantika.rana@gmail.com
"Akanshya Gopal Pandey",Biratnagar,akanshya.pandey@live.com
"Laxman  Bhattarai",Lalitpur,laxman.bhattarai@gmail.com
"Fatima  Rana",Birgunj,fatima.rana@live.com
"Akanshya  Sharma",Butwal,akanshya.sharma@gmail.com
"Ram  Pandey",Kathmandu,ram.pandey@gmail.com
"Ram  Pandey",Hetauda,ram.pandey@hotmail.com
"Fatima Begum Thapa",Bhaktapur,fatima.thapa@hotmail.com
"Shreya  Thapa",Bhaktapur,shreya.thapa@live.com
"Avantika  Rai",Butwal,avantika.rai@hotmail.com
"Shreya  Rana",Bhaktapur,shreya.rana@gmail.com
"Venu  Gurung",Pokhara,venu.gurung@hotmail.com
"Avantika Begum Bhattarai",Butwal,avantika.bhattarai@live.com
"Fatima Gopal Bhattarai",Hetauda,fatima.bhattarai@hotmail.com
"Shreya  Pandey",Kathmandu,shreya.pandey@live.com
"Laxmi  Rana",Pokhara,laxmi.rana@live.com
"Farukh Gopal Rana",Lalitpur,farukh.rana@gmail.com
"Laxman  Iyer",Bhaktapur,laxman.iyer@live.com
"Farukh  Gurung",Birgunj,farukh.gurung@gmail.com
"Avantika Kumar Iyer",Birgunj,avantika.iyer@gmail.com
"Venu Ali Rai",Hetauda,venu.rai@gmail.com
"Shreya  Thapa",Lalitpur,shreya.thapa@live.com
"Laxman  Shrestha",Biratnagar,laxman.shrestha@hotmail.com
"Farukh  Rana",Dharan,farukh.rana@hotmail.com
"Hari Bahadur Rana",Butwal,hari.rana@gmail.com
"Avantika  Gurung",Kathmandu,avantika.gurung@gmail.com
"Farukh  Sharma",Kathmandu,farukh.sharma@gmail.com
"Laxmi Rani Shrestha",Nepalgunj,laxmi.shrestha@hotmail.com
"Farukh  Shrestha",Hetauda,farukh.shrestha@gmail.com
"Laxman Bahadur Sharma",Pokhara,laxman.sharma@gmail.com
"Hari Begum Bhattarai",Lalitpur,hari.bhattarai@gmail.com
"Fatima Kumari Rai",Hetauda,fatima.rai@hotmail.com
"Akanshya Bahadur Khan",Nepalgunj,akanshya.khan@hotmail.com
"Akanshya Rani Pandey",Birgunj,akanshya.pandey@gmail.com
"Laxmi  Thapa",Bhaktapur,laxmi.thapa@live.com
"Hari  Rai",Nepalgunj,hari.rai@gmail.com
"Fatima Rani Thapa",Birgunj,fatima.thapa@live.com
"Laxmi  Bhattarai",Dharan,laxmi.bhattarai@gmail.com
"Venu  Thapa",Lalitpur,venu.thapa@live.com
"Shreya  Shrestha",Bhaktapur,shreya.shrestha@hotmail.com
"Shreya Rani Shrestha",Nepalgunj,shreya.shrestha@gmail.com
"Laxmi  Tamang",Birgunj,laxmi.tamang@gmail.com
"Hari  Gurung",Bhaktapur,hari.gurung@live.com
"Ram Rani Bhattarai",Butwal,ram.bhattarai@hotmail.com
"Laxman  Thapa",Birgunj,laxman.thapa@live.com
"Farukh  Rai",Hetauda,farukh.rai@gmail.com
"Laxman  Pandey",Dharan,laxman.pandey@hotmail.com
"Laxman  Rana",Biratnagar,laxman.rana@hotmail.com
"Laxman  Rai",Birgunj,laxman.rai@live.com
"Fatima Kaur Shrestha",Hetauda,fatima.shrestha@live.com
"Venu Devi Iyer",Kathmandu,venu.iyer@hotmail.com
"Farukh  Rana",Biratnagar,farukh.rana@gmail.com
"Fatima Kumari Iyer",Hetauda,fatima.iyer@gmail.com
"Akanshya  Bhattarai",Bhaktapur,akanshya.bhattarai@live.com
"Laxman Kumar Rai",Birgunj,laxman.rai@gmail.com
"Akanshya  Shrestha",Bhaktapur,akanshya.shrestha@live.com
"Akanshya  Bhattarai",Nepalgunj,akanshya.bhattarai@live.com
"Ram Bahadur Gurung",Kathmandu,ram.gurung@live.com
"Akanshya  Gurung",Birgunj,akanshya.gurung@hotmail.com
"Farukh  Sharma",Lalitpur,farukh.sharma@hotmail.com
"Avantika Ali Khan",Kathmandu,avantika.khan@gmail.com
"Farukh  Bhattarai",Butwal,farukh.bhattarai@gmail.com
"Farukh Prasad Bhattarai",Dharan,farukh.bhattarai@gmail.com
"Shreya Gopal Shrestha",Birgunj,shreya.shrestha@gmail.com
"Fatima  Rai",Biratnagar,fatima.rai@gmail.com
"Venu Kumari Khan",Hetauda,venu.khan@live.com
"Akanshya Gopal Thapa",Kathmandu,akanshya.thapa@live.com
"Shreya  Sharma",Hetauda,shreya.sharma@hotmail.com
"Akanshya Bahadur Khan",Lalitpur,akanshya.khan@hotmail.com
"Ram Gopal Rana",Butwal,ram.rana@hotmail.com
"Laxmi  Iyer",Biratnagar,laxmi.iyer@gmail.com
"Hari Bahadur Bhattarai",Bhaktapur,hari.bhattarai@live.com
"Fatima  Rai",Nepalgunj,fatima.rai@gmail.com
"Ram Begum Tamang",Hetauda,ram.tamang@hotmail.com
"Venu  Rana",Biratnagar,venu.rana@hotmail.com
"Hari Devi Bhattarai",Dharan,hari.bhattarai@gmail.com
"Venu Rani Rai",Lalitpur,venu.rai@hotmail.com
"Venu Rani Gurung",Birgunj,venu.gurung@gmail.com
"Shreya Bahadur Shrestha",Pokhara,shreya.shrestha@live.com
"Venu Begum Sharma",Nepalgunj,venu.sharma@live.com
"Venu  Iyer",Dharan,venu.iyer@hotmail.com
"Venu Bahadur Shrestha",Butwal,venu.shrestha@live.com
"Fatima Ali Sharma",Hetauda,fatima.sharma@live.com
"Avantika  Gurung",Biratnagar,avantika.gurung@live.com
"Farukh Ali Rai",Hetauda,farukh.rai@hotmail.com
"Fatima Gopal Thapa",Birgunj,fatima.thapa@live.com
"Shreya Ali Gurung",Dharan,shreya.gurung@gmail.com
"Ram Begum Rai",Biratnagar,ram.rai@hotmail.com
"Ram Begum Bhattarai",Kathmandu,ram.bhattarai@hotmail.com
"Farukh  Tamang",Dharan,farukh.tamang@hotmail.com
"Shreya  Sharma",Butwal,shreya.sharma@gmail.com
"Shreya Gopal Thapa",Biratnagar,shreya.thapa@hotmail.com
"Ram  Sharma",Lalitpur,ram.sharma@hotmail.com
"Shreya  Iyer",Nepalgunj,shreya.iyer@live.com
"Laxman  Sharma",Butwal,laxman.sharma@gmail.com
"Hari Kumar Thapa",Butwal,hari.thapa@hotmail.com
"Laxman  Rai",Biratnagar,laxman.rai@live.com
"Venu  Shrestha",Nepalgunj,venu.shrestha@live.com
"Venu Bahadur Rai",Nepalgunj,venu.rai@live.com
"Hari Ali Tamang",Birgunj,hari.tamang@live.com
"Farukh Kumar Rai",Nepalgunj,farukh.rai@live.com
"Ram  Iyer",Biratnagar,ram.iyer@hotmail.com
"Ram  Gurung",Nepalgunj,ram.gurung@live.com
"Laxmi Begum Shrestha",Nepalgunj,laxmi.shrestha@hotmail.com
"Akanshya  Khan",Nepalgunj,akanshya.khan@gmail.com
"Fatima  Shrestha",Biratnagar,fatima.shrestha@hotmail.com
"Laxmi Kumari Gurung",Butwal,laxmi.gurung@gmail.com
"Ram Kaur Iyer",Hetauda,ram.iyer@hotmail.com
"Akanshya Rani Iyer",Birgunj,akanshya.iyer@live.com
"Fatima Begum Rai",Pokhara,fatima.rai@hotmail.com
"Hari Devi Thapa",Nepalgunj,hari.thapa@hotmail.com
"Farukh Prasad Rana",Dharan,farukh.rana@gmail.com
"Farukh Kumar Sharma",Dharan,farukh.sharma@live.com
"Fatima Ali Shrestha",Kathmandu,fatima.shrestha@gmail.com
"Laxman Devi Bhattarai",Birgunj,laxman.bhattarai@hotmail.com
"Laxmi Gopal Shrestha",Lalitpur,laxmi.shrestha@live.com
"Laxmi  Thapa",Hetauda,laxmi.thapa@gmail.com
"Akanshya  Tamang",Hetauda,akanshya.tamang@gmail.com
"Avantika Begum Sharma",Nepalgunj,avantika.sharma@hotmail.com
"Laxman  Khan",Birgunj,laxman.khan@gmail.com
"Shreya Devi Bhattarai",Dharan,shreya.bhattarai@live.com
"Venu  Thapa",Pokhara,venu.thapa@gmail.com
"Avantika  Thapa",Lalitpur,avantika.thapa@gmail.com
"Shreya  Rana",Lalitpur,shreya.rana@gmail.com
"Hari  Tamang",Birgunj,hari.tamang@live.com
"Hari Bahadur Shrestha",Kathmandu,hari.shrestha@gmail.com
"Ram  Shrestha",Nepalgunj,ram.shrestha@hotmail.com
"Avantika  Thapa",Pokhara,avantika.thapa@hotmail.com
"Ram Kumari Bhattarai",Lalitpur,ram.bhattarai@hotmail.com
"Shreya Begum Shrestha",Biratnagar,shreya.shrestha@hotmail.com
"Laxmi Begum Pandey",Pokhara,laxmi.pandey@gmail.com
"Ram Prasad Iyer",Butwal,ram.iyer@hotmail.com
"Akanshya Begum Iyer",Dharan,akanshya.iyer@live.com
"Akanshya Kaur Rai",Kathmandu,akanshya.rai@hotmail.com
"Fatima  Tamang",Bhaktapur,fatima.tamang@gmail.com
"Fatima  Gurung",Hetauda,fatima.gurung@gmail.com
"Shreya Rani Iyer",Lalitpur,shreya.iyer@hotmail.com
"Akanshya Kumar Sharma",Pokhara,akanshya.sharma@live.com
"Laxmi Kumari Bhattarai",Butwal,laxmi.bhattarai@hotmail.com
"Akanshya  Shrestha",Nepalgunj,akanshya.shrestha@gmail.com
"Fatima  Sharma",Dharan,fatima.sharma@live.com
"Laxmi Prasad Pandey",Butwal,laxmi.pandey@live.com
"Fatima  Tamang",Biratnagar,fatima.tamang@live.com
"Fatima  Khan",Nepalgunj,fatima.khan@gmail.com
"Shreya  Iyer",Biratnagar,shreya.iyer@gmail.com
"Venu Begum Tamang",Pokhara,venu.tamang@live.com
"Hari  Pandey",Kathmandu,hari.pandey@live.com
"Fatima Bahadur Tamang",Lalitpur,fatima.tamang@hotmail.com
"Fatima  Sharma",Nepalgunj,fatima.sharma@live.com
"Farukh Devi Rana",Butwal,farukh.rana@hotmail.com
"Laxman Bahadur Bhattarai",Lalitpur,laxman.bhattarai@hotmail.com
"Farukh Begum Thapa",Nepalgunj,farukh.thapa@gmail.com
"Fatima  Bhattarai",Biratnagar,fatima.bhattarai@hotmail.com
"Fatima  Thapa",Hetauda,fatima.thapa@hotmail.com
"Hari Ali Thapa",Nepalgunj,hari.thapa@live.com
"Ram Gopal Gurung",Bhaktapur,ram.gurung@live.com
"Hari Kumar Bhattarai",Nepalgunj,hari.bhattarai@live.com
"Shreya  Tamang",Butwal,shreya.tamang@live.com
"Fatima  Iyer",Bhaktapur,fatima.iyer@hotmail.com
"Hari  Thapa",Biratnagar,hari.thapa@live.com
"Laxman Begum Gurung",Bhaktapur,laxman.gurung@live.com
"Hari Rani Rana",Pokhara,hari.rana@hotmail.com
"Venu  Sharma",Birgunj,venu.sharma@live.com
"Laxmi  Khan",Bhaktapur,laxmi.khan@gmail.com
"Venu Prasad Thapa",Nepalgunj,venu.thapa@gmail.com
"Fatima Gopal Khan",Biratnagar,fatima.khan@hotmail.com
"Avantika  Rai",Dharan,avantika.rai@hotmail.com
"Shreya Rani Shrestha",Butwal,shreya.shrestha@gmail.com
"Laxman  Pandey",Pokhara,laxman.pandey@live.com
"Akanshya Begum Khan",Nepalgunj,akanshya.khan@live.com
"Laxman Ali Khan",Kathmandu,laxman.khan@live.com
"Laxmi Bahadur Rana",Butwal,laxmi.rana@gmail.com
"Avantika  Sharma",Biratnagar,avantika.sharma@hotmail.com
"Farukh Kumari Tamang",Lalitpur,farukh.tamang@hotmail.com
"Shreya Bahadur Gurung",Pokhara,shreya.gurung@hotmail.com
"Fatima Prasad Thapa",Hetauda,fatima.thapa@gmail.com
"Laxman  Iyer",Pokhara,laxman.iyer@gmail.com
"Venu Kumar Iyer",Birgunj,venu.iyer@hotmail.com
"Fatima  Bhattarai",Bhaktapur,fatima.bhattarai@live.com
"Laxman Gopal Pandey",Hetauda,laxman.pandey@hotmail.com
"Fatima  Tamang",Pokhara,fatima.tamang@hotmail.com
"Farukh Devi Bhattarai",Hetauda,farukh.bhattarai@hotmail.com
"Avantika Kumari Rana",Lalitpur,avantika.rana@gmail.com
"Laxman  Rana",Kathmandu,laxman.rana@live.com
"Shreya  Gurung",Lalitpur,shreya.gurung@live.com
"Hari Ali Gurung",Nepalgunj,hari.gurung@gmail.com
"Hari  Rai",Birgunj,hari.rai@gmail.com
"Laxmi  Rana",Dharan,laxmi.rana@gmail.com
"Laxmi  Gurung",Lalitpur,laxmi.gurung@hotmail.com
"Hari  Iyer",Pokhara,hari.iyer@hotmail.com
"Avantika Devi Gurung",Nepalgunj,avantika.gurung@live.com
"Laxman  Rana",Butwal,laxman.rana@live.com
"Fatima Kaur Rana",Kathmandu,fatima.rana@hotmail.com
"Laxman  Rai",Pokhara,laxman.rai@hotmail.com
"Avantika Ali Rai",Nepalgunj,avantika.rai@hotmail.com
"Ram Gopal Sharma",Butwal,ram.sharma@hotmail.com
"Laxman  Thapa",Nepalgunj,laxman.thapa@hotmail.com
"Akanshya Kumar Pandey",Dharan,akanshya.pandey@gmail.com
"Ram Rani Shrestha",Biratnagar,ram.shrestha@live.com
"Venu Begum Iyer",Hetauda,venu.iyer@live.com
"Ram  Rai",Kathmandu,ram.rai@gmail.com
"Venu Prasad Bhattarai",Lalitpur,venu.bhattarai@hotmail.com
"Laxman  Gurung",Hetauda,laxman.gurung@hotmail.com
"Venu Bahadur Shrestha",Pokhara,venu.shrestha@live.com
"Akanshya Kumari Rai",Kathmandu,akanshya.rai@gmail.com
"Fatima Devi Rana",Lalitpur,fatima.rana@hotmail.com
"Ram  Thapa",Kathmandu,ram.thapa@live.com
"Akanshya Gopal Rai",Birgunj,akanshya.rai@live.com
"Venu  Gurung",Birgunj,venu.gurung@live.com
"Laxmi Begum Bhattarai",Biratnagar,laxmi.bhattarai@hotmail.com
"Hari Begum Rai",Hetauda,hari.rai@live.com
"Laxman Rani Pandey",Birgunj,laxman.pandey@hotmail.com
"Venu Prasad Rai",Kathmandu,venu.rai@hotmail.com
"Ram Ali Rana",Hetauda,ram.rana@gmail.com
"Ram Rani Sharma",Nepalgunj,ram.sharma@hotmail.com
"Akanshya  Tamang",Birgunj,akanshya.tamang@hotmail.com
"Laxmi Ali Rana",Pokhara,laxmi.rana@gmail.com
"Laxman Rani Sharma",Hetauda,laxman.sharma@gmail.com
"Farukh  Gurung",Birgunj,farukh.gurung@hotmail.com
"Ram Rani Bhattarai",Bhaktapur,ram.bhattarai@hotmail.com
"Venu Kumari Shrestha",Butwal,venu.shrestha@live.com
"Farukh Ali Khan",Bhaktapur,farukh.khan@live.com
"Venu Devi Shrestha",Lalitpur,venu.shrestha@gmail.com
"Akanshya  Rai",Dharan,akanshya.rai@hotmail.com
"Hari Rani Shrestha",Bhaktapur,hari.shrestha@hotmail.com
"Venu Devi Pandey",Butwal,venu.pandey@live.com
"Ram Kaur Rai",Dharan,ram.rai@live.com
"Laxmi  Khan",Dharan,laxmi.khan@live.com
"Hari Begum Pandey",Biratnagar,hari.pandey@gmail.com
"Fatima  Iyer",Butwal,fatima.iyer@hotmail.com
"Ram  Rana",Bhaktapur,ram.rana@gmail.com
"Laxmi  Gurung",Dharan,laxmi.gurung@live.com
"Shreya  Rai",Pokhara,shreya.rai@hotmail.com
"Akanshya  Pandey",Butwal,akanshya.pandey@gmail.com
"Venu Kumari Tamang",Lalitpur,venu.tamang@live.com
"Hari  Rai",Kathmandu,hari.rai@live.com
"Akanshya Kaur Iyer",Kathmandu,akanshya.iyer@live.com
"Ram  Gurung",Hetauda,ram.gurung@gmail.com
"Fatima  Shrestha",Nepalgunj,fatima.shrestha@gmail.com
"Laxmi Devi Shrestha",Nepalgunj,laxmi.shrestha@gmail.com
"Akanshya Rani Rana",Pokhara,akanshya.rana@hotmail.com
"Ram  Gurung",Butwal,ram.gurung@hotmail.com
"Fatima Kumar Tamang",Butwal,fatima.tamang@hotmail.com
"Laxman  Tamang",Bhaktapur,laxman.tamang@gmail.com
"Ram  Tamang",Biratnagar,ram.tamang@live.com
"Avantika Begum Rai",Butwal,avantika.rai@live.com
"Laxmi Ali Shrestha",Pokhara,laxmi.shrestha@hotmail.com
"Shreya  Rana",Birgunj,shreya.rana@live.com
"Shreya Begum Tamang",Biratnagar,shreya.tamang@gmail.com
"Farukh Kumar Rai",Kathmandu,farukh.rai@gmail.com
"Ram  Rai",Dharan,ram.rai@gmail.com
"Shreya Gopal Pandey",Lalitpur,shreya.pandey@live.com
"Fatima Rani Rai",Bhaktapur,fatima.rai@live.com
"Ram Begum Tamang",Birgunj,ram.tamang@hotmail.com
"Akanshya Kumari Rai",Hetauda,akanshya.rai@live.com
"Avantika  Shrestha",Nepalgunj,avantika.shrestha@live.com
"Shreya Rani Rana",Nepalgunj,shreya.rana@live.com
"Farukh Kumar Tamang",Bhaktapur,farukh.tamang@gmail.com
"Venu Kumar Pandey",Nepalgunj,venu.pandey@hotmail.com
"Akanshya Kumar Tamang",Bhaktapur,akanshya.tamang@gmail.com
"Fatima Ali Tamang",Biratnagar,fatima.tamang@live.com
"Laxman Begum Bhattarai",Lalitpur,laxman.bhattarai@hotmail.com
"Akanshya  Iyer",Dharan,akanshya.iyer@gmail.com
"Avantika Kumari Iyer",Bhaktapur,avantika.iyer@live.com
"Farukh Devi Rai",Birgunj,farukh.rai@hotmail.com
"Laxmi  Bhattarai",Birgunj,laxmi.bhattarai@live.com
"Laxman Ali Rana",Birgunj,laxman.rana@hotmail.com
"Akanshya Prasad Gurung",Hetauda,akanshya.gurung@live.com
"Ram  Khan",Birgunj,ram.khan@live.com
"Fatima  Pandey",Biratnagar,fatima.pandey@gmail.com
"Akanshya  Rana",Lalitpur,akanshya.rana@hotmail.com
"Venu Gopal Bhattarai",Hetauda,venu.bhattarai@live.com
"Ram Prasad Pandey",Dharan,ram.pandey@hotmail.com
"Laxman Kaur Shrestha",Kathmandu,laxman.shrestha@live.com
"Laxman Prasad Thapa",Biratnagar,laxman.thapa@hotmail.com
"Laxmi Kumar Thapa",Pokhara,laxmi.thapa@live.com
"Fatima  Rai",Birgunj,fatima.rai@live.com
"Avantika Kaur Shrestha",Hetauda,avantika.shrestha@live.com
"Laxman  Rana",Kathmandu,laxman.rana@live.com
"Farukh  Rai",Biratnagar,farukh.rai@live.com
"Avantika  Pandey",Nepalgunj,avantika.pandey@gmail.com
"Fatima  Gurung",Dharan,fatima.gurung@gmail.com
"Laxman  Iyer",Dharan,laxman.iyer@hotmail.com
"Ram  Shrestha",Biratnagar,ram.shrestha@live.com
"Hari  Rana",Dharan,hari.rana@hotmail.com
"Avantika Begum Khan",Birgunj,avantika.khan@gmail.com
"Laxman Bahadur Shrestha",Dharan,laxman.shrestha@hotmail.com
"Venu  Thapa",Bhaktapur,venu.thapa@hotmail.com
"Hari Kaur Iyer",Hetauda,hari.iyer@hotmail.com
"Shreya  Bhattarai",Biratnagar,shreya.bhattarai@hotmail.com
"Laxman Kumari Iyer",Lalitpur,laxman.iyer@gmail.com
"Venu Prasad Rana",Bhaktapur,venu.rana@live.com
"Farukh Kaur Khan",Dharan,farukh.khan@hotmail.com
"Akanshya  Shrestha",Biratnagar,akanshya.shrestha@live.com
"Ram  Bhattarai",Birgunj,ram.bhattarai@live.com
"Fatima Rani Khan",Biratnagar,fatima.khan@live.com
"Fatima Devi Rana",Nepalgunj,fatima.rana@live.com
"Ram Kaur Shrestha",Biratnagar,ram.shrestha@hotmail.com
"Shreya  Thapa",Biratnagar,shreya.thapa@hotmail.com
"Farukh Kaur Bhattarai",Biratnagar,farukh.bhattarai@gmail.com
"Fatima Bahadur Sharma",Nepalgunj,fatima.sharma@hotmail.com
"Fatima  Gurung",Bhaktapur,fatima.gurung@live.com
"Venu Devi Pandey",Hetauda,venu.pandey@hotmail.com
"Akanshya Gopal Thapa",Nepalgunj,akanshya.thapa@gmail.com
"Ram  Tamang",Bhaktapur,ram.tamang@gmail.com
"Venu Kumari Gurung",Hetauda,venu.gurung@hotmail.com
"Ram Kaur Iyer",Pokhara,ram.iyer@hotmail.com
"Shreya  Rai",Nepalgunj,shreya.rai@hotmail.com
"Shreya  Khan",Lalitpur,shreya.khan@hotmail.com
"Fatima Gopal Tamang",Nepalgunj,fatima.tamang@live.com
"Hari  Tamang",Pokhara,hari.tamang@gmail.com
"Venu Kaur Rai",Birgunj,venu.rai@gmail.com
"Hari Devi Rai",Butwal,hari.rai@live.com
"Laxman  Tamang",Lalitpur,laxman.tamang@gmail.com
"Fatima  Shrestha",Nepalgunj,fatima.shrestha@gmail.com
"Avantika  Gurung",Nepalgunj,avantika.gurung@gmail.com
"Avantika  Bhattarai",Lalitpur,avantika.bhattarai@live.com
"Fatima Gopal Iyer",Dharan,fatima.iyer@hotmail.com
"Laxmi  Khan",Biratnagar,laxmi.khan@hotmail.com
"Farukh  Khan",Birgunj,farukh.khan@live.com
"Hari Prasad Shrestha",Biratnagar,hari.shrestha@live.com
"Laxmi Begum Rana",Birgunj,laxmi.rana@gmail.com
"Ram Gopal Thapa",Biratnagar,ram.thapa@gmail.com
"Shreya  Iyer",Pokhara,shreya.iyer@gmail.com
"Laxmi Prasad Gurung",Pokhara,laxmi.gurung@live.com
"Fatima  Thapa",Dharan,fatima.thapa@hotmail.com
"Laxmi  Bhattarai",Lalitpur,laxmi.bhattarai@hotmail.com
"Venu  Iyer",Kathmandu,venu.iyer@hotmail.com
"Laxman Devi Sharma",Bhaktapur,laxman.sharma@live.com
"Akanshya Kumar Iyer",Bhaktapur,akanshya.iyer@live.com
"Laxman Begum Gurung",Biratnagar,laxman.gurung@gmail.com
"Laxman  Sharma",Hetauda,laxman.sharma@hotmail.com
"Akanshya  Thapa",Dharan,akanshya.thapa@live.com
"Farukh  Gurung",Dharan,farukh.gurung@live.com
"Ram Kaur Khan",Butwal,ram.khan@hotmail.com
"Ram  Iyer",Nepalgunj,ram.iyer@hotmail.com
"Farukh Kumar Rai",Hetauda,farukh.rai@gmail.com
"Laxmi  Rana",Lalitpur,laxmi.rana@hotmail.com
"Ram Gopal Bhattarai",Hetauda,ram.bhattarai@hotmail.com
"Venu  Thapa",Dharan,venu.thapa@gmail.com
"Venu Kumari Iyer",Dharan,venu.iyer@live.com
"Venu Devi Rai",Bhaktapur,venu.rai@hotmail.com
"Laxmi  Tamang",Bhaktapur,laxmi.tamang@hotmail.com
"Hari  Khan",Pokhara,hari.khan@live.com
"Farukh  Rana",Birgunj,farukh.rana@gmail.com
"Avantika  Sharma",Dharan,avantika.sharma@gmail.com
"Laxmi Devi Gurung",Kathmandu,laxmi.gurung@live.com
"Laxman Kumari Shrestha",Hetauda,laxman.shrestha@hotmail.com
"Venu Rani Rana",Nepalgunj,venu.rana@gmail.com
"Venu  Gurung",Birgunj,venu.gurung@hotmail.com
"Farukh  Shrestha",Lalitpur,farukh.shrestha@live.com
"Laxmi Kumari Rana",Birgunj,laxmi.rana@hotmail.com
"Shreya  Thapa",Lalitpur,shreya.thapa@hotmail.com
"Ram  Rana",Bhaktapur,ram.rana@live.com
"Laxman  Khan",Lalitpur,laxman.khan@gmail.com
"Farukh Prasad Rana",Bhaktapur,farukh.rana@hotmail.com
"Avantika  Thapa",Butwal,avantika.thapa@gmail.com
"Fatima Begum Pandey",Dharan,fatima.pandey@gmail.com
"Akanshya Begum Iyer",Dharan,akanshya.iyer@live.com
"Hari Begum Sharma",Bhaktapur,hari.sharma@live.com
"Farukh Kumar Rai",Butwal,farukh.rai@hotmail.com
"Avantika Kumar Shrestha",Bhaktapur,avantika.shrestha@hotmail.com
"Venu Begum Thapa",Nepalgunj,venu.thapa@live.com
"Laxmi Bahadur Rana",Bhaktapur,laxmi.rana@gmail.com
"Akanshya  Rana",Hetauda,akanshya.rana@hotmail.com
"Hari Ali Khan",Birgunj,hari.khan@live.com
"Fatima Kumar Thapa",Hetauda,fatima.thapa@hotmail.com
"Farukh Begum Thapa",Birgunj,farukh.thapa@gmail.com
"Venu  Iyer",Butwal,venu.iyer@live.com
"Fatima  Pandey",Nepalgunj,fatima.pandey@gmail.com
"Shreya Bahadur Thapa",Birgunj,shreya.thapa@hotmail.com
"Akanshya  Rana",Pokhara,akanshya.rana@gmail.com
"Laxmi Rani Pandey",Biratnagar,laxmi.pandey@live.com
"Avantika Prasad Tamang",Pokhara,avantika.tamang@gmail.com
"Ram  Iyer",Biratnagar,ram.iyer@live.com
"Avantika  Shrestha",Kathmandu,avantika.shrestha@live.com
"Akanshya  Iyer",Bhaktapur,akanshya.iyer@gmail.com
"Avantika Kumari Sharma",Bhaktapur,avantika.sharma@live.com
"Hari Begum Khan",Hetauda,hari.khan@gmail.com
"Ram  Thapa",Kathmandu,ram.thapa@gmail.com
"Ram Rani Iyer",Lalitpur,ram.iyer@gmail.com
"Ram Prasad Khan",Lalitpur,ram.khan@live.com
"Ram Kumar Gurung",Birgunj,ram.gurung@hotmail.com
"Avantika Ali Rai",Butwal,avantika.rai@live.com
"Ram  Pandey",Nepalgunj,ram.pandey@hotmail.com
"Shreya Kaur Tamang",Biratnagar,shreya.tamang@hotmail.com
"Akanshya Prasad Iyer",Biratnagar,akanshya.iyer@hotmail.com
"Venu  Thapa",Dharan,venu.thapa@gmail.com
"Shreya Kaur Rana",Hetauda,shreya.rana@gmail.com
"Laxman Bahadur Gurung",Biratnagar,laxman.gurung@gmail.com
"Fatima Kumari Sharma",Bhaktapur,fatima.sharma@gmail.com
"Laxman  Gurung",Bhaktapur,laxman.gurung@gmail.com
"Farukh Begum Pandey",Dharan,farukh.pandey@hotmail.com
"Akanshya  Khan",Hetauda,akanshya.khan@live.com
"Avantika Devi Bhattarai",Pokhara,avantika.bhattarai@gmail.com
"Hari  Gurung",Lalitpur,hari.gurung@gmail.com
"Farukh  Rai",Hetauda,farukh.rai@live.com
"Laxmi  Thapa",Nepalgunj,laxmi.thapa@gmail.com
"Laxmi Kaur Pandey",Biratnagar,laxmi.pandey@hotmail.com
"Akanshya Rani Rana",Pokhara,akanshya.rana@hotmail.com
"Akanshya Kumari Rai",Lalitpur,akanshya.rai@gmail.com
"Farukh Gopal Sharma",Pokhara,farukh.sharma@hotmail.com
"Ram  Rai",Hetauda,ram.rai@gmail.com
"Hari Gopal Khan",Bhaktapur,hari.khan@hotmail.com
"Farukh  Iyer",Birgunj,farukh.iyer@hotmail.com
"Fatima  Sharma",Bhaktapur,fatima.sharma@hotmail.com
"Ram  Iyer",Pokhara,ram.iyer@hotmail.com
"Hari  Rana",Lalitpur,hari.rana@hotmail.com
"Akanshya Begum Bhattarai",Butwal,akanshya.bhattarai@hotmail.com
"Akanshya  Iyer",Butwal,akanshya.iyer@gmail.com
"Shreya Rani Iyer",Hetauda,shreya.iyer@hotmail.com
"Laxman  Iyer",Bhaktapur,laxman.iyer@live.com
"Shreya  Thapa",Bhaktapur,shreya.thapa@gmail.com
"Avantika Prasad Bhattarai",Lalitpur,avantika.bhattarai@live.com
"Laxman  Shrestha",Kathmandu,laxman.shrestha@hotmail.com
"Hari  Shrestha",Birgunj,hari.shrestha@gmail.com
"Fatima Kumar Iyer",Lalitpur,fatima.iyer@live.com
"Avantika Kumar Khan",Lalitpur,avantika.khan@gmail.com
"Venu Devi Rai",Butwal,venu.rai@hotmail.com
"Avantika  Tamang",Pokhara,avantika.tamang@hotmail.com
"Ram Kumar Gurung",Birgunj,ram.gurung@hotmail.com
"Avantika  Rai",Biratnagar,avantika.rai@live.com
"Farukh  Pandey",Pokhara,farukh.pandey@gmail.com
"Laxman  Khan",Dharan,laxman.khan@hotmail.com
"Venu  Bhattarai",Lalitpur,venu.bhattarai@hotmail.com
"Laxman Bahadur Pandey",Nepalgunj,laxman.pandey@gmail.com
"Venu Prasad Shrestha",Pokhara,venu.shrestha@hotmail.com
"Shreya Kaur Iyer",Dharan,shreya.iyer@hotmail.com
"Avantika  Iyer",Nepalgunj,avantika.iyer@hotmail.com
"Ram Bahadur Khan",Birgunj,ram.khan@gmail.com
"Akanshya  Khan",Kathmandu,akanshya.khan@gmail.com
"Venu  Pandey",Lalitpur,venu.pandey@live.com
"Hari  Sharma",Kathmandu,hari.sharma@gmail.com
"Hari Kumari Pandey",Hetauda,hari.pandey@gmail.com
"Hari Gopal Sharma",Bhaktapur,hari.sharma@live.com
"Farukh Devi Bhattarai",Biratnagar,farukh.bhattarai@live.com
"Ram  Iyer",Butwal,ram.iyer@live.com
"Farukh Gopal Rana",Lalitpur,farukh.rana@live.com
"Laxman Rani Iyer",Lalitpur,laxman.iyer@live.com
"Ram Prasad Rana",Dharan,ram.rana@live.com
"Farukh Rani Rai",Pokhara,farukh.rai@hotmail.com
"Hari Kumari Bhattarai",Nepalgunj,hari.bhattarai@live.com
"Ram Kumari Rai",Biratnagar,ram.rai@gmail.com
"Venu Prasad Gurung",Bhaktapur,venu.gurung@hotmail.com
"Venu Devi Rana",Kathmandu,venu.rana@gmail.com
"Akanshya Kaur Pandey",Hetauda,akanshya.pandey@live.com
"Fatima Kaur Bhattarai",Birgunj,fatima.bhattarai@live.com
"Shreya Devi Rai",Lalitpur,shreya.rai@live.com
"Farukh Begum Sharma",Kathmandu,farukh.sharma@hotmail.com
"Avantika Bahadur Shrestha",Butwal,avantika.shrestha@hotmail.com
"Hari Gopal Shrestha",Pokhara,hari.shrestha@hotmail.com
"Shreya  Thapa",Kathmandu,shreya.thapa@hotmail.com
"Avantika  Rana",Kathmandu,avantika.rana@hotmail.com
"Hari Begum Pandey",Lalitpur,hari.pandey@live.com
"Farukh Kumar Tamang",Pokhara,farukh.tamang@gmail.com
"Avantika Kumari Bhattarai",Nepalgunj,avantika.bhattarai@gmail.com
"Shreya Prasad Tamang",Lalitpur,shreya.tamang@gmail.com
"Avantika  Rai",Butwal,avantika.rai@hotmail.com
"Avantika Devi Thapa",Dharan,avantika.thapa@live.com
"Laxmi Ali Rai",Biratnagar,laxmi.rai@hotmail.com
"Laxmi Gopal Bhattarai",Bhaktapur,laxmi.bhattarai@gmail.com
"Shreya  Thapa",Pokhara,shreya.thapa@hotmail.com
"Fatima  Iyer",Biratnagar,fatima.iyer@gmail.com
"Fatima  Tamang",Butwal,fatima.tamang@live.com
"Venu Begum Gurung",Butwal,venu.gurung@hotmail.com
"Laxmi Bahadur Tamang",Biratnagar,laxmi.tamang@hotmail.com
"Ram  Bhattarai",Bhaktapur,ram.bhattarai@live.com
"Akanshya  Thapa",Pokhara,akanshya.thapa@hotmail.com
"Hari  Rana",Kathmandu,hari.rana@gmail.com
"Venu Kumari Iyer",Hetauda,venu.iyer@hotmail.com
"Laxmi Begum Sharma",Birgunj,laxmi.sharma@live.com
"Fatima Begum Thapa",Kathmandu,fatima.thapa@gmail.com
"Venu  Shrestha",Biratnagar,venu.shrestha@hotmail.com
"Venu  Thapa",Bhaktapur,venu.thapa@live.com
"Laxman  Bhattarai",Biratnagar,laxman.bhattarai@hotmail.com
"Avantika  Shrestha",Butwal,avantika.shrestha@hotmail.com
"Akanshya Devi Pandey",Bhaktapur,akanshya.pandey@hotmail.com
"Akanshya Kaur Rai",Hetauda,akanshya.rai@hotmail.com
"Laxmi Devi Iyer",Bhaktapur,laxmi.iyer@live.com
"Avantika Begum Bhattarai",Butwal,avantika.bhattarai@gmail.com
"Akanshya Gopal Khan",Birgunj,akanshya.khan@gmail.com
"Hari  Iyer",Pokhara,hari.iyer@live.com
"Avantika  Gurung",Pokhara,avantika.gurung@live.com
"Laxman  Thapa",Dharan,laxman.thapa@live.com
"Shreya  Pandey",Hetauda,shreya.pandey@live.com
"Venu  Rana",Butwal,venu.rana@hotmail.com
"Shreya  Rai",Butwal,shreya.rai@live.com
"Shreya  Pandey",Pokhara,shreya.pandey@hotmail.com
"Hari  Rai",Hetauda,hari.rai@gmail.com
"Farukh  Rana",Nepalgunj,farukh.rana@hotmail.com
"Ram Rani Thapa",Biratnagar,ram.thapa@gmail.com
"Shreya  Rai",Biratnagar,shreya.rai@hotmail.com
"Akanshya Kumar Khan",Pokhara,akanshya.khan@hotmail.com
"Shreya Begum Tamang",Dharan,shreya.tamang@live.com
"Laxman Gopal Gurung",Dharan,laxman.gurung@hotmail.com
"Laxmi Bahadur Iyer",Bhaktapur,laxmi.iyer@hotmail.com
"Venu Devi Shrestha",Kathmandu,venu.shrestha@hotmail.com
"Laxman  Tamang",Lalitpur,laxman.tamang@live.com
"Laxmi Prasad Rai",Hetauda,laxmi.rai@hotmail.com
"Hari  Iyer",Kathmandu,hari.iyer@live.com
"Venu  Tamang",Lalitpur,venu.tamang@hotmail.com
"Avantika Prasad Rana",Biratnagar,avantika.rana@gmail.com
"Farukh  Bhattarai",Lalitpur,farukh.bhattarai@gmail.com
"Hari  Bhattarai",Biratnagar,hari.bhattarai@live.com
"Farukh  Iyer",Kathmandu,farukh.iyer@live.com
"Ram  Iyer",Biratnagar,ram.iyer@live.com
"Venu  Rana",Pokhara,venu.rana@live.com
"Hari  Khan",Pokhara,hari.khan@live.com
"Akanshya  Gurung",Nepalgunj,akanshya.gurung@live.com
"Avantika  Shrestha",Kathmandu,avantika.shrestha@live.com
"Fatima  Thapa",Hetauda,fatima.thapa@live.com
"Laxman Kaur Shrestha",Kathmandu,laxman.shrestha@hotmail.com
"Fatima  Gurung",Biratnagar,fatima.gurung@hotmail.com
"Avantika  Gurung",Lalitpur,avantika.gurung@hotmail.com
"Venu  Sharma",Pokhara,venu.sharma@hotmail.com
"Hari Rani Rai",Birgunj,hari.rai@gmail.com
"Farukh Devi Rai",Lalitpur,farukh.rai@hotmail.com
"Venu Gopal Sharma",Hetauda,venu.sharma@gmail.com
"Ram  Sharma",Bhaktapur,ram.sharma@live.com
"Venu  Sharma",Lalitpur,venu.sharma@gmail.com
"Venu  Bhattarai",Bhaktapur,venu.bhattarai@gmail.com
"Ram  Tamang",Kathmandu,ram.tamang@hotmail.com
"Laxman  Rai",Butwal,laxman.rai@live.com
"Laxmi  Gurung",Kathmandu,laxmi.gurung@live.com
"Laxman  Bhattarai",Hetauda,laxman.bhattarai@gmail.com
"Ram Gopal Iyer",Lalitpur,ram.iyer@live.com
"Venu  Iyer",Dharan,venu.iyer@live.com
"Hari Kumar Gurung",Dharan,hari.gurung@hotmail.com
"Venu  Tamang",Butwal,venu.tamang@live.com
"Akanshya Rani Rana",Dharan,akanshya.rana@hotmail.com
"Akanshya  Sharma",Dharan,akanshya.sharma@live.com
"Hari  Thapa",Biratnagar,hari.thapa@hotmail.com
"Farukh  Shrestha",Nepalgunj,farukh.shrestha@hotmail.com
"Farukh  Iyer",Lalitpur,farukh.iyer@gmail.com
"Hari  Thapa",Biratnagar,hari.thapa@hotmail.com
"Farukh  Khan",Hetauda,farukh.khan@gmail.com
"Fatima  Iyer",Kathmandu,fatima.iyer@hotmail.com
"Venu  Bhattarai",Birgunj,venu.bhattarai@hotmail.com
"Shreya Kumar Iyer",Butwal,shreya.iyer@gmail.com
"Farukh Bahadur Rai",Pokhara,farukh.rai@live.com
"Laxmi  Rai",Butwal,laxmi.rai@hotmail.com
"Shreya Kumar Shrestha",Dharan,shreya.shrestha@live.com
"Ram  Rana",Lalitpur,ram.rana@gmail.com
"Venu  Thapa",Lalitpur,venu.thapa@live.com
"Fatima Prasad Tamang",Biratnagar,fatima.tamang@hotmail.com
"Ram Ali Bhattarai",Butwal,ram.bhattarai@live.com
"Shreya Rani Khan",Biratnagar,shreya.khan@live.com
"Shreya  Khan",Lalitpur,shreya.khan@live.com
"Farukh Ali Gurung",Biratnagar,farukh.gurung@live.com
"Hari Kumar Pandey",Biratnagar,hari.pandey@hotmail.com
"Avantika  Sharma",Biratnagar,avantika.sharma@live.com
"Venu  Khan",Kathmandu,venu.khan@live.com
"Ram  Rai",Bhaktapur,ram.rai@live.com
"Shreya  Sharma",Kathmandu,shreya.sharma@gmail.com
"Fatima Begum Bhattarai",Pokhara,fatima.bhattarai@live.com
"Farukh  Sharma",Lalitpur,farukh.sharma@live.com
"Shreya Bahadur Khan",Biratnagar,shreya.khan@gmail.com
"Farukh Kumari Khan",Lalitpur,farukh.khan@hotmail.com
"Avantika Bahadur Iyer",Lalitpur,avantika.iyer@hotmail.com
"Fatima Prasad Bhattarai",Birgunj,fatima.bhattarai@live.com
"Hari  Khan",Butwal,hari.khan@hotmail.com
"Hari Begum Khan",Hetauda,hari.khan@gmail.com
"Shreya  Bhattarai",Dharan,shreya.bhattarai@gmail.com
"Hari  Sharma",Butwal,hari.sharma@live.com
"Venu  Iyer",Kathmandu,venu.iyer@gmail.com
"Avantika Rani Iyer",Bhaktapur,avantika.iyer@gmail.com
"Avantika  Shrestha",Birgunj,avantika.shrestha@live.com
"Fatima  Pandey",Pokhara,fatima.pandey@hotmail.com
"Fatima  Khan",Hetauda,fatima.khan@gmail.com
"Hari Ali Bhattarai",Butwal,hari.bhattarai@hotmail.com
"Fatima  Iyer",Dharan,fatima.iyer@live.com
"Farukh Prasad Gurung",Biratnagar,farukh.gurung@hotmail.com
"Avantika  Bhattarai",Kathmandu,avantika.bhattarai@hotmail.com
"Ram  Tamang",Birgunj,ram.tamang@live.com
"Hari Bahadur Sharma",Hetauda,hari.sharma@gmail.com
"Ram  Khan",Lalitpur,ram.khan@hotmail.com
"Laxman  Pandey",Biratnagar,laxman.pandey@hotmail.com
"Fatima Devi Bhattarai",Dharan,fatima.bhattarai@gmail.com
"Shreya Kumari Shrestha",Nepalgunj,shreya.shrestha@gmail.com
"Ram Gopal Rai",Bhaktapur,ram.rai@gmail.com
"Hari Bahadur Bhattarai",Pokhara,hari.bhattarai@live.com
"Laxman Kumari Shrestha",Hetauda,laxman.shrestha@hotmail.com
"Venu Kaur Iyer",Lalitpur,venu.iyer@live.com
"Laxmi Bahadur Pandey",Biratnagar,laxmi.pandey@live.com
"Ram Kaur Gurung",Biratnagar,ram.gurung@hotmail.com
"Laxman Kumari Shrestha",Hetauda,laxman.shrestha@live.com
"Venu  Thapa",Nepalgunj,venu.thapa@gmail.com
"Akanshya  Thapa",Birgunj,akanshya.thapa@live.com
"Shreya Rani Iyer",Biratnagar,shreya.iyer@live.com
"Shreya  Thapa",Birgunj,shreya.thapa@hotmail.com
"Ram Ali Tamang",Pokhara,ram.tamang@hotmail.com
"Akanshya  Iyer",Pokhara,akanshya.iyer@hotmail.com
"Venu Kumar Khan",Pokhara,venu.khan@gmail.com
"Farukh Devi Rana",Bhaktapur,farukh.rana@gmail.com
"Akanshya Gopal Gurung",Kathmandu,akanshya.gurung@hotmail.com
"Laxman Prasad Bhattarai",Nepalgunj,laxman.bhattarai@hotmail.com
"Hari  Tamang",Birgunj,hari.tamang@live.com
"Ram Rani Sharma",Butwal,ram.sharma@gmail.com
"Farukh Kumar Sharma",Nepalgunj,farukh.sharma@gmail.com
"Farukh Kaur Bhattarai",Kathmandu,farukh.bhattarai@gmail.com
"Shreya Bahadur Pandey",Biratnagar,shreya.pandey@gmail.com
"Venu  Khan",Butwal,venu.khan@live.com
"Ram  Pandey",Butwal,ram.pandey@hotmail.com
"Ram Gopal Iyer",Bhaktapur,ram.iyer@gmail.com
"Akanshya  Bhattarai",Birgunj,akanshya.bhattarai@hotmail.com
"Farukh Prasad Thapa",Birgunj,farukh.thapa@hotmail.com
"Ram  Sharma",Bhaktapur,ram.sharma@live.com
"Laxman Devi Sharma",Biratnagar,laxman.sharma@live.com
"Laxman  Gurung",Birgunj,laxman.gurung@live.com
"Laxman  Rai",Kathmandu,laxman.rai@hotmail.com
"Akanshya  Pandey",Biratnagar,akanshya.pandey@hotmail.com
"Akanshya Gopal Khan",Pokhara,akanshya.khan@gmail.com
"Ram Ali Thapa",Pokhara,ram.thapa@gmail.com
"Laxmi Bahadur Thapa",Nepalgunj,laxmi.thapa@live.com
"Akanshya Kumari Gurung",Nepalgunj,akanshya.gurung@gmail.com
"Venu Rani Sharma",Nepalgunj,venu.sharma@gmail.com
"Laxman  Tamang",Lalitpur,laxman.tamang@live.com
"Avantika Kaur Iyer",Bhaktapur,avantika.iyer@live.com
"Avantika Kaur Rai",Butwal,avantika.rai@hotmail.com
"Ram  Rana",Bhaktapur,ram.rana@hotmail.com
"Shreya Gopal Bhattarai",Biratnagar,shreya.bhattarai@gmail.com
"Venu Kumar Bhattarai",Dharan,venu.bhattarai@live.com
"Akanshya Prasad Bhattarai",Bhaktapur,akanshya.bhattarai@gmail.com
"Avantika Devi Bhattarai",Kathmandu,avantika.bhattarai@hotmail.com
"Farukh Gopal Shrestha",Bhaktapur,farukh.shrestha@gmail.com
"Hari  Pandey",Kathmandu,hari.pandey@gmail.com
"Farukh Begum Pandey",Bhaktapur,farukh.pandey@hotmail.com
"Venu Bahadur Rai",Biratnagar,venu.rai@live.com
"Fatima  Rai",Pokhara,fatima.rai@live.com
"Fatima Gopal Rana",Dharan,fatima.rana@live.com
"Venu Begum Khan",Pokhara,venu.khan@gmail.com
"Avantika  Khan",Biratnagar,avantika.khan@gmail.com
"Avantika  Bhattarai",Kathmandu,avantika.bhattarai@hotmail.com
"Shreya  Iyer",Lalitpur,shreya.iyer@live.com
"Shreya Prasad Sharma",Nepalgunj,shreya.sharma@live.com
"Akanshya Bahadur Khan",Biratnagar,akanshya.khan@gmail.com
"Hari  Rana",Birgunj,hari.rana@gmail.com
"Laxman  Shrestha",Biratnagar,laxman.shrestha@gmail.com
"Farukh  Rai",Butwal,farukh.rai@hotmail.com
"Akanshya  Thapa",Bhaktapur,akanshya.thapa@hotmail.com
"Fatima Kumari Tamang",Biratnagar,fatima.tamang@live.com
"Fatima  Shrestha",Lalitpur,fatima.shrestha@live.com
"Hari  Iyer",Dharan,hari.iyer@live.com
"Shreya  Pandey",Butwal,shreya.pandey@hotmail.com
"Avantika  Bhattarai",Butwal,avantika.bhattarai@live.com
"Shreya  Thapa",Hetauda,shreya.thapa@live.com
"Laxman Kumari Rana",Butwal,laxman.rana@gmail.com
"Shreya  Rana",Lalitpur,shreya.rana@hotmail.com
"Venu Prasad Sharma",Lalitpur,venu.sharma@hotmail.com
"Venu  Shrestha",Lalitpur,venu.shrestha@gmail.com
"Akanshya Kumari Iyer",Bhaktapur,akanshya.iyer@hotmail.com
"Fatima  Bhattarai",Pokhara,fatima.bhattarai@live.com
"Farukh Prasad Pandey",Kathmandu,farukh.pandey@gmail.com
"Farukh  Khan",Butwal,farukh.khan@live.com
"Laxman Gopal Pandey",Nepalgunj,laxman.pandey@gmail.com
"Shreya  Bhattarai",Butwal,shreya.bhattarai@live.com
"Fatima Kumar Gurung",Lalitpur,fatima.gurung@live.com
"Akanshya  Khan",Pokhara,akanshya.khan@gmail.com
"Laxmi  Khan",Lalitpur,laxmi.khan@hotmail.com
"Hari  Tamang",Dharan,hari.tamang@hotmail.com
"Laxman  Shrestha",Biratnagar,laxman.shrestha@gmail.com
"Laxmi Kumari Rai",Hetauda,laxmi.rai@live.com
"Ram Devi Khan",Nepalgunj,ram.khan@gmail.com
"Avantika  Khan",Birgunj,avantika.khan@live.com
"Laxmi  Khan",Pokhara,laxmi.khan@gmail.com
"Akanshya  Tamang",Kathmandu,akanshya.tamang@live.com
"Akanshya  Sharma",Dharan,akanshya.sharma@hotmail.com
"Ram  Sharma",Pokhara,ram.sharma@hotmail.com
"Fatima  Bhattarai",Bhaktapur,fatima.bhattarai@hotmail.com
"Hari  Bhattarai",Pokhara,hari.bhattarai@hotmail.com
"Laxman  Thapa",Dharan,laxman.thapa@hotmail.com
"Fatima  Rana",Bhaktapur,fatima.rana@gmail.com
"Hari Kumar Shrestha",Kathmandu,hari.shrestha@live.com
"Akanshya  Khan",Butwal,akanshya.khan@gmail.com
"Laxman Gopal Gurung",Butwal,laxman.gurung@live.com
"Shreya Prasad Sharma",Pokhara,shreya.sharma@live.com
"Shreya  Bhattarai",Dharan,shreya.bhattarai@gmail.com
"Fatima Kumar Rai",Biratnagar,fatima.rai@live.com
"Ram  Bhattarai",Biratnagar,ram.bhattarai@hotmail.com
"Laxman Kumar Gurung",Lalitpur,laxman.gurung@gmail.com
"Hari Rani Bhattarai",Lalitpur,hari.bhattarai@gmail.com
"Laxman  Iyer",Dharan,laxman.iyer@gmail.com
"Ram  Rana",Lalitpur,ram.rana@gmail.com
"Venu  Thapa",Biratnagar,venu.thapa@live.com
"Fatima Kumar Rana",Kathmandu,fatima.rana@hotmail.com
"Avantika Prasad Khan",Dharan,avantika.khan@hotmail.com
"Ram Bahadur Rai",Hetauda,ram.rai@live.com
"Avantika  Rana",Nepalgunj,avantika.rana@gmail.com
"Ram Begum Shrestha",Butwal,ram.shrestha@gmail.com
"Fatima  Rana",Bhaktapur,fatima.rana@gmail.com
"Fatima  Khan",Bhaktapur,fatima.khan@hotmail.com
"Laxman Ali Iyer",Lalitpur,laxman.iyer@live.com
"Laxman Kaur Pandey",Bhaktapur,laxman.pandey@hotmail.com
"Ram  Tamang",Nepalgunj,ram.tamang@live.com
"Laxmi Devi Gurung",Biratnagar,laxmi.gurung@live.com
"Avantika  Bhattarai",Pokhara,avantika.bhattarai@hotmail.com
"Shreya  Rana",Pokhara,shreya.rana@live.com
"Hari Rani Sharma",Butwal,hari.sharma@gmail.com
"Farukh  Tamang",Pokhara,farukh.tamang@live.com
"Laxman  Rana",Birgunj,laxman.rana@hotmail.com
"Fatima  Rana",Lalitpur,fatima.rana@live.com
"Laxman  Sharma",Bhaktapur,laxman.sharma@hotmail.com
"Farukh  Tamang",Kathmandu,farukh.tamang@live.com
"Shreya  Sharma",Biratnagar,shreya.sharma@live.com
"Venu Rani Tamang",Lalitpur,venu.tamang@hotmail.com
"Shreya Bahadur Bhattarai",Birgunj,shreya.bhattarai@hotmail.com
"Venu  Rai",Kathmandu,venu.rai@gmail.com
"Ram Bahadur Khan",Nepalgunj,ram.khan@live.com
"Ram  Iyer",Hetauda,ram.iyer@hotmail.com
"Akanshya  Shrestha",Birgunj,akanshya.shrestha@gmail.com
"Laxman  Bhattarai",Bhaktapur,laxman.bhattarai@hotmail.com
"Shreya Begum Pandey",Nepalgunj,shreya.pandey@gmail.com
"Hari Devi Rana",Nepalgunj,hari.rana@gmail.com
"Farukh  Pandey",Birgunj,farukh.pandey@hotmail.com
"Ram  Shrestha",Butwal,ram.shrestha@gmail.com
"Laxman Gopal Tamang",Nepalgunj,laxman.tamang@hotmail.com
"Laxmi  Sharma",Hetauda,laxmi.sharma@live.com
"Farukh Prasad Rai",Kathmandu,farukh.rai@hotmail.com
"Hari Begum Bhattarai",Kathmandu,hari.bhattarai@hotmail.com
"Akanshya  Tamang",Pokhara,akanshya.tamang@gmail.com
"Ram  Rana",Hetauda,ram.rana@hotmail.com
"Farukh  Rana",Nepalgunj,farukh.rana@live.com
"Akanshya  Bhattarai",Dharan,akanshya.bhattarai@hotmail.com
"Avantika Gopal Thapa",Biratnagar,avantika.thapa@gmail.com
"Laxman Ali Shrestha",Pokhara,laxman.shrestha@hotmail.com
"Fatima Rani Pandey",Birgunj,fatima.pandey@gmail.com
"Laxmi Begum Khan",Biratnagar,laxmi.khan@gmail.com
"Akanshya  Khan",Dharan,akanshya.khan@live.com
"Hari  Gurung",Butwal,hari.gurung@gmail.com
"Venu Begum Rai",Birgunj,venu.rai@hotmail.com
"Ram Kaur Bhattarai",Kathmandu,ram.bhattarai@hotmail.com
"Fatima Devi Pandey",Lalitpur,fatima.pandey@hotmail.com
"Akanshya  Rana",Biratnagar,akanshya.rana@gmail.com
"Laxman  Bhattarai",Dharan,laxman.bhattarai@gmail.com
"Shreya Kumari Bhattarai",Bhaktapur,shreya.bhattarai@hotmail.com
"Laxmi  Khan",Pokhara,laxmi.khan@hotmail.com
"Fatima  Thapa",Bhaktapur,fatima.thapa@gmail.com
"Venu Devi Iyer",Dharan,venu.iyer@gmail.com
"Laxman  Pandey",Pokhara,laxman.pandey@live.com
"Shreya  Tamang",Lalitpur,shreya.tamang@live.com
"Hari Kumari Bhattarai",Hetauda,hari.bhattarai@live.com
"Avantika Begum Sharma",Biratnagar,avantika.sharma@hotmail.com
"Laxman  Iyer",Pokhara,laxman.iyer@gmail.com
"Venu  Sharma",Nepalgunj,venu.sharma@gmail.com
"Fatima Devi Pandey",Dharan,fatima.pandey@gmail.com
"Venu Rani Pandey",Kathmandu,venu.pandey@gmail.com
"Laxman  Gurung",Nepalgunj,laxman.gurung@hotmail.com
"Hari  Sharma",Bhaktapur,hari.sharma@live.com
"Ram  Thapa",Nepalgunj,ram.thapa@hotmail.com
"Laxmi  Thapa",Lalitpur,laxmi.thapa@hotmail.com
"Avantika Rani Pandey",Pokhara,avantika.pandey@live.com
"Farukh  Pandey",Nepalgunj,farukh.pandey@live.com
"Hari  Pandey",Biratnagar,hari.pandey@live.com
"Laxman  Pandey",Hetauda,laxman.pandey@hotmail.com
"Avantika  Rai",Kathmandu,avantika.rai@hotmail.com
"Shreya Begum Sharma",Bhaktapur,shreya.sharma@live.com
"Hari  Bhattarai",Lalitpur,hari.bhattarai@gmail.com
"Shreya  Tamang",Nepalgunj,shreya.tamang@live.com
"Fatima  Rai",Nepalgunj,fatima.rai@live.com
"Ram Devi Gurung",Lalitpur,ram.gurung@live.com
"Farukh  Rai",Biratnagar,farukh.rai@live.com
"Hari Prasad Rana",Hetauda,hari.rana@gmail.com
"Ram Kumari Tamang",Butwal,ram.tamang@hotmail.com
"Akanshya  Bhattarai",Lalitpur,akanshya.bhattarai@gmail.com
"Ram Kumar Tamang",Hetauda,ram.tamang@live.com
"Ram  Rai",Lalitpur,ram.rai@hotmail.com
"Fatima Gopal Pandey",Nepalgunj,fatima.pandey@hotmail.com
"Akanshya Gopal Rai",Nepalgunj,akanshya.rai@hotmail.com
"Avantika  Rai",Butwal,avantika.rai@hotmail.com
"Ram Begum Bhattarai",Pokhara,ram.bhattarai@gmail.com
"Laxmi  Gurung",Hetauda,laxmi.gurung@live.com
"Farukh Kumar Pandey",Dharan,farukh.pandey@hotmail.com
"Ram Prasad Iyer",Butwal,ram.iyer@gmail.com
"Fatima Prasad Iyer",Biratnagar,fatima.iyer@gmail.com
"Hari  Rana",Nepalgunj,hari.rana@hotmail.com
"Laxman Devi Thapa",Hetauda,laxman.thapa@gmail.com
"Shreya Devi Gurung",Birgunj,shreya.gurung@hotmail.com
"Avantika Kumar Bhattarai",Kathmandu,avantika.bhattarai@hotmail.com
"Shreya  Thapa",Birgunj,shreya.thapa@hotmail.com
"Akanshya  Rai",Hetauda,akanshya.rai@gmail.com
"Venu  Tamang",Kathmandu,venu.tamang@gmail.com
"Farukh  Rai",Lalitpur,farukh.rai@hotmail.com
"Venu Prasad Gurung",Nepalgunj,venu.gurung@gmail.com
"Fatima  Khan",Biratnagar,fatima.khan@live.com
"Shreya Begum Gurung",Dharan,shreya.gurung@hotmail.com
"Hari  Rai",Pokhara,hari.rai@hotmail.com
"Avantika  Bhattarai",Kathmandu,avantika.bhattarai@live.com
"Ram Gopal Khan",Kathmandu,ram.khan@live.com
"Laxmi Kumar Rai",Biratnagar,laxmi.rai@live.com
"Shreya Kumari Shrestha",Birgunj,shreya.shrestha@hotmail.com
"Laxmi  Iyer",Kathmandu,laxmi.iyer@gmail.com
"Laxman  Thapa",Bhaktapur,laxman.thapa@gmail.com
"Laxman Rani Bhattarai",Birgunj,laxman.bhattarai@hotmail.com
"Farukh  Pandey",Bhaktapur,farukh.pandey@hotmail.com
"Hari  Shrestha",Butwal,hari.shrestha@hotmail.com
"Venu  Rai",Nepalgunj,venu.rai@live.com
"Laxmi Begum Gurung",Dharan,laxmi.gurung@live.com
"Hari  Thapa",Hetauda,hari.thapa@hotmail.com
"Avantika  Khan",Bhaktapur,avantika.khan@hotmail.com
"Venu  Shrestha",Lalitpur,venu.shrestha@gmail.com
"Farukh  Rai",Dharan,farukh.rai@live.com
"Akanshya Kumar Tamang",Hetauda,akanshya.tamang@gmail.com
"Venu Begum Sharma",Butwal,venu.sharma@live.com
"Avantika Kumar Khan",Dharan,avantika.khan@gmail.com
"Hari Kumar Khan",Bhaktapur,hari.khan@live.com
"Laxmi Kumari Gurung",Butwal,laxmi.gurung@hotmail.com
"Avantika  Bhattarai",Birgunj,avantika.bhattarai@gmail.com
"Venu Ali Pandey",Biratnagar,venu.pandey@gmail.com
"Fatima Begum Pandey",Dharan,fatima.pandey@gmail.com
"Laxmi  Sharma",Biratnagar,laxmi.sharma@live.com
"Laxmi Kumari Shrestha",Biratnagar,laxmi.shrestha@gmail.com
"Laxmi  Sharma",Birgunj,laxmi.sharma@hotmail.com
"Avantika Ali Bhattarai",Pokhara,avantika.bhattarai@live.com
"Akanshya Devi Pandey",Lalitpur,akanshya.pandey@gmail.com
"Farukh Prasad Shrestha",Biratnagar,farukh.shrestha@hotmail.com
"Venu Begum Khan",Dharan,venu.khan@gmail.com
"Avantika  Shrestha",Dharan,avantika.shrestha@live.com
"Venu  Pandey",Lalitpur,venu.pandey@hotmail.com
"Venu Gopal Khan",Hetauda,venu.khan@live.com
"Hari Kumari Khan",Bhaktapur,hari.khan@hotmail.com
"Farukh  Rai",Nepalgunj,farukh.rai@live.com
"Shreya Kumari Sharma",Pokhara,shreya.sharma@hotmail.com
"Laxmi Gopal Khan",Hetauda,laxmi.khan@gmail.com
"Laxmi  Gurung",Bhaktapur,laxmi.gurung@gmail.com
"Hari Ali Shrestha",Kathmandu,hari.shrestha@hotmail.com
"Hari Kaur Pandey",Hetauda,hari.pandey@gmail.com
"Fatima Kumar Thapa",Hetauda,fatima.thapa@gmail.com
"Shreya Prasad Gurung",Birgunj,shreya.gurung@gmail.com
"Laxman  Tamang",Butwal,laxman.tamang@gmail.com
"Farukh Prasad Rai",Nepalgunj,farukh.rai@hotmail.com
"Venu Kaur Sharma",Birgunj,venu.sharma@hotmail.com
"Fatima  Thapa",Birgunj,fatima.thapa@live.com
"Laxmi  Thapa",Kathmandu,laxmi.thapa@hotmail.com
"Venu  Gurung",Nepalgunj,venu.gurung@live.com
"Avantika  Khan",Hetauda,avantika.khan@gmail.com
"Fatima  Khan",Biratnagar,fatima.khan@gmail.com
"Fatima  Gurung",Bhaktapur,fatima.gurung@hotmail.com
"Laxman Ali Thapa",Birgunj,laxman.thapa@live.com
"Laxman Rani Rana",Bhaktapur,laxman.rana@gmail.com
"Fatima Begum Shrestha",Butwal,fatima.shrestha@gmail.com
"Akanshya Begum Shrestha",Bhaktapur,akanshya.shrestha@hotmail.com
"Laxmi Rani Sharma",Butwal,laxmi.sharma@gmail.com
"Akanshya Prasad Rai",Dharan,akanshya.rai@hotmail.com
"Laxman Ali Iyer",Kathmandu,laxman.iyer@live.com
"Fatima Devi Pandey",Biratnagar,fatima.pandey@live.com
"Ram Bahadur Pandey",Lalitpur,ram.pandey@live.com
"Hari Begum Sharma",Nepalgunj,hari.sharma@live.com
"Laxmi  Thapa",Hetauda,laxmi.thapa@gmail.com
"Ram Devi Rana",Birgunj,ram.rana@gmail.com
"Farukh  Khan",Bhaktapur,farukh.khan@live.com
"Farukh Bahadur Iyer",Bhaktapur,farukh.iyer@hotmail.com
"Farukh  Iyer",Pokhara,farukh.iyer@live.com
"Shreya  Tamang",Kathmandu,shreya.tamang@live.com
"Ram Ali Pandey",Nepalgunj,ram.pandey@gmail.com
"Laxmi Bahadur Khan",Bhaktapur,laxmi.khan@live.com
"Laxman  Thapa",Nepalgunj,laxman.thapa@hotmail.com
"Venu Rani Khan",Birgunj,venu.khan@gmail.com
"Fatima  Thapa",Nepalgunj,fatima.thapa@gmail.com
"Venu Kaur Pandey",Butwal,venu.pandey@live.com
"Farukh  Gurung",Pokhara,farukh.gurung@hotmail.com
"Venu  Bhattarai",Nepalgunj,venu.bhattarai@hotmail.com
"Akanshya  Rai",Butwal,akanshya.rai@live.com
"Ram  Tamang",Dharan,ram.tamang@hotmail.com
"Avantika  Gurung",Nepalgunj,avantika.gurung@live.com
"Farukh Rani Rana",Birgunj,farukh.rana@gmail.com
"Venu Devi Iyer",Nepalgunj,venu.iyer@hotmail.com
"Avantika Kumari Khan",Lalitpur,avantika.khan@gmail.com
"Venu  Rana",Lalitpur,venu.rana@live.com
"Fatima  Sharma",Nepalgunj,fatima.sharma@live.com
"Shreya  Shrestha",Biratnagar,shreya.shrestha@gmail.com
"Avantika  Khan",Bhaktapur,avantika.khan@live.com
"Avantika Gopal Pandey",Nepalgunj,avantika.pandey@live.com
"Ram  Rai",Biratnagar,ram.rai@hotmail.com
"Laxmi  Rana",Kathmandu,laxmi.rana@hotmail.com
"Fatima  Rai",Dharan,fatima.rai@hotmail.com
"Ram  Shrestha",Bhaktapur,ram.shrestha@gmail.com
"Avantika Bahadur Rana",Hetauda,avantika.rana@live.com
"Avantika  Pandey",Nepalgunj,avantika.pandey@gmail.com
"Hari Kaur Rana",Birgunj,hari.rana@hotmail.com
"Laxmi  Tamang",Kathmandu,laxmi.tamang@gmail.com
"Hari Bahadur Bhattarai",Bhaktapur,hari.bhattarai@hotmail.com
"Akanshya Rani Sharma",Birgunj,akanshya.sharma@gmail.com
"Venu Kumari Sharma",Kathmandu,venu.sharma@gmail.com
"Akanshya Kaur Tamang",Kathmandu,akanshya.tamang@hotmail.com
"Farukh Prasad Khan",Kathmandu,farukh.khan@gmail.com
"Laxmi  Iyer",Birgunj,laxmi.iyer@hotmail.com
"Venu  Gurung",Birgunj,venu.gurung@gmail.com
"Hari Devi Tamang",Birgunj,hari.tamang@live.com
"Farukh Kumar Iyer",Lalitpur,farukh.iyer@live.com
"Hari  Khan",Dharan,hari.khan@gmail.com
"Laxman  Shrestha",Dharan,laxman.shrestha@live.com
"Shreya Ali Bhattarai",Hetauda,shreya.bhattarai@hotmail.com
"Hari Rani Iyer",Butwal,hari.iyer@hotmail.com
"Shreya Rani Shrestha",Lalitpur,shreya.shrestha@hotmail.com
"Fatima Kumari Pandey",Kathmandu,fatima.pandey@gmail.com
"Laxmi Kumar Pandey",Birgunj,laxmi.pandey@hotmail.com
"Avantika Bahadur Shrestha",Birgunj,avantika.shrestha@live.com
"Akanshya Devi Rana",Kathmandu,akanshya.rana@live.com
"Hari  Sharma",Hetauda,hari.sharma@live.com
"Farukh Rani Rana",Birgunj,farukh.rana@hotmail.com
"Akanshya Prasad Pandey",Lalitpur,akanshya.pandey@live.com
"Ram  Sharma",Kathmandu,ram.sharma@live.com
"Hari  Rana",Dharan,hari.rana@gmail.com
"Laxman Begum Tamang",Dharan,laxman.tamang@live.com
"Avantika  Sharma",Bhaktapur,avantika.sharma@live.com
"Laxmi Kaur Khan",Lalitpur,laxmi.khan@gmail.com
"Laxmi Gopal Khan",Biratnagar,laxmi.khan@hotmail.com
"Akanshya  Iyer",Butwal,akanshya.iyer@hotmail.com
"Avantika Devi Iyer",Kathmandu,avantika.iyer@gmail.com
"Laxman Kaur Thapa",Dharan,laxman.thapa@live.com
"Fatima Kaur Iyer",Bhaktapur,fatima.iyer@gmail.com
"Venu Prasad Rana",Hetauda,venu.rana@live.com
"Laxman Devi Tamang",Birgunj,laxman.tamang@gmail.com
"Ram  Iyer",Pokhara,ram.iyer@gmail.com
"Shreya  Sharma",Bhaktapur,shreya.sharma@gmail.com
"Laxman Gopal Bhattarai",Kathmandu,laxman.bhattarai@gmail.com
"Shreya Kumari Rai",Birgunj,shreya.rai@gmail.com
"Shreya Ali Tamang",Dharan,shreya.tamang@live.com
"Shreya Kumari Rai",Dharan,shreya.rai@live.com
"Shreya  Thapa",Pokhara,shreya.thapa@gmail.com
"Laxmi Gopal Thapa",Pokhara,laxmi.thapa@hotmail.com
"Venu Kumari Sharma",Birgunj,venu.sharma@live.com
"Venu Devi Gurung",Hetauda,venu.gurung@gmail.com
"Venu  Sharma",Bhaktapur,venu.sharma@gmail.com
"Akanshya Begum Khan",Dharan,akanshya.khan@live.com
"Akanshya  Sharma",Lalitpur,akanshya.sharma@live.com
"Akanshya  Gurung",Biratnagar,akanshya.gurung@hotmail.com
"Avantika Gopal Thapa",Kathmandu,avantika.thapa@hotmail.com
"Avantika Devi Gurung",Dharan,avantika.gurung@live.com
"Ram  Thapa",Birgunj,ram.thapa@live.com
"Fatima Kumar Rai",Lalitpur,fatima.rai@gmail.com
"Ram  Iyer",Biratnagar,ram.iyer@gmail.com
"Fatima Gopal Rai",Nepalgunj,fatima.rai@live.com
"Laxmi Begum Khan",Bhaktapur,laxmi.khan@gmail.com
"Venu Bahadur Shrestha",Butwal,venu.shrestha@gmail.com
"Farukh  Iyer",Pokhara,farukh.iyer@hotmail.com
"Venu  Rana",Butwal,venu.rana@live.com
"Laxman  Thapa",Birgunj,laxman.thapa@gmail.com
"Hari Kumar Pandey",Biratnagar,hari.pandey@live.com
"Laxman  Tamang",Kathmandu,laxman.tamang@gmail.com
"Fatima Kumari Khan",Hetauda,fatima.khan@live.com
"Farukh  Shrestha",Lalitpur,farukh.shrestha@hotmail.com
"Laxman Bahadur Tamang",Hetauda,laxman.tamang@gmail.com
"Avantika Kumar Iyer",Kathmandu,avantika.iyer@live.com
"Farukh  Rana",Bhaktapur,farukh.rana@gmail.com
"Fatima Gopal Bhattarai",Nepalgunj,fatima.bhattarai@hotmail.com
"Farukh  Rana",Lalitpur,farukh.rana@hotmail.com
"Akanshya  Sharma",Butwal,akanshya.sharma@gmail.com
"Hari  Tamang",Biratnagar,hari.tamang@gmail.com
"Farukh Devi Khan",Hetauda,farukh.khan@gmail.com
"Venu  Gurung",Kathmandu,venu.gurung@live.com
"Laxman  Gurung",Bhaktapur,laxman.gurung@gmail.com
"Fatima  Rai",Kathmandu,fatima.rai@hotmail.com
"Farukh  Bhattarai",Bhaktapur,farukh.bhattarai@hotmail.com
"Fatima Begum Iyer",Nepalgunj,fatima.iyer@live.com
"Akanshya Devi Khan",Butwal,akanshya.khan@live.com
"Hari Rani Rana",Birgunj,hari.rana@gmail.com
"Ram Kaur Rai",Butwal,ram.rai@gmail.com
"Laxmi Gopal Pandey",Birgunj,laxmi.pandey@live.com
"Hari  Rai",Birgunj,hari.rai@gmail.com
"Akanshya  Thapa",Kathmandu,akanshya.thapa@hotmail.com
"Fatima  Khan",Kathmandu,fatima.khan@gmail.com
"Avantika  Thapa",Pokhara,avantika.thapa@live.com
"Avantika Prasad Iyer",Pokhara,avantika.iyer@gmail.com
"Farukh Kaur Thapa",Pokhara,farukh.thapa@hotmail.com
"Fatima  Iyer",Birgunj,fatima.iyer@gmail.com
"Venu Kaur Bhattarai",Nepalgunj,venu.bhattarai@gmail.com
"Avantika  Pandey",Pokhara,avantika.pandey@live.com
"Laxman Prasad Rai",Dharan,laxman.rai@live.com
"Hari  Shrestha",Birgunj,hari.shrestha@hotmail.com
"Laxmi Kumari Pandey",Hetauda,laxmi.pandey@gmail.com
"Shreya  Rai",Pokhara,shreya.rai@gmail.com
"Fatima  Rana",Bhaktapur,fatima.rana@hotmail.com
"Laxman  Khan",Butwal,laxman.khan@live.com
"Laxmi  Rai",Hetauda,laxmi.rai@live.com
"Laxmi  Bhattarai",Biratnagar,laxmi.bhattarai@live.com
"Hari  Pandey",Kathmandu,hari.pandey@live.com
"Akanshya Ali Shrestha",Birgunj,akanshya.shrestha@hotmail.com
"Akanshya Gopal Rana",Pokhara,akanshya.rana@hotmail.com
"Ram Gopal Bhattarai",Pokhara,ram.bhattarai@hotmail.com
"Hari  Iyer",Lalitpur,hari.iyer@gmail.com
"Fatima  Pandey",Dharan,fatima.pandey@live.com
"Laxmi  Iyer",Nepalgunj,laxmi.iyer@hotmail.com
"Akanshya Rani Tamang",Dharan,akanshya.tamang@live.com
"Shreya  Shrestha",Nepalgunj,shreya.shrestha@gmail.com
"Laxman Kaur Rai",Hetauda,laxman.rai@live.com
"Venu Kumar Rana",Pokhara,venu.rana@gmail.com
"Farukh Bahadur Sharma",Nepalgunj,farukh.sharma@hotmail.com
"Venu Devi Bhattarai",Hetauda,venu.bhattarai@hotmail.com
"Laxman Begum Gurung",Nepalgunj,laxman.gurung@gmail.com
"Venu Prasad Sharma",Biratnagar,venu.sharma@gmail.com
"Ram  Iyer",Hetauda,ram.iyer@hotmail.com
"Shreya Devi Khan",Hetauda,shreya.khan@hotmail.com
"Hari  Bhattarai",Hetauda,hari.bhattarai@live.com
"Avantika Kumar Gurung",Bhaktapur,avantika.gurung@live.com
"Laxman Kumar Khan",Biratnagar,laxman.khan@gmail.com
"Laxmi  Shrestha",Nepalgunj,laxmi.shrestha@gmail.com
"Akanshya Gopal Gurung",Kathmandu,akanshya.gurung@live.com
"Fatima  Bhattarai",Kathmandu,fatima.bhattarai@gmail.com
"Shreya Prasad Shrestha",Pokhara,shreya.shrestha@hotmail.com
"Shreya Prasad Bhattarai",Biratnagar,shreya.bhattarai@gmail.com
"Avantika Prasad Tamang",Biratnagar,avantika.tamang@live.com
"Farukh  Tamang",Dharan,farukh.tamang@hotmail.com
"Farukh Gopal Bhattarai",Nepalgunj,farukh.bhattarai@hotmail.com
"Venu Bahadur Iyer",Dharan,venu.iyer@gmail.com
"Laxman Bahadur Gurung",Nepalgunj,laxman.gurung@live.com
"Avantika  Khan",Bhaktapur,avantika.khan@hotmail.com
"Laxmi  Bhattarai",Birgunj,laxmi.bhattarai@live.com
"Shreya  Shrestha",Dharan,shreya.shrestha@hotmail.com
"Laxman  Tamang",Biratnagar,laxman.tamang@gmail.com
"Avantika Ali Thapa",Kathmandu,avantika.thapa@gmail.com
"Farukh  Pandey",Nepalgunj,farukh.pandey@live.com
"Akanshya  Gurung",Biratnagar,akanshya.gurung@gmail.com
"Akanshya  Bhattarai",Birgunj,akanshya.bhattarai@hotmail.com
"Fatima Bahadur Bhattarai",Nepalgunj,fatima.bhattarai@gmail.com
"Hari  Bhattarai",Bhaktapur,hari.bhattarai@live.com
"Laxmi  Khan",Pokhara,laxmi.khan@live.com
"Shreya  Rana",Nepalgunj,shreya.rana@gmail.com
"Avantika  Iyer",Birgunj,avantika.iyer@live.com
"Venu  Sharma",Hetauda,venu.sharma@gmail.com
"Fatima Ali Rana",Lalitpur,fatima.rana@hotmail.com
"Ram Begum Gurung",Bhaktapur,ram.gurung@gmail.com
"Venu  Khan",Birgunj,venu.khan@live.com
"Laxmi Kumari Bhattarai",Biratnagar,laxmi.bhattarai@hotmail.com
"Laxmi Gopal Iyer",Lalitpur,laxmi.iyer@gmail.com
"Venu  Tamang",Pokhara,venu.tamang@hotmail.com
"Ram Gopal Khan",Butwal,ram.khan@live.com
"Farukh Rani Gurung",Biratnagar,farukh.gurung@hotmail.com
"Fatima  Iyer",Kathmandu,fatima.iyer@hotmail.com
"Avantika  Pandey",Lalitpur,avantika.pandey@gmail.com
"Avantika Prasad Pandey",Dharan,avantika.pandey@live.com
"Farukh  Thapa",Nepalgunj,farukh.thapa@gmail.com
"Ram  Tamang",Pokhara,ram.tamang@hotmail.com
"Laxman  Rai",Kathmandu,laxman.rai@live.com
"Ram Prasad Gurung",Birgunj,ram.gurung@hotmail.com
"Avantika Kumari Gurung",Biratnagar,avantika.gurung@hotmail.com
"Laxman Kaur Bhattarai",Butwal,laxman.bhattarai@live.com
"Ram Begum Rana",Hetauda,ram.rana@live.com
"Ram Devi Tamang",Lalitpur,ram.tamang@live.com
"Laxman Begum Bhattarai",Pokhara,laxman.bhattarai@live.com
"Ram  Bhattarai",Lalitpur,ram.bhattarai@live.com
"Avantika Bahadur Bhattarai",Birgunj,avantika.bhattarai@hotmail.com
"Fatima  Rai",Butwal,fatima.rai@hotmail.com
"Venu  Shrestha",Pokhara,venu.shrestha@hotmail.com
"Hari  Rai",Bhaktapur,hari.rai@gmail.com
"Avantika Rani Bhattarai",Hetauda,avantika.bhattarai@gmail.com
"Avantika  Khan",Lalitpur,avantika.khan@live.com
"Fatima  Thapa",Pokhara,fatima.thapa@gmail.com
"Avantika  Sharma",Bhaktapur,avantika.sharma@live.com
"Venu  Khan",Dharan,venu.khan@live.com
"Farukh  Thapa",Nepalgunj,farukh.thapa@live.com
"Hari  Khan",Kathmandu,hari.khan@gmail.com
"Fatima Kumari Iyer",Pokhara,fatima.iyer@gmail.com
"Ram Rani Thapa",Dharan,ram.thapa@hotmail.com
"Ram  Bhattarai",Lalitpur,ram.bhattarai@hotmail.com
"Venu  Bhattarai",Hetauda,venu.bhattarai@live.com
"Laxmi Bahadur Rai",Hetauda,laxmi.rai@live.com
"Venu  Iyer",Nepalgunj,venu.iyer@hotmail.com
"Shreya Ali Sharma",Dharan,shreya.sharma@gmail.com
"Fatima  Tamang",Hetauda,fatima.tamang@hotmail.com
"Fatima Bahadur Iyer",Bhaktapur,fatima.iyer@hotmail.com
"Akanshya Devi Bhattarai",Nepalgunj,akanshya.bhattarai@hotmail.com
"Avantika  Thapa",Pokhara,avantika.thapa@hotmail.com
"Ram Begum Rai",Dharan,ram.rai@gmail.com
"Ram Prasad Bhattarai",Biratnagar,ram.bhattarai@hotmail.com
"Farukh  Iyer",Kathmandu,farukh.iyer@hotmail.com
"Fatima  Rana",Bhaktapur,fatima.rana@live.com
"Shreya Kumari Iyer",Lalitpur,shreya.iyer@gmail.com
"Akanshya  Sharma",Pokhara,akanshya.sharma@gmail.com
"Avantika  Rana",Nepalgunj,avantika.rana@gmail.com
"Ram Ali Thapa",Kathmandu,ram.thapa@hotmail.com
"Hari  Iyer",Dharan,hari.iyer@gmail.com
"Fatima Devi Tamang",Lalitpur,fatima.tamang@hotmail.com
"Farukh Kumar Bhattarai",Hetauda,farukh.bhattarai@gmail.com
"Akanshya Begum Tamang",Hetauda,akanshya.tamang@live.com
"Hari  Bhattarai",Pokhara,hari.bhattarai@gmail.com
"Hari  Shrestha",Dharan,hari.shrestha@hotmail.com
"Farukh  Sharma",Butwal,farukh.sharma@live.com
"Shreya  Khan",Hetauda,shreya.khan@hotmail.com
"Hari Kumari Rana",Kathmandu,hari.rana@gmail.com
"Akanshya  Tamang",Hetauda,akanshya.tamang@live.com
"Akanshya Gopal Bhattarai",Butwal,akanshya.bhattarai@gmail.com
"Farukh  Tamang",Biratnagar,farukh.tamang@live.com
"Akanshya Bahadur Pandey",Lalitpur,akanshya.pandey@gmail.com
"Avantika  Iyer",Lalitpur,avantika.iyer@live.com
"Farukh  Thapa",Birgunj,farukh.thapa@live.com
"Fatima  Gurung",Bhaktapur,fatima.gurung@hotmail.com
"Farukh Bahadur Thapa",Hetauda,farukh.thapa@hotmail.com
"Laxman Devi Thapa",Bhaktapur,laxman.thapa@live.com
"Fatima Prasad Iyer",Butwal,fatima.iyer@gmail.com
"Hari Kumar Bhattarai",Nepalgunj,hari.bhattarai@hotmail.com
"Hari Gopal Sharma",Hetauda,hari.sharma@gmail.com
"Ram Ali Pandey",Birgunj,ram.pandey@hotmail.com
"Farukh Begum Pandey",Nepalgunj,farukh.pandey@gmail.com
"Venu  Sharma",Pokhara,venu.sharma@gmail.com
"Shreya  Sharma",Bhaktapur,shreya.sharma@live.com
"Avantika Kumari Rai",Pokhara,avantika.rai@gmail.com
"Hari Prasad Rai",Lalitpur,hari.rai@hotmail.com
"Ram Devi Rana",Dharan,ram.rana@hotmail.com
"Farukh Ali Iyer",Pokhara,farukh.iyer@live.com
"Avantika  Iyer",Dharan,avantika.iyer@gmail.com
"Hari Ali Shrestha",Dharan,hari.shrestha@hotmail.com
"Hari  Bhattarai",Butwal,hari.bhattarai@live.com
"Shreya  Rana",Butwal,shreya.rana@gmail.com
"Avantika Devi Khan",Hetauda,avantika.khan@hotmail.com
"Venu Rani Tamang",Butwal,venu.tamang@hotmail.com
"Hari Kumari Khan",Bhaktapur,hari.khan@hotmail.com
"Ram  Iyer",Lalitpur,ram.iyer@hotmail.com
"Farukh  Khan",Kathmandu,farukh.khan@live.com
"Fatima Bahadur Shrestha",Nepalgunj,fatima.shrestha@hotmail.com
"Fatima  Tamang",Biratnagar,fatima.tamang@hotmail.com
"Shreya Rani Pandey",Lalitpur,shreya.pandey@gmail.com
"Akanshya  Tamang",Hetauda,akanshya.tamang@live.com
"Farukh Kumar Rana",Dharan,farukh.rana@live.com
"Fatima Kaur Sharma",Nepalgunj,fatima.sharma@gmail.com
"Farukh  Gurung",Birgunj,farukh.gurung@gmail.com
"Avantika  Sharma",Bhaktapur,avantika.sharma@gmail.com
"Laxman  Iyer",Lalitpur,laxman.iyer@live.com
"Shreya  Tamang",Birgunj,shreya.tamang@gmail.com
"Farukh  Iyer",Bhaktapur,farukh.iyer@hotmail.com
"Venu  Khan",Bhaktapur,venu.khan@hotmail.com
"Akanshya Prasad Gurung",Hetauda,akanshya.gurung@live.com
"Akanshya  Iyer",Nepalgunj,akanshya.iyer@live.com
"Akanshya  Shrestha",Bhaktapur,akanshya.shrestha@gmail.com
"Fatima  Iyer",Birgunj,fatima.iyer@hotmail.com
"Ram  Thapa",Nepalgunj,ram.thapa@hotmail.com
"Laxmi  Sharma",Kathmandu,laxmi.sharma@live.com
"Ram  Bhattarai",Hetauda,ram.bhattarai@live.com
"Laxman  Bhattarai",Biratnagar,laxman.bhattarai@live.com
"Venu Bahadur Rai",Pokhara,venu.rai@hotmail.com
"Fatima  Gurung",Hetauda,fatima.gurung@live.com
"Laxmi  Rai",Birgunj,laxmi.rai@hotmail.com
"Venu Rani Bhattarai",Lalitpur,venu.bhattarai@live.com
"Hari  Rana",Birgunj,hari.rana@hotmail.com
"Farukh  Gurung",Nepalgunj,farukh.gurung@live.com
"Hari  Sharma",Hetauda,hari.sharma@hotmail.com
"Laxman  Bhattarai",Dharan,laxman.bhattarai@live.com
"Shreya  Rana",Hetauda,shreya.rana@hotmail.com
"Avantika Devi Rana",Nepalgunj,avantika.rana@hotmail.com
"Shreya  Sharma",Hetauda,shreya.sharma@hotmail.com
"Akanshya Kumar Shrestha",Lalitpur,akanshya.shrestha@live.com
"Shreya Rani Iyer",Bhaktapur,shreya.iyer@gmail.com
"Hari  Shrestha",Nepalgunj,hari.shrestha@gmail.com
"Laxmi  Tamang",Butwal,laxmi.tamang@live.com
"Laxman Kaur Thapa",Hetauda,laxman.thapa@gmail.com
"Avantika Kaur Shrestha",Pokhara,avantika.shrestha@gmail.com
"Laxmi Kumar Iyer",Nepalgunj,laxmi.iyer@live.com
"Fatima  Rai",Hetauda,fatima.rai@gmail.com
"Farukh Begum Sharma",Birgunj,farukh.sharma@hotmail.com
"Ram Gopal Thapa",Kathmandu,ram.thapa@hotmail.com
"Akanshya  Rai",Pokhara,akanshya.rai@hotmail.com
"Laxman Prasad Gurung",Biratnagar,laxman.gurung@live.com
"Farukh  Thapa",Kathmandu,farukh.thapa@live.com
"Fatima  Pandey",Nepalgunj,fatima.pandey@live.com
"Akanshya Kaur Shrestha",Bhaktapur,akanshya.shrestha@live.com
"Laxman Begum Khan",Butwal,laxman.khan@gmail.com
"Laxmi  Shrestha",Hetauda,laxmi.shrestha@gmail.com
"Ram  Pandey",Birgunj,ram.pandey@hotmail.com
"Akanshya  Gurung",Nepalgunj,akanshya.gurung@gmail.com
"Hari  Rai",Nepalgunj,hari.rai@live.com
"Fatima  Tamang",Biratnagar,fatima.tamang@live.com
"Avantika Rani Gurung",Kathmandu,avantika.gurung@live.com
"Hari Rani Khan",Birgunj,hari.khan@gmail.com
"Laxman Bahadur Iyer",Birgunj,laxman.iyer@live.com
"Laxman Rani Khan",Nepalgunj,laxman.khan@hotmail.com
"Laxmi  Pandey",Bhaktapur,laxmi.pandey@gmail.com
"Ram Kumar Shrestha",Biratnagar,ram.shrestha@live.com
"Ram  Thapa",Bhaktapur,ram.thapa@hotmail.com
"Laxmi  Shrestha",Lalitpur,laxmi.shrestha@gmail.com
"Laxmi Rani Gurung",Dharan,laxmi.gurung@hotmail.com
"Avantika Ali Thapa",Biratnagar,avantika.thapa@gmail.com
"Laxman Prasad Rana",Kathmandu,laxman.rana@hotmail.com
"Ram  Tamang",Pokhara,ram.tamang@live.com
"Farukh  Bhattarai",Dharan,farukh.bhattarai@gmail.com
"Laxman  Thapa",Butwal,laxman.thapa@live.com
"Avantika  Tamang",Bhaktapur,avantika.tamang@live.com
"Laxmi Gopal Gurung",Dharan,laxmi.gurung@live.com
"Hari  Pandey",Biratnagar,hari.pandey@live.com
"Laxmi Gopal Pandey",Nepalgunj,laxmi.pandey@live.com
"Shreya Rani Rai",Hetauda,shreya.rai@hotmail.com
"Farukh  Khan",Biratnagar,farukh.khan@hotmail.com
"Laxmi  Iyer",Hetauda,laxmi.iyer@gmail.com
"Ram  Pandey",Dharan,ram.pandey@live.com
"Fatima  Rana",Lalitpur,fatima.rana@hotmail.com
"Fatima Rani Rai",Nepalgunj,fatima.rai@live.com
"Venu  Gurung",Bhaktapur,venu.gurung@hotmail.com
"Venu Kumari Tamang",Biratnagar,venu.tamang@live.com
"Laxmi  Thapa",Birgunj,laxmi.thapa@live.com
"Laxmi Bahadur Sharma",Birgunj,laxmi.sharma@gmail.com
"Ram  Tamang",Biratnagar,ram.tamang@hotmail.com
"Venu Devi Sharma",Lalitpur,venu.sharma@live.com
"Shreya  Pandey",Birgunj,shreya.pandey@hotmail.com
"Laxmi Ali Pandey",Bhaktapur,laxmi.pandey@hotmail.com
"Ram Kaur Khan",Lalitpur,ram.khan@hotmail.com
"Hari  Rai",Birgunj,hari.rai@gmail.com
"Laxman Kaur Khan",Kathmandu,laxman.khan@gmail.com
"Shreya Prasad Khan",Pokhara,shreya.khan@gmail.com
"Shreya  Iyer",Bhaktapur,shreya.iyer@live.com
"Shreya Gopal Gurung",Nepalgunj,shreya.gurung@live.com
"Shreya  Tamang",Dharan,shreya.tamang@gmail.com
"Shreya  Rana",Butwal,shreya.rana@hotmail.com
"Laxmi Kaur Rana",Nepalgunj,laxmi.rana@gmail.com
"Shreya  Rana",Nepalgunj,shreya.rana@live.com
"Hari  Tamang",Birgunj,hari.tamang@hotmail.com
"Laxman Devi Rai",Birgunj,laxman.rai@hotmail.com
"Shreya Kaur Gurung",Birgunj,shreya.gurung@gmail.com
"Laxman Kumari Rai",Kathmandu,laxman.rai@gmail.com
"Akanshya Rani Iyer",Birgunj,akanshya.iyer@live.com
"Akanshya  Rana",Kathmandu,akanshya.rana@gmail.com
"Venu  Thapa",Dharan,venu.thapa@live.com
"Laxmi  Gurung",Butwal,laxmi.gurung@hotmail.com
"Shreya Begum Rai",Hetauda,shreya.rai@hotmail.com
"Venu Kaur Rana",Birgunj,venu.rana@live.com
"Hari Begum Sharma",Kathmandu,hari.sharma@gmail.com
"Shreya Kaur Tamang",Butwal,shreya.tamang@hotmail.com
"Laxman Rani Thapa",Nepalgunj,laxman.thapa@hotmail.com
"Venu  Rai",Birgunj,venu.rai@live.com
"Hari  Shrestha",Biratnagar,hari.shrestha@hotmail.com
"Hari  Khan",Butwal,hari.khan@live.com
"Venu  Pandey",Kathmandu,venu.pandey@live.com
"Laxman  Bhattarai",Dharan,laxman.bhattarai@gmail.com
"Shreya  Gurung",Bhaktapur,shreya.gurung@gmail.com
"Venu Prasad Pandey",Nepalgunj,venu.pandey@hotmail.com
"Laxman  Gurung",Kathmandu,laxman.gurung@live.com
"Shreya Rani Pandey",Butwal,shreya.pandey@gmail.com
"Avantika  Pandey",Lalitpur,avantika.pandey@gmail.com
"Shreya  Gurung",Birgunj,shreya.gurung@gmail.com
"Laxman  Shrestha",Pokhara,laxman.shrestha@hotmail.com
"Avantika  Thapa",Pokhara,avantika.thapa@gmail.com
"Laxman Kumari Pandey",Butwal,laxman.pandey@hotmail.com
"Venu  Sharma",Bhaktapur,venu.sharma@live.com
"Ram  Sharma",Nepalgunj,ram.sharma@hotmail.com
"Ram  Iyer",Kathmandu,ram.iyer@hotmail.com
"Akanshya  Gurung",Butwal,akanshya.gurung@live.com
"Avantika  Thapa",Pokhara,avantika.thapa@gmail.com
"Akanshya  Bhattarai",Pokhara,akanshya.bhattarai@hotmail.com
"Venu  Gurung",Biratnagar,venu.gurung@live.com
"Akanshya  Tamang",Birgunj,akanshya.tamang@hotmail.com
"Laxmi Kumar Bhattarai",Bhaktapur,laxmi.bhattarai@gmail.com
"Farukh  Shrestha",Kathmandu,farukh.shrestha@live.com
"Avantika Devi Rai",Biratnagar,avantika.rai@live.com
"Venu Kaur Bhattarai",Nepalgunj,venu.bhattarai@hotmail.com
"Laxmi Begum Rai",Pokhara,laxmi.rai@hotmail.com
"Avantika Ali Thapa",Bhaktapur,avantika.thapa@hotmail.com
"Akanshya  Bhattarai",Lalitpur,akanshya.bhattarai@live.com
"Ram  Gurung",Hetauda,ram.gurung@live.com
"Hari Kumar Pandey",Nepalgunj,hari.pandey@gmail.com
"Hari Gopal Bhattarai",Kathmandu,hari.bhattarai@gmail.com
"Akanshya  Rana",Pokhara,akanshya.rana@gmail.com
"Farukh Gopal Shrestha",Butwal,farukh.shrestha@hotmail.com
"Laxmi  Thapa",Biratnagar,laxmi.thapa@hotmail.com
"Farukh Bahadur Rai",Biratnagar,farukh.rai@live.com
"Ram  Pandey",Nepalgunj,ram.pandey@live.com
"Laxmi Prasad Bhattarai",Butwal,laxmi.bhattarai@live.com
"Laxmi Rani Thapa",Bhaktapur,laxmi.thapa@hotmail.com
"Ram Begum Thapa",Butwal,ram.thapa@gmail.com
"Fatima Kaur Shrestha",Nepalgunj,fatima.shrestha@gmail.com
"Farukh Gopal Gurung",Kathmandu,farukh.gurung@hotmail.com
"Laxman  Iyer",Birgunj,laxman.iyer@live.com
"Farukh Kumari Khan",Nepalgunj,farukh.khan@hotmail.com
"Avantika Prasad Pandey",Biratnagar,avantika.pandey@live.com
"Laxman  Pandey",Nepalgunj,laxman.pandey@gmail.com
"Fatima Prasad Sharma",Pokhara,fatima.sharma@gmail.com
"Venu  Sharma",Pokhara,venu.sharma@live.com
"Avantika  Rana",Bhaktapur,avantika.rana@gmail.com
"Laxman Devi Thapa",Birgunj,laxman.thapa@live.com
"Venu Kumar Pandey",Hetauda,venu.pandey@gmail.com
"Shreya  Gurung",Hetauda,shreya.gurung@hotmail.com
"Laxman  Shrestha",Butwal,laxman.shrestha@hotmail.com
"Laxmi  Shrestha",Lalitpur,laxmi.shrestha@live.com
"Fatima Begum Tamang",Bhaktapur,fatima.tamang@hotmail.com
"Laxmi Rani Bhattarai",Pokhara,laxmi.bhattarai@hotmail.com
"Ram Gopal Gurung",Lalitpur,ram.gurung@gmail.com
"Laxman Kaur Tamang",Biratnagar,laxman.tamang@live.com
"Hari  Tamang",Lalitpur,hari.tamang@gmail.com
"Fatima  Rai",Dharan,fatima.rai@live.com
"Ram  Pandey",Birgunj,ram.pandey@live.com
"Avantika  Thapa",Bhaktapur,avantika.thapa@live.com
"Farukh Prasad Sharma",Butwal,farukh.sharma@live.com
"Hari Devi Tamang",Lalitpur,hari.tamang@hotmail.com
"Venu Devi Tamang",Birgunj,venu.tamang@gmail.com
"Farukh Prasad Shrestha",Pokhara,farukh.shrestha@gmail.com
"Venu  Iyer",Pokhara,venu.iyer@gmail.com
"Farukh Ali Sharma",Hetauda,farukh.sharma@live.com
"Venu  Rana",Biratnagar,venu.rana@live.com
"Laxman Bahadur Khan",Butwal,laxman.khan@live.com
"Laxmi Prasad Rana",Bhaktapur,laxmi.rana@gmail.com
"Akanshya Kumar Bhattarai",Lalitpur,akanshya.bhattarai@live.com
"Akanshya  Rai",Pokhara,akanshya.rai@gmail.com
"Venu  Khan",Butwal,venu.khan@gmail.com
"Ram Ali Rai",Bhaktapur,ram.rai@gmail.com
"Hari  Khan",Butwal,hari.khan@live.com
"Laxmi  Shrestha",Lalitpur,laxmi.shrestha@gmail.com
"Ram Gopal Sharma",Pokhara,ram.sharma@gmail.com
"Ram  Thapa",Bhaktapur,ram.thapa@live.com
"Avantika Prasad Iyer",Nepalgunj,avantika.iyer@live.com
"Akanshya Bahadur Shrestha",Nepalgunj,akanshya.shrestha@gmail.com
"Avantika  Gurung",Hetauda,avantika.gurung@live.com
"Farukh Bahadur Gurung",Hetauda,farukh.gurung@live.com
"Laxmi Prasad Rai",Hetauda,laxmi.rai@live.com
"Fatima  Bhattarai",Birgunj,fatima.bhattarai@gmail.com
"Akanshya  Sharma",Bhaktapur,akanshya.sharma@hotmail.com
"Laxman Rani Thapa",Biratnagar,laxman.thapa@live.com
"Ram  Rai",Hetauda,ram.rai@gmail.com
"Farukh  Sharma",Butwal,farukh.sharma@hotmail.com
"Laxmi Begum Iyer",Butwal,laxmi.iyer@hotmail.com
"Fatima Prasad Sharma",Dharan,fatima.sharma@gmail.com
"Hari Bahadur Thapa",Biratnagar,hari.thapa@gmail.com
"Shreya Kaur Khan",Birgunj,shreya.khan@gmail.com
"Farukh  Rai",Bhaktapur,farukh.rai@live.com
"Laxman Kumar Gurung",Kathmandu,laxman.gurung@gmail.com
"Laxman  Pandey",Bhaktapur,laxman.pandey@live.com
"Avantika Prasad Gurung",Bhaktapur,avantika.gurung@hotmail.com
"Venu  Thapa",Bhaktapur,venu.thapa@gmail.com
"Farukh  Khan",Lalitpur,farukh.khan@live.com
"Fatima Prasad Gurung",Kathmandu,fatima.gurung@gmail.com
"Farukh  Iyer",Butwal,farukh.iyer@live.com
"Fatima Rani Iyer",Hetauda,fatima.iyer@hotmail.com
"Fatima  Rana",Pokhara,fatima.rana@gmail.com
"Avantika  Bhattarai",Hetauda,avantika.bhattarai@gmail.com
"Venu  Pandey",Kathmandu,venu.pandey@live.com
"Fatima Devi Sharma",Lalitpur,fatima.sharma@hotmail.com
"Fatima Devi Tamang",Butwal,fatima.tamang@live.com
"Hari Kaur Bhattarai",Lalitpur,hari.bhattarai@hotmail.com
"Farukh  Rai",Biratnagar,farukh.rai@gmail.com
"Ram  Bhattarai",Hetauda,ram.bhattarai@hotmail.com
"Ram  Khan",Birgunj,ram.khan@live.com
"Akanshya Begum Tamang",Nepalgunj,akanshya.tamang@gmail.com
"Avantika Devi Thapa",Butwal,avantika.thapa@live.com
"Fatima  Pandey",Hetauda,fatima.pandey@live.com
"Hari Devi Shrestha",Butwal,hari.shrestha@gmail.com
"Venu  Bhattarai",Pokhara,venu.bhattarai@hotmail.com
"Avantika  Thapa",Pokhara,avantika.thapa@gmail.com
"Shreya Kumari Gurung",Pokhara,shreya.gurung@gmail.com
"Fatima  Thapa",Pokhara,fatima.thapa@gmail.com
"Avantika Begum Pandey",Biratnagar,avantika.pandey@live.com
"Fatima  Pandey",Dharan,fatima.pandey@gmail.com
"Shreya Bahadur Shrestha",Biratnagar,shreya.shrestha@hotmail.com
"Farukh Kumar Iyer",Nepalgunj,farukh.iyer@live.com
"Hari Ali Tamang",Dharan,hari.tamang@gmail.com
"Farukh Kumar Iyer",Butwal,farukh.iyer@gmail.com
"Laxman Kumari Iyer",Bhaktapur,laxman.iyer@hotmail.com
"Fatima Devi Rai",Birgunj,fatima.rai@hotmail.com
"Shreya  Tamang",Biratnagar,shreya.tamang@hotmail.com
"Ram  Rana",Pokhara,ram.rana@live.com
"Venu  Tamang",Pokhara,venu.tamang@gmail.com
"Shreya Gopal Shrestha",Butwal,shreya.shrestha@gmail.com
"Laxmi Ali Iyer",Hetauda,laxmi.iyer@gmail.com
"Akanshya Prasad Bhattarai",Birgunj,akanshya.bhattarai@live.com
"Laxman Prasad Pandey",Dharan,laxman.pandey@gmail.com
"Akanshya  Sharma",Hetauda,akanshya.sharma@gmail.com
"Akanshya Rani Gurung",Dharan,akanshya.gurung@hotmail.com
"Akanshya  Khan",Butwal,akanshya.khan@gmail.com
"Fatima Begum Iyer",Dharan,fatima.iyer@gmail.com
"Akanshya Gopal Iyer",Dharan,akanshya.iyer@live.com
"Avantika  Gurung",Nepalgunj,avantika.gurung@hotmail.com
"Fatima Bahadur Tamang",Nepalgunj,fatima.tamang@gmail.com
"Farukh Kumari Khan",Hetauda,farukh.khan@hotmail.com
"Akanshya  Pandey",Butwal,akanshya.pandey@gmail.com
"Farukh Rani Pandey",Pokhara,farukh.pandey@live.com
"Ram Begum Rana",Birgunj,ram.rana@gmail.com
"Laxmi  Iyer",Hetauda,laxmi.iyer@gmail.com
"Venu Kaur Pandey",Biratnagar,venu.pandey@hotmail.com
"Hari  Thapa",Biratnagar,hari.thapa@gmail.com
"Shreya Bahadur Thapa",Hetauda,shreya.thapa@gmail.com
"Shreya Bahadur Rai",Butwal,shreya.rai@gmail.com
"Farukh Rani Rana",Dharan,farukh.rana@gmail.com
"Farukh  Pandey",Hetauda,farukh.pandey@hotmail.com
"Hari  Rana",Bhaktapur,hari.rana@live.com
"Fatima  Thapa",Dharan,fatima.thapa@live.com
"Shreya  Gurung",Birgunj,shreya.gurung@gmail.com
"Laxman  Khan",Nepalgunj,laxman.khan@hotmail.com
"Laxmi  Tamang",Nepalgunj,laxmi.tamang@gmail.com
"Laxman  Rai",Biratnagar,laxman.rai@live.com
"Shreya Ali Sharma",Birgunj,shreya.sharma@live.com
"Avantika  Sharma",Nepalgunj,avantika.sharma@hotmail.com
"Venu Kaur Gurung",Dharan,venu.gurung@gmail.com
"Fatima  Shrestha",Birgunj,fatima.shrestha@gmail.com
"Avantika  Rai",Birgunj,avantika.rai@gmail.com
"Avantika Kaur Thapa",Bhaktapur,avantika.thapa@hotmail.com
"Avantika  Thapa",Nepalgunj,avantika.thapa@gmail.com
"Laxman  Khan",Pokhara,laxman.khan@live.com
"Laxman  Thapa",Nepalgunj,laxman.thapa@live.com
"Ram Gopal Rai",Biratnagar,ram.rai@gmail.com
"Shreya  Shrestha",Birgunj,shreya.shrestha@live.com
"Fatima Bahadur Gurung",Lalitpur,fatima.gurung@live.com
"Avantika  Tamang",Biratnagar,avantika.tamang@live.com
"Laxmi Ali Gurung",Birgunj,laxmi.gurung@hotmail.com
"Ram  Khan",Kathmandu,ram.khan@gmail.com
"Hari  Shrestha",Butwal,hari.shrestha@gmail.com
"Avantika Bahadur Iyer",Biratnagar,avantika.iyer@live.com
"Shreya Devi Thapa",Butwal,shreya.thapa@live.com
"Venu Begum Thapa",Bhaktapur,venu.thapa@gmail.com
"Shreya  Rai",Butwal,shreya.rai@hotmail.com
"Hari  Iyer",Nepalgunj,hari.iyer@live.com
"Akanshya Kumari Sharma",Lalitpur,akanshya.sharma@hotmail.com
"Farukh  Rana",Lalitpur,farukh.rana@hotmail.com
"Avantika Kumari Sharma",Butwal,avantika.sharma@gmail.com
"Hari Prasad Pandey",Butwal,hari.pandey@hotmail.com
"Shreya  Sharma",Hetauda,shreya.sharma@live.com
"Shreya Kumar Bhattarai",Lalitpur,shreya.bhattarai@live.com
"Venu Kaur Khan",Nepalgunj,venu.khan@hotmail.com
"Laxmi Devi Sharma",Kathmandu,laxmi.sharma@hotmail.com
"Farukh Gopal Thapa",Nepalgunj,farukh.thapa@live.com
"Ram Kumari Iyer",Pokhara,ram.iyer@live.com
"Avantika Kumari Khan",Kathmandu,avantika.khan@hotmail.com
"Laxmi Kumar Tamang",Hetauda,laxmi.tamang@gmail.com
"Fatima Bahadur Bhattarai",Birgunj,fatima.bhattarai@gmail.com
"Farukh Kumar Gurung",Butwal,farukh.gurung@gmail.com
"Venu Kumar Iyer",Kathmandu,venu.iyer@live.com
"Avantika  Pandey",Bhaktapur,avantika.pandey@hotmail.com
"Hari Gopal Rana",Nepalgunj,hari.rana@hotmail.com
"Farukh  Khan",Bhaktapur,farukh.khan@gmail.com
"Hari  Pandey",Nepalgunj,hari.pandey@gmail.com
"Ram  Shrestha",Biratnagar,ram.shrestha@gmail.com
"Laxman  Pandey",Pokhara,laxman.pandey@gmail.com
"Farukh  Shrestha",Pokhara,farukh.shrestha@live.com
"Ram Begum Thapa",Kathmandu,ram.thapa@hotmail.com
"Laxman Rani Tamang",Hetauda,laxman.tamang@hotmail.com
"Laxmi  Pandey",Biratnagar,laxmi.pandey@hotmail.com
"Laxman  Sharma",Butwal,laxman.sharma@hotmail.com
"Hari  Tamang",Dharan,hari.tamang@live.com
"Farukh  Pandey",Hetauda,farukh.pandey@hotmail.com
"Akanshya Begum Rai",Hetauda,akanshya.rai@live.com
"Hari  Khan",Bhaktapur,hari.khan@gmail.com
"Akanshya Rani Sharma",Pokhara,akanshya.sharma@live.com
"Avantika Ali Rai",Pokhara,avantika.rai@live.com
"Avantika Ali Tamang",Kathmandu,avantika.tamang@live.com
"Farukh  Thapa",Birgunj,farukh.thapa@gmail.com
"Farukh Bahadur Sharma",Pokhara,farukh.sharma@hotmail.com
"Laxman Rani Tamang",Bhaktapur,laxman.tamang@live.com
"Venu  Tamang",Nepalgunj,venu.tamang@gmail.com
"Laxmi  Gurung",Lalitpur,laxmi.gurung@gmail.com
"Farukh  Sharma",Nepalgunj,farukh.sharma@gmail.com
"Akanshya Kumari Khan",Butwal,akanshya.khan@live.com
"Fatima Gopal Pandey",Kathmandu,fatima.pandey@hotmail.com
"Laxmi Bahadur Tamang",Lalitpur,laxmi.tamang@live.com
"Laxman Ali Shrestha",Biratnagar,laxman.shrestha@live.com
"Farukh Devi Rana",Hetauda,farukh.rana@gmail.com
"Laxmi  Khan",Bhaktapur,laxmi.khan@hotmail.com
"Venu  Rana",Bhaktapur,venu.rana@gmail.com
"Shreya Kumar Khan",Biratnagar,shreya.khan@live.com
"Fatima Rani Rana",Bhaktapur,fatima.rana@gmail.com
"Laxman Prasad Gurung",Dharan,laxman.gurung@hotmail.com
"Fatima  Pandey",Bhaktapur,fatima.pandey@live.com
"Ram  Rai",Butwal,ram.rai@hotmail.com
"Akanshya  Rai",Lalitpur,akanshya.rai@hotmail.com
"Venu  Sharma",Birgunj,venu.sharma@live.com
"Akanshya Prasad Rana",Bhaktapur,akanshya.rana@gmail.com
"Shreya  Gurung",Hetauda,shreya.gurung@hotmail.com
"Farukh Kumari Pandey",Lalitpur,farukh.pandey@live.com
"Shreya  Tamang",Kathmandu,shreya.tamang@gmail.com
"Hari  Khan",Pokhara,hari.khan@live.com
"Fatima Ali Rai",Pokhara,fatima.rai@hotmail.com
"Shreya Rani Thapa",Birgunj,shreya.thapa@live.com
"Ram  Khan",Bhaktapur,ram.khan@live.com
"Venu Kaur Iyer",Pokhara,venu.iyer@live.com
"Akanshya  Tamang",Nepalgunj,akanshya.tamang@live.com
"Avantika Gopal Gurung",Kathmandu,avantika.gurung@gmail.com
"Akanshya  Sharma",Birgunj,akanshya.sharma@gmail.com
"Hari  Gurung",Lalitpur,hari.gurung@gmail.com
"Ram  Rana",Kathmandu,ram.rana@gmail.com
"Laxman Prasad Thapa",Pokhara,laxman.thapa@live.com
"Akanshya  Thapa",Birgunj,akanshya.thapa@hotmail.com
"Laxman  Khan",Kathmandu,laxman.khan@gmail.com
"Venu  Shrestha",Nepalgunj,venu.shrestha@gmail.com
"Fatima Kumari Sharma",Biratnagar,fatima.sharma@live.com
"Ram  Tamang",Lalitpur,ram.tamang@gmail.com
"Farukh Ali Iyer",Kathmandu,farukh.iyer@live.com
"Venu  Gurung",Pokhara,venu.gurung@hotmail.com
"Hari Gopal Gurung",Dharan,hari.gurung@hotmail.com
"Farukh Prasad Sharma",Birgunj,farukh.sharma@live.com
"Farukh Begum Thapa",Pokhara,farukh.thapa@hotmail.com
"Laxman Devi Rana",Hetauda,laxman.rana@live.com
"Avantika  Sharma",Dharan,avantika.sharma@hotmail.com
"Avantika  Pandey",Dharan,avantika.pandey@hotmail.com
"Laxmi Rani Khan",Biratnagar,laxmi.khan@hotmail.com
"Shreya Prasad Khan",Butwal,shreya.khan@live.com
"Farukh  Rana",Nepalgunj,farukh.rana@live.com
"Fatima  Khan",Bhaktapur,fatima.khan@gmail.com
"Laxmi Prasad Sharma",Dharan,laxmi.sharma@gmail.com
"Shreya Devi Thapa",Bhaktapur,shreya.thapa@live.com
"Venu  Bhattarai",Bhaktapur,venu.bhattarai@gmail.com
"Laxman Kaur Sharma",Birgunj,laxman.sharma@gmail.com
"Akanshya  Gurung",Dharan,akanshya.gurung@gmail.com
"Hari Ali Tamang",Pokhara,hari.tamang@hotmail.com
"Avantika  Rana",Butwal,avantika.rana@hotmail.com
"Avantika  Iyer",Hetauda,avantika.iyer@hotmail.com
"Ram  Shrestha",Bhaktapur,ram.shrestha@hotmail.com
"Akanshya  Thapa",Kathmandu,akanshya.thapa@gmail.com
"Fatima Bahadur Tamang",Bhaktapur,fatima.tamang@live.com
"Venu  Thapa",Birgunj,venu.thapa@live.com
"Avantika  Sharma",Hetauda,avantika.sharma@live.com
"Avantika Bahadur Rai",Birgunj,avantika.rai@live.com
"Akanshya Bahadur Shrestha",Butwal,akanshya.shrestha@hotmail.com
"Hari Rani Pandey",Butwal,hari.pandey@hotmail.com
"Laxman  Sharma",Butwal,laxman.sharma@live.com
"Laxman  Gurung",Birgunj,laxman.gurung@live.com
"Laxmi Prasad Tamang",Hetauda,laxmi.tamang@gmail.com
"Akanshya Kaur Tamang",Lalitpur,akanshya.tamang@gmail.com
"Ram  Rai",Bhaktapur,ram.rai@hotmail.com
"Laxman  Shrestha",Kathmandu,laxman.shrestha@live.com
"Hari Kumari Rana",Dharan,hari.rana@live.com
"Farukh Kumar Khan",Bhaktapur,farukh.khan@hotmail.com
"Ram  Tamang",Hetauda,ram.tamang@hotmail.com
"Akanshya Kaur Pandey",Butwal,akanshya.pandey@hotmail.com
"Ram Kumar Khan",Pokhara,ram.khan@hotmail.com
"Shreya Rani Iyer",Birgunj,shreya.iyer@gmail.com
"Farukh  Tamang",Butwal,farukh.tamang@hotmail.com
"Laxman  Sharma",Lalitpur,laxman.sharma@live.com
"Hari Devi Pandey",Butwal,hari.pandey@hotmail.com
"Hari  Rana",Dharan,hari.rana@live.com
"Farukh  Shrestha",Biratnagar,farukh.shrestha@hotmail.com
"Ram  Rana",Kathmandu,ram.rana@gmail.com
"Fatima Gopal Thapa",Nepalgunj,fatima.thapa@gmail.com
"Avantika Kumari Rana",Birgunj,avantika.rana@gmail.com
"Hari  Khan",Kathmandu,hari.khan@gmail.com
"Laxmi  Gurung",Kathmandu,laxmi.gurung@gmail.com
"Venu Devi Sharma",Nepalgunj,venu.sharma@gmail.com
"Laxman Devi Iyer",Pokhara,laxman.iyer@hotmail.com
"Venu  Rai",Birgunj,venu.rai@hotmail.com
"Laxman Begum Iyer",Dharan,laxman.iyer@hotmail.com
"Akanshya  Pandey",Pokhara,akanshya.pandey@gmail.com
"Laxman Kumari Thapa",Biratnagar,laxman.thapa@hotmail.com
"Farukh Rani Gurung",Birgunj,farukh.gurung@hotmail.com
"Laxman  Shrestha",Kathmandu,laxman.shrestha@hotmail.com
"Laxman Gopal Pandey",Hetauda,laxman.pandey@hotmail.com
"Ram  Shrestha",Bhaktapur,ram.shrestha@gmail.com
"Ram  Gurung",Bhaktapur,ram.gurung@hotmail.com
"Shreya Gopal Rana",Dharan,shreya.rana@live.com
"Laxman  Pandey",Bhaktapur,laxman.pandey@gmail.com
"Fatima  Pandey",Nepalgunj,fatima.pandey@gmail.com
"Fatima Kumar Pandey",Lalitpur,fatima.pandey@gmail.com
"Avantika  Iyer",Birgunj,avantika.iyer@gmail.com
"Hari Bahadur Shrestha",Dharan,hari.shrestha@hotmail.com
"Farukh  Pandey",Dharan,farukh.pandey@gmail.com
"Laxman Kumari Rana",Kathmandu,laxman.rana@live.com
"Laxmi Bahadur Iyer",Nepalgunj,laxmi.iyer@hotmail.com
"Fatima  Iyer",Hetauda,fatima.iyer@gmail.com
"Farukh Devi Iyer",Dharan,farukh.iyer@live.com
"Hari Rani Rana",Hetauda,hari.rana@live.com
"Laxmi  Bhattarai",Butwal,laxmi.bhattarai@hotmail.com
"Fatima  Iyer",Nepalgunj,fatima.iyer@gmail.com
"Venu  Gurung",Bhaktapur,venu.gurung@gmail.com
"Shreya  Tamang",Butwal,shreya.tamang@hotmail.com
"Avantika Ali Thapa",Nepalgunj,avantika.thapa@gmail.com
"Ram Rani Shrestha",Birgunj,ram.shrestha@hotmail.com
"Ram Prasad Rai",Pokhara,ram.rai@hotmail.com
"Farukh Kaur Bhattarai",Kathmandu,farukh.bhattarai@hotmail.com
"Ram  Bhattarai",Kathmandu,ram.bhattarai@gmail.com
"Shreya Kumari Gurung",Birgunj,shreya.gurung@live.com
"Farukh Bahadur Thapa",Lalitpur,farukh.thapa@hotmail.com
"Hari Bahadur Iyer",Lalitpur,hari.iyer@hotmail.com
"Farukh Rani Pandey",Pokhara,farukh.pandey@hotmail.com
"Venu  Rana",Bhaktapur,venu.rana@hotmail.com
"Farukh  Iyer",Nepalgunj,farukh.iyer@live.com
"Akanshya  Iyer",Lalitpur,akanshya.iyer@hotmail.com
"Laxmi  Shrestha",Dharan,laxmi.shrestha@hotmail.com
"Farukh  Shrestha",Dharan,farukh.shrestha@live.com
"Laxmi  Rana",Hetauda,laxmi.rana@live.com
"Laxman Bahadur Rai",Lalitpur,laxman.rai@hotmail.com
"Shreya Begum Gurung",Birgunj,shreya.gurung@live.com
"Laxman  Thapa",Dharan,laxman.thapa@live.com
"Venu Gopal Sharma",Lalitpur,venu.sharma@hotmail.com
"Avantika Kumar Sharma",Birgunj,avantika.sharma@hotmail.com
"Akanshya Prasad Rai",Lalitpur,akanshya.rai@hotmail.com
"Farukh Kumar Shrestha",Nepalgunj,farukh.shrestha@gmail.com
"Venu Devi Shrestha",Kathmandu,venu.shrestha@hotmail.com
"Farukh  Tamang",Butwal,farukh.tamang@hotmail.com
"Avantika  Pandey",Birgunj,avantika.pandey@live.com
"Hari  Shrestha",Nepalgunj,hari.shrestha@live.com
"Ram  Bhattarai",Pokhara,ram.bhattarai@gmail.com
"Akanshya Bahadur Thapa",Nepalgunj,akanshya.thapa@hotmail.com
"Laxmi Devi Bhattarai",Kathmandu,laxmi.bhattarai@hotmail.com
"Laxman Kumar Iyer",Kathmandu,laxman.iyer@hotmail.com
"Farukh  Rana",Biratnagar,farukh.rana@gmail.com
"Farukh  Pandey",Nepalgunj,farukh.pandey@live.com
"Laxman Ali Pandey",Nepalgunj,laxman.pandey@hotmail.com
"Hari Kumari Iyer",Pokhara,hari.iyer@live.com
"Ram Kumari Bhattarai",Biratnagar,ram.bhattarai@gmail.com
"Akanshya  Tamang",Lalitpur,akanshya.tamang@live.com
"Fatima  Rana",Lalitpur,fatima.rana@hotmail.com
"Farukh Kumari Tamang",Pokhara,farukh.tamang@gmail.com
"Fatima  Shrestha",Bhaktapur,fatima.shrestha@live.com
"Shreya Rani Rai",Pokhara,shreya.rai@hotmail.com
"Hari Rani Shrestha",Kathmandu,hari.shrestha@live.com
"Fatima Bahadur Rai",Bhaktapur,fatima.rai@hotmail.com
"Hari  Rai",Nepalgunj,hari.rai@hotmail.com
"Shreya  Tamang",Butwal,shreya.tamang@gmail.com
"Venu Rani Thapa",Kathmandu,venu.thapa@hotmail.com
"Venu  Tamang",Kathmandu,venu.tamang@gmail.com
"Ram  Iyer",Birgunj,ram.iyer@hotmail.com
"Laxman Prasad Thapa",Kathmandu,laxman.thapa@gmail.com
"Laxmi Kumari Shrestha",Biratnagar,laxmi.shrestha@gmail.com
"Farukh Prasad Rana",Kathmandu,farukh.rana@gmail.com
"Avantika Kumar Thapa",Birgunj,avantika.thapa@live.com
"Farukh  Rana",Birgunj,farukh.rana@hotmail.com
"Shreya  Rai",Hetauda,shreya.rai@hotmail.com
"Farukh Devi Rana",Hetauda,farukh.rana@hotmail.com
"Laxman  Sharma",Birgunj,laxman.sharma@gmail.com
"Farukh Rani Thapa",Bhaktapur,farukh.thapa@hotmail.com
"Avantika Kumar Sharma",Nepalgunj,avantika.sharma@gmail.com
"Akanshya Gopal Gurung",Lalitpur,akanshya.gurung@hotmail.com
"Venu  Rai",Lalitpur,venu.rai@hotmail.com
"Shreya Kaur Pandey",Hetauda,shreya.pandey@gmail.com
"Avantika  Bhattarai",Kathmandu,avantika.bhattarai@live.com
"Ram  Thapa",Dharan,ram.thapa@live.com
"Shreya  Sharma",Butwal,shreya.sharma@gmail.com
"Akanshya  Thapa",Butwal,akanshya.thapa@live.com
"Hari  Iyer",Biratnagar,hari.iyer@live.com
"Laxman  Tamang",Butwal,laxman.tamang@gmail.com
"Shreya Prasad Rai",Nepalgunj,shreya.rai@hotmail.com
"Avantika  Sharma",Lalitpur,avantika.sharma@live.com
"Ram  Gurung",Dharan,ram.gurung@hotmail.com
"Akanshya Prasad Shrestha",Nepalgunj,akanshya.shrestha@gmail.com
"Farukh Kumari Sharma",Butwal,farukh.sharma@hotmail.com
"Shreya  Bhattarai",Kathmandu,shreya.bhattarai@live.com
"Hari Bahadur Gurung",Butwal,hari.gurung@gmail.com
"Hari Begum Gurung",Dharan,hari.gurung@live.com
"Shreya Kaur Sharma",Bhaktapur,shreya.sharma@live.com
"Laxman Gopal Rana",Birgunj,laxman.rana@live.com
"Ram  Iyer",Butwal,ram.iyer@hotmail.com
"Laxman  Shrestha",Lalitpur,laxman.shrestha@live.com
"Akanshya Bahadur Gurung",Biratnagar,akanshya.gurung@gmail.com
"Hari Prasad Sharma",Butwal,hari.sharma@hotmail.com
"Laxmi Kumar Rai",Lalitpur,laxmi.rai@live.com
"Avantika  Rai",Bhaktapur,avantika.rai@gmail.com
"Ram Ali Shrestha",Bhaktapur,ram.shrestha@hotmail.com
"Fatima Rani Iyer",Biratnagar,fatima.iyer@hotmail.com
"Hari  Shrestha",Kathmandu,hari.shrestha@hotmail.com
"Fatima  Bhattarai",Butwal,fatima.bhattarai@hotmail.com
"Farukh  Rana",Butwal,farukh.rana@live.com
"Akanshya  Thapa",Birgunj,akanshya.thapa@hotmail.com
"Shreya Begum Rana",Pokhara,shreya.rana@live.com
"Ram Gopal Rai",Lalitpur,ram.rai@gmail.com
"Shreya  Iyer",Bhaktapur,shreya.iyer@hotmail.com
"Venu Kaur Sharma",Pokhara,venu.sharma@hotmail.com
"Laxman  Gurung",Dharan,laxman.gurung@gmail.com
"Farukh Prasad Tamang",Biratnagar,farukh.tamang@hotmail.com
"Farukh Bahadur Thapa",Nepalgunj,farukh.thapa@hotmail.com
"Farukh  Sharma",Kathmandu,farukh.sharma@gmail.com
"Akanshya Gopal Bhattarai",Biratnagar,akanshya.bhattarai@hotmail.com
"Fatima  Rai",Biratnagar,fatima.rai@hotmail.com
"Avantika Ali Bhattarai",Biratnagar,avantika.bhattarai@live.com
"Laxman Rani Bhattarai",Dharan,laxman.bhattarai@hotmail.com
"Venu  Khan",Biratnagar,venu.khan@hotmail.com
"Shreya Ali Khan",Dharan,shreya.khan@hotmail.com
"Laxmi  Shrestha",Birgunj,laxmi.shrestha@gmail.com
"Ram  Bhattarai",Bhaktapur,ram.bhattarai@hotmail.com
"Venu  Tamang",Lalitpur,venu.tamang@gmail.com
"Ram  Khan",Kathmandu,ram.khan@hotmail.com
"Shreya Bahadur Bhattarai",Dharan,shreya.bhattarai@hotmail.com
"Farukh Devi Sharma",Lalitpur,farukh.sharma@hotmail.com
"Laxman Rani Khan",Kathmandu,laxman.khan@hotmail.com
"Farukh  Khan",Kathmandu,farukh.khan@gmail.com
"Laxman  Rai",Lalitpur,laxman.rai@live.com
"Laxmi  Rai",Hetauda,laxmi.rai@hotmail.com
"Shreya  Thapa",Nepalgunj,shreya.thapa@hotmail.com
"Farukh Ali Rana",Hetauda,farukh.rana@live.com
"Farukh  Sharma",Bhaktapur,farukh.sharma@hotmail.com
"Hari  Pandey",Butwal,hari.pandey@live.com
"Fatima Kumar Sharma",Dharan,fatima.sharma@live.com
"Ram  Khan",Butwal,ram.khan@gmail.com
"Hari  Iyer",Kathmandu,hari.iyer@live.com
"Shreya Begum Shrestha",Dharan,shreya.shrestha@hotmail.com
"Laxman  Rai",Hetauda,laxman.rai@gmail.com
"Laxmi Kaur Gurung",Nepalgunj,laxmi.gurung@live.com
"Venu Prasad Pandey",Dharan,venu.pandey@hotmail.com
"Hari  Gurung",Bhaktapur,hari.gurung@gmail.com
"Shreya Ali Pandey",Biratnagar,shreya.pandey@live.com
"Hari Prasad Rana",Lalitpur,hari.rana@live.com
"Venu Devi Rana",Dharan,venu.rana@live.com
"Shreya  Rana",Bhaktapur,shreya.rana@hotmail.com
"Laxman  Gurung",Biratnagar,laxman.gurung@hotmail.com
"Akanshya Bahadur Shrestha",Biratnagar,akanshya.shrestha@live.com
"Akanshya Kaur Sharma",Butwal,akanshya.sharma@hotmail.com
"Hari Prasad Bhattarai",Nepalgunj,hari.bhattarai@live.com
"Fatima Ali Pandey",Butwal,fatima.pandey@hotmail.com
"Ram  Gurung",Nepalgunj,ram.gurung@gmail.com
"Farukh Begum Gurung",Hetauda,farukh.gurung@gmail.com
"Fatima Kumar Shrestha",Kathmandu,fatima.shrestha@live.com
"Ram  Pandey",Dharan,ram.pandey@live.com
"Ram  Iyer",Lalitpur,ram.iyer@gmail.com
"Farukh Kumari Bhattarai",Pokhara,farukh.bhattarai@gmail.com
"Ram  Gurung",Hetauda,ram.gurung@live.com
"Laxmi Bahadur Khan",Pokhara,laxmi.khan@gmail.com
"Fatima Begum Bhattarai",Biratnagar,fatima.bhattarai@live.com
"Akanshya  Gurung",Bhaktapur,akanshya.gurung@gmail.com
"Avantika Prasad Iyer",Nepalgunj,avantika.iyer@live.com
"Akanshya  Rai",Bhaktapur,akanshya.rai@gmail.com
"Fatima Kumar Bhattarai",Kathmandu,fatima.bhattarai@live.com
"Akanshya  Shrestha",Dharan,akanshya.shrestha@live.com
"Shreya  Rana",Dharan,shreya.rana@live.com
"Laxmi  Rana",Butwal,laxmi.rana@live.com
"Laxman Gopal Bhattarai",Dharan,laxman.bhattarai@live.com
"Ram Kumari Rai",Dharan,ram.rai@live.com
"Farukh  Sharma",Pokhara,farukh.sharma@gmail.com
"Laxmi Devi Sharma",Kathmandu,laxmi.sharma@gmail.com
"Akanshya Begum Shrestha",Butwal,akanshya.shrestha@gmail.com
"Farukh Devi Gurung",Kathmandu,farukh.gurung@hotmail.com
"Venu Bahadur Bhattarai",Biratnagar,venu.bhattarai@hotmail.com
"Ram  Gurung",Dharan,ram.gurung@live.com
"Ram Kaur Tamang",Biratnagar,ram.tamang@gmail.com
"Hari Kaur Pandey",Pokhara,hari.pandey@live.com
"Laxman Gopal Gurung",Pokhara,laxman.gurung@live.com
"Shreya  Pandey",Hetauda,shreya.pandey@gmail.com
"Hari  Shrestha",Lalitpur,hari.shrestha@hotmail.com
"Shreya  Gurung",Lalitpur,shreya.gurung@live.com
"Fatima Gopal Thapa",Lalitpur,fatima.thapa@hotmail.com
"Shreya  Khan",Kathmandu,shreya.khan@gmail.com
"Fatima  Shrestha",Nepalgunj,fatima.shrestha@hotmail.com
"Avantika  Shrestha",Dharan,avantika.shrestha@gmail.com
"Avantika Bahadur Bhattarai",Pokhara,avantika.bhattarai@hotmail.com
"Akanshya Ali Thapa",Nepalgunj,akanshya.thapa@live.com
"Farukh Ali Sharma",Biratnagar,farukh.sharma@live.com
"Ram Kaur Iyer",Biratnagar,ram.iyer@hotmail.com
"Hari  Sharma",Biratnagar,hari.sharma@live.com
"Fatima  Gurung",Birgunj,fatima.gurung@live.com
"Avantika  Rai",Pokhara,avantika.rai@hotmail.com
"Shreya  Rana",Butwal,shreya.rana@hotmail.com
"Laxman Gopal Sharma",Bhaktapur,laxman.sharma@hotmail.com
"Ram Gopal Iyer",Lalitpur,ram.iyer@hotmail.com
"Shreya  Rai",Butwal,shreya.rai@hotmail.com
"Ram  Bhattarai",Nepalgunj,ram.bhattarai@gmail.com
"Venu Rani Rana",Pokhara,venu.rana@gmail.com
"Fatima  Bhattarai",Bhaktapur,fatima.bhattarai@hotmail.com
"Fatima Ali Rana",Kathmandu,fatima.rana@gmail.com
"Ram  Khan",Hetauda,ram.khan@hotmail.com
"Shreya Ali Pandey",Pokhara,shreya.pandey@hotmail.com
"Hari Kumar Bhattarai",Butwal,hari.bhattarai@gmail.com
"Fatima  Rana",Biratnagar,fatima.rana@hotmail.com
"Akanshya  Thapa",Kathmandu,akanshya.thapa@live.com
"Shreya Kaur Shrestha",Butwal,shreya.shrestha@gmail.com
"Fatima Prasad Bhattarai",Birgunj,fatima.bhattarai@gmail.com
"Farukh  Tamang",Dharan,farukh.tamang@gmail.com
"Avantika Bahadur Rana",Lalitpur,avantika.rana@live.com
"Farukh  Tamang",Butwal,farukh.tamang@live.com
"Shreya Kumar Rai",Lalitpur,shreya.rai@gmail.com
"Shreya  Gurung",Kathmandu,shreya.gurung@hotmail.com
"Venu  Rai",Lalitpur,venu.rai@hotmail.com
"Venu  Thapa",Kathmandu,venu.thapa@hotmail.com
"Shreya Begum Khan",Bhaktapur,shreya.khan@gmail.com
"Laxmi  Khan",Pokhara,laxmi.khan@gmail.com
"Laxmi  Rana",Lalitpur,laxmi.rana@hotmail.com
"Shreya Kumar Thapa",Hetauda,shreya.thapa@hotmail.com
"Shreya  Tamang",Hetauda,shreya.tamang@hotmail.com
"Laxmi Prasad Khan",Nepalgunj,laxmi.khan@hotmail.com
"Ram  Gurung",Nepalgunj,ram.gurung@live.com
"Shreya Kaur Thapa",Hetauda,shreya.thapa@hotmail.com
"Laxmi Begum Khan",Kathmandu,laxmi.khan@live.com
"Venu  Shrestha",Bhaktapur,venu.shrestha@live.com
"Venu  Bhattarai",Hetauda,venu.bhattarai@hotmail.com
"Venu  Gurung",Birgunj,venu.gurung@gmail.com
"Akanshya Bahadur Bhattarai",Lalitpur,akanshya.bhattarai@hotmail.com
"Laxman Devi Shrestha",Nepalgunj,laxman.shrestha@live.com
"Laxman  Bhattarai",Lalitpur,laxman.bhattarai@hotmail.com
"Akanshya Bahadur Khan",Kathmandu,akanshya.khan@live.com
"Fatima  Shrestha",Kathmandu,fatima.shrestha@live.com
"Hari Begum Bhattarai",Bhaktapur,hari.bhattarai@live.com
"Fatima Kumar Bhattarai",Lalitpur,fatima.bhattarai@gmail.com
"Venu  Bhattarai",Butwal,venu.bhattarai@live.com
"Ram Rani Pandey",Dharan,ram.pandey@hotmail.com
"Hari  Shrestha",Hetauda,hari.shrestha@gmail.com
"Shreya Begum Pandey",Hetauda,shreya.pandey@gmail.com
"Venu  Tamang",Birgunj,venu.tamang@hotmail.com
"Laxmi  Pandey",Biratnagar,laxmi.pandey@hotmail.com
"Akanshya  Shrestha",Bhaktapur,akanshya.shrestha@hotmail.com
"Laxman Kumari Khan",Pokhara,laxman.khan@live.com
"Hari Rani Khan",Lalitpur,hari.khan@gmail.com
"Hari Kumar Rana",Dharan,hari.rana@gmail.com
"Akanshya  Bhattarai",Butwal,akanshya.bhattarai@live.com
"Hari Kaur Rai",Dharan,hari.rai@hotmail.com
"Farukh Ali Shrestha",Lalitpur,farukh.shrestha@hotmail.com
"Hari  Shrestha",Birgunj,hari.shrestha@gmail.com
"Farukh Kumari Khan",Birgunj,farukh.khan@live.com
"Venu  Bhattarai",Butwal,venu.bhattarai@hotmail.com
"Shreya  Shrestha",Pokhara,shreya.shrestha@live.com
"Farukh Begum Iyer",Biratnagar,farukh.iyer@live.com
"Venu  Gurung",Bhaktapur,venu.gurung@gmail.com
"Laxmi  Rai",Biratnagar,laxmi.rai@gmail.com
"Akanshya  Tamang",Kathmandu,akanshya.tamang@gmail.com
"Laxman  Pandey",Nepalgunj,laxman.pandey@hotmail.com
"Shreya Kumari Rana",Dharan,shreya.rana@hotmail.com
"Venu  Thapa",Butwal,venu.thapa@gmail.com
"Laxman  Thapa",Birgunj,laxman.thapa@live.com
"Venu  Khan",Birgunj,venu.khan@hotmail.com
"Avantika Ali Gurung",Birgunj,avantika.gurung@gmail.com
"Akanshya  Bhattarai",Lalitpur,akanshya.bhattarai@hotmail.com
"Farukh  Bhattarai",Biratnagar,farukh.bhattarai@hotmail.com
"Akanshya  Khan",Nepalgunj,akanshya.khan@hotmail.com
"Avantika Gopal Iyer",Butwal,avantika.iyer@hotmail.com
"Laxman Gopal Shrestha",Biratnagar,laxman.shrestha@hotmail.com
"Shreya Bahadur Thapa",Dharan,shreya.thapa@gmail.com
"Shreya Kumari Thapa",Nepalgunj,shreya.thapa@hotmail.com
"Farukh  Sharma",Biratnagar,farukh.sharma@hotmail.com
"Fatima  Khan",Birgunj,fatima.khan@hotmail.com
"Farukh  Gurung",Pokhara,farukh.gurung@gmail.com
"Akanshya Kumar Bhattarai",Biratnagar,akanshya.bhattarai@hotmail.com
"Shreya  Pandey",Bhaktapur,shreya.pandey@gmail.com
"Shreya  Sharma",Butwal,shreya.sharma@hotmail.com
"Ram  Shrestha",Kathmandu,ram.shrestha@live.com
"Ram Rani Iyer",Pokhara,ram.iyer@hotmail.com
"Venu Begum Gurung",Bhaktapur,venu.gurung@hotmail.com
"Farukh Bahadur Khan",Bhaktapur,farukh.khan@hotmail.com
"Hari  Thapa",Bhaktapur,hari.thapa@hotmail.com
"Venu  Shrestha",Lalitpur,venu.shrestha@live.com
"Shreya  Thapa",Birgunj,shreya.thapa@hotmail.com
"Laxman  Tamang",Dharan,laxman.tamang@gmail.com
"Laxman  Iyer",Bhaktapur,laxman.iyer@live.com
"Venu  Bhattarai",Pokhara,venu.bhattarai@hotmail.com
"Laxman  Sharma",Birgunj,laxman.sharma@gmail.com
"Laxmi Kumar Shrestha",Birgunj,laxmi.shrestha@live.com
"Hari Prasad Bhattarai",Lalitpur,hari.bhattarai@hotmail.com
"Avantika  Gurung",Butwal,avantika.gurung@hotmail.com
"Ram Begum Pandey",Butwal,ram.pandey@hotmail.com
"Shreya  Bhattarai",Nepalgunj,shreya.bhattarai@gmail.com
"Fatima  Gurung",Hetauda,fatima.gurung@hotmail.com
"Avantika Bahadur Gurung",Kathmandu,avantika.gurung@hotmail.com
"Avantika Begum Pandey",Bhaktapur,avantika.pandey@hotmail.com
"Laxman  Khan",Dharan,laxman.khan@hotmail.com
"Venu  Rana",Butwal,venu.rana@live.com
"Shreya  Sharma",Butwal,shreya.sharma@hotmail.com
"Avantika  Iyer",Pokhara,avantika.iyer@live.com
"Avantika  Rai",Kathmandu,avantika.rai@hotmail.com
"Avantika Kumar Rai",Birgunj,avantika.rai@hotmail.com
"Laxman Kumari Gurung",Biratnagar,laxman.gurung@live.com
"Akanshya Kumar Thapa",Nepalgunj,akanshya.thapa@hotmail.com
"Hari Kumari Shrestha",Nepalgunj,hari.shrestha@hotmail.com
"Fatima  Khan",Dharan,fatima.khan@gmail.com
"Venu Ali Bhattarai",Dharan,venu.bhattarai@live.com
"Farukh  Sharma",Lalitpur,farukh.sharma@live.com
"Hari  Iyer",Kathmandu,hari.iyer@hotmail.com
"Ram  Thapa",Butwal,ram.thapa@live.com
"Farukh Devi Tamang",Birgunj,farukh.tamang@live.com
"Ram  Tamang",Lalitpur,ram.tamang@hotmail.com
"Shreya Begum Pandey",Pokhara,shreya.pandey@live.com
"Laxman Prasad Khan",Bhaktapur,laxman.khan@live.com
"Hari  Gurung",Biratnagar,hari.gurung@live.com
"Akanshya  Gurung",Kathmandu,akanshya.gurung@gmail.com
"Hari Prasad Iyer",Kathmandu,hari.iyer@live.com
"Laxmi  Iyer",Hetauda,laxmi.iyer@hotmail.com
"Ram  Pandey",Dharan,ram.pandey@hotmail.com
"Hari Devi Gurung",Lalitpur,hari.gurung@gmail.com
"Farukh Prasad Khan",Biratnagar,farukh.khan@gmail.com
"Fatima  Shrestha",Pokhara,fatima.shrestha@live.com
"Laxmi Begum Rana",Dharan,laxmi.rana@hotmail.com
"Akanshya Kumar Rana",Kathmandu,akanshya.rana@gmail.com
"Fatima Devi Shrestha",Butwal,fatima.shrestha@gmail.com
"Akanshya Kaur Thapa",Dharan,akanshya.thapa@live.com
"Hari  Bhattarai",Kathmandu,hari.bhattarai@hotmail.com
"Ram Kumar Bhattarai",Dharan,ram.bhattarai@live.com
"Avantika  Sharma",Dharan,avantika.sharma@hotmail.com
"Laxman  Khan",Lalitpur,laxman.khan@hotmail.com
"Akanshya  Gurung",Biratnagar,akanshya.gurung@hotmail.com
"Farukh  Rai",Biratnagar,farukh.rai@gmail.com
"Laxmi  Pandey",Nepalgunj,laxmi.pandey@hotmail.com
"Fatima  Khan",Birgunj,fatima.khan@live.com
"Fatima Bahadur Rai",Butwal,fatima.rai@gmail.com
"Laxman Begum Sharma",Hetauda,laxman.sharma@gmail.com
"Fatima  Rai",Butwal,fatima.rai@live.com
"Laxman Begum Rana",Kathmandu,laxman.rana@hotmail.com
"Akanshya  Gurung",Butwal,akanshya.gurung@gmail.com
"Ram Kumar Thapa",Birgunj,ram.thapa@live.com
"Venu Ali Tamang",Bhaktapur,venu.tamang@live.com
"Shreya  Rai",Butwal,shreya.rai@gmail.com
"Hari  Bhattarai",Butwal,hari.bhattarai@live.com
"Ram  Thapa",Kathmandu,ram.thapa@hotmail.com
"Shreya  Rana",Nepalgunj,shreya.rana@live.com
"Akanshya  Tamang",Dharan,akanshya.tamang@live.com
"Farukh  Bhattarai",Nepalgunj,farukh.bhattarai@gmail.com
"Hari  Shrestha",Lalitpur,hari.shrestha@hotmail.com
"Hari Prasad Tamang",Birgunj,hari.tamang@hotmail.com
"Akanshya  Iyer",Birgunj,akanshya.iyer@live.com
"Avantika  Shrestha",Pokhara,avantika.shrestha@hotmail.com
"Hari  Khan",Lalitpur,hari.khan@live.com
"Hari Kaur Rai",Biratnagar,hari.rai@live.com
"Shreya Rani Rai",Nepalgunj,shreya.rai@live.com
"Fatima  Rana",Bhaktapur,fatima.rana@gmail.com
"Akanshya Kaur Tamang",Kathmandu,akanshya.tamang@live.com
"Hari  Thapa",Lalitpur,hari.thapa@gmail.com
"Shreya Kaur Gurung",Biratnagar,shreya.gurung@hotmail.com
"Laxmi Ali Gurung",Biratnagar,laxmi.gurung@live.com
"Laxmi  Tamang",Nepalgunj,laxmi.tamang@hotmail.com
"Hari  Tamang",Bhaktapur,hari.tamang@live.com
"Farukh  Iyer",Hetauda,farukh.iyer@hotmail.com
"Hari  Iyer",Dharan,hari.iyer@hotmail.com
"Laxman  Iyer",Biratnagar,laxman.iyer@live.com
"Laxmi Prasad Pandey",Nepalgunj,laxmi.pandey@live.com
"Hari Prasad Khan",Pokhara,hari.khan@hotmail.com
"Venu Begum Pandey",Biratnagar,venu.pandey@gmail.com
"Hari  Sharma",Lalitpur,hari.sharma@live.com
"Avantika Rani Iyer",Lalitpur,avantika.iyer@gmail.com
"Farukh Kumar Sharma",Nepalgunj,farukh.sharma@hotmail.com
"Laxmi  Khan",Biratnagar,laxmi.khan@live.com
"Laxmi Bahadur Thapa",Nepalgunj,laxmi.thapa@gmail.com
"Fatima Gopal Thapa",Pokhara,fatima.thapa@live.com
"Laxman  Thapa",Bhaktapur,laxman.thapa@gmail.com
"Avantika  Pandey",Nepalgunj,avantika.pandey@gmail.com
"Fatima  Rana",Birgunj,fatima.rana@live.com
"Laxman  Shrestha",Nepalgunj,laxman.shrestha@live.com
"Laxmi Devi Iyer",Bhaktapur,laxmi.iyer@live.com
"Ram  Pandey",Lalitpur,ram.pandey@hotmail.com
"Laxman Gopal Thapa",Kathmandu,laxman.thapa@hotmail.com
"Avantika Begum Shrestha",Nepalgunj,avantika.shrestha@gmail.com
"Avantika  Khan",Pokhara,avantika.khan@live.com
"Shreya Bahadur Rana",Pokhara,shreya.rana@live.com
"Avantika Bahadur Pandey",Biratnagar,avantika.pandey@hotmail.com
"Farukh Rani Iyer",Bhaktapur,farukh.iyer@gmail.com
"Avantika  Rai",Dharan,avantika.rai@live.com
"Laxmi  Pandey",Nepalgunj,laxmi.pandey@hotmail.com
"Ram  Iyer",Biratnagar,ram.iyer@live.com
"Fatima Ali Shrestha",Biratnagar,fatima.shrestha@hotmail.com
"Akanshya  Bhattarai",Bhaktapur,akanshya.bhattarai@live.com
"Laxman Devi Pandey",Hetauda,laxman.pandey@gmail.com
"Farukh  Shrestha",Biratnagar,farukh.shrestha@hotmail.com
"Farukh Kaur Iyer",Butwal,farukh.iyer@gmail.com
"Shreya  Gurung",Butwal,shreya.gurung@hotmail.com
"Fatima  Iyer",Pokhara,fatima.iyer@gmail.com
"Venu Begum Shrestha",Nepalgunj,venu.shrestha@live.com
"Laxmi Begum Pandey",Dharan,laxmi.pandey@gmail.com
"Farukh  Rana",Dharan,farukh.rana@live.com
"Avantika  Iyer",Bhaktapur,avantika.iyer@hotmail.com
"Venu  Tamang",Biratnagar,venu.tamang@hotmail.com
"Venu  Shrestha",Lalitpur,venu.shrestha@hotmail.com
"Shreya Gopal Bhattarai",Dharan,shreya.bhattarai@live.com
"Akanshya  Rana",Dharan,akanshya.rana@live.com
"Avantika Kumar Tamang",Lalitpur,avantika.tamang@hotmail.com
"Venu  Thapa",Butwal,venu.thapa@hotmail.com
"Farukh Kaur Shrestha",Dharan,farukh.shrestha@hotmail.com
"Hari  Thapa",Kathmandu,hari.thapa@gmail.com
"Avantika Ali Thapa",Pokhara,avantika.thapa@hotmail.com
"Akanshya  Khan",Kathmandu,akanshya.khan@hotmail.com
"Fatima Kumar Rai",Hetauda,fatima.rai@hotmail.com
"Laxman  Rana",Dharan,laxman.rana@live.com
"Hari Begum Bhattarai",Butwal,hari.bhattarai@gmail.com
"Ram Kaur Gurung",Kathmandu,ram.gurung@live.com
"Laxman  Pandey",Butwal,laxman.pandey@hotmail.com
"Ram  Iyer",Bhaktapur,ram.iyer@live.com
"Laxman Gopal Pandey",Pokhara,laxman.pandey@gmail.com
"Farukh  Pandey",Birgunj,farukh.pandey@live.com
"Shreya Rani Pandey",Biratnagar,shreya.pandey@live.com
"Hari Kumari Shrestha",Butwal,hari.shrestha@gmail.com
"Laxmi Rani Rai",Hetauda,laxmi.rai@live.com
"Farukh  Pandey",Bhaktapur,farukh.pandey@gmail.com
"Hari Bahadur Bhattarai",Hetauda,hari.bhattarai@gmail.com
"Avantika Kumar Rai",Hetauda,avantika.rai@gmail.com
"Hari  Sharma",Dharan,hari.sharma@gmail.com
"Farukh  Rai",Dharan,farukh.rai@hotmail.com
"Ram Begum Rana",Bhaktapur,ram.rana@live.com
"Fatima Kumari Gurung",Birgunj,fatima.gurung@hotmail.com
"Farukh  Iyer",Dharan,farukh.iyer@hotmail.com
"Fatima  Gurung",Bhaktapur,fatima.gurung@hotmail.com
"Venu  Bhattarai",Biratnagar,venu.bhattarai@gmail.com
"Hari  Shrestha",Pokhara,hari.shrestha@hotmail.com
"Ram  Gurung",Nepalgunj,ram.gurung@hotmail.com
"Hari Prasad Pandey",Birgunj,hari.pandey@gmail.com
"Ram Gopal Thapa",Butwal,ram.thapa@live.com
"Hari Rani Rai",Lalitpur,hari.rai@live.com
"Avantika  Iyer",Kathmandu,avantika.iyer@gmail.com
"Laxmi Bahadur Khan",Pokhara,laxmi.khan@hotmail.com
"Hari  Thapa",Hetauda,hari.thapa@live.com
"Hari  Rana",Butwal,hari.rana@hotmail.com
"Fatima  Tamang",Hetauda,fatima.tamang@hotmail.com
"Shreya Kumar Pandey",Butwal,shreya.pandey@live.com
"Shreya  Sharma",Kathmandu,shreya.sharma@hotmail.com
"Laxmi  Iyer",Bhaktapur,laxmi.iyer@gmail.com
"Laxmi  Bhattarai",Pokhara,laxmi.bhattarai@hotmail.com
"Laxmi  Thapa",Butwal,laxmi.thapa@hotmail.com
"Ram  Tamang",Kathmandu,ram.tamang@gmail.com
"Shreya Gopal Rana",Birgunj,shreya.rana@live.com
"Ram  Thapa",Dharan,ram.thapa@gmail.com
"Laxman  Rai",Nepalgunj,laxman.rai@gmail.com
"Akanshya Devi Gurung",Dharan,akanshya.gurung@hotmail.com
"Laxman  Bhattarai",Dharan,laxman.bhattarai@hotmail.com
"Shreya  Pandey",Butwal,shreya.pandey@live.com
"Farukh Gopal Bhattarai",Bhaktapur,farukh.bhattarai@live.com
"Laxman  Rana",Nepalgunj,laxman.rana@gmail.com
"Farukh  Khan",Pokhara,farukh.khan@gmail.com
"Ram  Rai",Butwal,ram.rai@hotmail.com
"Laxman Kumar Thapa",Lalitpur,laxman.thapa@gmail.com
"Shreya Begum Iyer",Biratnagar,shreya.iyer@live.com
"Laxman Begum Iyer",Bhaktapur,laxman.iyer@live.com
"Farukh Kaur Sharma",Birgunj,farukh.sharma@gmail.com
"Laxman Kaur Bhattarai",Bhaktapur,laxman.bhattarai@gmail.com
"Shreya Devi Gurung",Bhaktapur,shreya.gurung@gmail.com
"Hari Ali Thapa",Lalitpur,hari.thapa@hotmail.com
"Hari Kaur Rai",Butwal,hari.rai@gmail.com
"Avantika Kumari Rana",Nepalgunj,avantika.rana@hotmail.com
"Farukh  Rai",Nepalgunj,farukh.rai@gmail.com
"Fatima  Rana",Biratnagar,fatima.rana@live.com
"Farukh Kumari Gurung",Butwal,farukh.gurung@live.com
"Farukh  Rai",Lalitpur,farukh.rai@live.com
"Laxmi Gopal Pandey",Dharan,laxmi.pandey@gmail.com
"Venu  Sharma",Nepalgunj,venu.sharma@hotmail.com
"Fatima Rani Gurung",Bhaktapur,fatima.gurung@hotmail.com
"Avantika Kumari Bhattarai",Kathmandu,avantika.bhattarai@gmail.com
"Fatima Gopal Tamang",Bhaktapur,fatima.tamang@live.com
"Laxman  Bhattarai",Dharan,laxman.bhattarai@gmail.com
"Akanshya  Thapa",Biratnagar,akanshya.thapa@gmail.com
"Akanshya Begum Tamang",Hetauda,akanshya.tamang@gmail.com
"Fatima  Pandey",Pokhara,fatima.pandey@hotmail.com
"Venu  Sharma",Nepalgunj,venu.sharma@gmail.com
"Ram  Rana",Butwal,ram.rana@gmail.com
"Venu  Tamang",Hetauda,venu.tamang@live.com
"Farukh  Tamang",Hetauda,farukh.tamang@gmail.com
"Farukh  Shrestha",Hetauda,farukh.shrestha@hotmail.com
"Akanshya Ali Thapa",Pokhara,akanshya.thapa@hotmail.com
"Ram  Khan",Butwal,ram.khan@gmail.com
"Hari  Pandey",Bhaktapur,hari.pandey@live.com
"Ram  Tamang",Lalitpur,ram.tamang@hotmail.com
"Ram Kumar Iyer",Kathmandu,ram.iyer@live.com
"Farukh Begum Rai",Kathmandu,farukh.rai@hotmail.com
"Shreya Rani Rana",Lalitpur,shreya.rana@hotmail.com
"Hari Kumari Rai",Pokhara,hari.rai@gmail.com
"Ram  Sharma",Birgunj,ram.sharma@live.com
"Venu Gopal Bhattarai",Pokhara,venu.bhattarai@gmail.com
"Laxman Begum Gurung",Nepalgunj,laxman.gurung@gmail.com
"Farukh  Bhattarai",Birgunj,farukh.bhattarai@gmail.com
"Shreya  Rana",Biratnagar,shreya.rana@gmail.com
"Laxmi Prasad Thapa",Biratnagar,laxmi.thapa@hotmail.com
"Farukh  Khan",Hetauda,farukh.khan@live.com
"Laxman  Bhattarai",Nepalgunj,laxman.bhattarai@live.com
"Avantika Begum Gurung",Nepalgunj,avantika.gurung@live.com
"Laxman  Pandey",Lalitpur,laxman.pandey@gmail.com
"Ram Begum Iyer",Kathmandu,ram.iyer@hotmail.com
"Avantika Kumari Gurung",Butwal,avantika.gurung@hotmail.com
"Shreya  Iyer",Bhaktapur,shreya.iyer@gmail.com
"Shreya  Gurung",Dharan,shreya.gurung@hotmail.com
"Farukh  Pandey",Butwal,farukh.pandey@live.com
"Venu  Shrestha",Bhaktapur,venu.shrestha@live.com
"Laxmi  Gurung",Hetauda,laxmi.gurung@hotmail.com
"Akanshya  Iyer",Lalitpur,akanshya.iyer@live.com
"Laxmi Begum Khan",Kathmandu,laxmi.khan@gmail.com
"Hari Kumari Khan",Birgunj,hari.khan@live.com
"Shreya  Iyer",Butwal,shreya.iyer@live.com
"Hari Kumar Bhattarai",Lalitpur,hari.bhattarai@hotmail.com
"Farukh  Sharma",Nepalgunj,farukh.sharma@hotmail.com
"Venu Ali Tamang",Biratnagar,venu.tamang@live.com
"Laxmi Kumar Pandey",Hetauda,laxmi.pandey@gmail.com
"Laxman  Iyer",Kathmandu,laxman.iyer@gmail.com
"Farukh  Shrestha",Birgunj,farukh.shrestha@hotmail.com
"Laxman Prasad Thapa",Lalitpur,laxman.thapa@live.com
"Venu Rani Bhattarai",Dharan,venu.bhattarai@gmail.com
"Shreya  Khan",Kathmandu,shreya.khan@live.com
"Avantika  Rana",Hetauda,avantika.rana@live.com
"Ram  Gurung",Nepalgunj,ram.gurung@gmail.com
"Shreya Rani Shrestha",Nepalgunj,shreya.shrestha@live.com
"Farukh Gopal Iyer",Hetauda,farukh.iyer@live.com
"Ram Kumari Sharma",Dharan,ram.sharma@live.com
"Laxmi Gopal Rana",Lalitpur,laxmi.rana@live.com
"Avantika Begum Rana",Butwal,avantika.rana@live.com
"Farukh  Khan",Dharan,farukh.khan@gmail.com
"Shreya  Rai",Lalitpur,shreya.rai@gmail.com
"Akanshya  Rai",Biratnagar,akanshya.rai@hotmail.com
"Laxman Rani Bhattarai",Kathmandu,laxman.bhattarai@gmail.com
"Avantika  Rai",Birgunj,avantika.rai@gmail.com
"Laxmi  Khan",Butwal,laxmi.khan@hotmail.com
"Avantika  Shrestha",Lalitpur,avantika.shrestha@hotmail.com
"Laxmi  Sharma",Bhaktapur,laxmi.sharma@gmail.com
"Fatima Bahadur Rana",Kathmandu,fatima.rana@live.com
"Hari  Khan",Hetauda,hari.khan@live.com
"Hari  Thapa",Butwal,hari.thapa@live.com
"Laxmi  Thapa",Dharan,laxmi.thapa@hotmail.com
"Farukh Kumari Khan",Lalitpur,farukh.khan@live.com
"Farukh Kumar Pandey",Biratnagar,farukh.pandey@live.com
"Fatima  Tamang",Dharan,fatima.tamang@gmail.com
"Hari Prasad Shrestha",Nepalgunj,hari.shrestha@gmail.com
"Akanshya Bahadur Gurung",Bhaktapur,akanshya.gurung@live.com
"Hari Begum Rana",Kathmandu,hari.rana@gmail.com
"Laxman  Gurung",Hetauda,laxman.gurung@gmail.com
"Hari Bahadur Rai",Butwal,hari.rai@hotmail.com
"Venu Prasad Bhattarai",Biratnagar,venu.bhattarai@gmail.com
"Fatima Begum Tamang",Nepalgunj,fatima.tamang@live.com
"Hari Kaur Thapa",Hetauda,hari.thapa@hotmail.com
"Avantika Begum Thapa",Biratnagar,avantika.thapa@gmail.com
"Ram Rani Bhattarai",Butwal,ram.bhattarai@gmail.com
"Laxmi Bahadur Pandey",Dharan,laxmi.pandey@hotmail.com
"Ram Kaur Iyer",Dharan,ram.iyer@gmail.com
"Fatima  Khan",Biratnagar,fatima.khan@live.com
"Venu  Rana",Kathmandu,venu.rana@gmail.com
"Fatima  Tamang",Butwal,fatima.tamang@hotmail.com
"Hari Prasad Gurung",Lalitpur,hari.gurung@gmail.com
"Akanshya Kaur Sharma",Birgunj,akanshya.sharma@live.com
"Shreya  Khan",Biratnagar,shreya.khan@gmail.com
"Ram Devi Iyer",Butwal,ram.iyer@hotmail.com
"Fatima Kumar Thapa",Hetauda,fatima.thapa@gmail.com
"Fatima  Thapa",Dharan,fatima.thapa@hotmail.com
"Ram  Bhattarai",Bhaktapur,ram.bhattarai@gmail.com
"Laxman Rani Rana",Hetauda,laxman.rana@live.com
"Laxman Begum Rana",Hetauda,laxman.rana@gmail.com
"Hari Kaur Iyer",Birgunj,hari.iyer@hotmail.com
"Shreya Kumar Sharma",Nepalgunj,shreya.sharma@live.com
"Ram Begum Sharma",Lalitpur,ram.sharma@gmail.com
"Laxman Kumari Shrestha",Kathmandu,laxman.shrestha@live.com
"Laxmi Bahadur Shrestha",Hetauda,laxmi.shrestha@hotmail.com
"Laxmi Prasad Iyer",Birgunj,laxmi.iyer@live.com
"Fatima Kumari Iyer",Kathmandu,fatima.iyer@live.com
"Fatima  Bhattarai",Hetauda,fatima.bhattarai@live.com
"Venu  Bhattarai",Pokhara,venu.bhattarai@gmail.com
"Venu  Bhattarai",Butwal,venu.bhattarai@gmail.com
"Akanshya  Gurung",Dharan,akanshya.gurung@gmail.com
"Fatima  Tamang",Nepalgunj,fatima.tamang@gmail.com
"Laxman Bahadur Bhattarai",Lalitpur,laxman.bhattarai@gmail.com
"Laxman  Bhattarai",Butwal,laxman.bhattarai@gmail.com
"Laxmi Begum Bhattarai",Kathmandu,laxmi.bhattarai@live.com
"Akanshya  Sharma",Dharan,akanshya.sharma@live.com
"Hari  Gurung",Birgunj,hari.gurung@hotmail.com
"Hari Ali Rai",Dharan,hari.rai@hotmail.com
"Laxman Gopal Thapa",Butwal,laxman.thapa@live.com
"Akanshya Kaur Bhattarai",Pokhara,akanshya.bhattarai@gmail.com
"Fatima  Pandey",Pokhara,fatima.pandey@live.com
"Laxmi Ali Rana",Butwal,laxmi.rana@live.com
"Shreya  Sharma",Hetauda,shreya.sharma@live.com
"Venu  Rana",Birgunj,venu.rana@gmail.com
"Akanshya Kumar Shrestha",Biratnagar,akanshya.shrestha@live.com
"Shreya  Tamang",Bhaktapur,shreya.tamang@live.com
"Fatima  Rai",Biratnagar,fatima.rai@hotmail.com
"Laxman Kumari Sharma",Pokhara,laxman.sharma@gmail.com
"Laxman  Gurung",Hetauda,laxman.gurung@gmail.com
"Fatima Devi Bhattarai",Hetauda,fatima.bhattarai@gmail.com
"Fatima  Khan",Birgunj,fatima.khan@hotmail.com
"Laxman Devi Sharma",Hetauda,laxman.sharma@hotmail.com
"Farukh Gopal Thapa",Kathmandu,farukh.thapa@live.com
"Laxmi Bahadur Sharma",Dharan,laxmi.sharma@live.com
"Akanshya Ali Shrestha",Dharan,akanshya.shrestha@gmail.com
"Akanshya  Bhattarai",Kathmandu,akanshya.bhattarai@hotmail.com
"Shreya  Shrestha",Lalitpur,shreya.shrestha@gmail.com
"Laxmi Rani Pandey",Bhaktapur,laxmi.pandey@hotmail.com
"Ram Ali Iyer",Lalitpur,ram.iyer@live.com
"Farukh  Thapa",Lalitpur,farukh.thapa@gmail.com
"Farukh  Thapa",Butwal,farukh.thapa@gmail.com
"Laxmi Kumar Shrestha",Lalitpur,laxmi.shrestha@live.com
"Akanshya Rani Bhattarai",Dharan,akanshya.bhattarai@live.com
"Shreya  Iyer",Biratnagar,shreya.iyer@live.com
"Ram  Gurung",Birgunj,ram.gurung@live.com
"Shreya  Gurung",Hetauda,shreya.gurung@hotmail.com
"Laxmi  Bhattarai",Kathmandu,laxmi.bhattarai@live.com
"Akanshya Kumar Shrestha",Birgunj,akanshya.shrestha@live.com
"Laxman  Thapa",Hetauda,laxman.thapa@live.com
"Hari Gopal Iyer",Nepalgunj,hari.iyer@live.com
"Avantika Kumar Rai",Birgunj,avantika.rai@live.com
"Avantika Rani Tamang",Nepalgunj,avantika.tamang@hotmail.com
"Ram  Rai",Bhaktapur,ram.rai@gmail.com
"Ram Devi Khan",Bhaktapur,ram.khan@live.com
"Avantika Ali Khan",Biratnagar,avantika.khan@hotmail.com
"Fatima Rani Khan",Dharan,fatima.khan@gmail.com
"Fatima Kaur Rai",Butwal,fatima.rai@live.com
"Ram Rani Bhattarai",Kathmandu,ram.bhattarai@hotmail.com
"Avantika  Khan",Birgunj,avantika.khan@gmail.com
"Fatima  Sharma",Biratnagar,fatima.sharma@hotmail.com
"Fatima  Gurung",Birgunj,fatima.gurung@gmail.com
"Ram Prasad Thapa",Pokhara,ram.thapa@hotmail.com
"Fatima  Gurung",Hetauda,fatima.gurung@gmail.com
"Akanshya Gopal Gurung",Birgunj,akanshya.gurung@live.com
"Akanshya  Tamang",Pokhara,akanshya.tamang@hotmail.com
"Venu Kaur Rai",Nepalgunj,venu.rai@live.com
"Hari  Rai",Dharan,hari.rai@gmail.com
"Laxman Rani Shrestha",Biratnagar,laxman.shrestha@gmail.com
"Laxmi Rani Shrestha",Birgunj,laxmi.shrestha@hotmail.com
"Laxmi Ali Bhattarai",Birgunj,laxmi.bhattarai@hotmail.com
"Laxmi Kaur Khan",Pokhara,laxmi.khan@gmail.com
"Fatima Begum Tamang",Dharan,fatima.tamang@hotmail.com
"Akanshya  Tamang",Kathmandu,akanshya.tamang@live.com
"Fatima  Bhattarai",Biratnagar,fatima.bhattarai@hotmail.com
"Avantika Begum Rana",Birgunj,avantika.rana@gmail.com
"Hari Ali Iyer",Kathmandu,hari.iyer@hotmail.com
"Akanshya  Pandey",Birgunj,akanshya.pandey@live.com
"Avantika  Bhattarai",Lalitpur,avantika.bhattarai@hotmail.com
"Fatima  Rana",Dharan,fatima.rana@live.com
"Hari  Bhattarai",Nepalgunj,hari.bhattarai@gmail.com
"Laxmi Begum Gurung",Biratnagar,laxmi.gurung@live.com
"Avantika Kaur Rana",Dharan,avantika.rana@gmail.com
"Laxmi  Gurung",Nepalgunj,laxmi.gurung@live.com
"Akanshya  Bhattarai",Butwal,akanshya.bhattarai@live.com
"Venu  Thapa",Nepalgunj,venu.thapa@gmail.com
"Ram  Khan",Bhaktapur,ram.khan@gmail.com
"Hari Kumari Rai",Butwal,hari.rai@hotmail.com
"Farukh  Shrestha",Biratnagar,farukh.shrestha@live.com
"Avantika Prasad Shrestha",Lalitpur,avantika.shrestha@hotmail.com
"Laxman  Rana",Nepalgunj,laxman.rana@live.com
"Ram Ali Gurung",Lalitpur,ram.gurung@live.com
"Akanshya Kumar Tamang",Butwal,akanshya.tamang@gmail.com
"Laxman Kaur Tamang",Bhaktapur,laxman.tamang@hotmail.com
"Hari  Gurung",Dharan,hari.gurung@hotmail.com
"Laxman  Gurung",Lalitpur,laxman.gurung@hotmail.com
"Fatima  Gurung",Dharan,fatima.gurung@live.com
"Laxmi  Pandey",Biratnagar,laxmi.pandey@hotmail.com
"Hari Rani Pandey",Bhaktapur,hari.pandey@live.com
"Laxman  Thapa",Hetauda,laxman.thapa@hotmail.com
"Akanshya  Tamang",Kathmandu,akanshya.tamang@gmail.com
"Fatima  Rai",Biratnagar,fatima.rai@hotmail.com
"Hari  Thapa",Bhaktapur,hari.thapa@live.com
"Avantika Kumari Shrestha",Dharan,avantika.shrestha@hotmail.com
"Laxman  Gurung",Kathmandu,laxman.gurung@live.com
"Laxman Prasad Gurung",Lalitpur,laxman.gurung@gmail.com
"Akanshya  Bhattarai",Nepalgunj,akanshya.bhattarai@live.com
"Avantika Bahadur Pandey",Kathmandu,avantika.pandey@live.com
"Laxman Gopal Tamang",Kathmandu,laxman.tamang@live.com
"Ram Gopal Tamang",Biratnagar,ram.tamang@hotmail.com
"Avantika  Rai",Lalitpur,avantika.rai@live.com
"Ram Ali Pandey",Lalitpur,ram.pandey@live.com
"Akanshya  Iyer",Kathmandu,akanshya.iyer@hotmail.com
"Akanshya Bahadur Khan",Birgunj,akanshya.khan@hotmail.com
"Shreya  Pandey",Bhaktapur,shreya.pandey@live.com
"Shreya  Pandey",Nepalgunj,shreya.pandey@gmail.com
"Shreya  Pandey",Nepalgunj,shreya.pandey@gmail.com
"Venu  Pandey",Nepalgunj,venu.pandey@hotmail.com
"Akanshya Begum Khan",Kathmandu,akanshya.khan@gmail.com
"Hari  Gurung",Lalitpur,hari.gurung@gmail.com
"Fatima Gopal Rai",Kathmandu,fatima.rai@hotmail.com
"Hari Kumar Pandey",Butwal,hari.pandey@hotmail.com
"Laxman  Iyer",Butwal,laxman.iyer@gmail.com
"Avantika Kaur Sharma",Bhaktapur,avantika.sharma@gmail.com
"Akanshya Gopal Iyer",Kathmandu,akanshya.iyer@hotmail.com
"Laxmi Kaur Rai",Nepalgunj,laxmi.rai@hotmail.com
"Venu Ali Bhattarai",Nepalgunj,venu.bhattarai@live.com
"Shreya Bahadur Thapa",Biratnagar,shreya.thapa@hotmail.com
"Ram Kaur Bhattarai",Dharan,ram.bhattarai@hotmail.com
"Akanshya Kaur Sharma",Kathmandu,akanshya.sharma@live.com
"Avantika Kumar Rai",Butwal,avantika.rai@hotmail.com
"Laxmi  Sharma",Biratnagar,laxmi.sharma@live.com
"Avantika  Tamang",Biratnagar,avantika.tamang@live.com
"Shreya Devi Gurung",Lalitpur,shreya.gurung@hotmail.com
"Venu  Sharma",Birgunj,venu.sharma@live.com
"Avantika Bahadur Tamang",Bhaktapur,avantika.tamang@gmail.com
"Fatima  Tamang",Pokhara,fatima.tamang@live.com
"Hari Kumari Rana",Pokhara,hari.rana@live.com
"Akanshya  Gurung",Nepalgunj,akanshya.gurung@hotmail.com
"Venu  Khan",Lalitpur,venu.khan@live.com
"Hari Prasad Thapa",Lalitpur,hari.thapa@live.com
"Laxman  Gurung",Birgunj,laxman.gurung@live.com
"Shreya  Rai",Dharan,shreya.rai@gmail.com
"Avantika Rani Iyer",Birgunj,avantika.iyer@gmail.com
"Shreya  Pandey",Pokhara,shreya.pandey@live.com
"Farukh Rani Shrestha",Hetauda,farukh.shrestha@hotmail.com
"Avantika  Shrestha",Lalitpur,avantika.shrestha@live.com
"Hari  Gurung",Bhaktapur,hari.gurung@hotmail.com
"Farukh  Rai",Dharan,farukh.rai@gmail.com
"Laxman  Pandey",Birgunj,laxman.pandey@gmail.com
"Farukh Bahadur Pandey",Biratnagar,farukh.pandey@gmail.com
"Farukh Bahadur Iyer",Lalitpur,farukh.iyer@live.com
"Ram Kumar Gurung",Biratnagar,ram.gurung@hotmail.com
"Farukh Kumar Shrestha",Nepalgunj,farukh.shrestha@hotmail.com
"Venu  Shrestha",Bhaktapur,venu.shrestha@live.com
"Laxman Ali Iyer",Birgunj,laxman.iyer@live.com
"Ram  Rai",Butwal,ram.rai@hotmail.com
"Venu  Rai",Birgunj,venu.rai@hotmail.com
"Akanshya Rani Iyer",Hetauda,akanshya.iyer@hotmail.com
"Laxmi Devi Gurung",Butwal,laxmi.gurung@hotmail.com
"Avantika  Rana",Butwal,avantika.rana@hotmail.com
"Laxman Kumari Bhattarai",Kathmandu,laxman.bhattarai@gmail.com
"Hari  Tamang",Pokhara,hari.tamang@gmail.com
"Fatima Ali Rana",Kathmandu,fatima.rana@hotmail.com
"Farukh Prasad Shrestha",Hetauda,farukh.shrestha@live.com
"Akanshya  Pandey",Dharan,akanshya.pandey@hotmail.com
"Avantika Bahadur Tamang",Nepalgunj,avantika.tamang@live.com
"Akanshya  Pandey",Biratnagar,akanshya.pandey@gmail.com
"Laxmi  Shrestha",Birgunj,laxmi.shrestha@live.com
"Hari Rani Gurung",Butwal,hari.gurung@hotmail.com
"Laxman  Tamang",Birgunj,laxman.tamang@live.com
"Avantika  Gurung",Dharan,avantika.gurung@live.com
"Fatima  Rai",Hetauda,fatima.rai@hotmail.com
"Laxman  Thapa",Pokhara,laxman.thapa@live.com
"Akanshya  Tamang",Lalitpur,akanshya.tamang@hotmail.com
"Hari  Sharma",Dharan,hari.sharma@gmail.com
"Venu Begum Khan",Dharan,venu.khan@live.com
"Ram Ali Iyer",Kathmandu,ram.iyer@hotmail.com
"Fatima Gopal Thapa",Biratnagar,fatima.thapa@gmail.com
"Hari  Bhattarai",Dharan,hari.bhattarai@gmail.com
"Laxman Kumari Tamang",Birgunj,laxman.tamang@hotmail.com
"Fatima  Rana",Hetauda,fatima.rana@gmail.com
"Akanshya  Thapa",Nepalgunj,akanshya.thapa@live.com
"Farukh Kumari Rana",Nepalgunj,farukh.rana@gmail.com
"Shreya  Gurung",Nepalgunj,shreya.gurung@live.com
"Laxman Kumar Sharma",Pokhara,laxman.sharma@hotmail.com
"Venu  Gurung",Pokhara,venu.gurung@hotmail.com
"Ram  Gurung",Biratnagar,ram.gurung@hotmail.com
"Venu  Bhattarai",Dharan,venu.bhattarai@live.com
"Avantika Gopal Shrestha",Pokhara,avantika.shrestha@live.com
"Akanshya Kumari Tamang",Nepalgunj,akanshya.tamang@live.com
"Akanshya Devi Sharma",Nepalgunj,akanshya.sharma@live.com
"Avantika  Shrestha",Birgunj,avantika.shrestha@gmail.com
"Ram Prasad Shrestha",Dharan,ram.shrestha@hotmail.com
"Venu Bahadur Shrestha",Nepalgunj,venu.shrestha@live.com
"Fatima  Gurung",Pokhara,fatima.gurung@gmail.com
"Akanshya  Shrestha",Butwal,akanshya.shrestha@live.com
"Farukh Kaur Tamang",Hetauda,farukh.tamang@gmail.com
"Fatima Bahadur Bhattarai",Biratnagar,fatima.bhattarai@hotmail.com
"Fatima  Rai",Kathmandu,fatima.rai@hotmail.com
"Ram  Sharma",Dharan,ram.sharma@gmail.com
"Laxman Begum Iyer",Nepalgunj,laxman.iyer@hotmail.com
"Laxman Gopal Gurung",Bhaktapur,laxman.gurung@live.com
"Akanshya Devi Rai",Hetauda,akanshya.rai@live.com
"Hari  Iyer",Nepalgunj,hari.iyer@gmail.com
"Venu  Sharma",Kathmandu,venu.sharma@gmail.com
"Laxman Prasad Rana",Biratnagar,laxman.rana@hotmail.com
"Shreya  Gurung",Kathmandu,shreya.gurung@hotmail.com
"Venu  Sharma",Birgunj,venu.sharma@gmail.com
"Avantika Begum Iyer",Kathmandu,avantika.iyer@gmail.com
"Avantika  Thapa",Bhaktapur,avantika.thapa@hotmail.com
"Ram Kumar Gurung",Butwal,ram.gurung@gmail.com
"Laxman  Khan",Dharan,laxman.khan@gmail.com
"Laxmi Gopal Shrestha",Dharan,laxmi.shrestha@hotmail.com
"Farukh Ali Pandey",Butwal,farukh.pandey@gmail.com
"Avantika Bahadur Sharma",Dharan,avantika.sharma@gmail.com
"Venu Ali Rana",Hetauda,venu.rana@hotmail.com
"Ram Ali Thapa",Nepalgunj,ram.thapa@live.com
"Fatima Kumar Thapa",Butwal,fatima.thapa@gmail.com
"Avantika  Rai",Nepalgunj,avantika.rai@hotmail.com
"Avantika Begum Gurung",Pokhara,avantika.gurung@live.com
"Farukh Begum Rana",Nepalgunj,farukh.rana@gmail.com
"Akanshya  Bhattarai",Lalitpur,akanshya.bhattarai@gmail.com
"Akanshya Gopal Tamang",Nepalgunj,akanshya.tamang@live.com
"Akanshya Kaur Iyer",Nepalgunj,akanshya.iyer@hotmail.com
"Farukh Rani Iyer",Dharan,farukh.iyer@hotmail.com
"Hari Devi Thapa",Pokhara,hari.thapa@live.com
"Ram  Iyer",Dharan,ram.iyer@hotmail.com
"Venu Gopal Sharma",Bhaktapur,venu.sharma@live.com
"Laxman Rani Rai",Nepalgunj,laxman.rai@gmail.com
"Akanshya  Shrestha",Hetauda,akanshya.shrestha@hotmail.com
"Ram Kaur Rana",Birgunj,ram.rana@live.com
"Laxmi Ali Shrestha",Hetauda,laxmi.shrestha@live.com
"Hari  Gurung",Dharan,hari.gurung@hotmail.com
"Farukh  Rana",Butwal,farukh.rana@live.com
"Avantika Kaur Shrestha",Pokhara,avantika.shrestha@live.com
"Fatima  Rana",Butwal,fatima.rana@hotmail.com
"Hari  Rana",Bhaktapur,hari.rana@hotmail.com
"Akanshya  Bhattarai",Lalitpur,akanshya.bhattarai@gmail.com
"Fatima  Pandey",Hetauda,fatima.pandey@live.com
"Farukh  Thapa",Birgunj,farukh.thapa@gmail.com
"Laxman  Sharma",Hetauda,laxman.sharma@live.com
"Laxman  Tamang",Nepalgunj,laxman.tamang@hotmail.com
"Hari  Iyer",Pokhara,hari.iyer@live.com
"Farukh Kaur Bhattarai",Biratnagar,farukh.bhattarai@live.com
"Fatima  Shrestha",Dharan,fatima.shrestha@hotmail.com
"Fatima  Tamang",Nepalgunj,fatima.tamang@gmail.com
"Laxman  Shrestha",Butwal,laxman.shrestha@hotmail.com
"Hari Kumar Shrestha",Butwal,hari.shrestha@live.com
"Avantika Kaur Sharma",Butwal,avantika.sharma@live.com
"Venu Kaur Iyer",Lalitpur,venu.iyer@hotmail.com
"Hari Bahadur Sharma",Lalitpur,hari.sharma@hotmail.com
"Venu  Shrestha",Butwal,venu.shrestha@gmail.com
"Ram Gopal Thapa",Kathmandu,ram.thapa@hotmail.com
"Farukh  Bhattarai",Hetauda,farukh.bhattarai@live.com
"Fatima  Khan",Birgunj,fatima.khan@live.com
"Akanshya Kaur Rai",Bhaktapur,akanshya.rai@gmail.com
"Avantika Rani Shrestha",Lalitpur,avantika.shrestha@hotmail.com
"Fatima  Thapa",Kathmandu,fatima.thapa@live.com
"Laxman Bahadur Rana",Nepalgunj,laxman.rana@gmail.com
"Akanshya  Sharma",Birgunj,akanshya.sharma@live.com
"Hari Prasad Rai",Birgunj,hari.rai@gmail.com
"Laxman  Sharma",Nepalgunj,laxman.sharma@hotmail.com
"Farukh Kaur Iyer",Nepalgunj,farukh.iyer@live.com
"Avantika Kaur Thapa",Dharan,avantika.thapa@live.com
"Venu  Tamang",Pokhara,venu.tamang@gmail.com
"Ram  Rana",Kathmandu,ram.rana@live.com
"Avantika Prasad Bhattarai",Pokhara,avantika.bhattarai@hotmail.com
"Farukh  Rai",Birgunj,farukh.rai@hotmail.com
"Hari  Khan",Nepalgunj,hari.khan@live.com
"Laxmi Kumari Rai",Kathmandu,laxmi.rai@gmail.com
"Laxmi Devi Iyer",Pokhara,laxmi.iyer@hotmail.com
"Hari Ali Pandey",Pokhara,hari.pandey@live.com
"Laxman Devi Bhattarai",Birgunj,laxman.bhattarai@gmail.com
"Hari Kumar Rana",Pokhara,hari.rana@hotmail.com
"Ram Ali Rai",Lalitpur,ram.rai@gmail.com
"Ram  Rana",Bhaktapur,ram.rana@live.com
"Avantika  Pandey",Kathmandu,avantika.pandey@live.com
"Venu Devi Iyer",Pokhara,venu.iyer@hotmail.com
"Laxman  Khan",Dharan,laxman.khan@live.com
"Venu Gopal Shrestha",Biratnagar,venu.shrestha@gmail.com
"Fatima  Gurung",Kathmandu,fatima.gurung@gmail.com
"Akanshya Gopal Shrestha",Biratnagar,akanshya.shrestha@live.com
"Venu  Pandey",Birgunj,venu.pandey@hotmail.com
"Hari  Rai",Biratnagar,hari.rai@hotmail.com
"Venu Ali Rai",Bhaktapur,venu.rai@hotmail.com
"Hari Gopal Gurung",Dharan,hari.gurung@gmail.com
"Akanshya Kumari Thapa",Pokhara,akanshya.thapa@gmail.com
"Hari  Rai",Lalitpur,hari.rai@live.com
"Shreya Kumari Thapa",Kathmandu,shreya.thapa@gmail.com
"Laxman Kaur Bhattarai",Lalitpur,laxman.bhattarai@hotmail.com
"Ram  Tamang",Nepalgunj,ram.tamang@gmail.com
"Venu  Tamang",Dharan,venu.tamang@hotmail.com
"Laxman  Tamang",Biratnagar,laxman.tamang@hotmail.com
"Ram Ali Khan",Pokhara,ram.khan@hotmail.com
"Avantika Rani Rai",Biratnagar,avantika.rai@hotmail.com
"Shreya Rani Bhattarai",Biratnagar,shreya.bhattarai@live.com
"Laxmi Ali Gurung",Hetauda,laxmi.gurung@hotmail.com
"Laxman Prasad Rana",Dharan,laxman.rana@hotmail.com
"Fatima  Bhattarai",Biratnagar,fatima.bhattarai@gmail.com
"Ram  Tamang",Hetauda,ram.tamang@gmail.com
"Laxmi  Iyer",Birgunj,laxmi.iyer@hotmail.com
"Ram  Rana",Kathmandu,ram.rana@hotmail.com
"Fatima  Gurung",Hetauda,fatima.gurung@hotmail.com
"Farukh  Gurung",Nepalgunj,farukh.gurung@hotmail.com
"Avantika  Gurung",Kathmandu,avantika.gurung@live.com
"Ram  Khan",Butwal,ram.khan@gmail.com
"Shreya  Bhattarai",Nepalgunj,shreya.bhattarai@gmail.com
"Ram  Bhattarai",Lalitpur,ram.bhattarai@gmail.com
"Shreya  Bhattarai",Bhaktapur,shreya.bhattarai@gmail.com
"Fatima Gopal Gurung",Pokhara,fatima.gurung@hotmail.com
"Venu Prasad Iyer",Hetauda,venu.iyer@live.com
"Fatima  Shrestha",Birgunj,fatima.shrestha@gmail.com
"Avantika  Shrestha",Kathmandu,avantika.shrestha@live.com
"Farukh  Rai",Birgunj,farukh.rai@gmail.com
"Laxman  Gurung",Pokhara,laxman.gurung@gmail.com
"Venu  Rai",Bhaktapur,venu.rai@gmail.com
"Fatima  Thapa",Lalitpur,fatima.thapa@hotmail.com
"Venu  Iyer",Hetauda,venu.iyer@hotmail.com
"Venu  Rai",Biratnagar,venu.rai@gmail.com
"Fatima Rani Iyer",Birgunj,fatima.iyer@live.com
"Hari  Rai",Dharan,hari.rai@gmail.com
"Fatima Kaur Rai",Nepalgunj,fatima.rai@gmail.com
"Akanshya Ali Sharma",Pokhara,akanshya.sharma@live.com
"Ram  Rai",Butwal,ram.rai@gmail.com
"Laxman  Bhattarai",Pokhara,laxman.bhattarai@hotmail.com
"Akanshya  Bhattarai",Birgunj,akanshya.bhattarai@gmail.com
"Shreya  Khan",Nepalgunj,shreya.khan@live.com
"Fatima Prasad Iyer",Dharan,fatima.iyer@hotmail.com
"Fatima Kaur Bhattarai",Biratnagar,fatima.bhattarai@hotmail.com
"Laxmi  Bhattarai",Kathmandu,laxmi.bhattarai@live.com
"Laxman  Shrestha",Biratnagar,laxman.shrestha@hotmail.com
"Laxman  Sharma",Kathmandu,laxman.sharma@gmail.com
"Ram  Pandey",Nepalgunj,ram.pandey@live.com
"Ram  Sharma",Hetauda,ram.sharma@live.com
"Ram Prasad Bhattarai",Hetauda,ram.bhattarai@gmail.com
"Laxmi Devi Khan",Kathmandu,laxmi.khan@gmail.com
"Laxman Devi Iyer",Bhaktapur,laxman.iyer@gmail.com
"Hari  Pandey",Kathmandu,hari.pandey@hotmail.com
"Avantika  Thapa",Biratnagar,avantika.thapa@gmail.com
"Venu  Sharma",Hetauda,venu.sharma@live.com
"Farukh Devi Khan",Biratnagar,farukh.khan@hotmail.com
"Shreya  Shrestha",Butwal,shreya.shrestha@gmail.com
"Hari Kumar Thapa",Pokhara,hari.thapa@gmail.com
"Laxmi  Rana",Biratnagar,laxmi.rana@gmail.com
"Shreya  Thapa",Bhaktapur,shreya.thapa@live.com
"Laxmi  Sharma",Dharan,laxmi.sharma@gmail.com
"Fatima  Gurung",Kathmandu,fatima.gurung@live.com
"Laxman Devi Pandey",Pokhara,laxman.pandey@gmail.com
"Akanshya Ali Sharma",Butwal,akanshya.sharma@gmail.com
"Shreya  Shrestha",Lalitpur,shreya.shrestha@gmail.com
"Shreya  Shrestha",Dharan,shreya.shrestha@live.com
"Farukh Kumari Pandey",Kathmandu,farukh.pandey@hotmail.com
"Laxmi  Khan",Pokhara,laxmi.khan@gmail.com
"Farukh Bahadur Rana",Pokhara,farukh.rana@hotmail.com
"Farukh Devi Tamang",Kathmandu,farukh.tamang@hotmail.com
"Shreya Kumari Pandey",Dharan,shreya.pandey@hotmail.com
"Avantika  Thapa",Kathmandu,avantika.thapa@hotmail.com
"Ram Gopal Pandey",Biratnagar,ram.pandey@hotmail.com
"Venu Begum Shrestha",Birgunj,venu.shrestha@live.com
"Farukh Devi Shrestha",Nepalgunj,farukh.shrestha@hotmail.com
"Ram Gopal Tamang",Nepalgunj,ram.tamang@hotmail.com
"Akanshya Bahadur Sharma",Kathmandu,akanshya.sharma@hotmail.com
"Fatima  Shrestha",Butwal,fatima.shrestha@live.com
"Hari Prasad Thapa",Pokhara,hari.thapa@live.com
"Laxmi  Rana",Bhaktapur,laxmi.rana@gmail.com
"Laxman Gopal Khan",Nepalgunj,laxman.khan@gmail.com
"Hari Rani Tamang",Dharan,hari.tamang@hotmail.com
"Shreya  Rai",Biratnagar,shreya.rai@live.com
"Shreya  Tamang",Hetauda,shreya.tamang@gmail.com
"Venu Rani Shrestha",Hetauda,venu.shrestha@live.com
"Laxmi  Sharma",Dharan,laxmi.sharma@live.com
"Farukh  Rana",Lalitpur,farukh.rana@live.com
"Fatima Kumari Shrestha",Dharan,fatima.shrestha@live.com
"Farukh Kaur Thapa",Nepalgunj,farukh.thapa@live.com
"Avantika Kaur Iyer",Birgunj,avantika.iyer@live.com
"Fatima  Shrestha",Dharan,fatima.shrestha@gmail.com
"Farukh Prasad Rai",Bhaktapur,farukh.rai@gmail.com
"Shreya  Thapa",Pokhara,shreya.thapa@hotmail.com
"Farukh  Bhattarai",Kathmandu,farukh.bhattarai@hotmail.com
"Hari  Bhattarai",Nepalgunj,hari.bhattarai@gmail.com
"Laxmi Kumar Pandey",Nepalgunj,laxmi.pandey@hotmail.com
"Hari Devi Tamang",Kathmandu,hari.tamang@hotmail.com
"Fatima  Rana",Dharan,fatima.rana@hotmail.com
"Avantika  Iyer",Bhaktapur,avantika.iyer@gmail.com
"Avantika Begum Gurung",Biratnagar,avantika.gurung@gmail.com
"Laxmi  Rai",Nepalgunj,laxmi.rai@hotmail.com
"Hari  Shrestha",Biratnagar,hari.shrestha@gmail.com
"Akanshya Begum Sharma",Biratnagar,akanshya.sharma@hotmail.com
"Fatima  Bhattarai",Lalitpur,fatima.bhattarai@hotmail.com
"Ram Bahadur Sharma",Bhaktapur,ram.sharma@gmail.com
"Hari  Bhattarai",Birgunj,hari.bhattarai@live.com
"Ram Devi Sharma",Kathmandu,ram.sharma@live.com
"Farukh  Khan",Butwal,farukh.khan@hotmail.com
"Shreya Rani Tamang",Birgunj,shreya.tamang@gmail.com
"Akanshya Kumari Shrestha",Nepalgunj,akanshya.shrestha@hotmail.com
"Akanshya Begum Bhattarai",Butwal,akanshya.bhattarai@hotmail.com
"Laxman  Sharma",Bhaktapur,laxman.sharma@hotmail.com
"Laxman Bahadur Gurung",Birgunj,laxman.gurung@live.com
"Fatima Devi Bhattarai",Hetauda,fatima.bhattarai@live.com
"Akanshya Prasad Tamang",Biratnagar,akanshya.tamang@hotmail.com
"Avantika  Shrestha",Biratnagar,avantika.shrestha@hotmail.com
"Laxman  Sharma",Biratnagar,laxman.sharma@live.com
"Fatima  Gurung",Biratnagar,fatima.gurung@live.com
"Laxman  Sharma",Butwal,laxman.sharma@live.com
"Laxmi Bahadur Gurung",Nepalgunj,laxmi.gurung@live.com
"Avantika  Tamang",Pokhara,avantika.tamang@hotmail.com
"Hari  Thapa",Bhaktapur,hari.thapa@hotmail.com
"Fatima  Pandey",Biratnagar,fatima.pandey@hotmail.com
"Venu  Sharma",Lalitpur,venu.sharma@hotmail.com
"Akanshya  Rana",Hetauda,akanshya.rana@live.com
"Hari  Iyer",Kathmandu,hari.iyer@hotmail.com
"Ram  Khan",Dharan,ram.khan@gmail.com
"Avantika Prasad Bhattarai",Lalitpur,avantika.bhattarai@live.com
"Fatima  Pandey",Dharan,fatima.pandey@hotmail.com
"Avantika Devi Rana",Bhaktapur,avantika.rana@hotmail.com
"Ram Devi Gurung",Birgunj,ram.gurung@live.com
"Ram  Khan",Biratnagar,ram.khan@hotmail.com
"Avantika  Rana",Lalitpur,avantika.rana@gmail.com
"Akanshya Gopal Pandey",Bhaktapur,akanshya.pandey@live.com
"Hari  Rai",Biratnagar,hari.rai@gmail.com
"Fatima  Khan",Birgunj,fatima.khan@live.com
"Hari  Khan",Pokhara,hari.khan@hotmail.com
"Shreya  Gurung",Bhaktapur,shreya.gurung@gmail.com
"Shreya Devi Bhattarai",Butwal,shreya.bhattarai@hotmail.com
"Fatima  Gurung",Birgunj,fatima.gurung@gmail.com
"Avantika  Sharma",Hetauda,avantika.sharma@hotmail.com
"Fatima Ali Iyer",Lalitpur,fatima.iyer@hotmail.com
"Laxman Devi Thapa",Bhaktapur,laxman.thapa@live.com
"Hari Bahadur Sharma",Butwal,hari.sharma@live.com
"Shreya Begum Khan",Kathmandu,shreya.khan@hotmail.com
"Fatima Rani Pandey",Hetauda,fatima.pandey@live.com
"Laxman  Thapa",Butwal,laxman.thapa@hotmail.com
"Venu  Thapa",Dharan,venu.thapa@gmail.com
"Fatima Begum Pandey",Kathmandu,fatima.pandey@hotmail.com
"Fatima  Thapa",Pokhara,fatima.thapa@hotmail.com
"Fatima Rani Iyer",Hetauda,fatima.iyer@hotmail.com
"Laxmi Kaur Khan",Pokhara,laxmi.khan@hotmail.com
"Avantika  Pandey",Butwal,avantika.pandey@live.com
"Akanshya  Sharma",Biratnagar,akanshya.sharma@live.com
"Avantika Bahadur Tamang",Pokhara,avantika.tamang@gmail.com
"Venu  Rai",Birgunj,venu.rai@gmail.com
"Ram  Tamang",Lalitpur,ram.tamang@hotmail.com
"Shreya Kaur Tamang",Nepalgunj,shreya.tamang@live.com
"Akanshya  Bhattarai",Pokhara,akanshya.bhattarai@gmail.com
"Fatima  Thapa",Lalitpur,fatima.thapa@live.com
"Venu Rani Iyer",Kathmandu,venu.iyer@hotmail.com
"Venu  Tamang",Biratnagar,venu.tamang@hotmail.com
"Avantika Ali Tamang",Pokhara,avantika.tamang@hotmail.com
"Shreya  Khan",Dharan,shreya.khan@hotmail.com
"Ram  Pandey",Nepalgunj,ram.pandey@hotmail.com
"Hari Kumar Tamang",Birgunj,hari.tamang@hotmail.com
"Avantika Prasad Pandey",Lalitpur,avantika.pandey@live.com
"Fatima  Shrestha",Hetauda,fatima.shrestha@gmail.com
"Akanshya  Gurung",Dharan,akanshya.gurung@live.com
"Avantika Prasad Sharma",Kathmandu,avantika.sharma@hotmail.com
"Farukh Gopal Shrestha",Biratnagar,farukh.shrestha@hotmail.com
"Avantika  Iyer",Butwal,avantika.iyer@live.com
"Laxmi  Gurung",Biratnagar,laxmi.gurung@hotmail.com
"Hari  Shrestha",Lalitpur,hari.shrestha@hotmail.com
"Venu  Iyer",Lalitpur,venu.iyer@hotmail.com
"Akanshya  Rana",Lalitpur,akanshya.rana@live.com
"Hari Kumar Pandey",Lalitpur,hari.pandey@hotmail.com
"Venu  Thapa",Hetauda,venu.thapa@live.com
"Venu Devi Thapa",Nepalgunj,venu.thapa@gmail.com
"Venu Kumari Rana",Hetauda,venu.rana@live.com
"Farukh  Sharma",Lalitpur,farukh.sharma@live.com
"Akanshya  Thapa",Lalitpur,akanshya.thapa@hotmail.com
"Avantika  Tamang",Kathmandu,avantika.tamang@hotmail.com
"Farukh  Sharma",Biratnagar,farukh.sharma@gmail.com
"Shreya Begum Thapa",Lalitpur,shreya.thapa@gmail.com
"Laxmi  Iyer",Pokhara,laxmi.iyer@live.com
"Ram Kaur Tamang",Nepalgunj,ram.tamang@gmail.com
"Venu Bahadur Khan",Kathmandu,venu.khan@gmail.com
"Akanshya Kumar Iyer",Dharan,akanshya.iyer@hotmail.com
"Laxmi Kumar Pandey",Bhaktapur,laxmi.pandey@hotmail.com
"Avantika  Thapa",Dharan,avantika.thapa@gmail.com
"Akanshya  Khan",Bhaktapur,akanshya.khan@live.com
"Farukh  Rai",Butwal,farukh.rai@live.com
"Fatima Prasad Khan",Hetauda,fatima.khan@hotmail.com
"Farukh Devi Gurung",Biratnagar,farukh.gurung@hotmail.com
"Shreya Prasad Sharma",Hetauda,shreya.sharma@hotmail.com
"Fatima Devi Thapa",Kathmandu,fatima.thapa@gmail.com
"Farukh Devi Gurung",Dharan,farukh.gurung@live.com
"Venu Begum Rana",Butwal,venu.rana@hotmail.com
"Ram  Pandey",Butwal,ram.pandey@gmail.com
"Farukh Kumari Tamang",Bhaktapur,farukh.tamang@gmail.com
"Venu Kaur Sharma",Kathmandu,venu.sharma@hotmail.com
"Venu Begum Rai",Lalitpur,venu.rai@live.com
"Fatima Bahadur Iyer",Kathmandu,fatima.iyer@gmail.com
"Ram Kaur Sharma",Pokhara,ram.sharma@live.com
"Fatima  Tamang",Butwal,fatima.tamang@gmail.com
"Hari  Rana",Kathmandu,hari.rana@hotmail.com
"Shreya  Thapa",Lalitpur,shreya.thapa@hotmail.com
"Farukh  Rana",Pokhara,farukh.rana@hotmail.com
"Ram Gopal Rana",Hetauda,ram.rana@live.com
"Shreya  Bhattarai",Lalitpur,shreya.bhattarai@hotmail.com
"Venu Kaur Khan",Biratnagar,venu.khan@gmail.com
"Farukh Ali Thapa",Biratnagar,farukh.thapa@hotmail.com
"Fatima  Tamang",Lalitpur,fatima.tamang@hotmail.com
"Laxmi Rani Gurung",Birgunj,laxmi.gurung@gmail.com
"Farukh Bahadur Iyer",Butwal,farukh.iyer@gmail.com
"Akanshya Kumar Pandey",Pokhara,akanshya.pandey@live.com
"Akanshya Bahadur Rana",Lalitpur,akanshya.rana@hotmail.com
"Laxmi  Rai",Birgunj,laxmi.rai@gmail.com
"Shreya  Rai",Nepalgunj,shreya.rai@gmail.com
"Avantika  Gurung",Hetauda,avantika.gurung@gmail.com
"Shreya  Sharma",Biratnagar,shreya.sharma@hotmail.com
"Avantika  Khan",Bhaktapur,avantika.khan@live.com
"Laxmi  Iyer",Hetauda,laxmi.iyer@live.com
"Hari  Rai",Butwal,hari.rai@gmail.com
"Hari Kumari Shrestha",Pokhara,hari.shrestha@hotmail.com
"Avantika  Rana",Birgunj,avantika.rana@gmail.com
"Venu  Rai",Hetauda,venu.rai@gmail.com
"Hari Begum Tamang",Lalitpur,hari.tamang@live.com
"Avantika  Pandey",Nepalgunj,avantika.pandey@hotmail.com
"Farukh  Tamang",Biratnagar,farukh.tamang@live.com
"Fatima Bahadur Khan",Kathmandu,fatima.khan@hotmail.com
"Shreya Ali Rai",Birgunj,shreya.rai@gmail.com
"Laxman  Sharma",Birgunj,laxman.sharma@live.com
"Venu Rani Rai",Lalitpur,venu.rai@gmail.com
"Akanshya Rani Thapa",Bhaktapur,akanshya.thapa@live.com
"Akanshya  Pandey",Lalitpur,akanshya.pandey@gmail.com
"Laxmi Kumari Thapa",Nepalgunj,laxmi.thapa@hotmail.com
"Shreya  Rana",Bhaktapur,shreya.rana@gmail.com
"Laxman  Bhattarai",Birgunj,laxman.bhattarai@hotmail.com
"Laxman  Thapa",Lalitpur,laxman.thapa@live.com
"Laxmi Kaur Rai",Dharan,laxmi.rai@gmail.com
"Ram  Sharma",Birgunj,ram.sharma@gmail.com
"Laxman  Shrestha",Bhaktapur,laxman.shrestha@gmail.com
"Hari  Sharma",Bhaktapur,hari.sharma@live.com
"Farukh Rani Gurung",Birgunj,farukh.gurung@gmail.com
"Laxmi Kumari Gurung",Bhaktapur,laxmi.gurung@hotmail.com
"Akanshya Bahadur Thapa",Biratnagar,akanshya.thapa@hotmail.com
"Fatima Gopal Thapa",Pokhara,fatima.thapa@gmail.com
"Ram  Tamang",Hetauda,ram.tamang@live.com
"Venu Gopal Khan",Dharan,venu.khan@live.com
"Avantika  Khan",Lalitpur,avantika.khan@live.com
"Laxman Kaur Rana",Dharan,laxman.rana@hotmail.com
"Fatima Rani Rana",Kathmandu,fatima.rana@gmail.com
"Venu Prasad Tamang",Dharan,venu.tamang@live.com
"Ram  Tamang",Nepalgunj,ram.tamang@hotmail.com
"Hari  Iyer",Biratnagar,hari.iyer@live.com
"Avantika  Thapa",Hetauda,avantika.thapa@hotmail.com
"Fatima  Khan",Kathmandu,fatima.khan@gmail.com
"Avantika  Thapa",Butwal,avantika.thapa@gmail.com
"Fatima  Tamang",Pokhara,fatima.tamang@hotmail.com
"Avantika Kumar Rai",Birgunj,avantika.rai@hotmail.com
"Laxman Rani Shrestha",Hetauda,laxman.shrestha@live.com
"Hari Bahadur Rana",Lalitpur,hari.rana@live.com
"Avantika Ali Shrestha",Dharan,avantika.shrestha@live.com
"Fatima Begum Bhattarai",Butwal,fatima.bhattarai@hotmail.com
"Akanshya Bahadur Rai",Biratnagar,akanshya.rai@live.com
"Laxman  Thapa",Pokhara,laxman.thapa@live.com
"Shreya  Khan",Nepalgunj,shreya.khan@gmail.com
"Ram  Pandey",Hetauda,ram.pandey@hotmail.com
"Hari Kaur Thapa",Bhaktapur,hari.thapa@hotmail.com
"Fatima Kumar Thapa",Pokhara,fatima.thapa@hotmail.com
"Avantika  Shrestha",Birgunj,avantika.shrestha@live.com
"Ram Begum Thapa",Kathmandu,ram.thapa@live.com
"Fatima Kaur Khan",Lalitpur,fatima.khan@hotmail.com
"Hari  Sharma",Butwal,hari.sharma@live.com
"Venu  Gurung",Bhaktapur,venu.gurung@gmail.com
"Shreya Ali Pandey",Pokhara,shreya.pandey@hotmail.com
"Shreya Kaur Gurung",Bhaktapur,shreya.gurung@gmail.com
"Akanshya Kumar Pandey",Butwal,akanshya.pandey@hotmail.com
"Hari  Sharma",Pokhara,hari.sharma@gmail.com
"Venu  Rana",Kathmandu,venu.rana@gmail.com
"Laxmi Rani Khan",Bhaktapur,laxmi.khan@live.com
"Laxman  Tamang",Lalitpur,laxman.tamang@hotmail.com
"Laxman Rani Iyer",Biratnagar,laxman.iyer@live.com
"Venu  Bhattarai",Lalitpur,venu.bhattarai@live.com
"Laxman Kumari Bhattarai",Lalitpur,laxman.bhattarai@gmail.com
"Fatima  Rana",Kathmandu,fatima.rana@gmail.com
"Ram  Khan",Pokhara,ram.khan@gmail.com
"Laxman Kaur Khan",Dharan,laxman.khan@gmail.com
"Laxman  Shrestha",Bhaktapur,laxman.shrestha@hotmail.com
"Shreya Bahadur Pandey",Butwal,shreya.pandey@gmail.com
"Farukh  Pandey",Lalitpur,farukh.pandey@live.com
"Farukh  Thapa",Nepalgunj,farukh.thapa@gmail.com
"Shreya  Rana",Hetauda,shreya.rana@live.com
"Venu Kaur Sharma",Butwal,venu.sharma@live.com
"Ram Begum Shrestha",Dharan,ram.shrestha@hotmail.com
"Akanshya Ali Sharma",Birgunj,akanshya.sharma@gmail.com
"Shreya Rani Pandey",Butwal,shreya.pandey@hotmail.com
"Venu Bahadur Rana",Biratnagar,venu.rana@hotmail.com
"Akanshya  Rana",Kathmandu,akanshya.rana@hotmail.com
"Avantika  Gurung",Biratnagar,avantika.gurung@live.com
"Venu  Tamang",Butwal,venu.tamang@live.com
"Fatima  Rana",Biratnagar,fatima.rana@gmail.com
"Laxman  Bhattarai",Biratnagar,laxman.bhattarai@hotmail.com
"Shreya Kumari Thapa",Bhaktapur,shreya.thapa@live.com
"Fatima Ali Pandey",Birgunj,fatima.pandey@live.com
"Akanshya Rani Shrestha",Nepalgunj,akanshya.shrestha@live.com
"Hari Prasad Sharma",Butwal,hari.sharma@gmail.com
"Akanshya  Tamang",Kathmandu,akanshya.tamang@gmail.com
"Shreya Gopal Sharma",Birgunj,shreya.sharma@hotmail.com
"Hari Ali Shrestha",Nepalgunj,hari.shrestha@live.com
"Fatima Devi Sharma",Lalitpur,fatima.sharma@live.com
"Fatima  Rai",Lalitpur,fatima.rai@live.com
"Shreya Kumar Iyer",Biratnagar,shreya.iyer@gmail.com
"Akanshya Kumar Rai",Dharan,akanshya.rai@gmail.com
"Shreya Ali Thapa",Kathmandu,shreya.thapa@gmail.com
"Venu  Rai",Biratnagar,venu.rai@live.com
"Fatima Ali Pandey",Butwal,fatima.pandey@live.com
"Laxman  Shrestha",Hetauda,laxman.shrestha@gmail.com
"Laxmi  Pandey",Lalitpur,laxmi.pandey@gmail.com
"Shreya Gopal Bhattarai",Birgunj,shreya.bhattarai@gmail.com
"Laxman  Thapa",Nepalgunj,laxman.thapa@hotmail.com
"Laxman Begum Rana",Pokhara,laxman.rana@gmail.com
"Fatima  Tamang",Birgunj,fatima.tamang@gmail.com
"Farukh  Bhattarai",Bhaktapur,farukh.bhattarai@gmail.com
"Fatima Ali Gurung",Bhaktapur,fatima.gurung@hotmail.com
"Shreya Ali Rai",Lalitpur,shreya.rai@hotmail.com
"Hari Ali Gurung",Biratnagar,hari.gurung@live.com
"Fatima Ali Bhattarai",Biratnagar,fatima.bhattarai@live.com
"Shreya Begum Rana",Pokhara,shreya.rana@live.com
"Laxman  Rana",Butwal,laxman.rana@live.com
"Ram Kumar Tamang",Birgunj,ram.tamang@gmail.com
"Akanshya  Sharma",Lalitpur,akanshya.sharma@gmail.com
"Avantika  Pandey",Birgunj,avantika.pandey@live.com
"Akanshya Kaur Tamang",Butwal,akanshya.tamang@live.com
"Farukh Devi Pandey",Birgunj,farukh.pandey@gmail.com
"Ram  Rai",Lalitpur,ram.rai@live.com
"Akanshya Devi Khan",Kathmandu,akanshya.khan@hotmail.com
"Shreya Begum Rana",Pokhara,shreya.rana@hotmail.com
"Shreya  Rai",Pokhara,shreya.rai@live.com
"Akanshya Ali Rana",Kathmandu,akanshya.rana@gmail.com
"Venu  Iyer",Pokhara,venu.iyer@hotmail.com
"Shreya Prasad Sharma",Nepalgunj,shreya.sharma@hotmail.com
"Akanshya  Gurung",Birgunj,akanshya.gurung@hotmail.com
"Laxman Ali Rana",Nepalgunj,laxman.rana@gmail.com
"Venu  Khan",Bhaktapur,venu.khan@hotmail.com
"Laxman  Bhattarai",Nepalgunj,laxman.bhattarai@gmail.com
"Farukh Kumar Rai",Birgunj,farukh.rai@hotmail.com
"Ram  Tamang",Kathmandu,ram.tamang@hotmail.com
"Farukh  Sharma",Biratnagar,farukh.sharma@live.com
"Venu Kaur Rai",Butwal,venu.rai@hotmail.com
"Fatima Kaur Rai",Kathmandu,fatima.rai@gmail.com
"Venu  Tamang",Birgunj,venu.tamang@gmail.com
"Laxman  Rai",Pokhara,laxman.rai@gmail.com
"Hari  Sharma",Birgunj,hari.sharma@live.com
"Avantika  Khan",Birgunj,avantika.khan@gmail.com
"Avantika Devi Sharma",Butwal,avantika.sharma@gmail.com
"Hari  Bhattarai",Hetauda,hari.bhattarai@gmail.com
"Akanshya Rani Gurung",Bhaktapur,akanshya.gurung@hotmail.com
"Farukh Ali Rana",Pokhara,farukh.rana@hotmail.com
"Venu  Rana",Bhaktapur,venu.rana@hotmail.com
"Venu Prasad Iyer",Biratnagar,venu.iyer@live.com
"Laxmi Prasad Tamang",Biratnagar,laxmi.tamang@hotmail.com
"Farukh  Sharma",Birgunj,farukh.sharma@hotmail.com
"Shreya Rani Tamang",Kathmandu,shreya.tamang@gmail.com
"Venu Ali Sharma",Hetauda,venu.sharma@gmail.com
"Farukh Gopal Bhattarai",Biratnagar,farukh.bhattarai@hotmail.com
"Laxmi Kumari Sharma",Birgunj,laxmi.sharma@live.com
"Fatima  Shrestha",Butwal,fatima.shrestha@live.com
"Laxman Kumar Tamang",Biratnagar,laxman.tamang@gmail.com
"Laxmi  Sharma",Kathmandu,laxmi.sharma@hotmail.com
"Fatima  Gurung",Bhaktapur,fatima.gurung@gmail.com
"Farukh  Shrestha",Biratnagar,farukh.shrestha@gmail.com
"Hari Prasad Khan",Dharan,hari.khan@gmail.com
"Avantika Kumari Pandey",Bhaktapur,avantika.pandey@live.com
"Avantika Prasad Sharma",Pokhara,avantika.sharma@live.com
"Laxmi  Pandey",Nepalgunj,laxmi.pandey@gmail.com
"Farukh Kaur Khan",Kathmandu,farukh.khan@hotmail.com
"Hari Ali Khan",Nepalgunj,hari.khan@gmail.com
"Farukh  Khan",Lalitpur,farukh.khan@live.com
"Laxmi  Rana",Birgunj,laxmi.rana@gmail.com
"Fatima Kumar Iyer",Hetauda,fatima.iyer@live.com
"Ram  Rana",Biratnagar,ram.rana@hotmail.com
"Laxman  Rai",Bhaktapur,laxman.rai@live.com
"Hari Devi Tamang",Kathmandu,hari.tamang@live.com
"Hari Kaur Tamang",Kathmandu,hari.tamang@hotmail.com
"Hari Kumar Shrestha",Nepalgunj,hari.shrestha@hotmail.com
"Akanshya  Gurung",Nepalgunj,akanshya.gurung@live.com
"Fatima  Bhattarai",Bhaktapur,fatima.bhattarai@live.com
"Avantika Devi Sharma",Hetauda,avantika.sharma@hotmail.com
"Laxman Ali Pandey",Bhaktapur,laxman.pandey@gmail.com
"Akanshya Ali Gurung",Pokhara,akanshya.gurung@live.com
"Laxmi  Khan",Kathmandu,laxmi.khan@hotmail.com
"Avantika  Bhattarai",Nepalgunj,avantika.bhattarai@hotmail.com
"Avantika Devi Gurung",Hetauda,avantika.gurung@hotmail.com
"Farukh Begum Rana",Lalitpur,farukh.rana@gmail.com
"Akanshya Gopal Khan",Birgunj,akanshya.khan@live.com
"Hari  Pandey",Bhaktapur,hari.pandey@hotmail.com
"Ram Bahadur Pandey",Bhaktapur,ram.pandey@gmail.com
"Akanshya  Khan",Pokhara,akanshya.khan@hotmail.com
"Hari  Pandey",Lalitpur,hari.pandey@live.com
"Farukh Kumar Iyer",Butwal,farukh.iyer@live.com
"Shreya  Shrestha",Nepalgunj,shreya.shrestha@gmail.com
"Avantika Bahadur Thapa",Biratnagar,avantika.thapa@live.com
"Laxmi Bahadur Rai",Lalitpur,laxmi.rai@gmail.com
"Avantika  Shrestha",Butwal,avantika.shrestha@gmail.com
"Avantika  Pandey",Bhaktapur,avantika.pandey@hotmail.com
"Fatima Kumari Rana",Kathmandu,fatima.rana@hotmail.com
"Laxmi  Khan",Biratnagar,laxmi.khan@live.com
"Laxmi Ali Gurung",Lalitpur,laxmi.gurung@hotmail.com
"Akanshya  Shrestha",Nepalgunj,akanshya.shrestha@live.com
"Venu  Thapa",Birgunj,venu.thapa@live.com
"Venu Prasad Rai",Lalitpur,venu.rai@gmail.com
"Laxmi  Rai",Pokhara,laxmi.rai@gmail.com
"Laxmi Bahadur Gurung",Dharan,laxmi.gurung@hotmail.com
"Akanshya  Rai",Kathmandu,akanshya.rai@hotmail.com
"Farukh  Tamang",Lalitpur,farukh.tamang@hotmail.com
"Farukh  Rana",Butwal,farukh.rana@hotmail.com
"Laxman  Khan",Pokhara,laxman.khan@live.com
"Akanshya Kumar Shrestha",Hetauda,akanshya.shrestha@live.com
"Shreya Gopal Thapa",Birgunj,shreya.thapa@gmail.com
"Avantika Devi Tamang",Birgunj,avantika.tamang@live.com
"Akanshya  Bhattarai",Pokhara,akanshya.bhattarai@gmail.com
"Farukh  Bhattarai",Butwal,farukh.bhattarai@gmail.com
"Ram Gopal Rana",Kathmandu,ram.rana@hotmail.com
"Shreya  Thapa",Pokhara,shreya.thapa@gmail.com
"Akanshya  Thapa",Biratnagar,akanshya.thapa@gmail.com
"Ram Kumari Thapa",Dharan,ram.thapa@live.com
"Laxmi Kumari Rai",Dharan,laxmi.rai@hotmail.com
"Hari  Iyer",Pokhara,hari.iyer@hotmail.com
"Ram Kumari Pandey",Dharan,ram.pandey@gmail.com
"Hari Bahadur Sharma",Nepalgunj,hari.sharma@gmail.com
"Fatima  Tamang",Bhaktapur,fatima.tamang@live.com
"Venu Kumar Tamang",Hetauda,venu.tamang@hotmail.com
"Hari  Khan",Lalitpur,hari.khan@hotmail.com
"Akanshya  Tamang",Pokhara,akanshya.tamang@live.com
"Avantika  Sharma",Dharan,avantika.sharma@hotmail.com
"Fatima  Rana",Dharan,fatima.rana@live.com
"Venu  Gurung",Biratnagar,venu.gurung@gmail.com
"Farukh  Pandey",Bhaktapur,farukh.pandey@gmail.com
"Fatima  Pandey",Bhaktapur,fatima.pandey@hotmail.com
"Laxmi  Bhattarai",Pokhara,laxmi.bhattarai@hotmail.com
"Hari  Pandey",Lalitpur,hari.pandey@gmail.com
"Akanshya Prasad Pandey",Biratnagar,akanshya.pandey@hotmail.com
"Laxman Begum Rana",Pokhara,laxman.rana@live.com
"Ram  Gurung",Pokhara,ram.gurung@gmail.com
"Fatima  Rai",Biratnagar,fatima.rai@live.com
"Ram  Iyer",Butwal,ram.iyer@gmail.com
"Ram  Pandey",Biratnagar,ram.pandey@hotmail.com
"Laxman Bahadur Khan",Bhaktapur,laxman.khan@hotmail.com
"Akanshya Prasad Gurung",Birgunj,akanshya.gurung@hotmail.com
"Shreya  Pandey",Hetauda,shreya.pandey@live.com
"Avantika Kaur Thapa",Pokhara,avantika.thapa@live.com
"Fatima  Bhattarai",Pokhara,fatima.bhattarai@hotmail.com
"Hari  Sharma",Birgunj,hari.sharma@gmail.com
"Farukh  Iyer",Pokhara,farukh.iyer@gmail.com
"Laxmi Begum Sharma",Biratnagar,laxmi.sharma@gmail.com
"Avantika Prasad Gurung",Bhaktapur,avantika.gurung@live.com
"Shreya Kumar Rai",Lalitpur,shreya.rai@hotmail.com
"Shreya  Sharma",Lalitpur,shreya.sharma@live.com
"Laxmi Kumar Rai",Pokhara,laxmi.rai@hotmail.com
"Farukh Begum Sharma",Kathmandu,farukh.sharma@live.com
"Shreya  Iyer",Birgunj,shreya.iyer@live.com
"Fatima Bahadur Pandey",Butwal,fatima.pandey@hotmail.com
"Akanshya Devi Pandey",Pokhara,akanshya.pandey@live.com
"Venu  Pandey",Lalitpur,venu.pandey@live.com
"Farukh  Gurung",Biratnagar,farukh.gurung@live.com
"Hari Bahadur Pandey",Bhaktapur,hari.pandey@hotmail.com
"Akanshya  Pandey",Butwal,akanshya.pandey@live.com
"Hari  Bhattarai",Bhaktapur,hari.bhattarai@live.com
"Ram  Khan",Biratnagar,ram.khan@hotmail.com
"Fatima  Iyer",Pokhara,fatima.iyer@live.com
"Avantika Kumari Tamang",Bhaktapur,avantika.tamang@gmail.com
"Avantika  Tamang",Birgunj,avantika.tamang@live.com
"Fatima  Gurung",Biratnagar,fatima.gurung@live.com
"Akanshya Begum Khan",Lalitpur,akanshya.khan@gmail.com
"Farukh  Sharma",Bhaktapur,farukh.sharma@hotmail.com
"Venu Kumar Sharma",Dharan,venu.sharma@live.com
"Hari Begum Sharma",Dharan,hari.sharma@gmail.com
"Venu  Tamang",Nepalgunj,venu.tamang@gmail.com
"Akanshya Gopal Rai",Pokhara,akanshya.rai@hotmail.com
"Laxmi Devi Shrestha",Nepalgunj,laxmi.shrestha@hotmail.com
"Avantika  Gurung",Nepalgunj,avantika.gurung@gmail.com
"Avantika  Rana",Pokhara,avantika.rana@live.com
"Laxman  Iyer",Birgunj,laxman.iyer@gmail.com
"Laxmi  Khan",Lalitpur,laxmi.khan@live.com
"Laxmi  Gurung",Kathmandu,laxmi.gurung@gmail.com
"Ram Rani Iyer",Bhaktapur,ram.iyer@gmail.com
"Akanshya Prasad Iyer",Birgunj,akanshya.iyer@hotmail.com
"Farukh  Iyer",Bhaktapur,farukh.iyer@live.com
"Shreya  Shrestha",Kathmandu,shreya.shrestha@gmail.com
"Venu Devi Thapa",Hetauda,venu.thapa@hotmail.com
"Venu  Pandey",Birgunj,venu.pandey@gmail.com
"Ram Bahadur Thapa",Hetauda,ram.thapa@live.com
"Akanshya Kumar Iyer",Pokhara,akanshya.iyer@gmail.com
"Shreya Kaur Rai",Biratnagar,shreya.rai@live.com
"Farukh  Tamang",Nepalgunj,farukh.tamang@gmail.com
"Akanshya Bahadur Thapa",Dharan,akanshya.thapa@hotmail.com
"Akanshya Kumari Khan",Nepalgunj,akanshya.khan@gmail.com
"Avantika  Thapa",Biratnagar,avantika.thapa@live.com
"Akanshya  Thapa",Butwal,akanshya.thapa@gmail.com
"Avantika Bahadur Bhattarai",Bhaktapur,avantika.bhattarai@gmail.com
"Farukh  Shrestha",Bhaktapur,farukh.shrestha@hotmail.com
"Shreya Gopal Sharma",Butwal,shreya.sharma@live.com
"Venu  Khan",Birgunj,venu.khan@gmail.com
"Avantika Devi Rai",Hetauda,avantika.rai@gmail.com
"Venu  Shrestha",Lalitpur,venu.shrestha@hotmail.com
"Avantika Kaur Sharma",Nepalgunj,avantika.sharma@hotmail.com
"Avantika  Thapa",Dharan,avantika.thapa@gmail.com
"Ram Gopal Shrestha",Butwal,ram.shrestha@live.com
"Fatima Kaur Thapa",Dharan,fatima.thapa@gmail.com
"Shreya  Rana",Pokhara,shreya.rana@hotmail.com
"Laxman  Pandey",Lalitpur,laxman.pandey@hotmail.com
"Laxman Kumari Iyer",Birgunj,laxman.iyer@live.com
"Farukh Kaur Thapa",Pokhara,farukh.thapa@hotmail.com
"Akanshya  Rai",Kathmandu,akanshya.rai@live.com
"Shreya Devi Shrestha",Dharan,shreya.shrestha@hotmail.com
"Shreya  Pandey",Bhaktapur,shreya.pandey@live.com
"Fatima Kaur Rana",Lalitpur,fatima.rana@gmail.com
"Hari Prasad Thapa",Birgunj,hari.thapa@gmail.com
"Hari  Khan",Dharan,hari.khan@live.com
"Farukh Gopal Iyer",Birgunj,farukh.iyer@live.com
"Ram  Gurung",Lalitpur,ram.gurung@live.com
"Farukh  Pandey",Lalitpur,farukh.pandey@live.com
"Venu Kaur Iyer",Birgunj,venu.iyer@gmail.com
"Farukh  Gurung",Nepalgunj,farukh.gurung@hotmail.com
"Akanshya  Bhattarai",Nepalgunj,akanshya.bhattarai@live.com
"Laxman  Tamang",Birgunj,laxman.tamang@live.com
"Shreya  Tamang",Kathmandu,shreya.tamang@hotmail.com
"Akanshya Kumari Iyer",Lalitpur,akanshya.iyer@hotmail.com
"Hari Rani Rana",Birgunj,hari.rana@gmail.com
"Laxmi Prasad Sharma",Kathmandu,laxmi.sharma@hotmail.com
"Shreya  Tamang",Birgunj,shreya.tamang@live.com
"Akanshya Gopal Rai",Lalitpur,akanshya.rai@live.com
"Avantika Bahadur Rai",Nepalgunj,avantika.rai@hotmail.com
"Avantika  Pandey",Dharan,avantika.pandey@gmail.com
"Shreya Prasad Shrestha",Butwal,shreya.shrestha@live.com
"Hari Gopal Tamang",Kathmandu,hari.tamang@hotmail.com
"Laxman Gopal Iyer",Dharan,laxman.iyer@gmail.com
"Akanshya Kumari Tamang",Biratnagar,akanshya.tamang@live.com
"Hari  Shrestha",Biratnagar,hari.shrestha@hotmail.com
"Laxmi Begum Rai",Butwal,laxmi.rai@gmail.com
"Hari  Pandey",Biratnagar,hari.pandey@hotmail.com
"Laxmi  Khan",Dharan,laxmi.khan@hotmail.com
"Ram Kumari Thapa",Butwal,ram.thapa@gmail.com
"Avantika  Rana",Butwal,avantika.rana@hotmail.com
"Akanshya  Iyer",Butwal,akanshya.iyer@hotmail.com
"Laxman  Rai",Nepalgunj,laxman.rai@gmail.com
"Farukh  Rana",Nepalgunj,farukh.rana@live.com
"Laxman  Iyer",Biratnagar,laxman.iyer@hotmail.com
"Ram Begum Sharma",Butwal,ram.sharma@gmail.com
"Avantika  Sharma",Hetauda,avantika.sharma@gmail.com
"Ram  Sharma",Bhaktapur,ram.sharma@live.com
"Shreya  Tamang",Nepalgunj,shreya.tamang@hotmail.com
"Laxmi  Tamang",Kathmandu,laxmi.tamang@gmail.com
"Fatima  Shrestha",Biratnagar,fatima.shrestha@hotmail.com
"Avantika Prasad Rai",Kathmandu,avantika.rai@gmail.com
"Ram  Bhattarai",Hetauda,ram.bhattarai@gmail.com
"Shreya  Rana",Bhaktapur,shreya.rana@gmail.com
"Shreya Kaur Rana",Nepalgunj,shreya.rana@gmail.com
"Fatima Kumar Thapa",Nepalgunj,fatima.thapa@live.com
"Akanshya  Rai",Kathmandu,akanshya.rai@hotmail.com
"Shreya Kaur Bhattarai",Biratnagar,shreya.bhattarai@live.com
"Akanshya  Pandey",Pokhara,akanshya.pandey@gmail.com
"Farukh  Khan",Nepalgunj,farukh.khan@gmail.com
"Fatima Rani Sharma",Kathmandu,fatima.sharma@gmail.com
"Shreya Kumari Bhattarai",Butwal,shreya.bhattarai@hotmail.com
"Avantika  Thapa",Hetauda,avantika.thapa@live.com
"Hari  Sharma",Birgunj,hari.sharma@gmail.com
"Hari  Sharma",Butwal,hari.sharma@hotmail.com
"Venu Kumar Gurung",Lalitpur,venu.gurung@live.com
"Venu  Khan",Biratnagar,venu.khan@gmail.com
"Ram Kaur Gurung",Dharan,ram.gurung@live.com
"Ram Kumari Sharma",Pokhara,ram.sharma@gmail.com
"Avantika  Shrestha",Dharan,avantika.shrestha@gmail.com
"Fatima Begum Khan",Biratnagar,fatima.khan@live.com
"Laxmi  Khan",Hetauda,laxmi.khan@hotmail.com
"Farukh  Khan",Birgunj,farukh.khan@hotmail.com
"Avantika Devi Iyer",Bhaktapur,avantika.iyer@gmail.com
"Farukh  Sharma",Butwal,farukh.sharma@live.com
"Laxmi  Khan",Lalitpur,laxmi.khan@hotmail.com
"Laxmi Begum Bhattarai",Birgunj,laxmi.bhattarai@hotmail.com
"Farukh Bahadur Thapa",Dharan,farukh.thapa@gmail.com
"Farukh  Rana",Biratnagar,farukh.rana@gmail.com
"Farukh Kaur Tamang",Pokhara,farukh.tamang@gmail.com
"Avantika  Bhattarai",Nepalgunj,avantika.bhattarai@hotmail.com
"Laxmi  Khan",Birgunj,laxmi.khan@gmail.com
"Fatima Bahadur Pandey",Nepalgunj,fatima.pandey@gmail.com
"Fatima  Rana",Birgunj,fatima.rana@gmail.com
"Shreya Ali Iyer",Birgunj,shreya.iyer@live.com
"Fatima  Rai",Kathmandu,fatima.rai@hotmail.com
"Laxmi Kumari Bhattarai",Dharan,laxmi.bhattarai@gmail.com
"Shreya Ali Shrestha",Birgunj,shreya.shrestha@hotmail.com
"Hari Prasad Shrestha",Birgunj,hari.shrestha@live.com
"Laxmi  Gurung",Hetauda,laxmi.gurung@hotmail.com
"Hari  Thapa",Dharan,hari.thapa@live.com
"Farukh  Sharma",Biratnagar,farukh.sharma@gmail.com
"Avantika  Iyer",Kathmandu,avantika.iyer@live.com
"Laxmi  Rana",Pokhara,laxmi.rana@hotmail.com
"Laxmi Begum Rana",Dharan,laxmi.rana@hotmail.com
"Hari Kumar Iyer",Bhaktapur,hari.iyer@live.com
"Venu Kaur Gurung",Pokhara,venu.gurung@hotmail.com
"Venu Ali Khan",Butwal,venu.khan@live.com
"Fatima  Bhattarai",Pokhara,fatima.bhattarai@hotmail.com
"Farukh Begum Pandey",Lalitpur,farukh.pandey@gmail.com
"Ram Ali Khan",Biratnagar,ram.khan@live.com
"Venu Ali Gurung",Hetauda,venu.gurung@gmail.com
"Laxman  Rana",Birgunj,laxman.rana@gmail.com
"Ram  Sharma",Bhaktapur,ram.sharma@hotmail.com
"Laxmi Kumari Gurung",Birgunj,laxmi.gurung@live.com
"Farukh Kumari Thapa",Nepalgunj,farukh.thapa@hotmail.com
"Farukh Begum Khan",Butwal,farukh.khan@live.com
"Laxman  Sharma",Biratnagar,laxman.sharma@gmail.com
"Ram Ali Rana",Birgunj,ram.rana@live.com
"Hari Bahadur Shrestha",Birgunj,hari.shrestha@live.com
"Avantika Begum Pandey",Hetauda,avantika.pandey@gmail.com
"Farukh  Shrestha",Biratnagar,farukh.shrestha@live.com
"Avantika  Pandey",Birgunj,avantika.pandey@gmail.com
"Avantika  Sharma",Dharan,avantika.sharma@gmail.com
"Fatima Prasad Rana",Lalitpur,fatima.rana@hotmail.com
"Ram  Tamang",Biratnagar,ram.tamang@live.com
"Farukh  Gurung",Nepalgunj,farukh.gurung@gmail.com
"Akanshya Bahadur Tamang",Biratnagar,akanshya.tamang@hotmail.com
"Avantika  Khan",Bhaktapur,avantika.khan@gmail.com
"Ram  Gurung",Pokhara,ram.gurung@live.com
"Avantika  Rana",Birgunj,avantika.rana@hotmail.com
"Fatima Devi Rana",Bhaktapur,fatima.rana@hotmail.com
"Farukh Kaur Gurung",Lalitpur,farukh.gurung@gmail.com
"Laxman  Bhattarai",Pokhara,laxman.bhattarai@hotmail.com
"Shreya  Pandey",Bhaktapur,shreya.pandey@live.com
"Laxman  Iyer",Butwal,laxman.iyer@live.com
"Ram Devi Tamang",Bhaktapur,ram.tamang@hotmail.com
"Laxmi  Rai",Kathmandu,laxmi.rai@hotmail.com
"Laxman Kumari Bhattarai",Nepalgunj,laxman.bhattarai@gmail.com
"Laxman Devi Sharma",Nepalgunj,laxman.sharma@live.com
"Ram  Gurung",Dharan,ram.gurung@live.com
"Avantika  Rai",Kathmandu,avantika.rai@hotmail.com
"Akanshya  Thapa",Lalitpur,akanshya.thapa@hotmail.com
"Akanshya Bahadur Iyer",Biratnagar,akanshya.iyer@gmail.com
"Laxmi Gopal Khan",Dharan,laxmi.khan@hotmail.com
"Laxman  Shrestha",Birgunj,laxman.shrestha@gmail.com
"Farukh Kaur Sharma",Butwal,farukh.sharma@live.com
"Fatima Devi Rana",Kathmandu,fatima.rana@hotmail.com
"Laxman Devi Khan",Lalitpur,laxman.khan@live.com
"Ram Rani Bhattarai",Pokhara,ram.bhattarai@live.com
"Laxman  Iyer",Butwal,laxman.iyer@gmail.com
"Shreya Kaur Bhattarai",Kathmandu,shreya.bhattarai@gmail.com
"Farukh Ali Gurung",Butwal,farukh.gurung@gmail.com
"Avantika  Rana",Biratnagar,avantika.rana@hotmail.com
"Laxmi Devi Iyer",Bhaktapur,laxmi.iyer@gmail.com
"Shreya Prasad Pandey",Bhaktapur,shreya.pandey@gmail.com
"Laxman Rani Sharma",Bhaktapur,laxman.sharma@live.com
"Laxman  Sharma",Pokhara,laxman.sharma@gmail.com
"Ram  Tamang",Birgunj,ram.tamang@gmail.com
"Venu  Iyer",Bhaktapur,venu.iyer@live.com
"Fatima Kaur Tamang",Lalitpur,fatima.tamang@hotmail.com
"Hari  Tamang",Biratnagar,hari.tamang@hotmail.com
"Shreya  Rana",Birgunj,shreya.rana@hotmail.com
"Akanshya  Khan",Lalitpur,akanshya.khan@live.com
"Laxman Bahadur Bhattarai",Dharan,laxman.bhattarai@hotmail.com
"Hari  Pandey",Birgunj,hari.pandey@gmail.com
"Avantika  Tamang",Pokhara,avantika.tamang@hotmail.com
"Akanshya Kumari Rana",Dharan,akanshya.rana@gmail.com
"Laxman Gopal Tamang",Hetauda,laxman.tamang@gmail.com
"Fatima Kumari Thapa",Birgunj,fatima.thapa@live.com
"Avantika Kumar Shrestha",Butwal,avantika.shrestha@hotmail.com
"Laxmi  Khan",Nepalgunj,laxmi.khan@live.com
"Ram Kaur Pandey",Biratnagar,ram.pandey@live.com
"Shreya Bahadur Rana",Pokhara,shreya.rana@hotmail.com
"Laxmi Devi Tamang",Kathmandu,laxmi.tamang@live.com
"Ram Gopal Pandey",Hetauda,ram.pandey@live.com
"Avantika Begum Pandey",Birgunj,avantika.pandey@gmail.com
"Ram  Tamang",Pokhara,ram.tamang@live.com
"Farukh  Tamang",Butwal,farukh.tamang@live.com
"Hari Bahadur Pandey",Kathmandu,hari.pandey@hotmail.com
"Laxman Begum Iyer",Butwal,laxman.iyer@live.com
"Hari Ali Sharma",Butwal,hari.sharma@live.com
"Akanshya  Bhattarai",Birgunj,akanshya.bhattarai@live.com
"Laxmi  Shrestha",Kathmandu,laxmi.shrestha@gmail.com
"Akanshya Bahadur Tamang",Lalitpur,akanshya.tamang@gmail.com
"Laxman Kumari Iyer",Bhaktapur,laxman.iyer@hotmail.com
"Akanshya  Pandey",Birgunj,akanshya.pandey@live.com
"Avantika  Shrestha",Nepalgunj,avantika.shrestha@gmail.com
"Avantika Rani Pandey",Biratnagar,avantika.pandey@hotmail.com
"Laxman  Rai",Kathmandu,laxman.rai@live.com
"Laxmi  Tamang",Kathmandu,laxmi.tamang@live.com
"Fatima  Gurung",Hetauda,fatima.gurung@gmail.com
"Laxmi  Gurung",Hetauda,laxmi.gurung@gmail.com
"Laxmi  Gurung",Birgunj,laxmi.gurung@hotmail.com
"Avantika  Rana",Dharan,avantika.rana@hotmail.com
"Hari  Pandey",Biratnagar,hari.pandey@gmail.com
"Venu  Tamang",Hetauda,venu.tamang@gmail.com
"Avantika Bahadur Bhattarai",Butwal,avantika.bhattarai@hotmail.com
"Laxmi Gopal Bhattarai",Hetauda,laxmi.bhattarai@live.com
"Shreya Prasad Shrestha",Butwal,shreya.shrestha@hotmail.com
"Laxmi  Iyer",Hetauda,laxmi.iyer@live.com
"Venu Begum Shrestha",Nepalgunj,venu.shrestha@live.com
"Akanshya  Gurung",Biratnagar,akanshya.gurung@live.com
"Fatima  Khan",Hetauda,fatima.khan@hotmail.com
"Laxman  Gurung",Dharan,laxman.gurung@hotmail.com
"Akanshya Rani Rai",Kathmandu,akanshya.rai@gmail.com
"Fatima Ali Thapa",Pokhara,fatima.thapa@gmail.com
"Venu  Pandey",Dharan,venu.pandey@hotmail.com
"Laxman Devi Rai",Nepalgunj,laxman.rai@hotmail.com
"Ram  Pandey",Butwal,ram.pandey@hotmail.com
"Hari  Rana",Nepalgunj,hari.rana@live.com
"Venu Bahadur Iyer",Nepalgunj,venu.iyer@hotmail.com
"Laxmi  Sharma",Bhaktapur,laxmi.sharma@gmail.com
"Fatima  Gurung",Hetauda,fatima.gurung@hotmail.com
"Venu  Shrestha",Lalitpur,venu.shrestha@gmail.com
"Laxman Begum Rana",Hetauda,laxman.rana@gmail.com
"Fatima  Rai",Birgunj,fatima.rai@live.com
"Laxmi  Gurung",Hetauda,laxmi.gurung@gmail.com
"Shreya  Thapa",Bhaktapur,shreya.thapa@hotmail.com
"Laxman  Bhattarai",Pokhara,laxman.bhattarai@hotmail.com
"Venu Kumari Rana",Pokhara,venu.rana@gmail.com
"Farukh  Gurung",Dharan,farukh.gurung@live.com
"Fatima Kaur Khan",Pokhara,fatima.khan@gmail.com
"Shreya  Gurung",Kathmandu,shreya.gurung@live.com
"Fatima Kaur Thapa",Bhaktapur,fatima.thapa@hotmail.com
"Laxman  Pandey",Lalitpur,laxman.pandey@hotmail.com
"Avantika Bahadur Rai",Hetauda,avantika.rai@gmail.com
"Laxman Kaur Rai",Birgunj,laxman.rai@gmail.com
"Ram  Rai",Birgunj,ram.rai@hotmail.com
"Farukh Devi Tamang",Birgunj,farukh.tamang@live.com
"Akanshya  Iyer",Bhaktapur,akanshya.iyer@hotmail.com
"Laxmi  Rana",Kathmandu,laxmi.rana@live.com
"Laxmi  Khan",Hetauda,laxmi.khan@gmail.com
"Venu  Rana",Pokhara,venu.rana@gmail.com
"Akanshya  Thapa",Biratnagar,akanshya.thapa@gmail.com
"Ram  Sharma",Biratnagar,ram.sharma@hotmail.com
"Akanshya  Rai",Bhaktapur,akanshya.rai@gmail.com
"Avantika  Gurung",Pokhara,avantika.gurung@hotmail.com
"Avantika Devi Thapa",Nepalgunj,avantika.thapa@hotmail.com
"Shreya Kumar Gurung",Butwal,shreya.gurung@hotmail.com
"Shreya Devi Pandey",Kathmandu,shreya.pandey@gmail.com
"Laxman  Bhattarai",Bhaktapur,laxman.bhattarai@hotmail.com
"Farukh Kaur Rai",Pokhara,farukh.rai@live.com
"Farukh Rani Rai",Butwal,farukh.rai@gmail.com
"Laxman Kumari Rai",Butwal,laxman.rai@gmail.com
"Laxman  Thapa",Pokhara,laxman.thapa@hotmail.com
"Shreya  Rai",Hetauda,shreya.rai@hotmail.com
"Akanshya Kaur Rai",Birgunj,akanshya.rai@live.com
"Fatima Devi Tamang",Biratnagar,fatima.tamang@live.com
"Hari  Iyer",Kathmandu,hari.iyer@hotmail.com
"Akanshya Ali Iyer",Lalitpur,akanshya.iyer@live.com
"Venu Prasad Tamang",Birgunj,venu.tamang@live.com
"Laxmi Kumar Shrestha",Birgunj,laxmi.shrestha@hotmail.com
"Shreya  Khan",Hetauda,shreya.khan@hotmail.com
"Laxmi  Rai",Biratnagar,laxmi.rai@gmail.com
"Laxman Bahadur Sharma",Biratnagar,laxman.sharma@live.com
"Avantika Kaur Thapa",Bhaktapur,avantika.thapa@gmail.com
"Laxmi  Iyer",Butwal,laxmi.iyer@hotmail.com
"Akanshya  Bhattarai",Lalitpur,akanshya.bhattarai@live.com
"Hari Rani Gurung",Bhaktapur,hari.gurung@hotmail.com
"Farukh Rani Pandey",Kathmandu,farukh.pandey@gmail.com
"Venu  Bhattarai",Butwal,venu.bhattarai@gmail.com
"Venu Bahadur Rana",Biratnagar,venu.rana@live.com
"Farukh Kumari Khan",Pokhara,farukh.khan@hotmail.com
"Farukh Bahadur Thapa",Birgunj,farukh.thapa@gmail.com
"Venu Begum Khan",Kathmandu,venu.khan@gmail.com
"Laxmi Kaur Gurung",Nepalgunj,laxmi.gurung@live.com
"Ram Kaur Pandey",Pokhara,ram.pandey@live.com
"Farukh  Sharma",Birgunj,farukh.sharma@gmail.com
"Akanshya Kumar Rai",Birgunj,akanshya.rai@live.com
"Shreya Kumari Tamang",Lalitpur,shreya.tamang@gmail.com
"Laxman Kumari Gurung",Kathmandu,laxman.gurung@gmail.com
"Avantika  Rana",Hetauda,avantika.rana@gmail.com
"Avantika  Bhattarai",Butwal,avantika.bhattarai@live.com
"Venu Begum Khan",Lalitpur,venu.khan@hotmail.com
"Laxmi  Thapa",Birgunj,laxmi.thapa@hotmail.com
"Laxman Prasad Sharma",Bhaktapur,laxman.sharma@gmail.com
"Shreya Prasad Rai",Lalitpur,shreya.rai@live.com
"Laxman  Rai",Lalitpur,laxman.rai@live.com
"Fatima Bahadur Tamang",Kathmandu,fatima.tamang@hotmail.com
"Akanshya  Sharma",Birgunj,akanshya.sharma@gmail.com
"Hari  Gurung",Birgunj,hari.gurung@gmail.com
"Avantika  Pandey",Lalitpur,avantika.pandey@hotmail.com
"Avantika Ali Bhattarai",Nepalgunj,avantika.bhattarai@live.com
"Farukh Rani Thapa",Birgunj,farukh.thapa@hotmail.com
"Avantika Kumar Gurung",Lalitpur,avantika.gurung@hotmail.com
"Fatima Kumari Rai",Kathmandu,fatima.rai@hotmail.com
"Laxmi Ali Shrestha",Nepalgunj,laxmi.shrestha@hotmail.com
"Fatima Kumar Rana",Lalitpur,fatima.rana@live.com
"Venu Kumari Shrestha",Pokhara,venu.shrestha@gmail.com
"Farukh Kumar Tamang",Butwal,farukh.tamang@hotmail.com
"Ram Bahadur Gurung",Hetauda,ram.gurung@live.com
"Shreya  Sharma",Nepalgunj,shreya.sharma@gmail.com
"Hari Devi Shrestha",Biratnagar,hari.shrestha@live.com
"Akanshya Kumar Khan",Hetauda,akanshya.khan@live.com
"Laxmi Kumar Gurung",Bhaktapur,laxmi.gurung@live.com
"Hari Kaur Khan",Nepalgunj,hari.khan@hotmail.com
"Laxmi Bahadur Khan",Dharan,laxmi.khan@live.com
"Laxman Rani Sharma",Birgunj,laxman.sharma@hotmail.com
"Laxmi Kaur Rana",Kathmandu,laxmi.rana@gmail.com
"Fatima  Bhattarai",Birgunj,fatima.bhattarai@live.com
"Fatima  Rai",Kathmandu,fatima.rai@gmail.com
"Akanshya  Pandey",Hetauda,akanshya.pandey@gmail.com
"Farukh Kumar Iyer",Pokhara,farukh.iyer@live.com
"Fatima Devi Pandey",Nepalgunj,fatima.pandey@hotmail.com
"Ram Ali Iyer",Butwal,ram.iyer@live.com
"Akanshya Kumar Gurung",Bhaktapur,akanshya.gurung@live.com
"Hari Kumar Tamang",Bhaktapur,hari.tamang@live.com
"Ram  Gurung",Nepalgunj,ram.gurung@hotmail.com
"Venu  Rana",Bhaktapur,venu.rana@gmail.com
"Avantika  Gurung",Kathmandu,avantika.gurung@hotmail.com
"Avantika  Iyer",Birgunj,avantika.iyer@hotmail.com
"Avantika Bahadur Thapa",Nepalgunj,avantika.thapa@live.com
"Ram Begum Khan",Nepalgunj,ram.khan@gmail.com
"Shreya Gopal Tamang",Bhaktapur,shreya.tamang@live.com
"Laxmi Kumar Thapa",Lalitpur,laxmi.thapa@hotmail.com
"Laxmi Begum Bhattarai",Bhaktapur,laxmi.bhattarai@live.com
"Ram Ali Khan",Nepalgunj,ram.khan@gmail.com
"Shreya Devi Bhattarai",Pokhara,shreya.bhattarai@gmail.com
"Laxmi  Thapa",Birgunj,laxmi.thapa@gmail.com
"Laxman  Bhattarai",Pokhara,laxman.bhattarai@hotmail.com
"Ram  Sharma",Dharan,ram.sharma@live.com
"Laxman Kumari Rana",Butwal,laxman.rana@hotmail.com
"Akanshya Kaur Khan",Butwal,akanshya.khan@live.com
"Hari  Gurung",Birgunj,hari.gurung@hotmail.com
"Shreya Kaur Shrestha",Bhaktapur,shreya.shrestha@gmail.com
"Shreya Kumari Rana",Biratnagar,shreya.rana@hotmail.com
"Hari  Sharma",Kathmandu,hari.sharma@hotmail.com
"Hari Kumari Pandey",Butwal,hari.pandey@live.com
"Avantika Prasad Shrestha",Kathmandu,avantika.shrestha@live.com
"Venu Rani Sharma",Lalitpur,venu.sharma@hotmail.com
"Fatima Rani Rana",Nepalgunj,fatima.rana@live.com
"Farukh  Rana",Birgunj,farukh.rana@gmail.com
"Laxmi Ali Gurung",Dharan,laxmi.gurung@gmail.com
"Shreya  Tamang",Bhaktapur,shreya.tamang@live.com
"Akanshya Gopal Bhattarai",Lalitpur,akanshya.bhattarai@live.com
"Shreya  Gurung",Lalitpur,shreya.gurung@gmail.com
"Venu  Bhattarai",Butwal,venu.bhattarai@hotmail.com
"Avantika  Khan",Kathmandu,avantika.khan@live.com
"Hari Kaur Rai",Biratnagar,hari.rai@gmail.com
"Hari Gopal Shrestha",Lalitpur,hari.shrestha@gmail.com
"Fatima Gopal Bhattarai",Kathmandu,fatima.bhattarai@gmail.com
"Akanshya  Rana",Dharan,akanshya.rana@live.com
"Laxmi Rani Rana",Bhaktapur,laxmi.rana@gmail.com
"Avantika  Bhattarai",Pokhara,avantika.bhattarai@gmail.com
"Shreya Ali Shrestha",Dharan,shreya.shrestha@live.com
"Laxmi Devi Rai",Hetauda,laxmi.rai@hotmail.com
"Farukh Bahadur Tamang",Bhaktapur,farukh.tamang@live.com
"Hari Kaur Iyer",Birgunj,hari.iyer@hotmail.com
"Shreya  Rai",Hetauda,shreya.rai@live.com
"Fatima Prasad Khan",Bhaktapur,fatima.khan@hotmail.com
"Venu  Khan",Lalitpur,venu.khan@live.com
"Akanshya Ali Tamang",Bhaktapur,akanshya.tamang@gmail.com
"Hari Rani Iyer",Pokhara,hari.iyer@hotmail.com
"Ram Gopal Pandey",Birgunj,ram.pandey@live.com
"Hari Devi Pandey",Bhaktapur,hari.pandey@hotmail.com
"Avantika Bahadur Tamang",Lalitpur,avantika.tamang@hotmail.com
"Shreya  Gurung",Hetauda,shreya.gurung@gmail.com
"Venu  Iyer",Lalitpur,venu.iyer@live.com
"Akanshya Kumari Pandey",Bhaktapur,akanshya.pandey@live.com
"Shreya  Rana",Bhaktapur,shreya.rana@gmail.com
"Laxman  Khan",Birgunj,laxman.khan@hotmail.com
"Venu  Pandey",Lalitpur,venu.pandey@hotmail.com
"Venu  Rai",Kathmandu,venu.rai@gmail.com
"Farukh  Iyer",Biratnagar,farukh.iyer@hotmail.com
"Fatima  Tamang",Kathmandu,fatima.tamang@gmail.com
"Ram Rani Tamang",Hetauda,ram.tamang@live.com
"Hari Gopal Gurung",Kathmandu,hari.gurung@gmail.com
"Shreya  Bhattarai",Pokhara,shreya.bhattarai@hotmail.com
"Fatima Begum Khan",Lalitpur,fatima.khan@gmail.com
"Laxmi Ali Sharma",Biratnagar,laxmi.sharma@gmail.com
"Laxmi Devi Khan",Butwal,laxmi.khan@hotmail.com
"Ram Ali Thapa",Pokhara,ram.thapa@hotmail.com
"Farukh Kaur Sharma",Butwal,farukh.sharma@gmail.com
"Akanshya Gopal Rai",Pokhara,akanshya.rai@live.com
"Shreya  Sharma",Biratnagar,shreya.sharma@hotmail.com
"Farukh  Tamang",Pokhara,farukh.tamang@gmail.com
"Ram Prasad Iyer",Pokhara,ram.iyer@gmail.com
"Akanshya Begum Rai",Birgunj,akanshya.rai@gmail.com
"Hari Begum Pandey",Dharan,hari.pandey@gmail.com
"Laxman  Rana",Kathmandu,laxman.rana@hotmail.com
"Ram  Khan",Pokhara,ram.khan@gmail.com
"Fatima Kumari Rana",Butwal,fatima.rana@hotmail.com
"Avantika  Thapa",Birgunj,avantika.thapa@hotmail.com
"Ram Gopal Rai",Biratnagar,ram.rai@hotmail.com
"Hari  Khan",Lalitpur,hari.khan@live.com
"Ram  Thapa",Dharan,ram.thapa@live.com
"Laxman  Khan",Dharan,laxman.khan@live.com
"Farukh Kumari Pandey",Lalitpur,farukh.pandey@gmail.com
"Ram  Gurung",Lalitpur,ram.gurung@hotmail.com
"Farukh Rani Sharma",Nepalgunj,farukh.sharma@live.com
"Fatima Devi Shrestha",Nepalgunj,fatima.shrestha@gmail.com
"Avantika  Pandey",Bhaktapur,avantika.pandey@hotmail.com
"Venu  Tamang",Lalitpur,venu.tamang@gmail.com
"Venu Kaur Rai",Birgunj,venu.rai@gmail.com
"Hari Kumar Gurung",Butwal,hari.gurung@hotmail.com
"Laxman  Iyer",Bhaktapur,laxman.iyer@live.com
"Akanshya  Rai",Biratnagar,akanshya.rai@hotmail.com
"Akanshya Rani Gurung",Lalitpur,akanshya.gurung@gmail.com
"Farukh  Iyer",Nepalgunj,farukh.iyer@gmail.com
"Venu  Shrestha",Butwal,venu.shrestha@gmail.com
"Hari  Gurung",Bhaktapur,hari.gurung@gmail.com
"Farukh Kaur Bhattarai",Butwal,farukh.bhattarai@hotmail.com
"Avantika  Bhattarai",Birgunj,avantika.bhattarai@hotmail.com
"Laxman  Sharma",Butwal,laxman.sharma@live.com
"Ram Kaur Khan",Hetauda,ram.khan@hotmail.com
"Shreya Gopal Bhattarai",Nepalgunj,shreya.bhattarai@live.com
"Ram  Tamang",Nepalgunj,ram.tamang@live.com
"Ram Kaur Thapa",Birgunj,ram.thapa@live.com
"Venu  Shrestha",Birgunj,venu.shrestha@live.com
"Laxmi Kumari Khan",Nepalgunj,laxmi.khan@gmail.com
"Laxmi  Gurung",Kathmandu,laxmi.gurung@hotmail.com
"Ram  Bhattarai",Pokhara,ram.bhattarai@gmail.com
"Avantika  Bhattarai",Nepalgunj,avantika.bhattarai@live.com
"Venu Rani Khan",Birgunj,venu.khan@live.com
"Fatima  Shrestha",Birgunj,fatima.shrestha@live.com
"Hari Kumari Gurung",Kathmandu,hari.gurung@live.com
"Ram Devi Khan",Dharan,ram.khan@gmail.com
"Venu  Shrestha",Bhaktapur,venu.shrestha@hotmail.com
"Shreya  Shrestha",Biratnagar,shreya.shrestha@live.com
"Laxmi Gopal Bhattarai",Lalitpur,laxmi.bhattarai@hotmail.com
"Laxmi  Gurung",Bhaktapur,laxmi.gurung@hotmail.com
"Fatima  Shrestha",Bhaktapur,fatima.shrestha@hotmail.com
"Avantika  Gurung",Bhaktapur,avantika.gurung@hotmail.com
"Farukh Ali Iyer",Kathmandu,farukh.iyer@gmail.com
"Laxman  Khan",Birgunj,laxman.khan@gmail.com
"Laxmi Gopal Sharma",Hetauda,laxmi.sharma@live.com
"Laxmi  Gurung",Butwal,laxmi.gurung@hotmail.com
"Hari Kumari Sharma",Lalitpur,hari.sharma@gmail.com
"Hari Gopal Khan",Birgunj,hari.khan@hotmail.com
"Venu Rani Thapa",Birgunj,venu.thapa@live.com
"Farukh Ali Khan",Pokhara,farukh.khan@hotmail.com
"Avantika  Shrestha",Biratnagar,avantika.shrestha@hotmail.com
"Hari Kumari Rai",Lalitpur,hari.rai@hotmail.com
"Farukh Prasad Shrestha",Biratnagar,farukh.shrestha@hotmail.com
"Avantika  Tamang",Birgunj,avantika.tamang@live.com
"Fatima  Pandey",Lalitpur,fatima.pandey@gmail.com
"Laxmi Rani Iyer",Lalitpur,laxmi.iyer@hotmail.com
"Farukh  Pandey",Nepalgunj,farukh.pandey@hotmail.com
"Laxman  Rai",Nepalgunj,laxman.rai@live.com
"Fatima Bahadur Sharma",Pokhara,fatima.sharma@hotmail.com
"Fatima Kaur Bhattarai",Pokhara,fatima.bhattarai@hotmail.com
"Avantika  Bhattarai",Butwal,avantika.bhattarai@live.com
"Farukh  Rai",Hetauda,farukh.rai@live.com
"Ram  Rana",Dharan,ram.rana@hotmail.com
"Farukh Kaur Rai",Dharan,farukh.rai@gmail.com
"Avantika  Gurung",Biratnagar,avantika.gurung@hotmail.com
"Avantika Kumar Gurung",Kathmandu,avantika.gurung@hotmail.com
"Farukh Prasad Bhattarai",Bhaktapur,farukh.bhattarai@gmail.com
"Fatima  Gurung",Butwal,fatima.gurung@hotmail.com
"Venu Kumar Bhattarai",Hetauda,venu.bhattarai@live.com
"Akanshya Bahadur Rai",Hetauda,akanshya.rai@live.com
"Avantika  Pandey",Biratnagar,avantika.pandey@live.com
"Laxmi Gopal Khan",Nepalgunj,laxmi.khan@gmail.com
"Akanshya Kaur Thapa",Biratnagar,akanshya.thapa@live.com
"Laxmi  Pandey",Kathmandu,laxmi.pandey@hotmail.com
"Shreya  Rai",Butwal,shreya.rai@live.com
"Hari  Rai",Lalitpur,hari.rai@live.com
"Avantika  Rai",Bhaktapur,avantika.rai@gmail.com
"Ram Kumar Iyer",Hetauda,ram.iyer@hotmail.com
"Laxman  Thapa",Hetauda,laxman.thapa@live.com
"Hari Devi Gurung",Pokhara,hari.gurung@hotmail.com
"Akanshya  Shrestha",Butwal,akanshya.shrestha@live.com
"Akanshya  Rai",Bhaktapur,akanshya.rai@hotmail.com
"Farukh  Iyer",Dharan,farukh.iyer@hotmail.com
"Akanshya  Rana",Biratnagar,akanshya.rana@gmail.com
"Ram Kaur Gurung",Kathmandu,ram.gurung@live.com
"Venu Kaur Khan",Dharan,venu.khan@hotmail.com
"Venu  Rai",Lalitpur,venu.rai@gmail.com
"Fatima Ali Rai",Kathmandu,fatima.rai@live.com
"Venu  Shrestha",Bhaktapur,venu.shrestha@gmail.com
"Avantika  Shrestha",Hetauda,avantika.shrestha@live.com
"Avantika Rani Iyer",Nepalgunj,avantika.iyer@hotmail.com
"Ram Kumari Bhattarai",Pokhara,ram.bhattarai@live.com
"Laxmi Prasad Iyer",Dharan,laxmi.iyer@hotmail.com
"Shreya  Pandey",Bhaktapur,shreya.pandey@hotmail.com
"Fatima  Gurung",Lalitpur,fatima.gurung@gmail.com
"Laxmi Ali Bhattarai",Pokhara,laxmi.bhattarai@live.com
"Laxman Begum Gurung",Dharan,laxman.gurung@gmail.com
"Hari Gopal Iyer",Dharan,hari.iyer@hotmail.com
"Ram Bahadur Khan",Lalitpur,ram.khan@gmail.com
"Venu  Pandey",Dharan,venu.pandey@live.com
"Avantika  Sharma",Butwal,avantika.sharma@gmail.com
"Avantika Bahadur Pandey",Bhaktapur,avantika.pandey@gmail.com
"Laxman  Shrestha",Pokhara,laxman.shrestha@gmail.com
"Ram Devi Tamang",Birgunj,ram.tamang@hotmail.com
"Hari Devi Tamang",Birgunj,hari.tamang@gmail.com
"Hari Ali Pandey",Kathmandu,hari.pandey@gmail.com
"Farukh  Tamang",Bhaktapur,farukh.tamang@gmail.com
"Shreya Kaur Iyer",Dharan,shreya.iyer@hotmail.com
"Laxmi Ali Iyer",Lalitpur,laxmi.iyer@live.com
"Akanshya  Gurung",Butwal,akanshya.gurung@hotmail.com
"Laxmi  Iyer",Dharan,laxmi.iyer@hotmail.com
"Hari  Gurung",Kathmandu,hari.gurung@live.com
"Avantika Ali Thapa",Dharan,avantika.thapa@gmail.com
"Hari  Sharma",Hetauda,hari.sharma@gmail.com
"Avantika Kaur Rai",Biratnagar,avantika.rai@hotmail.com
"Avantika  Thapa",Nepalgunj,avantika.thapa@live.com
"Akanshya  Rana",Hetauda,akanshya.rana@live.com
"Shreya Bahadur Khan",Nepalgunj,shreya.khan@gmail.com
"Shreya  Iyer",Pokhara,shreya.iyer@hotmail.com
"Avantika Devi Pandey",Pokhara,avantika.pandey@gmail.com
"Venu Rani Pandey",Hetauda,venu.pandey@gmail.com
"Venu Rani Khan",Dharan,venu.khan@hotmail.com
"Shreya  Bhattarai",Bhaktapur,shreya.bhattarai@hotmail.com
"Laxman Kaur Pandey",Dharan,laxman.pandey@hotmail.com
"Farukh  Pandey",Nepalgunj,farukh.pandey@live.com
"Laxman  Rana",Hetauda,laxman.rana@live.com
"Fatima Gopal Tamang",Bhaktapur,fatima.tamang@live.com
"Laxmi  Rai",Nepalgunj,laxmi.rai@hotmail.com
"Farukh  Thapa",Bhaktapur,farukh.thapa@gmail.com
"Ram  Khan",Dharan,ram.khan@gmail.com
"Avantika Devi Iyer",Hetauda,avantika.iyer@hotmail.com
"Farukh  Khan",Pokhara,farukh.khan@gmail.com
"Venu  Rana",Butwal,venu.rana@live.com
"Ram Kumari Bhattarai",Biratnagar,ram.bhattarai@gmail.com
"Venu Begum Pandey",Birgunj,venu.pandey@gmail.com
"Shreya Ali Iyer",Lalitpur,shreya.iyer@live.com
"Fatima  Khan",Butwal,fatima.khan@hotmail.com
"Avantika Gopal Pandey",Butwal,avantika.pandey@live.com
"Venu Bahadur Iyer",Pokhara,venu.iyer@hotmail.com
"Farukh  Gurung",Dharan,farukh.gurung@gmail.com
"Farukh Kaur Rana",Lalitpur,farukh.rana@hotmail.com
"Avantika Rani Rai",Pokhara,avantika.rai@hotmail.com
"Laxman  Sharma",Lalitpur,laxman.sharma@gmail.com
"Laxmi  Tamang",Dharan,laxmi.tamang@hotmail.com
"Hari Prasad Iyer",Pokhara,hari.iyer@gmail.com
"Ram Devi Sharma",Bhaktapur,ram.sharma@gmail.com
"Akanshya  Tamang",Pokhara,akanshya.tamang@gmail.com
"Laxman  Tamang",Dharan,laxman.tamang@gmail.com
"Shreya Begum Bhattarai",Bhaktapur,shreya.bhattarai@gmail.com
"Akanshya  Pandey",Kathmandu,akanshya.pandey@hotmail.com
"Laxmi  Gurung",Pokhara,laxmi.gurung@live.com
"Avantika Prasad Tamang",Hetauda,avantika.tamang@live.com
"Farukh Prasad Tamang",Lalitpur,farukh.tamang@live.com
"Laxmi  Bhattarai",Hetauda,laxmi.bhattarai@hotmail.com
"Laxmi Rani Khan",Hetauda,laxmi.khan@live.com
"Laxman Begum Rana",Nepalgunj,laxman.rana@gmail.com
"Fatima  Rai",Dharan,fatima.rai@gmail.com
"Avantika  Iyer",Nepalgunj,avantika.iyer@hotmail.com
"Avantika  Pandey",Biratnagar,avantika.pandey@live.com
"Laxman Ali Shrestha",Dharan,laxman.shrestha@live.com
"Fatima  Pandey",Dharan,fatima.pandey@live.com
"Shreya  Rai",Biratnagar,shreya.rai@hotmail.com
"Fatima  Gurung",Lalitpur,fatima.gurung@hotmail.com
"Akanshya  Tamang",Pokhara,akanshya.tamang@hotmail.com
"Ram Ali Pandey",Hetauda,ram.pandey@hotmail.com
"Venu Ali Rana",Birgunj,venu.rana@gmail.com
"Laxmi  Iyer",Dharan,laxmi.iyer@hotmail.com
"Avantika  Rai",Kathmandu,avantika.rai@gmail.com
"Shreya Bahadur Bhattarai",Biratnagar,shreya.bhattarai@hotmail.com
"Fatima Gopal Tamang",Bhaktapur,fatima.tamang@hotmail.com
"Venu  Iyer",Pokhara,venu.iyer@hotmail.com
"Akanshya  Gurung",Birgunj,akanshya.gurung@live.com
"Hari Kumari Tamang",Butwal,hari.tamang@hotmail.com
"Shreya  Sharma",Dharan,shreya.sharma@live.com
"Ram Kumari Pandey",Biratnagar,ram.pandey@live.com
"Venu  Pandey",Biratnagar,venu.pandey@live.com
"Farukh Ali Bhattarai",Birgunj,farukh.bhattarai@live.com
"Laxmi  Tamang",Butwal,laxmi.tamang@hotmail.com
"Farukh  Iyer",Hetauda,farukh.iyer@gmail.com
"Avantika  Bhattarai",Birgunj,avantika.bhattarai@hotmail.com
"Farukh  Shrestha",Pokhara,farukh.shrestha@live.com
"Laxman Begum Thapa",Pokhara,laxman.thapa@live.com
"Shreya  Rana",Butwal,shreya.rana@hotmail.com
"Fatima Kumar Tamang",Bhaktapur,fatima.tamang@gmail.com
"Ram Devi Thapa",Hetauda,ram.thapa@gmail.com
"Ram  Sharma",Hetauda,ram.sharma@gmail.com
"Venu Kumari Tamang",Nepalgunj,venu.tamang@live.com
"Farukh  Khan",Dharan,farukh.khan@gmail.com
"Laxman  Rai",Birgunj,laxman.rai@live.com
"Avantika  Sharma",Dharan,avantika.sharma@gmail.com
"Ram  Thapa",Hetauda,ram.thapa@gmail.com
"Farukh Prasad Pandey",Birgunj,farukh.pandey@gmail.com
"Avantika  Bhattarai",Birgunj,avantika.bhattarai@live.com
"Ram Devi Sharma",Bhaktapur,ram.sharma@hotmail.com
"Farukh Begum Pandey",Nepalgunj,farukh.pandey@live.com
"Ram  Bhattarai",Biratnagar,ram.bhattarai@live.com
"Laxman  Bhattarai",Biratnagar,laxman.bhattarai@live.com
"Hari  Sharma",Biratnagar,hari.sharma@gmail.com
"Fatima Kumari Sharma",Lalitpur,fatima.sharma@gmail.com
"Akanshya  Iyer",Bhaktapur,akanshya.iyer@live.com
"Farukh  Gurung",Birgunj,farukh.gurung@hotmail.com
"Akanshya  Pandey",Hetauda,akanshya.pandey@hotmail.com
"Fatima  Rai",Nepalgunj,fatima.rai@live.com
"Hari Devi Shrestha",Hetauda,hari.shrestha@hotmail.com
"Laxmi Kumari Thapa",Nepalgunj,laxmi.thapa@live.com
"Laxman Bahadur Rana",Pokhara,laxman.rana@gmail.com
"Farukh  Thapa",Nepalgunj,farukh.thapa@hotmail.com
"Laxman Bahadur Pandey",Hetauda,laxman.pandey@live.com
"Hari  Khan",Butwal,hari.khan@gmail.com
"Shreya Begum Iyer",Birgunj,shreya.iyer@live.com
"Hari  Pandey",Birgunj,hari.pandey@gmail.com
"Shreya  Khan",Birgunj,shreya.khan@live.com
"Avantika  Khan",Pokhara,avantika.khan@live.com
"Fatima  Shrestha",Birgunj,fatima.shrestha@gmail.com
"Avantika Devi Pandey",Kathmandu,avantika.pandey@hotmail.com
"Venu Devi Shrestha",Pokhara,venu.shrestha@hotmail.com
"Avantika Ali Iyer",Dharan,avantika.iyer@live.com
"Farukh  Tamang",Butwal,farukh.tamang@hotmail.com
"Ram Devi Khan",Lalitpur,ram.khan@hotmail.com
"Farukh  Iyer",Pokhara,farukh.iyer@live.com
"Venu Prasad Gurung",Hetauda,venu.gurung@live.com
"Laxmi  Sharma",Biratnagar,laxmi.sharma@gmail.com
"Ram  Gurung",Bhaktapur,ram.gurung@live.com
"Hari Kumar Bhattarai",Butwal,hari.bhattarai@hotmail.com
"Laxman  Bhattarai",Birgunj,laxman.bhattarai@gmail.com
"Farukh Kaur Shrestha",Kathmandu,farukh.shrestha@gmail.com
"Laxman  Tamang",Bhaktapur,laxman.tamang@live.com
"Ram Kumari Rai",Nepalgunj,ram.rai@gmail.com
"Laxmi Gopal Rana",Pokhara,laxmi.rana@hotmail.com
"Akanshya  Sharma",Lalitpur,akanshya.sharma@live.com
"Fatima  Rai",Butwal,fatima.rai@live.com
"Akanshya  Tamang",Kathmandu,akanshya.tamang@hotmail.com
"Laxmi  Thapa",Bhaktapur,laxmi.thapa@gmail.com
"Laxmi Ali Sharma",Kathmandu,laxmi.sharma@gmail.com
"Fatima Kumar Bhattarai",Birgunj,fatima.bhattarai@hotmail.com
"Farukh Prasad Khan",Lalitpur,farukh.khan@gmail.com
"Akanshya  Bhattarai",Nepalgunj,akanshya.bhattarai@live.com
"Ram  Rai",Biratnagar,ram.rai@gmail.com
"Fatima Gopal Shrestha",Birgunj,fatima.shrestha@gmail.com
"Hari  Pandey",Kathmandu,hari.pandey@hotmail.com
"Hari Prasad Pandey",Biratnagar,hari.pandey@hotmail.com
"Venu  Bhattarai",Biratnagar,venu.bhattarai@hotmail.com
"Venu  Pandey",Hetauda,venu.pandey@live.com
"Farukh Kumar Shrestha",Pokhara,farukh.shrestha@gmail.com
"Fatima  Pandey",Lalitpur,fatima.pandey@gmail.com
"Hari Gopal Tamang",Hetauda,hari.tamang@gmail.com
"Hari Bahadur Gurung",Hetauda,hari.gurung@hotmail.com
"Laxman  Pandey",Lalitpur,laxman.pandey@live.com
"Hari  Rana",Kathmandu,hari.rana@gmail.com
"Farukh Ali Khan",Pokhara,farukh.khan@hotmail.com
"Fatima  Sharma",Dharan,fatima.sharma@live.com
"Akanshya Kumar Gurung",Nepalgunj,akanshya.gurung@live.com
"Fatima Gopal Pandey",Dharan,fatima.pandey@gmail.com
"Fatima Rani Pandey",Dharan,fatima.pandey@live.com
"Hari  Thapa",Lalitpur,hari.thapa@live.com
"Farukh Ali Pandey",Biratnagar,farukh.pandey@live.com
"Akanshya Kaur Shrestha",Birgunj,akanshya.shrestha@live.com
"Avantika Kumar Pandey",Birgunj,avantika.pandey@gmail.com
"Fatima  Bhattarai",Hetauda,fatima.bhattarai@live.com
"Hari  Khan",Nepalgunj,hari.khan@live.com
"Laxman  Tamang",Hetauda,laxman.tamang@gmail.com
"Ram Begum Shrestha",Dharan,ram.shrestha@live.com
"Avantika Kumari Khan",Nepalgunj,avantika.khan@live.com
"Hari  Iyer",Butwal,hari.iyer@gmail.com
"Shreya  Sharma",Hetauda,shreya.sharma@gmail.com
"Ram  Thapa",Kathmandu,ram.thapa@gmail.com
"Laxman Rani Tamang",Bhaktapur,laxman.tamang@hotmail.com
"Hari Devi Shrestha",Pokhara,hari.shrestha@live.com
"Fatima  Thapa",Biratnagar,fatima.thapa@live.com
"Laxman Kumari Rai",Dharan,laxman.rai@gmail.com
"Farukh  Sharma",Biratnagar,farukh.sharma@hotmail.com
"Avantika Bahadur Khan",Pokhara,avantika.khan@hotmail.com
"Laxman Ali Tamang",Biratnagar,laxman.tamang@live.com
"Ram Rani Bhattarai",Pokhara,ram.bhattarai@live.com
"Hari  Gurung",Bhaktapur,hari.gurung@live.com
"Fatima Kaur Iyer",Hetauda,fatima.iyer@hotmail.com
"Avantika  Thapa",Butwal,avantika.thapa@gmail.com
"Ram Bahadur Rai",Biratnagar,ram.rai@live.com
"Avantika  Pandey",Hetauda,avantika.pandey@gmail.com
"Laxman  Gurung",Kathmandu,laxman.gurung@gmail.com
"Avantika Begum Sharma",Birgunj,avantika.sharma@live.com
"Farukh  Gurung",Pokhara,farukh.gurung@hotmail.com
"Fatima  Rana",Pokhara,fatima.rana@gmail.com
"Avantika Gopal Bhattarai",Birgunj,avantika.bhattarai@hotmail.com
"Laxman Ali Rana",Dharan,laxman.rana@gmail.com
"Farukh Bahadur Gurung",Bhaktapur,farukh.gurung@live.com
"Shreya Kumari Rai",Hetauda,shreya.rai@hotmail.com
"Avantika Prasad Khan",Butwal,avantika.khan@gmail.com
"Laxman  Bhattarai",Biratnagar,laxman.bhattarai@live.com
"Fatima Begum Bhattarai",Lalitpur,fatima.bhattarai@hotmail.com
"Akanshya Kaur Shrestha",Dharan,akanshya.shrestha@live.com
"Avantika  Bhattarai",Lalitpur,avantika.bhattarai@gmail.com
"Fatima  Sharma",Bhaktapur,fatima.sharma@hotmail.com
"Laxman  Bhattarai",Pokhara,laxman.bhattarai@gmail.com
"Ram Ali Sharma",Kathmandu,ram.sharma@hotmail.com
"Akanshya Ali Iyer",Pokhara,akanshya.iyer@gmail.com
"Akanshya Kumari Bhattarai",Kathmandu,akanshya.bhattarai@gmail.com
"Farukh  Shrestha",Hetauda,farukh.shrestha@hotmail.com
"Laxmi Devi Thapa",Biratnagar,laxmi.thapa@hotmail.com
"Laxmi  Rai",Nepalgunj,laxmi.rai@hotmail.com
"Fatima  Iyer",Birgunj,fatima.iyer@live.com
"Fatima  Bhattarai",Birgunj,fatima.bhattarai@hotmail.com
"Laxman Rani Shrestha",Birgunj,laxman.shrestha@hotmail.com
"Shreya  Tamang",Dharan,shreya.tamang@hotmail.com
"Farukh  Bhattarai",Hetauda,farukh.bhattarai@gmail.com
"Fatima Kumar Thapa",Birgunj,fatima.thapa@gmail.com
"Venu  Bhattarai",Bhaktapur,venu.bhattarai@gmail.com
"Shreya  Thapa",Butwal,shreya.thapa@gmail.com
"Laxman  Shrestha",Pokhara,laxman.shrestha@hotmail.com
"Hari  Pandey",Birgunj,hari.pandey@live.com
"Laxman  Sharma",Lalitpur,laxman.sharma@gmail.com
"Laxman Ali Rana",Biratnagar,laxman.rana@gmail.com
"Ram Ali Gurung",Nepalgunj,ram.gurung@gmail.com
"Fatima  Tamang",Butwal,fatima.tamang@live.com
"Akanshya Bahadur Pandey",Hetauda,akanshya.pandey@hotmail.com
"Avantika  Rai",Butwal,avantika.rai@gmail.com
"Venu Devi Sharma",Birgunj,venu.sharma@hotmail.com
"Fatima Gopal Bhattarai",Biratnagar,fatima.bhattarai@live.com
"Laxmi Gopal Khan",Lalitpur,laxmi.khan@live.com
"Hari Ali Rana",Pokhara,hari.rana@live.com
"Laxmi Ali Pandey",Lalitpur,laxmi.pandey@gmail.com
"Akanshya Bahadur Sharma",Hetauda,akanshya.sharma@gmail.com
"Shreya  Pandey",Biratnagar,shreya.pandey@gmail.com
"Akanshya  Rai",Birgunj,akanshya.rai@live.com
"Akanshya Ali Iyer",Hetauda,akanshya.iyer@gmail.com
"Venu Devi Thapa",Bhaktapur,venu.thapa@hotmail.com
"Ram Devi Tamang",Pokhara,ram.tamang@gmail.com
"Shreya Ali Sharma",Birgunj,shreya.sharma@gmail.com
"Venu  Khan",Butwal,venu.khan@gmail.com
"Hari  Iyer",Kathmandu,hari.iyer@gmail.com
"Hari Kumari Pandey",Hetauda,hari.pandey@gmail.com
"Farukh  Khan",Nepalgunj,farukh.khan@hotmail.com
"Laxman  Shrestha",Lalitpur,laxman.shrestha@hotmail.com
"Venu Prasad Rana",Lalitpur,venu.rana@gmail.com
"Laxman Devi Shrestha",Lalitpur,laxman.shrestha@hotmail.com
"Avantika Prasad Pandey",Lalitpur,avantika.pandey@live.com
"Laxman Kumar Rana",Hetauda,laxman.rana@gmail.com
"Hari  Iyer",Nepalgunj,hari.iyer@live.com
"Shreya Kaur Gurung",Bhaktapur,shreya.gurung@gmail.com
"Akanshya Devi Rai",Hetauda,akanshya.rai@gmail.com
"Farukh Bahadur Gurung",Pokhara,farukh.gurung@live.com
"Shreya Ali Gurung",Pokhara,shreya.gurung@live.com
"Shreya  Pandey",Pokhara,shreya.pandey@gmail.com
"Ram Bahadur Rai",Birgunj,ram.rai@live.com
"Akanshya Gopal Khan",Hetauda,akanshya.khan@hotmail.com
"Akanshya  Rai",Bhaktapur,akanshya.rai@live.com
"Akanshya  Iyer",Lalitpur,akanshya.iyer@live.com
"Fatima  Rana",Biratnagar,fatima.rana@live.com
"Ram Kaur Gurung",Hetauda,ram.gurung@live.com
"Ram  Pandey",Dharan,ram.pandey@live.com
"Ram  Thapa",Bhaktapur,ram.thapa@hotmail.com
"Venu Begum Sharma",Birgunj,venu.sharma@hotmail.com
"Farukh Gopal Rai",Lalitpur,farukh.rai@gmail.com
"Venu  Khan",Kathmandu,venu.khan@live.com
"Venu  Thapa",Birgunj,venu.thapa@hotmail.com
"Akanshya Begum Khan",Pokhara,akanshya.khan@hotmail.com
"Fatima Rani Bhattarai",Biratnagar,fatima.bhattarai@live.com
"Laxman  Khan",Bhaktapur,laxman.khan@gmail.com
"Shreya Gopal Khan",Biratnagar,shreya.khan@live.com
"Fatima  Sharma",Dharan,fatima.sharma@gmail.com
"Laxman  Rai",Bhaktapur,laxman.rai@hotmail.com
"Ram  Gurung",Hetauda,ram.gurung@gmail.com
"Venu Devi Khan",Birgunj,venu.khan@live.com
"Ram  Rana",Bhaktapur,ram.rana@hotmail.com
"Laxmi  Rai",Hetauda,laxmi.rai@gmail.com
"Laxmi  Gurung",Kathmandu,laxmi.gurung@gmail.com
"Laxmi  Rai",Bhaktapur,laxmi.rai@live.com
"Hari  Gurung",Butwal,hari.gurung@hotmail.com
"Ram  Shrestha",Lalitpur,ram.shrestha@gmail.com
"Venu Ali Gurung",Biratnagar,venu.gurung@gmail.com
"Farukh Gopal Gurung",Nepalgunj,farukh.gurung@gmail.com
"Hari  Iyer",Butwal,hari.iyer@live.com
"Fatima  Thapa",Pokhara,fatima.thapa@live.com
"Shreya  Iyer",Butwal,shreya.iyer@gmail.com
"Shreya  Bhattarai",Dharan,shreya.bhattarai@hotmail.com
"Laxmi  Khan",Nepalgunj,laxmi.khan@live.com
"Ram  Thapa",Pokhara,ram.thapa@hotmail.com
"Venu  Iyer",Kathmandu,venu.iyer@hotmail.com
"Ram Prasad Pandey",Butwal,ram.pandey@hotmail.com
"Akanshya Devi Gurung",Dharan,akanshya.gurung@hotmail.com
"Venu  Iyer",Pokhara,venu.iyer@hotmail.com
"Laxman Bahadur Sharma",Nepalgunj,laxman.sharma@hotmail.com
"Shreya  Rai",Butwal,shreya.rai@gmail.com
"Farukh Kumari Rana",Butwal,farukh.rana@gmail.com
"Venu  Shrestha",Butwal,venu.shrestha@live.com
"Laxman Devi Thapa",Lalitpur,laxman.thapa@hotmail.com
"Ram  Pandey",Kathmandu,ram.pandey@live.com
"Laxman Kumar Rana",Butwal,laxman.rana@live.com
"Ram  Bhattarai",Bhaktapur,ram.bhattarai@live.com
"Hari  Bhattarai",Kathmandu,hari.bhattarai@live.com
"Hari  Iyer",Pokhara,hari.iyer@gmail.com
"Venu Kumari Tamang",Birgunj,venu.tamang@hotmail.com
"Farukh Kumar Tamang",Lalitpur,farukh.tamang@live.com
"Avantika  Bhattarai",Nepalgunj,avantika.bhattarai@gmail.com
"Hari Kaur Shrestha",Lalitpur,hari.shrestha@hotmail.com
"Venu  Thapa",Nepalgunj,venu.thapa@gmail.com
"Venu Bahadur Iyer",Biratnagar,venu.iyer@gmail.com
"Venu  Pandey",Kathmandu,venu.pandey@hotmail.com
"Hari  Rana",Dharan,hari.rana@gmail.com
"Venu Devi Tamang",Hetauda,venu.tamang@live.com
"Avantika  Rana",Kathmandu,avantika.rana@live.com
"Laxman  Iyer",Lalitpur,laxman.iyer@live.com
"Avantika  Iyer",Lalitpur,avantika.iyer@live.com
"Shreya Kumari Bhattarai",Birgunj,shreya.bhattarai@hotmail.com
"Farukh  Rana",Biratnagar,farukh.rana@live.com
"Akanshya  Gurung",Butwal,akanshya.gurung@hotmail.com
"Laxman  Iyer",Biratnagar,laxman.iyer@live.com
"Laxman Bahadur Sharma",Kathmandu,laxman.sharma@live.com
"Shreya  Bhattarai",Biratnagar,shreya.bhattarai@live.com
"Laxman  Pandey",Hetauda,laxman.pandey@gmail.com
"Hari  Bhattarai",Nepalgunj,hari.bhattarai@gmail.com
"Farukh Ali Gurung",Nepalgunj,farukh.gurung@gmail.com
"Farukh  Sharma",Hetauda,farukh.sharma@hotmail.com
"Ram  Gurung",Kathmandu,ram.gurung@gmail.com
"Shreya Gopal Bhattarai",Kathmandu,shreya.bhattarai@live.com
"Fatima Bahadur Sharma",Lalitpur,fatima.sharma@gmail.com
"Fatima  Pandey",Kathmandu,fatima.pandey@gmail.com
"Laxmi Devi Thapa",Kathmandu,laxmi.thapa@live.com
"Ram Prasad Bhattarai",Birgunj,ram.bhattarai@hotmail.com
"Laxman  Sharma",Nepalgunj,laxman.sharma@live.com
"Hari  Tamang",Pokhara,hari.tamang@live.com
"Akanshya  Gurung",Hetauda,akanshya.gurung@live.com
"Laxmi  Shrestha",Bhaktapur,laxmi.shrestha@hotmail.com
"Shreya Ali Sharma",Lalitpur,shreya.sharma@gmail.com
"Shreya  Rana",Pokhara,shreya.rana@hotmail.com
"Venu  Iyer",Birgunj,venu.iyer@gmail.com
"Akanshya  Gurung",Biratnagar,akanshya.gurung@live.com
"Laxman Kumar Thapa",Birgunj,laxman.thapa@hotmail.com
"Fatima Kumar Pandey",Biratnagar,fatima.pandey@gmail.com
"Hari  Iyer",Nepalgunj,hari.iyer@hotmail.com
"Hari  Iyer",Bhaktapur,hari.iyer@hotmail.com
"Fatima Kumari Gurung",Biratnagar,fatima.gurung@gmail.com
"Laxmi  Rai",Dharan,laxmi.rai@hotmail.com
"Laxman Begum Tamang",Hetauda,laxman.tamang@hotmail.com
"Avantika  Rana",Pokhara,avantika.rana@gmail.com
"Shreya Devi Rana",Pokhara,shreya.rana@live.com
"Laxmi Gopal Khan",Biratnagar,laxmi.khan@hotmail.com
"Avantika Ali Sharma",Pokhara,avantika.sharma@live.com
"Shreya Rani Pandey",Nepalgunj,shreya.pandey@gmail.com
"Avantika  Thapa",Dharan,avantika.thapa@hotmail.com
"Laxman Gopal Sharma",Bhaktapur,laxman.sharma@live.com
"Fatima Bahadur Sharma",Dharan,fatima.sharma@live.com
"Venu Ali Shrestha",Lalitpur,venu.shrestha@live.com
"Avantika Devi Thapa",Biratnagar,avantika.thapa@hotmail.com
"Hari  Gurung",Butwal,hari.gurung@gmail.com
"Laxman Prasad Thapa",Kathmandu,laxman.thapa@hotmail.com
"Hari Kumar Gurung",Nepalgunj,hari.gurung@live.com
"Shreya  Tamang",Hetauda,shreya.tamang@hotmail.com
"Farukh  Shrestha",Lalitpur,farukh.shrestha@hotmail.com
"Avantika Bahadur Rana",Pokhara,avantika.rana@live.com
"Venu Bahadur Gurung",Nepalgunj,venu.gurung@gmail.com
"Laxman Rani Pandey",Birgunj,laxman.pandey@hotmail.com
"Laxmi Devi Khan",Biratnagar,laxmi.khan@gmail.com
"Akanshya  Pandey",Biratnagar,akanshya.pandey@live.com
"Fatima Begum Shrestha",Nepalgunj,fatima.shrestha@hotmail.com
"Ram Prasad Iyer",Nepalgunj,ram.iyer@live.com
"Venu Kumar Shrestha",Butwal,venu.shrestha@hotmail.com
"Fatima Kumar Bhattarai",Kathmandu,fatima.bhattarai@hotmail.com
"Fatima  Khan",Hetauda,fatima.khan@gmail.com
"Hari  Sharma",Lalitpur,hari.sharma@hotmail.com
"Akanshya  Tamang",Bhaktapur,akanshya.tamang@live.com
"Avantika Ali Pandey",Biratnagar,avantika.pandey@gmail.com
"Fatima  Shrestha",Bhaktapur,fatima.shrestha@hotmail.com
"Laxmi  Tamang",Bhaktapur,laxmi.tamang@live.com
"Venu Prasad Pandey",Biratnagar,venu.pandey@hotmail.com
"Venu Kumar Shrestha",Bhaktapur,venu.shrestha@gmail.com
"Venu  Rai",Nepalgunj,venu.rai@gmail.com
"Venu Begum Rana",Kathmandu,venu.rana@hotmail.com
"Shreya  Sharma",Dharan,shreya.sharma@hotmail.com
"Laxmi Devi Sharma",Birgunj,laxmi.sharma@live.com
"Laxmi Bahadur Thapa",Lalitpur,laxmi.thapa@hotmail.com
"Laxmi Rani Gurung",Birgunj,laxmi.gurung@live.com
"Ram Gopal Iyer",Butwal,ram.iyer@live.com
"Hari  Shrestha",Bhaktapur,hari.shrestha@gmail.com
"Laxmi Begum Rana",Butwal,laxmi.rana@live.com
"Laxmi Prasad Rai",Dharan,laxmi.rai@live.com
"Farukh  Rana",Dharan,farukh.rana@live.com
"Shreya Kaur Tamang",Lalitpur,shreya.tamang@gmail.com
"Laxmi Begum Gurung",Biratnagar,laxmi.gurung@hotmail.com
"Hari  Rana",Butwal,hari.rana@live.com
"Laxman  Iyer",Nepalgunj,laxman.iyer@gmail.com
"Venu  Khan",Lalitpur,venu.khan@hotmail.com
"Fatima  Rana",Lalitpur,fatima.rana@hotmail.com
"Fatima Ali Tamang",Pokhara,fatima.tamang@live.com
"Laxmi Kumari Shrestha",Nepalgunj,laxmi.shrestha@gmail.com
"Shreya Bahadur Tamang",Hetauda,shreya.tamang@hotmail.com
"Venu  Pandey",Birgunj,venu.pandey@gmail.com
"Farukh Kumar Iyer",Pokhara,farukh.iyer@hotmail.com
"Ram Kaur Rana",Kathmandu,ram.rana@gmail.com
"Farukh Rani Rana",Hetauda,farukh.rana@hotmail.com
"Hari  Sharma",Lalitpur,hari.sharma@live.com
"Venu Rani Pandey",Hetauda,venu.pandey@gmail.com
"Hari  Thapa",Bhaktapur,hari.thapa@hotmail.com
"Hari  Shrestha",Lalitpur,hari.shrestha@hotmail.com
"Shreya  Khan",Butwal,shreya.khan@hotmail.com
"Avantika  Khan",Pokhara,avantika.khan@hotmail.com
"Laxmi  Tamang",Bhaktapur,laxmi.tamang@live.com
"Venu  Tamang",Butwal,venu.tamang@gmail.com
"Shreya  Rana",Bhaktapur,shreya.rana@gmail.com
"Avantika  Shrestha",Hetauda,avantika.shrestha@hotmail.com
"Shreya Prasad Tamang",Hetauda,shreya.tamang@gmail.com
"Laxman  Thapa",Nepalgunj,laxman.thapa@gmail.com
"Fatima Devi Pandey",Kathmandu,fatima.pandey@gmail.com
"Laxmi Kaur Gurung",Butwal,laxmi.gurung@live.com
"Avantika  Khan",Lalitpur,avantika.khan@hotmail.com
"Avantika  Pandey",Hetauda,avantika.pandey@hotmail.com
"Fatima Bahadur Rana",Butwal,fatima.rana@hotmail.com
"Avantika  Iyer",Kathmandu,avantika.iyer@hotmail.com
"Laxman  Bhattarai",Hetauda,laxman.bhattarai@hotmail.com
"Laxman  Rana",Dharan,laxman.rana@hotmail.com
"Hari Kumari Khan",Biratnagar,hari.khan@live.com
"Laxman  Rana",Lalitpur,laxman.rana@gmail.com
"Avantika  Iyer",Nepalgunj,avantika.iyer@gmail.com
"Avantika  Khan",Biratnagar,avantika.khan@live.com
"Laxman  Shrestha",Biratnagar,laxman.shrestha@hotmail.com
"Laxmi  Sharma",Bhaktapur,laxmi.sharma@hotmail.com
"Akanshya  Shrestha",Nepalgunj,akanshya.shrestha@live.com
"Ram  Rai",Butwal,ram.rai@hotmail.com
"Avantika Devi Pandey",Butwal,avantika.pandey@gmail.com
"Hari  Bhattarai",Pokhara,hari.bhattarai@hotmail.com
"Shreya Ali Rai",Lalitpur,shreya.rai@live.com
"Fatima  Rai",Hetauda,fatima.rai@hotmail.com
"Akanshya Kumari Thapa",Lalitpur,akanshya.thapa@gmail.com
"Fatima Rani Iyer",Biratnagar,fatima.iyer@hotmail.com
"Ram  Rana",Kathmandu,ram.rana@hotmail.com
"Ram Devi Thapa",Hetauda,ram.thapa@hotmail.com
"Laxmi Prasad Sharma",Biratnagar,laxmi.sharma@live.com
"Hari  Rana",Nepalgunj,hari.rana@gmail.com
"Fatima Kaur Rai",Biratnagar,fatima.rai@live.com
"Akanshya  Bhattarai",Dharan,akanshya.bhattarai@live.com
"Laxmi  Rai",Nepalgunj,laxmi.rai@hotmail.com
"Fatima  Khan",Birgunj,fatima.khan@live.com
"Shreya  Shrestha",Pokhara,shreya.shrestha@hotmail.com
"Fatima Kumari Iyer",Lalitpur,fatima.iyer@gmail.com
"Avantika Ali Thapa",Birgunj,avantika.thapa@hotmail.com
"Farukh Rani Pandey",Biratnagar,farukh.pandey@live.com
"Laxmi  Bhattarai",Birgunj,laxmi.bhattarai@live.com
"Ram Bahadur Tamang",Lalitpur,ram.tamang@gmail.com
"Venu  Thapa",Nepalgunj,venu.thapa@gmail.com
"Farukh  Thapa",Biratnagar,farukh.thapa@gmail.com
"Ram  Shrestha",Biratnagar,ram.shrestha@gmail.com
"Ram  Bhattarai",Nepalgunj,ram.bhattarai@gmail.com
"Laxman  Bhattarai",Nepalgunj,laxman.bhattarai@hotmail.com
"Hari Prasad Rana",Bhaktapur,hari.rana@gmail.com
"Ram Begum Gurung",Biratnagar,ram.gurung@live.com
"Laxmi Kumar Gurung",Lalitpur,laxmi.gurung@gmail.com
"Laxmi Begum Tamang",Nepalgunj,laxmi.tamang@live.com
"Venu  Pandey",Biratnagar,venu.pandey@gmail.com
"Farukh  Shrestha",Dharan,farukh.shrestha@hotmail.com
"Hari  Bhattarai",Dharan,hari.bhattarai@gmail.com
"Shreya Begum Tamang",Lalitpur,shreya.tamang@hotmail.com
"Akanshya  Pandey",Birgunj,akanshya.pandey@live.com
"Laxmi Begum Rana",Butwal,laxmi.rana@live.com
"Ram Gopal Gurung",Kathmandu,ram.gurung@hotmail.com
"Shreya Gopal Rana",Bhaktapur,shreya.rana@live.com
"Hari  Rana",Kathmandu,hari.rana@hotmail.com
"Avantika  Khan",Birgunj,avantika.khan@gmail.com
"Fatima  Gurung",Lalitpur,fatima.gurung@live.com
"Ram  Rai",Pokhara,ram.rai@hotmail.com
"Laxman Devi Thapa",Butwal,laxman.thapa@live.com
"Farukh Devi Khan",Pokhara,farukh.khan@gmail.com
"Laxman Gopal Pandey",Kathmandu,laxman.pandey@hotmail.com
"Venu Prasad Khan",Bhaktapur,venu.khan@live.com
"Laxmi  Rana",Lalitpur,laxmi.rana@gmail.com
"Hari Bahadur Iyer",Kathmandu,hari.iyer@gmail.com
"Ram  Iyer",Birgunj,ram.iyer@live.com
"Akanshya Kumari Pandey",Dharan,akanshya.pandey@hotmail.com
"Ram Bahadur Iyer",Birgunj,ram.iyer@gmail.com
"Hari Ali Khan",Dharan,hari.khan@hotmail.com
"Laxman  Tamang",Kathmandu,laxman.tamang@gmail.com
"Ram Ali Shrestha",Nepalgunj,ram.shrestha@gmail.com
"Shreya  Gurung",Butwal,shreya.gurung@gmail.com
"Avantika Prasad Gurung",Bhaktapur,avantika.gurung@hotmail.com
"Avantika  Thapa",Butwal,avantika.thapa@live.com
"Farukh  Bhattarai",Biratnagar,farukh.bhattarai@gmail.com
"Ram  Khan",Butwal,ram.khan@gmail.com
"Fatima  Gurung",Bhaktapur,fatima.gurung@gmail.com
"Hari Rani Bhattarai",Dharan,hari.bhattarai@live.com
"Laxman  Tamang",Lalitpur,laxman.tamang@live.com
"Venu  Bhattarai",Nepalgunj,venu.bhattarai@live.com
"Akanshya Ali Tamang",Kathmandu,akanshya.tamang@hotmail.com
"Venu Gopal Shrestha",Hetauda,venu.shrestha@hotmail.com
"Hari Kumar Shrestha",Bhaktapur,hari.shrestha@hotmail.com
"Akanshya Gopal Shrestha",Dharan,akanshya.shrestha@hotmail.com
"Shreya Ali Sharma",Pokhara,shreya.sharma@live.com
"Avantika  Rana",Butwal,avantika.rana@live.com
"Laxman Kumari Gurung",Birgunj,laxman.gurung@live.com
"Farukh  Iyer",Lalitpur,farukh.iyer@hotmail.com
"Fatima  Shrestha",Pokhara,fatima.shrestha@gmail.com
"Venu Devi Thapa",Kathmandu,venu.thapa@gmail.com
"Shreya  Rai",Kathmandu,shreya.rai@hotmail.com
"Hari Kumari Pandey",Birgunj,hari.pandey@hotmail.com
"Fatima Prasad Khan",Bhaktapur,fatima.khan@hotmail.com
"Akanshya  Iyer",Hetauda,akanshya.iyer@hotmail.com
"Farukh Gopal Iyer",Butwal,farukh.iyer@hotmail.com
"Shreya Kumari Shrestha",Bhaktapur,shreya.shrestha@hotmail.com
"Avantika Kumar Shrestha",Pokhara,avantika.shrestha@live.com
"Laxman  Rai",Lalitpur,laxman.rai@live.com
"Venu  Rana",Biratnagar,venu.rana@hotmail.com
"Hari  Rana",Butwal,hari.rana@live.com
"Shreya  Shrestha",Dharan,shreya.shrestha@gmail.com
"Akanshya Rani Iyer",Hetauda,akanshya.iyer@hotmail.com
"Venu Bahadur Gurung",Butwal,venu.gurung@live.com
"Farukh  Thapa",Biratnagar,farukh.thapa@gmail.com
"Shreya  Rai",Dharan,shreya.rai@hotmail.com
"Avantika  Iyer",Lalitpur,avantika.iyer@live.com
"Ram Prasad Pandey",Biratnagar,ram.pandey@hotmail.com
"Fatima  Shrestha",Hetauda,fatima.shrestha@gmail.com
"Fatima  Rana",Biratnagar,fatima.rana@hotmail.com
"Laxmi  Iyer",Bhaktapur,laxmi.iyer@gmail.com
"Ram Bahadur Rana",Pokhara,ram.rana@gmail.com
"Fatima  Sharma",Butwal,fatima.sharma@hotmail.com
"Akanshya Rani Bhattarai",Butwal,akanshya.bhattarai@hotmail.com
"Avantika  Rana",Hetauda,avantika.rana@gmail.com
"Avantika Gopal Iyer",Dharan,avantika.iyer@gmail.com
"Laxmi Bahadur Rana",Dharan,laxmi.rana@hotmail.com
"Farukh Gopal Thapa",Nepalgunj,farukh.thapa@hotmail.com
"Akanshya Ali Bhattarai",Bhaktapur,akanshya.bhattarai@gmail.com
"Venu  Shrestha",Birgunj,venu.shrestha@gmail.com
"Farukh  Tamang",Birgunj,farukh.tamang@hotmail.com
"Laxman  Rana",Biratnagar,laxman.rana@hotmail.com
"Ram Devi Khan",Hetauda,ram.khan@gmail.com
"Venu Begum Iyer",Bhaktapur,venu.iyer@gmail.com
"Fatima Devi Iyer",Bhaktapur,fatima.iyer@hotmail.com
"Shreya  Khan",Biratnagar,shreya.khan@live.com
"Laxmi Kumar Tamang",Birgunj,laxmi.tamang@live.com
"Laxman Devi Rai",Nepalgunj,laxman.rai@hotmail.com
"Laxman Kumar Khan",Butwal,laxman.khan@hotmail.com
"Venu  Rana",Kathmandu,venu.rana@live.com
"Fatima Prasad Sharma",Biratnagar,fatima.sharma@live.com
"Laxman Gopal Rana",Nepalgunj,laxman.rana@live.com
"Laxmi  Rana",Bhaktapur,laxmi.rana@gmail.com
"Hari Devi Rana",Kathmandu,hari.rana@live.com
"Ram  Gurung",Biratnagar,ram.gurung@gmail.com
"Fatima  Shrestha",Birgunj,fatima.shrestha@hotmail.com
"Laxman  Thapa",Bhaktapur,laxman.thapa@hotmail.com
"Akanshya  Gurung",Dharan,akanshya.gurung@live.com
"Avantika  Iyer",Bhaktapur,avantika.iyer@live.com
"Ram Rani Thapa",Nepalgunj,ram.thapa@live.com
"Shreya  Tamang",Kathmandu,shreya.tamang@hotmail.com
"Shreya  Shrestha",Hetauda,shreya.shrestha@live.com
"Shreya  Thapa",Lalitpur,shreya.thapa@hotmail.com
"Akanshya Prasad Rai",Birgunj,akanshya.rai@gmail.com
"Akanshya Bahadur Khan",Nepalgunj,akanshya.khan@hotmail.com
"Fatima Rani Rai",Birgunj,fatima.rai@hotmail.com
"Venu Kaur Khan",Dharan,venu.khan@live.com
"Akanshya  Thapa",Pokhara,akanshya.thapa@hotmail.com
"Akanshya Kumari Gurung",Lalitpur,akanshya.gurung@hotmail.com
"Farukh  Iyer",Butwal,farukh.iyer@hotmail.com
"Laxmi  Shrestha",Butwal,laxmi.shrestha@gmail.com
"Farukh  Gurung",Pokhara,farukh.gurung@gmail.com
"Laxmi  Iyer",Lalitpur,laxmi.iyer@hotmail.com
"Fatima  Iyer",Dharan,fatima.iyer@gmail.com
"Farukh Prasad Iyer",Lalitpur,farukh.iyer@hotmail.com
"Laxman Kumari Iyer",Hetauda,laxman.iyer@hotmail.com
"Venu  Gurung",Biratnagar,venu.gurung@gmail.com
"Laxmi Kumar Pandey",Pokhara,laxmi.pandey@gmail.com
"Ram Bahadur Rana",Kathmandu,ram.rana@gmail.com
"Farukh Ali Bhattarai",Hetauda,farukh.bhattarai@live.com
"Akanshya  Tamang",Kathmandu,akanshya.tamang@live.com
"Ram  Shrestha",Butwal,ram.shrestha@live.com
"Shreya Bahadur Rai",Lalitpur,shreya.rai@gmail.com
"Farukh Kumar Bhattarai",Hetauda,farukh.bhattarai@hotmail.com
"Ram Gopal Pandey",Hetauda,ram.pandey@live.com
"Laxman  Sharma",Dharan,laxman.sharma@gmail.com
"Laxman  Sharma",Hetauda,laxman.sharma@hotmail.com
"Hari Kaur Thapa",Nepalgunj,hari.thapa@live.com
"Fatima  Gurung",Hetauda,fatima.gurung@gmail.com
"Venu Prasad Pandey",Hetauda,venu.pandey@gmail.com
"Ram  Gurung",Butwal,ram.gurung@live.com
"Venu  Rana",Hetauda,venu.rana@live.com
"Avantika  Gurung",Dharan,avantika.gurung@gmail.com
"Venu Ali Sharma",Kathmandu,venu.sharma@hotmail.com
"Shreya  Pandey",Hetauda,shreya.pandey@live.com
"Farukh  Rana",Biratnagar,farukh.rana@live.com
"Avantika Devi Bhattarai",Birgunj,avantika.bhattarai@gmail.com
"Laxman Prasad Gurung",Birgunj,laxman.gurung@hotmail.com
"Akanshya  Gurung",Birgunj,akanshya.gurung@gmail.com
"Avantika  Rana",Butwal,avantika.rana@gmail.com
"Laxman Kaur Khan",Hetauda,laxman.khan@live.com
"Farukh Devi Iyer",Pokhara,farukh.iyer@hotmail.com
"Venu Devi Sharma",Lalitpur,venu.sharma@live.com
"Hari  Bhattarai",Butwal,hari.bhattarai@live.com
"Ram  Rai",Kathmandu,ram.rai@live.com
"Laxmi  Sharma",Kathmandu,laxmi.sharma@gmail.com
"Avantika  Sharma",Butwal,avantika.sharma@live.com
"Avantika Begum Gurung",Kathmandu,avantika.gurung@gmail.com
"Fatima Kumar Pandey",Bhaktapur,fatima.pandey@hotmail.com
"Laxman Ali Pandey",Dharan,laxman.pandey@gmail.com
"Farukh  Bhattarai",Hetauda,farukh.bhattarai@hotmail.com
"Akanshya Gopal Gurung",Birgunj,akanshya.gurung@hotmail.com
"Laxman  Rai",Dharan,laxman.rai@gmail.com
"Fatima  Tamang",Dharan,fatima.tamang@gmail.com
"Venu Ali Thapa",Nepalgunj,venu.thapa@hotmail.com
"Akanshya  Sharma",Kathmandu,akanshya.sharma@hotmail.com
"Hari Ali Iyer",Pokhara,hari.iyer@hotmail.com
"Laxman  Thapa",Biratnagar,laxman.thapa@hotmail.com
"Ram Begum Pandey",Hetauda,ram.pandey@hotmail.com
"Shreya  Rai",Birgunj,shreya.rai@hotmail.com
"Fatima Bahadur Rana",Birgunj,fatima.rana@hotmail.com
"Ram  Iyer",Dharan,ram.iyer@live.com
"Ram Prasad Rana",Biratnagar,ram.rana@hotmail.com
"Akanshya  Rana",Hetauda,akanshya.rana@gmail.com
"Farukh Gopal Iyer",Biratnagar,farukh.iyer@live.com
"Ram  Sharma",Birgunj,ram.sharma@hotmail.com
"Hari Begum Tamang",Nepalgunj,hari.tamang@gmail.com
"Shreya Bahadur Rana",Birgunj,shreya.rana@gmail.com
"Fatima Begum Rana",Hetauda,fatima.rana@hotmail.com
"Venu  Rai",Hetauda,venu.rai@hotmail.com
"Shreya  Thapa",Nepalgunj,shreya.thapa@hotmail.com
"Shreya Gopal Rana",Lalitpur,shreya.rana@hotmail.com
"Avantika Bahadur Tamang",Hetauda,avantika.tamang@gmail.com
"Laxmi  Rana",Butwal,laxmi.rana@hotmail.com
"Farukh Kumar Rai",Pokhara,farukh.rai@gmail.com
"Ram  Rai",Pokhara,ram.rai@hotmail.com
"Laxman  Gurung",Bhaktapur,laxman.gurung@hotmail.com
"Laxmi  Tamang",Biratnagar,laxmi.tamang@live.com
"Shreya Rani Gurung",Lalitpur,shreya.gurung@gmail.com
"Laxmi  Rana",Birgunj,laxmi.rana@gmail.com
"Akanshya Gopal Pandey",Pokhara,akanshya.pandey@live.com
"Laxman Devi Pandey",Butwal,laxman.pandey@live.com
"Laxmi  Sharma",Butwal,laxmi.sharma@gmail.com
"Ram Rani Rai",Pokhara,ram.rai@hotmail.com
"Fatima Prasad Khan",Dharan,fatima.khan@live.com
"Akanshya  Rai",Birgunj,akanshya.rai@hotmail.com
"Fatima Kumar Gurung",Hetauda,fatima.gurung@hotmail.com
"Laxmi Rani Iyer",Kathmandu,laxmi.iyer@live.com
"Hari Rani Rana",Biratnagar,hari.rana@gmail.com
"Ram Ali Tamang",Kathmandu,ram.tamang@live.com
"Shreya  Khan",Nepalgunj,shreya.khan@gmail.com
"Shreya Bahadur Khan",Lalitpur,shreya.khan@gmail.com
"Laxmi  Sharma",Kathmandu,laxmi.sharma@hotmail.com
"Laxman  Rai",Kathmandu,laxman.rai@hotmail.com
"Hari Rani Sharma",Lalitpur,hari.sharma@hotmail.com
"Venu Ali Bhattarai",Kathmandu,venu.bhattarai@live.com
"Ram  Rai",Hetauda,ram.rai@live.com
"Venu  Gurung",Birgunj,venu.gurung@hotmail.com
"Akanshya Ali Thapa",Butwal,akanshya.thapa@live.com
"Laxman Bahadur Bhattarai",Nepalgunj,laxman.bhattarai@gmail.com
"Laxman Bahadur Sharma",Birgunj,laxman.sharma@hotmail.com
"Venu  Shrestha",Butwal,venu.shrestha@hotmail.com
"Hari  Thapa",Nepalgunj,hari.thapa@live.com
"Farukh Prasad Khan",Kathmandu,farukh.khan@gmail.com
"Laxmi Gopal Rai",Birgunj,laxmi.rai@gmail.com
"Fatima  Shrestha",Biratnagar,fatima.shrestha@gmail.com
"Laxmi Bahadur Thapa",Biratnagar,laxmi.thapa@gmail.com
"Avantika Kaur Thapa",Biratnagar,avantika.thapa@gmail.com
"Shreya Prasad Shrestha",Kathmandu,shreya.shrestha@hotmail.com
"Farukh  Bhattarai",Butwal,farukh.bhattarai@live.com
"Venu Kaur Thapa",Bhaktapur,venu.thapa@gmail.com
"Fatima Kumar Sharma",Pokhara,fatima.sharma@live.com
"Hari Kumar Tamang",Pokhara,hari.tamang@gmail.com
"Ram  Iyer",Lalitpur,ram.iyer@gmail.com
"Venu Begum Tamang",Pokhara,venu.tamang@hotmail.com
"Shreya Prasad Gurung",Butwal,shreya.gurung@live.com
"Shreya Bahadur Rana",Dharan,shreya.rana@gmail.com
"Fatima  Sharma",Bhaktapur,fatima.sharma@gmail.com
"Venu  Bhattarai",Butwal,venu.bhattarai@live.com
"Laxman Prasad Thapa",Birgunj,laxman.thapa@live.com
"Fatima Kaur Bhattarai",Nepalgunj,fatima.bhattarai@live.com
"Avantika  Shrestha",Nepalgunj,avantika.shrestha@hotmail.com
"Akanshya Ali Tamang",Pokhara,akanshya.tamang@gmail.com
"Farukh  Iyer",Butwal,farukh.iyer@live.com
"Farukh  Shrestha",Hetauda,farukh.shrestha@gmail.com
"Ram  Sharma",Butwal,ram.sharma@hotmail.com
"Laxman Kaur Iyer",Dharan,laxman.iyer@hotmail.com
"Hari  Sharma",Bhaktapur,hari.sharma@live.com
"Akanshya Prasad Bhattarai",Lalitpur,akanshya.bhattarai@gmail.com
"Venu  Pandey",Birgunj,venu.pandey@gmail.com
"Ram  Rai",Dharan,ram.rai@gmail.com
"Hari Ali Shrestha",Biratnagar,hari.shrestha@hotmail.com
"Venu  Rai",Birgunj,venu.rai@live.com
"Shreya  Sharma",Biratnagar,shreya.sharma@gmail.com
"Venu  Iyer",Nepalgunj,venu.iyer@gmail.com
"Fatima Kumar Gurung",Pokhara,fatima.gurung@live.com
"Venu Kumari Thapa",Pokhara,venu.thapa@gmail.com
"Laxmi  Thapa",Pokhara,laxmi.thapa@live.com
"Akanshya  Gurung",Dharan,akanshya.gurung@live.com
"Fatima Kaur Khan",Pokhara,fatima.khan@gmail.com
"Akanshya  Tamang",Birgunj,akanshya.tamang@live.com
"Ram  Gurung",Butwal,ram.gurung@live.com
"Akanshya Prasad Thapa",Lalitpur,akanshya.thapa@gmail.com
"Laxman Rani Rana",Pokhara,laxman.rana@live.com
"Venu  Rana",Nepalgunj,venu.rana@gmail.com
"Laxman  Tamang",Pokhara,laxman.tamang@hotmail.com
"Laxmi  Gurung",Lalitpur,laxmi.gurung@hotmail.com
"Hari  Gurung",Pokhara,hari.gurung@hotmail.com
"Hari Prasad Tamang",Pokhara,hari.tamang@hotmail.com
"Akanshya Kumar Tamang",Pokhara,akanshya.tamang@live.com
"Avantika  Khan",Hetauda,avantika.khan@hotmail.com
"Hari  Tamang",Kathmandu,hari.tamang@gmail.com
"Akanshya  Tamang",Kathmandu,akanshya.tamang@live.com
"Fatima  Rai",Dharan,fatima.rai@hotmail.com
"Hari Devi Iyer",Birgunj,hari.iyer@gmail.com
"Venu Begum Bhattarai",Lalitpur,venu.bhattarai@live.com
"Laxman  Sharma",Nepalgunj,laxman.sharma@hotmail.com
"Ram Kaur Shrestha",Biratnagar,ram.shrestha@hotmail.com
"Akanshya Ali Bhattarai",Hetauda,akanshya.bhattarai@hotmail.com
"Akanshya  Tamang",Butwal,akanshya.tamang@gmail.com
"Fatima Kumar Rai",Bhaktapur,fatima.rai@gmail.com
"Venu  Bhattarai",Lalitpur,venu.bhattarai@live.com
"Laxmi Prasad Sharma",Nepalgunj,laxmi.sharma@hotmail.com
"Farukh Begum Bhattarai",Biratnagar,farukh.bhattarai@hotmail.com
"Laxman Rani Gurung",Kathmandu,laxman.gurung@hotmail.com
"Laxmi Kumari Khan",Lalitpur,laxmi.khan@live.com
"Laxman  Sharma",Bhaktapur,laxman.sharma@gmail.com
"Fatima Rani Tamang",Butwal,fatima.tamang@gmail.com
"Akanshya  Sharma",Lalitpur,akanshya.sharma@live.com
"Laxmi  Iyer",Hetauda,laxmi.iyer@live.com
"Fatima Kaur Rai",Hetauda,fatima.rai@gmail.com
"Laxman Rani Sharma",Lalitpur,laxman.sharma@live.com
"Shreya Ali Rana",Bhaktapur,shreya.rana@live.com
"Laxman  Rana",Bhaktapur,laxman.rana@hotmail.com
"Fatima Prasad Bhattarai",Birgunj,fatima.bhattarai@hotmail.com
"Laxmi Kumari Khan",Hetauda,laxmi.khan@gmail.com
"Laxmi Kumar Bhattarai",Hetauda,laxmi.bhattarai@gmail.com
"Hari  Bhattarai",Nepalgunj,hari.bhattarai@gmail.com
"Akanshya  Sharma",Butwal,akanshya.sharma@gmail.com
"Shreya Devi Rana",Biratnagar,shreya.rana@hotmail.com
"Venu  Tamang",Bhaktapur,venu.tamang@live.com
"Laxman Begum Rai",Nepalgunj,laxman.rai@gmail.com
"Farukh  Bhattarai",Hetauda,farukh.bhattarai@gmail.com
"Avantika  Gurung",Pokhara,avantika.gurung@live.com
"Avantika Gopal Shrestha",Lalitpur,avantika.shrestha@gmail.com
"Shreya  Tamang",Hetauda,shreya.tamang@live.com
"Venu Devi Thapa",Kathmandu,venu.thapa@gmail.com
"Ram Gopal Khan",Biratnagar,ram.khan@gmail.com
"Akanshya Rani Pandey",Nepalgunj,akanshya.pandey@gmail.com
"Venu  Rana",Hetauda,venu.rana@hotmail.com
"Hari  Pandey",Hetauda,hari.pandey@live.com
"Laxman  Khan",Kathmandu,laxman.khan@live.com
"Shreya Rani Bhattarai",Dharan,shreya.bhattarai@gmail.com
"Fatima  Rai",Lalitpur,fatima.rai@live.com
"Farukh  Tamang",Biratnagar,farukh.tamang@gmail.com
"Laxman  Rai",Birgunj,laxman.rai@hotmail.com
"Farukh  Bhattarai",Butwal,farukh.bhattarai@hotmail.com
"Avantika  Gurung",Pokhara,avantika.gurung@hotmail.com
"Laxmi  Khan",Lalitpur,laxmi.khan@gmail.com
"Venu  Sharma",Bhaktapur,venu.sharma@hotmail.com
"Hari  Khan",Butwal,hari.khan@hotmail.com
"Shreya Devi Khan",Bhaktapur,shreya.khan@live.com
"Laxman Kumari Khan",Dharan,laxman.khan@hotmail.com
"Ram  Tamang",Butwal,ram.tamang@gmail.com
"Hari Kaur Shrestha",Birgunj,hari.shrestha@hotmail.com
"Shreya  Bhattarai",Bhaktapur,shreya.bhattarai@hotmail.com
"Venu Ali Tamang",Biratnagar,venu.tamang@hotmail.com
"Hari Prasad Bhattarai",Butwal,hari.bhattarai@hotmail.com
"Ram  Khan",Nepalgunj,ram.khan@gmail.com
"Laxman Devi Khan",Pokhara,laxman.khan@hotmail.com
"Akanshya  Shrestha",Butwal,akanshya.shrestha@gmail.com
"Fatima Kaur Gurung",Biratnagar,fatima.gurung@gmail.com
"Akanshya  Khan",Biratnagar,akanshya.khan@hotmail.com
"Shreya  Rana",Dharan,shreya.rana@hotmail.com
"Laxman  Pandey",Biratnagar,laxman.pandey@live.com
"Ram  Gurung",Nepalgunj,ram.gurung@live.com
"Ram Rani Iyer",Kathmandu,ram.iyer@live.com
"Avantika  Thapa",Lalitpur,avantika.thapa@live.com
"Hari  Khan",Kathmandu,hari.khan@hotmail.com
"Ram  Thapa",Biratnagar,ram.thapa@live.com
"Hari Rani Rana",Bhaktapur,hari.rana@live.com
"Shreya  Pandey",Dharan,shreya.pandey@gmail.com
"Ram  Rana",Lalitpur,ram.rana@live.com
"Shreya Gopal Gurung",Pokhara,shreya.gurung@hotmail.com
"Avantika Kumari Rana",Pokhara,avantika.rana@gmail.com
"Laxmi  Sharma",Kathmandu,laxmi.sharma@gmail.com
"Laxmi  Gurung",Nepalgunj,laxmi.gurung@live.com
"Laxmi Gopal Sharma",Bhaktapur,laxmi.sharma@live.com
"Farukh Begum Gurung",Hetauda,farukh.gurung@hotmail.com
"Avantika Bahadur Iyer",Kathmandu,avantika.iyer@live.com
"Venu Kumari Rana",Butwal,venu.rana@hotmail.com
"Hari Kumar Sharma",Birgunj,hari.sharma@hotmail.com
"Avantika  Sharma",Birgunj,avantika.sharma@hotmail.com
"Laxmi  Pandey",Nepalgunj,laxmi.pandey@live.com
"Hari Devi Rai",Dharan,hari.rai@live.com
"Akanshya  Iyer",Birgunj,akanshya.iyer@hotmail.com
"Farukh  Rana",Nepalgunj,farukh.rana@live.com
"Hari Kaur Pandey",Butwal,hari.pandey@hotmail.com
"Laxmi Kaur Khan",Biratnagar,laxmi.khan@live.com
"Venu Kumar Thapa",Bhaktapur,venu.thapa@gmail.com
"Hari  Tamang",Biratnagar,hari.tamang@hotmail.com
"Shreya  Tamang",Lalitpur,shreya.tamang@hotmail.com
"Laxmi  Tamang",Lalitpur,laxmi.tamang@hotmail.com
"Laxman  Iyer",Lalitpur,laxman.iyer@live.com
"Venu Prasad Khan",Biratnagar,venu.khan@hotmail.com
"Fatima Kaur Bhattarai",Dharan,fatima.bhattarai@hotmail.com
"Akanshya  Rai",Kathmandu,akanshya.rai@live.com
"Fatima Bahadur Tamang",Kathmandu,fatima.tamang@live.com
"Fatima  Thapa",Butwal,fatima.thapa@live.com
"Avantika Bahadur Tamang",Biratnagar,avantika.tamang@hotmail.com
"Akanshya  Tamang",Dharan,akanshya.tamang@gmail.com
"Venu  Shrestha",Bhaktapur,venu.shrestha@gmail.com
"Fatima Devi Iyer",Dharan,fatima.iyer@live.com
"Fatima Prasad Thapa",Kathmandu,fatima.thapa@gmail.com
"Venu  Iyer",Butwal,venu.iyer@gmail.com
"Farukh Devi Shrestha",Kathmandu,farukh.shrestha@live.com
"Laxman  Pandey",Birgunj,laxman.pandey@hotmail.com
"Laxmi Kumar Rai",Butwal,laxmi.rai@hotmail.com
"Hari Kaur Khan",Butwal,hari.khan@live.com
"Fatima Prasad Sharma",Pokhara,fatima.sharma@live.com
"Hari Begum Khan",Birgunj,hari.khan@gmail.com
"Fatima  Bhattarai",Bhaktapur,fatima.bhattarai@gmail.com
"Laxman Kaur Gurung",Lalitpur,laxman.gurung@gmail.com
"Laxman  Rana",Biratnagar,laxman.rana@gmail.com
"Akanshya Kumari Sharma",Dharan,akanshya.sharma@live.com
"Laxmi Devi Rai",Hetauda,laxmi.rai@live.com
"Laxman  Sharma",Dharan,laxman.sharma@live.com
"Ram  Pandey",Dharan,ram.pandey@gmail.com
"Avantika Ali Tamang",Pokhara,avantika.tamang@hotmail.com
"Akanshya  Shrestha",Birgunj,akanshya.shrestha@gmail.com
"Venu  Bhattarai",Kathmandu,venu.bhattarai@hotmail.com
"Venu Gopal Khan",Lalitpur,venu.khan@hotmail.com
"Ram  Rai",Pokhara,ram.rai@hotmail.com
"Venu  Shrestha",Kathmandu,venu.shrestha@gmail.com
"Farukh Ali Gurung",Hetauda,farukh.gurung@live.com
"Shreya  Tamang",Nepalgunj,shreya.tamang@hotmail.com
"Laxman Prasad Sharma",Hetauda,laxman.sharma@hotmail.com
"Hari  Iyer",Birgunj,hari.iyer@gmail.com
"Fatima  Shrestha",Bhaktapur,fatima.shrestha@hotmail.com
"Farukh  Thapa",Nepalgunj,farukh.thapa@live.com
"Fatima Prasad Gurung",Bhaktapur,fatima.gurung@live.com
"Laxman Ali Sharma",Nepalgunj,laxman.sharma@live.com
"Akanshya  Pandey",Lalitpur,akanshya.pandey@gmail.com
"Shreya  Rai",Biratnagar,shreya.rai@live.com
"Laxman  Shrestha",Dharan,laxman.shrestha@hotmail.com
"Laxmi Gopal Pandey",Nepalgunj,laxmi.pandey@gmail.com
"Akanshya Begum Thapa",Birgunj,akanshya.thapa@live.com
"Fatima  Khan",Birgunj,fatima.khan@hotmail.com
"Fatima Begum Rai",Hetauda,fatima.rai@live.com
"Ram  Bhattarai",Kathmandu,ram.bhattarai@gmail.com
"Laxmi  Bhattarai",Pokhara,laxmi.bhattarai@gmail.com
"Laxmi Kaur Iyer",Bhaktapur,laxmi.iyer@gmail.com
"Fatima Kaur Shrestha",Birgunj,fatima.shrestha@hotmail.com
"Fatima Begum Gurung",Nepalgunj,fatima.gurung@gmail.com
"Ram  Bhattarai",Birgunj,ram.bhattarai@hotmail.com
"Farukh  Khan",Kathmandu,farukh.khan@gmail.com
"Laxmi Bahadur Rai",Hetauda,laxmi.rai@hotmail.com
"Laxman  Bhattarai",Birgunj,laxman.bhattarai@live.com
"Venu Ali Gurung",Bhaktapur,venu.gurung@live.com
"Hari  Rai",Dharan,hari.rai@gmail.com
"Venu Prasad Pandey",Lalitpur,venu.pandey@live.com
"Avantika Kumari Rana",Butwal,avantika.rana@hotmail.com
"Ram  Gurung",Butwal,ram.gurung@gmail.com
"Akanshya  Gurung",Nepalgunj,akanshya.gurung@gmail.com
"Fatima  Shrestha",Birgunj,fatima.shrestha@gmail.com
"Venu  Gurung",Birgunj,venu.gurung@hotmail.com
"Laxman Bahadur Tamang",Kathmandu,laxman.tamang@live.com
"Fatima  Rana",Pokhara,fatima.rana@hotmail.com
"Farukh  Shrestha",Dharan,farukh.shrestha@live.com
"Farukh Ali Rai",Butwal,farukh.rai@gmail.com
"Shreya Devi Pandey",Butwal,shreya.pandey@hotmail.com
"Shreya  Tamang",Hetauda,shreya.tamang@hotmail.com
"Farukh Begum Rana",Lalitpur,farukh.rana@gmail.com
"Laxmi  Khan",Pokhara,laxmi.khan@gmail.com
"Farukh  Sharma",Biratnagar,farukh.sharma@hotmail.com
"Venu Gopal Rana",Bhaktapur,venu.rana@gmail.com
"Akanshya  Tamang",Kathmandu,akanshya.tamang@hotmail.com
"Venu Devi Gurung",Butwal,venu.gurung@gmail.com
"Laxman  Gurung",Birgunj,laxman.gurung@hotmail.com
"Laxman Kumari Gurung",Lalitpur,laxman.gurung@hotmail.com
"Laxmi  Khan",Pokhara,laxmi.khan@gmail.com
"Hari Gopal Thapa",Hetauda,hari.thapa@live.com
"Hari  Thapa",Lalitpur,hari.thapa@gmail.com
"Shreya  Pandey",Biratnagar,shreya.pandey@hotmail.com
"Akanshya Begum Pandey",Biratnagar,akanshya.pandey@hotmail.com
"Hari  Shrestha",Biratnagar,hari.shrestha@gmail.com
"Ram  Iyer",Hetauda,ram.iyer@live.com
"Shreya Kumar Iyer",Lalitpur,shreya.iyer@live.com
"Ram Ali Pandey",Kathmandu,ram.pandey@live.com
"Ram  Iyer",Lalitpur,ram.iyer@gmail.com
"Fatima  Rai",Hetauda,fatima.rai@hotmail.com
"Akanshya  Iyer",Biratnagar,akanshya.iyer@gmail.com
"Venu Ali Pandey",Dharan,venu.pandey@gmail.com
"Akanshya  Sharma",Nepalgunj,akanshya.sharma@hotmail.com
"Avantika Ali Gurung",Biratnagar,avantika.gurung@live.com
"Venu Prasad Pandey",Butwal,venu.pandey@hotmail.com
"Akanshya  Iyer",Biratnagar,akanshya.iyer@live.com
"Farukh  Khan",Kathmandu,farukh.khan@gmail.com
"Farukh Kaur Khan",Birgunj,farukh.khan@hotmail.com
"Avantika Rani Bhattarai",Kathmandu,avantika.bhattarai@hotmail.com
"Laxman Prasad Rai",Birgunj,laxman.rai@live.com
"Shreya  Gurung",Birgunj,shreya.gurung@hotmail.com
"Shreya Bahadur Tamang",Butwal,shreya.tamang@live.com
"Venu Kumar Rana",Dharan,venu.rana@gmail.com
"Laxmi Gopal Shrestha",Nepalgunj,laxmi.shrestha@gmail.com
"Avantika Gopal Rana",Butwal,avantika.rana@hotmail.com
"Ram  Pandey",Kathmandu,ram.pandey@live.com
"Fatima Prasad Shrestha",Nepalgunj,fatima.shrestha@hotmail.com
"Ram Ali Iyer",Dharan,ram.iyer@live.com
"Venu  Shrestha",Bhaktapur,venu.shrestha@gmail.com
"Hari  Shrestha",Hetauda,hari.shrestha@hotmail.com
"Avantika Devi Bhattarai",Hetauda,avantika.bhattarai@hotmail.com
"Avantika  Tamang",Nepalgunj,avantika.tamang@gmail.com
"Fatima  Thapa",Birgunj,fatima.thapa@live.com
"Laxman Gopal Gurung",Hetauda,laxman.gurung@gmail.com
"Fatima Gopal Rai",Nepalgunj,fatima.rai@live.com
"Ram Kumari Iyer",Hetauda,ram.iyer@live.com
"Ram  Pandey",Dharan,ram.pandey@gmail.com
"Laxmi Rani Iyer",Lalitpur,laxmi.iyer@gmail.com
"Farukh Ali Iyer",Kathmandu,farukh.iyer@gmail.com
"Akanshya Begum Bhattarai",Dharan,akanshya.bhattarai@hotmail.com
"Fatima Kumar Rai",Hetauda,fatima.rai@gmail.com
"Hari  Iyer",Dharan,hari.iyer@gmail.com
"Farukh  Bhattarai",Hetauda,farukh.bhattarai@hotmail.com
"Laxmi  Rana",Butwal,laxmi.rana@live.com
"Laxmi  Tamang",Butwal,laxmi.tamang@hotmail.com
"Hari Kaur Khan",Biratnagar,hari.khan@hotmail.com
"Avantika Bahadur Gurung",Dharan,avantika.gurung@live.com
"Hari Kumari Sharma",Biratnagar,hari.sharma@hotmail.com
"Laxman  Pandey",Biratnagar,laxman.pandey@live.com
"Ram Prasad Thapa",Bhaktapur,ram.thapa@live.com
"Akanshya  Shrestha",Lalitpur,akanshya.shrestha@gmail.com
"Ram  Khan",Dharan,ram.khan@hotmail.com
"Akanshya Rani Gurung",Nepalgunj,akanshya.gurung@hotmail.com
"Venu Prasad Rana",Biratnagar,venu.rana@hotmail.com
"Farukh Rani Rana",Bhaktapur,farukh.rana@live.com
"Akanshya  Rana",Birgunj,akanshya.rana@live.com
"Venu  Shrestha",Butwal,venu.shrestha@hotmail.com
"Shreya Kumar Rai",Kathmandu,shreya.rai@hotmail.com
"Laxmi Gopal Khan",Kathmandu,laxmi.khan@hotmail.com
"Ram Kumar Pandey",Dharan,ram.pandey@hotmail.com
"Akanshya  Rana",Butwal,akanshya.rana@hotmail.com
"Ram Gopal Pandey",Kathmandu,ram.pandey@gmail.com
"Hari  Rana",Kathmandu,hari.rana@live.com
"Avantika  Gurung",Birgunj,avantika.gurung@hotmail.com
"Fatima Devi Iyer",Pokhara,fatima.iyer@live.com
"Akanshya  Rai",Pokhara,akanshya.rai@live.com
"Laxmi Rani Iyer",Nepalgunj,laxmi.iyer@gmail.com
"Farukh Begum Pandey",Pokhara,farukh.pandey@gmail.com
"Avantika  Pandey",Butwal,avantika.pandey@hotmail.com
"Ram  Tamang",Bhaktapur,ram.tamang@gmail.com
"Avantika Kumari Shrestha",Nepalgunj,avantika.shrestha@live.com
"Laxman Begum Shrestha",Hetauda,laxman.shrestha@hotmail.com
"Shreya  Rana",Hetauda,shreya.rana@live.com
"Venu Kumari Thapa",Pokhara,venu.thapa@hotmail.com
"Fatima Rani Sharma",Dharan,fatima.sharma@hotmail.com
"Ram Prasad Khan",Lalitpur,ram.khan@hotmail.com
"Venu  Bhattarai",Dharan,venu.bhattarai@hotmail.com
"Laxman Bahadur Rai",Hetauda,laxman.rai@hotmail.com
"Akanshya Rani Khan",Hetauda,akanshya.khan@hotmail.com
"Ram  Bhattarai",Birgunj,ram.bhattarai@gmail.com
"Laxman Kumari Khan",Lalitpur,laxman.khan@gmail.com
"Fatima Prasad Sharma",Kathmandu,fatima.sharma@hotmail.com
"Avantika Kumari Gurung",Kathmandu,avantika.gurung@hotmail.com
"Shreya Prasad Shrestha",Hetauda,shreya.shrestha@hotmail.com
"Farukh Prasad Gurung",Pokhara,farukh.gurung@hotmail.com
"Akanshya  Pandey",Kathmandu,akanshya.pandey@live.com
"Akanshya Kaur Bhattarai",Lalitpur,akanshya.bhattarai@gmail.com
"Avantika  Sharma",Pokhara,avantika.sharma@hotmail.com
"Fatima  Tamang",Pokhara,fatima.tamang@live.com
"Hari Bahadur Tamang",Nepalgunj,hari.tamang@live.com
"Ram Devi Iyer",Butwal,ram.iyer@live.com
"Ram Ali Sharma",Lalitpur,ram.sharma@gmail.com
"Ram Prasad Thapa",Biratnagar,ram.thapa@hotmail.com
"Laxmi  Pandey",Nepalgunj,laxmi.pandey@live.com
"Farukh  Rai",Kathmandu,farukh.rai@live.com
"Fatima  Gurung",Lalitpur,fatima.gurung@live.com
"Akanshya Kaur Tamang",Nepalgunj,akanshya.tamang@gmail.com
"Farukh Kaur Khan",Nepalgunj,farukh.khan@hotmail.com
"Akanshya Bahadur Thapa",Dharan,akanshya.thapa@live.com
"Fatima  Tamang",Hetauda,fatima.tamang@gmail.com
"Ram Ali Thapa",Biratnagar,ram.thapa@live.com
"Farukh Bahadur Rai",Pokhara,farukh.rai@live.com
"Laxmi Ali Iyer",Hetauda,laxmi.iyer@live.com
"Venu  Iyer",Dharan,venu.iyer@hotmail.com
"Laxman Gopal Sharma",Birgunj,laxman.sharma@live.com
"Shreya  Khan",Pokhara,shreya.khan@live.com
"Laxmi  Bhattarai",Pokhara,laxmi.bhattarai@hotmail.com
"Akanshya  Rana",Hetauda,akanshya.rana@live.com
"Laxmi Bahadur Gurung",Pokhara,laxmi.gurung@live.com
"Akanshya  Rai",Lalitpur,akanshya.rai@hotmail.com
"Farukh Gopal Tamang",Lalitpur,farukh.tamang@gmail.com
"Hari  Pandey",Biratnagar,hari.pandey@gmail.com
"Ram Ali Sharma",Lalitpur,ram.sharma@gmail.com
"Akanshya Ali Thapa",Pokhara,akanshya.thapa@gmail.com
"Venu  Bhattarai",Lalitpur,venu.bhattarai@gmail.com
"Hari Gopal Bhattarai",Pokhara,hari.bhattarai@gmail.com
"Laxmi  Gurung",Biratnagar,laxmi.gurung@gmail.com
"Laxmi Kumari Iyer",Hetauda,laxmi.iyer@live.com
"Venu Kaur Pandey",Pokhara,venu.pandey@live.com
"Akanshya  Khan",Pokhara,akanshya.khan@live.com
"Hari Begum Thapa",Bhaktapur,hari.thapa@hotmail.com
"Akanshya  Shrestha",Kathmandu,akanshya.shrestha@hotmail.com
"Shreya Kumar Bhattarai",Nepalgunj,shreya.bhattarai@hotmail.com
"Shreya Rani Rana",Pokhara,shreya.rana@gmail.com
"Hari Devi Thapa",Birgunj,hari.thapa@hotmail.com
"Hari  Khan",Kathmandu,hari.khan@live.com
"Akanshya  Shrestha",Bhaktapur,akanshya.shrestha@hotmail.com
"Fatima Begum Thapa",Butwal,fatima.thapa@hotmail.com
"Shreya Prasad Pandey",Birgunj,shreya.pandey@gmail.com
"Venu Prasad Rai",Hetauda,venu.rai@gmail.com
"Ram Kumar Pandey",Lalitpur,ram.pandey@hotmail.com
"Farukh Devi Gurung",Hetauda,farukh.gurung@live.com
"Laxmi Rani Rai",Nepalgunj,laxmi.rai@hotmail.com
"Shreya Prasad Shrestha",Butwal,shreya.shrestha@hotmail.com
"Venu Bahadur Iyer",Butwal,venu.iyer@gmail.com
"Shreya  Shrestha",Lalitpur,shreya.shrestha@hotmail.com
"Fatima Kumar Iyer",Birgunj,fatima.iyer@gmail.com
"Shreya Rani Gurung",Pokhara,shreya.gurung@hotmail.com
"Avantika Gopal Tamang",Biratnagar,avantika.tamang@live.com
"Fatima Rani Rai",Butwal,fatima.rai@hotmail.com
"Ram Kumari Pandey",Hetauda,ram.pandey@live.com
"Shreya Prasad Khan",Hetauda,shreya.khan@live.com
"Laxmi  Thapa",Bhaktapur,laxmi.thapa@gmail.com
"Akanshya  Tamang",Hetauda,akanshya.tamang@live.com
"Shreya Begum Tamang",Dharan,shreya.tamang@live.com
"Laxman Kumar Bhattarai",Hetauda,laxman.bhattarai@live.com
"Fatima  Pandey",Butwal,fatima.pandey@live.com
"Farukh  Shrestha",Hetauda,farukh.shrestha@gmail.com
"Laxman  Bhattarai",Hetauda,laxman.bhattarai@live.com
"Fatima Kumari Tamang",Butwal,fatima.tamang@live.com
"Farukh Gopal Bhattarai",Birgunj,farukh.bhattarai@hotmail.com
"Farukh Kaur Bhattarai",Dharan,farukh.bhattarai@live.com
"Avantika  Rai",Kathmandu,avantika.rai@hotmail.com
"Avantika Ali Rana",Lalitpur,avantika.rana@live.com
"Shreya Gopal Sharma",Dharan,shreya.sharma@hotmail.com
"Shreya  Gurung",Pokhara,shreya.gurung@gmail.com
"Laxmi  Bhattarai",Pokhara,laxmi.bhattarai@hotmail.com
"Avantika  Gurung",Bhaktapur,avantika.gurung@gmail.com
"Laxman Gopal Shrestha",Butwal,laxman.shrestha@gmail.com
"Avantika Kumar Shrestha",Lalitpur,avantika.shrestha@gmail.com
"Ram Rani Khan",Hetauda,ram.khan@live.com
"Ram  Rana",Nepalgunj,ram.rana@live.com
"Venu Devi Iyer",Nepalgunj,venu.iyer@live.com
"Shreya Kaur Iyer",Butwal,shreya.iyer@live.com
"Akanshya Kumar Gurung",Nepalgunj,akanshya.gurung@live.com
"Laxmi  Khan",Biratnagar,laxmi.khan@live.com
"Fatima Kumar Sharma",Pokhara,fatima.sharma@hotmail.com
"Avantika  Rana",Butwal,avantika.rana@hotmail.com
"Akanshya Gopal Tamang",Biratnagar,akanshya.tamang@gmail.com
"Farukh  Gurung",Dharan,farukh.gurung@live.com
"Avantika  Iyer",Nepalgunj,avantika.iyer@gmail.com
"Venu  Tamang",Dharan,venu.tamang@gmail.com
"Laxman Begum Thapa",Kathmandu,laxman.thapa@gmail.com
"Fatima Rani Rana",Nepalgunj,fatima.rana@live.com
"Akanshya  Sharma",Bhaktapur,akanshya.sharma@live.com
"Ram Begum Sharma",Biratnagar,ram.sharma@gmail.com
"Venu  Khan",Kathmandu,venu.khan@gmail.com
"Fatima  Gurung",Pokhara,fatima.gurung@live.com
"Laxman  Rana",Nepalgunj,laxman.rana@gmail.com
"Venu Rani Khan",Hetauda,venu.khan@hotmail.com
"Shreya Kaur Bhattarai",Bhaktapur,shreya.bhattarai@gmail.com
"Venu  Iyer",Biratnagar,venu.iyer@live.com
"Venu Gopal Sharma",Birgunj,venu.sharma@hotmail.com
"Venu Gopal Tamang",Lalitpur,venu.tamang@live.com
"Hari Devi Shrestha",Butwal,hari.shrestha@live.com
"Shreya Rani Rana",Pokhara,shreya.rana@gmail.com
"Venu Bahadur Iyer",Nepalgunj,venu.iyer@gmail.com
"Avantika Begum Sharma",Birgunj,avantika.sharma@hotmail.com
"Akanshya  Thapa",Nepalgunj,akanshya.thapa@hotmail.com
"Akanshya  Thapa",Dharan,akanshya.thapa@hotmail.com
"Avantika  Gurung",Biratnagar,avantika.gurung@live.com
"Laxman  Rana",Hetauda,laxman.rana@live.com
"Ram Kumar Khan",Biratnagar,ram.khan@hotmail.com
"Akanshya  Rai",Kathmandu,akanshya.rai@hotmail.com
"Hari Devi Iyer",Kathmandu,hari.iyer@live.com
"Fatima Ali Pandey",Nepalgunj,fatima.pandey@live.com
"Fatima Devi Gurung",Butwal,fatima.gurung@gmail.com
"Ram  Pandey",Lalitpur,ram.pandey@hotmail.com
"Shreya  Thapa",Hetauda,shreya.thapa@hotmail.com
"Farukh Kaur Thapa",Hetauda,farukh.thapa@live.com
"Hari  Sharma",Kathmandu,hari.sharma@gmail.com
"Hari Rani Rai",Birgunj,hari.rai@hotmail.com
"Shreya Kumar Rai",Bhaktapur,shreya.rai@live.com
"Akanshya  Khan",Nepalgunj,akanshya.khan@gmail.com
"Fatima  Sharma",Kathmandu,fatima.sharma@live.com
"Hari  Gurung",Pokhara,hari.gurung@live.com
"Farukh Kumar Thapa",Birgunj,farukh.thapa@live.com
"Fatima  Thapa",Dharan,fatima.thapa@live.com
"Laxman  Tamang",Pokhara,laxman.tamang@gmail.com
"Farukh Bahadur Rai",Nepalgunj,farukh.rai@gmail.com
"Hari  Rai",Pokhara,hari.rai@hotmail.com
"Venu Ali Sharma",Kathmandu,venu.sharma@live.com
"Shreya  Rana",Birgunj,shreya.rana@gmail.com
"Laxmi  Gurung",Pokhara,laxmi.gurung@live.com
"Venu  Khan",Lalitpur,venu.khan@gmail.com
"Laxmi Rani Sharma",Birgunj,laxmi.sharma@hotmail.com
"Fatima Begum Tamang",Dharan,fatima.tamang@gmail.com
"Fatima Devi Thapa",Birgunj,fatima.thapa@gmail.com
"Avantika Kumar Sharma",Hetauda,avantika.sharma@gmail.com
"Venu  Pandey",Pokhara,venu.pandey@gmail.com
"Venu Kaur Pandey",Birgunj,venu.pandey@hotmail.com
"Akanshya Ali Tamang",Lalitpur,akanshya.tamang@hotmail.com
"Akanshya  Pandey",Bhaktapur,akanshya.pandey@hotmail.com
"Shreya Rani Rai",Bhaktapur,shreya.rai@hotmail.com
"Ram  Shrestha",Kathmandu,ram.shrestha@live.com
"Ram Kumar Khan",Pokhara,ram.khan@hotmail.com
"Laxmi  Khan",Dharan,laxmi.khan@gmail.com
"Shreya Prasad Sharma",Bhaktapur,shreya.sharma@hotmail.com
"Laxmi  Pandey",Bhaktapur,laxmi.pandey@gmail.com
"Farukh Gopal Rana",Nepalgunj,farukh.rana@gmail.com
"Shreya  Thapa",Lalitpur,shreya.thapa@live.com
"Avantika Kaur Shrestha",Pokhara,avantika.shrestha@hotmail.com
"Fatima Kaur Pandey",Kathmandu,fatima.pandey@live.com
"Laxmi Prasad Pandey",Nepalgunj,laxmi.pandey@hotmail.com
"Akanshya Kaur Khan",Bhaktapur,akanshya.khan@hotmail.com
"Shreya  Rai",Hetauda,shreya.rai@gmail.com
"Laxmi Gopal Sharma",Biratnagar,laxmi.sharma@gmail.com
"Laxmi  Pandey",Pokhara,laxmi.pandey@gmail.com
"Avantika Ali Shrestha",Butwal,avantika.shrestha@live.com
"Shreya  Sharma",Biratnagar,shreya.sharma@gmail.com
"Farukh Rani Thapa",Butwal,farukh.thapa@hotmail.com
"Avantika Ali Pandey",Bhaktapur,avantika.pandey@live.com
"Ram  Pandey",Butwal,ram.pandey@gmail.com
"Farukh  Gurung",Birgunj,farukh.gurung@gmail.com
"Akanshya  Pandey",Lalitpur,akanshya.pandey@hotmail.com
"Akanshya Begum Sharma",Bhaktapur,akanshya.sharma@hotmail.com
"Ram Devi Iyer",Bhaktapur,ram.iyer@gmail.com
"Ram  Gurung",Biratnagar,ram.gurung@gmail.com
"Shreya Rani Shrestha",Kathmandu,shreya.shrestha@hotmail.com
"Ram Prasad Bhattarai",Lalitpur,ram.bhattarai@gmail.com
"Fatima  Iyer",Kathmandu,fatima.iyer@live.com
"Akanshya Kumar Rai",Biratnagar,akanshya.rai@hotmail.com
"Farukh  Bhattarai",Pokhara,farukh.bhattarai@live.com
"Avantika Prasad Rai",Hetauda,avantika.rai@hotmail.com
"Avantika  Sharma",Nepalgunj,avantika.sharma@live.com
"Akanshya  Gurung",Dharan,akanshya.gurung@hotmail.com
"Akanshya  Rai",Lalitpur,akanshya.rai@gmail.com
"Ram Devi Shrestha",Butwal,ram.shrestha@hotmail.com
"Fatima  Rai",Dharan,fatima.rai@gmail.com
"Shreya  Bhattarai",Biratnagar,shreya.bhattarai@hotmail.com
"Farukh Bahadur Shrestha",Lalitpur,farukh.shrestha@live.com
"Laxman  Thapa",Bhaktapur,laxman.thapa@live.com
"Venu  Rana",Lalitpur,venu.rana@hotmail.com
"Laxmi  Gurung",Butwal,laxmi.gurung@hotmail.com
"Ram Prasad Khan",Pokhara,ram.khan@gmail.com
"Ram Gopal Bhattarai",Nepalgunj,ram.bhattarai@gmail.com
"Laxmi Kaur Rana",Kathmandu,laxmi.rana@gmail.com
"Shreya Ali Thapa",Birgunj,shreya.thapa@gmail.com
"Shreya Prasad Rai",Biratnagar,shreya.rai@hotmail.com
"Hari  Gurung",Biratnagar,hari.gurung@gmail.com
"Fatima Bahadur Khan",Biratnagar,fatima.khan@hotmail.com
"Laxman Gopal Shrestha",Lalitpur,laxman.shrestha@hotmail.com
"Hari  Thapa",Hetauda,hari.thapa@gmail.com
"Shreya Kumar Rai",Nepalgunj,shreya.rai@gmail.com
"Shreya  Bhattarai",Birgunj,shreya.bhattarai@live.com
"Avantika  Rana",Bhaktapur,avantika.rana@hotmail.com
"Hari  Shrestha",Nepalgunj,hari.shrestha@gmail.com
"Hari  Tamang",Kathmandu,hari.tamang@hotmail.com
"Avantika  Pandey",Dharan,avantika.pandey@live.com
"Hari  Thapa",Bhaktapur,hari.thapa@gmail.com
"Hari  Pandey",Nepalgunj,hari.pandey@gmail.com
"Laxman  Tamang",Kathmandu,laxman.tamang@gmail.com
"Hari Prasad Rai",Biratnagar,hari.rai@live.com
"Avantika  Rai",Dharan,avantika.rai@gmail.com
"Shreya  Khan",Birgunj,shreya.khan@gmail.com
"Shreya  Rai",Kathmandu,shreya.rai@live.com
"Akanshya  Bhattarai",Pokhara,akanshya.bhattarai@gmail.com
"Laxman  Rai",Biratnagar,laxman.rai@gmail.com
"Ram  Rai",Hetauda,ram.rai@gmail.com
"Akanshya  Thapa",Bhaktapur,akanshya.thapa@gmail.com
"Farukh Gopal Thapa",Birgunj,farukh.thapa@live.com
"Ram Rani Thapa",Dharan,ram.thapa@gmail.com
"Laxmi  Bhattarai",Bhaktapur,laxmi.bhattarai@gmail.com
"Farukh  Rai",Birgunj,farukh.rai@live.com
"Laxman Kumari Thapa",Dharan,laxman.thapa@hotmail.com
"Laxmi  Tamang",Kathmandu,laxmi.tamang@live.com
"Venu Rani Thapa",Kathmandu,venu.thapa@live.com
"Avantika Rani Pandey",Kathmandu,avantika.pandey@live.com
"Venu  Pandey",Biratnagar,venu.pandey@live.com
"Ram Ali Rai",Bhaktapur,ram.rai@live.com
"Fatima Kumar Thapa",Kathmandu,fatima.thapa@live.com
"Farukh Begum Rai",Hetauda,farukh.rai@hotmail.com
"Ram Bahadur Rai",Butwal,ram.rai@hotmail.com
"Fatima  Pandey",Biratnagar,fatima.pandey@hotmail.com
"Ram  Khan",Hetauda,ram.khan@gmail.com
"Shreya  Bhattarai",Birgunj,shreya.bhattarai@live.com
"Avantika  Shrestha",Dharan,avantika.shrestha@hotmail.com
"Shreya  Iyer",Biratnagar,shreya.iyer@live.com
"Farukh  Tamang",Dharan,farukh.tamang@hotmail.com
"Fatima  Iyer",Biratnagar,fatima.iyer@gmail.com
"Hari Rani Shrestha",Nepalgunj,hari.shrestha@gmail.com
"Shreya  Thapa",Nepalgunj,shreya.thapa@live.com
"Laxmi Begum Rana",Butwal,laxmi.rana@live.com
"Laxmi Begum Gurung",Kathmandu,laxmi.gurung@gmail.com
"Hari Kaur Rana",Kathmandu,hari.rana@hotmail.com
"Venu Prasad Bhattarai",Dharan,venu.bhattarai@gmail.com
"Hari  Thapa",Butwal,hari.thapa@live.com
"Avantika Ali Rana",Biratnagar,avantika.rana@live.com
"Ram  Bhattarai",Birgunj,ram.bhattarai@live.com
"Laxman Devi Bhattarai",Kathmandu,laxman.bhattarai@live.com
"Shreya Devi Thapa",Hetauda,shreya.thapa@gmail.com
"Venu Prasad Iyer",Nepalgunj,venu.iyer@live.com
"Ram  Iyer",Lalitpur,ram.iyer@live.com
"Laxman Devi Tamang",Hetauda,laxman.tamang@gmail.com
"Venu Begum Sharma",Butwal,venu.sharma@live.com
"Hari Gopal Khan",Kathmandu,hari.khan@live.com
"Fatima Prasad Shrestha",Pokhara,fatima.shrestha@live.com
"Laxmi  Bhattarai",Lalitpur,laxmi.bhattarai@hotmail.com
"Fatima Kaur Rai",Kathmandu,fatima.rai@gmail.com
"Fatima  Gurung",Kathmandu,fatima.gurung@live.com
"Hari Ali Bhattarai",Hetauda,hari.bhattarai@hotmail.com
"Venu  Iyer",Bhaktapur,venu.iyer@live.com
"Venu  Rana",Pokhara,venu.rana@live.com
"Laxman  Sharma",Birgunj,laxman.sharma@live.com
"Akanshya Devi Thapa",Butwal,akanshya.thapa@live.com
"Shreya  Gurung",Butwal,shreya.gurung@hotmail.com
"Avantika Devi Shrestha",Nepalgunj,avantika.shrestha@gmail.com
"Venu Kumari Tamang",Bhaktapur,venu.tamang@hotmail.com
"Laxman  Iyer",Bhaktapur,laxman.iyer@live.com
"Shreya Kumari Tamang",Kathmandu,shreya.tamang@hotmail.com
"Venu  Khan",Biratnagar,venu.khan@live.com
"Shreya Kumari Sharma",Bhaktapur,shreya.sharma@live.com
"Ram Kaur Pandey",Butwal,ram.pandey@live.com
"Laxmi Bahadur Iyer",Bhaktapur,laxmi.iyer@gmail.com
"Ram  Sharma",Bhaktapur,ram.sharma@gmail.com
"Venu Kumari Khan",Nepalgunj,venu.khan@live.com
"Ram  Gurung",Nepalgunj,ram.gurung@live.com
"Farukh Ali Khan",Lalitpur,farukh.khan@hotmail.com
"Avantika  Shrestha",Kathmandu,avantika.shrestha@live.com
"Farukh  Bhattarai",Kathmandu,farukh.bhattarai@hotmail.com
"Fatima  Shrestha",Butwal,fatima.shrestha@gmail.com
"Farukh  Rai",Pokhara,farukh.rai@hotmail.com
"Laxmi Devi Shrestha",Biratnagar,laxmi.shrestha@live.com
"Shreya  Rana",Biratnagar,shreya.rana@hotmail.com
"Fatima Rani Iyer",Pokhara,fatima.iyer@gmail.com
"Avantika  Shrestha",Hetauda,avantika.shrestha@hotmail.com
"Hari Prasad Rai",Hetauda,hari.rai@live.com
"Fatima Kaur Pandey",Biratnagar,fatima.pandey@hotmail.com
"Hari Kaur Bhattarai",Dharan,hari.bhattarai@hotmail.com
"Shreya Begum Rai",Lalitpur,shreya.rai@live.com
"Hari  Iyer",Butwal,hari.iyer@gmail.com
"Farukh Begum Thapa",Hetauda,farukh.thapa@live.com
"Avantika Gopal Tamang",Hetauda,avantika.tamang@hotmail.com
"Ram  Shrestha",Bhaktapur,ram.shrestha@gmail.com
"Farukh  Khan",Dharan,farukh.khan@live.com
"Venu  Bhattarai",Kathmandu,venu.bhattarai@live.com
"Ram Begum Gurung",Hetauda,ram.gurung@hotmail.com
"Laxman  Shrestha",Lalitpur,laxman.shrestha@live.com
"Fatima  Gurung",Butwal,fatima.gurung@live.com
"Venu Bahadur Bhattarai",Biratnagar,venu.bhattarai@hotmail.com
"Akanshya  Rana",Lalitpur,akanshya.rana@hotmail.com
"Laxman Kumari Thapa",Dharan,laxman.thapa@live.com
"Shreya  Khan",Nepalgunj,shreya.khan@gmail.com
"Farukh Rani Pandey",Nepalgunj,farukh.pandey@hotmail.com
"Hari  Sharma",Nepalgunj,hari.sharma@gmail.com
"Ram  Gurung",Lalitpur,ram.gurung@gmail.com
"Venu Kumari Thapa",Butwal,venu.thapa@hotmail.com
"Ram Kaur Iyer",Biratnagar,ram.iyer@gmail.com
"Shreya Prasad Thapa",Lalitpur,shreya.thapa@gmail.com
"Laxman Devi Thapa",Lalitpur,laxman.thapa@gmail.com
"Laxman Kaur Thapa",Biratnagar,laxman.thapa@gmail.com
"Shreya  Khan",Butwal,shreya.khan@hotmail.com
"Laxmi  Tamang",Dharan,laxmi.tamang@gmail.com
"Shreya Prasad Pandey",Kathmandu,shreya.pandey@hotmail.com
"Avantika  Pandey",Bhaktapur,avantika.pandey@live.com
"Laxman Rani Shrestha",Dharan,laxman.shrestha@gmail.com
"Laxman Kumari Khan",Butwal,laxman.khan@live.com
"Shreya Kumar Tamang",Nepalgunj,shreya.tamang@gmail.com
"Laxman  Rai",Pokhara,laxman.rai@live.com
"Fatima  Tamang",Lalitpur,fatima.tamang@gmail.com
"Laxman  Gurung",Kathmandu,laxman.gurung@live.com
"Laxmi Prasad Pandey",Nepalgunj,laxmi.pandey@live.com
"Hari  Bhattarai",Lalitpur,hari.bhattarai@live.com
"Hari  Thapa",Nepalgunj,hari.thapa@live.com
"Shreya Kumar Khan",Birgunj,shreya.khan@live.com
"Venu Bahadur Sharma",Birgunj,venu.sharma@gmail.com
"Venu  Iyer",Nepalgunj,venu.iyer@gmail.com
"Venu Kumar Gurung",Biratnagar,venu.gurung@gmail.com
"Fatima  Shrestha",Butwal,fatima.shrestha@gmail.com
"Farukh Prasad Shrestha",Pokhara,farukh.shrestha@gmail.com
"Farukh  Pandey",Lalitpur,farukh.pandey@gmail.com
"Venu Devi Khan",Biratnagar,venu.khan@gmail.com
"Ram Gopal Shrestha",Nepalgunj,ram.shrestha@gmail.com
"Akanshya Ali Bhattarai",Bhaktapur,akanshya.bhattarai@hotmail.com
"Venu  Rana",Lalitpur,venu.rana@live.com
"Shreya  Thapa",Birgunj,shreya.thapa@hotmail.com
"Ram  Rai",Butwal,ram.rai@hotmail.com
"Fatima  Thapa",Kathmandu,fatima.thapa@gmail.com
"Avantika  Iyer",Dharan,avantika.iyer@gmail.com
"Hari Rani Sharma",Kathmandu,hari.sharma@live.com
"Ram Ali Shrestha",Lalitpur,ram.shrestha@gmail.com
"Hari  Thapa",Dharan,hari.thapa@live.com
"Ram Gopal Bhattarai",Hetauda,ram.bhattarai@gmail.com
"Avantika  Pandey",Birgunj,avantika.pandey@gmail.com
"Akanshya  Rai",Nepalgunj,akanshya.rai@gmail.com
"Hari Kumar Tamang",Bhaktapur,hari.tamang@live.com
"Akanshya  Rai",Kathmandu,akanshya.rai@hotmail.com
"Hari Begum Gurung",Pokhara,hari.gurung@live.com
"Laxmi Kaur Sharma",Butwal,laxmi.sharma@gmail.com
"Akanshya Rani Khan",Lalitpur,akanshya.khan@gmail.com
"Hari  Gurung",Kathmandu,hari.gurung@hotmail.com
"Farukh Kumar Sharma",Birgunj,farukh.sharma@live.com
"Laxman Kumar Shrestha",Kathmandu,laxman.shrestha@hotmail.com
"Shreya Kaur Bhattarai",Dharan,shreya.bhattarai@live.com
"Venu  Bhattarai",Bhaktapur,venu.bhattarai@gmail.com
"Fatima  Gurung",Lalitpur,fatima.gurung@gmail.com
"Akanshya Rani Gurung",Kathmandu,akanshya.gurung@live.com
"Shreya Begum Khan",Dharan,shreya.khan@hotmail.com
"Ram  Shrestha",Birgunj,ram.shrestha@gmail.com
"Fatima Begum Sharma",Nepalgunj,fatima.sharma@hotmail.com
"Laxmi  Pandey",Kathmandu,laxmi.pandey@gmail.com
"Hari  Thapa",Dharan,hari.thapa@hotmail.com
"Venu Gopal Shrestha",Pokhara,venu.shrestha@live.com
"Akanshya Ali Sharma",Nepalgunj,akanshya.sharma@hotmail.com
"Shreya  Thapa",Biratnagar,shreya.thapa@live.com
"Avantika Kumar Tamang",Butwal,avantika.tamang@gmail.com
"Akanshya  Sharma",Butwal,akanshya.sharma@hotmail.com
"Ram Kumari Sharma",Nepalgunj,ram.sharma@live.com
"Akanshya Begum Rai",Biratnagar,akanshya.rai@gmail.com
"Laxmi  Pandey",Bhaktapur,laxmi.pandey@live.com
"Shreya Begum Thapa",Birgunj,shreya.thapa@gmail.com
"Fatima Bahadur Shrestha",Nepalgunj,fatima.shrestha@live.com
"Laxman Devi Iyer",Pokhara,laxman.iyer@hotmail.com
"Laxman  Rai",Butwal,laxman.rai@hotmail.com
"Shreya  Sharma",Lalitpur,shreya.sharma@hotmail.com
"Laxman Prasad Khan",Bhaktapur,laxman.khan@gmail.com
"Akanshya  Thapa",Lalitpur,akanshya.thapa@live.com
"Shreya  Khan",Butwal,shreya.khan@gmail.com
"Laxman  Rai",Birgunj,laxman.rai@hotmail.com
"Ram  Tamang",Pokhara,ram.tamang@hotmail.com
"Venu  Pandey",Nepalgunj,venu.pandey@hotmail.com
"Ram  Tamang",Hetauda,ram.tamang@hotmail.com
"Farukh  Gurung",Pokhara,farukh.gurung@live.com
"Fatima  Sharma",Kathmandu,fatima.sharma@live.com
"Akanshya Kumar Gurung",Kathmandu,akanshya.gurung@hotmail.com
"Shreya Gopal Rai",Bhaktapur,shreya.rai@gmail.com
"Akanshya Rani Shrestha",Hetauda,akanshya.shrestha@hotmail.com
"Laxmi  Shrestha",Biratnagar,laxmi.shrestha@hotmail.com
"Farukh  Gurung",Butwal,farukh.gurung@gmail.com
"Ram Kaur Thapa",Biratnagar,ram.thapa@gmail.com
"Hari  Gurung",Kathmandu,hari.gurung@gmail.com
"Shreya Prasad Sharma",Butwal,shreya.sharma@live.com
"Ram Devi Rai",Nepalgunj,ram.rai@gmail.com
"Hari Gopal Gurung",Birgunj,hari.gurung@hotmail.com
"Laxmi Kaur Sharma",Birgunj,laxmi.sharma@gmail.com
"Laxmi  Thapa",Pokhara,laxmi.thapa@hotmail.com
"Laxman  Pandey",Kathmandu,laxman.pandey@gmail.com
"Hari  Tamang",Lalitpur,hari.tamang@hotmail.com
"Venu Kumari Shrestha",Nepalgunj,venu.shrestha@hotmail.com
"Avantika Gopal Iyer",Dharan,avantika.iyer@gmail.com
"Venu Prasad Bhattarai",Hetauda,venu.bhattarai@hotmail.com
"Avantika  Rana",Bhaktapur,avantika.rana@hotmail.com
"Venu  Gurung",Birgunj,venu.gurung@live.com
"Venu  Rana",Pokhara,venu.rana@live.com
"Hari Prasad Thapa",Lalitpur,hari.thapa@gmail.com
"Akanshya Kumari Iyer",Biratnagar,akanshya.iyer@gmail.com
"Fatima  Pandey",Bhaktapur,fatima.pandey@gmail.com
"Hari Kumari Gurung",Kathmandu,hari.gurung@live.com
"Shreya Kumar Thapa",Nepalgunj,shreya.thapa@gmail.com
"Ram  Shrestha",Lalitpur,ram.shrestha@gmail.com
"Ram  Pandey",Dharan,ram.pandey@gmail.com
"Laxman  Shrestha",Pokhara,laxman.shrestha@gmail.com
"Venu Kumari Thapa",Lalitpur,venu.thapa@live.com
"Fatima Kaur Rana",Birgunj,fatima.rana@live.com
"Shreya  Tamang",Dharan,shreya.tamang@hotmail.com
"Farukh Kumar Khan",Butwal,farukh.khan@gmail.com
"Fatima  Rana",Kathmandu,fatima.rana@gmail.com
"Akanshya Kumari Shrestha",Lalitpur,akanshya.shrestha@live.com
"Farukh  Pandey",Biratnagar,farukh.pandey@hotmail.com
"Akanshya Gopal Pandey",Lalitpur,akanshya.pandey@live.com
"Avantika  Rai",Nepalgunj,avantika.rai@hotmail.com
"Venu  Thapa",Biratnagar,venu.thapa@live.com
"Shreya  Pandey",Biratnagar,shreya.pandey@hotmail.com
"Laxman  Gurung",Lalitpur,laxman.gurung@live.com
"Laxmi  Khan",Butwal,laxmi.khan@live.com
"Ram Bahadur Pandey",Bhaktapur,ram.pandey@hotmail.com
"Fatima  Tamang",Nepalgunj,fatima.tamang@gmail.com
"Fatima Kumar Gurung",Hetauda,fatima.gurung@hotmail.com
"Laxmi Rani Tamang",Hetauda,laxmi.tamang@live.com
"Laxmi Kaur Khan",Biratnagar,laxmi.khan@live.com
"Fatima  Thapa",Kathmandu,fatima.thapa@gmail.com
"Avantika  Tamang",Pokhara,avantika.tamang@live.com
"Hari Prasad Thapa",Hetauda,hari.thapa@live.com
"Laxman  Shrestha",Bhaktapur,laxman.shrestha@live.com
"Laxman Kumar Shrestha",Dharan,laxman.shrestha@gmail.com
"Ram  Sharma",Pokhara,ram.sharma@hotmail.com
"Hari  Tamang",Biratnagar,hari.tamang@live.com
"Laxman Kumari Pandey",Lalitpur,laxman.pandey@hotmail.com
"Ram  Tamang",Pokhara,ram.tamang@gmail.com
"Fatima Kaur Iyer",Butwal,fatima.iyer@hotmail.com
"Venu Ali Rai",Biratnagar,venu.rai@gmail.com
"Laxmi Kaur Thapa",Pokhara,laxmi.thapa@live.com
"Ram  Sharma",Birgunj,ram.sharma@live.com
"Laxman  Pandey",Pokhara,laxman.pandey@live.com
"Laxman Kumari Shrestha",Hetauda,laxman.shrestha@gmail.com
"Shreya  Iyer",Kathmandu,shreya.iyer@gmail.com
"Fatima Gopal Pandey",Bhaktapur,fatima.pandey@live.com
"Farukh Prasad Pandey",Hetauda,farukh.pandey@gmail.com
"Venu  Khan",Hetauda,venu.khan@live.com
"Fatima Prasad Rai",Butwal,fatima.rai@gmail.com
"Laxman Prasad Tamang",Nepalgunj,laxman.tamang@live.com
"Shreya Gopal Gurung",Pokhara,shreya.gurung@live.com
"Akanshya Prasad Gurung",Butwal,akanshya.gurung@gmail.com
"Avantika Kaur Sharma",Bhaktapur,avantika.sharma@gmail.com
"Akanshya  Iyer",Nepalgunj,akanshya.iyer@live.com
"Laxmi  Iyer",Bhaktapur,laxmi.iyer@hotmail.com
"Shreya  Khan",Biratnagar,shreya.khan@gmail.com
"Laxman  Pandey",Lalitpur,laxman.pandey@live.com
"Hari Prasad Khan",Pokhara,hari.khan@gmail.com
"Ram  Rai",Pokhara,ram.rai@live.com
"Shreya Kaur Shrestha",Dharan,shreya.shrestha@hotmail.com
"Avantika  Bhattarai",Bhaktapur,avantika.bhattarai@live.com
"Venu Bahadur Rana",Birgunj,venu.rana@gmail.com
"Shreya  Pandey",Bhaktapur,shreya.pandey@hotmail.com
"Ram  Rana",Dharan,ram.rana@hotmail.com
"Laxmi  Rana",Butwal,laxmi.rana@hotmail.com
"Hari  Rana",Birgunj,hari.rana@gmail.com
"Laxmi  Iyer",Hetauda,laxmi.iyer@gmail.com
"Farukh  Gurung",Hetauda,farukh.gurung@live.com
"Avantika  Shrestha",Lalitpur,avantika.shrestha@hotmail.com
"Venu Kumar Rai",Dharan,venu.rai@live.com
"Avantika  Iyer",Dharan,avantika.iyer@gmail.com
"Fatima  Rai",Birgunj,fatima.rai@live.com
"Fatima Devi Khan",Bhaktapur,fatima.khan@hotmail.com
"Venu Rani Iyer",Birgunj,venu.iyer@live.com
"Venu  Thapa",Nepalgunj,venu.thapa@live.com
"Hari  Rana",Biratnagar,hari.rana@live.com
"Avantika  Shrestha",Pokhara,avantika.shrestha@gmail.com
"Laxmi  Bhattarai",Kathmandu,laxmi.bhattarai@gmail.com
"Laxmi  Rai",Birgunj,laxmi.rai@live.com
"Laxman Kumari Gurung",Butwal,laxman.gurung@hotmail.com
"Laxman Bahadur Gurung",Birgunj,laxman.gurung@live.com
"Avantika  Iyer",Bhaktapur,avantika.iyer@live.com
"Venu  Shrestha",Dharan,venu.shrestha@gmail.com
"Shreya  Rai",Bhaktapur,shreya.rai@hotmail.com
"Shreya Kumari Rana",Nepalgunj,shreya.rana@hotmail.com
"Fatima  Gurung",Bhaktapur,fatima.gurung@live.com
"Avantika  Rana",Hetauda,avantika.rana@gmail.com
"Farukh  Shrestha",Biratnagar,farukh.shrestha@live.com
"Shreya Devi Pandey",Kathmandu,shreya.pandey@gmail.com
"Shreya  Sharma",Butwal,shreya.sharma@gmail.com
"Fatima  Pandey",Nepalgunj,fatima.pandey@gmail.com
"Farukh Gopal Bhattarai",Kathmandu,farukh.bhattarai@gmail.com
"Hari  Rana",Dharan,hari.rana@gmail.com
"Fatima  Rai",Nepalgunj,fatima.rai@gmail.com
"Hari  Tamang",Kathmandu,hari.tamang@live.com
"Akanshya Prasad Rai",Biratnagar,akanshya.rai@gmail.com
"Venu Prasad Rana",Dharan,venu.rana@hotmail.com
"Fatima  Bhattarai",Bhaktapur,fatima.bhattarai@hotmail.com
"Venu  Bhattarai",Bhaktapur,venu.bhattarai@hotmail.com
"Farukh  Tamang",Nepalgunj,farukh.tamang@live.com
"Laxmi  Thapa",Butwal,laxmi.thapa@live.com
"Avantika  Thapa",Pokhara,avantika.thapa@hotmail.com
"Akanshya  Sharma",Biratnagar,akanshya.sharma@hotmail.com
"Avantika  Shrestha",Birgunj,avantika.shrestha@gmail.com
"Ram Ali Rai",Bhaktapur,ram.rai@hotmail.com
"Fatima  Tamang",Biratnagar,fatima.tamang@live.com
"Ram Kumari Rana",Pokhara,ram.rana@hotmail.com
"Laxman  Rai",Biratnagar,laxman.rai@gmail.com
"Hari  Khan",Birgunj,hari.khan@hotmail.com
"Laxman  Shrestha",Pokhara,laxman.shrestha@live.com
"Avantika  Gurung",Lalitpur,avantika.gurung@hotmail.com
"Shreya  Gurung",Bhaktapur,shreya.gurung@gmail.com
"Akanshya  Pandey",Pokhara,akanshya.pandey@hotmail.com
"Shreya  Rai",Bhaktapur,shreya.rai@gmail.com
"Laxman Devi Thapa",Nepalgunj,laxman.thapa@live.com
"Avantika  Iyer",Nepalgunj,avantika.iyer@hotmail.com
"Farukh  Sharma",Biratnagar,farukh.sharma@live.com
"Venu  Thapa",Kathmandu,venu.thapa@hotmail.com
"Hari Rani Gurung",Kathmandu,hari.gurung@live.com
"Fatima Gopal Shrestha",Dharan,fatima.shrestha@hotmail.com
"Laxmi  Thapa",Dharan,laxmi.thapa@live.com
"Farukh  Iyer",Hetauda,farukh.iyer@gmail.com
"Fatima  Tamang",Birgunj,fatima.tamang@gmail.com
"Laxmi Kumari Pandey",Lalitpur,laxmi.pandey@live.com
"Laxman Devi Pandey",Lalitpur,laxman.pandey@hotmail.com
"Hari Begum Khan",Hetauda,hari.khan@live.com
"Akanshya  Thapa",Bhaktapur,akanshya.thapa@live.com
"Fatima  Shrestha",Hetauda,fatima.shrestha@live.com
"Farukh  Bhattarai",Hetauda,farukh.bhattarai@live.com
"Ram Prasad Bhattarai",Nepalgunj,ram.bhattarai@hotmail.com
"Avantika  Bhattarai",Nepalgunj,avantika.bhattarai@live.com
"Ram  Iyer",Nepalgunj,ram.iyer@hotmail.com
"Ram Kumari Khan",Biratnagar,ram.khan@live.com
"Venu  Tamang",Dharan,venu.tamang@gmail.com
"Fatima Kumari Pandey",Hetauda,fatima.pandey@gmail.com
"Akanshya  Iyer",Lalitpur,akanshya.iyer@live.com
"Farukh Bahadur Pandey",Biratnagar,farukh.pandey@gmail.com
"Venu  Sharma",Hetauda,venu.sharma@live.com
"Hari Kaur Iyer",Kathmandu,hari.iyer@gmail.com
"Venu Begum Rai",Birgunj,venu.rai@hotmail.com
"Akanshya Kumar Rana",Kathmandu,akanshya.rana@live.com
"Shreya  Thapa",Lalitpur,shreya.thapa@hotmail.com
"Hari  Rana",Lalitpur,hari.rana@live.com
"Akanshya  Shrestha",Butwal,akanshya.shrestha@live.com
"Laxmi  Pandey",Hetauda,laxmi.pandey@live.com
"Fatima  Khan",Nepalgunj,fatima.khan@gmail.com
"Hari Gopal Thapa",Dharan,hari.thapa@live.com
"Hari Kumari Rana",Kathmandu,hari.rana@live.com
"Hari  Pandey",Dharan,hari.pandey@live.com
"Shreya Prasad Thapa",Lalitpur,shreya.thapa@hotmail.com
"Fatima Kumari Khan",Lalitpur,fatima.khan@hotmail.com
"Shreya Prasad Rai",Bhaktapur,shreya.rai@gmail.com
"Shreya Begum Bhattarai",Kathmandu,shreya.bhattarai@hotmail.com
"Laxmi  Bhattarai",Nepalgunj,laxmi.bhattarai@gmail.com
"Ram Kaur Bhattarai",Pokhara,ram.bhattarai@live.com
"Avantika  Sharma",Birgunj,avantika.sharma@hotmail.com
"Farukh Bahadur Thapa",Hetauda,farukh.thapa@hotmail.com
"Shreya Bahadur Sharma",Biratnagar,shreya.sharma@gmail.com
"Venu Kumar Tamang",Butwal,venu.tamang@live.com
"Venu Gopal Rana",Bhaktapur,venu.rana@hotmail.com
"Laxman Rani Pandey",Biratnagar,laxman.pandey@live.com
"Laxman  Rana",Nepalgunj,laxman.rana@live.com
"Akanshya  Shrestha",Hetauda,akanshya.shrestha@gmail.com
"Akanshya Kumar Bhattarai",Pokhara,akanshya.bhattarai@hotmail.com
"Fatima Begum Bhattarai",Hetauda,fatima.bhattarai@gmail.com
"Ram Kumari Shrestha",Dharan,ram.shrestha@live.com
"Laxman  Tamang",Hetauda,laxman.tamang@hotmail.com
"Akanshya Begum Rana",Butwal,akanshya.rana@gmail.com
"Ram Rani Shrestha",Bhaktapur,ram.shrestha@hotmail.com
"Shreya Rani Gurung",Hetauda,shreya.gurung@hotmail.com
"Avantika Prasad Pandey",Hetauda,avantika.pandey@live.com
"Shreya  Gurung",Biratnagar,shreya.gurung@gmail.com
"Venu  Rai",Pokhara,venu.rai@live.com
"Laxmi Gopal Rai",Butwal,laxmi.rai@live.com
"Farukh  Shrestha",Butwal,farukh.shrestha@live.com
"Venu Bahadur Khan",Hetauda,venu.khan@hotmail.com
"Shreya  Rai",Bhaktapur,shreya.rai@hotmail.com
"Avantika  Bhattarai",Kathmandu,avantika.bhattarai@live.com
"Shreya  Rai",Kathmandu,shreya.rai@hotmail.com
"Fatima  Iyer",Dharan,fatima.iyer@live.com
"Ram  Shrestha",Pokhara,ram.shrestha@hotmail.com
"Ram Ali Bhattarai",Hetauda,ram.bhattarai@live.com
"Farukh Kaur Thapa",Lalitpur,farukh.thapa@hotmail.com
"Laxman  Shrestha",Hetauda,laxman.shrestha@hotmail.com
"Akanshya Kumar Rana",Butwal,akanshya.rana@hotmail.com
"Venu Gopal Khan",Dharan,venu.khan@hotmail.com
"Fatima  Pandey",Hetauda,fatima.pandey@hotmail.com
"Akanshya Kaur Pandey",Biratnagar,akanshya.pandey@live.com
"Fatima  Sharma",Butwal,fatima.sharma@hotmail.com
"Laxmi Begum Tamang",Dharan,laxmi.tamang@gmail.com
"Fatima  Gurung",Biratnagar,fatima.gurung@live.com
"Shreya  Shrestha",Biratnagar,shreya.shrestha@live.com
"Fatima  Khan",Kathmandu,fatima.khan@hotmail.com
"Fatima Kaur Rai",Nepalgunj,fatima.rai@gmail.com
"Ram Kumar Iyer",Birgunj,ram.iyer@gmail.com
"Shreya Ali Sharma",Biratnagar,shreya.sharma@gmail.com
"Ram Begum Iyer",Dharan,ram.iyer@gmail.com
"Akanshya  Iyer",Dharan,akanshya.iyer@hotmail.com
"Venu  Khan",Nepalgunj,venu.khan@live.com
"Fatima Kumar Gurung",Biratnagar,fatima.gurung@live.com
"Fatima Ali Rai",Nepalgunj,fatima.rai@hotmail.com
"Avantika  Pandey",Hetauda,avantika.pandey@live.com
"Avantika Kumar Bhattarai",Butwal,avantika.bhattarai@live.com
"Laxman  Thapa",Kathmandu,laxman.thapa@gmail.com
"Hari  Rai",Biratnagar,hari.rai@gmail.com
"Fatima  Iyer",Kathmandu,fatima.iyer@gmail.com
"Laxmi Kaur Rai",Hetauda,laxmi.rai@hotmail.com
"Farukh Ali Iyer",Lalitpur,farukh.iyer@hotmail.com
"Laxmi Begum Rana",Biratnagar,laxmi.rana@gmail.com
"Laxman Bahadur Iyer",Birgunj,laxman.iyer@gmail.com
"Laxmi  Khan",Hetauda,laxmi.khan@hotmail.com
"Laxman Kaur Tamang",Bhaktapur,laxman.tamang@gmail.com
"Venu Kumari Bhattarai",Pokhara,venu.bhattarai@hotmail.com
"Laxmi  Rana",Butwal,laxmi.rana@gmail.com
"Akanshya  Khan",Butwal,akanshya.khan@live.com
"Farukh  Rana",Butwal,farukh.rana@hotmail.com
"Venu  Bhattarai",Lalitpur,venu.bhattarai@live.com
"Farukh  Rai",Pokhara,farukh.rai@live.com
"Laxmi Ali Pandey",Biratnagar,laxmi.pandey@gmail.com
"Hari Begum Gurung",Birgunj,hari.gurung@live.com
"Shreya  Thapa",Kathmandu,shreya.thapa@hotmail.com
"Farukh Kaur Shrestha",Pokhara,farukh.shrestha@hotmail.com
"Laxmi Ali Thapa",Kathmandu,laxmi.thapa@live.com
"Akanshya  Rana",Nepalgunj,akanshya.rana@gmail.com
"Venu  Pandey",Bhaktapur,venu.pandey@hotmail.com
"Hari  Sharma",Butwal,hari.sharma@gmail.com
"Laxman  Gurung",Birgunj,laxman.gurung@live.com
"Hari Begum Pandey",Kathmandu,hari.pandey@hotmail.com
"Avantika Ali Pandey",Kathmandu,avantika.pandey@gmail.com
"Fatima Begum Iyer",Pokhara,fatima.iyer@gmail.com
"Laxman  Rana",Biratnagar,laxman.rana@gmail.com
"Shreya  Thapa",Hetauda,shreya.thapa@hotmail.com
"Venu  Khan",Nepalgunj,venu.khan@gmail.com
"Shreya Begum Gurung",Biratnagar,shreya.gurung@hotmail.com
"Farukh  Rai",Pokhara,farukh.rai@live.com
"Laxman  Iyer",Butwal,laxman.iyer@live.com
"Hari Prasad Thapa",Kathmandu,hari.thapa@gmail.com
"Shreya  Pandey",Pokhara,shreya.pandey@hotmail.com
"Ram Gopal Iyer",Butwal,ram.iyer@live.com
"Hari  Shrestha",Lalitpur,hari.shrestha@gmail.com
"Fatima  Thapa",Biratnagar,fatima.thapa@live.com
"Ram  Rai",Pokhara,ram.rai@live.com
"Ram  Thapa",Birgunj,ram.thapa@live.com
"Venu Bahadur Shrestha",Butwal,venu.shrestha@live.com
"Laxmi Devi Gurung",Biratnagar,laxmi.gurung@live.com
"Avantika Kumari Iyer",Bhaktapur,avantika.iyer@gmail.com
"Ram Kumari Tamang",Birgunj,ram.tamang@live.com
"Laxmi Begum Sharma",Nepalgunj,laxmi.sharma@gmail.com
"Akanshya Prasad Rai",Bhaktapur,akanshya.rai@live.com
"Laxmi Kumari Khan",Lalitpur,laxmi.khan@hotmail.com
"Akanshya  Rana",Pokhara,akanshya.rana@hotmail.com
"Hari Bahadur Iyer",Biratnagar,hari.iyer@gmail.com
"Shreya Begum Tamang",Butwal,shreya.tamang@live.com
"Akanshya Devi Bhattarai",Butwal,akanshya.bhattarai@hotmail.com
"Farukh Gopal Pandey",Birgunj,farukh.pandey@live.com
"Hari  Bhattarai",Lalitpur,hari.bhattarai@hotmail.com
"Ram Kaur Thapa",Dharan,ram.thapa@live.com
"Akanshya Kaur Thapa",Butwal,akanshya.thapa@hotmail.com
"Shreya  Tamang",Birgunj,shreya.tamang@live.com
"Fatima Prasad Sharma",Bhaktapur,fatima.sharma@gmail.com
"Shreya  Sharma",Pokhara,shreya.sharma@live.com
"Venu  Tamang",Dharan,venu.tamang@hotmail.com
"Shreya Kumari Tamang",Birgunj,shreya.tamang@live.com
"Akanshya Begum Thapa",Biratnagar,akanshya.thapa@gmail.com
"Laxmi Begum Tamang",Lalitpur,laxmi.tamang@gmail.com
"Akanshya  Thapa",Kathmandu,akanshya.thapa@hotmail.com
"Ram Bahadur Thapa",Dharan,ram.thapa@live.com
"Shreya  Rai",Kathmandu,shreya.rai@hotmail.com
"Laxmi  Pandey",Bhaktapur,laxmi.pandey@hotmail.com
"Farukh  Iyer",Lalitpur,farukh.iyer@live.com
"Hari  Khan",Dharan,hari.khan@hotmail.com
"Akanshya Rani Iyer",Butwal,akanshya.iyer@gmail.com
"Laxmi Begum Gurung",Biratnagar,laxmi.gurung@hotmail.com
"Laxman Kumari Rana",Hetauda,laxman.rana@hotmail.com
"Fatima  Gurung",Dharan,fatima.gurung@hotmail.com
"Laxmi Kaur Thapa",Dharan,laxmi.thapa@live.com
"Hari Devi Iyer",Hetauda,hari.iyer@gmail.com
"Avantika Devi Gurung",Birgunj,avantika.gurung@hotmail.com
"Ram  Rai",Dharan,ram.rai@live.com
"Hari  Pandey",Biratnagar,hari.pandey@hotmail.com
"Laxmi  Bhattarai",Birgunj,laxmi.bhattarai@live.com
"Laxmi  Gurung",Nepalgunj,laxmi.gurung@live.com
"Shreya  Tamang",Kathmandu,shreya.tamang@live.com
"Shreya Prasad Pandey",Bhaktapur,shreya.pandey@live.com
"Fatima  Thapa",Hetauda,fatima.thapa@live.com
"Ram  Rai",Butwal,ram.rai@gmail.com
"Laxman Gopal Thapa",Pokhara,laxman.thapa@gmail.com
"Laxmi Kumar Pandey",Lalitpur,laxmi.pandey@gmail.com
"Fatima  Rai",Dharan,fatima.rai@live.com
"Venu Bahadur Thapa",Nepalgunj,venu.thapa@hotmail.com
"Avantika Kaur Thapa",Hetauda,avantika.thapa@live.com
"Akanshya Ali Bhattarai",Birgunj,akanshya.bhattarai@live.com
"Laxman  Shrestha",Lalitpur,laxman.shrestha@hotmail.com
"Akanshya  Rana",Kathmandu,akanshya.rana@live.com
"Ram Kumar Bhattarai",Lalitpur,ram.bhattarai@live.com
"Hari  Bhattarai",Dharan,hari.bhattarai@live.com
"Laxmi  Rana",Dharan,laxmi.rana@gmail.com
"Laxmi  Pandey",Pokhara,laxmi.pandey@gmail.com
"Laxmi  Gurung",Butwal,laxmi.gurung@gmail.com
"Farukh Begum Rana",Hetauda,farukh.rana@gmail.com
"Hari  Khan",Hetauda,hari.khan@hotmail.com
"Akanshya  Iyer",Biratnagar,akanshya.iyer@live.com
"Akanshya  Rana",Kathmandu,akanshya.rana@live.com
"Akanshya  Gurung",Butwal,akanshya.gurung@live.com
"Laxman Devi Gurung",Bhaktapur,laxman.gurung@live.com
"Farukh Kaur Tamang",Pokhara,farukh.tamang@live.com
"Ram Devi Tamang",Kathmandu,ram.tamang@live.com
"Laxmi  Gurung",Butwal,laxmi.gurung@hotmail.com
"Laxman  Rana",Dharan,laxman.rana@gmail.com
"Laxmi  Iyer",Birgunj,laxmi.iyer@gmail.com
"Laxmi  Thapa",Birgunj,laxmi.thapa@live.com
"Hari Begum Thapa",Biratnagar,hari.thapa@gmail.com
"Fatima  Sharma",Nepalgunj,fatima.sharma@hotmail.com
"Farukh Kumari Rai",Nepalgunj,farukh.rai@live.com
"Laxmi Prasad Sharma",Lalitpur,laxmi.sharma@gmail.com
"Farukh  Pandey",Nepalgunj,farukh.pandey@hotmail.com
"Hari  Iyer",Birgunj,hari.iyer@live.com
"Akanshya  Tamang",Butwal,akanshya.tamang@gmail.com
"Laxman Ali Thapa",Lalitpur,laxman.thapa@hotmail.com
"Shreya Devi Pandey",Butwal,shreya.pandey@gmail.com
"Laxmi  Khan",Biratnagar,laxmi.khan@gmail.com
"Laxmi  Shrestha",Pokhara,laxmi.shrestha@hotmail.com
"Ram Ali Shrestha",Kathmandu,ram.shrestha@gmail.com
"Ram  Bhattarai",Bhaktapur,ram.bhattarai@live.com
"Farukh Devi Tamang",Nepalgunj,farukh.tamang@live.com
"Avantika Rani Rana",Bhaktapur,avantika.rana@live.com
"Akanshya Prasad Bhattarai",Kathmandu,akanshya.bhattarai@hotmail.com
"Hari  Iyer",Butwal,hari.iyer@hotmail.com
"Farukh Begum Gurung",Kathmandu,farukh.gurung@hotmail.com
"Laxmi Kumar Iyer",Biratnagar,laxmi.iyer@gmail.com
"Akanshya Ali Bhattarai",Butwal,akanshya.bhattarai@hotmail.com
"Farukh  Thapa",Butwal,farukh.thapa@hotmail.com
"Venu  Iyer",Biratnagar,venu.iyer@hotmail.com
"Farukh Bahadur Khan",Pokhara,farukh.khan@hotmail.com
"Laxmi  Shrestha",Biratnagar,laxmi.shrestha@hotmail.com
"Laxmi Devi Tamang",Birgunj,laxmi.tamang@gmail.com
"Venu Gopal Tamang",Birgunj,venu.tamang@hotmail.com
"Fatima  Thapa",Bhaktapur,fatima.thapa@hotmail.com
"Shreya Ali Khan",Kathmandu,shreya.khan@gmail.com
"Fatima  Sharma",Bhaktapur,fatima.sharma@live.com
"Laxman  Rai",Pokhara,laxman.rai@gmail.com
"Laxmi Devi Pandey",Bhaktapur,laxmi.pandey@live.com
"Ram  Bhattarai",Kathmandu,ram.bhattarai@gmail.com
"Ram Kumari Sharma",Butwal,ram.sharma@gmail.com
"Farukh  Thapa",Nepalgunj,farukh.thapa@hotmail.com
"Shreya Kumari Sharma",Kathmandu,shreya.sharma@gmail.com
"Hari  Iyer",Kathmandu,hari.iyer@gmail.com
"Fatima  Iyer",Butwal,fatima.iyer@live.com
"Avantika Kaur Sharma",Dharan,avantika.sharma@hotmail.com
"Venu  Thapa",Pokhara,venu.thapa@gmail.com
"Laxmi Bahadur Sharma",Lalitpur,laxmi.sharma@hotmail.com
"Farukh  Gurung",Pokhara,farukh.gurung@hotmail.com
"Akanshya  Gurung",Hetauda,akanshya.gurung@gmail.com
"Fatima Ali Sharma",Lalitpur,fatima.sharma@live.com
"Laxmi  Shrestha",Dharan,laxmi.shrestha@live.com
"Farukh Kaur Sharma",Dharan,farukh.sharma@live.com
"Avantika  Gurung",Biratnagar,avantika.gurung@hotmail.com
"Shreya Prasad Bhattarai",Kathmandu,shreya.bhattarai@gmail.com
"Laxman  Thapa",Butwal,laxman.thapa@gmail.com
"Venu Kumar Thapa",Butwal,venu.thapa@live.com
"Avantika Rani Pandey",Bhaktapur,avantika.pandey@live.com
"Venu Gopal Iyer",Hetauda,venu.iyer@live.com
"Ram  Pandey",Lalitpur,ram.pandey@hotmail.com
"Hari  Thapa",Dharan,hari.thapa@hotmail.com
"Hari Prasad Gurung",Pokhara,hari.gurung@live.com
"Avantika Kumari Khan",Biratnagar,avantika.khan@live.com
"Shreya Kaur Shrestha",Bhaktapur,shreya.shrestha@hotmail.com
"Shreya  Bhattarai",Pokhara,shreya.bhattarai@live.com
"Laxman Begum Rai",Dharan,laxman.rai@live.com
"Ram Devi Thapa",Kathmandu,ram.thapa@gmail.com
"Hari  Bhattarai",Kathmandu,hari.bhattarai@hotmail.com
"Akanshya  Rai",Dharan,akanshya.rai@live.com
"Laxmi  Bhattarai",Kathmandu,laxmi.bhattarai@hotmail.com
"Laxmi Rani Bhattarai",Biratnagar,laxmi.bhattarai@live.com
"Venu Bahadur Iyer",Butwal,venu.iyer@gmail.com
"Venu Bahadur Rana",Bhaktapur,venu.rana@hotmail.com
"Ram  Thapa",Kathmandu,ram.thapa@live.com
"Farukh  Khan",Nepalgunj,farukh.khan@gmail.com
"Hari Devi Rai",Bhaktapur,hari.rai@hotmail.com
"Laxman Bahadur Shrestha",Birgunj,laxman.shrestha@gmail.com
"Hari Begum Shrestha",Biratnagar,hari.shrestha@hotmail.com
"Laxmi  Thapa",Kathmandu,laxmi.thapa@gmail.com
"Shreya  Tamang",Bhaktapur,shreya.tamang@live.com
"Avantika Prasad Pandey",Hetauda,avantika.pandey@gmail.com
"Avantika Rani Gurung",Birgunj,avantika.gurung@live.com
"Venu Prasad Khan",Hetauda,venu.khan@gmail.com
"Fatima Bahadur Pandey",Pokhara,fatima.pandey@live.com
"Hari  Rana",Hetauda,hari.rana@live.com
"Venu Kumari Rai",Pokhara,venu.rai@hotmail.com
"Ram Kaur Tamang",Pokhara,ram.tamang@gmail.com
"Avantika Rani Rana",Biratnagar,avantika.rana@gmail.com
"Hari  Khan",Bhaktapur,hari.khan@hotmail.com
"Ram Prasad Khan",Butwal,ram.khan@hotmail.com
"Avantika  Pandey",Hetauda,avantika.pandey@gmail.com
"Farukh  Khan",Hetauda,farukh.khan@gmail.com
"Akanshya Ali Gurung",Biratnagar,akanshya.gurung@hotmail.com
"Farukh Kumar Pandey",Dharan,farukh.pandey@hotmail.com
"Shreya Begum Khan",Biratnagar,shreya.khan@gmail.com
"Farukh Kumari Tamang",Biratnagar,farukh.tamang@hotmail.com
"Shreya  Rai",Nepalgunj,shreya.rai@hotmail.com
"Fatima  Pandey",Nepalgunj,fatima.pandey@live.com
"Hari Begum Tamang",Biratnagar,hari.tamang@hotmail.com
"Laxmi  Bhattarai",Bhaktapur,laxmi.bhattarai@live.com
"Hari  Gurung",Lalitpur,hari.gurung@hotmail.com
"Fatima  Shrestha",Birgunj,fatima.shrestha@live.com
"Laxmi Rani Sharma",Butwal,laxmi.sharma@gmail.com
"Laxmi  Tamang",Birgunj,laxmi.tamang@hotmail.com
"Laxman Ali Thapa",Birgunj,laxman.thapa@hotmail.com
"Ram  Tamang",Biratnagar,ram.tamang@hotmail.com
"Laxman Prasad Tamang",Lalitpur,laxman.tamang@live.com
"Avantika Rani Gurung",Nepalgunj,avantika.gurung@gmail.com
"Avantika Devi Thapa",Butwal,avantika.thapa@gmail.com
"Hari Devi Pandey",Hetauda,hari.pandey@hotmail.com
"Shreya  Sharma",Dharan,shreya.sharma@live.com
"Venu  Khan",Butwal,venu.khan@live.com
"Laxman  Shrestha",Nepalgunj,laxman.shrestha@hotmail.com
"Fatima Prasad Gurung",Butwal,fatima.gurung@gmail.com
"Laxman Devi Shrestha",Butwal,laxman.shrestha@gmail.com
"Farukh  Shrestha",Kathmandu,farukh.shrestha@live.com
"Farukh Ali Gurung",Butwal,farukh.gurung@gmail.com
"Farukh  Shrestha",Butwal,farukh.shrestha@gmail.com
"Shreya Devi Pandey",Birgunj,shreya.pandey@live.com
"Ram  Iyer",Nepalgunj,ram.iyer@gmail.com
"Fatima Gopal Sharma",Nepalgunj,fatima.sharma@live.com
"Venu  Pandey",Lalitpur,venu.pandey@live.com
"Venu Rani Shrestha",Dharan,venu.shrestha@gmail.com
"Laxman  Gurung",Dharan,laxman.gurung@gmail.com
"Venu Kumar Iyer",Biratnagar,venu.iyer@live.com
"Laxmi Kaur Tamang",Dharan,laxmi.tamang@hotmail.com
"Avantika Kumar Bhattarai",Bhaktapur,avantika.bhattarai@hotmail.com
"Shreya Kumar Sharma",Biratnagar,shreya.sharma@live.com
"Laxmi Gopal Pandey",Pokhara,laxmi.pandey@gmail.com
"Laxman  Tamang",Butwal,laxman.tamang@live.com
"Laxmi Prasad Sharma",Hetauda,laxmi.sharma@hotmail.com
"Hari  Gurung",Kathmandu,hari.gurung@gmail.com
"Laxman  Thapa",Bhaktapur,laxman.thapa@gmail.com
"Avantika  Shrestha",Bhaktapur,avantika.shrestha@gmail.com
"Laxman  Rai",Hetauda,laxman.rai@live.com
"Laxman  Khan",Hetauda,laxman.khan@live.com
"Akanshya  Khan",Nepalgunj,akanshya.khan@live.com
"Shreya  Gurung",Pokhara,shreya.gurung@live.com
"Hari  Tamang",Hetauda,hari.tamang@hotmail.com
"Hari  Pandey",Butwal,hari.pandey@hotmail.com
"Farukh  Rana",Bhaktapur,farukh.rana@live.com
"Ram  Thapa",Hetauda,ram.thapa@live.com
"Laxmi  Rana",Birgunj,laxmi.rana@hotmail.com
"Laxmi  Gurung",Birgunj,laxmi.gurung@live.com
"Laxmi Ali Bhattarai",Bhaktapur,laxmi.bhattarai@hotmail.com
"Hari  Rai",Hetauda,hari.rai@gmail.com
"Avantika  Tamang",Butwal,avantika.tamang@gmail.com
"Avantika  Tamang",Dharan,avantika.tamang@hotmail.com
"Laxman  Iyer",Bhaktapur,laxman.iyer@hotmail.com
"Shreya Gopal Rai",Pokhara,shreya.rai@live.com
"Shreya  Shrestha",Dharan,shreya.shrestha@gmail.com
"Akanshya Kumar Thapa",Nepalgunj,akanshya.thapa@live.com
"Akanshya Begum Sharma",Biratnagar,akanshya.sharma@gmail.com
"Farukh Ali Rana",Kathmandu,farukh.rana@gmail.com
"Ram Rani Iyer",Butwal,ram.iyer@hotmail.com
"Venu Kaur Rana",Butwal,venu.rana@hotmail.com
"Akanshya  Pandey",Pokhara,akanshya.pandey@gmail.com
"Laxman Gopal Thapa",Lalitpur,laxman.thapa@gmail.com
"Fatima  Gurung",Lalitpur,fatima.gurung@gmail.com
"Shreya Kaur Bhattarai",Butwal,shreya.bhattarai@hotmail.com
"Shreya Kumar Shrestha",Dharan,shreya.shrestha@hotmail.com
"Ram  Khan",Bhaktapur,ram.khan@hotmail.com
"Venu Ali Bhattarai",Birgunj,venu.bhattarai@gmail.com
"Laxmi  Khan",Nepalgunj,laxmi.khan@gmail.com
"Ram Devi Rana",Birgunj,ram.rana@live.com
"Farukh  Sharma",Nepalgunj,farukh.sharma@hotmail.com
"Shreya  Khan",Lalitpur,shreya.khan@hotmail.com
"Fatima  Rai",Kathmandu,fatima.rai@hotmail.com
"Ram Rani Gurung",Kathmandu,ram.gurung@hotmail.com
"Laxmi Kaur Bhattarai",Nepalgunj,laxmi.bhattarai@hotmail.com
"Avantika Begum Gurung",Biratnagar,avantika.gurung@gmail.com
"Shreya Kaur Iyer",Birgunj,shreya.iyer@hotmail.com
"Fatima  Sharma",Butwal,fatima.sharma@live.com
"Hari  Pandey",Birgunj,hari.pandey@gmail.com
"Farukh Ali Bhattarai",Butwal,farukh.bhattarai@hotmail.com
"Hari  Rai",Nepalgunj,hari.rai@hotmail.com
"Farukh  Bhattarai",Nepalgunj,farukh.bhattarai@hotmail.com
"Ram Bahadur Thapa",Kathmandu,ram.thapa@gmail.com
"Laxman  Pandey",Pokhara,laxman.pandey@live.com
"Ram Begum Gurung",Biratnagar,ram.gurung@gmail.com
"Ram  Tamang",Butwal,ram.tamang@hotmail.com
"Ram  Iyer",Lalitpur,ram.iyer@gmail.com
"Akanshya  Shrestha",Nepalgunj,akanshya.shrestha@hotmail.com
"Hari Devi Gurung",Biratnagar,hari.gurung@live.com
"Ram  Tamang",Butwal,ram.tamang@hotmail.com
"Hari  Bhattarai",Nepalgunj,hari.bhattarai@live.com
"Ram  Tamang",Birgunj,ram.tamang@hotmail.com
"Hari  Tamang",Dharan,hari.tamang@hotmail.com
"Fatima Gopal Sharma",Dharan,fatima.sharma@hotmail.com
"Venu  Iyer",Kathmandu,venu.iyer@live.com
"Laxman Kumar Pandey",Birgunj,laxman.pandey@hotmail.com
"Venu Rani Khan",Bhaktapur,venu.khan@live.com
"Fatima  Khan",Biratnagar,fatima.khan@gmail.com
"Laxman Kumar Sharma",Nepalgunj,laxman.sharma@gmail.com
"Farukh  Rana",Butwal,farukh.rana@hotmail.com
"Fatima  Thapa",Pokhara,fatima.thapa@live.com
"Shreya Rani Rai",Dharan,shreya.rai@gmail.com
"Hari  Sharma",Kathmandu,hari.sharma@gmail.com
"Laxman  Rai",Dharan,laxman.rai@live.com
"Farukh Begum Rai",Pokhara,farukh.rai@live.com
"Fatima  Gurung",Bhaktapur,fatima.gurung@live.com
"Hari Bahadur Sharma",Pokhara,hari.sharma@gmail.com
"Shreya Prasad Thapa",Lalitpur,shreya.thapa@hotmail.com
"Fatima Kumari Khan",Dharan,fatima.khan@live.com
"Hari Kaur Iyer",Bhaktapur,hari.iyer@live.com
"Avantika  Rana",Dharan,avantika.rana@live.com
"Shreya  Thapa",Nepalgunj,shreya.thapa@gmail.com
"Farukh Begum Pandey",Hetauda,farukh.pandey@gmail.com
"Avantika Rani Bhattarai",Nepalgunj,avantika.bhattarai@hotmail.com
"Fatima Prasad Rai",Biratnagar,fatima.rai@live.com
"Laxmi  Gurung",Birgunj,laxmi.gurung@live.com
"Farukh Rani Iyer",Nepalgunj,farukh.iyer@live.com
"Venu  Bhattarai",Pokhara,venu.bhattarai@hotmail.com
"Hari Kumar Shrestha",Pokhara,hari.shrestha@gmail.com
"Shreya  Rai",Biratnagar,shreya.rai@live.com
"Ram Kumari Sharma",Birgunj,ram.sharma@gmail.com
"Laxmi  Pandey",Bhaktapur,laxmi.pandey@hotmail.com
"Shreya Gopal Thapa",Lalitpur,shreya.thapa@hotmail.com
"Shreya  Sharma",Biratnagar,shreya.sharma@hotmail.com
"Laxmi Gopal Iyer",Dharan,laxmi.iyer@hotmail.com
"Farukh  Rana",Biratnagar,farukh.rana@live.com
"Avantika Devi Iyer",Birgunj,avantika.iyer@live.com
"Hari  Bhattarai",Hetauda,hari.bhattarai@live.com
"Fatima Begum Khan",Lalitpur,fatima.khan@live.com
"Venu  Sharma",Nepalgunj,venu.sharma@live.com
"Laxmi Devi Tamang",Hetauda,laxmi.tamang@gmail.com
"Farukh Gopal Rana",Birgunj,farukh.rana@gmail.com
"Shreya Ali Gurung",Kathmandu,shreya.gurung@live.com
"Laxmi Prasad Rai",Pokhara,laxmi.rai@hotmail.com
"Ram Kumar Shrestha",Lalitpur,ram.shrestha@gmail.com
"Fatima Bahadur Thapa",Pokhara,fatima.thapa@hotmail.com
"Ram  Rai",Birgunj,ram.rai@live.com
"Shreya  Bhattarai",Lalitpur,shreya.bhattarai@gmail.com
"Hari Kumari Thapa",Pokhara,hari.thapa@hotmail.com
"Laxman  Shrestha",Birgunj,laxman.shrestha@live.com
"Laxman  Pandey",Birgunj,laxman.pandey@gmail.com
"Farukh  Iyer",Lalitpur,farukh.iyer@hotmail.com
"Ram  Bhattarai",Lalitpur,ram.bhattarai@hotmail.com
"Akanshya  Gurung",Dharan,akanshya.gurung@hotmail.com
"Laxmi Begum Gurung",Biratnagar,laxmi.gurung@live.com
"Ram Rani Thapa",Pokhara,ram.thapa@live.com
"Laxman  Bhattarai",Bhaktapur,laxman.bhattarai@live.com
"Venu  Rai",Dharan,venu.rai@gmail.com
"Avantika  Iyer",Biratnagar,avantika.iyer@hotmail.com
"Hari  Pandey",Biratnagar,hari.pandey@live.com
"Venu Devi Rana",Pokhara,venu.rana@gmail.com
"Venu Begum Thapa",Lalitpur,venu.thapa@hotmail.com
"Fatima Begum Tamang",Biratnagar,fatima.tamang@hotmail.com
"Fatima Kaur Sharma",Lalitpur,fatima.sharma@gmail.com
"Farukh Devi Sharma",Nepalgunj,farukh.sharma@hotmail.com
"Ram Kumar Khan",Nepalgunj,ram.khan@hotmail.com
"Shreya Kumari Khan",Bhaktapur,shreya.khan@hotmail.com
"Farukh  Shrestha",Nepalgunj,farukh.shrestha@gmail.com
"Shreya  Gurung",Nepalgunj,shreya.gurung@gmail.com
"Farukh  Sharma",Lalitpur,farukh.sharma@gmail.com
"Fatima Bahadur Sharma",Butwal,fatima.sharma@hotmail.com
"Fatima  Sharma",Biratnagar,fatima.sharma@gmail.com
"Laxmi  Rai",Nepalgunj,laxmi.rai@hotmail.com
"Ram  Iyer",Kathmandu,ram.iyer@live.com
"Laxmi Gopal Iyer",Kathmandu,laxmi.iyer@hotmail.com
"Ram Begum Rai",Kathmandu,ram.rai@live.com
"Akanshya  Tamang",Pokhara,akanshya.tamang@hotmail.com
"Laxmi Kumar Thapa",Butwal,laxmi.thapa@live.com
"Laxman Rani Rai",Pokhara,laxman.rai@hotmail.com
"Farukh  Bhattarai",Bhaktapur,farukh.bhattarai@live.com
"Farukh Bahadur Thapa",Dharan,farukh.thapa@live.com
"Shreya  Rana",Biratnagar,shreya.rana@live.com
"Venu Kumari Rana",Dharan,venu.rana@gmail.com
"Fatima Devi Tamang",Bhaktapur,fatima.tamang@live.com
"Hari Bahadur Bhattarai",Lalitpur,hari.bhattarai@gmail.com
"Fatima  Bhattarai",Birgunj,fatima.bhattarai@live.com
"Laxmi Gopal Sharma",Biratnagar,laxmi.sharma@gmail.com
"Laxmi Prasad Shrestha",Lalitpur,laxmi.shrestha@live.com
"Hari Gopal Sharma",Bhaktapur,hari.sharma@hotmail.com
"Laxmi  Bhattarai",Nepalgunj,laxmi.bhattarai@live.com
"Laxmi  Sharma",Bhaktapur,laxmi.sharma@live.com
"Shreya Devi Gurung",Pokhara,shreya.gurung@gmail.com
"Akanshya  Tamang",Birgunj,akanshya.tamang@gmail.com
"Hari  Rana",Kathmandu,hari.rana@hotmail.com
"Shreya  Tamang",Hetauda,shreya.tamang@hotmail.com
"Laxman Kumari Gurung",Kathmandu,laxman.gurung@live.com
"Laxmi  Tamang",Lalitpur,laxmi.tamang@live.com
"Shreya  Shrestha",Biratnagar,shreya.shrestha@hotmail.com
"Avantika  Sharma",Biratnagar,avantika.sharma@live.com
"Hari  Bhattarai",Birgunj,hari.bhattarai@live.com
"Akanshya  Tamang",Dharan,akanshya.tamang@gmail.com
"Venu Gopal Rana",Biratnagar,venu.rana@gmail.com
"Shreya  Pandey",Pokhara,shreya.pandey@gmail.com
"Venu Kaur Rana",Hetauda,venu.rana@hotmail.com
"Avantika  Bhattarai",Biratnagar,avantika.bhattarai@live.com
"Fatima  Rai",Pokhara,fatima.rai@gmail.com
"Shreya Ali Bhattarai",Birgunj,shreya.bhattarai@live.com
"Laxman  Pandey",Dharan,laxman.pandey@live.com
"Akanshya Ali Bhattarai",Bhaktapur,akanshya.bhattarai@hotmail.com
"Fatima Gopal Rana",Biratnagar,fatima.rana@hotmail.com
"Laxman  Bhattarai",Hetauda,laxman.bhattarai@gmail.com
"Laxman  Thapa",Dharan,laxman.thapa@hotmail.com
"Laxman Gopal Pandey",Hetauda,laxman.pandey@hotmail.com
"Laxman Gopal Bhattarai",Birgunj,laxman.bhattarai@hotmail.com
"Farukh  Iyer",Lalitpur,farukh.iyer@gmail.com
"Fatima  Bhattarai",Hetauda,fatima.bhattarai@hotmail.com
"Ram Ali Tamang",Birgunj,ram.tamang@hotmail.com
"Avantika Prasad Shrestha",Hetauda,avantika.shrestha@gmail.com
"Ram Begum Pandey",Birgunj,ram.pandey@live.com
"Farukh Rani Iyer",Nepalgunj,farukh.iyer@live.com
"Fatima Devi Thapa",Nepalgunj,fatima.thapa@live.com
"Fatima  Shrestha",Biratnagar,fatima.shrestha@gmail.com
"Shreya  Iyer",Bhaktapur,shreya.iyer@hotmail.com
"Venu Rani Sharma",Hetauda,venu.sharma@gmail.com
"Laxman Ali Gurung",Dharan,laxman.gurung@hotmail.com
"Venu Kaur Pandey",Lalitpur,venu.pandey@hotmail.com
"Avantika  Bhattarai",Birgunj,avantika.bhattarai@live.com
"Akanshya  Rai",Bhaktapur,akanshya.rai@gmail.com
"Hari  Gurung",Nepalgunj,hari.gurung@hotmail.com
"Avantika  Bhattarai",Nepalgunj,avantika.bhattarai@live.com
"Avantika  Shrestha",Biratnagar,avantika.shrestha@gmail.com
"Laxman Kaur Pandey",Hetauda,laxman.pandey@hotmail.com
"Laxmi  Rana",Bhaktapur,laxmi.rana@gmail.com
"Shreya Rani Khan",Nepalgunj,shreya.khan@gmail.com
"Fatima Rani Rana",Dharan,fatima.rana@hotmail.com
"Farukh  Rai",Lalitpur,farukh.rai@gmail.com
"Laxmi  Thapa",Butwal,laxmi.thapa@live.com
"Avantika  Rai",Nepalgunj,avantika.rai@gmail.com
"Akanshya Ali Tamang",Nepalgunj,akanshya.tamang@gmail.com
"Laxmi  Sharma",Pokhara,laxmi.sharma@hotmail.com
"Avantika Ali Tamang",Bhaktapur,avantika.tamang@live.com
"Akanshya Kumar Gurung",Dharan,akanshya.gurung@gmail.com
"Ram Kumar Gurung",Bhaktapur,ram.gurung@gmail.com
"Ram  Bhattarai",Bhaktapur,ram.bhattarai@hotmail.com
"Ram  Thapa",Dharan,ram.thapa@gmail.com
"Avantika  Gurung",Lalitpur,avantika.gurung@live.com
"Hari Gopal Iyer",Dharan,hari.iyer@gmail.com
"Avantika Prasad Iyer",Butwal,avantika.iyer@live.com
"Shreya Kumar Gurung",Lalitpur,shreya.gurung@hotmail.com
"Venu  Rana",Lalitpur,venu.rana@gmail.com
"Shreya Begum Pandey",Biratnagar,shreya.pandey@live.com
"Farukh  Gurung",Birgunj,farukh.gurung@gmail.com
"Ram  Rai",Hetauda,ram.rai@gmail.com
"Ram Bahadur Shrestha",Kathmandu,ram.shrestha@hotmail.com
"Venu  Shrestha",Kathmandu,venu.shrestha@hotmail.com
"Laxmi  Bhattarai",Hetauda,laxmi.bhattarai@gmail.com
"Avantika Gopal Tamang",Dharan,avantika.tamang@live.com
"Farukh  Sharma",Pokhara,farukh.sharma@gmail.com
"Avantika  Iyer",Lalitpur,avantika.iyer@live.com
"Akanshya  Rana",Biratnagar,akanshya.rana@live.com
"Hari Rani Thapa",Hetauda,hari.thapa@hotmail.com
"Fatima  Shrestha",Dharan,fatima.shrestha@hotmail.com
"Farukh Rani Pandey",Nepalgunj,farukh.pandey@live.com
"Akanshya  Gurung",Pokhara,akanshya.gurung@live.com
"Laxman  Rai",Nepalgunj,laxman.rai@gmail.com
"Venu Gopal Khan",Biratnagar,venu.khan@hotmail.com
"Shreya Ali Thapa",Lalitpur,shreya.thapa@gmail.com
"Ram Ali Shrestha",Nepalgunj,ram.shrestha@hotmail.com
"Laxmi Gopal Sharma",Lalitpur,laxmi.sharma@gmail.com
"Avantika Gopal Shrestha",Dharan,avantika.shrestha@live.com
"Farukh Ali Shrestha",Bhaktapur,farukh.shrestha@live.com
"Laxmi  Sharma",Nepalgunj,laxmi.sharma@live.com
"Ram Kumar Rana",Hetauda,ram.rana@hotmail.com
"Shreya  Pandey",Biratnagar,shreya.pandey@live.com
"Venu  Thapa",Lalitpur,venu.thapa@hotmail.com
"Farukh  Thapa",Birgunj,farukh.thapa@live.com
"Akanshya  Rana",Bhaktapur,akanshya.rana@gmail.com
"Akanshya Devi Sharma",Lalitpur,akanshya.sharma@gmail.com
"Avantika Ali Thapa",Birgunj,avantika.thapa@gmail.com
"Ram  Shrestha",Biratnagar,ram.shrestha@gmail.com
"Laxmi  Bhattarai",Butwal,laxmi.bhattarai@live.com
"Laxman Rani Khan",Birgunj,laxman.khan@hotmail.com
"Laxman Devi Rai",Bhaktapur,laxman.rai@gmail.com
"Laxman  Tamang",Kathmandu,laxman.tamang@hotmail.com
"Akanshya  Iyer",Bhaktapur,akanshya.iyer@hotmail.com
"Farukh Prasad Khan",Hetauda,farukh.khan@live.com
"Ram Kumari Tamang",Lalitpur,ram.tamang@hotmail.com
"Laxmi  Shrestha",Dharan,laxmi.shrestha@live.com
"Fatima  Rana",Birgunj,fatima.rana@live.com
"Hari  Bhattarai",Kathmandu,hari.bhattarai@hotmail.com
"Akanshya  Rana",Hetauda,akanshya.rana@live.com
"Farukh Begum Bhattarai",Biratnagar,farukh.bhattarai@live.com
"Laxman  Sharma",Hetauda,laxman.sharma@live.com
"Avantika Kumari Tamang",Birgunj,avantika.tamang@gmail.com
"Laxmi  Pandey",Dharan,laxmi.pandey@hotmail.com
"Avantika Prasad Bhattarai",Biratnagar,avantika.bhattarai@live.com
"Hari  Gurung",Biratnagar,hari.gurung@hotmail.com
"Shreya  Shrestha",Nepalgunj,shreya.shrestha@hotmail.com
"Avantika Gopal Thapa",Lalitpur,avantika.thapa@gmail.com
"Avantika Rani Pandey",Nepalgunj,avantika.pandey@gmail.com
"Venu  Rai",Lalitpur,venu.rai@gmail.com
"Farukh Begum Rana",Hetauda,farukh.rana@gmail.com
"Shreya Devi Pandey",Dharan,shreya.pandey@gmail.com
"Akanshya  Khan",Nepalgunj,akanshya.khan@gmail.com
"Akanshya  Gurung",Biratnagar,akanshya.gurung@live.com
"Laxmi  Rana",Bhaktapur,laxmi.rana@live.com
"Shreya Kumari Gurung",Dharan,shreya.gurung@gmail.com
"Ram  Iyer",Biratnagar,ram.iyer@gmail.com
"Ram Ali Sharma",Hetauda,ram.sharma@live.com
"Hari Kaur Pandey",Birgunj,hari.pandey@live.com
"Venu  Sharma",Nepalgunj,venu.sharma@live.com
"Shreya Kaur Gurung",Bhaktapur,shreya.gurung@gmail.com
"Fatima  Sharma",Birgunj,fatima.sharma@gmail.com
"Avantika  Iyer",Dharan,avantika.iyer@gmail.com
"Fatima Prasad Thapa",Kathmandu,fatima.thapa@gmail.com
"Laxmi  Shrestha",Biratnagar,laxmi.shrestha@hotmail.com
"Venu Gopal Rai",Butwal,venu.rai@live.com
"Laxmi  Gurung",Pokhara,laxmi.gurung@live.com
"Ram Begum Shrestha",Dharan,ram.shrestha@hotmail.com
"Laxman Begum Rai",Kathmandu,laxman.rai@hotmail.com
"Laxman Ali Tamang",Pokhara,laxman.tamang@hotmail.com
"Venu  Sharma",Pokhara,venu.sharma@live.com
"Avantika  Khan",Biratnagar,avantika.khan@gmail.com
"Akanshya Bahadur Rana",Hetauda,akanshya.rana@gmail.com
"Akanshya  Rana",Birgunj,akanshya.rana@live.com
"Avantika  Rana",Hetauda,avantika.rana@live.com
"Akanshya Ali Iyer",Hetauda,akanshya.iyer@live.com
"Hari Gopal Khan",Lalitpur,hari.khan@hotmail.com
"Hari  Rai",Dharan,hari.rai@live.com
"Hari Begum Khan",Birgunj,hari.khan@gmail.com
"Farukh  Rana",Dharan,farukh.rana@live.com
"Farukh  Rana",Biratnagar,farukh.rana@gmail.com
"Hari Kaur Pandey",Dharan,hari.pandey@gmail.com
"Akanshya  Khan",Hetauda,akanshya.khan@live.com
"Fatima Kaur Iyer",Bhaktapur,fatima.iyer@gmail.com
"Venu Ali Shrestha",Biratnagar,venu.shrestha@live.com
"Akanshya Kaur Iyer",Bhaktapur,akanshya.iyer@gmail.com
"Akanshya  Rai",Hetauda,akanshya.rai@gmail.com
"Laxman  Gurung",Dharan,laxman.gurung@hotmail.com
"Ram Gopal Bhattarai",Birgunj,ram.bhattarai@hotmail.com
"Hari Devi Iyer",Bhaktapur,hari.iyer@live.com
"Laxman  Bhattarai",Bhaktapur,laxman.bhattarai@hotmail.com
"Shreya Prasad Bhattarai",Pokhara,shreya.bhattarai@gmail.com
"Hari  Shrestha",Dharan,hari.shrestha@hotmail.com
"Shreya Devi Bhattarai",Hetauda,shreya.bhattarai@gmail.com
"Laxman  Sharma",Birgunj,laxman.sharma@hotmail.com
"Laxman  Tamang",Nepalgunj,laxman.tamang@live.com
"Akanshya Kumari Rana",Birgunj,akanshya.rana@live.com
"Farukh  Khan",Lalitpur,farukh.khan@gmail.com
"Fatima Gopal Rana",Lalitpur,fatima.rana@gmail.com
"Fatima Kumari Bhattarai",Biratnagar,fatima.bhattarai@live.com
"Ram Kaur Rana",Lalitpur,ram.rana@hotmail.com
"Farukh  Rai",Bhaktapur,farukh.rai@live.com
"Hari Devi Tamang",Lalitpur,hari.tamang@live.com
"Laxmi Devi Shrestha",Kathmandu,laxmi.shrestha@gmail.com
"Hari Begum Pandey",Dharan,hari.pandey@live.com
"Avantika Kaur Bhattarai",Nepalgunj,avantika.bhattarai@live.com
"Farukh Kumar Tamang",Pokhara,farukh.tamang@live.com
"Shreya  Rai",Nepalgunj,shreya.rai@live.com
"Fatima Rani Pandey",Pokhara,fatima.pandey@live.com
"Fatima Rani Iyer",Birgunj,fatima.iyer@live.com
"Avantika  Rana",Bhaktapur,avantika.rana@hotmail.com
"Ram  Khan",Biratnagar,ram.khan@live.com
"Avantika  Shrestha",Biratnagar,avantika.shrestha@live.com
"Laxman Prasad Bhattarai",Pokhara,laxman.bhattarai@live.com
"Akanshya  Gurung",Pokhara,akanshya.gurung@hotmail.com
"Hari  Thapa",Butwal,hari.thapa@hotmail.com
"Fatima  Khan",Biratnagar,fatima.khan@live.com
"Fatima Ali Pandey",Lalitpur,fatima.pandey@live.com
"Shreya  Bhattarai",Lalitpur,shreya.bhattarai@hotmail.com
"Hari  Khan",Birgunj,hari.khan@live.com
"Laxman Kaur Shrestha",Biratnagar,laxman.shrestha@live.com
"Farukh Begum Tamang",Dharan,farukh.tamang@live.com
"Ram Gopal Tamang",Biratnagar,ram.tamang@live.com
"Fatima Rani Shrestha",Lalitpur,fatima.shrestha@gmail.com
"Laxmi Kumari Sharma",Biratnagar,laxmi.sharma@gmail.com
"Farukh Kumari Iyer",Nepalgunj,farukh.iyer@hotmail.com
"Avantika  Iyer",Pokhara,avantika.iyer@hotmail.com
"Hari  Rai",Kathmandu,hari.rai@hotmail.com
"Farukh  Bhattarai",Hetauda,farukh.bhattarai@hotmail.com
"Fatima  Khan",Kathmandu,fatima.khan@live.com
"Laxman Prasad Shrestha",Bhaktapur,laxman.shrestha@hotmail.com
"Ram  Khan",Lalitpur,ram.khan@hotmail.com
"Laxman  Rana",Birgunj,laxman.rana@gmail.com
"Farukh Kaur Khan",Kathmandu,farukh.khan@hotmail.com
"Hari  Gurung",Lalitpur,hari.gurung@hotmail.com
"Venu Begum Khan",Butwal,venu.khan@gmail.com
"Avantika  Khan",Biratnagar,avantika.khan@hotmail.com
"Ram  Rai",Hetauda,ram.rai@hotmail.com
"Laxmi Devi Khan",Dharan,laxmi.khan@hotmail.com
"Shreya Bahadur Rai",Biratnagar,shreya.rai@gmail.com
"Fatima  Rana",Kathmandu,fatima.rana@gmail.com
"Avantika  Bhattarai",Birgunj,avantika.bhattarai@live.com
"Fatima Prasad Thapa",Hetauda,fatima.thapa@hotmail.com
"Avantika  Rai",Dharan,avantika.rai@live.com
"Venu  Iyer",Bhaktapur,venu.iyer@live.com
"Farukh  Pandey",Dharan,farukh.pandey@gmail.com
"Akanshya  Pandey",Hetauda,akanshya.pandey@live.com
"Shreya  Khan",Bhaktapur,shreya.khan@live.com
"Laxmi Begum Shrestha",Bhaktapur,laxmi.shrestha@live.com
"Akanshya  Bhattarai",Hetauda,akanshya.bhattarai@live.com
"Hari Ali Tamang",Bhaktapur,hari.tamang@live.com
"Akanshya  Shrestha",Hetauda,akanshya.shrestha@live.com
"Avantika Bahadur Thapa",Butwal,avantika.thapa@gmail.com
"Shreya Bahadur Shrestha",Birgunj,shreya.shrestha@gmail.com
"Hari  Iyer",Kathmandu,hari.iyer@hotmail.com
"Shreya  Thapa",Dharan,shreya.thapa@gmail.com
"Farukh  Pandey",Bhaktapur,farukh.pandey@live.com
"Venu  Sharma",Butwal,venu.sharma@live.com
"Avantika  Rana",Birgunj,avantika.rana@hotmail.com
"Laxman  Pandey",Nepalgunj,laxman.pandey@live.com
"Laxman  Shrestha",Kathmandu,laxman.shrestha@hotmail.com
"Laxmi  Khan",Pokhara,laxmi.khan@live.com
"Farukh  Khan",Kathmandu,farukh.khan@gmail.com
"Avantika  Gurung",Pokhara,avantika.gurung@live.com
"Hari  Thapa",Nepalgunj,hari.thapa@hotmail.com
"Venu Kumari Rai",Pokhara,venu.rai@hotmail.com
"Laxman Bahadur Sharma",Dharan,laxman.sharma@hotmail.com
"Ram Kaur Thapa",Pokhara,ram.thapa@live.com
"Akanshya Devi Pandey",Bhaktapur,akanshya.pandey@hotmail.com
"Laxmi Bahadur Rana",Dharan,laxmi.rana@gmail.com
"Avantika Kumari Rana",Dharan,avantika.rana@hotmail.com
"Avantika Bahadur Khan",Pokhara,avantika.khan@hotmail.com
"Laxman Kaur Shrestha",Lalitpur,laxman.shrestha@live.com
"Venu  Thapa",Pokhara,venu.thapa@gmail.com
"Hari  Thapa",Biratnagar,hari.thapa@gmail.com
"Avantika Kumari Thapa",Lalitpur,avantika.thapa@live.com
"Farukh Kumar Thapa",Lalitpur,farukh.thapa@hotmail.com
"Akanshya  Iyer",Bhaktapur,akanshya.iyer@gmail.com
"Akanshya Devi Gurung",Pokhara,akanshya.gurung@hotmail.com
"Ram  Thapa",Biratnagar,ram.thapa@gmail.com
"Venu Ali Bhattarai",Bhaktapur,venu.bhattarai@gmail.com
"Farukh Rani Khan",Hetauda,farukh.khan@hotmail.com
"Ram Ali Sharma",Dharan,ram.sharma@gmail.com
"Farukh  Shrestha",Pokhara,farukh.shrestha@hotmail.com
"Ram  Gurung",Biratnagar,ram.gurung@hotmail.com
"Shreya  Sharma",Birgunj,shreya.sharma@live.com
"Ram Bahadur Rai",Kathmandu,ram.rai@hotmail.com
"Farukh  Rana",Pokhara,farukh.rana@gmail.com
"Venu  Rana",Birgunj,venu.rana@hotmail.com
"Akanshya  Khan",Kathmandu,akanshya.khan@live.com
"Ram Bahadur Rana",Dharan,ram.rana@live.com
"Laxmi Devi Shrestha",Bhaktapur,laxmi.shrestha@gmail.com
"Hari Devi Sharma",Biratnagar,hari.sharma@live.com
"Laxmi Devi Gurung",Birgunj,laxmi.gurung@hotmail.com
"Avantika Kumar Bhattarai",Butwal,avantika.bhattarai@live.com
"Avantika  Iyer",Bhaktapur,avantika.iyer@gmail.com
"Laxman Bahadur Thapa",Bhaktapur,laxman.thapa@hotmail.com
"Farukh  Iyer",Bhaktapur,farukh.iyer@gmail.com
"Ram Bahadur Gurung",Kathmandu,ram.gurung@gmail.com
"Ram Bahadur Pandey",Nepalgunj,ram.pandey@hotmail.com
"Avantika Kumar Tamang",Birgunj,avantika.tamang@hotmail.com
"Shreya Kaur Rana",Dharan,shreya.rana@hotmail.com
"Hari  Khan",Dharan,hari.khan@hotmail.com
"Hari  Pandey",Nepalgunj,hari.pandey@live.com
"Shreya  Rai",Kathmandu,shreya.rai@hotmail.com
"Farukh  Rana",Lalitpur,farukh.rana@gmail.com
"Shreya Kaur Bhattarai",Birgunj,shreya.bhattarai@hotmail.com
"Laxman  Khan",Dharan,laxman.khan@live.com
"Hari Bahadur Rai",Birgunj,hari.rai@hotmail.com
"Shreya Kaur Iyer",Nepalgunj,shreya.iyer@gmail.com
"Hari Ali Rai",Nepalgunj,hari.rai@gmail.com
"Ram Begum Iyer",Kathmandu,ram.iyer@gmail.com
"Laxmi Gopal Sharma",Dharan,laxmi.sharma@gmail.com
"Laxman Kumari Khan",Bhaktapur,laxman.khan@hotmail.com
"Shreya  Pandey",Butwal,shreya.pandey@live.com
"Farukh Bahadur Rana",Pokhara,farukh.rana@hotmail.com
"Shreya Kaur Sharma",Biratnagar,shreya.sharma@live.com
"Akanshya Kumar Sharma",Dharan,akanshya.sharma@live.com
"Avantika Kumari Shrestha",Lalitpur,avantika.shrestha@hotmail.com
"Shreya  Rai",Kathmandu,shreya.rai@gmail.com
"Laxman Devi Shrestha",Hetauda,laxman.shrestha@hotmail.com
"Venu Kaur Thapa",Dharan,venu.thapa@hotmail.com
"Ram Prasad Bhattarai",Hetauda,ram.bhattarai@gmail.com
"Fatima Gopal Gurung",Biratnagar,fatima.gurung@gmail.com
"Hari Gopal Iyer",Hetauda,hari.iyer@gmail.com
"Laxman  Iyer",Nepalgunj,laxman.iyer@gmail.com
"Farukh  Sharma",Pokhara,farukh.sharma@live.com
"Venu  Rai",Nepalgunj,venu.rai@hotmail.com
"Shreya  Thapa",Lalitpur,shreya.thapa@live.com
"Fatima  Gurung",Dharan,fatima.gurung@hotmail.com
"Laxman Rani Shrestha",Bhaktapur,laxman.shrestha@gmail.com
"Ram Kumar Gurung",Dharan,ram.gurung@gmail.com
"Venu Kumar Rana",Hetauda,venu.rana@hotmail.com
"Fatima  Sharma",Nepalgunj,fatima.sharma@live.com
"Akanshya Devi Shrestha",Dharan,akanshya.shrestha@gmail.com
"Avantika Rani Iyer",Biratnagar,avantika.iyer@hotmail.com
"Akanshya  Gurung",Kathmandu,akanshya.gurung@live.com
"Akanshya  Rana",Pokhara,akanshya.rana@hotmail.com
"Hari Gopal Rana",Lalitpur,hari.rana@live.com
"Avantika Kumari Rai",Nepalgunj,avantika.rai@live.com
"Avantika  Tamang",Kathmandu,avantika.tamang@hotmail.com
"Farukh  Thapa",Kathmandu,farukh.thapa@gmail.com
"Laxmi Rani Iyer",Birgunj,laxmi.iyer@hotmail.com
"Venu Rani Thapa",Dharan,venu.thapa@live.com
"Avantika Kaur Gurung",Nepalgunj,avantika.gurung@hotmail.com
"Venu Kaur Pandey",Hetauda,venu.pandey@live.com
"Fatima  Gurung",Hetauda,fatima.gurung@live.com
"Laxmi  Rai",Lalitpur,laxmi.rai@live.com
"Hari Devi Gurung",Lalitpur,hari.gurung@gmail.com
"Ram  Pandey",Kathmandu,ram.pandey@live.com
"Laxman  Tamang",Bhaktapur,laxman.tamang@live.com
"Hari  Rana",Birgunj,hari.rana@hotmail.com
"Shreya Kumari Iyer",Pokhara,shreya.iyer@hotmail.com
"Hari  Rana",Dharan,hari.rana@live.com
"Farukh  Sharma",Hetauda,farukh.sharma@live.com
"Shreya Bahadur Bhattarai",Birgunj,shreya.bhattarai@gmail.com
"Fatima  Rai",Lalitpur,fatima.rai@hotmail.com
"Laxmi  Sharma",Nepalgunj,laxmi.sharma@live.com
"Hari  Rai",Pokhara,hari.rai@hotmail.com
"Venu  Tamang",Butwal,venu.tamang@gmail.com
"Ram  Thapa",Biratnagar,ram.thapa@live.com
"Fatima Prasad Gurung",Pokhara,fatima.gurung@gmail.com
"Avantika  Bhattarai",Butwal,avantika.bhattarai@gmail.com
"Laxmi Kumari Khan",Dharan,laxmi.khan@gmail.com
"Shreya  Bhattarai",Lalitpur,shreya.bhattarai@hotmail.com
"Laxman  Thapa",Nepalgunj,laxman.thapa@gmail.com
"Shreya  Shrestha",Dharan,shreya.shrestha@gmail.com
"Laxmi Devi Tamang",Hetauda,laxmi.tamang@live.com
"Laxman Rani Thapa",Nepalgunj,laxman.thapa@gmail.com
"Akanshya Ali Thapa",Dharan,akanshya.thapa@live.com
"Farukh Bahadur Tamang",Pokhara,farukh.tamang@gmail.com
"Avantika Bahadur Rana",Dharan,avantika.rana@hotmail.com
"Ram  Bhattarai",Nepalgunj,ram.bhattarai@hotmail.com
"Fatima Ali Pandey",Birgunj,fatima.pandey@hotmail.com
"Laxman Rani Thapa",Bhaktapur,laxman.thapa@gmail.com
"Shreya  Khan",Nepalgunj,shreya.khan@hotmail.com
"Hari Kaur Khan",Biratnagar,hari.khan@live.com
"Shreya  Rana",Bhaktapur,shreya.rana@gmail.com
"Laxmi Gopal Bhattarai",Hetauda,laxmi.bhattarai@live.com
"Venu Gopal Sharma",Butwal,venu.sharma@hotmail.com
"Laxmi  Khan",Nepalgunj,laxmi.khan@gmail.com
"Ram  Khan",Kathmandu,ram.khan@gmail.com
"Avantika Kumari Iyer",Pokhara,avantika.iyer@hotmail.com
"Laxman Ali Rana",Dharan,laxman.rana@gmail.com
"Laxmi Gopal Tamang",Nepalgunj,laxmi.tamang@gmail.com
"Hari  Pandey",Kathmandu,hari.pandey@gmail.com
"Farukh  Shrestha",Pokhara,farukh.shrestha@hotmail.com
"Fatima  Bhattarai",Biratnagar,fatima.bhattarai@hotmail.com
"Laxmi Devi Tamang",Kathmandu,laxmi.tamang@live.com
"Laxman  Iyer",Kathmandu,laxman.iyer@hotmail.com
"Laxman  Iyer",Butwal,laxman.iyer@gmail.com
"Shreya Ali Tamang",Lalitpur,shreya.tamang@gmail.com
"Laxman  Tamang",Lalitpur,laxman.tamang@gmail.com
"Hari  Shrestha",Dharan,hari.shrestha@live.com
"Ram Ali Tamang",Hetauda,ram.tamang@hotmail.com
"Hari Devi Bhattarai",Nepalgunj,hari.bhattarai@hotmail.com
"Farukh Ali Sharma",Birgunj,farukh.sharma@hotmail.com
"Farukh  Iyer",Hetauda,farukh.iyer@live.com
"Farukh Kaur Shrestha",Lalitpur,farukh.shrestha@live.com
"Hari  Iyer",Birgunj,hari.iyer@gmail.com
"Avantika  Shrestha",Butwal,avantika.shrestha@gmail.com
"Laxmi  Bhattarai",Bhaktapur,laxmi.bhattarai@gmail.com
"Fatima Ali Tamang",Pokhara,fatima.tamang@hotmail.com
"Hari Gopal Rai",Hetauda,hari.rai@gmail.com
"Farukh  Pandey",Butwal,farukh.pandey@gmail.com
"Laxmi Bahadur Khan",Butwal,laxmi.khan@live.com
"Avantika  Iyer",Kathmandu,avantika.iyer@live.com
"Avantika  Iyer",Birgunj,avantika.iyer@hotmail.com
"Farukh Ali Bhattarai",Butwal,farukh.bhattarai@hotmail.com
"Ram Rani Rai",Dharan,ram.rai@gmail.com
"Hari  Bhattarai",Birgunj,hari.bhattarai@hotmail.com
"Avantika  Pandey",Nepalgunj,avantika.pandey@live.com
"Farukh Rani Rai",Birgunj,farukh.rai@hotmail.com
"Farukh  Thapa",Kathmandu,farukh.thapa@hotmail.com
"Laxmi Bahadur Pandey",Birgunj,laxmi.pandey@hotmail.com
"Hari Ali Thapa",Birgunj,hari.thapa@live.com
"Laxman  Tamang",Birgunj,laxman.tamang@live.com
"Laxman  Shrestha",Butwal,laxman.shrestha@gmail.com
"Laxmi Rani Sharma",Butwal,laxmi.sharma@live.com
"Venu  Rai",Pokhara,venu.rai@gmail.com
"Farukh Ali Rai",Bhaktapur,farukh.rai@gmail.com
"Shreya Devi Shrestha",Kathmandu,shreya.shrestha@live.com
"Fatima  Khan",Nepalgunj,fatima.khan@gmail.com
"Ram Ali Thapa",Bhaktapur,ram.thapa@live.com
"Laxman Rani Gurung",Birgunj,laxman.gurung@hotmail.com
"Laxmi  Iyer",Birgunj,laxmi.iyer@hotmail.com
"Laxman Kaur Rana",Kathmandu,laxman.rana@gmail.com
"Farukh  Iyer",Kathmandu,farukh.iyer@hotmail.com
"Farukh Devi Pandey",Lalitpur,farukh.pandey@live.com
"Fatima  Rai",Biratnagar,fatima.rai@hotmail.com
"Avantika  Rana",Butwal,avantika.rana@live.com
"Laxmi  Thapa",Dharan,laxmi.thapa@gmail.com
"Venu  Rana",Bhaktapur,venu.rana@hotmail.com
"Farukh Devi Pandey",Kathmandu,farukh.pandey@live.com
"Shreya Rani Bhattarai",Birgunj,shreya.bhattarai@live.com
"Fatima  Tamang",Lalitpur,fatima.tamang@gmail.com
"Avantika  Tamang",Hetauda,avantika.tamang@gmail.com
"Shreya  Pandey",Butwal,shreya.pandey@gmail.com
"Fatima  Shrestha",Kathmandu,fatima.shrestha@gmail.com
"Laxmi  Thapa",Bhaktapur,laxmi.thapa@hotmail.com
"Hari  Thapa",Pokhara,hari.thapa@live.com
"Laxman  Bhattarai",Bhaktapur,laxman.bhattarai@hotmail.com
"Fatima Kumari Shrestha",Kathmandu,fatima.shrestha@gmail.com
"Fatima Begum Shrestha",Butwal,fatima.shrestha@live.com
"Hari Ali Rana",Biratnagar,hari.rana@live.com
"Hari Bahadur Iyer",Birgunj,hari.iyer@hotmail.com
"Hari  Tamang",Bhaktapur,hari.tamang@gmail.com
"Farukh Bahadur Gurung",Kathmandu,farukh.gurung@gmail.com
"Laxmi Bahadur Sharma",Butwal,laxmi.sharma@live.com
"Farukh Bahadur Rana",Hetauda,farukh.rana@hotmail.com
"Hari  Rana",Birgunj,hari.rana@live.com
"Hari Bahadur Shrestha",Pokhara,hari.shrestha@hotmail.com
"Hari Begum Bhattarai",Birgunj,hari.bhattarai@live.com
"Avantika Devi Sharma",Pokhara,avantika.sharma@gmail.com
"Avantika Gopal Pandey",Lalitpur,avantika.pandey@gmail.com
"Fatima  Thapa",Birgunj,fatima.thapa@hotmail.com
"Laxman  Bhattarai",Nepalgunj,laxman.bhattarai@live.com
"Shreya  Pandey",Biratnagar,shreya.pandey@live.com
"Venu Kumari Thapa",Pokhara,venu.thapa@gmail.com
"Ram  Pandey",Dharan,ram.pandey@hotmail.com
"Venu Ali Shrestha",Butwal,venu.shrestha@live.com
"Akanshya Kumar Shrestha",Bhaktapur,akanshya.shrestha@hotmail.com
"Laxmi Prasad Khan",Biratnagar,laxmi.khan@live.com
"Laxman Begum Sharma",Bhaktapur,laxman.sharma@gmail.com
"Laxmi  Shrestha",Nepalgunj,laxmi.shrestha@gmail.com
"Venu  Bhattarai",Butwal,venu.bhattarai@gmail.com
"Ram Kumar Shrestha",Dharan,ram.shrestha@gmail.com
"Shreya  Rai",Kathmandu,shreya.rai@gmail.com
"Ram  Shrestha",Pokhara,ram.shrestha@hotmail.com
"Avantika  Tamang",Bhaktapur,avantika.tamang@hotmail.com
"Laxmi  Rai",Nepalgunj,laxmi.rai@live.com
"Fatima Devi Rai",Hetauda,fatima.rai@hotmail.com
"Laxmi  Iyer",Butwal,laxmi.iyer@gmail.com
"Laxmi  Shrestha",Dharan,laxmi.shrestha@live.com
"Ram Prasad Rana",Bhaktapur,ram.rana@gmail.com
"Venu Kumar Tamang",Pokhara,venu.tamang@gmail.com
"Akanshya  Shrestha",Pokhara,akanshya.shrestha@live.com
"Laxman  Shrestha",Biratnagar,laxman.shrestha@gmail.com
"Fatima Kumar Thapa",Dharan,fatima.thapa@live.com
"Akanshya Begum Khan",Lalitpur,akanshya.khan@gmail.com
"Farukh Rani Bhattarai",Hetauda,farukh.bhattarai@gmail.com
"Fatima Kumari Tamang",Lalitpur,fatima.tamang@gmail.com
"Shreya Begum Rai",Biratnagar,shreya.rai@gmail.com
"Akanshya Ali Thapa",Nepalgunj,akanshya.thapa@hotmail.com
"Fatima  Khan",Hetauda,fatima.khan@hotmail.com
"Fatima  Thapa",Bhaktapur,fatima.thapa@gmail.com
"Hari  Iyer",Pokhara,hari.iyer@hotmail.com
"Shreya  Shrestha",Lalitpur,shreya.shrestha@live.com
"Hari  Thapa",Lalitpur,hari.thapa@hotmail.com
"Shreya Gopal Iyer",Hetauda,shreya.iyer@hotmail.com
"Avantika Devi Gurung",Dharan,avantika.gurung@hotmail.com
"Venu  Shrestha",Butwal,venu.shrestha@gmail.com
"Fatima  Bhattarai",Bhaktapur,fatima.bhattarai@hotmail.com
"Shreya  Iyer",Pokhara,shreya.iyer@live.com
"Shreya  Rai",Bhaktapur,shreya.rai@gmail.com
"Laxman Devi Iyer",Lalitpur,laxman.iyer@hotmail.com
"Shreya Devi Pandey",Butwal,shreya.pandey@live.com
"Laxman  Sharma",Nepalgunj,laxman.sharma@live.com
"Hari  Thapa",Nepalgunj,hari.thapa@gmail.com
"Laxman Ali Thapa",Birgunj,laxman.thapa@live.com
"Laxmi  Iyer",Bhaktapur,laxmi.iyer@hotmail.com
"Farukh Kumar Gurung",Nepalgunj,farukh.gurung@live.com
"Shreya  Pandey",Birgunj,shreya.pandey@hotmail.com
"Akanshya  Sharma",Kathmandu,akanshya.sharma@hotmail.com
"Fatima  Shrestha",Dharan,fatima.shrestha@gmail.com
"Hari Kaur Rai",Lalitpur,hari.rai@gmail.com
"Venu Rani Shrestha",Bhaktapur,venu.shrestha@hotmail.com
"Ram  Rana",Pokhara,ram.rana@gmail.com
"Laxman Devi Khan",Hetauda,laxman.khan@live.com
"Akanshya  Bhattarai",Bhaktapur,akanshya.bhattarai@live.com
"Laxmi  Gurung",Bhaktapur,laxmi.gurung@hotmail.com
"Akanshya  Rai",Lalitpur,akanshya.rai@gmail.com
"Venu  Rana",Pokhara,venu.rana@live.com
"Farukh Devi Sharma",Nepalgunj,farukh.sharma@live.com
"Fatima  Rana",Bhaktapur,fatima.rana@hotmail.com
"Fatima  Shrestha",Bhaktapur,fatima.shrestha@live.com
"Farukh  Gurung",Pokhara,farukh.gurung@live.com
"Avantika Kumar Rai",Kathmandu,avantika.rai@hotmail.com
"Ram Kumar Rai",Butwal,ram.rai@hotmail.com
"Avantika Kumar Thapa",Bhaktapur,avantika.thapa@gmail.com
"Laxman Bahadur Bhattarai",Kathmandu,laxman.bhattarai@hotmail.com
"Shreya Kumari Iyer",Birgunj,shreya.iyer@hotmail.com
"Farukh Ali Khan",Bhaktapur,farukh.khan@hotmail.com
"Hari Begum Rai",Bhaktapur,hari.rai@hotmail.com
"Laxman  Tamang",Pokhara,laxman.tamang@live.com
"Laxman  Iyer",Nepalgunj,laxman.iyer@live.com
"Laxman Gopal Khan",Lalitpur,laxman.khan@gmail.com
"Akanshya  Tamang",Biratnagar,akanshya.tamang@live.com
"Shreya  Gurung",Birgunj,shreya.gurung@gmail.com
"Shreya Kumari Tamang",Lalitpur,shreya.tamang@hotmail.com
"Venu  Khan",Kathmandu,venu.khan@hotmail.com
"Akanshya  Iyer",Dharan,akanshya.iyer@gmail.com
"Fatima Kumar Gurung",Kathmandu,fatima.gurung@live.com
"Avantika  Rana",Hetauda,avantika.rana@live.com
"Akanshya Ali Pandey",Dharan,akanshya.pandey@hotmail.com
"Hari  Gurung",Hetauda,hari.gurung@hotmail.com
"Venu Rani Iyer",Pokhara,venu.iyer@hotmail.com
"Hari Begum Gurung",Bhaktapur,hari.gurung@gmail.com
"Venu Bahadur Thapa",Bhaktapur,venu.thapa@hotmail.com
"Avantika Ali Thapa",Bhaktapur,avantika.thapa@gmail.com
"Hari Bahadur Khan",Hetauda,hari.khan@hotmail.com
"Ram  Tamang",Lalitpur,ram.tamang@live.com
"Venu  Rai",Nepalgunj,venu.rai@live.com
"Hari Begum Rana",Kathmandu,hari.rana@gmail.com
"Laxman  Pandey",Birgunj,laxman.pandey@live.com
"Avantika  Gurung",Butwal,avantika.gurung@live.com
"Venu Ali Gurung",Kathmandu,venu.gurung@hotmail.com
"Laxmi  Sharma",Bhaktapur,laxmi.sharma@gmail.com
"Ram  Khan",Birgunj,ram.khan@live.com
"Laxman  Shrestha",Biratnagar,laxman.shrestha@gmail.com
"Laxman Kaur Sharma",Butwal,laxman.sharma@hotmail.com
"Ram Prasad Gurung",Lalitpur,ram.gurung@hotmail.com
"Laxman  Rai",Birgunj,laxman.rai@hotmail.com
"Avantika Ali Sharma",Pokhara,avantika.sharma@hotmail.com
"Akanshya  Shrestha",Lalitpur,akanshya.shrestha@gmail.com
"Akanshya  Iyer",Pokhara,akanshya.iyer@hotmail.com
"Farukh Devi Sharma",Kathmandu,farukh.sharma@live.com
"Venu  Gurung",Lalitpur,venu.gurung@gmail.com
"Fatima  Tamang",Hetauda,fatima.tamang@live.com
"Shreya  Bhattarai",Dharan,shreya.bhattarai@gmail.com
"Akanshya Devi Iyer",Bhaktapur,akanshya.iyer@gmail.com
"Ram Kumari Gurung",Pokhara,ram.gurung@hotmail.com
"Shreya  Bhattarai",Dharan,shreya.bhattarai@hotmail.com
"Laxman Kaur Rai",Pokhara,laxman.rai@live.com
"Venu Prasad Sharma",Pokhara,venu.sharma@hotmail.com
"Avantika Begum Gurung",Birgunj,avantika.gurung@hotmail.com
"Hari Kumar Rana",Pokhara,hari.rana@live.com
"Fatima  Pandey",Pokhara,fatima.pandey@live.com
"Hari  Bhattarai",Bhaktapur,hari.bhattarai@gmail.com
"Shreya  Tamang",Bhaktapur,shreya.tamang@gmail.com
"Shreya Kumari Bhattarai",Hetauda,shreya.bhattarai@gmail.com
"Ram Prasad Thapa",Biratnagar,ram.thapa@hotmail.com
"Hari Kumar Sharma",Hetauda,hari.sharma@live.com
"Shreya Ali Shrestha",Kathmandu,shreya.shrestha@hotmail.com
"Laxmi  Gurung",Dharan,laxmi.gurung@hotmail.com
"Shreya Kumari Tamang",Birgunj,shreya.tamang@live.com
"Farukh Rani Sharma",Nepalgunj,farukh.sharma@live.com
"Shreya Kaur Iyer",Dharan,shreya.iyer@gmail.com
"Hari Ali Sharma",Hetauda,hari.sharma@hotmail.com
"Venu Kaur Pandey",Dharan,venu.pandey@live.com
"Hari Kaur Bhattarai",Dharan,hari.bhattarai@live.com
"Akanshya  Iyer",Butwal,akanshya.iyer@hotmail.com
"Laxman  Shrestha",Nepalgunj,laxman.shrestha@gmail.com
"Avantika  Rana",Birgunj,avantika.rana@hotmail.com
"Laxmi Ali Rana",Dharan,laxmi.rana@live.com
"Shreya  Tamang",Kathmandu,shreya.tamang@gmail.com
"Avantika  Rai",Dharan,avantika.rai@gmail.com
"Avantika  Khan",Pokhara,avantika.khan@gmail.com
"Shreya Kaur Tamang",Kathmandu,shreya.tamang@gmail.com
"Laxman  Thapa",Hetauda,laxman.thapa@gmail.com
"Akanshya  Rana",Nepalgunj,akanshya.rana@hotmail.com
"Fatima Bahadur Iyer",Dharan,fatima.iyer@gmail.com
"Laxman Kaur Pandey",Biratnagar,laxman.pandey@live.com
"Fatima Devi Tamang",Biratnagar,fatima.tamang@hotmail.com
"Akanshya  Tamang",Butwal,akanshya.tamang@hotmail.com
"Fatima  Pandey",Butwal,fatima.pandey@gmail.com
"Akanshya  Rai",Kathmandu,akanshya.rai@gmail.com
"Ram  Shrestha",Nepalgunj,ram.shrestha@hotmail.com
"Laxmi  Rai",Birgunj,laxmi.rai@live.com
"Akanshya  Bhattarai",Bhaktapur,akanshya.bhattarai@hotmail.com
"Akanshya Gopal Gurung",Butwal,akanshya.gurung@gmail.com
"Farukh  Pandey",Lalitpur,farukh.pandey@gmail.com
"Avantika  Bhattarai",Hetauda,avantika.bhattarai@live.com
"Farukh  Rai",Bhaktapur,farukh.rai@live.com
"Venu Kaur Rana",Kathmandu,venu.rana@live.com
"Venu  Iyer",Biratnagar,venu.iyer@gmail.com
"Akanshya Kaur Pandey",Bhaktapur,akanshya.pandey@hotmail.com
"Avantika Ali Sharma",Butwal,avantika.sharma@live.com
"Akanshya Ali Rai",Lalitpur,akanshya.rai@live.com
"Venu  Thapa",Butwal,venu.thapa@hotmail.com
"Avantika  Tamang",Pokhara,avantika.tamang@hotmail.com
"Avantika  Rana",Nepalgunj,avantika.rana@gmail.com
"Fatima Rani Rai",Lalitpur,fatima.rai@live.com
"Avantika Rani Tamang",Nepalgunj,avantika.tamang@gmail.com
"Laxmi  Thapa",Hetauda,laxmi.thapa@live.com
"Laxmi  Rana",Biratnagar,laxmi.rana@hotmail.com
"Shreya Gopal Bhattarai",Bhaktapur,shreya.bhattarai@live.com
"Hari  Pandey",Kathmandu,hari.pandey@gmail.com
"Laxman  Rana",Butwal,laxman.rana@gmail.com
"Farukh Bahadur Bhattarai",Hetauda,farukh.bhattarai@live.com
"Laxmi  Shrestha",Kathmandu,laxmi.shrestha@hotmail.com
"Fatima Ali Sharma",Pokhara,fatima.sharma@live.com
"Hari  Thapa",Hetauda,hari.thapa@hotmail.com
"Akanshya  Pandey",Butwal,akanshya.pandey@gmail.com
"Farukh  Rai",Butwal,farukh.rai@live.com
"Laxmi  Shrestha",Nepalgunj,laxmi.shrestha@live.com
"Venu  Gurung",Bhaktapur,venu.gurung@hotmail.com
"Laxmi  Gurung",Nepalgunj,laxmi.gurung@live.com
"Laxman Kumari Rai",Butwal,laxman.rai@gmail.com
"Akanshya Bahadur Khan",Bhaktapur,akanshya.khan@gmail.com
"Laxmi Rani Tamang",Birgunj,laxmi.tamang@live.com
"Shreya  Rai",Bhaktapur,shreya.rai@live.com
"Fatima Kaur Bhattarai",Biratnagar,fatima.bhattarai@live.com
"Ram  Khan",Pokhara,ram.khan@gmail.com
"Akanshya  Rai",Bhaktapur,akanshya.rai@hotmail.com
"Venu  Bhattarai",Biratnagar,venu.bhattarai@gmail.com
"Laxmi Ali Sharma",Pokhara,laxmi.sharma@live.com
"Farukh  Iyer",Butwal,farukh.iyer@hotmail.com
"Ram Kumari Rai",Nepalgunj,ram.rai@hotmail.com
"Ram Rani Bhattarai",Lalitpur,ram.bhattarai@gmail.com
"Laxman Prasad Iyer",Bhaktapur,laxman.iyer@live.com
"Laxman  Iyer",Kathmandu,laxman.iyer@gmail.com
"Ram Kaur Khan",Pokhara,ram.khan@hotmail.com
"Laxmi Kaur Iyer",Lalitpur,laxmi.iyer@live.com
"Venu Bahadur Thapa",Biratnagar,venu.thapa@gmail.com
"Venu  Sharma",Dharan,venu.sharma@gmail.com
"Venu Kumari Rana",Pokhara,venu.rana@live.com
"Shreya Devi Thapa",Bhaktapur,shreya.thapa@gmail.com
"Shreya  Bhattarai",Kathmandu,shreya.bhattarai@live.com
"Fatima  Gurung",Hetauda,fatima.gurung@gmail.com
"Fatima Rani Pandey",Dharan,fatima.pandey@gmail.com
"Hari  Bhattarai",Pokhara,hari.bhattarai@live.com
"Laxman  Shrestha",Nepalgunj,laxman.shrestha@gmail.com
"Shreya  Tamang",Lalitpur,shreya.tamang@gmail.com
"Venu Kumari Sharma",Pokhara,venu.sharma@live.com
"Laxman  Tamang",Nepalgunj,laxman.tamang@live.com
"Farukh  Thapa",Bhaktapur,farukh.thapa@hotmail.com
"Fatima Bahadur Bhattarai",Dharan,fatima.bhattarai@hotmail.com
"Ram  Gurung",Nepalgunj,ram.gurung@hotmail.com
"Ram Prasad Khan",Bhaktapur,ram.khan@live.com
"Avantika  Bhattarai",Pokhara,avantika.bhattarai@live.com
"Venu  Pandey",Biratnagar,venu.pandey@live.com
"Laxman  Gurung",Birgunj,laxman.gurung@hotmail.com
"Farukh Begum Rana",Birgunj,farukh.rana@hotmail.com
"Laxman  Thapa",Birgunj,laxman.thapa@live.com
"Laxman Kumari Iyer",Birgunj,laxman.iyer@live.com
"Laxmi  Tamang",Nepalgunj,laxmi.tamang@hotmail.com
"Farukh Ali Shrestha",Biratnagar,farukh.shrestha@hotmail.com
"Avantika  Tamang",Kathmandu,avantika.tamang@gmail.com
"Laxman  Sharma",Butwal,laxman.sharma@gmail.com
"Hari  Khan",Dharan,hari.khan@live.com
"Akanshya Ali Iyer",Bhaktapur,akanshya.iyer@gmail.com
"Akanshya  Bhattarai",Dharan,akanshya.bhattarai@live.com
"Ram Ali Thapa",Butwal,ram.thapa@live.com
"Ram  Tamang",Pokhara,ram.tamang@gmail.com
"Laxman Bahadur Pandey",Nepalgunj,laxman.pandey@live.com
"Venu Devi Bhattarai",Butwal,venu.bhattarai@hotmail.com
"Farukh Ali Shrestha",Nepalgunj,farukh.shrestha@live.com
"Laxman Rani Pandey",Nepalgunj,laxman.pandey@gmail.com
"Laxmi  Sharma",Dharan,laxmi.sharma@live.com
"Venu Kaur Gurung",Bhaktapur,venu.gurung@hotmail.com
"Hari Gopal Tamang",Nepalgunj,hari.tamang@live.com
"Laxman Prasad Gurung",Dharan,laxman.gurung@hotmail.com
"Laxmi  Rana",Biratnagar,laxmi.rana@live.com
"Laxmi Kaur Shrestha",Pokhara,laxmi.shrestha@gmail.com
"Ram  Khan",Birgunj,ram.khan@live.com
"Laxmi  Rai",Biratnagar,laxmi.rai@live.com
"Laxmi  Tamang",Lalitpur,laxmi.tamang@gmail.com
"Hari Devi Iyer",Lalitpur,hari.iyer@hotmail.com
"Laxman  Iyer",Biratnagar,laxman.iyer@live.com
"Laxman  Bhattarai",Birgunj,laxman.bhattarai@hotmail.com
"Laxmi Kumar Rana",Hetauda,laxmi.rana@hotmail.com
"Avantika  Bhattarai",Pokhara,avantika.bhattarai@hotmail.com
"Laxman  Gurung",Bhaktapur,laxman.gurung@live.com
"Venu  Bhattarai",Dharan,venu.bhattarai@live.com
"Ram Rani Iyer",Pokhara,ram.iyer@live.com
"Shreya  Bhattarai",Lalitpur,shreya.bhattarai@live.com
"Fatima Devi Thapa",Butwal,fatima.thapa@live.com
"Laxmi  Tamang",Kathmandu,laxmi.tamang@gmail.com
"Laxman Rani Gurung",Lalitpur,laxman.gurung@live.com
"Avantika Ali Shrestha",Nepalgunj,avantika.shrestha@gmail.com
"Laxman Prasad Khan",Lalitpur,laxman.khan@hotmail.com
"Avantika Bahadur Rai",Biratnagar,avantika.rai@gmail.com
"Laxmi Prasad Tamang",Kathmandu,laxmi.tamang@live.com
"Akanshya Kumari Bhattarai",Hetauda,akanshya.bhattarai@live.com
"Fatima  Gurung",Birgunj,fatima.gurung@gmail.com
"Laxman  Thapa",Hetauda,laxman.thapa@gmail.com
"Ram Rani Bhattarai",Dharan,ram.bhattarai@live.com
"Farukh  Rana",Pokhara,farukh.rana@live.com
"Farukh Bahadur Gurung",Birgunj,farukh.gurung@hotmail.com
"Farukh  Gurung",Nepalgunj,farukh.gurung@live.com
"Avantika Begum Khan",Biratnagar,avantika.khan@hotmail.com
"Venu  Khan",Butwal,venu.khan@hotmail.com
"Laxman  Thapa",Pokhara,laxman.thapa@hotmail.com
"Ram Kumar Khan",Nepalgunj,ram.khan@gmail.com
"Akanshya Prasad Thapa",Birgunj,akanshya.thapa@live.com
"Laxmi  Tamang",Birgunj,laxmi.tamang@hotmail.com
"Ram Kumari Tamang",Dharan,ram.tamang@hotmail.com
"Laxman  Shrestha",Kathmandu,laxman.shrestha@live.com
"Avantika  Tamang",Butwal,avantika.tamang@gmail.com
"Avantika  Bhattarai",Pokhara,avantika.bhattarai@hotmail.com
"Laxman Begum Khan",Biratnagar,laxman.khan@hotmail.com
"Avantika  Rai",Lalitpur,avantika.rai@gmail.com
"Avantika Kaur Pandey",Dharan,avantika.pandey@hotmail.com
"Hari  Shrestha",Birgunj,hari.shrestha@gmail.com
"Laxman  Gurung",Lalitpur,laxman.gurung@hotmail.com
"Hari  Gurung",Dharan,hari.gurung@hotmail.com
"Akanshya  Rana",Pokhara,akanshya.rana@hotmail.com
"Laxmi  Iyer",Dharan,laxmi.iyer@gmail.com
"Avantika Kaur Rai",Lalitpur,avantika.rai@live.com
"Akanshya  Tamang",Birgunj,akanshya.tamang@gmail.com
"Avantika Bahadur Pandey",Pokhara,avantika.pandey@gmail.com
"Venu  Sharma",Lalitpur,venu.sharma@live.com
"Shreya  Rana",Birgunj,shreya.rana@live.com
"Laxman Rani Gurung",Lalitpur,laxman.gurung@hotmail.com
"Shreya Devi Rai",Biratnagar,shreya.rai@live.com
"Venu  Pandey",Biratnagar,venu.pandey@live.com
"Venu  Sharma",Pokhara,venu.sharma@gmail.com
"Fatima Prasad Khan",Butwal,fatima.khan@live.com
"Hari Kaur Rai",Nepalgunj,hari.rai@live.com
"Shreya  Tamang",Birgunj,shreya.tamang@hotmail.com
"Ram  Shrestha",Birgunj,ram.shrestha@gmail.com
"Laxmi Rani Shrestha",Hetauda,laxmi.shrestha@gmail.com
"Venu Bahadur Gurung",Bhaktapur,venu.gurung@gmail.com
"Hari Begum Iyer",Lalitpur,hari.iyer@hotmail.com
"Laxman  Tamang",Pokhara,laxman.tamang@hotmail.com
"Avantika Bahadur Gurung",Biratnagar,avantika.gurung@hotmail.com
"Hari  Tamang",Nepalgunj,hari.tamang@gmail.com
"Farukh  Sharma",Butwal,farukh.sharma@live.com
"Fatima Kumar Pandey",Lalitpur,fatima.pandey@gmail.com
"Shreya Kaur Sharma",Hetauda,shreya.sharma@hotmail.com
"Hari Bahadur Tamang",Birgunj,hari.tamang@hotmail.com
"Laxmi Ali Shrestha",Hetauda,laxmi.shrestha@gmail.com
"Laxman Gopal Iyer",Dharan,laxman.iyer@live.com
"Fatima  Shrestha",Lalitpur,fatima.shrestha@gmail.com
"Shreya  Khan",Birgunj,shreya.khan@live.com
"Fatima  Bhattarai",Bhaktapur,fatima.bhattarai@hotmail.com
"Avantika  Gurung",Dharan,avantika.gurung@gmail.com
"Farukh Begum Tamang",Dharan,farukh.tamang@live.com
"Fatima  Shrestha",Hetauda,fatima.shrestha@live.com
"Hari  Bhattarai",Pokhara,hari.bhattarai@live.com
"Laxman Bahadur Rai",Butwal,laxman.rai@live.com
"Ram  Rai",Kathmandu,ram.rai@hotmail.com
"Laxmi Devi Thapa",Dharan,laxmi.thapa@hotmail.com
"Hari Prasad Gurung",Biratnagar,hari.gurung@gmail.com
"Hari Bahadur Bhattarai",Hetauda,hari.bhattarai@gmail.com
"Fatima  Shrestha",Pokhara,fatima.shrestha@hotmail.com
"Laxman  Thapa",Birgunj,laxman.thapa@gmail.com
"Akanshya Devi Thapa",Dharan,akanshya.thapa@live.com
"Laxmi  Shrestha",Biratnagar,laxmi.shrestha@hotmail.com
"Shreya  Rai",Nepalgunj,shreya.rai@gmail.com
"Avantika Prasad Iyer",Pokhara,avantika.iyer@gmail.com
"Fatima Kumari Rai",Dharan,fatima.rai@live.com
"Fatima Kaur Tamang",Birgunj,fatima.tamang@live.com
"Fatima Bahadur Shrestha",Birgunj,fatima.shrestha@hotmail.com
"Fatima Rani Khan",Hetauda,fatima.khan@live.com
"Laxman  Bhattarai",Pokhara,laxman.bhattarai@live.com
"Farukh  Bhattarai",Pokhara,farukh.bhattarai@live.com
"Fatima Prasad Iyer",Lalitpur,fatima.iyer@live.com
"Avantika  Gurung",Pokhara,avantika.gurung@hotmail.com
"Akanshya Prasad Bhattarai",Biratnagar,akanshya.bhattarai@hotmail.com
"Fatima  Rana",Butwal,fatima.rana@live.com
"Shreya  Bhattarai",Pokhara,shreya.bhattarai@hotmail.com
"Shreya Devi Bhattarai",Birgunj,shreya.bhattarai@gmail.com
"Ram Kumari Rai",Kathmandu,ram.rai@hotmail.com
"Fatima Kumar Khan",Lalitpur,fatima.khan@live.com
"Hari Devi Gurung",Bhaktapur,hari.gurung@hotmail.com
"Farukh  Rai",Dharan,farukh.rai@live.com
"Farukh  Iyer",Dharan,farukh.iyer@live.com
"Fatima  Thapa",Hetauda,fatima.thapa@hotmail.com
"Fatima Kaur Tamang",Biratnagar,fatima.tamang@gmail.com
"Shreya  Sharma",Hetauda,shreya.sharma@gmail.com
"Venu  Shrestha",Bhaktapur,venu.shrestha@hotmail.com
"Avantika Kumari Thapa",Pokhara,avantika.thapa@live.com
"Venu Kumar Khan",Biratnagar,venu.khan@gmail.com
"Avantika Kumari Pandey",Hetauda,avantika.pandey@hotmail.com
"Fatima Devi Khan",Pokhara,fatima.khan@gmail.com
"Laxman  Rana",Hetauda,laxman.rana@live.com
"Laxman  Tamang",Kathmandu,laxman.tamang@hotmail.com
"Ram Ali Bhattarai",Hetauda,ram.bhattarai@live.com
"Ram  Gurung",Biratnagar,ram.gurung@gmail.com
"Laxman Begum Pandey",Butwal,laxman.pandey@gmail.com
"Hari Gopal Sharma",Birgunj,hari.sharma@gmail.com
"Hari Devi Thapa",Nepalgunj,hari.thapa@live.com
"Laxmi  Pandey",Dharan,laxmi.pandey@live.com
"Ram  Rai",Birgunj,ram.rai@live.com
"Avantika Rani Shrestha",Kathmandu,avantika.shrestha@hotmail.com
"Avantika Devi Thapa",Pokhara,avantika.thapa@live.com
"Fatima Devi Tamang",Lalitpur,fatima.tamang@hotmail.com
"Akanshya  Tamang",Nepalgunj,akanshya.tamang@hotmail.com
"Ram  Bhattarai",Butwal,ram.bhattarai@gmail.com
"Farukh Ali Sharma",Biratnagar,farukh.sharma@hotmail.com
"Venu Prasad Gurung",Dharan,venu.gurung@gmail.com
"Laxmi  Iyer",Birgunj,laxmi.iyer@gmail.com
"Farukh Bahadur Sharma",Bhaktapur,farukh.sharma@live.com
"Shreya  Gurung",Dharan,shreya.gurung@hotmail.com
"Fatima  Iyer",Dharan,fatima.iyer@hotmail.com
"Hari Gopal Pandey",Biratnagar,hari.pandey@gmail.com
"Hari  Thapa",Dharan,hari.thapa@gmail.com
"Ram Ali Iyer",Hetauda,ram.iyer@gmail.com
"Laxmi Prasad Rana",Lalitpur,laxmi.rana@hotmail.com
"Avantika Prasad Rai",Dharan,avantika.rai@hotmail.com
"Venu  Bhattarai",Dharan,venu.bhattarai@gmail.com
"Laxmi  Sharma",Lalitpur,laxmi.sharma@gmail.com
"Ram Ali Bhattarai",Nepalgunj,ram.bhattarai@gmail.com
"Fatima Begum Shrestha",Biratnagar,fatima.shrestha@live.com
"Ram Prasad Bhattarai",Pokhara,ram.bhattarai@live.com
"Farukh  Tamang",Birgunj,farukh.tamang@gmail.com
"Laxmi Bahadur Gurung",Hetauda,laxmi.gurung@hotmail.com
"Shreya Devi Thapa",Bhaktapur,shreya.thapa@live.com
"Hari Devi Sharma",Dharan,hari.sharma@hotmail.com
"Farukh  Tamang",Nepalgunj,farukh.tamang@hotmail.com
"Akanshya  Bhattarai",Kathmandu,akanshya.bhattarai@hotmail.com
"Ram Kumar Sharma",Biratnagar,ram.sharma@live.com
"Laxmi Kumar Rai",Birgunj,laxmi.rai@hotmail.com
"Farukh  Rana",Birgunj,farukh.rana@hotmail.com
"Venu  Tamang",Kathmandu,venu.tamang@gmail.com
"Laxmi Gopal Pandey",Biratnagar,laxmi.pandey@hotmail.com
"Farukh Kumar Gurung",Butwal,farukh.gurung@hotmail.com
"Hari  Shrestha",Nepalgunj,hari.shrestha@live.com
"Laxmi  Sharma",Birgunj,laxmi.sharma@hotmail.com
"Shreya Kaur Gurung",Birgunj,shreya.gurung@gmail.com
"Ram  Khan",Biratnagar,ram.khan@live.com
"Avantika  Tamang",Kathmandu,avantika.tamang@live.com
"Hari  Rai",Kathmandu,hari.rai@live.com
"Venu  Gurung",Pokhara,venu.gurung@hotmail.com
"Shreya  Tamang",Birgunj,shreya.tamang@hotmail.com
"Fatima Rani Tamang",Dharan,fatima.tamang@gmail.com
"Laxmi  Sharma",Birgunj,laxmi.sharma@live.com
"Ram Prasad Shrestha",Butwal,ram.shrestha@gmail.com
"Fatima Devi Iyer",Butwal,fatima.iyer@gmail.com
"Shreya Kaur Gurung",Nepalgunj,shreya.gurung@gmail.com
"Laxmi  Iyer",Nepalgunj,laxmi.iyer@gmail.com
"Laxmi Gopal Tamang",Bhaktapur,laxmi.tamang@live.com
"Fatima Ali Rana",Butwal,fatima.rana@live.com
"Venu  Iyer",Hetauda,venu.iyer@hotmail.com
"Shreya  Gurung",Dharan,shreya.gurung@hotmail.com
"Fatima Kaur Shrestha",Hetauda,fatima.shrestha@hotmail.com
"Venu Kumar Sharma",Pokhara,venu.sharma@hotmail.com
"Ram  Sharma",Bhaktapur,ram.sharma@live.com
"Avantika  Rana",Bhaktapur,avantika.rana@live.com
"Hari Gopal Shrestha",Pokhara,hari.shrestha@hotmail.com
"Akanshya  Pandey",Lalitpur,akanshya.pandey@gmail.com
"Farukh  Iyer",Biratnagar,farukh.iyer@gmail.com
"Ram Kaur Khan",Butwal,ram.khan@hotmail.com
"Venu Kumari Tamang",Lalitpur,venu.tamang@live.com
"Hari  Bhattarai",Biratnagar,hari.bhattarai@hotmail.com
"Akanshya Gopal Rai",Nepalgunj,akanshya.rai@gmail.com
"Ram Ali Khan",Dharan,ram.khan@gmail.com
"Akanshya Devi Tamang",Pokhara,akanshya.tamang@gmail.com
"Hari  Gurung",Dharan,hari.gurung@gmail.com
"Venu  Rai",Lalitpur,venu.rai@hotmail.com
"Laxmi Ali Khan",Nepalgunj,laxmi.khan@live.com
"Shreya  Rana",Hetauda,shreya.rana@gmail.com
"Laxmi  Rai",Hetauda,laxmi.rai@gmail.com
"Venu  Rana",Birgunj,venu.rana@hotmail.com
"Shreya Ali Pandey",Bhaktapur,shreya.pandey@hotmail.com
"Hari  Khan",Butwal,hari.khan@gmail.com
"Akanshya Kaur Bhattarai",Kathmandu,akanshya.bhattarai@live.com
"Venu Begum Gurung",Kathmandu,venu.gurung@hotmail.com
"Farukh  Rana",Pokhara,farukh.rana@live.com
"Shreya  Sharma",Hetauda,shreya.sharma@live.com
"Laxman  Pandey",Butwal,laxman.pandey@hotmail.com
"Avantika  Khan",Birgunj,avantika.khan@live.com
"Shreya Ali Gurung",Hetauda,shreya.gurung@hotmail.com
"Farukh Begum Shrestha",Lalitpur,farukh.shrestha@hotmail.com
"Akanshya  Bhattarai",Birgunj,akanshya.bhattarai@live.com
"Fatima  Pandey",Butwal,fatima.pandey@gmail.com
"Laxmi  Tamang",Butwal,laxmi.tamang@gmail.com
"Ram Rani Iyer",Lalitpur,ram.iyer@gmail.com
"Akanshya  Thapa",Hetauda,akanshya.thapa@live.com
"Fatima  Sharma",Butwal,fatima.sharma@hotmail.com
"Shreya Ali Shrestha",Hetauda,shreya.shrestha@hotmail.com
"Ram  Shrestha",Butwal,ram.shrestha@gmail.com
"Akanshya  Shrestha",Pokhara,akanshya.shrestha@gmail.com
"Laxman  Sharma",Hetauda,laxman.sharma@live.com
"Shreya  Thapa",Birgunj,shreya.thapa@hotmail.com
"Shreya  Tamang",Dharan,shreya.tamang@live.com
"Fatima  Rai",Biratnagar,fatima.rai@hotmail.com
"Akanshya Kumari Bhattarai",Nepalgunj,akanshya.bhattarai@gmail.com
"Fatima Kumari Sharma",Dharan,fatima.sharma@hotmail.com
"Shreya  Iyer",Pokhara,shreya.iyer@live.com
"Fatima  Thapa",Birgunj,fatima.thapa@live.com
"Venu  Khan",Butwal,venu.khan@hotmail.com
"Avantika Prasad Khan",Nepalgunj,avantika.khan@gmail.com
"Akanshya Devi Bhattarai",Kathmandu,akanshya.bhattarai@gmail.com
"Fatima  Iyer",Butwal,fatima.iyer@gmail.com
"Laxmi  Iyer",Dharan,laxmi.iyer@hotmail.com
"Ram Kumari Pandey",Birgunj,ram.pandey@gmail.com
"Fatima Ali Tamang",Dharan,fatima.tamang@live.com
"Fatima  Khan",Dharan,fatima.khan@live.com
"Farukh Rani Thapa",Biratnagar,farukh.thapa@gmail.com
"Ram Bahadur Pandey",Kathmandu,ram.pandey@hotmail.com
"Venu  Pandey",Butwal,venu.pandey@hotmail.com
"Laxman Kaur Tamang",Pokhara,laxman.tamang@hotmail.com
"Venu  Bhattarai",Butwal,venu.bhattarai@hotmail.com
"Shreya Rani Bhattarai",Bhaktapur,shreya.bhattarai@live.com
"Farukh  Tamang",Lalitpur,farukh.tamang@hotmail.com
"Hari  Sharma",Bhaktapur,hari.sharma@hotmail.com
"Avantika  Iyer",Hetauda,avantika.iyer@gmail.com
"Akanshya  Rana",Lalitpur,akanshya.rana@live.com
"Avantika Begum Gurung",Lalitpur,avantika.gurung@live.com
"Farukh Kaur Thapa",Pokhara,farukh.thapa@gmail.com
"Hari Devi Khan",Birgunj,hari.khan@live.com
"Farukh Devi Shrestha",Butwal,farukh.shrestha@live.com
"Shreya Gopal Iyer",Bhaktapur,shreya.iyer@gmail.com
"Ram Devi Bhattarai",Pokhara,ram.bhattarai@live.com
"Hari Ali Sharma",Birgunj,hari.sharma@hotmail.com
"Venu  Rai",Pokhara,venu.rai@hotmail.com
"Avantika Rani Gurung",Birgunj,avantika.gurung@hotmail.com
"Venu Ali Gurung",Hetauda,venu.gurung@live.com
"Shreya  Gurung",Biratnagar,shreya.gurung@gmail.com
"Fatima  Tamang",Lalitpur,fatima.tamang@hotmail.com
"Laxmi Begum Iyer",Lalitpur,laxmi.iyer@gmail.com
"Venu  Thapa",Biratnagar,venu.thapa@live.com
"Akanshya  Tamang",Pokhara,akanshya.tamang@hotmail.com
"Farukh Kumar Thapa",Nepalgunj,farukh.thapa@gmail.com
"Ram  Khan",Kathmandu,ram.khan@hotmail.com
"Venu Bahadur Bhattarai",Lalitpur,venu.bhattarai@live.com
"Avantika Devi Shrestha",Kathmandu,avantika.shrestha@gmail.com
"Avantika Kaur Khan",Birgunj,avantika.khan@gmail.com
"Laxmi  Bhattarai",Pokhara,laxmi.bhattarai@hotmail.com
"Farukh Gopal Khan",Butwal,farukh.khan@live.com
"Fatima  Tamang",Nepalgunj,fatima.tamang@hotmail.com
"Shreya  Rai",Bhaktapur,shreya.rai@live.com
"Fatima  Thapa",Dharan,fatima.thapa@live.com
"Hari  Tamang",Biratnagar,hari.tamang@live.com
"Laxmi Gopal Rai",Kathmandu,laxmi.rai@gmail.com
"Shreya Rani Tamang",Dharan,shreya.tamang@live.com
"Farukh Begum Rana",Biratnagar,farukh.rana@gmail.com
"Laxman  Pandey",Kathmandu,laxman.pandey@live.com
"Ram Kumar Iyer",Pokhara,ram.iyer@live.com
"Venu  Shrestha",Biratnagar,venu.shrestha@hotmail.com
"Hari  Bhattarai",Bhaktapur,hari.bhattarai@gmail.com
"Akanshya  Tamang",Nepalgunj,akanshya.tamang@live.com
"Laxman Bahadur Tamang",Bhaktapur,laxman.tamang@live.com
"Fatima Prasad Thapa",Kathmandu,fatima.thapa@live.com
"Ram Kumar Pandey",Hetauda,ram.pandey@hotmail.com
"Venu Bahadur Shrestha",Dharan,venu.shrestha@live.com
"Laxmi Devi Iyer",Butwal,laxmi.iyer@hotmail.com
"Ram Devi Thapa",Bhaktapur,ram.thapa@hotmail.com
"Laxman Gopal Gurung",Bhaktapur,laxman.gurung@live.com
"Ram Gopal Sharma",Birgunj,ram.sharma@live.com
"Ram Kaur Khan",Lalitpur,ram.khan@hotmail.com
"Ram Gopal Tamang",Dharan,ram.tamang@hotmail.com
"Venu  Shrestha",Pokhara,venu.shrestha@gmail.com
"Fatima Kaur Sharma",Hetauda,fatima.sharma@live.com
"Venu Gopal Pandey",Birgunj,venu.pandey@live.com
"Akanshya  Rai",Kathmandu,akanshya.rai@gmail.com
"Shreya  Gurung",Lalitpur,shreya.gurung@hotmail.com
"Fatima  Sharma",Pokhara,fatima.sharma@live.com
"Shreya Kaur Sharma",Kathmandu,shreya.sharma@live.com
"Avantika Kumar Gurung",Birgunj,avantika.gurung@live.com
"Hari Kumar Tamang",Nepalgunj,hari.tamang@hotmail.com
"Laxman  Sharma",Biratnagar,laxman.sharma@hotmail.com
"Hari  Shrestha",Birgunj,hari.shrestha@hotmail.com
"Fatima  Rana",Pokhara,fatima.rana@hotmail.com
"Ram Kumari Gurung",Pokhara,ram.gurung@hotmail.com
"Laxman Kumar Shrestha",Bhaktapur,laxman.shrestha@hotmail.com
"Laxman Rani Rana",Dharan,laxman.rana@gmail.com
"Avantika Prasad Shrestha",Lalitpur,avantika.shrestha@gmail.com
"Hari Kaur Iyer",Nepalgunj,hari.iyer@hotmail.com
"Hari  Khan",Dharan,hari.khan@live.com
"Hari Kumari Tamang",Bhaktapur,hari.tamang@live.com
"Ram Rani Tamang",Birgunj,ram.tamang@live.com
"Avantika  Khan",Lalitpur,avantika.khan@hotmail.com
"Shreya Begum Pandey",Kathmandu,shreya.pandey@hotmail.com
"Laxman  Sharma",Biratnagar,laxman.sharma@live.com
"Shreya  Thapa",Nepalgunj,shreya.thapa@live.com
"Laxman Gopal Pandey",Lalitpur,laxman.pandey@hotmail.com
"Akanshya Devi Rai",Nepalgunj,akanshya.rai@live.com
"Shreya  Rana",Lalitpur,shreya.rana@gmail.com
"Farukh Kumar Rai",Butwal,farukh.rai@gmail.com
"Avantika  Pandey",Biratnagar,avantika.pandey@hotmail.com
"Laxmi  Sharma",Biratnagar,laxmi.sharma@live.com
"Laxmi Devi Gurung",Dharan,laxmi.gurung@live.com
"Akanshya Gopal Shrestha",Bhaktapur,akanshya.shrestha@gmail.com
"Farukh Prasad Shrestha",Bhaktapur,farukh.shrestha@hotmail.com
"Akanshya Devi Shrestha",Kathmandu,akanshya.shrestha@hotmail.com
"Ram Kaur Khan",Birgunj,ram.khan@live.com
"Hari  Bhattarai",Biratnagar,hari.bhattarai@live.com
"Laxman Ali Rana",Lalitpur,laxman.rana@live.com
"Ram  Sharma",Pokhara,ram.sharma@live.com
"Laxman Kaur Tamang",Bhaktapur,laxman.tamang@hotmail.com
"Laxmi  Gurung",Nepalgunj,laxmi.gurung@gmail.com
"Laxman  Gurung",Bhaktapur,laxman.gurung@gmail.com
"Hari Kumar Pandey",Kathmandu,hari.pandey@gmail.com
"Venu  Rai",Dharan,venu.rai@hotmail.com
"Avantika  Gurung",Kathmandu,avantika.gurung@live.com
"Akanshya  Bhattarai",Bhaktapur,akanshya.bhattarai@gmail.com
"Ram  Sharma",Birgunj,ram.sharma@gmail.com
"Fatima  Bhattarai",Hetauda,fatima.bhattarai@gmail.com
"Farukh  Pandey",Hetauda,farukh.pandey@gmail.com
"Shreya  Rana",Pokhara,shreya.rana@live.com
"Shreya Kumar Bhattarai",Biratnagar,shreya.bhattarai@gmail.com
"Shreya  Thapa",Hetauda,shreya.thapa@live.com
"Fatima  Shrestha",Biratnagar,fatima.shrestha@live.com
"Venu  Khan",Bhaktapur,venu.khan@hotmail.com
"Laxman  Shrestha",Butwal,laxman.shrestha@hotmail.com
"Venu Rani Khan",Nepalgunj,venu.khan@live.com
"Hari  Tamang",Butwal,hari.tamang@hotmail.com
"Fatima Kumar Rana",Nepalgunj,fatima.rana@hotmail.com
"Shreya Gopal Gurung",Kathmandu,shreya.gurung@hotmail.com
"Farukh Bahadur Shrestha",Hetauda,farukh.shrestha@live.com
"Ram  Rai",Pokhara,ram.rai@live.com
"Akanshya Bahadur Gurung",Hetauda,akanshya.gurung@gmail.com
"Hari Devi Gurung",Kathmandu,hari.gurung@hotmail.com
"Shreya Kumari Rai",Kathmandu,shreya.rai@hotmail.com
"Laxman Prasad Rai",Bhaktapur,laxman.rai@hotmail.com
"Hari  Pandey",Biratnagar,hari.pandey@live.com
"Akanshya Kaur Khan",Dharan,akanshya.khan@gmail.com
"Farukh  Rana",Butwal,farukh.rana@hotmail.com
"Fatima Ali Tamang",Bhaktapur,fatima.tamang@live.com
"Hari Bahadur Thapa",Kathmandu,hari.thapa@gmail.com
"Akanshya Devi Bhattarai",Lalitpur,akanshya.bhattarai@hotmail.com
"Ram Rani Rai",Kathmandu,ram.rai@gmail.com
"Hari  Tamang",Nepalgunj,hari.tamang@hotmail.com
"Fatima Kumari Thapa",Kathmandu,fatima.thapa@gmail.com
"Laxmi  Tamang",Nepalgunj,laxmi.tamang@gmail.com
"Fatima Gopal Gurung",Nepalgunj,fatima.gurung@live.com
"Avantika  Gurung",Bhaktapur,avantika.gurung@live.com
"Ram Devi Iyer",Bhaktapur,ram.iyer@hotmail.com
"Laxmi Devi Sharma",Biratnagar,laxmi.sharma@hotmail.com
"Farukh  Rana",Biratnagar,farukh.rana@live.com
"Avantika  Tamang",Lalitpur,avantika.tamang@hotmail.com
"Venu Devi Gurung",Kathmandu,venu.gurung@live.com
"Venu  Bhattarai",Hetauda,venu.bhattarai@live.com
"Hari Ali Khan",Dharan,hari.khan@hotmail.com
"Laxman Gopal Rai",Hetauda,laxman.rai@hotmail.com
"Hari  Rana",Kathmandu,hari.rana@gmail.com
"Laxman  Bhattarai",Birgunj,laxman.bhattarai@hotmail.com
"Hari Kaur Sharma",Dharan,hari.sharma@gmail.com
"Laxman Kumari Tamang",Dharan,laxman.tamang@hotmail.com
"Farukh  Thapa",Dharan,farukh.thapa@gmail.com
"Fatima  Iyer",Bhaktapur,fatima.iyer@hotmail.com
"Shreya Rani Gurung",Bhaktapur,shreya.gurung@hotmail.com
"Avantika  Gurung",Bhaktapur,avantika.gurung@gmail.com
"Hari  Iyer",Bhaktapur,hari.iyer@gmail.com
"Laxmi  Gurung",Dharan,laxmi.gurung@gmail.com
"Akanshya Kaur Shrestha",Dharan,akanshya.shrestha@gmail.com
"Shreya  Tamang",Bhaktapur,shreya.tamang@live.com
"Avantika  Thapa",Biratnagar,avantika.thapa@live.com
"Akanshya  Shrestha",Pokhara,akanshya.shrestha@live.com
"Shreya Begum Pandey",Kathmandu,shreya.pandey@live.com
"Shreya  Rai",Kathmandu,shreya.rai@gmail.com
"Venu Rani Rai",Birgunj,venu.rai@gmail.com
"Avantika Prasad Sharma",Kathmandu,avantika.sharma@gmail.com
"Shreya  Tamang",Lalitpur,shreya.tamang@gmail.com
"Avantika  Thapa",Butwal,avantika.thapa@gmail.com
"Ram Kaur Thapa",Birgunj,ram.thapa@hotmail.com
"Venu Gopal Pandey",Lalitpur,venu.pandey@gmail.com
"Fatima  Rai",Bhaktapur,fatima.rai@gmail.com
"Hari Devi Khan",Bhaktapur,hari.khan@gmail.com
"Avantika Begum Sharma",Butwal,avantika.sharma@live.com
"Ram Prasad Khan",Birgunj,ram.khan@hotmail.com
"Shreya Kumari Iyer",Dharan,shreya.iyer@hotmail.com
"Shreya  Tamang",Dharan,shreya.tamang@gmail.com
"Fatima  Rai",Biratnagar,fatima.rai@live.com
"Shreya Bahadur Thapa",Butwal,shreya.thapa@gmail.com
"Venu Kumari Pandey",Nepalgunj,venu.pandey@hotmail.com
"Fatima Devi Sharma",Hetauda,fatima.sharma@live.com
"Shreya Begum Thapa",Lalitpur,shreya.thapa@gmail.com
"Laxman Ali Khan",Bhaktapur,laxman.khan@hotmail.com
"Laxmi  Gurung",Bhaktapur,laxmi.gurung@live.com
"Hari  Rana",Biratnagar,hari.rana@live.com
"Avantika  Tamang",Pokhara,avantika.tamang@gmail.com
"Shreya Kumar Pandey",Hetauda,shreya.pandey@live.com
"Venu Kumar Thapa",Hetauda,venu.thapa@live.com
"Shreya  Rai",Nepalgunj,shreya.rai@live.com
"Farukh  Rai",Hetauda,farukh.rai@hotmail.com
"Hari  Khan",Hetauda,hari.khan@hotmail.com
"Farukh Devi Rana",Butwal,farukh.rana@gmail.com
"Hari  Rana",Kathmandu,hari.rana@hotmail.com
"Akanshya  Sharma",Nepalgunj,akanshya.sharma@hotmail.com
"Shreya  Rana",Nepalgunj,shreya.rana@live.com
"Fatima  Bhattarai",Butwal,fatima.bhattarai@gmail.com
"Farukh Devi Rai",Pokhara,farukh.rai@gmail.com
"Shreya Kaur Shrestha",Kathmandu,shreya.shrestha@gmail.com
"Laxman  Thapa",Bhaktapur,laxman.thapa@hotmail.com
"Laxmi Prasad Iyer",Birgunj,laxmi.iyer@gmail.com
"Fatima Devi Sharma",Biratnagar,fatima.sharma@live.com
"Fatima  Iyer",Kathmandu,fatima.iyer@hotmail.com
"Hari Rani Iyer",Lalitpur,hari.iyer@hotmail.com
"Shreya  Gurung",Bhaktapur,shreya.gurung@gmail.com
"Avantika  Gurung",Hetauda,avantika.gurung@live.com
"Laxmi  Pandey",Hetauda,laxmi.pandey@gmail.com
"Laxmi Kumari Thapa",Dharan,laxmi.thapa@gmail.com
"Shreya  Gurung",Hetauda,shreya.gurung@live.com
"Avantika  Rai",Butwal,avantika.rai@gmail.com
"Farukh  Gurung",Lalitpur,farukh.gurung@gmail.com
"Fatima  Gurung",Birgunj,fatima.gurung@gmail.com
"Shreya  Rai",Nepalgunj,shreya.rai@live.com
"Hari Ali Pandey",Hetauda,hari.pandey@gmail.com
"Shreya Gopal Bhattarai",Birgunj,shreya.bhattarai@gmail.com
"Fatima Prasad Pandey",Kathmandu,fatima.pandey@hotmail.com
"Avantika  Pandey",Butwal,avantika.pandey@hotmail.com
"Laxmi  Gurung",Hetauda,laxmi.gurung@live.com
"Farukh  Rana",Birgunj,farukh.rana@hotmail.com
"Laxman Bahadur Shrestha",Hetauda,laxman.shrestha@live.com
"Avantika Begum Iyer",Pokhara,avantika.iyer@gmail.com
"Venu Ali Khan",Bhaktapur,venu.khan@live.com
"Avantika  Rana",Biratnagar,avantika.rana@live.com
"Ram Prasad Shrestha",Nepalgunj,ram.shrestha@live.com
"Avantika Begum Khan",Hetauda,avantika.khan@hotmail.com
"Farukh  Thapa",Butwal,farukh.thapa@live.com
"Akanshya  Sharma",Butwal,akanshya.sharma@live.com
"Venu Bahadur Gurung",Birgunj,venu.gurung@hotmail.com
"Fatima Devi Bhattarai",Bhaktapur,fatima.bhattarai@live.com
"Shreya  Thapa",Dharan,shreya.thapa@gmail.com
"Avantika Ali Rana",Hetauda,avantika.rana@gmail.com
"Hari Begum Gurung",Pokhara,hari.gurung@hotmail.com
"Farukh Kaur Iyer",Butwal,farukh.iyer@live.com
"Shreya Kumar Thapa",Nepalgunj,shreya.thapa@live.com
"Ram Begum Sharma",Nepalgunj,ram.sharma@hotmail.com
"Hari Kumari Tamang",Lalitpur,hari.tamang@live.com
"Avantika Kumar Shrestha",Butwal,avantika.shrestha@hotmail.com
"Avantika  Khan",Kathmandu,avantika.khan@gmail.com
"Shreya Ali Pandey",Butwal,shreya.pandey@live.com
"Ram  Pandey",Kathmandu,ram.pandey@hotmail.com
"Laxman  Bhattarai",Hetauda,laxman.bhattarai@hotmail.com
"Ram  Iyer",Lalitpur,ram.iyer@live.com
"Hari Kumari Rana",Kathmandu,hari.rana@live.com
"Avantika Rani Gurung",Pokhara,avantika.gurung@gmail.com
"Hari Begum Bhattarai",Kathmandu,hari.bhattarai@gmail.com
"Hari  Khan",Butwal,hari.khan@live.com
"Laxman Gopal Shrestha",Bhaktapur,laxman.shrestha@gmail.com
"Fatima  Rana",Dharan,fatima.rana@hotmail.com
"Venu Kaur Khan",Birgunj,venu.khan@hotmail.com
"Ram  Iyer",Butwal,ram.iyer@live.com
"Akanshya  Khan",Birgunj,akanshya.khan@gmail.com
"Laxman Gopal Rai",Kathmandu,laxman.rai@hotmail.com
"Ram Prasad Iyer",Dharan,ram.iyer@gmail.com
"Ram Begum Shrestha",Dharan,ram.shrestha@hotmail.com
"Hari Kaur Rai",Biratnagar,hari.rai@hotmail.com
"Farukh  Iyer",Kathmandu,farukh.iyer@gmail.com
"Venu  Iyer",Birgunj,venu.iyer@hotmail.com
"Laxmi Devi Iyer",Nepalgunj,laxmi.iyer@hotmail.com
"Ram  Sharma",Kathmandu,ram.sharma@gmail.com
"Avantika  Tamang",Biratnagar,avantika.tamang@gmail.com
"Ram Kumari Tamang",Hetauda,ram.tamang@gmail.com
"Akanshya  Bhattarai",Bhaktapur,akanshya.bhattarai@live.com
"Shreya  Rana",Hetauda,shreya.rana@live.com
"Venu  Pandey",Butwal,venu.pandey@gmail.com
"Fatima Kaur Tamang",Butwal,fatima.tamang@gmail.com
"Farukh Kumar Tamang",Birgunj,farukh.tamang@gmail.com
"Fatima  Bhattarai",Lalitpur,fatima.bhattarai@live.com
"Akanshya Devi Tamang",Biratnagar,akanshya.tamang@gmail.com
"Laxman Kumari Rana",Pokhara,laxman.rana@hotmail.com
"Shreya Begum Rai",Nepalgunj,shreya.rai@gmail.com
"Farukh  Shrestha",Birgunj,farukh.shrestha@hotmail.com
"Ram Kaur Thapa",Butwal,ram.thapa@live.com
"Avantika Ali Iyer",Nepalgunj,avantika.iyer@live.com
"Venu  Iyer",Pokhara,venu.iyer@hotmail.com
"Laxman Bahadur Pandey",Bhaktapur,laxman.pandey@gmail.com
"Akanshya Kumar Sharma",Hetauda,akanshya.sharma@hotmail.com
"Avantika Bahadur Rai",Birgunj,avantika.rai@gmail.com
"Venu Begum Iyer",Lalitpur,venu.iyer@gmail.com
"Hari  Bhattarai",Biratnagar,hari.bhattarai@hotmail.com
"Laxman  Gurung",Kathmandu,laxman.gurung@gmail.com
"Laxman Ali Gurung",Bhaktapur,laxman.gurung@live.com
"Laxman Rani Rana",Biratnagar,laxman.rana@live.com
"Fatima Bahadur Shrestha",Nepalgunj,fatima.shrestha@gmail.com
"Farukh Rani Rai",Biratnagar,farukh.rai@live.com
"Farukh Bahadur Rai",Hetauda,farukh.rai@gmail.com
"Venu Kaur Bhattarai",Pokhara,venu.bhattarai@live.com
"Ram  Thapa",Lalitpur,ram.thapa@hotmail.com
"Hari Bahadur Thapa",Bhaktapur,hari.thapa@live.com
"Laxmi Ali Rana",Hetauda,laxmi.rana@live.com
"Laxmi  Thapa",Lalitpur,laxmi.thapa@gmail.com
"Fatima Rani Khan",Hetauda,fatima.khan@hotmail.com
"Venu Kaur Pandey",Birgunj,venu.pandey@gmail.com
"Hari  Shrestha",Kathmandu,hari.shrestha@hotmail.com
"Avantika  Rai",Pokhara,avantika.rai@hotmail.com
"Laxmi  Thapa",Kathmandu,laxmi.thapa@live.com
"Shreya Gopal Rana",Lalitpur,shreya.rana@hotmail.com
"Ram Ali Sharma",Nepalgunj,ram.sharma@live.com
"Laxman  Shrestha",Kathmandu,laxman.shrestha@gmail.com
"Laxmi Kumari Iyer",Kathmandu,laxmi.iyer@hotmail.com
"Venu Prasad Tamang",Lalitpur,venu.tamang@live.com
"Venu Gopal Iyer",Lalitpur,venu.iyer@gmail.com
"Hari  Shrestha",Dharan,hari.shrestha@live.com
"Akanshya  Bhattarai",Bhaktapur,akanshya.bhattarai@gmail.com
"Laxman Kumari Shrestha",Bhaktapur,laxman.shrestha@live.com
"Fatima  Sharma",Hetauda,fatima.sharma@gmail.com
"Hari Kumar Gurung",Hetauda,hari.gurung@gmail.com
"Hari  Shrestha",Hetauda,hari.shrestha@gmail.com
"Farukh Begum Thapa",Kathmandu,farukh.thapa@live.com
"Akanshya  Sharma",Pokhara,akanshya.sharma@gmail.com
"Farukh  Sharma",Birgunj,farukh.sharma@live.com
"Akanshya Kaur Rana",Nepalgunj,akanshya.rana@hotmail.com
"Venu  Iyer",Birgunj,venu.iyer@gmail.com
"Farukh  Shrestha",Lalitpur,farukh.shrestha@hotmail.com
"Shreya Rani Shrestha",Lalitpur,shreya.shrestha@gmail.com
"Shreya Ali Pandey",Biratnagar,shreya.pandey@hotmail.com
"Farukh  Shrestha",Butwal,farukh.shrestha@live.com
"Avantika  Rai",Biratnagar,avantika.rai@hotmail.com
"Laxman  Pandey",Dharan,laxman.pandey@hotmail.com
"Akanshya Gopal Gurung",Butwal,akanshya.gurung@live.com
"Avantika Kumari Pandey",Bhaktapur,avantika.pandey@live.com
"Venu  Rana",Birgunj,venu.rana@gmail.com
"Akanshya Begum Gurung",Dharan,akanshya.gurung@gmail.com
"Ram  Iyer",Butwal,ram.iyer@live.com
"Fatima Gopal Sharma",Lalitpur,fatima.sharma@live.com
"Farukh  Rana",Pokhara,farukh.rana@hotmail.com
"Laxman  Gurung",Kathmandu,laxman.gurung@hotmail.com
"Hari Kumari Bhattarai",Biratnagar,hari.bhattarai@hotmail.com
"Hari  Iyer",Hetauda,hari.iyer@gmail.com
"Ram Gopal Khan",Butwal,ram.khan@hotmail.com
"Hari  Gurung",Hetauda,hari.gurung@gmail.com
"Ram  Thapa",Biratnagar,ram.thapa@hotmail.com
"Hari  Iyer",Birgunj,hari.iyer@live.com
"Laxmi Rani Pandey",Nepalgunj,laxmi.pandey@hotmail.com
"Shreya Devi Sharma",Pokhara,shreya.sharma@hotmail.com
"Laxmi  Sharma",Biratnagar,laxmi.sharma@live.com
"Laxmi Rani Tamang",Dharan,laxmi.tamang@hotmail.com
"Hari  Rai",Kathmandu,hari.rai@live.com
"Avantika Ali Gurung",Kathmandu,avantika.gurung@live.com
"Farukh  Gurung",Biratnagar,farukh.gurung@hotmail.com
"Ram  Sharma",Biratnagar,ram.sharma@gmail.com
"Fatima  Gurung",Birgunj,fatima.gurung@live.com
"Avantika Prasad Pandey",Bhaktapur,avantika.pandey@hotmail.com
"Avantika Devi Pandey",Kathmandu,avantika.pandey@gmail.com
"Farukh  Bhattarai",Dharan,farukh.bhattarai@gmail.com
"Laxman  Thapa",Kathmandu,laxman.thapa@gmail.com
"Hari Ali Bhattarai",Birgunj,hari.bhattarai@hotmail.com
"Farukh Rani Khan",Bhaktapur,farukh.khan@live.com
"Fatima  Sharma",Biratnagar,fatima.sharma@gmail.com
"Avantika Prasad Thapa",Biratnagar,avantika.thapa@gmail.com
"Laxmi  Gurung",Bhaktapur,laxmi.gurung@hotmail.com
"Hari Kaur Rai",Biratnagar,hari.rai@hotmail.com
"Laxmi  Thapa",Birgunj,laxmi.thapa@hotmail.com
"Venu Bahadur Shrestha",Hetauda,venu.shrestha@hotmail.com
"Venu Rani Pandey",Hetauda,venu.pandey@live.com
"Shreya  Rai",Biratnagar,shreya.rai@hotmail.com
"Laxmi  Gurung",Kathmandu,laxmi.gurung@live.com
"Akanshya Kumari Rana",Dharan,akanshya.rana@live.com
"Hari  Tamang",Dharan,hari.tamang@live.com
"Akanshya Gopal Sharma",Kathmandu,akanshya.sharma@gmail.com
"Venu Begum Sharma",Birgunj,venu.sharma@gmail.com
"Farukh  Rana",Kathmandu,farukh.rana@live.com
"Shreya Gopal Khan",Hetauda,shreya.khan@hotmail.com
"Venu Kumar Thapa",Pokhara,venu.thapa@gmail.com
"Laxmi  Rai",Nepalgunj,laxmi.rai@gmail.com
"Laxman Kumari Bhattarai",Biratnagar,laxman.bhattarai@live.com
"Akanshya  Tamang",Biratnagar,akanshya.tamang@live.com
"Farukh  Tamang",Hetauda,farukh.tamang@live.com
"Akanshya  Tamang",Biratnagar,akanshya.tamang@hotmail.com
"Avantika Ali Iyer",Dharan,avantika.iyer@gmail.com
"Laxmi Devi Sharma",Lalitpur,laxmi.sharma@live.com
"Ram  Thapa",Bhaktapur,ram.thapa@hotmail.com
"Shreya Kaur Gurung",Kathmandu,shreya.gurung@hotmail.com
"Venu Prasad Thapa",Dharan,venu.thapa@gmail.com
"Laxman Begum Bhattarai",Dharan,laxman.bhattarai@hotmail.com
"Venu Devi Pandey",Bhaktapur,venu.pandey@hotmail.com
"Farukh Kumar Bhattarai",Pokhara,farukh.bhattarai@hotmail.com
"Shreya Kumari Thapa",Dharan,shreya.thapa@live.com
"Laxmi Kumari Tamang",Bhaktapur,laxmi.tamang@gmail.com
"Laxman  Pandey",Pokhara,laxman.pandey@hotmail.com
"Ram Begum Iyer",Pokhara,ram.iyer@hotmail.com
"Hari  Shrestha",Kathmandu,hari.shrestha@hotmail.com
"Hari  Gurung",Biratnagar,hari.gurung@hotmail.com
"Laxman Devi Thapa",Hetauda,laxman.thapa@gmail.com
"Hari Kaur Pandey",Kathmandu,hari.pandey@hotmail.com
"Shreya  Pandey",Hetauda,shreya.pandey@hotmail.com
"Laxmi Rani Rana",Kathmandu,laxmi.rana@gmail.com
"Akanshya Rani Iyer",Hetauda,akanshya.iyer@gmail.com
"Hari  Gurung",Bhaktapur,hari.gurung@gmail.com
"Akanshya  Rana",Pokhara,akanshya.rana@hotmail.com
"Venu  Thapa",Nepalgunj,venu.thapa@live.com
"Avantika Bahadur Bhattarai",Bhaktapur,avantika.bhattarai@gmail.com
"Ram  Thapa",Pokhara,ram.thapa@hotmail.com
"Avantika Gopal Sharma",Birgunj,avantika.sharma@live.com
"Akanshya Rani Khan",Biratnagar,akanshya.khan@live.com
"Farukh Kaur Iyer",Dharan,farukh.iyer@hotmail.com
"Farukh Prasad Bhattarai",Nepalgunj,farukh.bhattarai@live.com
"Fatima Begum Pandey",Dharan,fatima.pandey@gmail.com
"Akanshya  Pandey",Kathmandu,akanshya.pandey@hotmail.com
"Avantika Kaur Shrestha",Biratnagar,avantika.shrestha@live.com
"Laxmi  Shrestha",Pokhara,laxmi.shrestha@live.com
"Farukh  Gurung",Biratnagar,farukh.gurung@hotmail.com
"Venu Begum Sharma",Nepalgunj,venu.sharma@live.com
"Laxman Kumari Gurung",Bhaktapur,laxman.gurung@live.com
"Venu Prasad Iyer",Kathmandu,venu.iyer@gmail.com
"Venu  Bhattarai",Hetauda,venu.bhattarai@hotmail.com
"Ram Kumar Sharma",Biratnagar,ram.sharma@gmail.com
"Akanshya Rani Shrestha",Pokhara,akanshya.shrestha@live.com
"Laxman Kumar Tamang",Nepalgunj,laxman.tamang@hotmail.com
"Laxman Kaur Rana",Nepalgunj,laxman.rana@gmail.com
"Hari Kaur Rana",Birgunj,hari.rana@hotmail.com
"Shreya  Thapa",Bhaktapur,shreya.thapa@live.com
"Farukh  Gurung",Lalitpur,farukh.gurung@gmail.com
"Shreya Kaur Gurung",Lalitpur,shreya.gurung@live.com
"Laxmi  Iyer",Birgunj,laxmi.iyer@gmail.com
"Avantika  Rana",Nepalgunj,avantika.rana@hotmail.com
"Venu  Thapa",Butwal,venu.thapa@hotmail.com
"Hari Kumar Shrestha",Bhaktapur,hari.shrestha@hotmail.com
"Farukh  Thapa",Birgunj,farukh.thapa@hotmail.com
"Fatima  Thapa",Hetauda,fatima.thapa@live.com
"Hari  Gurung",Nepalgunj,hari.gurung@hotmail.com
"Fatima  Iyer",Nepalgunj,fatima.iyer@live.com
"Hari Begum Rana",Birgunj,hari.rana@live.com
"Farukh Prasad Gurung",Pokhara,farukh.gurung@gmail.com
"Laxman Gopal Rana",Birgunj,laxman.rana@live.com
"Laxmi  Khan",Hetauda,laxmi.khan@live.com
"Laxman Ali Rana",Hetauda,laxman.rana@hotmail.com
"Ram Begum Tamang",Lalitpur,ram.tamang@live.com
"Fatima Kaur Iyer",Pokhara,fatima.iyer@live.com
"Farukh  Pandey",Bhaktapur,farukh.pandey@gmail.com
"Farukh  Khan",Dharan,farukh.khan@gmail.com
"Hari Rani Tamang",Biratnagar,hari.tamang@hotmail.com
"Avantika Begum Shrestha",Birgunj,avantika.shrestha@gmail.com
"Laxman Prasad Tamang",Nepalgunj,laxman.tamang@gmail.com
"Avantika  Sharma",Nepalgunj,avantika.sharma@hotmail.com
"Ram Ali Pandey",Birgunj,ram.pandey@gmail.com
"Shreya  Pandey",Biratnagar,shreya.pandey@gmail.com
"Hari  Pandey",Bhaktapur,hari.pandey@gmail.com
"Ram Gopal Tamang",Birgunj,ram.tamang@live.com
"Akanshya  Sharma",Lalitpur,akanshya.sharma@hotmail.com
"Ram  Khan",Bhaktapur,ram.khan@hotmail.com
"Venu Ali Shrestha",Butwal,venu.shrestha@gmail.com
"Ram Kumar Rai",Lalitpur,ram.rai@live.com
"Farukh  Iyer",Bhaktapur,farukh.iyer@live.com
"Venu  Rana",Bhaktapur,venu.rana@live.com
"Fatima Rani Thapa",Nepalgunj,fatima.thapa@live.com
"Laxman  Rana",Dharan,laxman.rana@gmail.com
"Fatima  Khan",Biratnagar,fatima.khan@hotmail.com
"Laxmi  Pandey",Kathmandu,laxmi.pandey@live.com
"Farukh  Bhattarai",Birgunj,farukh.bhattarai@hotmail.com
"Hari  Khan",Dharan,hari.khan@hotmail.com
"Hari  Rai",Dharan,hari.rai@live.com
"Farukh Rani Shrestha",Hetauda,farukh.shrestha@gmail.com
"Farukh  Rana",Kathmandu,farukh.rana@hotmail.com
"Farukh Ali Bhattarai",Biratnagar,farukh.bhattarai@hotmail.com
"Farukh Kumar Thapa",Pokhara,farukh.thapa@live.com
"Farukh Rani Thapa",Hetauda,farukh.thapa@live.com
"Farukh Kumar Rana",Pokhara,farukh.rana@hotmail.com
"Laxman Begum Shrestha",Hetauda,laxman.shrestha@live.com
"Farukh Kumar Thapa",Pokhara,farukh.thapa@live.com
"Venu Gopal Pandey",Birgunj,venu.pandey@gmail.com
"Shreya Prasad Shrestha",Bhaktapur,shreya.shrestha@gmail.com
"Fatima  Iyer",Hetauda,fatima.iyer@gmail.com
"Shreya Kumari Rana",Birgunj,shreya.rana@live.com
"Shreya  Iyer",Biratnagar,shreya.iyer@live.com
"Akanshya Begum Pandey",Lalitpur,akanshya.pandey@hotmail.com
"Venu Devi Bhattarai",Biratnagar,venu.bhattarai@live.com
"Avantika  Pandey",Bhaktapur,avantika.pandey@hotmail.com
"Fatima  Pandey",Birgunj,fatima.pandey@live.com
"Shreya  Bhattarai",Hetauda,shreya.bhattarai@live.com
"Farukh Rani Khan",Nepalgunj,farukh.khan@gmail.com
"Fatima  Pandey",Bhaktapur,fatima.pandey@hotmail.com
"Akanshya  Khan",Biratnagar,akanshya.khan@gmail.com
"Fatima  Shrestha",Butwal,fatima.shrestha@gmail.com
"Farukh Bahadur Rana",Bhaktapur,farukh.rana@gmail.com
"Laxmi  Rana",Hetauda,laxmi.rana@gmail.com
"Hari Kumar Iyer",Birgunj,hari.iyer@gmail.com
"Avantika Devi Sharma",Lalitpur,avantika.sharma@live.com
"Shreya  Rai",Dharan,shreya.rai@hotmail.com
"Shreya Kumari Pandey",Dharan,shreya.pandey@live.com
"Shreya  Rai",Hetauda,shreya.rai@hotmail.com
"Avantika Kumar Gurung",Biratnagar,avantika.gurung@gmail.com
"Ram Kaur Tamang",Biratnagar,ram.tamang@live.com
"Shreya Ali Pandey",Bhaktapur,shreya.pandey@live.com
"Fatima Ali Gurung",Birgunj,fatima.gurung@hotmail.com
"Venu  Iyer",Nepalgunj,venu.iyer@gmail.com
"Hari Devi Shrestha",Bhaktapur,hari.shrestha@gmail.com
"Farukh Kumar Tamang",Biratnagar,farukh.tamang@live.com
"Hari Kaur Rana",Butwal,hari.rana@live.com
"Laxmi  Pandey",Nepalgunj,laxmi.pandey@hotmail.com
"Avantika Kumar Gurung",Dharan,avantika.gurung@hotmail.com
"Ram  Sharma",Nepalgunj,ram.sharma@hotmail.com
"Ram  Rana",Bhaktapur,ram.rana@hotmail.com
"Fatima Ali Thapa",Pokhara,fatima.thapa@gmail.com
"Laxman  Gurung",Pokhara,laxman.gurung@live.com
"Farukh Devi Pandey",Pokhara,farukh.pandey@hotmail.com
"Venu  Gurung",Bhaktapur,venu.gurung@gmail.com
"Hari  Pandey",Dharan,hari.pandey@live.com
"Akanshya  Rana",Biratnagar,akanshya.rana@live.com
"Avantika  Gurung",Kathmandu,avantika.gurung@hotmail.com
"Farukh Rani Sharma",Pokhara,farukh.sharma@live.com
"Avantika  Tamang",Hetauda,avantika.tamang@live.com
"Venu  Bhattarai",Bhaktapur,venu.bhattarai@hotmail.com
"Fatima  Tamang",Nepalgunj,fatima.tamang@hotmail.com
"Farukh  Gurung",Bhaktapur,farukh.gurung@hotmail.com
"Avantika  Rai",Kathmandu,avantika.rai@live.com
"Laxmi Begum Iyer",Hetauda,laxmi.iyer@gmail.com
"Ram Begum Sharma",Birgunj,ram.sharma@live.com
"Hari Ali Bhattarai",Hetauda,hari.bhattarai@gmail.com
"Shreya Bahadur Rana",Butwal,shreya.rana@live.com
"Shreya  Bhattarai",Nepalgunj,shreya.bhattarai@hotmail.com
"Farukh  Sharma",Birgunj,farukh.sharma@hotmail.com
"Hari Kumari Shrestha",Kathmandu,hari.shrestha@gmail.com
"Venu Rani Rai",Butwal,venu.rai@live.com
"Farukh Bahadur Thapa",Pokhara,farukh.thapa@hotmail.com
"Laxmi  Tamang",Biratnagar,laxmi.tamang@hotmail.com
"Akanshya  Rai",Hetauda,akanshya.rai@hotmail.com
"Laxman Begum Rana",Pokhara,laxman.rana@hotmail.com
"Laxmi Gopal Rai",Pokhara,laxmi.rai@live.com
"Akanshya Bahadur Bhattarai",Pokhara,akanshya.bhattarai@hotmail.com
"Fatima  Rai",Dharan,fatima.rai@gmail.com
"Avantika  Iyer",Bhaktapur,avantika.iyer@hotmail.com
"Ram Prasad Khan",Lalitpur,ram.khan@live.com
"Farukh  Sharma",Birgunj,farukh.sharma@gmail.com
"Venu  Tamang",Butwal,venu.tamang@gmail.com
"Ram Bahadur Gurung",Birgunj,ram.gurung@hotmail.com
"Shreya Begum Rai",Kathmandu,shreya.rai@hotmail.com
"Fatima Kaur Sharma",Birgunj,fatima.sharma@hotmail.com
"Venu Prasad Khan",Biratnagar,venu.khan@live.com
"Laxmi Devi Rana",Kathmandu,laxmi.rana@live.com
"Farukh  Gurung",Biratnagar,farukh.gurung@gmail.com
"Farukh  Thapa",Biratnagar,farukh.thapa@hotmail.com
"Ram Kumar Iyer",Dharan,ram.iyer@hotmail.com
"Farukh Bahadur Tamang",Hetauda,farukh.tamang@gmail.com
"Avantika Gopal Tamang",Biratnagar,avantika.tamang@live.com
"Farukh Kumar Iyer",Birgunj,farukh.iyer@hotmail.com
"Farukh  Rai",Pokhara,farukh.rai@gmail.com
"Laxmi  Bhattarai",Lalitpur,laxmi.bhattarai@gmail.com
"Farukh  Shrestha",Pokhara,farukh.shrestha@gmail.com
"Hari  Iyer",Hetauda,hari.iyer@gmail.com
"Hari  Pandey",Biratnagar,hari.pandey@gmail.com
"Fatima  Khan",Nepalgunj,fatima.khan@hotmail.com
"Fatima Gopal Thapa",Lalitpur,fatima.thapa@gmail.com
"Ram  Rai",Dharan,ram.rai@gmail.com
"Shreya Kaur Iyer",Birgunj,shreya.iyer@hotmail.com
"Ram  Pandey",Butwal,ram.pandey@live.com
"Akanshya Gopal Sharma",Kathmandu,akanshya.sharma@live.com
"Fatima  Iyer",Biratnagar,fatima.iyer@gmail.com
"Ram  Shrestha",Pokhara,ram.shrestha@live.com
"Avantika Kumar Pandey",Dharan,avantika.pandey@live.com
"Farukh Kumar Gurung",Dharan,farukh.gurung@live.com
"Laxmi  Bhattarai",Pokhara,laxmi.bhattarai@live.com
"Akanshya Kaur Sharma",Birgunj,akanshya.sharma@hotmail.com
"Hari  Khan",Pokhara,hari.khan@hotmail.com
"Laxman  Rana",Dharan,laxman.rana@gmail.com
"Fatima Ali Rana",Lalitpur,fatima.rana@gmail.com
"Farukh  Pandey",Bhaktapur,farukh.pandey@gmail.com
"Farukh Rani Sharma",Dharan,farukh.sharma@live.com
"Fatima Ali Pandey",Dharan,fatima.pandey@gmail.com
"Akanshya Kumar Sharma",Pokhara,akanshya.sharma@live.com
"Fatima  Pandey",Birgunj,fatima.pandey@hotmail.com
"Ram  Rai",Dharan,ram.rai@hotmail.com
"Laxman  Rai",Biratnagar,laxman.rai@gmail.com
"Fatima Kumari Gurung",Dharan,fatima.gurung@hotmail.com
"Akanshya  Khan",Dharan,akanshya.khan@hotmail.com
"Avantika Prasad Tamang",Biratnagar,avantika.tamang@gmail.com
"Farukh Prasad Khan",Nepalgunj,farukh.khan@live.com
"Venu Bahadur Thapa",Birgunj,venu.thapa@gmail.com
"Shreya Gopal Gurung",Lalitpur,shreya.gurung@gmail.com
"Venu Kaur Khan",Kathmandu,venu.khan@gmail.com
"Venu Ali Pandey",Bhaktapur,venu.pandey@live.com
"Laxman Prasad Rai",Hetauda,laxman.rai@gmail.com
"Venu  Gurung",Biratnagar,venu.gurung@gmail.com
"Avantika  Shrestha",Bhaktapur,avantika.shrestha@hotmail.com
"Laxman  Bhattarai",Hetauda,laxman.bhattarai@live.com
"Ram  Pandey",Nepalgunj,ram.pandey@gmail.com
"Shreya Kumar Pandey",Butwal,shreya.pandey@gmail.com
"Hari Bahadur Tamang",Lalitpur,hari.tamang@gmail.com
"Fatima  Iyer",Lalitpur,fatima.iyer@hotmail.com
"Venu  Rai",Lalitpur,venu.rai@live.com
"Hari  Thapa",Birgunj,hari.thapa@gmail.com
"Laxmi  Pandey",Biratnagar,laxmi.pandey@gmail.com
"Avantika Kumari Pandey",Hetauda,avantika.pandey@gmail.com
"Ram Begum Rana",Biratnagar,ram.rana@hotmail.com
"Shreya  Rai",Nepalgunj,shreya.rai@gmail.com
"Laxman Prasad Shrestha",Birgunj,laxman.shrestha@live.com
"Avantika Bahadur Khan",Pokhara,avantika.khan@live.com
"Laxman  Rai",Pokhara,laxman.rai@gmail.com
"Avantika  Sharma",Butwal,avantika.sharma@live.com
"Venu  Thapa",Nepalgunj,venu.thapa@gmail.com
"Avantika  Gurung",Lalitpur,avantika.gurung@live.com
"Hari Devi Rana",Nepalgunj,hari.rana@live.com
"Avantika Kaur Shrestha",Lalitpur,avantika.shrestha@gmail.com
"Avantika Kumar Pandey",Bhaktapur,avantika.pandey@gmail.com
"Laxman  Khan",Bhaktapur,laxman.khan@gmail.com
"Laxmi  Shrestha",Kathmandu,laxmi.shrestha@gmail.com
"Fatima  Bhattarai",Birgunj,fatima.bhattarai@live.com
"Laxman  Iyer",Birgunj,laxman.iyer@gmail.com
"Ram Bahadur Bhattarai",Biratnagar,ram.bhattarai@hotmail.com
"Shreya  Iyer",Butwal,shreya.iyer@live.com
"Laxmi  Gurung",Lalitpur,laxmi.gurung@hotmail.com
"Ram Rani Rai",Biratnagar,ram.rai@hotmail.com
"Venu  Shrestha",Bhaktapur,venu.shrestha@hotmail.com
"Ram  Shrestha",Nepalgunj,ram.shrestha@hotmail.com
"Farukh  Iyer",Biratnagar,farukh.iyer@gmail.com
"Laxmi Ali Pandey",Bhaktapur,laxmi.pandey@hotmail.com
"Shreya Begum Rai",Birgunj,shreya.rai@hotmail.com
"Fatima Rani Rai",Kathmandu,fatima.rai@live.com
"Laxman Prasad Gurung",Nepalgunj,laxman.gurung@live.com
"Fatima  Tamang",Bhaktapur,fatima.tamang@hotmail.com
"Shreya Kumari Gurung",Bhaktapur,shreya.gurung@live.com
"Venu  Pandey",Pokhara,venu.pandey@hotmail.com
"Laxman  Bhattarai",Butwal,laxman.bhattarai@gmail.com
"Hari  Pandey",Pokhara,hari.pandey@gmail.com
"Laxman Begum Rai",Nepalgunj,laxman.rai@hotmail.com
"Fatima Bahadur Sharma",Biratnagar,fatima.sharma@live.com
"Hari  Pandey",Birgunj,hari.pandey@hotmail.com
"Ram  Rai",Hetauda,ram.rai@hotmail.com
"Akanshya  Khan",Hetauda,akanshya.khan@gmail.com
"Laxman  Thapa",Dharan,laxman.thapa@hotmail.com
"Ram Devi Pandey",Dharan,ram.pandey@live.com
"Avantika  Rai",Nepalgunj,avantika.rai@live.com
"Shreya Bahadur Thapa",Dharan,shreya.thapa@live.com
"Avantika Begum Tamang",Bhaktapur,avantika.tamang@gmail.com
"Shreya  Tamang",Butwal,shreya.tamang@live.com
"Laxman  Rai",Birgunj,laxman.rai@gmail.com
"Laxmi  Tamang",Butwal,laxmi.tamang@gmail.com
"Shreya Devi Sharma",Dharan,shreya.sharma@live.com
"Laxmi  Sharma",Hetauda,laxmi.sharma@hotmail.com
"Laxmi Ali Iyer",Birgunj,laxmi.iyer@hotmail.com
"Ram  Tamang",Butwal,ram.tamang@live.com
"Farukh Rani Rai",Nepalgunj,farukh.rai@live.com
"Venu  Pandey",Lalitpur,venu.pandey@live.com
"Ram Prasad Khan",Kathmandu,ram.khan@hotmail.com
"Avantika Bahadur Pandey",Pokhara,avantika.pandey@live.com
"Fatima  Thapa",Nepalgunj,fatima.thapa@hotmail.com
"Venu  Sharma",Nepalgunj,venu.sharma@hotmail.com
"Shreya Kumari Khan",Butwal,shreya.khan@gmail.com
"Shreya Kumar Bhattarai",Pokhara,shreya.bhattarai@live.com
"Avantika  Sharma",Nepalgunj,avantika.sharma@gmail.com
"Akanshya  Gurung",Lalitpur,akanshya.gurung@gmail.com
"Venu  Gurung",Biratnagar,venu.gurung@live.com
"Ram Bahadur Sharma",Dharan,ram.sharma@live.com
"Ram  Tamang",Nepalgunj,ram.tamang@gmail.com
"Fatima Begum Khan",Birgunj,fatima.khan@gmail.com
"Laxmi  Pandey",Lalitpur,laxmi.pandey@gmail.com
"Venu  Thapa",Butwal,venu.thapa@hotmail.com
"Laxman  Iyer",Pokhara,laxman.iyer@hotmail.com
"Venu  Shrestha",Pokhara,venu.shrestha@hotmail.com
"Avantika  Thapa",Butwal,avantika.thapa@gmail.com
"Farukh  Pandey",Kathmandu,farukh.pandey@gmail.com
"Farukh Prasad Thapa",Biratnagar,farukh.thapa@live.com
"Akanshya Devi Tamang",Hetauda,akanshya.tamang@gmail.com
"Fatima  Shrestha",Birgunj,fatima.shrestha@hotmail.com
"Ram  Sharma",Bhaktapur,ram.sharma@live.com
"Farukh  Pandey",Kathmandu,farukh.pandey@hotmail.com
"Venu  Iyer",Bhaktapur,venu.iyer@gmail.com
"Venu Bahadur Bhattarai",Birgunj,venu.bhattarai@gmail.com
"Venu Gopal Pandey",Lalitpur,venu.pandey@hotmail.com
"Hari  Thapa",Bhaktapur,hari.thapa@gmail.com
"Laxman Kaur Tamang",Lalitpur,laxman.tamang@hotmail.com
"Venu  Rai",Pokhara,venu.rai@gmail.com
"Fatima  Shrestha",Biratnagar,fatima.shrestha@live.com
"Akanshya  Pandey",Hetauda,akanshya.pandey@live.com
"Laxman Bahadur Shrestha",Birgunj,laxman.shrestha@hotmail.com
"Shreya  Khan",Bhaktapur,shreya.khan@gmail.com
"Fatima  Gurung",Birgunj,fatima.gurung@hotmail.com
"Akanshya Kaur Bhattarai",Butwal,akanshya.bhattarai@hotmail.com
"Shreya Devi Rana",Nepalgunj,shreya.rana@hotmail.com
"Laxmi Ali Pandey",Biratnagar,laxmi.pandey@hotmail.com
"Laxmi  Bhattarai",Bhaktapur,laxmi.bhattarai@live.com
"Venu  Sharma",Dharan,venu.sharma@live.com
"Shreya Kaur Gurung",Birgunj,shreya.gurung@gmail.com
"Farukh  Thapa",Birgunj,farukh.thapa@gmail.com
"Avantika  Pandey",Pokhara,avantika.pandey@gmail.com
"Shreya Prasad Pandey",Lalitpur,shreya.pandey@live.com
"Hari Begum Bhattarai",Pokhara,hari.bhattarai@live.com
"Ram  Rana",Bhaktapur,ram.rana@gmail.com
"Avantika  Rana",Hetauda,avantika.rana@hotmail.com
"Akanshya Devi Gurung",Kathmandu,akanshya.gurung@hotmail.com
"Venu Bahadur Rai",Bhaktapur,venu.rai@gmail.com
"Shreya  Khan",Kathmandu,shreya.khan@gmail.com
"Fatima Bahadur Iyer",Biratnagar,fatima.iyer@hotmail.com
"Akanshya Ali Thapa",Biratnagar,akanshya.thapa@gmail.com
"Laxmi  Shrestha",Birgunj,laxmi.shrestha@gmail.com
"Avantika Kumari Khan",Dharan,avantika.khan@live.com
"Laxmi  Thapa",Lalitpur,laxmi.thapa@live.com
"Hari  Sharma",Dharan,hari.sharma@live.com
"Laxman  Iyer",Butwal,laxman.iyer@gmail.com
"Farukh Bahadur Sharma",Birgunj,farukh.sharma@hotmail.com
"Akanshya  Bhattarai",Birgunj,akanshya.bhattarai@live.com
"Laxman  Sharma",Nepalgunj,laxman.sharma@hotmail.com
"Ram Bahadur Sharma",Birgunj,ram.sharma@live.com
"Ram  Iyer",Biratnagar,ram.iyer@hotmail.com
"Venu Begum Sharma",Nepalgunj,venu.sharma@hotmail.com
"Farukh  Bhattarai",Kathmandu,farukh.bhattarai@live.com
"Shreya  Tamang",Kathmandu,shreya.tamang@gmail.com
"Hari Devi Pandey",Kathmandu,hari.pandey@hotmail.com
"Laxmi Rani Shrestha",Dharan,laxmi.shrestha@gmail.com
"Venu  Pandey",Butwal,venu.pandey@hotmail.com
"Farukh Prasad Rana",Nepalgunj,farukh.rana@gmail.com
"Ram  Rai",Birgunj,ram.rai@hotmail.com
"Avantika Begum Bhattarai",Pokhara,avantika.bhattarai@live.com
"Avantika Kaur Tamang",Nepalgunj,avantika.tamang@hotmail.com
"Venu Gopal Khan",Pokhara,venu.khan@hotmail.com
"Avantika Kaur Rana",Butwal,avantika.rana@live.com
"Laxman Rani Sharma",Birgunj,laxman.sharma@live.com
"Akanshya  Rana",Dharan,akanshya.rana@live.com
"Hari  Rana",Bhaktapur,hari.rana@hotmail.com
"Akanshya  Shrestha",Bhaktapur,akanshya.shrestha@hotmail.com
"Farukh Prasad Rana",Nepalgunj,farukh.rana@live.com
"Laxman Devi Thapa",Kathmandu,laxman.thapa@gmail.com
"Laxmi Gopal Shrestha",Biratnagar,laxmi.shrestha@gmail.com
"Ram  Thapa",Birgunj,ram.thapa@hotmail.com
"Fatima Kumari Tamang",Butwal,fatima.tamang@hotmail.com
"Laxmi Rani Shrestha",Pokhara,laxmi.shrestha@gmail.com
"Hari  Rana",Lalitpur,hari.rana@hotmail.com
"Shreya  Sharma",Kathmandu,shreya.sharma@hotmail.com
"Venu Prasad Iyer",Kathmandu,venu.iyer@gmail.com
"Laxmi  Tamang",Lalitpur,laxmi.tamang@hotmail.com
"Shreya Kumari Sharma",Hetauda,shreya.sharma@hotmail.com
"Ram  Thapa",Bhaktapur,ram.thapa@live.com
"Avantika Gopal Rana",Biratnagar,avantika.rana@live.com
"Laxmi Gopal Khan",Pokhara,laxmi.khan@hotmail.com
"Shreya  Khan",Bhaktapur,shreya.khan@live.com
"Fatima  Gurung",Butwal,fatima.gurung@live.com
"Venu  Thapa",Dharan,venu.thapa@hotmail.com
"Hari  Sharma",Biratnagar,hari.sharma@hotmail.com
"Fatima Rani Gurung",Birgunj,fatima.gurung@hotmail.com
"Laxmi  Iyer",Pokhara,laxmi.iyer@hotmail.com
"Shreya  Pandey",Butwal,shreya.pandey@live.com
"Avantika  Bhattarai",Nepalgunj,avantika.bhattarai@hotmail.com
"Akanshya  Gurung",Pokhara,akanshya.gurung@hotmail.com
"Laxmi  Khan",Hetauda,laxmi.khan@gmail.com
"Laxman  Gurung",Nepalgunj,laxman.gurung@hotmail.com
"Laxman Gopal Iyer",Hetauda,laxman.iyer@hotmail.com
"Ram Gopal Rana",Hetauda,ram.rana@live.com
"Venu Kumari Shrestha",Butwal,venu.shrestha@hotmail.com
"Akanshya  Pandey",Biratnagar,akanshya.pandey@hotmail.com
"Laxman  Iyer",Nepalgunj,laxman.iyer@live.com
"Hari Gopal Pandey",Birgunj,hari.pandey@hotmail.com
"Hari Kaur Sharma",Bhaktapur,hari.sharma@gmail.com
"Shreya  Rai",Butwal,shreya.rai@live.com
"Akanshya Ali Iyer",Birgunj,akanshya.iyer@gmail.com
"Hari Ali Thapa",Biratnagar,hari.thapa@hotmail.com
"Farukh  Gurung",Hetauda,farukh.gurung@live.com
"Laxmi Ali Gurung",Bhaktapur,laxmi.gurung@live.com
"Avantika  Iyer",Lalitpur,avantika.iyer@hotmail.com
"Venu  Rana",Butwal,venu.rana@gmail.com
"Ram Kumari Sharma",Birgunj,ram.sharma@live.com
"Venu Bahadur Thapa",Nepalgunj,venu.thapa@hotmail.com
"Farukh Kaur Pandey",Birgunj,farukh.pandey@hotmail.com
"Shreya  Iyer",Pokhara,shreya.iyer@hotmail.com
"Venu Kumar Bhattarai",Dharan,venu.bhattarai@gmail.com
"Avantika Ali Thapa",Butwal,avantika.thapa@live.com
"Venu Devi Rana",Hetauda,venu.rana@hotmail.com
"Laxmi Gopal Iyer",Biratnagar,laxmi.iyer@live.com
"Farukh  Shrestha",Bhaktapur,farukh.shrestha@live.com
"Venu  Rai",Kathmandu,venu.rai@hotmail.com
"Fatima  Pandey",Kathmandu,fatima.pandey@hotmail.com
"Fatima Begum Khan",Biratnagar,fatima.khan@gmail.com
"Fatima  Rai",Bhaktapur,fatima.rai@live.com
"Venu Ali Rai",Lalitpur,venu.rai@hotmail.com
"Laxmi Begum Thapa",Birgunj,laxmi.thapa@live.com
"Hari Begum Rana",Butwal,hari.rana@live.com
"Ram  Rai",Dharan,ram.rai@live.com
"Akanshya Bahadur Khan",Nepalgunj,akanshya.khan@gmail.com
"Akanshya  Thapa",Biratnagar,akanshya.thapa@live.com
"Laxman Devi Pandey",Nepalgunj,laxman.pandey@gmail.com
"Laxmi Begum Tamang",Butwal,laxmi.tamang@hotmail.com
"Farukh  Pandey",Dharan,farukh.pandey@hotmail.com
"Venu Kumar Shrestha",Butwal,venu.shrestha@gmail.com
"Akanshya Prasad Tamang",Dharan,akanshya.tamang@hotmail.com
"Akanshya  Gurung",Lalitpur,akanshya.gurung@live.com
"Laxman Devi Pandey",Biratnagar,laxman.pandey@live.com
"Laxmi  Pandey",Nepalgunj,laxmi.pandey@hotmail.com
"Hari Kumar Bhattarai",Pokhara,hari.bhattarai@live.com
"Hari  Shrestha",Hetauda,hari.shrestha@gmail.com
"Farukh Ali Pandey",Pokhara,farukh.pandey@live.com
"Laxmi Devi Khan",Kathmandu,laxmi.khan@hotmail.com
"Akanshya Kaur Thapa",Bhaktapur,akanshya.thapa@live.com
"Farukh  Gurung",Bhaktapur,farukh.gurung@live.com
"Akanshya Kumari Rana",Hetauda,akanshya.rana@live.com
"Fatima Begum Sharma",Birgunj,fatima.sharma@live.com
"Laxmi Kaur Shrestha",Lalitpur,laxmi.shrestha@gmail.com
"Venu Rani Bhattarai",Hetauda,venu.bhattarai@live.com
"Laxmi  Rai",Bhaktapur,laxmi.rai@hotmail.com
"Shreya Rani Gurung",Nepalgunj,shreya.gurung@gmail.com
"Laxman  Shrestha",Birgunj,laxman.shrestha@hotmail.com
"Hari  Khan",Dharan,hari.khan@live.com
"Fatima  Gurung",Dharan,fatima.gurung@live.com
"Shreya  Sharma",Butwal,shreya.sharma@hotmail.com
"Ram Kaur Iyer",Biratnagar,ram.iyer@live.com
"Ram Kumari Khan",Bhaktapur,ram.khan@hotmail.com
"Akanshya Kaur Tamang",Kathmandu,akanshya.tamang@live.com
"Shreya Bahadur Shrestha",Butwal,shreya.shrestha@gmail.com
"Akanshya Gopal Pandey",Kathmandu,akanshya.pandey@gmail.com
"Akanshya Gopal Tamang",Nepalgunj,akanshya.tamang@gmail.com
"Ram Kumari Sharma",Bhaktapur,ram.sharma@hotmail.com
"Avantika Devi Rai",Pokhara,avantika.rai@gmail.com
"Ram  Khan",Bhaktapur,ram.khan@gmail.com
"Akanshya Ali Tamang",Birgunj,akanshya.tamang@hotmail.com
"Ram Prasad Gurung",Nepalgunj,ram.gurung@hotmail.com
"Hari Gopal Sharma",Birgunj,hari.sharma@hotmail.com
"Laxmi  Thapa",Kathmandu,laxmi.thapa@live.com
"Venu Begum Rana",Nepalgunj,venu.rana@hotmail.com
"Venu Gopal Iyer",Kathmandu,venu.iyer@live.com
"Ram  Iyer",Nepalgunj,ram.iyer@live.com
"Ram  Rai",Lalitpur,ram.rai@live.com
"Fatima Kaur Tamang",Nepalgunj,fatima.tamang@hotmail.com
"Fatima  Rana",Hetauda,fatima.rana@hotmail.com
"Ram  Shrestha",Nepalgunj,ram.shrestha@hotmail.com
"Laxman Ali Shrestha",Kathmandu,laxman.shrestha@live.com
"Laxmi Devi Shrestha",Lalitpur,laxmi.shrestha@gmail.com
"Farukh Kumari Pandey",Kathmandu,farukh.pandey@hotmail.com
"Akanshya Devi Thapa",Nepalgunj,akanshya.thapa@hotmail.com
"Laxman Devi Sharma",Pokhara,laxman.sharma@live.com
"Laxman  Rai",Biratnagar,laxman.rai@live.com
"Farukh Kaur Bhattarai",Hetauda,farukh.bhattarai@gmail.com
"Shreya Prasad Pandey",Biratnagar,shreya.pandey@gmail.com
"Farukh  Tamang",Hetauda,farukh.tamang@live.com
"Laxman  Tamang",Pokhara,laxman.tamang@hotmail.com
"Fatima  Rai",Hetauda,fatima.rai@live.com
"Akanshya  Khan",Bhaktapur,akanshya.khan@hotmail.com
"Shreya  Iyer",Bhaktapur,shreya.iyer@live.com
"Ram  Shrestha",Butwal,ram.shrestha@live.com
"Shreya  Iyer",Nepalgunj,shreya.iyer@hotmail.com
"Shreya  Shrestha",Nepalgunj,shreya.shrestha@live.com
"Shreya Begum Rai",Birgunj,shreya.rai@live.com
"Farukh Devi Khan",Pokhara,farukh.khan@hotmail.com
"Laxmi  Gurung",Hetauda,laxmi.gurung@hotmail.com
"Akanshya Begum Shrestha",Biratnagar,akanshya.shrestha@hotmail.com
"Fatima Kumari Rai",Kathmandu,fatima.rai@hotmail.com
"Ram Rani Gurung",Hetauda,ram.gurung@gmail.com
"Avantika Devi Rana",Bhaktapur,avantika.rana@live.com
"Akanshya Prasad Rai",Pokhara,akanshya.rai@gmail.com
"Shreya  Khan",Nepalgunj,shreya.khan@live.com
"Laxmi  Thapa",Dharan,laxmi.thapa@hotmail.com
"Shreya  Sharma",Butwal,shreya.sharma@live.com
"Farukh  Shrestha",Bhaktapur,farukh.shrestha@live.com
"Laxmi  Bhattarai",Dharan,laxmi.bhattarai@hotmail.com
"Farukh Gopal Shrestha",Kathmandu,farukh.shrestha@gmail.com
"Venu Kumar Sharma",Nepalgunj,venu.sharma@hotmail.com
"Venu  Thapa",Lalitpur,venu.thapa@gmail.com
"Venu  Pandey",Birgunj,venu.pandey@hotmail.com
"Farukh Rani Shrestha",Butwal,farukh.shrestha@hotmail.com
"Shreya  Tamang",Birgunj,shreya.tamang@hotmail.com
"Akanshya  Khan",Biratnagar,akanshya.khan@live.com
"Farukh Kaur Gurung",Pokhara,farukh.gurung@gmail.com
"Laxman Prasad Rana",Hetauda,laxman.rana@live.com
"Venu  Shrestha",Pokhara,venu.shrestha@gmail.com
"Laxman  Thapa",Kathmandu,laxman.thapa@live.com
"Venu  Gurung",Butwal,venu.gurung@hotmail.com
"Shreya Kumari Bhattarai",Hetauda,shreya.bhattarai@live.com
"Hari Begum Rana",Butwal,hari.rana@gmail.com
"Avantika Begum Gurung",Butwal,avantika.gurung@live.com
"Laxmi  Thapa",Nepalgunj,laxmi.thapa@gmail.com
"Hari  Khan",Kathmandu,hari.khan@hotmail.com
"Farukh Rani Sharma",Birgunj,farukh.sharma@gmail.com
"Ram  Rana",Birgunj,ram.rana@gmail.com
"Ram  Bhattarai",Hetauda,ram.bhattarai@hotmail.com
"Akanshya Begum Bhattarai",Biratnagar,akanshya.bhattarai@hotmail.com
"Akanshya  Thapa",Bhaktapur,akanshya.thapa@live.com
"Hari  Iyer",Dharan,hari.iyer@hotmail.com
"Venu  Gurung",Dharan,venu.gurung@hotmail.com
"Ram  Bhattarai",Bhaktapur,ram.bhattarai@live.com
"Avantika Kaur Bhattarai",Biratnagar,avantika.bhattarai@live.com
"Laxmi Rani Gurung",Biratnagar,laxmi.gurung@gmail.com
"Laxman  Gurung",Lalitpur,laxman.gurung@hotmail.com
"Farukh Kumari Khan",Hetauda,farukh.khan@live.com
"Fatima Prasad Shrestha",Hetauda,fatima.shrestha@hotmail.com
"Ram  Tamang",Nepalgunj,ram.tamang@live.com
"Akanshya  Rana",Kathmandu,akanshya.rana@live.com
"Venu  Bhattarai",Lalitpur,venu.bhattarai@hotmail.com
"Akanshya  Shrestha",Birgunj,akanshya.shrestha@gmail.com
"Avantika  Rai",Butwal,avantika.rai@live.com
"Shreya Kaur Rana",Hetauda,shreya.rana@live.com
"Laxmi Ali Bhattarai",Birgunj,laxmi.bhattarai@live.com
"Fatima Prasad Bhattarai",Lalitpur,fatima.bhattarai@live.com
"Fatima  Rai",Biratnagar,fatima.rai@gmail.com
"Akanshya Bahadur Shrestha",Biratnagar,akanshya.shrestha@live.com
"Laxman Prasad Rana",Kathmandu,laxman.rana@gmail.com
"Hari Bahadur Thapa",Hetauda,hari.thapa@live.com
"Laxmi  Bhattarai",Biratnagar,laxmi.bhattarai@live.com
"Akanshya Begum Pandey",Pokhara,akanshya.pandey@hotmail.com
"Ram  Sharma",Biratnagar,ram.sharma@live.com
"Hari Prasad Sharma",Butwal,hari.sharma@live.com
"Ram Kumar Rana",Birgunj,ram.rana@live.com
"Akanshya Devi Pandey",Birgunj,akanshya.pandey@hotmail.com
"Laxmi  Iyer",Kathmandu,laxmi.iyer@gmail.com
"Akanshya Begum Shrestha",Hetauda,akanshya.shrestha@live.com
"Ram Begum Tamang",Biratnagar,ram.tamang@hotmail.com
"Avantika Bahadur Pandey",Bhaktapur,avantika.pandey@live.com
"Fatima Gopal Sharma",Kathmandu,fatima.sharma@hotmail.com
"Fatima  Iyer",Lalitpur,fatima.iyer@hotmail.com
"Ram  Sharma",Biratnagar,ram.sharma@live.com
"Akanshya Prasad Pandey",Lalitpur,akanshya.pandey@live.com
"Farukh Kumari Gurung",Birgunj,farukh.gurung@live.com
"Laxman Kaur Rana",Dharan,laxman.rana@gmail.com
"Akanshya  Rai",Biratnagar,akanshya.rai@gmail.com
"Shreya Gopal Bhattarai",Birgunj,shreya.bhattarai@hotmail.com
"Hari  Iyer",Hetauda,hari.iyer@gmail.com
"Ram Prasad Sharma",Lalitpur,ram.sharma@gmail.com
"Fatima  Pandey",Butwal,fatima.pandey@gmail.com
"Ram  Bhattarai",Hetauda,ram.bhattarai@live.com
"Fatima  Shrestha",Biratnagar,fatima.shrestha@gmail.com
"Avantika  Bhattarai",Nepalgunj,avantika.bhattarai@hotmail.com
"Venu Ali Pandey",Dharan,venu.pandey@live.com
"Venu  Iyer",Dharan,venu.iyer@live.com
"Fatima Kumar Shrestha",Kathmandu,fatima.shrestha@hotmail.com
"Shreya Kumari Thapa",Hetauda,shreya.thapa@live.com
"Laxmi Prasad Tamang",Hetauda,laxmi.tamang@gmail.com
"Fatima Bahadur Rana",Kathmandu,fatima.rana@gmail.com
"Laxman Kumar Thapa",Dharan,laxman.thapa@gmail.com
"Ram  Rai",Lalitpur,ram.rai@hotmail.com
"Laxman  Khan",Kathmandu,laxman.khan@hotmail.com
"Laxmi  Shrestha",Biratnagar,laxmi.shrestha@gmail.com
"Ram Kumar Tamang",Pokhara,ram.tamang@live.com
"Fatima  Rai",Hetauda,fatima.rai@hotmail.com
"Ram  Rana",Pokhara,ram.rana@hotmail.com
"Avantika Gopal Rai",Biratnagar,avantika.rai@hotmail.com
"Venu  Bhattarai",Biratnagar,venu.bhattarai@live.com
"Hari  Tamang",Lalitpur,hari.tamang@live.com
"Avantika  Iyer",Kathmandu,avantika.iyer@live.com
"Laxmi  Rana",Kathmandu,laxmi.rana@live.com
"Fatima Devi Gurung",Kathmandu,fatima.gurung@hotmail.com
"Venu  Shrestha",Kathmandu,venu.shrestha@live.com
"Hari  Shrestha",Lalitpur,hari.shrestha@live.com
"Fatima Devi Iyer",Nepalgunj,fatima.iyer@live.com
"Hari Bahadur Khan",Lalitpur,hari.khan@live.com
"Hari  Tamang",Nepalgunj,hari.tamang@gmail.com
"Fatima  Rai",Kathmandu,fatima.rai@live.com
"Farukh  Iyer",Biratnagar,farukh.iyer@live.com
"Avantika Kumar Khan",Butwal,avantika.khan@live.com
"Hari Kumar Iyer",Lalitpur,hari.iyer@hotmail.com
"Shreya Kumar Iyer",Pokhara,shreya.iyer@hotmail.com
"Fatima Gopal Khan",Dharan,fatima.khan@hotmail.com
"Avantika  Shrestha",Kathmandu,avantika.shrestha@gmail.com
"Farukh Rani Bhattarai",Biratnagar,farukh.bhattarai@gmail.com
"Venu Prasad Iyer",Biratnagar,venu.iyer@live.com
"Ram  Gurung",Nepalgunj,ram.gurung@gmail.com
"Akanshya  Sharma",Nepalgunj,akanshya.sharma@hotmail.com
"Farukh Devi Tamang",Birgunj,farukh.tamang@hotmail.com
"Farukh Gopal Thapa",Pokhara,farukh.thapa@hotmail.com
"Farukh  Rana",Biratnagar,farukh.rana@live.com
"Laxman Prasad Pandey",Bhaktapur,laxman.pandey@gmail.com
"Hari  Pandey",Nepalgunj,hari.pandey@hotmail.com
"Venu Bahadur Gurung",Nepalgunj,venu.gurung@live.com
"Fatima Kumar Tamang",Dharan,fatima.tamang@gmail.com
"Farukh  Thapa",Birgunj,farukh.thapa@hotmail.com
"Venu Rani Pandey",Birgunj,venu.pandey@hotmail.com
"Akanshya Gopal Rana",Hetauda,akanshya.rana@live.com
"Farukh  Tamang",Nepalgunj,farukh.tamang@gmail.com
"Venu Rani Rana",Kathmandu,venu.rana@hotmail.com
"Laxmi  Rai",Nepalgunj,laxmi.rai@live.com
"Fatima Begum Tamang",Butwal,fatima.tamang@gmail.com
"Akanshya  Rai",Kathmandu,akanshya.rai@live.com
"Laxmi  Sharma",Dharan,laxmi.sharma@hotmail.com
"Laxmi  Iyer",Nepalgunj,laxmi.iyer@hotmail.com
"Shreya Kaur Bhattarai",Hetauda,shreya.bhattarai@gmail.com
"Farukh  Sharma",Nepalgunj,farukh.sharma@live.com
"Venu Begum Iyer",Birgunj,venu.iyer@hotmail.com
"Farukh Ali Gurung",Hetauda,farukh.gurung@gmail.com
"Shreya Prasad Khan",Lalitpur,shreya.khan@gmail.com
"Fatima Gopal Bhattarai",Birgunj,fatima.bhattarai@gmail.com
"Avantika  Rana",Bhaktapur,avantika.rana@hotmail.com
"Venu Begum Bhattarai",Nepalgunj,venu.bhattarai@gmail.com
"Hari  Tamang",Lalitpur,hari.tamang@hotmail.com
"Shreya  Khan",Lalitpur,shreya.khan@gmail.com
"Fatima Gopal Rai",Birgunj,fatima.rai@gmail.com
"Laxmi Prasad Shrestha",Kathmandu,laxmi.shrestha@live.com
"Hari Prasad Gurung",Nepalgunj,hari.gurung@live.com
"Laxmi Kumar Pandey",Nepalgunj,laxmi.pandey@live.com
"Ram Prasad Thapa",Hetauda,ram.thapa@hotmail.com
"Laxman Rani Tamang",Lalitpur,laxman.tamang@live.com
"Laxmi Prasad Khan",Bhaktapur,laxmi.khan@gmail.com
"Venu  Tamang",Hetauda,venu.tamang@hotmail.com
"Ram  Rana",Bhaktapur,ram.rana@live.com
"Ram Gopal Rana",Birgunj,ram.rana@live.com
"Fatima  Thapa",Hetauda,fatima.thapa@hotmail.com
"Akanshya  Iyer",Biratnagar,akanshya.iyer@hotmail.com
"Ram  Tamang",Butwal,ram.tamang@gmail.com
"Laxmi Devi Iyer",Birgunj,laxmi.iyer@gmail.com
"Fatima Devi Shrestha",Nepalgunj,fatima.shrestha@hotmail.com
"Ram Ali Thapa",Nepalgunj,ram.thapa@live.com
"Shreya Rani Thapa",Hetauda,shreya.thapa@hotmail.com
"Avantika  Thapa",Lalitpur,avantika.thapa@gmail.com
"Laxmi  Pandey",Hetauda,laxmi.pandey@live.com
"Shreya Ali Thapa",Biratnagar,shreya.thapa@live.com
"Farukh Kaur Thapa",Kathmandu,farukh.thapa@hotmail.com
"Ram  Rana",Lalitpur,ram.rana@live.com
"Farukh  Thapa",Bhaktapur,farukh.thapa@hotmail.com
"Venu Devi Thapa",Biratnagar,venu.thapa@live.com
"Farukh  Sharma",Dharan,farukh.sharma@live.com
"Laxman  Khan",Pokhara,laxman.khan@live.com
"Avantika Kumar Sharma",Kathmandu,avantika.sharma@gmail.com
"Hari  Thapa",Hetauda,hari.thapa@hotmail.com
"Laxmi Kaur Iyer",Dharan,laxmi.iyer@gmail.com
"Hari  Sharma",Nepalgunj,hari.sharma@gmail.com
"Venu  Iyer",Birgunj,venu.iyer@live.com
"Shreya Kumari Bhattarai",Kathmandu,shreya.bhattarai@gmail.com
"Ram Rani Tamang",Nepalgunj,ram.tamang@hotmail.com
"Ram  Iyer",Pokhara,ram.iyer@hotmail.com
"Hari  Thapa",Hetauda,hari.thapa@live.com
"Avantika Prasad Iyer",Kathmandu,avantika.iyer@live.com
"Shreya  Gurung",Kathmandu,shreya.gurung@live.com
"Laxman  Rai",Biratnagar,laxman.rai@live.com
"Shreya Begum Pandey",Hetauda,shreya.pandey@live.com
"Ram  Pandey",Hetauda,ram.pandey@gmail.com
"Hari Kaur Rai",Kathmandu,hari.rai@gmail.com
"Avantika Ali Rana",Lalitpur,avantika.rana@gmail.com
"Akanshya Begum Rai",Dharan,akanshya.rai@live.com
"Farukh  Pandey",Bhaktapur,farukh.pandey@live.com
"Ram  Iyer",Bhaktapur,ram.iyer@gmail.com
"Laxmi  Gurung",Butwal,laxmi.gurung@live.com
"Fatima Devi Khan",Pokhara,fatima.khan@gmail.com
"Shreya Rani Rai",Lalitpur,shreya.rai@hotmail.com
"Fatima  Thapa",Hetauda,fatima.thapa@gmail.com
"Venu  Sharma",Kathmandu,venu.sharma@hotmail.com
"Hari Kumar Sharma",Hetauda,hari.sharma@hotmail.com
"Akanshya  Thapa",Birgunj,akanshya.thapa@live.com
"Farukh Prasad Rai",Bhaktapur,farukh.rai@gmail.com
"Avantika Gopal Sharma",Dharan,avantika.sharma@gmail.com
"Laxman  Pandey",Nepalgunj,laxman.pandey@gmail.com
"Laxman Kaur Bhattarai",Hetauda,laxman.bhattarai@hotmail.com
"Hari Gopal Sharma",Pokhara,hari.sharma@gmail.com
"Avantika Begum Gurung",Hetauda,avantika.gurung@hotmail.com
"Laxmi  Tamang",Birgunj,laxmi.tamang@gmail.com
"Farukh  Iyer",Pokhara,farukh.iyer@hotmail.com
"Farukh Begum Rai",Hetauda,farukh.rai@gmail.com
"Hari Prasad Sharma",Lalitpur,hari.sharma@live.com
"Akanshya Gopal Rana",Biratnagar,akanshya.rana@hotmail.com
"Farukh  Sharma",Dharan,farukh.sharma@hotmail.com
"Laxmi  Rai",Butwal,laxmi.rai@hotmail.com
"Venu  Shrestha",Birgunj,venu.shrestha@live.com
"Laxman  Iyer",Butwal,laxman.iyer@gmail.com
"Avantika Prasad Bhattarai",Kathmandu,avantika.bhattarai@hotmail.com
"Farukh  Gurung",Kathmandu,farukh.gurung@hotmail.com
"Venu Bahadur Khan",Lalitpur,venu.khan@live.com
"Hari Kaur Thapa",Hetauda,hari.thapa@hotmail.com
"Hari  Tamang",Kathmandu,hari.tamang@gmail.com
"Laxman  Thapa",Biratnagar,laxman.thapa@live.com
"Avantika Kumar Rai",Hetauda,avantika.rai@hotmail.com
"Hari Rani Bhattarai",Kathmandu,hari.bhattarai@gmail.com
"Avantika  Sharma",Lalitpur,avantika.sharma@hotmail.com
"Laxmi  Tamang",Biratnagar,laxmi.tamang@gmail.com
"Avantika  Rai",Hetauda,avantika.rai@hotmail.com
"Ram Rani Pandey",Birgunj,ram.pandey@hotmail.com
"Akanshya  Bhattarai",Pokhara,akanshya.bhattarai@gmail.com
"Laxman  Tamang",Kathmandu,laxman.tamang@gmail.com
"Laxmi Kaur Rai",Birgunj,laxmi.rai@gmail.com
"Avantika Gopal Bhattarai",Hetauda,avantika.bhattarai@live.com
"Akanshya Prasad Iyer",Birgunj,akanshya.iyer@hotmail.com
"Akanshya  Bhattarai",Nepalgunj,akanshya.bhattarai@live.com
"Avantika  Bhattarai",Butwal,avantika.bhattarai@hotmail.com
"Hari  Tamang",Lalitpur,hari.tamang@gmail.com
"Avantika  Khan",Butwal,avantika.khan@live.com
"Avantika  Rana",Lalitpur,avantika.rana@gmail.com
"Hari  Shrestha",Kathmandu,hari.shrestha@live.com
"Fatima  Gurung",Birgunj,fatima.gurung@gmail.com
"Laxmi Kumari Bhattarai",Bhaktapur,laxmi.bhattarai@live.com
"Ram  Pandey",Lalitpur,ram.pandey@live.com
"Ram  Tamang",Pokhara,ram.tamang@gmail.com
"Shreya Gopal Tamang",Biratnagar,shreya.tamang@hotmail.com
"Venu Gopal Sharma",Butwal,venu.sharma@live.com
"Venu  Thapa",Pokhara,venu.thapa@hotmail.com
"Venu Kaur Pandey",Dharan,venu.pandey@gmail.com
"Akanshya Kaur Bhattarai",Bhaktapur,akanshya.bhattarai@gmail.com
"Shreya  Sharma",Nepalgunj,shreya.sharma@gmail.com
"Venu  Tamang",Birgunj,venu.tamang@live.com
"Hari  Rana",Biratnagar,hari.rana@gmail.com
"Shreya  Rana",Nepalgunj,shreya.rana@hotmail.com
"Akanshya Kumari Gurung",Biratnagar,akanshya.gurung@hotmail.com
"Laxman Kumari Sharma",Birgunj,laxman.sharma@live.com
"Shreya Gopal Sharma",Bhaktapur,shreya.sharma@live.com
"Ram  Thapa",Butwal,ram.thapa@hotmail.com
"Fatima Begum Thapa",Biratnagar,fatima.thapa@gmail.com
"Fatima Prasad Tamang",Biratnagar,fatima.tamang@gmail.com
"Avantika Kumari Bhattarai",Birgunj,avantika.bhattarai@live.com
"Fatima  Pandey",Butwal,fatima.pandey@hotmail.com
"Hari Bahadur Shrestha",Nepalgunj,hari.shrestha@gmail.com
"Avantika Ali Rai",Dharan,avantika.rai@hotmail.com
"Laxman Kaur Rai",Hetauda,laxman.rai@hotmail.com
"Ram Prasad Pandey",Pokhara,ram.pandey@hotmail.com
"Laxman Prasad Bhattarai",Bhaktapur,laxman.bhattarai@hotmail.com
"Fatima Ali Pandey",Birgunj,fatima.pandey@hotmail.com
"Avantika Devi Khan",Hetauda,avantika.khan@live.com
"Fatima  Gurung",Kathmandu,fatima.gurung@live.com
"Venu  Bhattarai",Pokhara,venu.bhattarai@gmail.com
"Venu  Rai",Biratnagar,venu.rai@gmail.com
"Fatima Gopal Bhattarai",Kathmandu,fatima.bhattarai@gmail.com
"Venu  Rai",Dharan,venu.rai@gmail.com
"Laxmi  Sharma",Kathmandu,laxmi.sharma@live.com
"Laxman Rani Bhattarai",Bhaktapur,laxman.bhattarai@live.com
"Fatima Gopal Tamang",Dharan,fatima.tamang@hotmail.com
"Avantika  Iyer",Bhaktapur,avantika.iyer@live.com
"Laxmi Kaur Shrestha",Lalitpur,laxmi.shrestha@live.com
"Ram Devi Rana",Dharan,ram.rana@gmail.com
"Avantika Kumar Rana",Nepalgunj,avantika.rana@live.com
"Avantika Ali Rai",Hetauda,avantika.rai@live.com
"Ram  Thapa",Biratnagar,ram.thapa@gmail.com
"Venu  Tamang",Biratnagar,venu.tamang@hotmail.com
"Ram  Bhattarai",Nepalgunj,ram.bhattarai@gmail.com
"Laxman  Iyer",Butwal,laxman.iyer@live.com
"Hari Bahadur Sharma",Pokhara,hari.sharma@hotmail.com
"Farukh Kumar Sharma",Hetauda,farukh.sharma@live.com
"Laxmi  Pandey",Dharan,laxmi.pandey@gmail.com
"Akanshya Devi Iyer",Lalitpur,akanshya.iyer@hotmail.com
"Akanshya Rani Thapa",Hetauda,akanshya.thapa@live.com
"Laxmi Devi Shrestha",Hetauda,laxmi.shrestha@hotmail.com
"Avantika Kumar Shrestha",Pokhara,avantika.shrestha@hotmail.com
"Avantika Kaur Khan",Birgunj,avantika.khan@live.com
"Hari Kumari Rana",Nepalgunj,hari.rana@gmail.com
"Shreya Kumari Shrestha",Bhaktapur,shreya.shrestha@live.com
"Hari  Gurung",Lalitpur,hari.gurung@gmail.com
"Ram Kumar Rana",Nepalgunj,ram.rana@live.com
"Shreya Bahadur Iyer",Bhaktapur,shreya.iyer@hotmail.com
"Fatima Prasad Shrestha",Hetauda,fatima.shrestha@live.com
"Laxmi  Thapa",Birgunj,laxmi.thapa@live.com
"Ram  Iyer",Butwal,ram.iyer@live.com
"Akanshya Ali Rai",Hetauda,akanshya.rai@gmail.com
"Farukh Ali Shrestha",Kathmandu,farukh.shrestha@gmail.com
"Farukh  Khan",Hetauda,farukh.khan@hotmail.com
"Hari  Tamang",Pokhara,hari.tamang@hotmail.com
"Ram  Thapa",Butwal,ram.thapa@gmail.com
"Fatima  Rana",Hetauda,fatima.rana@live.com
"Hari Bahadur Shrestha",Kathmandu,hari.shrestha@gmail.com
"Venu  Khan",Hetauda,venu.khan@live.com
"Ram  Rana",Pokhara,ram.rana@gmail.com
"Laxmi  Tamang",Birgunj,laxmi.tamang@live.com
"Laxmi  Khan",Biratnagar,laxmi.khan@live.com
"Shreya  Thapa",Biratnagar,shreya.thapa@live.com
"Ram Ali Tamang",Lalitpur,ram.tamang@gmail.com
"Farukh Bahadur Tamang",Birgunj,farukh.tamang@hotmail.com
"Shreya  Pandey",Pokhara,shreya.pandey@hotmail.com
"Shreya  Rai",Nepalgunj,shreya.rai@live.com
"Farukh  Gurung",Dharan,farukh.gurung@live.com
"Hari Rani Pandey",Biratnagar,hari.pandey@hotmail.com
"Akanshya Prasad Bhattarai",Bhaktapur,akanshya.bhattarai@live.com
"Venu  Khan",Nepalgunj,venu.khan@gmail.com
"Laxman Rani Pandey",Lalitpur,laxman.pandey@hotmail.com
"Ram  Bhattarai",Lalitpur,ram.bhattarai@live.com
"Akanshya  Rai",Nepalgunj,akanshya.rai@live.com
"Venu  Iyer",Kathmandu,venu.iyer@gmail.com
"Fatima Rani Shrestha",Lalitpur,fatima.shrestha@gmail.com
"Ram  Shrestha",Dharan,ram.shrestha@live.com
"Venu  Khan",Butwal,venu.khan@hotmail.com
"Venu  Bhattarai",Birgunj,venu.bhattarai@live.com
"Hari  Tamang",Dharan,hari.tamang@live.com
"Laxmi Bahadur Tamang",Nepalgunj,laxmi.tamang@hotmail.com
"Laxmi  Gurung",Biratnagar,laxmi.gurung@hotmail.com
"Farukh  Khan",Nepalgunj,farukh.khan@gmail.com
"Akanshya Devi Khan",Kathmandu,akanshya.khan@gmail.com
"Avantika Kaur Pandey",Hetauda,avantika.pandey@hotmail.com
"Laxmi  Rai",Hetauda,laxmi.rai@live.com
"Fatima Kaur Shrestha",Hetauda,fatima.shrestha@hotmail.com
"Laxmi  Khan",Pokhara,laxmi.khan@gmail.com
"Akanshya Begum Khan",Lalitpur,akanshya.khan@hotmail.com
"Venu Kumari Rana",Hetauda,venu.rana@gmail.com
"Laxman  Rai",Kathmandu,laxman.rai@live.com
"Farukh Kumar Thapa",Pokhara,farukh.thapa@live.com
"Ram  Pandey",Pokhara,ram.pandey@hotmail.com
"Farukh Rani Pandey",Birgunj,farukh.pandey@gmail.com
"Farukh  Tamang",Hetauda,farukh.tamang@live.com
"Avantika Prasad Bhattarai",Butwal,avantika.bhattarai@gmail.com
"Shreya  Iyer",Pokhara,shreya.iyer@live.com
"Laxmi Devi Shrestha",Lalitpur,laxmi.shrestha@gmail.com
"Akanshya  Bhattarai",Bhaktapur,akanshya.bhattarai@gmail.com
"Ram Ali Gurung",Biratnagar,ram.gurung@live.com
"Avantika  Shrestha",Birgunj,avantika.shrestha@hotmail.com
"Hari  Rana",Bhaktapur,hari.rana@hotmail.com
"Farukh Devi Sharma",Butwal,farukh.sharma@hotmail.com
"Venu  Shrestha",Nepalgunj,venu.shrestha@gmail.com
"Farukh Prasad Gurung",Butwal,farukh.gurung@gmail.com
"Avantika  Rana",Hetauda,avantika.rana@gmail.com
"Hari Gopal Shrestha",Pokhara,hari.shrestha@live.com
"Fatima  Rai",Bhaktapur,fatima.rai@live.com
"Farukh Gopal Bhattarai",Birgunj,farukh.bhattarai@hotmail.com
"Avantika Bahadur Pandey",Birgunj,avantika.pandey@hotmail.com
"Ram Kumar Rai",Kathmandu,ram.rai@gmail.com
"Laxmi  Rana",Hetauda,laxmi.rana@hotmail.com
"Akanshya Prasad Thapa",Bhaktapur,akanshya.thapa@hotmail.com
"Laxman  Rai",Biratnagar,laxman.rai@live.com
"Laxmi  Pandey",Lalitpur,laxmi.pandey@gmail.com
"Laxman  Pandey",Nepalgunj,laxman.pandey@hotmail.com
"Laxmi  Pandey",Nepalgunj,laxmi.pandey@hotmail.com
"Fatima Kaur Rana",Pokhara,fatima.rana@live.com
"Farukh  Shrestha",Dharan,farukh.shrestha@live.com
"Venu Bahadur Iyer",Nepalgunj,venu.iyer@gmail.com
"Fatima Gopal Pandey",Kathmandu,fatima.pandey@live.com
"Laxmi  Bhattarai",Dharan,laxmi.bhattarai@live.com
"Laxman Devi Bhattarai",Bhaktapur,laxman.bhattarai@live.com
"Laxman  Iyer",Hetauda,laxman.iyer@live.com
"Ram  Sharma",Dharan,ram.sharma@live.com
"Venu Kaur Bhattarai",Nepalgunj,venu.bhattarai@gmail.com
"Farukh Devi Bhattarai",Biratnagar,farukh.bhattarai@live.com
"Fatima Rani Khan",Lalitpur,fatima.khan@live.com
"Hari Devi Sharma",Bhaktapur,hari.sharma@live.com
"Shreya Kumar Rana",Hetauda,shreya.rana@hotmail.com
"Akanshya Rani Rana",Birgunj,akanshya.rana@gmail.com
"Ram  Khan",Birgunj,ram.khan@hotmail.com
"Avantika  Thapa",Pokhara,avantika.thapa@gmail.com
"Hari  Iyer",Butwal,hari.iyer@hotmail.com
"Venu  Rana",Bhaktapur,venu.rana@gmail.com
"Farukh Prasad Khan",Bhaktapur,farukh.khan@gmail.com
"Laxman  Khan",Kathmandu,laxman.khan@hotmail.com
"Fatima  Khan",Birgunj,fatima.khan@hotmail.com
"Ram Prasad Tamang",Birgunj,ram.tamang@hotmail.com
"Akanshya  Pandey",Hetauda,akanshya.pandey@hotmail.com
"Farukh  Gurung",Biratnagar,farukh.gurung@live.com
"Avantika Rani Shrestha",Butwal,avantika.shrestha@gmail.com
"Venu  Bhattarai",Bhaktapur,venu.bhattarai@live.com
"Akanshya  Rai",Hetauda,akanshya.rai@gmail.com
"Akanshya  Rana",Lalitpur,akanshya.rana@hotmail.com
"Laxman  Khan",Pokhara,laxman.khan@live.com
"Fatima Kumar Tamang",Biratnagar,fatima.tamang@gmail.com
"Fatima  Khan",Kathmandu,fatima.khan@gmail.com
"Farukh Devi Iyer",Nepalgunj,farukh.iyer@live.com
"Ram Prasad Thapa",Biratnagar,ram.thapa@gmail.com
"Avantika  Pandey",Dharan,avantika.pandey@live.com
"Ram Prasad Shrestha",Dharan,ram.shrestha@gmail.com
"Fatima  Rana",Nepalgunj,fatima.rana@live.com
"Fatima Kumari Shrestha",Butwal,fatima.shrestha@gmail.com
"Farukh Kumari Gurung",Biratnagar,farukh.gurung@live.com
"Hari  Pandey",Birgunj,hari.pandey@hotmail.com
"Fatima  Iyer",Lalitpur,fatima.iyer@hotmail.com
"Laxman Prasad Rana",Pokhara,laxman.rana@hotmail.com
"Venu Devi Shrestha",Kathmandu,venu.shrestha@hotmail.com
"Ram Begum Rai",Kathmandu,ram.rai@gmail.com
"Laxman Prasad Sharma",Lalitpur,laxman.sharma@gmail.com
"Akanshya  Thapa",Hetauda,akanshya.thapa@live.com
"Fatima Kumari Rai",Butwal,fatima.rai@hotmail.com
"Avantika Kumar Rana",Nepalgunj,avantika.rana@gmail.com
"Shreya  Gurung",Hetauda,shreya.gurung@gmail.com
"Laxmi  Rai",Birgunj,laxmi.rai@gmail.com
"Shreya Bahadur Tamang",Hetauda,shreya.tamang@gmail.com
"Shreya Begum Rai",Kathmandu,shreya.rai@hotmail.com
"Venu  Khan",Kathmandu,venu.khan@live.com
"Hari Prasad Iyer",Pokhara,hari.iyer@live.com
"Laxman  Rana",Nepalgunj,laxman.rana@gmail.com
"Fatima  Tamang",Dharan,fatima.tamang@live.com
"Hari  Rai",Pokhara,hari.rai@gmail.com
"Akanshya Rani Gurung",Bhaktapur,akanshya.gurung@gmail.com
"Venu Kumar Rai",Hetauda,venu.rai@hotmail.com
"Ram Devi Rai",Nepalgunj,ram.rai@gmail.com
"Hari Gopal Shrestha",Pokhara,hari.shrestha@gmail.com
"Shreya  Sharma",Birgunj,shreya.sharma@gmail.com
"Laxmi Kumar Sharma",Lalitpur,laxmi.sharma@gmail.com
"Ram  Khan",Pokhara,ram.khan@live.com
"Venu Begum Thapa",Birgunj,venu.thapa@gmail.com
"Hari Gopal Gurung",Pokhara,hari.gurung@gmail.com
"Ram  Khan",Hetauda,ram.khan@live.com
"Hari Bahadur Rana",Pokhara,hari.rana@live.com
"Hari  Gurung",Kathmandu,hari.gurung@gmail.com
"Shreya Devi Thapa",Nepalgunj,shreya.thapa@gmail.com
"Avantika  Sharma",Dharan,avantika.sharma@hotmail.com
"Laxmi  Iyer",Nepalgunj,laxmi.iyer@live.com
"Fatima  Pandey",Bhaktapur,fatima.pandey@live.com
"Ram  Pandey",Hetauda,ram.pandey@live.com
"Farukh Devi Rana",Nepalgunj,farukh.rana@hotmail.com
"Fatima Ali Bhattarai",Butwal,fatima.bhattarai@live.com
"Laxmi  Gurung",Bhaktapur,laxmi.gurung@hotmail.com
"Farukh Prasad Iyer",Biratnagar,farukh.iyer@live.com
"Venu Devi Khan",Butwal,venu.khan@gmail.com
"Akanshya  Thapa",Lalitpur,akanshya.thapa@live.com
"Fatima Devi Tamang",Nepalgunj,fatima.tamang@hotmail.com
"Ram  Bhattarai",Lalitpur,ram.bhattarai@live.com
"Avantika  Iyer",Butwal,avantika.iyer@gmail.com
"Laxman Begum Tamang",Butwal,laxman.tamang@live.com
"Ram  Shrestha",Birgunj,ram.shrestha@live.com
"Shreya  Rana",Birgunj,shreya.rana@gmail.com
"Ram Kaur Thapa",Birgunj,ram.thapa@hotmail.com
"Shreya Begum Khan",Kathmandu,shreya.khan@gmail.com
"Ram Ali Shrestha",Kathmandu,ram.shrestha@hotmail.com
"Ram Ali Thapa",Birgunj,ram.thapa@gmail.com
"Akanshya Devi Sharma",Lalitpur,akanshya.sharma@hotmail.com
"Laxman  Iyer",Lalitpur,laxman.iyer@gmail.com
"Laxman  Tamang",Kathmandu,laxman.tamang@live.com
"Farukh Devi Iyer",Dharan,farukh.iyer@gmail.com
"Akanshya Rani Khan",Butwal,akanshya.khan@hotmail.com
"Shreya Prasad Iyer",Biratnagar,shreya.iyer@gmail.com
"Shreya Begum Pandey",Pokhara,shreya.pandey@hotmail.com
"Shreya  Khan",Butwal,shreya.khan@gmail.com
"Laxmi  Bhattarai",Butwal,laxmi.bhattarai@gmail.com
"Laxman Begum Shrestha",Dharan,laxman.shrestha@live.com
"Hari  Tamang",Kathmandu,hari.tamang@hotmail.com
"Laxman Kumar Iyer",Kathmandu,laxman.iyer@live.com
"Avantika  Thapa",Kathmandu,avantika.thapa@hotmail.com
"Hari  Bhattarai",Biratnagar,hari.bhattarai@gmail.com
"Fatima  Thapa",Birgunj,fatima.thapa@gmail.com
"Hari  Rana",Kathmandu,hari.rana@hotmail.com
"Hari Gopal Gurung",Birgunj,hari.gurung@live.com
"Venu Devi Rana",Lalitpur,venu.rana@live.com
"Shreya Devi Bhattarai",Biratnagar,shreya.bhattarai@hotmail.com
"Hari  Rana",Lalitpur,hari.rana@hotmail.com
"Laxmi Kaur Tamang",Biratnagar,laxmi.tamang@live.com
"Fatima  Bhattarai",Nepalgunj,fatima.bhattarai@live.com
"Hari Begum Sharma",Pokhara,hari.sharma@hotmail.com
"Ram  Thapa",Nepalgunj,ram.thapa@hotmail.com
"Laxman  Thapa",Birgunj,laxman.thapa@hotmail.com
"Shreya Kumar Sharma",Lalitpur,shreya.sharma@live.com
"Venu  Shrestha",Hetauda,venu.shrestha@gmail.com
"Avantika  Khan",Bhaktapur,avantika.khan@hotmail.com
"Avantika  Khan",Pokhara,avantika.khan@gmail.com
"Hari  Iyer",Kathmandu,hari.iyer@live.com
"Laxman  Khan",Dharan,laxman.khan@gmail.com
"Avantika  Rana",Butwal,avantika.rana@live.com
"Avantika Kaur Thapa",Birgunj,avantika.thapa@live.com
"Laxman Kaur Rana",Hetauda,laxman.rana@gmail.com
"Hari  Iyer",Biratnagar,hari.iyer@live.com
"Ram Prasad Sharma",Kathmandu,ram.sharma@hotmail.com
"Hari Kaur Shrestha",Dharan,hari.shrestha@hotmail.com
"Avantika  Pandey",Lalitpur,avantika.pandey@gmail.com
"Avantika  Rana",Pokhara,avantika.rana@live.com
"Ram  Thapa",Birgunj,ram.thapa@gmail.com
"Venu Prasad Tamang",Lalitpur,venu.tamang@live.com
"Laxmi  Rai",Kathmandu,laxmi.rai@live.com
"Shreya Kaur Thapa",Hetauda,shreya.thapa@hotmail.com
"Shreya  Pandey",Biratnagar,shreya.pandey@hotmail.com
"Fatima  Khan",Hetauda,fatima.khan@live.com
"Hari Kaur Rai",Butwal,hari.rai@live.com
"Laxman  Iyer",Bhaktapur,laxman.iyer@gmail.com
"Hari  Shrestha",Biratnagar,hari.shrestha@gmail.com
"Farukh Gopal Tamang",Dharan,farukh.tamang@gmail.com
"Venu  Thapa",Kathmandu,venu.thapa@hotmail.com
"Hari  Khan",Nepalgunj,hari.khan@gmail.com
"Fatima  Pandey",Butwal,fatima.pandey@hotmail.com
"Hari Kaur Gurung",Butwal,hari.gurung@live.com
"Laxmi Ali Khan",Kathmandu,laxmi.khan@gmail.com
"Laxmi  Pandey",Hetauda,laxmi.pandey@hotmail.com
"Farukh Kumar Shrestha",Lalitpur,farukh.shrestha@hotmail.com
"Hari Kaur Pandey",Pokhara,hari.pandey@live.com
"Farukh  Gurung",Pokhara,farukh.gurung@gmail.com
"Akanshya  Gurung",Lalitpur,akanshya.gurung@live.com
"Laxman  Rana",Dharan,laxman.rana@hotmail.com
"Akanshya Prasad Tamang",Bhaktapur,akanshya.tamang@live.com
"Venu  Bhattarai",Pokhara,venu.bhattarai@live.com
"Akanshya  Sharma",Hetauda,akanshya.sharma@live.com
"Akanshya  Khan",Hetauda,akanshya.khan@gmail.com
"Hari Kaur Rai",Butwal,hari.rai@gmail.com
"Avantika Kumari Thapa",Kathmandu,avantika.thapa@gmail.com
"Laxman  Thapa",Hetauda,laxman.thapa@gmail.com
"Ram Bahadur Rana",Kathmandu,ram.rana@gmail.com
"Shreya Gopal Tamang",Birgunj,shreya.tamang@hotmail.com
"Akanshya Bahadur Pandey",Kathmandu,akanshya.pandey@gmail.com
"Shreya  Sharma",Bhaktapur,shreya.sharma@live.com
"Laxman Prasad Rana",Nepalgunj,laxman.rana@live.com
"Venu Kaur Rai",Nepalgunj,venu.rai@gmail.com
"Shreya  Iyer",Kathmandu,shreya.iyer@hotmail.com
"Laxmi  Iyer",Bhaktapur,laxmi.iyer@gmail.com
"Laxman  Sharma",Kathmandu,laxman.sharma@hotmail.com
"Ram  Rai",Butwal,ram.rai@hotmail.com
"Farukh  Tamang",Kathmandu,farukh.tamang@live.com
"Fatima Ali Bhattarai",Dharan,fatima.bhattarai@hotmail.com
"Laxmi  Shrestha",Birgunj,laxmi.shrestha@hotmail.com
"Fatima Bahadur Iyer",Nepalgunj,fatima.iyer@hotmail.com
"Hari  Khan",Birgunj,hari.khan@live.com
"Akanshya Begum Khan",Nepalgunj,akanshya.khan@hotmail.com
"Hari  Thapa",Birgunj,hari.thapa@hotmail.com
"Fatima  Pandey",Kathmandu,fatima.pandey@gmail.com
"Akanshya  Iyer",Pokhara,akanshya.iyer@gmail.com
"Shreya  Khan",Biratnagar,shreya.khan@live.com
"Laxman  Rana",Nepalgunj,laxman.rana@hotmail.com
"Akanshya  Thapa",Lalitpur,akanshya.thapa@gmail.com
"Avantika  Pandey",Nepalgunj,avantika.pandey@live.com
"Shreya Rani Pandey",Birgunj,shreya.pandey@live.com
"Laxman Bahadur Pandey",Dharan,laxman.pandey@live.com
"Fatima  Iyer",Butwal,fatima.iyer@live.com
"Akanshya Rani Bhattarai",Nepalgunj,akanshya.bhattarai@live.com
"Fatima Rani Khan",Hetauda,fatima.khan@gmail.com
"Fatima  Bhattarai",Pokhara,fatima.bhattarai@hotmail.com
"Shreya  Tamang",Hetauda,shreya.tamang@hotmail.com
"Laxman  Gurung",Lalitpur,laxman.gurung@gmail.com
"Hari  Bhattarai",Butwal,hari.bhattarai@live.com
"Avantika  Khan",Nepalgunj,avantika.khan@live.com
"Shreya Prasad Iyer",Kathmandu,shreya.iyer@gmail.com
"Ram  Bhattarai",Lalitpur,ram.bhattarai@live.com
"Shreya Devi Tamang",Butwal,shreya.tamang@gmail.com
"Fatima Kaur Shrestha",Nepalgunj,fatima.shrestha@gmail.com
"Laxman  Khan",Pokhara,laxman.khan@gmail.com
"Ram  Tamang",Kathmandu,ram.tamang@live.com
"Fatima  Sharma",Lalitpur,fatima.sharma@live.com
"Farukh Kumari Gurung",Pokhara,farukh.gurung@hotmail.com
"Fatima  Tamang",Bhaktapur,fatima.tamang@gmail.com
"Fatima Kumari Thapa",Nepalgunj,fatima.thapa@gmail.com
"Shreya  Gurung",Pokhara,shreya.gurung@gmail.com
"Ram Kumar Rai",Nepalgunj,ram.rai@gmail.com
"Fatima  Sharma",Pokhara,fatima.sharma@gmail.com
"Akanshya  Rai",Lalitpur,akanshya.rai@gmail.com
"Ram Devi Sharma",Biratnagar,ram.sharma@gmail.com
"Laxman Kumari Rai",Biratnagar,laxman.rai@hotmail.com
"Hari Kaur Rana",Lalitpur,hari.rana@hotmail.com
"Venu Kaur Iyer",Nepalgunj,venu.iyer@hotmail.com
"Ram  Bhattarai",Pokhara,ram.bhattarai@live.com
"Hari Prasad Bhattarai",Birgunj,hari.bhattarai@live.com
"Fatima Kumari Bhattarai",Kathmandu,fatima.bhattarai@hotmail.com
"Laxmi  Tamang",Nepalgunj,laxmi.tamang@live.com
"Fatima Prasad Rai",Lalitpur,fatima.rai@hotmail.com
"Venu Bahadur Khan",Lalitpur,venu.khan@gmail.com
"Laxmi  Tamang",Nepalgunj,laxmi.tamang@gmail.com
"Avantika Gopal Thapa",Kathmandu,avantika.thapa@gmail.com
"Ram Ali Tamang",Dharan,ram.tamang@live.com
"Fatima  Gurung",Dharan,fatima.gurung@live.com
"Ram  Khan",Nepalgunj,ram.khan@live.com
"Shreya Begum Tamang",Lalitpur,shreya.tamang@gmail.com
"Avantika Ali Bhattarai",Pokhara,avantika.bhattarai@gmail.com
"Fatima Kumar Thapa",Bhaktapur,fatima.thapa@live.com
"Farukh  Thapa",Butwal,farukh.thapa@live.com
"Ram Gopal Thapa",Lalitpur,ram.thapa@live.com
"Ram Ali Iyer",Bhaktapur,ram.iyer@live.com
"Fatima Rani Sharma",Pokhara,fatima.sharma@hotmail.com
"Laxman  Shrestha",Hetauda,laxman.shrestha@gmail.com
"Shreya  Rana",Butwal,shreya.rana@hotmail.com
"Shreya  Gurung",Birgunj,shreya.gurung@live.com
"Laxman  Tamang",Butwal,laxman.tamang@live.com
"Fatima Bahadur Gurung",Butwal,fatima.gurung@hotmail.com
"Fatima Bahadur Rai",Pokhara,fatima.rai@gmail.com
"Akanshya Kumari Iyer",Nepalgunj,akanshya.iyer@gmail.com
"Avantika  Thapa",Lalitpur,avantika.thapa@hotmail.com
"Akanshya  Sharma",Kathmandu,akanshya.sharma@gmail.com
"Ram Kaur Gurung",Lalitpur,ram.gurung@hotmail.com
"Shreya  Tamang",Biratnagar,shreya.tamang@hotmail.com
"Akanshya  Shrestha",Lalitpur,akanshya.shrestha@gmail.com
"Laxmi  Sharma",Bhaktapur,laxmi.sharma@gmail.com
"Akanshya  Tamang",Birgunj,akanshya.tamang@hotmail.com
"Laxman  Gurung",Biratnagar,laxman.gurung@gmail.com
"Ram  Rana",Dharan,ram.rana@live.com
"Laxmi  Gurung",Lalitpur,laxmi.gurung@live.com
"Laxmi  Bhattarai",Bhaktapur,laxmi.bhattarai@gmail.com
"Laxman  Tamang",Nepalgunj,laxman.tamang@gmail.com
"Fatima Bahadur Sharma",Pokhara,fatima.sharma@live.com
"Shreya Kumari Pandey",Dharan,shreya.pandey@live.com
"Fatima Kumar Khan",Dharan,fatima.khan@hotmail.com
"Laxman  Shrestha",Nepalgunj,laxman.shrestha@gmail.com
"Laxman  Khan",Hetauda,laxman.khan@hotmail.com
"Laxmi  Khan",Pokhara,laxmi.khan@live.com
"Laxmi Prasad Sharma",Kathmandu,laxmi.sharma@hotmail.com
"Akanshya Kumar Gurung",Lalitpur,akanshya.gurung@hotmail.com
"Fatima Rani Shrestha",Hetauda,fatima.shrestha@gmail.com
"Farukh  Rai",Birgunj,farukh.rai@gmail.com
"Avantika  Sharma",Kathmandu,avantika.sharma@gmail.com
"Fatima Kumari Iyer",Lalitpur,fatima.iyer@gmail.com
"Avantika  Bhattarai",Lalitpur,avantika.bhattarai@gmail.com
"Shreya  Sharma",Kathmandu,shreya.sharma@hotmail.com
"Akanshya  Sharma",Nepalgunj,akanshya.sharma@hotmail.com
"Ram  Rana",Butwal,ram.rana@hotmail.com
"Laxman  Iyer",Lalitpur,laxman.iyer@hotmail.com
"Venu Gopal Bhattarai",Biratnagar,venu.bhattarai@live.com
"Akanshya  Bhattarai",Lalitpur,akanshya.bhattarai@gmail.com
"Venu  Shrestha",Dharan,venu.shrestha@hotmail.com
"Avantika Prasad Tamang",Butwal,avantika.tamang@gmail.com
"Fatima  Pandey",Birgunj,fatima.pandey@live.com
"Laxman Bahadur Sharma",Nepalgunj,laxman.sharma@hotmail.com
"Akanshya  Rai",Lalitpur,akanshya.rai@live.com
"Ram  Shrestha",Pokhara,ram.shrestha@hotmail.com
"Venu Kumari Rai",Biratnagar,venu.rai@gmail.com
"Hari Begum Gurung",Kathmandu,hari.gurung@hotmail.com
"Akanshya Kumar Khan",Biratnagar,akanshya.khan@hotmail.com
"Laxman Gopal Tamang",Kathmandu,laxman.tamang@hotmail.com
"Ram  Shrestha",Biratnagar,ram.shrestha@gmail.com
"Venu  Thapa",Dharan,venu.thapa@live.com
"Laxmi  Rai",Lalitpur,laxmi.rai@hotmail.com
"Shreya  Iyer",Lalitpur,shreya.iyer@live.com
"Avantika Ali Sharma",Biratnagar,avantika.sharma@live.com
"Akanshya Rani Rana",Bhaktapur,akanshya.rana@gmail.com
"Hari Begum Rana",Pokhara,hari.rana@gmail.com
"Shreya Rani Gurung",Lalitpur,shreya.gurung@gmail.com
"Ram Bahadur Tamang",Pokhara,ram.tamang@hotmail.com
"Hari  Tamang",Hetauda,hari.tamang@live.com
"Laxmi  Tamang",Butwal,laxmi.tamang@hotmail.com
"Avantika  Rai",Bhaktapur,avantika.rai@gmail.com
"Farukh  Pandey",Bhaktapur,farukh.pandey@live.com
"Fatima Kumar Iyer",Birgunj,fatima.iyer@hotmail.com
"Ram Kumari Khan",Pokhara,ram.khan@live.com
"Fatima  Thapa",Birgunj,fatima.thapa@live.com
"Avantika Devi Rana",Pokhara,avantika.rana@live.com
"Hari  Bhattarai",Kathmandu,hari.bhattarai@hotmail.com
"Laxman Kumari Tamang",Hetauda,laxman.tamang@live.com
"Akanshya  Gurung",Birgunj,akanshya.gurung@live.com
"Hari  Tamang",Hetauda,hari.tamang@gmail.com
"Venu  Rana",Kathmandu,venu.rana@gmail.com
"Laxmi Kumar Rai",Biratnagar,laxmi.rai@gmail.com
"Fatima  Pandey",Lalitpur,fatima.pandey@hotmail.com
"Farukh Prasad Khan",Kathmandu,farukh.khan@live.com
"Farukh Gopal Thapa",Dharan,farukh.thapa@live.com
"Farukh  Pandey",Dharan,farukh.pandey@gmail.com
"Laxmi  Rai",Pokhara,laxmi.rai@hotmail.com
"Laxmi  Thapa",Biratnagar,laxmi.thapa@hotmail.com
"Venu Begum Iyer",Nepalgunj,venu.iyer@gmail.com
"Laxman  Rana",Birgunj,laxman.rana@hotmail.com
"Farukh Prasad Shrestha",Biratnagar,farukh.shrestha@gmail.com
"Fatima Ali Rai",Pokhara,fatima.rai@hotmail.com
"Avantika Kumar Shrestha",Biratnagar,avantika.shrestha@gmail.com
"Ram  Gurung",Lalitpur,ram.gurung@live.com
"Venu Bahadur Thapa",Birgunj,venu.thapa@hotmail.com
"Shreya Kumari Bhattarai",Bhaktapur,shreya.bhattarai@gmail.com
"Fatima Rani Sharma",Nepalgunj,fatima.sharma@hotmail.com
"Shreya  Thapa",Lalitpur,shreya.thapa@hotmail.com
"Ram Gopal Sharma",Lalitpur,ram.sharma@gmail.com
"Hari  Shrestha",Lalitpur,hari.shrestha@gmail.com
"Avantika Kumari Khan",Lalitpur,avantika.khan@gmail.com
"Avantika Begum Bhattarai",Biratnagar,avantika.bhattarai@gmail.com
"Akanshya  Bhattarai",Nepalgunj,akanshya.bhattarai@live.com
"Fatima Kumari Thapa",Dharan,fatima.thapa@hotmail.com
"Avantika Ali Rana",Lalitpur,avantika.rana@live.com
"Farukh Gopal Iyer",Birgunj,farukh.iyer@hotmail.com
"Venu  Shrestha",Birgunj,venu.shrestha@hotmail.com
"Laxmi Kumari Thapa",Dharan,laxmi.thapa@gmail.com
"Farukh  Iyer",Butwal,farukh.iyer@hotmail.com
"Ram  Rai",Dharan,ram.rai@hotmail.com
"Fatima  Khan",Biratnagar,fatima.khan@gmail.com
"Laxman  Rana",Hetauda,laxman.rana@gmail.com
"Akanshya  Tamang",Birgunj,akanshya.tamang@live.com
"Laxmi  Bhattarai",Nepalgunj,laxmi.bhattarai@gmail.com
"Avantika  Sharma",Lalitpur,avantika.sharma@hotmail.com
"Laxman Gopal Tamang",Nepalgunj,laxman.tamang@live.com
"Laxmi  Gurung",Bhaktapur,laxmi.gurung@hotmail.com
"Laxmi Kumar Pandey",Lalitpur,laxmi.pandey@gmail.com
"Avantika  Sharma",Dharan,avantika.sharma@hotmail.com
"Ram  Sharma",Biratnagar,ram.sharma@hotmail.com
"Farukh Ali Khan",Birgunj,farukh.khan@gmail.com
"Laxmi  Khan",Dharan,laxmi.khan@live.com
"Akanshya  Pandey",Dharan,akanshya.pandey@hotmail.com
"Avantika  Iyer",Hetauda,avantika.iyer@live.com
"Akanshya  Rana",Butwal,akanshya.rana@hotmail.com
"Venu Begum Rai",Hetauda,venu.rai@hotmail.com
"Avantika  Rana",Nepalgunj,avantika.rana@hotmail.com
"Akanshya Gopal Shrestha",Pokhara,akanshya.shrestha@hotmail.com
"Shreya Gopal Thapa",Pokhara,shreya.thapa@live.com
"Fatima  Pandey",Butwal,fatima.pandey@gmail.com
"Shreya Bahadur Thapa",Bhaktapur,shreya.thapa@live.com
"Hari  Bhattarai",Pokhara,hari.bhattarai@hotmail.com
"Avantika  Rai",Bhaktapur,avantika.rai@gmail.com
"Venu Rani Bhattarai",Lalitpur,venu.bhattarai@gmail.com
"Akanshya  Bhattarai",Pokhara,akanshya.bhattarai@gmail.com
"Venu  Gurung",Dharan,venu.gurung@hotmail.com
"Shreya  Tamang",Lalitpur,shreya.tamang@hotmail.com
"Farukh  Khan",Butwal,farukh.khan@live.com
"Shreya  Iyer",Hetauda,shreya.iyer@hotmail.com
"Ram Ali Pandey",Birgunj,ram.pandey@hotmail.com
"Hari Bahadur Rana",Dharan,hari.rana@gmail.com
"Laxmi Bahadur Rai",Bhaktapur,laxmi.rai@hotmail.com
"Ram  Iyer",Hetauda,ram.iyer@hotmail.com
"Farukh Rani Pandey",Biratnagar,farukh.pandey@live.com
"Akanshya Kumari Tamang",Kathmandu,akanshya.tamang@gmail.com
"Ram Begum Thapa",Hetauda,ram.thapa@hotmail.com
"Shreya Devi Tamang",Bhaktapur,shreya.tamang@gmail.com
"Venu  Shrestha",Bhaktapur,venu.shrestha@gmail.com
"Ram  Pandey",Nepalgunj,ram.pandey@hotmail.com
"Ram  Pandey",Nepalgunj,ram.pandey@live.com
"Venu  Pandey",Birgunj,venu.pandey@live.com
"Ram Kaur Pandey",Nepalgunj,ram.pandey@hotmail.com
"Shreya  Pandey",Nepalgunj,shreya.pandey@live.com
"Hari  Sharma",Butwal,hari.sharma@hotmail.com
"Avantika  Tamang",Dharan,avantika.tamang@live.com
"Fatima Begum Khan",Pokhara,fatima.khan@hotmail.com
"Hari  Shrestha",Butwal,hari.shrestha@hotmail.com
"Hari  Rai",Bhaktapur,hari.rai@live.com
"Fatima Rani Tamang",Lalitpur,fatima.tamang@live.com
"Akanshya Prasad Iyer",Biratnagar,akanshya.iyer@live.com
"Akanshya Kaur Sharma",Bhaktapur,akanshya.sharma@gmail.com
"Laxmi  Rai",Nepalgunj,laxmi.rai@live.com
"Fatima Gopal Sharma",Birgunj,fatima.sharma@hotmail.com
"Avantika  Bhattarai",Dharan,avantika.bhattarai@live.com
"Hari  Sharma",Bhaktapur,hari.sharma@live.com
"Fatima  Rai",Biratnagar,fatima.rai@gmail.com
"Fatima Rani Bhattarai",Kathmandu,fatima.bhattarai@live.com
"Venu  Iyer",Nepalgunj,venu.iyer@hotmail.com
"Shreya Gopal Thapa",Pokhara,shreya.thapa@hotmail.com
"Hari Gopal Bhattarai",Birgunj,hari.bhattarai@gmail.com
"Venu  Iyer",Bhaktapur,venu.iyer@gmail.com
"Laxman Gopal Pandey",Kathmandu,laxman.pandey@gmail.com
"Shreya Bahadur Rana",Dharan,shreya.rana@live.com
"Laxman Bahadur Khan",Kathmandu,laxman.khan@gmail.com
"Hari  Rana",Butwal,hari.rana@gmail.com
"Shreya  Tamang",Pokhara,shreya.tamang@live.com
"Venu  Tamang",Biratnagar,venu.tamang@live.com
"Akanshya  Pandey",Hetauda,akanshya.pandey@live.com
"Farukh Prasad Tamang",Kathmandu,farukh.tamang@live.com
"Farukh  Thapa",Lalitpur,farukh.thapa@gmail.com
"Akanshya  Khan",Biratnagar,akanshya.khan@live.com
"Hari  Tamang",Dharan,hari.tamang@hotmail.com
"Ram  Sharma",Bhaktapur,ram.sharma@gmail.com
"Ram  Rana",Biratnagar,ram.rana@gmail.com
"Laxmi  Sharma",Lalitpur,laxmi.sharma@gmail.com
"Farukh  Bhattarai",Dharan,farukh.bhattarai@hotmail.com
"Akanshya Ali Gurung",Dharan,akanshya.gurung@live.com
"Laxman Bahadur Khan",Nepalgunj,laxman.khan@hotmail.com
"Avantika  Rai",Biratnagar,avantika.rai@live.com
"Venu  Bhattarai",Hetauda,venu.bhattarai@gmail.com
"Ram  Bhattarai",Hetauda,ram.bhattarai@hotmail.com
"Ram Gopal Iyer",Dharan,ram.iyer@gmail.com
"Farukh Rani Gurung",Pokhara,farukh.gurung@live.com
"Farukh  Sharma",Hetauda,farukh.sharma@live.com
"Shreya Kaur Tamang",Lalitpur,shreya.tamang@live.com
"Ram Rani Shrestha",Biratnagar,ram.shrestha@live.com
"Laxman Gopal Rai",Biratnagar,laxman.rai@gmail.com
"Venu Bahadur Thapa",Biratnagar,venu.thapa@hotmail.com
"Akanshya Kumar Pandey",Lalitpur,akanshya.pandey@hotmail.com
"Venu Prasad Gurung",Bhaktapur,venu.gurung@gmail.com
"Ram  Rai",Biratnagar,ram.rai@gmail.com