Full Name,Email Address,Address
Linda C. Williams,linda.williams29@fakemail.net,"5335 Maple Ave, San Jose, NC 91141"
Jane  Jones,jane.jones86@example.com,"3877 Elm St, San Diego, CA 71507"
Emily H. Smith,emily.smith36@fakemail.net,"7097 Cedar Rd, Philadelphia, AZ 47410"
David E. Jones,david.jones55@myemail.org,"8090 Pine St, New York, AZ 98075"
David J. Williams,david.williams29@testmail.com,"9302 Maple Ave, San Antonio, FL 59972"
Michael  Williams,michael.williams28@fakemail.net,"6263 Willow Ln, San Jose, TX 51206"
Emily H. Rodriguez,emily.rodriguez33@testmail.com,"7609 Cedar Rd, Philadelphia, PA 52058"
Sarah  Miller,sarah.miller61@testmail.com,"1470 Elm St, Houston, FL 87039"
David A. Jones,david.jones98@myemail.org,"6942 2nd Ave, Dallas, GA 90741"
Linda C. Davis,linda.davis71@myemail.org,"1754 Elm St, Dallas, TX 95124"
Emily  Williams,emily.williams76@example.com,"8150 Willow Ln, San Diego, IL 82415"
Michael D. Garcia,michael.garcia87@example.com,"1615 Oak Dr, San Jose, NY 43855"
David A. Williams,david.williams19@myemail.org,"6466 Pine St, Houston, NY 53365"
Michael G. Rodriguez,michael.rodriguez58@testmail.com,"7396 Main St, Houston, AZ 24030"
Jane D. Miller,jane.miller65@fakemail.net,"2600 Pine St, Phoenix, PA 63169"
John E. Jones,john.jones49@testmail.com,"2448 Cedar Rd, San Diego, NY 47300"
Emily E. Miller,emily.miller84@mailservice.com,"9658 Oak Dr, Los Angeles, NC 30339"
William F. Rodriguez,william.rodriguez17@myemail.org,"7440 Main St, Dallas, AZ 42967"
Robert D. Brown,robert.brown39@fakemail.net,"5813 Broadway, Houston, PA 49627"
David H. Rodriguez,david.rodriguez61@myemail.org,"4117 Main St, Los Angeles, NY 27738"
John B. Rodriguez,john.rodriguez68@fakemail.net,"8397 Oak Dr, Houston, AZ 48428"
William H. Rodriguez,william.rodriguez23@fakemail.net,"3907 Cedar Rd, San Diego, AZ 76287"
Linda J. Williams,linda.williams49@testmail.com,"5179 Oak Dr, Houston, AZ 66871"
Michael H. Smith,michael.smith68@testmail.com,"4723 Pine St, Chicago, TX 66035"
John D. Brown,john.brown34@mailservice.com,"8983 Main St, San Diego, FL 79969"
Emily F. Smith,emily.smith61@fakemail.net,"4617 Pine St, San Jose, TX 49779"
Michael A. Rodriguez,michael.rodriguez15@mailservice.com,"5417 Sunset Blvd, San Jose, IL 35233"
Jane  Martinez,jane.martinez39@mailservice.com,"3860 Cedar Rd, Philadelphia, FL 80941"
David E. Williams,david.williams66@fakemail.net,"4340 Maple Ave, San Antonio, FL 85799"
Jane C. Smith,jane.smith39@mailservice.com,"6517 Maple Ave, Philadelphia, AZ 87761"
Emily H. Smith,emily.smith11@mailservice.com,"8916 Maple Ave, Dallas, FL 55288"
Jessica F. Brown,jessica.brown14@mailservice.com,"9937 Cedar Rd, Houston, NY 99429"
Jessica J. Johnson,jessica.johnson90@mailservice.com,"4489 Pine St, Houston, IL 65939"
William D. Davis,william.davis84@testmail.com,"8367 Cedar Rd, Dallas, FL 20339"
Sarah I. Garcia,sarah.garcia82@myemail.org,"5451 Pine St, Dallas, NC 22565"
William J. Rodriguez,william.rodriguez80@example.com,"3834 Elm St, New York, NY 16609"
Robert E. Davis,robert.davis44@mailservice.com,"6633 Oak Dr, San Antonio, OH 90653"
Jessica A. Davis,jessica.davis61@fakemail.net,"739 2nd Ave, Chicago, OH 36359"
Linda E. Smith,linda.smith47@fakemail.net,"1546 Willow Ln, Phoenix, IL 93720"
David F. Smith,david.smith49@example.com,"6785 Willow Ln, Chicago, NY 66084"
Michael C. Martinez,michael.martinez27@testmail.com,"7113 Oak Dr, Philadelphia, OH 93206"
William A. Smith,william.smith29@mailservice.com,"4947 Oak Dr, Chicago, FL 66325"
David H. Martinez,david.martinez35@mailservice.com,"3112 Oak Dr, Philadelphia, GA 65399"
Jane C. Johnson,jane.johnson60@fakemail.net,"5938 2nd Ave, San Antonio, IL 99352"
Robert F. Garcia,robert.garcia55@testmail.com,"6453 Maple Ave, New York, IL 68962"
Michael F. Miller,michael.miller13@fakemail.net,"7205 Maple Ave, Houston, CA 76970"
Linda I. Martinez,linda.martinez80@fakemail.net,"8480 Cedar Rd, San Antonio, PA 18669"
Robert  Jones,robert.jones38@example.com,"5917 Main St, San Diego, FL 72096"
Robert G. Martinez,robert.martinez89@mailservice.com,"1183 Willow Ln, Los Angeles, OH 17470"
John J. Miller,john.miller83@testmail.com,"7460 Oak Dr, Philadelphia, NC 90657"
Linda B. Brown,linda.brown74@example.com,"7671 Willow Ln, Houston, FL 63167"
William H. Brown,william.brown76@mailservice.com,"7536 2nd Ave, Phoenix, AZ 89553"
Jessica F. Smith,jessica.smith92@testmail.com,"1574 Elm St, San Jose, CA 35862"
Jessica B. Jones,jessica.jones27@mailservice.com,"2062 Elm St, New York, PA 49904"
John C. Smith,john.smith11@myemail.org,"5583 Oak Dr, Phoenix, TX 78444"
Linda I. Smith,linda.smith60@example.com,"3639 Willow Ln, Phoenix, NC 58539"
Jessica D. Johnson,jessica.johnson71@mailservice.com,"1939 Maple Ave, Dallas, OH 53675"
Jessica A. Rodriguez,jessica.rodriguez28@testmail.com,"9914 Elm St, Los Angeles, GA 34129"
William H. Johnson,william.johnson86@testmail.com,"5817 Cedar Rd, San Antonio, NC 98514"
Linda G. Davis,linda.davis89@testmail.com,"3432 Sunset Blvd, New York, TX 14531"
Jane H. Martinez,jane.martinez66@fakemail.net,"8506 Main St, Philadelphia, GA 71761"
Jessica B. Smith,jessica.smith83@testmail.com,"2794 2nd Ave, Dallas, OH 79232"
Linda A. Brown,linda.brown95@example.com,"3723 2nd Ave, Houston, CA 18957"
John J. Brown,john.brown32@myemail.org,"8621 Pine St, Phoenix, FL 49500"
Jane F. Brown,jane.brown70@example.com,"1091 Broadway, San Jose, TX 76913"
Sarah J. Miller,sarah.miller24@myemail.org,"5089 2nd Ave, San Diego, AZ 30564"
David B. Davis,david.davis84@mailservice.com,"8336 2nd Ave, San Antonio, AZ 45102"
David  Williams,david.williams63@fakemail.net,"457 Maple Ave, San Antonio, PA 85067"
Michael E. Miller,michael.miller20@example.com,"2201 Oak Dr, Philadelphia, TX 27551"
Robert I. Rodriguez,robert.rodriguez96@fakemail.net,"6883 Maple Ave, Houston, PA 35634"
Robert J. Johnson,robert.johnson37@testmail.com,"1163 Broadway, San Diego, FL 44010"
John E. Smith,john.smith66@fakemail.net,"966 Sunset Blvd, Chicago, AZ 25642"
William E. Garcia,william.garcia37@testmail.com,"3762 Broadway, New York, AZ 61361"
Sarah A. Martinez,sarah.martinez51@myemail.org,"4009 Main St, San Diego, PA 92157"
Jessica J. Williams,jessica.williams71@mailservice.com,"5720 Main St, New York, TX 37696"
Jessica B. Williams,jessica.williams45@mailservice.com,"6847 Maple Ave, Dallas, CA 93002"
David F. Rodriguez,david.rodriguez15@fakemail.net,"3893 Cedar Rd, San Antonio, OH 27595"
David G. Johnson,david.johnson58@example.com,"1970 Cedar Rd, Dallas, CA 39326"
Sarah C. Smith,sarah.smith51@testmail.com,"5833 Maple Ave, New York, OH 65933"
Linda B. Brown,linda.brown28@fakemail.net,"6595 Maple Ave, San Jose, AZ 74049"
David F. Williams,david.williams95@myemail.org,"8980 Pine St, San Jose, OH 83161"
Emily F. Smith,emily.smith82@mailservice.com,"1369 Sunset Blvd, Dallas, OH 68447"
William B. Rodriguez,william.rodriguez80@mailservice.com,"5141 Pine St, Chicago, CA 47713"
Emily I. Williams,emily.williams25@testmail.com,"7765 Cedar Rd, Houston, TX 95207"
John  Brown,john.brown45@mailservice.com,"9626 Sunset Blvd, Philadelphia, OH 98114"
Linda I. Rodriguez,linda.rodriguez25@myemail.org,"8644 Broadway, New York, GA 67219"
Robert D. Smith,robert.smith64@fakemail.net,"2577 Broadway, Houston, OH 93710"
Robert J. Martinez,robert.martinez92@myemail.org,"9385 Maple Ave, San Antonio, PA 66495"
Robert I. Jones,robert.jones51@example.com,"2803 Oak Dr, Philadelphia, CA 54914"
David  Jones,david.jones17@mailservice.com,"7658 Broadway, New York, CA 30589"
John H. Garcia,john.garcia57@example.com,"5283 Cedar Rd, Los Angeles, CA 64483"
David G. Johnson,david.johnson77@testmail.com,"4614 Sunset Blvd, Phoenix, NY 82547"
Emily D. Smith,emily.smith57@mailservice.com,"2432 Elm St, Phoenix, AZ 72907"
Michael H. Garcia,michael.garcia23@mailservice.com,"1684 Main St, San Jose, AZ 71115"
Emily D. Rodriguez,emily.rodriguez58@fakemail.net,"3997 Maple Ave, Los Angeles, AZ 90237"
John A. Brown,john.brown27@mailservice.com,"8747 Willow Ln, Chicago, AZ 41584"
Robert E. Jones,robert.jones14@myemail.org,"7287 Sunset Blvd, Dallas, AZ 48439"
Emily G. Martinez,emily.martinez31@example.com,"6464 Oak Dr, San Diego, IL 14484"
Linda J. Davis,linda.davis66@mailservice.com,"1225 Oak Dr, Chicago, AZ 30457"
Robert A. Davis,robert.davis77@mailservice.com,"8469 2nd Ave, Dallas, FL 93241"
Robert D. Garcia,robert.garcia47@fakemail.net,"8163 Oak Dr, Los Angeles, TX 78387"
John C. Brown,john.brown30@mailservice.com,"2713 Sunset Blvd, San Jose, NY 74233"
Jane E. Johnson,jane.johnson26@fakemail.net,"4855 Sunset Blvd, San Jose, FL 84844"
Michael B. Williams,michael.williams54@testmail.com,"8990 Main St, San Diego, GA 69093"
John E. Jones,john.jones81@myemail.org,"4557 Broadway, Dallas, PA 69654"
William A. Brown,william.brown76@fakemail.net,"956 Maple Ave, Philadelphia, PA 65644"
Michael I. Jones,michael.jones27@example.com,"4235 Sunset Blvd, San Antonio, NC 26798"
Jane G. Davis,jane.davis86@testmail.com,"7905 Sunset Blvd, Philadelphia, OH 40857"
Michael G. Rodriguez,michael.rodriguez65@myemail.org,"2601 Cedar Rd, San Jose, PA 99913"
Sarah A. Rodriguez,sarah.rodriguez56@myemail.org,"1369 Elm St, Phoenix, CA 91540"
William I. Jones,william.jones54@fakemail.net,"6189 Sunset Blvd, Dallas, OH 29356"
Emily  Garcia,emily.garcia23@myemail.org,"401 Elm St, New York, TX 36923"
Jessica H. Miller,jessica.miller10@example.com,"5642 Cedar Rd, New York, CA 18476"
John I. Johnson,john.johnson80@example.com,"2886 Pine St, Dallas, NY 69499"
John H. Miller,john.miller57@fakemail.net,"5336 Sunset Blvd, Chicago, TX 10183"
David B. Brown,david.brown79@fakemail.net,"7208 Cedar Rd, Phoenix, IL 95750"
Jessica I. Jones,jessica.jones89@myemail.org,"8439 Pine St, Dallas, AZ 10099"
Jane F. Davis,jane.davis96@example.com,"7002 Cedar Rd, Philadelphia, TX 21774"
Michael J. Garcia,michael.garcia95@myemail.org,"3377 Sunset Blvd, Philadelphia, TX 22330"
Linda H. Brown,linda.brown29@example.com,"5469 Broadway, Chicago, FL 13549"
Michael D. Miller,michael.miller70@example.com,"8544 Broadway, San Antonio, GA 63306"
John A. Martinez,john.martinez31@testmail.com,"8345 Sunset Blvd, San Antonio, TX 65528"
Sarah J. Smith,sarah.smith38@testmail.com,"8604 Oak Dr, Phoenix, NC 71825"
David B. Jones,david.jones78@mailservice.com,"5533 Oak Dr, Phoenix, TX 17182"
Robert A. Johnson,robert.johnson44@myemail.org,"8456 Oak Dr, San Antonio, IL 92146"
Michael  Johnson,michael.johnson19@fakemail.net,"7819 Broadway, Philadelphia, NC 87772"
Emily D. Brown,emily.brown24@fakemail.net,"527 Cedar Rd, Chicago, CA 17116"
Emily J. Johnson,emily.johnson37@myemail.org,"2056 Pine St, Philadelphia, FL 32493"
Jane E. Jones,jane.jones50@example.com,"8853 2nd Ave, San Jose, FL 61768"
Michael E. Rodriguez,michael.rodriguez56@fakemail.net,"5981 Willow Ln, San Diego, IL 28918"
Emily C. Smith,emily.smith61@myemail.org,"6074 Willow Ln, Dallas, FL 51485"
William G. Garcia,william.garcia72@example.com,"2294 Oak Dr, Philadelphia, GA 76287"
William A. Miller,william.miller64@testmail.com,"5179 2nd Ave, Philadelphia, NY 80666"
Jessica G. Miller,jessica.miller89@testmail.com,"9578 Cedar Rd, San Jose, NC 56463"
Linda C. Smith,linda.smith48@fakemail.net,"2695 Oak Dr, Houston, NY 97906"
William J. Brown,william.brown25@mailservice.com,"856 Willow Ln, San Jose, IL 24736"
Robert G. Smith,robert.smith27@example.com,"8841 Sunset Blvd, San Jose, OH 99179"
David E. Brown,david.brown64@fakemail.net,"2959 Willow Ln, San Antonio, PA 16445"
Emily D. Garcia,emily.garcia59@myemail.org,"1658 Main St, Dallas, TX 75405"
Emily A. Davis,emily.davis87@testmail.com,"8359 Maple Ave, Philadelphia, OH 15927"
William  Brown,william.brown96@fakemail.net,"2626 2nd Ave, Chicago, TX 44796"
Jessica D. Johnson,jessica.johnson41@myemail.org,"329 Broadway, Chicago, AZ 47380"
John C. Williams,john.williams93@myemail.org,"5125 Elm St, San Jose, TX 95124"
Sarah G. Jones,sarah.jones78@fakemail.net,"2411 Pine St, New York, OH 91886"
Robert I. Johnson,robert.johnson45@testmail.com,"8544 Main St, New York, NC 29784"
Michael E. Brown,michael.brown76@fakemail.net,"6558 Maple Ave, Chicago, PA 87722"
Jessica I. Martinez,jessica.martinez33@myemail.org,"9726 Cedar Rd, Phoenix, NC 93383"
Linda H. Brown,linda.brown64@example.com,"6820 Cedar Rd, Los Angeles, NC 45348"
Robert B. Davis,robert.davis16@testmail.com,"5947 Cedar Rd, San Jose, TX 25467"
Linda I. Davis,linda.davis16@fakemail.net,"5789 Broadway, New York, FL 86398"
Robert F. Jones,robert.jones44@testmail.com,"8540 Pine St, San Diego, NC 61479"
Jessica H. Jones,jessica.jones38@fakemail.net,"8855 Elm St, Phoenix, NC 25779"
David G. Williams,david.williams10@mailservice.com,"1418 Sunset Blvd, San Jose, OH 77220"
Michael J. Brown,michael.brown53@testmail.com,"1653 Maple Ave, Houston, GA 64716"
William D. Brown,william.brown47@example.com,"3474 Pine St, Dallas, TX 56966"
William A. Miller,william.miller85@myemail.org,"5890 Pine St, Phoenix, AZ 20611"
Jessica I. Jones,jessica.jones49@fakemail.net,"9137 Broadway, Los Angeles, NC 94614"
Sarah I. Rodriguez,sarah.rodriguez37@testmail.com,"2991 Cedar Rd, Los Angeles, NC 69641"
Jessica F. Rodriguez,jessica.rodriguez30@myemail.org,"1453 Pine St, Los Angeles, CA 87808"
Jessica E. Davis,jessica.davis71@fakemail.net,"9695 Pine St, Houston, GA 80287"
Jessica A. Garcia,jessica.garcia93@myemail.org,"4312 Broadway, Phoenix, NC 17098"
John C. Brown,john.brown41@myemail.org,"795 Sunset Blvd, Houston, TX 40539"
John G. Williams,john.williams61@testmail.com,"8459 Broadway, Dallas, FL 87052"
Linda H. Smith,linda.smith12@myemail.org,"4621 Willow Ln, Los Angeles, CA 57901"
David B. Garcia,david.garcia88@testmail.com,"9992 Willow Ln, San Antonio, PA 21955"
David H. Garcia,david.garcia72@myemail.org,"9801 2nd Ave, San Antonio, PA 80285"
Michael A. Rodriguez,michael.rodriguez48@mailservice.com,"6087 Oak Dr, San Diego, GA 11160"
Jane  Williams,jane.williams28@fakemail.net,"7093 Willow Ln, Philadelphia, OH 85092"
Sarah D. Brown,sarah.brown52@myemail.org,"9912 Cedar Rd, Los Angeles, CA 48937"
John I. Williams,john.williams83@myemail.org,"5337 Willow Ln, Los Angeles, AZ 25937"
Robert H. Rodriguez,robert.rodriguez71@mailservice.com,"4113 Elm St, Chicago, IL 46295"
Robert B. Garcia,robert.garcia69@example.com,"2279 Pine St, Los Angeles, NY 71569"
Jane  Williams,jane.williams22@myemail.org,"6742 Cedar Rd, Houston, OH 16918"
Jane I. Jones,jane.jones14@myemail.org,"312 Maple Ave, Dallas, IL 78319"
Jane E. Rodriguez,jane.rodriguez72@testmail.com,"2463 Cedar Rd, San Jose, OH 38762"
David G. Johnson,david.johnson47@mailservice.com,"4888 Cedar Rd, Phoenix, OH 84132"
Robert B. Davis,robert.davis93@myemail.org,"8369 Willow Ln, New York, NC 92629"
John F. Davis,john.davis47@mailservice.com,"7832 Sunset Blvd, Houston, TX 80604"
Linda D. Brown,linda.brown27@fakemail.net,"3137 Cedar Rd, Los Angeles, FL 92424"
Jane E. Martinez,jane.martinez81@example.com,"5065 Elm St, Phoenix, OH 29833"
Robert H. Johnson,robert.johnson76@myemail.org,"4118 Pine St, Dallas, OH 90105"
Michael B. Miller,michael.miller21@testmail.com,"3311 Willow Ln, Chicago, NC 83635"
Jessica I. Brown,jessica.brown80@example.com,"6477 Sunset Blvd, Philadelphia, AZ 32221"
Robert D. Brown,robert.brown76@fakemail.net,"7432 Broadway, Phoenix, CA 97550"
Linda D. Martinez,linda.martinez29@fakemail.net,"5708 Broadway, New York, NY 48321"
Sarah A. Rodriguez,sarah.rodriguez23@myemail.org,"1258 Pine St, Los Angeles, NC 44211"
Linda H. Brown,linda.brown69@testmail.com,"9345 Maple Ave, Chicago, CA 46831"
Emily B. Garcia,emily.garcia86@fakemail.net,"8339 Cedar Rd, San Jose, GA 92985"
John I. Smith,john.smith18@myemail.org,"8875 Main St, New York, OH 49656"
Robert  Garcia,robert.garcia16@testmail.com,"3649 Cedar Rd, New York, OH 21268"
William J. Davis,william.davis99@mailservice.com,"7475 Elm St, San Diego, PA 95221"
William I. Jones,william.jones81@mailservice.com,"3153 Maple Ave, San Antonio, AZ 25730"
David F. Garcia,david.garcia92@example.com,"2481 Sunset Blvd, Phoenix, NC 97982"
William I. Davis,william.davis43@myemail.org,"4065 Maple Ave, Los Angeles, NY 20108"
David C. Davis,david.davis94@example.com,"8850 Cedar Rd, Philadelphia, FL 54606"
John C. Jones,john.jones41@example.com,"3679 Oak Dr, Phoenix, AZ 33854"
Emily F. Garcia,emily.garcia49@testmail.com,"4073 Cedar Rd, San Diego, AZ 69288"
Jane B. Johnson,jane.johnson59@mailservice.com,"8507 Pine St, San Diego, AZ 72013"
Jane G. Garcia,jane.garcia42@myemail.org,"9918 2nd Ave, Los Angeles, GA 51193"
John D. Garcia,john.garcia45@fakemail.net,"9554 Oak Dr, San Diego, AZ 66798"
Emily H. Rodriguez,emily.rodriguez44@myemail.org,"350 Main St, Phoenix, GA 39526"
David I. Brown,david.brown42@myemail.org,"3221 Elm St, Philadelphia, NC 57893"
David A. Garcia,david.garcia87@fakemail.net,"5114 Willow Ln, Dallas, AZ 23880"
Sarah A. Johnson,sarah.johnson73@myemail.org,"5406 Willow Ln, Dallas, TX 79055"
Michael G. Martinez,michael.martinez55@myemail.org,"6827 Broadway, Houston, GA 58095"
David B. Davis,david.davis17@mailservice.com,"4995 Willow Ln, Dallas, CA 66297"
Robert D. Rodriguez,robert.rodriguez24@example.com,"9914 Main St, San Jose, OH 44255"
Michael C. Johnson,michael.johnson31@fakemail.net,"1888 Cedar Rd, Houston, GA 28649"
Sarah I. Williams,sarah.williams22@myemail.org,"8810 2nd Ave, San Jose, FL 29698"
Jane G. Miller,jane.miller94@testmail.com,"9798 Oak Dr, Houston, PA 62680"
Jessica C. Jones,jessica.jones57@testmail.com,"583 Broadway, New York, CA 72379"
Michael D. Williams,michael.williams62@myemail.org,"6563 Willow Ln, New York, GA 12622"
Sarah H. Garcia,sarah.garcia61@fakemail.net,"4332 Oak Dr, Los Angeles, AZ 15996"
Sarah D. Smith,sarah.smith71@myemail.org,"1141 2nd Ave, New York, TX 61561"
Michael F. Smith,michael.smith49@mailservice.com,"1006 Main St, San Jose, CA 49842"
Jane G. Martinez,jane.martinez67@fakemail.net,"7464 Pine St, Phoenix, NC 91124"
Jessica  Davis,jessica.davis18@example.com,"9830 Oak Dr, Philadelphia, NY 50564"
Emily I. Williams,emily.williams57@example.com,"6218 Main St, San Diego, AZ 18298"
Emily B. Williams,emily.williams12@fakemail.net,"2498 Oak Dr, Los Angeles, TX 18563"
Linda E. Brown,linda.brown35@myemail.org,"7792 Broadway, Chicago, AZ 85799"
John J. Martinez,john.martinez94@myemail.org,"8485 Sunset Blvd, Philadelphia, NY 29337"
Jane F. Jones,jane.jones96@fakemail.net,"9456 Main St, Philadelphia, AZ 95340"
Sarah H. Miller,sarah.miller24@myemail.org,"6081 Elm St, Phoenix, GA 83045"
William E. Martinez,william.martinez25@mailservice.com,"2624 2nd Ave, Dallas, NC 46617"
William  Williams,william.williams67@testmail.com,"2065 Maple Ave, Houston, NY 26045"
John F. Garcia,john.garcia98@fakemail.net,"7306 2nd Ave, Los Angeles, CA 84528"
Emily A. Johnson,emily.johnson44@example.com,"7285 Sunset Blvd, San Diego, GA 82177"
Jessica C. Williams,jessica.williams78@testmail.com,"575 Pine St, Chicago, OH 38495"
David D. Brown,david.brown67@testmail.com,"4750 Broadway, San Diego, NY 64823"
John F. Davis,john.davis10@mailservice.com,"5548 Willow Ln, New York, NC 17132"
David F. Garcia,david.garcia62@fakemail.net,"7737 Elm St, Dallas, TX 32604"
Emily A. Williams,emily.williams90@fakemail.net,"8890 Broadway, San Diego, FL 33263"
John F. Williams,john.williams69@mailservice.com,"171 Oak Dr, San Jose, NY 43056"
David C. Martinez,david.martinez97@testmail.com,"1322 Pine St, San Diego, PA 82139"
Michael J. Davis,michael.davis33@testmail.com,"5548 Broadway, Philadelphia, FL 36923"
Linda H. Rodriguez,linda.rodriguez84@mailservice.com,"2174 Cedar Rd, Phoenix, OH 97451"
John I. Rodriguez,john.rodriguez96@mailservice.com,"4153 Sunset Blvd, Philadelphia, TX 24357"
Robert C. Garcia,robert.garcia51@example.com,"9503 Willow Ln, Phoenix, AZ 38658"
William E. Williams,william.williams38@testmail.com,"4082 Sunset Blvd, San Diego, GA 83494"
Jane D. Rodriguez,jane.rodriguez84@example.com,"4078 Willow Ln, Phoenix, NC 42967"
Sarah I. Smith,sarah.smith63@myemail.org,"9890 2nd Ave, San Diego, PA 43203"
Robert D. Jones,robert.jones97@myemail.org,"4203 Cedar Rd, Los Angeles, GA 25688"
Michael A. Miller,michael.miller68@testmail.com,"6175 Broadway, Phoenix, AZ 44681"
Sarah J. Brown,sarah.brown49@mailservice.com,"3438 Cedar Rd, San Diego, OH 26087"
Robert F. Rodriguez,robert.rodriguez48@myemail.org,"4836 Elm St, Philadelphia, OH 38347"
David E. Garcia,david.garcia88@fakemail.net,"9990 Maple Ave, Philadelphia, PA 94815"
Michael F. Davis,michael.davis88@mailservice.com,"2739 Cedar Rd, Chicago, FL 64606"
Sarah J. Smith,sarah.smith21@example.com,"1576 Oak Dr, Chicago, PA 93208"
Linda C. Miller,linda.miller64@myemail.org,"245 Cedar Rd, Dallas, NC 36228"
John B. Davis,john.davis47@myemail.org,"9650 2nd Ave, New York, OH 27476"
Jessica B. Martinez,jessica.martinez53@example.com,"9806 Oak Dr, Houston, TX 96760"
Robert  Smith,robert.smith59@fakemail.net,"9348 Sunset Blvd, Houston, NC 39426"
Jane J. Williams,jane.williams97@example.com,"7668 Maple Ave, Los Angeles, FL 43478"
Jessica F. Rodriguez,jessica.rodriguez19@fakemail.net,"2013 Main St, San Antonio, PA 15374"
John B. Miller,john.miller80@example.com,"8472 Willow Ln, San Jose, GA 96386"
Linda A. Miller,linda.miller46@testmail.com,"308 Broadway, San Antonio, IL 84485"
David I. Martinez,david.martinez55@mailservice.com,"4722 Elm St, Philadelphia, OH 49342"
Jessica I. Williams,jessica.williams67@example.com,"2430 2nd Ave, San Jose, CA 72443"
Jessica G. Jones,jessica.jones88@example.com,"9930 Maple Ave, Dallas, GA 39217"
Jane A. Brown,jane.brown48@example.com,"1032 Sunset Blvd, San Jose, CA 64334"
Sarah G. Martinez,sarah.martinez19@myemail.org,"1340 Oak Dr, Houston, OH 61406"
Robert E. Davis,robert.davis71@testmail.com,"2736 Broadway, Dallas, GA 81996"
Michael A. Johnson,michael.johnson91@testmail.com,"3450 Oak Dr, Houston, AZ 68326"
David H. Davis,david.davis19@fakemail.net,"613 Cedar Rd, Phoenix, PA 61929"
Robert G. Garcia,robert.garcia33@mailservice.com,"4542 Oak Dr, San Jose, NC 94525"
Sarah E. Rodriguez,sarah.rodriguez37@mailservice.com,"2876 Elm St, Chicago, IL 78198"
Jane J. Williams,jane.williams35@testmail.com,"1286 Willow Ln, Dallas, OH 71577"
William C. Williams,william.williams34@myemail.org,"1133 Willow Ln, San Diego, AZ 41133"
Emily E. Johnson,emily.johnson53@fakemail.net,"1287 Cedar Rd, San Antonio, PA 28001"
John I. Martinez,john.martinez90@mailservice.com,"5528 Broadway, Los Angeles, NC 55376"
Michael J. Miller,michael.miller88@example.com,"5621 Elm St, San Jose, OH 55753"
Sarah J. Garcia,sarah.garcia76@mailservice.com,"592 2nd Ave, San Jose, IL 72072"
William F. Rodriguez,william.rodriguez67@fakemail.net,"5278 Pine St, Phoenix, IL 25628"
Sarah  Johnson,sarah.johnson14@testmail.com,"8499 Main St, New York, NC 48243"
Emily C. Brown,emily.brown23@mailservice.com,"6394 Sunset Blvd, New York, FL 56086"
William A. Miller,william.miller32@mailservice.com,"7084 Cedar Rd, San Jose, GA 41974"
John H. Rodriguez,john.rodriguez51@example.com,"6747 Broadway, Phoenix, PA 28554"
Emily G. Jones,emily.jones98@testmail.com,"2110 Maple Ave, San Diego, NC 46368"
Jessica C. Davis,jessica.davis43@mailservice.com,"613 Oak Dr, Houston, GA 96108"
Linda G. Williams,linda.williams27@mailservice.com,"7772 Broadway, Houston, NC 37669"
David I. Jones,david.jones48@myemail.org,"582 Elm St, San Antonio, OH 33858"
Emily H. Brown,emily.brown64@mailservice.com,"7145 2nd Ave, New York, GA 63692"
Emily J. Rodriguez,emily.rodriguez64@testmail.com,"4880 Willow Ln, Dallas, TX 79848"
William B. Davis,william.davis22@testmail.com,"2211 Cedar Rd, Los Angeles, AZ 36359"
Linda E. Brown,linda.brown48@mailservice.com,"4812 2nd Ave, Phoenix, TX 76105"
Robert C. Davis,robert.davis60@mailservice.com,"5481 2nd Ave, Los Angeles, PA 20684"
Jessica  Rodriguez,jessica.rodriguez96@mailservice.com,"1311 Main St, San Jose, GA 91841"
William I. Jones,william.jones38@mailservice.com,"4528 2nd Ave, Chicago, GA 29223"
William G. Johnson,william.johnson87@mailservice.com,"4195 Willow Ln, Los Angeles, AZ 68572"
Linda D. Jones,linda.jones83@fakemail.net,"3963 Elm St, Houston, GA 70812"
Michael  Johnson,michael.johnson33@testmail.com,"1981 Elm St, San Antonio, GA 50758"
John C. Smith,john.smith63@example.com,"4338 Main St, Phoenix, AZ 71665"
Jane E. Williams,jane.williams25@testmail.com,"3939 2nd Ave, Phoenix, NC 66743"
Jane J. Rodriguez,jane.rodriguez76@mailservice.com,"6820 Maple Ave, Houston, OH 56526"
Linda B. Jones,linda.jones31@testmail.com,"3834 Sunset Blvd, Dallas, OH 97426"
Robert F. Jones,robert.jones15@mailservice.com,"3341 Elm St, Philadelphia, GA 94700"
Michael J. Williams,michael.williams80@testmail.com,"6182 Oak Dr, Phoenix, GA 74883"
Robert I. Williams,robert.williams25@example.com,"3350 Cedar Rd, San Diego, GA 94295"
Jane  Johnson,jane.johnson67@fakemail.net,"198 Elm St, Los Angeles, TX 59318"
Jane E. Williams,jane.williams85@fakemail.net,"4073 Sunset Blvd, Dallas, FL 42052"
John B. Martinez,john.martinez48@fakemail.net,"4869 Broadway, San Antonio, TX 75208"
Jessica G. Williams,jessica.williams96@example.com,"3229 Broadway, San Jose, FL 85802"
Jane  Smith,jane.smith68@fakemail.net,"7956 Maple Ave, New York, AZ 48286"
Robert  Brown,robert.brown26@example.com,"4697 Oak Dr, San Jose, NY 36223"
David G. Jones,david.jones69@mailservice.com,"2092 Oak Dr, New York, AZ 76640"
Jane A. Johnson,jane.johnson68@fakemail.net,"1849 Pine St, San Antonio, NY 68355"
Jessica  Garcia,jessica.garcia60@myemail.org,"9410 Oak Dr, Los Angeles, FL 47905"
Robert B. Smith,robert.smith38@mailservice.com,"802 Broadway, Los Angeles, GA 41554"
Sarah E. Davis,sarah.davis87@testmail.com,"1338 2nd Ave, San Jose, AZ 15153"
William C. Martinez,william.martinez22@mailservice.com,"8480 Pine St, San Antonio, AZ 47028"
Jessica J. Jones,jessica.jones55@mailservice.com,"7909 Pine St, Chicago, OH 80913"
Jessica C. Miller,jessica.miller59@fakemail.net,"9931 Maple Ave, New York, AZ 56821"
Robert F. Martinez,robert.martinez95@fakemail.net,"3737 Cedar Rd, New York, FL 47713"
Linda C. Garcia,linda.garcia37@fakemail.net,"4103 Elm St, Philadelphia, TX 98064"
William H. Jones,william.jones19@example.com,"6497 Oak Dr, San Antonio, TX 70652"
Linda I. Davis,linda.davis20@example.com,"9521 Pine St, San Diego, IL 17971"
David J. Jones,david.jones20@mailservice.com,"7444 Main St, San Antonio, NC 62506"
David A. Miller,david.miller76@mailservice.com,"6433 Elm St, Dallas, NY 57000"
Emily A. Williams,emily.williams93@example.com,"9910 Elm St, San Diego, TX 63779"
David H. Davis,david.davis59@example.com,"8926 Broadway, Houston, GA 80922"
William D. Johnson,william.johnson22@example.com,"475 Pine St, Los Angeles, TX 72454"
Robert B. Rodriguez,robert.rodriguez44@myemail.org,"4168 Sunset Blvd, San Jose, OH 67893"
Linda G. Garcia,linda.garcia50@mailservice.com,"9765 Elm St, San Jose, PA 66488"
William D. Davis,william.davis18@testmail.com,"817 Main St, Philadelphia, CA 76518"
Linda F. Brown,linda.brown36@myemail.org,"903 Cedar Rd, New York, AZ 26913"
Michael F. Rodriguez,michael.rodriguez94@myemail.org,"6143 Sunset Blvd, San Antonio, AZ 75574"
Michael D. Johnson,michael.johnson69@mailservice.com,"8808 Sunset Blvd, Phoenix, NC 36387"
David E. Rodriguez,david.rodriguez95@fakemail.net,"981 Sunset Blvd, San Jose, NC 60166"
David F. Miller,david.miller84@testmail.com,"5376 Oak Dr, Philadelphia, TX 73323"
Linda A. Garcia,linda.garcia28@mailservice.com,"1841 Main St, New York, GA 30643"
Jessica E. Brown,jessica.brown22@example.com,"9447 Cedar Rd, Phoenix, IL 31485"
William F. Davis,william.davis66@fakemail.net,"8205 Main St, Dallas, NY 15022"
Linda J. Rodriguez,linda.rodriguez62@mailservice.com,"9643 Elm St, San Jose, CA 23940"
Michael B. Davis,michael.davis27@myemail.org,"2160 Maple Ave, Dallas, IL 47068"
Linda I. Smith,linda.smith11@myemail.org,"9401 Main St, San Jose, FL 33605"
Jane C. Davis,jane.davis82@mailservice.com,"2399 Sunset Blvd, Philadelphia, PA 52264"
David H. Smith,david.smith94@example.com,"2061 2nd Ave, New York, GA 76962"
Emily J. Brown,emily.brown30@mailservice.com,"3801 Oak Dr, San Antonio, PA 49798"
Jane A. Brown,jane.brown52@testmail.com,"8257 Oak Dr, San Diego, IL 65227"
Sarah F. Miller,sarah.miller14@myemail.org,"6757 Oak Dr, Chicago, PA 59996"
Emily D. Williams,emily.williams85@mailservice.com,"1351 Maple Ave, Chicago, GA 26114"
Jane C. Martinez,jane.martinez72@fakemail.net,"6820 Oak Dr, San Antonio, NC 62835"
William B. Williams,william.williams44@mailservice.com,"5827 Elm St, San Antonio, TX 82028"
Robert F. Smith,robert.smith93@mailservice.com,"7665 Sunset Blvd, Dallas, PA 37050"
Emily E. Williams,emily.williams67@myemail.org,"5664 Willow Ln, Dallas, OH 47370"
John H. Smith,john.smith59@testmail.com,"3110 Maple Ave, Chicago, NC 43530"
Robert E. Jones,robert.jones19@example.com,"4948 Willow Ln, Los Angeles, OH 48964"
Jane C. Martinez,jane.martinez27@mailservice.com,"6047 Broadway, San Diego, NC 63051"
Linda C. Davis,linda.davis38@mailservice.com,"8958 Cedar Rd, Dallas, TX 71403"
David C. Johnson,david.johnson88@fakemail.net,"1264 Main St, San Antonio, PA 57665"
Emily F. Martinez,emily.martinez97@fakemail.net,"5744 Broadway, Houston, GA 36774"
Linda B. Garcia,linda.garcia12@fakemail.net,"359 Oak Dr, Chicago, TX 73290"
Sarah E. Williams,sarah.williams14@example.com,"6164 Sunset Blvd, San Antonio, PA 55186"
David H. Rodriguez,david.rodriguez93@myemail.org,"4240 2nd Ave, Los Angeles, NY 46677"
Linda A. Williams,linda.williams61@testmail.com,"9903 Oak Dr, San Antonio, AZ 63323"
John  Brown,john.brown50@example.com,"7192 Willow Ln, Phoenix, PA 17805"
Sarah G. Martinez,sarah.martinez88@mailservice.com,"385 Maple Ave, New York, IL 86090"
Jessica B. Williams,jessica.williams91@testmail.com,"8412 Broadway, San Diego, IL 53972"
Jane A. Brown,jane.brown58@testmail.com,"4323 Pine St, New York, AZ 83757"
Robert A. Brown,robert.brown38@example.com,"5279 Oak Dr, Chicago, TX 15063"
Sarah E. Miller,sarah.miller19@mailservice.com,"6997 Pine St, San Jose, CA 78646"
John  Rodriguez,john.rodriguez33@fakemail.net,"5445 Sunset Blvd, Chicago, OH 95342"
Sarah D. Martinez,sarah.martinez85@mailservice.com,"1651 Oak Dr, San Diego, IL 79586"
Emily G. Garcia,emily.garcia96@myemail.org,"4178 Sunset Blvd, San Jose, IL 69093"
Sarah B. Brown,sarah.brown59@mailservice.com,"3110 Elm St, Chicago, TX 83555"
Jane E. Brown,jane.brown59@fakemail.net,"2455 Maple Ave, Dallas, CA 25970"
John C. Smith,john.smith95@mailservice.com,"3458 Oak Dr, San Jose, NC 54605"
Linda D. Brown,linda.brown78@testmail.com,"8534 Cedar Rd, Dallas, FL 50785"
Jane  Martinez,jane.martinez41@fakemail.net,"3035 Pine St, Phoenix, OH 86001"
David B. Garcia,david.garcia82@myemail.org,"4072 2nd Ave, Chicago, NY 41740"
Linda  Williams,linda.williams96@fakemail.net,"6325 Cedar Rd, Chicago, GA 42188"
Jane H. Johnson,jane.johnson75@testmail.com,"3227 Elm St, New York, AZ 99557"
David J. Rodriguez,david.rodriguez13@fakemail.net,"8335 Sunset Blvd, San Diego, NY 87655"
Jane E. Johnson,jane.johnson73@fakemail.net,"2908 Elm St, New York, CA 47605"
William D. Miller,william.miller24@fakemail.net,"549 Sunset Blvd, San Diego, IL 48964"
Jessica B. Davis,jessica.davis66@testmail.com,"9274 Maple Ave, Chicago, NC 46127"
Robert F. Brown,robert.brown82@testmail.com,"4799 Oak Dr, Phoenix, AZ 91426"
John H. Davis,john.davis92@testmail.com,"6447 Main St, New York, FL 12380"
Linda G. Miller,linda.miller91@myemail.org,"4627 Willow Ln, Philadelphia, AZ 92674"
Sarah G. Davis,sarah.davis19@testmail.com,"2150 Pine St, Phoenix, OH 49215"
William A. Martinez,william.martinez19@fakemail.net,"6243 Main St, San Jose, AZ 43236"
Jessica B. Jones,jessica.jones62@mailservice.com,"2557 Maple Ave, Los Angeles, NY 77120"
John H. Smith,john.smith95@myemail.org,"8603 Pine St, Houston, TX 72518"
Robert J. Miller,robert.miller69@mailservice.com,"9620 Pine St, San Antonio, CA 12805"
Sarah I. Brown,sarah.brown32@example.com,"4481 Sunset Blvd, Chicago, AZ 91753"
William A. Miller,william.miller57@testmail.com,"4405 Elm St, Chicago, FL 57629"
John C. Smith,john.smith13@fakemail.net,"835 Elm St, San Diego, NY 81996"
David E. Davis,david.davis31@example.com,"7784 Elm St, Philadelphia, NY 68159"
Michael I. Williams,michael.williams75@mailservice.com,"3238 Main St, Phoenix, PA 65490"
Michael  Williams,michael.williams61@example.com,"3938 Main St, San Diego, FL 77708"
Jessica J. Jones,jessica.jones23@example.com,"2835 Elm St, Los Angeles, NC 12622"
Sarah D. Smith,sarah.smith61@fakemail.net,"9533 Sunset Blvd, San Antonio, IL 30417"
Sarah C. Davis,sarah.davis99@testmail.com,"3535 Main St, New York, NC 14751"
Michael H. Smith,michael.smith51@mailservice.com,"5517 Elm St, New York, PA 13549"
Jessica I. Brown,jessica.brown11@mailservice.com,"4663 2nd Ave, Houston, NC 91810"
Linda J. Rodriguez,linda.rodriguez17@testmail.com,"9917 Cedar Rd, Los Angeles, NY 10504"
Sarah I. Davis,sarah.davis43@example.com,"4819 Elm St, Philadelphia, OH 40766"
Jane  Williams,jane.williams30@fakemail.net,"870 2nd Ave, San Diego, AZ 34332"
John B. Brown,john.brown10@fakemail.net,"5739 Pine St, Chicago, NC 61770"
Jane C. Martinez,jane.martinez53@mailservice.com,"268 Elm St, San Jose, NC 27316"
Linda E. Miller,linda.miller34@mailservice.com,"1539 Broadway, Philadelphia, NY 49126"
John F. Brown,john.brown37@myemail.org,"3346 Sunset Blvd, New York, FL 70273"
John J. Jones,john.jones62@mailservice.com,"9686 Sunset Blvd, San Diego, CA 80243"
Michael B. Jones,michael.jones93@example.com,"1733 Oak Dr, Philadelphia, GA 35053"
William D. Martinez,william.martinez65@testmail.com,"4425 Cedar Rd, San Jose, GA 25589"
Michael E. Brown,michael.brown10@fakemail.net,"271 Oak Dr, New York, IL 46601"
Jessica  Rodriguez,jessica.rodriguez33@testmail.com,"8738 Oak Dr, San Jose, NC 31680"
Sarah G. Martinez,sarah.martinez61@fakemail.net,"7858 Pine St, Philadelphia, FL 24642"
John J. Rodriguez,john.rodriguez74@fakemail.net,"7650 Willow Ln, Houston, TX 47229"
John E. Smith,john.smith21@example.com,"2785 Oak Dr, New York, FL 78073"
Sarah D. Smith,sarah.smith23@example.com,"1282 Cedar Rd, Dallas, NC 28093"
Sarah C. Williams,sarah.williams82@mailservice.com,"4900 Cedar Rd, Philadelphia, CA 78707"
Jessica J. Miller,jessica.miller44@example.com,"7064 Sunset Blvd, Philadelphia, NY 15192"
Linda D. Martinez,linda.martinez30@testmail.com,"9143 Broadway, Dallas, TX 77779"
Linda B. Rodriguez,linda.rodriguez78@myemail.org,"2864 Broadway, San Diego, NY 36118"
Sarah  Miller,sarah.miller29@testmail.com,"2872 Main St, San Antonio, TX 94819"
William D. Jones,william.jones43@fakemail.net,"176 Oak Dr, Dallas, TX 44508"
Emily A. Jones,emily.jones61@testmail.com,"139 Pine St, San Diego, NY 97644"
David D. Brown,david.brown79@example.com,"9993 Maple Ave, Los Angeles, CA 11000"
Sarah D. Davis,sarah.davis64@myemail.org,"3391 Maple Ave, Dallas, OH 17836"
Emily D. Brown,emily.brown23@myemail.org,"2082 Oak Dr, San Antonio, AZ 84745"
William G. Williams,william.williams73@testmail.com,"1396 Oak Dr, Chicago, PA 74954"
Jane B. Miller,jane.miller89@example.com,"278 Cedar Rd, San Antonio, GA 61021"
Linda A. Davis,linda.davis92@fakemail.net,"2295 Cedar Rd, Phoenix, CA 88479"
Sarah C. Rodriguez,sarah.rodriguez95@example.com,"702 Main St, San Antonio, IL 95207"
John F. Davis,john.davis39@testmail.com,"3861 Maple Ave, San Jose, CA 41354"
William H. Jones,william.jones30@fakemail.net,"8073 2nd Ave, Dallas, OH 59688"
Michael I. Brown,michael.brown43@myemail.org,"7223 Willow Ln, San Jose, GA 69506"
Robert F. Davis,robert.davis90@testmail.com,"7518 Broadway, San Antonio, NC 91973"
David E. Smith,david.smith35@testmail.com,"8072 Pine St, San Antonio, GA 44472"
John A. Jones,john.jones97@mailservice.com,"9501 Pine St, Chicago, AZ 10578"
Emily E. Garcia,emily.garcia24@example.com,"7302 Willow Ln, New York, TX 42503"
Linda I. Garcia,linda.garcia36@example.com,"4547 Main St, Houston, GA 82260"
John H. Garcia,john.garcia41@example.com,"3805 Sunset Blvd, San Antonio, TX 99363"
David G. Davis,david.davis75@fakemail.net,"3358 Broadway, Chicago, NC 23309"
Michael  Garcia,michael.garcia76@fakemail.net,"8638 2nd Ave, San Antonio, IL 81076"
Linda I. Davis,linda.davis17@myemail.org,"1890 Pine St, Los Angeles, NY 30198"
Linda  Rodriguez,linda.rodriguez84@mailservice.com,"7942 Pine St, Chicago, TX 74854"
Linda A. Miller,linda.miller69@myemail.org,"7815 Willow Ln, Houston, FL 11783"
Robert H. Miller,robert.miller98@myemail.org,"4193 Main St, San Diego, NC 31648"
Emily G. Brown,emily.brown41@mailservice.com,"389 Sunset Blvd, San Antonio, NY 11238"
Sarah E. Garcia,sarah.garcia35@myemail.org,"6033 Broadway, Houston, IL 87339"
Sarah F. Miller,sarah.miller37@mailservice.com,"5064 Willow Ln, New York, CA 58367"
Michael J. Miller,michael.miller85@myemail.org,"2639 Cedar Rd, Chicago, OH 22913"
William  Williams,william.williams78@example.com,"1105 Oak Dr, New York, OH 90826"
Robert I. Rodriguez,robert.rodriguez73@fakemail.net,"1168 2nd Ave, Houston, PA 18117"
Jane J. Johnson,jane.johnson60@fakemail.net,"189 Main St, San Antonio, NY 38500"
David A. Davis,david.davis82@testmail.com,"9027 Oak Dr, Los Angeles, CA 84357"
Emily H. Davis,emily.davis39@mailservice.com,"7630 Broadway, Chicago, TX 23544"
Emily J. Jones,emily.jones42@mailservice.com,"1183 Willow Ln, Philadelphia, AZ 46133"
Michael B. Davis,michael.davis61@mailservice.com,"1805 Sunset Blvd, Los Angeles, TX 26087"
Jane D. Brown,jane.brown83@fakemail.net,"4252 Broadway, Los Angeles, OH 28022"
William D. Rodriguez,william.rodriguez85@myemail.org,"7469 Cedar Rd, Philadelphia, NC 17805"
Jessica D. Williams,jessica.williams66@mailservice.com,"3705 Maple Ave, Philadelphia, AZ 64031"
Jane J. Johnson,jane.johnson69@mailservice.com,"3676 Willow Ln, San Jose, NY 13030"
David J. Smith,david.smith45@testmail.com,"5618 Pine St, Chicago, FL 28269"
Sarah G. Williams,sarah.williams21@example.com,"3471 Cedar Rd, San Antonio, PA 95263"
Robert H. Smith,robert.smith74@fakemail.net,"161 Oak Dr, Houston, FL 43085"
Jessica C. Williams,jessica.williams92@fakemail.net,"9073 Oak Dr, San Diego, GA 77807"
Emily J. Garcia,emily.garcia71@testmail.com,"5366 2nd Ave, Dallas, PA 21069"
Sarah E. Jones,sarah.jones53@fakemail.net,"9971 Pine St, Houston, NY 97427"
John E. Smith,john.smith86@myemail.org,"2407 Elm St, Los Angeles, NY 21568"
Emily D. Brown,emily.brown51@myemail.org,"4507 Pine St, San Jose, GA 19655"
Jane E. Garcia,jane.garcia79@fakemail.net,"5287 Broadway, New York, AZ 20819"
Jessica G. Smith,jessica.smith60@testmail.com,"3987 Main St, Chicago, NY 29700"
Michael D. Smith,michael.smith41@myemail.org,"3098 Pine St, Chicago, AZ 33730"
Linda A. Brown,linda.brown65@myemail.org,"1740 Broadway, Philadelphia, OH 13166"
Sarah D. Johnson,sarah.johnson99@testmail.com,"9368 Pine St, Los Angeles, IL 73295"
Robert H. Smith,robert.smith52@testmail.com,"4639 Pine St, Dallas, NY 51804"
Emily G. Jones,emily.jones66@mailservice.com,"1665 Willow Ln, San Antonio, FL 76329"
Jane A. Davis,jane.davis31@fakemail.net,"1704 2nd Ave, Los Angeles, GA 90638"
William B. Miller,william.miller73@testmail.com,"5080 Main St, Los Angeles, GA 47740"
William H. Williams,william.williams77@mailservice.com,"7178 Pine St, New York, IL 54198"
Robert B. Davis,robert.davis97@myemail.org,"1642 Oak Dr, Los Angeles, OH 15347"
Jessica F. Jones,jessica.jones61@myemail.org,"7364 Broadway, San Antonio, OH 44744"
Jane E. Miller,jane.miller30@mailservice.com,"533 Sunset Blvd, Philadelphia, PA 43410"
William D. Williams,william.williams74@example.com,"6661 Pine St, Philadelphia, NY 17182"
William G. Garcia,william.garcia27@example.com,"2336 Sunset Blvd, Los Angeles, TX 80332"
John A. Rodriguez,john.rodriguez48@fakemail.net,"789 Willow Ln, Los Angeles, NC 53293"
Michael  Martinez,michael.martinez83@testmail.com,"4205 Pine St, Chicago, NY 62994"
Linda J. Martinez,linda.martinez97@myemail.org,"8177 Pine St, San Jose, NY 56796"
Linda F. Jones,linda.jones75@fakemail.net,"4608 Cedar Rd, Chicago, NY 52383"
David E. Davis,david.davis67@mailservice.com,"2337 Maple Ave, Chicago, GA 65290"
Emily B. Smith,emily.smith64@mailservice.com,"6186 Broadway, San Diego, CA 54056"
Michael J. Miller,michael.miller89@fakemail.net,"3280 Maple Ave, San Diego, PA 85025"
Emily J. Williams,emily.williams60@myemail.org,"9912 2nd Ave, Phoenix, CA 82276"
Jessica C. Martinez,jessica.martinez67@mailservice.com,"1334 Oak Dr, Philadelphia, FL 18362"
Jessica H. Smith,jessica.smith43@mailservice.com,"3925 Sunset Blvd, Philadelphia, GA 90125"
Robert G. Martinez,robert.martinez22@example.com,"2987 Cedar Rd, Los Angeles, OH 41184"
David  Garcia,david.garcia53@myemail.org,"3584 Sunset Blvd, San Diego, GA 82940"
David D. Martinez,david.martinez29@mailservice.com,"2421 2nd Ave, Los Angeles, GA 20903"
David I. Brown,david.brown78@myemail.org,"1542 Willow Ln, New York, PA 43234"
David F. Rodriguez,david.rodriguez66@testmail.com,"6943 Oak Dr, Chicago, CA 30649"
Sarah F. Martinez,sarah.martinez13@fakemail.net,"6033 Broadway, Houston, OH 75284"
John H. Johnson,john.johnson46@testmail.com,"8266 Broadway, San Jose, TX 21064"
Emily H. Miller,emily.miller89@myemail.org,"8182 Main St, Phoenix, IL 66351"
William  Johnson,william.johnson85@mailservice.com,"9334 Willow Ln, San Jose, FL 48059"
Jessica I. Garcia,jessica.garcia91@myemail.org,"3302 2nd Ave, San Diego, PA 36114"
Robert I. Garcia,robert.garcia67@example.com,"8728 Cedar Rd, Houston, NC 21385"
Jane  Smith,jane.smith62@example.com,"6143 Willow Ln, Phoenix, NY 50438"
Jessica  Miller,jessica.miller48@example.com,"8918 Sunset Blvd, New York, GA 43199"
Linda E. Smith,linda.smith96@example.com,"5514 Maple Ave, Dallas, CA 42888"
John D. Johnson,john.johnson77@example.com,"1314 Oak Dr, New York, CA 85745"
Jessica E. Jones,jessica.jones90@testmail.com,"4939 Elm St, Dallas, OH 85248"
John F. Davis,john.davis14@example.com,"7964 Sunset Blvd, Chicago, TX 35576"
Jessica A. Davis,jessica.davis30@myemail.org,"5562 Oak Dr, Philadelphia, IL 67831"
Robert A. Davis,robert.davis63@myemail.org,"624 Sunset Blvd, Phoenix, OH 81756"
Jessica I. Brown,jessica.brown76@mailservice.com,"5232 Main St, Dallas, FL 59969"
Emily I. Martinez,emily.martinez37@example.com,"5122 Broadway, Dallas, FL 53977"
William C. Johnson,william.johnson52@myemail.org,"9908 2nd Ave, Philadelphia, TX 82610"
William F. Martinez,william.martinez28@mailservice.com,"4672 Sunset Blvd, Philadelphia, NY 70312"
Robert E. Williams,robert.williams52@fakemail.net,"5248 Broadway, Los Angeles, FL 33063"
Jessica E. Smith,jessica.smith63@example.com,"182 Sunset Blvd, Houston, GA 42093"
Jane  Rodriguez,jane.rodriguez51@testmail.com,"2358 Cedar Rd, San Jose, AZ 24356"
Linda H. Brown,linda.brown36@example.com,"6159 Pine St, San Antonio, PA 33514"
Emily B. Williams,emily.williams20@testmail.com,"2771 Main St, San Jose, CA 84866"
Linda H. Smith,linda.smith29@myemail.org,"5334 Sunset Blvd, Chicago, CA 93725"
Linda J. Williams,linda.williams76@mailservice.com,"4463 Main St, New York, TX 62662"
Michael C. Miller,michael.miller96@myemail.org,"6580 Oak Dr, Houston, NY 27102"
Emily F. Johnson,emily.johnson73@fakemail.net,"9689 Elm St, Chicago, CA 72013"
Jessica D. Jones,jessica.jones12@testmail.com,"6670 Oak Dr, Phoenix, FL 22198"
Michael  Brown,michael.brown70@fakemail.net,"9061 Pine St, San Antonio, TX 44818"
Jessica E. Williams,jessica.williams67@example.com,"9855 Sunset Blvd, San Diego, GA 43227"
William E. Martinez,william.martinez67@example.com,"1036 Maple Ave, San Jose, IL 18026"
William E. Johnson,william.johnson45@example.com,"5592 Cedar Rd, San Antonio, FL 68006"
David H. Garcia,david.garcia44@fakemail.net,"1375 Oak Dr, Los Angeles, GA 55497"
Emily  Miller,emily.miller91@fakemail.net,"5902 Sunset Blvd, Los Angeles, IL 16040"
Jessica F. Miller,jessica.miller53@mailservice.com,"4797 Broadway, San Diego, PA 44647"
Michael G. Jones,michael.jones31@example.com,"2620 Broadway, Philadelphia, CA 71782"
David A. Jones,david.jones56@mailservice.com,"8046 Oak Dr, San Antonio, IL 40132"
Sarah J. Rodriguez,sarah.rodriguez46@myemail.org,"1320 Oak Dr, Chicago, NY 15641"
Sarah  Rodriguez,sarah.rodriguez74@fakemail.net,"5098 Maple Ave, Dallas, CA 77793"
Linda G. Rodriguez,linda.rodriguez92@myemail.org,"2385 2nd Ave, Los Angeles, NY 50459"
Emily G. Brown,emily.brown35@example.com,"7653 Maple Ave, Los Angeles, GA 89046"
Robert J. Martinez,robert.martinez53@testmail.com,"916 Elm St, Phoenix, IL 35678"
Linda G. Rodriguez,linda.rodriguez51@example.com,"6039 2nd Ave, San Antonio, CA 39202"
David A. Brown,david.brown56@testmail.com,"1176 Main St, Los Angeles, IL 15349"
John F. Smith,john.smith27@myemail.org,"5281 2nd Ave, Philadelphia, NY 62697"
Sarah I. Martinez,sarah.martinez60@testmail.com,"8158 Main St, Dallas, AZ 69338"
Jessica H. Davis,jessica.davis94@testmail.com,"265 Cedar Rd, Dallas, NC 33835"
Robert F. Davis,robert.davis55@testmail.com,"3180 Willow Ln, San Jose, NC 79586"
Linda  Davis,linda.davis17@fakemail.net,"8387 Main St, Houston, GA 92213"
Jessica E. Rodriguez,jessica.rodriguez27@testmail.com,"5637 Oak Dr, Dallas, NY 33431"
Jane E. Jones,jane.jones98@myemail.org,"9434 Maple Ave, Los Angeles, IL 75817"
Emily  Davis,emily.davis41@example.com,"5870 Main St, San Jose, FL 51826"
Jessica D. Brown,jessica.brown25@mailservice.com,"6661 Maple Ave, San Jose, IL 33303"
Jane J. Smith,jane.smith12@fakemail.net,"7521 Broadway, Chicago, TX 71021"
Jane C. Martinez,jane.martinez98@fakemail.net,"7733 2nd Ave, San Diego, GA 99896"
Jane F. Davis,jane.davis39@fakemail.net,"9325 Oak Dr, Phoenix, NY 24871"
Jane A. Miller,jane.miller41@myemail.org,"555 Broadway, Philadelphia, NC 61367"
David F. Garcia,david.garcia95@myemail.org,"3486 Oak Dr, San Jose, AZ 69975"
Linda F. Williams,linda.williams37@testmail.com,"8944 2nd Ave, New York, PA 90801"
Michael G. Miller,michael.miller37@mailservice.com,"9145 Maple Ave, San Diego, PA 38592"
John F. Jones,john.jones98@fakemail.net,"3407 Willow Ln, Houston, GA 52383"
David E. Rodriguez,david.rodriguez37@myemail.org,"6876 2nd Ave, New York, OH 45558"
Emily G. Garcia,emily.garcia59@example.com,"9499 Pine St, San Jose, TX 68383"
John H. Jones,john.jones12@myemail.org,"1158 Oak Dr, Los Angeles, IL 10019"
Sarah  Johnson,sarah.johnson44@testmail.com,"4110 Cedar Rd, San Diego, NC 29779"
John E. Brown,john.brown49@testmail.com,"4236 2nd Ave, Los Angeles, NC 27165"
William G. Brown,william.brown97@testmail.com,"5879 Maple Ave, San Jose, TX 89538"
Jane G. Smith,jane.smith28@testmail.com,"2735 Pine St, Los Angeles, GA 86632"
John C. Garcia,john.garcia83@fakemail.net,"9392 Sunset Blvd, Philadelphia, TX 33041"
Jessica I. Martinez,jessica.martinez44@myemail.org,"7292 Oak Dr, Chicago, TX 96286"
Sarah C. Brown,sarah.brown53@myemail.org,"786 Cedar Rd, San Antonio, PA 74308"
Jessica C. Johnson,jessica.johnson55@testmail.com,"7987 Maple Ave, Houston, GA 44038"
Michael J. Williams,michael.williams48@myemail.org,"6345 Elm St, Houston, OH 58219"
Emily E. Rodriguez,emily.rodriguez17@testmail.com,"7644 Broadway, Chicago, NY 52174"
Emily I. Jones,emily.jones43@example.com,"3239 Oak Dr, Los Angeles, TX 99586"
Robert J. Smith,robert.smith66@myemail.org,"474 Maple Ave, San Jose, TX 88096"
Emily  Smith,emily.smith62@testmail.com,"2553 Main St, Los Angeles, FL 51206"
David F. Martinez,david.martinez44@example.com,"9903 Pine St, San Antonio, OH 26114"
Emily F. Johnson,emily.johnson25@mailservice.com,"9322 Maple Ave, Chicago, OH 95724"
Jane H. Martinez,jane.martinez51@testmail.com,"7106 2nd Ave, New York, FL 30325"
Robert B. Rodriguez,robert.rodriguez88@myemail.org,"6970 Elm St, Phoenix, FL 37349"
Michael B. Garcia,michael.garcia39@fakemail.net,"3851 Willow Ln, Philadelphia, FL 55463"
David F. Brown,david.brown24@myemail.org,"8968 Sunset Blvd, San Jose, OH 45329"
Sarah H. Smith,sarah.smith26@fakemail.net,"4426 Willow Ln, Phoenix, TX 93719"
John D. Brown,john.brown15@myemail.org,"4825 Sunset Blvd, San Diego, FL 37848"
William H. Williams,william.williams23@fakemail.net,"2996 2nd Ave, Los Angeles, FL 21626"
Emily C. Miller,emily.miller28@mailservice.com,"1646 Sunset Blvd, Houston, NY 25642"
Emily H. Johnson,emily.johnson18@testmail.com,"9440 Elm St, New York, PA 72175"
Robert F. Miller,robert.miller87@myemail.org,"3956 Broadway, Philadelphia, PA 41795"
Jane G. Miller,jane.miller23@fakemail.net,"3178 Oak Dr, Philadelphia, NY 83502"
Sarah D. Johnson,sarah.johnson57@testmail.com,"2057 Maple Ave, San Antonio, CA 12228"
Michael B. Garcia,michael.garcia50@myemail.org,"4765 Maple Ave, San Jose, IL 49052"
Jane E. Williams,jane.williams72@fakemail.net,"3952 Maple Ave, Philadelphia, GA 40010"
Jane A. Garcia,jane.garcia41@mailservice.com,"4854 Pine St, New York, GA 46814"
Linda F. Rodriguez,linda.rodriguez82@example.com,"8963 Sunset Blvd, Houston, CA 39862"
Sarah B. Brown,sarah.brown47@example.com,"896 Cedar Rd, San Antonio, TX 16605"
Jessica E. Smith,jessica.smith89@myemail.org,"9405 Main St, Philadelphia, CA 30951"
Michael I. Jones,michael.jones89@mailservice.com,"2050 Maple Ave, Dallas, OH 29490"
Jane I. Martinez,jane.martinez29@mailservice.com,"7484 Broadway, Houston, FL 63469"
John H. Johnson,john.johnson98@example.com,"5470 Broadway, Houston, GA 41397"
Michael B. Miller,michael.miller94@fakemail.net,"5353 Pine St, Philadelphia, IL 96359"
Sarah G. Rodriguez,sarah.rodriguez16@myemail.org,"7945 Pine St, New York, FL 33925"
David A. Miller,david.miller64@fakemail.net,"3294 Willow Ln, San Jose, IL 40539"
Linda A. Rodriguez,linda.rodriguez32@fakemail.net,"4784 Maple Ave, Chicago, TX 89214"
Sarah  Johnson,sarah.johnson10@mailservice.com,"9468 Elm St, New York, GA 71791"
Emily B. Brown,emily.brown76@testmail.com,"4028 2nd Ave, Houston, TX 37305"
Jane F. Davis,jane.davis20@myemail.org,"1313 Sunset Blvd, Houston, FL 46479"
Sarah E. Martinez,sarah.martinez21@example.com,"844 Willow Ln, Dallas, NY 29121"
Emily B. Williams,emily.williams60@myemail.org,"963 Maple Ave, Dallas, OH 31822"
Robert  Davis,robert.davis55@mailservice.com,"9476 Elm St, San Antonio, NC 79493"
Sarah E. Williams,sarah.williams40@mailservice.com,"100 Sunset Blvd, Dallas, CA 92220"
David B. Williams,david.williams86@testmail.com,"4233 Pine St, San Diego, AZ 45321"
John C. Davis,john.davis94@fakemail.net,"6571 Oak Dr, Dallas, GA 39234"
Michael E. Smith,michael.smith22@testmail.com,"9649 Elm St, San Diego, IL 83332"
John B. Johnson,john.johnson59@myemail.org,"1350 2nd Ave, Houston, FL 75968"
Jessica J. Williams,jessica.williams13@fakemail.net,"4155 Pine St, Chicago, IL 93409"
Robert G. Brown,robert.brown99@mailservice.com,"9714 Oak Dr, Dallas, IL 66219"
Emily F. Miller,emily.miller73@myemail.org,"8539 Cedar Rd, Dallas, TX 23625"
John D. Davis,john.davis27@mailservice.com,"929 Sunset Blvd, Phoenix, PA 41101"
John D. Davis,john.davis51@example.com,"6552 Cedar Rd, Phoenix, TX 48631"
David  Miller,david.miller52@example.com,"8546 Main St, Dallas, AZ 27275"
John I. Davis,john.davis83@example.com,"9307 2nd Ave, Phoenix, FL 68817"
David B. Miller,david.miller30@testmail.com,"9685 Cedar Rd, Phoenix, AZ 53580"
Jane A. Johnson,jane.johnson29@example.com,"4098 Cedar Rd, San Diego, PA 16931"
John E. Miller,john.miller60@myemail.org,"2633 Maple Ave, San Jose, OH 49173"
William E. Martinez,william.martinez73@mailservice.com,"3447 2nd Ave, Dallas, NC 78503"
Jane A. Brown,jane.brown44@myemail.org,"5824 Oak Dr, Los Angeles, NC 64755"
William D. Davis,william.davis85@example.com,"1323 Cedar Rd, Philadelphia, GA 54513"
Michael J. Johnson,michael.johnson16@myemail.org,"3865 Maple Ave, Chicago, NY 65399"
Michael G. Miller,michael.miller94@testmail.com,"8845 Main St, San Diego, CA 77862"
Jessica J. Williams,jessica.williams68@fakemail.net,"6217 Maple Ave, San Antonio, NY 89167"
Linda C. Johnson,linda.johnson35@myemail.org,"7208 Sunset Blvd, Chicago, GA 22957"
William D. Davis,william.davis31@mailservice.com,"8764 Broadway, Houston, NY 60432"
Linda B. Johnson,linda.johnson22@myemail.org,"7990 Willow Ln, San Antonio, GA 83457"
Linda F. Garcia,linda.garcia27@myemail.org,"379 Sunset Blvd, Los Angeles, NY 33948"
Emily B. Rodriguez,emily.rodriguez85@testmail.com,"3389 Maple Ave, Dallas, CA 61334"
David F. Williams,david.williams72@mailservice.com,"1508 Main St, Dallas, NC 85067"
Robert J. Davis,robert.davis73@fakemail.net,"7303 Main St, San Jose, FL 88125"
Jessica J. Rodriguez,jessica.rodriguez72@myemail.org,"6140 Willow Ln, Philadelphia, GA 83706"
Sarah H. Smith,sarah.smith74@mailservice.com,"9695 Pine St, Philadelphia, CA 33146"
Michael I. Garcia,michael.garcia20@mailservice.com,"9273 Pine St, Philadelphia, TX 71227"
William E. Garcia,william.garcia63@fakemail.net,"2133 Pine St, Los Angeles, GA 17150"
David E. Smith,david.smith22@mailservice.com,"5927 Broadway, San Antonio, OH 84443"
Michael J. Martinez,michael.martinez80@fakemail.net,"1861 Broadway, Philadelphia, OH 67643"
Michael E. Brown,michael.brown71@fakemail.net,"5444 Elm St, San Jose, AZ 45753"
William D. Johnson,william.johnson69@myemail.org,"8524 Pine St, Phoenix, IL 24403"
Jessica G. Miller,jessica.miller38@testmail.com,"5325 Cedar Rd, Philadelphia, NC 90749"
David B. Davis,david.davis80@testmail.com,"3632 Broadway, Chicago, NY 96511"
Linda A. Garcia,linda.garcia44@example.com,"463 2nd Ave, Dallas, IL 89022"
Jane J. Martinez,jane.martinez53@myemail.org,"6714 Elm St, Chicago, NC 43635"
John G. Rodriguez,john.rodriguez23@testmail.com,"3464 Broadway, San Antonio, CA 84715"
Robert I. Miller,robert.miller22@example.com,"3499 Broadway, San Antonio, IL 65399"
Emily H. Rodriguez,emily.rodriguez79@myemail.org,"7526 Maple Ave, Chicago, AZ 78867"
Sarah D. Jones,sarah.jones63@example.com,"1979 Willow Ln, Philadelphia, NC 27007"
David J. Martinez,david.martinez86@myemail.org,"1303 2nd Ave, San Jose, CA 87309"
Sarah J. Garcia,sarah.garcia84@fakemail.net,"9150 Maple Ave, Chicago, NC 97979"
Linda J. Johnson,linda.johnson35@mailservice.com,"4947 Willow Ln, San Jose, IL 50591"
Robert I. Martinez,robert.martinez70@testmail.com,"6687 Sunset Blvd, San Antonio, PA 70018"
Jane A. Davis,jane.davis88@fakemail.net,"1182 Willow Ln, San Antonio, CA 55015"
Emily A. Martinez,emily.martinez75@example.com,"4520 Broadway, Houston, NY 29860"
Michael D. Miller,michael.miller23@mailservice.com,"7671 Pine St, San Antonio, IL 78893"
Emily I. Jones,emily.jones12@example.com,"7768 Maple Ave, Philadelphia, NY 80332"
Robert B. Rodriguez,robert.rodriguez86@myemail.org,"536 Pine St, New York, IL 27275"
Sarah  Rodriguez,sarah.rodriguez40@fakemail.net,"1107 Cedar Rd, Dallas, IL 44107"
David  Martinez,david.martinez46@mailservice.com,"2076 Oak Dr, San Jose, TX 89179"
David I. Davis,david.davis58@myemail.org,"4036 Willow Ln, Dallas, CA 91118"
Robert C. Davis,robert.davis56@testmail.com,"1561 Main St, Houston, CA 91334"
John B. Williams,john.williams13@mailservice.com,"418 Maple Ave, Philadelphia, AZ 57511"
Robert D. Johnson,robert.johnson13@fakemail.net,"5820 Sunset Blvd, Houston, TX 88836"
Jessica G. Williams,jessica.williams68@fakemail.net,"5498 Broadway, Philadelphia, PA 10970"
Jane F. Williams,jane.williams50@testmail.com,"6122 Cedar Rd, New York, TX 28001"
Jessica B. Garcia,jessica.garcia69@myemail.org,"7797 Elm St, Houston, TX 24407"
Linda D. Miller,linda.miller99@testmail.com,"4028 Oak Dr, San Antonio, FL 78631"
Linda  Martinez,linda.martinez38@mailservice.com,"8178 2nd Ave, Philadelphia, AZ 60368"
Michael G. Rodriguez,michael.rodriguez96@example.com,"986 2nd Ave, San Diego, GA 29507"
Jessica I. Smith,jessica.smith55@example.com,"2471 Willow Ln, Phoenix, TX 78045"
Robert I. Miller,robert.miller38@mailservice.com,"4315 2nd Ave, Philadelphia, IL 99667"
Emily H. Davis,emily.davis77@example.com,"7219 Pine St, New York, OH 32110"
David A. Davis,david.davis30@mailservice.com,"6594 2nd Ave, San Diego, FL 51547"
Emily C. Jones,emily.jones27@fakemail.net,"9348 Elm St, San Jose, FL 80664"
Linda H. Rodriguez,linda.rodriguez13@fakemail.net,"2072 Willow Ln, New York, IL 56526"
Jessica J. Johnson,jessica.johnson78@mailservice.com,"1722 Main St, New York, PA 14755"
Emily H. Martinez,emily.martinez34@example.com,"659 Main St, Los Angeles, OH 59171"
Jessica C. Brown,jessica.brown80@myemail.org,"9291 Maple Ave, San Diego, PA 53534"
John E. Davis,john.davis65@example.com,"9943 Sunset Blvd, Chicago, TX 58452"
Jessica G. Jones,jessica.jones50@myemail.org,"2981 Maple Ave, San Jose, FL 19000"
Jane C. Rodriguez,jane.rodriguez66@myemail.org,"5060 Willow Ln, Chicago, GA 30529"
Robert B. Miller,robert.miller55@myemail.org,"3034 2nd Ave, Houston, CA 74346"
Sarah  Jones,sarah.jones27@example.com,"1293 Pine St, San Jose, TX 86656"
John H. Williams,john.williams93@mailservice.com,"6058 Main St, San Diego, AZ 39217"
Sarah A. Davis,sarah.davis67@mailservice.com,"4621 Cedar Rd, Phoenix, NC 71205"
Michael E. Miller,michael.miller64@example.com,"2575 Cedar Rd, Los Angeles, AZ 75625"
Linda  Miller,linda.miller22@myemail.org,"7301 Cedar Rd, Phoenix, AZ 77634"
Robert G. Smith,robert.smith35@mailservice.com,"5098 Sunset Blvd, Chicago, CA 24353"
William E. Martinez,william.martinez44@mailservice.com,"3527 Willow Ln, San Antonio, TX 84415"
David F. Rodriguez,david.rodriguez62@fakemail.net,"4597 Willow Ln, Philadelphia, FL 47602"
David H. Miller,david.miller40@myemail.org,"9292 Sunset Blvd, San Antonio, OH 46677"
David F. Williams,david.williams69@fakemail.net,"6418 Sunset Blvd, Philadelphia, TX 63432"
John  Davis,john.davis16@mailservice.com,"9600 Cedar Rd, San Diego, PA 99705"
Linda B. Johnson,linda.johnson80@myemail.org,"4630 Main St, Philadelphia, AZ 97563"
Jane F. Garcia,jane.garcia46@myemail.org,"7749 Pine St, San Jose, FL 19130"
Jessica  Garcia,jessica.garcia72@mailservice.com,"1088 Maple Ave, Phoenix, NY 89643"
Emily G. Davis,emily.davis30@fakemail.net,"3804 Willow Ln, Phoenix, NC 57376"
Jessica F. Garcia,jessica.garcia13@myemail.org,"4755 Main St, Chicago, IL 12134"
Michael  Garcia,michael.garcia72@mailservice.com,"123 Willow Ln, Philadelphia, NC 36442"
Sarah B. Martinez,sarah.martinez80@testmail.com,"3669 Main St, New York, GA 11918"
Robert I. Williams,robert.williams31@fakemail.net,"1418 Elm St, Los Angeles, FL 32369"
John  Miller,john.miller57@mailservice.com,"7177 Oak Dr, San Jose, CA 51162"
Robert C. Smith,robert.smith33@example.com,"3319 Willow Ln, Houston, PA 15161"
Sarah A. Miller,sarah.miller16@testmail.com,"104 Willow Ln, Houston, GA 68980"
William I. Smith,william.smith53@mailservice.com,"3957 Pine St, Chicago, CA 51485"
Jessica B. Miller,jessica.miller50@example.com,"8195 Sunset Blvd, New York, PA 62056"
Jane A. Davis,jane.davis22@fakemail.net,"4950 Cedar Rd, Chicago, FL 75994"
Jessica C. Davis,jessica.davis34@testmail.com,"5166 Pine St, San Antonio, FL 12226"
William I. Miller,william.miller66@myemail.org,"5806 Main St, Phoenix, NC 65399"
Emily J. Smith,emily.smith74@mailservice.com,"1937 Pine St, Philadelphia, CA 39674"
Jessica  Garcia,jessica.garcia56@testmail.com,"1705 Maple Ave, San Jose, NC 93072"
Jane J. Brown,jane.brown73@myemail.org,"7331 2nd Ave, Chicago, PA 24884"
John B. Johnson,john.johnson37@example.com,"2246 Oak Dr, Phoenix, NY 66482"
Jane J. Brown,jane.brown90@testmail.com,"8158 Broadway, Houston, IL 59212"
Michael J. Williams,michael.williams21@mailservice.com,"2083 Maple Ave, Phoenix, FL 83348"
Emily C. Jones,emily.jones84@myemail.org,"7376 Broadway, Houston, IL 91851"
Emily F. Davis,emily.davis51@fakemail.net,"7546 Broadway, Los Angeles, AZ 59882"
William G. Jones,william.jones17@example.com,"2898 Oak Dr, Dallas, NY 26916"
William H. Jones,william.jones26@mailservice.com,"6346 Pine St, Chicago, AZ 41779"
Michael D. Johnson,michael.johnson10@example.com,"9913 Sunset Blvd, San Jose, PA 65814"
John H. Johnson,john.johnson87@fakemail.net,"1519 Cedar Rd, San Diego, FL 96332"
Jessica G. Rodriguez,jessica.rodriguez21@example.com,"1258 Sunset Blvd, Houston, OH 53409"
David H. Davis,david.davis82@myemail.org,"4930 Sunset Blvd, San Diego, AZ 71137"
Jane J. Garcia,jane.garcia36@testmail.com,"6375 Pine St, Philadelphia, FL 85370"
Emily A. Johnson,emily.johnson22@fakemail.net,"2350 Maple Ave, Houston, PA 29606"
Jane B. Martinez,jane.martinez94@myemail.org,"8376 Maple Ave, Dallas, CA 50195"
Jane J. Johnson,jane.johnson73@example.com,"6407 Willow Ln, Houston, OH 12455"
Jessica C. Martinez,jessica.martinez61@fakemail.net,"7607 Main St, San Diego, IL 52588"
Michael  Johnson,michael.johnson15@mailservice.com,"648 Maple Ave, San Diego, PA 53488"
Jessica A. Davis,jessica.davis91@testmail.com,"1381 Willow Ln, Los Angeles, NY 90166"
Jane G. Davis,jane.davis66@example.com,"6518 Oak Dr, San Diego, CA 59714"
William J. Brown,william.brown88@example.com,"3518 Broadway, Houston, NY 10864"
Michael F. Jones,michael.jones17@example.com,"3157 Broadway, Chicago, TX 46010"
Sarah F. Jones,sarah.jones86@example.com,"9247 Main St, Dallas, CA 66305"
John G. Williams,john.williams50@example.com,"1004 2nd Ave, San Jose, OH 61176"
David E. Brown,david.brown24@example.com,"7475 Elm St, Philadelphia, NY 62048"
Linda I. Smith,linda.smith11@fakemail.net,"7445 Main St, Houston, GA 90741"
Robert I. Davis,robert.davis45@fakemail.net,"5286 Cedar Rd, Houston, NC 21730"
Jane  Martinez,jane.martinez86@testmail.com,"8886 2nd Ave, San Diego, CA 88570"
Emily G. Johnson,emily.johnson21@fakemail.net,"4593 Pine St, Philadelphia, CA 53823"
Michael E. Johnson,michael.johnson57@example.com,"2733 Sunset Blvd, Chicago, FL 33871"
Robert F. Martinez,robert.martinez28@fakemail.net,"9450 Sunset Blvd, San Antonio, TX 72489"
Robert F. Jones,robert.jones88@testmail.com,"4485 Sunset Blvd, Chicago, CA 39475"
Robert C. Martinez,robert.martinez53@fakemail.net,"9729 Cedar Rd, Houston, AZ 22337"
John  Brown,john.brown40@fakemail.net,"8795 Cedar Rd, San Diego, IL 68327"
William I. Johnson,william.johnson37@myemail.org,"6863 Broadway, Los Angeles, FL 46295"
David D. Johnson,david.johnson12@testmail.com,"7150 Willow Ln, Phoenix, OH 45649"
Michael  Martinez,michael.martinez20@myemail.org,"2170 Main St, San Antonio, IL 88809"
Jane D. Martinez,jane.martinez92@fakemail.net,"5860 Broadway, Chicago, NY 92424"
Sarah E. Williams,sarah.williams58@testmail.com,"9558 2nd Ave, San Antonio, NC 65039"
Emily A. Rodriguez,emily.rodriguez16@mailservice.com,"6923 Main St, Dallas, TX 53992"
David H. Johnson,david.johnson64@example.com,"5877 Broadway, Chicago, NY 61479"
Robert G. Martinez,robert.martinez64@testmail.com,"2163 Pine St, Dallas, NY 34082"
Emily I. Garcia,emily.garcia69@mailservice.com,"5675 Oak Dr, Chicago, GA 96864"
Jessica G. Rodriguez,jessica.rodriguez66@myemail.org,"3307 Cedar Rd, Houston, NY 28706"
William C. Davis,william.davis97@myemail.org,"1689 Elm St, San Diego, PA 55751"
William D. Rodriguez,william.rodriguez31@testmail.com,"8277 Broadway, San Diego, GA 13427"
Jane  Brown,jane.brown12@testmail.com,"1151 2nd Ave, Los Angeles, OH 78717"
William J. Williams,william.williams32@example.com,"660 Sunset Blvd, Chicago, NC 33771"
Emily  Smith,emily.smith76@testmail.com,"6335 Main St, San Jose, TX 86286"
Linda  Miller,linda.miller46@myemail.org,"7385 Pine St, New York, OH 67369"
Robert F. Williams,robert.williams78@myemail.org,"5466 Willow Ln, Dallas, GA 53734"
William G. Brown,william.brown49@mailservice.com,"725 Broadway, Chicago, NY 46601"
Michael J. Davis,michael.davis97@example.com,"6579 Pine St, Los Angeles, GA 16636"
John F. Brown,john.brown85@testmail.com,"5611 Willow Ln, Houston, AZ 80486"
Michael D. Miller,michael.miller48@fakemail.net,"3654 2nd Ave, Houston, FL 44965"
Robert I. Garcia,robert.garcia51@testmail.com,"9269 Oak Dr, Phoenix, CA 49587"
Linda A. Davis,linda.davis46@mailservice.com,"1527 2nd Ave, Philadelphia, NC 61136"
John E. Miller,john.miller59@mailservice.com,"3451 Oak Dr, Phoenix, GA 51194"
Linda C. Miller,linda.miller64@testmail.com,"3934 Oak Dr, Chicago, GA 86916"
Emily G. Garcia,emily.garcia18@example.com,"3387 Cedar Rd, Dallas, NY 40646"
Emily A. Miller,emily.miller45@fakemail.net,"8219 Main St, San Diego, TX 96576"
Robert  Rodriguez,robert.rodriguez71@mailservice.com,"7727 Broadway, Philadelphia, OH 94380"
Michael  Brown,michael.brown40@example.com,"3060 Sunset Blvd, Dallas, CA 90081"
Linda A. Martinez,linda.martinez71@mailservice.com,"2493 Maple Ave, New York, CA 10343"
Linda E. Rodriguez,linda.rodriguez91@example.com,"7991 Willow Ln, New York, PA 91039"
Jessica  Jones,jessica.jones64@testmail.com,"8766 Maple Ave, San Antonio, PA 45412"
William G. Garcia,william.garcia60@example.com,"8140 Main St, Los Angeles, OH 68963"
David D. Martinez,david.martinez28@example.com,"2818 Broadway, Philadelphia, FL 14114"
David A. Miller,david.miller24@example.com,"6066 Pine St, Chicago, GA 92312"
Jessica I. Davis,jessica.davis85@mailservice.com,"8832 Pine St, Chicago, NY 19224"
Robert J. Smith,robert.smith70@myemail.org,"1441 Main St, Dallas, CA 69539"
John F. Williams,john.williams99@example.com,"6353 Willow Ln, Chicago, AZ 88992"
Michael C. Jones,michael.jones74@fakemail.net,"8451 Elm St, San Diego, IL 41712"
John G. Johnson,john.johnson29@myemail.org,"1334 Pine St, Chicago, OH 71931"
Emily E. Brown,emily.brown20@example.com,"8345 Sunset Blvd, Philadelphia, CA 15899"
David F. Rodriguez,david.rodriguez83@example.com,"4616 Broadway, Chicago, IL 39583"
Emily J. Martinez,emily.martinez68@example.com,"3667 Oak Dr, Chicago, GA 17406"
William C. Williams,william.williams57@testmail.com,"8508 Maple Ave, Houston, AZ 86537"
David F. Smith,david.smith41@mailservice.com,"9341 Broadway, San Diego, FL 82938"
John H. Martinez,john.martinez96@example.com,"5158 2nd Ave, Houston, PA 63476"
Linda I. Rodriguez,linda.rodriguez82@mailservice.com,"5660 2nd Ave, San Antonio, AZ 87343"
Linda I. Miller,linda.miller14@example.com,"623 Main St, Phoenix, NC 95170"
John E. Garcia,john.garcia96@mailservice.com,"4913 Maple Ave, Houston, CA 99319"
Emily F. Williams,emily.williams22@myemail.org,"6891 Main St, Dallas, AZ 86679"
Jessica H. Davis,jessica.davis26@myemail.org,"9651 Elm St, San Diego, NY 15411"
John C. Smith,john.smith94@example.com,"8122 Willow Ln, Los Angeles, TX 14861"
Jane I. Rodriguez,jane.rodriguez73@mailservice.com,"7277 Main St, Chicago, CA 63191"
Linda A. Brown,linda.brown78@example.com,"6781 Elm St, New York, IL 25125"
Robert  Garcia,robert.garcia51@example.com,"3494 Oak Dr, Dallas, FL 70816"
Emily I. Miller,emily.miller31@fakemail.net,"2385 Pine St, Houston, IL 71537"
Emily A. Smith,emily.smith38@testmail.com,"8538 Broadway, Houston, CA 99557"
Robert G. Rodriguez,robert.rodriguez53@mailservice.com,"5652 Cedar Rd, Dallas, AZ 55630"
Robert I. Miller,robert.miller97@mailservice.com,"9464 Sunset Blvd, Dallas, AZ 60276"
John F. Smith,john.smith23@example.com,"7677 2nd Ave, Phoenix, AZ 26367"
Jane E. Brown,jane.brown88@example.com,"7064 Sunset Blvd, San Jose, NY 74292"
Linda E. Miller,linda.miller46@example.com,"5609 Broadway, Philadelphia, OH 25558"
Emily C. Rodriguez,emily.rodriguez14@example.com,"8339 2nd Ave, San Jose, CA 85888"
John J. Johnson,john.johnson43@myemail.org,"7966 Cedar Rd, Philadelphia, OH 86511"
Linda B. Jones,linda.jones92@myemail.org,"3341 Willow Ln, San Jose, TX 21987"
Jane I. Smith,jane.smith13@testmail.com,"7109 Cedar Rd, Houston, GA 10677"
Sarah D. Garcia,sarah.garcia20@testmail.com,"2696 Pine St, Houston, PA 92946"
David D. Davis,david.davis31@fakemail.net,"1634 Broadway, Dallas, AZ 74618"
Jane I. Davis,jane.davis34@example.com,"3459 2nd Ave, Houston, FL 78183"
David G. Jones,david.jones83@testmail.com,"8184 Willow Ln, San Antonio, TX 51748"
William D. Garcia,william.garcia84@fakemail.net,"9510 Broadway, San Antonio, TX 25450"
John E. Williams,john.williams40@myemail.org,"6226 Maple Ave, San Diego, PA 98023"
Sarah E. Brown,sarah.brown44@fakemail.net,"2805 Oak Dr, Chicago, GA 72355"
Linda F. Rodriguez,linda.rodriguez89@mailservice.com,"3490 Elm St, San Jose, OH 17864"
David D. Martinez,david.martinez77@fakemail.net,"5647 Sunset Blvd, Philadelphia, IL 53698"
Sarah D. Jones,sarah.jones94@example.com,"1158 Main St, Phoenix, AZ 97002"
John B. Williams,john.williams38@testmail.com,"4593 Cedar Rd, San Antonio, NC 24260"
Michael I. Smith,michael.smith80@testmail.com,"5355 Sunset Blvd, San Antonio, CA 41179"
John A. Davis,john.davis87@fakemail.net,"4510 Broadway, Philadelphia, AZ 99511"
Linda B. Davis,linda.davis89@myemail.org,"2028 2nd Ave, Philadelphia, OH 94206"
Emily E. Garcia,emily.garcia63@example.com,"9567 Cedar Rd, Philadelphia, PA 53977"
Michael J. Johnson,michael.johnson10@testmail.com,"2209 Sunset Blvd, Dallas, CA 12308"
Emily C. Smith,emily.smith35@testmail.com,"2017 Pine St, Phoenix, IL 69424"
Sarah J. Martinez,sarah.martinez69@myemail.org,"7316 Elm St, San Diego, GA 57744"
Emily B. Davis,emily.davis91@myemail.org,"6636 Willow Ln, Dallas, OH 44923"
Jane I. Miller,jane.miller98@testmail.com,"5273 Pine St, Phoenix, OH 87343"
William E. Miller,william.miller30@testmail.com,"6342 Sunset Blvd, Dallas, NC 67074"
David J. Brown,david.brown41@example.com,"9382 Maple Ave, San Antonio, FL 44097"
Michael B. Brown,michael.brown56@example.com,"3406 Elm St, Phoenix, CA 13389"
David I. Johnson,david.johnson88@testmail.com,"5825 2nd Ave, Dallas, FL 42547"
William C. Rodriguez,william.rodriguez93@mailservice.com,"8672 Willow Ln, Chicago, AZ 88930"
David G. Jones,david.jones79@myemail.org,"9873 Sunset Blvd, San Diego, FL 66734"
David I. Smith,david.smith39@fakemail.net,"1397 Elm St, Phoenix, PA 90244"
Robert E. Williams,robert.williams29@mailservice.com,"8922 Sunset Blvd, Philadelphia, OH 80079"
Michael B. Rodriguez,michael.rodriguez62@myemail.org,"2670 Sunset Blvd, Phoenix, NC 49462"
Jessica F. Johnson,jessica.johnson23@mailservice.com,"568 Main St, Houston, PA 25094"
Sarah G. Miller,sarah.miller50@example.com,"9427 Pine St, Phoenix, PA 92269"
Michael J. Martinez,michael.martinez61@myemail.org,"6435 Sunset Blvd, San Antonio, GA 54242"
Robert E. Garcia,robert.garcia64@mailservice.com,"1391 Sunset Blvd, San Diego, OH 65934"
Emily G. Brown,emily.brown37@example.com,"4951 Maple Ave, Philadelphia, IL 71307"
Robert F. Williams,robert.williams34@myemail.org,"2162 Oak Dr, Philadelphia, CA 97240"
Emily C. Jones,emily.jones24@fakemail.net,"3469 Willow Ln, San Jose, TX 40071"
John I. Garcia,john.garcia28@myemail.org,"7978 Broadway, San Jose, GA 32685"
Linda F. Davis,linda.davis34@fakemail.net,"3081 Oak Dr, San Diego, IL 62033"
David J. Miller,david.miller22@testmail.com,"671 2nd Ave, San Antonio, OH 96455"
Linda H. Garcia,linda.garcia11@myemail.org,"8283 Pine St, Philadelphia, NY 61383"
Emily I. Jones,emily.jones93@fakemail.net,"8417 Elm St, Phoenix, NC 98061"
Emily H. Miller,emily.miller60@fakemail.net,"1990 Cedar Rd, Phoenix, CA 16623"
Robert B. Williams,robert.williams16@testmail.com,"9012 Sunset Blvd, Dallas, NC 39583"
Jessica A. Smith,jessica.smith66@example.com,"1351 Elm St, San Jose, PA 43496"
John B. Williams,john.williams29@testmail.com,"6838 2nd Ave, San Jose, NY 39685"
Robert C. Johnson,robert.johnson91@myemail.org,"2958 Cedar Rd, Los Angeles, AZ 44481"
Jessica I. Smith,jessica.smith60@fakemail.net,"1938 2nd Ave, Los Angeles, FL 94819"
William J. Garcia,william.garcia98@myemail.org,"9769 Cedar Rd, Los Angeles, FL 50863"
Linda I. Williams,linda.williams92@example.com,"9925 Maple Ave, San Jose, GA 13294"
Linda F. Martinez,linda.martinez26@testmail.com,"1672 Main St, Phoenix, PA 10088"
Emily I. Smith,emily.smith41@myemail.org,"8230 2nd Ave, Los Angeles, OH 16718"
William H. Rodriguez,william.rodriguez46@testmail.com,"403 Pine St, Los Angeles, NC 25596"
John I. Smith,john.smith58@myemail.org,"4063 Pine St, San Antonio, CA 36940"
Jessica J. Williams,jessica.williams50@mailservice.com,"5541 Elm St, Los Angeles, CA 75054"
Jessica B. Garcia,jessica.garcia60@mailservice.com,"2106 Elm St, Phoenix, IL 53463"
Linda F. Williams,linda.williams10@example.com,"1071 Cedar Rd, Chicago, IL 29241"
Jane E. Martinez,jane.martinez17@example.com,"1993 Broadway, Philadelphia, NC 48304"
David A. Miller,david.miller64@fakemail.net,"9046 2nd Ave, San Antonio, NC 90833"
Emily I. Rodriguez,emily.rodriguez66@mailservice.com,"7828 Sunset Blvd, Philadelphia, NC 67408"
Jessica E. Johnson,jessica.johnson11@mailservice.com,"4101 Pine St, San Antonio, CA 99375"
David J. Williams,david.williams86@myemail.org,"3908 Broadway, San Antonio, NC 25121"
Jessica H. Martinez,jessica.martinez78@example.com,"2699 Main St, Philadelphia, OH 31012"
Linda  Davis,linda.davis51@myemail.org,"4064 Main St, Phoenix, TX 28742"
Robert I. Rodriguez,robert.rodriguez38@example.com,"250 Pine St, Philadelphia, TX 99099"
Jane D. Miller,jane.miller58@fakemail.net,"4545 Broadway, Los Angeles, CA 90750"
William G. Johnson,william.johnson34@example.com,"4075 Broadway, Los Angeles, NY 16028"
Sarah A. Rodriguez,sarah.rodriguez71@mailservice.com,"5110 Elm St, Chicago, PA 22704"
Robert J. Smith,robert.smith88@myemail.org,"4399 Maple Ave, Dallas, CA 22807"
Emily A. Johnson,emily.johnson35@testmail.com,"1736 Main St, San Antonio, TX 61576"
Jane A. Miller,jane.miller33@mailservice.com,"4165 Elm St, Phoenix, PA 55092"
William D. Jones,william.jones78@example.com,"1248 Cedar Rd, San Jose, PA 52632"
Robert H. Martinez,robert.martinez39@fakemail.net,"5377 Cedar Rd, Dallas, PA 21554"
Michael E. Jones,michael.jones52@fakemail.net,"9400 Main St, Phoenix, AZ 11986"
Sarah H. Smith,sarah.smith61@example.com,"1305 Sunset Blvd, New York, TX 40873"
Jessica G. Brown,jessica.brown96@fakemail.net,"6566 Cedar Rd, Philadelphia, CA 63477"
William D. Smith,william.smith34@example.com,"7891 Willow Ln, New York, NY 84856"
William A. Davis,william.davis75@mailservice.com,"6134 Broadway, Phoenix, PA 76453"
William H. Williams,william.williams42@fakemail.net,"4422 Sunset Blvd, Houston, AZ 87104"
Sarah D. Davis,sarah.davis11@fakemail.net,"7810 Broadway, San Diego, GA 42040"
Jessica F. Johnson,jessica.johnson92@fakemail.net,"1053 Maple Ave, San Antonio, NY 47846"
Sarah A. Martinez,sarah.martinez26@fakemail.net,"5346 Oak Dr, San Jose, AZ 41130"
Jessica G. Williams,jessica.williams86@fakemail.net,"2943 Maple Ave, San Antonio, AZ 67017"
Michael E. Jones,michael.jones99@example.com,"8811 Broadway, Dallas, FL 13329"
David E. Martinez,david.martinez26@myemail.org,"7309 Willow Ln, Los Angeles, CA 81964"
Robert A. Brown,robert.brown56@myemail.org,"3625 Elm St, San Diego, IL 40137"
Sarah A. Brown,sarah.brown84@example.com,"5187 Willow Ln, New York, GA 47849"
Robert B. Davis,robert.davis69@fakemail.net,"2839 Broadway, Los Angeles, TX 49268"
Linda J. Martinez,linda.martinez27@myemail.org,"8969 Pine St, New York, TX 30459"
John B. Brown,john.brown13@example.com,"797 Elm St, San Diego, FL 52937"
Michael J. Rodriguez,michael.rodriguez56@fakemail.net,"6459 Maple Ave, San Diego, GA 41590"
Sarah E. Davis,sarah.davis94@testmail.com,"5470 Oak Dr, Houston, NY 78971"
Sarah I. Miller,sarah.miller50@fakemail.net,"5222 Cedar Rd, Los Angeles, TX 83476"
Linda E. Martinez,linda.martinez18@example.com,"8300 Oak Dr, San Antonio, IL 34915"
Emily F. Johnson,emily.johnson59@myemail.org,"6868 Pine St, Phoenix, NC 43756"
William F. Jones,william.jones37@myemail.org,"3553 Pine St, Los Angeles, GA 38567"
William G. Johnson,william.johnson23@mailservice.com,"4145 Oak Dr, Dallas, FL 12965"
Linda H. Jones,linda.jones50@testmail.com,"9477 Main St, Chicago, AZ 10352"
Sarah C. Williams,sarah.williams19@example.com,"1472 Broadway, San Antonio, GA 54818"
Emily E. Rodriguez,emily.rodriguez82@example.com,"733 Willow Ln, Dallas, NY 73858"
Emily E. Miller,emily.miller80@fakemail.net,"4032 Sunset Blvd, Chicago, TX 80853"
Linda G. Martinez,linda.martinez55@myemail.org,"2549 Cedar Rd, New York, NY 16837"
Sarah I. Martinez,sarah.martinez89@testmail.com,"7856 Maple Ave, Phoenix, GA 83817"
Jane D. Garcia,jane.garcia73@fakemail.net,"1517 Sunset Blvd, San Antonio, NC 50694"
David  Brown,david.brown25@fakemail.net,"4488 2nd Ave, Houston, NY 91723"
Linda I. Williams,linda.williams65@example.com,"3527 Oak Dr, Phoenix, AZ 28107"
William E. Garcia,william.garcia54@example.com,"7178 Elm St, Los Angeles, NY 33614"
Jessica I. Smith,jessica.smith94@testmail.com,"1017 Elm St, Houston, IL 22508"
Michael I. Williams,michael.williams81@myemail.org,"1967 Pine St, Phoenix, PA 13727"
Robert D. Rodriguez,robert.rodriguez32@mailservice.com,"2656 Main St, San Jose, NC 99731"
Michael J. Brown,michael.brown29@example.com,"8388 Oak Dr, Phoenix, NY 16624"
Emily I. Miller,emily.miller16@myemail.org,"7986 Pine St, Phoenix, AZ 30100"
Sarah H. Brown,sarah.brown64@mailservice.com,"9303 Main St, Phoenix, NC 78198"
Sarah J. Miller,sarah.miller27@myemail.org,"9216 Willow Ln, Houston, TX 41925"
Sarah J. Rodriguez,sarah.rodriguez13@testmail.com,"5046 Maple Ave, San Jose, AZ 74801"
Jane F. Smith,jane.smith43@example.com,"1052 Cedar Rd, San Jose, NC 96460"
Jane  Smith,jane.smith70@mailservice.com,"232 Maple Ave, Houston, FL 87958"
Sarah C. Williams,sarah.williams17@fakemail.net,"5972 Oak Dr, San Antonio, GA 30770"
William B. Brown,william.brown19@myemail.org,"8770 Elm St, Los Angeles, NC 11000"
William A. Martinez,william.martinez56@mailservice.com,"8632 Cedar Rd, Houston, AZ 54515"
William E. Miller,william.miller23@testmail.com,"8050 Pine St, Philadelphia, TX 67181"
Emily F. Garcia,emily.garcia50@myemail.org,"1920 Elm St, Philadelphia, PA 93397"
Jane E. Rodriguez,jane.rodriguez97@myemail.org,"5667 Broadway, Dallas, NY 71028"
Jessica I. Johnson,jessica.johnson77@fakemail.net,"917 Maple Ave, San Jose, NY 85087"
Emily J. Smith,emily.smith16@testmail.com,"6167 Sunset Blvd, Los Angeles, PA 78540"
John H. Johnson,john.johnson78@mailservice.com,"1093 Maple Ave, Los Angeles, TX 46591"
Linda D. Williams,linda.williams17@fakemail.net,"7381 Sunset Blvd, San Jose, PA 86897"
Michael B. Brown,michael.brown50@mailservice.com,"7561 Maple Ave, New York, OH 72182"
William  Martinez,william.martinez49@fakemail.net,"7213 Main St, Philadelphia, CA 23349"
Michael J. Smith,michael.smith86@mailservice.com,"5318 Cedar Rd, Los Angeles, NY 46314"
William C. Miller,william.miller33@testmail.com,"3102 Pine St, Phoenix, IL 48260"
John E. Johnson,john.johnson28@example.com,"7614 Main St, Philadelphia, OH 40445"
Jessica C. Davis,jessica.davis77@myemail.org,"7813 Broadway, Houston, PA 56047"
Emily G. Davis,emily.davis30@example.com,"1263 Oak Dr, San Diego, AZ 71403"
Linda A. Rodriguez,linda.rodriguez77@fakemail.net,"6419 Sunset Blvd, Phoenix, FL 44044"
Linda A. Davis,linda.davis53@example.com,"9041 Broadway, Phoenix, OH 29121"
Linda D. Martinez,linda.martinez38@mailservice.com,"801 Willow Ln, San Diego, NY 92669"
Robert F. Jones,robert.jones88@fakemail.net,"2565 Cedar Rd, San Diego, NC 41485"
Jessica A. Jones,jessica.jones43@fakemail.net,"3714 Pine St, Philadelphia, TX 50312"
Michael J. Smith,michael.smith49@fakemail.net,"1616 Main St, Chicago, TX 46575"
Jane C. Miller,jane.miller64@testmail.com,"5008 Cedar Rd, Phoenix, IL 92402"
David A. Rodriguez,david.rodriguez24@mailservice.com,"7224 Sunset Blvd, Los Angeles, PA 87453"
Michael C. Martinez,michael.martinez13@testmail.com,"2609 Sunset Blvd, San Diego, TX 11940"
Jessica A. Davis,jessica.davis55@myemail.org,"5924 Main St, Los Angeles, TX 65910"
Jane I. Davis,jane.davis64@fakemail.net,"7670 Main St, San Jose, FL 75625"
Michael H. Brown,michael.brown49@example.com,"9213 Elm St, Houston, NC 48921"
Michael D. Williams,michael.williams33@mailservice.com,"9918 Main St, Phoenix, IL 59456"
David F. Miller,david.miller19@myemail.org,"3872 Pine St, Phoenix, GA 69308"
Linda B. Miller,linda.miller77@mailservice.com,"3849 Elm St, Houston, PA 50360"
William J. Miller,william.miller82@myemail.org,"2145 Maple Ave, Dallas, GA 22572"
Sarah H. Johnson,sarah.johnson93@mailservice.com,"7435 Cedar Rd, San Jose, NY 66035"
Jessica C. Miller,jessica.miller17@mailservice.com,"2078 Cedar Rd, San Jose, FL 72397"
Jessica F. Martinez,jessica.martinez66@fakemail.net,"1952 Cedar Rd, Los Angeles, NC 66035"
Sarah B. Davis,sarah.davis48@example.com,"9563 Pine St, Dallas, AZ 99119"
David B. Smith,david.smith65@fakemail.net,"6832 Pine St, Chicago, IL 17041"
Linda  Johnson,linda.johnson12@example.com,"7868 Sunset Blvd, San Antonio, CA 87639"
Sarah I. Garcia,sarah.garcia30@myemail.org,"1624 Elm St, Houston, OH 37992"
Sarah E. Rodriguez,sarah.rodriguez48@mailservice.com,"4835 2nd Ave, Chicago, CA 88005"
William J. Johnson,william.johnson18@example.com,"4308 Pine St, San Jose, NY 19038"
Jane J. Davis,jane.davis49@mailservice.com,"1151 Cedar Rd, Phoenix, CA 61736"
Linda I. Rodriguez,linda.rodriguez44@testmail.com,"960 Willow Ln, Los Angeles, GA 75999"
William D. Smith,william.smith41@example.com,"2433 Sunset Blvd, San Antonio, OH 33363"
Linda B. Garcia,linda.garcia32@fakemail.net,"4614 Sunset Blvd, Phoenix, FL 74874"
William I. Martinez,william.martinez69@fakemail.net,"9795 Oak Dr, Dallas, TX 64823"
John H. Davis,john.davis36@testmail.com,"8067 Pine St, San Jose, FL 33810"
Robert J. Martinez,robert.martinez10@fakemail.net,"6223 2nd Ave, Phoenix, AZ 47234"
Linda  Davis,linda.davis46@example.com,"5699 Pine St, San Diego, OH 59524"
Sarah E. Miller,sarah.miller65@fakemail.net,"9903 Oak Dr, New York, AZ 47132"
Sarah J. Johnson,sarah.johnson28@fakemail.net,"5894 Maple Ave, San Jose, AZ 77735"
Jessica G. Davis,jessica.davis20@testmail.com,"575 Elm St, Los Angeles, GA 83392"
Linda J. Martinez,linda.martinez12@myemail.org,"8706 Broadway, Chicago, PA 33967"
Sarah I. Martinez,sarah.martinez51@fakemail.net,"6017 Pine St, Los Angeles, FL 36043"
Emily H. Davis,emily.davis41@mailservice.com,"146 Oak Dr, Chicago, AZ 13772"
Linda C. Johnson,linda.johnson34@example.com,"1458 2nd Ave, San Diego, IL 52419"
Linda C. Rodriguez,linda.rodriguez24@myemail.org,"9189 Willow Ln, Dallas, OH 37272"
Robert I. Miller,robert.miller92@testmail.com,"6750 Main St, Philadelphia, IL 73695"
Robert E. Jones,robert.jones75@mailservice.com,"691 Broadway, Los Angeles, AZ 20167"
Linda J. Jones,linda.jones26@example.com,"9929 Sunset Blvd, San Antonio, PA 79847"
David D. Johnson,david.johnson64@myemail.org,"6699 Pine St, Los Angeles, GA 99902"
Emily B. Jones,emily.jones76@example.com,"782 Maple Ave, San Diego, TX 62470"
Emily G. Smith,emily.smith84@myemail.org,"2787 Elm St, Chicago, AZ 56567"
Jessica  Johnson,jessica.johnson48@testmail.com,"8357 Sunset Blvd, Houston, OH 18450"
William C. Garcia,william.garcia44@mailservice.com,"6280 2nd Ave, New York, NY 21267"
Jessica  Martinez,jessica.martinez83@myemail.org,"1591 Elm St, Los Angeles, FL 71608"
John C. Brown,john.brown91@fakemail.net,"1187 2nd Ave, San Diego, NC 82200"
Michael C. Martinez,michael.martinez46@fakemail.net,"3442 Broadway, Chicago, OH 63906"
Linda F. Rodriguez,linda.rodriguez64@fakemail.net,"3875 Sunset Blvd, San Antonio, PA 14679"
Michael F. Smith,michael.smith69@mailservice.com,"2199 Cedar Rd, San Jose, AZ 69338"
Robert G. Davis,robert.davis76@myemail.org,"8676 Pine St, Houston, PA 53126"
Michael H. Miller,michael.miller37@mailservice.com,"609 Sunset Blvd, Dallas, AZ 61648"
Jessica D. Miller,jessica.miller82@fakemail.net,"7504 Main St, Philadelphia, GA 25332"
Jessica F. Garcia,jessica.garcia27@testmail.com,"7974 Willow Ln, Dallas, NY 80052"
David A. Jones,david.jones49@example.com,"1876 2nd Ave, Houston, GA 18539"
Sarah C. Williams,sarah.williams85@example.com,"6104 Elm St, Phoenix, NC 66943"
John F. Johnson,john.johnson53@mailservice.com,"7320 Pine St, Philadelphia, OH 71228"
John A. Martinez,john.martinez99@fakemail.net,"1460 Elm St, Los Angeles, AZ 25642"
Linda G. Brown,linda.brown37@myemail.org,"4506 Pine St, Los Angeles, CA 33105"
Sarah I. Rodriguez,sarah.rodriguez12@mailservice.com,"9083 Broadway, Houston, GA 44277"
John G. Miller,john.miller80@myemail.org,"1055 Oak Dr, San Diego, GA 31893"
Jessica B. Rodriguez,jessica.rodriguez83@myemail.org,"6242 Main St, San Jose, IL 32097"
Jane J. Williams,jane.williams93@myemail.org,"8045 Sunset Blvd, San Antonio, FL 83279"
William H. Miller,william.miller60@fakemail.net,"9611 Broadway, San Jose, OH 82827"
Robert F. Jones,robert.jones81@fakemail.net,"7784 Cedar Rd, San Diego, CA 22772"
John C. Martinez,john.martinez25@testmail.com,"1404 Elm St, San Antonio, PA 54956"
Jane  Williams,jane.williams56@example.com,"4614 Maple Ave, Phoenix, NY 92971"
Linda E. Martinez,linda.martinez95@example.com,"163 Sunset Blvd, Dallas, CA 79646"
Michael A. Brown,michael.brown37@mailservice.com,"8668 Maple Ave, San Antonio, NC 86715"
Linda E. Martinez,linda.martinez42@mailservice.com,"1685 2nd Ave, San Antonio, TX 64646"
William D. Garcia,william.garcia16@myemail.org,"8622 Willow Ln, Los Angeles, IL 33092"
Jessica D. Jones,jessica.jones13@testmail.com,"6988 Oak Dr, Los Angeles, IL 31836"
Michael J. Miller,michael.miller30@testmail.com,"4386 Sunset Blvd, Phoenix, PA 55204"
Jessica I. Davis,jessica.davis64@testmail.com,"5030 Willow Ln, Los Angeles, GA 45265"
Jessica A. Martinez,jessica.martinez34@mailservice.com,"3727 Willow Ln, Los Angeles, FL 96491"
Sarah B. Rodriguez,sarah.rodriguez42@example.com,"8338 Sunset Blvd, San Diego, NC 31615"
Sarah F. Rodriguez,sarah.rodriguez64@example.com,"9726 Broadway, San Jose, IL 47381"
Jane B. Rodriguez,jane.rodriguez14@testmail.com,"4657 Willow Ln, Dallas, GA 33689"
John B. Miller,john.miller66@testmail.com,"5454 Cedar Rd, Los Angeles, TX 61252"
Sarah H. Davis,sarah.davis97@testmail.com,"8607 Willow Ln, New York, PA 85950"
Linda A. Johnson,linda.johnson19@fakemail.net,"3736 Sunset Blvd, Houston, AZ 84460"
John G. Rodriguez,john.rodriguez15@mailservice.com,"8519 Cedar Rd, Phoenix, AZ 83284"
William F. Williams,william.williams39@example.com,"9774 2nd Ave, New York, CA 17011"
Jane H. Rodriguez,jane.rodriguez48@example.com,"5064 Maple Ave, San Jose, TX 86364"
Emily J. Brown,emily.brown37@fakemail.net,"8519 Broadway, Philadelphia, PA 82940"
Michael C. Johnson,michael.johnson99@fakemail.net,"3992 Broadway, Dallas, PA 84573"
Linda C. Brown,linda.brown83@myemail.org,"2790 Elm St, Dallas, TX 99352"
Jessica G. Martinez,jessica.martinez40@mailservice.com,"2948 Elm St, Los Angeles, NC 46677"
William H. Jones,william.jones86@myemail.org,"9743 Sunset Blvd, Chicago, OH 81996"
David J. Brown,david.brown96@testmail.com,"2491 2nd Ave, San Antonio, PA 14567"
Robert J. Jones,robert.jones73@mailservice.com,"6943 Broadway, Phoenix, OH 18730"
Jessica A. Johnson,jessica.johnson44@example.com,"9133 Cedar Rd, Los Angeles, CA 22798"
Emily  Miller,emily.miller93@testmail.com,"5299 Main St, Houston, IL 28256"
Sarah D. Davis,sarah.davis94@mailservice.com,"4530 Elm St, New York, TX 55015"
Linda J. Miller,linda.miller81@mailservice.com,"1596 Sunset Blvd, New York, IL 78841"
William  Davis,william.davis23@myemail.org,"8313 Sunset Blvd, Philadelphia, NY 64528"
Emily E. Brown,emily.brown88@mailservice.com,"3797 Maple Ave, Philadelphia, GA 22565"
Robert  Jones,robert.jones27@example.com,"2967 Oak Dr, Houston, CA 69344"
John A. Garcia,john.garcia58@fakemail.net,"7306 Pine St, Dallas, CA 39264"
Jessica E. Johnson,jessica.johnson32@myemail.org,"9212 Sunset Blvd, San Antonio, FL 48964"
William I. Martinez,william.martinez46@testmail.com,"4031 Cedar Rd, Los Angeles, IL 78808"
Robert I. Smith,robert.smith74@myemail.org,"8726 Pine St, San Antonio, TX 17414"
Emily J. Brown,emily.brown56@myemail.org,"6308 2nd Ave, Houston, FL 30759"
Robert I. Davis,robert.davis92@fakemail.net,"3074 Cedar Rd, San Antonio, FL 83713"
William J. Johnson,william.johnson55@mailservice.com,"8630 2nd Ave, Houston, NY 72884"
Robert J. Johnson,robert.johnson35@myemail.org,"1157 Maple Ave, Houston, CA 91297"
John E. Johnson,john.johnson70@myemail.org,"9653 Broadway, Houston, PA 35993"
Linda A. Jones,linda.jones19@mailservice.com,"8739 Oak Dr, San Antonio, TX 44532"
William G. Smith,william.smith97@fakemail.net,"4137 Maple Ave, Philadelphia, CA 90748"
Linda C. Rodriguez,linda.rodriguez50@mailservice.com,"8312 Maple Ave, Philadelphia, GA 99603"
Michael D. Smith,michael.smith51@myemail.org,"9952 2nd Ave, San Antonio, PA 41370"
William C. Davis,william.davis88@testmail.com,"8820 Willow Ln, Dallas, PA 22572"
Jessica B. Jones,jessica.jones82@testmail.com,"2443 Oak Dr, Chicago, AZ 75557"
Jane F. Davis,jane.davis70@fakemail.net,"2260 Elm St, Chicago, AZ 19628"
David E. Miller,david.miller92@testmail.com,"1750 Cedar Rd, Los Angeles, OH 32491"
William E. Jones,william.jones28@mailservice.com,"6744 Oak Dr, Houston, FL 17364"
John F. Williams,john.williams39@testmail.com,"3607 Sunset Blvd, Los Angeles, NY 47068"
Linda J. Garcia,linda.garcia14@testmail.com,"7566 2nd Ave, Chicago, GA 42801"
Linda I. Brown,linda.brown45@testmail.com,"6856 Oak Dr, Phoenix, TX 82437"
Jane A. Davis,jane.davis79@fakemail.net,"120 Sunset Blvd, Chicago, FL 54991"
Jane  Smith,jane.smith17@example.com,"9958 2nd Ave, Dallas, OH 59875"
William F. Smith,william.smith65@fakemail.net,"5637 Cedar Rd, New York, NY 35913"
Linda C. Martinez,linda.martinez53@fakemail.net,"8522 Sunset Blvd, San Jose, TX 88049"
John F. Williams,john.williams71@myemail.org,"2321 Oak Dr, San Diego, CA 99375"
David E. Johnson,david.johnson39@myemail.org,"607 Willow Ln, San Diego, IL 45870"
Jessica  Davis,jessica.davis28@myemail.org,"6304 Broadway, San Diego, PA 66032"
Robert F. Williams,robert.williams38@myemail.org,"2582 Sunset Blvd, Philadelphia, OH 33605"
Robert E. Miller,robert.miller40@myemail.org,"5369 2nd Ave, San Diego, CA 94993"
John J. Garcia,john.garcia19@fakemail.net,"4842 Oak Dr, Houston, NC 70279"
Linda B. Jones,linda.jones11@fakemail.net,"7866 Elm St, New York, TX 23718"
Michael G. Rodriguez,michael.rodriguez35@testmail.com,"5392 Maple Ave, San Diego, OH 90551"
Michael H. Smith,michael.smith16@testmail.com,"5150 Cedar Rd, San Diego, AZ 75311"
Emily F. Johnson,emily.johnson87@fakemail.net,"3925 Oak Dr, San Jose, FL 85910"
Michael I. Davis,michael.davis72@mailservice.com,"6507 2nd Ave, San Diego, GA 89714"
Linda D. Davis,linda.davis11@myemail.org,"9258 Sunset Blvd, San Diego, PA 14850"
Jane D. Jones,jane.jones19@mailservice.com,"2299 2nd Ave, Phoenix, CA 56267"
Michael I. Davis,michael.davis57@mailservice.com,"8997 Willow Ln, Houston, AZ 38631"
Sarah J. Rodriguez,sarah.rodriguez82@testmail.com,"6619 2nd Ave, Houston, AZ 53021"
Robert  Miller,robert.miller68@mailservice.com,"7957 Cedar Rd, San Antonio, NC 24430"
Robert F. Davis,robert.davis57@example.com,"2064 Broadway, San Diego, OH 33189"
David D. Miller,david.miller99@mailservice.com,"5013 Main St, San Antonio, TX 77059"
William D. Brown,william.brown94@myemail.org,"4955 Sunset Blvd, Houston, CA 32097"
Sarah A. Miller,sarah.miller79@mailservice.com,"4266 Oak Dr, Phoenix, NC 96465"
Jane D. Davis,jane.davis59@fakemail.net,"8612 Elm St, Philadelphia, CA 63529"
Jessica  Jones,jessica.jones93@mailservice.com,"9091 Oak Dr, Houston, FL 17116"
William B. Johnson,william.johnson34@fakemail.net,"1137 2nd Ave, San Antonio, IL 78042"
Robert E. Jones,robert.jones53@example.com,"2874 Willow Ln, Houston, AZ 53949"
Robert I. Garcia,robert.garcia45@testmail.com,"1831 Main St, Houston, GA 59016"
Linda  Davis,linda.davis70@example.com,"1636 Oak Dr, Dallas, CA 21489"
Michael C. Jones,michael.jones26@myemail.org,"8540 Sunset Blvd, Phoenix, NY 68645"
Jessica I. Martinez,jessica.martinez36@testmail.com,"4256 Maple Ave, Dallas, GA 29809"
Emily  Miller,emily.miller91@myemail.org,"4356 Broadway, Houston, OH 90067"
David B. Jones,david.jones47@fakemail.net,"2298 Broadway, San Antonio, OH 48493"
David D. Williams,david.williams80@mailservice.com,"2254 Willow Ln, San Jose, TX 27802"
Jane E. Jones,jane.jones55@testmail.com,"6050 Sunset Blvd, Phoenix, FL 73986"
John I. Brown,john.brown21@myemail.org,"8338 Elm St, Chicago, GA 11744"
John H. Williams,john.williams36@testmail.com,"4863 Pine St, San Jose, CA 73998"
Michael  Garcia,michael.garcia51@example.com,"1888 Oak Dr, San Diego, NY 14947"
Sarah F. Garcia,sarah.garcia73@testmail.com,"2080 Sunset Blvd, Phoenix, NC 63505"
Jessica  Smith,jessica.smith29@example.com,"2966 Main St, Chicago, AZ 71905"
David B. Davis,david.davis34@example.com,"996 Sunset Blvd, Phoenix, NC 34259"
Linda C. Smith,linda.smith51@testmail.com,"1828 Elm St, San Jose, CA 57397"
Linda D. Williams,linda.williams32@example.com,"9807 Oak Dr, Chicago, AZ 28799"
Emily E. Johnson,emily.johnson39@testmail.com,"3387 Broadway, New York, OH 45981"
Jessica  Smith,jessica.smith11@myemail.org,"5093 2nd Ave, Los Angeles, AZ 14476"
David D. Johnson,david.johnson48@mailservice.com,"7756 Main St, Los Angeles, NY 45191"
Jessica D. Rodriguez,jessica.rodriguez44@myemail.org,"140 Elm St, New York, NY 65220"
William J. Brown,william.brown89@testmail.com,"5866 Willow Ln, San Jose, IL 34865"
Sarah D. Martinez,sarah.martinez82@testmail.com,"8949 Main St, San Jose, NC 21933"
Linda  Johnson,linda.johnson53@myemail.org,"5844 Broadway, San Jose, TX 96848"
William D. Smith,william.smith76@fakemail.net,"5065 Sunset Blvd, Chicago, PA 93435"
Robert A. Brown,robert.brown44@mailservice.com,"3926 Pine St, Philadelphia, CA 93994"
Jane B. Johnson,jane.johnson31@myemail.org,"6128 Main St, San Diego, TX 43838"
Robert I. Davis,robert.davis22@fakemail.net,"2472 Main St, Houston, PA 47624"
Emily D. Jones,emily.jones63@testmail.com,"1783 Willow Ln, San Diego, NY 40895"
Emily B. Miller,emily.miller86@testmail.com,"2455 Willow Ln, San Antonio, PA 76510"
Michael F. Davis,michael.davis96@myemail.org,"6960 Cedar Rd, San Diego, CA 36442"
Robert B. Garcia,robert.garcia19@fakemail.net,"1135 Elm St, Phoenix, OH 54934"
Robert D. Smith,robert.smith35@mailservice.com,"6606 Willow Ln, New York, NC 97319"
Linda F. Jones,linda.jones79@example.com,"9082 Broadway, Houston, NC 63084"
Linda I. Martinez,linda.martinez26@testmail.com,"9792 Broadway, Phoenix, OH 78771"
Linda G. Jones,linda.jones62@example.com,"9096 Cedar Rd, San Diego, GA 60571"
Linda H. Garcia,linda.garcia57@testmail.com,"5113 Broadway, San Jose, GA 68693"
Sarah I. Smith,sarah.smith54@example.com,"2269 2nd Ave, Los Angeles, FL 84344"
David I. Davis,david.davis42@testmail.com,"8370 Sunset Blvd, Chicago, NC 32204"
Emily H. Jones,emily.jones70@testmail.com,"6931 Main St, San Antonio, GA 41248"
Jane B. Brown,jane.brown37@fakemail.net,"3261 Cedar Rd, Houston, OH 63521"
Linda J. Garcia,linda.garcia49@myemail.org,"219 Broadway, Chicago, PA 67334"
Jessica  Garcia,jessica.garcia21@testmail.com,"6272 Willow Ln, New York, FL 36688"
David B. Miller,david.miller69@fakemail.net,"3475 Oak Dr, Chicago, GA 63591"
Sarah G. Brown,sarah.brown92@testmail.com,"7440 Maple Ave, New York, GA 24347"
Emily G. Martinez,emily.martinez38@mailservice.com,"8622 Elm St, Houston, OH 53343"
David J. Rodriguez,david.rodriguez31@fakemail.net,"6850 Cedar Rd, San Diego, NC 30347"
Jane I. Rodriguez,jane.rodriguez21@myemail.org,"2745 Broadway, Los Angeles, IL 60470"
Linda F. Garcia,linda.garcia45@fakemail.net,"5067 Pine St, San Antonio, IL 97167"
Michael B. Martinez,michael.martinez67@example.com,"9553 Main St, Dallas, AZ 32248"
Linda G. Brown,linda.brown40@fakemail.net,"7833 Willow Ln, Dallas, TX 95124"
William A. Martinez,william.martinez28@example.com,"8827 Willow Ln, New York, NY 27414"
Robert I. Davis,robert.davis34@fakemail.net,"9978 Willow Ln, Chicago, FL 53664"
Emily A. Jones,emily.jones14@example.com,"2820 Oak Dr, Houston, FL 73026"
John F. Johnson,john.johnson91@example.com,"4000 Willow Ln, Houston, TX 93547"
Linda J. Davis,linda.davis60@myemail.org,"7523 Elm St, Houston, IL 93241"
Jessica C. Rodriguez,jessica.rodriguez12@fakemail.net,"5784 Elm St, Chicago, CA 86951"
Jessica B. Miller,jessica.miller78@testmail.com,"7538 Cedar Rd, New York, NC 84969"
John F. Miller,john.miller27@myemail.org,"167 2nd Ave, San Diego, FL 74502"
Jessica H. Martinez,jessica.martinez42@myemail.org,"2196 Willow Ln, Houston, FL 12056"
Linda  Jones,linda.jones73@testmail.com,"7325 Oak Dr, Los Angeles, GA 26765"
Linda D. Williams,linda.williams85@fakemail.net,"8972 Cedar Rd, Phoenix, FL 31893"
Linda D. Martinez,linda.martinez66@mailservice.com,"4674 Pine St, Houston, CA 53286"
Robert F. Martinez,robert.martinez25@myemail.org,"3637 2nd Ave, New York, NY 18192"
Jane F. Jones,jane.jones29@fakemail.net,"6376 Maple Ave, San Jose, PA 33238"
Michael I. Williams,michael.williams95@mailservice.com,"8112 Sunset Blvd, San Antonio, NC 29719"
Robert A. Smith,robert.smith48@mailservice.com,"1142 Sunset Blvd, Houston, TX 64410"
Jane A. Williams,jane.williams84@example.com,"9133 Broadway, Los Angeles, CA 21193"
Emily G. Martinez,emily.martinez59@example.com,"7867 Sunset Blvd, Chicago, CA 75432"
Jane B. Johnson,jane.johnson66@fakemail.net,"7440 2nd Ave, New York, TX 46855"
Michael F. Williams,michael.williams61@mailservice.com,"9012 Willow Ln, Philadelphia, GA 42822"
William D. Jones,william.jones12@mailservice.com,"2099 Main St, Chicago, FL 47809"
Linda J. Brown,linda.brown56@mailservice.com,"8755 Willow Ln, Phoenix, IL 81539"
Sarah H. Johnson,sarah.johnson41@example.com,"7421 Elm St, Houston, IL 24694"
Jane B. Rodriguez,jane.rodriguez61@example.com,"8981 Main St, Los Angeles, IL 82828"
Michael F. Davis,michael.davis16@example.com,"3015 Maple Ave, San Antonio, IL 86182"
Robert I. Miller,robert.miller73@example.com,"6686 Main St, Dallas, NC 98706"
Linda D. Jones,linda.jones27@fakemail.net,"798 Maple Ave, San Diego, FL 60524"
Michael D. Garcia,michael.garcia96@fakemail.net,"8114 Sunset Blvd, San Jose, NY 52130"
John E. Rodriguez,john.rodriguez16@example.com,"6686 Pine St, Phoenix, IL 45699"
David G. Garcia,david.garcia24@myemail.org,"7691 Sunset Blvd, Chicago, TX 97023"
William E. Martinez,william.martinez93@testmail.com,"5572 Elm St, New York, TX 40458"
Michael H. Davis,michael.davis19@myemail.org,"6402 Main St, Philadelphia, AZ 19628"
John D. Davis,john.davis76@myemail.org,"9336 Elm St, Los Angeles, IL 91914"
Linda B. Smith,linda.smith78@myemail.org,"8381 Sunset Blvd, Phoenix, PA 24817"
Jane C. Martinez,jane.martinez44@fakemail.net,"5003 2nd Ave, Philadelphia, NY 19188"
David D. Davis,david.davis29@fakemail.net,"5379 Maple Ave, San Jose, IL 64606"
Linda H. Williams,linda.williams12@example.com,"3064 Broadway, Chicago, CA 20064"
Michael D. Brown,michael.brown30@fakemail.net,"5873 Main St, Los Angeles, FL 52496"
Robert J. Brown,robert.brown56@mailservice.com,"7700 Elm St, Chicago, IL 13150"
David  Jones,david.jones42@mailservice.com,"4156 2nd Ave, Houston, PA 41584"
William B. Davis,william.davis15@mailservice.com,"2251 Broadway, San Antonio, NC 25688"
John J. Smith,john.smith28@testmail.com,"5834 Main St, San Diego, IL 33602"
Robert B. Johnson,robert.johnson35@mailservice.com,"1661 2nd Ave, Houston, TX 13414"
Sarah I. Smith,sarah.smith65@myemail.org,"5599 Cedar Rd, Philadelphia, CA 72450"
Emily E. Smith,emily.smith97@fakemail.net,"5576 Willow Ln, San Antonio, PA 23832"
Robert F. Martinez,robert.martinez21@testmail.com,"9013 Sunset Blvd, Chicago, PA 69741"
Jessica E. Rodriguez,jessica.rodriguez39@testmail.com,"6183 Sunset Blvd, San Antonio, PA 55619"
David G. Brown,david.brown68@myemail.org,"6928 Cedar Rd, San Diego, IL 65232"
Michael H. Smith,michael.smith89@mailservice.com,"4510 Oak Dr, San Diego, PA 69338"
William F. Davis,william.davis75@testmail.com,"5758 Oak Dr, New York, CA 20339"
David  Garcia,david.garcia86@fakemail.net,"6858 Willow Ln, Dallas, AZ 71395"
Michael C. Martinez,michael.martinez43@testmail.com,"810 Maple Ave, Philadelphia, TX 58281"
Sarah B. Jones,sarah.jones13@mailservice.com,"7350 Maple Ave, Philadelphia, TX 96029"
Sarah A. Smith,sarah.smith73@testmail.com,"5863 Oak Dr, Houston, TX 87237"
Emily A. Rodriguez,emily.rodriguez47@fakemail.net,"8963 Main St, Chicago, FL 21277"
Linda A. Rodriguez,linda.rodriguez17@fakemail.net,"9805 Cedar Rd, New York, AZ 91729"
Linda J. Rodriguez,linda.rodriguez41@myemail.org,"4425 Broadway, Phoenix, IL 69975"
Sarah J. Martinez,sarah.martinez15@testmail.com,"6698 Elm St, San Antonio, AZ 83539"
Emily B. Williams,emily.williams23@testmail.com,"4935 2nd Ave, Los Angeles, CA 85769"
Michael  Williams,michael.williams19@myemail.org,"3971 Sunset Blvd, San Antonio, GA 71825"
Sarah A. Garcia,sarah.garcia61@mailservice.com,"756 Elm St, New York, NY 59524"
Linda B. Miller,linda.miller60@mailservice.com,"6955 2nd Ave, Los Angeles, PA 12826"
Emily I. Brown,emily.brown86@mailservice.com,"9649 Willow Ln, San Jose, TX 90537"
Emily A. Williams,emily.williams97@mailservice.com,"6719 Maple Ave, Houston, AZ 73662"
Robert D. Garcia,robert.garcia86@mailservice.com,"6149 Oak Dr, San Diego, AZ 92445"
William F. Johnson,william.johnson15@mailservice.com,"9159 Oak Dr, Phoenix, NC 54934"
John J. Johnson,john.johnson96@testmail.com,"2258 Elm St, San Antonio, IL 55500"
Robert G. Smith,robert.smith59@example.com,"2954 Broadway, Houston, CA 59204"
Robert C. Davis,robert.davis91@example.com,"1500 Pine St, Dallas, FL 62445"
William A. Rodriguez,william.rodriguez46@myemail.org,"2121 Broadway, Dallas, CA 13619"
Robert C. Smith,robert.smith28@example.com,"6980 Sunset Blvd, Chicago, NY 16244"
Jane J. Brown,jane.brown10@mailservice.com,"9640 2nd Ave, San Jose, NY 90913"
John F. Miller,john.miller23@mailservice.com,"7697 Broadway, San Diego, OH 85706"
David F. Rodriguez,david.rodriguez73@example.com,"9995 Oak Dr, San Jose, AZ 98520"
John F. Martinez,john.martinez85@testmail.com,"9008 Maple Ave, San Jose, AZ 82489"
Sarah E. Johnson,sarah.johnson82@myemail.org,"4158 Elm St, Phoenix, NC 34224"
Jessica E. Jones,jessica.jones37@mailservice.com,"1659 Broadway, San Antonio, CA 44010"
Robert C. Rodriguez,robert.rodriguez99@myemail.org,"6219 Main St, Los Angeles, CA 27121"
Emily I. Davis,emily.davis67@example.com,"8956 Pine St, San Jose, OH 52207"
Jane I. Rodriguez,jane.rodriguez52@example.com,"1623 Maple Ave, San Antonio, CA 38796"
Robert  Johnson,robert.johnson90@mailservice.com,"2088 2nd Ave, Philadelphia, IL 87079"
David A. Martinez,david.martinez63@fakemail.net,"3618 Pine St, Phoenix, PA 26826"
Jessica B. Rodriguez,jessica.rodriguez88@fakemail.net,"3690 Elm St, Phoenix, NC 79586"
Jessica C. Jones,jessica.jones90@testmail.com,"7348 Cedar Rd, San Diego, CA 95330"
Sarah C. Rodriguez,sarah.rodriguez10@fakemail.net,"5712 Cedar Rd, San Diego, AZ 35503"
Emily G. Martinez,emily.martinez81@example.com,"638 2nd Ave, Philadelphia, OH 97451"
William A. Brown,william.brown66@myemail.org,"1116 Pine St, Houston, GA 81907"
Robert E. Davis,robert.davis59@fakemail.net,"7135 Pine St, San Jose, GA 64715"
Michael J. Williams,michael.williams19@fakemail.net,"1907 Oak Dr, New York, TX 90074"
Michael  Smith,michael.smith72@fakemail.net,"9250 Sunset Blvd, Dallas, CA 97518"
Michael G. Garcia,michael.garcia12@example.com,"8018 Oak Dr, San Diego, TX 63153"
Jane  Smith,jane.smith72@fakemail.net,"4255 Maple Ave, San Antonio, GA 37332"
Sarah  Smith,sarah.smith39@fakemail.net,"6704 Main St, Los Angeles, FL 71129"
John G. Martinez,john.martinez68@example.com,"494 Oak Dr, Houston, GA 66222"
Sarah D. Johnson,sarah.johnson26@mailservice.com,"3950 Pine St, San Jose, TX 64720"
William I. Miller,william.miller86@myemail.org,"2970 Main St, Philadelphia, PA 81041"
David D. Williams,david.williams32@myemail.org,"5629 Main St, Phoenix, GA 63587"
Linda H. Martinez,linda.martinez28@mailservice.com,"2684 Elm St, Houston, IL 10275"
John H. Brown,john.brown82@fakemail.net,"5016 Main St, Phoenix, CA 59661"
David C. Jones,david.jones62@testmail.com,"9985 Sunset Blvd, Dallas, FL 33637"
Emily J. Jones,emily.jones49@mailservice.com,"4658 Broadway, San Antonio, NC 93808"
Jessica C. Garcia,jessica.garcia99@mailservice.com,"1352 Cedar Rd, Philadelphia, CA 52918"
Linda J. Jones,linda.jones65@testmail.com,"8421 Sunset Blvd, Phoenix, PA 58482"
Jane H. Garcia,jane.garcia88@myemail.org,"8074 Broadway, Chicago, OH 41965"
Jessica H. Rodriguez,jessica.rodriguez95@example.com,"8247 Pine St, Los Angeles, CA 60233"
Sarah B. Miller,sarah.miller76@example.com,"677 2nd Ave, Dallas, PA 10182"
Robert J. Martinez,robert.martinez11@mailservice.com,"927 Main St, New York, TX 59497"
Robert B. Rodriguez,robert.rodriguez11@mailservice.com,"2685 Cedar Rd, Houston, NY 82940"
David E. Davis,david.davis12@myemail.org,"8483 Elm St, Houston, PA 20656"
Linda G. Miller,linda.miller61@testmail.com,"2211 Maple Ave, Philadelphia, PA 79714"
Jessica D. Jones,jessica.jones32@mailservice.com,"760 Broadway, San Antonio, PA 82985"
David C. Miller,david.miller10@mailservice.com,"239 Main St, New York, OH 86109"
John  Smith,john.smith52@testmail.com,"1429 Maple Ave, Philadelphia, NC 63220"
William A. Martinez,william.martinez44@myemail.org,"3649 Sunset Blvd, Houston, FL 93250"
Sarah E. Johnson,sarah.johnson40@example.com,"7928 Willow Ln, New York, PA 25666"
Robert A. Garcia,robert.garcia28@fakemail.net,"3644 Pine St, San Jose, NC 90310"
Jessica C. Brown,jessica.brown43@example.com,"156 Pine St, San Antonio, TX 41221"
David C. Rodriguez,david.rodriguez25@example.com,"1638 Elm St, Houston, NY 74440"
Jessica G. Williams,jessica.williams33@myemail.org,"6195 Broadway, San Jose, AZ 37232"
Jane B. Garcia,jane.garcia34@testmail.com,"7026 Pine St, Phoenix, TX 60831"
William A. Rodriguez,william.rodriguez36@testmail.com,"1973 Sunset Blvd, Los Angeles, OH 23544"
Emily G. Davis,emily.davis66@testmail.com,"1378 Elm St, San Jose, TX 68465"
Jane A. Williams,jane.williams58@testmail.com,"9218 2nd Ave, Los Angeles, NC 69499"
Jessica C. Jones,jessica.jones87@example.com,"7011 Cedar Rd, New York, IL 22848"
Robert E. Garcia,robert.garcia60@fakemail.net,"6898 Broadway, Houston, NY 73033"
Linda J. Jones,linda.jones30@mailservice.com,"5201 Willow Ln, San Diego, TX 80066"
David G. Martinez,david.martinez25@testmail.com,"2945 Elm St, San Diego, PA 91893"
Emily F. Miller,emily.miller85@fakemail.net,"3864 Willow Ln, Los Angeles, AZ 64620"
William H. Brown,william.brown30@testmail.com,"5867 Main St, Phoenix, NC 43091"
Robert G. Brown,robert.brown37@fakemail.net,"1375 Willow Ln, Houston, PA 47770"
David A. Brown,david.brown96@mailservice.com,"5308 Main St, Los Angeles, NC 85164"
Emily F. Davis,emily.davis88@mailservice.com,"331 Pine St, Houston, NY 86423"
Sarah F. Jones,sarah.jones29@testmail.com,"6931 Main St, New York, FL 55742"
John H. Smith,john.smith96@testmail.com,"140 Main St, San Antonio, OH 61561"
Linda B. Miller,linda.miller30@fakemail.net,"1876 Main St, Phoenix, CA 82287"
Linda B. Johnson,linda.johnson55@testmail.com,"9372 Elm St, Los Angeles, TX 72860"
Jane A. Williams,jane.williams29@example.com,"7793 Maple Ave, Los Angeles, CA 68109"
David  Jones,david.jones70@example.com,"8470 Main St, San Jose, TX 11622"
Michael  Williams,michael.williams53@mailservice.com,"661 Cedar Rd, San Diego, PA 50658"
Emily D. Garcia,emily.garcia56@mailservice.com,"4192 Maple Ave, Phoenix, NY 47740"
Robert C. Johnson,robert.johnson61@fakemail.net,"8440 Broadway, Dallas, PA 61820"
Jane F. Garcia,jane.garcia73@mailservice.com,"7928 Cedar Rd, Phoenix, TX 56379"
Sarah J. Smith,sarah.smith62@testmail.com,"9754 Willow Ln, Philadelphia, NY 12546"
Jane I. Johnson,jane.johnson92@mailservice.com,"222 Willow Ln, Phoenix, OH 80317"
William A. Rodriguez,william.rodriguez37@example.com,"2945 Cedar Rd, Phoenix, TX 75698"
William  Garcia,william.garcia26@myemail.org,"2461 Pine St, Los Angeles, IL 13227"
Jane  Smith,jane.smith51@fakemail.net,"1840 Sunset Blvd, San Antonio, TX 12455"
Michael A. Williams,michael.williams69@example.com,"1779 Sunset Blvd, New York, CA 15932"
Sarah D. Williams,sarah.williams59@myemail.org,"3937 Sunset Blvd, San Antonio, CA 53499"
Robert E. Garcia,robert.garcia85@fakemail.net,"678 Maple Ave, Phoenix, FL 95053"
Sarah D. Garcia,sarah.garcia24@mailservice.com,"8625 Maple Ave, Chicago, NY 95263"
Sarah G. Miller,sarah.miller47@example.com,"6962 2nd Ave, Philadelphia, NY 31554"
Linda  Garcia,linda.garcia53@testmail.com,"6697 Willow Ln, Chicago, PA 10187"
Jessica I. Brown,jessica.brown82@example.com,"2792 Sunset Blvd, Chicago, FL 78943"
Michael C. Miller,michael.miller26@testmail.com,"1680 2nd Ave, San Diego, NY 35516"
John E. Davis,john.davis50@mailservice.com,"1937 Sunset Blvd, San Diego, OH 38933"
Jessica B. Brown,jessica.brown31@mailservice.com,"9132 Pine St, Houston, PA 74526"
Emily C. Johnson,emily.johnson90@fakemail.net,"5253 2nd Ave, Dallas, CA 13329"
David H. Smith,david.smith17@fakemail.net,"2071 Main St, San Diego, NC 86978"
Robert J. Garcia,robert.garcia17@testmail.com,"3027 Pine St, San Diego, PA 51750"
Jane  Miller,jane.miller64@fakemail.net,"2434 Sunset Blvd, Philadelphia, NC 80360"
John A. Williams,john.williams67@fakemail.net,"2500 Maple Ave, Houston, NY 55523"
Sarah A. Martinez,sarah.martinez51@example.com,"3777 Main St, Philadelphia, PA 63692"
William I. Smith,william.smith25@example.com,"4083 Cedar Rd, Chicago, NY 10656"
Michael E. Williams,michael.williams90@testmail.com,"3359 Willow Ln, Los Angeles, CA 65781"
Sarah D. Martinez,sarah.martinez87@example.com,"9648 Main St, Phoenix, CA 48869"
Linda  Davis,linda.davis52@testmail.com,"9706 Sunset Blvd, New York, GA 60744"
David C. Johnson,david.johnson59@mailservice.com,"5306 Pine St, San Diego, GA 29211"
William F. Jones,william.jones31@example.com,"9923 Cedar Rd, Dallas, AZ 97101"
Linda E. Brown,linda.brown91@example.com,"2036 Cedar Rd, Philadelphia, CA 18943"
Linda F. Martinez,linda.martinez19@fakemail.net,"1355 Pine St, Dallas, OH 21193"
John E. Williams,john.williams36@example.com,"6472 Sunset Blvd, Philadelphia, GA 79517"
William F. Garcia,william.garcia24@mailservice.com,"7469 Elm St, San Jose, FL 25332"
Sarah C. Johnson,sarah.johnson60@example.com,"7403 Sunset Blvd, San Jose, PA 94054"
Jessica G. Smith,jessica.smith48@myemail.org,"6932 2nd Ave, New York, GA 62099"
Jane B. Garcia,jane.garcia84@mailservice.com,"9889 Maple Ave, New York, CA 54796"
Robert A. Davis,robert.davis47@fakemail.net,"3256 Sunset Blvd, Philadelphia, FL 14584"
Linda I. Garcia,linda.garcia99@testmail.com,"6811 2nd Ave, Philadelphia, CA 25812"
Linda G. Miller,linda.miller47@example.com,"2592 Main St, San Diego, OH 62662"
Emily D. Jones,emily.jones62@fakemail.net,"9838 Sunset Blvd, Chicago, CA 78037"
Robert H. Garcia,robert.garcia90@example.com,"5799 Pine St, New York, IL 86953"
Robert I. Jones,robert.jones21@fakemail.net,"3012 Main St, Philadelphia, FL 44532"
Linda J. Jones,linda.jones49@testmail.com,"6334 Oak Dr, Los Angeles, NY 55221"
Michael G. Jones,michael.jones45@fakemail.net,"3552 Cedar Rd, Dallas, TX 26585"
David  Rodriguez,david.rodriguez28@myemail.org,"4634 Broadway, Houston, NC 72095"
David E. Johnson,david.johnson82@example.com,"7757 Maple Ave, San Diego, IL 14598"
David F. Smith,david.smith34@example.com,"3653 Willow Ln, San Diego, GA 96097"
Jane H. Brown,jane.brown70@example.com,"1295 Willow Ln, San Antonio, IL 95263"
Robert G. Martinez,robert.martinez98@mailservice.com,"5879 Sunset Blvd, San Antonio, IL 96572"
Linda A. Johnson,linda.johnson18@example.com,"6132 Sunset Blvd, Philadelphia, FL 15641"
Linda G. Martinez,linda.martinez80@fakemail.net,"3999 Sunset Blvd, Philadelphia, AZ 94440"
Emily E. Brown,emily.brown40@example.com,"9977 Elm St, New York, AZ 40802"
Sarah A. Miller,sarah.miller84@testmail.com,"9397 Broadway, San Jose, PA 58511"
John A. Davis,john.davis56@myemail.org,"8389 Sunset Blvd, Philadelphia, OH 72927"
John C. Brown,john.brown92@mailservice.com,"9708 Sunset Blvd, San Antonio, GA 54405"
John F. Johnson,john.johnson33@mailservice.com,"2001 Willow Ln, Houston, OH 51870"
Jane  Brown,jane.brown22@mailservice.com,"8298 Pine St, New York, NC 22469"
Linda F. Martinez,linda.martinez77@fakemail.net,"5247 2nd Ave, Dallas, TX 84935"
John G. Davis,john.davis29@fakemail.net,"8327 Oak Dr, Philadelphia, IL 71032"
Emily C. Garcia,emily.garcia63@fakemail.net,"609 2nd Ave, San Jose, FL 26892"
Robert A. Garcia,robert.garcia55@example.com,"5525 Sunset Blvd, Los Angeles, FL 21165"
Emily  Jones,emily.jones87@mailservice.com,"5329 Main St, San Diego, IL 38692"
John H. Davis,john.davis95@example.com,"6506 Broadway, Houston, NC 15658"
Linda H. Rodriguez,linda.rodriguez33@example.com,"851 Cedar Rd, New York, TX 20571"
Jane H. Rodriguez,jane.rodriguez52@fakemail.net,"3500 Sunset Blvd, Houston, GA 83906"
John D. Davis,john.davis79@example.com,"142 Oak Dr, Chicago, AZ 98396"
Linda E. Smith,linda.smith44@mailservice.com,"3368 Oak Dr, San Diego, AZ 26691"
David  Martinez,david.martinez33@testmail.com,"6513 Sunset Blvd, Phoenix, TX 90801"
Linda C. Smith,linda.smith86@mailservice.com,"7898 Sunset Blvd, San Jose, FL 50794"
Sarah B. Miller,sarah.miller16@example.com,"4551 Pine St, Dallas, NY 86897"
John H. Garcia,john.garcia98@myemail.org,"6407 Pine St, San Antonio, PA 44905"
Emily G. Martinez,emily.martinez30@mailservice.com,"8643 Elm St, San Antonio, NC 70592"
Sarah D. Martinez,sarah.martinez18@fakemail.net,"7661 Main St, Los Angeles, CA 82850"
Robert J. Garcia,robert.garcia10@myemail.org,"3684 2nd Ave, Los Angeles, PA 12157"
Emily J. Johnson,emily.johnson40@example.com,"5679 Pine St, Philadelphia, OH 26368"
Jessica  Davis,jessica.davis93@myemail.org,"6710 2nd Ave, San Antonio, NC 64437"
Robert C. Rodriguez,robert.rodriguez85@mailservice.com,"5824 Maple Ave, San Jose, CA 40024"
Sarah A. Miller,sarah.miller75@testmail.com,"5024 Oak Dr, Los Angeles, IL 87611"
Robert  Williams,robert.williams31@myemail.org,"7186 Cedar Rd, San Antonio, IL 13320"
Emily  Williams,emily.williams59@fakemail.net,"2204 Maple Ave, Chicago, NC 98685"
Michael J. Miller,michael.miller61@fakemail.net,"7909 Sunset Blvd, San Antonio, TX 98881"
Robert F. Williams,robert.williams48@fakemail.net,"9103 Broadway, San Antonio, NY 55969"
Sarah  Martinez,sarah.martinez34@example.com,"3357 Maple Ave, San Antonio, FL 45339"
Robert I. Smith,robert.smith25@testmail.com,"6665 Elm St, Philadelphia, IL 45336"
Jane E. Brown,jane.brown18@example.com,"7475 Cedar Rd, Houston, NY 28516"
Michael B. Davis,michael.davis61@example.com,"8033 Elm St, San Diego, AZ 99910"
Robert I. Rodriguez,robert.rodriguez84@fakemail.net,"4021 Oak Dr, San Antonio, IL 70161"
Sarah E. Brown,sarah.brown68@mailservice.com,"7142 Main St, San Diego, IL 33389"
David I. Garcia,david.garcia74@fakemail.net,"3276 Sunset Blvd, Dallas, OH 75892"
Jessica E. Smith,jessica.smith71@mailservice.com,"961 Pine St, San Diego, CA 79904"
Robert G. Johnson,robert.johnson51@testmail.com,"1967 Cedar Rd, Philadelphia, FL 86434"
Michael I. Johnson,michael.johnson84@fakemail.net,"9170 2nd Ave, Phoenix, FL 51902"
David C. Miller,david.miller77@testmail.com,"6807 Maple Ave, Houston, PA 78468"
William A. Jones,william.jones23@fakemail.net,"8278 Oak Dr, Houston, IL 94993"
Linda B. Williams,linda.williams27@myemail.org,"7061 Sunset Blvd, San Diego, OH 78750"
Jane H. Miller,jane.miller26@myemail.org,"8280 Maple Ave, Los Angeles, NY 98321"
Emily G. Johnson,emily.johnson58@fakemail.net,"9169 Elm St, Houston, CA 80922"
Jessica  Rodriguez,jessica.rodriguez72@mailservice.com,"8780 Pine St, Phoenix, AZ 77220"
John A. Garcia,john.garcia17@myemail.org,"8847 Broadway, Chicago, NC 71324"
Emily E. Miller,emily.miller53@mailservice.com,"6816 2nd Ave, San Diego, GA 62074"
Sarah F. Miller,sarah.miller43@mailservice.com,"764 Sunset Blvd, Los Angeles, NY 45742"
Jessica C. Martinez,jessica.martinez54@myemail.org,"2917 Broadway, Houston, AZ 85334"
Robert G. Williams,robert.williams58@fakemail.net,"3478 Sunset Blvd, New York, AZ 74522"
John I. Martinez,john.martinez39@mailservice.com,"677 Maple Ave, Los Angeles, FL 63529"
Emily J. Smith,emily.smith49@example.com,"3390 Cedar Rd, Dallas, NC 12353"
Jessica H. Johnson,jessica.johnson15@fakemail.net,"3268 Willow Ln, Chicago, FL 56937"
Emily J. Johnson,emily.johnson68@mailservice.com,"2702 Main St, Los Angeles, FL 50785"
William A. Jones,william.jones64@myemail.org,"5389 Maple Ave, Phoenix, PA 66274"
Emily H. Martinez,emily.martinez51@fakemail.net,"6959 2nd Ave, San Antonio, NC 80744"
Sarah C. Williams,sarah.williams37@testmail.com,"382 Willow Ln, Phoenix, PA 79903"
Linda  Garcia,linda.garcia85@fakemail.net,"3402 Cedar Rd, San Jose, AZ 69625"
Linda E. Garcia,linda.garcia69@myemail.org,"2433 Sunset Blvd, New York, GA 33648"
William H. Jones,william.jones35@testmail.com,"2035 Willow Ln, Chicago, NY 34056"
Jessica A. Williams,jessica.williams69@testmail.com,"3966 Elm St, San Diego, TX 27802"
Robert G. Johnson,robert.johnson78@testmail.com,"941 Sunset Blvd, New York, NY 99429"
Linda H. Smith,linda.smith33@mailservice.com,"7312 Broadway, Dallas, IL 73832"
Sarah F. Johnson,sarah.johnson23@example.com,"2019 2nd Ave, San Diego, NC 68759"
Robert E. Rodriguez,robert.rodriguez95@testmail.com,"2019 Broadway, Los Angeles, IL 71928"
John J. Williams,john.williams69@fakemail.net,"9649 Oak Dr, San Antonio, CA 98813"
Emily E. Brown,emily.brown74@testmail.com,"1795 Willow Ln, Phoenix, IL 56190"
Robert D. Garcia,robert.garcia95@mailservice.com,"3440 Broadway, Los Angeles, TX 83906"
John A. Smith,john.smith10@testmail.com,"8789 2nd Ave, Houston, OH 64347"
Michael J. Davis,michael.davis45@mailservice.com,"6498 Oak Dr, Houston, NY 47941"
David A. Rodriguez,david.rodriguez25@fakemail.net,"5648 Willow Ln, San Diego, PA 11011"
Linda J. Miller,linda.miller18@testmail.com,"2832 Sunset Blvd, San Antonio, CA 83143"
Sarah A. Martinez,sarah.martinez70@example.com,"9777 Elm St, Houston, OH 12823"
Michael A. Brown,michael.brown52@example.com,"1452 Oak Dr, San Diego, TX 29698"
John H. Davis,john.davis85@myemail.org,"3036 Pine St, San Diego, IL 10528"
David F. Rodriguez,david.rodriguez20@mailservice.com,"2590 Pine St, Houston, OH 92393"
William D. Williams,william.williams17@myemail.org,"2116 Sunset Blvd, New York, FL 26092"
Robert C. Martinez,robert.martinez17@mailservice.com,"2501 2nd Ave, San Antonio, PA 62056"
Linda D. Davis,linda.davis38@testmail.com,"3083 Main St, Chicago, GA 35483"
Sarah B. Davis,sarah.davis19@mailservice.com,"9943 Willow Ln, New York, NC 90812"
Emily G. Martinez,emily.martinez77@myemail.org,"6130 Cedar Rd, New York, NC 27077"
David B. Rodriguez,david.rodriguez60@example.com,"6659 Maple Ave, San Diego, CA 77593"
Robert H. Jones,robert.jones44@myemail.org,"9427 Oak Dr, Houston, IL 19163"
Linda D. Jones,linda.jones61@mailservice.com,"9393 Willow Ln, Houston, FL 23567"
Sarah G. Garcia,sarah.garcia71@mailservice.com,"6069 Maple Ave, San Antonio, GA 17141"
Emily G. Martinez,emily.martinez26@testmail.com,"6746 Pine St, San Diego, IL 92736"
John H. Smith,john.smith36@example.com,"1455 Willow Ln, New York, NC 54017"
David B. Jones,david.jones35@mailservice.com,"3863 Oak Dr, Dallas, CA 33148"
Robert J. Rodriguez,robert.rodriguez32@example.com,"4366 Elm St, San Jose, AZ 32681"
Linda C. Miller,linda.miller92@testmail.com,"7745 Maple Ave, Houston, CA 33105"
Linda  Williams,linda.williams54@fakemail.net,"8026 Elm St, Los Angeles, OH 62512"
William B. Jones,william.jones19@example.com,"8653 Sunset Blvd, San Jose, OH 63325"
Linda H. Rodriguez,linda.rodriguez59@fakemail.net,"4812 2nd Ave, Phoenix, NY 94007"
Jessica A. Miller,jessica.miller91@example.com,"5500 Main St, San Antonio, NY 38304"
Jane G. Garcia,jane.garcia61@myemail.org,"934 Main St, Dallas, FL 16752"
Jessica E. Rodriguez,jessica.rodriguez36@fakemail.net,"5925 Willow Ln, New York, FL 24544"
William H. Smith,william.smith34@mailservice.com,"4289 Main St, San Antonio, TX 81902"
William J. Williams,william.williams53@mailservice.com,"6499 Pine St, Dallas, IL 69382"
William C. Brown,william.brown72@myemail.org,"4969 Pine St, Dallas, OH 10106"
David C. Martinez,david.martinez93@fakemail.net,"9082 Pine St, Chicago, PA 19019"
William E. Garcia,william.garcia36@testmail.com,"3554 Maple Ave, Philadelphia, FL 82287"
Robert G. Rodriguez,robert.rodriguez41@mailservice.com,"727 Main St, San Diego, IL 24825"
Sarah I. Davis,sarah.davis55@myemail.org,"7954 Pine St, Los Angeles, CA 19865"
Emily D. Rodriguez,emily.rodriguez96@fakemail.net,"772 Main St, San Jose, NC 30357"
Linda B. Jones,linda.jones55@mailservice.com,"3473 Broadway, Houston, NC 61314"
Robert C. Rodriguez,robert.rodriguez14@example.com,"525 Oak Dr, Phoenix, NC 99685"
William A. Martinez,william.martinez46@mailservice.com,"4902 Elm St, San Jose, PA 60796"
John J. Johnson,john.johnson17@example.com,"5399 Sunset Blvd, Dallas, CA 33689"
John J. Williams,john.williams42@fakemail.net,"6391 Broadway, Houston, IL 21653"
Linda E. Miller,linda.miller56@fakemail.net,"9704 Cedar Rd, San Antonio, FL 23993"
Jane B. Brown,jane.brown34@example.com,"2747 Pine St, New York, AZ 76538"
Robert  Rodriguez,robert.rodriguez30@myemail.org,"4244 Main St, Dallas, AZ 22401"
Emily J. Johnson,emily.johnson75@myemail.org,"7993 Elm St, Phoenix, GA 16022"
Linda F. Williams,linda.williams48@testmail.com,"5938 Oak Dr, Dallas, NY 61166"
John F. Garcia,john.garcia97@testmail.com,"4381 Willow Ln, Phoenix, OH 92258"
Robert A. Garcia,robert.garcia45@fakemail.net,"2622 Willow Ln, Los Angeles, CA 57758"
Michael G. Miller,michael.miller10@example.com,"4317 Sunset Blvd, Chicago, GA 64334"
Sarah  Brown,sarah.brown57@example.com,"4220 Willow Ln, New York, TX 60131"
Emily A. Garcia,emily.garcia19@mailservice.com,"9358 Pine St, Philadelphia, OH 85772"
David B. Jones,david.jones26@myemail.org,"6740 Elm St, San Diego, NY 42538"
Jane H. Smith,jane.smith84@fakemail.net,"1194 Willow Ln, Phoenix, CA 54423"
David H. Jones,david.jones69@mailservice.com,"4091 Maple Ave, Houston, PA 37369"
John C. Smith,john.smith64@testmail.com,"1544 Pine St, Chicago, FL 26142"
Michael H. Smith,michael.smith22@testmail.com,"2559 Cedar Rd, Chicago, AZ 43807"
Jane I. Miller,jane.miller25@fakemail.net,"4290 Willow Ln, Phoenix, NC 99846"
William  Martinez,william.martinez47@example.com,"4803 2nd Ave, New York, NC 91880"
David G. Davis,david.davis82@example.com,"3290 2nd Ave, Chicago, TX 72018"
Linda D. Garcia,linda.garcia53@mailservice.com,"6590 Broadway, Dallas, CA 72745"
Linda I. Rodriguez,linda.rodriguez67@fakemail.net,"4673 Cedar Rd, Philadelphia, TX 33918"
Emily G. Miller,emily.miller28@myemail.org,"8425 Broadway, New York, FL 22397"
Jane J. Brown,jane.brown16@testmail.com,"2337 Elm St, Phoenix, AZ 56267"
William C. Martinez,william.martinez74@testmail.com,"3535 Broadway, San Jose, CA 13273"
William  Miller,william.miller11@example.com,"7127 Maple Ave, Philadelphia, NC 78372"
Linda I. Davis,linda.davis97@myemail.org,"1949 Maple Ave, San Antonio, CA 87830"
John J. Williams,john.williams70@example.com,"3470 Broadway, San Antonio, GA 20090"
John F. Williams,john.williams78@example.com,"765 2nd Ave, Phoenix, NY 95931"
Jessica F. Garcia,jessica.garcia62@mailservice.com,"4824 Maple Ave, Chicago, TX 14947"
John H. Martinez,john.martinez40@testmail.com,"9557 Pine St, San Diego, AZ 40653"
Emily C. Smith,emily.smith99@example.com,"7108 Broadway, Chicago, FL 16481"
Jane I. Davis,jane.davis68@example.com,"587 Broadway, New York, CA 16996"
Robert H. Miller,robert.miller21@myemail.org,"1737 Elm St, Philadelphia, NY 93214"
David D. Jones,david.jones55@fakemail.net,"3490 Maple Ave, San Jose, FL 61138"
William F. Rodriguez,william.rodriguez85@testmail.com,"1065 Oak Dr, Dallas, CA 72686"
Linda I. Williams,linda.williams74@example.com,"4534 Broadway, San Antonio, PA 33238"
Linda F. Miller,linda.miller73@myemail.org,"8169 Main St, Chicago, GA 71317"
Linda G. Smith,linda.smith72@example.com,"7268 Broadway, Los Angeles, GA 73481"
Sarah G. Martinez,sarah.martinez49@testmail.com,"3407 Main St, Dallas, OH 12202"
David C. Williams,david.williams60@example.com,"7397 Pine St, San Diego, CA 99271"
William B. Williams,william.williams65@mailservice.com,"3824 Elm St, Philadelphia, FL 70315"
Jessica C. Smith,jessica.smith98@myemail.org,"4129 Oak Dr, Houston, GA 94103"
David E. Johnson,david.johnson37@testmail.com,"9494 Broadway, San Jose, AZ 26991"
Sarah F. Miller,sarah.miller94@myemail.org,"1006 2nd Ave, Dallas, GA 61829"
David G. Brown,david.brown22@testmail.com,"5249 Sunset Blvd, San Jose, FL 12459"
John F. Smith,john.smith92@fakemail.net,"495 Elm St, Philadelphia, PA 12279"
Michael F. Davis,michael.davis73@example.com,"6857 Sunset Blvd, San Diego, NY 20660"
Emily H. Rodriguez,emily.rodriguez40@myemail.org,"7299 Main St, Chicago, GA 83801"
Jessica D. Brown,jessica.brown90@example.com,"8856 2nd Ave, San Jose, CA 93002"
Emily G. Martinez,emily.martinez88@myemail.org,"4841 Cedar Rd, Phoenix, AZ 63692"
Sarah B. Rodriguez,sarah.rodriguez33@fakemail.net,"9247 Elm St, Los Angeles, FL 64716"
John G. Garcia,john.garcia24@mailservice.com,"4863 Cedar Rd, Los Angeles, NY 51782"
William C. Smith,william.smith10@testmail.com,"6912 Willow Ln, Philadelphia, PA 60930"
Sarah G. Jones,sarah.jones33@fakemail.net,"4560 Sunset Blvd, San Jose, OH 53488"
Jessica F. Miller,jessica.miller81@fakemail.net,"9193 Cedar Rd, Los Angeles, TX 43868"
William  Williams,william.williams36@mailservice.com,"2404 Main St, San Diego, NY 31011"
Jessica C. Miller,jessica.miller21@fakemail.net,"7341 Maple Ave, Philadelphia, NY 10934"
Jane B. Garcia,jane.garcia92@example.com,"4750 Broadway, Los Angeles, TX 12851"
David J. Brown,david.brown39@fakemail.net,"4560 Oak Dr, Chicago, AZ 57022"
Michael E. Williams,michael.williams57@myemail.org,"9676 Elm St, San Jose, GA 50850"
Michael A. Davis,michael.davis67@example.com,"716 Pine St, Los Angeles, TX 92674"
Sarah E. Miller,sarah.miller47@myemail.org,"3116 Main St, Los Angeles, PA 35363"
Emily  Smith,emily.smith19@testmail.com,"1362 Cedar Rd, Phoenix, OH 46963"
David B. Miller,david.miller22@testmail.com,"1785 Oak Dr, Houston, CA 57853"
Robert I. Smith,robert.smith12@mailservice.com,"9440 Cedar Rd, New York, FL 69888"
John E. Davis,john.davis63@mailservice.com,"4834 Cedar Rd, New York, NC 41140"
Jessica B. Smith,jessica.smith27@fakemail.net,"5311 Elm St, New York, PA 25296"
Sarah F. Brown,sarah.brown61@mailservice.com,"2109 Cedar Rd, Houston, PA 18067"
Sarah J. Jones,sarah.jones92@myemail.org,"239 Oak Dr, San Jose, GA 17406"
Jane B. Smith,jane.smith54@example.com,"1038 Broadway, New York, PA 90074"
William B. Garcia,william.garcia75@fakemail.net,"3298 Maple Ave, Phoenix, CA 29835"
William F. Brown,william.brown24@mailservice.com,"2751 Oak Dr, Chicago, NY 24179"
Jessica G. Miller,jessica.miller22@fakemail.net,"7347 Cedar Rd, Houston, PA 53664"
Jessica B. Miller,jessica.miller82@example.com,"5251 Cedar Rd, Dallas, NC 66643"
Robert J. Garcia,robert.garcia69@testmail.com,"955 Oak Dr, New York, NY 21063"
Jessica A. Rodriguez,jessica.rodriguez27@example.com,"2226 Broadway, Phoenix, OH 19190"
Jane B. Garcia,jane.garcia49@myemail.org,"2253 Cedar Rd, San Jose, CA 64640"
Emily H. Johnson,emily.johnson60@mailservice.com,"550 Sunset Blvd, Phoenix, NY 44255"
Robert C. Rodriguez,robert.rodriguez58@example.com,"4016 2nd Ave, New York, FL 38814"
John C. Martinez,john.martinez45@testmail.com,"1666 2nd Ave, New York, PA 58365"
Robert J. Brown,robert.brown42@fakemail.net,"3751 Elm St, Phoenix, AZ 69012"
Jessica B. Garcia,jessica.garcia41@mailservice.com,"2063 Cedar Rd, Dallas, FL 56348"
Jessica G. Smith,jessica.smith69@mailservice.com,"9301 Maple Ave, Chicago, FL 18608"
Sarah F. Garcia,sarah.garcia65@myemail.org,"4447 Maple Ave, New York, FL 93953"
William E. Garcia,william.garcia22@fakemail.net,"8154 Pine St, Chicago, OH 73631"
Sarah  Jones,sarah.jones89@testmail.com,"208 Sunset Blvd, San Jose, FL 46831"
Jessica J. Davis,jessica.davis23@mailservice.com,"5003 2nd Ave, San Jose, CA 33925"
Sarah G. Johnson,sarah.johnson76@fakemail.net,"1571 Maple Ave, San Antonio, CA 42783"
David H. Johnson,david.johnson78@testmail.com,"5792 Main St, Philadelphia, FL 33784"
Michael I. Brown,michael.brown84@testmail.com,"7392 Elm St, New York, NY 90014"
David F. Rodriguez,david.rodriguez13@example.com,"2742 2nd Ave, New York, NC 17141"
John B. Williams,john.williams88@mailservice.com,"9019 Willow Ln, Philadelphia, OH 85950"
Michael  Martinez,michael.martinez96@testmail.com,"6189 Broadway, Chicago, NC 94834"
Jane J. Williams,jane.williams87@myemail.org,"3139 Willow Ln, Houston, TX 89003"
John F. Johnson,john.johnson81@mailservice.com,"6745 Maple Ave, Phoenix, TX 12188"
Emily G. Davis,emily.davis32@example.com,"5609 Pine St, San Diego, OH 24611"
William H. Johnson,william.johnson79@testmail.com,"1151 2nd Ave, New York, TX 64786"
David H. Rodriguez,david.rodriguez64@myemail.org,"979 2nd Ave, New York, FL 45175"
Emily C. Rodriguez,emily.rodriguez79@mailservice.com,"9979 Oak Dr, Philadelphia, OH 28710"
Sarah J. Jones,sarah.jones83@myemail.org,"4105 Oak Dr, Phoenix, IL 48862"
Jessica B. Jones,jessica.jones70@example.com,"9381 Elm St, San Antonio, CA 39035"
William H. Rodriguez,william.rodriguez82@fakemail.net,"8271 Maple Ave, Los Angeles, OH 14598"
Emily C. Williams,emily.williams48@testmail.com,"9344 Pine St, San Antonio, FL 56493"
Michael G. Jones,michael.jones28@mailservice.com,"8338 Willow Ln, San Antonio, CA 62431"
David G. Brown,david.brown70@myemail.org,"3445 Broadway, Phoenix, OH 83061"
William E. Johnson,william.johnson66@example.com,"2280 Broadway, Los Angeles, PA 50863"
Jessica G. Brown,jessica.brown87@example.com,"1392 Broadway, Dallas, PA 87301"
Michael D. Garcia,michael.garcia74@example.com,"7195 Maple Ave, Dallas, FL 61334"
John I. Smith,john.smith59@testmail.com,"4788 Oak Dr, New York, OH 27670"
Jane F. Martinez,jane.martinez76@testmail.com,"4696 Sunset Blvd, San Jose, AZ 35862"
Linda B. Williams,linda.williams12@example.com,"6220 Sunset Blvd, Philadelphia, PA 29941"
Jessica E. Miller,jessica.miller50@mailservice.com,"8331 Willow Ln, Houston, FL 34597"
Sarah  Rodriguez,sarah.rodriguez22@example.com,"5357 Broadway, Los Angeles, TX 88529"
William J. Martinez,william.martinez78@fakemail.net,"8002 Elm St, Houston, GA 25714"
Robert I. Garcia,robert.garcia82@example.com,"5607 Main St, New York, OH 83270"
Jessica B. Davis,jessica.davis84@mailservice.com,"6227 Main St, Philadelphia, TX 59061"
John E. Smith,john.smith35@myemail.org,"4755 Cedar Rd, New York, OH 74072"
Emily D. Williams,emily.williams50@example.com,"1694 Sunset Blvd, Dallas, OH 58839"
Sarah  Williams,sarah.williams42@example.com,"6922 Elm St, New York, AZ 57330"
Robert  Jones,robert.jones78@mailservice.com,"2031 Maple Ave, Los Angeles, NY 15282"
Linda F. Brown,linda.brown37@myemail.org,"4688 Main St, Los Angeles, FL 64087"
Linda B. Smith,linda.smith75@example.com,"5789 Cedar Rd, Los Angeles, OH 10106"
Robert I. Martinez,robert.martinez94@example.com,"6825 Oak Dr, San Jose, CA 37372"
Sarah F. Miller,sarah.miller54@testmail.com,"904 Cedar Rd, Los Angeles, PA 56311"
Jane B. Garcia,jane.garcia68@mailservice.com,"3881 2nd Ave, San Antonio, FL 69009"
Jane C. Smith,jane.smith35@fakemail.net,"9738 Sunset Blvd, Chicago, PA 74206"
Linda F. Garcia,linda.garcia52@mailservice.com,"9515 Maple Ave, Los Angeles, PA 92773"
Emily G. Davis,emily.davis96@mailservice.com,"9379 2nd Ave, Phoenix, IL 24745"
Sarah A. Rodriguez,sarah.rodriguez79@example.com,"4873 Cedar Rd, Los Angeles, TX 20258"
Jane J. Smith,jane.smith21@mailservice.com,"7857 Elm St, San Antonio, TX 22713"
William E. Davis,william.davis60@mailservice.com,"9328 Cedar Rd, New York, OH 38567"
Sarah I. Brown,sarah.brown72@mailservice.com,"3100 Elm St, San Jose, GA 36788"
John B. Martinez,john.martinez80@myemail.org,"5022 Elm St, Phoenix, FL 50928"
John A. Rodriguez,john.rodriguez80@fakemail.net,"4542 Main St, Dallas, AZ 14007"
Jessica D. Williams,jessica.williams95@mailservice.com,"2718 Pine St, Los Angeles, GA 97977"
William I. Garcia,william.garcia70@example.com,"9973 Broadway, Philadelphia, FL 41740"
David F. Rodriguez,david.rodriguez59@mailservice.com,"6030 Oak Dr, Houston, CA 35921"
Emily  Brown,emily.brown36@myemail.org,"119 Pine St, San Diego, NC 49034"
Jessica H. Garcia,jessica.garcia74@fakemail.net,"1596 Maple Ave, Dallas, IL 35102"
Linda G. Miller,linda.miller56@myemail.org,"407 Elm St, Philadelphia, IL 11945"
Michael H. Martinez,michael.martinez74@testmail.com,"5075 2nd Ave, Dallas, CA 66354"
Robert D. Smith,robert.smith67@mailservice.com,"4253 Elm St, Dallas, NY 96465"
Robert I. Martinez,robert.martinez64@mailservice.com,"3878 2nd Ave, Philadelphia, GA 19681"
John  Johnson,john.johnson76@testmail.com,"9245 Oak Dr, New York, NC 65842"
David A. Martinez,david.martinez35@testmail.com,"7729 Pine St, Phoenix, OH 27536"
Emily B. Garcia,emily.garcia11@example.com,"4050 Maple Ave, Philadelphia, FL 23676"
Linda B. Rodriguez,linda.rodriguez77@example.com,"518 Oak Dr, San Antonio, OH 40766"
Jane H. Miller,jane.miller51@myemail.org,"1987 Willow Ln, Chicago, GA 34104"
Jane F. Garcia,jane.garcia67@mailservice.com,"6263 Pine St, Houston, GA 75049"
Robert F. Jones,robert.jones15@example.com,"4654 Sunset Blvd, San Jose, NY 52369"
Michael F. Jones,michael.jones97@mailservice.com,"3808 Pine St, Chicago, GA 22084"
Emily  Jones,emily.jones34@mailservice.com,"1540 Sunset Blvd, San Diego, FL 90947"
Michael C. Williams,michael.williams62@myemail.org,"9191 Sunset Blvd, Dallas, AZ 23341"
Jessica J. Brown,jessica.brown32@example.com,"5221 2nd Ave, Philadelphia, IL 84985"
Jessica E. Miller,jessica.miller49@testmail.com,"6121 Elm St, New York, FL 45788"
Linda C. Martinez,linda.martinez20@myemail.org,"6879 2nd Ave, San Antonio, AZ 92616"
William I. Brown,william.brown68@myemail.org,"1895 Elm St, San Jose, NC 13573"
Emily A. Garcia,emily.garcia98@testmail.com,"5388 Oak Dr, Chicago, FL 58462"
Linda A. Rodriguez,linda.rodriguez74@testmail.com,"9707 Broadway, San Antonio, FL 68466"
Jessica I. Miller,jessica.miller14@example.com,"9419 Pine St, Philadelphia, IL 42958"
Emily C. Martinez,emily.martinez62@fakemail.net,"2342 Sunset Blvd, Phoenix, CA 34144"
William I. Johnson,william.johnson35@myemail.org,"6962 Elm St, San Antonio, CA 31276"
David J. Jones,david.jones90@example.com,"9700 Oak Dr, San Antonio, NY 14847"
Emily H. Davis,emily.davis74@mailservice.com,"8546 Maple Ave, Philadelphia, GA 58153"
Robert E. Martinez,robert.martinez69@fakemail.net,"2283 Maple Ave, Philadelphia, OH 46010"
Michael I. Jones,michael.jones75@myemail.org,"7961 Pine St, New York, OH 80561"
Jessica D. Jones,jessica.jones34@myemail.org,"8864 Oak Dr, San Diego, FL 85717"
Linda  Rodriguez,linda.rodriguez50@mailservice.com,"2804 Cedar Rd, Houston, FL 88448"
Linda H. Rodriguez,linda.rodriguez49@myemail.org,"1996 Main St, Chicago, IL 48636"
Emily H. Williams,emily.williams87@example.com,"894 Willow Ln, San Diego, GA 34333"
William E. Rodriguez,william.rodriguez63@mailservice.com,"5115 Pine St, Chicago, GA 63670"
Linda H. Miller,linda.miller69@testmail.com,"2875 Pine St, San Antonio, NY 70293"
Emily  Johnson,emily.johnson69@testmail.com,"1765 Broadway, Dallas, NC 48338"
Sarah  Rodriguez,sarah.rodriguez29@testmail.com,"7368 2nd Ave, New York, PA 71787"
Robert H. Williams,robert.williams62@myemail.org,"8886 Sunset Blvd, Dallas, PA 42288"
Emily I. Smith,emily.smith18@testmail.com,"2611 Oak Dr, Phoenix, IL 91978"
Jane D. Jones,jane.jones78@example.com,"9741 Main St, New York, CA 54655"
Robert C. Rodriguez,robert.rodriguez91@testmail.com,"5652 Pine St, Philadelphia, AZ 58095"
Emily H. Johnson,emily.johnson66@mailservice.com,"3471 Maple Ave, Houston, NY 28654"
Linda B. Jones,linda.jones12@fakemail.net,"8370 Elm St, Houston, FL 46289"
Linda B. Jones,linda.jones28@mailservice.com,"7081 2nd Ave, San Diego, CA 62074"
Robert I. Johnson,robert.johnson34@mailservice.com,"6673 Maple Ave, New York, OH 45652"
David B. Jones,david.jones38@example.com,"1312 Broadway, Los Angeles, GA 54605"
Sarah G. Rodriguez,sarah.rodriguez12@example.com,"9811 Main St, Houston, GA 24894"
Jessica B. Williams,jessica.williams57@testmail.com,"6027 Willow Ln, San Jose, GA 83219"
John B. Williams,john.williams61@testmail.com,"9683 Willow Ln, Chicago, NC 52298"
Jessica C. Miller,jessica.miller78@myemail.org,"5892 Pine St, Philadelphia, CA 56914"
William I. Davis,william.davis77@example.com,"8290 Cedar Rd, Los Angeles, CA 31710"
Emily F. Jones,emily.jones10@testmail.com,"651 Main St, San Antonio, TX 72142"
Robert C. Garcia,robert.garcia50@myemail.org,"2949 2nd Ave, San Diego, FL 78788"
Jane H. Jones,jane.jones20@mailservice.com,"4686 Sunset Blvd, Phoenix, OH 84514"
John F. Martinez,john.martinez32@fakemail.net,"5518 Pine St, San Diego, CA 34900"
Jane A. Davis,jane.davis77@mailservice.com,"5014 Oak Dr, Los Angeles, GA 23455"
Michael G. Smith,michael.smith83@example.com,"5831 Maple Ave, San Jose, NY 39035"
Jessica J. Davis,jessica.davis19@myemail.org,"4564 Pine St, Houston, IL 90638"
Jessica F. Williams,jessica.williams83@myemail.org,"7430 Broadway, San Diego, CA 76411"
William G. Smith,william.smith10@fakemail.net,"8435 Cedar Rd, Philadelphia, NY 36386"
Emily F. Johnson,emily.johnson36@fakemail.net,"1122 Pine St, New York, OH 75754"
Emily G. Williams,emily.williams66@myemail.org,"4149 Willow Ln, Phoenix, NC 17836"
Robert F. Smith,robert.smith27@example.com,"4207 Main St, Philadelphia, OH 49052"
Emily  Brown,emily.brown41@testmail.com,"6824 Willow Ln, Houston, NY 56913"
Jane D. Davis,jane.davis61@example.com,"9553 Sunset Blvd, San Diego, AZ 88183"
Linda H. Miller,linda.miller26@example.com,"1680 Main St, Philadelphia, OH 84866"
Linda D. Rodriguez,linda.rodriguez56@testmail.com,"2242 Cedar Rd, Dallas, OH 45898"
Emily H. Brown,emily.brown21@myemail.org,"4032 Oak Dr, San Antonio, OH 62103"
Robert A. Martinez,robert.martinez65@myemail.org,"7414 Elm St, Los Angeles, CA 35410"
Robert I. Jones,robert.jones94@myemail.org,"6464 Oak Dr, San Antonio, CA 37024"
Jessica H. Smith,jessica.smith18@testmail.com,"9899 Broadway, Chicago, FL 77438"
John F. Jones,john.jones88@mailservice.com,"624 Pine St, Dallas, OH 14464"
Linda I. Rodriguez,linda.rodriguez51@testmail.com,"9897 Elm St, San Antonio, NC 57207"
David B. Smith,david.smith19@myemail.org,"7419 Sunset Blvd, Philadelphia, FL 17764"
William E. Brown,william.brown63@testmail.com,"1592 Pine St, Chicago, FL 63779"
Emily A. Brown,emily.brown27@myemail.org,"4706 Main St, San Antonio, NY 47434"
Robert C. Jones,robert.jones78@testmail.com,"3358 2nd Ave, San Diego, CA 35426"
Linda E. Davis,linda.davis30@fakemail.net,"6719 Sunset Blvd, Dallas, IL 29247"
Linda J. Rodriguez,linda.rodriguez42@example.com,"6343 Sunset Blvd, Dallas, TX 93206"
David C. Brown,david.brown70@fakemail.net,"7603 Broadway, New York, OH 85881"
Robert J. Smith,robert.smith19@testmail.com,"298 2nd Ave, San Jose, NY 29784"
David D. Williams,david.williams92@mailservice.com,"8747 Broadway, Philadelphia, OH 81421"
Jessica E. Jones,jessica.jones55@myemail.org,"626 Main St, San Jose, GA 80529"
David J. Garcia,david.garcia24@myemail.org,"117 Oak Dr, New York, NY 35353"
Sarah J. Miller,sarah.miller55@myemail.org,"4132 Maple Ave, San Jose, OH 21709"
Jane E. Rodriguez,jane.rodriguez67@testmail.com,"8812 Elm St, Phoenix, AZ 87093"
Emily F. Martinez,emily.martinez11@testmail.com,"3781 Oak Dr, San Jose, IL 51087"
Michael J. Johnson,michael.johnson16@fakemail.net,"4757 Sunset Blvd, Houston, TX 66105"
Robert C. Martinez,robert.martinez23@example.com,"6002 Maple Ave, Phoenix, TX 22402"
Robert I. Johnson,robert.johnson49@mailservice.com,"2682 Maple Ave, San Antonio, AZ 30533"
Jane G. Jones,jane.jones41@fakemail.net,"3806 2nd Ave, San Antonio, NY 22125"
Jane F. Jones,jane.jones10@example.com,"8068 Main St, Philadelphia, TX 68827"
Jane C. Williams,jane.williams94@example.com,"1013 Sunset Blvd, New York, NC 59608"
John B. Jones,john.jones93@fakemail.net,"924 Willow Ln, San Diego, TX 58282"
John  Smith,john.smith95@myemail.org,"241 Oak Dr, Chicago, NY 14484"
Robert I. Rodriguez,robert.rodriguez77@myemail.org,"7583 Maple Ave, San Antonio, OH 94244"
John  Miller,john.miller46@example.com,"524 2nd Ave, San Antonio, AZ 64300"
Robert B. Miller,robert.miller47@fakemail.net,"963 Pine St, Chicago, GA 48829"
David  Johnson,david.johnson84@testmail.com,"8759 Willow Ln, San Antonio, IL 60607"
David I. Smith,david.smith75@mailservice.com,"9741 Broadway, San Jose, PA 77381"
Robert A. Garcia,robert.garcia72@myemail.org,"1304 Oak Dr, San Jose, NC 20157"
Sarah I. Martinez,sarah.martinez59@example.com,"147 Main St, Phoenix, TX 60088"
Emily B. Davis,emily.davis11@mailservice.com,"9576 Elm St, Dallas, GA 71228"
Emily A. Martinez,emily.martinez54@example.com,"6809 Oak Dr, San Jose, OH 55744"
David J. Rodriguez,david.rodriguez30@myemail.org,"5215 Cedar Rd, Philadelphia, NY 64698"
William F. Miller,william.miller20@myemail.org,"9035 Broadway, Phoenix, AZ 32195"
Jane F. Martinez,jane.martinez90@example.com,"3692 Broadway, Phoenix, PA 60948"
John F. Williams,john.williams26@mailservice.com,"8557 Willow Ln, Phoenix, NY 95724"
Robert A. Jones,robert.jones13@fakemail.net,"6774 Pine St, Dallas, GA 12032"
Sarah I. Smith,sarah.smith41@myemail.org,"3581 Willow Ln, Phoenix, OH 49215"
Sarah G. Smith,sarah.smith78@fakemail.net,"3473 Sunset Blvd, Phoenix, GA 89657"
Jessica A. Jones,jessica.jones72@example.com,"2748 Elm St, San Diego, PA 54496"
Emily A. Rodriguez,emily.rodriguez82@myemail.org,"541 Maple Ave, Los Angeles, FL 30791"
John  Jones,john.jones58@example.com,"3774 2nd Ave, Phoenix, IL 48474"
Robert A. Williams,robert.williams72@fakemail.net,"3392 Oak Dr, San Jose, PA 47467"
David J. Miller,david.miller41@mailservice.com,"2461 Willow Ln, Dallas, OH 55889"
Robert E. Martinez,robert.martinez91@testmail.com,"9355 Main St, San Diego, NC 82950"
Jane F. Rodriguez,jane.rodriguez80@mailservice.com,"2033 Cedar Rd, San Antonio, IL 59408"
Jessica A. Martinez,jessica.martinez79@example.com,"5538 Maple Ave, Los Angeles, PA 80433"
Sarah F. Brown,sarah.brown13@fakemail.net,"9543 2nd Ave, Los Angeles, PA 30250"
Jane F. Johnson,jane.johnson48@mailservice.com,"5165 Pine St, San Jose, NC 77142"
William H. Johnson,william.johnson89@testmail.com,"4005 Cedar Rd, New York, FL 14523"
John  Davis,john.davis29@testmail.com,"2322 2nd Ave, San Diego, FL 42326"
Sarah D. Smith,sarah.smith20@myemail.org,"4318 Oak Dr, Philadelphia, CA 69395"
Linda D. Davis,linda.davis18@example.com,"5383 Willow Ln, Chicago, NY 62615"
Emily D. Martinez,emily.martinez43@fakemail.net,"9389 Broadway, San Jose, CA 69150"
Jessica C. Jones,jessica.jones19@testmail.com,"5922 Cedar Rd, New York, OH 47381"
David A. Brown,david.brown88@fakemail.net,"9276 Broadway, Houston, AZ 51223"
Emily B. Martinez,emily.martinez55@testmail.com,"4822 2nd Ave, Phoenix, PA 22902"
William G. Rodriguez,william.rodriguez56@myemail.org,"3833 Oak Dr, Phoenix, NY 45434"
Emily J. Smith,emily.smith93@testmail.com,"5514 Willow Ln, Dallas, IL 30756"
Linda C. Rodriguez,linda.rodriguez64@myemail.org,"9453 Sunset Blvd, San Antonio, NY 44217"
Emily F. Garcia,emily.garcia63@fakemail.net,"9243 Oak Dr, San Antonio, TX 22163"
Linda F. Brown,linda.brown25@mailservice.com,"421 Oak Dr, San Antonio, PA 42354"
William H. Miller,william.miller35@myemail.org,"6369 2nd Ave, Phoenix, IL 27529"
Sarah D. Miller,sarah.miller67@mailservice.com,"181 Main St, San Antonio, IL 77737"
Michael A. Smith,michael.smith74@myemail.org,"157 Maple Ave, San Jose, IL 70828"
Sarah H. Brown,sarah.brown50@example.com,"6877 Pine St, San Jose, AZ 33461"
David I. Miller,david.miller82@testmail.com,"8891 Broadway, Philadelphia, CA 84965"
Robert D. Rodriguez,robert.rodriguez72@fakemail.net,"3709 Cedar Rd, San Antonio, TX 40818"
Sarah D. Martinez,sarah.martinez34@fakemail.net,"4993 Pine St, Phoenix, NY 84995"
William J. Miller,william.miller50@fakemail.net,"3649 Pine St, Phoenix, TX 64512"
William H. Jones,william.jones26@fakemail.net,"726 Oak Dr, San Diego, TX 26295"
David B. Garcia,david.garcia38@myemail.org,"4910 Oak Dr, Chicago, IL 85596"
Jessica  Brown,jessica.brown36@mailservice.com,"1156 Broadway, Chicago, TX 64902"
Jessica J. Martinez,jessica.martinez15@fakemail.net,"2580 2nd Ave, San Diego, OH 68967"
Jessica H. Rodriguez,jessica.rodriguez54@example.com,"4161 Main St, San Jose, AZ 77893"
Michael C. Johnson,michael.johnson54@fakemail.net,"4418 Main St, New York, TX 75382"
Jane I. Garcia,jane.garcia29@myemail.org,"7850 Sunset Blvd, Houston, FL 75222"
Jessica A. Rodriguez,jessica.rodriguez11@fakemail.net,"5282 Pine St, Houston, NC 47809"
Linda  Garcia,linda.garcia88@myemail.org,"7724 Cedar Rd, San Diego, AZ 56834"
Jessica D. Martinez,jessica.martinez57@myemail.org,"8995 2nd Ave, Phoenix, NY 71608"
Linda D. Jones,linda.jones50@example.com,"4248 Sunset Blvd, San Jose, CA 59222"
Michael G. Smith,michael.smith88@mailservice.com,"8595 Oak Dr, Dallas, IL 40565"
Robert D. Garcia,robert.garcia51@fakemail.net,"6825 Maple Ave, Houston, NC 89558"
David H. Johnson,david.johnson13@fakemail.net,"2484 Main St, Chicago, GA 13767"
Linda D. Davis,linda.davis18@testmail.com,"9942 Maple Ave, San Jose, IL 29608"
Jessica A. Brown,jessica.brown86@example.com,"4469 Willow Ln, Dallas, CA 67557"
William I. Williams,william.williams79@myemail.org,"7586 Broadway, San Jose, AZ 92958"
Emily A. Smith,emily.smith69@myemail.org,"7184 Sunset Blvd, New York, TX 82545"
Emily C. Brown,emily.brown88@myemail.org,"1979 Broadway, San Antonio, FL 24457"
Linda F. Williams,linda.williams50@example.com,"4930 Elm St, Chicago, PA 98831"
Robert D. Johnson,robert.johnson14@example.com,"4497 Willow Ln, Los Angeles, TX 93350"
David G. Williams,david.williams96@testmail.com,"9031 Cedar Rd, Phoenix, IL 36228"
Sarah A. Miller,sarah.miller72@fakemail.net,"8777 Willow Ln, Phoenix, IL 63771"
John B. Brown,john.brown10@testmail.com,"2549 Willow Ln, San Antonio, PA 34023"
Jessica D. Jones,jessica.jones70@mailservice.com,"7308 Oak Dr, Phoenix, CA 30759"
John F. Smith,john.smith89@fakemail.net,"7716 Maple Ave, Phoenix, PA 35764"
William I. Jones,william.jones20@testmail.com,"4975 Oak Dr, Phoenix, NC 39145"
Jessica F. Jones,jessica.jones99@myemail.org,"961 Sunset Blvd, Philadelphia, IL 73608"
Sarah B. Martinez,sarah.martinez38@testmail.com,"2443 Cedar Rd, Phoenix, IL 22598"
John F. Garcia,john.garcia31@example.com,"7949 Cedar Rd, Philadelphia, IL 46186"
Emily I. Smith,emily.smith64@testmail.com,"1288 2nd Ave, San Antonio, NC 14643"
Sarah G. Garcia,sarah.garcia99@testmail.com,"7386 Oak Dr, San Diego, CA 97098"
William E. Brown,william.brown20@example.com,"354 Willow Ln, San Jose, FL 10015"
John H. Brown,john.brown26@mailservice.com,"726 Broadway, San Jose, IL 70057"
Robert G. Garcia,robert.garcia12@mailservice.com,"5461 Willow Ln, San Jose, NY 48652"
Sarah D. Brown,sarah.brown22@mailservice.com,"2202 Main St, Chicago, IL 67005"
Sarah D. Martinez,sarah.martinez76@testmail.com,"5951 Maple Ave, New York, PA 93730"
Emily D. Brown,emily.brown10@testmail.com,"9400 2nd Ave, Philadelphia, AZ 17836"
William A. Johnson,william.johnson13@myemail.org,"8853 Oak Dr, New York, NY 99319"
David E. Williams,david.williams22@fakemail.net,"943 Pine St, San Antonio, NC 97649"
Robert B. Martinez,robert.martinez63@testmail.com,"9429 Main St, Philadelphia, NY 84460"
Linda D. Johnson,linda.johnson10@mailservice.com,"1125 Pine St, Philadelphia, GA 34213"
Michael A. Brown,michael.brown53@testmail.com,"7678 Broadway, San Antonio, FL 49232"
Jessica H. Williams,jessica.williams24@fakemail.net,"2019 2nd Ave, San Diego, NY 25730"
Robert H. Martinez,robert.martinez85@mailservice.com,"7981 2nd Ave, San Antonio, CA 12459"
William H. Brown,william.brown99@mailservice.com,"8755 Cedar Rd, Los Angeles, GA 84460"
Sarah  Rodriguez,sarah.rodriguez64@testmail.com,"9695 Main St, San Jose, NY 63689"
Robert B. Williams,robert.williams33@myemail.org,"7732 Maple Ave, Houston, TX 83284"
Emily C. Johnson,emily.johnson14@example.com,"1696 Pine St, Dallas, IL 30783"
William  Rodriguez,william.rodriguez79@testmail.com,"6954 Maple Ave, Chicago, PA 40968"
Sarah D. Smith,sarah.smith91@fakemail.net,"3482 Elm St, Phoenix, GA 92622"
David  Smith,david.smith28@testmail.com,"6553 Pine St, Chicago, TX 39362"
Linda F. Brown,linda.brown29@mailservice.com,"5422 Main St, Phoenix, PA 40561"
Sarah H. Smith,sarah.smith15@testmail.com,"4796 2nd Ave, Los Angeles, GA 61491"
Emily J. Smith,emily.smith34@testmail.com,"6906 Willow Ln, San Antonio, TX 34669"
Emily C. Davis,emily.davis28@myemail.org,"2164 Sunset Blvd, San Jose, IL 16391"
Robert J. Rodriguez,robert.rodriguez98@mailservice.com,"614 Elm St, Chicago, NY 53115"
Linda D. Brown,linda.brown81@fakemail.net,"1905 Pine St, New York, NY 27974"
David  Rodriguez,david.rodriguez81@fakemail.net,"4107 Main St, Dallas, PA 95585"
John  Smith,john.smith70@fakemail.net,"6076 Sunset Blvd, Chicago, TX 81642"
Michael E. Davis,michael.davis38@fakemail.net,"3508 Main St, Phoenix, OH 74049"
Robert A. Brown,robert.brown39@myemail.org,"3390 Pine St, New York, CA 44449"
John G. Williams,john.williams91@example.com,"2119 Cedar Rd, San Antonio, IL 62642"
Robert I. Johnson,robert.johnson46@myemail.org,"6464 Cedar Rd, Los Angeles, AZ 19200"
Sarah B. Davis,sarah.davis90@myemail.org,"4774 Main St, Los Angeles, NC 14425"
Emily H. Jones,emily.jones30@fakemail.net,"5712 Pine St, Los Angeles, OH 94993"
Sarah J. Miller,sarah.miller42@myemail.org,"6793 Sunset Blvd, San Diego, NC 57989"
Linda B. Jones,linda.jones99@testmail.com,"8224 Cedar Rd, San Jose, GA 33201"
John E. Rodriguez,john.rodriguez12@testmail.com,"9723 Cedar Rd, San Antonio, OH 50790"
William D. Davis,william.davis65@myemail.org,"9760 Maple Ave, San Jose, NC 25656"
Jane I. Davis,jane.davis60@example.com,"6831 Elm St, Phoenix, FL 63206"
Robert I. Smith,robert.smith64@myemail.org,"3512 2nd Ave, Los Angeles, PA 77735"
Linda B. Garcia,linda.garcia84@myemail.org,"1568 Elm St, San Diego, NC 41233"
Jessica E. Brown,jessica.brown83@fakemail.net,"911 Broadway, San Diego, PA 90833"
Robert B. Brown,robert.brown28@myemail.org,"5505 Pine St, Los Angeles, AZ 90201"
Emily A. Brown,emily.brown58@example.com,"8608 Sunset Blvd, San Diego, OH 51103"
Robert C. Garcia,robert.garcia20@example.com,"8243 Elm St, San Jose, NC 95792"
John G. Garcia,john.garcia25@testmail.com,"2098 Maple Ave, Philadelphia, IL 48113"
Jessica E. Williams,jessica.williams95@fakemail.net,"3463 Sunset Blvd, Los Angeles, CA 15374"
David  Rodriguez,david.rodriguez62@testmail.com,"3151 Cedar Rd, Houston, CA 35696"
Jessica D. Johnson,jessica.johnson25@mailservice.com,"7651 2nd Ave, New York, AZ 97977"
Michael  Martinez,michael.martinez91@myemail.org,"9751 Sunset Blvd, Phoenix, CA 20404"
John A. Smith,john.smith85@fakemail.net,"8928 2nd Ave, Los Angeles, AZ 93063"
Emily B. Miller,emily.miller23@fakemail.net,"5836 Main St, San Diego, FL 29241"
John J. Williams,john.williams64@example.com,"2307 Cedar Rd, Phoenix, OH 88313"
Michael J. Davis,michael.davis94@example.com,"6995 Oak Dr, San Antonio, TX 70338"
Jessica E. Brown,jessica.brown21@mailservice.com,"4377 Maple Ave, San Jose, NC 90958"
Linda H. Garcia,linda.garcia51@fakemail.net,"2065 Cedar Rd, San Jose, NC 62571"
Jane A. Brown,jane.brown26@testmail.com,"2250 Oak Dr, Chicago, CA 20196"
John G. Johnson,john.johnson42@testmail.com,"8716 Willow Ln, Phoenix, IL 88901"
Sarah J. Miller,sarah.miller76@fakemail.net,"292 Cedar Rd, Dallas, IL 19105"
Robert G. Brown,robert.brown66@testmail.com,"8337 Willow Ln, New York, TX 57943"
William G. Williams,william.williams85@myemail.org,"5588 Main St, San Antonio, IL 46854"
John E. Rodriguez,john.rodriguez66@mailservice.com,"9913 Cedar Rd, Philadelphia, TX 50761"
John A. Davis,john.davis17@fakemail.net,"9386 Elm St, Phoenix, NC 72932"
William D. Johnson,william.johnson28@testmail.com,"9110 Sunset Blvd, San Jose, CA 97023"
Sarah F. Williams,sarah.williams97@mailservice.com,"4878 Main St, Phoenix, NC 79028"
Sarah D. Martinez,sarah.martinez91@mailservice.com,"1905 2nd Ave, Chicago, FL 85631"
William J. Rodriguez,william.rodriguez43@testmail.com,"3149 Cedar Rd, San Jose, GA 85679"
William J. Miller,william.miller17@testmail.com,"605 Willow Ln, Dallas, PA 65902"
Emily  Johnson,emily.johnson38@mailservice.com,"5455 Elm St, San Jose, CA 37232"
Emily G. Rodriguez,emily.rodriguez89@testmail.com,"6654 2nd Ave, San Diego, OH 54416"
John G. Jones,john.jones24@fakemail.net,"9813 Cedar Rd, Los Angeles, FL 92220"
Jessica E. Rodriguez,jessica.rodriguez84@myemail.org,"6836 Broadway, Philadelphia, NY 65921"
Jane C. Davis,jane.davis89@fakemail.net,"6978 Pine St, Philadelphia, PA 79646"
Linda F. Martinez,linda.martinez93@example.com,"9796 Elm St, Phoenix, FL 55540"
Emily I. Johnson,emily.johnson63@example.com,"3072 2nd Ave, San Jose, NC 60659"
Emily C. Garcia,emily.garcia76@testmail.com,"1324 Main St, San Antonio, FL 53286"
Michael B. Brown,michael.brown36@example.com,"1255 Maple Ave, Phoenix, GA 78940"
Robert C. Brown,robert.brown70@mailservice.com,"2203 Cedar Rd, Dallas, FL 27316"
Jane  Davis,jane.davis92@myemail.org,"3773 Cedar Rd, Chicago, IL 68924"
Linda C. Garcia,linda.garcia79@myemail.org,"2527 Main St, Phoenix, NY 91045"
Sarah H. Williams,sarah.williams38@mailservice.com,"6162 Willow Ln, Chicago, IL 35308"
Michael J. Smith,michael.smith82@myemail.org,"2997 Sunset Blvd, San Antonio, NY 52158"
Jane E. Davis,jane.davis93@testmail.com,"7639 Cedar Rd, Phoenix, NC 50500"
Emily C. Rodriguez,emily.rodriguez73@example.com,"1070 Broadway, Chicago, IL 15197"
John I. Miller,john.miller28@testmail.com,"7044 Sunset Blvd, Chicago, NC 65995"
Emily D. Rodriguez,emily.rodriguez93@example.com,"8788 Cedar Rd, Chicago, FL 45554"
Linda E. Davis,linda.davis89@fakemail.net,"4044 Willow Ln, Phoenix, NC 93547"
Jessica B. Martinez,jessica.martinez95@fakemail.net,"2586 Willow Ln, San Antonio, GA 53286"
Emily G. Miller,emily.miller91@mailservice.com,"631 Cedar Rd, Dallas, PA 88147"
Michael C. Johnson,michael.johnson90@mailservice.com,"9327 Sunset Blvd, San Diego, FL 17009"
Robert  Miller,robert.miller25@mailservice.com,"3771 Elm St, San Diego, TX 37983"
Robert H. Williams,robert.williams44@testmail.com,"7362 Cedar Rd, San Antonio, GA 74200"
John  Williams,john.williams89@myemail.org,"1004 Oak Dr, Chicago, FL 84453"
Sarah H. Smith,sarah.smith29@myemail.org,"4439 Willow Ln, San Jose, NY 94422"
Sarah C. Williams,sarah.williams99@mailservice.com,"7621 Willow Ln, San Jose, PA 75291"
David C. Martinez,david.martinez97@myemail.org,"3087 2nd Ave, San Antonio, CA 23317"
Jane  Martinez,jane.martinez40@testmail.com,"9905 2nd Ave, Dallas, AZ 81157"
Jessica G. Rodriguez,jessica.rodriguez59@example.com,"7636 Main St, Los Angeles, TX 76919"
Michael J. Garcia,michael.garcia50@fakemail.net,"6153 Sunset Blvd, Phoenix, NY 45594"
Linda J. Williams,linda.williams35@myemail.org,"977 Oak Dr, Chicago, PA 88829"
Jane G. Garcia,jane.garcia86@fakemail.net,"710 2nd Ave, Dallas, IL 81885"
Robert C. Brown,robert.brown22@mailservice.com,"7293 Pine St, Houston, NY 33649"
William F. Davis,william.davis57@myemail.org,"8376 Maple Ave, Phoenix, NY 48964"
Robert  Williams,robert.williams26@testmail.com,"7002 Main St, Los Angeles, NC 53299"
Robert J. Martinez,robert.martinez41@example.com,"3563 Maple Ave, Houston, NY 73033"
John F. Miller,john.miller82@example.com,"1398 Sunset Blvd, Chicago, FL 17805"
Jane F. Jones,jane.jones65@testmail.com,"1091 Cedar Rd, Phoenix, OH 25370"
John  Miller,john.miller82@example.com,"3574 Broadway, Philadelphia, IL 10677"
Jane F. Davis,jane.davis37@testmail.com,"291 Pine St, Philadelphia, NC 91948"
Michael G. Miller,michael.miller33@example.com,"8616 Cedar Rd, San Antonio, CA 80985"
Sarah  Rodriguez,sarah.rodriguez78@testmail.com,"8560 Broadway, Dallas, NY 25812"
Sarah I. Garcia,sarah.garcia67@testmail.com,"435 Main St, Los Angeles, TX 95218"
Robert D. Rodriguez,robert.rodriguez21@testmail.com,"6864 Pine St, Dallas, CA 99853"
David A. Garcia,david.garcia46@testmail.com,"3236 Pine St, San Diego, CA 64305"
Linda D. Martinez,linda.martinez47@myemail.org,"6527 Cedar Rd, Houston, GA 68127"
Linda I. Jones,linda.jones58@myemail.org,"3016 Cedar Rd, New York, NC 11435"
Michael A. Williams,michael.williams27@mailservice.com,"8327 Cedar Rd, San Jose, CA 12976"
Sarah D. Jones,sarah.jones90@mailservice.com,"8574 Oak Dr, Philadelphia, AZ 52190"
Jessica A. Miller,jessica.miller71@myemail.org,"2269 2nd Ave, San Antonio, TX 16545"
Michael G. Martinez,michael.martinez49@mailservice.com,"9253 Sunset Blvd, San Diego, OH 74469"
David  Johnson,david.johnson17@fakemail.net,"7442 Willow Ln, San Diego, PA 10159"
Linda C. Williams,linda.williams43@mailservice.com,"656 Willow Ln, Los Angeles, IL 11664"
Jessica I. Garcia,jessica.garcia73@fakemail.net,"3012 Cedar Rd, Chicago, PA 92705"
Sarah I. Johnson,sarah.johnson25@myemail.org,"7247 Oak Dr, Philadelphia, NY 47664"
Robert B. Johnson,robert.johnson99@example.com,"6949 Pine St, Dallas, TX 40859"
Michael H. Jones,michael.jones25@testmail.com,"5760 Cedar Rd, San Antonio, CA 93344"
Emily D. Johnson,emily.johnson71@example.com,"9256 Cedar Rd, New York, OH 12619"
John D. Miller,john.miller23@myemail.org,"143 Oak Dr, Houston, NY 59904"
Sarah D. Williams,sarah.williams26@example.com,"7072 Maple Ave, Phoenix, GA 99998"
John B. Jones,john.jones91@mailservice.com,"1974 Pine St, San Jose, TX 63993"
John A. Johnson,john.johnson55@testmail.com,"4906 2nd Ave, New York, GA 65289"
Michael G. Martinez,michael.martinez72@fakemail.net,"1462 Oak Dr, Dallas, NY 47136"
Jane H. Garcia,jane.garcia29@mailservice.com,"7415 Elm St, Chicago, NC 52918"
Jane A. Brown,jane.brown55@fakemail.net,"5227 2nd Ave, San Jose, CA 49842"
Robert H. Smith,robert.smith10@fakemail.net,"6240 Oak Dr, San Antonio, AZ 22198"
Emily J. Garcia,emily.garcia74@fakemail.net,"9039 Oak Dr, New York, NY 43163"
William A. Williams,william.williams25@fakemail.net,"138 Oak Dr, Phoenix, AZ 94295"
Jane G. Jones,jane.jones82@mailservice.com,"6917 Maple Ave, New York, NY 77928"
Linda B. Smith,linda.smith84@myemail.org,"8948 Maple Ave, San Diego, FL 55996"
Jessica I. Williams,jessica.williams56@myemail.org,"4739 Willow Ln, San Jose, AZ 17556"
Emily H. Davis,emily.davis92@fakemail.net,"9147 Pine St, Philadelphia, OH 90956"
William F. Williams,william.williams70@fakemail.net,"8128 Elm St, Dallas, OH 32002"
Emily A. Garcia,emily.garcia32@myemail.org,"9582 Elm St, New York, PA 92126"
Sarah H. Garcia,sarah.garcia12@fakemail.net,"4345 Oak Dr, San Jose, FL 19628"
Linda F. Williams,linda.williams90@myemail.org,"9870 2nd Ave, Los Angeles, OH 71665"
Linda F. Miller,linda.miller38@fakemail.net,"4303 Oak Dr, Chicago, IL 67250"
Jessica  Smith,jessica.smith81@testmail.com,"3450 Broadway, Chicago, NC 89538"
Jessica F. Johnson,jessica.johnson52@mailservice.com,"2437 Maple Ave, San Jose, PA 17150"
Sarah H. Smith,sarah.smith30@fakemail.net,"6913 Elm St, New York, IL 27529"
Jessica J. Miller,jessica.miller45@myemail.org,"622 Main St, Dallas, CA 23116"
Michael A. Williams,michael.williams60@myemail.org,"8746 Willow Ln, Phoenix, CA 60753"
Michael F. Smith,michael.smith25@fakemail.net,"4118 Cedar Rd, Phoenix, PA 13045"
Jessica J. Jones,jessica.jones92@fakemail.net,"9308 2nd Ave, Dallas, GA 68349"
Linda G. Williams,linda.williams31@fakemail.net,"5439 Broadway, Chicago, IL 98502"
Robert H. Brown,robert.brown38@testmail.com,"4427 Maple Ave, Houston, CA 35308"
Michael E. Smith,michael.smith53@example.com,"878 Pine St, San Jose, GA 43093"
Emily J. Smith,emily.smith19@mailservice.com,"3992 Maple Ave, San Antonio, NC 91583"
John E. Johnson,john.johnson83@example.com,"2229 Pine St, San Antonio, PA 39202"
Jessica I. Johnson,jessica.johnson34@testmail.com,"3470 Elm St, New York, GA 25792"
Robert C. Rodriguez,robert.rodriguez73@fakemail.net,"6736 Elm St, Dallas, OH 32002"
Jane C. Rodriguez,jane.rodriguez34@myemail.org,"4217 Broadway, Dallas, PA 39019"
Linda E. Brown,linda.brown50@testmail.com,"8335 Pine St, San Diego, AZ 45406"
Jessica  Williams,jessica.williams45@myemail.org,"3545 Cedar Rd, Los Angeles, NC 44400"
Jane A. Davis,jane.davis43@example.com,"9361 Sunset Blvd, Philadelphia, AZ 37398"
Jessica H. Williams,jessica.williams13@mailservice.com,"6673 Elm St, San Diego, PA 41397"
Linda F. Williams,linda.williams17@fakemail.net,"7489 Pine St, Phoenix, IL 93962"
Emily G. Martinez,emily.martinez84@mailservice.com,"2533 2nd Ave, Dallas, FL 91847"
Jessica C. Smith,jessica.smith16@mailservice.com,"5657 Broadway, Philadelphia, FL 15706"
John A. Rodriguez,john.rodriguez12@fakemail.net,"4073 Willow Ln, San Jose, NC 98299"
Linda I. Johnson,linda.johnson62@testmail.com,"1254 Cedar Rd, Los Angeles, TX 35855"
Jane F. Brown,jane.brown77@example.com,"1115 2nd Ave, New York, CA 31784"
Emily B. Martinez,emily.martinez43@myemail.org,"8045 Pine St, Dallas, NY 37269"
Emily B. Davis,emily.davis87@myemail.org,"7590 Maple Ave, Chicago, FL 55565"
Sarah A. Brown,sarah.brown53@myemail.org,"1650 Oak Dr, Los Angeles, OH 99992"
Jane E. Johnson,jane.johnson90@testmail.com,"2927 Cedar Rd, San Antonio, OH 80332"
Jessica F. Miller,jessica.miller44@myemail.org,"6289 Elm St, New York, IL 60600"
David J. Garcia,david.garcia17@myemail.org,"1629 Main St, Dallas, NC 23317"
Michael B. Martinez,michael.martinez14@mailservice.com,"3859 Oak Dr, San Diego, IL 45280"
Emily A. Garcia,emily.garcia99@mailservice.com,"2884 Broadway, Philadelphia, OH 97167"
David F. Brown,david.brown58@fakemail.net,"8083 Maple Ave, San Diego, CA 90103"
Jane I. Jones,jane.jones16@myemail.org,"5939 Main St, Houston, CA 56913"
Jane B. Brown,jane.brown68@mailservice.com,"6916 Sunset Blvd, New York, IL 18450"
Emily D. Garcia,emily.garcia37@fakemail.net,"5050 Broadway, New York, CA 24190"
Michael  Johnson,michael.johnson27@myemail.org,"2610 Oak Dr, San Jose, FL 52911"
David G. Smith,david.smith98@example.com,"8352 Pine St, Los Angeles, FL 89921"
Jane F. Brown,jane.brown55@example.com,"5338 Pine St, Los Angeles, NC 93229"
John A. Davis,john.davis94@testmail.com,"9737 Willow Ln, Phoenix, NC 70056"
Jane D. Davis,jane.davis82@mailservice.com,"5471 Main St, San Antonio, OH 29084"
Jane  Davis,jane.davis74@example.com,"3427 Cedar Rd, Dallas, IL 51266"
Jane I. Rodriguez,jane.rodriguez40@mailservice.com,"6021 Elm St, Philadelphia, PA 41530"
Robert  Davis,robert.davis96@myemail.org,"1771 Willow Ln, Houston, FL 27994"
Jessica B. Brown,jessica.brown68@testmail.com,"2533 2nd Ave, Los Angeles, NY 74502"
Jessica I. Rodriguez,jessica.rodriguez90@testmail.com,"522 Maple Ave, San Diego, CA 87283"
Michael F. Smith,michael.smith32@testmail.com,"3809 Broadway, Chicago, FL 29240"
Robert A. Smith,robert.smith85@example.com,"7387 Elm St, Phoenix, OH 38562"
Linda C. Jones,linda.jones20@example.com,"6610 Willow Ln, San Diego, CA 61932"
Emily E. Garcia,emily.garcia77@mailservice.com,"5828 Pine St, Dallas, CA 93229"
Jessica G. Jones,jessica.jones44@mailservice.com,"6792 Sunset Blvd, Chicago, NC 34164"
Jessica B. Williams,jessica.williams14@myemail.org,"237 Sunset Blvd, New York, FL 88868"
David  Davis,david.davis47@myemail.org,"8932 Pine St, Houston, TX 32369"
Emily D. Garcia,emily.garcia96@testmail.com,"6149 Cedar Rd, San Diego, CA 64823"
John J. Davis,john.davis13@testmail.com,"8855 Oak Dr, Philadelphia, NC 86008"
Jane H. Miller,jane.miller78@fakemail.net,"9402 Main St, Chicago, IL 50592"
Michael I. Jones,michael.jones48@mailservice.com,"3574 Broadway, Houston, FL 25957"
Michael H. Rodriguez,michael.rodriguez68@myemail.org,"992 Broadway, Chicago, IL 20720"
David  Miller,david.miller91@testmail.com,"1946 Main St, San Jose, AZ 29337"
Jane  Brown,jane.brown73@mailservice.com,"1048 Maple Ave, San Antonio, GA 73705"
Sarah C. Williams,sarah.williams84@myemail.org,"9999 Elm St, New York, CA 89714"
William  Brown,william.brown97@example.com,"5724 Cedar Rd, Houston, NY 64305"
Emily F. Brown,emily.brown39@mailservice.com,"1607 2nd Ave, Phoenix, AZ 77413"
Jane F. Garcia,jane.garcia97@mailservice.com,"4298 Elm St, New York, TX 38496"
William A. Davis,william.davis81@myemail.org,"7118 2nd Ave, San Antonio, PA 31119"
Linda A. Rodriguez,linda.rodriguez71@example.com,"5420 Broadway, Los Angeles, OH 88847"
Jane I. Miller,jane.miller50@testmail.com,"8633 Oak Dr, Dallas, PA 60651"
Emily C. Williams,emily.williams39@myemail.org,"8252 Cedar Rd, Phoenix, NC 49285"
John G. Martinez,john.martinez51@mailservice.com,"2504 Main St, Houston, AZ 62572"
Robert D. Rodriguez,robert.rodriguez40@example.com,"7787 Main St, Los Angeles, PA 71557"
Jane J. Davis,jane.davis85@fakemail.net,"3441 Elm St, Philadelphia, GA 17031"
William  Brown,william.brown33@fakemail.net,"2101 Elm St, New York, NY 31567"
William G. Johnson,william.johnson30@example.com,"9022 Cedar Rd, Los Angeles, CA 15721"
Linda I. Rodriguez,linda.rodriguez76@fakemail.net,"9813 Pine St, San Jose, TX 29211"
Michael B. Garcia,michael.garcia38@example.com,"8640 Main St, Los Angeles, NC 29455"
John F. Jones,john.jones35@fakemail.net,"3020 Main St, New York, AZ 53210"
Linda A. Brown,linda.brown34@testmail.com,"6087 Elm St, San Antonio, IL 53115"
David B. Johnson,david.johnson42@example.com,"6096 Oak Dr, San Diego, IL 53114"
Jessica A. Davis,jessica.davis17@example.com,"5101 Pine St, San Antonio, CA 98709"
William D. Martinez,william.martinez85@example.com,"2033 Elm St, San Antonio, AZ 52294"
Sarah  Jones,sarah.jones78@myemail.org,"7746 Cedar Rd, San Antonio, CA 88005"
Michael H. Brown,michael.brown32@myemail.org,"4443 Pine St, San Antonio, CA 58830"
Jessica H. Brown,jessica.brown19@example.com,"6288 Broadway, Los Angeles, NY 99922"
John I. Johnson,john.johnson15@fakemail.net,"453 Broadway, Philadelphia, OH 32268"
Emily G. Johnson,emily.johnson48@example.com,"3003 Sunset Blvd, Los Angeles, FL 83733"
David H. Johnson,david.johnson79@fakemail.net,"1532 2nd Ave, Los Angeles, PA 29769"
Robert C. Martinez,robert.martinez75@testmail.com,"5907 Main St, Houston, NC 74975"
Michael E. Miller,michael.miller90@mailservice.com,"2296 Broadway, San Antonio, GA 96434"
Michael D. Garcia,michael.garcia69@fakemail.net,"9458 2nd Ave, San Jose, NY 13123"
Michael E. Williams,michael.williams28@mailservice.com,"4851 Pine St, San Diego, TX 87372"
Linda G. Rodriguez,linda.rodriguez64@myemail.org,"3661 Elm St, San Jose, NC 96354"
Sarah  Johnson,sarah.johnson18@fakemail.net,"7885 Broadway, Philadelphia, NY 53071"
Jane  Rodriguez,jane.rodriguez78@example.com,"9341 Sunset Blvd, Dallas, TX 84584"
Emily E. Smith,emily.smith18@example.com,"3663 Sunset Blvd, Phoenix, TX 53858"
Linda G. Miller,linda.miller59@fakemail.net,"638 Maple Ave, San Jose, CA 86109"
Michael B. Miller,michael.miller95@example.com,"3353 Willow Ln, San Diego, FL 90527"
Michael B. Martinez,michael.martinez75@mailservice.com,"4962 Main St, Dallas, AZ 39629"
William B. Jones,william.jones15@mailservice.com,"9874 2nd Ave, Philadelphia, AZ 41631"
Jessica C. Rodriguez,jessica.rodriguez97@myemail.org,"1598 Broadway, Los Angeles, TX 24335"
Michael  Miller,michael.miller15@myemail.org,"275 Elm St, San Diego, GA 75147"
Jessica I. Smith,jessica.smith57@mailservice.com,"7706 Willow Ln, Phoenix, PA 78605"
Sarah A. Martinez,sarah.martinez86@example.com,"6966 Sunset Blvd, Houston, NC 55330"
Michael B. Miller,michael.miller52@example.com,"6111 Pine St, Houston, AZ 60484"
Robert H. Martinez,robert.martinez47@mailservice.com,"6292 Main St, New York, FL 95773"
Michael J. Smith,michael.smith46@testmail.com,"1832 Cedar Rd, San Antonio, AZ 64755"
Emily D. Jones,emily.jones66@example.com,"9798 Elm St, San Diego, OH 66834"
Sarah C. Davis,sarah.davis59@myemail.org,"4703 Elm St, San Antonio, TX 11084"
William I. Davis,william.davis33@testmail.com,"5287 Pine St, San Jose, IL 28611"
Jane E. Williams,jane.williams78@testmail.com,"2348 Oak Dr, San Jose, AZ 38153"
John B. Martinez,john.martinez15@mailservice.com,"9649 Cedar Rd, San Antonio, FL 78089"
Emily  Garcia,emily.garcia10@testmail.com,"3568 Cedar Rd, San Jose, IL 34767"
Sarah F. Martinez,sarah.martinez89@testmail.com,"4046 Oak Dr, San Diego, GA 69306"
Sarah F. Davis,sarah.davis80@mailservice.com,"2853 Pine St, Houston, NC 69590"
Emily I. Davis,emily.davis51@example.com,"5563 Maple Ave, Los Angeles, PA 23544"
John I. Williams,john.williams28@example.com,"8807 Willow Ln, San Antonio, CA 19524"
Michael  Smith,michael.smith32@mailservice.com,"7657 Oak Dr, Chicago, AZ 22897"
Jane F. Johnson,jane.johnson51@example.com,"8999 Sunset Blvd, San Diego, TX 45652"
Emily F. Smith,emily.smith65@fakemail.net,"9904 Pine St, San Jose, TX 70279"
David A. Garcia,david.garcia95@myemail.org,"5566 Main St, New York, GA 76629"
Sarah A. Garcia,sarah.garcia54@mailservice.com,"3636 2nd Ave, San Jose, PA 74495"
Robert H. Rodriguez,robert.rodriguez90@example.com,"5743 Oak Dr, Dallas, NC 75489"
William B. Johnson,william.johnson52@myemail.org,"6726 Oak Dr, San Antonio, CA 37125"
Emily  Garcia,emily.garcia60@fakemail.net,"805 Cedar Rd, Philadelphia, AZ 96633"
John E. Johnson,john.johnson89@fakemail.net,"4866 Sunset Blvd, Houston, FL 26843"
Robert B. Martinez,robert.martinez97@myemail.org,"5650 Elm St, San Diego, NY 71518"
Linda A. Jones,linda.jones64@myemail.org,"1669 Cedar Rd, Chicago, GA 34174"
William H. Davis,william.davis21@testmail.com,"5307 Sunset Blvd, Dallas, IL 21448"
Robert  Jones,robert.jones81@example.com,"4469 2nd Ave, Dallas, NY 32704"
Emily  Smith,emily.smith23@myemail.org,"7850 Maple Ave, Los Angeles, NY 62083"
Jane E. Smith,jane.smith92@mailservice.com,"3455 Sunset Blvd, San Jose, AZ 76910"
Linda J. Miller,linda.miller81@example.com,"3243 Oak Dr, San Diego, NC 42503"
William I. Miller,william.miller43@testmail.com,"8889 Pine St, San Jose, NY 98582"
Linda H. Johnson,linda.johnson56@myemail.org,"5617 Oak Dr, Houston, FL 62036"
Robert J. Martinez,robert.martinez35@fakemail.net,"4465 Pine St, Philadelphia, OH 20808"
Linda B. Martinez,linda.martinez10@mailservice.com,"2370 Main St, New York, NC 47501"
Jane F. Rodriguez,jane.rodriguez92@myemail.org,"3348 Elm St, San Jose, TX 65995"
Linda E. Jones,linda.jones41@testmail.com,"3758 Elm St, Dallas, FL 27267"
Emily F. Rodriguez,emily.rodriguez51@fakemail.net,"7228 Oak Dr, San Antonio, AZ 21428"
Emily  Garcia,emily.garcia38@mailservice.com,"4491 Pine St, Chicago, FL 40609"
Robert H. Davis,robert.davis89@testmail.com,"3912 Oak Dr, New York, TX 28425"
Jane G. Jones,jane.jones74@example.com,"7516 Sunset Blvd, Philadelphia, PA 17098"
Michael J. Martinez,michael.martinez29@fakemail.net,"171 Pine St, Dallas, PA 22548"
Jessica D. Rodriguez,jessica.rodriguez87@example.com,"1336 2nd Ave, San Antonio, TX 99853"
John G. Garcia,john.garcia37@mailservice.com,"6304 Maple Ave, New York, CA 34643"
Michael E. Johnson,michael.johnson37@myemail.org,"9235 Broadway, Houston, CA 13947"
Sarah F. Davis,sarah.davis21@example.com,"8831 Elm St, Phoenix, AZ 50381"
Jessica G. Davis,jessica.davis92@mailservice.com,"4598 Main St, San Jose, OH 71461"
John F. Brown,john.brown47@fakemail.net,"8448 Oak Dr, New York, NC 98705"
Michael F. Miller,michael.miller58@example.com,"3638 Main St, Chicago, FL 41740"
Jane F. Brown,jane.brown20@testmail.com,"7353 Main St, Philadelphia, GA 67184"
Jessica J. Davis,jessica.davis97@testmail.com,"705 Willow Ln, Chicago, AZ 20904"
William F. Rodriguez,william.rodriguez16@fakemail.net,"3679 Cedar Rd, Los Angeles, IL 26394"
Jane A. Johnson,jane.johnson16@mailservice.com,"3302 Pine St, Houston, CA 51424"
William J. Brown,william.brown38@fakemail.net,"8951 Main St, Dallas, NC 87309"
William D. Williams,william.williams77@mailservice.com,"2992 Maple Ave, Los Angeles, FL 84683"
David H. Martinez,david.martinez96@testmail.com,"4311 Main St, Houston, NY 66332"
Robert I. Garcia,robert.garcia70@testmail.com,"4368 Cedar Rd, Dallas, IL 96025"
Emily H. Johnson,emily.johnson67@testmail.com,"1662 2nd Ave, Phoenix, NY 37024"
Linda  Martinez,linda.martinez46@testmail.com,"882 Pine St, San Antonio, GA 29829"
Sarah J. Rodriguez,sarah.rodriguez20@testmail.com,"3177 Sunset Blvd, Phoenix, CA 88930"
William A. Rodriguez,william.rodriguez76@testmail.com,"894 Willow Ln, Dallas, AZ 10396"
Jane B. Williams,jane.williams36@myemail.org,"1734 Broadway, San Diego, GA 36703"
Jane  Smith,jane.smith65@mailservice.com,"6440 Pine St, Los Angeles, NY 95952"
Jessica I. Garcia,jessica.garcia80@example.com,"8162 Willow Ln, Houston, PA 27414"
David G. Williams,david.williams16@testmail.com,"1241 Pine St, Dallas, PA 52130"
William A. Williams,william.williams35@myemail.org,"6952 Willow Ln, Philadelphia, AZ 48574"
Michael C. Jones,michael.jones59@fakemail.net,"4639 Oak Dr, Los Angeles, NY 52910"
Sarah G. Johnson,sarah.johnson74@testmail.com,"5216 Broadway, Los Angeles, GA 36056"
Linda G. Jones,linda.jones28@fakemail.net,"613 Sunset Blvd, Los Angeles, FL 14070"
John H. Davis,john.davis95@fakemail.net,"2368 Elm St, San Diego, GA 98369"
Robert A. Garcia,robert.garcia63@testmail.com,"5087 Willow Ln, San Diego, PA 36056"
Jane A. Rodriguez,jane.rodriguez12@testmail.com,"8405 2nd Ave, San Jose, OH 11496"
David G. Rodriguez,david.rodriguez89@myemail.org,"6527 Cedar Rd, Houston, TX 55541"
Jane D. Jones,jane.jones77@myemail.org,"5574 Pine St, Los Angeles, TX 48940"
Emily B. Smith,emily.smith35@fakemail.net,"5454 Elm St, Los Angeles, FL 60499"
David E. Rodriguez,david.rodriguez53@fakemail.net,"1502 Pine St, Los Angeles, NY 79719"
David  Jones,david.jones23@fakemail.net,"2615 Elm St, Houston, CA 91583"
Jane F. Martinez,jane.martinez76@mailservice.com,"1607 Main St, Phoenix, PA 91059"
Emily C. Smith,emily.smith70@example.com,"5137 2nd Ave, San Jose, TX 93395"
Robert J. Garcia,robert.garcia58@example.com,"2371 Elm St, Los Angeles, AZ 10567"
Sarah J. Brown,sarah.brown43@example.com,"8214 Maple Ave, San Diego, OH 79351"
Michael I. Garcia,michael.garcia78@testmail.com,"3372 Pine St, San Diego, IL 70820"
Robert B. Williams,robert.williams14@testmail.com,"2170 Cedar Rd, San Antonio, TX 27373"
Jessica G. Williams,jessica.williams34@myemail.org,"8102 Sunset Blvd, San Diego, PA 72844"
William E. Jones,william.jones22@fakemail.net,"7551 Oak Dr, Dallas, NC 31366"
Michael  Smith,michael.smith99@testmail.com,"5755 Maple Ave, Dallas, CA 87536"
John A. Martinez,john.martinez25@fakemail.net,"9017 Pine St, Houston, NY 73526"
Sarah A. Jones,sarah.jones68@mailservice.com,"9631 Broadway, Chicago, PA 21933"
Jane E. Jones,jane.jones21@fakemail.net,"2465 Elm St, Los Angeles, NY 12352"
Emily H. Johnson,emily.johnson65@testmail.com,"7701 Elm St, Dallas, PA 80186"
Jessica A. Williams,jessica.williams28@testmail.com,"5119 Cedar Rd, Philadelphia, AZ 27267"
Jane  Martinez,jane.martinez74@testmail.com,"3015 Elm St, San Jose, CA 92196"
Linda J. Williams,linda.williams63@myemail.org,"6607 Sunset Blvd, New York, PA 87598"
David C. Jones,david.jones83@myemail.org,"2373 Pine St, San Antonio, FL 62733"
William E. Davis,william.davis18@testmail.com,"4267 Elm St, Los Angeles, NY 53368"
John B. Davis,john.davis26@fakemail.net,"2361 Broadway, Phoenix, FL 57276"
William C. Brown,william.brown16@testmail.com,"2053 Cedar Rd, New York, OH 41632"
Robert C. Smith,robert.smith42@example.com,"9909 Broadway, Phoenix, NC 82489"
John G. Jones,john.jones55@fakemail.net,"9428 Oak Dr, Houston, TX 53021"
Jane I. Smith,jane.smith33@fakemail.net,"734 Elm St, Phoenix, CA 49793"
Sarah I. Martinez,sarah.martinez87@mailservice.com,"8005 Elm St, Philadelphia, CA 13112"
Sarah A. Williams,sarah.williams59@testmail.com,"7157 Willow Ln, Houston, CA 24713"
Linda G. Jones,linda.jones15@example.com,"8154 Oak Dr, Chicago, TX 39284"
Emily B. Smith,emily.smith10@testmail.com,"9405 Broadway, Houston, IL 36788"
John D. Johnson,john.johnson70@fakemail.net,"6589 Pine St, New York, FL 17672"
Michael E. Smith,michael.smith35@fakemail.net,"1963 Elm St, San Jose, NC 92622"
David I. Johnson,david.johnson20@fakemail.net,"4747 2nd Ave, San Diego, IL 55499"
John C. Johnson,john.johnson27@fakemail.net,"4024 Cedar Rd, San Jose, NC 72072"
David G. Miller,david.miller45@fakemail.net,"5103 Pine St, Los Angeles, CA 31208"
John A. Smith,john.smith43@myemail.org,"6449 2nd Ave, San Diego, AZ 14053"
Robert E. Davis,robert.davis64@mailservice.com,"9666 Willow Ln, San Jose, GA 42742"
Linda J. Brown,linda.brown93@fakemail.net,"2484 Pine St, San Antonio, CA 83031"
David C. Miller,david.miller16@example.com,"5948 Pine St, San Diego, NC 87493"
Emily G. Martinez,emily.martinez18@mailservice.com,"3512 2nd Ave, Philadelphia, OH 40132"
John  Rodriguez,john.rodriguez41@fakemail.net,"1520 Elm St, San Jose, OH 77381"
Linda C. Jones,linda.jones12@testmail.com,"7766 Pine St, Philadelphia, PA 11325"
Sarah G. Jones,sarah.jones71@testmail.com,"4938 Sunset Blvd, New York, TX 33689"
David D. Rodriguez,david.rodriguez83@fakemail.net,"6366 2nd Ave, Phoenix, GA 29527"
William E. Davis,william.davis69@fakemail.net,"678 Main St, Philadelphia, TX 24412"
Emily  Rodriguez,emily.rodriguez56@fakemail.net,"9950 Broadway, San Jose, NC 24357"
William A. Miller,william.miller12@fakemail.net,"5662 Elm St, San Jose, PA 90535"
Emily F. Johnson,emily.johnson11@fakemail.net,"4355 2nd Ave, Los Angeles, TX 53580"
Emily I. Davis,emily.davis23@fakemail.net,"8221 Willow Ln, New York, CA 94305"
Jane B. Miller,jane.miller74@myemail.org,"9117 Oak Dr, San Jose, AZ 38610"
Michael G. Smith,michael.smith91@fakemail.net,"618 2nd Ave, San Jose, NC 71028"
Michael A. Johnson,michael.johnson99@example.com,"3197 Cedar Rd, Los Angeles, OH 34661"
Michael  Davis,michael.davis16@example.com,"2268 Willow Ln, Philadelphia, NY 40300"
John G. Garcia,john.garcia60@mailservice.com,"4434 Sunset Blvd, Los Angeles, PA 46641"
Jane F. Williams,jane.williams11@fakemail.net,"6154 Sunset Blvd, Phoenix, IL 53513"
William I. Jones,william.jones49@fakemail.net,"1810 Main St, Los Angeles, AZ 83928"
Sarah H. Jones,sarah.jones94@myemail.org,"5468 Broadway, Chicago, AZ 24985"
Emily  Jones,emily.jones42@example.com,"9289 Oak Dr, San Jose, NY 93940"
Robert A. Brown,robert.brown42@fakemail.net,"2602 Elm St, San Jose, CA 13200"
David C. Johnson,david.johnson50@mailservice.com,"6950 Oak Dr, Los Angeles, NC 58342"
Linda F. Miller,linda.miller68@myemail.org,"9362 Maple Ave, Chicago, AZ 94634"
William A. Miller,william.miller90@testmail.com,"6383 2nd Ave, Houston, IL 91250"
William F. Brown,william.brown33@mailservice.com,"3757 2nd Ave, Philadelphia, GA 73290"
Sarah J. Rodriguez,sarah.rodriguez15@fakemail.net,"7031 Willow Ln, Philadelphia, GA 77087"
Emily A. Jones,emily.jones51@example.com,"7234 Maple Ave, San Antonio, GA 72170"
Jane D. Jones,jane.jones19@fakemail.net,"6260 2nd Ave, Houston, FL 20656"
William F. Johnson,william.johnson62@mailservice.com,"1729 Cedar Rd, Dallas, NY 48286"
John B. Brown,john.brown15@myemail.org,"4306 Pine St, San Antonio, IL 56595"
Jane D. Martinez,jane.martinez98@example.com,"3526 Cedar Rd, Phoenix, TX 87052"
Jane H. Miller,jane.miller62@myemail.org,"8166 Sunset Blvd, Houston, OH 57055"
Jane E. Garcia,jane.garcia28@fakemail.net,"8500 Main St, Los Angeles, GA 25372"
Robert E. Jones,robert.jones60@fakemail.net,"3531 Main St, Los Angeles, GA 74668"
David I. Smith,david.smith42@fakemail.net,"7439 Maple Ave, Houston, AZ 65289"
Sarah  Davis,sarah.davis10@fakemail.net,"6460 Main St, Phoenix, NY 68111"
Linda D. Smith,linda.smith97@mailservice.com,"9645 Broadway, Philadelphia, IL 30759"
Michael H. Rodriguez,michael.rodriguez44@mailservice.com,"8914 Maple Ave, Phoenix, NY 91428"
Emily J. Rodriguez,emily.rodriguez12@example.com,"7391 Elm St, Houston, FL 25694"
Michael D. Williams,michael.williams50@fakemail.net,"6384 Elm St, Houston, GA 45265"
John H. Jones,john.jones55@myemail.org,"8397 Sunset Blvd, San Antonio, IL 66336"
David  Garcia,david.garcia91@example.com,"4384 Cedar Rd, Houston, NY 65388"
Emily H. Martinez,emily.martinez40@example.com,"1549 Maple Ave, Houston, FL 99353"
Sarah A. Smith,sarah.smith10@mailservice.com,"9076 Broadway, San Diego, IL 28386"
David F. Smith,david.smith80@fakemail.net,"8498 Pine St, Chicago, CA 81957"
Robert D. Jones,robert.jones23@mailservice.com,"4477 Cedar Rd, Los Angeles, TX 95278"
Jane D. Martinez,jane.martinez61@myemail.org,"6451 Cedar Rd, Dallas, FL 71129"
William  Martinez,william.martinez12@fakemail.net,"885 Pine St, San Jose, PA 45015"
Linda D. Smith,linda.smith93@mailservice.com,"1324 Main St, New York, AZ 89895"
Michael H. Smith,michael.smith43@testmail.com,"2549 Willow Ln, San Jose, NC 46314"
Michael B. Johnson,michael.johnson24@fakemail.net,"4003 Oak Dr, Phoenix, CA 70075"
Emily  Garcia,emily.garcia38@fakemail.net,"7816 Pine St, San Antonio, NY 60767"
Emily J. Miller,emily.miller44@example.com,"2233 Broadway, San Antonio, GA 56267"
Jessica I. Davis,jessica.davis80@myemail.org,"4930 Willow Ln, Dallas, OH 78826"
Jessica J. Rodriguez,jessica.rodriguez88@example.com,"3485 Oak Dr, Houston, IL 24012"
Jane G. Smith,jane.smith33@fakemail.net,"5816 2nd Ave, Chicago, NY 82516"
Jane H. Garcia,jane.garcia90@fakemail.net,"2579 Pine St, San Diego, NC 47690"
Jane A. Jones,jane.jones21@mailservice.com,"6985 Elm St, Philadelphia, PA 63670"
William D. Johnson,william.johnson56@myemail.org,"4602 Broadway, Chicago, OH 36041"
Michael A. Johnson,michael.johnson23@fakemail.net,"6786 Cedar Rd, Dallas, NY 18165"
Jane E. Johnson,jane.johnson49@fakemail.net,"1316 Sunset Blvd, Los Angeles, TX 72336"
Sarah G. Davis,sarah.davis62@mailservice.com,"4084 Willow Ln, San Diego, TX 93803"
Robert J. Williams,robert.williams76@fakemail.net,"3840 Pine St, San Antonio, CA 89559"
Michael D. Smith,michael.smith40@myemail.org,"5597 Maple Ave, Dallas, CA 37350"
John D. Davis,john.davis62@myemail.org,"4281 Main St, Houston, CA 78100"
Jessica I. Brown,jessica.brown50@fakemail.net,"4816 Sunset Blvd, Chicago, NY 96491"
Robert F. Brown,robert.brown63@testmail.com,"3894 Sunset Blvd, Chicago, FL 83954"
Michael I. Johnson,michael.johnson18@example.com,"3207 Willow Ln, San Antonio, CA 10564"
Robert E. Davis,robert.davis55@example.com,"3010 Willow Ln, San Antonio, PA 45892"
John C. Jones,john.jones42@example.com,"8699 Main St, Philadelphia, GA 11367"
Emily F. Jones,emily.jones42@example.com,"7238 Elm St, Phoenix, CA 83855"
John G. Brown,john.brown37@myemail.org,"1321 Sunset Blvd, San Diego, PA 56745"
Linda F. Jones,linda.jones21@mailservice.com,"5282 Oak Dr, Phoenix, CA 50114"
Linda  Johnson,linda.johnson60@myemail.org,"5589 Pine St, Dallas, IL 76941"
Jessica D. Miller,jessica.miller67@fakemail.net,"197 Elm St, San Antonio, PA 50957"
Emily A. Martinez,emily.martinez15@testmail.com,"7572 Willow Ln, Houston, NC 29391"
Jessica D. Williams,jessica.williams62@testmail.com,"8154 Oak Dr, New York, NY 59819"
John H. Johnson,john.johnson39@fakemail.net,"2373 Main St, San Jose, AZ 60862"
Jessica D. Rodriguez,jessica.rodriguez57@myemail.org,"4622 Sunset Blvd, Phoenix, CA 32914"
David C. Martinez,david.martinez96@fakemail.net,"435 Main St, Phoenix, NC 53124"
Linda E. Garcia,linda.garcia99@example.com,"8474 Main St, Los Angeles, FL 14184"
Michael  Johnson,michael.johnson41@myemail.org,"8672 Cedar Rd, Phoenix, TX 90429"
Robert D. Jones,robert.jones32@example.com,"5194 Broadway, Dallas, IL 12437"
Michael B. Miller,michael.miller83@example.com,"8950 Broadway, Los Angeles, NC 24871"
William F. Davis,william.davis11@testmail.com,"2334 Oak Dr, New York, TX 77298"
David E. Davis,david.davis37@mailservice.com,"5030 Willow Ln, San Jose, CA 79656"
William J. Williams,william.williams20@fakemail.net,"8237 Maple Ave, San Jose, OH 55565"
Sarah F. Miller,sarah.miller31@myemail.org,"2384 Maple Ave, Dallas, NY 30319"
Emily B. Miller,emily.miller90@myemail.org,"1011 Oak Dr, Chicago, FL 83690"
John G. Davis,john.davis13@fakemail.net,"789 Sunset Blvd, San Jose, OH 68465"
Sarah B. Garcia,sarah.garcia77@example.com,"6737 Oak Dr, Dallas, PA 70001"
David D. Brown,david.brown75@testmail.com,"1076 Elm St, San Antonio, NY 57143"
Sarah  Williams,sarah.williams92@example.com,"8071 Maple Ave, Philadelphia, GA 27185"
Sarah D. Brown,sarah.brown84@example.com,"995 Broadway, Los Angeles, TX 33167"
Linda F. Martinez,linda.martinez73@example.com,"7869 Elm St, Los Angeles, TX 90171"
Linda J. Jones,linda.jones60@example.com,"6320 Broadway, New York, OH 79148"
Linda C. Johnson,linda.johnson92@testmail.com,"8043 Cedar Rd, Dallas, TX 48829"
William B. Davis,william.davis73@testmail.com,"8418 Willow Ln, Dallas, AZ 41779"
Jessica F. Smith,jessica.smith10@fakemail.net,"4870 Broadway, Houston, TX 62577"
Robert C. Johnson,robert.johnson51@example.com,"6622 Maple Ave, San Antonio, IL 33917"
Michael A. Rodriguez,michael.rodriguez67@example.com,"352 Pine St, San Antonio, CA 80052"
Robert D. Williams,robert.williams20@mailservice.com,"9170 Oak Dr, San Jose, TX 67850"
Linda H. Williams,linda.williams19@testmail.com,"7417 Sunset Blvd, San Diego, AZ 98031"
Emily J. Brown,emily.brown41@example.com,"9193 Cedar Rd, Dallas, PA 58141"
Sarah G. Smith,sarah.smith80@mailservice.com,"9645 Pine St, Philadelphia, OH 75203"
David H. Smith,david.smith57@example.com,"9780 Cedar Rd, Los Angeles, PA 32974"
Emily H. Williams,emily.williams58@fakemail.net,"769 Sunset Blvd, Dallas, TX 25656"
Michael I. Rodriguez,michael.rodriguez29@mailservice.com,"5762 Main St, San Diego, OH 54179"
John D. Martinez,john.martinez50@fakemail.net,"5034 Willow Ln, New York, IL 92148"
Sarah J. Smith,sarah.smith46@fakemail.net,"7973 2nd Ave, San Diego, PA 80593"
Sarah H. Garcia,sarah.garcia71@testmail.com,"3612 Willow Ln, Chicago, GA 15029"
William E. Miller,william.miller99@fakemail.net,"6052 Cedar Rd, Los Angeles, GA 33766"
David G. Johnson,david.johnson99@example.com,"5280 Broadway, San Diego, CA 49690"
William E. Garcia,william.garcia19@testmail.com,"382 Willow Ln, San Antonio, IL 16976"
William A. Miller,william.miller63@mailservice.com,"1808 Willow Ln, New York, FL 93825"
Jane D. Martinez,jane.martinez86@fakemail.net,"4661 Maple Ave, San Antonio, NY 29120"
Linda J. Martinez,linda.martinez18@testmail.com,"6794 Elm St, Philadelphia, AZ 14310"
Jane B. Martinez,jane.martinez43@testmail.com,"499 Cedar Rd, San Jose, FL 89232"
Michael B. Martinez,michael.martinez34@testmail.com,"8803 Broadway, Philadelphia, GA 15589"
Michael A. Brown,michael.brown25@fakemail.net,"5777 2nd Ave, San Jose, FL 62667"
Jane D. Davis,jane.davis64@mailservice.com,"1988 Main St, Houston, NY 24398"
Emily C. Jones,emily.jones23@testmail.com,"6202 Oak Dr, Philadelphia, AZ 79242"
Jane F. Brown,jane.brown57@mailservice.com,"6877 Maple Ave, San Antonio, NY 91451"
Jane D. Jones,jane.jones31@myemail.org,"215 Main St, San Diego, IL 23530"
John J. Williams,john.williams13@mailservice.com,"446 Cedar Rd, Dallas, AZ 93098"
Robert F. Brown,robert.brown49@example.com,"9854 Elm St, Chicago, GA 58091"
Jane J. Smith,jane.smith71@mailservice.com,"7839 Main St, Philadelphia, PA 15787"
Jane I. Davis,jane.davis96@fakemail.net,"9682 2nd Ave, San Jose, FL 86941"
Michael G. Miller,michael.miller66@testmail.com,"351 Cedar Rd, Phoenix, OH 31607"
Michael H. Jones,michael.jones54@fakemail.net,"8970 Pine St, Chicago, NC 90866"
Jane A. Smith,jane.smith18@example.com,"8615 Cedar Rd, Philadelphia, FL 59097"
William  Smith,william.smith73@example.com,"2489 2nd Ave, Houston, PA 89834"
Jane I. Rodriguez,jane.rodriguez83@mailservice.com,"9791 Cedar Rd, Phoenix, TX 46861"
David F. Rodriguez,david.rodriguez11@example.com,"7766 Pine St, Los Angeles, PA 56465"
David G. Johnson,david.johnson21@testmail.com,"3744 Maple Ave, San Jose, IL 71557"
Michael F. Williams,michael.williams64@myemail.org,"7947 Elm St, San Jose, PA 54818"
Michael  Martinez,michael.martinez74@testmail.com,"4204 Elm St, Chicago, GA 31484"
Jessica A. Johnson,jessica.johnson25@example.com,"6260 Elm St, San Jose, TX 29524"
William C. Davis,william.davis24@mailservice.com,"3465 Willow Ln, Chicago, PA 96305"
Jane J. Garcia,jane.garcia60@testmail.com,"803 Willow Ln, Los Angeles, PA 75063"
William J. Martinez,william.martinez50@fakemail.net,"3564 Pine St, Phoenix, NC 84065"
Jessica C. Garcia,jessica.garcia48@mailservice.com,"4138 Main St, San Jose, PA 26004"
John J. Rodriguez,john.rodriguez45@fakemail.net,"9039 Maple Ave, Houston, OH 99922"
John A. Davis,john.davis93@fakemail.net,"9168 Main St, San Antonio, TX 72648"
John C. Jones,john.jones78@mailservice.com,"3356 Elm St, Philadelphia, CA 82940"
Jessica F. Smith,jessica.smith18@testmail.com,"5517 Willow Ln, San Jose, CA 23599"
Jessica H. Martinez,jessica.martinez90@myemail.org,"4218 Pine St, Dallas, PA 19628"
Linda H. Brown,linda.brown89@myemail.org,"6953 Main St, Phoenix, CA 21731"
David A. Williams,david.williams55@myemail.org,"3801 Main St, Phoenix, CA 40005"
John G. Williams,john.williams52@myemail.org,"2021 Maple Ave, San Jose, OH 23281"
Linda J. Brown,linda.brown47@testmail.com,"392 Cedar Rd, San Jose, NC 67841"
William I. Miller,william.miller40@example.com,"1525 Broadway, New York, FL 64623"
Sarah I. Miller,sarah.miller12@myemail.org,"5766 Sunset Blvd, Los Angeles, GA 67158"
William H. Williams,william.williams89@mailservice.com,"6983 Main St, Los Angeles, GA 14183"
Michael  Smith,michael.smith48@testmail.com,"6239 Main St, Philadelphia, IL 51545"
William I. Johnson,william.johnson58@example.com,"4779 Broadway, San Antonio, FL 31094"
Linda B. Williams,linda.williams17@testmail.com,"6896 Oak Dr, San Diego, FL 18966"
Sarah  Miller,sarah.miller14@mailservice.com,"161 Sunset Blvd, Phoenix, IL 27979"
Michael B. Brown,michael.brown15@example.com,"6975 2nd Ave, Dallas, IL 62609"
Linda J. Smith,linda.smith97@myemail.org,"767 Pine St, San Diego, GA 47664"
Jane  Williams,jane.williams95@testmail.com,"243 Broadway, San Jose, OH 29465"
Emily B. Rodriguez,emily.rodriguez56@testmail.com,"6091 Broadway, San Jose, OH 91797"
Sarah H. Williams,sarah.williams85@mailservice.com,"3304 Maple Ave, Houston, IL 64080"
David I. Davis,david.davis12@mailservice.com,"5347 Broadway, Chicago, NC 22913"
Emily B. Jones,emily.jones57@myemail.org,"7672 Broadway, New York, NC 23896"
Jessica D. Martinez,jessica.martinez10@mailservice.com,"7327 Main St, Los Angeles, AZ 60697"
Michael A. Miller,michael.miller67@myemail.org,"8941 Pine St, Los Angeles, CA 28706"
John G. Brown,john.brown37@example.com,"2593 Cedar Rd, Philadelphia, PA 65575"
Michael G. Miller,michael.miller42@testmail.com,"911 Elm St, San Jose, OH 54663"
Sarah I. Smith,sarah.smith59@example.com,"2190 Maple Ave, Phoenix, OH 10077"
Emily E. Rodriguez,emily.rodriguez35@example.com,"9861 Broadway, New York, NY 17031"
Sarah B. Rodriguez,sarah.rodriguez25@fakemail.net,"1055 Oak Dr, Chicago, FL 19459"
Robert H. Smith,robert.smith88@myemail.org,"5826 Pine St, Phoenix, FL 99101"
John D. Brown,john.brown11@fakemail.net,"3423 Maple Ave, Los Angeles, TX 59836"
Emily A. Brown,emily.brown87@mailservice.com,"677 Willow Ln, Phoenix, NC 77087"
Emily E. Smith,emily.smith48@fakemail.net,"4966 Cedar Rd, San Jose, GA 17845"
John J. Smith,john.smith53@testmail.com,"8431 Maple Ave, Houston, NY 21733"
Linda J. Miller,linda.miller68@testmail.com,"1899 Sunset Blvd, Philadelphia, OH 36919"
Emily E. Brown,emily.brown21@fakemail.net,"1905 Sunset Blvd, Houston, NC 97353"
Jane C. Brown,jane.brown64@myemail.org,"6246 Pine St, Houston, NY 10302"
Sarah D. Davis,sarah.davis93@myemail.org,"3422 Pine St, San Antonio, OH 97513"
Emily C. Miller,emily.miller74@myemail.org,"3793 Maple Ave, San Diego, PA 44211"
David G. Williams,david.williams19@fakemail.net,"6226 Broadway, Phoenix, FL 85346"
Linda G. Garcia,linda.garcia90@example.com,"3059 Broadway, Phoenix, FL 17009"
William G. Rodriguez,william.rodriguez13@testmail.com,"8600 Maple Ave, San Antonio, OH 42386"
Jessica C. Smith,jessica.smith74@mailservice.com,"6708 Maple Ave, Phoenix, TX 60253"
Linda  Smith,linda.smith79@testmail.com,"5853 Maple Ave, Phoenix, CA 38727"
Linda H. Garcia,linda.garcia84@testmail.com,"7178 Sunset Blvd, San Diego, TX 22219"
Jessica B. Rodriguez,jessica.rodriguez79@myemail.org,"7040 Cedar Rd, Chicago, OH 40848"
Emily B. Rodriguez,emily.rodriguez14@mailservice.com,"5069 Cedar Rd, Houston, PA 53139"
David F. Miller,david.miller73@testmail.com,"4017 Oak Dr, San Jose, CA 28629"
Robert I. Brown,robert.brown31@example.com,"1378 Elm St, New York, OH 19343"
Emily I. Smith,emily.smith89@example.com,"2574 Oak Dr, Los Angeles, AZ 16474"
David C. Williams,david.williams57@myemail.org,"2376 2nd Ave, San Antonio, GA 85523"
David J. Miller,david.miller39@myemail.org,"6382 Elm St, Dallas, NC 17132"
Linda I. Johnson,linda.johnson54@mailservice.com,"515 Maple Ave, Chicago, TX 61220"
Sarah H. Jones,sarah.jones31@myemail.org,"6077 Pine St, San Antonio, CA 80740"
Jane J. Brown,jane.brown95@testmail.com,"1509 Willow Ln, San Jose, CA 72811"
William D. Garcia,william.garcia45@example.com,"4913 Pine St, Los Angeles, NC 85143"
John  Smith,john.smith30@myemail.org,"7662 Pine St, San Antonio, PA 64331"
David A. Williams,david.williams52@mailservice.com,"2686 Main St, Chicago, IL 45642"
Michael E. Martinez,michael.martinez37@example.com,"1741 Main St, Philadelphia, CA 13688"
William E. Smith,william.smith21@fakemail.net,"4336 Willow Ln, San Jose, NC 20064"
Linda H. Williams,linda.williams94@example.com,"3556 Pine St, Phoenix, OH 32685"
Jane H. Brown,jane.brown60@testmail.com,"5490 Cedar Rd, New York, AZ 15968"
Linda B. Brown,linda.brown41@myemail.org,"3115 Maple Ave, Dallas, TX 86195"
Sarah B. Jones,sarah.jones15@myemail.org,"6773 Willow Ln, Dallas, PA 18410"
Jane J. Garcia,jane.garcia82@mailservice.com,"5375 Elm St, Los Angeles, FL 58458"
John G. Jones,john.jones88@fakemail.net,"7907 Willow Ln, San Jose, FL 20427"
John I. Johnson,john.johnson18@myemail.org,"3477 Main St, San Jose, GA 67586"
Linda I. Rodriguez,linda.rodriguez38@myemail.org,"3736 Pine St, Philadelphia, CA 56412"
Sarah E. Jones,sarah.jones40@myemail.org,"206 Sunset Blvd, Dallas, PA 42860"
John I. Johnson,john.johnson58@myemail.org,"2831 Broadway, Philadelphia, NY 88738"
William B. Smith,william.smith59@mailservice.com,"7252 Broadway, Dallas, PA 58365"
John C. Rodriguez,john.rodriguez52@myemail.org,"8917 Willow Ln, Phoenix, GA 12560"
Sarah D. Davis,sarah.davis53@fakemail.net,"4281 2nd Ave, San Antonio, NC 69002"
Sarah E. Williams,sarah.williams17@myemail.org,"6788 Broadway, New York, NY 82547"
Michael  Rodriguez,michael.rodriguez29@fakemail.net,"9448 Cedar Rd, San Antonio, PA 55630"
Linda H. Martinez,linda.martinez42@testmail.com,"1287 Sunset Blvd, San Jose, PA 52915"
David E. Johnson,david.johnson31@mailservice.com,"4070 Sunset Blvd, Philadelphia, NC 25619"
Sarah A. Garcia,sarah.garcia50@myemail.org,"9940 Maple Ave, Los Angeles, OH 50629"
John I. Garcia,john.garcia72@fakemail.net,"5701 Main St, Chicago, OH 30325"
David H. Brown,david.brown92@mailservice.com,"5180 Maple Ave, Dallas, CA 82137"
Robert E. Johnson,robert.johnson74@myemail.org,"3711 2nd Ave, Houston, NC 90539"
William B. Brown,william.brown44@testmail.com,"5052 Cedar Rd, New York, NC 21330"
Emily C. Rodriguez,emily.rodriguez81@example.com,"8859 Willow Ln, San Antonio, NC 90019"
Linda C. Martinez,linda.martinez81@mailservice.com,"6559 2nd Ave, New York, NC 83598"
Linda I. Jones,linda.jones62@myemail.org,"6923 Oak Dr, San Diego, AZ 33389"
Linda D. Rodriguez,linda.rodriguez27@fakemail.net,"6608 Cedar Rd, Phoenix, OH 93435"
Linda F. Martinez,linda.martinez26@myemail.org,"5493 Elm St, Dallas, IL 54507"
Michael  Johnson,michael.johnson54@fakemail.net,"3983 Oak Dr, San Jose, NC 18117"
John J. Jones,john.jones26@testmail.com,"7247 Broadway, San Jose, GA 65439"
John B. Martinez,john.martinez82@myemail.org,"9675 2nd Ave, Los Angeles, NC 74772"
Jane C. Smith,jane.smith33@mailservice.com,"1526 Oak Dr, Philadelphia, IL 60708"
Sarah A. Rodriguez,sarah.rodriguez76@testmail.com,"4345 Cedar Rd, New York, PA 20108"
Sarah A. Brown,sarah.brown11@testmail.com,"4429 Main St, Los Angeles, IL 28554"
Michael  Johnson,michael.johnson16@myemail.org,"9847 2nd Ave, Phoenix, NY 80760"
David D. Miller,david.miller19@example.com,"2200 Maple Ave, Dallas, CA 82662"
Jessica H. Rodriguez,jessica.rodriguez98@testmail.com,"7712 Pine St, Houston, TX 52048"
Linda J. Brown,linda.brown49@myemail.org,"5171 Oak Dr, Phoenix, OH 25578"
John H. Davis,john.davis17@fakemail.net,"2050 Pine St, New York, NC 50038"
William J. Smith,william.smith72@myemail.org,"6300 2nd Ave, San Antonio, NC 80722"
Robert J. Davis,robert.davis80@mailservice.com,"4215 2nd Ave, San Jose, CA 74049"
John E. Rodriguez,john.rodriguez37@mailservice.com,"8705 2nd Ave, San Jose, GA 80016"
William B. Martinez,william.martinez63@fakemail.net,"4323 Willow Ln, San Antonio, NC 36927"
Emily C. Garcia,emily.garcia12@myemail.org,"1770 Willow Ln, Phoenix, AZ 18327"
Jane H. Williams,jane.williams35@example.com,"2212 2nd Ave, Houston, CA 28073"
Emily F. Garcia,emily.garcia39@mailservice.com,"7066 2nd Ave, Chicago, FL 11236"
Sarah D. Miller,sarah.miller26@mailservice.com,"4428 Cedar Rd, New York, IL 56033"
Emily B. Smith,emily.smith46@testmail.com,"8466 Elm St, Los Angeles, NC 42193"
Michael H. Miller,michael.miller53@mailservice.com,"1831 Broadway, San Antonio, NY 66767"
William  Johnson,william.johnson77@myemail.org,"200 Sunset Blvd, Los Angeles, GA 27821"
David D. Miller,david.miller91@mailservice.com,"2225 Sunset Blvd, Dallas, PA 35202"
Emily D. Martinez,emily.martinez83@example.com,"8476 Pine St, Dallas, PA 66083"
Jessica H. Miller,jessica.miller27@example.com,"2019 Willow Ln, Houston, GA 33125"
William J. Brown,william.brown91@testmail.com,"5261 Cedar Rd, Philadelphia, OH 73089"
John H. Miller,john.miller83@myemail.org,"6078 Broadway, San Diego, TX 73932"
John B. Brown,john.brown39@mailservice.com,"5225 Cedar Rd, San Jose, GA 39202"
Emily  Williams,emily.williams12@example.com,"2797 Cedar Rd, Chicago, OH 78037"
Jane J. Davis,jane.davis23@fakemail.net,"2641 Maple Ave, San Diego, AZ 80287"
Linda B. Rodriguez,linda.rodriguez94@example.com,"8879 Pine St, Phoenix, TX 13431"
Robert C. Martinez,robert.martinez36@testmail.com,"1691 Pine St, Chicago, FL 33766"
Linda  Smith,linda.smith20@fakemail.net,"3004 Broadway, Philadelphia, CA 71525"
Jessica H. Miller,jessica.miller72@example.com,"116 Oak Dr, Phoenix, CA 67119"
Jessica G. Brown,jessica.brown32@myemail.org,"1030 Cedar Rd, Houston, CA 26480"
Emily G. Jones,emily.jones42@myemail.org,"9492 Elm St, Los Angeles, GA 72656"
Jane J. Miller,jane.miller47@testmail.com,"8360 2nd Ave, San Diego, IL 93224"
William D. Martinez,william.martinez69@mailservice.com,"3597 Cedar Rd, Philadelphia, NY 37835"
Jane G. Brown,jane.brown72@example.com,"9083 Oak Dr, Houston, GA 17304"
Michael C. Williams,michael.williams26@mailservice.com,"8518 Sunset Blvd, Philadelphia, NY 74301"
Robert J. Davis,robert.davis54@testmail.com,"3871 Pine St, San Jose, NC 51531"
Emily F. Smith,emily.smith84@fakemail.net,"4648 Elm St, Dallas, OH 82244"
Linda C. Brown,linda.brown21@testmail.com,"1773 Pine St, Houston, TX 85331"
Linda I. Rodriguez,linda.rodriguez86@fakemail.net,"7503 Cedar Rd, Chicago, IL 52874"
Emily I. Williams,emily.williams48@myemail.org,"1187 Elm St, Dallas, AZ 78019"
William C. Davis,william.davis72@myemail.org,"3558 Sunset Blvd, Dallas, CA 97742"
Jessica B. Martinez,jessica.martinez93@testmail.com,"7442 2nd Ave, Phoenix, TX 10581"
Sarah A. Martinez,sarah.martinez88@mailservice.com,"7700 Main St, San Jose, FL 82703"
Emily D. Williams,emily.williams37@testmail.com,"9865 Main St, San Antonio, PA 52632"
Robert C. Garcia,robert.garcia31@mailservice.com,"6148 Main St, Houston, AZ 10511"
David G. Garcia,david.garcia50@myemail.org,"9352 Elm St, Chicago, NY 43489"
Emily J. Miller,emily.miller84@example.com,"1428 Sunset Blvd, San Jose, FL 31225"
Linda J. Miller,linda.miller52@testmail.com,"4719 Sunset Blvd, San Jose, PA 69736"
Jane J. Jones,jane.jones79@mailservice.com,"2181 Sunset Blvd, San Jose, FL 67334"
David  Garcia,david.garcia55@fakemail.net,"9435 Broadway, Dallas, GA 82908"
Sarah J. Garcia,sarah.garcia71@example.com,"6153 Main St, Chicago, FL 68719"
Jessica J. Davis,jessica.davis24@fakemail.net,"6566 Pine St, Philadelphia, PA 79599"
Linda B. Brown,linda.brown93@mailservice.com,"4762 Pine St, Los Angeles, TX 97131"
Jessica I. Miller,jessica.miller61@example.com,"3206 Willow Ln, Dallas, OH 75817"
Robert E. Jones,robert.jones19@testmail.com,"5721 2nd Ave, New York, CA 91594"
David I. Williams,david.williams22@myemail.org,"4804 Main St, Houston, CA 20268"
Jane E. Jones,jane.jones47@fakemail.net,"1186 Sunset Blvd, Philadelphia, FL 98851"
David D. Johnson,david.johnson64@testmail.com,"9666 Willow Ln, San Jose, FL 92256"
Robert A. Smith,robert.smith65@myemail.org,"8635 2nd Ave, New York, NY 47905"
Michael J. Johnson,michael.johnson95@myemail.org,"3280 Cedar Rd, Chicago, OH 34850"
William C. Davis,william.davis82@fakemail.net,"4047 Sunset Blvd, Dallas, PA 30886"
David F. Brown,david.brown67@fakemail.net,"1469 Main St, Los Angeles, FL 32003"
Michael G. Martinez,michael.martinez88@testmail.com,"9726 Pine St, Phoenix, NC 40223"
Linda D. Miller,linda.miller94@testmail.com,"2952 Maple Ave, Houston, OH 31378"
John A. Johnson,john.johnson13@testmail.com,"5302 Elm St, Houston, GA 32078"
Sarah H. Brown,sarah.brown23@testmail.com,"8513 Cedar Rd, Phoenix, CA 91513"
Michael B. Rodriguez,michael.rodriguez41@mailservice.com,"3461 Main St, Phoenix, PA 19807"
Linda G. Jones,linda.jones42@myemail.org,"9416 2nd Ave, Houston, GA 91558"
Michael A. Miller,michael.miller46@example.com,"2364 Willow Ln, San Jose, OH 73624"
John I. Martinez,john.martinez78@fakemail.net,"7871 Willow Ln, Houston, IL 59102"
Jane C. Williams,jane.williams18@myemail.org,"8620 Willow Ln, Los Angeles, IL 11393"
Michael E. Smith,michael.smith68@example.com,"5579 Oak Dr, Chicago, CA 56653"
David  Rodriguez,david.rodriguez62@fakemail.net,"4021 Cedar Rd, Chicago, TX 17414"
Sarah E. Johnson,sarah.johnson91@myemail.org,"2803 Sunset Blvd, San Antonio, NC 71149"
David D. Rodriguez,david.rodriguez40@testmail.com,"2596 Main St, Philadelphia, OH 74086"
Jane D. Jones,jane.jones10@myemail.org,"9654 Willow Ln, San Antonio, CA 55859"
John B. Miller,john.miller70@testmail.com,"1202 Elm St, New York, IL 66511"
Robert I. Smith,robert.smith22@mailservice.com,"8063 Cedar Rd, Dallas, TX 69235"
Linda G. Davis,linda.davis74@testmail.com,"1115 Maple Ave, Dallas, NY 92673"
Jessica G. Smith,jessica.smith72@myemail.org,"4652 Oak Dr, Philadelphia, IL 87448"
David G. Martinez,david.martinez28@fakemail.net,"2769 Willow Ln, Chicago, AZ 40812"
John G. Brown,john.brown80@fakemail.net,"3305 Elm St, Dallas, NY 45641"
Michael E. Johnson,michael.johnson16@testmail.com,"3292 Maple Ave, San Diego, IL 41289"
John I. Rodriguez,john.rodriguez78@example.com,"6028 Sunset Blvd, San Jose, TX 88313"
Linda C. Garcia,linda.garcia69@example.com,"2929 Willow Ln, Houston, NY 36256"
Jane A. Miller,jane.miller93@mailservice.com,"8467 Maple Ave, San Diego, NY 78071"
Linda J. Williams,linda.williams78@fakemail.net,"3060 Pine St, New York, GA 58675"
William A. Smith,william.smith53@myemail.org,"1207 Pine St, San Diego, NC 10306"
Emily A. Brown,emily.brown52@mailservice.com,"3856 Oak Dr, Phoenix, NC 17357"
John I. Smith,john.smith42@mailservice.com,"367 2nd Ave, San Antonio, PA 88569"
Jessica A. Johnson,jessica.johnson92@example.com,"4370 Broadway, San Antonio, OH 97665"
Robert H. Johnson,robert.johnson84@testmail.com,"6317 Pine St, San Jose, FL 80267"
Jane C. Garcia,jane.garcia20@mailservice.com,"4398 Willow Ln, Houston, IL 17041"
Robert B. Rodriguez,robert.rodriguez31@example.com,"3280 Willow Ln, Philadelphia, CA 48111"
David J. Miller,david.miller49@mailservice.com,"9843 2nd Ave, Houston, FL 87636"
William D. Rodriguez,william.rodriguez32@testmail.com,"240 Broadway, New York, TX 47602"
Michael G. Rodriguez,michael.rodriguez39@myemail.org,"5507 Willow Ln, Houston, AZ 63320"
Jessica B. Rodriguez,jessica.rodriguez64@myemail.org,"6699 Maple Ave, Los Angeles, OH 19163"
Linda  Smith,linda.smith30@myemail.org,"1589 Oak Dr, Philadelphia, NC 33605"
Jane A. Johnson,jane.johnson22@myemail.org,"8820 Willow Ln, San Jose, OH 40978"
Michael  Rodriguez,michael.rodriguez46@fakemail.net,"9812 Oak Dr, Phoenix, NY 29465"
Jane G. Rodriguez,jane.rodriguez57@myemail.org,"4673 Sunset Blvd, Chicago, GA 66541"
Emily H. Brown,emily.brown73@fakemail.net,"4340 Maple Ave, San Jose, AZ 25688"
John D. Smith,john.smith44@myemail.org,"6977 Sunset Blvd, Phoenix, NC 94050"
William H. Jones,william.jones43@testmail.com,"3013 Broadway, Philadelphia, PA 85717"
Michael F. Davis,michael.davis33@example.com,"4349 Oak Dr, Philadelphia, IL 97563"
Emily E. Davis,emily.davis23@myemail.org,"8379 Elm St, San Diego, NY 46234"
Jessica D. Rodriguez,jessica.rodriguez99@example.com,"1974 Cedar Rd, San Jose, TX 28796"
David B. Rodriguez,david.rodriguez85@example.com,"6749 Elm St, Houston, IL 60659"
Jessica C. Jones,jessica.jones71@myemail.org,"4807 Broadway, San Diego, PA 42050"
Linda G. Garcia,linda.garcia28@testmail.com,"9762 Main St, San Diego, NY 92499"
William H. Garcia,william.garcia25@fakemail.net,"8100 Pine St, Chicago, FL 55254"
Robert J. Rodriguez,robert.rodriguez25@testmail.com,"1209 Cedar Rd, San Diego, PA 17857"
Emily G. Smith,emily.smith93@myemail.org,"1698 Cedar Rd, Los Angeles, TX 91814"
William G. Davis,william.davis18@fakemail.net,"3809 Cedar Rd, San Diego, AZ 15892"
David B. Johnson,david.johnson77@fakemail.net,"9890 Willow Ln, Philadelphia, NC 98468"
Robert G. Davis,robert.davis43@myemail.org,"6959 Broadway, San Diego, GA 43317"
Robert H. Davis,robert.davis52@testmail.com,"5250 Oak Dr, Chicago, CA 44146"
Emily I. Jones,emily.jones97@myemail.org,"9416 2nd Ave, San Diego, TX 73608"
Linda E. Williams,linda.williams26@myemail.org,"5343 Maple Ave, Philadelphia, NY 45321"
John G. Brown,john.brown49@example.com,"7890 Elm St, Los Angeles, TX 44478"
William  Miller,william.miller23@mailservice.com,"9076 Cedar Rd, San Diego, GA 96319"
Linda  Miller,linda.miller38@example.com,"5705 2nd Ave, San Diego, CA 83544"
Jessica E. Williams,jessica.williams66@example.com,"7864 Cedar Rd, San Diego, PA 94888"
Sarah G. Johnson,sarah.johnson53@fakemail.net,"2870 2nd Ave, Phoenix, CA 55316"
Michael A. Martinez,michael.martinez99@myemail.org,"1220 2nd Ave, Philadelphia, NY 19468"
Jane C. Martinez,jane.martinez63@testmail.com,"4886 2nd Ave, Houston, OH 88183"
William E. Brown,william.brown24@example.com,"270 2nd Ave, New York, IL 32075"
Emily F. Martinez,emily.martinez36@example.com,"1549 Maple Ave, San Jose, PA 22107"
Jane H. Rodriguez,jane.rodriguez25@mailservice.com,"4026 Elm St, Dallas, NY 72336"
Jane C. Garcia,jane.garcia74@fakemail.net,"3916 Willow Ln, Los Angeles, TX 71645"
Robert G. Smith,robert.smith14@example.com,"4465 Main St, Houston, IL 22636"
Jane B. Davis,jane.davis28@myemail.org,"4086 Sunset Blvd, Philadelphia, FL 90596"
David I. Rodriguez,david.rodriguez94@fakemail.net,"1138 Main St, San Jose, OH 35270"
Sarah  Davis,sarah.davis39@testmail.com,"4601 Maple Ave, Philadelphia, CA 47501"
Linda E. Jones,linda.jones27@mailservice.com,"6254 Oak Dr, San Diego, IL 91718"
Michael B. Jones,michael.jones72@fakemail.net,"6923 2nd Ave, San Jose, IL 29198"
John B. Martinez,john.martinez73@mailservice.com,"2478 Cedar Rd, Los Angeles, PA 74242"
Jessica F. Johnson,jessica.johnson28@example.com,"4754 Cedar Rd, Philadelphia, IL 94993"
David H. Jones,david.jones84@myemail.org,"8454 Cedar Rd, San Diego, NY 15709"
John F. Rodriguez,john.rodriguez13@mailservice.com,"9092 Main St, Dallas, AZ 47233"
Linda F. Williams,linda.williams90@myemail.org,"4650 Maple Ave, Philadelphia, TX 24012"
Michael F. Smith,michael.smith95@myemail.org,"6962 2nd Ave, Houston, NC 13045"
Linda B. Garcia,linda.garcia64@example.com,"9697 Broadway, New York, AZ 31485"
Emily E. Miller,emily.miller12@myemail.org,"1499 Main St, Chicago, FL 33796"
Michael E. Rodriguez,michael.rodriguez91@fakemail.net,"4752 Oak Dr, Philadelphia, AZ 11526"
David  Miller,david.miller74@testmail.com,"6150 Sunset Blvd, New York, NC 65289"
Jane J. Brown,jane.brown17@example.com,"2304 Broadway, Phoenix, TX 84357"
Robert E. Jones,robert.jones14@mailservice.com,"2778 Broadway, San Jose, FL 95340"
Jane  Miller,jane.miller80@example.com,"1118 Main St, San Antonio, OH 33632"
Michael  Garcia,michael.garcia30@fakemail.net,"779 Willow Ln, Chicago, CA 11389"
Jessica D. Martinez,jessica.martinez53@fakemail.net,"7276 Elm St, Philadelphia, NC 79242"
Jane A. Brown,jane.brown83@fakemail.net,"1237 Main St, Phoenix, GA 44548"
Linda A. Johnson,linda.johnson49@example.com,"6638 Pine St, Chicago, NC 37086"
John  Smith,john.smith49@example.com,"9175 Broadway, San Jose, TX 50580"
Jessica D. Jones,jessica.jones30@testmail.com,"4469 Cedar Rd, Dallas, IL 15717"
John D. Garcia,john.garcia95@testmail.com,"9213 Sunset Blvd, New York, NY 42196"
John B. Garcia,john.garcia21@myemail.org,"4928 Oak Dr, San Diego, GA 49640"
Sarah H. Miller,sarah.miller41@myemail.org,"7724 Sunset Blvd, Phoenix, TX 61314"
David  Davis,david.davis71@mailservice.com,"5818 Pine St, New York, PA 17085"
Jessica A. Smith,jessica.smith65@mailservice.com,"1421 Broadway, Houston, NC 21921"
Sarah B. Johnson,sarah.johnson85@example.com,"8680 Oak Dr, Los Angeles, AZ 73255"
David H. Garcia,david.garcia37@fakemail.net,"4532 Pine St, San Jose, GA 79800"
William B. Smith,william.smith78@mailservice.com,"9223 Elm St, New York, TX 10499"
Sarah B. Jones,sarah.jones56@fakemail.net,"6768 Main St, New York, PA 45227"
Sarah D. Rodriguez,sarah.rodriguez19@fakemail.net,"1677 Oak Dr, San Jose, OH 99910"
Linda H. Johnson,linda.johnson17@myemail.org,"571 Sunset Blvd, Houston, NY 40519"
Michael B. Martinez,michael.martinez60@mailservice.com,"8212 Main St, San Jose, NY 77290"
William F. Smith,william.smith99@mailservice.com,"4224 Broadway, Dallas, NC 79449"
Linda J. Jones,linda.jones61@testmail.com,"7149 Maple Ave, San Jose, GA 29212"
Emily B. Davis,emily.davis24@myemail.org,"5675 Pine St, Dallas, AZ 10459"
Emily  Garcia,emily.garcia55@mailservice.com,"3868 Oak Dr, Los Angeles, AZ 95340"
Jane I. Jones,jane.jones49@fakemail.net,"948 Elm St, Houston, FL 53022"
Linda D. Smith,linda.smith23@testmail.com,"5670 Pine St, Dallas, IL 11893"
Emily A. Rodriguez,emily.rodriguez59@mailservice.com,"1956 Willow Ln, Los Angeles, NY 11203"
Robert J. Williams,robert.williams14@myemail.org,"6984 Sunset Blvd, San Diego, PA 38275"
Robert H. Jones,robert.jones80@example.com,"3538 Cedar Rd, Dallas, IL 68382"
Jane D. Garcia,jane.garcia56@example.com,"773 Maple Ave, San Antonio, NY 61829"
John F. Jones,john.jones30@testmail.com,"6236 Elm St, San Jose, AZ 87940"
William D. Martinez,william.martinez69@example.com,"8027 Elm St, San Jose, GA 65289"
David E. Brown,david.brown91@example.com,"2329 Cedar Rd, Houston, TX 19520"
William B. Brown,william.brown39@testmail.com,"2818 2nd Ave, San Jose, FL 70786"
William E. Rodriguez,william.rodriguez26@fakemail.net,"9972 Oak Dr, New York, FL 80091"
John  Miller,john.miller95@fakemail.net,"5278 Oak Dr, San Diego, CA 13244"
Sarah I. Rodriguez,sarah.rodriguez69@mailservice.com,"1741 Maple Ave, San Antonio, CA 24894"
Linda D. Smith,linda.smith98@testmail.com,"5128 Main St, San Jose, GA 74468"
Jane E. Miller,jane.miller92@testmail.com,"9205 Willow Ln, San Jose, IL 25794"
Linda F. Smith,linda.smith98@fakemail.net,"3390 Willow Ln, San Jose, TX 40223"
Sarah G. Rodriguez,sarah.rodriguez17@testmail.com,"175 Main St, San Diego, CA 25372"
Jessica I. Garcia,jessica.garcia65@fakemail.net,"2323 Sunset Blvd, San Jose, PA 45664"
Jane  Jones,jane.jones34@testmail.com,"9475 Elm St, Philadelphia, PA 37185"
Sarah D. Brown,sarah.brown91@example.com,"6165 Main St, New York, FL 47324"
David C. Smith,david.smith74@example.com,"7652 Cedar Rd, Phoenix, AZ 12436"
William I. Smith,william.smith63@fakemail.net,"2755 Willow Ln, San Jose, NC 49677"
Emily G. Davis,emily.davis11@mailservice.com,"2595 Oak Dr, Philadelphia, NY 76817"
Robert C. Williams,robert.williams71@mailservice.com,"9449 Main St, Phoenix, FL 61897"
Michael E. Jones,michael.jones49@mailservice.com,"6215 Elm St, Dallas, PA 20633"
Linda G. Miller,linda.miller12@fakemail.net,"9309 Sunset Blvd, Houston, NC 80066"
Emily  Davis,emily.davis74@myemail.org,"2371 Cedar Rd, Dallas, FL 63529"
Emily E. Martinez,emily.martinez90@example.com,"5391 Maple Ave, Houston, GA 59689"
Linda J. Rodriguez,linda.rodriguez45@testmail.com,"9712 Maple Ave, New York, PA 58496"
Emily J. Brown,emily.brown24@mailservice.com,"6116 Broadway, New York, AZ 34085"
Jessica  Davis,jessica.davis49@mailservice.com,"9663 Broadway, Phoenix, FL 50923"
David D. Davis,david.davis90@fakemail.net,"5262 Elm St, Chicago, NY 23603"
Jane C. Garcia,jane.garcia38@mailservice.com,"5631 2nd Ave, San Diego, CA 73832"
Jessica A. Miller,jessica.miller17@testmail.com,"5392 Willow Ln, Houston, AZ 23042"
Robert H. Jones,robert.jones83@testmail.com,"4866 Maple Ave, San Antonio, NC 94722"
Robert H. Rodriguez,robert.rodriguez38@mailservice.com,"4179 2nd Ave, Houston, CA 35233"
John F. Jones,john.jones37@fakemail.net,"6455 Elm St, San Jose, GA 98439"
Emily I. Davis,emily.davis57@testmail.com,"2626 Willow Ln, Chicago, TX 59351"
Emily G. Johnson,emily.johnson72@example.com,"5394 Main St, San Jose, IL 60253"
Jane  Smith,jane.smith44@fakemail.net,"1403 Broadway, Houston, NC 25571"
David D. Williams,david.williams64@mailservice.com,"7131 Cedar Rd, San Diego, PA 21230"
Robert F. Davis,robert.davis17@example.com,"1964 Cedar Rd, Philadelphia, CA 89558"
Robert D. Williams,robert.williams92@myemail.org,"7880 Oak Dr, New York, FL 44555"
Sarah H. Garcia,sarah.garcia16@fakemail.net,"7227 Oak Dr, New York, AZ 63323"
John B. Davis,john.davis13@myemail.org,"9204 Main St, Phoenix, NY 54515"
William  Miller,william.miller41@fakemail.net,"6168 Willow Ln, Houston, FL 10575"
Linda F. Johnson,linda.johnson89@mailservice.com,"775 Sunset Blvd, New York, IL 43906"
William  Rodriguez,william.rodriguez39@myemail.org,"4493 Sunset Blvd, San Diego, NC 72347"
Sarah  Jones,sarah.jones37@mailservice.com,"1791 Elm St, San Diego, NY 76689"
Sarah F. Johnson,sarah.johnson94@myemail.org,"6406 Sunset Blvd, Chicago, AZ 93758"
Linda E. Jones,linda.jones79@myemail.org,"1094 Willow Ln, Phoenix, GA 60735"
David E. Williams,david.williams87@myemail.org,"5455 Broadway, New York, NC 56737"
Emily B. Williams,emily.williams79@example.com,"5389 Broadway, Phoenix, GA 87318"
John E. Jones,john.jones34@fakemail.net,"9893 Cedar Rd, Houston, OH 55751"
Emily H. Rodriguez,emily.rodriguez30@mailservice.com,"1259 Broadway, San Jose, GA 59222"
Robert A. Garcia,robert.garcia33@testmail.com,"7642 Broadway, Chicago, FL 87666"
John F. Jones,john.jones50@example.com,"7260 Cedar Rd, Los Angeles, GA 17423"
Linda E. Miller,linda.miller88@example.com,"4019 Sunset Blvd, Phoenix, FL 78176"
Robert C. Davis,robert.davis52@testmail.com,"1720 Sunset Blvd, New York, GA 65611"
Robert F. Williams,robert.williams42@fakemail.net,"1504 Main St, San Jose, AZ 82694"
Sarah C. Jones,sarah.jones22@testmail.com,"7976 Oak Dr, Chicago, IL 35202"
Sarah H. Johnson,sarah.johnson29@testmail.com,"7094 2nd Ave, Los Angeles, PA 14464"
David E. Davis,david.davis89@myemail.org,"7821 Pine St, Philadelphia, AZ 10949"
Sarah A. Garcia,sarah.garcia86@mailservice.com,"3488 Maple Ave, Chicago, AZ 66616"
William F. Davis,william.davis70@example.com,"7468 Maple Ave, San Jose, NC 17657"
Jane H. Johnson,jane.johnson79@example.com,"6644 Elm St, Philadelphia, IL 74464"
Sarah E. Martinez,sarah.martinez72@fakemail.net,"3258 Pine St, San Diego, CA 61648"
Robert D. Johnson,robert.johnson82@fakemail.net,"5771 Elm St, Phoenix, TX 43841"
Emily D. Johnson,emily.johnson31@mailservice.com,"2848 Cedar Rd, San Jose, CA 21649"
William C. Brown,william.brown27@testmail.com,"2981 Broadway, San Antonio, CA 43807"
David  Davis,david.davis41@myemail.org,"4661 Cedar Rd, Houston, FL 58096"
Robert B. Garcia,robert.garcia13@example.com,"8140 Sunset Blvd, San Antonio, GA 33632"
William H. Williams,william.williams61@example.com,"8649 Elm St, New York, PA 84249"
Robert F. Garcia,robert.garcia52@mailservice.com,"4067 Maple Ave, Los Angeles, IL 51996"
Sarah J. Brown,sarah.brown92@example.com,"4977 Main St, New York, NY 11369"
Jane  Davis,jane.davis44@testmail.com,"4554 Maple Ave, Los Angeles, CA 84329"
William A. Williams,william.williams93@testmail.com,"5213 Maple Ave, Philadelphia, AZ 92613"
William F. Miller,william.miller12@myemail.org,"8417 Broadway, San Jose, PA 72178"
David J. Garcia,david.garcia75@example.com,"2434 Cedar Rd, Phoenix, NC 80596"
Sarah C. Smith,sarah.smith51@example.com,"7624 Elm St, Philadelphia, NY 77487"
Michael J. Jones,michael.jones19@myemail.org,"9554 Broadway, Chicago, NY 23379"
Emily  Rodriguez,emily.rodriguez89@myemail.org,"2908 Cedar Rd, San Diego, FL 61583"
David D. Smith,david.smith83@myemail.org,"955 Cedar Rd, San Diego, OH 21193"
John E. Jones,john.jones82@testmail.com,"2653 Elm St, Houston, GA 41494"
Michael B. Garcia,michael.garcia88@example.com,"9129 Maple Ave, New York, CA 13867"
Sarah F. Miller,sarah.miller83@example.com,"3218 Pine St, Los Angeles, AZ 33689"
Michael G. Miller,michael.miller81@mailservice.com,"4842 Cedar Rd, Philadelphia, OH 29225"
John J. Jones,john.jones81@myemail.org,"8604 2nd Ave, Los Angeles, OH 72616"
Sarah B. Williams,sarah.williams69@mailservice.com,"6326 Broadway, New York, CA 25370"
David J. Smith,david.smith65@testmail.com,"1241 Willow Ln, Houston, GA 26611"
Robert  Rodriguez,robert.rodriguez81@example.com,"9422 Sunset Blvd, Houston, NY 90157"
Sarah A. Williams,sarah.williams25@mailservice.com,"2756 Oak Dr, San Jose, PA 70610"
William C. Martinez,william.martinez89@example.com,"9023 Main St, San Antonio, AZ 72683"
Emily A. Smith,emily.smith36@mailservice.com,"5913 Broadway, Phoenix, OH 39685"
Jessica F. Williams,jessica.williams62@mailservice.com,"1377 Oak Dr, Houston, OH 72342"
Emily A. Davis,emily.davis57@example.com,"3581 Maple Ave, Dallas, NY 29609"
Linda B. Martinez,linda.martinez76@myemail.org,"1617 Willow Ln, Houston, GA 82124"
Sarah I. Jones,sarah.jones72@example.com,"3251 Willow Ln, San Antonio, FL 26285"
Jane A. Brown,jane.brown74@fakemail.net,"8140 Elm St, San Antonio, CA 12455"
Sarah J. Miller,sarah.miller95@mailservice.com,"3824 Pine St, Chicago, TX 39620"
Michael E. Williams,michael.williams24@testmail.com,"9982 Oak Dr, Dallas, NC 27121"
Robert I. Rodriguez,robert.rodriguez39@mailservice.com,"7132 Broadway, Los Angeles, AZ 54214"
Michael A. Rodriguez,michael.rodriguez85@myemail.org,"8646 Sunset Blvd, Phoenix, GA 30747"
Jane A. Johnson,jane.johnson42@mailservice.com,"2621 Maple Ave, Houston, AZ 63493"
Sarah H. Jones,sarah.jones60@example.com,"5551 2nd Ave, Dallas, FL 54793"
David A. Rodriguez,david.rodriguez43@fakemail.net,"1787 Cedar Rd, Dallas, CA 48850"
David E. Davis,david.davis96@fakemail.net,"3802 Oak Dr, Philadelphia, NY 62884"
Emily H. Davis,emily.davis60@mailservice.com,"7133 Cedar Rd, Houston, TX 49793"
Sarah A. Brown,sarah.brown60@fakemail.net,"5587 Willow Ln, San Antonio, CA 60131"
Robert D. Johnson,robert.johnson96@mailservice.com,"6748 Sunset Blvd, New York, IL 57055"
David  Rodriguez,david.rodriguez94@example.com,"9867 Maple Ave, San Jose, TX 66836"
Emily D. Williams,emily.williams97@mailservice.com,"6957 Maple Ave, San Antonio, PA 42959"
John  Davis,john.davis59@mailservice.com,"6757 Willow Ln, Houston, CA 92017"
John J. Miller,john.miller16@mailservice.com,"1345 Broadway, Chicago, CA 98137"
John C. Johnson,john.johnson36@myemail.org,"2066 Maple Ave, Houston, NY 26394"
Sarah C. Davis,sarah.davis76@testmail.com,"2889 Elm St, Philadelphia, TX 69505"
Jessica I. Williams,jessica.williams64@myemail.org,"5990 Main St, Chicago, NC 69743"
Robert  Martinez,robert.martinez93@mailservice.com,"3433 Broadway, Phoenix, CA 42338"
David F. Davis,david.davis58@mailservice.com,"9590 Main St, San Diego, IL 83958"
David A. Brown,david.brown81@example.com,"2130 Main St, Phoenix, AZ 60656"
Jessica C. Johnson,jessica.johnson45@fakemail.net,"797 Main St, Philadelphia, NC 59956"
Michael E. Rodriguez,michael.rodriguez86@mailservice.com,"3526 Pine St, San Diego, NY 95746"
Sarah J. Miller,sarah.miller81@testmail.com,"9410 Pine St, Chicago, NC 73695"
Michael  Smith,michael.smith65@example.com,"7349 Elm St, Houston, IL 32430"
Jane B. Johnson,jane.johnson18@myemail.org,"1714 Main St, San Antonio, GA 46164"
Sarah B. Miller,sarah.miller71@myemail.org,"3110 Maple Ave, New York, CA 37913"
Sarah C. Brown,sarah.brown47@example.com,"2098 Sunset Blvd, Los Angeles, IL 79177"
John J. Brown,john.brown43@testmail.com,"2118 Willow Ln, Houston, FL 17707"
Jane J. Rodriguez,jane.rodriguez35@example.com,"1443 Willow Ln, San Jose, IL 74577"
Jane C. Smith,jane.smith49@fakemail.net,"1155 Oak Dr, New York, PA 54338"
Linda B. Martinez,linda.martinez14@example.com,"2732 2nd Ave, San Jose, PA 51420"
William J. Johnson,william.johnson33@mailservice.com,"6855 Elm St, San Antonio, NY 98058"
Jane D. Jones,jane.jones49@testmail.com,"794 Willow Ln, San Jose, IL 89821"
Michael C. Smith,michael.smith64@example.com,"2426 Elm St, San Diego, FL 90171"
John  Jones,john.jones31@mailservice.com,"9626 Oak Dr, Phoenix, PA 37332"
Michael I. Martinez,michael.martinez66@fakemail.net,"2159 Pine St, Chicago, GA 88738"
Sarah  Martinez,sarah.martinez88@mailservice.com,"4888 Broadway, Los Angeles, TX 15461"
Michael J. Brown,michael.brown58@mailservice.com,"2334 Elm St, Phoenix, NC 13227"
Sarah I. Garcia,sarah.garcia89@myemail.org,"3114 Main St, San Antonio, NY 37680"
Michael J. Garcia,michael.garcia36@myemail.org,"3874 Elm St, Los Angeles, NY 55089"
David  Jones,david.jones66@example.com,"7183 Willow Ln, Houston, NY 45105"
Robert D. Garcia,robert.garcia70@fakemail.net,"7195 Cedar Rd, Los Angeles, NC 59548"
Jane B. Davis,jane.davis53@example.com,"9236 2nd Ave, Philadelphia, FL 81051"
John B. Brown,john.brown78@mailservice.com,"7572 2nd Ave, San Diego, FL 90689"
Linda B. Davis,linda.davis50@example.com,"5252 Oak Dr, Philadelphia, NC 60631"
William D. Smith,william.smith49@fakemail.net,"6050 Maple Ave, Houston, NC 76381"
Sarah G. Johnson,sarah.johnson16@fakemail.net,"5988 Oak Dr, New York, FL 12272"
Linda  Smith,linda.smith33@mailservice.com,"1539 Oak Dr, Houston, CA 33037"
Jane D. Smith,jane.smith88@testmail.com,"9118 Willow Ln, Houston, OH 70134"
Robert H. Martinez,robert.martinez88@mailservice.com,"257 Maple Ave, Houston, OH 20900"
Jane D. Johnson,jane.johnson23@mailservice.com,"5300 Broadway, Philadelphia, CA 80167"
David G. Smith,david.smith99@example.com,"6591 Pine St, New York, CA 10159"
Michael H. Rodriguez,michael.rodriguez64@testmail.com,"1729 Elm St, Dallas, OH 77957"
Emily I. Rodriguez,emily.rodriguez27@example.com,"1349 2nd Ave, New York, AZ 95711"
David J. Jones,david.jones38@myemail.org,"770 Elm St, Chicago, IL 91735"
David A. Garcia,david.garcia19@example.com,"2585 2nd Ave, San Antonio, TX 68722"
Michael E. Miller,michael.miller45@myemail.org,"2691 Broadway, Chicago, TX 91796"
Linda G. Garcia,linda.garcia12@fakemail.net,"9791 Sunset Blvd, New York, PA 36919"
Jessica G. Martinez,jessica.martinez31@fakemail.net,"288 Sunset Blvd, San Diego, FL 48383"
Jane I. Davis,jane.davis31@mailservice.com,"1068 2nd Ave, Phoenix, GA 33637"
Michael J. Smith,michael.smith24@example.com,"9417 Elm St, San Diego, NC 78617"
Sarah H. Jones,sarah.jones24@example.com,"5193 Broadway, Houston, NC 46947"
Linda D. Davis,linda.davis76@mailservice.com,"3330 Oak Dr, New York, FL 29210"
Jane A. Jones,jane.jones98@fakemail.net,"4903 Oak Dr, Houston, NY 11227"
John I. Johnson,john.johnson17@mailservice.com,"4813 Cedar Rd, Dallas, AZ 70535"
Jessica J. Garcia,jessica.garcia21@mailservice.com,"1772 Cedar Rd, San Diego, IL 63266"
Michael C. Johnson,michael.johnson33@fakemail.net,"4641 Sunset Blvd, Houston, OH 74550"
William C. Smith,william.smith18@testmail.com,"9376 Main St, Dallas, GA 61136"
Jessica B. Rodriguez,jessica.rodriguez51@myemail.org,"2468 Broadway, San Antonio, IL 42780"
Sarah H. Miller,sarah.miller33@myemail.org,"2137 Willow Ln, Phoenix, NY 18819"
Linda B. Smith,linda.smith91@mailservice.com,"6205 Pine St, Philadelphia, AZ 49095"
William A. Martinez,william.martinez14@myemail.org,"2752 Main St, Houston, OH 53105"
Michael C. Smith,michael.smith27@myemail.org,"4052 Willow Ln, Los Angeles, GA 85354"
Jane J. Davis,jane.davis79@example.com,"4988 Sunset Blvd, Houston, NC 21481"
John D. Brown,john.brown29@myemail.org,"2473 Cedar Rd, Dallas, TX 12352"
Robert A. Brown,robert.brown44@fakemail.net,"1108 Maple Ave, Houston, FL 13081"
David E. Johnson,david.johnson45@mailservice.com,"5391 Main St, San Diego, CA 18405"
Emily E. Martinez,emily.martinez68@mailservice.com,"4439 Elm St, San Diego, CA 69888"
William J. Rodriguez,william.rodriguez22@myemail.org,"1594 Oak Dr, Chicago, NC 37232"
Robert C. Miller,robert.miller80@testmail.com,"6396 Oak Dr, Philadelphia, NC 83644"
Jessica H. Brown,jessica.brown76@mailservice.com,"2307 Elm St, San Jose, AZ 63320"
John H. Brown,john.brown76@myemail.org,"5300 Elm St, San Jose, PA 31502"
Sarah I. Miller,sarah.miller30@testmail.com,"3616 Main St, San Antonio, CA 28686"
Robert D. Rodriguez,robert.rodriguez10@mailservice.com,"1372 Cedar Rd, San Diego, NC 75441"
Robert D. Jones,robert.jones35@example.com,"9754 Maple Ave, Dallas, PA 98706"
Robert E. Johnson,robert.johnson14@testmail.com,"191 Main St, San Antonio, FL 63063"
David B. Williams,david.williams91@fakemail.net,"6807 Pine St, San Diego, NY 19326"
Michael A. Garcia,michael.garcia32@testmail.com,"3889 Willow Ln, San Diego, FL 44680"
Robert I. Jones,robert.jones42@example.com,"3963 Main St, San Jose, GA 30628"
John C. Davis,john.davis36@myemail.org,"4518 Elm St, Houston, PA 14218"
David I. Miller,david.miller84@fakemail.net,"7553 Cedar Rd, Dallas, OH 78615"
Linda J. Jones,linda.jones71@fakemail.net,"4130 Pine St, Los Angeles, OH 91926"
Jane E. Smith,jane.smith53@example.com,"6690 2nd Ave, San Jose, NY 94295"
David A. Williams,david.williams67@myemail.org,"2592 Main St, New York, CA 62688"
Jane C. Jones,jane.jones33@example.com,"5343 Sunset Blvd, San Antonio, IL 65330"
David H. Smith,david.smith86@myemail.org,"9092 Cedar Rd, San Antonio, PA 18192"
Emily I. Garcia,emily.garcia15@testmail.com,"8914 Elm St, Phoenix, NC 80941"
Michael I. Brown,michael.brown31@example.com,"8264 Cedar Rd, New York, AZ 66543"
William E. Davis,william.davis93@fakemail.net,"8365 Willow Ln, San Jose, OH 87674"
John  Garcia,john.garcia94@mailservice.com,"2198 Oak Dr, Dallas, TX 98502"
Emily E. Brown,emily.brown83@mailservice.com,"1951 Sunset Blvd, Chicago, CA 52838"
Jessica J. Smith,jessica.smith24@fakemail.net,"1196 Maple Ave, Dallas, FL 14297"
David  Jones,david.jones93@testmail.com,"1506 Main St, San Antonio, AZ 68093"
David A. Jones,david.jones96@testmail.com,"2587 Sunset Blvd, Los Angeles, NY 90553"
John  Jones,john.jones35@example.com,"9359 2nd Ave, Dallas, NC 25367"
Linda A. Johnson,linda.johnson65@testmail.com,"6538 Pine St, New York, TX 68100"
David  Smith,david.smith64@example.com,"9489 Broadway, Los Angeles, GA 63408"
David J. Jones,david.jones73@testmail.com,"8274 Oak Dr, San Diego, IL 41889"
Jane B. Jones,jane.jones71@mailservice.com,"9358 Cedar Rd, San Antonio, GA 31596"
David C. Miller,david.miller31@mailservice.com,"6005 Main St, Los Angeles, CA 28267"
William G. Martinez,william.martinez77@myemail.org,"1206 Willow Ln, Phoenix, GA 77501"
Jane C. Jones,jane.jones17@mailservice.com,"8942 Willow Ln, San Diego, GA 51223"
Robert  Garcia,robert.garcia46@example.com,"3988 Main St, San Diego, IL 80091"
John A. Johnson,john.johnson64@mailservice.com,"4408 Main St, Chicago, CA 49593"
Sarah I. Jones,sarah.jones88@fakemail.net,"6705 Willow Ln, San Antonio, CA 29465"
Robert F. Johnson,robert.johnson28@example.com,"9495 Cedar Rd, Phoenix, AZ 96845"
John A. Martinez,john.martinez50@fakemail.net,"3586 Main St, New York, AZ 59608"
David C. Miller,david.miller17@example.com,"2933 2nd Ave, San Diego, GA 49702"
Emily J. Brown,emily.brown55@mailservice.com,"5051 Elm St, San Jose, AZ 81539"
Michael  Miller,michael.miller70@example.com,"7262 Cedar Rd, Los Angeles, NY 89264"
David B. Davis,david.davis84@myemail.org,"2974 Broadway, New York, OH 15546"
John  Johnson,john.johnson27@mailservice.com,"7686 Oak Dr, Chicago, FL 86656"
William F. Garcia,william.garcia70@fakemail.net,"4787 Maple Ave, Chicago, PA 49876"
Sarah J. Garcia,sarah.garcia57@example.com,"647 Willow Ln, Phoenix, AZ 68521"
William C. Miller,william.miller24@fakemail.net,"2749 Pine St, Philadelphia, FL 92244"
Emily H. Miller,emily.miller67@testmail.com,"5240 Broadway, San Antonio, GA 40808"
William  Brown,william.brown67@example.com,"7202 2nd Ave, New York, IL 42298"
Jane  Garcia,jane.garcia87@testmail.com,"8378 Oak Dr, San Diego, CA 36233"
David  Johnson,david.johnson81@mailservice.com,"833 Oak Dr, Philadelphia, FL 26053"
David H. Brown,david.brown53@mailservice.com,"128 Broadway, San Jose, PA 39435"
Sarah A. Williams,sarah.williams21@myemail.org,"5404 Oak Dr, Houston, NY 33167"
Michael H. Smith,michael.smith44@mailservice.com,"1261 Maple Ave, Houston, NC 88994"
Michael B. Williams,michael.williams49@myemail.org,"9228 Cedar Rd, Houston, NY 88467"
Robert  Johnson,robert.johnson50@mailservice.com,"8305 Pine St, San Antonio, TX 33726"
William D. Garcia,william.garcia64@mailservice.com,"1876 Broadway, San Antonio, IL 32097"
David I. Miller,david.miller43@mailservice.com,"3600 Pine St, Chicago, NY 39135"
David G. Jones,david.jones35@example.com,"4877 Broadway, Houston, IL 32163"
Jessica G. Davis,jessica.davis21@mailservice.com,"8039 Main St, New York, IL 35854"
William E. Rodriguez,william.rodriguez70@example.com,"5485 Cedar Rd, Chicago, PA 82523"
Jane I. Martinez,jane.martinez20@testmail.com,"1959 Cedar Rd, Los Angeles, NC 56463"
David  Garcia,david.garcia30@mailservice.com,"9696 2nd Ave, Chicago, TX 67252"
Robert F. Garcia,robert.garcia59@example.com,"3410 Main St, San Diego, AZ 39980"
David F. Williams,david.williams36@fakemail.net,"5862 Willow Ln, New York, OH 81368"
Linda A. Brown,linda.brown29@mailservice.com,"5011 Oak Dr, Chicago, GA 94866"
David F. Brown,david.brown74@myemail.org,"9529 2nd Ave, Los Angeles, IL 98342"
Linda J. Williams,linda.williams42@mailservice.com,"4237 Sunset Blvd, Philadelphia, PA 15932"
William F. Johnson,william.johnson34@example.com,"3202 Maple Ave, Los Angeles, AZ 22175"
Emily I. Johnson,emily.johnson82@fakemail.net,"1060 Maple Ave, San Antonio, NY 35859"
Sarah E. Brown,sarah.brown88@mailservice.com,"1933 Maple Ave, San Diego, AZ 96455"
Sarah F. Miller,sarah.miller32@example.com,"4118 Broadway, Dallas, NY 18321"
John F. Davis,john.davis55@example.com,"4566 Pine St, Dallas, GA 12411"
Jane H. Brown,jane.brown81@myemail.org,"5911 Sunset Blvd, San Jose, FL 15996"
Robert B. Smith,robert.smith89@testmail.com,"5814 Pine St, San Antonio, NC 85376"
Jane D. Jones,jane.jones49@myemail.org,"2893 2nd Ave, Houston, FL 18192"
Sarah J. Garcia,sarah.garcia65@example.com,"6251 Elm St, Phoenix, IL 84077"
Linda I. Garcia,linda.garcia70@testmail.com,"8779 Cedar Rd, San Jose, NC 95748"
Sarah G. Johnson,sarah.johnson89@testmail.com,"8004 Sunset Blvd, Philadelphia, FL 56987"
Jessica D. Williams,jessica.williams93@example.com,"5535 Elm St, Houston, IL 26039"
Michael D. Smith,michael.smith93@fakemail.net,"8987 Elm St, Philadelphia, GA 98524"
Jane E. Garcia,jane.garcia91@mailservice.com,"4249 Sunset Blvd, San Jose, AZ 38364"
William F. Jones,william.jones96@mailservice.com,"2831 Sunset Blvd, New York, TX 80169"
Jessica C. Rodriguez,jessica.rodriguez53@fakemail.net,"3015 Oak Dr, New York, PA 73057"
John C. Garcia,john.garcia15@testmail.com,"4144 Cedar Rd, Houston, TX 21502"
Linda D. Williams,linda.williams35@myemail.org,"1372 Sunset Blvd, San Diego, IL 38792"
Jessica H. Garcia,jessica.garcia22@myemail.org,"2362 Maple Ave, San Jose, TX 99338"
Jessica F. Davis,jessica.davis32@testmail.com,"1680 2nd Ave, San Antonio, PA 23042"
Jessica E. Miller,jessica.miller52@testmail.com,"9927 Maple Ave, Chicago, TX 90741"
David A. Davis,david.davis92@fakemail.net,"6483 Willow Ln, Houston, IL 52004"
William D. Martinez,william.martinez27@myemail.org,"4970 Pine St, Chicago, CA 83031"
Robert F. Jones,robert.jones41@fakemail.net,"1575 Elm St, San Diego, NY 78953"
Linda C. Brown,linda.brown20@myemail.org,"966 Main St, Dallas, CA 66586"
Robert I. Brown,robert.brown99@myemail.org,"9339 Oak Dr, San Jose, AZ 66571"
Michael C. Davis,michael.davis15@fakemail.net,"4060 Willow Ln, Dallas, TX 67360"
Jane A. Williams,jane.williams59@mailservice.com,"2580 Cedar Rd, San Antonio, FL 26678"
Emily E. Miller,emily.miller22@fakemail.net,"9733 Broadway, New York, IL 13981"
Linda H. Davis,linda.davis76@mailservice.com,"5185 Broadway, Chicago, AZ 73739"
John C. Smith,john.smith79@fakemail.net,"136 Willow Ln, Los Angeles, NY 60651"
Michael D. Rodriguez,michael.rodriguez85@mailservice.com,"1609 Broadway, Los Angeles, IL 79256"
Michael E. Williams,michael.williams36@example.com,"7056 Cedar Rd, Phoenix, AZ 59085"
Michael H. Rodriguez,michael.rodriguez56@mailservice.com,"6543 Pine St, Los Angeles, NC 12818"
Sarah  Davis,sarah.davis25@fakemail.net,"6997 Cedar Rd, Phoenix, PA 31250"
Robert E. Williams,robert.williams43@mailservice.com,"1075 Elm St, Phoenix, TX 91386"
David F. Smith,david.smith29@example.com,"292 2nd Ave, Chicago, NC 22144"
Jessica E. Rodriguez,jessica.rodriguez84@testmail.com,"4902 Cedar Rd, Phoenix, GA 90349"
David  Jones,david.jones98@testmail.com,"7280 Pine St, Philadelphia, IL 34047"
Emily I. Garcia,emily.garcia18@testmail.com,"2294 Sunset Blvd, Los Angeles, OH 46831"
Jessica J. Smith,jessica.smith86@fakemail.net,"3151 Cedar Rd, Los Angeles, GA 11797"
William G. Williams,william.williams12@example.com,"448 Willow Ln, San Jose, PA 87603"
John A. Garcia,john.garcia78@myemail.org,"4911 Elm St, Dallas, PA 41728"
John J. Rodriguez,john.rodriguez44@example.com,"4405 2nd Ave, San Antonio, OH 86679"
John I. Smith,john.smith94@mailservice.com,"3717 Main St, San Jose, CA 58683"
John  Miller,john.miller98@mailservice.com,"4207 2nd Ave, San Antonio, AZ 10353"
David B. Johnson,david.johnson89@myemail.org,"4999 Elm St, San Diego, FL 63167"
John I. Brown,john.brown33@example.com,"6040 Pine St, Dallas, NY 16199"
David E. Martinez,david.martinez53@example.com,"8974 Elm St, Dallas, IL 88408"
Linda J. Rodriguez,linda.rodriguez63@example.com,"644 Cedar Rd, Dallas, TX 32783"
Emily E. Johnson,emily.johnson31@example.com,"6207 Main St, Philadelphia, IL 30888"
Michael D. Williams,michael.williams96@fakemail.net,"2624 Sunset Blvd, San Antonio, CA 99775"
Jane I. Davis,jane.davis24@example.com,"3523 2nd Ave, Phoenix, TX 44425"
William J. Rodriguez,william.rodriguez75@fakemail.net,"283 Maple Ave, Dallas, OH 66483"
David I. Johnson,david.johnson14@fakemail.net,"6988 Pine St, San Diego, IL 90481"
John F. Davis,john.davis28@myemail.org,"2444 Oak Dr, San Jose, CA 91707"
Robert H. Johnson,robert.johnson18@fakemail.net,"8561 Main St, San Diego, FL 68721"
Michael E. Williams,michael.williams53@myemail.org,"2619 2nd Ave, Houston, IL 98564"
Sarah A. Miller,sarah.miller84@fakemail.net,"8405 Broadway, Phoenix, NY 44232"
Emily A. Rodriguez,emily.rodriguez22@mailservice.com,"5412 Maple Ave, Houston, NY 23169"
John C. Smith,john.smith25@fakemail.net,"8302 Willow Ln, New York, AZ 21193"
Sarah  Smith,sarah.smith30@example.com,"6627 Main St, Phoenix, GA 82272"
Emily D. Martinez,emily.martinez48@fakemail.net,"1571 Maple Ave, Chicago, NC 29833"
Linda E. Miller,linda.miller24@example.com,"8617 Main St, Dallas, FL 11238"
John J. Smith,john.smith69@myemail.org,"9413 Broadway, San Diego, IL 36682"
Sarah J. Jones,sarah.jones55@testmail.com,"9207 Cedar Rd, Phoenix, PA 77033"
David  Garcia,david.garcia85@example.com,"3031 Maple Ave, Los Angeles, FL 31389"
Emily H. Martinez,emily.martinez58@myemail.org,"6795 Cedar Rd, San Jose, TX 35005"
Emily A. Johnson,emily.johnson43@myemail.org,"9666 Pine St, San Diego, IL 18026"
Jessica J. Brown,jessica.brown44@testmail.com,"9367 Broadway, Houston, FL 78317"
David D. Garcia,david.garcia89@fakemail.net,"3271 Oak Dr, Philadelphia, IL 68100"
Linda E. Martinez,linda.martinez19@example.com,"8767 Sunset Blvd, Houston, NC 55486"
Jane B. Williams,jane.williams51@example.com,"8750 2nd Ave, Houston, TX 44564"
John  Martinez,john.martinez95@myemail.org,"8685 2nd Ave, Philadelphia, GA 45811"
Linda A. Davis,linda.davis96@testmail.com,"3935 Broadway, Dallas, PA 76581"
Sarah I. Smith,sarah.smith79@example.com,"1579 2nd Ave, San Jose, NY 97986"
Jane H. Rodriguez,jane.rodriguez47@testmail.com,"910 Oak Dr, Phoenix, NY 97102"
Jessica C. Jones,jessica.jones85@myemail.org,"454 Elm St, Philadelphia, GA 30770"
John C. Smith,john.smith57@testmail.com,"6772 Pine St, Los Angeles, GA 89746"
John C. Smith,john.smith90@mailservice.com,"5318 Pine St, Chicago, GA 36665"
David A. Jones,david.jones32@mailservice.com,"7956 Maple Ave, San Jose, CA 16263"
David C. Williams,david.williams65@testmail.com,"5173 2nd Ave, San Antonio, CA 94524"
David G. Garcia,david.garcia66@myemail.org,"7779 Pine St, Houston, TX 85347"
Jessica G. Rodriguez,jessica.rodriguez14@example.com,"5939 Pine St, New York, NY 94255"
William D. Garcia,william.garcia67@example.com,"249 Cedar Rd, Chicago, IL 37840"
Sarah  Williams,sarah.williams24@myemail.org,"4165 Oak Dr, New York, TX 69539"
William E. Rodriguez,william.rodriguez91@fakemail.net,"5419 Oak Dr, San Diego, FL 44449"
Robert H. Martinez,robert.martinez65@testmail.com,"2855 Broadway, Phoenix, GA 72342"
Jessica F. Davis,jessica.davis53@mailservice.com,"2224 Elm St, Chicago, OH 74146"
Jessica D. Davis,jessica.davis44@myemail.org,"2592 Cedar Rd, San Jose, TX 14345"
Robert A. Williams,robert.williams26@myemail.org,"1796 Pine St, Dallas, CA 26678"
Emily B. Garcia,emily.garcia53@myemail.org,"5913 Broadway, Philadelphia, IL 98724"
Sarah J. Johnson,sarah.johnson40@myemail.org,"2496 Oak Dr, Houston, OH 16605"
Jessica J. Smith,jessica.smith81@fakemail.net,"3782 Willow Ln, Dallas, PA 65090"
William G. Jones,william.jones91@mailservice.com,"4667 Broadway, Houston, CA 41293"
Sarah G. Miller,sarah.miller45@mailservice.com,"586 Sunset Blvd, San Diego, FL 61178"
Robert F. Martinez,robert.martinez14@mailservice.com,"9076 Main St, Dallas, TX 54949"
William B. Johnson,william.johnson84@example.com,"4639 Maple Ave, San Jose, PA 98429"
Emily H. Rodriguez,emily.rodriguez33@fakemail.net,"5703 Pine St, San Jose, NY 67557"
Sarah G. Garcia,sarah.garcia39@example.com,"7376 Willow Ln, Dallas, PA 48304"
Jessica I. Johnson,jessica.johnson12@testmail.com,"5664 Broadway, Dallas, NY 71825"
William D. Smith,william.smith20@example.com,"8502 Cedar Rd, Dallas, AZ 80251"
Robert D. Williams,robert.williams38@fakemail.net,"5947 Broadway, Philadelphia, NY 92946"
Linda E. Rodriguez,linda.rodriguez28@testmail.com,"6535 Pine St, New York, PA 49558"
John A. Jones,john.jones83@fakemail.net,"3864 Cedar Rd, Houston, OH 85095"
Emily I. Rodriguez,emily.rodriguez20@testmail.com,"8801 Sunset Blvd, San Diego, AZ 86008"
Michael A. Williams,michael.williams25@myemail.org,"155 Sunset Blvd, New York, FL 43540"
Emily C. Jones,emily.jones41@example.com,"2813 Main St, Dallas, IL 88670"
Jane E. Rodriguez,jane.rodriguez38@fakemail.net,"1770 Pine St, Dallas, TX 17127"
Sarah H. Garcia,sarah.garcia90@mailservice.com,"4413 Maple Ave, New York, OH 81957"
Jessica B. Davis,jessica.davis36@fakemail.net,"9291 Oak Dr, Dallas, GA 33854"
Michael  Rodriguez,michael.rodriguez82@mailservice.com,"6383 Broadway, Los Angeles, NC 42853"
Jane H. Williams,jane.williams67@example.com,"4012 Main St, Los Angeles, NC 48619"
Linda  Rodriguez,linda.rodriguez48@mailservice.com,"4272 Maple Ave, San Diego, AZ 38981"
David C. Jones,david.jones10@fakemail.net,"4892 Oak Dr, Houston, NY 95007"
Emily B. Davis,emily.davis63@example.com,"7841 Broadway, San Diego, CA 90019"
Emily H. Jones,emily.jones64@myemail.org,"8840 Willow Ln, Philadelphia, PA 38347"
Robert J. Garcia,robert.garcia18@myemail.org,"1334 Sunset Blvd, San Jose, AZ 64774"
William B. Brown,william.brown74@myemail.org,"2192 Main St, Philadelphia, PA 80397"
Jessica E. Brown,jessica.brown92@testmail.com,"2230 Oak Dr, Los Angeles, NY 91978"
Emily J. Miller,emily.miller62@testmail.com,"8295 Pine St, San Diego, OH 16892"
Michael B. Martinez,michael.martinez23@example.com,"4911 Main St, Houston, IL 39838"
William J. Davis,william.davis52@fakemail.net,"136 Main St, San Jose, NC 43635"
Jessica B. Miller,jessica.miller75@testmail.com,"2676 Oak Dr, Dallas, CA 80169"
David A. Jones,david.jones82@myemail.org,"6513 Oak Dr, New York, NC 89837"
Jessica B. Smith,jessica.smith10@fakemail.net,"3772 Elm St, San Jose, PA 46821"
Jane E. Williams,jane.williams35@example.com,"1599 Pine St, Los Angeles, OH 93528"
Emily F. Williams,emily.williams10@example.com,"6915 Pine St, Houston, NY 44784"
Emily I. Williams,emily.williams51@fakemail.net,"9108 Main St, San Diego, IL 29779"
Jane E. Martinez,jane.martinez28@testmail.com,"893 Elm St, Phoenix, PA 51864"
Jane  Miller,jane.miller46@testmail.com,"7051 Elm St, Chicago, TX 42894"
Robert G. Johnson,robert.johnson88@testmail.com,"3793 Willow Ln, Philadelphia, TX 73295"
Linda H. Williams,linda.williams10@example.com,"1870 Cedar Rd, Los Angeles, IL 21165"
William I. Jones,william.jones29@myemail.org,"2910 Oak Dr, New York, OH 18683"
Linda C. Brown,linda.brown84@myemail.org,"6482 Elm St, New York, AZ 80767"
Michael G. Williams,michael.williams84@fakemail.net,"3476 Main St, Phoenix, IL 16664"
David F. Garcia,david.garcia98@testmail.com,"966 Elm St, Houston, FL 98075"
Linda  Davis,linda.davis37@myemail.org,"1325 Cedar Rd, Los Angeles, OH 98166"
Jessica H. Brown,jessica.brown44@testmail.com,"2880 Main St, Dallas, FL 59993"
Emily E. Williams,emily.williams20@fakemail.net,"4222 Willow Ln, Phoenix, NC 54956"
John E. Williams,john.williams99@myemail.org,"5921 Pine St, San Antonio, CA 50471"
Emily D. Davis,emily.davis40@myemail.org,"1264 Main St, Philadelphia, CA 70424"
Michael B. Johnson,michael.johnson52@mailservice.com,"4677 Cedar Rd, Philadelphia, PA 13804"
David J. Davis,david.davis95@myemail.org,"1060 Maple Ave, Houston, AZ 66911"
Jessica I. Martinez,jessica.martinez73@fakemail.net,"7719 Willow Ln, Dallas, CA 50815"
Robert B. Johnson,robert.johnson98@myemail.org,"6469 Sunset Blvd, San Jose, OH 66016"
Jane D. Martinez,jane.martinez39@example.com,"3217 2nd Ave, San Diego, CA 55375"
David B. Garcia,david.garcia89@example.com,"1419 Elm St, San Diego, OH 77438"
Robert F. Martinez,robert.martinez87@mailservice.com,"4093 Cedar Rd, Houston, PA 56159"
Robert E. Rodriguez,robert.rodriguez46@example.com,"3803 Oak Dr, Dallas, TX 57905"
Jane D. Davis,jane.davis10@myemail.org,"5873 2nd Ave, Philadelphia, NY 28888"
William  Rodriguez,william.rodriguez86@myemail.org,"1671 Oak Dr, San Antonio, FL 59295"
Jane F. Jones,jane.jones17@fakemail.net,"619 Broadway, Chicago, PA 53053"
David G. Garcia,david.garcia51@myemail.org,"8419 Oak Dr, Phoenix, CA 17200"
Linda F. Brown,linda.brown39@example.com,"4614 Willow Ln, Dallas, AZ 34397"
Sarah G. Davis,sarah.davis26@testmail.com,"3507 Willow Ln, San Jose, IL 52096"
Robert  Williams,robert.williams63@testmail.com,"914 Willow Ln, New York, NY 10429"
Robert J. Johnson,robert.johnson82@myemail.org,"2366 Main St, Chicago, NC 80513"
Emily A. Garcia,emily.garcia13@fakemail.net,"9490 Broadway, Los Angeles, TX 66270"
Jessica A. Garcia,jessica.garcia64@testmail.com,"8470 Willow Ln, San Diego, AZ 40418"
Linda  Garcia,linda.garcia85@testmail.com,"9219 Main St, New York, TX 35993"
Robert C. Williams,robert.williams50@testmail.com,"4162 Cedar Rd, San Jose, FL 74577"
David H. Jones,david.jones25@example.com,"7301 Sunset Blvd, New York, NC 64031"
Jessica G. Brown,jessica.brown62@mailservice.com,"6430 Cedar Rd, New York, CA 44255"
William D. Johnson,william.johnson58@myemail.org,"4809 Pine St, Houston, GA 15028"
Sarah  Smith,sarah.smith42@myemail.org,"2911 Maple Ave, San Diego, NY 27414"
Michael I. Davis,michael.davis64@testmail.com,"3712 Oak Dr, Chicago, FL 29764"
Sarah F. Williams,sarah.williams83@myemail.org,"2559 Sunset Blvd, Dallas, TX 11870"
Sarah B. Garcia,sarah.garcia53@fakemail.net,"455 2nd Ave, Phoenix, FL 13619"
William I. Garcia,william.garcia20@testmail.com,"5215 Maple Ave, Chicago, IL 13260"
Sarah  Williams,sarah.williams49@mailservice.com,"858 Willow Ln, Philadelphia, FL 38451"
Michael I. Smith,michael.smith71@testmail.com,"9466 Oak Dr, New York, NC 38338"
Sarah D. Smith,sarah.smith28@testmail.com,"6992 2nd Ave, San Antonio, FL 92078"
Sarah E. Johnson,sarah.johnson11@fakemail.net,"319 Cedar Rd, Dallas, CA 86632"
John D. Williams,john.williams15@fakemail.net,"6031 2nd Ave, Philadelphia, AZ 33063"
Jane B. Smith,jane.smith68@example.com,"7422 Main St, Phoenix, NC 13161"
David F. Rodriguez,david.rodriguez67@fakemail.net,"5485 Elm St, New York, CA 54179"
Emily F. Brown,emily.brown33@mailservice.com,"2543 Oak Dr, New York, CA 73057"
William A. Martinez,william.martinez81@testmail.com,"7173 Main St, San Antonio, PA 72528"
Jane D. Williams,jane.williams48@testmail.com,"8846 Sunset Blvd, Dallas, CA 45172"
David G. Brown,david.brown38@testmail.com,"9674 Elm St, Chicago, FL 61704"
Jessica H. Brown,jessica.brown45@mailservice.com,"5320 Oak Dr, Chicago, CA 78893"
David E. Rodriguez,david.rodriguez19@example.com,"8835 Elm St, Dallas, FL 79023"
Emily C. Williams,emily.williams26@myemail.org,"8123 2nd Ave, San Antonio, IL 75335"
Emily  Martinez,emily.martinez44@example.com,"6619 Pine St, San Diego, CA 42860"
Michael B. Brown,michael.brown47@example.com,"9072 Maple Ave, Houston, CA 70294"
John G. Johnson,john.johnson60@mailservice.com,"2253 2nd Ave, San Antonio, OH 30189"
Jessica D. Williams,jessica.williams15@myemail.org,"9425 Main St, Los Angeles, NY 27888"
Robert E. Johnson,robert.johnson66@myemail.org,"6238 Cedar Rd, Philadelphia, NY 83706"
Michael I. Johnson,michael.johnson58@testmail.com,"2881 Main St, Phoenix, TX 20339"
Jessica A. Rodriguez,jessica.rodriguez95@testmail.com,"4532 Willow Ln, San Antonio, IL 13541"
Linda H. Martinez,linda.martinez91@myemail.org,"4277 Willow Ln, Houston, CA 56418"
Jessica H. Miller,jessica.miller47@fakemail.net,"3723 Cedar Rd, Chicago, TX 65439"
Sarah I. Johnson,sarah.johnson86@fakemail.net,"4663 Broadway, Houston, IL 57376"
Emily G. Garcia,emily.garcia41@example.com,"1806 Oak Dr, Dallas, OH 98863"
Emily E. Johnson,emily.johnson55@fakemail.net,"5766 Maple Ave, Houston, TX 13803"
John H. Miller,john.miller93@testmail.com,"8002 Pine St, Dallas, NC 70161"
Robert J. Rodriguez,robert.rodriguez28@testmail.com,"2584 Sunset Blvd, Phoenix, FL 62872"
Robert E. Miller,robert.miller76@myemail.org,"1192 Pine St, Dallas, PA 41775"
Jessica B. Davis,jessica.davis62@myemail.org,"205 Pine St, San Diego, AZ 79313"
Robert H. Garcia,robert.garcia10@fakemail.net,"3802 Pine St, San Antonio, OH 78682"
William H. Martinez,william.martinez65@testmail.com,"7111 Maple Ave, New York, IL 42040"
Robert  Martinez,robert.martinez13@example.com,"6916 2nd Ave, Los Angeles, TX 85218"
Jane C. Jones,jane.jones88@myemail.org,"2396 Elm St, New York, GA 90217"
Jessica D. Williams,jessica.williams50@testmail.com,"5054 Oak Dr, San Jose, OH 30174"
Sarah D. Johnson,sarah.johnson75@mailservice.com,"2564 Main St, Los Angeles, CA 85438"
Linda C. Johnson,linda.johnson60@myemail.org,"4848 Oak Dr, Philadelphia, AZ 60524"
Jessica F. Jones,jessica.jones55@fakemail.net,"2068 Elm St, San Antonio, AZ 90103"
Robert H. Miller,robert.miller76@mailservice.com,"508 Sunset Blvd, New York, FL 37880"
Jessica I. Martinez,jessica.martinez91@fakemail.net,"6573 Sunset Blvd, Dallas, NY 95746"
Emily F. Miller,emily.miller58@example.com,"1417 Pine St, Philadelphia, FL 73173"
John H. Davis,john.davis64@fakemail.net,"3544 Willow Ln, New York, FL 57376"
Sarah E. Brown,sarah.brown32@fakemail.net,"8688 2nd Ave, Philadelphia, NY 33918"
Linda F. Davis,linda.davis15@mailservice.com,"1454 Main St, Dallas, NY 51088"
Sarah D. Miller,sarah.miller81@mailservice.com,"5149 Maple Ave, Phoenix, AZ 62835"
David E. Martinez,david.martinez94@testmail.com,"5746 Elm St, San Jose, PA 31484"
Sarah  Martinez,sarah.martinez72@mailservice.com,"6191 2nd Ave, New York, OH 85650"
Sarah A. Smith,sarah.smith98@myemail.org,"2645 2nd Ave, Los Angeles, PA 20771"
Sarah G. Garcia,sarah.garcia18@myemail.org,"9256 Cedar Rd, San Diego, IL 76616"
William B. Miller,william.miller86@fakemail.net,"8247 Oak Dr, Phoenix, AZ 27151"
Linda C. Williams,linda.williams21@fakemail.net,"149 Willow Ln, San Jose, IL 41624"
Emily I. Johnson,emily.johnson72@myemail.org,"1748 Sunset Blvd, Houston, FL 84372"
John G. Williams,john.williams43@example.com,"2704 Elm St, New York, NY 25596"
Sarah C. Johnson,sarah.johnson98@myemail.org,"3205 Willow Ln, San Diego, OH 35859"
Jessica H. Jones,jessica.jones74@example.com,"9532 Cedar Rd, San Diego, CA 57000"
Jane E. Garcia,jane.garcia51@mailservice.com,"3735 Cedar Rd, San Diego, IL 53083"
Sarah E. Rodriguez,sarah.rodriguez54@mailservice.com,"8845 Broadway, Houston, CA 16605"
Emily G. Miller,emily.miller39@example.com,"5871 Pine St, Los Angeles, CA 86160"
Linda I. Rodriguez,linda.rodriguez36@fakemail.net,"9745 Pine St, Los Angeles, NC 16602"
Sarah G. Brown,sarah.brown31@testmail.com,"4022 Pine St, Los Angeles, AZ 65611"
Emily H. Martinez,emily.martinez71@myemail.org,"4347 Pine St, Phoenix, GA 84584"
William G. Williams,william.williams35@myemail.org,"554 Maple Ave, Chicago, GA 94888"
William H. Miller,william.miller52@example.com,"810 Pine St, Dallas, TX 15164"
David H. Johnson,david.johnson97@testmail.com,"2265 Elm St, Chicago, OH 65307"
Jessica I. Rodriguez,jessica.rodriguez51@mailservice.com,"2625 Pine St, Philadelphia, AZ 34926"
Jessica B. Brown,jessica.brown51@myemail.org,"1768 Main St, San Diego, IL 68074"
Sarah I. Miller,sarah.miller43@testmail.com,"3015 2nd Ave, San Jose, TX 78183"
William J. Williams,william.williams38@myemail.org,"8268 Maple Ave, San Antonio, AZ 18514"
Sarah H. Jones,sarah.jones10@example.com,"3016 Oak Dr, Dallas, AZ 26805"
Jane F. Brown,jane.brown18@mailservice.com,"7560 Pine St, Dallas, OH 58588"
Jane B. Smith,jane.smith70@mailservice.com,"9633 Main St, San Diego, IL 66925"
Linda E. Brown,linda.brown15@mailservice.com,"6307 Broadway, Chicago, FL 62872"
Robert F. Smith,robert.smith72@mailservice.com,"7882 Elm St, Los Angeles, PA 30088"
Michael A. Smith,michael.smith14@mailservice.com,"6608 Pine St, Los Angeles, TX 45406"
Jessica B. Jones,jessica.jones77@mailservice.com,"1476 Broadway, New York, NY 87347"
William A. Jones,william.jones59@example.com,"5250 Maple Ave, Dallas, GA 92073"
David  Brown,david.brown33@myemail.org,"7072 2nd Ave, Philadelphia, OH 16445"
Jessica A. Brown,jessica.brown83@mailservice.com,"7812 Pine St, San Antonio, IL 36129"
Emily C. Rodriguez,emily.rodriguez87@example.com,"4552 Sunset Blvd, San Diego, TX 31556"
William F. Martinez,william.martinez27@example.com,"3349 Willow Ln, New York, PA 54407"
Sarah  Williams,sarah.williams36@fakemail.net,"8702 Oak Dr, San Jose, GA 69065"
William E. Johnson,william.johnson93@myemail.org,"9411 Elm St, San Antonio, NC 14201"
David E. Brown,david.brown70@myemail.org,"2970 Pine St, Chicago, AZ 16310"
John  Davis,john.davis70@mailservice.com,"6997 2nd Ave, San Diego, IL 38676"
William C. Davis,william.davis74@mailservice.com,"2917 Sunset Blvd, Dallas, IL 35201"
Robert A. Rodriguez,robert.rodriguez94@fakemail.net,"1913 Main St, Houston, IL 70924"
Sarah  Smith,sarah.smith64@example.com,"5683 Sunset Blvd, Houston, TX 69662"
Michael B. Jones,michael.jones86@fakemail.net,"6425 Willow Ln, Los Angeles, FL 87051"
Jessica G. Miller,jessica.miller99@mailservice.com,"7375 Maple Ave, Los Angeles, OH 89342"
Jessica  Williams,jessica.williams48@myemail.org,"9785 Sunset Blvd, San Jose, CA 73986"
Linda  Jones,linda.jones92@myemail.org,"6329 Willow Ln, New York, TX 43964"
John E. Williams,john.williams44@testmail.com,"4357 Pine St, San Diego, IL 53330"
Sarah  Martinez,sarah.martinez67@example.com,"5227 Main St, Houston, TX 58837"
Robert J. Williams,robert.williams26@testmail.com,"8750 2nd Ave, Houston, FL 46896"
Emily I. Brown,emily.brown67@testmail.com,"7242 Oak Dr, New York, TX 24761"
David C. Garcia,david.garcia60@example.com,"4055 Willow Ln, San Antonio, CA 38975"
William G. Rodriguez,william.rodriguez33@example.com,"9055 Sunset Blvd, San Diego, NC 30087"
David F. Martinez,david.martinez64@myemail.org,"121 Elm St, Houston, NC 23379"
John  Brown,john.brown79@mailservice.com,"8831 Elm St, New York, AZ 79009"
Robert C. Miller,robert.miller75@mailservice.com,"5434 Oak Dr, San Diego, IL 26691"
Michael J. Garcia,michael.garcia64@testmail.com,"2479 Main St, Philadelphia, OH 85346"
Jessica C. Garcia,jessica.garcia64@mailservice.com,"1694 Cedar Rd, Houston, GA 28017"
Linda J. Garcia,linda.garcia44@mailservice.com,"7530 Cedar Rd, New York, CA 64640"
John C. Garcia,john.garcia26@fakemail.net,"9190 Main St, San Antonio, IL 96828"
Sarah  Jones,sarah.jones90@fakemail.net,"1335 Maple Ave, Philadelphia, OH 88763"
David H. Miller,david.miller41@mailservice.com,"8696 Main St, San Antonio, GA 59102"
David A. Brown,david.brown54@mailservice.com,"849 Main St, Chicago, PA 31040"
Robert  Davis,robert.davis46@testmail.com,"4901 Main St, Philadelphia, NY 38153"
Robert E. Johnson,robert.johnson50@testmail.com,"9144 Maple Ave, Phoenix, TX 89819"
Sarah F. Garcia,sarah.garcia96@fakemail.net,"3722 Elm St, Phoenix, TX 37379"
Robert A. Rodriguez,robert.rodriguez17@myemail.org,"9751 Sunset Blvd, San Antonio, NY 56267"
David D. Brown,david.brown50@example.com,"2892 2nd Ave, Chicago, PA 44038"
Sarah C. Garcia,sarah.garcia13@myemail.org,"4770 Cedar Rd, San Diego, NC 93274"
John I. Jones,john.jones36@myemail.org,"4568 2nd Ave, Dallas, CA 19459"
David D. Rodriguez,david.rodriguez19@mailservice.com,"5457 Sunset Blvd, San Antonio, IL 34806"
Emily B. Smith,emily.smith96@example.com,"8603 Pine St, New York, CA 71462"
Robert E. Davis,robert.davis87@mailservice.com,"8285 Broadway, Philadelphia, FL 77257"
Michael I. Martinez,michael.martinez40@myemail.org,"8431 Willow Ln, San Diego, PA 82340"
Sarah B. Davis,sarah.davis45@myemail.org,"2662 Broadway, San Diego, OH 12099"
Jane A. Williams,jane.williams28@fakemail.net,"7813 Main St, San Diego, TX 34661"
Sarah J. Garcia,sarah.garcia48@fakemail.net,"7203 Sunset Blvd, Philadelphia, NY 77750"
Emily H. Smith,emily.smith30@myemail.org,"9705 Maple Ave, San Antonio, GA 34174"
Robert  Johnson,robert.johnson17@mailservice.com,"5647 Oak Dr, Philadelphia, AZ 22438"
Emily E. Williams,emily.williams35@myemail.org,"9078 Sunset Blvd, Philadelphia, IL 10313"
David  Davis,david.davis55@testmail.com,"9871 2nd Ave, Philadelphia, IL 98222"
Jane A. Johnson,jane.johnson30@testmail.com,"5134 Willow Ln, Dallas, IL 18829"
Jessica A. Brown,jessica.brown77@myemail.org,"9933 Maple Ave, San Diego, NC 65939"
Emily  Martinez,emily.martinez52@testmail.com,"1961 Broadway, Phoenix, PA 20824"
Sarah B. Johnson,sarah.johnson72@myemail.org,"4547 Main St, Phoenix, OH 81394"
David A. Miller,david.miller28@mailservice.com,"8149 Main St, Philadelphia, PA 44472"
Emily G. Martinez,emily.martinez84@example.com,"6212 Broadway, New York, TX 71740"
Sarah C. Williams,sarah.williams88@example.com,"5805 2nd Ave, San Antonio, TX 38980"
Linda G. Brown,linda.brown89@myemail.org,"1656 2nd Ave, San Jose, FL 11160"
Michael J. Smith,michael.smith84@myemail.org,"6873 Main St, Houston, IL 50438"
Robert I. Jones,robert.jones55@myemail.org,"262 Maple Ave, San Jose, GA 57184"
Michael A. Garcia,michael.garcia85@testmail.com,"1225 Main St, Dallas, AZ 96919"
Jane J. Martinez,jane.martinez44@myemail.org,"2532 Oak Dr, Houston, NC 12032"
Jessica B. Davis,jessica.davis52@myemail.org,"985 Elm St, Phoenix, TX 27926"
David  Rodriguez,david.rodriguez74@myemail.org,"934 Oak Dr, Phoenix, NY 47380"
John G. Martinez,john.martinez50@fakemail.net,"6220 Main St, Los Angeles, PA 41584"
Michael J. Johnson,michael.johnson41@myemail.org,"5140 Elm St, New York, AZ 25332"
David C. Brown,david.brown39@testmail.com,"2399 Broadway, Philadelphia, OH 18561"
John G. Garcia,john.garcia32@myemail.org,"6538 Sunset Blvd, Philadelphia, CA 47501"
Jessica A. Brown,jessica.brown24@fakemail.net,"4992 Sunset Blvd, Houston, PA 68636"
John E. Johnson,john.johnson24@fakemail.net,"6418 Elm St, New York, AZ 88408"
John B. Jones,john.jones90@myemail.org,"6482 Elm St, Phoenix, FL 90489"
John J. Williams,john.williams99@fakemail.net,"2613 Main St, Chicago, GA 68853"
Michael G. Rodriguez,michael.rodriguez60@testmail.com,"2967 Maple Ave, Dallas, IL 62145"
David A. Rodriguez,david.rodriguez91@mailservice.com,"898 Maple Ave, New York, TX 24104"
Jane  Davis,jane.davis63@mailservice.com,"274 Sunset Blvd, Dallas, NY 70207"
Jane C. Garcia,jane.garcia39@example.com,"6080 Main St, Dallas, NY 31919"
Jessica F. Davis,jessica.davis63@myemail.org,"9341 Main St, San Antonio, GA 58153"
Jessica J. Jones,jessica.jones17@myemail.org,"417 Oak Dr, Phoenix, CA 37669"
Emily F. Johnson,emily.johnson57@testmail.com,"9901 Pine St, Dallas, CA 89064"
Jane G. Brown,jane.brown79@mailservice.com,"7171 Cedar Rd, Phoenix, OH 29210"
Jessica F. Williams,jessica.williams12@myemail.org,"9399 Maple Ave, Los Angeles, NC 30447"
Jane  Williams,jane.williams72@mailservice.com,"9641 Elm St, Los Angeles, FL 64492"
John J. Jones,john.jones47@example.com,"118 Pine St, New York, IL 30783"
Jessica J. Martinez,jessica.martinez79@myemail.org,"7923 Broadway, San Diego, OH 18522"
David B. Johnson,david.johnson37@testmail.com,"2285 Oak Dr, Philadelphia, AZ 81777"
Emily  Williams,emily.williams75@example.com,"1973 2nd Ave, San Jose, TX 89783"
Robert I. Garcia,robert.garcia50@example.com,"4234 Elm St, Phoenix, GA 16324"
Sarah C. Johnson,sarah.johnson17@mailservice.com,"2709 Willow Ln, Los Angeles, NY 10665"
David I. Smith,david.smith17@fakemail.net,"6164 Willow Ln, San Jose, NY 14354"
David I. Rodriguez,david.rodriguez67@testmail.com,"1637 2nd Ave, Phoenix, IL 44770"
John H. Johnson,john.johnson57@myemail.org,"4141 Main St, San Antonio, CA 97256"
David I. Jones,david.jones69@example.com,"606 Maple Ave, Houston, PA 44058"
William B. Brown,william.brown12@mailservice.com,"378 Cedar Rd, Houston, GA 88868"
Michael  Miller,michael.miller80@testmail.com,"7591 Broadway, San Jose, CA 10946"
Robert I. Garcia,robert.garcia42@testmail.com,"5918 Oak Dr, Houston, CA 93310"
Sarah B. Brown,sarah.brown74@myemail.org,"8146 Cedar Rd, Los Angeles, CA 94273"
Jessica  Williams,jessica.williams23@example.com,"2078 Pine St, Philadelphia, AZ 81996"
Emily I. Miller,emily.miller61@fakemail.net,"898 2nd Ave, New York, IL 50583"
Sarah E. Johnson,sarah.johnson48@mailservice.com,"9614 Sunset Blvd, San Jose, OH 28901"
Linda I. Jones,linda.jones85@testmail.com,"5937 Cedar Rd, Dallas, GA 53133"
William F. Davis,william.davis79@fakemail.net,"3843 Broadway, Philadelphia, TX 36223"
Linda C. Brown,linda.brown32@testmail.com,"1034 Main St, New York, OH 44290"
Michael  Rodriguez,michael.rodriguez38@myemail.org,"2884 Sunset Blvd, New York, IL 70915"
Linda E. Brown,linda.brown53@example.com,"7367 Maple Ave, Dallas, PA 19405"
Robert B. Rodriguez,robert.rodriguez97@fakemail.net,"6127 Elm St, San Antonio, IL 93710"
Michael E. Smith,michael.smith72@example.com,"8077 Main St, Los Angeles, TX 60171"
Jane F. Martinez,jane.martinez24@testmail.com,"5840 Maple Ave, Philadelphia, NY 41830"
Emily H. Garcia,emily.garcia57@example.com,"7997 Cedar Rd, Los Angeles, GA 38322"
Sarah J. Brown,sarah.brown47@example.com,"8314 Cedar Rd, San Diego, CA 46716"
David  Brown,david.brown50@fakemail.net,"6259 Cedar Rd, San Antonio, CA 67140"
Jessica A. Martinez,jessica.martinez42@example.com,"5422 Pine St, Houston, GA 39575"
Linda D. Martinez,linda.martinez85@myemail.org,"2279 2nd Ave, Houston, CA 71766"
Sarah B. Rodriguez,sarah.rodriguez63@testmail.com,"2533 Elm St, Phoenix, NC 64825"
Jessica F. Jones,jessica.jones40@example.com,"3468 2nd Ave, Los Angeles, FL 25812"
Jane D. Williams,jane.williams41@example.com,"469 Main St, Houston, AZ 57978"
Robert F. Garcia,robert.garcia63@fakemail.net,"3742 Elm St, Los Angeles, OH 70782"
Jane J. Rodriguez,jane.rodriguez47@example.com,"2215 Main St, Phoenix, NY 19350"
David A. Davis,david.davis32@testmail.com,"3562 Maple Ave, Houston, CA 41064"
Emily D. Miller,emily.miller26@example.com,"8673 Broadway, Philadelphia, TX 66024"
Linda A. Martinez,linda.martinez65@testmail.com,"2039 2nd Ave, Los Angeles, TX 84319"
Sarah B. Davis,sarah.davis54@fakemail.net,"1005 2nd Ave, San Antonio, CA 97938"
Linda H. Garcia,linda.garcia29@testmail.com,"3964 2nd Ave, New York, NC 34523"
Sarah H. Martinez,sarah.martinez60@fakemail.net,"8374 Maple Ave, Phoenix, OH 21730"
David D. Martinez,david.martinez49@mailservice.com,"4062 Cedar Rd, Los Angeles, PA 23530"
Jane G. Davis,jane.davis88@fakemail.net,"7637 Sunset Blvd, San Diego, NY 40247"
Emily B. Johnson,emily.johnson82@mailservice.com,"8792 2nd Ave, New York, TX 15020"
William B. Martinez,william.martinez31@testmail.com,"8929 Oak Dr, Dallas, NY 64492"
John A. Williams,john.williams15@example.com,"7869 Elm St, San Jose, PA 33213"
William E. Johnson,william.johnson31@example.com,"1134 Pine St, Chicago, IL 85417"
John G. Brown,john.brown73@mailservice.com,"2127 2nd Ave, Chicago, AZ 52576"
Michael B. Brown,michael.brown63@fakemail.net,"5783 Sunset Blvd, Houston, AZ 75860"
Robert  Martinez,robert.martinez95@mailservice.com,"1848 Oak Dr, San Antonio, AZ 29703"
Robert B. Miller,robert.miller72@example.com,"6031 Maple Ave, Phoenix, PA 74072"
Linda F. Johnson,linda.johnson18@example.com,"484 Main St, Chicago, NY 31263"
Robert I. Miller,robert.miller15@fakemail.net,"2890 2nd Ave, Chicago, PA 47324"
Jessica G. Miller,jessica.miller51@mailservice.com,"2138 Willow Ln, Houston, GA 85017"
David A. Garcia,david.garcia14@example.com,"612 Elm St, Los Angeles, IL 39185"
Jane H. Smith,jane.smith74@mailservice.com,"7078 Maple Ave, Philadelphia, AZ 61361"
Michael J. Smith,michael.smith73@myemail.org,"1976 Pine St, Phoenix, AZ 96151"
David A. Rodriguez,david.rodriguez44@myemail.org,"9933 Elm St, New York, GA 65433"
David E. Davis,david.davis96@mailservice.com,"228 Sunset Blvd, Chicago, TX 31550"
Sarah G. Brown,sarah.brown99@example.com,"1872 Pine St, Los Angeles, PA 44742"
Michael C. Davis,michael.davis51@testmail.com,"8281 2nd Ave, Los Angeles, PA 17009"
Jessica G. Garcia,jessica.garcia17@testmail.com,"5326 Broadway, Philadelphia, TX 60485"
Sarah J. Rodriguez,sarah.rodriguez79@myemail.org,"497 Maple Ave, San Jose, IL 93803"
William D. Smith,william.smith45@mailservice.com,"706 Oak Dr, San Diego, PA 86315"
Jane J. Rodriguez,jane.rodriguez81@mailservice.com,"7959 Willow Ln, Los Angeles, TX 45258"
Jane I. Davis,jane.davis15@myemail.org,"9136 Main St, New York, NC 15520"
David C. Johnson,david.johnson73@mailservice.com,"5761 Willow Ln, San Jose, TX 37572"
William C. Jones,william.jones26@fakemail.net,"2554 Broadway, San Jose, CA 19838"
William C. Davis,william.davis16@mailservice.com,"8184 Pine St, Philadelphia, NY 75110"
Linda G. Garcia,linda.garcia40@fakemail.net,"5908 Maple Ave, San Diego, IL 26709"
Robert E. Smith,robert.smith54@myemail.org,"2016 Maple Ave, Houston, IL 20339"
David G. Williams,david.williams93@myemail.org,"9766 Cedar Rd, San Jose, CA 38988"
John H. Brown,john.brown88@testmail.com,"6449 Pine St, New York, IL 35859"
Emily  Johnson,emily.johnson30@testmail.com,"9744 Elm St, Chicago, IL 77503"
Jessica H. Rodriguez,jessica.rodriguez51@fakemail.net,"802 Willow Ln, San Jose, TX 49916"
Sarah J. Garcia,sarah.garcia47@fakemail.net,"9398 Sunset Blvd, Philadelphia, NC 10143"
Emily D. Brown,emily.brown73@myemail.org,"5942 Elm St, San Antonio, TX 48899"
Jane G. Jones,jane.jones11@example.com,"8551 Cedar Rd, Dallas, NY 67337"
David J. Miller,david.miller38@testmail.com,"7694 Pine St, San Antonio, GA 78818"
Sarah H. Johnson,sarah.johnson14@fakemail.net,"8708 Elm St, Phoenix, CA 29522"
Sarah B. Davis,sarah.davis63@fakemail.net,"2022 Main St, San Jose, PA 74441"
Robert G. Martinez,robert.martinez29@mailservice.com,"9034 Broadway, San Diego, NC 29084"
Michael H. Smith,michael.smith37@fakemail.net,"1254 Cedar Rd, San Jose, TX 14305"
Linda B. Rodriguez,linda.rodriguez37@fakemail.net,"2438 Oak Dr, Dallas, IL 74408"
Michael J. Davis,michael.davis24@fakemail.net,"3964 Oak Dr, Philadelphia, OH 43671"
Emily B. Smith,emily.smith92@example.com,"8447 Elm St, Houston, FL 73631"
Jane H. Johnson,jane.johnson56@testmail.com,"770 Cedar Rd, Houston, PA 70106"
Jessica H. Miller,jessica.miller58@testmail.com,"5706 2nd Ave, San Jose, OH 87108"
Robert E. Martinez,robert.martinez79@testmail.com,"9016 2nd Ave, Los Angeles, PA 48454"
Robert J. Brown,robert.brown20@mailservice.com,"9665 Pine St, New York, FL 41406"
Michael B. Miller,michael.miller34@fakemail.net,"9185 Cedar Rd, Philadelphia, IL 42313"
Emily A. Miller,emily.miller74@example.com,"6189 Main St, Philadelphia, GA 55028"
Jessica A. Rodriguez,jessica.rodriguez73@mailservice.com,"1154 2nd Ave, Phoenix, NC 65575"
Emily J. Garcia,emily.garcia38@mailservice.com,"3429 Oak Dr, Los Angeles, IL 12818"
Robert E. Martinez,robert.martinez45@fakemail.net,"5395 Elm St, San Diego, NC 48185"
Linda J. Williams,linda.williams60@myemail.org,"7396 Oak Dr, Los Angeles, CA 29996"
William G. Williams,william.williams49@testmail.com,"6100 Sunset Blvd, San Antonio, AZ 30705"
Emily I. Garcia,emily.garcia19@example.com,"6991 Pine St, Los Angeles, NC 27615"
Robert F. Smith,robert.smith73@myemail.org,"7634 Cedar Rd, Dallas, PA 20453"
Linda B. Miller,linda.miller49@mailservice.com,"3951 Sunset Blvd, San Jose, CA 57256"
Linda F. Johnson,linda.johnson59@testmail.com,"3877 Sunset Blvd, Phoenix, AZ 24795"
David G. Garcia,david.garcia98@fakemail.net,"1752 Broadway, San Jose, NY 56671"
Sarah C. Jones,sarah.jones31@mailservice.com,"7333 Main St, Dallas, NC 73562"
Jessica C. Williams,jessica.williams32@example.com,"8926 Sunset Blvd, San Antonio, NC 70161"
William I. Jones,william.jones88@testmail.com,"4494 Main St, Los Angeles, FL 21600"
Sarah B. Jones,sarah.jones87@fakemail.net,"9634 Cedar Rd, Houston, OH 49426"
Linda C. Williams,linda.williams90@mailservice.com,"2983 Main St, San Jose, PA 18026"
Jane D. Johnson,jane.johnson74@mailservice.com,"7098 Willow Ln, San Diego, NC 89558"
Robert F. Rodriguez,robert.rodriguez62@example.com,"7182 Main St, Chicago, FL 17380"
Jane G. Davis,jane.davis18@fakemail.net,"2305 Broadway, San Jose, OH 90171"
William A. Johnson,william.johnson77@fakemail.net,"7683 Pine St, Los Angeles, IL 20109"
Jessica I. Smith,jessica.smith93@example.com,"6423 Elm St, Chicago, NY 18192"
Jessica G. Martinez,jessica.martinez31@myemail.org,"7675 2nd Ave, Chicago, NY 91338"
Linda E. Martinez,linda.martinez10@myemail.org,"7646 Elm St, San Diego, GA 76263"
Emily A. Garcia,emily.garcia15@testmail.com,"2667 2nd Ave, Dallas, IL 69139"
Michael G. Johnson,michael.johnson21@mailservice.com,"4030 Main St, Chicago, OH 24379"
Jessica H. Smith,jessica.smith57@myemail.org,"5809 Sunset Blvd, San Antonio, IL 73208"
Jessica C. Miller,jessica.miller15@example.com,"3010 Elm St, Houston, TX 78560"
Emily F. Rodriguez,emily.rodriguez56@myemail.org,"8281 2nd Ave, Phoenix, OH 67916"
Emily  Johnson,emily.johnson76@testmail.com,"1659 Maple Ave, Los Angeles, GA 36942"
Robert  Davis,robert.davis62@fakemail.net,"9689 Pine St, Phoenix, NY 14579"
Michael B. Williams,michael.williams10@testmail.com,"8082 Cedar Rd, Chicago, IL 37335"
Robert D. Garcia,robert.garcia68@myemail.org,"2439 Oak Dr, Chicago, IL 21719"
Jane I. Johnson,jane.johnson19@fakemail.net,"1343 Elm St, San Jose, CA 38736"
John F. Davis,john.davis11@myemail.org,"6204 Broadway, Houston, TX 81562"
Jane  Williams,jane.williams81@myemail.org,"1961 2nd Ave, New York, NC 74502"
Linda  Garcia,linda.garcia20@example.com,"7801 Pine St, Chicago, TX 37884"
Emily D. Johnson,emily.johnson83@fakemail.net,"2884 Maple Ave, New York, AZ 80233"
David C. Brown,david.brown54@myemail.org,"8050 Sunset Blvd, San Jose, PA 13045"
Emily F. Smith,emily.smith45@myemail.org,"7518 Pine St, San Jose, PA 52383"
Michael G. Brown,michael.brown51@myemail.org,"4933 Oak Dr, San Antonio, PA 59707"
Michael I. Davis,michael.davis52@myemail.org,"2828 Broadway, Philadelphia, GA 22612"
Jessica J. Rodriguez,jessica.rodriguez37@mailservice.com,"9458 Pine St, Dallas, NC 79242"
Jessica B. Brown,jessica.brown79@example.com,"7634 2nd Ave, San Diego, GA 18543"
William F. Johnson,william.johnson86@example.com,"3676 Maple Ave, Houston, IL 82983"
Jessica  Williams,jessica.williams72@example.com,"8803 Broadway, Dallas, PA 87841"
William B. Smith,william.smith32@example.com,"323 Elm St, Houston, AZ 74072"
Jessica B. Davis,jessica.davis20@myemail.org,"5853 Main St, Phoenix, NC 34590"
John  Williams,john.williams95@mailservice.com,"7104 Sunset Blvd, San Antonio, IL 29269"
David E. Johnson,david.johnson96@testmail.com,"3883 2nd Ave, New York, NC 72544"
Sarah F. Johnson,sarah.johnson17@example.com,"5278 Willow Ln, New York, GA 59421"
David D. Smith,david.smith79@fakemail.net,"7019 Main St, Philadelphia, GA 79380"
David B. Smith,david.smith71@fakemail.net,"5257 Broadway, Chicago, OH 95792"
Sarah C. Brown,sarah.brown88@mailservice.com,"2038 Elm St, Dallas, AZ 15099"
Jessica G. Johnson,jessica.johnson81@mailservice.com,"4481 Sunset Blvd, Dallas, AZ 52458"
Robert A. Miller,robert.miller48@myemail.org,"1896 Maple Ave, San Antonio, CA 22220"
Linda D. Miller,linda.miller21@example.com,"8465 Sunset Blvd, San Antonio, NC 17182"
Robert D. Davis,robert.davis24@fakemail.net,"3503 Main St, New York, PA 12561"
David J. Garcia,david.garcia51@myemail.org,"739 Sunset Blvd, San Antonio, CA 10509"
Michael  Martinez,michael.martinez79@myemail.org,"1953 Maple Ave, San Diego, GA 34381"
David C. Rodriguez,david.rodriguez55@example.com,"6064 Cedar Rd, Houston, TX 77928"
David B. Williams,david.williams34@testmail.com,"6970 Willow Ln, Dallas, CA 85369"
Linda C. Miller,linda.miller34@testmail.com,"1004 Sunset Blvd, New York, FL 66634"
Sarah F. Davis,sarah.davis37@testmail.com,"7654 Oak Dr, Houston, AZ 22401"
Linda A. Rodriguez,linda.rodriguez15@myemail.org,"2949 Pine St, Dallas, FL 81134"
Jessica D. Jones,jessica.jones86@fakemail.net,"7896 Pine St, New York, CA 42736"
David H. Williams,david.williams38@testmail.com,"4069 Maple Ave, Phoenix, PA 75580"
Jessica C. Williams,jessica.williams70@fakemail.net,"8399 Oak Dr, Philadelphia, GA 13078"
Robert A. Brown,robert.brown53@mailservice.com,"397 Sunset Blvd, San Diego, TX 23437"
Robert F. Smith,robert.smith11@myemail.org,"1133 Elm St, San Jose, PA 60363"
Jane G. Brown,jane.brown40@testmail.com,"8185 Maple Ave, Phoenix, NC 62110"
Jessica F. Johnson,jessica.johnson34@myemail.org,"5748 Pine St, San Diego, AZ 42833"
Sarah J. Johnson,sarah.johnson20@myemail.org,"6349 Willow Ln, Los Angeles, OH 93318"
William A. Williams,william.williams20@fakemail.net,"4684 Cedar Rd, Phoenix, FL 16282"
Jessica E. Smith,jessica.smith76@testmail.com,"1671 Cedar Rd, Dallas, GA 22825"
Emily C. Miller,emily.miller31@myemail.org,"1849 Cedar Rd, Dallas, PA 70972"
Jessica H. Martinez,jessica.martinez98@example.com,"7617 Maple Ave, Los Angeles, IL 47443"
Linda  Williams,linda.williams66@testmail.com,"6654 Broadway, New York, AZ 32604"
Linda G. Garcia,linda.garcia50@fakemail.net,"8629 Oak Dr, San Diego, GA 67078"
Jessica B. Williams,jessica.williams47@testmail.com,"7341 Main St, Philadelphia, GA 56666"
Jessica C. Johnson,jessica.johnson26@example.com,"4829 Cedar Rd, Phoenix, TX 59688"
Emily I. Davis,emily.davis93@mailservice.com,"465 Elm St, Phoenix, PA 82028"
William F. Davis,william.davis21@example.com,"1431 Broadway, San Diego, TX 79931"
Michael B. Garcia,michael.garcia28@mailservice.com,"6863 Broadway, New York, PA 45253"
David D. Smith,david.smith19@fakemail.net,"5062 Maple Ave, New York, AZ 64410"
Linda C. Jones,linda.jones99@example.com,"7459 Oak Dr, Houston, NC 20611"
Jane F. Rodriguez,jane.rodriguez50@fakemail.net,"8785 Maple Ave, Los Angeles, CA 70560"
Robert  Martinez,robert.martinez19@myemail.org,"8067 Main St, San Antonio, PA 73035"
Jane F. Rodriguez,jane.rodriguez40@myemail.org,"9680 Pine St, Phoenix, NC 43019"
Robert C. Brown,robert.brown29@testmail.com,"4580 Pine St, San Antonio, GA 21936"
William F. Miller,william.miller15@fakemail.net,"3061 Oak Dr, Dallas, NC 44517"
Emily H. Miller,emily.miller68@example.com,"8498 Sunset Blvd, Philadelphia, PA 97977"
Linda F. Miller,linda.miller15@fakemail.net,"8382 Pine St, San Jose, IL 60495"
Linda I. Martinez,linda.martinez78@example.com,"1005 2nd Ave, Philadelphia, PA 81074"
Jessica B. Smith,jessica.smith64@example.com,"1240 Cedar Rd, Phoenix, IL 64715"
Emily  Brown,emily.brown56@mailservice.com,"9867 Elm St, Houston, TX 66138"
Michael G. Jones,michael.jones83@fakemail.net,"7969 Elm St, San Jose, AZ 86286"
Linda E. Miller,linda.miller21@testmail.com,"3031 Oak Dr, San Jose, NC 50848"
William B. Smith,william.smith84@example.com,"6848 Oak Dr, San Diego, IL 62147"
Emily E. Garcia,emily.garcia26@testmail.com,"7822 Main St, San Jose, OH 11402"
Linda B. Martinez,linda.martinez20@testmail.com,"6663 Elm St, Houston, NY 12622"
Jane E. Smith,jane.smith39@fakemail.net,"9498 Pine St, Phoenix, CA 33602"
John G. Johnson,john.johnson23@fakemail.net,"2161 Willow Ln, Philadelphia, AZ 59421"
David E. Rodriguez,david.rodriguez59@myemail.org,"4256 Main St, Houston, FL 58839"
Sarah D. Martinez,sarah.martinez49@example.com,"1799 Oak Dr, San Jose, NY 10350"
Sarah A. Jones,sarah.jones50@fakemail.net,"7847 Broadway, Phoenix, CA 66483"
Robert A. Johnson,robert.johnson39@mailservice.com,"3486 Pine St, Chicago, OH 91739"
David H. Garcia,david.garcia19@fakemail.net,"3860 Willow Ln, San Jose, FL 47281"
Jessica E. Smith,jessica.smith12@testmail.com,"4439 Pine St, Chicago, TX 26861"
Sarah A. Davis,sarah.davis13@testmail.com,"3965 Broadway, Philadelphia, OH 36359"
Robert B. Brown,robert.brown51@mailservice.com,"7885 Maple Ave, San Diego, NC 38578"
Emily B. Williams,emily.williams19@fakemail.net,"5071 Oak Dr, Chicago, AZ 72606"
Jessica A. Smith,jessica.smith71@mailservice.com,"8572 Maple Ave, Houston, AZ 94239"
Robert E. Johnson,robert.johnson11@mailservice.com,"8688 Willow Ln, Phoenix, NC 89133"
Robert A. Smith,robert.smith32@testmail.com,"2527 Broadway, Dallas, GA 64493"
John B. Rodriguez,john.rodriguez16@myemail.org,"9270 Oak Dr, Phoenix, CA 48428"
Emily I. Garcia,emily.garcia42@testmail.com,"7960 Oak Dr, Houston, NY 40137"
Sarah H. Rodriguez,sarah.rodriguez51@mailservice.com,"1407 Sunset Blvd, San Jose, IL 13551"
Jane F. Miller,jane.miller50@myemail.org,"7707 Maple Ave, New York, TX 42925"
Linda A. Rodriguez,linda.rodriguez34@example.com,"3907 Main St, San Antonio, NY 39815"
Linda J. Garcia,linda.garcia89@fakemail.net,"9472 2nd Ave, Philadelphia, IL 83392"
Robert B. Miller,robert.miller51@myemail.org,"6576 Main St, Chicago, FL 49888"
John E. Davis,john.davis78@fakemail.net,"9382 Cedar Rd, Phoenix, GA 57704"
William E. Davis,william.davis13@mailservice.com,"4943 Pine St, New York, NC 39041"
Linda C. Williams,linda.williams85@mailservice.com,"8527 Cedar Rd, Los Angeles, OH 26722"
Robert H. Garcia,robert.garcia41@myemail.org,"5928 Willow Ln, Phoenix, IL 59688"
Linda B. Williams,linda.williams37@mailservice.com,"8145 Oak Dr, Philadelphia, CA 24539"
Linda J. Brown,linda.brown17@testmail.com,"2815 Maple Ave, Phoenix, NC 44716"
Sarah J. Williams,sarah.williams45@fakemail.net,"3320 Maple Ave, Phoenix, NY 98969"
Jane F. Williams,jane.williams55@example.com,"3643 2nd Ave, New York, NY 14442"
Emily F. Williams,emily.williams21@testmail.com,"7462 Main St, Los Angeles, GA 48601"
Michael D. Garcia,michael.garcia97@example.com,"7674 Oak Dr, New York, NY 92221"
William G. Davis,william.davis84@myemail.org,"5609 Cedar Rd, Chicago, NY 36703"
Jessica F. Smith,jessica.smith83@example.com,"6854 Oak Dr, San Antonio, TX 97240"
Jane I. Rodriguez,jane.rodriguez31@mailservice.com,"5813 Willow Ln, New York, GA 52120"
John H. Rodriguez,john.rodriguez61@testmail.com,"6192 Cedar Rd, Phoenix, AZ 37039"
Linda C. Jones,linda.jones44@testmail.com,"4015 Maple Ave, Los Angeles, TX 38561"
Michael H. Brown,michael.brown25@testmail.com,"4262 Sunset Blvd, Phoenix, NY 39838"
Linda D. Brown,linda.brown55@example.com,"9199 2nd Ave, Houston, IL 76629"
Jane F. Brown,jane.brown47@fakemail.net,"1540 Cedar Rd, Chicago, NC 23978"
Jessica B. Johnson,jessica.johnson76@mailservice.com,"4852 Maple Ave, Houston, OH 82950"
Jane  Johnson,jane.johnson54@example.com,"7144 Oak Dr, New York, IL 16282"
Michael  Martinez,michael.martinez95@example.com,"5661 Elm St, Dallas, FL 72884"
Robert C. Johnson,robert.johnson42@fakemail.net,"1264 Cedar Rd, Philadelphia, GA 50707"
John J. Jones,john.jones28@myemail.org,"906 Oak Dr, Phoenix, PA 20611"
Robert D. Garcia,robert.garcia31@myemail.org,"6776 Maple Ave, Phoenix, CA 84131"
William E. Rodriguez,william.rodriguez63@mailservice.com,"6843 Elm St, Los Angeles, NC 93329"
Sarah G. Smith,sarah.smith38@mailservice.com,"6790 Main St, Chicago, GA 13736"
Emily F. Davis,emily.davis86@myemail.org,"3158 Elm St, San Antonio, NC 55764"
David J. Martinez,david.martinez23@testmail.com,"4268 2nd Ave, Dallas, NY 13727"
Michael C. Davis,michael.davis16@mailservice.com,"3169 2nd Ave, Dallas, IL 23622"
Robert B. Rodriguez,robert.rodriguez65@testmail.com,"4277 Broadway, Dallas, FL 64698"
Robert A. Smith,robert.smith84@mailservice.com,"6653 Cedar Rd, Los Angeles, PA 87453"
David J. Miller,david.miller91@example.com,"529 Cedar Rd, San Diego, TX 44211"
John I. Miller,john.miller29@myemail.org,"463 Oak Dr, Chicago, TX 21881"
Michael I. Williams,michael.williams19@example.com,"6436 2nd Ave, Los Angeles, FL 57172"
John H. Davis,john.davis72@example.com,"1032 Broadway, Phoenix, NC 92573"
Sarah B. Garcia,sarah.garcia82@mailservice.com,"6677 Oak Dr, Dallas, NY 38304"
Michael B. Jones,michael.jones53@myemail.org,"8732 Sunset Blvd, Chicago, NC 96828"
John J. Martinez,john.martinez58@testmail.com,"472 Maple Ave, Dallas, NC 65953"
Emily J. Rodriguez,emily.rodriguez39@testmail.com,"8658 Elm St, Philadelphia, PA 94973"
Linda I. Davis,linda.davis51@myemail.org,"7394 Cedar Rd, New York, IL 21140"
Jessica A. Williams,jessica.williams91@fakemail.net,"8503 Elm St, Houston, OH 45699"
Michael H. Brown,michael.brown76@mailservice.com,"6455 Broadway, New York, GA 65227"
Linda D. Davis,linda.davis38@fakemail.net,"6077 Elm St, Phoenix, AZ 94261"
Sarah F. Brown,sarah.brown31@myemail.org,"1622 Oak Dr, Phoenix, CA 55499"
Jane A. Martinez,jane.martinez96@mailservice.com,"1112 Broadway, Chicago, AZ 31198"
Emily F. Brown,emily.brown68@fakemail.net,"8556 Broadway, New York, TX 18555"
David B. Martinez,david.martinez32@myemail.org,"6203 Maple Ave, New York, TX 81542"
Emily A. Jones,emily.jones38@testmail.com,"3782 Main St, San Diego, GA 46254"
Jane G. Miller,jane.miller18@myemail.org,"9131 Elm St, Phoenix, GA 82287"
Jessica F. Rodriguez,jessica.rodriguez19@fakemail.net,"5285 Oak Dr, New York, GA 19533"
David J. Martinez,david.martinez19@myemail.org,"663 Elm St, New York, FL 71389"
Jessica D. Smith,jessica.smith22@myemail.org,"1729 Willow Ln, San Antonio, NC 58402"
William D. Johnson,william.johnson78@example.com,"6431 Willow Ln, Philadelphia, PA 62325"
Jessica D. Johnson,jessica.johnson88@myemail.org,"2403 Cedar Rd, Phoenix, IL 76411"
Jane J. Johnson,jane.johnson93@example.com,"8916 Willow Ln, Los Angeles, CA 25688"
Linda A. Jones,linda.jones39@fakemail.net,"2304 Willow Ln, Dallas, CA 32336"
William  Williams,william.williams27@fakemail.net,"3441 Maple Ave, San Jose, GA 28491"
Jessica  Williams,jessica.williams25@example.com,"717 2nd Ave, Phoenix, NY 91471"
Sarah F. Brown,sarah.brown47@example.com,"4196 Sunset Blvd, San Antonio, TX 37061"
Jessica D. Rodriguez,jessica.rodriguez63@mailservice.com,"5504 Cedar Rd, San Jose, OH 12411"
Michael J. Davis,michael.davis74@mailservice.com,"2722 Willow Ln, Chicago, PA 39583"
Jane J. Johnson,jane.johnson36@fakemail.net,"7845 Oak Dr, San Antonio, GA 81996"
David C. Brown,david.brown39@myemail.org,"2159 Oak Dr, New York, OH 64865"
Jessica  Williams,jessica.williams88@fakemail.net,"8644 Oak Dr, San Diego, IL 59288"
Sarah H. Johnson,sarah.johnson98@example.com,"852 Main St, San Antonio, PA 22348"
Jessica D. Brown,jessica.brown85@example.com,"7505 Elm St, San Diego, FL 93224"
Jane B. Johnson,jane.johnson52@myemail.org,"4484 Sunset Blvd, San Antonio, IL 40542"
John G. Miller,john.miller80@testmail.com,"9687 Pine St, San Jose, FL 69301"
Linda J. Smith,linda.smith63@fakemail.net,"8328 Pine St, Phoenix, GA 62470"
Emily C. Smith,emily.smith34@fakemail.net,"5830 Cedar Rd, Houston, CA 86975"
Emily C. Smith,emily.smith78@mailservice.com,"1118 Elm St, San Diego, PA 60949"
Jessica J. Smith,jessica.smith34@fakemail.net,"9150 Sunset Blvd, Phoenix, OH 51448"
Robert B. Brown,robert.brown64@fakemail.net,"7808 Maple Ave, Chicago, PA 15367"
Jane G. Rodriguez,jane.rodriguez65@testmail.com,"9199 Broadway, Dallas, IL 74365"
Michael C. Jones,michael.jones25@mailservice.com,"8204 Broadway, Phoenix, OH 45364"
Sarah D. Davis,sarah.davis85@myemail.org,"7748 Willow Ln, Chicago, NC 30659"
William G. Martinez,william.martinez47@myemail.org,"4502 Broadway, New York, IL 20925"
Emily J. Davis,emily.davis64@mailservice.com,"4094 Broadway, San Diego, OH 44089"
Jessica H. Garcia,jessica.garcia26@fakemail.net,"3939 Oak Dr, New York, CA 27413"
Michael H. Davis,michael.davis95@mailservice.com,"6885 Main St, New York, TX 78134"
Jane H. Martinez,jane.martinez42@myemail.org,"1704 2nd Ave, Philadelphia, NC 75210"
David H. Williams,david.williams15@example.com,"6349 Maple Ave, Chicago, AZ 45469"
Michael F. Garcia,michael.garcia68@fakemail.net,"8529 Broadway, Houston, TX 69349"
Emily D. Garcia,emily.garcia49@fakemail.net,"773 Main St, San Jose, CA 30830"
Linda F. Miller,linda.miller67@myemail.org,"6752 Main St, New York, GA 85941"
Emily  Davis,emily.davis29@fakemail.net,"9859 2nd Ave, Houston, NC 43598"
Jane F. Johnson,jane.johnson29@testmail.com,"9182 Pine St, San Antonio, FL 42386"
William D. Johnson,william.johnson24@mailservice.com,"6504 Maple Ave, San Diego, OH 61831"
William A. Williams,william.williams56@mailservice.com,"7790 Elm St, New York, FL 32006"
Jessica D. Jones,jessica.jones16@example.com,"2999 Oak Dr, Chicago, NC 50495"
John F. Smith,john.smith48@mailservice.com,"3811 Pine St, San Diego, AZ 44741"
Emily  Smith,emily.smith97@fakemail.net,"7358 Elm St, Phoenix, PA 72397"
Sarah G. Martinez,sarah.martinez47@example.com,"3810 Main St, Phoenix, OH 32648"
Sarah G. Miller,sarah.miller26@mailservice.com,"6213 Pine St, Phoenix, NC 84683"
Michael J. Rodriguez,michael.rodriguez86@mailservice.com,"188 Cedar Rd, Houston, IL 97724"
Jane F. Smith,jane.smith24@mailservice.com,"9365 Broadway, Philadelphia, TX 27873"
Linda C. Johnson,linda.johnson75@testmail.com,"8263 Cedar Rd, San Antonio, GA 90642"
John C. Johnson,john.johnson47@example.com,"8607 Sunset Blvd, Los Angeles, IL 82862"
William J. Martinez,william.martinez94@mailservice.com,"792 Elm St, Chicago, GA 51896"
Robert G. Brown,robert.brown50@fakemail.net,"5760 Pine St, Los Angeles, GA 37530"
Linda J. Davis,linda.davis21@myemail.org,"6675 Main St, Los Angeles, NY 19124"
John E. Brown,john.brown76@testmail.com,"5088 Elm St, Dallas, OH 81591"
Jessica F. Brown,jessica.brown14@myemail.org,"826 Pine St, Chicago, OH 12670"
Michael C. Jones,michael.jones28@mailservice.com,"5574 Elm St, Phoenix, NC 60624"
David J. Davis,david.davis27@testmail.com,"9227 Broadway, San Jose, GA 63677"
John J. Johnson,john.johnson10@fakemail.net,"8043 Pine St, San Jose, GA 93618"
David I. Martinez,david.martinez59@mailservice.com,"1558 Willow Ln, Dallas, NY 71359"
John I. Martinez,john.martinez85@fakemail.net,"5039 Main St, Phoenix, NC 64462"
Jane  Jones,jane.jones24@example.com,"566 2nd Ave, Philadelphia, NC 98476"
Jessica A. Williams,jessica.williams68@myemail.org,"928 Willow Ln, Los Angeles, PA 58608"
Jane B. Davis,jane.davis33@example.com,"745 Maple Ave, Dallas, NC 33031"
Emily H. Williams,emily.williams10@mailservice.com,"2622 Maple Ave, Chicago, GA 93397"
Emily E. Williams,emily.williams33@testmail.com,"5611 Broadway, Los Angeles, NY 35970"
Sarah D. Smith,sarah.smith24@fakemail.net,"2790 Sunset Blvd, Philadelphia, CA 69838"
Linda H. Smith,linda.smith62@fakemail.net,"6127 Main St, Los Angeles, PA 51485"
John B. Rodriguez,john.rodriguez75@myemail.org,"3850 Main St, Phoenix, CA 11457"
Jessica J. Johnson,jessica.johnson92@fakemail.net,"2418 2nd Ave, San Antonio, PA 73026"
Robert B. Davis,robert.davis94@testmail.com,"8258 2nd Ave, San Antonio, FL 31575"
Jessica C. Jones,jessica.jones40@example.com,"9850 Maple Ave, San Antonio, AZ 30935"
Jane H. Davis,jane.davis99@myemail.org,"6396 Broadway, San Antonio, IL 79743"
Emily G. Jones,emily.jones86@mailservice.com,"1608 Sunset Blvd, Los Angeles, IL 22034"
John G. Williams,john.williams97@fakemail.net,"9887 Maple Ave, San Jose, NY 25084"
John C. Brown,john.brown22@example.com,"3899 Broadway, Los Angeles, NY 25682"
Emily B. Rodriguez,emily.rodriguez15@testmail.com,"1266 Elm St, San Jose, GA 17098"
Linda D. Smith,linda.smith35@example.com,"8330 Maple Ave, Philadelphia, GA 94399"
Linda E. Williams,linda.williams14@fakemail.net,"1285 Sunset Blvd, San Diego, CA 18082"
Jessica D. Martinez,jessica.martinez53@mailservice.com,"9742 Sunset Blvd, San Diego, AZ 41267"
Jessica D. Martinez,jessica.martinez84@fakemail.net,"3779 Main St, Dallas, OH 97754"
John I. Jones,john.jones26@myemail.org,"9534 Cedar Rd, Chicago, CA 15546"
Emily B. Garcia,emily.garcia72@fakemail.net,"7090 Maple Ave, Philadelphia, GA 38347"
John I. Williams,john.williams97@mailservice.com,"500 Cedar Rd, Dallas, IL 78030"
Robert H. Brown,robert.brown44@example.com,"1744 Sunset Blvd, Los Angeles, TX 90833"
Jessica G. Martinez,jessica.martinez39@myemail.org,"6086 Elm St, Los Angeles, CA 55519"
Sarah D. Brown,sarah.brown13@example.com,"3756 Broadway, San Jose, OH 98502"
Robert B. Brown,robert.brown58@fakemail.net,"6960 Sunset Blvd, Philadelphia, OH 66233"
John G. Smith,john.smith27@fakemail.net,"5635 Maple Ave, San Jose, NC 41133"
William G. Williams,william.williams68@myemail.org,"7021 Broadway, New York, GA 23717"
Michael A. Garcia,michael.garcia76@mailservice.com,"9507 Cedar Rd, Los Angeles, CA 99569"
David J. Davis,david.davis98@myemail.org,"9981 Maple Ave, Chicago, IL 90125"
David J. Jones,david.jones19@testmail.com,"3874 Oak Dr, Houston, OH 37260"
Jessica B. Martinez,jessica.martinez13@example.com,"1279 Elm St, San Diego, OH 78176"
David E. Johnson,david.johnson75@fakemail.net,"9890 2nd Ave, Los Angeles, CA 31648"
John G. Garcia,john.garcia42@testmail.com,"6878 Elm St, San Antonio, TX 67140"
John B. Martinez,john.martinez51@myemail.org,"6464 2nd Ave, San Jose, TX 48158"
Emily D. Rodriguez,emily.rodriguez30@fakemail.net,"578 Willow Ln, San Antonio, OH 88657"
Jane I. Rodriguez,jane.rodriguez16@myemail.org,"8903 Willow Ln, Los Angeles, AZ 69395"
William H. Garcia,william.garcia98@fakemail.net,"8422 Main St, Los Angeles, IL 77017"
Jane J. Smith,jane.smith93@myemail.org,"2313 Elm St, Phoenix, FL 66952"
Sarah G. Rodriguez,sarah.rodriguez39@example.com,"727 Cedar Rd, San Diego, OH 59405"
William B. Rodriguez,william.rodriguez47@mailservice.com,"7111 Sunset Blvd, Philadelphia, FL 85041"
Michael I. Garcia,michael.garcia53@mailservice.com,"4857 Elm St, Dallas, FL 70790"
Michael H. Brown,michael.brown77@example.com,"8611 2nd Ave, Phoenix, NC 83750"
David F. Smith,david.smith85@mailservice.com,"5992 Maple Ave, Phoenix, AZ 71238"
John B. Smith,john.smith88@myemail.org,"1491 Oak Dr, Houston, AZ 21573"
Sarah B. Jones,sarah.jones36@example.com,"403 Elm St, San Jose, AZ 63342"
John  Williams,john.williams58@fakemail.net,"6484 Oak Dr, Philadelphia, TX 51826"
William H. Johnson,william.johnson10@testmail.com,"5718 Broadway, Los Angeles, NC 38484"
William G. Garcia,william.garcia10@example.com,"176 Maple Ave, San Jose, GA 71180"
Linda E. Jones,linda.jones89@example.com,"7010 Broadway, San Diego, IL 23676"
William I. Rodriguez,william.rodriguez36@fakemail.net,"8569 Cedar Rd, Houston, NC 77412"
David J. Rodriguez,david.rodriguez81@fakemail.net,"9998 Cedar Rd, Dallas, IL 75574"
John E. Miller,john.miller94@example.com,"2398 Oak Dr, Chicago, NC 75575"
William A. Davis,william.davis55@example.com,"8817 Main St, Philadelphia, AZ 25578"
John F. Rodriguez,john.rodriguez98@testmail.com,"7938 Elm St, Dallas, PA 16964"
Robert A. Jones,robert.jones88@fakemail.net,"6763 Main St, Houston, GA 46364"
Sarah F. Brown,sarah.brown34@example.com,"996 Sunset Blvd, Dallas, FL 94618"
Jessica B. Brown,jessica.brown21@fakemail.net,"1168 Pine St, San Jose, TX 41914"
Linda E. Brown,linda.brown62@testmail.com,"5964 Oak Dr, San Jose, PA 12851"
Robert H. Johnson,robert.johnson53@fakemail.net,"1014 Elm St, New York, AZ 47503"
Robert E. Johnson,robert.johnson19@mailservice.com,"4135 2nd Ave, San Jose, NY 50843"
John C. Davis,john.davis90@myemail.org,"4436 Maple Ave, Phoenix, IL 86245"
William C. Davis,william.davis17@fakemail.net,"4080 Willow Ln, New York, AZ 37232"
Linda G. Martinez,linda.martinez38@fakemail.net,"3769 Oak Dr, Chicago, NY 81642"
John E. Miller,john.miller14@testmail.com,"1596 Elm St, Philadelphia, NC 80864"
John C. Garcia,john.garcia49@example.com,"3270 Main St, Houston, NC 60318"
Robert G. Davis,robert.davis50@myemail.org,"1522 Oak Dr, San Diego, AZ 90171"
Jessica F. Rodriguez,jessica.rodriguez76@mailservice.com,"2396 Broadway, Phoenix, PA 66561"
Jessica F. Miller,jessica.miller74@testmail.com,"4243 Oak Dr, Phoenix, GA 41088"
William H. Brown,william.brown77@mailservice.com,"9148 2nd Ave, San Jose, FL 67178"
Jane C. Miller,jane.miller13@testmail.com,"840 Sunset Blvd, Philadelphia, OH 45849"
Jessica B. Williams,jessica.williams35@mailservice.com,"590 Oak Dr, Chicago, PA 18099"
Jessica  Jones,jessica.jones51@testmail.com,"9078 Cedar Rd, San Diego, TX 22047"
William F. Smith,william.smith25@testmail.com,"8078 Main St, New York, AZ 25578"
Robert F. Williams,robert.williams44@mailservice.com,"3493 Willow Ln, Philadelphia, FL 80091"
Emily B. Miller,emily.miller35@myemail.org,"2936 Maple Ave, San Jose, NY 41929"
Jane J. Johnson,jane.johnson10@example.com,"8013 Main St, Dallas, OH 71228"
William A. Miller,william.miller81@mailservice.com,"4052 Sunset Blvd, San Jose, PA 85826"
Emily B. Williams,emily.williams73@myemail.org,"8962 Cedar Rd, San Antonio, OH 96297"
Michael G. Brown,michael.brown43@example.com,"9047 Cedar Rd, San Jose, TX 99899"
David D. Rodriguez,david.rodriguez32@fakemail.net,"6372 Oak Dr, Chicago, NY 44785"
Sarah H. Johnson,sarah.johnson43@testmail.com,"8882 Main St, Houston, NC 51163"
Michael D. Williams,michael.williams31@example.com,"6341 Maple Ave, San Diego, NC 53551"
David A. Smith,david.smith59@fakemail.net,"6787 Pine St, San Jose, PA 99061"
David I. Miller,david.miller57@testmail.com,"4245 Cedar Rd, Philadelphia, GA 92229"
John H. Williams,john.williams76@example.com,"7307 Oak Dr, Houston, NY 92616"
Sarah C. Garcia,sarah.garcia52@myemail.org,"4750 Main St, Los Angeles, TX 27688"
Emily J. Smith,emily.smith55@testmail.com,"251 Maple Ave, Dallas, FL 89003"
David F. Davis,david.davis22@fakemail.net,"9092 Sunset Blvd, Phoenix, CA 17588"
Robert C. Rodriguez,robert.rodriguez83@myemail.org,"283 Elm St, Dallas, IL 79028"
David C. Smith,david.smith78@fakemail.net,"7087 Sunset Blvd, New York, OH 59483"
William J. Rodriguez,william.rodriguez69@fakemail.net,"9992 Willow Ln, San Jose, AZ 97825"
Jessica A. Davis,jessica.davis59@mailservice.com,"1877 Broadway, Phoenix, OH 52138"
Linda  Jones,linda.jones28@fakemail.net,"7158 Maple Ave, Philadelphia, PA 19152"
John H. Smith,john.smith70@testmail.com,"4349 Cedar Rd, San Antonio, AZ 76096"
David D. Jones,david.jones11@example.com,"8277 Main St, San Diego, IL 40132"
Sarah B. Rodriguez,sarah.rodriguez92@mailservice.com,"3517 Oak Dr, San Jose, OH 17534"
Michael C. Smith,michael.smith67@fakemail.net,"8637 Elm St, Houston, OH 36231"
Michael C. Rodriguez,michael.rodriguez47@example.com,"4679 Willow Ln, Houston, IL 92438"
John  Williams,john.williams26@testmail.com,"7624 Sunset Blvd, San Diego, IL 20008"
Sarah I. Rodriguez,sarah.rodriguez81@fakemail.net,"2338 Cedar Rd, Philadelphia, PA 83023"
Robert G. Smith,robert.smith87@myemail.org,"8867 Willow Ln, New York, NC 68359"
Emily D. Garcia,emily.garcia56@example.com,"4597 Sunset Blvd, San Jose, NY 65311"
Jessica E. Davis,jessica.davis10@myemail.org,"2263 Main St, Houston, AZ 29790"
Jessica F. Brown,jessica.brown99@example.com,"4923 Cedar Rd, New York, NY 80066"
Jane I. Garcia,jane.garcia36@testmail.com,"5115 Elm St, Phoenix, TX 58683"
Sarah H. Rodriguez,sarah.rodriguez39@testmail.com,"9833 Main St, Chicago, NY 78155"
Sarah H. Davis,sarah.davis47@example.com,"5996 Elm St, San Diego, TX 79490"
Linda E. Smith,linda.smith28@example.com,"4255 Broadway, San Jose, PA 17364"
David G. Smith,david.smith47@testmail.com,"6634 Oak Dr, Philadelphia, CA 49159"
Robert G. Smith,robert.smith68@fakemail.net,"5720 Main St, New York, PA 47507"
David A. Garcia,david.garcia21@example.com,"2791 Elm St, New York, CA 16964"
Linda D. Davis,linda.davis43@example.com,"7111 Broadway, Dallas, GA 99429"
Robert C. Davis,robert.davis54@myemail.org,"3790 Maple Ave, Philadelphia, CA 91141"
William G. Jones,william.jones16@testmail.com,"5538 Cedar Rd, San Jose, AZ 11945"
Jane E. Jones,jane.jones37@mailservice.com,"4211 Main St, New York, NC 35407"
John E. Williams,john.williams91@testmail.com,"5638 Cedar Rd, Los Angeles, GA 78158"
Sarah C. Martinez,sarah.martinez46@myemail.org,"1894 Sunset Blvd, San Jose, IL 87301"
David F. Martinez,david.martinez17@example.com,"1083 Maple Ave, Philadelphia, GA 94361"
David G. Smith,david.smith47@example.com,"583 Cedar Rd, San Jose, PA 55927"
Michael I. Davis,michael.davis56@myemail.org,"8292 Maple Ave, New York, PA 29784"
Linda  Davis,linda.davis31@example.com,"4301 Willow Ln, Dallas, AZ 56579"
Jane  Johnson,jane.johnson72@mailservice.com,"7207 Main St, Phoenix, IL 55869"
Linda C. Miller,linda.miller72@fakemail.net,"321 Broadway, Los Angeles, TX 59805"
Michael F. Smith,michael.smith93@mailservice.com,"3868 2nd Ave, Phoenix, OH 77567"
David C. Jones,david.jones23@example.com,"3693 Broadway, Chicago, NC 41140"
David A. Davis,david.davis77@myemail.org,"9134 Oak Dr, Phoenix, OH 31250"
Linda A. Garcia,linda.garcia50@testmail.com,"4902 Broadway, New York, CA 95773"
John I. Davis,john.davis46@fakemail.net,"4734 2nd Ave, Phoenix, NC 57284"
Emily E. Rodriguez,emily.rodriguez34@fakemail.net,"3974 Elm St, Los Angeles, NC 58850"
William D. Garcia,william.garcia95@testmail.com,"9103 2nd Ave, Philadelphia, CA 74903"
Jane E. Brown,jane.brown42@testmail.com,"484 Maple Ave, Chicago, NC 53161"
Emily B. Garcia,emily.garcia34@fakemail.net,"438 Sunset Blvd, Houston, OH 84985"
Jessica F. Rodriguez,jessica.rodriguez22@example.com,"3273 Willow Ln, Phoenix, NY 29364"
Robert  Johnson,robert.johnson32@example.com,"2163 Maple Ave, Chicago, CA 19628"
Linda B. Martinez,linda.martinez38@myemail.org,"3110 Main St, San Diego, OH 28832"
Sarah F. Brown,sarah.brown67@testmail.com,"6438 Elm St, Los Angeles, OH 40202"
Jessica G. Brown,jessica.brown28@testmail.com,"7051 Sunset Blvd, New York, IL 90074"
Robert B. Garcia,robert.garcia45@mailservice.com,"9674 Oak Dr, Dallas, AZ 33661"
William B. Jones,william.jones20@myemail.org,"4391 Elm St, San Antonio, CA 51434"
Jessica F. Rodriguez,jessica.rodriguez28@myemail.org,"2539 Pine St, Houston, GA 67074"
David E. Miller,david.miller65@myemail.org,"8734 Main St, Philadelphia, CA 80226"
Linda A. Garcia,linda.garcia53@testmail.com,"7852 Willow Ln, Houston, FL 41532"
David B. Rodriguez,david.rodriguez30@mailservice.com,"1287 Pine St, Phoenix, IL 59208"
Robert C. Johnson,robert.johnson84@example.com,"4181 2nd Ave, San Jose, NY 59884"
David G. Williams,david.williams43@myemail.org,"6584 2nd Ave, San Diego, AZ 78198"
Sarah F. Jones,sarah.jones53@example.com,"4052 Elm St, New York, TX 44322"
Jane F. Brown,jane.brown30@fakemail.net,"4519 Oak Dr, Phoenix, FL 41963"
John C. Johnson,john.johnson38@testmail.com,"9881 Willow Ln, New York, IL 49223"
William B. Martinez,william.martinez67@mailservice.com,"4413 Oak Dr, Houston, PA 61178"
Michael G. Rodriguez,michael.rodriguez17@myemail.org,"6253 Oak Dr, Houston, FL 56601"
Jane I. Martinez,jane.martinez61@mailservice.com,"5857 Pine St, San Jose, AZ 23341"
Linda J. Rodriguez,linda.rodriguez53@testmail.com,"6941 Broadway, Phoenix, NY 81293"
Robert E. Brown,robert.brown77@testmail.com,"5055 Cedar Rd, San Antonio, FL 12965"
David  Williams,david.williams76@testmail.com,"1819 Pine St, Los Angeles, NY 22107"
Sarah F. Johnson,sarah.johnson98@myemail.org,"129 Oak Dr, Dallas, GA 62077"
Jane C. Jones,jane.jones82@mailservice.com,"7880 Sunset Blvd, San Antonio, NC 89156"
David  Brown,david.brown70@fakemail.net,"7397 Willow Ln, San Antonio, OH 14523"
Emily B. Johnson,emily.johnson64@example.com,"6541 Pine St, New York, NC 16804"
Jane H. Rodriguez,jane.rodriguez82@mailservice.com,"5137 Cedar Rd, San Antonio, AZ 87333"
Robert  Brown,robert.brown79@mailservice.com,"7561 Willow Ln, Philadelphia, GA 20900"
Robert D. Williams,robert.williams97@myemail.org,"2523 Pine St, San Diego, CA 15028"
John F. Garcia,john.garcia34@mailservice.com,"7600 Willow Ln, Los Angeles, AZ 70070"
Robert A. Miller,robert.miller44@testmail.com,"2129 Main St, Los Angeles, CA 34229"
Linda  Martinez,linda.martinez67@myemail.org,"3163 Elm St, Philadelphia, AZ 50658"
William D. Johnson,william.johnson96@testmail.com,"4919 Broadway, San Antonio, AZ 75284"
Michael E. Jones,michael.jones15@fakemail.net,"1137 Willow Ln, New York, NY 46347"
John D. Martinez,john.martinez57@myemail.org,"5755 Oak Dr, Phoenix, TX 26411"
William I. Martinez,william.martinez23@testmail.com,"9638 Pine St, Houston, AZ 35201"
Michael C. Miller,michael.miller17@fakemail.net,"8527 2nd Ave, Dallas, FL 99321"
William C. Miller,william.miller52@testmail.com,"3570 Oak Dr, San Jose, NC 73695"
Jessica J. Smith,jessica.smith26@testmail.com,"3279 Sunset Blvd, Phoenix, PA 90833"
David H. Williams,david.williams22@fakemail.net,"3489 Pine St, New York, NC 71106"
John C. Williams,john.williams38@example.com,"606 Willow Ln, New York, GA 16263"
David C. Williams,david.williams81@myemail.org,"7969 Pine St, Chicago, PA 19033"
David D. Martinez,david.martinez79@myemail.org,"4627 Willow Ln, New York, TX 61079"
Linda C. Smith,linda.smith69@fakemail.net,"4088 Broadway, Phoenix, TX 58171"
Robert C. Williams,robert.williams23@mailservice.com,"2745 Oak Dr, Dallas, FL 62036"
Sarah  Garcia,sarah.garcia41@fakemail.net,"9205 Oak Dr, San Jose, TX 10607"
Robert D. Williams,robert.williams35@example.com,"517 Cedar Rd, Dallas, IL 95562"
William C. Garcia,william.garcia12@testmail.com,"7628 Willow Ln, Phoenix, NY 26426"
Linda C. Smith,linda.smith76@mailservice.com,"2991 2nd Ave, San Diego, TX 28221"
John D. Miller,john.miller53@example.com,"3613 Maple Ave, Houston, IL 75049"
Sarah G. Jones,sarah.jones20@testmail.com,"2652 Main St, Philadelphia, OH 10093"
Jane  Brown,jane.brown21@fakemail.net,"2291 Maple Ave, New York, AZ 52725"
Robert D. Davis,robert.davis69@testmail.com,"3995 Elm St, Chicago, FL 44812"
Emily G. Garcia,emily.garcia25@mailservice.com,"3377 Pine St, San Diego, CA 70269"
Robert D. Johnson,robert.johnson21@example.com,"5732 Maple Ave, San Diego, CA 24464"
Jane J. Williams,jane.williams12@example.com,"4559 Willow Ln, New York, NC 57758"
Emily B. Miller,emily.miller58@mailservice.com,"656 Sunset Blvd, Chicago, IL 26717"
Linda F. Rodriguez,linda.rodriguez25@testmail.com,"1662 Pine St, Chicago, NY 19813"
Sarah G. Brown,sarah.brown18@mailservice.com,"298 Willow Ln, Houston, NC 83219"
John  Johnson,john.johnson58@mailservice.com,"9497 Cedar Rd, Dallas, PA 15229"
William C. Jones,william.jones97@fakemail.net,"8337 Main St, San Jose, NY 13374"
Jessica E. Martinez,jessica.martinez55@mailservice.com,"8368 Sunset Blvd, Los Angeles, GA 13414"
Linda G. Williams,linda.williams81@testmail.com,"5874 Maple Ave, San Diego, NY 41705"
William I. Brown,william.brown28@mailservice.com,"4828 Maple Ave, San Antonio, FL 35303"
Jane G. Smith,jane.smith21@testmail.com,"4213 Main St, Los Angeles, NC 77058"
John  Williams,john.williams29@testmail.com,"3967 Sunset Blvd, San Antonio, TX 78611"
David  Martinez,david.martinez48@mailservice.com,"3741 Broadway, San Jose, IL 94869"
Linda A. Miller,linda.miller16@testmail.com,"5408 Broadway, Chicago, AZ 44028"
William G. Brown,william.brown69@fakemail.net,"465 Willow Ln, Philadelphia, OH 85339"
John J. Williams,john.williams93@testmail.com,"790 Main St, Philadelphia, NC 78269"
Jessica D. Garcia,jessica.garcia13@mailservice.com,"2543 Maple Ave, Philadelphia, AZ 96572"
Emily B. Williams,emily.williams15@example.com,"6682 Maple Ave, Dallas, PA 80167"
John F. Davis,john.davis61@myemail.org,"3977 Oak Dr, New York, NC 55071"
Jessica E. Smith,jessica.smith99@myemail.org,"1307 Broadway, Houston, AZ 55871"
Michael G. Davis,michael.davis93@myemail.org,"1989 Sunset Blvd, Dallas, AZ 49352"
Michael D. Miller,michael.miller38@mailservice.com,"6260 Main St, San Jose, GA 38895"
Jane A. Smith,jane.smith16@example.com,"458 Cedar Rd, Los Angeles, FL 25525"
Michael F. Martinez,michael.martinez17@mailservice.com,"8515 Sunset Blvd, New York, FL 42959"
Robert J. Smith,robert.smith68@fakemail.net,"1872 Elm St, San Jose, TX 79637"
Jessica A. Smith,jessica.smith24@testmail.com,"299 Maple Ave, Dallas, CA 24142"
Linda A. Brown,linda.brown30@myemail.org,"774 Sunset Blvd, Dallas, OH 50766"
Emily H. Martinez,emily.martinez94@myemail.org,"6267 Sunset Blvd, Los Angeles, IL 52499"
Jane E. Garcia,jane.garcia89@testmail.com,"860 Main St, New York, NY 57246"
Emily B. Smith,emily.smith40@fakemail.net,"3737 Willow Ln, Phoenix, PA 71118"
John G. Jones,john.jones70@myemail.org,"267 2nd Ave, New York, AZ 78317"
Jane F. Smith,jane.smith87@fakemail.net,"8896 Oak Dr, San Jose, IL 30046"
Robert A. Brown,robert.brown72@myemail.org,"9161 Pine St, Dallas, TX 15083"
Michael A. Johnson,michael.johnson49@fakemail.net,"8283 Elm St, Chicago, PA 72996"
Jessica G. Davis,jessica.davis99@mailservice.com,"3133 Cedar Rd, New York, GA 83114"
Jessica H. Martinez,jessica.martinez85@myemail.org,"9747 Main St, Chicago, NC 23401"
Emily J. Smith,emily.smith44@example.com,"2890 Maple Ave, Houston, NY 44954"
Emily E. Jones,emily.jones45@myemail.org,"6202 Pine St, San Diego, OH 31119"
Jessica E. Martinez,jessica.martinez78@myemail.org,"7944 Maple Ave, Houston, TX 93871"
Linda J. Brown,linda.brown88@fakemail.net,"1296 Oak Dr, Philadelphia, PA 50898"
Jessica H. Miller,jessica.miller51@mailservice.com,"6407 Cedar Rd, San Jose, IL 40193"
Jessica D. Williams,jessica.williams39@fakemail.net,"9852 Cedar Rd, Los Angeles, GA 35539"
Sarah F. Brown,sarah.brown46@fakemail.net,"7150 Pine St, Los Angeles, FL 60470"
Michael D. Smith,michael.smith29@example.com,"4387 Willow Ln, Phoenix, FL 86008"
Jessica G. Jones,jessica.jones90@example.com,"8356 Maple Ave, New York, FL 57526"
Jessica B. Rodriguez,jessica.rodriguez23@fakemail.net,"9361 Oak Dr, Houston, GA 98752"
David D. Martinez,david.martinez66@myemail.org,"6405 Broadway, Houston, AZ 36669"
Jane J. Garcia,jane.garcia58@fakemail.net,"6066 Elm St, Phoenix, CA 64512"
Michael F. Martinez,michael.martinez44@fakemail.net,"3964 Pine St, Phoenix, FL 80360"
David I. Martinez,david.martinez79@testmail.com,"8081 Main St, Phoenix, PA 59266"
Emily J. Jones,emily.jones24@testmail.com,"7371 Willow Ln, San Antonio, IL 70056"
Emily G. Jones,emily.jones31@example.com,"4373 Elm St, Philadelphia, NY 13329"
Jessica A. Johnson,jessica.johnson48@mailservice.com,"899 Main St, San Jose, IL 50580"
David C. Brown,david.brown26@example.com,"6836 2nd Ave, New York, FL 17313"
William C. Brown,william.brown80@myemail.org,"887 Cedar Rd, San Diego, IL 97655"
Linda C. Brown,linda.brown38@myemail.org,"5668 Willow Ln, Dallas, PA 47844"
Robert F. Brown,robert.brown28@myemail.org,"5307 Broadway, Chicago, AZ 28611"
Sarah H. Miller,sarah.miller24@fakemail.net,"9183 Cedar Rd, San Diego, NY 31097"
Robert B. Smith,robert.smith34@mailservice.com,"5403 Maple Ave, New York, TX 93825"
Sarah I. Garcia,sarah.garcia59@myemail.org,"3366 Pine St, Dallas, AZ 10864"
William  Williams,william.williams49@fakemail.net,"9141 Pine St, Phoenix, TX 33918"
Emily A. Johnson,emily.johnson20@myemail.org,"4748 Sunset Blvd, Chicago, AZ 56796"
David  Brown,david.brown92@myemail.org,"5182 Elm St, Chicago, FL 11511"
Jane  Garcia,jane.garcia54@testmail.com,"7011 Main St, Los Angeles, CA 17375"
Emily E. Johnson,emily.johnson93@testmail.com,"3972 Cedar Rd, Philadelphia, PA 84288"
Jessica E. Garcia,jessica.garcia93@testmail.com,"4592 2nd Ave, Philadelphia, OH 97986"
Jessica A. Rodriguez,jessica.rodriguez11@fakemail.net,"7021 Oak Dr, Phoenix, FL 90019"
Michael H. Rodriguez,michael.rodriguez23@example.com,"838 Sunset Blvd, Dallas, CA 11046"
Emily H. Miller,emily.miller88@testmail.com,"695 Maple Ave, San Diego, NC 55688"
Emily I. Garcia,emily.garcia49@fakemail.net,"5155 Main St, Los Angeles, NY 11129"
Jessica D. Jones,jessica.jones93@mailservice.com,"1565 Cedar Rd, Philadelphia, CA 73848"
Robert I. Johnson,robert.johnson50@mailservice.com,"2980 Elm St, Dallas, FL 40132"
Sarah D. Miller,sarah.miller85@mailservice.com,"6216 Cedar Rd, Chicago, GA 33109"
Linda J. Brown,linda.brown19@mailservice.com,"7828 Oak Dr, Phoenix, NC 73392"
Jane C. Brown,jane.brown71@mailservice.com,"3099 Pine St, Houston, AZ 15114"
Jane H. Johnson,jane.johnson35@testmail.com,"8941 Elm St, Dallas, AZ 30459"
Jane A. Davis,jane.davis44@myemail.org,"6865 Willow Ln, San Diego, OH 25121"
Jessica D. Rodriguez,jessica.rodriguez19@myemail.org,"9443 Pine St, Chicago, PA 82950"
Sarah G. Brown,sarah.brown59@example.com,"7016 Maple Ave, Los Angeles, OH 38933"
Sarah B. Jones,sarah.jones59@fakemail.net,"8146 2nd Ave, Chicago, FL 87318"
David I. Davis,david.davis83@testmail.com,"8835 2nd Ave, New York, GA 20812"
Robert F. Jones,robert.jones76@example.com,"7523 Sunset Blvd, Philadelphia, NY 53844"
Sarah E. Williams,sarah.williams13@mailservice.com,"8889 Oak Dr, New York, TX 28946"
William G. Jones,william.jones24@testmail.com,"4538 Sunset Blvd, New York, FL 17509"
Jane E. Miller,jane.miller62@myemail.org,"6025 Elm St, New York, NC 32589"
Linda A. Jones,linda.jones23@mailservice.com,"2529 Elm St, Houston, OH 59701"
Jane I. Johnson,jane.johnson35@myemail.org,"6204 Broadway, Philadelphia, GA 38151"
John C. Davis,john.davis76@testmail.com,"8130 2nd Ave, Houston, PA 44044"
John F. Davis,john.davis99@testmail.com,"8306 Cedar Rd, New York, NY 59097"
David H. Johnson,david.johnson69@fakemail.net,"2811 Maple Ave, San Jose, NY 49935"
John I. Davis,john.davis58@myemail.org,"9927 Pine St, Dallas, GA 77760"
Sarah A. Miller,sarah.miller39@mailservice.com,"3205 Cedar Rd, Philadelphia, NC 69084"
Jessica I. Martinez,jessica.martinez53@fakemail.net,"5297 Elm St, Houston, AZ 95345"
Emily F. Jones,emily.jones85@testmail.com,"5486 Willow Ln, San Diego, GA 50195"
William J. Rodriguez,william.rodriguez69@fakemail.net,"2348 Broadway, New York, PA 26038"
Michael A. Davis,michael.davis56@testmail.com,"1699 2nd Ave, Philadelphia, NC 21230"
Jessica B. Williams,jessica.williams11@mailservice.com,"1843 Main St, Houston, PA 56135"
Jessica J. Smith,jessica.smith66@mailservice.com,"6880 Oak Dr, San Diego, AZ 95342"
William E. Jones,william.jones54@mailservice.com,"208 Pine St, Houston, FL 31363"
Sarah G. Smith,sarah.smith48@myemail.org,"6963 Pine St, San Antonio, IL 47570"
William J. Williams,william.williams84@mailservice.com,"1556 2nd Ave, New York, GA 85143"
John  Rodriguez,john.rodriguez39@mailservice.com,"3730 Elm St, Houston, CA 44164"
John I. Miller,john.miller10@mailservice.com,"781 Sunset Blvd, San Jose, AZ 15054"
Sarah G. Rodriguez,sarah.rodriguez14@myemail.org,"4721 Pine St, San Antonio, OH 28918"
Michael I. Miller,michael.miller13@fakemail.net,"7222 Willow Ln, Los Angeles, NY 25372"
Robert D. Smith,robert.smith73@mailservice.com,"7614 Broadway, San Diego, OH 70413"
Linda I. Garcia,linda.garcia91@fakemail.net,"2849 Maple Ave, Dallas, FL 24190"
John B. Johnson,john.johnson96@mailservice.com,"7714 Maple Ave, Dallas, OH 43496"
Jane E. Garcia,jane.garcia97@fakemail.net,"597 Willow Ln, Phoenix, AZ 44466"
Robert H. Rodriguez,robert.rodriguez73@example.com,"4220 Pine St, Houston, TX 71670"
William C. Miller,william.miller74@testmail.com,"6873 Oak Dr, Los Angeles, FL 87051"
Jane H. Smith,jane.smith35@mailservice.com,"2192 Cedar Rd, San Antonio, PA 79949"
Robert G. Williams,robert.williams86@example.com,"6333 2nd Ave, San Antonio, GA 87492"
Jane J. Brown,jane.brown10@fakemail.net,"6881 Broadway, Chicago, AZ 37884"
Michael I. Garcia,michael.garcia81@myemail.org,"201 Maple Ave, Dallas, PA 27974"
Sarah  Martinez,sarah.martinez26@fakemail.net,"3405 Broadway, New York, IL 66117"
Sarah I. Williams,sarah.williams73@example.com,"7599 Main St, San Antonio, IL 14596"
William C. Williams,william.williams82@mailservice.com,"152 Elm St, Los Angeles, IL 76660"
Michael B. Davis,michael.davis64@mailservice.com,"7867 Maple Ave, San Antonio, PA 49935"
William  Smith,william.smith12@mailservice.com,"9933 Pine St, Houston, CA 49779"
David D. Martinez,david.martinez20@testmail.com,"2652 2nd Ave, San Jose, FL 71677"
William F. Garcia,william.garcia94@myemail.org,"8021 2nd Ave, Chicago, NY 14250"
Linda G. Williams,linda.williams28@example.com,"1653 Cedar Rd, San Antonio, TX 93283"
Jessica H. Johnson,jessica.johnson46@fakemail.net,"6332 Elm St, Philadelphia, GA 22375"
Jessica C. Davis,jessica.davis38@example.com,"9634 Elm St, Phoenix, PA 19838"
Robert C. Johnson,robert.johnson42@mailservice.com,"5571 Oak Dr, San Diego, OH 89799"
William B. Jones,william.jones33@example.com,"3387 Cedar Rd, San Antonio, FL 88408"
Sarah B. Johnson,sarah.johnson96@myemail.org,"7116 Main St, San Jose, NY 67509"
Jane B. Smith,jane.smith58@myemail.org,"2652 Oak Dr, Chicago, IL 94895"
Sarah A. Miller,sarah.miller96@fakemail.net,"2362 Cedar Rd, Chicago, CA 20330"
John E. Williams,john.williams85@testmail.com,"6999 2nd Ave, Dallas, IL 24142"
Sarah E. Rodriguez,sarah.rodriguez76@mailservice.com,"4586 Broadway, Los Angeles, NY 80840"
William J. Jones,william.jones34@fakemail.net,"1738 Oak Dr, Dallas, NY 11963"
Jessica J. Williams,jessica.williams97@example.com,"400 Broadway, Dallas, NY 17588"
Jane D. Williams,jane.williams34@example.com,"3563 Main St, Phoenix, NC 78439"
Jessica C. Davis,jessica.davis76@mailservice.com,"2709 Maple Ave, Los Angeles, CA 51087"
Emily H. Smith,emily.smith52@testmail.com,"9531 Pine St, Phoenix, AZ 27076"
Linda F. Garcia,linda.garcia53@myemail.org,"2547 Cedar Rd, San Antonio, OH 88994"
Robert E. Rodriguez,robert.rodriguez21@myemail.org,"3265 Broadway, San Antonio, CA 27551"
John F. Miller,john.miller93@myemail.org,"8764 Cedar Rd, Los Angeles, FL 44744"
Robert A. Smith,robert.smith61@mailservice.com,"1097 Oak Dr, San Diego, AZ 38631"
Sarah J. Jones,sarah.jones44@myemail.org,"8153 2nd Ave, Houston, AZ 72676"
Jessica C. Johnson,jessica.johnson13@testmail.com,"8897 Willow Ln, Dallas, NC 50524"
David D. Garcia,david.garcia71@testmail.com,"3288 Elm St, Los Angeles, NC 64483"
Emily A. Davis,emily.davis10@fakemail.net,"1364 2nd Ave, Dallas, TX 92971"
Sarah J. Jones,sarah.jones63@example.com,"4263 Maple Ave, Dallas, TX 79586"
Sarah E. Brown,sarah.brown32@example.com,"5989 Broadway, Philadelphia, AZ 48192"
Emily B. Jones,emily.jones42@testmail.com,"8661 Main St, Los Angeles, GA 25642"
Emily D. Rodriguez,emily.rodriguez48@mailservice.com,"1703 Sunset Blvd, Houston, GA 34132"
Sarah D. Martinez,sarah.martinez97@fakemail.net,"9883 Pine St, San Jose, CA 54779"
David G. Miller,david.miller55@mailservice.com,"2983 Cedar Rd, Chicago, OH 57302"
William A. Johnson,william.johnson15@mailservice.com,"9803 Cedar Rd, New York, PA 73347"
William F. Davis,william.davis86@mailservice.com,"9845 Pine St, San Diego, IL 30206"
Sarah I. Martinez,sarah.martinez25@example.com,"9826 2nd Ave, Los Angeles, FL 37399"
Emily F. Martinez,emily.martinez57@testmail.com,"833 Main St, Houston, NC 20614"
Emily J. Martinez,emily.martinez50@fakemail.net,"8051 Willow Ln, San Diego, PA 58588"
William E. Martinez,william.martinez77@mailservice.com,"944 Elm St, Los Angeles, FL 59204"
Jessica B. Martinez,jessica.martinez39@testmail.com,"5909 Pine St, Dallas, OH 44341"
Michael B. Smith,michael.smith92@mailservice.com,"9795 Cedar Rd, San Jose, GA 90551"
Robert D. Jones,robert.jones94@mailservice.com,"5324 Maple Ave, New York, FL 33461"
Emily D. Smith,emily.smith86@testmail.com,"4888 Oak Dr, Chicago, NC 18117"
Robert A. Garcia,robert.garcia61@myemail.org,"6455 Cedar Rd, San Diego, GA 14987"
John I. Jones,john.jones75@mailservice.com,"7098 Maple Ave, Chicago, PA 70161"
Robert J. Johnson,robert.johnson22@example.com,"6280 Elm St, Dallas, NC 97331"
Emily J. Rodriguez,emily.rodriguez93@example.com,"9383 Cedar Rd, San Antonio, NY 15885"
John A. Jones,john.jones25@testmail.com,"3036 Cedar Rd, Phoenix, PA 24713"
William A. Martinez,william.martinez12@testmail.com,"1489 Elm St, Philadelphia, NY 20157"
John A. Rodriguez,john.rodriguez48@mailservice.com,"8362 2nd Ave, Philadelphia, TX 29333"
David A. Miller,david.miller83@example.com,"8528 Willow Ln, Houston, CA 66530"
Michael I. Garcia,michael.garcia76@myemail.org,"6114 Main St, San Diego, OH 96218"
Emily J. Garcia,emily.garcia91@testmail.com,"1021 Oak Dr, Chicago, IL 77359"
Emily H. Garcia,emily.garcia59@myemail.org,"3444 Pine St, Dallas, TX 45870"
Jane A. Williams,jane.williams48@example.com,"5112 Willow Ln, San Diego, PA 11414"
Linda A. Davis,linda.davis86@mailservice.com,"2907 Maple Ave, Chicago, TX 57938"
Linda E. Jones,linda.jones86@mailservice.com,"9600 Maple Ave, Los Angeles, TX 25619"
Jessica B. Brown,jessica.brown70@myemail.org,"8861 Maple Ave, San Jose, CA 54423"
Robert E. Miller,robert.miller46@testmail.com,"7587 Broadway, New York, OH 78631"
John E. Martinez,john.martinez42@myemail.org,"6713 Sunset Blvd, Houston, TX 31407"
Robert  Smith,robert.smith29@testmail.com,"7323 Broadway, New York, NC 15935"
Emily E. Miller,emily.miller55@myemail.org,"2073 Elm St, San Diego, TX 87436"
Linda E. Davis,linda.davis10@example.com,"1368 Sunset Blvd, Dallas, NY 28222"
Jessica E. Smith,jessica.smith69@myemail.org,"8367 Sunset Blvd, Dallas, NY 58067"
Michael A. Martinez,michael.martinez17@testmail.com,"9121 Cedar Rd, Chicago, PA 11097"
John  Garcia,john.garcia31@testmail.com,"325 Maple Ave, San Diego, AZ 21833"
William J. Williams,william.williams46@myemail.org,"798 Main St, San Diego, NY 61291"
Robert C. Rodriguez,robert.rodriguez86@fakemail.net,"6716 Main St, Phoenix, IL 86110"
David D. Smith,david.smith52@example.com,"9605 2nd Ave, New York, NC 17146"
Robert C. Williams,robert.williams63@mailservice.com,"7539 Oak Dr, New York, AZ 13178"
Sarah B. Smith,sarah.smith50@testmail.com,"7581 Willow Ln, Los Angeles, GA 15997"
Jane A. Smith,jane.smith50@mailservice.com,"3852 Broadway, Philadelphia, OH 24445"
Michael I. Smith,michael.smith40@myemail.org,"9175 Willow Ln, Philadelphia, GA 13552"
Linda G. Smith,linda.smith73@myemail.org,"6228 Sunset Blvd, San Jose, TX 99382"
Linda B. Williams,linda.williams73@testmail.com,"1487 Oak Dr, Houston, CA 49223"
Linda B. Garcia,linda.garcia65@example.com,"4770 Maple Ave, Houston, NC 92001"
John C. Rodriguez,john.rodriguez15@example.com,"5436 Willow Ln, Los Angeles, OH 83146"
Linda G. Smith,linda.smith34@example.com,"6979 Maple Ave, Chicago, AZ 15671"
Linda J. Davis,linda.davis91@mailservice.com,"7571 Maple Ave, Chicago, PA 38063"
Robert D. Rodriguez,robert.rodriguez31@mailservice.com,"2237 Main St, San Jose, OH 55898"
Jessica E. Martinez,jessica.martinez34@myemail.org,"2708 Broadway, New York, NC 69778"
David A. Davis,david.davis40@example.com,"4860 Oak Dr, Los Angeles, OH 24080"
Michael E. Garcia,michael.garcia34@example.com,"8035 2nd Ave, Chicago, FL 87777"
David C. Johnson,david.johnson94@fakemail.net,"3315 Cedar Rd, Houston, NY 17477"
Emily A. Smith,emily.smith81@testmail.com,"4485 Elm St, Philadelphia, NC 30888"
John  Smith,john.smith81@fakemail.net,"5147 Broadway, Chicago, IL 94911"
Jessica H. Brown,jessica.brown23@mailservice.com,"8033 Main St, Houston, FL 91583"
Michael G. Davis,michael.davis55@example.com,"9963 Oak Dr, Dallas, NY 91813"
Robert H. Miller,robert.miller54@example.com,"9582 Main St, San Jose, IL 48182"
Linda C. Johnson,linda.johnson55@example.com,"6503 Maple Ave, Phoenix, OH 80664"
William A. Davis,william.davis23@fakemail.net,"7534 Maple Ave, Los Angeles, IL 57322"
Linda  Rodriguez,linda.rodriguez79@fakemail.net,"2199 Sunset Blvd, New York, PA 30533"
William H. Jones,william.jones45@fakemail.net,"4114 Oak Dr, San Jose, OH 33874"
John I. Miller,john.miller15@fakemail.net,"5983 Oak Dr, Philadelphia, FL 50583"
Sarah H. Smith,sarah.smith93@fakemail.net,"2475 Willow Ln, Chicago, IL 22458"
Sarah D. Davis,sarah.davis22@fakemail.net,"2692 Broadway, San Diego, FL 10106"
Jane B. Jones,jane.jones88@fakemail.net,"4686 Main St, Philadelphia, CA 31389"
Sarah F. Brown,sarah.brown33@testmail.com,"6013 Sunset Blvd, Philadelphia, GA 81678"
John G. Martinez,john.martinez91@myemail.org,"6072 Sunset Blvd, Dallas, PA 85681"
Linda G. Johnson,linda.johnson92@mailservice.com,"6269 Willow Ln, Dallas, AZ 79692"
Michael I. Brown,michael.brown43@myemail.org,"6896 Sunset Blvd, New York, CA 75327"
Michael  Rodriguez,michael.rodriguez80@testmail.com,"7665 Broadway, San Jose, GA 52772"
David  Garcia,david.garcia90@mailservice.com,"9103 Main St, San Diego, NY 74677"
Jessica B. Davis,jessica.davis32@mailservice.com,"8457 Sunset Blvd, New York, TX 97319"
John F. Davis,john.davis53@fakemail.net,"9453 Oak Dr, San Antonio, NY 32199"
Jane C. Garcia,jane.garcia37@testmail.com,"7848 Cedar Rd, San Antonio, CA 18583"
Jane E. Martinez,jane.martinez99@testmail.com,"9838 Maple Ave, San Diego, NC 91310"
William J. Johnson,william.johnson15@fakemail.net,"8332 Pine St, San Antonio, NC 78398"
David H. Brown,david.brown90@fakemail.net,"7966 Broadway, San Diego, TX 11357"
Robert D. Brown,robert.brown78@fakemail.net,"1677 Cedar Rd, Los Angeles, NC 29455"
Emily E. Garcia,emily.garcia74@example.com,"2650 Main St, Phoenix, FL 30505"
David E. Davis,david.davis44@testmail.com,"3295 Main St, San Jose, NY 13727"
David B. Rodriguez,david.rodriguez97@mailservice.com,"7716 2nd Ave, Houston, TX 15181"
William C. Miller,william.miller96@testmail.com,"3635 Willow Ln, Philadelphia, PA 49272"
Robert I. Miller,robert.miller63@myemail.org,"4408 Elm St, San Jose, IL 66109"
Robert  Martinez,robert.martinez51@myemail.org,"8214 Main St, Dallas, NY 32030"
John A. Garcia,john.garcia52@myemail.org,"2476 Oak Dr, San Jose, TX 35477"
Emily G. Davis,emily.davis99@myemail.org,"7261 Pine St, San Diego, TX 62680"
Jessica E. Martinez,jessica.martinez93@myemail.org,"1318 Maple Ave, San Antonio, OH 69630"
David C. Davis,david.davis97@myemail.org,"8493 Maple Ave, Phoenix, NY 72302"
William J. Garcia,william.garcia44@example.com,"9540 2nd Ave, San Jose, GA 59993"
Robert A. Brown,robert.brown11@testmail.com,"4218 Oak Dr, San Diego, CA 32657"
Emily G. Johnson,emily.johnson77@example.com,"7246 Pine St, San Antonio, FL 14151"
David I. Jones,david.jones67@example.com,"5869 Oak Dr, San Diego, FL 57828"
John A. Davis,john.davis32@myemail.org,"3687 Cedar Rd, New York, GA 54956"
Emily J. Johnson,emily.johnson87@fakemail.net,"6170 Willow Ln, San Jose, TX 95687"
John H. Brown,john.brown93@myemail.org,"2305 Maple Ave, Los Angeles, OH 12274"
Jessica G. Jones,jessica.jones53@example.com,"511 Oak Dr, Chicago, PA 34072"
Jane B. Jones,jane.jones55@fakemail.net,"5422 Cedar Rd, San Jose, CA 10854"
Emily B. Davis,emily.davis12@example.com,"3332 Broadway, New York, IL 46877"
Linda  Rodriguez,linda.rodriguez24@example.com,"3857 2nd Ave, Philadelphia, NY 50061"
David I. Rodriguez,david.rodriguez14@testmail.com,"4240 Willow Ln, Phoenix, PA 10372"
Sarah H. Williams,sarah.williams78@testmail.com,"4206 Sunset Blvd, Phoenix, AZ 42321"
Linda H. Jones,linda.jones59@example.com,"3985 Sunset Blvd, San Antonio, GA 30428"
William F. Martinez,william.martinez66@mailservice.com,"4927 Elm St, San Antonio, FL 78390"
John J. Johnson,john.johnson92@testmail.com,"8571 Sunset Blvd, Chicago, PA 68693"
William I. Rodriguez,william.rodriguez97@mailservice.com,"6321 Elm St, Dallas, TX 90103"
William  Johnson,william.johnson55@fakemail.net,"7715 2nd Ave, San Antonio, GA 47699"
Emily I. Johnson,emily.johnson51@testmail.com,"9119 Main St, Philadelphia, CA 98698"
Jessica  Williams,jessica.williams72@fakemail.net,"2540 Willow Ln, San Antonio, PA 41979"
Jessica  Miller,jessica.miller35@fakemail.net,"5799 Broadway, Chicago, AZ 96572"
Linda B. Rodriguez,linda.rodriguez92@myemail.org,"1881 2nd Ave, San Diego, PA 94634"
William B. Davis,william.davis45@example.com,"2597 Sunset Blvd, Philadelphia, NC 87706"
William G. Williams,william.williams21@testmail.com,"2242 Broadway, Houston, NY 49702"
Sarah C. Johnson,sarah.johnson15@example.com,"1643 Maple Ave, San Jose, GA 74913"
Robert C. Martinez,robert.martinez12@myemail.org,"5063 Oak Dr, Los Angeles, NC 43652"
Robert D. Davis,robert.davis87@myemail.org,"3309 Main St, San Diego, TX 30643"
Jane H. Miller,jane.miller22@mailservice.com,"3498 Sunset Blvd, Houston, NY 85950"
Michael F. Williams,michael.williams41@fakemail.net,"6497 Sunset Blvd, Los Angeles, AZ 60952"
Jane F. Martinez,jane.martinez15@example.com,"3031 Elm St, Phoenix, OH 63454"
William B. Johnson,william.johnson26@fakemail.net,"4196 2nd Ave, San Diego, PA 17954"
David D. Williams,david.williams18@example.com,"7614 Elm St, Chicago, AZ 26984"
John J. Rodriguez,john.rodriguez20@fakemail.net,"7107 Willow Ln, San Antonio, CA 63263"
Jane I. Miller,jane.miller43@fakemail.net,"5394 Main St, New York, FL 90750"
Jane D. Rodriguez,jane.rodriguez86@example.com,"1989 Main St, San Antonio, CA 80297"
Jane G. Martinez,jane.martinez58@myemail.org,"6196 2nd Ave, San Antonio, NY 31056"
Michael I. Martinez,michael.martinez91@mailservice.com,"5528 Oak Dr, Chicago, IL 21640"
John C. Smith,john.smith21@myemail.org,"2151 Cedar Rd, Philadelphia, IL 59526"
David D. Johnson,david.johnson48@myemail.org,"5753 Main St, Philadelphia, TX 31472"
David  Miller,david.miller96@myemail.org,"8309 Cedar Rd, Phoenix, TX 20499"
Sarah E. Martinez,sarah.martinez62@mailservice.com,"6007 Main St, Chicago, NC 86423"
Jessica F. Rodriguez,jessica.rodriguez59@mailservice.com,"2757 Broadway, Houston, NY 47782"
Sarah A. Smith,sarah.smith77@myemail.org,"8631 Sunset Blvd, New York, FL 45554"
Michael J. Jones,michael.jones47@example.com,"9133 Oak Dr, Los Angeles, FL 93669"
John J. Brown,john.brown74@example.com,"8764 Cedar Rd, Los Angeles, OH 99731"
Emily  Williams,emily.williams70@fakemail.net,"9955 Cedar Rd, San Antonio, GA 52929"
Robert I. Williams,robert.williams78@testmail.com,"4743 Maple Ave, Los Angeles, AZ 66834"
John  Brown,john.brown66@mailservice.com,"5854 Willow Ln, Houston, IL 40231"
David  Smith,david.smith93@myemail.org,"7165 Elm St, San Diego, FL 90749"
Michael G. Johnson,michael.johnson14@myemail.org,"1328 Sunset Blvd, San Diego, TX 41621"
Jane  Johnson,jane.johnson35@mailservice.com,"5387 2nd Ave, Chicago, CA 19548"
William A. Martinez,william.martinez43@testmail.com,"754 2nd Ave, Chicago, TX 59163"
Sarah E. Johnson,sarah.johnson98@example.com,"309 Willow Ln, San Diego, NY 66361"
Robert H. Garcia,robert.garcia29@example.com,"3971 Sunset Blvd, Phoenix, CA 77645"
Jane G. Johnson,jane.johnson83@fakemail.net,"754 Willow Ln, San Diego, NY 18327"
David H. Garcia,david.garcia11@mailservice.com,"7735 Maple Ave, New York, PA 25656"
Jane J. Smith,jane.smith50@testmail.com,"8434 Oak Dr, Houston, AZ 86255"
John B. Jones,john.jones81@fakemail.net,"7424 Maple Ave, New York, NY 82154"
Sarah J. Martinez,sarah.martinez78@myemail.org,"322 Pine St, Los Angeles, FL 41925"
Emily J. Davis,emily.davis48@mailservice.com,"5207 Oak Dr, San Antonio, GA 29527"
Linda I. Davis,linda.davis47@testmail.com,"1883 Broadway, San Diego, IL 98439"
John G. Rodriguez,john.rodriguez23@mailservice.com,"4090 Broadway, Philadelphia, IL 77885"
Robert B. Davis,robert.davis24@myemail.org,"2243 Maple Ave, San Jose, CA 92362"
David J. Jones,david.jones48@fakemail.net,"1865 Maple Ave, Phoenix, TX 56465"
Linda  Davis,linda.davis33@myemail.org,"5077 Elm St, San Diego, AZ 49865"
John G. Smith,john.smith61@fakemail.net,"487 Broadway, Houston, NC 14657"
John G. Brown,john.brown87@fakemail.net,"8675 Oak Dr, Phoenix, AZ 69084"
Jane B. Brown,jane.brown95@example.com,"2016 Broadway, Chicago, IL 90005"
Sarah A. Rodriguez,sarah.rodriguez55@myemail.org,"7687 Cedar Rd, Phoenix, NY 13200"
William F. Johnson,william.johnson94@testmail.com,"5856 Cedar Rd, Dallas, IL 60078"
David H. Rodriguez,david.rodriguez60@mailservice.com,"9666 Sunset Blvd, New York, IL 80675"
Linda J. Smith,linda.smith86@testmail.com,"1781 2nd Ave, Philadelphia, PA 21554"
Jessica C. Johnson,jessica.johnson13@fakemail.net,"2126 Sunset Blvd, New York, FL 21936"
William F. Johnson,william.johnson33@myemail.org,"430 Cedar Rd, San Antonio, PA 35581"
Emily B. Garcia,emily.garcia18@myemail.org,"6070 2nd Ave, San Diego, AZ 18658"
William B. Smith,william.smith12@example.com,"3064 Oak Dr, Philadelphia, OH 60208"
David B. Martinez,david.martinez26@fakemail.net,"3798 Broadway, Philadelphia, GA 94684"
Jane  Jones,jane.jones32@example.com,"2851 Pine St, Dallas, NY 10656"
Jessica A. Johnson,jessica.johnson30@testmail.com,"9583 Pine St, San Jose, NC 95952"
Sarah D. Smith,sarah.smith60@myemail.org,"3685 Oak Dr, Chicago, CA 38592"
Jane H. Jones,jane.jones17@mailservice.com,"8590 Pine St, Houston, NC 20341"
David B. Davis,david.davis86@fakemail.net,"4999 Sunset Blvd, Phoenix, FL 83279"
Jessica F. Jones,jessica.jones40@mailservice.com,"7873 Maple Ave, Los Angeles, NC 96843"
Jane C. Rodriguez,jane.rodriguez97@example.com,"6002 Willow Ln, Philadelphia, GA 93250"
Michael F. Davis,michael.davis75@testmail.com,"5791 Main St, New York, AZ 88313"
John G. Brown,john.brown36@myemail.org,"9588 Cedar Rd, San Antonio, AZ 67975"
Sarah E. Smith,sarah.smith48@testmail.com,"8541 Cedar Rd, San Antonio, NC 29706"
Michael B. Davis,michael.davis63@myemail.org,"6246 2nd Ave, Phoenix, OH 63027"
John I. Brown,john.brown12@testmail.com,"1863 Broadway, New York, AZ 21481"
William B. Rodriguez,william.rodriguez87@testmail.com,"9066 Main St, Chicago, IL 48220"
William E. Smith,william.smith85@fakemail.net,"2994 Maple Ave, New York, FL 50524"
Emily G. Jones,emily.jones68@myemail.org,"2045 Maple Ave, Philadelphia, OH 88969"
Linda D. Brown,linda.brown75@fakemail.net,"8321 2nd Ave, San Diego, NY 94458"
Emily C. Johnson,emily.johnson87@mailservice.com,"4350 Broadway, New York, FL 43495"
David E. Davis,david.davis95@fakemail.net,"6189 Pine St, San Diego, GA 10110"
John B. Rodriguez,john.rodriguez84@example.com,"4086 Pine St, Los Angeles, GA 18781"
Sarah C. Rodriguez,sarah.rodriguez24@example.com,"6373 Cedar Rd, San Diego, AZ 19102"
Emily A. Martinez,emily.martinez35@myemail.org,"4912 Main St, Los Angeles, FL 40906"
Michael F. Johnson,michael.johnson76@testmail.com,"476 Pine St, Dallas, FL 43275"
Robert H. Martinez,robert.martinez64@testmail.com,"3291 Broadway, Phoenix, PA 14581"
David C. Garcia,david.garcia45@myemail.org,"6507 Broadway, San Antonio, CA 40071"
John A. Davis,john.davis20@myemail.org,"8248 Maple Ave, Chicago, NY 79079"
Linda J. Williams,linda.williams26@fakemail.net,"6676 Oak Dr, Los Angeles, CA 78176"
John I. Martinez,john.martinez58@example.com,"8184 Maple Ave, Dallas, IL 24536"
John D. Miller,john.miller76@myemail.org,"7440 Sunset Blvd, Chicago, AZ 85629"
Michael J. Smith,michael.smith20@mailservice.com,"1864 Broadway, Dallas, AZ 84853"
David F. Garcia,david.garcia46@example.com,"9127 Pine St, Los Angeles, GA 27738"
Jane H. Martinez,jane.martinez28@myemail.org,"2954 Broadway, Dallas, TX 99685"
Robert G. Davis,robert.davis33@fakemail.net,"817 Elm St, Chicago, IL 59998"
Sarah F. Miller,sarah.miller12@testmail.com,"6886 2nd Ave, San Antonio, CA 70002"
Michael J. Williams,michael.williams93@fakemail.net,"6397 Broadway, Phoenix, NY 42027"
Robert  Smith,robert.smith34@testmail.com,"1505 Elm St, San Diego, PA 14476"
John A. Davis,john.davis86@testmail.com,"6941 Maple Ave, Chicago, PA 75467"
Linda B. Smith,linda.smith17@example.com,"3029 Pine St, San Diego, IL 92879"
Emily A. Brown,emily.brown79@example.com,"9695 Maple Ave, San Jose, OH 90429"
John F. Jones,john.jones57@example.com,"5956 2nd Ave, Philadelphia, GA 40110"
Robert E. Johnson,robert.johnson48@fakemail.net,"7934 Cedar Rd, New York, TX 68720"
Linda C. Brown,linda.brown30@mailservice.com,"7348 Pine St, San Antonio, AZ 32203"
Michael  Johnson,michael.johnson98@example.com,"3462 2nd Ave, New York, AZ 24611"
Sarah H. Jones,sarah.jones28@fakemail.net,"2066 Broadway, Philadelphia, FL 78538"
David E. Davis,david.davis68@myemail.org,"3572 2nd Ave, New York, NC 29135"
Michael F. Rodriguez,michael.rodriguez97@mailservice.com,"1045 Oak Dr, Houston, IL 14380"
John I. Brown,john.brown84@example.com,"9408 Willow Ln, Phoenix, NC 68992"
Sarah H. Brown,sarah.brown10@testmail.com,"6811 Pine St, Philadelphia, PA 87101"
John B. Williams,john.williams77@mailservice.com,"6337 Willow Ln, San Antonio, TX 27768"
David G. Miller,david.miller64@fakemail.net,"5443 Main St, Houston, CA 47136"
Jane H. Garcia,jane.garcia63@example.com,"4329 Cedar Rd, San Jose, GA 30888"
William B. Miller,william.miller90@myemail.org,"9533 Sunset Blvd, Dallas, OH 20842"
Michael F. Rodriguez,michael.rodriguez17@testmail.com,"1765 Maple Ave, Dallas, NC 37211"
Jane C. Williams,jane.williams98@fakemail.net,"8447 Pine St, San Antonio, TX 97906"
Robert F. Rodriguez,robert.rodriguez62@mailservice.com,"6385 Willow Ln, New York, FL 81208"
Sarah C. Smith,sarah.smith24@testmail.com,"9158 Main St, New York, NY 96734"
Linda  Garcia,linda.garcia12@fakemail.net,"9562 Oak Dr, Los Angeles, FL 71758"
Michael C. Garcia,michael.garcia72@testmail.com,"2018 Broadway, San Jose, NC 21706"
John E. Davis,john.davis58@myemail.org,"1252 Maple Ave, Chicago, CA 68326"
Michael H. Brown,michael.brown48@testmail.com,"5572 2nd Ave, San Jose, NY 68227"
Emily B. Jones,emily.jones78@fakemail.net,"7890 2nd Ave, Philadelphia, NC 98189"
Michael J. Miller,michael.miller51@fakemail.net,"3498 Maple Ave, Phoenix, GA 53503"
Jane J. Williams,jane.williams60@mailservice.com,"949 Pine St, Houston, NC 99530"
Emily A. Davis,emily.davis53@testmail.com,"2277 Maple Ave, San Jose, NC 56126"
William D. Johnson,william.johnson92@mailservice.com,"2140 Maple Ave, Dallas, AZ 71660"
Jane J. Garcia,jane.garcia72@example.com,"2681 Oak Dr, Chicago, NY 24464"
Linda F. Johnson,linda.johnson81@myemail.org,"746 Cedar Rd, San Jose, NC 53142"
Robert I. Brown,robert.brown59@testmail.com,"2752 Broadway, New York, PA 74278"
Robert A. Davis,robert.davis30@testmail.com,"8263 Oak Dr, San Jose, OH 35311"
Emily G. Martinez,emily.martinez25@fakemail.net,"1186 Oak Dr, San Antonio, NY 52004"
Sarah G. Davis,sarah.davis70@mailservice.com,"4555 Main St, Houston, PA 55071"
Michael  Garcia,michael.garcia34@fakemail.net,"2493 Willow Ln, New York, TX 73838"
Jessica F. Brown,jessica.brown28@myemail.org,"8468 Main St, Philadelphia, FL 87309"
Sarah I. Miller,sarah.miller86@mailservice.com,"2404 2nd Ave, Los Angeles, NC 33716"
David C. Williams,david.williams66@fakemail.net,"2114 Cedar Rd, San Antonio, NC 33125"
Linda E. Williams,linda.williams96@example.com,"2199 Oak Dr, San Jose, FL 24539"
Robert D. Jones,robert.jones88@fakemail.net,"5343 Oak Dr, New York, NC 85014"
Jane H. Martinez,jane.martinez15@fakemail.net,"3942 Pine St, Chicago, CA 60208"
Jessica C. Williams,jessica.williams32@testmail.com,"2163 Cedar Rd, San Diego, IL 45818"
Sarah G. Brown,sarah.brown42@mailservice.com,"1266 Main St, San Diego, NC 84431"
Jessica A. Rodriguez,jessica.rodriguez72@myemail.org,"7935 Main St, San Antonio, AZ 54961"
Michael  Martinez,michael.martinez51@testmail.com,"2015 Broadway, Los Angeles, PA 87546"
Jane E. Rodriguez,jane.rodriguez38@testmail.com,"9385 Main St, Houston, TX 37597"
Jane E. Garcia,jane.garcia49@mailservice.com,"3942 Broadway, San Antonio, FL 53114"
Sarah H. Jones,sarah.jones65@example.com,"603 Sunset Blvd, San Antonio, FL 99271"
Sarah H. Williams,sarah.williams52@testmail.com,"7986 Maple Ave, San Antonio, TX 72161"
John I. Martinez,john.martinez32@fakemail.net,"3374 Sunset Blvd, San Diego, OH 66826"
David G. Smith,david.smith34@fakemail.net,"2653 Willow Ln, San Jose, CA 10567"
Jessica D. Rodriguez,jessica.rodriguez47@mailservice.com,"1408 Broadway, New York, PA 30046"
Sarah C. Garcia,sarah.garcia16@mailservice.com,"9772 Cedar Rd, San Jose, NY 32203"
Robert C. Jones,robert.jones14@mailservice.com,"2122 Cedar Rd, San Antonio, GA 48337"
Michael J. Rodriguez,michael.rodriguez72@mailservice.com,"8106 Main St, San Antonio, CA 80394"
Linda E. Garcia,linda.garcia12@myemail.org,"2252 Maple Ave, New York, NC 36531"
David B. Garcia,david.garcia98@fakemail.net,"998 Main St, Chicago, CA 48374"
Linda B. Davis,linda.davis37@mailservice.com,"9309 Sunset Blvd, Los Angeles, GA 44097"
Jessica A. Martinez,jessica.martinez19@myemail.org,"1379 Elm St, San Diego, GA 42461"
John F. Williams,john.williams97@mailservice.com,"6725 Pine St, Philadelphia, IL 16143"
William E. Williams,william.williams24@mailservice.com,"3944 2nd Ave, Chicago, OH 61419"
Emily B. Jones,emily.jones94@testmail.com,"3427 Sunset Blvd, Chicago, NC 12859"
Emily B. Rodriguez,emily.rodriguez23@mailservice.com,"6145 Cedar Rd, San Jose, CA 98342"
David D. Williams,david.williams62@testmail.com,"7697 Willow Ln, New York, NY 49702"
Emily I. Garcia,emily.garcia74@example.com,"338 Willow Ln, Houston, CA 11511"
David I. Jones,david.jones57@example.com,"5011 Pine St, Philadelphia, AZ 60042"
Linda H. Rodriguez,linda.rodriguez78@example.com,"453 Oak Dr, Philadelphia, OH 78561"
Linda  Williams,linda.williams11@mailservice.com,"8557 Cedar Rd, San Diego, AZ 90420"
Emily B. Johnson,emily.johnson61@example.com,"5439 2nd Ave, San Jose, TX 49745"
Linda I. Brown,linda.brown88@myemail.org,"3530 Willow Ln, Houston, AZ 73453"
Emily H. Rodriguez,emily.rodriguez21@fakemail.net,"7526 2nd Ave, San Diego, CA 19366"
Jane B. Johnson,jane.johnson69@myemail.org,"5676 Pine St, Chicago, AZ 95520"
John  Rodriguez,john.rodriguez36@example.com,"2349 Oak Dr, Phoenix, OH 75000"
David A. Martinez,david.martinez57@testmail.com,"2534 Willow Ln, Phoenix, IL 69002"
Jessica H. Martinez,jessica.martinez88@mailservice.com,"4798 Cedar Rd, San Antonio, NY 31208"
Robert I. Jones,robert.jones51@example.com,"9798 Oak Dr, Chicago, NC 58747"
Jessica H. Brown,jessica.brown39@fakemail.net,"4286 Sunset Blvd, Philadelphia, NY 12421"
William A. Miller,william.miller38@myemail.org,"953 Cedar Rd, Chicago, PA 66095"
William F. Williams,william.williams39@fakemail.net,"5447 Sunset Blvd, San Jose, NY 67831"
Robert G. Garcia,robert.garcia90@fakemail.net,"5465 Cedar Rd, San Antonio, TX 93749"
John J. Williams,john.williams62@myemail.org,"332 Cedar Rd, Phoenix, AZ 61783"
Emily C. Davis,emily.davis38@fakemail.net,"9200 Main St, Dallas, FL 19508"
Jessica H. Rodriguez,jessica.rodriguez48@example.com,"3413 Main St, Phoenix, FL 14114"
Jessica C. Garcia,jessica.garcia98@testmail.com,"5410 Elm St, Houston, CA 75016"
Jane E. Williams,jane.williams45@mailservice.com,"9001 Elm St, San Jose, OH 21860"
Jane D. Brown,jane.brown84@mailservice.com,"1686 Elm St, San Antonio, NC 54894"
Jane J. Smith,jane.smith62@example.com,"1599 Main St, San Jose, PA 91858"
John  Johnson,john.johnson49@testmail.com,"1826 2nd Ave, San Antonio, FL 50738"
David I. Smith,david.smith64@fakemail.net,"2143 Maple Ave, San Jose, OH 58619"
Linda F. Miller,linda.miller92@example.com,"5445 Pine St, Dallas, GA 29764"
Robert H. Rodriguez,robert.rodriguez26@fakemail.net,"2539 Elm St, Phoenix, TX 78073"
Jane C. Rodriguez,jane.rodriguez62@myemail.org,"8924 Willow Ln, Chicago, FL 70593"
Sarah I. Jones,sarah.jones22@mailservice.com,"5740 Elm St, Philadelphia, GA 77298"
William B. Smith,william.smith13@testmail.com,"9528 2nd Ave, Chicago, FL 20819"
Jane C. Johnson,jane.johnson79@fakemail.net,"733 Main St, Phoenix, GA 91072"
Michael F. Brown,michael.brown77@myemail.org,"9419 Elm St, Dallas, AZ 63545"
Michael F. Johnson,michael.johnson93@testmail.com,"9148 Willow Ln, Phoenix, CA 69424"
Robert C. Smith,robert.smith60@fakemail.net,"7243 2nd Ave, Houston, GA 94399"
Sarah I. Miller,sarah.miller24@myemail.org,"2577 Main St, Philadelphia, CA 18082"
Jane E. Williams,jane.williams74@example.com,"9839 Cedar Rd, Phoenix, IL 23544"
John  Brown,john.brown91@myemail.org,"4150 Main St, San Diego, PA 59062"
Jessica A. Jones,jessica.jones36@mailservice.com,"5096 Pine St, Houston, AZ 59997"
Jessica I. Johnson,jessica.johnson41@mailservice.com,"6686 Cedar Rd, Chicago, NY 17304"
Linda C. Martinez,linda.martinez26@fakemail.net,"7640 Maple Ave, New York, PA 12856"
Robert  Davis,robert.davis85@myemail.org,"3538 Oak Dr, San Jose, TX 61650"
Linda B. Williams,linda.williams72@mailservice.com,"8903 Maple Ave, San Diego, TX 25937"
Robert C. Jones,robert.jones96@mailservice.com,"5493 2nd Ave, Phoenix, NC 54281"
Emily H. Williams,emily.williams11@myemail.org,"187 Oak Dr, Dallas, OH 71475"
Emily B. Miller,emily.miller69@myemail.org,"4800 Willow Ln, San Diego, OH 40132"
Linda D. Miller,linda.miller63@testmail.com,"8663 Pine St, Los Angeles, OH 51864"
William F. Brown,william.brown56@myemail.org,"7342 Broadway, Dallas, IL 56086"
Jane E. Garcia,jane.garcia25@mailservice.com,"8397 2nd Ave, New York, AZ 18295"
John  Williams,john.williams12@example.com,"3326 Maple Ave, Houston, TX 17477"
William F. Martinez,william.martinez72@fakemail.net,"8893 Oak Dr, Dallas, TX 20256"
Linda I. Jones,linda.jones46@testmail.com,"8594 Sunset Blvd, San Jose, CA 18743"
Jessica H. Garcia,jessica.garcia89@myemail.org,"2488 Willow Ln, San Antonio, GA 33661"
Emily B. Jones,emily.jones74@fakemail.net,"8644 Main St, Chicago, NY 49635"
David A. Davis,david.davis29@fakemail.net,"1865 Pine St, New York, FL 29856"
Jane C. Williams,jane.williams82@testmail.com,"246 Cedar Rd, Chicago, PA 16279"
Jessica F. Martinez,jessica.martinez86@mailservice.com,"2976 Cedar Rd, San Diego, OH 66482"
John F. Davis,john.davis14@myemail.org,"8265 Main St, Los Angeles, TX 77680"
Jessica J. Miller,jessica.miller16@fakemail.net,"5886 Maple Ave, Phoenix, PA 54934"
Jessica F. Brown,jessica.brown94@mailservice.com,"4773 Elm St, Houston, NC 19224"
Jessica F. Williams,jessica.williams45@mailservice.com,"783 Maple Ave, New York, FL 77588"
Jessica G. Williams,jessica.williams54@testmail.com,"9048 Maple Ave, Houston, PA 71260"
Jane B. Martinez,jane.martinez77@testmail.com,"3896 Willow Ln, San Diego, TX 61704"
Emily F. Johnson,emily.johnson20@mailservice.com,"2973 Main St, San Antonio, NC 94990"
William E. Miller,william.miller81@myemail.org,"2046 Sunset Blvd, San Diego, FL 10776"
Jane A. Johnson,jane.johnson15@myemail.org,"1056 Pine St, New York, GA 74262"
David I. Smith,david.smith83@example.com,"5580 Cedar Rd, San Antonio, NC 83313"
Sarah A. Garcia,sarah.garcia20@testmail.com,"9440 Maple Ave, San Diego, GA 24736"
Linda F. Martinez,linda.martinez97@fakemail.net,"1403 Sunset Blvd, Dallas, NC 70304"
Emily D. Garcia,emily.garcia42@testmail.com,"2980 Main St, Chicago, AZ 62903"
John A. Miller,john.miller74@myemail.org,"9838 Cedar Rd, Houston, GA 53335"
Jane  Miller,jane.miller17@testmail.com,"2380 Broadway, Houston, GA 56746"
John A. Jones,john.jones24@myemail.org,"3363 Elm St, San Antonio, OH 45587"
Linda I. Jones,linda.jones88@mailservice.com,"967 Maple Ave, Phoenix, CA 64823"
John G. Martinez,john.martinez64@myemail.org,"8215 Sunset Blvd, Chicago, NC 17313"
David J. Smith,david.smith63@myemail.org,"1060 Oak Dr, San Jose, FL 41532"
Emily E. Martinez,emily.martinez65@myemail.org,"8653 Broadway, San Antonio, CA 62319"
William G. Smith,william.smith58@testmail.com,"3725 Maple Ave, Philadelphia, CA 52929"
Sarah H. Jones,sarah.jones54@mailservice.com,"6705 Willow Ln, Philadelphia, CA 62761"
Michael A. Jones,michael.jones41@mailservice.com,"1511 Sunset Blvd, San Antonio, CA 24462"
William J. Davis,william.davis93@mailservice.com,"882 Maple Ave, Phoenix, GA 37983"
Emily E. Smith,emily.smith65@testmail.com,"5655 2nd Ave, Houston, FL 63338"
Emily C. Rodriguez,emily.rodriguez98@myemail.org,"2610 Sunset Blvd, Dallas, TX 17240"
David J. Davis,david.davis17@example.com,"5574 Broadway, Phoenix, FL 18943"
John A. Smith,john.smith63@testmail.com,"3675 Cedar Rd, New York, CA 54250"
Jessica H. Rodriguez,jessica.rodriguez35@myemail.org,"5493 Oak Dr, Los Angeles, CA 75860"
William C. Jones,william.jones42@example.com,"4921 Main St, Dallas, CA 59102"
Jessica C. Martinez,jessica.martinez86@mailservice.com,"4045 Elm St, New York, IL 38859"
Emily J. Johnson,emily.johnson13@example.com,"443 Main St, Phoenix, FL 41455"
Jane B. Smith,jane.smith21@myemail.org,"2786 Willow Ln, Los Angeles, AZ 71263"
Linda  Brown,linda.brown71@testmail.com,"9670 Broadway, Chicago, NC 94050"
David E. Brown,david.brown37@myemail.org,"898 Sunset Blvd, Los Angeles, NC 96633"
Sarah H. Johnson,sarah.johnson17@example.com,"6912 Cedar Rd, Philadelphia, IL 88646"
Jessica G. Jones,jessica.jones50@fakemail.net,"9199 Pine St, Chicago, TX 21448"
David C. Davis,david.davis13@testmail.com,"2781 Oak Dr, Los Angeles, OH 90310"
Sarah C. Smith,sarah.smith91@myemail.org,"5823 Maple Ave, Dallas, NC 81738"
Emily G. Miller,emily.miller36@example.com,"2156 2nd Ave, New York, OH 44564"
David A. Johnson,david.johnson49@myemail.org,"571 Pine St, San Diego, NY 35726"
Linda D. Davis,linda.davis18@testmail.com,"618 Cedar Rd, Dallas, OH 55499"
Jane I. Jones,jane.jones84@testmail.com,"3490 Willow Ln, Los Angeles, NC 31094"
Sarah G. Garcia,sarah.garcia58@fakemail.net,"2416 Sunset Blvd, San Antonio, FL 87841"
Michael F. Garcia,michael.garcia54@myemail.org,"5973 Sunset Blvd, Houston, OH 46969"
John G. Johnson,john.johnson38@example.com,"7542 Elm St, Los Angeles, NY 59984"
Linda J. Jones,linda.jones95@mailservice.com,"8991 Cedar Rd, Chicago, OH 26007"
Jane C. Davis,jane.davis99@testmail.com,"6638 Cedar Rd, San Jose, CA 65394"
Emily H. Smith,emily.smith71@myemail.org,"964 Willow Ln, Los Angeles, AZ 41590"
Emily E. Williams,emily.williams88@fakemail.net,"6335 Elm St, Houston, GA 45280"
Robert F. Smith,robert.smith89@testmail.com,"6779 Maple Ave, Houston, OH 91540"
Robert B. Williams,robert.williams55@mailservice.com,"6432 Main St, San Antonio, NY 72018"
Sarah A. Martinez,sarah.martinez49@fakemail.net,"1529 Sunset Blvd, Dallas, GA 68900"
Sarah F. Brown,sarah.brown42@testmail.com,"747 2nd Ave, Houston, PA 65566"
David E. Garcia,david.garcia83@example.com,"1565 2nd Ave, Los Angeles, FL 19978"
John D. Martinez,john.martinez56@fakemail.net,"7505 Elm St, Houston, FL 19710"
Robert H. Davis,robert.davis11@fakemail.net,"7577 Maple Ave, Dallas, PA 81293"
David  Davis,david.davis97@testmail.com,"9122 Elm St, Philadelphia, OH 45224"
William I. Jones,william.jones37@myemail.org,"5655 Sunset Blvd, Philadelphia, CA 61988"
Linda F. Williams,linda.williams22@example.com,"1513 Elm St, Dallas, TX 31094"
David G. Brown,david.brown97@fakemail.net,"5675 2nd Ave, Houston, GA 51531"
Robert H. Davis,robert.davis35@example.com,"8299 Main St, New York, AZ 10159"
John D. Rodriguez,john.rodriguez35@myemail.org,"5439 2nd Ave, Houston, AZ 93611"
Robert J. Rodriguez,robert.rodriguez69@myemail.org,"4697 Willow Ln, Los Angeles, GA 21766"
Emily G. Martinez,emily.martinez60@myemail.org,"5845 Maple Ave, Los Angeles, CA 65828"
Jessica I. Davis,jessica.davis76@mailservice.com,"5891 Willow Ln, San Diego, IL 71761"
Jane E. Williams,jane.williams11@fakemail.net,"9171 Oak Dr, New York, NY 63306"
Linda A. Garcia,linda.garcia85@fakemail.net,"8059 Willow Ln, Los Angeles, FL 42884"
Michael B. Rodriguez,michael.rodriguez15@mailservice.com,"9948 Pine St, Philadelphia, NC 24696"
Emily D. Rodriguez,emily.rodriguez28@example.com,"4061 Broadway, Los Angeles, PA 26788"
William D. Davis,william.davis54@fakemail.net,"896 Pine St, Chicago, TX 16263"
Jane  Martinez,jane.martinez90@myemail.org,"4196 Pine St, Houston, FL 54042"
Sarah A. Miller,sarah.miller61@example.com,"1958 Oak Dr, San Diego, GA 42818"
David B. Jones,david.jones65@example.com,"1838 Broadway, San Jose, NC 97258"
Emily C. Garcia,emily.garcia11@fakemail.net,"7953 2nd Ave, Chicago, TX 97522"
David I. Rodriguez,david.rodriguez56@example.com,"2975 2nd Ave, Dallas, OH 19563"
Emily A. Davis,emily.davis52@fakemail.net,"3933 Broadway, San Antonio, CA 84372"
Jessica F. Rodriguez,jessica.rodriguez45@mailservice.com,"7578 Main St, Chicago, PA 82827"
Linda A. Davis,linda.davis68@testmail.com,"5934 Sunset Blvd, New York, IL 48732"
Michael B. Garcia,michael.garcia40@fakemail.net,"8796 Maple Ave, Houston, GA 37958"
David B. Jones,david.jones78@fakemail.net,"8150 Oak Dr, Philadelphia, AZ 63831"
Michael A. Davis,michael.davis69@testmail.com,"7814 Sunset Blvd, Phoenix, NY 88704"
John H. Davis,john.davis68@fakemail.net,"2862 Main St, Philadelphia, CA 15354"
Linda F. Davis,linda.davis82@testmail.com,"1973 Main St, New York, NC 14283"
Linda B. Brown,linda.brown91@example.com,"8905 Elm St, Phoenix, OH 20167"
William G. Rodriguez,william.rodriguez22@fakemail.net,"4587 Sunset Blvd, Dallas, TX 70464"
William H. Rodriguez,william.rodriguez98@mailservice.com,"4151 Elm St, Houston, TX 44155"
Sarah  Williams,sarah.williams34@example.com,"6565 Oak Dr, New York, NY 60202"
John A. Martinez,john.martinez91@example.com,"2811 Pine St, Phoenix, OH 70785"
Jessica H. Smith,jessica.smith14@example.com,"6836 Sunset Blvd, Chicago, TX 58141"
Linda  Johnson,linda.johnson75@mailservice.com,"7921 2nd Ave, Phoenix, AZ 21653"
Jane B. Rodriguez,jane.rodriguez74@myemail.org,"9691 Pine St, Los Angeles, PA 57775"
Robert E. Miller,robert.miller52@mailservice.com,"5649 Elm St, San Diego, PA 47148"
Emily I. Jones,emily.jones67@mailservice.com,"422 Maple Ave, San Jose, FL 45707"
David F. Miller,david.miller74@testmail.com,"1051 Main St, Chicago, TX 64051"
William D. Smith,william.smith54@testmail.com,"6360 Main St, San Jose, AZ 19865"
Linda H. Martinez,linda.martinez81@example.com,"6440 Main St, Dallas, NC 80092"
Sarah I. Garcia,sarah.garcia13@example.com,"1833 Elm St, Phoenix, IL 78823"
Sarah H. Miller,sarah.miller49@example.com,"5198 Pine St, Philadelphia, TX 34517"
David D. Martinez,david.martinez91@fakemail.net,"7167 Willow Ln, Chicago, FL 20566"
David B. Miller,david.miller93@example.com,"9987 Broadway, Dallas, NC 17915"
David  Rodriguez,david.rodriguez59@mailservice.com,"1082 Pine St, San Antonio, AZ 93623"
Michael J. Williams,michael.williams14@example.com,"6129 2nd Ave, Phoenix, IL 19919"
Jessica E. Rodriguez,jessica.rodriguez50@testmail.com,"3314 Main St, Houston, NY 47771"
David  Brown,david.brown31@fakemail.net,"1179 Oak Dr, Houston, NY 22885"
Michael  Brown,michael.brown23@mailservice.com,"146 Cedar Rd, New York, TX 51368"
Emily I. Williams,emily.williams68@fakemail.net,"5059 Cedar Rd, Houston, TX 63187"
Emily  Jones,emily.jones41@fakemail.net,"5123 Elm St, San Jose, AZ 55382"
Robert G. Miller,robert.miller89@example.com,"8188 Broadway, Dallas, GA 41536"
David  Jones,david.jones68@mailservice.com,"8511 2nd Ave, Houston, AZ 50345"
Jessica F. Davis,jessica.davis84@testmail.com,"8443 Main St, San Jose, PA 17077"
Jessica J. Brown,jessica.brown34@mailservice.com,"7488 Sunset Blvd, Philadelphia, CA 48168"
David I. Johnson,david.johnson43@mailservice.com,"5153 Pine St, Los Angeles, PA 14763"
Jessica H. Garcia,jessica.garcia44@fakemail.net,"647 2nd Ave, Dallas, PA 69996"
Jessica A. Johnson,jessica.johnson60@fakemail.net,"1373 Broadway, Philadelphia, TX 48744"
Robert  Martinez,robert.martinez15@mailservice.com,"3874 Cedar Rd, San Jose, NC 60088"
David D. Davis,david.davis28@mailservice.com,"3719 Maple Ave, San Diego, GA 11175"
John D. Williams,john.williams29@fakemail.net,"2182 Cedar Rd, San Jose, AZ 70820"
Jessica G. Miller,jessica.miller56@myemail.org,"7988 Oak Dr, Philadelphia, AZ 20824"
Michael  Garcia,michael.garcia69@mailservice.com,"5303 Broadway, Los Angeles, NY 91172"
Michael D. Rodriguez,michael.rodriguez80@fakemail.net,"5760 Oak Dr, New York, FL 49867"
Robert J. Jones,robert.jones87@testmail.com,"6008 Elm St, New York, NC 64855"
Michael I. Rodriguez,michael.rodriguez66@myemail.org,"7432 Oak Dr, San Diego, FL 72160"
John F. Martinez,john.martinez95@testmail.com,"4390 Cedar Rd, San Jose, OH 20943"
Michael A. Rodriguez,michael.rodriguez27@testmail.com,"311 Cedar Rd, San Diego, CA 47381"
Emily  Miller,emily.miller62@example.com,"8440 Sunset Blvd, San Diego, NY 47038"
David D. Johnson,david.johnson38@mailservice.com,"2862 Sunset Blvd, San Antonio, IL 97131"
John G. Johnson,john.johnson79@myemail.org,"232 2nd Ave, San Jose, TX 17116"
Robert A. Miller,robert.miller49@fakemail.net,"3755 Maple Ave, Houston, OH 18325"
William H. Miller,william.miller78@testmail.com,"8911 Pine St, Dallas, TX 74262"
David  Davis,david.davis56@mailservice.com,"1057 Sunset Blvd, New York, FL 43868"
Linda C. Smith,linda.smith87@mailservice.com,"8453 Pine St, Chicago, GA 75441"
Jessica J. Jones,jessica.jones88@mailservice.com,"7199 Willow Ln, San Jose, GA 35914"
Sarah J. Miller,sarah.miller62@mailservice.com,"2887 2nd Ave, San Antonio, PA 75291"
Michael D. Smith,michael.smith30@example.com,"3906 Oak Dr, New York, PA 28026"
Robert I. Brown,robert.brown43@mailservice.com,"3345 Cedar Rd, Dallas, GA 17941"
John D. Miller,john.miller55@myemail.org,"721 Willow Ln, Philadelphia, IL 47605"
Michael A. Smith,michael.smith74@mailservice.com,"8643 Elm St, San Antonio, NC 17555"
William  Johnson,william.johnson77@testmail.com,"3205 Sunset Blvd, Los Angeles, OH 72932"
Jane G. Smith,jane.smith60@mailservice.com,"8193 Pine St, Houston, TX 26544"
Sarah F. Davis,sarah.davis71@example.com,"569 Sunset Blvd, San Diego, IL 12443"
John G. Brown,john.brown92@example.com,"6279 Broadway, Dallas, FL 53866"
Michael B. Brown,michael.brown76@mailservice.com,"8699 Sunset Blvd, Philadelphia, TX 93994"
Linda H. Martinez,linda.martinez76@fakemail.net,"7196 Oak Dr, Chicago, OH 15351"
Emily C. Rodriguez,emily.rodriguez31@fakemail.net,"7948 2nd Ave, San Antonio, PA 52718"
Jane J. Johnson,jane.johnson25@example.com,"2362 Pine St, Philadelphia, AZ 73347"
Emily E. Smith,emily.smith80@myemail.org,"1282 Sunset Blvd, Phoenix, AZ 99108"
Jane D. Brown,jane.brown70@testmail.com,"6162 Pine St, Phoenix, NC 33554"
Jane B. Johnson,jane.johnson99@testmail.com,"8521 2nd Ave, Phoenix, NY 27151"
Robert G. Miller,robert.miller93@fakemail.net,"6847 Oak Dr, Phoenix, PA 25937"
Emily H. Johnson,emily.johnson89@testmail.com,"7873 Maple Ave, San Antonio, NC 53844"
Jessica A. Miller,jessica.miller45@testmail.com,"4075 Sunset Blvd, Philadelphia, IL 15063"
Jessica A. Martinez,jessica.martinez98@fakemail.net,"6924 Oak Dr, San Antonio, PA 31819"
Emily D. Davis,emily.davis95@example.com,"9510 Sunset Blvd, New York, NC 35014"
Jessica A. Williams,jessica.williams10@example.com,"3759 Main St, Chicago, OH 54961"
Michael  Miller,michael.miller56@fakemail.net,"7922 Elm St, San Jose, GA 55375"
Jane F. Jones,jane.jones81@fakemail.net,"1239 Sunset Blvd, Chicago, NC 60808"
Michael I. Jones,michael.jones45@example.com,"9717 Pine St, Houston, NY 16244"
Michael  Brown,michael.brown83@myemail.org,"747 Sunset Blvd, Houston, TX 12622"
David G. Smith,david.smith86@myemail.org,"1943 Maple Ave, San Antonio, AZ 13737"
William E. Davis,william.davis96@example.com,"5169 Pine St, San Diego, NC 88621"
Michael I. Smith,michael.smith65@testmail.com,"5521 Cedar Rd, New York, TX 40349"
Jane G. Davis,jane.davis77@testmail.com,"6928 Oak Dr, Philadelphia, CA 46990"
William F. Davis,william.davis13@mailservice.com,"4214 Elm St, Philadelphia, CA 62103"
David A. Johnson,david.johnson39@myemail.org,"1461 Elm St, San Jose, FL 39760"
Robert I. Williams,robert.williams32@fakemail.net,"5603 Cedar Rd, Chicago, PA 47183"
Jessica H. Johnson,jessica.johnson52@fakemail.net,"7228 Cedar Rd, Dallas, NC 36039"
Emily B. Martinez,emily.martinez79@myemail.org,"6476 2nd Ave, Los Angeles, CA 20925"
William J. Jones,william.jones33@mailservice.com,"8763 Maple Ave, New York, TX 94050"
Sarah F. Jones,sarah.jones15@mailservice.com,"1806 Oak Dr, Dallas, NY 24430"
Emily J. Davis,emily.davis27@myemail.org,"8643 Sunset Blvd, Chicago, OH 51504"
David E. Williams,david.williams15@fakemail.net,"3870 Main St, Phoenix, IL 99281"
David H. Martinez,david.martinez71@mailservice.com,"4322 Broadway, Philadelphia, AZ 60156"
Emily H. Smith,emily.smith76@fakemail.net,"9579 Maple Ave, Dallas, NY 30729"
John G. Miller,john.miller32@fakemail.net,"9063 Main St, San Jose, CA 65087"
David F. Rodriguez,david.rodriguez72@example.com,"3845 Willow Ln, Houston, PA 77043"
Robert H. Brown,robert.brown96@fakemail.net,"3343 Pine St, Phoenix, CA 57569"
Robert J. Brown,robert.brown36@testmail.com,"1397 Main St, Dallas, FL 72676"
Sarah C. Smith,sarah.smith83@example.com,"9105 Broadway, Chicago, AZ 34373"
Jessica G. Johnson,jessica.johnson77@myemail.org,"1785 Willow Ln, Dallas, FL 70204"
David G. Miller,david.miller31@example.com,"6152 Elm St, Dallas, NC 80251"
Robert C. Martinez,robert.martinez18@example.com,"2730 Broadway, San Diego, TX 57913"
Robert F. Jones,robert.jones57@mailservice.com,"3626 2nd Ave, Chicago, IL 60498"
John F. Johnson,john.johnson46@example.com,"1434 Sunset Blvd, San Diego, CA 43410"
Jessica H. Davis,jessica.davis30@myemail.org,"837 Sunset Blvd, Dallas, FL 88725"
Sarah G. Martinez,sarah.martinez61@example.com,"7910 Oak Dr, Chicago, FL 48051"
William J. Johnson,william.johnson42@mailservice.com,"8242 Cedar Rd, Dallas, AZ 94590"
Michael H. Williams,michael.williams26@fakemail.net,"6094 2nd Ave, Los Angeles, CA 44255"
Michael I. Smith,michael.smith22@testmail.com,"9051 Maple Ave, Dallas, OH 70685"
Linda D. Davis,linda.davis73@mailservice.com,"8828 Broadway, New York, NY 46164"
Michael I. Garcia,michael.garcia88@testmail.com,"7335 Maple Ave, Philadelphia, IL 62033"
William  Miller,william.miller79@fakemail.net,"7125 Elm St, Phoenix, NY 53513"
David H. Brown,david.brown56@example.com,"3533 Willow Ln, Dallas, NY 87302"
Emily C. Garcia,emily.garcia82@mailservice.com,"5448 Oak Dr, Chicago, PA 82398"
David D. Smith,david.smith24@myemail.org,"3551 Oak Dr, Phoenix, IL 73005"
Sarah E. Miller,sarah.miller92@myemail.org,"8019 2nd Ave, New York, NC 26798"
David F. Brown,david.brown60@mailservice.com,"8379 Pine St, San Jose, IL 66223"
Michael C. Jones,michael.jones11@mailservice.com,"1653 2nd Ave, Phoenix, PA 32237"
Linda E. Rodriguez,linda.rodriguez51@example.com,"6885 Pine St, Los Angeles, NC 28343"
Jessica A. Jones,jessica.jones82@example.com,"6182 Main St, San Antonio, CA 35157"
Linda F. Garcia,linda.garcia65@example.com,"2109 2nd Ave, Chicago, TX 71636"
David I. Smith,david.smith91@mailservice.com,"8180 Willow Ln, Dallas, OH 65490"
Jane A. Johnson,jane.johnson17@testmail.com,"3649 Main St, Phoenix, IL 71246"
Linda  Johnson,linda.johnson91@example.com,"4381 Elm St, New York, OH 29497"
Michael D. Miller,michael.miller66@testmail.com,"6139 Sunset Blvd, San Diego, PA 81090"
William F. Williams,william.williams10@testmail.com,"3702 Willow Ln, New York, TX 86055"
Jessica C. Williams,jessica.williams61@fakemail.net,"3634 Main St, Dallas, TX 22929"
Emily J. Martinez,emily.martinez88@example.com,"6410 Broadway, Houston, PA 33948"
Jessica H. Garcia,jessica.garcia56@example.com,"144 Cedar Rd, Philadelphia, AZ 62074"
William B. Jones,william.jones87@testmail.com,"6064 Pine St, San Diego, PA 88709"
Jane F. Smith,jane.smith30@example.com,"4129 Broadway, Los Angeles, PA 32865"
Michael F. Miller,michael.miller72@myemail.org,"8298 Elm St, Phoenix, GA 46575"
David J. Miller,david.miller74@testmail.com,"9658 Cedar Rd, San Antonio, FL 61291"
Linda B. Brown,linda.brown76@testmail.com,"4985 Elm St, Houston, CA 19988"
David F. Smith,david.smith86@mailservice.com,"2587 Maple Ave, Dallas, NC 45546"
John E. Smith,john.smith15@testmail.com,"8575 Pine St, Dallas, GA 54298"
Michael A. Davis,michael.davis77@mailservice.com,"6809 Oak Dr, Los Angeles, TX 39508"
Emily  Rodriguez,emily.rodriguez77@mailservice.com,"4972 Broadway, San Diego, CA 28480"
John H. Rodriguez,john.rodriguez14@fakemail.net,"1403 Maple Ave, New York, OH 82636"
David I. Brown,david.brown32@mailservice.com,"2068 2nd Ave, Chicago, NY 77128"
Jessica E. Johnson,jessica.johnson31@myemail.org,"2479 Willow Ln, Philadelphia, TX 33355"
Jessica F. Rodriguez,jessica.rodriguez82@testmail.com,"3327 Maple Ave, San Antonio, AZ 54029"
Michael C. Martinez,michael.martinez40@example.com,"6097 Pine St, Dallas, TX 77413"
William I. Martinez,william.martinez41@testmail.com,"3066 Willow Ln, San Antonio, GA 14908"
Linda C. Miller,linda.miller19@mailservice.com,"4450 Maple Ave, Houston, AZ 94745"
Jessica F. Johnson,jessica.johnson35@mailservice.com,"7318 2nd Ave, Los Angeles, NY 31189"
Michael G. Garcia,michael.garcia24@mailservice.com,"9319 2nd Ave, Phoenix, NC 43211"
Sarah C. Davis,sarah.davis48@example.com,"2054 Pine St, San Diego, TX 22337"
Jessica E. Davis,jessica.davis61@myemail.org,"4062 Main St, San Jose, PA 26815"
Emily G. Brown,emily.brown79@example.com,"1107 Pine St, Philadelphia, IL 41397"
John E. Brown,john.brown10@myemail.org,"7467 Main St, Phoenix, AZ 64138"
Michael J. Garcia,michael.garcia61@testmail.com,"3496 Broadway, San Jose, OH 29081"
John C. Smith,john.smith75@testmail.com,"5993 Maple Ave, San Diego, IL 98463"
William C. Williams,william.williams96@fakemail.net,"6530 Main St, Houston, NY 21090"
Robert J. Johnson,robert.johnson63@mailservice.com,"334 Pine St, Chicago, PA 28554"
Jessica C. Jones,jessica.jones24@mailservice.com,"3385 Willow Ln, Chicago, FL 75580"
David G. Williams,david.williams73@testmail.com,"1737 Willow Ln, New York, NY 99685"
Jane F. Miller,jane.miller46@fakemail.net,"859 Cedar Rd, Dallas, NC 10057"
Emily H. Jones,emily.jones67@testmail.com,"5653 Maple Ave, San Diego, GA 20008"
Sarah F. Williams,sarah.williams90@mailservice.com,"6819 Broadway, Dallas, OH 55777"
Michael F. Brown,michael.brown60@mailservice.com,"6540 Oak Dr, Phoenix, AZ 60088"
William J. Garcia,william.garcia55@example.com,"8757 Sunset Blvd, San Diego, NC 44488"
Sarah I. Rodriguez,sarah.rodriguez86@example.com,"141 Sunset Blvd, San Jose, PA 83580"
Michael J. Brown,michael.brown79@fakemail.net,"8860 Broadway, San Antonio, OH 68693"
Jane E. Davis,jane.davis59@myemail.org,"9043 Sunset Blvd, San Diego, IL 59969"
Jane J. Johnson,jane.johnson46@fakemail.net,"7695 Willow Ln, San Antonio, TX 17921"
David F. Smith,david.smith65@testmail.com,"8626 Willow Ln, San Jose, NC 85067"
Jane B. Miller,jane.miller62@myemail.org,"2962 Main St, Phoenix, PA 74480"
Emily D. Brown,emily.brown44@mailservice.com,"9004 Sunset Blvd, Los Angeles, OH 88969"
Robert C. Garcia,robert.garcia83@mailservice.com,"5797 Sunset Blvd, New York, GA 38388"
David B. Brown,david.brown83@example.com,"8377 Elm St, Philadelphia, OH 81854"
Sarah C. Smith,sarah.smith32@example.com,"8034 Cedar Rd, Chicago, TX 90596"
Robert D. Martinez,robert.martinez57@testmail.com,"6606 Sunset Blvd, Phoenix, IL 75222"
Linda B. Brown,linda.brown65@testmail.com,"8768 2nd Ave, New York, GA 31631"
Sarah I. Rodriguez,sarah.rodriguez79@example.com,"1954 Oak Dr, Dallas, IL 67097"
Michael F. Davis,michael.davis19@testmail.com,"8427 Main St, New York, AZ 48338"
David J. Rodriguez,david.rodriguez41@fakemail.net,"1144 Maple Ave, Chicago, GA 30208"
Sarah G. Williams,sarah.williams87@myemail.org,"4726 2nd Ave, Phoenix, OH 44072"
Linda B. Jones,linda.jones43@fakemail.net,"4726 Cedar Rd, Phoenix, TX 28755"
Robert F. Rodriguez,robert.rodriguez14@fakemail.net,"5244 Maple Ave, San Jose, GA 12531"
Robert J. Davis,robert.davis99@testmail.com,"4526 Maple Ave, Houston, GA 53902"
John C. Davis,john.davis95@mailservice.com,"9266 Maple Ave, San Jose, FL 27556"
Emily C. Smith,emily.smith13@myemail.org,"6468 2nd Ave, San Jose, AZ 66518"
Michael C. Johnson,michael.johnson11@testmail.com,"3518 Willow Ln, San Antonio, CA 87104"
Sarah I. Miller,sarah.miller77@mailservice.com,"8197 Elm St, Los Angeles, AZ 70363"
Sarah A. Garcia,sarah.garcia33@myemail.org,"4050 Maple Ave, San Jose, NC 40732"
William D. Rodriguez,william.rodriguez20@myemail.org,"2035 Cedar Rd, Houston, OH 81464"
Jessica E. Garcia,jessica.garcia81@mailservice.com,"1657 2nd Ave, Philadelphia, OH 22084"
John H. Davis,john.davis42@mailservice.com,"8084 2nd Ave, San Antonio, OH 15724"
William I. Rodriguez,william.rodriguez28@fakemail.net,"7911 Elm St, San Antonio, GA 27220"
Jessica C. Martinez,jessica.martinez68@fakemail.net,"4348 Willow Ln, Chicago, NC 37399"
Robert D. Brown,robert.brown43@example.com,"1771 Main St, San Diego, NC 35193"
Jane I. Rodriguez,jane.rodriguez82@testmail.com,"8054 Cedar Rd, San Diego, NY 74045"
William C. Jones,william.jones86@testmail.com,"1810 Maple Ave, San Jose, NY 71324"
John H. Garcia,john.garcia31@mailservice.com,"3963 Main St, San Diego, NC 87689"
Jessica B. Garcia,jessica.garcia26@fakemail.net,"2542 Broadway, San Diego, CA 79714"
John I. Jones,john.jones15@example.com,"5006 Willow Ln, Phoenix, GA 34129"
John E. Martinez,john.martinez91@fakemail.net,"378 Pine St, Phoenix, AZ 65358"
William F. Martinez,william.martinez28@fakemail.net,"4132 Willow Ln, Los Angeles, PA 40561"
Jane  Williams,jane.williams80@testmail.com,"8253 Oak Dr, Los Angeles, GA 13936"
Jane I. Garcia,jane.garcia65@example.com,"2846 2nd Ave, Phoenix, NY 60769"
William D. Jones,william.jones42@fakemail.net,"4873 Cedar Rd, Philadelphia, NY 32203"
Linda  Jones,linda.jones74@fakemail.net,"1932 Main St, New York, OH 88467"
Linda F. Smith,linda.smith82@example.com,"5474 Broadway, Chicago, NY 85017"
John C. Miller,john.miller78@fakemail.net,"1093 Oak Dr, San Antonio, GA 88868"
Jessica G. Smith,jessica.smith56@mailservice.com,"1422 Maple Ave, Phoenix, CA 86012"
Sarah I. Garcia,sarah.garcia56@example.com,"3265 Sunset Blvd, Chicago, AZ 76851"
John G. Miller,john.miller42@fakemail.net,"122 Willow Ln, Chicago, FL 95819"
Robert A. Martinez,robert.martinez55@example.com,"4982 Willow Ln, Philadelphia, GA 44383"
William A. Garcia,william.garcia51@example.com,"161 Willow Ln, Phoenix, FL 49733"
William H. Rodriguez,william.rodriguez54@testmail.com,"2118 Cedar Rd, New York, TX 80433"
Sarah E. Williams,sarah.williams75@fakemail.net,"4668 Broadway, San Diego, IL 77248"
Michael F. Martinez,michael.martinez20@example.com,"5749 Willow Ln, Los Angeles, OH 29764"
Linda I. Jones,linda.jones50@example.com,"8173 Pine St, San Antonio, GA 35109"
Linda A. Johnson,linda.johnson39@myemail.org,"6474 Main St, Philadelphia, FL 49138"
Robert I. Brown,robert.brown16@fakemail.net,"9605 Willow Ln, Philadelphia, IL 99469"
Jessica I. Smith,jessica.smith38@mailservice.com,"2960 Cedar Rd, Phoenix, PA 74028"
David H. Johnson,david.johnson47@testmail.com,"6918 Oak Dr, Philadelphia, TX 16324"
Michael G. Williams,michael.williams43@testmail.com,"9030 Cedar Rd, Los Angeles, PA 60799"
John B. Miller,john.miller61@testmail.com,"2855 2nd Ave, New York, NY 95931"
Jane D. Williams,jane.williams20@myemail.org,"7348 Elm St, Chicago, NC 26644"
Robert A. Davis,robert.davis80@example.com,"4952 Maple Ave, San Diego, NC 44776"
Michael E. Brown,michael.brown76@example.com,"5056 Main St, San Diego, FL 43091"
Sarah E. Davis,sarah.davis63@mailservice.com,"8099 Pine St, San Antonio, TX 11534"
Jane I. Miller,jane.miller81@fakemail.net,"6418 Cedar Rd, Dallas, CA 26142"
Michael I. Smith,michael.smith85@mailservice.com,"4267 Pine St, Los Angeles, PA 69278"
Robert F. Jones,robert.jones27@myemail.org,"9240 Maple Ave, Chicago, NC 22295"
John C. Garcia,john.garcia90@fakemail.net,"1351 Maple Ave, San Antonio, NC 48865"
Sarah A. Brown,sarah.brown66@myemail.org,"8691 Pine St, Phoenix, PA 15181"
William H. Jones,william.jones59@testmail.com,"6969 Sunset Blvd, Philadelphia, OH 21855"
Robert E. Martinez,robert.martinez24@mailservice.com,"3394 Broadway, Dallas, CA 21776"
Emily G. Brown,emily.brown62@example.com,"8373 Elm St, Phoenix, IL 20670"
David B. Jones,david.jones91@mailservice.com,"2468 Pine St, Houston, GA 44831"
Jane A. Johnson,jane.johnson70@testmail.com,"5258 Main St, San Diego, OH 15658"
William  Davis,william.davis39@example.com,"7063 Cedar Rd, Chicago, PA 46861"
Michael I. Martinez,michael.martinez79@fakemail.net,"687 Sunset Blvd, Houston, PA 59308"
John  Jones,john.jones63@mailservice.com,"4295 Pine St, San Diego, IL 89932"
Sarah H. Smith,sarah.smith56@fakemail.net,"7917 2nd Ave, Philadelphia, CA 70820"
Robert G. Miller,robert.miller12@mailservice.com,"1120 2nd Ave, San Diego, CA 50761"
Jessica G. Miller,jessica.miller99@testmail.com,"2073 Willow Ln, San Antonio, NY 79046"
Jane H. Williams,jane.williams47@testmail.com,"8354 2nd Ave, New York, IL 18520"
William C. Miller,william.miller10@fakemail.net,"5273 Oak Dr, Chicago, FL 26788"
Robert I. Martinez,robert.martinez16@mailservice.com,"7856 Pine St, Dallas, NY 33918"
Jane B. Williams,jane.williams87@fakemail.net,"5227 Maple Ave, Chicago, AZ 76184"
John G. Rodriguez,john.rodriguez71@testmail.com,"127 Maple Ave, Los Angeles, NC 25475"
Michael B. Smith,michael.smith42@myemail.org,"2485 2nd Ave, Philadelphia, OH 64432"
Jane J. Garcia,jane.garcia74@testmail.com,"8629 Pine St, San Antonio, PA 10747"
David E. Miller,david.miller12@example.com,"9267 Cedar Rd, Dallas, IL 58158"
Jane I. Rodriguez,jane.rodriguez85@example.com,"370 Pine St, Los Angeles, GA 49612"
Jane E. Brown,jane.brown78@myemail.org,"7142 Oak Dr, Dallas, AZ 58492"
Jane  Brown,jane.brown93@example.com,"7320 2nd Ave, San Antonio, GA 98137"
Jane I. Miller,jane.miller69@myemail.org,"4390 Elm St, Houston, FL 21955"
David H. Smith,david.smith73@myemail.org,"2373 2nd Ave, New York, FL 63692"
Jane J. Williams,jane.williams62@myemail.org,"9483 Oak Dr, San Jose, TX 94221"
Michael D. Brown,michael.brown36@fakemail.net,"7045 Sunset Blvd, San Jose, GA 93221"
Emily I. Johnson,emily.johnson62@mailservice.com,"2090 Oak Dr, New York, PA 14596"
Robert D. Martinez,robert.martinez86@testmail.com,"4083 Main St, San Jose, AZ 75110"
Linda I. Johnson,linda.johnson12@fakemail.net,"2714 Broadway, San Antonio, PA 70070"
Jessica A. Miller,jessica.miller82@fakemail.net,"7958 Maple Ave, Phoenix, CA 35696"
Linda F. Brown,linda.brown76@fakemail.net,"4152 Oak Dr, New York, NY 97240"
Linda G. Miller,linda.miller44@fakemail.net,"917 Elm St, Dallas, NY 50524"
Jessica F. Jones,jessica.jones74@testmail.com,"9909 Main St, Los Angeles, NC 98706"
Emily  Brown,emily.brown38@example.com,"5696 Broadway, Philadelphia, NY 43593"
Emily E. Miller,emily.miller63@mailservice.com,"7401 Willow Ln, San Antonio, GA 92259"
John H. Garcia,john.garcia60@myemail.org,"9829 2nd Ave, Chicago, GA 24029"
Linda D. Garcia,linda.garcia27@fakemail.net,"8502 Pine St, San Diego, TX 86538"
John F. Davis,john.davis34@testmail.com,"1076 Pine St, San Antonio, OH 24104"
William C. Rodriguez,william.rodriguez50@mailservice.com,"9157 Pine St, Dallas, CA 77576"
Linda C. Williams,linda.williams17@myemail.org,"4460 Elm St, Houston, FL 32139"
Jane F. Johnson,jane.johnson78@mailservice.com,"7693 Sunset Blvd, Los Angeles, OH 48577"
William G. Williams,william.williams39@fakemail.net,"2196 Elm St, Houston, NY 50061"
Jessica C. Smith,jessica.smith51@mailservice.com,"9203 Pine St, Chicago, NY 50106"
Michael F. Johnson,michael.johnson46@example.com,"8622 Maple Ave, New York, CA 54894"
Robert D. Miller,robert.miller26@mailservice.com,"4910 Main St, Houston, CA 70760"
David G. Martinez,david.martinez54@mailservice.com,"2916 Elm St, Dallas, FL 71351"
Jane I. Williams,jane.williams11@example.com,"7289 2nd Ave, Phoenix, PA 52577"
Linda  Williams,linda.williams55@testmail.com,"7228 Cedar Rd, Los Angeles, CA 14987"
Michael G. Jones,michael.jones41@fakemail.net,"5596 Oak Dr, Phoenix, AZ 41184"
Jessica C. Smith,jessica.smith71@testmail.com,"7109 Pine St, San Antonio, FL 88283"
John H. Johnson,john.johnson94@myemail.org,"5413 Broadway, Phoenix, FL 57870"
Michael B. Miller,michael.miller71@example.com,"6362 Cedar Rd, San Diego, PA 34127"
Jane G. Jones,jane.jones23@testmail.com,"6753 Willow Ln, San Antonio, NC 25472"
Jane C. Brown,jane.brown80@fakemail.net,"7617 Elm St, Dallas, IL 79905"
John  Garcia,john.garcia14@mailservice.com,"1168 Sunset Blvd, San Diego, IL 31950"
David I. Rodriguez,david.rodriguez59@testmail.com,"9271 Cedar Rd, Dallas, NY 19919"
William E. Miller,william.miller33@mailservice.com,"4850 2nd Ave, Dallas, PA 10688"
Emily G. Rodriguez,emily.rodriguez51@mailservice.com,"7181 Pine St, New York, GA 46854"
John B. Smith,john.smith14@example.com,"6578 Sunset Blvd, Houston, AZ 21448"
Jessica I. Williams,jessica.williams77@example.com,"3325 Elm St, Dallas, GA 11754"
Jessica  Miller,jessica.miller59@mailservice.com,"8133 Broadway, Dallas, NC 77916"
Jane H. Rodriguez,jane.rodriguez70@mailservice.com,"8968 Maple Ave, Chicago, OH 96697"
William B. Brown,william.brown52@testmail.com,"1216 Sunset Blvd, Los Angeles, OH 39827"
Robert G. Smith,robert.smith93@example.com,"7869 Elm St, Chicago, FL 29964"
John E. Smith,john.smith86@example.com,"7281 Sunset Blvd, Dallas, FL 38662"
David J. Rodriguez,david.rodriguez97@fakemail.net,"6208 Elm St, Dallas, IL 10133"
John I. Garcia,john.garcia90@example.com,"6108 Willow Ln, San Jose, IL 70996"
Emily F. Williams,emily.williams95@testmail.com,"9754 Willow Ln, Philadelphia, NC 29465"
John I. Martinez,john.martinez89@mailservice.com,"292 Oak Dr, Chicago, OH 48056"
Sarah D. Smith,sarah.smith48@example.com,"4293 Oak Dr, Phoenix, PA 53793"
David C. Martinez,david.martinez99@myemail.org,"1518 Willow Ln, Houston, NY 38960"
Sarah G. Smith,sarah.smith42@example.com,"2202 Cedar Rd, Los Angeles, AZ 54074"
Jane F. Martinez,jane.martinez39@testmail.com,"2562 Cedar Rd, New York, PA 83743"
Robert B. Rodriguez,robert.rodriguez77@fakemail.net,"9413 Elm St, Los Angeles, NY 33512"
John C. Jones,john.jones76@fakemail.net,"7878 2nd Ave, San Jose, NC 83801"
Jane D. Davis,jane.davis77@myemail.org,"4298 Cedar Rd, San Jose, CA 36927"
Jane I. Rodriguez,jane.rodriguez60@example.com,"1225 Sunset Blvd, San Jose, FL 82287"
Jane A. Brown,jane.brown96@mailservice.com,"2987 Elm St, Dallas, CA 73258"
Emily G. Miller,emily.miller51@mailservice.com,"9463 Elm St, Phoenix, OH 27033"
Jane H. Johnson,jane.johnson87@myemail.org,"9130 Main St, Phoenix, PA 49462"
Michael B. Garcia,michael.garcia67@testmail.com,"242 Sunset Blvd, Philadelphia, OH 35970"
David E. Williams,david.williams57@fakemail.net,"6298 Main St, San Diego, FL 92148"
John E. Johnson,john.johnson46@testmail.com,"4643 Broadway, Dallas, PA 81756"
David I. Davis,david.davis81@myemail.org,"6378 Oak Dr, Dallas, AZ 82690"
Sarah H. Brown,sarah.brown63@fakemail.net,"5895 Sunset Blvd, Philadelphia, AZ 17277"
Jessica G. Davis,jessica.davis85@fakemail.net,"2800 Broadway, New York, TX 75217"
Jane I. Garcia,jane.garcia76@testmail.com,"7728 Maple Ave, San Diego, CA 89746"
Jane I. Johnson,jane.johnson18@example.com,"239 Main St, Phoenix, FL 75382"
Sarah C. Johnson,sarah.johnson96@mailservice.com,"9787 Oak Dr, San Diego, GA 40859"
Jane  Martinez,jane.martinez36@myemail.org,"7318 Pine St, Phoenix, PA 77593"
David B. Garcia,david.garcia59@mailservice.com,"156 Elm St, Phoenix, FL 39827"
Robert F. Smith,robert.smith22@myemail.org,"3755 Oak Dr, Phoenix, AZ 40720"
Robert H. Jones,robert.jones59@example.com,"1835 Sunset Blvd, Philadelphia, NY 35990"
William C. Davis,william.davis73@example.com,"1105 Sunset Blvd, Houston, TX 93618"
John G. Martinez,john.martinez14@testmail.com,"3849 Broadway, Philadelphia, CA 61166"
Sarah A. Smith,sarah.smith96@fakemail.net,"8538 Sunset Blvd, Houston, OH 49448"
William F. Brown,william.brown78@fakemail.net,"391 Main St, San Antonio, PA 44911"
Jane C. Davis,jane.davis21@example.com,"3250 Maple Ave, New York, PA 31950"
David  Williams,david.williams10@testmail.com,"3356 Sunset Blvd, Phoenix, FL 11526"
Jessica G. Martinez,jessica.martinez28@myemail.org,"9294 2nd Ave, San Antonio, OH 44532"
Michael A. Martinez,michael.martinez69@testmail.com,"883 Pine St, San Jose, PA 79028"
William A. Brown,william.brown94@example.com,"5047 Willow Ln, San Diego, OH 21618"
Robert B. Williams,robert.williams28@myemail.org,"1694 Maple Ave, San Jose, GA 72685"
Michael A. Garcia,michael.garcia67@example.com,"6365 Sunset Blvd, New York, NY 27076"
Jessica C. Davis,jessica.davis14@myemail.org,"5436 Oak Dr, Houston, NC 41880"
David D. Williams,david.williams73@myemail.org,"8055 Cedar Rd, Phoenix, NY 71260"
David  Rodriguez,david.rodriguez47@fakemail.net,"6938 2nd Ave, San Antonio, GA 21064"
William C. Jones,william.jones12@fakemail.net,"947 Maple Ave, Houston, TX 17146"
Michael  Miller,michael.miller57@example.com,"7049 Broadway, New York, FL 64528"
John H. Rodriguez,john.rodriguez14@myemail.org,"8716 Broadway, New York, FL 56613"
John B. Brown,john.brown66@testmail.com,"5601 Oak Dr, Houston, CA 11562"
Linda I. Jones,linda.jones30@testmail.com,"9617 2nd Ave, Phoenix, NC 18957"
Sarah A. Jones,sarah.jones58@example.com,"6680 Maple Ave, Phoenix, PA 46055"
David H. Smith,david.smith11@fakemail.net,"3961 Elm St, Phoenix, PA 14142"
Jessica E. Rodriguez,jessica.rodriguez43@testmail.com,"9913 Sunset Blvd, San Antonio, NY 67315"
Michael A. Smith,michael.smith35@example.com,"6846 Cedar Rd, Los Angeles, NC 39426"
William D. Brown,william.brown48@mailservice.com,"5895 Oak Dr, San Antonio, NC 68227"
David  Williams,david.williams18@fakemail.net,"5621 Sunset Blvd, San Diego, TX 59239"
Jane B. Rodriguez,jane.rodriguez53@example.com,"1925 Main St, Dallas, OH 19940"
David F. Brown,david.brown28@example.com,"1218 Broadway, Dallas, NY 44010"
Emily J. Williams,emily.williams47@testmail.com,"917 Oak Dr, San Diego, NY 51127"
Michael A. Johnson,michael.johnson82@fakemail.net,"8320 Main St, Chicago, PA 34126"
David F. Johnson,david.johnson61@example.com,"9659 Elm St, Phoenix, OH 30381"
Sarah D. Davis,sarah.davis55@fakemail.net,"6802 Oak Dr, New York, GA 10542"
William  Rodriguez,william.rodriguez28@myemail.org,"6519 Elm St, Chicago, NC 70204"
Jane G. Smith,jane.smith41@example.com,"6549 Broadway, Los Angeles, IL 95222"
Michael A. Martinez,michael.martinez59@myemail.org,"5445 2nd Ave, Dallas, NC 30623"
Jane I. Davis,jane.davis82@mailservice.com,"7487 Maple Ave, Houston, GA 48824"
William J. Martinez,william.martinez98@myemail.org,"7122 Willow Ln, San Diego, AZ 18224"
Michael A. Rodriguez,michael.rodriguez42@example.com,"6660 Willow Ln, New York, GA 67097"
Linda B. Brown,linda.brown61@mailservice.com,"7345 2nd Ave, Los Angeles, AZ 71230"
Michael E. Miller,michael.miller84@fakemail.net,"3444 Cedar Rd, Phoenix, NY 67638"
Robert E. Smith,robert.smith80@example.com,"1062 Sunset Blvd, Philadelphia, IL 80917"
Jane A. Williams,jane.williams65@fakemail.net,"5429 Willow Ln, Philadelphia, CA 95724"
David D. Martinez,david.martinez94@example.com,"7009 Pine St, Chicago, OH 24871"
John  Smith,john.smith61@fakemail.net,"9604 Cedar Rd, New York, IL 69875"
Emily G. Brown,emily.brown96@mailservice.com,"1160 Pine St, New York, IL 34127"
John C. Smith,john.smith34@example.com,"2475 Oak Dr, Houston, OH 76890"
William A. Davis,william.davis47@fakemail.net,"3904 Elm St, New York, NY 31485"
William C. Rodriguez,william.rodriguez98@fakemail.net,"9954 Maple Ave, San Diego, GA 49867"
Michael G. Martinez,michael.martinez23@mailservice.com,"6255 2nd Ave, Phoenix, AZ 16705"
John H. Davis,john.davis37@fakemail.net,"1552 Pine St, Dallas, FL 25141"
Jane J. Martinez,jane.martinez16@myemail.org,"8415 Pine St, Phoenix, OH 32715"
William B. Davis,william.davis42@testmail.com,"7776 Cedar Rd, San Antonio, NY 73971"
Robert F. Rodriguez,robert.rodriguez21@example.com,"1412 Cedar Rd, Phoenix, CA 31430"
Emily A. Davis,emily.davis50@example.com,"9752 Oak Dr, Dallas, IL 79843"
Sarah F. Smith,sarah.smith21@myemail.org,"8627 Oak Dr, Houston, CA 38073"
Jessica G. Williams,jessica.williams59@myemail.org,"9985 Cedar Rd, San Diego, NY 97733"
Jessica C. Jones,jessica.jones47@myemail.org,"7923 Sunset Blvd, Phoenix, IL 77680"
John  Johnson,john.johnson26@testmail.com,"9649 2nd Ave, Houston, NY 42012"
Sarah A. Martinez,sarah.martinez79@example.com,"2114 2nd Ave, Chicago, OH 91075"
Jessica I. Johnson,jessica.johnson85@mailservice.com,"688 Broadway, Philadelphia, NC 94444"
Jane D. Rodriguez,jane.rodriguez45@myemail.org,"2623 Pine St, Los Angeles, AZ 67337"
Jane G. Jones,jane.jones77@mailservice.com,"3690 Sunset Blvd, New York, NC 84972"
Jane B. Garcia,jane.garcia47@fakemail.net,"3758 Sunset Blvd, San Antonio, FL 25015"
Emily E. Garcia,emily.garcia74@myemail.org,"8505 Main St, New York, GA 29829"
Jessica D. Williams,jessica.williams28@myemail.org,"4860 Maple Ave, Houston, CA 17864"
Emily A. Jones,emily.jones66@mailservice.com,"8031 Pine St, San Diego, OH 46164"
John C. Smith,john.smith14@myemail.org,"5478 Sunset Blvd, Phoenix, NY 38104"
Jane J. Rodriguez,jane.rodriguez72@fakemail.net,"7138 Broadway, Houston, NC 94054"
Robert E. Garcia,robert.garcia86@mailservice.com,"8132 2nd Ave, Chicago, OH 87966"
Michael B. Williams,michael.williams53@myemail.org,"2353 Sunset Blvd, San Diego, IL 59204"
William J. Garcia,william.garcia13@fakemail.net,"6049 Cedar Rd, San Diego, OH 98582"
Jane A. Miller,jane.miller26@example.com,"6126 Sunset Blvd, San Jose, CA 39760"
Sarah F. Brown,sarah.brown97@mailservice.com,"4774 Oak Dr, Houston, CA 87166"
Robert F. Miller,robert.miller79@mailservice.com,"8936 Broadway, San Diego, CA 91360"
William E. Jones,william.jones43@fakemail.net,"2664 Main St, Phoenix, NC 15589"
William  Miller,william.miller23@mailservice.com,"9798 Broadway, Dallas, PA 50583"
Michael B. Smith,michael.smith25@mailservice.com,"9882 Sunset Blvd, San Jose, AZ 61109"
Linda F. Smith,linda.smith68@myemail.org,"4860 Cedar Rd, Dallas, NC 36852"
William F. Smith,william.smith11@fakemail.net,"2577 Pine St, San Antonio, CA 63973"
Jane  Johnson,jane.johnson89@testmail.com,"1229 Broadway, San Jose, CA 32450"
Jane E. Williams,jane.williams62@example.com,"6895 Main St, New York, NY 93206"
Emily A. Davis,emily.davis12@example.com,"7097 Cedar Rd, New York, FL 61639"
David D. Jones,david.jones43@mailservice.com,"6706 Pine St, San Antonio, NC 23933"
John D. Miller,john.miller74@myemail.org,"5949 Cedar Rd, Los Angeles, NY 99973"
Sarah F. Jones,sarah.jones10@testmail.com,"4645 Elm St, Houston, NY 35782"
Jessica B. Williams,jessica.williams35@testmail.com,"158 Pine St, Chicago, TX 80742"
Emily  Jones,emily.jones70@example.com,"4376 Willow Ln, New York, NC 36039"
Michael D. Miller,michael.miller78@mailservice.com,"8935 Oak Dr, Phoenix, AZ 27213"
Robert  Rodriguez,robert.rodriguez13@mailservice.com,"1391 Pine St, San Antonio, FL 72463"
Emily  Brown,emily.brown54@example.com,"5311 Main St, San Diego, AZ 64372"
David A. Miller,david.miller44@myemail.org,"2152 Sunset Blvd, Phoenix, OH 12304"
Sarah  Garcia,sarah.garcia66@mailservice.com,"1811 Pine St, New York, PA 90244"
David H. Rodriguez,david.rodriguez61@mailservice.com,"9732 2nd Ave, San Antonio, IL 28777"
Robert  Miller,robert.miller76@myemail.org,"5223 Sunset Blvd, New York, IL 39942"
Jessica F. Brown,jessica.brown50@example.com,"4629 Pine St, Dallas, CA 51825"
William D. Rodriguez,william.rodriguez45@mailservice.com,"7327 Main St, Chicago, TX 48549"
John E. Martinez,john.martinez46@myemail.org,"6231 Maple Ave, San Jose, PA 17280"
Michael  Martinez,michael.martinez69@mailservice.com,"8252 Broadway, Houston, TX 39298"
Robert F. Smith,robert.smith26@example.com,"4264 2nd Ave, Los Angeles, GA 13000"
Emily A. Williams,emily.williams32@fakemail.net,"6365 Elm St, Chicago, IL 56284"
William H. Smith,william.smith40@example.com,"6898 Willow Ln, New York, IL 77450"
John G. Brown,john.brown54@testmail.com,"4138 2nd Ave, Dallas, CA 79419"
Emily I. Jones,emily.jones66@testmail.com,"545 Elm St, San Jose, IL 91802"
Emily D. Smith,emily.smith63@testmail.com,"1756 Elm St, San Diego, IL 59836"
Michael J. Miller,michael.miller32@mailservice.com,"4062 Oak Dr, New York, CA 30564"
Linda  Garcia,linda.garcia14@example.com,"1862 Willow Ln, Chicago, AZ 67875"
Jessica B. Johnson,jessica.johnson99@mailservice.com,"7599 Willow Ln, San Jose, GA 44181"
Linda  Smith,linda.smith57@fakemail.net,"3942 Elm St, Phoenix, NC 43038"
Jessica H. Miller,jessica.miller51@example.com,"5504 Elm St, Chicago, IL 46247"
William  Williams,william.williams28@fakemail.net,"2250 Broadway, Houston, CA 74526"
Emily A. Brown,emily.brown97@example.com,"2220 Willow Ln, San Jose, GA 68407"
John  Miller,john.miller17@example.com,"8743 Main St, New York, FL 33554"
Robert  Rodriguez,robert.rodriguez96@example.com,"674 Broadway, Dallas, PA 64334"
Jessica  Smith,jessica.smith32@fakemail.net,"4602 Maple Ave, Houston, CA 27442"
Jessica I. Smith,jessica.smith70@myemail.org,"1852 Elm St, New York, AZ 13525"
John C. Miller,john.miller64@mailservice.com,"8764 2nd Ave, San Jose, NY 43736"
Linda H. Rodriguez,linda.rodriguez91@mailservice.com,"5530 Elm St, Phoenix, NC 99281"
David E. Jones,david.jones73@fakemail.net,"7503 Broadway, Philadelphia, OH 71525"
John F. Davis,john.davis63@myemail.org,"6955 Willow Ln, Houston, NC 89476"
Linda D. Davis,linda.davis80@example.com,"6504 Pine St, Chicago, GA 63993"
Jessica H. Brown,jessica.brown14@testmail.com,"726 2nd Ave, Chicago, GA 89232"
Robert D. Brown,robert.brown69@example.com,"2007 Oak Dr, Phoenix, OH 94641"
Emily D. Jones,emily.jones30@mailservice.com,"9429 Main St, San Jose, CA 17018"
John A. Miller,john.miller54@fakemail.net,"5742 Oak Dr, Phoenix, PA 24296"
Sarah G. Jones,sarah.jones99@myemail.org,"3811 Maple Ave, New York, NC 78409"
Michael A. Brown,michael.brown93@myemail.org,"4327 Pine St, New York, GA 49979"
Jane F. Garcia,jane.garcia67@myemail.org,"1997 Elm St, Dallas, CA 48555"
Sarah G. Jones,sarah.jones42@testmail.com,"2888 2nd Ave, Houston, NY 14169"
David D. Martinez,david.martinez66@myemail.org,"9987 2nd Ave, Chicago, FL 43199"
Jessica A. Garcia,jessica.garcia23@example.com,"6664 Main St, Phoenix, PA 54416"
Sarah C. Brown,sarah.brown84@myemail.org,"4039 Maple Ave, New York, IL 65423"
Robert C. Rodriguez,robert.rodriguez50@myemail.org,"7012 Broadway, San Antonio, GA 15506"
John G. Davis,john.davis49@fakemail.net,"402 Cedar Rd, New York, FL 57601"
Robert F. Brown,robert.brown98@fakemail.net,"3880 2nd Ave, Phoenix, AZ 89498"
Michael A. Brown,michael.brown62@fakemail.net,"6544 Willow Ln, Dallas, CA 12032"
David J. Rodriguez,david.rodriguez52@example.com,"6295 Pine St, Chicago, FL 79699"
Jessica E. Brown,jessica.brown22@myemail.org,"9716 Pine St, Phoenix, GA 13374"
Robert  Davis,robert.davis88@fakemail.net,"2831 Cedar Rd, Philadelphia, IL 31085"
John C. Brown,john.brown44@myemail.org,"1479 Broadway, Philadelphia, OH 40504"
Jane C. Jones,jane.jones93@example.com,"7347 Maple Ave, San Antonio, OH 71359"
Jane B. Brown,jane.brown28@myemail.org,"3917 2nd Ave, Houston, PA 87929"
John G. Martinez,john.martinez75@example.com,"5864 Oak Dr, San Antonio, NC 75042"
Jessica C. Brown,jessica.brown79@testmail.com,"1222 Cedar Rd, Philadelphia, IL 90988"
Linda J. Rodriguez,linda.rodriguez64@myemail.org,"7136 Maple Ave, Chicago, NC 79633"
Michael J. Johnson,michael.johnson17@fakemail.net,"9386 2nd Ave, San Antonio, NY 72177"
Linda C. Miller,linda.miller46@fakemail.net,"6157 Broadway, Los Angeles, FL 47238"
Linda A. Martinez,linda.martinez24@fakemail.net,"7941 Maple Ave, San Diego, NY 60470"
John A. Williams,john.williams20@testmail.com,"3190 Sunset Blvd, Philadelphia, FL 85334"
William E. Rodriguez,william.rodriguez30@fakemail.net,"5158 Willow Ln, New York, NC 91056"
William J. Miller,william.miller86@testmail.com,"9004 Main St, San Diego, IL 55572"
John A. Rodriguez,john.rodriguez83@fakemail.net,"5161 Main St, Phoenix, GA 79834"
Michael F. Jones,michael.jones65@myemail.org,"2807 Willow Ln, San Antonio, PA 33675"
Emily E. Johnson,emily.johnson14@example.com,"1531 Main St, Phoenix, NC 65913"
Jessica C. Jones,jessica.jones71@myemail.org,"8772 Broadway, San Jose, CA 36485"
Jane A. Brown,jane.brown99@testmail.com,"7422 Sunset Blvd, Philadelphia, PA 47066"
Emily J. Williams,emily.williams54@mailservice.com,"6234 Cedar Rd, San Diego, AZ 92879"
David C. Martinez,david.martinez96@testmail.com,"8418 Oak Dr, Phoenix, FL 63220"
Sarah F. Smith,sarah.smith41@fakemail.net,"4610 Main St, San Antonio, CA 75810"
Jessica I. Jones,jessica.jones88@mailservice.com,"9236 Pine St, San Antonio, PA 53150"
Michael B. Jones,michael.jones51@example.com,"2562 Main St, San Antonio, IL 70519"
Emily A. Jones,emily.jones28@testmail.com,"3332 Cedar Rd, New York, FL 82109"
Emily D. Brown,emily.brown46@mailservice.com,"7623 Elm St, San Antonio, NC 86227"
Michael C. Brown,michael.brown92@fakemail.net,"147 Willow Ln, Philadelphia, NY 17019"
Jane G. Smith,jane.smith47@example.com,"9304 Pine St, New York, TX 86480"
Jane A. Garcia,jane.garcia24@myemail.org,"7076 Sunset Blvd, Houston, FL 72548"
Sarah B. Martinez,sarah.martinez13@example.com,"7073 Willow Ln, San Jose, IL 19221"
John I. Miller,john.miller25@myemail.org,"6083 Willow Ln, San Antonio, PA 85025"
Jessica J. Garcia,jessica.garcia38@testmail.com,"745 2nd Ave, New York, FL 81755"
Jessica E. Davis,jessica.davis93@testmail.com,"8978 Broadway, Houston, TX 21833"
Emily H. Jones,emily.jones73@example.com,"9368 Main St, San Diego, GA 52264"
David J. Smith,david.smith29@fakemail.net,"8524 2nd Ave, New York, NY 92259"
Emily A. Davis,emily.davis42@example.com,"3580 Main St, Phoenix, OH 59904"
John  Davis,john.davis47@mailservice.com,"5555 Willow Ln, Los Angeles, TX 90285"
David A. Miller,david.miller67@mailservice.com,"8821 Maple Ave, Los Angeles, NY 78073"
Emily F. Smith,emily.smith87@fakemail.net,"497 Pine St, San Antonio, IL 89314"
Linda C. Jones,linda.jones38@fakemail.net,"7676 Oak Dr, Phoenix, IL 42967"
Michael E. Martinez,michael.martinez33@myemail.org,"7547 Pine St, Los Angeles, PA 88536"
David  Miller,david.miller10@testmail.com,"1920 2nd Ave, Chicago, TX 27912"
Jane H. Miller,jane.miller86@mailservice.com,"5334 Elm St, San Diego, CA 92629"
Linda  Garcia,linda.garcia93@testmail.com,"7443 Pine St, Houston, PA 47809"
David G. Davis,david.davis44@testmail.com,"6233 Elm St, Los Angeles, GA 44028"
Sarah E. Miller,sarah.miller52@myemail.org,"1781 Elm St, San Diego, CA 23309"
Jane I. Miller,jane.miller88@fakemail.net,"5946 Pine St, Chicago, OH 60471"
John F. Miller,john.miller76@fakemail.net,"3894 Elm St, Philadelphia, CA 46591"
Robert F. Brown,robert.brown34@fakemail.net,"2251 Pine St, Phoenix, CA 41289"
Emily C. Davis,emily.davis82@mailservice.com,"5104 Elm St, Los Angeles, AZ 91739"
David B. Brown,david.brown29@example.com,"9125 Main St, Chicago, NY 78746"
Linda G. Jones,linda.jones14@fakemail.net,"4436 Main St, Dallas, IL 96587"
Emily D. Jones,emily.jones61@testmail.com,"4526 Cedar Rd, San Antonio, NC 95761"
William B. Garcia,william.garcia36@example.com,"6964 Elm St, San Jose, NY 90943"
John G. Brown,john.brown45@fakemail.net,"6805 Pine St, Houston, TX 68426"
Michael F. Johnson,michael.johnson36@testmail.com,"8345 Elm St, Phoenix, AZ 40043"
Michael I. Williams,michael.williams77@mailservice.com,"5896 2nd Ave, Dallas, GA 17616"
William A. Johnson,william.johnson63@testmail.com,"6711 Sunset Blvd, Dallas, CA 93994"
David C. Garcia,david.garcia77@myemail.org,"5708 Willow Ln, Chicago, NC 16804"
Robert  Johnson,robert.johnson87@myemail.org,"1676 Willow Ln, San Diego, TX 87807"
Robert H. Smith,robert.smith26@mailservice.com,"8188 Pine St, Los Angeles, PA 37260"
Robert A. Williams,robert.williams71@myemail.org,"2243 Main St, Chicago, TX 26039"
David J. Martinez,david.martinez31@fakemail.net,"1998 2nd Ave, New York, OH 39622"
Robert B. Miller,robert.miller56@fakemail.net,"9247 Pine St, San Jose, GA 56984"
John E. Jones,john.jones36@example.com,"1707 Main St, San Diego, CA 66105"
Emily I. Brown,emily.brown50@testmail.com,"2688 2nd Ave, Phoenix, OH 88029"
Emily E. Davis,emily.davis38@testmail.com,"7134 2nd Ave, Phoenix, NY 14584"
David I. Garcia,david.garcia43@fakemail.net,"2509 Pine St, Phoenix, TX 18782"
Emily  Miller,emily.miller97@example.com,"8804 Pine St, Chicago, NY 62980"
Jessica  Brown,jessica.brown64@fakemail.net,"7684 Cedar Rd, Philadelphia, IL 46073"
Linda J. Brown,linda.brown45@mailservice.com,"3087 Main St, Phoenix, GA 53338"
Sarah J. Rodriguez,sarah.rodriguez10@example.com,"299 Broadway, Houston, NC 66568"
John A. Johnson,john.johnson41@mailservice.com,"9332 Oak Dr, Houston, AZ 31836"
Jessica E. Brown,jessica.brown92@example.com,"8639 Oak Dr, Phoenix, TX 22348"
Jane  Brown,jane.brown69@example.com,"2516 2nd Ave, Chicago, TX 24808"
Sarah F. Smith,sarah.smith88@mailservice.com,"2957 Willow Ln, Houston, CA 47962"
David B. Jones,david.jones52@testmail.com,"7311 Main St, Los Angeles, AZ 13549"
David D. Davis,david.davis44@myemail.org,"4523 Elm St, San Antonio, AZ 79531"
Linda F. Garcia,linda.garcia64@fakemail.net,"4398 Willow Ln, San Jose, NY 83375"
John I. Garcia,john.garcia21@myemail.org,"1715 Cedar Rd, Houston, NC 98427"
Sarah H. Williams,sarah.williams84@testmail.com,"1933 Sunset Blvd, San Antonio, GA 15996"
Jessica H. Miller,jessica.miller10@myemail.org,"5393 Oak Dr, Philadelphia, OH 78461"
Emily D. Jones,emily.jones38@fakemail.net,"3846 Oak Dr, San Diego, PA 70479"
Michael C. Davis,michael.davis59@mailservice.com,"2340 Elm St, New York, AZ 34301"
David E. Smith,david.smith93@mailservice.com,"869 Cedar Rd, New York, CA 31233"
Sarah E. Garcia,sarah.garcia14@example.com,"5797 2nd Ave, New York, NY 87256"
Robert A. Davis,robert.davis94@example.com,"7066 Oak Dr, Philadelphia, CA 63476"
Jane I. Brown,jane.brown91@testmail.com,"3054 Elm St, Houston, AZ 16668"
John C. Martinez,john.martinez70@fakemail.net,"908 Willow Ln, Phoenix, NC 54606"
Jessica D. Miller,jessica.miller64@testmail.com,"2591 Main St, Chicago, CA 39608"
Sarah C. Rodriguez,sarah.rodriguez86@mailservice.com,"493 Broadway, Houston, AZ 41064"
Jane F. Garcia,jane.garcia61@example.com,"3576 Main St, Houston, GA 27193"
Emily D. Johnson,emily.johnson20@myemail.org,"4293 Cedar Rd, San Diego, FL 38452"
Sarah G. Martinez,sarah.martinez55@mailservice.com,"6837 Pine St, Houston, TX 29269"
William E. Garcia,william.garcia12@testmail.com,"6430 Willow Ln, Phoenix, OH 25748"
John I. Miller,john.miller64@fakemail.net,"1677 Broadway, New York, NC 39444"
Jessica C. Jones,jessica.jones28@example.com,"8361 Elm St, Phoenix, GA 39019"
William H. Williams,william.williams85@example.com,"8149 Main St, Dallas, IL 84151"
David E. Williams,david.williams99@fakemail.net,"7390 2nd Ave, Chicago, GA 89589"
David F. Jones,david.jones20@fakemail.net,"9255 Oak Dr, Phoenix, TX 18522"
Michael B. Brown,michael.brown68@myemail.org,"3800 Oak Dr, Chicago, FL 32195"
David I. Johnson,david.johnson51@fakemail.net,"557 Main St, Los Angeles, TX 80123"
William I. Johnson,william.johnson52@mailservice.com,"6235 Pine St, Dallas, GA 15912"
Linda G. Smith,linda.smith71@example.com,"6746 Pine St, San Diego, FL 41764"
Jane  Rodriguez,jane.rodriguez29@fakemail.net,"4229 Pine St, Philadelphia, CA 57569"
Jessica I. Smith,jessica.smith89@fakemail.net,"9127 Willow Ln, Philadelphia, TX 10241"
William E. Jones,william.jones87@example.com,"8922 Willow Ln, San Jose, OH 57376"
William H. Davis,william.davis28@example.com,"1456 2nd Ave, Dallas, TX 68549"
Jessica J. Smith,jessica.smith67@example.com,"3640 Oak Dr, San Jose, PA 67714"
Jane H. Williams,jane.williams81@fakemail.net,"5071 Willow Ln, New York, OH 35882"
Emily A. Davis,emily.davis79@myemail.org,"2137 Elm St, San Antonio, PA 75553"
Michael B. Johnson,michael.johnson62@fakemail.net,"9643 2nd Ave, Chicago, TX 79029"
David J. Jones,david.jones88@testmail.com,"1100 Maple Ave, Chicago, IL 75432"
Jessica B. Smith,jessica.smith87@myemail.org,"8738 2nd Ave, Houston, NC 48304"
Robert C. Jones,robert.jones94@example.com,"129 2nd Ave, Dallas, OH 18117"
Linda C. Martinez,linda.martinez99@fakemail.net,"1505 Oak Dr, Phoenix, PA 79232"
Jessica D. Johnson,jessica.johnson19@testmail.com,"4940 Main St, San Jose, NC 31263"
Michael D. Rodriguez,michael.rodriguez93@fakemail.net,"5730 Broadway, Dallas, AZ 54513"
Sarah J. Brown,sarah.brown62@myemail.org,"2811 Broadway, Phoenix, NY 37111"
Sarah H. Brown,sarah.brown17@example.com,"7812 Elm St, San Antonio, GA 97539"
Jane G. Williams,jane.williams79@example.com,"6175 Willow Ln, Phoenix, GA 15482"
Jessica E. Brown,jessica.brown83@fakemail.net,"5101 Main St, Houston, IL 26320"
Michael H. Williams,michael.williams28@mailservice.com,"4187 Maple Ave, Phoenix, NC 40390"
Jane C. Miller,jane.miller14@testmail.com,"6277 Sunset Blvd, San Jose, AZ 65525"
David B. Rodriguez,david.rodriguez83@example.com,"5061 Elm St, San Antonio, IL 12532"
Sarah B. Jones,sarah.jones68@testmail.com,"9889 2nd Ave, Philadelphia, NY 52620"
Emily A. Johnson,emily.johnson35@fakemail.net,"7186 Sunset Blvd, Houston, CA 31793"
Sarah C. Johnson,sarah.johnson19@example.com,"1433 Cedar Rd, Dallas, IL 92284"
Linda H. Williams,linda.williams79@myemail.org,"9304 2nd Ave, Phoenix, OH 45215"
Linda A. Smith,linda.smith42@mailservice.com,"850 Willow Ln, Phoenix, AZ 41880"
Jessica I. Williams,jessica.williams34@testmail.com,"5615 Main St, Dallas, NY 76014"
Robert H. Garcia,robert.garcia16@example.com,"4358 Oak Dr, Los Angeles, IL 82964"
Michael A. Johnson,michael.johnson49@myemail.org,"7399 Maple Ave, Los Angeles, PA 49733"
John H. Rodriguez,john.rodriguez65@fakemail.net,"2531 Cedar Rd, San Diego, AZ 23661"
David C. Brown,david.brown63@testmail.com,"7950 Main St, Phoenix, NY 50495"
Jane F. Johnson,jane.johnson76@mailservice.com,"5996 Broadway, Houston, FL 80265"
William J. Smith,william.smith22@testmail.com,"6783 Broadway, New York, AZ 88147"
David B. Johnson,david.johnson73@fakemail.net,"2473 Elm St, New York, GA 89682"
Michael G. Martinez,michael.martinez52@example.com,"2804 Pine St, San Jose, NY 95649"
John I. Miller,john.miller35@fakemail.net,"8688 2nd Ave, Los Angeles, NC 55499"
Linda F. Martinez,linda.martinez42@mailservice.com,"5742 Oak Dr, Chicago, IL 62099"
Emily E. Rodriguez,emily.rodriguez95@fakemail.net,"5561 2nd Ave, Los Angeles, IL 69116"
Michael J. Jones,michael.jones85@testmail.com,"6589 Oak Dr, Los Angeles, TX 90203"
Jane F. Johnson,jane.johnson86@fakemail.net,"5597 Main St, Phoenix, CA 93329"
William  Smith,william.smith43@myemail.org,"7863 Cedar Rd, San Jose, OH 16863"
William E. Davis,william.davis26@testmail.com,"6119 Elm St, New York, TX 40802"
Robert H. Jones,robert.jones86@example.com,"2564 Elm St, Los Angeles, GA 33796"
Sarah C. Martinez,sarah.martinez90@myemail.org,"8741 Sunset Blvd, Houston, GA 61419"
Michael C. Miller,michael.miller44@myemail.org,"4288 Maple Ave, San Jose, TX 83219"
David D. Miller,david.miller50@testmail.com,"8534 Broadway, Houston, TX 99020"
Linda G. Rodriguez,linda.rodriguez45@fakemail.net,"9002 Broadway, Philadelphia, CA 34824"
Michael D. Brown,michael.brown12@mailservice.com,"7958 Broadway, San Antonio, FL 39248"
Jessica A. Williams,jessica.williams93@mailservice.com,"8479 Pine St, Houston, CA 59204"
Emily D. Brown,emily.brown48@myemail.org,"1285 Oak Dr, Dallas, CA 43090"
Linda A. Smith,linda.smith55@example.com,"9678 Pine St, Chicago, OH 59351"
Sarah E. Brown,sarah.brown82@example.com,"8546 2nd Ave, San Diego, TX 12120"
William  Johnson,william.johnson63@testmail.com,"5220 Broadway, Dallas, CA 49858"
Emily H. Rodriguez,emily.rodriguez30@fakemail.net,"6757 Willow Ln, Dallas, OH 60233"
David B. Brown,david.brown67@mailservice.com,"2470 Cedar Rd, San Jose, IL 56418"
Jane I. Williams,jane.williams92@myemail.org,"6546 Sunset Blvd, San Antonio, CA 56346"
Linda H. Miller,linda.miller76@mailservice.com,"1364 Cedar Rd, Dallas, NY 92516"
Jessica J. Jones,jessica.jones38@example.com,"2809 Elm St, Los Angeles, NY 29797"
Jane  Smith,jane.smith67@example.com,"5244 Maple Ave, Phoenix, AZ 81486"
John I. Rodriguez,john.rodriguez70@fakemail.net,"5539 Broadway, Chicago, NC 17942"
Jessica F. Rodriguez,jessica.rodriguez50@fakemail.net,"5851 Pine St, San Diego, AZ 94311"
Emily  Jones,emily.jones59@mailservice.com,"101 Pine St, New York, FL 40113"
Jessica J. Smith,jessica.smith75@myemail.org,"7216 Maple Ave, San Jose, FL 83906"
Jane G. Rodriguez,jane.rodriguez34@example.com,"8345 2nd Ave, San Diego, TX 71791"
Sarah E. Smith,sarah.smith52@example.com,"9604 Cedar Rd, Houston, CA 87962"
John E. Johnson,john.johnson72@fakemail.net,"3500 Elm St, San Diego, TX 58420"
Linda F. Brown,linda.brown58@mailservice.com,"2477 Maple Ave, Chicago, AZ 78155"
Linda  Smith,linda.smith50@testmail.com,"3513 Sunset Blvd, Phoenix, FL 15192"
Robert F. Martinez,robert.martinez93@myemail.org,"348 Main St, San Jose, GA 88583"
Robert G. Garcia,robert.garcia73@example.com,"3877 Main St, Phoenix, PA 80490"
William J. Davis,william.davis88@mailservice.com,"2541 Main St, San Diego, GA 16250"
Michael C. Smith,michael.smith24@myemail.org,"8969 Maple Ave, Chicago, OH 20660"
John A. Miller,john.miller10@fakemail.net,"8584 2nd Ave, Philadelphia, TX 12935"
Robert D. Jones,robert.jones28@testmail.com,"533 Maple Ave, Dallas, IL 60948"
Jane C. Garcia,jane.garcia33@example.com,"7359 Oak Dr, Los Angeles, OH 34397"
Linda C. Johnson,linda.johnson21@mailservice.com,"472 Oak Dr, Los Angeles, FL 18286"
David E. Martinez,david.martinez94@myemail.org,"8323 Pine St, San Diego, IL 62543"
Jane D. Rodriguez,jane.rodriguez30@mailservice.com,"7428 Main St, San Diego, GA 17190"
Sarah H. Davis,sarah.davis42@testmail.com,"2976 2nd Ave, Phoenix, GA 64079"
David A. Williams,david.williams97@myemail.org,"2495 Oak Dr, San Jose, TX 72478"
John G. Davis,john.davis13@myemail.org,"1627 Pine St, Dallas, PA 77872"
Robert C. Smith,robert.smith25@example.com,"7384 Willow Ln, New York, CA 19804"
John F. Miller,john.miller78@mailservice.com,"9182 Sunset Blvd, San Diego, OH 49979"
Robert A. Smith,robert.smith88@testmail.com,"1931 Oak Dr, San Diego, FL 99299"
William J. Smith,william.smith95@example.com,"8499 2nd Ave, Philadelphia, IL 33213"
Jane H. Garcia,jane.garcia30@fakemail.net,"1890 Broadway, Phoenix, FL 46393"
Jane A. Martinez,jane.martinez75@fakemail.net,"7661 Willow Ln, San Diego, FL 95063"
Jane B. Jones,jane.jones38@example.com,"7941 2nd Ave, Chicago, OH 40705"
Michael D. Williams,michael.williams54@mailservice.com,"9132 Oak Dr, San Jose, GA 84972"
Michael E. Rodriguez,michael.rodriguez82@fakemail.net,"6983 Cedar Rd, San Jose, PA 44911"
Robert  Jones,robert.jones99@fakemail.net,"3391 Willow Ln, New York, PA 95063"
Sarah  Brown,sarah.brown68@testmail.com,"1067 Pine St, New York, NY 12871"
Robert F. Johnson,robert.johnson99@mailservice.com,"3655 Sunset Blvd, Phoenix, FL 14947"
Linda I. Miller,linda.miller55@mailservice.com,"7874 Cedar Rd, San Jose, TX 55106"
Linda A. Miller,linda.miller33@mailservice.com,"4993 Pine St, San Diego, NY 68572"
Jessica G. Brown,jessica.brown83@example.com,"5572 2nd Ave, Chicago, GA 80597"
Linda G. Brown,linda.brown36@fakemail.net,"3804 Cedar Rd, San Antonio, NY 31769"
William I. Rodriguez,william.rodriguez56@example.com,"9226 Oak Dr, Phoenix, IL 90465"
Robert J. Miller,robert.miller77@example.com,"2532 2nd Ave, Los Angeles, FL 20925"
Jane C. Williams,jane.williams16@myemail.org,"4356 Elm St, New York, PA 41233"
Linda G. Williams,linda.williams21@fakemail.net,"9350 Elm St, Phoenix, IL 83626"
David D. Martinez,david.martinez82@myemail.org,"3666 Broadway, Phoenix, NY 31818"
John C. Williams,john.williams54@testmail.com,"1959 Broadway, Dallas, TX 80722"
David B. Miller,david.miller58@example.com,"6894 2nd Ave, Philadelphia, AZ 30110"
William H. Smith,william.smith24@example.com,"3244 Willow Ln, New York, CA 75860"
Jessica J. Martinez,jessica.martinez95@fakemail.net,"6161 Oak Dr, San Jose, TX 86941"
Sarah E. Rodriguez,sarah.rodriguez77@mailservice.com,"4228 Pine St, Houston, NC 22175"
Michael F. Jones,michael.jones38@mailservice.com,"2575 Sunset Blvd, San Jose, PA 37351"
Jane A. Smith,jane.smith73@example.com,"7828 Sunset Blvd, San Jose, GA 86295"
Jessica H. Garcia,jessica.garcia58@fakemail.net,"5102 Pine St, San Antonio, TX 64592"
John H. Davis,john.davis61@mailservice.com,"6076 Sunset Blvd, Phoenix, PA 43433"
Linda I. Brown,linda.brown15@fakemail.net,"9490 Elm St, Dallas, TX 58482"
Linda J. Rodriguez,linda.rodriguez61@myemail.org,"6610 Pine St, Los Angeles, OH 49068"
Emily G. Jones,emily.jones18@fakemail.net,"8868 Maple Ave, San Jose, NY 50698"
Jessica G. Williams,jessica.williams63@testmail.com,"8651 Cedar Rd, New York, TX 82287"
Robert I. Rodriguez,robert.rodriguez94@example.com,"8619 Cedar Rd, San Jose, OH 10273"
Michael  Miller,michael.miller90@testmail.com,"853 Sunset Blvd, Houston, OH 13022"
Emily F. Williams,emily.williams30@fakemail.net,"6978 Oak Dr, Phoenix, CA 24608"
Jessica I. Miller,jessica.miller13@example.com,"6363 Pine St, Houston, AZ 49034"
Jessica D. Martinez,jessica.martinez44@mailservice.com,"5817 Main St, Chicago, GA 81636"
David J. Jones,david.jones80@myemail.org,"8487 Broadway, Phoenix, TX 18493"
Jessica H. Garcia,jessica.garcia85@example.com,"6010 Willow Ln, San Jose, FL 22144"
William F. Brown,william.brown71@mailservice.com,"607 Oak Dr, Los Angeles, PA 21640"
Robert G. Brown,robert.brown63@fakemail.net,"8109 Maple Ave, San Diego, NC 24108"
Sarah B. Brown,sarah.brown74@fakemail.net,"6339 Elm St, New York, NC 69382"
Emily A. Jones,emily.jones25@example.com,"6068 Main St, San Antonio, CA 68109"
David H. Miller,david.miller56@testmail.com,"1836 Cedar Rd, Dallas, CA 98175"
Michael I. Davis,michael.davis46@myemail.org,"4750 Maple Ave, San Antonio, AZ 54865"
Jane C. Brown,jane.brown79@testmail.com,"4699 Sunset Blvd, Dallas, TX 75347"
Michael D. Rodriguez,michael.rodriguez37@mailservice.com,"1721 Sunset Blvd, New York, NC 64087"
Robert G. Brown,robert.brown74@testmail.com,"3337 Elm St, Dallas, NY 16382"
John E. Davis,john.davis29@mailservice.com,"3119 Pine St, San Jose, CA 77912"
David H. Jones,david.jones58@mailservice.com,"1695 Maple Ave, Houston, OH 29507"
William I. Davis,william.davis28@example.com,"8898 Maple Ave, San Jose, PA 13929"
Jane F. Davis,jane.davis15@testmail.com,"8577 Main St, New York, NY 55927"
William D. Jones,william.jones41@mailservice.com,"5684 Willow Ln, Philadelphia, AZ 38736"
David D. Davis,david.davis82@testmail.com,"4287 Oak Dr, Chicago, CA 52962"
Linda F. Davis,linda.davis90@fakemail.net,"593 Oak Dr, Philadelphia, NC 93959"
Jessica D. Miller,jessica.miller66@fakemail.net,"5267 Cedar Rd, San Antonio, FL 98231"
Michael H. Garcia,michael.garcia78@mailservice.com,"4249 Broadway, Houston, CA 62709"
Jane A. Rodriguez,jane.rodriguez20@testmail.com,"6004 Maple Ave, New York, GA 20584"
Linda F. Johnson,linda.johnson95@mailservice.com,"2377 Cedar Rd, Philadelphia, OH 61768"
Linda A. Martinez,linda.martinez97@myemail.org,"902 Elm St, Dallas, IL 26069"
William B. Davis,william.davis52@mailservice.com,"4226 Pine St, Chicago, NC 91729"
John B. Brown,john.brown59@testmail.com,"5860 Broadway, New York, IL 14251"
Michael G. Smith,michael.smith22@mailservice.com,"611 Cedar Rd, Houston, IL 43841"
Robert E. Davis,robert.davis34@fakemail.net,"3258 Main St, San Antonio, NY 43093"
David E. Miller,david.miller18@testmail.com,"4821 2nd Ave, Dallas, NC 31226"
Linda F. Williams,linda.williams42@example.com,"4374 Maple Ave, Houston, CA 41466"
Jessica E. Rodriguez,jessica.rodriguez19@myemail.org,"9856 Main St, Houston, IL 68723"
William D. Garcia,william.garcia95@myemail.org,"388 Oak Dr, Los Angeles, CA 43236"
Sarah I. Brown,sarah.brown58@myemail.org,"9570 Broadway, Dallas, AZ 59376"
Jessica F. Jones,jessica.jones72@testmail.com,"8850 Maple Ave, Los Angeles, GA 13100"
Jessica H. Johnson,jessica.johnson64@myemail.org,"6435 Pine St, Phoenix, IL 42202"
Linda H. Brown,linda.brown22@example.com,"2054 2nd Ave, Los Angeles, AZ 91786"
Robert I. Miller,robert.miller48@fakemail.net,"111 Main St, New York, FL 36986"
Michael A. Williams,michael.williams37@myemail.org,"9503 2nd Ave, San Antonio, OH 38515"
William  Jones,william.jones35@myemail.org,"3253 Sunset Blvd, New York, GA 54198"
Jane J. Rodriguez,jane.rodriguez77@fakemail.net,"7735 Cedar Rd, Los Angeles, NY 28107"
Sarah  Williams,sarah.williams60@myemail.org,"2523 Sunset Blvd, Phoenix, TX 29106"
Emily F. Williams,emily.williams94@myemail.org,"7360 Broadway, Houston, NC 83191"
Robert B. Brown,robert.brown95@fakemail.net,"9785 Broadway, Houston, IL 56567"
Jane C. Smith,jane.smith31@mailservice.com,"5743 Maple Ave, Philadelphia, CA 59137"
John J. Brown,john.brown58@testmail.com,"4760 Cedar Rd, Phoenix, NY 27995"
David B. Miller,david.miller36@myemail.org,"9400 2nd Ave, Dallas, OH 97998"
Jane D. Brown,jane.brown62@testmail.com,"6029 Pine St, San Diego, OH 84948"
Michael H. Brown,michael.brown96@testmail.com,"4393 Willow Ln, Chicago, NY 52665"
Jane G. Davis,jane.davis47@testmail.com,"8168 Willow Ln, Los Angeles, AZ 36788"
Sarah C. Smith,sarah.smith29@testmail.com,"6004 2nd Ave, Los Angeles, OH 32622"
Sarah I. Martinez,sarah.martinez69@testmail.com,"6298 Oak Dr, Dallas, FL 91893"
Linda I. Garcia,linda.garcia40@testmail.com,"7208 Cedar Rd, San Antonio, NC 49165"
Sarah J. Johnson,sarah.johnson79@myemail.org,"3998 Oak Dr, Phoenix, FL 63572"
David F. Garcia,david.garcia81@mailservice.com,"6519 2nd Ave, Los Angeles, TX 16445"
Robert E. Martinez,robert.martinez86@fakemail.net,"5709 Main St, Houston, TX 87603"
David J. Johnson,david.johnson82@mailservice.com,"3206 Pine St, Los Angeles, NC 47905"
Emily E. Williams,emily.williams36@example.com,"3056 2nd Ave, San Jose, AZ 25817"
Jane F. Brown,jane.brown86@example.com,"4385 Cedar Rd, San Jose, NC 47297"
Robert  Brown,robert.brown25@testmail.com,"1868 Oak Dr, Philadelphia, PA 49232"
Linda J. Williams,linda.williams85@mailservice.com,"4145 Cedar Rd, San Jose, PA 67888"
Jane F. Martinez,jane.martinez67@testmail.com,"1070 Pine St, San Diego, IL 34865"
Michael G. Miller,michael.miller21@example.com,"2228 Broadway, San Antonio, CA 32681"
Robert E. Brown,robert.brown86@fakemail.net,"7141 Broadway, San Diego, CA 46861"
Sarah B. Jones,sarah.jones13@mailservice.com,"8181 Cedar Rd, Houston, OH 71989"
Jessica A. Martinez,jessica.martinez76@mailservice.com,"4295 Broadway, Houston, AZ 70582"
David C. Brown,david.brown51@testmail.com,"8170 Broadway, San Jose, NC 92773"
Linda H. Johnson,linda.johnson99@testmail.com,"7990 Main St, San Diego, GA 34926"
William J. Jones,william.jones20@fakemail.net,"3413 Elm St, Houston, TX 78365"
Jane I. Miller,jane.miller24@testmail.com,"8065 2nd Ave, Los Angeles, FL 91360"
Linda C. Smith,linda.smith47@myemail.org,"6964 Cedar Rd, Los Angeles, NY 85654"
Emily  Garcia,emily.garcia53@mailservice.com,"8248 Pine St, San Jose, AZ 95557"
Emily E. Garcia,emily.garcia24@testmail.com,"8009 Maple Ave, San Diego, NY 15132"
Emily C. Jones,emily.jones73@mailservice.com,"8611 Pine St, New York, CA 12299"
Robert A. Rodriguez,robert.rodriguez38@myemail.org,"5723 Sunset Blvd, New York, FL 46589"
Jane G. Miller,jane.miller52@mailservice.com,"9502 Pine St, San Jose, NY 67360"
Jessica A. Miller,jessica.miller41@example.com,"2586 Main St, San Antonio, NC 75550"
Michael G. Garcia,michael.garcia76@myemail.org,"2191 Maple Ave, New York, GA 79810"
Jessica A. Garcia,jessica.garcia38@mailservice.com,"9633 Maple Ave, Philadelphia, OH 38933"
John C. Smith,john.smith22@myemail.org,"4811 Maple Ave, Houston, OH 54361"
David J. Jones,david.jones55@mailservice.com,"5235 Broadway, Philadelphia, IL 90527"
Sarah  Davis,sarah.davis10@mailservice.com,"6783 Pine St, Houston, CA 40132"
Jane B. Jones,jane.jones70@fakemail.net,"9588 Main St, Chicago, IL 97353"
Sarah D. Rodriguez,sarah.rodriguez57@myemail.org,"5616 Cedar Rd, Dallas, FL 98483"
Emily H. Johnson,emily.johnson49@mailservice.com,"112 2nd Ave, Philadelphia, OH 11325"
Linda A. Miller,linda.miller24@testmail.com,"7680 Cedar Rd, Houston, GA 10220"
Sarah F. Martinez,sarah.martinez46@testmail.com,"5214 Willow Ln, Los Angeles, TX 97873"
Jane B. Brown,jane.brown26@testmail.com,"4187 Main St, Chicago, CA 64079"
John E. Martinez,john.martinez14@myemail.org,"4099 Maple Ave, San Diego, CA 63081"
Emily A. Smith,emily.smith25@fakemail.net,"7720 2nd Ave, Philadelphia, GA 68719"
Robert E. Johnson,robert.johnson59@fakemail.net,"6623 Maple Ave, San Antonio, NY 23253"
Jane F. Smith,jane.smith81@example.com,"1694 Oak Dr, Philadelphia, CA 67245"
David  Garcia,david.garcia81@mailservice.com,"5972 Willow Ln, Phoenix, CA 73662"
Robert G. Davis,robert.davis64@testmail.com,"9907 Main St, San Antonio, FL 84532"
Robert D. Williams,robert.williams98@example.com,"4715 Elm St, Dallas, FL 66086"
Sarah A. Brown,sarah.brown25@mailservice.com,"2830 Willow Ln, San Antonio, FL 74495"
Sarah A. Smith,sarah.smith84@myemail.org,"3753 Broadway, Chicago, OH 87830"
John E. Garcia,john.garcia86@myemail.org,"2104 Maple Ave, San Jose, NC 52015"
Michael J. Martinez,michael.martinez31@example.com,"6065 Oak Dr, Phoenix, GA 84316"
Jessica  Williams,jessica.williams40@testmail.com,"9232 Maple Ave, San Jose, IL 56311"
Robert F. Rodriguez,robert.rodriguez18@myemail.org,"7177 Main St, Phoenix, TX 72450"
Michael E. Davis,michael.davis62@mailservice.com,"5044 Main St, Phoenix, FL 78709"
Sarah G. Smith,sarah.smith32@testmail.com,"3250 Pine St, Houston, NC 63176"
David E. Garcia,david.garcia42@fakemail.net,"2310 Elm St, Chicago, CA 77634"
Jessica J. Rodriguez,jessica.rodriguez93@fakemail.net,"2328 Elm St, Dallas, PA 39477"
Robert J. Rodriguez,robert.rodriguez27@fakemail.net,"948 Broadway, San Diego, OH 83624"
Robert E. Miller,robert.miller79@mailservice.com,"9616 Maple Ave, Phoenix, OH 70217"
Emily D. Davis,emily.davis14@fakemail.net,"936 Sunset Blvd, San Antonio, IL 28297"
John J. Jones,john.jones53@testmail.com,"7068 Maple Ave, Dallas, GA 69539"
William C. Johnson,william.johnson22@example.com,"9143 Elm St, San Jose, NC 28510"
Sarah B. Garcia,sarah.garcia54@example.com,"3811 Elm St, Philadelphia, IL 24197"
William F. Garcia,william.garcia97@testmail.com,"1916 2nd Ave, Los Angeles, PA 84416"
William E. Brown,william.brown74@myemail.org,"6828 Broadway, Chicago, IL 36665"
David B. Smith,david.smith59@example.com,"6338 Sunset Blvd, Phoenix, NC 13888"
William G. Brown,william.brown72@mailservice.com,"833 Sunset Blvd, Philadelphia, IL 98023"
William H. Johnson,william.johnson11@mailservice.com,"918 Broadway, San Jose, OH 99751"
Michael B. Jones,michael.jones21@mailservice.com,"4992 Broadway, Chicago, FL 55572"
Jessica  Johnson,jessica.johnson19@testmail.com,"6854 Broadway, Dallas, FL 94846"
John G. Smith,john.smith54@mailservice.com,"425 Main St, Dallas, PA 91210"
Michael I. Garcia,michael.garcia63@fakemail.net,"6805 Sunset Blvd, San Diego, AZ 32268"
Jessica F. Brown,jessica.brown29@testmail.com,"4559 Maple Ave, New York, FL 59884"
Michael A. Brown,michael.brown36@testmail.com,"6180 Oak Dr, San Diego, GA 55328"
Jessica B. Johnson,jessica.johnson79@mailservice.com,"2281 Maple Ave, San Jose, NC 95222"
Robert J. Smith,robert.smith69@fakemail.net,"741 Elm St, Dallas, PA 43163"
Emily  Williams,emily.williams47@testmail.com,"6469 Willow Ln, San Diego, TX 58785"
David I. Johnson,david.johnson50@example.com,"6021 Cedar Rd, San Diego, OH 65910"
Jane F. Garcia,jane.garcia89@myemail.org,"564 Elm St, New York, PA 51368"
Linda D. Garcia,linda.garcia98@mailservice.com,"5517 2nd Ave, Philadelphia, CA 80360"
Emily J. Garcia,emily.garcia95@fakemail.net,"8089 Broadway, Philadelphia, AZ 97774"
Robert A. Williams,robert.williams46@fakemail.net,"4875 Main St, San Antonio, FL 70298"
Michael I. Rodriguez,michael.rodriguez81@fakemail.net,"4887 Main St, New York, AZ 85334"
Michael J. Williams,michael.williams70@fakemail.net,"2900 Pine St, Los Angeles, FL 39541"
Jessica B. Smith,jessica.smith12@testmail.com,"2963 Oak Dr, San Diego, NC 48319"
Michael C. Martinez,michael.martinez52@testmail.com,"5088 2nd Ave, Houston, GA 66734"
John J. Garcia,john.garcia12@testmail.com,"973 Cedar Rd, Los Angeles, CA 74115"
Jane D. Brown,jane.brown66@myemail.org,"2340 Pine St, San Antonio, GA 21064"
Jessica I. Davis,jessica.davis35@fakemail.net,"6522 Broadway, New York, AZ 18782"
Sarah G. Garcia,sarah.garcia46@example.com,"2542 Sunset Blvd, San Jose, IL 72018"
Jessica C. Davis,jessica.davis14@myemail.org,"9518 Elm St, Philadelphia, AZ 48931"
Emily J. Jones,emily.jones22@example.com,"6988 2nd Ave, Houston, OH 63501"
Emily A. Miller,emily.miller86@fakemail.net,"6785 Sunset Blvd, San Antonio, OH 84573"
Robert J. Garcia,robert.garcia87@fakemail.net,"9919 Pine St, San Antonio, AZ 79810"
Jessica C. Jones,jessica.jones14@example.com,"5569 Broadway, San Diego, FL 43615"
John E. Martinez,john.martinez87@fakemail.net,"1352 Willow Ln, San Diego, OH 78867"
Linda F. Rodriguez,linda.rodriguez84@myemail.org,"5806 Maple Ave, Phoenix, IL 71524"
Emily F. Martinez,emily.martinez95@fakemail.net,"9099 Pine St, San Antonio, IL 57853"
Michael F. Rodriguez,michael.rodriguez93@testmail.com,"5651 Broadway, Chicago, AZ 41995"
Robert A. Williams,robert.williams50@example.com,"6677 Broadway, Chicago, FL 98058"
David J. Jones,david.jones33@example.com,"1436 Sunset Blvd, Phoenix, NY 41005"
William J. Jones,william.jones85@myemail.org,"3609 Broadway, San Antonio, NY 96434"
David H. Johnson,david.johnson10@example.com,"3804 Elm St, New York, AZ 34521"
Jane I. Brown,jane.brown74@testmail.com,"8784 Sunset Blvd, Philadelphia, IL 43359"
Sarah  Davis,sarah.davis28@mailservice.com,"2532 Oak Dr, Houston, OH 42860"
Sarah J. Martinez,sarah.martinez35@testmail.com,"531 Broadway, Chicago, FL 62327"
Michael J. Miller,michael.miller96@example.com,"4852 Oak Dr, Philadelphia, TX 82605"
Robert C. Smith,robert.smith14@testmail.com,"7970 Elm St, Philadelphia, GA 91355"
David I. Johnson,david.johnson96@testmail.com,"436 2nd Ave, Chicago, FL 85376"
Michael B. Martinez,michael.martinez39@example.com,"6122 Oak Dr, San Diego, GA 34335"
David  Rodriguez,david.rodriguez10@mailservice.com,"6855 Willow Ln, New York, CA 63425"
Emily C. Brown,emily.brown63@mailservice.com,"2982 Broadway, Houston, PA 91360"
Michael F. Brown,michael.brown98@testmail.com,"2489 Maple Ave, Philadelphia, AZ 44685"
William I. Rodriguez,william.rodriguez99@mailservice.com,"6903 Oak Dr, Houston, FL 77912"
William D. Williams,william.williams95@testmail.com,"9654 Sunset Blvd, San Jose, PA 18561"
Michael A. Williams,michael.williams94@myemail.org,"2756 Oak Dr, San Jose, AZ 91101"
Jessica A. Williams,jessica.williams30@mailservice.com,"2331 Broadway, Phoenix, TX 28297"
Linda I. Rodriguez,linda.rodriguez27@mailservice.com,"6502 Maple Ave, New York, CA 70685"
Jane G. Garcia,jane.garcia68@testmail.com,"5137 Oak Dr, Houston, OH 72648"
Linda J. Rodriguez,linda.rodriguez31@mailservice.com,"4175 2nd Ave, Philadelphia, NY 34844"
Emily  Smith,emily.smith74@mailservice.com,"302 Pine St, Chicago, OH 21109"
Robert H. Garcia,robert.garcia36@example.com,"8490 Elm St, Phoenix, FL 56603"
Jessica G. Miller,jessica.miller37@example.com,"2301 Cedar Rd, San Antonio, CA 62008"
Emily E. Jones,emily.jones81@example.com,"3401 Sunset Blvd, Phoenix, FL 89937"
Sarah G. Davis,sarah.davis71@mailservice.com,"4044 Elm St, Houston, GA 13155"
Robert  Rodriguez,robert.rodriguez33@testmail.com,"4983 Elm St, New York, TX 60735"
Jane F. Garcia,jane.garcia48@mailservice.com,"4208 Main St, San Antonio, TX 16842"
Robert J. Davis,robert.davis43@myemail.org,"3509 2nd Ave, San Jose, FL 39426"
Emily C. Johnson,emily.johnson17@myemail.org,"1766 Cedar Rd, San Jose, TX 39061"
Jane G. Brown,jane.brown70@testmail.com,"1607 Pine St, San Antonio, AZ 20427"
John I. Johnson,john.johnson52@fakemail.net,"8792 Sunset Blvd, Dallas, NC 27912"
Jessica C. Martinez,jessica.martinez40@fakemail.net,"3432 Elm St, Houston, AZ 45224"
Sarah H. Johnson,sarah.johnson13@example.com,"5965 Oak Dr, Houston, NY 63748"
David E. Brown,david.brown15@fakemail.net,"5134 2nd Ave, Houston, IL 95873"
Jane D. Miller,jane.miller81@testmail.com,"8339 Elm St, San Diego, NC 86035"
Jane F. Garcia,jane.garcia76@myemail.org,"5806 Pine St, Philadelphia, TX 48553"
John D. Garcia,john.garcia37@testmail.com,"2017 Main St, San Antonio, AZ 58019"
Jane A. Martinez,jane.martinez17@mailservice.com,"7841 Maple Ave, San Antonio, AZ 44292"
David B. Martinez,david.martinez79@testmail.com,"4450 Sunset Blvd, Philadelphia, GA 64842"
Jessica D. Davis,jessica.davis60@testmail.com,"8109 Oak Dr, Phoenix, NY 19130"
Jane E. Miller,jane.miller95@myemail.org,"3914 Elm St, Los Angeles, NC 74543"
Michael  Garcia,michael.garcia65@mailservice.com,"7230 2nd Ave, San Diego, TX 33796"
David H. Garcia,david.garcia25@mailservice.com,"4391 Sunset Blvd, Dallas, NY 84108"
Michael H. Davis,michael.davis73@testmail.com,"8353 Oak Dr, Philadelphia, TX 36214"
Michael D. Smith,michael.smith41@testmail.com,"8092 Broadway, Dallas, IL 58986"
Jessica F. Smith,jessica.smith65@example.com,"179 Broadway, Los Angeles, AZ 73492"
David C. Johnson,david.johnson19@example.com,"4028 Main St, Dallas, PA 76896"
David B. Davis,david.davis15@example.com,"5075 Broadway, San Jose, CA 21938"
Emily J. Davis,emily.davis88@myemail.org,"8873 2nd Ave, Dallas, TX 73427"
Jane H. Rodriguez,jane.rodriguez24@myemail.org,"7650 2nd Ave, Houston, GA 75350"
David  Martinez,david.martinez64@myemail.org,"377 Maple Ave, Houston, CA 59875"
Sarah H. Williams,sarah.williams28@mailservice.com,"936 Sunset Blvd, New York, CA 10275"
Linda F. Brown,linda.brown72@testmail.com,"7558 Willow Ln, Phoenix, NC 13100"
Jane  Jones,jane.jones66@mailservice.com,"758 Maple Ave, San Jose, PA 22405"
Linda C. Miller,linda.miller14@testmail.com,"2452 Maple Ave, San Jose, FL 66273"
David D. Johnson,david.johnson24@fakemail.net,"6206 Pine St, San Jose, FL 44268"
Jane C. Martinez,jane.martinez80@example.com,"3964 Sunset Blvd, Houston, NY 69733"
Jane G. Garcia,jane.garcia16@fakemail.net,"6949 Sunset Blvd, San Antonio, GA 15932"
Michael G. Johnson,michael.johnson41@mailservice.com,"6860 Elm St, Houston, IL 10028"
Jessica B. Williams,jessica.williams71@testmail.com,"8103 Broadway, Houston, TX 46589"
Jane I. Davis,jane.davis32@example.com,"5674 2nd Ave, New York, OH 74227"
Robert H. Davis,robert.davis44@myemail.org,"9293 2nd Ave, Chicago, IL 97550"
Robert J. Rodriguez,robert.rodriguez57@myemail.org,"6540 Maple Ave, Dallas, AZ 85950"
John G. Johnson,john.johnson32@fakemail.net,"3339 2nd Ave, Los Angeles, AZ 56185"
Michael  Miller,michael.miller91@fakemail.net,"7518 Elm St, Dallas, GA 50850"
Emily A. Garcia,emily.garcia42@testmail.com,"4561 Elm St, Chicago, NY 84441"
Michael I. Williams,michael.williams78@myemail.org,"4095 Sunset Blvd, Houston, PA 60859"
Jane E. Garcia,jane.garcia49@example.com,"7717 Cedar Rd, San Diego, NY 82547"
Michael D. Garcia,michael.garcia58@mailservice.com,"5197 Cedar Rd, San Diego, TX 87256"
David I. Johnson,david.johnson87@myemail.org,"6815 Willow Ln, Houston, PA 81581"
Robert D. Garcia,robert.garcia82@fakemail.net,"7210 Maple Ave, San Jose, CA 42338"
Jane F. Garcia,jane.garcia88@testmail.com,"2272 Main St, San Antonio, IL 37290"
Sarah I. Smith,sarah.smith79@testmail.com,"1045 2nd Ave, New York, OH 45642"
Linda F. Martinez,linda.martinez13@myemail.org,"3472 2nd Ave, San Diego, PA 59016"
Robert I. Garcia,robert.garcia29@fakemail.net,"1375 2nd Ave, San Antonio, PA 94848"
Sarah F. Smith,sarah.smith92@example.com,"6102 Main St, San Diego, NC 53355"
Sarah B. Johnson,sarah.johnson17@fakemail.net,"3455 Elm St, New York, TX 63338"
Sarah H. Miller,sarah.miller78@mailservice.com,"2755 Elm St, Los Angeles, CA 10372"
William B. Davis,william.davis45@myemail.org,"2295 Cedar Rd, New York, AZ 68720"
Michael I. Davis,michael.davis48@testmail.com,"8730 Broadway, Chicago, OH 21109"
William I. Johnson,william.johnson25@fakemail.net,"7007 Cedar Rd, Los Angeles, TX 30198"
Emily I. Jones,emily.jones67@testmail.com,"7071 Elm St, San Jose, IL 39493"
Michael B. Martinez,michael.martinez13@example.com,"1753 Cedar Rd, San Antonio, PA 80267"
Linda I. Rodriguez,linda.rodriguez60@mailservice.com,"4256 Oak Dr, Phoenix, OH 80360"
Jane G. Rodriguez,jane.rodriguez48@example.com,"9011 Elm St, New York, IL 67623"
Jessica I. Miller,jessica.miller87@example.com,"1667 2nd Ave, Dallas, NY 96708"
Linda H. Jones,linda.jones77@fakemail.net,"721 Sunset Blvd, Philadelphia, AZ 28107"
David H. Davis,david.davis48@mailservice.com,"7634 Sunset Blvd, Los Angeles, PA 39608"
Michael G. Johnson,michael.johnson32@mailservice.com,"118 2nd Ave, Houston, OH 81882"
William B. Davis,william.davis52@mailservice.com,"8248 Elm St, Dallas, TX 67219"
Jessica F. Johnson,jessica.johnson86@testmail.com,"3940 Pine St, Los Angeles, OH 44599"
Linda G. Miller,linda.miller70@testmail.com,"6698 Elm St, Chicago, AZ 30088"
Michael G. Jones,michael.jones51@fakemail.net,"4496 Main St, San Diego, NC 16250"
Linda B. Williams,linda.williams99@fakemail.net,"3572 Maple Ave, Houston, NC 19443"
Michael I. Garcia,michael.garcia92@mailservice.com,"3264 Sunset Blvd, Houston, PA 67408"
Robert C. Williams,robert.williams68@myemail.org,"9247 Willow Ln, Los Angeles, CA 79843"
Jane J. Williams,jane.williams77@myemail.org,"6758 2nd Ave, Phoenix, NC 37406"
Michael A. Davis,michael.davis91@testmail.com,"4218 Sunset Blvd, Los Angeles, PA 82827"
William E. Brown,william.brown69@myemail.org,"5158 Sunset Blvd, Phoenix, IL 48321"
Robert  Williams,robert.williams27@testmail.com,"7141 Broadway, Dallas, NY 23587"
Emily G. Brown,emily.brown18@mailservice.com,"4233 Willow Ln, San Antonio, IL 14800"
Robert E. Smith,robert.smith89@fakemail.net,"3239 Broadway, New York, NY 31444"
Sarah B. Rodriguez,sarah.rodriguez80@testmail.com,"2211 Maple Ave, San Jose, NY 34968"
Jane I. Smith,jane.smith80@example.com,"835 Cedar Rd, Chicago, CA 66173"
Jane G. Smith,jane.smith75@myemail.org,"8594 Broadway, San Jose, GA 54300"
Michael H. Williams,michael.williams90@myemail.org,"9376 Pine St, San Diego, OH 22120"
Jane C. Brown,jane.brown38@testmail.com,"9925 Elm St, San Diego, FL 11682"
Jessica C. Johnson,jessica.johnson34@example.com,"4263 Elm St, New York, CA 83002"
David  Miller,david.miller78@mailservice.com,"2802 Willow Ln, Los Angeles, IL 10366"
Emily F. Brown,emily.brown60@example.com,"3963 Oak Dr, Los Angeles, GA 24817"
John B. Rodriguez,john.rodriguez12@fakemail.net,"3555 Elm St, San Jose, CA 42333"
Jane I. Jones,jane.jones37@mailservice.com,"9372 Broadway, San Antonio, CA 12924"
William B. Martinez,william.martinez36@example.com,"2690 2nd Ave, Phoenix, CA 32163"
Linda  Williams,linda.williams29@testmail.com,"4223 Elm St, San Diego, GA 56086"
Michael F. Rodriguez,michael.rodriguez44@example.com,"2574 Maple Ave, San Antonio, NY 60600"
Jessica B. Davis,jessica.davis17@example.com,"3610 Cedar Rd, Los Angeles, FL 48028"
John  Miller,john.miller81@testmail.com,"1461 Main St, Chicago, OH 97258"
David I. Davis,david.davis92@fakemail.net,"3081 Willow Ln, San Antonio, IL 88506"
Linda G. Rodriguez,linda.rodriguez69@myemail.org,"4616 Sunset Blvd, San Jose, PA 85791"
Jane G. Brown,jane.brown66@mailservice.com,"1439 Maple Ave, Chicago, NC 10448"
Sarah E. Smith,sarah.smith85@testmail.com,"5545 Elm St, Dallas, OH 18483"
Robert G. Garcia,robert.garcia43@mailservice.com,"5029 Main St, Phoenix, FL 42716"
Linda  Johnson,linda.johnson64@fakemail.net,"9487 Willow Ln, San Jose, OH 77694"
Jane B. Jones,jane.jones81@testmail.com,"1161 Elm St, Dallas, CA 53297"
Emily D. Johnson,emily.johnson52@fakemail.net,"3457 2nd Ave, New York, OH 10930"
William I. Smith,william.smith92@testmail.com,"437 Willow Ln, Phoenix, CA 92169"
William D. Davis,william.davis68@mailservice.com,"1828 Cedar Rd, Los Angeles, IL 85317"
John H. Brown,john.brown71@testmail.com,"9116 Cedar Rd, Dallas, NY 78971"
John I. Miller,john.miller28@mailservice.com,"893 Broadway, Phoenix, CA 72695"
Emily I. Garcia,emily.garcia23@testmail.com,"324 Elm St, Dallas, NY 66177"
David D. Brown,david.brown69@example.com,"1498 Cedar Rd, Chicago, OH 36956"
Sarah B. Johnson,sarah.johnson28@example.com,"946 Cedar Rd, Los Angeles, OH 75193"
David G. Smith,david.smith76@example.com,"2528 2nd Ave, Chicago, CA 15028"
David G. Williams,david.williams56@myemail.org,"2399 Maple Ave, Philadelphia, FL 70765"
Michael C. Miller,michael.miller89@fakemail.net,"7285 Cedar Rd, Philadelphia, FL 85769"
John J. Miller,john.miller63@myemail.org,"2760 Maple Ave, San Jose, FL 49356"
William A. Rodriguez,william.rodriguez58@mailservice.com,"4491 Willow Ln, Philadelphia, NC 84965"
Jessica H. Martinez,jessica.martinez92@testmail.com,"5368 Elm St, San Jose, AZ 78818"
David G. Miller,david.miller24@fakemail.net,"4246 Elm St, Phoenix, OH 97002"
William H. Williams,william.williams29@mailservice.com,"5539 Pine St, Philadelphia, OH 16857"
Jessica  Davis,jessica.davis41@myemail.org,"1446 Pine St, San Antonio, GA 75588"
Emily G. Jones,emily.jones65@myemail.org,"734 Willow Ln, Houston, FL 40629"
Robert C. Rodriguez,robert.rodriguez61@fakemail.net,"9046 Oak Dr, Phoenix, GA 96002"
Sarah J. Rodriguez,sarah.rodriguez47@mailservice.com,"3697 Sunset Blvd, Phoenix, NY 77567"
Jessica E. Martinez,jessica.martinez87@mailservice.com,"4066 2nd Ave, Houston, CA 17672"
Jessica I. Jones,jessica.jones70@mailservice.com,"1319 Main St, San Jose, AZ 68006"
Robert J. Davis,robert.davis30@testmail.com,"4046 Willow Ln, Dallas, PA 89819"
Emily E. Garcia,emily.garcia77@mailservice.com,"7834 Pine St, Dallas, NY 63646"
Linda G. Miller,linda.miller37@myemail.org,"6858 Sunset Blvd, Los Angeles, NY 71317"
Jessica F. Garcia,jessica.garcia21@mailservice.com,"5054 Cedar Rd, Dallas, TX 78468"
Linda F. Brown,linda.brown91@fakemail.net,"1042 Willow Ln, Chicago, PA 14183"
Robert E. Brown,robert.brown60@myemail.org,"5381 Pine St, San Jose, CA 85354"
Sarah H. Davis,sarah.davis55@mailservice.com,"5108 Oak Dr, Houston, AZ 18278"
Jessica J. Brown,jessica.brown33@mailservice.com,"3121 Elm St, Houston, OH 48555"
John J. Johnson,john.johnson41@testmail.com,"7000 Oak Dr, Phoenix, CA 71766"
Jessica I. Brown,jessica.brown65@example.com,"7147 Oak Dr, Chicago, TX 62742"
David B. Rodriguez,david.rodriguez26@testmail.com,"2045 Broadway, Dallas, PA 79772"
Michael E. Smith,michael.smith76@mailservice.com,"7127 Main St, Phoenix, NC 26007"
William G. Smith,william.smith93@mailservice.com,"6369 Maple Ave, San Antonio, OH 35303"
Jessica F. Williams,jessica.williams37@fakemail.net,"8706 Willow Ln, New York, NC 60078"
Emily J. Brown,emily.brown72@example.com,"6791 Main St, Chicago, OH 58839"
Robert E. Smith,robert.smith78@fakemail.net,"2548 Maple Ave, Los Angeles, AZ 47993"
John  Johnson,john.johnson64@mailservice.com,"9580 Willow Ln, Philadelphia, TX 98175"
David F. Garcia,david.garcia88@example.com,"298 Oak Dr, Chicago, AZ 90208"
Jane B. Jones,jane.jones81@example.com,"4533 Broadway, Los Angeles, NY 90617"
David F. Rodriguez,david.rodriguez81@myemail.org,"3662 Cedar Rd, San Antonio, NY 65621"
David E. Miller,david.miller29@testmail.com,"6341 Maple Ave, Philadelphia, NY 50896"
John J. Johnson,john.johnson21@example.com,"2601 Oak Dr, Dallas, OH 26367"
William F. Davis,william.davis75@mailservice.com,"9794 2nd Ave, Dallas, NC 21230"
John D. Smith,john.smith13@testmail.com,"354 Pine St, Phoenix, OH 92088"
Emily E. Davis,emily.davis78@testmail.com,"2119 Pine St, Phoenix, OH 94206"
David I. Brown,david.brown83@example.com,"2879 Sunset Blvd, Houston, PA 40895"
John  Williams,john.williams26@mailservice.com,"2793 Sunset Blvd, Dallas, IL 61786"
Robert B. Davis,robert.davis53@testmail.com,"6273 Cedar Rd, New York, CA 14523"
Robert J. Miller,robert.miller60@myemail.org,"6353 Willow Ln, Dallas, CA 55186"
Jessica D. Williams,jessica.williams33@fakemail.net,"3867 Main St, New York, NY 61650"
William J. Smith,william.smith63@fakemail.net,"944 Broadway, Houston, TX 10970"
Jessica H. Miller,jessica.miller16@example.com,"8875 Broadway, San Jose, CA 61634"
Robert C. Rodriguez,robert.rodriguez32@fakemail.net,"702 Main St, Phoenix, GA 23933"
David F. Smith,david.smith93@mailservice.com,"1510 Oak Dr, Dallas, NC 95022"
David F. Davis,david.davis80@example.com,"5667 Broadway, Philadelphia, GA 89006"
Robert  Williams,robert.williams80@fakemail.net,"7188 Maple Ave, San Jose, OH 47035"
Jessica G. Jones,jessica.jones44@mailservice.com,"7878 Oak Dr, New York, OH 37597"
John G. Williams,john.williams68@example.com,"5706 2nd Ave, New York, PA 20649"
John B. Miller,john.miller64@mailservice.com,"7321 Oak Dr, Phoenix, NC 97863"
John G. Jones,john.jones54@testmail.com,"9056 Cedar Rd, New York, TX 14354"
Emily B. Brown,emily.brown80@fakemail.net,"9530 Oak Dr, Los Angeles, FL 90605"
Sarah G. Smith,sarah.smith65@fakemail.net,"1934 Oak Dr, Chicago, NC 30759"
Sarah F. Davis,sarah.davis87@testmail.com,"4761 Sunset Blvd, Philadelphia, PA 33190"
Michael A. Davis,michael.davis82@mailservice.com,"1345 Elm St, San Jose, CA 58908"
Sarah B. Martinez,sarah.martinez70@mailservice.com,"9346 Elm St, New York, CA 59295"
Emily G. Jones,emily.jones36@testmail.com,"7319 2nd Ave, Philadelphia, CA 31818"
David C. Smith,david.smith84@myemail.org,"8583 Broadway, Houston, OH 69009"
Robert  Martinez,robert.martinez55@myemail.org,"1377 Broadway, Dallas, NY 25896"
Emily J. Smith,emily.smith97@example.com,"3689 Main St, Houston, NC 10372"
William G. Johnson,william.johnson43@myemail.org,"9344 2nd Ave, Chicago, NY 73733"
Michael F. Jones,michael.jones79@example.com,"8960 Cedar Rd, Phoenix, GA 73986"
Michael F. Davis,michael.davis18@myemail.org,"9218 Maple Ave, San Antonio, OH 92703"
Emily J. Williams,emily.williams46@testmail.com,"4356 Sunset Blvd, Los Angeles, GA 42091"
Michael H. Miller,michael.miller13@fakemail.net,"2202 Main St, Dallas, NY 79449"
William I. Rodriguez,william.rodriguez28@fakemail.net,"5530 Oak Dr, Dallas, AZ 79490"
Linda  Johnson,linda.johnson38@mailservice.com,"6511 Willow Ln, Houston, PA 38581"
David  Garcia,david.garcia97@example.com,"1473 Elm St, Dallas, NY 26923"
Sarah H. Jones,sarah.jones76@testmail.com,"181 Pine St, Phoenix, NY 66212"
William G. Brown,william.brown56@fakemail.net,"9920 Oak Dr, Dallas, AZ 89718"
Sarah I. Rodriguez,sarah.rodriguez21@fakemail.net,"5314 2nd Ave, San Antonio, NC 48652"
John J. Miller,john.miller73@mailservice.com,"1645 Pine St, San Jose, IL 58194"
Emily G. Davis,emily.davis50@mailservice.com,"3592 Broadway, Los Angeles, CA 26563"
William H. Jones,william.jones83@example.com,"6751 Sunset Blvd, Houston, GA 50738"
Linda E. Jones,linda.jones94@myemail.org,"9115 Elm St, Phoenix, OH 52665"
Jane H. Garcia,jane.garcia55@myemail.org,"6657 Broadway, Phoenix, OH 61043"
Robert I. Rodriguez,robert.rodriguez31@example.com,"8017 Cedar Rd, San Jose, FL 34629"
Jessica I. Garcia,jessica.garcia98@testmail.com,"9068 Broadway, New York, NC 13151"
David H. Garcia,david.garcia62@testmail.com,"1928 Broadway, New York, OH 46368"
Sarah G. Davis,sarah.davis36@testmail.com,"3246 Broadway, Chicago, PA 55433"
Emily  Rodriguez,emily.rodriguez10@testmail.com,"8230 Main St, Los Angeles, AZ 51266"
Robert E. Miller,robert.miller23@fakemail.net,"9622 Maple Ave, Houston, TX 22676"
Michael F. Smith,michael.smith57@fakemail.net,"3932 Willow Ln, Houston, FL 51485"
William E. Johnson,william.johnson88@example.com,"6047 Main St, San Antonio, TX 92958"
Linda D. Smith,linda.smith55@example.com,"5414 Elm St, New York, FL 50124"
David E. Smith,david.smith87@example.com,"6003 Cedar Rd, Phoenix, FL 53338"
Sarah A. Brown,sarah.brown53@example.com,"3300 Broadway, New York, AZ 98881"
Sarah C. Garcia,sarah.garcia31@example.com,"2735 2nd Ave, New York, TX 65488"
Michael E. Martinez,michael.martinez35@mailservice.com,"5635 2nd Ave, Phoenix, AZ 94221"
Jessica C. Garcia,jessica.garcia62@example.com,"7922 Sunset Blvd, San Jose, PA 45243"
Emily C. Jones,emily.jones15@mailservice.com,"9151 Sunset Blvd, San Jose, CA 77714"
Michael F. Brown,michael.brown65@fakemail.net,"8320 Cedar Rd, Houston, CA 43143"
Linda A. Davis,linda.davis20@myemail.org,"1676 Cedar Rd, Chicago, NC 77634"
Jessica C. Johnson,jessica.johnson52@example.com,"5881 Elm St, Philadelphia, TX 23422"
William D. Williams,william.williams11@fakemail.net,"2083 Broadway, Dallas, FL 98724"
Jane A. Martinez,jane.martinez43@mailservice.com,"8349 Elm St, San Diego, AZ 79652"
Jane D. Garcia,jane.garcia49@fakemail.net,"3386 Willow Ln, Chicago, NY 99522"
David  Miller,david.miller66@testmail.com,"1955 Sunset Blvd, San Diego, PA 92076"
William H. Johnson,william.johnson84@mailservice.com,"940 Main St, Houston, GA 13389"
John J. Johnson,john.johnson45@fakemail.net,"2704 Willow Ln, Houston, FL 19200"
David J. Smith,david.smith63@example.com,"8437 Willow Ln, San Diego, FL 97043"
John H. Garcia,john.garcia18@testmail.com,"631 Maple Ave, San Jose, AZ 48636"
William A. Garcia,william.garcia94@example.com,"6593 Cedar Rd, Phoenix, AZ 31083"
David E. Garcia,david.garcia70@testmail.com,"4006 Cedar Rd, Philadelphia, FL 47782"
Robert J. Williams,robert.williams12@mailservice.com,"7260 Cedar Rd, Chicago, TX 26320"
Robert J. Martinez,robert.martinez91@example.com,"191 Main St, Chicago, FL 65330"
Emily F. Martinez,emily.martinez75@mailservice.com,"1448 Main St, Phoenix, NC 60283"
Linda  Rodriguez,linda.rodriguez16@example.com,"7191 Broadway, San Jose, NC 17828"
Robert F. Johnson,robert.johnson86@testmail.com,"5551 Main St, Los Angeles, IL 23281"
Emily E. Davis,emily.davis41@fakemail.net,"7494 Main St, San Jose, FL 80127"
William G. Rodriguez,william.rodriguez87@example.com,"455 Pine St, Houston, GA 95817"
William F. Davis,william.davis74@mailservice.com,"8791 Oak Dr, San Diego, NC 34164"
Jessica A. Davis,jessica.davis20@fakemail.net,"3382 Pine St, San Antonio, TX 76334"
John E. Williams,john.williams77@mailservice.com,"9246 Broadway, New York, IL 69084"
William C. Rodriguez,william.rodriguez46@testmail.com,"8282 2nd Ave, Houston, OH 21350"
Linda C. Miller,linda.miller43@mailservice.com,"2522 Elm St, Los Angeles, AZ 33941"
Emily I. Smith,emily.smith70@myemail.org,"4377 Sunset Blvd, New York, IL 37745"
Jessica  Rodriguez,jessica.rodriguez40@example.com,"3827 Oak Dr, Chicago, CA 47539"
William  Brown,william.brown92@testmail.com,"8026 Broadway, New York, TX 27279"
Jane A. Johnson,jane.johnson74@mailservice.com,"5516 2nd Ave, San Diego, GA 84379"
Sarah  Williams,sarah.williams70@example.com,"3489 2nd Ave, Chicago, IL 80985"
Robert C. Miller,robert.miller42@myemail.org,"1934 2nd Ave, Dallas, PA 41380"
Linda  Miller,linda.miller95@testmail.com,"3850 Main St, San Jose, NC 43543"
Jessica E. Martinez,jessica.martinez82@mailservice.com,"6422 Pine St, San Jose, AZ 38552"
Jane  Jones,jane.jones23@example.com,"5629 2nd Ave, New York, GA 88486"
Linda  Davis,linda.davis19@mailservice.com,"2026 2nd Ave, Houston, NC 90512"
Jessica J. Brown,jessica.brown65@example.com,"1513 Main St, San Diego, IL 22397"
Emily J. Johnson,emily.johnson24@mailservice.com,"7836 Elm St, New York, AZ 34767"
Jane B. Johnson,jane.johnson43@testmail.com,"9561 Oak Dr, San Jose, CA 74115"
Emily J. Miller,emily.miller78@myemail.org,"4921 Cedar Rd, Houston, GA 59904"
William C. Garcia,william.garcia50@myemail.org,"870 Elm St, Los Angeles, NC 81678"
Emily G. Jones,emily.jones86@mailservice.com,"6501 Pine St, San Diego, TX 22401"
John I. Smith,john.smith65@fakemail.net,"5930 Main St, Philadelphia, OH 19477"
Michael J. Jones,michael.jones17@mailservice.com,"255 Cedar Rd, New York, AZ 58586"
Jane H. Brown,jane.brown32@myemail.org,"5485 Main St, San Jose, OH 78303"
David G. Rodriguez,david.rodriguez47@myemail.org,"8013 Oak Dr, San Jose, NC 38063"
John G. Johnson,john.johnson35@mailservice.com,"1314 Broadway, Los Angeles, CA 31771"
Robert F. Smith,robert.smith23@testmail.com,"7109 Willow Ln, Houston, AZ 19343"
Sarah E. Garcia,sarah.garcia41@mailservice.com,"4557 Willow Ln, San Diego, PA 39654"
William F. Garcia,william.garcia85@testmail.com,"3737 Pine St, San Diego, NC 14090"
Linda G. Williams,linda.williams14@myemail.org,"6699 Broadway, Philadelphia, TX 75574"
Robert E. Miller,robert.miller90@fakemail.net,"3664 Maple Ave, Chicago, IL 94191"
Sarah J. Miller,sarah.miller91@testmail.com,"355 Willow Ln, New York, FL 17942"
Emily H. Miller,emily.miller31@myemail.org,"8151 Broadway, Chicago, OH 24462"
William C. Brown,william.brown63@testmail.com,"1297 Pine St, Chicago, NY 42040"
Sarah J. Williams,sarah.williams35@fakemail.net,"4201 Willow Ln, San Antonio, IL 20117"
Linda I. Jones,linda.jones74@mailservice.com,"6953 Oak Dr, San Jose, AZ 45707"
Michael A. Martinez,michael.martinez14@myemail.org,"8406 Pine St, Los Angeles, FL 76001"
Robert J. Davis,robert.davis28@testmail.com,"6788 Main St, San Jose, NC 63993"
William H. Miller,william.miller79@testmail.com,"2563 Maple Ave, Dallas, PA 98806"
Michael F. Brown,michael.brown45@fakemail.net,"3514 Broadway, Houston, NC 12924"
John G. Davis,john.davis73@fakemail.net,"8442 Willow Ln, Philadelphia, AZ 55607"
Robert H. Martinez,robert.martinez33@myemail.org,"1959 Oak Dr, Chicago, OH 22772"
Linda A. Smith,linda.smith24@example.com,"946 Pine St, Houston, OH 86085"
Emily G. Williams,emily.williams76@myemail.org,"8672 Elm St, Phoenix, PA 37292"
Linda I. Miller,linda.miller95@myemail.org,"1407 Pine St, Los Angeles, GA 47986"
John J. Davis,john.davis11@example.com,"6703 Willow Ln, Phoenix, IL 58107"
Jessica I. Jones,jessica.jones29@mailservice.com,"788 2nd Ave, Dallas, NC 67139"
David D. Martinez,david.martinez89@fakemail.net,"7061 Maple Ave, Phoenix, TX 19733"
Jane D. Rodriguez,jane.rodriguez51@myemail.org,"7257 Main St, Phoenix, NY 45728"
Sarah C. Rodriguez,sarah.rodriguez47@mailservice.com,"8110 Main St, Philadelphia, PA 59996"
Michael G. Smith,michael.smith40@fakemail.net,"1532 Sunset Blvd, Los Angeles, NC 55882"
Jane F. Jones,jane.jones20@myemail.org,"6630 Sunset Blvd, Phoenix, TX 99775"
Linda A. Smith,linda.smith10@testmail.com,"7858 Broadway, San Diego, PA 93283"
Linda  Williams,linda.williams49@testmail.com,"5300 Oak Dr, Houston, IL 33602"
William A. Davis,william.davis36@example.com,"9796 Sunset Blvd, Los Angeles, AZ 54250"
Michael G. Johnson,michael.johnson37@fakemail.net,"606 2nd Ave, Houston, IL 45457"
Emily D. Martinez,emily.martinez68@fakemail.net,"4664 Elm St, New York, AZ 78746"
Jessica J. Williams,jessica.williams72@myemail.org,"8628 Cedar Rd, San Antonio, FL 47229"
Sarah B. Jones,sarah.jones23@testmail.com,"503 2nd Ave, Los Angeles, FL 45811"
Sarah A. Williams,sarah.williams52@testmail.com,"6504 Maple Ave, Phoenix, AZ 44726"
Jessica G. Miller,jessica.miller49@mailservice.com,"3070 Cedar Rd, Houston, NY 35410"
Linda J. Johnson,linda.johnson37@example.com,"7565 2nd Ave, Phoenix, CA 82154"
David E. Martinez,david.martinez26@testmail.com,"8803 2nd Ave, San Antonio, AZ 54446"
Emily E. Williams,emily.williams70@fakemail.net,"1939 Main St, Los Angeles, NY 42418"
Sarah J. Garcia,sarah.garcia37@fakemail.net,"6230 Cedar Rd, Houston, PA 91985"
Michael I. Brown,michael.brown38@fakemail.net,"1463 2nd Ave, San Jose, NC 66107"
Sarah J. Miller,sarah.miller21@testmail.com,"2036 Main St, New York, OH 78617"
Linda I. Williams,linda.williams17@example.com,"9871 Oak Dr, San Antonio, OH 59909"
Linda G. Smith,linda.smith37@fakemail.net,"7742 2nd Ave, San Diego, TX 34025"
Jane D. Martinez,jane.martinez45@fakemail.net,"9128 Main St, Chicago, OH 19102"
Jane A. Martinez,jane.martinez89@example.com,"9374 Maple Ave, New York, PA 71594"
William F. Martinez,william.martinez99@testmail.com,"7091 Elm St, Houston, FL 15899"
David C. Martinez,david.martinez11@mailservice.com,"9923 Main St, Chicago, CA 75817"
Emily G. Williams,emily.williams13@example.com,"981 Pine St, Los Angeles, GA 82547"
John G. Brown,john.brown78@example.com,"6282 Pine St, Dallas, TX 48337"
Jessica  Martinez,jessica.martinez85@testmail.com,"1758 Maple Ave, Houston, FL 61516"
David I. Miller,david.miller51@testmail.com,"7495 Oak Dr, San Antonio, NY 48915"
Linda A. Brown,linda.brown96@fakemail.net,"4504 Maple Ave, Houston, GA 17707"
David I. Smith,david.smith65@example.com,"8278 Oak Dr, Phoenix, NC 54056"
Robert F. Martinez,robert.martinez62@myemail.org,"3008 Maple Ave, Dallas, GA 20075"
John  Garcia,john.garcia93@mailservice.com,"9171 Pine St, Houston, GA 66475"
David D. Smith,david.smith59@mailservice.com,"9617 Sunset Blvd, Phoenix, PA 65599"
John H. Jones,john.jones23@fakemail.net,"291 Pine St, Los Angeles, OH 57828"
Emily F. Smith,emily.smith73@fakemail.net,"4483 Oak Dr, New York, TX 61897"
Jane H. Davis,jane.davis86@testmail.com,"8994 Sunset Blvd, Chicago, NY 95347"
Michael H. Williams,michael.williams84@testmail.com,"2543 Willow Ln, Dallas, CA 26671"
William  Rodriguez,william.rodriguez28@testmail.com,"8061 Pine St, Los Angeles, PA 80092"
David A. Miller,david.miller48@fakemail.net,"8212 Broadway, San Jose, FL 37332"
Sarah D. Brown,sarah.brown70@fakemail.net,"8034 Pine St, Phoenix, NC 50564"
Linda C. Williams,linda.williams68@testmail.com,"8416 Main St, Philadelphia, NC 75676"
John F. Garcia,john.garcia98@testmail.com,"155 Sunset Blvd, Dallas, GA 52003"
Sarah  Williams,sarah.williams27@mailservice.com,"6655 Elm St, San Diego, FL 71791"
Michael E. Jones,michael.jones28@mailservice.com,"1611 Elm St, Los Angeles, CA 25870"
Michael H. Jones,michael.jones64@example.com,"1123 Maple Ave, Los Angeles, CA 60799"
David J. Johnson,david.johnson67@fakemail.net,"4555 Sunset Blvd, New York, TX 35410"
William B. Rodriguez,william.rodriguez17@example.com,"1018 Oak Dr, Phoenix, TX 35014"
Jessica D. Johnson,jessica.johnson20@example.com,"1511 Pine St, Dallas, IL 27821"
William G. Johnson,william.johnson87@example.com,"5421 Elm St, San Antonio, NC 55878"
Jessica J. Davis,jessica.davis56@example.com,"3115 Sunset Blvd, San Diego, OH 87237"
Sarah G. Garcia,sarah.garcia66@testmail.com,"4479 Elm St, San Jose, GA 87729"
Emily J. Davis,emily.davis74@mailservice.com,"6622 Sunset Blvd, Los Angeles, FL 44965"
William H. Rodriguez,william.rodriguez60@example.com,"6420 2nd Ave, Houston, FL 25808"
Emily E. Williams,emily.williams91@myemail.org,"4344 Pine St, Los Angeles, TX 57055"
Emily D. Rodriguez,emily.rodriguez15@testmail.com,"803 2nd Ave, Houston, PA 65399"
Michael E. Miller,michael.miller54@testmail.com,"1229 Sunset Blvd, San Jose, OH 69583"
Michael C. Williams,michael.williams39@fakemail.net,"2656 Willow Ln, San Diego, GA 57629"
Sarah J. Johnson,sarah.johnson87@mailservice.com,"6780 Sunset Blvd, San Jose, PA 82959"
Robert F. Brown,robert.brown38@myemail.org,"6412 Maple Ave, San Diego, NC 34789"
Michael I. Johnson,michael.johnson55@fakemail.net,"4411 Sunset Blvd, San Antonio, FL 74975"
Jessica B. Rodriguez,jessica.rodriguez10@example.com,"1225 2nd Ave, Philadelphia, NC 35353"
Sarah H. Martinez,sarah.martinez55@mailservice.com,"9262 Willow Ln, Dallas, PA 96862"
Jessica E. Martinez,jessica.martinez59@myemail.org,"7885 Main St, San Jose, FL 60069"
Michael A. Smith,michael.smith37@example.com,"1987 Oak Dr, Houston, AZ 37305"
Emily H. Garcia,emily.garcia36@mailservice.com,"128 Maple Ave, New York, NC 56284"
Jane H. Jones,jane.jones75@testmail.com,"9915 Cedar Rd, Los Angeles, NC 63951"
David  Smith,david.smith73@testmail.com,"1213 Pine St, Phoenix, GA 71149"
John H. Johnson,john.johnson16@mailservice.com,"9899 Willow Ln, Chicago, OH 43401"
Jessica B. Rodriguez,jessica.rodriguez97@testmail.com,"4660 Sunset Blvd, Philadelphia, FL 18465"
Jessica D. Johnson,jessica.johnson84@fakemail.net,"7326 Oak Dr, Chicago, AZ 24679"
David H. Martinez,david.martinez19@fakemail.net,"9674 2nd Ave, Phoenix, FL 56567"
Sarah I. Smith,sarah.smith12@myemail.org,"7350 Cedar Rd, New York, IL 37114"
Sarah A. Brown,sarah.brown78@example.com,"2896 Broadway, New York, FL 30447"
Linda H. Johnson,linda.johnson14@fakemail.net,"8677 Willow Ln, Phoenix, NC 77153"
Jane G. Johnson,jane.johnson93@myemail.org,"8059 Maple Ave, New York, FL 18451"
John C. Garcia,john.garcia90@fakemail.net,"4739 Pine St, Los Angeles, FL 41712"
David  Martinez,david.martinez52@fakemail.net,"4761 Cedar Rd, San Diego, NY 49396"
Robert D. Miller,robert.miller73@myemail.org,"8536 Oak Dr, Los Angeles, CA 14142"
Jessica F. Martinez,jessica.martinez37@example.com,"4258 Broadway, Philadelphia, FL 54684"
John A. Miller,john.miller35@testmail.com,"6569 Broadway, Philadelphia, GA 96225"
Emily E. Jones,emily.jones58@example.com,"8603 Main St, San Diego, AZ 48234"
Jane D. Brown,jane.brown41@fakemail.net,"2226 Maple Ave, San Jose, PA 20268"
Linda F. Martinez,linda.martinez39@mailservice.com,"834 Broadway, Philadelphia, AZ 49979"
Jessica D. Brown,jessica.brown82@myemail.org,"9556 Pine St, Chicago, NY 69278"
David C. Martinez,david.martinez16@example.com,"3522 Broadway, Philadelphia, GA 50283"
Robert J. Williams,robert.williams79@myemail.org,"4062 Oak Dr, San Diego, IL 67264"
John J. Martinez,john.martinez51@example.com,"5873 Maple Ave, San Jose, GA 91286"
David E. Jones,david.jones12@example.com,"9954 Willow Ln, Philadelphia, NC 34912"
John F. Smith,john.smith96@fakemail.net,"9897 Cedar Rd, Los Angeles, TX 30319"
Sarah C. Williams,sarah.williams16@mailservice.com,"9964 Cedar Rd, San Diego, TX 18561"
William C. Rodriguez,william.rodriguez37@fakemail.net,"3039 2nd Ave, Phoenix, AZ 62495"
Emily I. Garcia,emily.garcia99@myemail.org,"8524 Willow Ln, Chicago, AZ 49864"
William G. Miller,william.miller10@fakemail.net,"6704 Sunset Blvd, Los Angeles, CA 38796"
Sarah H. Rodriguez,sarah.rodriguez74@mailservice.com,"7605 Cedar Rd, Houston, NY 78432"
Jessica F. Smith,jessica.smith82@mailservice.com,"5149 Maple Ave, New York, IL 46133"
Robert H. Miller,robert.miller95@testmail.com,"7025 2nd Ave, Philadelphia, TX 86480"
Michael  Davis,michael.davis46@testmail.com,"1856 Pine St, San Jose, AZ 15987"
John B. Garcia,john.garcia75@example.com,"6737 Oak Dr, San Diego, TX 18362"
David G. Brown,david.brown25@fakemail.net,"4811 Oak Dr, San Antonio, GA 54793"
Michael F. Garcia,michael.garcia13@example.com,"4931 Maple Ave, Houston, TX 12805"
John H. Rodriguez,john.rodriguez96@example.com,"5667 Main St, Los Angeles, FL 84318"
William J. Jones,william.jones45@mailservice.com,"1167 Main St, Los Angeles, NY 43736"
Emily F. Miller,emily.miller25@fakemail.net,"2676 Oak Dr, Houston, TX 50850"
William A. Martinez,william.martinez55@mailservice.com,"7238 Sunset Blvd, New York, IL 78540"
Michael  Jones,michael.jones61@example.com,"6345 2nd Ave, Phoenix, OH 65780"
David B. Smith,david.smith66@mailservice.com,"9534 Elm St, Phoenix, PA 15892"
John F. Rodriguez,john.rodriguez45@myemail.org,"3915 Pine St, San Antonio, GA 10058"
William F. Smith,william.smith12@fakemail.net,"8603 Broadway, Houston, IL 16014"
David I. Rodriguez,david.rodriguez30@mailservice.com,"1845 Main St, Philadelphia, NC 91513"
John H. Martinez,john.martinez91@testmail.com,"1076 Oak Dr, San Jose, AZ 59640"
David G. Martinez,david.martinez92@testmail.com,"1631 Sunset Blvd, Phoenix, OH 55219"
Sarah F. Rodriguez,sarah.rodriguez50@example.com,"8427 2nd Ave, Phoenix, NY 31596"
Emily J. Davis,emily.davis78@example.com,"9137 Main St, New York, IL 55382"
John D. Brown,john.brown43@mailservice.com,"3716 Cedar Rd, Chicago, GA 39629"
Emily C. Martinez,emily.martinez27@testmail.com,"9433 Oak Dr, San Diego, FL 66574"
David B. Smith,david.smith33@fakemail.net,"8005 Broadway, San Antonio, FL 98606"
John J. Miller,john.miller89@myemail.org,"2140 Willow Ln, New York, NC 54513"
Emily A. Williams,emily.williams45@mailservice.com,"3405 Broadway, San Jose, TX 87051"
Sarah B. Williams,sarah.williams46@mailservice.com,"1601 Cedar Rd, Chicago, NC 85370"
William  Johnson,william.johnson94@mailservice.com,"1857 Sunset Blvd, San Diego, NC 15042"
William G. Johnson,william.johnson22@example.com,"9120 Main St, San Antonio, AZ 22440"
William J. Williams,william.williams27@myemail.org,"9250 Pine St, Los Angeles, AZ 73033"
Michael J. Smith,michael.smith40@fakemail.net,"1089 Elm St, San Diego, NY 68032"
Jessica E. Williams,jessica.williams19@mailservice.com,"2799 Main St, Philadelphia, NY 11046"
John H. Johnson,john.johnson77@mailservice.com,"4639 Elm St, San Diego, PA 15164"
Emily F. Brown,emily.brown24@testmail.com,"4449 Broadway, Philadelphia, TX 51786"
David G. Williams,david.williams45@testmail.com,"2574 Willow Ln, Philadelphia, GA 33134"
Jane E. Garcia,jane.garcia32@myemail.org,"155 Maple Ave, Philadelphia, IL 12988"
William E. Rodriguez,william.rodriguez93@fakemail.net,"9825 Elm St, San Jose, PA 53664"
Jane D. Garcia,jane.garcia86@mailservice.com,"5108 Maple Ave, Phoenix, IL 94916"
Sarah I. Miller,sarah.miller61@example.com,"5782 Elm St, San Antonio, CA 24696"
William H. Miller,william.miller94@mailservice.com,"9130 Oak Dr, Chicago, GA 23717"
Linda D. Johnson,linda.johnson66@example.com,"4159 Pine St, Philadelphia, NC 19000"
Jane B. Rodriguez,jane.rodriguez30@testmail.com,"1534 Willow Ln, San Diego, FL 18349"
Emily A. Martinez,emily.martinez30@fakemail.net,"1823 Main St, Houston, CA 98137"
Michael D. Garcia,michael.garcia94@example.com,"4572 Maple Ave, San Diego, AZ 15790"
John B. Johnson,john.johnson98@fakemail.net,"9426 Main St, Dallas, AZ 49142"
John H. Martinez,john.martinez24@testmail.com,"3726 Pine St, New York, PA 10656"
John F. Smith,john.smith96@myemail.org,"4942 Maple Ave, San Antonio, NY 26075"
Jessica D. Miller,jessica.miller82@example.com,"9201 Sunset Blvd, San Antonio, AZ 21881"
Robert D. Rodriguez,robert.rodriguez35@testmail.com,"4207 Elm St, Philadelphia, FL 38009"
John I. Brown,john.brown71@myemail.org,"8648 Elm St, Dallas, AZ 61644"
Michael C. Smith,michael.smith81@fakemail.net,"2292 Maple Ave, San Jose, OH 10182"
Sarah D. Smith,sarah.smith55@testmail.com,"5714 Cedar Rd, Los Angeles, IL 33948"
Linda E. Jones,linda.jones34@fakemail.net,"7407 Main St, Houston, FL 89264"
Sarah B. Brown,sarah.brown86@example.com,"197 Sunset Blvd, Philadelphia, AZ 24694"
Jessica I. Johnson,jessica.johnson66@fakemail.net,"3313 Oak Dr, San Antonio, NY 89616"
Emily J. Smith,emily.smith62@mailservice.com,"6362 Pine St, Los Angeles, IL 48398"
Robert F. Miller,robert.miller95@myemail.org,"9281 Main St, Los Angeles, PA 26913"
Robert C. Martinez,robert.martinez72@fakemail.net,"5998 2nd Ave, Philadelphia, AZ 46624"
David I. Martinez,david.martinez65@fakemail.net,"6558 Cedar Rd, New York, AZ 89647"
William J. Williams,william.williams84@mailservice.com,"529 Oak Dr, Los Angeles, NY 26678"
Michael E. Williams,michael.williams21@testmail.com,"148 Main St, San Diego, PA 24165"
David A. Williams,david.williams54@myemail.org,"8516 Willow Ln, Houston, CA 75768"
Michael  Miller,michael.miller53@example.com,"1226 Willow Ln, Philadelphia, NC 12879"
Emily D. Smith,emily.smith47@mailservice.com,"8279 Cedar Rd, Philadelphia, CA 45457"
Emily G. Smith,emily.smith11@fakemail.net,"7100 Sunset Blvd, San Diego, AZ 86090"
Sarah J. Martinez,sarah.martinez45@mailservice.com,"6921 Elm St, San Jose, FL 74283"
Sarah  Smith,sarah.smith19@example.com,"5837 Cedar Rd, Philadelphia, GA 44488"
John G. Smith,john.smith42@myemail.org,"2558 Pine St, San Antonio, FL 27787"
John D. Davis,john.davis41@myemail.org,"1135 Maple Ave, San Diego, PA 74495"
Jessica A. Jones,jessica.jones47@fakemail.net,"6590 Cedar Rd, San Diego, GA 15197"
David H. Jones,david.jones21@myemail.org,"7391 Elm St, San Diego, CA 26367"
Robert E. Martinez,robert.martinez59@testmail.com,"924 Pine St, Houston, PA 34900"
Michael F. Williams,michael.williams90@testmail.com,"1574 Main St, Philadelphia, AZ 62724"
David B. Davis,david.davis61@mailservice.com,"3951 Cedar Rd, Chicago, OH 93409"
Sarah G. Williams,sarah.williams71@fakemail.net,"8057 Main St, Philadelphia, TX 59056"
John J. Brown,john.brown25@fakemail.net,"4600 Cedar Rd, Houston, PA 77824"
Emily A. Smith,emily.smith75@mailservice.com,"2795 Oak Dr, Los Angeles, PA 66784"
Jane C. Davis,jane.davis22@myemail.org,"8117 Pine St, Houston, PA 48732"
John F. Miller,john.miller60@testmail.com,"5221 Maple Ave, San Antonio, CA 15708"
Emily B. Brown,emily.brown78@fakemail.net,"2111 Oak Dr, San Jose, NY 19681"
Michael E. Martinez,michael.martinez14@mailservice.com,"8934 Elm St, Chicago, IL 97018"
Jane G. Martinez,jane.martinez84@example.com,"5754 Maple Ave, New York, IL 50658"
Jessica I. Brown,jessica.brown77@example.com,"3066 Cedar Rd, Phoenix, GA 97873"
Michael J. Jones,michael.jones25@mailservice.com,"1032 Pine St, Chicago, CA 25688"
Linda B. Williams,linda.williams63@myemail.org,"972 Willow Ln, Houston, NC 47503"
Linda B. Martinez,linda.martinez53@testmail.com,"7742 Broadway, San Diego, FL 18111"
David B. Martinez,david.martinez89@fakemail.net,"5343 Cedar Rd, Dallas, CA 51180"
David E. Johnson,david.johnson78@myemail.org,"6661 Sunset Blvd, Houston, OH 84053"
Michael E. Williams,michael.williams95@mailservice.com,"1764 Elm St, San Antonio, AZ 40812"
David C. Miller,david.miller48@myemail.org,"9418 Sunset Blvd, Dallas, FL 46010"
Emily  Brown,emily.brown48@myemail.org,"9452 Cedar Rd, Chicago, GA 43275"
Robert E. Jones,robert.jones58@mailservice.com,"1879 Oak Dr, Chicago, IL 61550"
David C. Miller,david.miller98@testmail.com,"4554 Broadway, Philadelphia, TX 18782"
Sarah H. Garcia,sarah.garcia20@fakemail.net,"7760 Broadway, Phoenix, IL 13842"
Jessica A. Smith,jessica.smith16@example.com,"4206 Cedar Rd, Dallas, FL 73057"
David F. Smith,david.smith66@fakemail.net,"7482 Cedar Rd, Chicago, IL 36690"
Linda  Smith,linda.smith31@example.com,"907 Cedar Rd, New York, CA 41731"
John E. Davis,john.davis82@mailservice.com,"9856 Pine St, San Diego, AZ 16241"
William A. Rodriguez,william.rodriguez29@example.com,"397 Broadway, New York, IL 84866"
Robert H. Garcia,robert.garcia58@myemail.org,"4992 Broadway, San Diego, FL 20215"
Sarah  Smith,sarah.smith34@mailservice.com,"6130 Cedar Rd, Phoenix, GA 41777"
David  Martinez,david.martinez21@mailservice.com,"2847 Pine St, San Antonio, FL 55882"
David F. Williams,david.williams32@fakemail.net,"7089 Broadway, Dallas, GA 43615"
William H. Garcia,william.garcia20@mailservice.com,"7057 2nd Ave, San Diego, NY 55878"
David C. Rodriguez,david.rodriguez34@myemail.org,"8527 Willow Ln, Houston, FL 24302"
Emily D. Garcia,emily.garcia28@testmail.com,"4968 Elm St, Chicago, GA 78887"
Emily F. Garcia,emily.garcia29@example.com,"3999 2nd Ave, San Jose, PA 23176"
Michael G. Williams,michael.williams67@example.com,"4286 Willow Ln, San Jose, FL 34319"
William J. Martinez,william.martinez69@myemail.org,"2180 Elm St, Dallas, IL 29439"
Michael E. Johnson,michael.johnson64@example.com,"7427 Elm St, Dallas, TX 97036"
Jessica I. Garcia,jessica.garcia78@testmail.com,"786 2nd Ave, Los Angeles, GA 89022"
John  Davis,john.davis25@example.com,"9138 Main St, Philadelphia, NC 88609"
Jane C. Smith,jane.smith56@example.com,"3029 Elm St, Chicago, TX 91825"
Jane J. Smith,jane.smith95@example.com,"1587 Maple Ave, Philadelphia, GA 71160"
Linda A. Garcia,linda.garcia89@testmail.com,"4290 Cedar Rd, Los Angeles, FL 42012"
Linda G. Jones,linda.jones99@mailservice.com,"596 Pine St, New York, AZ 10042"
Emily B. Johnson,emily.johnson28@example.com,"130 Maple Ave, Chicago, NC 15349"
Linda I. Brown,linda.brown54@fakemail.net,"6989 Willow Ln, New York, NY 91426"
Jane  Jones,jane.jones38@fakemail.net,"8001 Broadway, Phoenix, OH 61178"
William B. Brown,william.brown28@testmail.com,"2612 Cedar Rd, Phoenix, AZ 95750"
Michael E. Brown,michael.brown59@mailservice.com,"6119 Cedar Rd, Los Angeles, GA 70435"
Jessica G. Jones,jessica.jones93@fakemail.net,"2190 Elm St, Philadelphia, NC 47664"
William I. Davis,william.davis56@fakemail.net,"2372 2nd Ave, Los Angeles, AZ 23042"
Jessica F. Rodriguez,jessica.rodriguez93@mailservice.com,"5771 Maple Ave, Los Angeles, PA 26826"
Linda G. Jones,linda.jones19@mailservice.com,"4597 2nd Ave, New York, AZ 17878"
Jessica I. Garcia,jessica.garcia92@myemail.org,"5626 Broadway, Houston, NY 50761"
Jane F. Johnson,jane.johnson89@testmail.com,"8594 Main St, Houston, CA 32559"
Sarah D. Jones,sarah.jones65@myemail.org,"7498 Cedar Rd, Phoenix, TX 97131"
Linda G. Miller,linda.miller53@testmail.com,"3950 Pine St, Houston, AZ 13551"
Jessica D. Martinez,jessica.martinez84@myemail.org,"1041 Main St, Phoenix, FL 10934"
Linda F. Garcia,linda.garcia60@testmail.com,"5614 2nd Ave, Philadelphia, GA 20928"
Emily E. Smith,emily.smith83@example.com,"3232 Maple Ave, Los Angeles, NY 10970"
Emily G. Rodriguez,emily.rodriguez83@fakemail.net,"8815 Cedar Rd, Houston, IL 35037"
Jessica B. Jones,jessica.jones27@myemail.org,"8717 Sunset Blvd, San Diego, NY 56937"
Sarah C. Davis,sarah.davis70@myemail.org,"7046 Cedar Rd, Philadelphia, IL 70581"
Jane H. Garcia,jane.garcia33@testmail.com,"3732 Elm St, Dallas, NY 65127"
David A. Garcia,david.garcia91@mailservice.com,"3835 Main St, Los Angeles, NY 41852"
Jessica D. Garcia,jessica.garcia53@myemail.org,"7107 Oak Dr, Phoenix, IL 33685"
Linda D. Smith,linda.smith23@example.com,"4651 Willow Ln, San Diego, CA 34047"
Michael A. Jones,michael.jones36@testmail.com,"3991 2nd Ave, Chicago, TX 70288"
William A. Brown,william.brown76@myemail.org,"4179 Sunset Blvd, Houston, CA 43736"
Emily I. Garcia,emily.garcia49@testmail.com,"298 Maple Ave, Phoenix, TX 36125"
William D. Martinez,william.martinez71@myemail.org,"5561 Willow Ln, Houston, GA 12517"
Michael D. Jones,michael.jones35@testmail.com,"1229 Pine St, Houston, AZ 51202"
Robert J. Davis,robert.davis24@example.com,"7036 Pine St, Dallas, AZ 34778"
Robert E. Davis,robert.davis37@fakemail.net,"5236 Oak Dr, Dallas, CA 29785"
Jane D. Brown,jane.brown75@testmail.com,"4671 Elm St, San Jose, TX 14305"
David  Jones,david.jones39@myemail.org,"765 Willow Ln, San Jose, CA 36218"
Robert G. Rodriguez,robert.rodriguez43@fakemail.net,"4152 Oak Dr, Philadelphia, PA 34129"
John I. Jones,john.jones83@myemail.org,"7308 Sunset Blvd, Los Angeles, GA 68747"
Michael E. Jones,michael.jones54@fakemail.net,"4886 Pine St, Los Angeles, NY 91364"
William F. Garcia,william.garcia78@testmail.com,"758 Cedar Rd, Chicago, PA 62794"
Michael F. Garcia,michael.garcia77@mailservice.com,"1821 Main St, Phoenix, OH 26815"
Michael A. Rodriguez,michael.rodriguez70@fakemail.net,"3061 Broadway, Dallas, OH 79682"
David A. Johnson,david.johnson67@example.com,"2687 Sunset Blvd, Philadelphia, NC 78983"
Jane E. Miller,jane.miller80@fakemail.net,"5349 Broadway, San Antonio, CA 71537"
Emily B. Garcia,emily.garcia52@testmail.com,"5237 Pine St, New York, FL 20453"
Michael B. Brown,michael.brown78@fakemail.net,"652 Maple Ave, Philadelphia, FL 82307"
Robert E. Garcia,robert.garcia88@mailservice.com,"3452 Pine St, San Antonio, AZ 56671"
Jessica E. Smith,jessica.smith75@example.com,"4442 Elm St, Philadelphia, FL 18608"
John D. Jones,john.jones37@testmail.com,"1675 2nd Ave, San Antonio, OH 77737"
Emily E. Johnson,emily.johnson78@myemail.org,"767 Maple Ave, Los Angeles, CA 48824"
John G. Rodriguez,john.rodriguez95@testmail.com,"8981 Oak Dr, San Jose, CA 39426"
David H. Miller,david.miller29@example.com,"3792 Cedar Rd, Phoenix, FL 14598"
Linda  Rodriguez,linda.rodriguez78@mailservice.com,"7684 Main St, Chicago, PA 45652"
William F. Rodriguez,william.rodriguez42@fakemail.net,"4751 Cedar Rd, Chicago, NY 68442"
Linda  Rodriguez,linda.rodriguez58@testmail.com,"893 2nd Ave, Dallas, AZ 64842"
Michael A. Brown,michael.brown41@myemail.org,"6289 2nd Ave, Chicago, NC 82703"
Jessica I. Smith,jessica.smith22@myemail.org,"6317 Maple Ave, Phoenix, OH 51420"
John B. Williams,john.williams59@mailservice.com,"2561 Oak Dr, San Diego, TX 79342"
Linda E. Williams,linda.williams47@example.com,"7835 Oak Dr, Los Angeles, OH 57943"
John A. Smith,john.smith67@mailservice.com,"9217 Elm St, Philadelphia, AZ 23318"
Linda A. Martinez,linda.martinez19@fakemail.net,"3030 Elm St, Chicago, GA 66457"
Linda J. Miller,linda.miller33@example.com,"7932 Main St, Philadelphia, GA 41795"
Michael C. Miller,michael.miller70@fakemail.net,"8969 Pine St, Philadelphia, NY 99896"
Emily C. Williams,emily.williams45@example.com,"7674 Broadway, San Antonio, PA 70034"
Linda E. Brown,linda.brown61@mailservice.com,"6553 Pine St, New York, AZ 19501"
David  Martinez,david.martinez45@example.com,"1947 Main St, Chicago, GA 64586"
Sarah C. Williams,sarah.williams91@testmail.com,"7894 Maple Ave, San Antonio, IL 47184"
Jane G. Garcia,jane.garcia24@myemail.org,"163 2nd Ave, San Jose, PA 86109"
Linda H. Smith,linda.smith60@myemail.org,"8008 Pine St, New York, AZ 41514"
Sarah A. Smith,sarah.smith77@myemail.org,"9478 Main St, San Antonio, NC 77708"
Sarah C. Martinez,sarah.martinez74@mailservice.com,"9055 Sunset Blvd, Phoenix, TX 98958"
Sarah E. Jones,sarah.jones89@fakemail.net,"5285 Oak Dr, Dallas, PA 60498"
William G. Williams,william.williams26@myemail.org,"3567 Oak Dr, San Jose, PA 61176"
John I. Williams,john.williams25@example.com,"8744 Pine St, Dallas, OH 45566"
Jane B. Smith,jane.smith79@myemail.org,"614 Maple Ave, Phoenix, GA 83537"
Linda I. Williams,linda.williams15@fakemail.net,"9760 Main St, Houston, GA 68159"
Linda D. Jones,linda.jones83@fakemail.net,"6968 2nd Ave, Dallas, NY 98028"
John  Garcia,john.garcia36@myemail.org,"9142 Sunset Blvd, Chicago, AZ 62431"
Emily A. Williams,emily.williams89@myemail.org,"6113 2nd Ave, Dallas, PA 70763"
Robert H. Rodriguez,robert.rodriguez78@testmail.com,"1304 Cedar Rd, Los Angeles, AZ 79742"
Emily H. Garcia,emily.garcia20@myemail.org,"4019 Elm St, San Antonio, TX 62470"
Michael B. Garcia,michael.garcia52@fakemail.net,"9016 Willow Ln, San Diego, PA 78750"
Linda A. Smith,linda.smith37@myemail.org,"4594 Cedar Rd, San Jose, NC 52525"
Sarah B. Davis,sarah.davis81@example.com,"6285 Elm St, Chicago, NC 87436"
Jessica H. Brown,jessica.brown93@fakemail.net,"4931 Willow Ln, Phoenix, TX 14151"
Jane E. Williams,jane.williams93@myemail.org,"1310 Cedar Rd, Chicago, AZ 10620"
Linda  Williams,linda.williams93@example.com,"8601 Elm St, Phoenix, CA 56671"
Michael E. Williams,michael.williams88@mailservice.com,"6888 Main St, Houston, IL 97665"
Jane G. Williams,jane.williams99@fakemail.net,"8077 Willow Ln, New York, NC 38213"
Jane G. Rodriguez,jane.rodriguez50@mailservice.com,"3927 Broadway, Dallas, NY 20903"
Jane C. Jones,jane.jones22@example.com,"7078 Main St, San Diego, NC 96326"
Linda G. Miller,linda.miller99@myemail.org,"7397 Cedar Rd, Philadelphia, CA 54571"
Linda B. Rodriguez,linda.rodriguez89@mailservice.com,"5046 Broadway, Los Angeles, TX 69093"
Michael C. Jones,michael.jones74@mailservice.com,"4873 Willow Ln, Los Angeles, AZ 55160"
Michael  Johnson,michael.johnson65@fakemail.net,"3636 Sunset Blvd, Houston, NC 61291"
Emily G. Johnson,emily.johnson49@testmail.com,"1141 Sunset Blvd, San Jose, NY 21565"
Sarah I. Johnson,sarah.johnson27@myemail.org,"2546 Sunset Blvd, New York, FL 34085"
Sarah C. Smith,sarah.smith65@myemail.org,"6292 Maple Ave, Dallas, TX 23832"
William F. Williams,william.williams42@myemail.org,"9732 Main St, Los Angeles, FL 99511"
Michael F. Williams,michael.williams92@mailservice.com,"9487 Elm St, Houston, AZ 49739"
Robert D. Martinez,robert.martinez48@myemail.org,"836 Pine St, San Antonio, IL 47066"
David F. Smith,david.smith54@myemail.org,"5994 Sunset Blvd, Phoenix, IL 64988"
Linda F. Brown,linda.brown63@mailservice.com,"1943 2nd Ave, Dallas, PA 16323"
Michael G. Rodriguez,michael.rodriguez76@myemail.org,"7154 Willow Ln, Los Angeles, AZ 62572"
Emily B. Davis,emily.davis29@fakemail.net,"9161 Main St, Houston, CA 49793"
John A. Williams,john.williams67@fakemail.net,"8618 Maple Ave, New York, GA 51936"
Emily H. Williams,emily.williams73@fakemail.net,"7998 Cedar Rd, New York, OH 76467"
Linda  Johnson,linda.johnson81@myemail.org,"3859 2nd Ave, Los Angeles, AZ 62543"
David B. Smith,david.smith95@fakemail.net,"294 Main St, Chicago, FL 98166"
Sarah E. Garcia,sarah.garcia30@myemail.org,"7562 Broadway, Chicago, NY 42461"
Robert C. Garcia,robert.garcia80@fakemail.net,"5800 Broadway, Chicago, TX 41968"
Emily C. Brown,emily.brown62@fakemail.net,"5112 Elm St, Phoenix, AZ 64483"
Jessica C. Miller,jessica.miller36@fakemail.net,"7951 Maple Ave, Dallas, NY 39898"
Michael G. Miller,michael.miller21@fakemail.net,"2350 Pine St, San Jose, TX 13896"
Michael H. Johnson,michael.johnson30@myemail.org,"9705 Broadway, San Diego, IL 43143"
Sarah G. Miller,sarah.miller54@example.com,"6697 Elm St, Chicago, FL 41502"
John E. Johnson,john.johnson55@example.com,"4704 Cedar Rd, Houston, IL 72342"
Linda J. Williams,linda.williams28@fakemail.net,"364 Pine St, New York, NC 41784"
Michael F. Garcia,michael.garcia59@fakemail.net,"9676 Elm St, Houston, CA 99847"
William D. Martinez,william.martinez20@testmail.com,"5125 Cedar Rd, Dallas, FL 80033"
Jane H. Garcia,jane.garcia67@fakemail.net,"1314 Pine St, Philadelphia, AZ 11421"
Robert I. Smith,robert.smith99@example.com,"3102 2nd Ave, New York, NY 74820"
Robert I. Jones,robert.jones76@mailservice.com,"155 Pine St, San Antonio, AZ 72182"
Sarah A. Brown,sarah.brown24@myemail.org,"2497 Broadway, Philadelphia, NC 91858"
Robert D. Miller,robert.miller78@fakemail.net,"9983 Willow Ln, San Antonio, IL 53548"
Jessica H. Martinez,jessica.martinez48@fakemail.net,"5673 Main St, San Jose, IL 72927"
Jessica J. Miller,jessica.miller24@myemail.org,"5855 2nd Ave, San Diego, GA 71805"
William E. Miller,william.miller53@mailservice.com,"4447 Oak Dr, New York, PA 77452"
Emily J. Martinez,emily.martinez56@mailservice.com,"3172 Sunset Blvd, San Diego, TX 70070"
William A. Rodriguez,william.rodriguez89@myemail.org,"6322 Sunset Blvd, Los Angeles, AZ 29957"
Robert C. Davis,robert.davis35@example.com,"6136 Pine St, Chicago, CA 53335"
Robert D. Smith,robert.smith88@mailservice.com,"2010 Pine St, Los Angeles, AZ 19978"
David  Martinez,david.martinez16@example.com,"7586 Maple Ave, Dallas, AZ 68490"
Jane E. Rodriguez,jane.rodriguez69@fakemail.net,"639 Broadway, Chicago, TX 82260"
William  Brown,william.brown21@myemail.org,"9681 Elm St, Dallas, NC 41297"
Linda J. Jones,linda.jones42@testmail.com,"2033 Main St, Philadelphia, CA 92562"
Robert J. Miller,robert.miller93@mailservice.com,"6479 Maple Ave, New York, PA 25694"
Sarah H. Johnson,sarah.johnson98@mailservice.com,"9367 Main St, Chicago, PA 25938"
Emily D. Smith,emily.smith43@mailservice.com,"7056 Cedar Rd, Dallas, NY 69139"
Jessica H. Williams,jessica.williams98@myemail.org,"7122 Maple Ave, San Jose, TX 69798"
Jessica F. Johnson,jessica.johnson36@testmail.com,"2048 Pine St, San Antonio, NY 89639"
Robert C. Rodriguez,robert.rodriguez90@mailservice.com,"5992 Pine St, San Antonio, NC 78867"
John C. Garcia,john.garcia24@myemail.org,"1327 Main St, Houston, NY 63493"
Robert G. Williams,robert.williams65@myemail.org,"2543 Oak Dr, San Antonio, GA 41140"
Emily E. Martinez,emily.martinez46@testmail.com,"5731 Main St, New York, CA 82964"
John E. Martinez,john.martinez28@myemail.org,"5310 Cedar Rd, Dallas, TX 81355"
Robert I. Johnson,robert.johnson49@mailservice.com,"163 Willow Ln, Philadelphia, NY 85654"
John G. Rodriguez,john.rodriguez82@fakemail.net,"7237 Sunset Blvd, San Jose, TX 77248"
Michael F. Martinez,michael.martinez74@mailservice.com,"2438 2nd Ave, San Antonio, AZ 46902"
Emily F. Martinez,emily.martinez90@example.com,"6473 Sunset Blvd, Chicago, GA 54300"
Robert G. Davis,robert.davis99@example.com,"8575 Oak Dr, New York, FL 49213"
Jessica C. Rodriguez,jessica.rodriguez18@mailservice.com,"5835 Maple Ave, Phoenix, CA 90537"
Linda H. Davis,linda.davis32@mailservice.com,"6423 Broadway, San Diego, OH 47993"
Emily A. Martinez,emily.martinez38@fakemail.net,"9710 Oak Dr, San Antonio, TX 75453"
Jane G. Jones,jane.jones34@fakemail.net,"9887 Willow Ln, Phoenix, TX 58477"
John E. Brown,john.brown16@myemail.org,"1012 Maple Ave, San Jose, CA 93123"
William F. Garcia,william.garcia64@example.com,"5274 Willow Ln, Chicago, TX 64493"
Jane H. Garcia,jane.garcia81@fakemail.net,"5903 Elm St, San Antonio, IL 28611"
Michael  Brown,michael.brown57@myemail.org,"3273 Elm St, San Antonio, CA 68721"
Michael J. Williams,michael.williams67@myemail.org,"4035 Broadway, Houston, OH 82788"
Michael I. Jones,michael.jones50@myemail.org,"5125 Main St, Houston, NY 25777"
Emily I. Martinez,emily.martinez94@testmail.com,"7031 Pine St, Houston, AZ 80476"
Linda J. Jones,linda.jones27@fakemail.net,"1374 Elm St, Chicago, TX 20611"
William H. Williams,william.williams58@mailservice.com,"1059 Sunset Blvd, San Diego, NC 53574"
Linda D. Rodriguez,linda.rodriguez10@fakemail.net,"1476 Willow Ln, Chicago, NC 15658"
Sarah C. Martinez,sarah.martinez43@fakemail.net,"4692 Sunset Blvd, San Antonio, CA 77714"
John D. Martinez,john.martinez32@example.com,"7394 Pine St, San Jose, GA 35407"
Jane D. Williams,jane.williams28@mailservice.com,"6282 Sunset Blvd, Philadelphia, NY 89608"
Sarah C. Brown,sarah.brown53@example.com,"6882 Maple Ave, Houston, GA 44010"
Robert C. Rodriguez,robert.rodriguez89@mailservice.com,"1713 Oak Dr, San Diego, AZ 64300"
John I. Miller,john.miller76@testmail.com,"9075 Willow Ln, Dallas, IL 13452"
David C. Garcia,david.garcia46@myemail.org,"5338 Oak Dr, Los Angeles, CA 93507"
Linda D. Davis,linda.davis37@testmail.com,"6027 Cedar Rd, San Jose, FL 76053"
David  Garcia,david.garcia10@example.com,"9196 Cedar Rd, San Jose, PA 39541"
Michael H. Davis,michael.davis42@mailservice.com,"326 2nd Ave, Chicago, TX 87838"
Michael B. Brown,michael.brown88@fakemail.net,"952 Cedar Rd, Dallas, PA 17277"
Jessica J. Garcia,jessica.garcia25@myemail.org,"6577 Oak Dr, San Jose, CA 40732"
Sarah C. Brown,sarah.brown88@mailservice.com,"6098 Maple Ave, San Diego, AZ 79232"
John C. Johnson,john.johnson61@testmail.com,"3677 Willow Ln, Chicago, GA 99577"
John D. Jones,john.jones18@testmail.com,"4153 Maple Ave, Los Angeles, AZ 75343"
Michael H. Brown,michael.brown23@fakemail.net,"3864 Sunset Blvd, New York, IL 39549"
Linda J. Smith,linda.smith82@example.com,"5964 Main St, Houston, NY 37086"
Jane B. Garcia,jane.garcia77@myemail.org,"6844 Broadway, Houston, AZ 16200"
Jane E. Williams,jane.williams99@fakemail.net,"4006 Willow Ln, Chicago, AZ 15375"
Jane  Davis,jane.davis62@example.com,"4726 Oak Dr, Los Angeles, GA 37190"
Linda J. Martinez,linda.martinez20@myemail.org,"2194 Oak Dr, New York, AZ 62431"
Jane B. Martinez,jane.martinez31@myemail.org,"8116 Pine St, San Jose, TX 66072"
Robert J. Smith,robert.smith34@myemail.org,"3727 Willow Ln, San Diego, NY 45901"
Jessica H. Miller,jessica.miller76@myemail.org,"7890 Pine St, San Jose, IL 44268"
John A. Jones,john.jones49@fakemail.net,"4576 Broadway, New York, PA 22825"
Jane J. Davis,jane.davis48@testmail.com,"8850 Pine St, San Diego, IL 35726"
David A. Brown,david.brown65@mailservice.com,"5028 Oak Dr, Phoenix, GA 71564"
Emily D. Martinez,emily.martinez15@testmail.com,"9856 Sunset Blvd, Phoenix, IL 36118"
Linda C. Jones,linda.jones17@myemail.org,"656 Cedar Rd, Chicago, FL 52504"
Sarah C. Brown,sarah.brown77@myemail.org,"4152 Oak Dr, Houston, TX 83626"
David H. Johnson,david.johnson46@fakemail.net,"3741 Oak Dr, Los Angeles, NY 93614"
Robert  Smith,robert.smith65@testmail.com,"8679 Main St, San Jose, CA 51864"
Linda C. Davis,linda.davis35@myemail.org,"2123 Willow Ln, Chicago, CA 59210"
Michael G. Brown,michael.brown83@mailservice.com,"5619 Main St, San Jose, PA 55014"
Linda B. Martinez,linda.martinez92@myemail.org,"1423 Sunset Blvd, Chicago, GA 17907"
David D. Smith,david.smith77@mailservice.com,"6743 Broadway, Phoenix, NC 11900"
David G. Martinez,david.martinez56@myemail.org,"1591 Cedar Rd, San Diego, AZ 21353"
Linda J. Smith,linda.smith87@fakemail.net,"5208 Broadway, New York, IL 44380"
Linda I. Brown,linda.brown20@example.com,"6656 Cedar Rd, Chicago, FL 49067"
Jessica D. Martinez,jessica.martinez68@myemail.org,"9739 Maple Ave, Houston, IL 35513"
Linda D. Martinez,linda.martinez98@testmail.com,"7072 2nd Ave, Phoenix, NY 51073"
Jessica H. Rodriguez,jessica.rodriguez20@testmail.com,"5223 Willow Ln, New York, OH 78380"
Sarah I. Smith,sarah.smith39@example.com,"5625 Elm St, Phoenix, NC 81996"
William J. Rodriguez,william.rodriguez64@testmail.com,"4192 Oak Dr, Los Angeles, TX 17921"
David H. Martinez,david.martinez25@fakemail.net,"9244 2nd Ave, San Antonio, GA 99424"
David H. Johnson,david.johnson70@myemail.org,"6787 Broadway, Dallas, TX 31869"
David H. Garcia,david.garcia80@fakemail.net,"5988 Maple Ave, Los Angeles, NC 99099"
Linda G. Rodriguez,linda.rodriguez26@myemail.org,"5642 Sunset Blvd, Los Angeles, PA 59433"
Linda F. Brown,linda.brown52@testmail.com,"4550 Elm St, Phoenix, FL 50170"
Linda B. Jones,linda.jones84@fakemail.net,"3507 2nd Ave, Los Angeles, GA 96805"
Jane A. Johnson,jane.johnson35@fakemail.net,"437 Oak Dr, San Antonio, IL 47300"
John J. Brown,john.brown48@mailservice.com,"4004 2nd Ave, San Jose, TX 91070"
Jessica H. Jones,jessica.jones77@example.com,"3825 Elm St, Philadelphia, NY 68355"
Michael D. Rodriguez,michael.rodriguez35@fakemail.net,"3731 Cedar Rd, Houston, IL 81615"
Robert G. Brown,robert.brown38@myemail.org,"5184 Pine St, San Jose, IL 64623"
Jessica C. Smith,jessica.smith16@mailservice.com,"2043 2nd Ave, Philadelphia, AZ 73631"
Michael  Garcia,michael.garcia53@mailservice.com,"2963 Pine St, Dallas, FL 59875"
Robert J. Smith,robert.smith55@testmail.com,"5055 Sunset Blvd, Dallas, NC 31198"
Sarah D. Garcia,sarah.garcia40@fakemail.net,"1438 Cedar Rd, Chicago, OH 99899"
Robert H. Brown,robert.brown65@testmail.com,"3226 Sunset Blvd, Los Angeles, NC 59997"
Jane D. Smith,jane.smith66@example.com,"1165 Oak Dr, Dallas, FL 28338"
Jessica I. Martinez,jessica.martinez91@myemail.org,"1213 Sunset Blvd, Houston, OH 60484"
Michael E. Rodriguez,michael.rodriguez76@fakemail.net,"5710 2nd Ave, Houston, NY 24029"
Sarah H. Garcia,sarah.garcia68@example.com,"302 Cedar Rd, Houston, PA 22337"
Michael  Garcia,michael.garcia86@example.com,"6212 Cedar Rd, Houston, CA 19804"
Michael E. Garcia,michael.garcia63@fakemail.net,"1716 Maple Ave, San Diego, FL 19107"
Jessica E. Garcia,jessica.garcia74@myemail.org,"3424 Oak Dr, New York, NC 15482"
Robert B. Williams,robert.williams60@fakemail.net,"7700 Cedar Rd, San Jose, CA 36726"
Emily J. Jones,emily.jones42@myemail.org,"7929 Willow Ln, Los Angeles, GA 80427"
Sarah A. Williams,sarah.williams25@testmail.com,"7293 2nd Ave, Phoenix, OH 88609"
Emily B. Johnson,emily.johnson26@mailservice.com,"7299 Willow Ln, San Jose, FL 25714"
John F. Johnson,john.johnson29@mailservice.com,"7367 Elm St, San Antonio, FL 85620"
Linda I. Brown,linda.brown83@example.com,"7200 Broadway, New York, CA 59954"
Sarah I. Jones,sarah.jones48@mailservice.com,"4556 Oak Dr, San Antonio, IL 43410"
Emily J. Miller,emily.miller21@mailservice.com,"2142 Willow Ln, Houston, CA 77381"
Robert C. Smith,robert.smith41@example.com,"2848 Oak Dr, San Jose, GA 26892"
John E. Rodriguez,john.rodriguez42@testmail.com,"1315 Sunset Blvd, Philadelphia, NC 56898"
Sarah F. Brown,sarah.brown16@example.com,"2735 Maple Ave, Phoenix, AZ 93383"
Jessica B. Martinez,jessica.martinez18@myemail.org,"4379 Broadway, Houston, CA 73295"
Jane J. Johnson,jane.johnson87@example.com,"295 Broadway, New York, IL 13736"
David I. Rodriguez,david.rodriguez67@testmail.com,"6421 2nd Ave, Chicago, CA 99156"
William G. Brown,william.brown35@testmail.com,"1551 Pine St, San Jose, FL 62924"
John  Rodriguez,john.rodriguez31@mailservice.com,"4415 Willow Ln, Phoenix, OH 31596"
David  Garcia,david.garcia37@example.com,"9108 Broadway, Philadelphia, TX 58318"
Emily E. Jones,emily.jones74@testmail.com,"8364 Oak Dr, Los Angeles, OH 15553"
David I. Jones,david.jones78@mailservice.com,"9030 Maple Ave, Philadelphia, NY 23676"
Jessica E. Brown,jessica.brown84@testmail.com,"9153 Sunset Blvd, Chicago, TX 73416"
Sarah J. Jones,sarah.jones63@fakemail.net,"9910 Elm St, Phoenix, IL 25753"
Linda J. Smith,linda.smith92@mailservice.com,"2639 Elm St, New York, IL 59954"
Linda F. Garcia,linda.garcia70@myemail.org,"6812 Cedar Rd, San Antonio, TX 87347"
Linda  Jones,linda.jones72@fakemail.net,"7678 Maple Ave, Los Angeles, CA 76579"
Emily E. Brown,emily.brown97@fakemail.net,"2309 Broadway, San Diego, FL 44599"
Linda F. Davis,linda.davis21@example.com,"969 2nd Ave, Dallas, IL 40848"
David E. Rodriguez,david.rodriguez91@mailservice.com,"7111 Oak Dr, San Diego, PA 23794"
David H. Miller,david.miller33@mailservice.com,"3475 2nd Ave, San Diego, IL 32874"
William H. Martinez,william.martinez15@fakemail.net,"9564 Maple Ave, Los Angeles, CA 11949"
Robert A. Davis,robert.davis57@mailservice.com,"3509 Maple Ave, Phoenix, TX 12964"
David F. Johnson,david.johnson17@testmail.com,"7753 2nd Ave, Phoenix, OH 69778"
Linda D. Johnson,linda.johnson75@mailservice.com,"8984 Willow Ln, San Jose, PA 76001"
Sarah F. Jones,sarah.jones87@fakemail.net,"3512 Oak Dr, Chicago, CA 82200"
William E. Smith,william.smith59@example.com,"1279 Pine St, Philadelphia, AZ 62327"
Jessica B. Smith,jessica.smith40@testmail.com,"473 Sunset Blvd, San Diego, AZ 47985"
Jane B. Garcia,jane.garcia89@testmail.com,"1075 Willow Ln, Philadelphia, FL 70034"
Jessica I. Davis,jessica.davis22@fakemail.net,"9019 Elm St, Philadelphia, OH 14379"
Michael G. Rodriguez,michael.rodriguez79@mailservice.com,"9317 Sunset Blvd, New York, CA 75193"
Jane  Garcia,jane.garcia22@mailservice.com,"5933 Main St, Chicago, TX 16718"
David C. Johnson,david.johnson24@testmail.com,"1195 Main St, Dallas, OH 49650"
John F. Davis,john.davis21@example.com,"2448 2nd Ave, Phoenix, OH 75147"
William C. Jones,william.jones21@myemail.org,"8913 Broadway, Dallas, PA 48714"
William F. Brown,william.brown83@mailservice.com,"5778 Elm St, Los Angeles, AZ 45898"
Michael G. Garcia,michael.garcia29@example.com,"5852 Maple Ave, Dallas, NC 73553"
Emily A. Williams,emily.williams64@testmail.com,"644 Main St, Phoenix, NC 68366"
Robert  Williams,robert.williams61@myemail.org,"6164 Broadway, New York, CA 98561"
Jane  Smith,jane.smith54@mailservice.com,"1938 Sunset Blvd, Los Angeles, IL 21860"
Robert D. Davis,robert.davis95@mailservice.com,"6183 Cedar Rd, Dallas, OH 44478"
William D. Rodriguez,william.rodriguez75@testmail.com,"5371 Cedar Rd, Phoenix, CA 16426"
David  Garcia,david.garcia65@myemail.org,"9761 Elm St, Los Angeles, NC 30319"
Jane B. Miller,jane.miller36@example.com,"5797 Maple Ave, San Diego, OH 41971"
Michael  Williams,michael.williams96@mailservice.com,"6552 Sunset Blvd, San Jose, AZ 70816"
William H. Rodriguez,william.rodriguez63@testmail.com,"5180 Pine St, Chicago, GA 50815"
William  Davis,william.davis15@fakemail.net,"708 Pine St, Philadelphia, OH 30659"
Jessica I. Jones,jessica.jones39@testmail.com,"2410 Main St, Houston, FL 37024"
John G. Jones,john.jones82@myemail.org,"6223 2nd Ave, Phoenix, TX 62606"
John  Martinez,john.martinez39@myemail.org,"2467 Willow Ln, San Diego, IL 18528"
John D. Williams,john.williams81@fakemail.net,"7289 Sunset Blvd, Houston, AZ 31097"
Jessica F. Williams,jessica.williams72@mailservice.com,"2938 Elm St, Los Angeles, NY 48655"
David D. Davis,david.davis41@testmail.com,"3797 Broadway, Houston, NC 43273"
Jane C. Davis,jane.davis37@mailservice.com,"4495 Main St, New York, NY 73003"
Robert I. Brown,robert.brown96@mailservice.com,"8708 Oak Dr, San Diego, CA 69337"
Jane I. Garcia,jane.garcia57@fakemail.net,"6820 Broadway, Dallas, GA 57175"
Jessica D. Johnson,jessica.johnson68@example.com,"5451 Main St, Dallas, TX 27551"
Sarah A. Brown,sarah.brown99@mailservice.com,"8197 Sunset Blvd, San Jose, CA 17751"
Robert G. Miller,robert.miller26@fakemail.net,"4945 Main St, Chicago, GA 66297"
Jane F. Jones,jane.jones77@fakemail.net,"5139 Sunset Blvd, San Antonio, IL 73658"
Robert  Jones,robert.jones92@testmail.com,"3527 Sunset Blvd, Houston, AZ 98121"
Robert J. Smith,robert.smith35@example.com,"825 Maple Ave, San Jose, NC 54775"
Michael B. Williams,michael.williams30@example.com,"8178 Maple Ave, Houston, CA 81255"
Emily A. Smith,emily.smith71@mailservice.com,"6481 Maple Ave, New York, GA 92460"
William G. Davis,william.davis26@fakemail.net,"7176 Cedar Rd, Phoenix, CA 91796"
Robert A. Davis,robert.davis49@mailservice.com,"6706 2nd Ave, Philadelphia, NC 58153"
Michael A. Davis,michael.davis64@mailservice.com,"6493 2nd Ave, San Jose, PA 49924"
Robert F. Johnson,robert.johnson73@fakemail.net,"5024 Cedar Rd, Chicago, NY 71359"
David E. Rodriguez,david.rodriguez88@myemail.org,"4816 Pine St, San Antonio, OH 69646"
Emily H. Martinez,emily.martinez48@example.com,"9076 Main St, Houston, AZ 43635"
Sarah I. Garcia,sarah.garcia83@fakemail.net,"6510 2nd Ave, Los Angeles, NC 76518"
Emily G. Brown,emily.brown49@example.com,"3797 Maple Ave, Phoenix, FL 10854"
David D. Johnson,david.johnson50@testmail.com,"6269 Cedar Rd, San Diego, NY 40137"
Emily D. Martinez,emily.martinez60@testmail.com,"6956 Cedar Rd, Dallas, OH 39815"
David F. Johnson,david.johnson13@mailservice.com,"5813 Pine St, Dallas, TX 45574"
Robert G. Garcia,robert.garcia87@testmail.com,"4216 Broadway, Houston, IL 26858"
Robert  Rodriguez,robert.rodriguez74@fakemail.net,"8840 Cedar Rd, Phoenix, GA 86276"
Jessica F. Davis,jessica.davis16@mailservice.com,"489 Maple Ave, Dallas, OH 31705"
Michael F. Davis,michael.davis42@testmail.com,"5024 Maple Ave, Chicago, OH 50394"
David A. Miller,david.miller99@testmail.com,"5405 Broadway, San Antonio, PA 64051"
William E. Martinez,william.martinez44@example.com,"5669 Broadway, Phoenix, OH 14335"
John C. Miller,john.miller41@example.com,"4434 Elm St, Los Angeles, NC 79221"
John F. Rodriguez,john.rodriguez81@mailservice.com,"4883 Broadway, Dallas, OH 71557"
Emily A. Jones,emily.jones81@myemail.org,"5458 Broadway, Philadelphia, CA 50756"
Linda E. Williams,linda.williams86@testmail.com,"6687 Broadway, Chicago, CA 36411"
Robert E. Miller,robert.miller48@fakemail.net,"2617 Main St, Phoenix, CA 78176"
William B. Smith,william.smith39@fakemail.net,"8272 Oak Dr, San Antonio, AZ 88434"
Robert C. Garcia,robert.garcia76@fakemail.net,"2910 Broadway, Philadelphia, GA 38347"
John E. Johnson,john.johnson79@mailservice.com,"8126 Cedar Rd, Houston, PA 59661"
David H. Jones,david.jones72@fakemail.net,"5969 Sunset Blvd, Chicago, PA 15229"
Jessica E. Johnson,jessica.johnson64@testmail.com,"2319 Pine St, San Jose, PA 95774"
David D. Brown,david.brown19@testmail.com,"2665 Broadway, Los Angeles, PA 55275"
Jane H. Johnson,jane.johnson61@myemail.org,"5364 Main St, San Diego, IL 98452"
David C. Johnson,david.johnson62@myemail.org,"5629 Main St, Chicago, OH 75347"
Sarah H. Davis,sarah.davis66@myemail.org,"6994 Willow Ln, Houston, FL 13897"
Emily H. Smith,emily.smith39@example.com,"1617 2nd Ave, San Jose, OH 16613"
Linda G. Davis,linda.davis48@testmail.com,"6483 Broadway, Chicago, NC 13200"
John F. Smith,john.smith19@testmail.com,"3527 Main St, San Jose, TX 11497"
Jane A. Brown,jane.brown82@testmail.com,"5223 Willow Ln, Houston, FL 29711"
John C. Miller,john.miller59@example.com,"4234 Oak Dr, Dallas, AZ 64051"
Robert F. Smith,robert.smith97@mailservice.com,"4173 Broadway, New York, NY 87598"
Michael J. Davis,michael.davis81@myemail.org,"4767 Cedar Rd, San Jose, NC 27878"
Emily  Rodriguez,emily.rodriguez81@testmail.com,"4431 Broadway, New York, GA 61027"
Robert E. Rodriguez,robert.rodriguez40@mailservice.com,"7965 Pine St, San Diego, TX 91695"
John  Smith,john.smith43@mailservice.com,"1938 Willow Ln, Chicago, OH 79637"
John C. Martinez,john.martinez14@mailservice.com,"8392 Willow Ln, Chicago, IL 97958"
Michael G. Brown,michael.brown76@fakemail.net,"2066 Cedar Rd, Houston, FL 29972"
Emily J. Martinez,emily.martinez28@myemail.org,"4465 2nd Ave, Philadelphia, OH 14483"
Emily D. Martinez,emily.martinez45@fakemail.net,"4605 Pine St, San Jose, NC 74548"
William A. Brown,william.brown44@testmail.com,"124 Main St, San Jose, OH 79699"
Jane A. Martinez,jane.martinez62@fakemail.net,"2766 Oak Dr, Phoenix, FL 54250"
John G. Miller,john.miller16@example.com,"5281 Sunset Blvd, Philadelphia, CA 90867"
David J. Brown,david.brown25@testmail.com,"9974 2nd Ave, New York, NY 19553"
John J. Garcia,john.garcia40@mailservice.com,"228 Elm St, New York, OH 12819"
William D. Garcia,william.garcia23@mailservice.com,"9530 Sunset Blvd, Los Angeles, PA 13260"
David G. Garcia,david.garcia80@mailservice.com,"5209 Broadway, Dallas, CA 19548"
John H. Brown,john.brown20@fakemail.net,"3824 Oak Dr, New York, AZ 62239"
Sarah E. Brown,sarah.brown46@fakemail.net,"6251 Pine St, Philadelphia, GA 20904"
Michael J. Rodriguez,michael.rodriguez85@example.com,"5118 Broadway, Dallas, CA 49727"
Linda A. Johnson,linda.johnson38@example.com,"7310 Willow Ln, San Antonio, CA 21626"
Michael E. Jones,michael.jones74@fakemail.net,"7567 Broadway, San Diego, PA 93705"
Jane D. Rodriguez,jane.rodriguez31@myemail.org,"692 Main St, Philadelphia, CA 67430"
Michael I. Davis,michael.davis30@myemail.org,"3700 Cedar Rd, New York, IL 19756"
Sarah E. Jones,sarah.jones49@myemail.org,"1323 Main St, Phoenix, OH 60542"
Michael  Smith,michael.smith81@mailservice.com,"9785 Pine St, New York, GA 28580"
Michael C. Jones,michael.jones55@example.com,"8491 Oak Dr, New York, NC 16884"
Michael C. Williams,michael.williams98@mailservice.com,"8082 Oak Dr, Dallas, FL 53823"
Emily  Garcia,emily.garcia78@example.com,"1363 Broadway, Los Angeles, CA 38761"
Sarah B. Miller,sarah.miller92@mailservice.com,"7679 Maple Ave, Philadelphia, GA 74537"
Linda E. Davis,linda.davis41@mailservice.com,"1574 Cedar Rd, Los Angeles, PA 63043"
Sarah A. Garcia,sarah.garcia40@fakemail.net,"6851 2nd Ave, Los Angeles, AZ 19733"
Michael E. Miller,michael.miller47@mailservice.com,"9971 Willow Ln, Chicago, PA 21165"
Jane H. Smith,jane.smith89@fakemail.net,"1484 Sunset Blvd, Dallas, FL 48044"
Jane H. Rodriguez,jane.rodriguez57@testmail.com,"8965 2nd Ave, San Antonio, OH 63754"
Robert A. Rodriguez,robert.rodriguez17@myemail.org,"2669 Pine St, Los Angeles, CA 96119"
Emily A. Garcia,emily.garcia17@testmail.com,"1281 Sunset Blvd, New York, FL 40445"
John C. Jones,john.jones39@fakemail.net,"7852 Oak Dr, Phoenix, NC 56745"
Robert C. Martinez,robert.martinez49@testmail.com,"585 Sunset Blvd, Dallas, IL 94256"
Emily J. Williams,emily.williams36@fakemail.net,"6033 Willow Ln, San Antonio, NC 25870"
William D. Jones,william.jones59@testmail.com,"7090 Oak Dr, Dallas, OH 55221"
David D. Williams,david.williams82@fakemail.net,"2292 Maple Ave, Phoenix, NY 82287"
David A. Jones,david.jones46@myemail.org,"2153 Sunset Blvd, Phoenix, AZ 59548"
Emily G. Williams,emily.williams56@myemail.org,"1794 Broadway, San Diego, PA 97131"
Michael A. Martinez,michael.martinez38@fakemail.net,"6678 Broadway, New York, NC 40609"
Jane G. Johnson,jane.johnson99@myemail.org,"8422 Sunset Blvd, New York, OH 83219"
John H. Williams,john.williams97@myemail.org,"9256 Maple Ave, Philadelphia, IL 77928"
Sarah I. Jones,sarah.jones24@testmail.com,"5509 Broadway, San Jose, CA 10312"
John  Rodriguez,john.rodriguez67@fakemail.net,"4247 Maple Ave, Los Angeles, CA 75275"
Emily D. Williams,emily.williams31@myemail.org,"8275 Pine St, Philadelphia, TX 61231"
Jane A. Davis,jane.davis88@myemail.org,"3687 Sunset Blvd, San Antonio, IL 46718"
Jessica H. Brown,jessica.brown82@myemail.org,"8029 Willow Ln, Dallas, IL 92643"
Jessica A. Jones,jessica.jones12@example.com,"246 Willow Ln, New York, CA 74227"
David J. Johnson,david.johnson82@example.com,"362 Maple Ave, New York, PA 45321"
Michael A. Garcia,michael.garcia20@myemail.org,"4962 Elm St, San Diego, CA 84272"
Jessica E. Brown,jessica.brown78@testmail.com,"1639 2nd Ave, Dallas, AZ 89379"
William I. Miller,william.miller50@testmail.com,"2023 Willow Ln, Dallas, AZ 65039"
David E. Davis,david.davis62@fakemail.net,"6344 2nd Ave, Philadelphia, CA 78380"
Emily J. Williams,emily.williams69@example.com,"9199 2nd Ave, San Diego, FL 23993"
Jane G. Miller,jane.miller40@testmail.com,"6754 Broadway, Houston, CA 12459"
John A. Miller,john.miller28@testmail.com,"2973 Elm St, Chicago, FL 48863"
Emily H. Jones,emily.jones55@mailservice.com,"9959 Broadway, San Jose, FL 46190"
David E. Martinez,david.martinez99@mailservice.com,"6953 Broadway, San Antonio, OH 96455"
John C. Williams,john.williams37@fakemail.net,"7338 2nd Ave, Houston, NY 12157"
Jane C. Williams,jane.williams10@example.com,"2747 Oak Dr, Los Angeles, GA 71665"
Robert F. Davis,robert.davis17@example.com,"9490 Main St, New York, GA 10705"
John H. Garcia,john.garcia63@myemail.org,"5431 Sunset Blvd, San Jose, NY 89657"
Robert I. Martinez,robert.martinez44@testmail.com,"2608 Pine St, Los Angeles, IL 93031"
Robert  Martinez,robert.martinez88@mailservice.com,"6944 Willow Ln, New York, NC 82165"
Jessica B. Jones,jessica.jones14@fakemail.net,"5637 2nd Ave, Los Angeles, CA 54852"
Michael A. Davis,michael.davis66@example.com,"2401 Elm St, Phoenix, NY 62615"
Robert I. Rodriguez,robert.rodriguez21@testmail.com,"7179 Oak Dr, Philadelphia, GA 11210"
Sarah C. Martinez,sarah.martinez89@mailservice.com,"3337 Main St, San Jose, OH 85922"
Sarah C. Brown,sarah.brown44@mailservice.com,"9147 Pine St, Chicago, NY 56984"
Jane J. Garcia,jane.garcia12@myemail.org,"9212 Broadway, Phoenix, PA 51742"
Linda F. Smith,linda.smith86@testmail.com,"9275 Willow Ln, Philadelphia, NC 31987"
John A. Davis,john.davis19@example.com,"6684 Cedar Rd, San Jose, NC 80864"
Robert I. Williams,robert.williams74@example.com,"4782 2nd Ave, San Jose, TX 62145"
Robert I. Jones,robert.jones19@fakemail.net,"466 Maple Ave, Chicago, TX 51782"
John B. Jones,john.jones25@mailservice.com,"3145 Main St, San Diego, FL 43608"
John H. Smith,john.smith21@example.com,"7265 2nd Ave, Philadelphia, OH 60231"
Linda C. Garcia,linda.garcia11@mailservice.com,"1400 Elm St, New York, NC 20771"
Linda D. Garcia,linda.garcia12@testmail.com,"3408 Broadway, San Antonio, CA 94559"
Jane F. Williams,jane.williams48@fakemail.net,"3504 Willow Ln, Phoenix, FL 54949"
William D. Brown,william.brown57@mailservice.com,"5075 Sunset Blvd, Los Angeles, NY 75544"
Emily F. Brown,emily.brown49@myemail.org,"9639 2nd Ave, Chicago, AZ 67989"
Michael A. Rodriguez,michael.rodriguez13@mailservice.com,"1758 2nd Ave, San Diego, PA 55817"
John D. Miller,john.miller68@mailservice.com,"9704 Elm St, San Antonio, FL 14395"
William I. Smith,william.smith13@myemail.org,"4118 Broadway, Chicago, FL 39327"
David B. Rodriguez,david.rodriguez85@fakemail.net,"4781 Cedar Rd, San Jose, CA 53656"
David  Williams,david.williams40@mailservice.com,"9777 Cedar Rd, New York, NC 55632"
John A. Williams,john.williams74@example.com,"1507 Main St, Phoenix, NY 41971"
John A. Martinez,john.martinez69@myemail.org,"4897 Broadway, New York, NC 44563"
Jessica I. Rodriguez,jessica.rodriguez25@fakemail.net,"2977 Maple Ave, San Jose, AZ 54247"
William  Smith,william.smith91@myemail.org,"6721 Oak Dr, San Antonio, IL 87436"
Sarah I. Miller,sarah.miller51@mailservice.com,"3453 Willow Ln, Chicago, OH 75768"
David H. Brown,david.brown38@example.com,"9127 Elm St, New York, NC 28297"
Robert J. Williams,robert.williams49@testmail.com,"4992 Elm St, Philadelphia, NY 19000"
William F. Smith,william.smith94@myemail.org,"562 Maple Ave, Los Angeles, AZ 17358"
Sarah F. Davis,sarah.davis24@myemail.org,"2071 Maple Ave, San Jose, TX 60242"
David I. Davis,david.davis22@mailservice.com,"6673 Willow Ln, Dallas, PA 18362"
Sarah A. Williams,sarah.williams69@mailservice.com,"7337 Main St, Chicago, OH 50692"
Jane B. Williams,jane.williams52@mailservice.com,"8457 Sunset Blvd, Chicago, TX 70413"
Emily  Garcia,emily.garcia91@mailservice.com,"3187 Cedar Rd, San Antonio, OH 46073"
Jessica  Martinez,jessica.martinez63@mailservice.com,"3625 Broadway, San Antonio, AZ 44038"
Michael I. Jones,michael.jones62@mailservice.com,"9036 Sunset Blvd, Houston, AZ 91124"
Sarah I. Rodriguez,sarah.rodriguez86@myemail.org,"9026 Sunset Blvd, Philadelphia, AZ 80380"
Michael B. Williams,michael.williams50@mailservice.com,"5377 Main St, Dallas, GA 20215"
John E. Brown,john.brown89@testmail.com,"871 Willow Ln, Houston, OH 71983"
Jessica A. Jones,jessica.jones14@mailservice.com,"6805 Broadway, Philadelphia, TX 76919"
Sarah B. Johnson,sarah.johnson30@fakemail.net,"4072 Willow Ln, San Antonio, GA 63432"
Jane C. Brown,jane.brown23@myemail.org,"6750 Main St, Chicago, CA 96067"
William E. Rodriguez,william.rodriguez58@fakemail.net,"8213 Broadway, New York, NC 28033"
John J. Williams,john.williams34@testmail.com,"9254 2nd Ave, San Antonio, NY 61550"
John A. Martinez,john.martinez16@example.com,"676 Broadway, Philadelphia, OH 59129"
Jane C. Davis,jane.davis51@mailservice.com,"4357 Oak Dr, San Diego, FL 70568"
David G. Jones,david.jones40@mailservice.com,"9102 Oak Dr, New York, GA 44863"
Robert B. Davis,robert.davis16@fakemail.net,"6786 Elm St, Philadelphia, OH 15256"
Sarah  Brown,sarah.brown74@example.com,"3113 Broadway, San Jose, AZ 17751"
Jessica H. Martinez,jessica.martinez37@myemail.org,"6114 Elm St, Philadelphia, GA 25682"
Sarah I. Johnson,sarah.johnson87@example.com,"897 Willow Ln, Dallas, FL 77438"
Emily J. Martinez,emily.martinez53@myemail.org,"5735 Oak Dr, Philadelphia, NC 32071"
John  Rodriguez,john.rodriguez12@testmail.com,"4593 2nd Ave, San Jose, AZ 73526"
Jane E. Davis,jane.davis61@example.com,"9525 Oak Dr, San Antonio, IL 93250"
Jane G. Davis,jane.davis22@example.com,"2743 Oak Dr, San Diego, TX 51781"
Emily E. Jones,emily.jones55@fakemail.net,"9161 2nd Ave, Philadelphia, TX 44481"
Linda G. Smith,linda.smith18@mailservice.com,"3554 Elm St, Houston, AZ 21565"
William J. Davis,william.davis91@testmail.com,"8345 Sunset Blvd, New York, NY 35308"
David F. Rodriguez,david.rodriguez91@fakemail.net,"1947 Broadway, San Jose, OH 21881"
Jane I. Brown,jane.brown57@fakemail.net,"4317 Main St, Los Angeles, TX 84935"
William D. Jones,william.jones49@testmail.com,"2763 Maple Ave, New York, NY 11398"
Linda E. Davis,linda.davis34@mailservice.com,"310 Main St, Chicago, NC 93224"
Robert D. Davis,robert.davis94@fakemail.net,"4480 2nd Ave, Phoenix, IL 44268"
Linda C. Williams,linda.williams70@fakemail.net,"5638 Cedar Rd, Los Angeles, NC 88901"
Jane B. Williams,jane.williams18@mailservice.com,"4123 Cedar Rd, Los Angeles, TX 43056"
Robert E. Garcia,robert.garcia61@fakemail.net,"2349 Cedar Rd, San Antonio, IL 52294"
William A. Williams,william.williams84@example.com,"4944 Elm St, Dallas, NY 58837"
Emily A. Johnson,emily.johnson87@fakemail.net,"7675 Pine St, New York, AZ 11128"
Jessica C. Smith,jessica.smith21@fakemail.net,"3920 Willow Ln, Phoenix, TX 60852"
David  Jones,david.jones15@testmail.com,"8829 Cedar Rd, San Diego, IL 20571"
Jessica D. Brown,jessica.brown25@testmail.com,"5841 Cedar Rd, New York, AZ 55889"
John  Brown,john.brown19@example.com,"542 Broadway, San Diego, NY 59774"
Sarah C. Brown,sarah.brown65@example.com,"9845 Elm St, Philadelphia, FL 89300"
Michael C. Rodriguez,michael.rodriguez80@example.com,"4789 Sunset Blvd, Houston, OH 19628"
Robert G. Miller,robert.miller48@testmail.com,"8654 Maple Ave, San Antonio, GA 56463"
Sarah  Davis,sarah.davis86@mailservice.com,"9262 Oak Dr, San Jose, IL 98121"
Sarah F. Garcia,sarah.garcia58@example.com,"9789 Pine St, Philadelphia, FL 21626"
Jane B. Garcia,jane.garcia14@myemail.org,"3216 Broadway, Phoenix, PA 98377"
Robert C. Davis,robert.davis33@myemail.org,"3625 Cedar Rd, San Jose, OH 44341"
William B. Miller,william.miller74@mailservice.com,"9107 Pine St, San Antonio, CA 94815"
Jessica E. Garcia,jessica.garcia76@myemail.org,"8643 Maple Ave, San Diego, NY 38792"
Sarah F. Garcia,sarah.garcia11@fakemail.net,"9982 Pine St, Chicago, AZ 23910"
Emily B. Smith,emily.smith23@example.com,"8813 Sunset Blvd, Philadelphia, IL 65080"
William F. Johnson,william.johnson89@example.com,"6135 Main St, Los Angeles, OH 63314"
Sarah I. Jones,sarah.jones91@example.com,"2759 Oak Dr, Phoenix, FL 61252"
Michael F. Smith,michael.smith88@myemail.org,"1533 Broadway, New York, NY 78818"
Sarah A. Miller,sarah.miller71@mailservice.com,"8796 Sunset Blvd, Houston, FL 86697"
John B. Davis,john.davis12@mailservice.com,"6989 Broadway, Houston, CA 15054"
Jessica B. Martinez,jessica.martinez17@mailservice.com,"5713 2nd Ave, Philadelphia, OH 73073"
John J. Martinez,john.martinez36@myemail.org,"8110 2nd Ave, Chicago, PA 71677"
David  Miller,david.miller71@mailservice.com,"2820 Cedar Rd, Philadelphia, NC 21489"
Michael G. Smith,michael.smith27@mailservice.com,"1845 Elm St, New York, OH 78644"
David F. Miller,david.miller36@myemail.org,"8384 Sunset Blvd, New York, IL 19622"
Michael G. Williams,michael.williams31@testmail.com,"6247 Oak Dr, San Jose, IL 96354"
Michael B. Rodriguez,michael.rodriguez91@fakemail.net,"1021 Main St, Houston, OH 22080"
Emily F. Martinez,emily.martinez80@mailservice.com,"3934 Willow Ln, Philadelphia, PA 25076"
John F. Garcia,john.garcia36@myemail.org,"1682 Oak Dr, San Diego, GA 81880"
Jessica D. Brown,jessica.brown31@mailservice.com,"2746 Willow Ln, San Diego, TX 59924"
David G. Smith,david.smith57@testmail.com,"9150 Pine St, Phoenix, OH 76096"
Michael D. Brown,michael.brown36@example.com,"4135 2nd Ave, Dallas, PA 75057"
Michael A. Johnson,michael.johnson11@fakemail.net,"9715 2nd Ave, San Diego, IL 81074"
Emily  Brown,emily.brown93@myemail.org,"3840 Elm St, Dallas, NY 29683"
Michael H. Garcia,michael.garcia50@fakemail.net,"7003 Sunset Blvd, Los Angeles, GA 30770"
Emily A. Jones,emily.jones11@myemail.org,"4879 2nd Ave, Los Angeles, PA 78940"
Michael H. Brown,michael.brown31@fakemail.net,"6692 Elm St, San Jose, NC 10273"
Michael I. Johnson,michael.johnson83@mailservice.com,"5046 2nd Ave, San Jose, NC 63887"
John H. Davis,john.davis36@mailservice.com,"7381 Pine St, San Diego, PA 63411"
Sarah G. Garcia,sarah.garcia90@mailservice.com,"4112 Main St, New York, NY 72996"
David  Jones,david.jones79@testmail.com,"6694 Cedar Rd, Los Angeles, TX 69736"
David D. Williams,david.williams19@fakemail.net,"9759 Pine St, New York, GA 56850"
Sarah I. Smith,sarah.smith94@testmail.com,"5460 Cedar Rd, Dallas, NC 20571"
William J. Miller,william.miller94@fakemail.net,"9511 2nd Ave, New York, TX 52833"
Michael B. Martinez,michael.martinez66@testmail.com,"3168 Willow Ln, Houston, IL 95817"
William A. Rodriguez,william.rodriguez28@example.com,"6702 Broadway, San Diego, NC 29788"
William J. Davis,william.davis24@myemail.org,"4222 Pine St, Chicago, OH 17041"
Michael E. Davis,michael.davis26@mailservice.com,"3502 Willow Ln, San Jose, AZ 16705"
Emily  Williams,emily.williams13@example.com,"4077 Elm St, Phoenix, IL 73551"
David A. Williams,david.williams79@mailservice.com,"5485 Cedar Rd, Phoenix, IL 20819"
Jessica G. Johnson,jessica.johnson33@testmail.com,"4219 Pine St, Chicago, FL 92213"
Linda F. Miller,linda.miller20@example.com,"3021 Oak Dr, Dallas, AZ 27220"
Michael A. Smith,michael.smith60@mailservice.com,"3018 Maple Ave, San Jose, NY 42354"
Robert B. Williams,robert.williams71@mailservice.com,"628 Elm St, Los Angeles, NY 57938"
John D. Martinez,john.martinez29@example.com,"9447 Maple Ave, San Jose, TX 15187"
William J. Jones,william.jones68@example.com,"8705 Oak Dr, Los Angeles, FL 75284"
Sarah H. Williams,sarah.williams41@fakemail.net,"6275 Cedar Rd, San Jose, PA 24407"
Emily J. Williams,emily.williams23@testmail.com,"4937 2nd Ave, New York, CA 57775"
Linda D. Rodriguez,linda.rodriguez53@mailservice.com,"5581 Elm St, Chicago, AZ 54416"
Michael J. Brown,michael.brown69@example.com,"6116 Maple Ave, San Antonio, TX 19465"
John D. Martinez,john.martinez47@example.com,"1193 Oak Dr, San Jose, CA 48374"
Sarah F. Martinez,sarah.martinez41@example.com,"501 Main St, San Diego, GA 93063"
Michael F. Davis,michael.davis19@myemail.org,"9390 Cedar Rd, San Jose, NC 62457"
Jessica C. Williams,jessica.williams41@example.com,"5955 Sunset Blvd, Philadelphia, GA 15931"
Jessica F. Jones,jessica.jones98@mailservice.com,"8137 Sunset Blvd, San Antonio, GA 10353"
William F. Smith,william.smith55@mailservice.com,"7321 Elm St, Dallas, AZ 12215"
William C. Smith,william.smith29@example.com,"6998 Broadway, Phoenix, NY 56745"
William A. Williams,william.williams96@mailservice.com,"5924 Maple Ave, Dallas, OH 81539"
David C. Smith,david.smith68@mailservice.com,"5746 Oak Dr, Philadelphia, NC 61406"
Linda H. Martinez,linda.martinez62@fakemail.net,"1692 Main St, Phoenix, FL 33871"
Emily D. Miller,emily.miller81@myemail.org,"5776 Sunset Blvd, Phoenix, NC 10539"
Emily D. Martinez,emily.martinez38@myemail.org,"4560 Maple Ave, Phoenix, FL 75135"
Linda H. Rodriguez,linda.rodriguez22@testmail.com,"7611 Sunset Blvd, Philadelphia, AZ 85034"
Jessica A. Martinez,jessica.martinez13@mailservice.com,"7525 Main St, Chicago, NC 88829"
Robert  Smith,robert.smith28@mailservice.com,"2673 Willow Ln, Dallas, PA 59957"
Jane  Brown,jane.brown99@fakemail.net,"5269 Willow Ln, San Jose, CA 75193"
David A. Garcia,david.garcia39@mailservice.com,"2643 Pine St, San Antonio, FL 15015"
John G. Jones,john.jones69@myemail.org,"5102 2nd Ave, New York, PA 12024"
Linda G. Jones,linda.jones98@testmail.com,"113 Main St, Philadelphia, NY 65289"
Linda  Garcia,linda.garcia25@testmail.com,"2153 Main St, Phoenix, CA 97444"
Linda G. Miller,linda.miller36@mailservice.com,"6505 Cedar Rd, San Diego, GA 95724"
William B. Martinez,william.martinez39@myemail.org,"5774 Broadway, Houston, FL 84798"
Linda F. Johnson,linda.johnson30@mailservice.com,"1196 Broadway, San Diego, OH 68414"
John H. Johnson,john.johnson98@mailservice.com,"2634 Pine St, Philadelphia, GA 28959"
Robert A. Brown,robert.brown41@mailservice.com,"914 Broadway, Dallas, IL 36197"
John H. Smith,john.smith44@example.com,"3380 2nd Ave, Phoenix, NC 72421"
Sarah F. Smith,sarah.smith32@mailservice.com,"9396 Broadway, San Jose, PA 72095"
William  Johnson,william.johnson77@fakemail.net,"7052 Willow Ln, Chicago, PA 23567"
Michael D. Johnson,michael.johnson64@mailservice.com,"8233 Broadway, San Jose, PA 84528"
Jessica I. Williams,jessica.williams89@mailservice.com,"4225 Willow Ln, Los Angeles, NY 65939"
Sarah D. Williams,sarah.williams19@myemail.org,"4408 Main St, Los Angeles, PA 57096"
David E. Rodriguez,david.rodriguez83@fakemail.net,"8294 Willow Ln, Phoenix, NY 48619"
Jessica H. Garcia,jessica.garcia84@fakemail.net,"7606 Sunset Blvd, Dallas, FL 33679"
Jessica H. Jones,jessica.jones56@myemail.org,"7561 2nd Ave, Chicago, IL 70273"
Jane I. Johnson,jane.johnson17@fakemail.net,"8165 Broadway, Dallas, OH 15819"
David I. Miller,david.miller32@mailservice.com,"1764 Elm St, New York, NY 22572"
Linda F. Jones,linda.jones89@myemail.org,"7672 Cedar Rd, New York, AZ 36987"
Jessica F. Williams,jessica.williams58@fakemail.net,"5972 Sunset Blvd, New York, TX 78750"
Linda C. Johnson,linda.johnson54@fakemail.net,"6033 Cedar Rd, San Jose, FL 56440"
David I. Smith,david.smith17@testmail.com,"6594 Pine St, San Jose, OH 43478"
Michael A. Brown,michael.brown33@mailservice.com,"2641 Elm St, Philadelphia, FL 48636"
William D. Smith,william.smith77@example.com,"5385 2nd Ave, Dallas, CA 17972"
Sarah  Davis,sarah.davis28@myemail.org,"8791 Sunset Blvd, Philadelphia, NY 47410"
Emily I. Garcia,emily.garcia23@myemail.org,"9740 2nd Ave, San Jose, FL 78808"
Linda E. Rodriguez,linda.rodriguez63@fakemail.net,"5474 Broadway, Dallas, TX 49402"
Jessica I. Johnson,jessica.johnson58@testmail.com,"3125 Broadway, Chicago, OH 22405"
Sarah J. Davis,sarah.davis36@myemail.org,"3115 Oak Dr, New York, TX 63650"
Sarah G. Brown,sarah.brown38@myemail.org,"1527 Oak Dr, San Antonio, TX 13679"
William F. Jones,william.jones53@myemail.org,"9814 Maple Ave, San Diego, GA 55575"
John G. Rodriguez,john.rodriguez98@myemail.org,"4467 Sunset Blvd, Los Angeles, CA 34085"
Linda E. Miller,linda.miller58@mailservice.com,"4430 Willow Ln, Chicago, IL 48636"
Jessica A. Martinez,jessica.martinez36@testmail.com,"659 2nd Ave, Los Angeles, GA 36233"
Sarah H. Miller,sarah.miller91@mailservice.com,"7640 Cedar Rd, Dallas, AZ 81385"
Linda H. Jones,linda.jones74@testmail.com,"6388 Elm St, Chicago, AZ 24336"
Emily C. Smith,emily.smith15@myemail.org,"886 Oak Dr, Phoenix, PA 13549"
John A. Jones,john.jones85@fakemail.net,"7514 Cedar Rd, San Diego, PA 18781"
William H. Garcia,william.garcia82@fakemail.net,"8768 Oak Dr, Dallas, NC 34983"
David G. Miller,david.miller47@myemail.org,"2071 Sunset Blvd, Los Angeles, FL 12531"
Linda B. Miller,linda.miller75@mailservice.com,"1055 Sunset Blvd, San Antonio, GA 54052"
Jane F. Williams,jane.williams94@mailservice.com,"4660 Sunset Blvd, San Jose, NY 19443"
Emily H. Miller,emily.miller35@fakemail.net,"5130 Broadway, Chicago, AZ 99881"
William I. Brown,william.brown85@testmail.com,"4812 Sunset Blvd, San Antonio, GA 60656"
Robert B. Smith,robert.smith86@example.com,"2040 Oak Dr, San Jose, NC 69652"
William F. Garcia,william.garcia52@fakemail.net,"4964 Willow Ln, Houston, CA 19508"
Linda  Martinez,linda.martinez23@example.com,"3885 Cedar Rd, Los Angeles, IL 17534"
Robert A. Miller,robert.miller37@testmail.com,"3288 Main St, San Jose, AZ 58886"
Emily  Garcia,emily.garcia80@fakemail.net,"3789 Maple Ave, Philadelphia, CA 32574"
Emily B. Brown,emily.brown88@mailservice.com,"3802 Oak Dr, Houston, FL 75016"
Jane C. Jones,jane.jones24@fakemail.net,"193 Cedar Rd, Chicago, GA 96572"
Emily D. Davis,emily.davis92@mailservice.com,"6298 Pine St, Chicago, GA 11227"
Jessica E. Smith,jessica.smith98@testmail.com,"8017 Elm St, Philadelphia, FL 84532"
John H. Williams,john.williams66@testmail.com,"3722 2nd Ave, San Antonio, NY 10416"
William B. Martinez,william.martinez60@example.com,"1260 Oak Dr, Phoenix, TX 21017"
Jessica B. Johnson,jessica.johnson89@myemail.org,"8149 Willow Ln, New York, IL 44089"
Michael G. Miller,michael.miller49@testmail.com,"9434 Sunset Blvd, San Jose, PA 35407"
Robert I. Johnson,robert.johnson61@testmail.com,"715 2nd Ave, Chicago, NY 79255"
Jessica H. Brown,jessica.brown74@fakemail.net,"3742 Cedar Rd, San Antonio, GA 44010"
Michael H. Miller,michael.miller48@testmail.com,"6686 Sunset Blvd, Chicago, NC 26984"
William E. Rodriguez,william.rodriguez47@testmail.com,"443 Main St, San Jose, PA 87524"
Robert  Miller,robert.miller46@mailservice.com,"1931 Oak Dr, Philadelphia, PA 63828"
Michael  Williams,michael.williams99@testmail.com,"3949 Broadway, Chicago, NC 76276"
Michael E. Johnson,michael.johnson69@fakemail.net,"8409 Oak Dr, Houston, TX 86121"
Jessica D. Johnson,jessica.johnson61@fakemail.net,"2391 Sunset Blvd, Philadelphia, PA 10930"
Jessica  Davis,jessica.davis30@myemail.org,"5368 Elm St, San Jose, OH 65444"
Linda H. Miller,linda.miller41@example.com,"9803 Main St, San Diego, NC 28799"
Jessica F. Johnson,jessica.johnson71@mailservice.com,"3521 Cedar Rd, Los Angeles, CA 53286"
Sarah A. Martinez,sarah.martinez17@fakemail.net,"6373 Pine St, Los Angeles, NC 39326"
Michael D. Smith,michael.smith23@myemail.org,"6459 Broadway, Philadelphia, IL 67381"
William I. Jones,william.jones87@example.com,"6890 Elm St, Chicago, NY 75054"
Robert C. Jones,robert.jones62@example.com,"1929 Pine St, New York, FL 78682"
David F. Garcia,david.garcia34@testmail.com,"2328 Willow Ln, Chicago, NC 60749"
Linda  Martinez,linda.martinez55@mailservice.com,"4003 Main St, San Diego, PA 84034"
Emily J. Martinez,emily.martinez93@myemail.org,"2497 Cedar Rd, Dallas, IL 14143"
Michael H. Garcia,michael.garcia47@testmail.com,"2219 Elm St, San Diego, NC 27821"
Emily B. Smith,emily.smith76@myemail.org,"3367 Maple Ave, Los Angeles, TX 19374"
Robert A. Garcia,robert.garcia85@testmail.com,"8999 Elm St, New York, NY 67264"
Robert J. Miller,robert.miller20@mailservice.com,"5592 Pine St, Houston, PA 15325"
Robert I. Martinez,robert.martinez67@myemail.org,"2176 Elm St, Phoenix, PA 81636"
Linda G. Brown,linda.brown23@testmail.com,"9657 Main St, San Jose, NC 10306"
Robert  Miller,robert.miller90@fakemail.net,"851 Pine St, Dallas, GA 53866"
Robert F. Johnson,robert.johnson47@example.com,"6833 Broadway, New York, IL 80782"
Jane A. Garcia,jane.garcia92@mailservice.com,"1389 Sunset Blvd, New York, PA 73033"
Jessica H. Martinez,jessica.martinez65@fakemail.net,"8378 2nd Ave, Houston, AZ 14251"
David  Johnson,david.johnson58@mailservice.com,"3817 Main St, New York, GA 31901"
Robert  Davis,robert.davis86@fakemail.net,"4999 Willow Ln, Chicago, PA 98278"
Jessica G. Davis,jessica.davis43@testmail.com,"8563 Oak Dr, Philadelphia, AZ 60007"
Linda H. Johnson,linda.johnson44@example.com,"8108 Elm St, Houston, IL 16525"
Emily F. Johnson,emily.johnson93@example.com,"4845 Maple Ave, Phoenix, IL 90748"
John C. Davis,john.davis59@testmail.com,"7925 Pine St, Philadelphia, GA 65611"
David J. Jones,david.jones97@example.com,"1975 Cedar Rd, San Antonio, PA 73784"
Sarah G. Johnson,sarah.johnson60@myemail.org,"2772 Maple Ave, San Jose, IL 42776"
William E. Rodriguez,william.rodriguez24@myemail.org,"2113 Cedar Rd, Chicago, CA 20943"
John E. Martinez,john.martinez50@myemail.org,"270 Elm St, San Antonio, CA 43838"
Linda E. Davis,linda.davis91@testmail.com,"878 Broadway, Los Angeles, GA 22080"
Jessica J. Martinez,jessica.martinez80@fakemail.net,"474 Elm St, San Antonio, AZ 24302"
David A. Brown,david.brown28@fakemail.net,"205 Oak Dr, Chicago, TX 72570"
Michael F. Brown,michael.brown78@myemail.org,"6230 Pine St, San Jose, OH 69002"
Michael J. Brown,michael.brown43@myemail.org,"7971 2nd Ave, San Antonio, CA 31189"
Linda G. Johnson,linda.johnson22@testmail.com,"4582 Pine St, San Diego, IL 71228"
Jessica I. Garcia,jessica.garcia94@mailservice.com,"714 2nd Ave, Dallas, PA 97751"
William  Smith,william.smith70@myemail.org,"8120 Sunset Blvd, Philadelphia, FL 61988"
Jessica A. Garcia,jessica.garcia52@example.com,"2886 Elm St, Phoenix, NC 76910"
Linda F. Smith,linda.smith63@myemail.org,"9867 Broadway, Phoenix, GA 45243"
John B. Davis,john.davis93@fakemail.net,"5296 Maple Ave, Philadelphia, GA 36233"
William J. Davis,william.davis45@testmail.com,"7461 Maple Ave, Dallas, NY 84913"
Sarah B. Johnson,sarah.johnson50@testmail.com,"9200 Elm St, San Jose, NY 90527"
John D. Smith,john.smith42@fakemail.net,"3202 Willow Ln, Los Angeles, NY 12226"
Linda H. Jones,linda.jones72@myemail.org,"8120 Pine St, San Antonio, IL 31233"
Emily D. Davis,emily.davis38@myemail.org,"3384 Main St, New York, OH 80859"
Michael D. Johnson,michael.johnson50@example.com,"6575 Cedar Rd, New York, AZ 41846"
David  Garcia,david.garcia94@example.com,"8331 Sunset Blvd, San Diego, NC 15708"
John B. Rodriguez,john.rodriguez77@fakemail.net,"8749 Main St, New York, NY 28554"
John D. Brown,john.brown17@example.com,"6390 Pine St, San Antonio, PA 21719"
Robert D. Brown,robert.brown34@myemail.org,"1016 Maple Ave, Chicago, NC 30462"
David C. Brown,david.brown72@testmail.com,"4176 Main St, Chicago, FL 21709"
Robert  Brown,robert.brown65@fakemail.net,"569 Sunset Blvd, Chicago, FL 14906"
Robert B. Davis,robert.davis96@example.com,"9001 Sunset Blvd, New York, FL 53139"
Sarah G. Davis,sarah.davis13@testmail.com,"4649 Broadway, San Antonio, TX 12411"
David  Rodriguez,david.rodriguez65@example.com,"9045 Sunset Blvd, Philadelphia, AZ 50220"
Michael E. Brown,michael.brown73@testmail.com,"5845 Cedar Rd, San Jose, IL 18362"
John A. Jones,john.jones84@testmail.com,"9450 Cedar Rd, San Diego, PA 65525"
Linda G. Jones,linda.jones11@testmail.com,"4534 Elm St, San Antonio, NC 72544"
David E. Rodriguez,david.rodriguez84@myemail.org,"5068 Oak Dr, Dallas, CA 12443"
Michael F. Davis,michael.davis98@example.com,"1411 Oak Dr, Dallas, PA 41521"
Sarah H. Martinez,sarah.martinez10@myemail.org,"6596 Elm St, Los Angeles, NC 26320"
David E. Martinez,david.martinez82@mailservice.com,"7772 2nd Ave, Philadelphia, IL 98231"
David J. Garcia,david.garcia74@example.com,"1761 Main St, Philadelphia, PA 93994"
Sarah J. Garcia,sarah.garcia36@testmail.com,"1433 Willow Ln, Houston, NY 65308"
Jessica B. Williams,jessica.williams49@mailservice.com,"6663 Broadway, San Antonio, FL 63828"
Michael J. Johnson,michael.johnson99@mailservice.com,"2084 Elm St, Chicago, FL 57256"
Robert D. Davis,robert.davis95@fakemail.net,"7952 Sunset Blvd, Houston, TX 17751"
David D. Martinez,david.martinez50@testmail.com,"503 Maple Ave, Phoenix, PA 16103"
Linda A. Miller,linda.miller30@testmail.com,"9887 Sunset Blvd, San Jose, NY 32421"
Sarah J. Brown,sarah.brown63@myemail.org,"1519 Elm St, Houston, GA 97558"
Linda A. Davis,linda.davis51@myemail.org,"3208 Maple Ave, Philadelphia, IL 74794"
Jessica H. Martinez,jessica.martinez40@fakemail.net,"8845 Broadway, San Antonio, FL 98916"
Jessica H. Brown,jessica.brown25@testmail.com,"8681 Elm St, New York, FL 57674"
John A. Rodriguez,john.rodriguez39@example.com,"6272 Sunset Blvd, Chicago, IL 85941"
Sarah E. Rodriguez,sarah.rodriguez52@mailservice.com,"2513 Main St, Los Angeles, FL 57474"
Robert D. Johnson,robert.johnson48@fakemail.net,"5501 Oak Dr, Dallas, GA 71989"
Robert D. Garcia,robert.garcia79@fakemail.net,"4860 Elm St, Chicago, TX 27476"
Robert E. Miller,robert.miller21@myemail.org,"2771 Main St, Los Angeles, NY 15727"
Michael J. Rodriguez,michael.rodriguez25@mailservice.com,"6948 Broadway, San Antonio, PA 97139"
Linda D. Johnson,linda.johnson78@example.com,"5137 Elm St, Phoenix, NC 73003"
David B. Martinez,david.martinez81@fakemail.net,"1839 Maple Ave, Chicago, FL 53105"
Sarah D. Jones,sarah.jones28@fakemail.net,"5446 Broadway, Los Angeles, AZ 59729"
David G. Davis,david.davis99@fakemail.net,"1260 Sunset Blvd, Los Angeles, AZ 40547"
Sarah B. Smith,sarah.smith29@fakemail.net,"1640 Pine St, Phoenix, TX 83107"
Michael H. Garcia,michael.garcia37@testmail.com,"5530 Oak Dr, San Jose, AZ 58595"
Linda H. Martinez,linda.martinez57@fakemail.net,"3183 Elm St, San Jose, NC 95377"
David  Johnson,david.johnson19@myemail.org,"8277 Willow Ln, New York, NC 12413"
Michael C. Brown,michael.brown91@myemail.org,"1551 Main St, San Jose, IL 53299"
William A. Johnson,william.johnson11@example.com,"7650 Maple Ave, Houston, CA 67097"
Robert G. Williams,robert.williams85@fakemail.net,"8940 Main St, Los Angeles, OH 76648"
Robert J. Williams,robert.williams48@testmail.com,"3222 Maple Ave, Chicago, IL 12764"
David F. Davis,david.davis55@fakemail.net,"476 Main St, Dallas, OH 90517"
Robert A. Williams,robert.williams64@fakemail.net,"252 2nd Ave, Dallas, FL 39386"
William C. Brown,william.brown50@fakemail.net,"1330 Maple Ave, Phoenix, GA 85025"
Sarah C. Davis,sarah.davis32@fakemail.net,"9501 Main St, Chicago, NY 23169"
Emily  Williams,emily.williams32@testmail.com,"6542 Willow Ln, Los Angeles, IL 66138"
Robert F. Miller,robert.miller65@testmail.com,"6000 Oak Dr, Philadelphia, GA 38275"
William J. Smith,william.smith82@mailservice.com,"9633 Elm St, Dallas, CA 42514"
Jane E. Jones,jane.jones56@example.com,"2080 2nd Ave, Houston, IL 63469"
Linda J. Smith,linda.smith41@example.com,"6775 2nd Ave, Chicago, GA 94525"
Linda F. Rodriguez,linda.rodriguez58@fakemail.net,"8118 Maple Ave, Chicago, PA 80573"
Robert B. Rodriguez,robert.rodriguez25@testmail.com,"1118 Maple Ave, San Antonio, OH 35402"
Linda A. Smith,linda.smith44@myemail.org,"2700 Main St, San Diego, CA 64823"
Jessica I. Garcia,jessica.garcia30@mailservice.com,"8810 Broadway, San Diego, TX 44472"
Robert A. Jones,robert.jones83@mailservice.com,"6084 Pine St, Los Angeles, AZ 78461"
Michael A. Miller,michael.miller38@testmail.com,"9191 Broadway, Chicago, PA 32679"
Robert E. Rodriguez,robert.rodriguez89@testmail.com,"486 Cedar Rd, San Antonio, AZ 15229"
John J. Garcia,john.garcia34@example.com,"8013 Broadway, Phoenix, GA 35567"
William G. Rodriguez,william.rodriguez88@example.com,"6153 2nd Ave, Houston, IL 19322"
Linda F. Martinez,linda.martinez83@mailservice.com,"6154 Willow Ln, Chicago, OH 20256"
John A. Smith,john.smith65@testmail.com,"5566 Pine St, New York, PA 52490"
Sarah H. Davis,sarah.davis25@testmail.com,"5122 Broadway, Philadelphia, NC 38610"
Jessica B. Smith,jessica.smith57@mailservice.com,"1494 Broadway, Houston, CA 87649"
Sarah J. Smith,sarah.smith68@myemail.org,"7738 2nd Ave, San Antonio, NC 69308"
Linda E. Rodriguez,linda.rodriguez14@myemail.org,"1260 Broadway, San Jose, IL 95724"
David C. Martinez,david.martinez19@fakemail.net,"2863 2nd Ave, Houston, NC 93528"
Michael H. Johnson,michael.johnson89@fakemail.net,"7383 Pine St, Houston, IL 58886"
Emily H. Williams,emily.williams80@testmail.com,"7557 Sunset Blvd, San Antonio, CA 27901"
Robert C. Smith,robert.smith15@testmail.com,"7991 Pine St, Houston, CA 99678"
Jessica B. Rodriguez,jessica.rodriguez35@testmail.com,"4606 Maple Ave, Philadelphia, NY 92940"
Michael E. Miller,michael.miller54@myemail.org,"6583 Cedar Rd, San Antonio, TX 13803"
Sarah F. Martinez,sarah.martinez75@example.com,"8815 Pine St, Philadelphia, NC 33031"
Emily  Jones,emily.jones57@testmail.com,"1113 Broadway, Houston, OH 26899"
Emily E. Johnson,emily.johnson48@myemail.org,"8895 Willow Ln, San Jose, FL 84539"
Sarah B. Garcia,sarah.garcia56@fakemail.net,"3684 Maple Ave, Philadelphia, PA 19105"
Robert  Brown,robert.brown38@mailservice.com,"3408 Broadway, New York, GA 28510"
Michael  Rodriguez,michael.rodriguez31@fakemail.net,"970 Pine St, San Antonio, AZ 13094"
Sarah A. Rodriguez,sarah.rodriguez79@testmail.com,"8572 Broadway, San Jose, CA 18300"
Emily G. Rodriguez,emily.rodriguez23@testmail.com,"3523 Willow Ln, Los Angeles, OH 11084"
Emily E. Miller,emily.miller73@example.com,"2488 Cedar Rd, San Jose, PA 18743"
Robert A. Brown,robert.brown20@fakemail.net,"4376 Willow Ln, Chicago, FL 14567"
Jane C. Garcia,jane.garcia28@example.com,"3352 Pine St, San Antonio, IL 93107"
Emily J. Jones,emily.jones43@testmail.com,"8484 Broadway, Philadelphia, NC 73258"
David A. Davis,david.davis54@testmail.com,"6600 Sunset Blvd, Los Angeles, NY 53446"
David D. Miller,david.miller45@testmail.com,"1420 Pine St, New York, AZ 70167"
John E. Miller,john.miller23@fakemail.net,"748 Main St, Philadelphia, PA 46717"
Linda E. Davis,linda.davis93@myemail.org,"7740 Pine St, Phoenix, OH 66444"
David  Brown,david.brown59@fakemail.net,"4061 Main St, Chicago, IL 95370"
Michael G. Davis,michael.davis79@example.com,"6647 Pine St, Los Angeles, TX 20514"
Emily I. Johnson,emily.johnson40@example.com,"2756 Oak Dr, San Jose, NY 32681"
Linda  Miller,linda.miller96@example.com,"9572 Main St, Los Angeles, CA 97739"
David A. Martinez,david.martinez63@myemail.org,"6341 Oak Dr, San Diego, TX 87436"
Sarah C. Williams,sarah.williams15@testmail.com,"1876 2nd Ave, Philadelphia, IL 44155"
Linda B. Martinez,linda.martinez27@testmail.com,"3909 Cedar Rd, Dallas, NY 19978"
Robert G. Smith,robert.smith60@mailservice.com,"7049 Sunset Blvd, Philadelphia, TX 65828"
Robert J. Davis,robert.davis12@myemail.org,"9196 Cedar Rd, New York, PA 29522"
David A. Rodriguez,david.rodriguez91@mailservice.com,"8904 Maple Ave, Houston, AZ 79848"
William A. Rodriguez,william.rodriguez40@example.com,"2699 Main St, San Antonio, NC 55463"
David B. Davis,david.davis41@mailservice.com,"8979 Oak Dr, Philadelphia, NY 34259"
Sarah H. Williams,sarah.williams18@example.com,"8293 2nd Ave, Dallas, FL 57607"
John J. Johnson,john.johnson51@mailservice.com,"2575 Oak Dr, San Jose, NC 24539"
Jessica H. Johnson,jessica.johnson22@mailservice.com,"4040 Oak Dr, San Antonio, PA 16053"
Michael I. Johnson,michael.johnson22@myemail.org,"7308 Elm St, San Diego, NC 44155"
Sarah H. Garcia,sarah.garcia18@testmail.com,"9393 2nd Ave, New York, NY 33928"
Sarah  Rodriguez,sarah.rodriguez92@testmail.com,"5749 Maple Ave, Chicago, IL 40193"
Linda A. Miller,linda.miller11@testmail.com,"462 Broadway, Phoenix, PA 22125"
Jessica G. Martinez,jessica.martinez50@example.com,"5248 Maple Ave, New York, GA 82703"
Jessica B. Davis,jessica.davis59@fakemail.net,"2124 Maple Ave, New York, OH 28386"
David I. Jones,david.jones24@example.com,"588 Willow Ln, Houston, NC 99427"
Michael E. Johnson,michael.johnson24@example.com,"1632 Main St, San Jose, GA 68200"
John A. Williams,john.williams25@myemail.org,"309 2nd Ave, Philadelphia, FL 30662"
Michael  Rodriguez,michael.rodriguez79@testmail.com,"6530 Willow Ln, Philadelphia, CA 35657"
Linda C. Jones,linda.jones96@fakemail.net,"5135 Broadway, Chicago, PA 62512"
Michael C. Garcia,michael.garcia98@myemail.org,"3337 Maple Ave, Phoenix, TX 36228"
David J. Garcia,david.garcia96@example.com,"422 Cedar Rd, Dallas, PA 33190"
John C. Martinez,john.martinez27@fakemail.net,"2365 Main St, Chicago, TX 78344"
Michael D. Davis,michael.davis53@myemail.org,"2408 Elm St, Chicago, FL 15987"
Robert  Davis,robert.davis17@fakemail.net,"234 Willow Ln, New York, IL 44770"
William I. Johnson,william.johnson14@example.com,"849 Willow Ln, Houston, TX 33994"
Linda J. Jones,linda.jones75@myemail.org,"6566 Oak Dr, San Jose, PA 66361"
William G. Rodriguez,william.rodriguez12@testmail.com,"7509 Pine St, Philadelphia, IL 47941"
Jane G. Johnson,jane.johnson12@myemail.org,"1241 Broadway, Philadelphia, AZ 84745"
Emily I. Smith,emily.smith73@example.com,"1660 Pine St, New York, GA 50813"
David G. Williams,david.williams94@mailservice.com,"163 2nd Ave, San Jose, PA 53949"
David H. Smith,david.smith95@example.com,"930 Main St, Phoenix, FL 28206"
Emily I. Johnson,emily.johnson99@myemail.org,"1959 Broadway, Chicago, IL 83392"
John A. Brown,john.brown84@mailservice.com,"4457 Sunset Blvd, Dallas, FL 28742"
Michael F. Martinez,michael.martinez14@mailservice.com,"417 Pine St, Philadelphia, TX 70117"
Robert E. Johnson,robert.johnson86@myemail.org,"4857 Maple Ave, Phoenix, AZ 87443"
Sarah C. Rodriguez,sarah.rodriguez27@mailservice.com,"7361 Maple Ave, New York, FL 80992"
Robert F. Garcia,robert.garcia90@example.com,"6067 Elm St, Phoenix, OH 61829"
Emily J. Garcia,emily.garcia35@fakemail.net,"7569 Main St, Los Angeles, TX 73408"
Michael A. Jones,michael.jones77@myemail.org,"6242 Elm St, New York, NC 60948"
Sarah H. Martinez,sarah.martinez30@example.com,"7842 Main St, San Diego, OH 92352"
Robert F. Rodriguez,robert.rodriguez20@example.com,"5743 Broadway, Chicago, FL 83706"
Robert G. Johnson,robert.johnson29@myemail.org,"6839 Elm St, Dallas, GA 92961"
Robert E. Johnson,robert.johnson29@testmail.com,"126 Willow Ln, San Jose, IL 86941"
Michael G. Brown,michael.brown27@fakemail.net,"8305 Broadway, Phoenix, TX 97012"
David G. Davis,david.davis58@testmail.com,"5361 Willow Ln, San Jose, CA 55713"
David J. Martinez,david.martinez60@testmail.com,"3235 Cedar Rd, Houston, IL 40231"
John E. Miller,john.miller11@mailservice.com,"7406 Cedar Rd, Chicago, NC 97649"
John I. Garcia,john.garcia71@example.com,"703 Main St, San Diego, FL 88901"
Emily E. Brown,emily.brown40@testmail.com,"6069 Broadway, Philadelphia, GA 76510"
William B. Miller,william.miller97@testmail.com,"2279 2nd Ave, Phoenix, OH 39327"
Michael G. Miller,michael.miller60@myemail.org,"7839 2nd Ave, Philadelphia, GA 41968"
William  Jones,william.jones79@testmail.com,"3729 Elm St, New York, OH 83730"
John E. Smith,john.smith96@myemail.org,"8384 Pine St, Chicago, AZ 52120"
David C. Martinez,david.martinez19@mailservice.com,"4538 2nd Ave, Houston, TX 55863"
David J. Smith,david.smith65@fakemail.net,"1147 Willow Ln, Phoenix, OH 47941"
Michael D. Jones,michael.jones89@mailservice.com,"1567 Elm St, Philadelphia, OH 59308"
Linda I. Johnson,linda.johnson81@testmail.com,"6460 Elm St, Los Angeles, FL 25602"
Jessica H. Smith,jessica.smith48@mailservice.com,"9229 2nd Ave, Los Angeles, PA 48474"
Robert D. Garcia,robert.garcia90@myemail.org,"1078 Willow Ln, Philadelphia, NC 67916"
Emily E. Martinez,emily.martinez72@fakemail.net,"4258 Pine St, San Jose, NC 75335"
Linda G. Brown,linda.brown41@example.com,"6230 Willow Ln, Los Angeles, CA 90714"
Linda G. Jones,linda.jones25@mailservice.com,"5901 Main St, Los Angeles, GA 61012"
Michael G. Jones,michael.jones51@testmail.com,"5754 Maple Ave, Philadelphia, GA 86395"
Linda J. Miller,linda.miller10@fakemail.net,"8829 Broadway, San Antonio, GA 21481"
Sarah  Garcia,sarah.garcia36@testmail.com,"9418 Pine St, New York, NY 56856"
Jane G. Garcia,jane.garcia67@example.com,"999 Broadway, San Diego, GA 83144"
David I. Williams,david.williams19@mailservice.com,"9111 Broadway, San Diego, IL 45574"
Linda D. Davis,linda.davis52@fakemail.net,"9551 2nd Ave, Philadelphia, GA 40860"
Robert G. Williams,robert.williams98@fakemail.net,"6049 Main St, San Antonio, PA 42875"
Linda D. Johnson,linda.johnson41@myemail.org,"5044 Oak Dr, New York, AZ 50699"
Michael J. Martinez,michael.martinez73@testmail.com,"9594 Willow Ln, San Jose, PA 88696"
Jessica I. Rodriguez,jessica.rodriguez53@mailservice.com,"1650 Cedar Rd, San Diego, AZ 61783"
David B. Rodriguez,david.rodriguez79@example.com,"6671 Maple Ave, Philadelphia, OH 32192"
Emily H. Rodriguez,emily.rodriguez67@fakemail.net,"6572 Maple Ave, San Antonio, TX 43591"
Emily H. Davis,emily.davis11@myemail.org,"111 Main St, Chicago, FL 26892"
Jane H. Williams,jane.williams57@myemail.org,"7058 Broadway, Philadelphia, TX 61419"
Emily  Williams,emily.williams87@testmail.com,"2916 Cedar Rd, San Diego, NY 48111"
Jane B. Martinez,jane.martinez41@fakemail.net,"7233 Main St, San Diego, GA 86915"
Linda C. Martinez,linda.martinez46@fakemail.net,"9339 Willow Ln, Philadelphia, GA 41064"
Michael J. Rodriguez,michael.rodriguez13@example.com,"5361 Elm St, Houston, AZ 10099"
Emily A. Williams,emily.williams92@myemail.org,"3221 Pine St, San Diego, NY 68924"
Jane C. Garcia,jane.garcia49@testmail.com,"7966 Willow Ln, Dallas, OH 56821"
Robert G. Jones,robert.jones80@fakemail.net,"1432 Cedar Rd, Chicago, OH 16014"
Sarah G. Jones,sarah.jones10@fakemail.net,"7918 Pine St, San Jose, IL 80951"
Robert F. Jones,robert.jones36@myemail.org,"3174 Maple Ave, San Jose, NC 86285"
William E. Rodriguez,william.rodriguez11@example.com,"4001 Elm St, Houston, OH 78081"
Sarah E. Smith,sarah.smith72@testmail.com,"4086 Sunset Blvd, Dallas, TX 24536"
Emily A. Smith,emily.smith29@myemail.org,"3333 Oak Dr, San Antonio, GA 82985"
Linda C. Johnson,linda.johnson19@mailservice.com,"4905 Elm St, Dallas, AZ 80944"
Linda J. Miller,linda.miller44@myemail.org,"6055 Elm St, San Jose, FL 57207"
Jane  Rodriguez,jane.rodriguez61@testmail.com,"8514 Broadway, New York, FL 22357"
Robert B. Brown,robert.brown26@mailservice.com,"4104 Main St, Dallas, AZ 11000"
Robert  Miller,robert.miller13@mailservice.com,"4066 Pine St, Dallas, OH 83284"
Emily G. Smith,emily.smith24@mailservice.com,"5690 2nd Ave, San Jose, TX 83801"
William H. Garcia,william.garcia66@mailservice.com,"9482 Willow Ln, San Diego, OH 44785"
William H. Smith,william.smith92@fakemail.net,"5243 Main St, New York, PA 84560"
Robert C. Rodriguez,robert.rodriguez59@myemail.org,"4986 2nd Ave, Dallas, IL 22401"
Linda J. Jones,linda.jones65@example.com,"3174 Maple Ave, Los Angeles, NY 39508"
William C. Rodriguez,william.rodriguez82@fakemail.net,"1393 Elm St, San Antonio, PA 96577"
William H. Johnson,william.johnson55@mailservice.com,"8924 Broadway, Los Angeles, NY 46861"
Michael  Jones,michael.jones72@mailservice.com,"2161 Main St, Dallas, OH 10750"
Robert  Johnson,robert.johnson63@fakemail.net,"6490 Cedar Rd, Houston, IL 45122"
Linda J. Johnson,linda.johnson10@fakemail.net,"4755 Maple Ave, New York, PA 40341"
Sarah G. Martinez,sarah.martinez50@myemail.org,"2084 Elm St, Philadelphia, IL 34621"
Jane H. Miller,jane.miller29@myemail.org,"4488 Broadway, Phoenix, NC 71724"
Robert E. Davis,robert.davis13@example.com,"4556 2nd Ave, San Jose, AZ 29435"
Sarah  Jones,sarah.jones72@testmail.com,"1690 Maple Ave, Philadelphia, FL 93315"
Emily C. Garcia,emily.garcia20@testmail.com,"4308 Maple Ave, San Antonio, OH 29719"
David B. Rodriguez,david.rodriguez10@myemail.org,"7256 Broadway, San Diego, NY 89741"
Robert G. Brown,robert.brown91@fakemail.net,"441 Oak Dr, Phoenix, FL 62373"
Emily D. Rodriguez,emily.rodriguez53@testmail.com,"7286 Elm St, Phoenix, NC 91739"
Michael H. Brown,michael.brown32@mailservice.com,"1651 Maple Ave, Phoenix, OH 45594"
Jane B. Davis,jane.davis78@example.com,"6304 Pine St, San Diego, IL 70852"
Michael G. Martinez,michael.martinez10@testmail.com,"6946 Cedar Rd, New York, GA 53597"
Robert J. Williams,robert.williams27@example.com,"5975 Willow Ln, Houston, FL 17041"
Emily F. Miller,emily.miller14@myemail.org,"8476 Sunset Blvd, New York, PA 27995"
Linda  Martinez,linda.martinez94@myemail.org,"5039 Oak Dr, Houston, TX 89734"
Jessica C. Smith,jessica.smith63@testmail.com,"3679 2nd Ave, New York, CA 93395"
David  Davis,david.davis59@example.com,"1996 Broadway, Houston, NC 63828"
Jane B. Jones,jane.jones51@example.com,"9116 Maple Ave, Houston, OH 80286"
Emily B. Davis,emily.davis76@mailservice.com,"3859 Pine St, Phoenix, IL 83706"
Jessica H. Martinez,jessica.martinez38@example.com,"7914 Maple Ave, San Antonio, PA 85483"
William C. Brown,william.brown63@testmail.com,"6156 Oak Dr, San Antonio, TX 99941"
Emily J. Johnson,emily.johnson26@myemail.org,"2489 Sunset Blvd, San Antonio, IL 34517"
John H. Rodriguez,john.rodriguez84@testmail.com,"1326 Main St, Philadelphia, OH 67169"
Michael E. Martinez,michael.martinez71@fakemail.net,"7844 Sunset Blvd, Phoenix, IL 98261"
David E. Jones,david.jones89@fakemail.net,"7612 Willow Ln, Dallas, NY 38923"
Michael G. Miller,michael.miller83@fakemail.net,"5408 Main St, Philadelphia, NC 35667"
John F. Brown,john.brown29@mailservice.com,"7296 2nd Ave, Los Angeles, AZ 80573"
William B. Rodriguez,william.rodriguez93@myemail.org,"7778 Main St, Houston, TX 47229"
John  Garcia,john.garcia29@fakemail.net,"5534 Willow Ln, San Diego, TX 86631"
Jane A. Brown,jane.brown23@myemail.org,"4744 Willow Ln, Dallas, NC 65433"
Linda I. Johnson,linda.johnson46@example.com,"6021 2nd Ave, New York, IL 56463"
Michael F. Martinez,michael.martinez68@myemail.org,"7547 Sunset Blvd, Houston, NY 71766"
David E. Williams,david.williams14@example.com,"860 Oak Dr, Chicago, CA 92259"
Michael I. Garcia,michael.garcia52@example.com,"1175 Oak Dr, Phoenix, IL 73790"
Robert H. Rodriguez,robert.rodriguez18@myemail.org,"6921 2nd Ave, San Jose, NY 54606"
William I. Rodriguez,william.rodriguez71@example.com,"8502 Elm St, Houston, IL 66541"
Sarah  Smith,sarah.smith72@testmail.com,"9779 Oak Dr, Los Angeles, TX 97256"
Michael I. Miller,michael.miller81@fakemail.net,"6099 Elm St, Dallas, AZ 15351"
William I. Miller,william.miller68@fakemail.net,"1250 2nd Ave, Houston, GA 13022"
Robert D. Rodriguez,robert.rodriguez18@testmail.com,"9018 Broadway, Philadelphia, OH 59241"
Robert G. Martinez,robert.martinez66@testmail.com,"3603 Oak Dr, Phoenix, TX 85554"
David I. Martinez,david.martinez64@fakemail.net,"7070 Elm St, San Jose, TX 67989"
John I. Miller,john.miller25@myemail.org,"533 Oak Dr, Houston, TX 74049"
William B. Garcia,william.garcia35@testmail.com,"1326 Main St, Philadelphia, OH 72255"
Linda A. Garcia,linda.garcia17@fakemail.net,"7222 Willow Ln, San Diego, NC 10015"
Emily B. Williams,emily.williams89@fakemail.net,"9980 2nd Ave, Los Angeles, AZ 65902"
Linda E. Garcia,linda.garcia42@myemail.org,"7532 Willow Ln, San Diego, CA 56935"
Jane C. Rodriguez,jane.rodriguez45@testmail.com,"6573 Main St, Houston, AZ 54796"
Emily A. Davis,emily.davis90@testmail.com,"8388 Sunset Blvd, Phoenix, OH 43325"
Linda J. Miller,linda.miller26@example.com,"5631 Elm St, San Diego, FL 26970"
Jane D. Johnson,jane.johnson79@example.com,"6740 Maple Ave, Philadelphia, FL 37696"
Jane A. Brown,jane.brown88@myemail.org,"6458 Cedar Rd, Dallas, AZ 53150"
Linda A. Garcia,linda.garcia31@myemail.org,"2290 Cedar Rd, New York, CA 14151"
Michael  Garcia,michael.garcia92@myemail.org,"8290 Pine St, San Diego, GA 85650"
John B. Smith,john.smith36@example.com,"6769 Oak Dr, Philadelphia, IL 66138"
Jessica G. Davis,jessica.davis49@mailservice.com,"3986 Main St, San Jose, IL 19701"
David H. Williams,david.williams84@fakemail.net,"8469 Elm St, Chicago, FL 44378"
Jessica H. Brown,jessica.brown31@fakemail.net,"5341 Oak Dr, New York, AZ 45778"
William J. Brown,william.brown38@testmail.com,"3019 Willow Ln, San Antonio, OH 24745"
William J. Miller,william.miller15@mailservice.com,"3984 Oak Dr, New York, PA 38662"
William E. Martinez,william.martinez55@mailservice.com,"5950 Sunset Blvd, Phoenix, NC 71601"
Robert H. Brown,robert.brown46@example.com,"2178 Oak Dr, New York, FL 36107"
Emily J. Miller,emily.miller93@example.com,"6619 Pine St, Phoenix, GA 33880"
Linda B. Johnson,linda.johnson73@fakemail.net,"1925 Maple Ave, Dallas, NC 15263"
David A. Williams,david.williams68@testmail.com,"235 Pine St, San Diego, GA 84253"
Jane E. Williams,jane.williams92@myemail.org,"3580 Cedar Rd, Dallas, GA 85233"
William D. Martinez,william.martinez90@mailservice.com,"3523 Cedar Rd, Los Angeles, OH 40033"
David  Davis,david.davis36@testmail.com,"7849 Main St, Houston, CA 70983"
Linda H. Johnson,linda.johnson81@fakemail.net,"4498 Cedar Rd, Phoenix, NC 84494"
Jessica  Miller,jessica.miller35@fakemail.net,"5351 Cedar Rd, Philadelphia, NC 78495"
William D. Johnson,william.johnson17@testmail.com,"9172 Broadway, Houston, AZ 94444"
Emily H. Davis,emily.davis34@mailservice.com,"2896 Broadway, Chicago, CA 66279"
Sarah C. Smith,sarah.smith64@myemail.org,"3124 Oak Dr, San Antonio, AZ 31717"
Michael B. Johnson,michael.johnson16@fakemail.net,"9123 Willow Ln, Phoenix, FL 69288"
David J. Miller,david.miller20@myemail.org,"2630 2nd Ave, Phoenix, AZ 90642"
Michael I. Williams,michael.williams61@mailservice.com,"7964 Maple Ave, New York, CA 66541"
William I. Martinez,william.martinez16@myemail.org,"6899 Sunset Blvd, Philadelphia, TX 79810"
Sarah G. Miller,sarah.miller62@fakemail.net,"7579 Maple Ave, San Diego, PA 13203"
John  Brown,john.brown81@mailservice.com,"6243 Broadway, New York, IL 98786"
Jessica C. Davis,jessica.davis19@testmail.com,"7769 Cedar Rd, Phoenix, NY 33661"
David A. Miller,david.miller76@example.com,"7084 Maple Ave, San Jose, TX 21705"
Sarah E. Martinez,sarah.martinez68@example.com,"5496 Elm St, Philadelphia, CA 86954"
Sarah B. Garcia,sarah.garcia13@myemail.org,"9574 Willow Ln, Houston, AZ 44591"
David I. Miller,david.miller64@example.com,"7228 Elm St, Philadelphia, PA 86951"
William F. Davis,william.davis41@fakemail.net,"8660 Main St, New York, IL 30714"
David D. Brown,david.brown86@fakemail.net,"4292 Oak Dr, New York, IL 30839"
Sarah A. Jones,sarah.jones61@example.com,"8318 Main St, Chicago, NC 29788"
Jane D. Smith,jane.smith29@myemail.org,"6302 Cedar Rd, New York, NY 97779"
Jane  Brown,jane.brown28@myemail.org,"5475 Cedar Rd, Phoenix, NC 81996"
Emily B. Rodriguez,emily.rodriguez60@myemail.org,"3587 Pine St, Phoenix, FL 78636"
Linda I. Martinez,linda.martinez58@mailservice.com,"2515 Sunset Blvd, Dallas, PA 67181"
Robert A. Brown,robert.brown56@fakemail.net,"2692 Cedar Rd, San Diego, AZ 15674"
Jane B. Johnson,jane.johnson46@testmail.com,"3234 Willow Ln, Chicago, TX 61996"
Linda D. Williams,linda.williams24@fakemail.net,"8318 Broadway, San Antonio, IL 62048"
Sarah A. Johnson,sarah.johnson37@example.com,"1256 Pine St, Philadelphia, NC 71665"
Jessica  Johnson,jessica.johnson18@fakemail.net,"7389 Main St, Dallas, TX 28487"
Linda H. Davis,linda.davis85@mailservice.com,"6338 2nd Ave, San Jose, IL 85339"
Emily F. Johnson,emily.johnson97@mailservice.com,"2812 Elm St, Philadelphia, FL 65902"
Jane E. Johnson,jane.johnson94@fakemail.net,"791 2nd Ave, New York, FL 84344"
Robert F. Smith,robert.smith26@myemail.org,"1925 Broadway, Chicago, NY 89799"
Linda F. Martinez,linda.martinez68@mailservice.com,"6802 Maple Ave, San Antonio, PA 36000"
Jane C. Johnson,jane.johnson60@mailservice.com,"1610 Maple Ave, Chicago, NC 85692"
Emily B. Davis,emily.davis31@fakemail.net,"9187 Cedar Rd, New York, TX 46911"
William F. Johnson,william.johnson99@mailservice.com,"2024 Pine St, San Jose, CA 31824"
Robert H. Johnson,robert.johnson53@myemail.org,"7838 Elm St, Philadelphia, GA 38814"
Emily G. Garcia,emily.garcia28@fakemail.net,"8352 2nd Ave, New York, AZ 21277"
Sarah D. Williams,sarah.williams53@fakemail.net,"1539 Maple Ave, Houston, GA 73608"
William  Rodriguez,william.rodriguez73@example.com,"4032 Pine St, Chicago, CA 66483"
Robert G. Jones,robert.jones25@mailservice.com,"1848 Cedar Rd, Philadelphia, NY 65085"
Jane A. Jones,jane.jones79@testmail.com,"9171 Pine St, Chicago, FL 71537"
Michael E. Martinez,michael.martinez85@fakemail.net,"4990 Elm St, Dallas, TX 85910"
Jane I. Davis,jane.davis26@testmail.com,"3860 Pine St, San Diego, GA 89379"
Linda  Williams,linda.williams28@example.com,"4777 Elm St, San Jose, OH 53474"
Sarah A. Martinez,sarah.martinez66@example.com,"2395 Elm St, Philadelphia, PA 71121"
William E. Garcia,william.garcia73@example.com,"3180 Broadway, Los Angeles, NY 11129"
Sarah D. Jones,sarah.jones48@testmail.com,"770 Maple Ave, Houston, NC 28633"
Michael B. Garcia,michael.garcia70@fakemail.net,"7376 Cedar Rd, San Diego, IL 14643"
Jane B. Garcia,jane.garcia89@testmail.com,"949 Main St, Houston, IL 95467"
William B. Jones,william.jones86@myemail.org,"8783 2nd Ave, San Diego, OH 83626"
Michael A. Brown,michael.brown99@fakemail.net,"9972 Elm St, Phoenix, TX 84715"
Sarah C. Jones,sarah.jones68@testmail.com,"1533 2nd Ave, San Antonio, IL 89834"
Jane E. Jones,jane.jones98@myemail.org,"5710 Pine St, Dallas, AZ 19710"
Linda A. Williams,linda.williams21@myemail.org,"2306 Pine St, San Jose, OH 96125"
Emily C. Brown,emily.brown76@fakemail.net,"9293 Willow Ln, New York, FL 85506"
Linda  Jones,linda.jones94@testmail.com,"1941 Willow Ln, New York, PA 49448"
Robert C. Rodriguez,robert.rodriguez27@testmail.com,"4391 Main St, San Jose, CA 87639"
William G. Rodriguez,william.rodriguez44@fakemail.net,"7443 Elm St, San Antonio, IL 79785"
William A. Jones,william.jones91@example.com,"8340 Willow Ln, San Jose, OH 66482"
Robert I. Brown,robert.brown58@mailservice.com,"2893 Sunset Blvd, San Antonio, NC 98419"
Emily F. Garcia,emily.garcia22@fakemail.net,"2418 Main St, Phoenix, IL 57674"
Jessica C. Smith,jessica.smith48@testmail.com,"4108 2nd Ave, San Jose, GA 16872"
Sarah C. Williams,sarah.williams54@mailservice.com,"2029 Pine St, New York, TX 11128"
David  Miller,david.miller48@fakemail.net,"9839 Willow Ln, New York, IL 66173"
Jessica D. Martinez,jessica.martinez97@testmail.com,"2606 Main St, San Jose, TX 12622"
Jane B. Smith,jane.smith46@mailservice.com,"2826 Elm St, New York, AZ 73057"
Sarah I. Garcia,sarah.garcia26@testmail.com,"9429 Oak Dr, Houston, CA 32030"
Linda I. Garcia,linda.garcia29@myemail.org,"1779 Broadway, Philadelphia, NY 79969"
William B. Martinez,william.martinez76@fakemail.net,"1714 Maple Ave, Dallas, TX 49916"
William B. Williams,william.williams49@example.com,"9318 Willow Ln, Dallas, TX 25528"
Robert H. Johnson,robert.johnson27@mailservice.com,"8108 Cedar Rd, San Jose, NC 81539"
Jane H. Rodriguez,jane.rodriguez96@testmail.com,"9625 Broadway, San Jose, FL 77115"
Emily G. Miller,emily.miller50@example.com,"6017 Sunset Blvd, Phoenix, GA 28348"
Linda J. Williams,linda.williams48@fakemail.net,"6142 Broadway, Phoenix, CA 41116"
Emily  Rodriguez,emily.rodriguez57@myemail.org,"5524 Cedar Rd, San Diego, PA 33637"
Robert A. Rodriguez,robert.rodriguez18@example.com,"1502 Main St, Phoenix, IL 90592"
Robert J. Davis,robert.davis98@fakemail.net,"426 Cedar Rd, Philadelphia, PA 59218"
Michael A. Martinez,michael.martinez93@myemail.org,"5702 Broadway, San Jose, PA 79351"
William C. Miller,william.miller73@myemail.org,"9330 Main St, Dallas, FL 33397"
Robert G. Jones,robert.jones37@testmail.com,"5822 2nd Ave, Philadelphia, CA 14169"
Jessica A. Johnson,jessica.johnson74@mailservice.com,"6065 Willow Ln, Chicago, NY 74292"
Jessica B. Miller,jessica.miller97@myemail.org,"2368 Oak Dr, San Antonio, PA 56642"
Michael  Miller,michael.miller91@mailservice.com,"624 2nd Ave, San Antonio, NY 27912"
Sarah  Miller,sarah.miller30@example.com,"7765 Main St, San Antonio, GA 84062"
Jane G. Garcia,jane.garcia83@fakemail.net,"8406 2nd Ave, Phoenix, PA 37161"
Emily  Garcia,emily.garcia45@mailservice.com,"413 Willow Ln, Chicago, TX 91426"
Michael B. Miller,michael.miller26@testmail.com,"9464 Sunset Blvd, San Antonio, NY 12818"
Robert B. Brown,robert.brown51@example.com,"3109 Maple Ave, Chicago, OH 89346"
Michael B. Miller,michael.miller47@example.com,"6579 Broadway, Los Angeles, IL 70976"
Michael D. Smith,michael.smith42@testmail.com,"815 2nd Ave, San Diego, FL 70304"
John B. Brown,john.brown83@mailservice.com,"1019 Willow Ln, San Jose, AZ 95054"
Michael H. Davis,michael.davis99@myemail.org,"7126 Willow Ln, New York, IL 30417"
Jessica F. Garcia,jessica.garcia15@example.com,"8800 Cedar Rd, Phoenix, OH 41712"
David  Smith,david.smith97@fakemail.net,"9846 Elm St, Philadelphia, NC 30536"
Jane B. Smith,jane.smith55@example.com,"2901 Pine St, Houston, FL 37123"
Michael I. Smith,michael.smith42@testmail.com,"2453 Broadway, San Jose, TX 98278"
William G. Jones,william.jones37@example.com,"5936 Pine St, San Jose, TX 19437"
Jane J. Brown,jane.brown88@example.com,"1772 Pine St, New York, OH 66634"
Jessica C. Smith,jessica.smith12@myemail.org,"6256 Broadway, New York, CA 86697"
Sarah E. Davis,sarah.davis32@mailservice.com,"7119 Oak Dr, Houston, OH 85654"
Robert F. Rodriguez,robert.rodriguez15@example.com,"360 Elm St, San Antonio, PA 71557"
Jane G. Johnson,jane.johnson32@fakemail.net,"2420 Broadway, Dallas, NC 81790"
David C. Garcia,david.garcia87@mailservice.com,"8518 Elm St, San Antonio, NC 11228"
Jessica A. Smith,jessica.smith56@example.com,"364 Willow Ln, San Jose, TX 60242"
William I. Jones,william.jones32@fakemail.net,"2409 Oak Dr, San Antonio, NY 41101"
Emily D. Smith,emily.smith73@testmail.com,"592 Willow Ln, Los Angeles, TX 97353"
John E. Smith,john.smith46@fakemail.net,"8491 Oak Dr, Phoenix, FL 43227"
Robert B. Jones,robert.jones41@testmail.com,"7835 Main St, Houston, OH 81226"
David C. Smith,david.smith99@fakemail.net,"5936 Oak Dr, Dallas, TX 38101"
Linda H. Martinez,linda.martinez28@testmail.com,"5618 Sunset Blvd, San Antonio, OH 79639"
William H. Johnson,william.johnson48@mailservice.com,"7913 Sunset Blvd, Chicago, TX 15161"
John J. Jones,john.jones42@mailservice.com,"1270 Maple Ave, San Antonio, FL 40683"
William I. Jones,william.jones15@myemail.org,"4026 Main St, San Diego, NC 25825"
Michael E. Johnson,michael.johnson56@myemail.org,"1837 Main St, New York, NY 11445"
Michael H. Martinez,michael.martinez76@mailservice.com,"2207 Sunset Blvd, Chicago, CA 72491"
Jessica I. Brown,jessica.brown88@example.com,"3142 Pine St, Dallas, FL 32059"
Robert H. Brown,robert.brown41@example.com,"2934 Main St, Philadelphia, GA 40657"
Michael E. Brown,michael.brown65@example.com,"4129 Pine St, Chicago, NY 26092"
John  Martinez,john.martinez80@example.com,"9707 Pine St, Philadelphia, NY 95916"
Emily B. Jones,emily.jones88@mailservice.com,"1851 Pine St, Houston, AZ 98356"
John H. Martinez,john.martinez10@example.com,"7384 Elm St, San Jose, FL 28813"
Jane H. Garcia,jane.garcia92@example.com,"8759 Pine St, Los Angeles, IL 28654"
William  Brown,william.brown80@example.com,"1625 Sunset Blvd, San Diego, IL 63323"
John C. Smith,john.smith31@example.com,"3114 Pine St, Dallas, IL 42705"
John A. Jones,john.jones85@example.com,"7636 Main St, Chicago, AZ 24030"
Michael D. Williams,michael.williams75@mailservice.com,"2413 2nd Ave, San Antonio, FL 45901"
Robert  Williams,robert.williams43@mailservice.com,"6433 Maple Ave, Los Angeles, PA 25370"
Sarah D. Rodriguez,sarah.rodriguez37@example.com,"5296 Pine St, Phoenix, NC 51194"
Jane C. Johnson,jane.johnson78@testmail.com,"283 Pine St, New York, NY 61501"
Jessica C. Jones,jessica.jones17@testmail.com,"4544 Pine St, Chicago, FL 66900"
Jane  Johnson,jane.johnson63@mailservice.com,"7683 Sunset Blvd, Los Angeles, OH 40231"
Jane H. Johnson,jane.johnson94@myemail.org,"6473 Maple Ave, San Diego, CA 15546"
William I. Johnson,william.johnson77@mailservice.com,"3148 Broadway, New York, AZ 44072"
Emily E. Martinez,emily.martinez72@fakemail.net,"6951 Broadway, San Antonio, OH 90833"
Jane G. Johnson,jane.johnson26@example.com,"2307 Oak Dr, New York, OH 79592"
Emily E. Brown,emily.brown39@example.com,"6809 Willow Ln, Los Angeles, FL 69160"
Emily  Smith,emily.smith27@fakemail.net,"5248 Oak Dr, Los Angeles, GA 62900"
William H. Garcia,william.garcia62@fakemail.net,"5281 Broadway, San Antonio, FL 44741"
Jane E. Martinez,jane.martinez36@myemail.org,"6230 Willow Ln, Chicago, NY 40193"
Linda A. Jones,linda.jones35@fakemail.net,"7962 Elm St, Dallas, NY 71251"
Sarah J. Davis,sarah.davis95@example.com,"2112 Elm St, Los Angeles, NC 59688"
Michael B. Rodriguez,michael.rodriguez14@example.com,"6751 Sunset Blvd, Chicago, CA 54068"
Linda B. Miller,linda.miller45@example.com,"641 Oak Dr, New York, GA 44517"
Michael C. Brown,michael.brown67@testmail.com,"8755 Elm St, New York, CA 98231"
Robert J. Jones,robert.jones11@testmail.com,"9030 Main St, Dallas, AZ 30512"
Michael D. Rodriguez,michael.rodriguez78@mailservice.com,"7803 Main St, San Jose, GA 12639"
David  Smith,david.smith80@testmail.com,"1252 Sunset Blvd, Philadelphia, FL 78005"
Linda D. Smith,linda.smith49@example.com,"1058 Willow Ln, Los Angeles, GA 50697"
Robert J. Davis,robert.davis48@fakemail.net,"7853 Oak Dr, San Diego, NY 96848"
David H. Davis,david.davis85@example.com,"9942 Maple Ave, New York, AZ 77948"
Linda F. Martinez,linda.martinez83@example.com,"9696 Elm St, Chicago, PA 62688"
Linda H. Williams,linda.williams18@fakemail.net,"4052 Cedar Rd, San Jose, FL 70469"
William G. Johnson,william.johnson65@mailservice.com,"9100 Willow Ln, Philadelphia, AZ 80753"
Sarah B. Johnson,sarah.johnson94@example.com,"5980 Maple Ave, San Diego, IL 28918"
Emily G. Davis,emily.davis76@testmail.com,"9540 2nd Ave, New York, PA 62543"
William H. Martinez,william.martinez73@testmail.com,"3861 Oak Dr, San Diego, NC 43804"
John J. Smith,john.smith47@fakemail.net,"1122 Elm St, Dallas, AZ 31119"
John E. Martinez,john.martinez21@fakemail.net,"6617 Cedar Rd, Los Angeles, NC 69733"
Sarah E. Brown,sarah.brown77@example.com,"3816 Maple Ave, San Diego, TX 26644"
Linda H. Garcia,linda.garcia42@testmail.com,"944 Oak Dr, San Jose, NY 78176"
Sarah I. Davis,sarah.davis55@example.com,"2589 Elm St, San Jose, NY 45265"
William B. Smith,william.smith21@fakemail.net,"8927 Elm St, San Antonio, NC 88570"
David  Davis,david.davis43@testmail.com,"8280 Willow Ln, Houston, AZ 61634"
David E. Smith,david.smith63@testmail.com,"4232 2nd Ave, Philadelphia, CA 75550"
Robert E. Davis,robert.davis66@mailservice.com,"1286 Sunset Blvd, Los Angeles, AZ 27077"
Jane A. Miller,jane.miller40@mailservice.com,"7702 Cedar Rd, San Diego, TX 24875"
Jane G. Rodriguez,jane.rodriguez16@testmail.com,"8033 Maple Ave, San Jose, CA 37050"
John D. Miller,john.miller43@example.com,"711 Oak Dr, Chicago, AZ 83494"
Linda I. Johnson,linda.johnson30@testmail.com,"4141 Maple Ave, Dallas, AZ 85209"
William D. Rodriguez,william.rodriguez16@testmail.com,"5656 Maple Ave, San Jose, IL 73784"
Jessica G. Miller,jessica.miller58@testmail.com,"2292 Willow Ln, Philadelphia, AZ 59483"
Emily  Brown,emily.brown90@myemail.org,"8180 Elm St, San Jose, NC 87558"
Jane  Garcia,jane.garcia76@testmail.com,"8216 Maple Ave, New York, TX 61842"
Michael D. Smith,michael.smith13@example.com,"5217 Oak Dr, Philadelphia, IL 46941"
Michael A. Martinez,michael.martinez18@example.com,"1099 Sunset Blvd, Philadelphia, NY 80529"
Emily C. Miller,emily.miller77@testmail.com,"3782 Oak Dr, New York, NY 78269"
Robert A. Brown,robert.brown81@mailservice.com,"3314 Sunset Blvd, San Jose, CA 80033"
John I. Martinez,john.martinez79@example.com,"8144 Cedar Rd, New York, GA 63782"
Jane E. Brown,jane.brown69@fakemail.net,"8436 2nd Ave, Dallas, IL 38313"
Robert F. Jones,robert.jones75@myemail.org,"9757 Main St, Dallas, GA 58902"
Sarah  Martinez,sarah.martinez74@fakemail.net,"2322 Willow Ln, Chicago, PA 87826"
Emily F. Smith,emily.smith91@myemail.org,"3110 Cedar Rd, San Diego, CA 13714"
Robert I. Williams,robert.williams21@mailservice.com,"535 Broadway, Chicago, NY 51531"
David B. Garcia,david.garcia90@fakemail.net,"3891 Cedar Rd, Chicago, OH 48606"
John H. Smith,john.smith22@fakemail.net,"5036 Elm St, San Jose, OH 86379"
Michael I. Davis,michael.davis25@myemail.org,"8588 Cedar Rd, San Diego, NY 37669"
William A. Williams,william.williams75@testmail.com,"3226 Pine St, Dallas, PA 34335"
Robert C. Johnson,robert.johnson23@fakemail.net,"6715 Maple Ave, San Antonio, NC 25771"
Linda H. Miller,linda.miller58@example.com,"2967 Pine St, Dallas, NC 97045"
Robert G. Johnson,robert.johnson80@testmail.com,"6461 Main St, San Diego, IL 67612"
David J. Williams,david.williams16@example.com,"3585 Cedar Rd, Philadelphia, CA 49867"
Linda C. Johnson,linda.johnson76@fakemail.net,"7821 Willow Ln, Dallas, PA 35678"
David C. Martinez,david.martinez35@testmail.com,"7403 Cedar Rd, San Jose, IL 61634"
Michael F. Miller,michael.miller27@mailservice.com,"6012 Maple Ave, Los Angeles, CA 80317"
Michael C. Smith,michael.smith39@testmail.com,"9830 Broadway, San Diego, GA 48577"
Michael B. Brown,michael.brown11@example.com,"7316 Sunset Blvd, Dallas, PA 11496"
Jane F. Johnson,jane.johnson55@mailservice.com,"1023 Willow Ln, San Antonio, PA 88992"
Sarah H. Jones,sarah.jones12@example.com,"6332 Cedar Rd, Phoenix, PA 86915"
Emily E. Brown,emily.brown14@testmail.com,"8047 2nd Ave, Los Angeles, NC 47058"
William E. Garcia,william.garcia20@myemail.org,"7960 2nd Ave, Phoenix, FL 15482"
Michael E. Garcia,michael.garcia64@testmail.com,"2416 Sunset Blvd, Chicago, AZ 26691"
Emily H. Johnson,emily.johnson21@myemail.org,"5269 Oak Dr, New York, AZ 52499"
Linda H. Smith,linda.smith85@mailservice.com,"6542 Oak Dr, Dallas, GA 66457"
Sarah E. Martinez,sarah.martinez85@myemail.org,"1590 Main St, Los Angeles, PA 56463"
Linda  Brown,linda.brown22@mailservice.com,"2530 Willow Ln, San Antonio, TX 42611"
Jessica  Johnson,jessica.johnson26@fakemail.net,"5760 Cedar Rd, New York, AZ 13697"
John I. Johnson,john.johnson83@mailservice.com,"6095 Broadway, San Jose, GA 41521"
Jessica G. Brown,jessica.brown85@myemail.org,"9326 Elm St, Chicago, GA 27275"
Emily B. Miller,emily.miller47@mailservice.com,"9158 Pine St, San Antonio, CA 95755"
Linda J. Williams,linda.williams88@fakemail.net,"1328 Pine St, Dallas, OH 76321"
Emily A. Garcia,emily.garcia39@testmail.com,"9519 Cedar Rd, Houston, GA 41124"
David H. Miller,david.miller74@fakemail.net,"6917 Pine St, Dallas, TX 82340"
Jessica H. Miller,jessica.miller40@mailservice.com,"5621 Elm St, New York, CA 37481"
Sarah  Martinez,sarah.martinez97@testmail.com,"1607 Sunset Blvd, Los Angeles, IL 84253"
William J. Martinez,william.martinez96@myemail.org,"7026 Cedar Rd, Houston, IL 33994"
Michael D. Miller,michael.miller57@testmail.com,"7645 Main St, Dallas, OH 26898"
Linda E. Johnson,linda.johnson88@mailservice.com,"483 Elm St, San Jose, FL 32003"
Jessica C. Jones,jessica.jones44@mailservice.com,"222 Main St, Houston, NY 30514"
John A. Williams,john.williams60@example.com,"3942 Elm St, San Antonio, NC 21952"
William B. Williams,william.williams42@myemail.org,"8799 Cedar Rd, Philadelphia, TX 55016"
John E. Williams,john.williams64@testmail.com,"5310 Willow Ln, Philadelphia, AZ 91718"
David F. Davis,david.davis47@mailservice.com,"172 Broadway, Philadelphia, OH 78269"
Michael E. Brown,michael.brown77@myemail.org,"1699 Willow Ln, San Diego, FL 34824"
Emily H. Rodriguez,emily.rodriguez71@fakemail.net,"9976 Main St, San Antonio, PA 80942"
Robert J. Brown,robert.brown32@fakemail.net,"356 Pine St, Chicago, NY 31297"
Sarah J. Rodriguez,sarah.rodriguez51@testmail.com,"6729 Broadway, New York, OH 45235"
William C. Garcia,william.garcia48@testmail.com,"4992 Pine St, Houston, CA 62906"
Jessica D. Garcia,jessica.garcia90@testmail.com,"2418 Maple Ave, Dallas, GA 85910"
Linda H. Miller,linda.miller66@mailservice.com,"8372 Sunset Blvd, San Jose, FL 64080"
Linda I. Brown,linda.brown37@mailservice.com,"9577 Main St, Houston, AZ 26858"
John H. Garcia,john.garcia89@testmail.com,"4413 Oak Dr, San Antonio, PA 28787"
David G. Jones,david.jones86@example.com,"314 Broadway, San Antonio, AZ 41354"
William  Martinez,william.martinez59@fakemail.net,"5088 Sunset Blvd, Houston, CA 79633"
Sarah  Martinez,sarah.martinez72@mailservice.com,"5548 Elm St, Houston, AZ 39041"
Robert B. Brown,robert.brown67@mailservice.com,"9768 Pine St, Chicago, CA 35179"
Sarah I. Miller,sarah.miller36@myemail.org,"1838 Elm St, San Jose, NC 39760"
Jessica B. Jones,jessica.jones90@myemail.org,"9819 Oak Dr, San Jose, NY 52207"
Jane A. Rodriguez,jane.rodriguez22@fakemail.net,"2435 Maple Ave, Houston, PA 51750"
Jessica I. Miller,jessica.miller15@myemail.org,"8729 Maple Ave, Philadelphia, OH 40786"
David C. Smith,david.smith21@mailservice.com,"3678 Maple Ave, San Jose, PA 73382"
David G. Rodriguez,david.rodriguez14@testmail.com,"920 Broadway, San Diego, AZ 84034"
John F. Miller,john.miller14@testmail.com,"4716 Elm St, San Diego, GA 89860"
Michael B. Rodriguez,michael.rodriguez13@example.com,"1327 Pine St, Phoenix, TX 18362"
Sarah H. Williams,sarah.williams79@example.com,"1013 Pine St, Phoenix, PA 65405"
William F. Smith,william.smith79@fakemail.net,"1349 Elm St, Philadelphia, NY 71784"
Jane D. Martinez,jane.martinez68@fakemail.net,"7394 Maple Ave, Houston, CA 56913"
Jane F. Davis,jane.davis69@myemail.org,"8068 Oak Dr, New York, FL 58522"
David  Davis,david.davis66@example.com,"8719 Broadway, San Antonio, PA 86978"
William  Davis,william.davis91@myemail.org,"5145 Willow Ln, Phoenix, NY 63974"
John E. Martinez,john.martinez54@example.com,"2727 Pine St, Dallas, AZ 61268"
Jane C. Williams,jane.williams51@myemail.org,"3588 Sunset Blvd, Houston, IL 87809"
Jane J. Johnson,jane.johnson18@mailservice.com,"1285 Willow Ln, Los Angeles, NC 19919"
Sarah I. Rodriguez,sarah.rodriguez68@example.com,"3714 Elm St, Philadelphia, AZ 47602"
Jane D. Smith,jane.smith79@example.com,"2118 2nd Ave, New York, NC 32393"
David H. Smith,david.smith24@testmail.com,"9735 Maple Ave, Los Angeles, NY 44899"
John E. Garcia,john.garcia22@mailservice.com,"6152 Pine St, Houston, GA 75208"
Linda J. Smith,linda.smith49@example.com,"6511 Sunset Blvd, San Diego, TX 18658"
William H. Rodriguez,william.rodriguez83@myemail.org,"3983 Broadway, San Jose, IL 48493"
Jane G. Miller,jane.miller18@testmail.com,"4573 Pine St, Chicago, GA 43324"
William J. Brown,william.brown33@myemail.org,"911 Main St, San Jose, PA 55328"
Emily C. Jones,emily.jones22@myemail.org,"2001 Willow Ln, San Antonio, PA 22175"
Robert F. Smith,robert.smith16@myemail.org,"4327 Oak Dr, Phoenix, AZ 86953"
Linda A. Williams,linda.williams14@testmail.com,"6087 Cedar Rd, Chicago, AZ 20720"
David I. Rodriguez,david.rodriguez22@example.com,"3339 Elm St, Phoenix, PA 87830"
Emily F. Jones,emily.jones58@myemail.org,"9577 Oak Dr, Philadelphia, AZ 12008"
Linda B. Smith,linda.smith94@testmail.com,"7177 2nd Ave, San Antonio, IL 32003"
William G. Williams,william.williams87@mailservice.com,"3056 Main St, Los Angeles, AZ 76276"
Sarah H. Davis,sarah.davis61@example.com,"5277 Main St, San Jose, CA 94311"
Robert  Rodriguez,robert.rodriguez91@example.com,"694 Main St, Houston, CA 77252"
Jessica D. Williams,jessica.williams84@testmail.com,"9832 Main St, San Antonio, PA 55486"
Jane I. Miller,jane.miller28@myemail.org,"4341 Sunset Blvd, San Diego, PA 63306"
Michael G. Rodriguez,michael.rodriguez65@testmail.com,"5610 Maple Ave, Philadelphia, PA 73879"
William B. Smith,william.smith84@fakemail.net,"7973 Cedar Rd, New York, NY 44044"
Jane A. Martinez,jane.martinez20@testmail.com,"8356 Willow Ln, Phoenix, OH 53597"
Sarah B. Martinez,sarah.martinez37@myemail.org,"802 Sunset Blvd, Chicago, IL 91243"
William D. Garcia,william.garcia79@fakemail.net,"8133 Sunset Blvd, New York, NC 29764"
Robert B. Brown,robert.brown83@example.com,"8375 Oak Dr, Chicago, OH 97308"
Sarah I. Davis,sarah.davis42@testmail.com,"146 Pine St, San Diego, TX 83088"
Sarah G. Rodriguez,sarah.rodriguez32@mailservice.com,"1771 Main St, New York, FL 71258"
Jane A. Johnson,jane.johnson70@testmail.com,"3184 Broadway, San Antonio, NY 88657"
Robert H. Johnson,robert.johnson43@fakemail.net,"1824 Willow Ln, New York, PA 46080"
William E. Martinez,william.martinez93@testmail.com,"8735 2nd Ave, Dallas, TX 52042"
Linda I. Garcia,linda.garcia29@fakemail.net,"2388 Broadway, San Jose, NY 80167"
William H. Garcia,william.garcia61@myemail.org,"8412 Cedar Rd, Phoenix, NY 98342"
Michael H. Williams,michael.williams88@fakemail.net,"4383 Pine St, Houston, CA 86897"
Jessica B. Martinez,jessica.martinez58@myemail.org,"4708 Broadway, San Antonio, OH 17357"
William H. Jones,william.jones13@testmail.com,"5300 Broadway, Philadelphia, NY 75948"
Linda F. Rodriguez,linda.rodriguez58@fakemail.net,"182 Cedar Rd, San Jose, CA 78670"
David D. Miller,david.miller23@fakemail.net,"4950 Sunset Blvd, Chicago, CA 55497"
Robert G. Williams,robert.williams54@mailservice.com,"8994 Cedar Rd, Houston, OH 67917"
Jane H. Smith,jane.smith22@mailservice.com,"5152 2nd Ave, Dallas, PA 89064"
Robert A. Martinez,robert.martinez23@fakemail.net,"1108 Pine St, Dallas, GA 66015"
Jessica B. Jones,jessica.jones75@testmail.com,"2080 Willow Ln, Houston, GA 81190"
Robert A. Davis,robert.davis71@example.com,"3054 2nd Ave, Philadelphia, IL 56418"
Linda H. Jones,linda.jones59@myemail.org,"9593 Maple Ave, San Antonio, NY 29706"
John B. Smith,john.smith99@myemail.org,"3381 2nd Ave, San Antonio, OH 20571"
Sarah G. Smith,sarah.smith46@myemail.org,"2100 Willow Ln, San Jose, CA 65090"
Emily D. Williams,emily.williams78@testmail.com,"909 Main St, Dallas, OH 36411"
Sarah E. Johnson,sarah.johnson41@fakemail.net,"6537 Cedar Rd, San Antonio, AZ 14070"
Jessica G. Garcia,jessica.garcia15@testmail.com,"805 Main St, Philadelphia, OH 13112"
David D. Rodriguez,david.rodriguez25@example.com,"4166 Broadway, Philadelphia, PA 76817"
Sarah J. Davis,sarah.davis64@testmail.com,"2365 Elm St, Philadelphia, GA 78746"
David E. Miller,david.miller57@fakemail.net,"5956 2nd Ave, Phoenix, PA 65074"
Jane A. Rodriguez,jane.rodriguez95@example.com,"3951 Main St, Dallas, FL 41795"
Emily C. Davis,emily.davis15@fakemail.net,"8402 Oak Dr, Dallas, FL 58182"
Michael J. Rodriguez,michael.rodriguez82@testmail.com,"8881 Elm St, Los Angeles, NY 70610"
Robert C. Brown,robert.brown33@testmail.com,"5920 Elm St, Philadelphia, OH 25472"
Jane  Smith,jane.smith28@testmail.com,"3841 Oak Dr, New York, NC 23281"
Robert I. Williams,robert.williams28@fakemail.net,"479 Main St, Dallas, CA 93350"
Linda  Williams,linda.williams30@fakemail.net,"5843 Sunset Blvd, San Diego, FL 15319"
Emily  Davis,emily.davis32@myemail.org,"7648 Sunset Blvd, Chicago, TX 71983"
Linda  Rodriguez,linda.rodriguez80@fakemail.net,"2403 Cedar Rd, New York, NY 97937"
David J. Johnson,david.johnson34@example.com,"4589 Elm St, Chicago, TX 40017"
David D. Smith,david.smith34@testmail.com,"8614 Main St, Phoenix, TX 32423"
John A. Davis,john.davis11@fakemail.net,"2000 Pine St, Phoenix, TX 31869"
William D. Williams,william.williams75@testmail.com,"5041 Broadway, San Diego, AZ 48648"
Sarah A. Davis,sarah.davis38@myemail.org,"2693 2nd Ave, San Jose, OH 38492"
Linda H. Johnson,linda.johnson17@example.com,"8546 Sunset Blvd, San Diego, AZ 71923"
Sarah G. Martinez,sarah.martinez98@fakemail.net,"8159 Cedar Rd, New York, PA 77948"
William E. Jones,william.jones37@example.com,"7008 Maple Ave, Houston, PA 90642"
Robert I. Davis,robert.davis86@testmail.com,"580 Main St, Chicago, FL 72619"
Michael E. Johnson,michael.johnson98@fakemail.net,"1470 Elm St, New York, PA 32964"
Sarah J. Martinez,sarah.martinez25@myemail.org,"3725 Main St, New York, OH 53970"
John J. Brown,john.brown91@testmail.com,"9960 Broadway, Houston, NY 84736"
Linda H. Jones,linda.jones90@testmail.com,"7846 2nd Ave, San Antonio, FL 36251"
Jane B. Miller,jane.miller64@testmail.com,"9601 Oak Dr, San Antonio, OH 98443"
John F. Davis,john.davis78@example.com,"4442 Main St, Los Angeles, AZ 57256"
Linda  Smith,linda.smith42@myemail.org,"1762 Main St, Dallas, TX 90867"
Jessica H. Johnson,jessica.johnson22@testmail.com,"5504 Maple Ave, Phoenix, GA 54074"
Linda C. Jones,linda.jones65@mailservice.com,"1087 Oak Dr, Chicago, IL 79357"
Sarah G. Rodriguez,sarah.rodriguez59@example.com,"2786 2nd Ave, San Antonio, AZ 62761"
Robert C. Martinez,robert.martinez39@fakemail.net,"5583 Elm St, Houston, PA 12459"
Michael F. Miller,michael.miller55@testmail.com,"8727 Elm St, Dallas, NC 98321"
Emily C. Miller,emily.miller52@mailservice.com,"2243 Pine St, New York, GA 24608"
Sarah E. Brown,sarah.brown96@mailservice.com,"1733 Cedar Rd, San Antonio, CA 99281"
Jessica G. Johnson,jessica.johnson57@myemail.org,"700 Broadway, San Jose, OH 98581"
Sarah D. Rodriguez,sarah.rodriguez36@example.com,"754 Elm St, San Jose, PA 24106"
Linda A. Williams,linda.williams69@testmail.com,"8507 Cedar Rd, Chicago, AZ 86285"
John H. Smith,john.smith37@testmail.com,"4463 Pine St, San Jose, NC 92789"
Robert E. Johnson,robert.johnson49@example.com,"4612 Oak Dr, New York, AZ 89395"
David J. Garcia,david.garcia61@testmail.com,"8020 2nd Ave, Philadelphia, AZ 97986"
Robert  Davis,robert.davis76@testmail.com,"6101 2nd Ave, Los Angeles, TX 35720"
Jessica B. Martinez,jessica.martinez63@fakemail.net,"4416 Sunset Blvd, San Jose, NY 46315"
William E. Johnson,william.johnson59@testmail.com,"2998 Main St, Houston, AZ 72379"
Jane H. Smith,jane.smith46@fakemail.net,"6310 Maple Ave, Dallas, FL 78841"
William B. Rodriguez,william.rodriguez64@example.com,"3523 2nd Ave, Los Angeles, PA 38128"
Linda E. Williams,linda.williams46@fakemail.net,"1348 Sunset Blvd, Houston, FL 36690"
Jane A. Garcia,jane.garcia35@example.com,"6893 Oak Dr, Philadelphia, CA 69578"
Jane D. Martinez,jane.martinez29@myemail.org,"6147 Oak Dr, San Jose, NC 81015"
Linda H. Davis,linda.davis11@fakemail.net,"6914 Oak Dr, New York, TX 52294"
Jane C. Smith,jane.smith11@mailservice.com,"5822 Oak Dr, San Diego, OH 69094"
Robert E. Williams,robert.williams80@example.com,"6571 2nd Ave, San Jose, NY 12106"
Jessica E. Brown,jessica.brown95@testmail.com,"4743 Maple Ave, Houston, NY 70356"
Linda A. Jones,linda.jones27@myemail.org,"8325 Oak Dr, Chicago, IL 12157"
Michael J. Miller,michael.miller18@fakemail.net,"7815 Maple Ave, San Diego, FL 52727"
Emily E. Davis,emily.davis89@myemail.org,"3434 Broadway, New York, OH 12134"
Sarah E. Smith,sarah.smith99@myemail.org,"5176 Maple Ave, San Diego, TX 97754"
Jessica A. Davis,jessica.davis91@fakemail.net,"5219 2nd Ave, Chicago, TX 46965"
Jane G. Davis,jane.davis59@testmail.com,"6285 Maple Ave, Phoenix, AZ 72271"
Jane H. Brown,jane.brown92@myemail.org,"2194 Elm St, New York, PA 41260"
David E. Brown,david.brown61@testmail.com,"7581 2nd Ave, Philadelphia, CA 33674"
Sarah G. Martinez,sarah.martinez78@mailservice.com,"8644 Cedar Rd, San Diego, FL 76334"
Michael E. Davis,michael.davis84@fakemail.net,"8514 Willow Ln, Philadelphia, CA 17912"
Jane J. Johnson,jane.johnson11@myemail.org,"8916 Elm St, New York, PA 14201"
Jane F. Miller,jane.miller50@example.com,"7612 Elm St, Los Angeles, TX 61897"
David J. Johnson,david.johnson20@mailservice.com,"636 Cedar Rd, New York, OH 85922"
Jane  Miller,jane.miller11@fakemail.net,"4355 Cedar Rd, San Jose, GA 64842"
William B. Smith,william.smith18@myemail.org,"634 Maple Ave, San Antonio, FL 44583"
Michael D. Davis,michael.davis72@example.com,"5287 Elm St, San Diego, NC 87808"
Michael D. Davis,michael.davis87@mailservice.com,"3728 Maple Ave, Phoenix, CA 27912"
Robert F. Williams,robert.williams24@mailservice.com,"5481 Willow Ln, San Diego, AZ 69778"
Jane B. Williams,jane.williams88@testmail.com,"4299 Willow Ln, Los Angeles, FL 80941"
Jane H. Johnson,jane.johnson79@mailservice.com,"790 Oak Dr, San Jose, NY 18948"
Robert H. Brown,robert.brown56@myemail.org,"7649 Main St, New York, NY 79586"
Michael D. Davis,michael.davis91@example.com,"5134 Maple Ave, Phoenix, FL 92547"
John A. Williams,john.williams79@example.com,"7030 Cedar Rd, Houston, OH 87213"
Michael G. Jones,michael.jones10@fakemail.net,"4558 Main St, San Jose, CA 16178"
William E. Garcia,william.garcia42@myemail.org,"2348 Broadway, San Antonio, CA 92383"
Michael C. Brown,michael.brown79@myemail.org,"3644 Sunset Blvd, New York, OH 43019"
Emily A. Jones,emily.jones37@myemail.org,"1045 Broadway, San Diego, AZ 13374"
Sarah  Jones,sarah.jones90@testmail.com,"6175 Maple Ave, Los Angeles, GA 80490"
Sarah G. Jones,sarah.jones58@fakemail.net,"2575 Willow Ln, Philadelphia, NY 65525"
Jessica A. Rodriguez,jessica.rodriguez24@fakemail.net,"3083 Pine St, San Antonio, TX 50075"
Robert B. Williams,robert.williams67@mailservice.com,"5802 Sunset Blvd, San Diego, NC 76400"
Sarah H. Davis,sarah.davis76@myemail.org,"6496 2nd Ave, San Jose, FL 29964"
Linda G. Miller,linda.miller61@testmail.com,"2023 Cedar Rd, Phoenix, NY 28893"
Robert E. Jones,robert.jones42@example.com,"6324 Cedar Rd, San Diego, FL 50592"
Linda I. Smith,linda.smith53@example.com,"6755 Main St, San Antonio, OH 25682"
Linda I. Smith,linda.smith70@mailservice.com,"5623 2nd Ave, San Diego, CA 23475"
Linda G. Brown,linda.brown47@example.com,"482 Sunset Blvd, Los Angeles, IL 15708"
Jane I. Miller,jane.miller38@myemail.org,"8484 Willow Ln, New York, NY 69838"
David  Williams,david.williams61@fakemail.net,"3024 Sunset Blvd, Los Angeles, CA 59786"
Jane C. Smith,jane.smith23@fakemail.net,"4724 Pine St, Phoenix, GA 26892"
William F. Williams,william.williams96@fakemail.net,"8733 Main St, Houston, PA 73427"
John D. Jones,john.jones90@myemail.org,"6543 Elm St, San Antonio, PA 67484"
John D. Williams,john.williams81@myemail.org,"9810 Sunset Blvd, Dallas, TX 38532"
Robert A. Williams,robert.williams57@testmail.com,"2891 Sunset Blvd, Phoenix, TX 34597"
David D. Johnson,david.johnson37@example.com,"8772 Oak Dr, Phoenix, GA 43405"
Linda B. Williams,linda.williams60@mailservice.com,"9232 Broadway, Philadelphia, PA 38562"
Emily B. Rodriguez,emily.rodriguez76@fakemail.net,"7909 Main St, Los Angeles, NC 20842"
Emily A. Miller,emily.miller72@fakemail.net,"6736 Oak Dr, San Jose, NY 15551"
Jessica C. Jones,jessica.jones64@myemail.org,"7478 Pine St, San Diego, PA 90212"
Linda  Rodriguez,linda.rodriguez10@testmail.com,"2168 Elm St, Houston, OH 83179"
Michael  Johnson,michael.johnson37@mailservice.com,"5242 Oak Dr, Chicago, AZ 75221"
Emily  Jones,emily.jones51@mailservice.com,"6331 Sunset Blvd, San Diego, GA 66743"
Linda A. Garcia,linda.garcia42@testmail.com,"9686 Oak Dr, Chicago, OH 14755"
Robert H. Smith,robert.smith57@testmail.com,"2771 Cedar Rd, Los Angeles, TX 33685"
Jane B. Johnson,jane.johnson79@fakemail.net,"793 2nd Ave, San Jose, CA 94295"
Robert F. Miller,robert.miller36@myemail.org,"4836 Elm St, Phoenix, TX 79009"
John B. Jones,john.jones64@example.com,"8550 Elm St, New York, PA 84777"
Robert  Williams,robert.williams98@fakemail.net,"8458 Sunset Blvd, Los Angeles, IL 86227"
Sarah I. Rodriguez,sarah.rodriguez12@fakemail.net,"2958 Cedar Rd, Dallas, NY 30553"
Jane E. Davis,jane.davis42@testmail.com,"8942 Cedar Rd, San Jose, OH 56465"
Robert D. Garcia,robert.garcia96@myemail.org,"9888 Cedar Rd, San Diego, OH 57245"
Robert C. Miller,robert.miller28@testmail.com,"447 Main St, New York, NY 95207"
Sarah  Williams,sarah.williams21@myemail.org,"9553 Willow Ln, Chicago, AZ 36703"
Jessica J. Johnson,jessica.johnson27@example.com,"7741 2nd Ave, Los Angeles, CA 41796"
Jane C. Davis,jane.davis76@mailservice.com,"6339 Cedar Rd, Los Angeles, IL 41764"
William H. Martinez,william.martinez17@fakemail.net,"1797 Cedar Rd, Los Angeles, NY 40418"
David  Williams,david.williams94@fakemail.net,"771 Main St, Chicago, CA 14007"
Sarah J. Williams,sarah.williams60@mailservice.com,"7978 Maple Ave, New York, CA 12976"
John J. Rodriguez,john.rodriguez18@myemail.org,"4858 Pine St, Los Angeles, TX 32006"
John F. Smith,john.smith31@example.com,"9419 2nd Ave, New York, TX 40720"
Jane E. Williams,jane.williams41@fakemail.net,"8118 Sunset Blvd, Los Angeles, TX 37086"
William I. Smith,william.smith15@fakemail.net,"3216 Maple Ave, Philadelphia, IL 34022"
David G. Davis,david.davis91@myemail.org,"853 Oak Dr, Dallas, GA 58199"
Emily B. Martinez,emily.martinez70@testmail.com,"1082 Cedar Rd, San Antonio, CA 81044"
Sarah C. Brown,sarah.brown59@fakemail.net,"6101 Pine St, San Antonio, IL 86537"
David F. Jones,david.jones54@example.com,"3761 Maple Ave, Dallas, OH 74974"
Sarah B. Rodriguez,sarah.rodriguez87@mailservice.com,"5388 Pine St, Chicago, PA 39097"
David A. Davis,david.davis51@myemail.org,"9294 Oak Dr, Philadelphia, FL 53071"
Jane F. Rodriguez,jane.rodriguez22@myemail.org,"2806 Maple Ave, San Jose, FL 68326"
Jane A. Jones,jane.jones69@myemail.org,"4150 2nd Ave, Chicago, GA 13288"
Linda C. Williams,linda.williams31@testmail.com,"9505 2nd Ave, Houston, AZ 31094"
Michael J. Smith,michael.smith41@myemail.org,"6603 Broadway, Dallas, CA 44899"
Emily G. Smith,emily.smith86@fakemail.net,"8349 Main St, Chicago, OH 23672"
Jane J. Jones,jane.jones91@mailservice.com,"1071 Pine St, New York, TX 32075"
Michael J. Miller,michael.miller62@myemail.org,"8038 Willow Ln, Philadelphia, IL 58586"
William A. Davis,william.davis21@myemail.org,"7087 Pine St, Houston, NC 79009"
Robert C. Davis,robert.davis87@example.com,"3296 Elm St, Los Angeles, PA 41846"
Robert  Johnson,robert.johnson37@myemail.org,"3655 Broadway, Houston, NC 55092"
Jane C. Smith,jane.smith33@fakemail.net,"9546 2nd Ave, Phoenix, OH 57603"
Jane H. Jones,jane.jones55@mailservice.com,"6666 Maple Ave, San Antonio, OH 88546"
Jane B. Garcia,jane.garcia24@mailservice.com,"5284 Pine St, Chicago, IL 67739"
Michael  Williams,michael.williams35@myemail.org,"4043 Cedar Rd, San Antonio, NC 64331"
William D. Williams,william.williams96@myemail.org,"6443 Cedar Rd, San Jose, GA 19772"
Michael G. Rodriguez,michael.rodriguez78@mailservice.com,"4697 Pine St, Los Angeles, CA 71106"
Sarah H. Johnson,sarah.johnson14@fakemail.net,"3456 Sunset Blvd, San Diego, TX 15122"
Michael E. Martinez,michael.martinez61@testmail.com,"4220 Pine St, Chicago, TX 72800"
Sarah D. Williams,sarah.williams98@fakemail.net,"236 Willow Ln, San Diego, CA 88752"
David J. Brown,david.brown56@testmail.com,"459 Sunset Blvd, San Jose, GA 66543"
Linda I. Martinez,linda.martinez58@testmail.com,"7283 Pine St, San Antonio, PA 74884"
Linda F. Garcia,linda.garcia40@testmail.com,"4802 Willow Ln, Philadelphia, NC 66222"
Michael D. Williams,michael.williams28@testmail.com,"5972 Maple Ave, Los Angeles, FL 48493"
Michael F. Martinez,michael.martinez78@mailservice.com,"137 Sunset Blvd, Phoenix, OH 44583"
Sarah  Brown,sarah.brown87@example.com,"8542 Maple Ave, Dallas, TX 17009"
John G. Garcia,john.garcia19@example.com,"8511 Elm St, Chicago, TX 83279"
John B. Brown,john.brown54@example.com,"725 Elm St, San Jose, IL 42620"
Emily J. Miller,emily.miller77@myemail.org,"8304 Cedar Rd, Chicago, PA 42887"
Robert H. Smith,robert.smith45@testmail.com,"6931 Elm St, New York, NC 48579"
Michael I. Williams,michael.williams16@mailservice.com,"7396 Main St, Los Angeles, GA 98960"
William E. Davis,william.davis54@myemail.org,"9658 Sunset Blvd, Los Angeles, IL 31680"
Sarah G. Johnson,sarah.johnson23@myemail.org,"1386 Broadway, New York, AZ 82610"
Jane G. Johnson,jane.johnson76@testmail.com,"7508 Sunset Blvd, Phoenix, CA 54846"
Michael D. Jones,michael.jones14@mailservice.com,"179 Pine St, Chicago, NC 14464"
Emily E. Martinez,emily.martinez34@example.com,"8380 2nd Ave, Phoenix, PA 24128"
Robert E. Brown,robert.brown42@mailservice.com,"6847 2nd Ave, New York, FL 82636"
Jane H. Brown,jane.brown91@myemail.org,"6706 Elm St, Chicago, NY 42202"
William B. Jones,william.jones76@testmail.com,"2466 Elm St, San Jose, IL 89112"
Jane F. Davis,jane.davis81@myemail.org,"2624 2nd Ave, Los Angeles, NY 22357"
Jessica H. Rodriguez,jessica.rodriguez88@testmail.com,"7545 Cedar Rd, San Jose, OH 81756"
John A. Rodriguez,john.rodriguez43@fakemail.net,"5274 Maple Ave, Philadelphia, TX 16200"
William A. Jones,william.jones52@myemail.org,"9880 Sunset Blvd, Chicago, CA 98114"
Michael J. Jones,michael.jones14@testmail.com,"6048 2nd Ave, San Jose, IL 62074"
David E. Miller,david.miller23@myemail.org,"4204 2nd Ave, New York, IL 72271"
Michael  Brown,michael.brown33@testmail.com,"4901 Main St, Houston, NY 78372"
Jane E. Rodriguez,jane.rodriguez13@mailservice.com,"4432 Willow Ln, San Antonio, TX 66024"
Robert E. Davis,robert.davis79@mailservice.com,"6155 2nd Ave, Houston, NY 97742"
Jane I. Johnson,jane.johnson24@example.com,"5698 Willow Ln, Houston, GA 65297"
Jane C. Williams,jane.williams86@fakemail.net,"8228 Cedar Rd, New York, OH 34025"
Emily C. Brown,emily.brown33@fakemail.net,"138 Oak Dr, Houston, IL 61516"
Jessica A. Garcia,jessica.garcia73@example.com,"6905 Main St, San Antonio, GA 25970"
Jessica J. Davis,jessica.davis69@mailservice.com,"9462 Maple Ave, Chicago, OH 98502"
William J. Johnson,william.johnson94@testmail.com,"7253 Main St, San Jose, OH 61831"
Sarah D. Rodriguez,sarah.rodriguez69@testmail.com,"5584 Willow Ln, New York, TX 31733"
John G. Williams,john.williams84@testmail.com,"8874 Cedar Rd, Philadelphia, CA 71693"
Sarah H. Jones,sarah.jones93@mailservice.com,"3916 Maple Ave, New York, FL 59875"
Emily D. Brown,emily.brown52@myemail.org,"3313 Willow Ln, San Antonio, CA 29159"
Linda C. Martinez,linda.martinez68@myemail.org,"5702 Oak Dr, Houston, NC 97733"
William G. Williams,william.williams97@testmail.com,"5577 Main St, San Diego, CA 52419"
Emily B. Johnson,emily.johnson55@fakemail.net,"8535 Broadway, New York, AZ 89773"
John A. Davis,john.davis67@testmail.com,"9075 Elm St, Chicago, OH 74772"
Jane D. Garcia,jane.garcia75@fakemail.net,"3964 Main St, San Jose, IL 42547"
Robert I. Johnson,robert.johnson84@example.com,"3885 Broadway, Houston, NY 82903"
Robert E. Garcia,robert.garcia58@mailservice.com,"2450 Maple Ave, New York, AZ 28533"
John A. Brown,john.brown20@example.com,"5060 Willow Ln, San Jose, GA 89898"
Linda  Martinez,linda.martinez97@testmail.com,"5849 Broadway, Los Angeles, IL 80694"
William J. Johnson,william.johnson46@myemail.org,"1186 Pine St, New York, OH 10429"
William D. Davis,william.davis40@fakemail.net,"9475 Pine St, Phoenix, TX 66626"
John B. Brown,john.brown34@testmail.com,"3773 Broadway, Philadelphia, GA 97890"
Emily G. Jones,emily.jones88@myemail.org,"1128 Sunset Blvd, Phoenix, OH 73553"
Emily F. Rodriguez,emily.rodriguez42@testmail.com,"934 Main St, San Jose, NY 18606"
Emily D. Rodriguez,emily.rodriguez58@mailservice.com,"7274 Willow Ln, Phoenix, NY 28221"
Emily D. Miller,emily.miller93@mailservice.com,"2866 Cedar Rd, Chicago, TX 61168"
Emily C. Smith,emily.smith30@fakemail.net,"6389 Willow Ln, Philadelphia, FL 26463"
Sarah J. Johnson,sarah.johnson44@myemail.org,"4716 Willow Ln, Chicago, IL 80573"
David F. Martinez,david.martinez19@example.com,"5443 Oak Dr, San Diego, FL 16324"
Jane C. Johnson,jane.johnson17@example.com,"1479 Sunset Blvd, San Diego, NC 93122"
John D. Williams,john.williams74@example.com,"9367 Pine St, New York, CA 44680"
John F. Williams,john.williams49@example.com,"1616 Pine St, New York, TX 66105"
David B. Rodriguez,david.rodriguez44@example.com,"103 Maple Ave, San Jose, NY 88189"
Jessica F. Brown,jessica.brown98@fakemail.net,"1981 Main St, San Jose, GA 91044"
Emily F. Johnson,emily.johnson79@fakemail.net,"990 Pine St, Dallas, NY 32594"
Jane E. Smith,jane.smith23@myemail.org,"3404 Sunset Blvd, Los Angeles, TX 36880"
David I. Miller,david.miller60@example.com,"317 Willow Ln, San Antonio, IL 98476"
William D. Smith,william.smith98@myemail.org,"7608 Cedar Rd, Houston, GA 59875"
Robert B. Williams,robert.williams23@myemail.org,"1730 Elm St, Houston, AZ 28442"
Sarah H. Johnson,sarah.johnson38@example.com,"5426 Sunset Blvd, Houston, CA 89616"
Robert J. Miller,robert.miller75@fakemail.net,"697 Elm St, San Antonio, TX 23785"
John E. Miller,john.miller15@mailservice.com,"7624 Oak Dr, Houston, IL 49426"
Linda C. Davis,linda.davis29@testmail.com,"6296 Pine St, Philadelphia, FL 13022"
Emily I. Rodriguez,emily.rodriguez98@myemail.org,"8332 Maple Ave, San Diego, PA 16882"
Robert D. Martinez,robert.martinez91@example.com,"2504 Pine St, Dallas, NC 63493"
Michael H. Rodriguez,michael.rodriguez65@myemail.org,"1713 2nd Ave, Dallas, OH 43084"
John E. Davis,john.davis97@myemail.org,"9546 Oak Dr, Phoenix, FL 39544"
William A. Garcia,william.garcia17@fakemail.net,"8198 2nd Ave, Philadelphia, NC 46368"
Michael J. Williams,michael.williams42@fakemail.net,"8007 Elm St, San Jose, GA 28888"
David H. Garcia,david.garcia30@fakemail.net,"2441 Broadway, Houston, AZ 44770"
Robert C. Jones,robert.jones27@mailservice.com,"3306 Pine St, Los Angeles, GA 83433"
David I. Garcia,david.garcia84@testmail.com,"7768 Willow Ln, Dallas, CA 12546"
John C. Garcia,john.garcia69@fakemail.net,"6555 Broadway, San Jose, CA 78953"
Jessica J. Smith,jessica.smith56@example.com,"4380 Sunset Blvd, Philadelphia, FL 59616"
Jessica F. Williams,jessica.williams75@myemail.org,"9645 Main St, Los Angeles, FL 13151"
Sarah B. Brown,sarah.brown10@testmail.com,"2965 Sunset Blvd, Los Angeles, FL 27213"
Jane  Garcia,jane.garcia32@myemail.org,"970 2nd Ave, Dallas, NC 95207"
Jessica A. Jones,jessica.jones74@example.com,"8398 Cedar Rd, San Jose, IL 77557"
Jane B. Williams,jane.williams36@mailservice.com,"7870 Pine St, Philadelphia, NY 33761"
David J. Miller,david.miller56@testmail.com,"9683 Maple Ave, San Antonio, IL 33167"
Emily J. Johnson,emily.johnson73@example.com,"9344 Broadway, New York, AZ 87082"
David I. Garcia,david.garcia75@fakemail.net,"2454 Broadway, Houston, IL 32715"
Sarah  Miller,sarah.miller59@mailservice.com,"605 Maple Ave, Phoenix, AZ 15161"
David I. Garcia,david.garcia33@fakemail.net,"776 Maple Ave, San Antonio, IL 37474"
John  Brown,john.brown67@testmail.com,"3366 Pine St, New York, NC 99427"
John D. Martinez,john.martinez91@mailservice.com,"7548 Maple Ave, Philadelphia, PA 68123"
William H. Brown,william.brown20@mailservice.com,"9730 Broadway, San Jose, IL 56634"
Linda D. Miller,linda.miller38@testmail.com,"9214 Pine St, Los Angeles, GA 53126"
Michael C. Jones,michael.jones26@example.com,"4247 2nd Ave, Chicago, FL 71462"
Linda D. Miller,linda.miller23@testmail.com,"7108 Oak Dr, San Jose, NC 42620"
Jane F. Davis,jane.davis79@mailservice.com,"1033 Sunset Blvd, San Diego, NC 66626"
David D. Brown,david.brown73@example.com,"2602 Broadway, Chicago, CA 39987"
Jane F. Brown,jane.brown57@testmail.com,"1008 Oak Dr, San Jose, FL 89167"
David F. Garcia,david.garcia90@mailservice.com,"1154 Willow Ln, San Diego, NC 44217"
Sarah H. Brown,sarah.brown19@myemail.org,"1616 Cedar Rd, San Antonio, NC 21600"
Michael E. Rodriguez,michael.rodriguez61@testmail.com,"8936 Broadway, Chicago, NY 81522"
Emily E. Williams,emily.williams36@mailservice.com,"9380 2nd Ave, Houston, AZ 96952"
William C. Martinez,william.martinez31@myemail.org,"3815 Sunset Blvd, San Diego, PA 97889"
Emily I. Rodriguez,emily.rodriguez73@mailservice.com,"472 Oak Dr, Dallas, GA 54818"
William A. Martinez,william.martinez14@fakemail.net,"3187 Cedar Rd, Houston, FL 67888"
Michael  Martinez,michael.martinez62@mailservice.com,"8197 Main St, Phoenix, NC 21868"
Jessica D. Martinez,jessica.martinez19@mailservice.com,"811 2nd Ave, San Diego, PA 67847"
William D. Williams,william.williams45@fakemail.net,"6553 Cedar Rd, San Antonio, OH 84465"
John A. Miller,john.miller47@fakemail.net,"8953 2nd Ave, Philadelphia, AZ 33632"
Robert G. Johnson,robert.johnson68@myemail.org,"9952 Broadway, San Antonio, OH 80744"
David D. Garcia,david.garcia40@mailservice.com,"3573 Elm St, Chicago, IL 57313"
William G. Rodriguez,william.rodriguez71@fakemail.net,"4000 Cedar Rd, Houston, IL 38416"
Robert B. Rodriguez,robert.rodriguez92@example.com,"4048 2nd Ave, Philadelphia, PA 46589"
William I. Davis,william.davis82@testmail.com,"8142 Sunset Blvd, Dallas, PA 13531"
Sarah F. Brown,sarah.brown96@fakemail.net,"6131 Broadway, San Jose, NY 30128"
William I. Johnson,william.johnson88@fakemail.net,"7622 Elm St, San Antonio, FL 66900"
Robert A. Miller,robert.miller81@testmail.com,"7352 Oak Dr, Houston, CA 38103"
Jessica G. Smith,jessica.smith72@fakemail.net,"6808 Main St, Phoenix, IL 63521"
Jessica B. Martinez,jessica.martinez69@myemail.org,"9114 Main St, Houston, NC 22343"
William I. Martinez,william.martinez65@mailservice.com,"7747 2nd Ave, San Jose, NC 60952"
Robert J. Miller,robert.miller87@myemail.org,"9310 Elm St, Philadelphia, CA 30460"
Jane G. Johnson,jane.johnson53@mailservice.com,"3878 Oak Dr, Houston, NY 95377"
Sarah E. Rodriguez,sarah.rodriguez52@myemail.org,"8833 Maple Ave, Chicago, AZ 28090"
Sarah D. Williams,sarah.williams23@mailservice.com,"9668 Maple Ave, San Antonio, TX 52911"
Michael E. Brown,michael.brown39@testmail.com,"8226 Broadway, San Antonio, FL 22357"
Linda G. Rodriguez,linda.rodriguez45@myemail.org,"4864 2nd Ave, Houston, PA 68006"
John D. Martinez,john.martinez10@fakemail.net,"580 Willow Ln, Phoenix, OH 77867"
Emily J. Johnson,emily.johnson27@mailservice.com,"2661 2nd Ave, Houston, OH 37147"
Jessica H. Davis,jessica.davis28@mailservice.com,"7690 Oak Dr, Phoenix, GA 65405"
William J. Williams,william.williams70@mailservice.com,"5236 Oak Dr, Phoenix, PA 73064"
William G. Williams,william.williams84@testmail.com,"5807 Broadway, New York, FL 49246"
Jane  Johnson,jane.johnson91@mailservice.com,"6804 Maple Ave, New York, FL 74495"
Jessica E. Johnson,jessica.johnson15@example.com,"8064 Maple Ave, San Diego, NY 50790"
Robert I. Williams,robert.williams50@fakemail.net,"3956 Elm St, Phoenix, IL 91473"
David A. Davis,david.davis19@myemail.org,"2942 Willow Ln, San Diego, OH 59993"
Jessica D. Williams,jessica.williams34@mailservice.com,"4752 2nd Ave, San Antonio, AZ 90539"
Sarah J. Davis,sarah.davis78@myemail.org,"8968 Pine St, San Antonio, NY 76558"
Linda J. Brown,linda.brown91@fakemail.net,"9356 Cedar Rd, San Jose, NC 94416"
Robert I. Johnson,robert.johnson76@fakemail.net,"1793 Elm St, Philadelphia, GA 44044"
Emily A. Rodriguez,emily.rodriguez23@myemail.org,"3499 Willow Ln, New York, IL 69326"
John G. Miller,john.miller51@myemail.org,"6522 Pine St, San Jose, NC 58158"
Robert I. Davis,robert.davis21@myemail.org,"9043 Elm St, San Antonio, NC 62036"
Jessica E. Garcia,jessica.garcia10@mailservice.com,"2198 Willow Ln, Dallas, NC 40610"
Jane I. Rodriguez,jane.rodriguez39@fakemail.net,"977 Elm St, San Jose, FL 75384"
William I. Smith,william.smith77@fakemail.net,"9852 Elm St, San Jose, FL 86897"
William H. Smith,william.smith23@myemail.org,"2223 Main St, Chicago, TX 68993"
John F. Williams,john.williams16@testmail.com,"2794 Pine St, New York, NC 59204"
David B. Garcia,david.garcia33@myemail.org,"9964 Cedar Rd, Phoenix, AZ 89170"
Emily B. Smith,emily.smith13@fakemail.net,"2345 Oak Dr, San Antonio, NC 48601"
Linda C. Garcia,linda.garcia13@example.com,"1638 Cedar Rd, Chicago, NC 43433"
David G. Johnson,david.johnson73@myemail.org,"5570 Sunset Blvd, Los Angeles, CA 94785"
William C. Davis,william.davis18@example.com,"8417 Maple Ave, Dallas, CA 97857"
William I. Brown,william.brown90@myemail.org,"8602 Main St, Chicago, PA 82827"
William J. Davis,william.davis81@myemail.org,"8517 Willow Ln, New York, CA 11488"
Jane  Brown,jane.brown48@example.com,"9918 Elm St, Phoenix, GA 62319"
David E. Rodriguez,david.rodriguez62@testmail.com,"3844 Sunset Blvd, Chicago, IL 31248"
Jane D. Johnson,jane.johnson27@myemail.org,"1532 Sunset Blvd, San Antonio, TX 61648"
Robert E. Miller,robert.miller11@example.com,"8617 Maple Ave, Philadelphia, IL 37355"
David G. Martinez,david.martinez71@myemail.org,"7965 Cedar Rd, San Antonio, CA 14652"
John H. Smith,john.smith91@testmail.com,"3100 Willow Ln, San Jose, IL 38605"
Jessica H. Miller,jessica.miller70@fakemail.net,"2744 Sunset Blvd, San Jose, TX 12442"
Robert  Williams,robert.williams11@mailservice.com,"3877 Willow Ln, Phoenix, TX 99319"
Linda H. Rodriguez,linda.rodriguez78@testmail.com,"2863 Sunset Blvd, Los Angeles, CA 85017"
Linda  Miller,linda.miller38@fakemail.net,"830 Pine St, Los Angeles, GA 60542"
Michael J. Miller,michael.miller84@testmail.com,"2556 Oak Dr, Dallas, TX 49393"
Linda A. Johnson,linda.johnson75@example.com,"2530 Oak Dr, Chicago, PA 61805"
Jane D. Johnson,jane.johnson58@example.com,"2635 Cedar Rd, Dallas, TX 11261"
Jessica G. Martinez,jessica.martinez71@fakemail.net,"6545 Broadway, New York, CA 21677"
Robert A. Martinez,robert.martinez15@testmail.com,"4850 Maple Ave, Houston, AZ 47700"
Jane D. Brown,jane.brown62@fakemail.net,"9455 Sunset Blvd, San Diego, PA 14906"
Robert E. Rodriguez,robert.rodriguez56@testmail.com,"5957 Willow Ln, Los Angeles, OH 38592"
Michael E. Garcia,michael.garcia31@example.com,"8971 Maple Ave, Dallas, TX 38588"
Michael J. Williams,michael.williams24@testmail.com,"9000 Maple Ave, Houston, GA 32059"
Jessica H. Brown,jessica.brown88@example.com,"6242 Main St, Dallas, NC 81867"
Jessica  Martinez,jessica.martinez15@fakemail.net,"424 Willow Ln, Chicago, FL 32503"
Jessica J. Garcia,jessica.garcia83@fakemail.net,"8037 Pine St, San Diego, FL 47568"
David A. Davis,david.davis44@myemail.org,"3022 Sunset Blvd, Chicago, PA 91124"
Sarah H. Miller,sarah.miller31@testmail.com,"337 Oak Dr, San Diego, OH 95095"
John J. Brown,john.brown90@example.com,"734 Maple Ave, San Diego, NC 39217"
Robert E. Garcia,robert.garcia18@mailservice.com,"2858 2nd Ave, Los Angeles, GA 81190"
Sarah C. Williams,sarah.williams36@example.com,"215 2nd Ave, San Antonio, IL 82072"
Michael G. Martinez,michael.martinez20@fakemail.net,"288 Oak Dr, San Diego, AZ 35929"
Michael F. Davis,michael.davis40@testmail.com,"8850 Main St, Chicago, NY 44508"
David J. Williams,david.williams47@example.com,"9764 Broadway, San Jose, PA 96834"
John  Smith,john.smith10@myemail.org,"5356 Maple Ave, Phoenix, TX 71021"
Sarah D. Johnson,sarah.johnson40@example.com,"8426 Broadway, San Antonio, PA 98415"
Michael G. Williams,michael.williams45@mailservice.com,"4079 Elm St, Philadelphia, GA 37845"
David E. Jones,david.jones79@testmail.com,"5625 Main St, San Diego, IL 64679"
William I. Garcia,william.garcia69@mailservice.com,"475 Oak Dr, Philadelphia, IL 50847"
Jessica J. Davis,jessica.davis45@fakemail.net,"3199 2nd Ave, Houston, IL 36811"
Jessica I. Smith,jessica.smith77@mailservice.com,"9964 Willow Ln, San Jose, NC 25582"
Linda E. Davis,linda.davis41@example.com,"5656 Sunset Blvd, Dallas, CA 46902"
William E. Brown,william.brown23@mailservice.com,"5014 Cedar Rd, San Jose, PA 17150"
Jane A. Davis,jane.davis97@myemail.org,"6149 Oak Dr, Philadelphia, NY 24125"
Robert E. Rodriguez,robert.rodriguez95@example.com,"4818 Cedar Rd, San Diego, TX 54894"
Emily B. Davis,emily.davis43@fakemail.net,"9268 Oak Dr, Houston, CA 89134"
Linda E. Martinez,linda.martinez78@myemail.org,"4863 Maple Ave, Dallas, GA 30756"
Sarah F. Rodriguez,sarah.rodriguez99@example.com,"3359 Maple Ave, Chicago, GA 99119"
Robert I. Brown,robert.brown72@mailservice.com,"7609 Maple Ave, San Antonio, IL 97316"
Sarah D. Williams,sarah.williams79@fakemail.net,"5045 Elm St, San Diego, CA 73567"
Jessica I. Jones,jessica.jones13@example.com,"4273 Main St, New York, PA 62226"
Robert J. Davis,robert.davis41@fakemail.net,"3666 Sunset Blvd, New York, GA 77450"
Robert  Martinez,robert.martinez21@fakemail.net,"3543 Main St, New York, CA 61620"
Emily I. Garcia,emily.garcia36@myemail.org,"283 Main St, Los Angeles, NC 51097"
Linda E. Rodriguez,linda.rodriguez26@testmail.com,"7091 Maple Ave, San Diego, TX 59494"
Emily B. Williams,emily.williams73@mailservice.com,"4848 Cedar Rd, San Diego, OH 65290"
Robert  Davis,robert.davis31@myemail.org,"6933 Broadway, San Antonio, NY 38399"
David E. Martinez,david.martinez65@fakemail.net,"4760 Cedar Rd, Philadelphia, CA 54281"
Michael C. Garcia,michael.garcia94@fakemail.net,"4150 Main St, Phoenix, PA 69064"
Robert H. Smith,robert.smith54@testmail.com,"724 2nd Ave, Houston, FL 57284"
Linda B. Brown,linda.brown66@mailservice.com,"3424 2nd Ave, Phoenix, IL 70810"
Jessica A. Garcia,jessica.garcia53@example.com,"6434 Oak Dr, Los Angeles, IL 18309"
Linda E. Davis,linda.davis49@testmail.com,"4409 Elm St, San Jose, CA 52525"
Linda E. Rodriguez,linda.rodriguez47@testmail.com,"7909 Cedar Rd, San Antonio, FL 68100"
William C. Davis,william.davis57@myemail.org,"9128 Maple Ave, Dallas, NC 88005"
Emily H. Jones,emily.jones30@fakemail.net,"813 Main St, San Antonio, CA 68530"
Linda J. Rodriguez,linda.rodriguez64@mailservice.com,"6341 Sunset Blvd, Philadelphia, IL 51699"
Michael F. Garcia,michael.garcia91@example.com,"8860 Elm St, Dallas, IL 37428"
Linda G. Garcia,linda.garcia90@mailservice.com,"3553 Maple Ave, Dallas, AZ 12227"
John I. Miller,john.miller84@fakemail.net,"7676 Cedar Rd, New York, NC 21482"
Sarah C. Brown,sarah.brown18@testmail.com,"7918 Sunset Blvd, Los Angeles, FL 66336"
David I. Smith,david.smith74@myemail.org,"6039 Oak Dr, Chicago, NY 71121"
Linda I. Martinez,linda.martinez32@myemail.org,"2591 Oak Dr, Dallas, NC 82662"
Robert F. Smith,robert.smith95@myemail.org,"5535 Maple Ave, Phoenix, PA 49688"
Michael F. Davis,michael.davis75@testmail.com,"8314 2nd Ave, San Jose, CA 14636"
Linda F. Smith,linda.smith54@mailservice.com,"6523 Broadway, San Jose, NC 41532"
Linda B. Smith,linda.smith85@mailservice.com,"2888 Cedar Rd, Houston, PA 38955"
David I. Davis,david.davis70@fakemail.net,"701 Cedar Rd, San Diego, AZ 55659"
Linda J. Miller,linda.miller71@myemail.org,"7769 Willow Ln, New York, NY 32381"
Jessica J. Brown,jessica.brown83@example.com,"4333 Oak Dr, Los Angeles, PA 34333"
William F. Brown,william.brown42@example.com,"7911 Sunset Blvd, San Diego, NC 97458"
Michael H. Miller,michael.miller74@fakemail.net,"8454 Oak Dr, San Diego, OH 32691"
David I. Smith,david.smith51@fakemail.net,"2101 2nd Ave, Dallas, TX 17828"
Linda D. Jones,linda.jones22@mailservice.com,"8922 Cedar Rd, Philadelphia, OH 48555"
Jessica  Johnson,jessica.johnson70@fakemail.net,"246 Maple Ave, Philadelphia, AZ 72018"
Emily G. Johnson,emily.johnson15@myemail.org,"1583 Broadway, San Antonio, CA 27831"
Jane A. Johnson,jane.johnson93@mailservice.com,"3409 Maple Ave, San Diego, NC 22153"
Emily G. Davis,emily.davis49@testmail.com,"9754 Oak Dr, San Antonio, GA 59308"
Robert B. Miller,robert.miller59@fakemail.net,"7080 Elm St, Dallas, FL 38574"
Michael H. Martinez,michael.martinez71@mailservice.com,"1106 Oak Dr, Philadelphia, IL 11210"
Robert  Martinez,robert.martinez59@mailservice.com,"4269 Pine St, New York, TX 69630"
William E. Rodriguez,william.rodriguez59@fakemail.net,"593 Elm St, Philadelphia, GA 76979"
Emily B. Johnson,emily.johnson70@mailservice.com,"1016 Cedar Rd, Phoenix, AZ 21933"
Michael A. Rodriguez,michael.rodriguez23@mailservice.com,"4407 Main St, San Antonio, TX 98284"
William D. Miller,william.miller72@example.com,"3696 Broadway, Dallas, NY 15968"
David G. Garcia,david.garcia21@mailservice.com,"6849 Willow Ln, San Antonio, GA 16391"
Sarah E. Johnson,sarah.johnson58@myemail.org,"8122 Main St, Chicago, AZ 32204"
William J. Rodriguez,william.rodriguez60@testmail.com,"2077 2nd Ave, Chicago, IL 89834"
John D. Davis,john.davis24@mailservice.com,"8168 Maple Ave, Dallas, GA 87905"
Emily G. Davis,emily.davis45@myemail.org,"1459 Main St, New York, PA 77807"
Jessica B. Jones,jessica.jones75@fakemail.net,"2970 Broadway, Philadelphia, OH 93247"
William G. Davis,william.davis65@myemail.org,"9409 2nd Ave, Phoenix, IL 24380"
Robert I. Garcia,robert.garcia76@myemail.org,"5459 Broadway, San Antonio, AZ 12054"
Emily C. Brown,emily.brown18@mailservice.com,"5572 Willow Ln, Houston, IL 71693"
Jessica  Smith,jessica.smith41@mailservice.com,"272 Broadway, San Antonio, CA 17828"
William E. Rodriguez,william.rodriguez57@mailservice.com,"7278 Cedar Rd, San Jose, FL 74903"
Jessica D. Brown,jessica.brown57@example.com,"2331 Willow Ln, Philadelphia, CA 11402"
Linda D. Jones,linda.jones44@fakemail.net,"1129 Sunset Blvd, Houston, AZ 53161"
Jane G. Jones,jane.jones77@fakemail.net,"2634 Broadway, San Antonio, TX 99101"
John I. Brown,john.brown31@myemail.org,"8285 Main St, Philadelphia, AZ 44532"
Emily B. Martinez,emily.martinez89@myemail.org,"6223 Broadway, San Antonio, TX 80871"
Linda D. Smith,linda.smith14@example.com,"6042 Willow Ln, New York, TX 46821"
William G. Williams,william.williams29@mailservice.com,"569 Cedar Rd, Houston, OH 46821"
Jessica H. Rodriguez,jessica.rodriguez42@example.com,"9082 Elm St, Los Angeles, NY 47328"
David J. Smith,david.smith58@myemail.org,"4443 Broadway, San Jose, TX 73234"
Jessica  Rodriguez,jessica.rodriguez83@testmail.com,"5549 Elm St, Los Angeles, PA 62431"
David C. Smith,david.smith88@example.com,"5480 Pine St, Philadelphia, FL 66634"
Sarah D. Davis,sarah.davis13@myemail.org,"9404 2nd Ave, Houston, GA 15674"
David E. Smith,david.smith88@myemail.org,"4342 Main St, San Diego, OH 49396"
Jane J. Brown,jane.brown79@testmail.com,"4726 Cedar Rd, Los Angeles, CA 47586"
William A. Johnson,william.johnson24@myemail.org,"6438 Broadway, Dallas, PA 80513"
Jane C. Miller,jane.miller28@testmail.com,"9115 Oak Dr, San Diego, TX 83662"
David B. Johnson,david.johnson77@testmail.com,"2030 Main St, New York, NY 26970"
Sarah B. Williams,sarah.williams48@mailservice.com,"3092 Pine St, New York, FL 62354"
Linda  Smith,linda.smith49@example.com,"4578 Elm St, Chicago, FL 49570"
David B. Davis,david.davis10@fakemail.net,"9170 Willow Ln, Phoenix, NC 56121"
Sarah J. Miller,sarah.miller40@example.com,"937 Sunset Blvd, San Antonio, FL 80905"
Sarah A. Miller,sarah.miller15@myemail.org,"2859 Elm St, Dallas, FL 42705"
John E. Brown,john.brown36@myemail.org,"1336 Pine St, New York, CA 76689"
Jane I. Miller,jane.miller10@testmail.com,"6342 Cedar Rd, New York, FL 75946"
Robert F. Rodriguez,robert.rodriguez86@mailservice.com,"3710 Broadway, Dallas, PA 41378"
John I. Jones,john.jones83@testmail.com,"694 Maple Ave, Philadelphia, PA 24736"
William  Rodriguez,william.rodriguez97@myemail.org,"8216 Cedar Rd, Chicago, OH 85692"
William E. Johnson,william.johnson89@myemail.org,"8872 Sunset Blvd, San Jose, AZ 86630"
Jane F. Davis,jane.davis45@fakemail.net,"1016 Elm St, San Diego, GA 48964"
William  Johnson,william.johnson58@mailservice.com,"1339 Broadway, Los Angeles, GA 14581"
Linda A. Brown,linda.brown35@testmail.com,"700 Oak Dr, Dallas, CA 59085"
Michael E. Rodriguez,michael.rodriguez72@mailservice.com,"7835 Elm St, Dallas, TX 19025"
Michael H. Davis,michael.davis43@testmail.com,"4651 Broadway, Phoenix, NC 26585"
Emily I. Jones,emily.jones33@fakemail.net,"3069 Pine St, Houston, IL 11797"
William A. Miller,william.miller29@example.com,"9834 Willow Ln, Dallas, NC 99577"
Jessica I. Brown,jessica.brown98@example.com,"8849 Main St, Chicago, IL 69665"
Sarah A. Jones,sarah.jones38@mailservice.com,"1154 Broadway, Houston, FL 21987"
Robert  Williams,robert.williams28@example.com,"4067 Broadway, Chicago, PA 54278"
Jane B. Jones,jane.jones56@myemail.org,"3884 Broadway, Phoenix, CA 32974"
Emily C. Rodriguez,emily.rodriguez75@example.com,"9885 Elm St, Philadelphia, TX 45172"
Sarah D. Garcia,sarah.garcia93@testmail.com,"5940 Maple Ave, Dallas, FL 61835"
Sarah A. Rodriguez,sarah.rodriguez21@example.com,"7826 Elm St, San Diego, NY 48410"
Linda I. Williams,linda.williams34@testmail.com,"5553 Maple Ave, Philadelphia, NY 86152"
Jessica D. Williams,jessica.williams52@example.com,"4290 Cedar Rd, Los Angeles, FL 81361"
Michael A. Davis,michael.davis11@myemail.org,"8601 Oak Dr, Chicago, NC 98914"
Jessica  Rodriguez,jessica.rodriguez75@example.com,"9338 Oak Dr, Philadelphia, NY 33918"
William D. Smith,william.smith16@example.com,"1151 Pine St, Houston, CA 31248"
William F. Martinez,william.martinez71@myemail.org,"8529 Oak Dr, New York, IL 17663"
Robert D. Johnson,robert.johnson43@testmail.com,"4975 Maple Ave, San Diego, AZ 82503"
Sarah F. Smith,sarah.smith12@testmail.com,"692 Elm St, New York, OH 28813"
Linda B. Davis,linda.davis98@myemail.org,"6865 Oak Dr, Dallas, OH 44548"
Michael F. Brown,michael.brown70@mailservice.com,"8057 Cedar Rd, New York, NY 17240"
Jessica A. Williams,jessica.williams41@mailservice.com,"6599 Sunset Blvd, Dallas, OH 95543"
Emily I. Miller,emily.miller87@mailservice.com,"6619 Elm St, San Jose, NY 72281"
William A. Martinez,william.martinez24@mailservice.com,"7270 Cedar Rd, San Jose, IL 12380"
Robert  Smith,robert.smith77@myemail.org,"226 Cedar Rd, Chicago, NY 95221"
John G. Brown,john.brown79@mailservice.com,"6510 Broadway, Philadelphia, NC 41354"
Michael C. Brown,michael.brown55@example.com,"7710 Oak Dr, Chicago, PA 44522"
Jane A. Rodriguez,jane.rodriguez78@myemail.org,"3009 Oak Dr, Houston, GA 46295"
David H. Jones,david.jones95@mailservice.com,"3735 Pine St, Phoenix, TX 20559"
William  Johnson,william.johnson46@myemail.org,"1848 Willow Ln, Phoenix, PA 94430"
Jessica G. Miller,jessica.miller15@fakemail.net,"2761 Cedar Rd, San Jose, NY 31227"
Jane I. Smith,jane.smith99@mailservice.com,"985 Sunset Blvd, San Antonio, OH 52781"
William  Brown,william.brown85@testmail.com,"5029 Main St, Dallas, NC 42374"
Emily D. Smith,emily.smith42@fakemail.net,"292 Elm St, Philadelphia, NY 53548"
Jane J. Miller,jane.miller36@testmail.com,"8865 Oak Dr, Philadelphia, OH 49731"
Jane A. Martinez,jane.martinez58@example.com,"2416 Maple Ave, San Jose, GA 12279"
David D. Garcia,david.garcia94@fakemail.net,"4935 Maple Ave, Chicago, AZ 13100"
Jessica  Brown,jessica.brown99@example.com,"3472 Cedar Rd, Phoenix, AZ 25825"
David J. Jones,david.jones89@example.com,"6268 Pine St, Phoenix, NY 58158"
William G. Johnson,william.johnson76@example.com,"352 Sunset Blvd, Philadelphia, TX 29094"
Robert H. Miller,robert.miller90@example.com,"1953 Broadway, San Antonio, AZ 12459"
Jessica G. Rodriguez,jessica.rodriguez62@fakemail.net,"9537 Main St, San Antonio, NY 32332"
Robert G. Miller,robert.miller14@mailservice.com,"7345 Sunset Blvd, New York, PA 93150"
Robert C. Miller,robert.miller64@example.com,"6783 Broadway, Phoenix, NY 64586"
John I. Johnson,john.johnson54@fakemail.net,"5294 Main St, Los Angeles, GA 36251"
Robert D. Garcia,robert.garcia27@example.com,"1261 Pine St, New York, FL 86182"
Emily B. Martinez,emily.martinez18@myemail.org,"5670 2nd Ave, Dallas, PA 80753"
Linda C. Davis,linda.davis27@example.com,"1875 Cedar Rd, Houston, IL 84588"
Sarah J. Johnson,sarah.johnson30@example.com,"8729 Main St, Phoenix, GA 15909"
Jane H. Garcia,jane.garcia27@fakemail.net,"1975 Main St, Houston, FL 71106"
David I. Martinez,david.martinez30@myemail.org,"9850 Willow Ln, Dallas, OH 74854"
David F. Brown,david.brown49@myemail.org,"207 Elm St, Dallas, AZ 64076"
Michael G. Garcia,michael.garcia57@example.com,"2291 Pine St, New York, NY 18111"
Jane  Johnson,jane.johnson14@fakemail.net,"2262 Cedar Rd, San Jose, CA 68194"
Linda J. Garcia,linda.garcia49@myemail.org,"8687 Main St, Phoenix, GA 11800"
Robert F. Garcia,robert.garcia92@myemail.org,"1399 Cedar Rd, Houston, AZ 35513"
Robert A. Martinez,robert.martinez54@fakemail.net,"8138 2nd Ave, New York, TX 54846"
Jane B. Garcia,jane.garcia27@testmail.com,"746 Willow Ln, Philadelphia, NY 72302"
Robert J. Williams,robert.williams25@example.com,"7515 Broadway, San Antonio, TX 21686"
Sarah D. Johnson,sarah.johnson30@mailservice.com,"9273 Pine St, Los Angeles, GA 74269"
Robert H. Johnson,robert.johnson18@testmail.com,"7781 Elm St, Phoenix, GA 23440"
John D. Davis,john.davis32@testmail.com,"2361 Maple Ave, New York, TX 50928"
Linda B. Williams,linda.williams53@fakemail.net,"6146 2nd Ave, San Jose, CA 89046"
Michael D. Garcia,michael.garcia10@example.com,"3015 Willow Ln, Philadelphia, AZ 26981"
John A. Johnson,john.johnson74@example.com,"8730 Willow Ln, San Antonio, OH 61131"
Sarah F. Jones,sarah.jones38@testmail.com,"6574 Oak Dr, San Diego, AZ 73526"
William F. Jones,william.jones63@mailservice.com,"8319 Elm St, Houston, PA 77303"
Michael F. Johnson,michael.johnson76@mailservice.com,"680 Main St, New York, AZ 59918"
Robert C. Miller,robert.miller76@fakemail.net,"7813 Willow Ln, New York, IL 25591"
David H. Rodriguez,david.rodriguez80@fakemail.net,"9048 Pine St, Philadelphia, AZ 83855"
Sarah H. Rodriguez,sarah.rodriguez84@fakemail.net,"318 Maple Ave, New York, GA 29601"
David C. Brown,david.brown11@myemail.org,"3108 Oak Dr, Phoenix, NC 10542"
Sarah J. Davis,sarah.davis33@mailservice.com,"7147 Cedar Rd, San Diego, NC 77487"
Sarah  Davis,sarah.davis80@mailservice.com,"3555 Pine St, Houston, OH 24699"
Emily C. Rodriguez,emily.rodriguez64@mailservice.com,"5153 Cedar Rd, San Antonio, OH 64745"
David C. Johnson,david.johnson63@example.com,"8039 Willow Ln, Houston, NC 50743"
Jessica B. Rodriguez,jessica.rodriguez24@example.com,"1901 Main St, Dallas, OH 81368"
John B. Garcia,john.garcia50@fakemail.net,"2081 Willow Ln, Philadelphia, IL 47266"
Emily B. Jones,emily.jones45@testmail.com,"9487 Broadway, Houston, FL 22822"
William E. Williams,william.williams77@mailservice.com,"9465 2nd Ave, San Jose, FL 12226"
Linda C. Smith,linda.smith62@mailservice.com,"5426 Oak Dr, San Antonio, FL 18227"
Jessica F. Garcia,jessica.garcia81@fakemail.net,"5284 Pine St, Dallas, OH 60253"
William A. Brown,william.brown66@mailservice.com,"7333 Sunset Blvd, Philadelphia, GA 56966"
Jane F. Smith,jane.smith76@testmail.com,"6514 2nd Ave, San Jose, NC 96639"
Sarah B. Davis,sarah.davis91@example.com,"5835 Cedar Rd, San Antonio, NY 74342"
William H. Miller,william.miller82@myemail.org,"1718 2nd Ave, Philadelphia, CA 62884"
Jessica  Jones,jessica.jones75@mailservice.com,"1811 Cedar Rd, Philadelphia, CA 96498"
David  Johnson,david.johnson11@fakemail.net,"6259 Broadway, Los Angeles, TX 43236"
William E. Williams,william.williams70@testmail.com,"411 2nd Ave, Chicago, GA 29530"
David E. Martinez,david.martinez57@myemail.org,"3618 Elm St, San Jose, TX 13867"
Jane G. Miller,jane.miller92@example.com,"5157 Oak Dr, Philadelphia, OH 34778"
Robert A. Martinez,robert.martinez61@myemail.org,"7030 2nd Ave, Chicago, IL 75558"
Linda  Rodriguez,linda.rodriguez99@testmail.com,"7087 Willow Ln, San Diego, GA 63425"
Jane D. Johnson,jane.johnson45@mailservice.com,"1501 Broadway, Houston, TX 44818"
William I. Brown,william.brown36@myemail.org,"5708 Broadway, New York, NY 10278"
Emily C. Miller,emily.miller18@testmail.com,"4168 Broadway, Philadelphia, CA 43975"
Jane G. Rodriguez,jane.rodriguez18@example.com,"9556 Elm St, Philadelphia, OH 96125"
John J. Garcia,john.garcia49@example.com,"3178 Broadway, San Diego, CA 46911"
Sarah C. Garcia,sarah.garcia66@myemail.org,"7795 Pine St, Philadelphia, OH 97655"
Jane B. Johnson,jane.johnson45@example.com,"1192 Cedar Rd, Houston, CA 68967"
Jane D. Rodriguez,jane.rodriguez42@mailservice.com,"1264 Willow Ln, Los Angeles, AZ 13997"
Jessica H. Rodriguez,jessica.rodriguez33@mailservice.com,"1716 Pine St, Houston, FL 39227"
Linda J. Martinez,linda.martinez21@myemail.org,"6611 2nd Ave, San Antonio, GA 61950"
Jessica J. Rodriguez,jessica.rodriguez33@mailservice.com,"3847 Elm St, New York, PA 83624"
Jane D. Miller,jane.miller53@testmail.com,"9653 Cedar Rd, Phoenix, FL 56675"
William B. Davis,william.davis96@fakemail.net,"8805 Cedar Rd, New York, CA 17764"
Robert F. Martinez,robert.martinez96@testmail.com,"1697 Sunset Blvd, New York, NY 59608"
David F. Davis,david.davis44@fakemail.net,"4090 2nd Ave, Houston, NY 94560"
Michael E. Smith,michael.smith23@mailservice.com,"9428 Sunset Blvd, New York, CA 31921"
William I. Brown,william.brown30@testmail.com,"9839 Pine St, Dallas, NY 55688"
Jane G. Johnson,jane.johnson80@example.com,"8399 Maple Ave, Phoenix, TX 18606"
John D. Martinez,john.martinez16@myemail.org,"754 Elm St, Philadelphia, OH 25808"
William I. Brown,william.brown96@mailservice.com,"1454 Willow Ln, San Antonio, FL 34850"
John C. Williams,john.williams67@myemail.org,"2767 Pine St, San Antonio, NY 66150"
David I. Williams,david.williams15@myemail.org,"9067 Maple Ave, New York, NC 94081"
Emily A. Miller,emily.miller29@myemail.org,"2250 Cedar Rd, Dallas, TX 71989"
Jessica I. Jones,jessica.jones93@mailservice.com,"5392 2nd Ave, Houston, OH 35109"
Sarah B. Williams,sarah.williams24@testmail.com,"6895 Cedar Rd, Houston, IL 16874"
Jane H. Rodriguez,jane.rodriguez67@example.com,"4568 Cedar Rd, New York, PA 57313"
Linda D. Williams,linda.williams14@mailservice.com,"109 Pine St, San Diego, TX 33386"
Michael H. Brown,michael.brown10@fakemail.net,"4790 Sunset Blvd, Philadelphia, AZ 90103"
Michael F. Smith,michael.smith83@example.com,"224 2nd Ave, Houston, GA 16857"
David A. Smith,david.smith70@fakemail.net,"3898 Pine St, Chicago, NY 53139"
Michael D. Garcia,michael.garcia17@mailservice.com,"1989 Sunset Blvd, Houston, TX 20197"
Jane F. Williams,jane.williams60@fakemail.net,"8892 Pine St, San Diego, FL 23567"
Linda B. Rodriguez,linda.rodriguez51@fakemail.net,"1031 Maple Ave, Houston, TX 80753"
Robert H. Davis,robert.davis28@fakemail.net,"2483 Sunset Blvd, Chicago, GA 32075"
Emily D. Miller,emily.miller64@example.com,"9426 Willow Ln, Chicago, PA 85339"
Jessica I. Brown,jessica.brown80@testmail.com,"8315 Main St, Dallas, NC 21019"
David  Johnson,david.johnson92@mailservice.com,"9009 Pine St, San Diego, NY 16178"
Jane F. Rodriguez,jane.rodriguez19@myemail.org,"883 Pine St, Dallas, IL 20639"
Sarah F. Smith,sarah.smith20@testmail.com,"6317 Cedar Rd, Los Angeles, NY 39386"
Jane F. Jones,jane.jones68@mailservice.com,"8692 Oak Dr, San Antonio, NC 65970"
Michael H. Davis,michael.davis11@mailservice.com,"3895 Oak Dr, San Jose, NY 11457"
John J. Garcia,john.garcia99@fakemail.net,"3443 2nd Ave, Dallas, NC 70924"
William F. Miller,william.miller12@testmail.com,"5294 Main St, San Jose, NY 15932"
Emily E. Brown,emily.brown18@testmail.com,"671 Main St, Los Angeles, NC 94938"
Robert H. Smith,robert.smith61@example.com,"3154 Oak Dr, Houston, TX 80169"
Sarah I. Davis,sarah.davis90@example.com,"8735 Willow Ln, Dallas, TX 40556"
Linda H. Jones,linda.jones25@fakemail.net,"5413 2nd Ave, San Antonio, NY 27015"
Jessica C. Jones,jessica.jones50@fakemail.net,"3063 Maple Ave, Houston, NY 37481"
Robert I. Miller,robert.miller92@mailservice.com,"9097 Oak Dr, Chicago, IL 72142"
Emily G. Garcia,emily.garcia79@mailservice.com,"2579 Oak Dr, Houston, IL 28000"
Jane F. Rodriguez,jane.rodriguez86@example.com,"2662 Pine St, San Jose, CA 87101"
David F. Rodriguez,david.rodriguez65@fakemail.net,"3524 Elm St, Philadelphia, OH 73290"
Robert G. Garcia,robert.garcia71@myemail.org,"6525 Elm St, Dallas, NC 21127"
William I. Miller,william.miller12@example.com,"5735 Elm St, Houston, CA 91824"
Linda J. Miller,linda.miller76@example.com,"1868 Oak Dr, San Jose, IL 48579"
Robert G. Smith,robert.smith15@testmail.com,"4916 Pine St, San Diego, PA 19163"
Jessica H. Smith,jessica.smith80@testmail.com,"300 Elm St, San Jose, PA 42872"
Emily H. Johnson,emily.johnson86@myemail.org,"1382 2nd Ave, Los Angeles, AZ 83626"
Robert  Martinez,robert.martinez30@myemail.org,"286 Willow Ln, Philadelphia, FL 61334"
Sarah F. Williams,sarah.williams78@testmail.com,"5192 Willow Ln, San Diego, NC 63936"
Linda A. Williams,linda.williams40@testmail.com,"8602 Sunset Blvd, Dallas, CA 33134"
Sarah  Davis,sarah.davis68@testmail.com,"9626 Cedar Rd, Chicago, OH 52174"
William J. Miller,william.miller64@myemail.org,"289 Broadway, Phoenix, GA 27548"
Sarah  Davis,sarah.davis45@fakemail.net,"9464 Oak Dr, Phoenix, PA 87104"
Michael B. Smith,michael.smith85@mailservice.com,"6740 Cedar Rd, San Diego, PA 76359"
Jane C. Martinez,jane.martinez54@fakemail.net,"2428 Elm St, Chicago, FL 19656"
Emily F. Williams,emily.williams27@example.com,"4627 Pine St, Chicago, AZ 24544"
Jane C. Martinez,jane.martinez30@fakemail.net,"1656 2nd Ave, New York, GA 87905"
Michael D. Jones,michael.jones22@testmail.com,"7039 Cedar Rd, San Jose, IL 73005"
Michael C. Rodriguez,michael.rodriguez34@fakemail.net,"5140 2nd Ave, Philadelphia, NC 31836"
Jessica F. Davis,jessica.davis76@mailservice.com,"4555 Sunset Blvd, Los Angeles, CA 16002"
Robert I. Miller,robert.miller72@mailservice.com,"3818 Elm St, Philadelphia, IL 80755"
William C. Rodriguez,william.rodriguez11@fakemail.net,"9490 2nd Ave, Dallas, NY 43581"
Sarah A. Garcia,sarah.garcia33@testmail.com,"1696 Pine St, Philadelphia, TX 12824"
William  Williams,william.williams60@myemail.org,"6755 2nd Ave, San Antonio, NY 35943"
Emily E. Jones,emily.jones55@example.com,"9549 Oak Dr, Dallas, NC 82021"
Michael C. Johnson,michael.johnson43@testmail.com,"3260 Pine St, San Jose, OH 80740"
Sarah E. Smith,sarah.smith20@fakemail.net,"5553 Maple Ave, Phoenix, PA 67017"
Jane A. Williams,jane.williams57@fakemail.net,"4687 2nd Ave, San Jose, GA 78069"
Sarah J. Smith,sarah.smith51@testmail.com,"8256 Sunset Blvd, Phoenix, IL 62577"
Sarah G. Davis,sarah.davis26@fakemail.net,"7980 Broadway, Phoenix, IL 47771"
Emily H. Martinez,emily.martinez51@myemail.org,"3783 Maple Ave, Dallas, NY 21481"
Sarah E. Jones,sarah.jones24@example.com,"4981 Maple Ave, San Antonio, FL 67334"
Robert B. Johnson,robert.johnson21@mailservice.com,"9269 Cedar Rd, Los Angeles, TX 48648"
Emily  Garcia,emily.garcia63@testmail.com,"4138 Pine St, Houston, PA 94468"
William I. Brown,william.brown69@fakemail.net,"6271 Maple Ave, Chicago, IL 43456"
Emily A. Rodriguez,emily.rodriguez21@myemail.org,"8383 2nd Ave, Chicago, NY 77980"
William  Martinez,william.martinez43@mailservice.com,"8592 Pine St, Houston, TX 58611"
Robert B. Davis,robert.davis54@mailservice.com,"7644 Oak Dr, Chicago, FL 63505"
Michael  Smith,michael.smith56@testmail.com,"8468 Pine St, Philadelphia, NC 49558"
David G. Martinez,david.martinez69@testmail.com,"4965 Pine St, Phoenix, GA 56275"
Michael D. Davis,michael.davis20@testmail.com,"5910 2nd Ave, San Jose, IL 13338"
William A. Williams,william.williams21@mailservice.com,"9074 Elm St, Philadelphia, CA 29606"
Robert H. Garcia,robert.garcia41@testmail.com,"9711 Oak Dr, Phoenix, OH 61231"
William J. Garcia,william.garcia95@testmail.com,"3808 Willow Ln, Dallas, NY 99664"
John I. Miller,john.miller64@example.com,"4572 2nd Ave, San Jose, FL 56047"
Linda I. Garcia,linda.garcia58@mailservice.com,"3426 Willow Ln, Chicago, OH 36041"
John C. Rodriguez,john.rodriguez75@testmail.com,"5297 Elm St, Dallas, IL 12421"
Robert J. Smith,robert.smith13@fakemail.net,"9466 Willow Ln, Houston, GA 89819"
David A. Jones,david.jones16@mailservice.com,"4098 Maple Ave, Philadelphia, NC 61334"
Jane J. Smith,jane.smith51@example.com,"7257 Main St, Chicago, PA 59102"
William C. Williams,william.williams24@myemail.org,"8637 Main St, Houston, OH 87808"
Jessica  Rodriguez,jessica.rodriguez61@myemail.org,"652 Cedar Rd, Los Angeles, TX 59016"
Jessica J. Johnson,jessica.johnson69@myemail.org,"3716 Main St, San Jose, OH 47713"
Linda F. Brown,linda.brown17@myemail.org,"2256 Broadway, Houston, CA 70820"
Jane A. Rodriguez,jane.rodriguez51@mailservice.com,"4740 Broadway, Phoenix, CA 78953"
David I. Brown,david.brown59@mailservice.com,"2624 Willow Ln, New York, IL 35558"
Robert F. Rodriguez,robert.rodriguez18@mailservice.com,"2486 2nd Ave, San Diego, NC 26433"
Robert I. Jones,robert.jones25@testmail.com,"2887 Broadway, New York, GA 64716"
John F. Smith,john.smith66@mailservice.com,"6662 Sunset Blvd, Chicago, FL 30725"
William A. Miller,william.miller22@mailservice.com,"8317 Elm St, Phoenix, NC 98372"
Michael F. Johnson,michael.johnson24@myemail.org,"4236 Willow Ln, Phoenix, OH 66242"
Linda G. Garcia,linda.garcia28@example.com,"8086 Elm St, Philadelphia, NC 31976"
Emily A. Smith,emily.smith15@myemail.org,"8758 Oak Dr, Phoenix, CA 84443"
Jane D. Davis,jane.davis62@testmail.com,"6392 Sunset Blvd, Dallas, IL 44879"
William G. Brown,william.brown18@testmail.com,"7415 Broadway, San Diego, NC 94866"
Emily B. Johnson,emily.johnson76@myemail.org,"4059 Willow Ln, Los Angeles, CA 16826"
Jessica  Williams,jessica.williams58@testmail.com,"7700 Broadway, New York, AZ 77359"
Linda D. Williams,linda.williams86@fakemail.net,"3295 Maple Ave, New York, GA 31484"
Michael C. Garcia,michael.garcia72@myemail.org,"5069 Main St, Los Angeles, FL 39989"
Linda E. Martinez,linda.martinez70@example.com,"6649 Broadway, Dallas, AZ 35182"
David  Johnson,david.johnson35@fakemail.net,"7067 Willow Ln, San Jose, FL 87639"
Sarah  Miller,sarah.miller53@testmail.com,"3137 Pine St, Phoenix, FL 13669"
Michael F. Williams,michael.williams68@testmail.com,"8020 Willow Ln, Chicago, AZ 25602"
David D. Johnson,david.johnson78@myemail.org,"9828 Pine St, Dallas, FL 14805"
Linda C. Miller,linda.miller96@fakemail.net,"1794 Pine St, New York, PA 95116"
John A. Garcia,john.garcia33@example.com,"1408 2nd Ave, San Antonio, FL 77760"
Robert D. Miller,robert.miller19@myemail.org,"1670 Maple Ave, Los Angeles, CA 36650"
Jane D. Martinez,jane.martinez77@fakemail.net,"8783 Cedar Rd, San Diego, GA 47297"
Jane  Garcia,jane.garcia22@testmail.com,"1174 Oak Dr, San Diego, OH 55723"
Sarah J. Rodriguez,sarah.rodriguez43@myemail.org,"8863 Sunset Blvd, San Diego, TX 68944"
Jane B. Martinez,jane.martinez56@fakemail.net,"4043 Broadway, San Diego, TX 29374"
John A. Jones,john.jones55@fakemail.net,"7105 Willow Ln, Philadelphia, OH 50077"
Linda G. Williams,linda.williams35@mailservice.com,"3680 Elm St, San Jose, TX 25252"
William E. Davis,william.davis82@testmail.com,"7018 Maple Ave, Philadelphia, FL 84828"
Jane B. Rodriguez,jane.rodriguez25@example.com,"6195 Pine St, San Diego, PA 24353"
Linda D. Brown,linda.brown89@myemail.org,"8259 Cedar Rd, Phoenix, NY 13123"
David  Garcia,david.garcia11@mailservice.com,"7577 Pine St, Houston, NY 25534"
David E. Davis,david.davis10@mailservice.com,"6462 Elm St, Houston, IL 18434"
John G. Brown,john.brown71@testmail.com,"299 Oak Dr, Houston, AZ 92085"
Jane D. Johnson,jane.johnson31@myemail.org,"3787 2nd Ave, New York, PA 50114"
David G. Miller,david.miller55@example.com,"9352 2nd Ave, Houston, OH 12834"
Linda H. Smith,linda.smith37@mailservice.com,"9670 Elm St, New York, AZ 53895"
David G. Miller,david.miller10@fakemail.net,"9967 2nd Ave, Houston, GA 67078"
Emily E. Martinez,emily.martinez73@testmail.com,"6394 Maple Ave, San Diego, TX 31014"
Linda C. Brown,linda.brown68@myemail.org,"6856 Oak Dr, Chicago, NC 47028"
Linda B. Smith,linda.smith67@fakemail.net,"6715 Broadway, Houston, PA 46677"
Jessica G. Jones,jessica.jones49@mailservice.com,"6976 Sunset Blvd, Chicago, NY 96225"
Jessica D. Smith,jessica.smith40@testmail.com,"9953 2nd Ave, Houston, OH 46220"
Emily H. Rodriguez,emily.rodriguez18@mailservice.com,"8342 Maple Ave, San Jose, GA 51893"
Robert I. Williams,robert.williams56@mailservice.com,"2831 Oak Dr, Chicago, GA 12807"
Sarah  Martinez,sarah.martinez38@myemail.org,"5197 Elm St, San Diego, NY 57143"
Robert G. Brown,robert.brown41@myemail.org,"191 Maple Ave, Houston, IL 52049"
Jane H. Davis,jane.davis16@testmail.com,"3461 Oak Dr, Houston, OH 66034"
Jane E. Martinez,jane.martinez19@myemail.org,"9160 Pine St, Phoenix, OH 50790"
Michael A. Williams,michael.williams72@testmail.com,"8825 2nd Ave, San Diego, TX 47539"
John G. Smith,john.smith78@example.com,"4191 Willow Ln, Chicago, NY 42875"
Jane E. Davis,jane.davis42@example.com,"8542 Willow Ln, Los Angeles, GA 95890"
Emily  Martinez,emily.martinez45@testmail.com,"4389 Pine St, Phoenix, PA 61704"
Michael H. Miller,michael.miller73@testmail.com,"1392 Cedar Rd, San Diego, IL 19181"
Robert B. Davis,robert.davis12@example.com,"2837 Maple Ave, Phoenix, TX 17836"
John E. Miller,john.miller77@myemail.org,"2867 Oak Dr, San Antonio, NC 77142"
Robert I. Jones,robert.jones70@example.com,"9921 Willow Ln, Philadelphia, NC 40398"
Linda E. Johnson,linda.johnson75@mailservice.com,"1337 Oak Dr, San Jose, OH 47913"
Linda B. Williams,linda.williams27@testmail.com,"8126 Oak Dr, Phoenix, TX 81854"
John E. Williams,john.williams61@example.com,"826 Maple Ave, Los Angeles, NC 21193"
David A. Davis,david.davis44@fakemail.net,"8973 2nd Ave, San Antonio, NY 20270"
Jane J. Williams,jane.williams74@fakemail.net,"1086 Sunset Blvd, Los Angeles, TX 37835"
Robert I. Miller,robert.miller19@testmail.com,"8906 2nd Ave, New York, NC 80317"
Linda J. Smith,linda.smith76@testmail.com,"9396 Sunset Blvd, Houston, NY 96297"
William E. Rodriguez,william.rodriguez21@fakemail.net,"7048 Willow Ln, San Antonio, TX 55342"
Emily C. Miller,emily.miller52@testmail.com,"3597 Sunset Blvd, Philadelphia, IL 74863"
Robert A. Johnson,robert.johnson38@myemail.org,"7426 Oak Dr, New York, GA 90489"
Jane I. Davis,jane.davis38@example.com,"4803 Main St, San Diego, TX 37024"
Sarah  Davis,sarah.davis61@myemail.org,"1190 2nd Ave, Houston, FL 23725"
David G. Smith,david.smith83@mailservice.com,"9441 Elm St, Los Angeles, FL 85929"
Robert F. Martinez,robert.martinez38@mailservice.com,"8768 Main St, New York, AZ 15467"
Emily E. Garcia,emily.garcia68@example.com,"2261 Main St, Phoenix, GA 78432"
Jessica J. Garcia,jessica.garcia47@example.com,"729 Cedar Rd, Philadelphia, FL 91642"
Linda E. Garcia,linda.garcia34@testmail.com,"328 Oak Dr, Dallas, AZ 12681"
William  Martinez,william.martinez64@mailservice.com,"338 Sunset Blvd, Dallas, IL 27738"
Jessica A. Davis,jessica.davis53@myemail.org,"4129 Sunset Blvd, San Antonio, NY 42053"
David C. Brown,david.brown91@mailservice.com,"3437 Maple Ave, New York, PA 95311"
William J. Jones,william.jones54@testmail.com,"9816 Maple Ave, Phoenix, AZ 83873"
Robert C. Brown,robert.brown31@example.com,"2472 Main St, Chicago, NC 11526"
Michael I. Johnson,michael.johnson49@mailservice.com,"1130 Elm St, Philadelphia, AZ 47669"
Sarah A. Martinez,sarah.martinez17@mailservice.com,"6865 Main St, San Antonio, NC 25525"
David I. Miller,david.miller21@testmail.com,"1204 Cedar Rd, Dallas, IL 98366"
William C. Garcia,william.garcia21@testmail.com,"6127 Broadway, Dallas, NY 52096"
Michael B. Rodriguez,michael.rodriguez42@testmail.com,"9637 Maple Ave, Chicago, OH 28629"
Linda D. Brown,linda.brown12@myemail.org,"8990 Main St, Phoenix, PA 39227"
John I. Brown,john.brown44@fakemail.net,"7980 Elm St, San Jose, AZ 30339"
Jessica J. Miller,jessica.miller60@fakemail.net,"5587 Oak Dr, Chicago, OH 71787"
Emily D. Davis,emily.davis98@fakemail.net,"5102 Sunset Blvd, San Antonio, NY 16199"
Linda B. Martinez,linda.martinez85@testmail.com,"7752 Willow Ln, Philadelphia, TX 55215"
John A. Johnson,john.johnson63@example.com,"2032 Sunset Blvd, San Jose, AZ 31683"
Jessica G. Jones,jessica.jones37@testmail.com,"7453 Broadway, Houston, OH 25141"
Linda F. Jones,linda.jones42@testmail.com,"2160 Oak Dr, San Antonio, NC 57681"
Emily H. Williams,emily.williams79@myemail.org,"8063 Oak Dr, San Diego, CA 18964"
Emily A. Williams,emily.williams32@fakemail.net,"1695 Maple Ave, New York, OH 42729"
Jane  Jones,jane.jones33@testmail.com,"2930 Willow Ln, Dallas, PA 42860"
William I. Smith,william.smith45@myemail.org,"1693 Sunset Blvd, San Jose, AZ 27165"
David F. Rodriguez,david.rodriguez36@fakemail.net,"8302 Willow Ln, San Jose, NC 10558"
Emily E. Miller,emily.miller71@myemail.org,"4586 Broadway, Phoenix, PA 83690"
Emily I. Rodriguez,emily.rodriguez61@myemail.org,"9797 2nd Ave, Chicago, IL 26717"
Robert C. Martinez,robert.martinez97@fakemail.net,"7757 Pine St, Phoenix, TX 31222"
Robert B. Garcia,robert.garcia64@myemail.org,"8228 Broadway, Dallas, GA 16282"
John B. Williams,john.williams13@myemail.org,"2528 2nd Ave, San Diego, NC 13389"
Sarah D. Smith,sarah.smith47@example.com,"2051 Pine St, Los Angeles, OH 79637"
Sarah E. Smith,sarah.smith25@example.com,"4227 Oak Dr, New York, AZ 99685"
Emily G. Brown,emily.brown24@myemail.org,"2277 Elm St, San Antonio, GA 38338"
Sarah J. Davis,sarah.davis68@testmail.com,"9843 Oak Dr, San Diego, FL 56745"
Linda H. Williams,linda.williams94@fakemail.net,"3704 Oak Dr, Houston, NY 28348"
John B. Williams,john.williams94@mailservice.com,"860 Oak Dr, New York, NY 13897"
Emily C. Brown,emily.brown39@fakemail.net,"4651 Main St, Los Angeles, CA 89522"
Robert H. Rodriguez,robert.rodriguez36@testmail.com,"6443 Willow Ln, Los Angeles, CA 92744"
David E. Williams,david.williams99@myemail.org,"4581 2nd Ave, Phoenix, AZ 63051"
Jessica A. Martinez,jessica.martinez55@myemail.org,"3901 2nd Ave, Chicago, IL 79148"
Robert E. Brown,robert.brown23@testmail.com,"6944 Main St, San Antonio, AZ 48829"
Emily H. Jones,emily.jones64@fakemail.net,"9192 Pine St, Dallas, NY 62835"
Sarah F. Jones,sarah.jones31@mailservice.com,"9244 Sunset Blvd, Chicago, NY 45961"
Michael I. Garcia,michael.garcia42@example.com,"6579 2nd Ave, San Diego, CA 36039"
Jessica E. Miller,jessica.miller41@example.com,"6160 Pine St, San Antonio, IL 66727"
Jane J. Williams,jane.williams82@testmail.com,"145 Willow Ln, San Diego, IL 38992"
Jessica I. Brown,jessica.brown18@fakemail.net,"5754 Willow Ln, Phoenix, IL 86679"
Linda J. Martinez,linda.martinez45@example.com,"5818 Sunset Blvd, Chicago, TX 64855"
John C. Martinez,john.martinez25@myemail.org,"670 Oak Dr, San Antonio, OH 31784"
David H. Brown,david.brown66@mailservice.com,"6369 Broadway, Dallas, NC 51690"
Michael C. Miller,michael.miller52@mailservice.com,"5773 Broadway, Chicago, PA 34259"
Emily B. Johnson,emily.johnson15@mailservice.com,"1936 Oak Dr, San Diego, OH 78155"
Robert B. Smith,robert.smith28@mailservice.com,"1655 2nd Ave, Philadelphia, AZ 96639"
Robert I. Davis,robert.davis46@example.com,"2833 Cedar Rd, San Diego, NC 49650"
William F. Miller,william.miller30@myemail.org,"8334 Oak Dr, Dallas, OH 61168"
David J. Miller,david.miller91@fakemail.net,"4385 Broadway, Philadelphia, GA 94007"
John A. Martinez,john.martinez33@testmail.com,"7577 Willow Ln, Houston, FL 52374"
William B. Miller,william.miller58@fakemail.net,"8227 Willow Ln, San Antonio, NY 80786"
John A. Miller,john.miller26@mailservice.com,"4331 Broadway, Chicago, PA 44526"
Jessica  Jones,jessica.jones49@fakemail.net,"4950 Main St, Los Angeles, OH 57775"
Michael F. Jones,michael.jones48@myemail.org,"4181 Willow Ln, San Jose, PA 14906"
Sarah G. Davis,sarah.davis72@fakemail.net,"7855 Broadway, Philadelphia, GA 69465"
John E. Garcia,john.garcia49@example.com,"152 Willow Ln, San Diego, IL 51216"
Jessica D. Brown,jessica.brown78@myemail.org,"354 Sunset Blvd, Philadelphia, OH 88387"
Jessica C. Brown,jessica.brown83@mailservice.com,"9963 Main St, Dallas, IL 53886"
David  Williams,david.williams81@myemail.org,"8363 Sunset Blvd, Dallas, AZ 82950"
David E. Smith,david.smith50@testmail.com,"5568 Pine St, Los Angeles, OH 49947"
David J. Williams,david.williams74@example.com,"5546 Broadway, Houston, NY 54052"
Robert B. Williams,robert.williams75@myemail.org,"9220 Willow Ln, San Antonio, FL 63206"
William I. Johnson,william.johnson28@example.com,"4506 Main St, Dallas, FL 78503"
John B. Rodriguez,john.rodriguez55@fakemail.net,"5925 Maple Ave, Phoenix, GA 43342"
Robert I. Jones,robert.jones63@mailservice.com,"5699 Broadway, Houston, PA 39687"
Jane  Davis,jane.davis47@fakemail.net,"5724 Main St, Phoenix, AZ 52190"
Sarah E. Brown,sarah.brown76@example.com,"2434 Maple Ave, Phoenix, AZ 85941"
Jessica J. Miller,jessica.miller18@testmail.com,"8432 2nd Ave, New York, AZ 33111"
Emily F. Johnson,emily.johnson43@example.com,"257 Sunset Blvd, Chicago, GA 24333"
John H. Miller,john.miller20@myemail.org,"4843 Willow Ln, San Diego, AZ 85506"
Jane D. Williams,jane.williams32@testmail.com,"2535 Pine St, New York, NY 79995"
Robert C. Rodriguez,robert.rodriguez97@testmail.com,"7099 2nd Ave, San Diego, NY 82990"
Sarah H. Martinez,sarah.martinez28@fakemail.net,"5219 Broadway, Los Angeles, IL 99424"
Sarah E. Williams,sarah.williams60@fakemail.net,"8424 Elm St, Houston, TX 99796"
Michael A. Rodriguez,michael.rodriguez69@example.com,"4697 Broadway, Philadelphia, NC 47985"
Emily H. Rodriguez,emily.rodriguez50@myemail.org,"5797 2nd Ave, Dallas, CA 57313"
William F. Johnson,william.johnson83@testmail.com,"9349 Broadway, Chicago, GA 91813"
Jessica A. Smith,jessica.smith87@testmail.com,"4898 Sunset Blvd, New York, FL 89860"
Emily B. Davis,emily.davis97@fakemail.net,"6791 Sunset Blvd, San Diego, IL 99631"
William H. Jones,william.jones57@example.com,"875 Broadway, San Diego, IL 77634"
William B. Smith,william.smith24@testmail.com,"4814 Elm St, Philadelphia, CA 38517"
Linda G. Brown,linda.brown66@myemail.org,"8711 Pine St, Chicago, IL 16787"
Michael I. Jones,michael.jones50@testmail.com,"8377 Oak Dr, Phoenix, CA 82103"
Emily B. Brown,emily.brown64@mailservice.com,"6181 Elm St, Phoenix, AZ 40519"
William H. Williams,william.williams10@myemail.org,"5849 Pine St, San Diego, AZ 15258"
Jane G. Davis,jane.davis42@testmail.com,"5172 Maple Ave, Houston, FL 57629"
Emily C. Smith,emily.smith56@mailservice.com,"1986 Oak Dr, Chicago, NC 75298"
Robert H. Davis,robert.davis10@mailservice.com,"7596 Broadway, Los Angeles, NC 23636"
Jessica C. Miller,jessica.miller66@testmail.com,"4407 Main St, San Antonio, NY 71307"
Michael  Garcia,michael.garcia68@fakemail.net,"5144 Maple Ave, San Jose, CA 75057"
Linda G. Williams,linda.williams11@mailservice.com,"3278 Elm St, San Antonio, TX 69672"
Sarah D. Miller,sarah.miller38@myemail.org,"158 Maple Ave, Philadelphia, IL 11402"
Jane B. Jones,jane.jones66@fakemail.net,"2130 Oak Dr, Dallas, OH 37866"
Jane E. Miller,jane.miller81@example.com,"5095 Willow Ln, Los Angeles, GA 18234"
Jessica I. Brown,jessica.brown69@myemail.org,"2543 Oak Dr, Dallas, PA 70382"
Emily B. Jones,emily.jones61@example.com,"274 Elm St, San Diego, FL 52496"
Robert A. Johnson,robert.johnson26@testmail.com,"2135 Broadway, Phoenix, NC 29093"
Michael  Garcia,michael.garcia10@fakemail.net,"5089 Elm St, San Jose, IL 10352"
Sarah J. Brown,sarah.brown62@example.com,"5436 Maple Ave, Phoenix, TX 36938"
Robert  Smith,robert.smith31@myemail.org,"9802 Broadway, San Jose, AZ 16545"
Jessica A. Smith,jessica.smith87@example.com,"6692 Oak Dr, San Jose, NC 25470"
Robert J. Brown,robert.brown14@testmail.com,"5666 Maple Ave, Dallas, AZ 45457"
Sarah C. Smith,sarah.smith16@myemail.org,"9956 2nd Ave, Philadelphia, IL 12459"
Robert J. Brown,robert.brown36@mailservice.com,"813 Broadway, San Jose, IL 86770"
Michael A. Smith,michael.smith37@mailservice.com,"9893 Elm St, New York, GA 50785"
Linda A. Miller,linda.miller40@mailservice.com,"8532 2nd Ave, Los Angeles, AZ 53823"
Michael  Smith,michael.smith62@mailservice.com,"841 Main St, San Antonio, IL 38492"
Robert  Miller,robert.miller40@example.com,"4342 Cedar Rd, San Jose, AZ 61406"
John C. Jones,john.jones13@mailservice.com,"9681 Maple Ave, San Diego, TX 92420"
Emily D. Jones,emily.jones80@fakemail.net,"1791 Pine St, San Antonio, PA 15411"
Emily F. Miller,emily.miller35@myemail.org,"4824 Oak Dr, Dallas, OH 12400"
John  Johnson,john.johnson69@fakemail.net,"4008 Cedar Rd, San Antonio, FL 73224"
John C. Davis,john.davis53@mailservice.com,"913 Willow Ln, Chicago, IL 27275"
Robert I. Williams,robert.williams14@fakemail.net,"4696 Maple Ave, Chicago, NY 41375"
Sarah A. Martinez,sarah.martinez75@testmail.com,"6684 Maple Ave, Houston, NY 66438"
Jessica E. Brown,jessica.brown18@myemail.org,"302 Elm St, Houston, FL 55572"
Sarah J. Davis,sarah.davis54@fakemail.net,"1934 Sunset Blvd, Phoenix, PA 18782"
David  Miller,david.miller13@mailservice.com,"4883 Sunset Blvd, San Diego, NY 27077"
Michael D. Davis,michael.davis85@example.com,"785 Elm St, San Diego, OH 21198"
Linda J. Jones,linda.jones89@fakemail.net,"4184 Elm St, Dallas, TX 17941"
Jane J. Rodriguez,jane.rodriguez11@mailservice.com,"7515 Broadway, Dallas, OH 82940"
John  Rodriguez,john.rodriguez48@fakemail.net,"5462 Sunset Blvd, Phoenix, CA 80604"
Jane I. Rodriguez,jane.rodriguez22@example.com,"6160 Willow Ln, San Jose, NY 57276"
Emily B. Johnson,emily.johnson74@testmail.com,"2331 Elm St, Phoenix, TX 22046"
Linda  Jones,linda.jones34@testmail.com,"1766 Willow Ln, Houston, OH 48355"
Michael  Davis,michael.davis35@myemail.org,"9568 2nd Ave, San Antonio, GA 58908"
Sarah E. Jones,sarah.jones19@fakemail.net,"1540 Elm St, Houston, CA 94874"
Jessica H. Martinez,jessica.martinez24@fakemail.net,"8983 Pine St, Phoenix, IL 19038"
Jessica F. Rodriguez,jessica.rodriguez66@fakemail.net,"5416 Elm St, New York, NC 30087"
Sarah H. Brown,sarah.brown61@fakemail.net,"3083 Willow Ln, San Diego, GA 83209"
Jessica A. Rodriguez,jessica.rodriguez88@mailservice.com,"7990 Elm St, New York, NY 41830"
David C. Rodriguez,david.rodriguez37@myemail.org,"8985 Willow Ln, Phoenix, GA 34385"
Emily I. Garcia,emily.garcia49@myemail.org,"1645 Main St, Los Angeles, FL 46102"
Linda B. Garcia,linda.garcia87@example.com,"4207 Pine St, Philadelphia, FL 12670"
John F. Brown,john.brown71@fakemail.net,"2223 Elm St, New York, NC 64179"
Sarah G. Jones,sarah.jones81@mailservice.com,"6024 Cedar Rd, Houston, TX 89644"
Jane C. Johnson,jane.johnson31@testmail.com,"4848 Oak Dr, San Diego, NC 45903"
Robert J. Garcia,robert.garcia85@testmail.com,"3294 Broadway, Dallas, PA 22879"
David  Williams,david.williams57@testmail.com,"2330 Main St, Dallas, AZ 59027"
John I. Smith,john.smith52@testmail.com,"3103 Elm St, Phoenix, CA 34661"
Linda  Brown,linda.brown85@fakemail.net,"8637 Elm St, San Diego, FL 85041"
John H. Brown,john.brown91@myemail.org,"1818 Sunset Blvd, Philadelphia, NC 12670"
Emily C. Davis,emily.davis70@mailservice.com,"1299 Pine St, San Jose, PA 24445"
Robert I. Martinez,robert.martinez91@example.com,"4444 Cedar Rd, San Jose, CA 34174"
Michael I. Johnson,michael.johnson29@myemail.org,"9251 Elm St, San Antonio, GA 48548"
Jessica D. Garcia,jessica.garcia67@myemail.org,"1861 Elm St, San Jose, FL 28350"
Jessica B. Jones,jessica.jones35@mailservice.com,"4068 Broadway, Phoenix, AZ 11402"
Jessica E. Williams,jessica.williams70@testmail.com,"5010 2nd Ave, Philadelphia, NY 33092"
Sarah F. Martinez,sarah.martinez70@myemail.org,"324 Willow Ln, Dallas, GA 27646"
Emily E. Smith,emily.smith76@fakemail.net,"354 Maple Ave, Dallas, GA 75000"
Michael D. Davis,michael.davis14@myemail.org,"110 Maple Ave, Philadelphia, FL 47464"
David J. Garcia,david.garcia20@mailservice.com,"6898 Main St, Houston, OH 85876"
John G. Johnson,john.johnson94@example.com,"2792 Oak Dr, Los Angeles, NY 48169"
John I. Williams,john.williams11@testmail.com,"7684 2nd Ave, Chicago, GA 92424"
John G. Smith,john.smith73@example.com,"8726 Cedar Rd, Los Angeles, OH 33649"
John G. Miller,john.miller55@mailservice.com,"6496 Elm St, Dallas, GA 78494"
Michael A. Garcia,michael.garcia36@mailservice.com,"2449 Oak Dr, Dallas, TX 92393"
Jessica G. Rodriguez,jessica.rodriguez54@example.com,"6841 Oak Dr, New York, IL 50478"
Michael B. Martinez,michael.martinez69@testmail.com,"5769 Sunset Blvd, Philadelphia, CA 21921"
Jane B. Smith,jane.smith41@testmail.com,"8754 Main St, Houston, OH 83157"
Robert F. Jones,robert.jones43@example.com,"7923 Elm St, Dallas, PA 78788"
Jane I. Jones,jane.jones97@mailservice.com,"8470 Elm St, Dallas, CA 98419"
Robert E. Johnson,robert.johnson73@testmail.com,"6842 Sunset Blvd, Philadelphia, GA 30087"
Michael  Brown,michael.brown34@testmail.com,"9157 Broadway, San Diego, AZ 70236"
Emily I. Garcia,emily.garcia63@testmail.com,"8704 Maple Ave, New York, IL 37355"
Emily H. Smith,emily.smith73@myemail.org,"6020 2nd Ave, San Antonio, CA 66105"
Jessica J. Garcia,jessica.garcia90@example.com,"8352 Broadway, Phoenix, NY 50264"
John D. Smith,john.smith40@myemail.org,"5171 Sunset Blvd, San Antonio, NC 60216"
John B. Davis,john.davis18@mailservice.com,"6737 Pine St, Houston, FL 45580"
Emily F. Johnson,emily.johnson50@fakemail.net,"5265 2nd Ave, Dallas, IL 25602"
William  Miller,william.miller36@mailservice.com,"7101 Pine St, Houston, TX 85650"
Linda E. Garcia,linda.garcia97@testmail.com,"9020 2nd Ave, New York, AZ 66182"
Linda D. Rodriguez,linda.rodriguez74@example.com,"6339 Main St, Phoenix, PA 22879"
William I. Smith,william.smith63@example.com,"3181 2nd Ave, San Diego, TX 15655"
Emily I. Miller,emily.miller21@testmail.com,"3398 Elm St, San Diego, PA 36690"
Sarah I. Williams,sarah.williams50@testmail.com,"6731 Oak Dr, Dallas, PA 69395"
Linda G. Jones,linda.jones11@myemail.org,"6550 Oak Dr, Los Angeles, OH 85841"
Jessica H. Miller,jessica.miller78@mailservice.com,"8332 Maple Ave, Philadelphia, OH 63924"
Sarah F. Davis,sarah.davis33@fakemail.net,"4146 Elm St, Phoenix, PA 67670"
Linda B. Jones,linda.jones66@myemail.org,"2179 Cedar Rd, San Antonio, OH 11393"
Jessica  Rodriguez,jessica.rodriguez13@mailservice.com,"5908 Pine St, San Jose, IL 97873"
Jessica C. Smith,jessica.smith52@fakemail.net,"3864 Broadway, Philadelphia, GA 88311"
Michael A. Johnson,michael.johnson26@fakemail.net,"3694 Maple Ave, San Diego, IL 41731"
Sarah G. Johnson,sarah.johnson90@myemail.org,"411 Main St, Chicago, PA 60171"
Emily  Johnson,emily.johnson45@fakemail.net,"2315 2nd Ave, San Antonio, AZ 55960"
David I. Jones,david.jones58@example.com,"4011 Sunset Blvd, Houston, AZ 77128"
John A. Smith,john.smith88@myemail.org,"5643 Oak Dr, Phoenix, FL 50863"
Michael C. Brown,michael.brown65@fakemail.net,"1501 Main St, San Jose, IL 42776"
Jessica F. Brown,jessica.brown13@fakemail.net,"9115 Main St, San Diego, GA 69349"
Linda J. Davis,linda.davis63@fakemail.net,"8569 Oak Dr, New York, NY 40005"
Emily C. Martinez,emily.martinez51@example.com,"5589 Maple Ave, San Antonio, FL 43338"
Jane G. Smith,jane.smith66@example.com,"3174 Sunset Blvd, New York, AZ 40561"
William C. Jones,william.jones84@fakemail.net,"6834 Main St, San Diego, CA 84624"
Jane  Johnson,jane.johnson86@example.com,"9215 2nd Ave, Houston, PA 75013"
Linda G. Johnson,linda.johnson76@mailservice.com,"4253 Oak Dr, San Antonio, AZ 67409"
Sarah I. Williams,sarah.williams53@myemail.org,"4243 Elm St, San Antonio, GA 70058"
Jessica  Brown,jessica.brown79@example.com,"5328 Maple Ave, Philadelphia, GA 69499"
Sarah E. Miller,sarah.miller75@mailservice.com,"9330 Pine St, Dallas, GA 61932"
Robert E. Johnson,robert.johnson71@fakemail.net,"5803 2nd Ave, San Diego, NC 99012"
William B. Williams,william.williams55@fakemail.net,"4775 Elm St, Philadelphia, TX 61996"
Emily C. Brown,emily.brown52@myemail.org,"7100 2nd Ave, Chicago, TX 58586"
John H. Miller,john.miller12@testmail.com,"1521 Cedar Rd, San Antonio, NC 43163"
David G. Williams,david.williams73@example.com,"9572 Cedar Rd, San Antonio, FL 26125"
Robert J. Martinez,robert.martinez85@example.com,"2671 Pine St, Phoenix, IL 23973"
Sarah D. Smith,sarah.smith93@example.com,"987 2nd Ave, Dallas, GA 78980"
Sarah H. Jones,sarah.jones63@example.com,"4526 Elm St, San Antonio, TX 67504"
John J. Johnson,john.johnson85@example.com,"6953 Elm St, Chicago, TX 98166"
William J. Garcia,william.garcia69@testmail.com,"6323 Willow Ln, Philadelphia, OH 77254"
David B. Johnson,david.johnson16@fakemail.net,"2015 Elm St, San Antonio, GA 21193"
John F. Williams,john.williams33@fakemail.net,"8808 Sunset Blvd, Chicago, NC 13589"
David F. Williams,david.williams22@testmail.com,"5062 Willow Ln, San Jose, OH 92085"
Emily G. Johnson,emily.johnson15@fakemail.net,"2109 2nd Ave, Los Angeles, NC 91707"
Michael J. Garcia,michael.garcia80@fakemail.net,"6217 Broadway, New York, GA 35525"
David F. Davis,david.davis42@myemail.org,"7816 Maple Ave, Los Angeles, NC 76797"
Linda F. Smith,linda.smith26@fakemail.net,"1608 Elm St, Philadelphia, AZ 37202"
Michael B. Jones,michael.jones38@myemail.org,"5500 Maple Ave, Philadelphia, IL 39187"
Jessica D. Martinez,jessica.martinez18@fakemail.net,"6235 Broadway, Dallas, NC 62571"
Sarah I. Johnson,sarah.johnson24@myemail.org,"7962 Willow Ln, Los Angeles, OH 24111"
Emily  Jones,emily.jones61@myemail.org,"1979 Maple Ave, San Jose, NC 68644"
Jessica C. Davis,jessica.davis38@fakemail.net,"8523 Cedar Rd, Los Angeles, OH 34720"
David D. Garcia,david.garcia93@fakemail.net,"8804 Cedar Rd, New York, CA 43456"
John I. Smith,john.smith25@mailservice.com,"7481 Sunset Blvd, San Diego, OH 98848"
Robert E. Smith,robert.smith45@fakemail.net,"9746 Sunset Blvd, Phoenix, IL 80243"
William F. Johnson,william.johnson25@fakemail.net,"1512 Oak Dr, San Jose, TX 26588"
William H. Rodriguez,william.rodriguez93@myemail.org,"2460 Broadway, New York, NY 12227"
John A. Davis,john.davis38@fakemail.net,"5206 2nd Ave, Phoenix, PA 91627"
Michael C. Garcia,michael.garcia31@myemail.org,"527 Willow Ln, San Antonio, OH 30110"
Emily A. Smith,emily.smith75@testmail.com,"6906 Oak Dr, Philadelphia, NC 93520"
Michael H. Garcia,michael.garcia57@mailservice.com,"1461 Pine St, Chicago, PA 28646"
John J. Johnson,john.johnson43@myemail.org,"9901 Pine St, Chicago, GA 80104"
Michael J. Smith,michael.smith94@mailservice.com,"8163 Pine St, San Antonio, NC 70298"
Sarah C. Martinez,sarah.martinez58@fakemail.net,"3862 Pine St, Chicago, FL 45910"
Sarah  Brown,sarah.brown76@myemail.org,"5059 Elm St, San Diego, AZ 50294"
Robert  Davis,robert.davis42@testmail.com,"3678 Elm St, Los Angeles, OH 58458"
Jane I. Miller,jane.miller62@example.com,"1765 Main St, San Diego, AZ 30951"
Emily B. Johnson,emily.johnson97@example.com,"5484 Willow Ln, Los Angeles, PA 52589"
Emily  Davis,emily.davis12@mailservice.com,"9898 Sunset Blvd, Phoenix, NC 13040"
Sarah I. Jones,sarah.jones40@testmail.com,"9850 Elm St, Chicago, NY 18440"
William E. Jones,william.jones52@mailservice.com,"9707 Cedar Rd, Dallas, FL 33488"
Linda G. Davis,linda.davis77@fakemail.net,"8259 Elm St, Philadelphia, FL 87689"
Jessica B. Miller,jessica.miller83@testmail.com,"3640 Maple Ave, Dallas, OH 71202"
Sarah D. Davis,sarah.davis91@mailservice.com,"1495 Elm St, San Antonio, CA 13398"
Robert C. Smith,robert.smith44@testmail.com,"7421 Willow Ln, New York, AZ 27803"
John B. Miller,john.miller55@example.com,"6666 Elm St, Philadelphia, GA 56418"
Jessica F. Johnson,jessica.johnson64@mailservice.com,"7394 Maple Ave, San Antonio, GA 98443"
Sarah E. Davis,sarah.davis78@mailservice.com,"9089 Sunset Blvd, Los Angeles, TX 88836"
Jane A. Rodriguez,jane.rodriguez68@myemail.org,"7584 Cedar Rd, San Antonio, TX 11617"
David G. Jones,david.jones85@fakemail.net,"8276 Willow Ln, Los Angeles, OH 82605"
Emily H. Rodriguez,emily.rodriguez13@fakemail.net,"9089 Maple Ave, Houston, OH 61842"
Jessica C. Rodriguez,jessica.rodriguez39@testmail.com,"9609 Maple Ave, Chicago, GA 87051"
Sarah I. Brown,sarah.brown82@mailservice.com,"4576 Cedar Rd, Dallas, NC 29993"
Jessica B. Williams,jessica.williams10@mailservice.com,"2619 2nd Ave, Dallas, CA 36807"
Linda J. Davis,linda.davis41@example.com,"8857 Oak Dr, Philadelphia, AZ 60799"
Sarah C. Miller,sarah.miller52@example.com,"2990 Elm St, San Antonio, OH 87027"
Michael I. Garcia,michael.garcia90@myemail.org,"2360 Willow Ln, New York, FL 15499"
Jane F. Garcia,jane.garcia30@example.com,"5085 Cedar Rd, New York, FL 24796"
Emily E. Johnson,emily.johnson47@example.com,"5993 Main St, New York, NY 92477"
Michael D. Rodriguez,michael.rodriguez94@example.com,"4011 Sunset Blvd, Los Angeles, GA 67517"
Jane F. Smith,jane.smith79@example.com,"8167 Elm St, Houston, AZ 91837"
Robert A. Miller,robert.miller22@example.com,"2708 2nd Ave, Phoenix, TX 49593"
William C. Miller,william.miller11@testmail.com,"8644 Broadway, Phoenix, FL 30643"
William  Martinez,william.martinez82@testmail.com,"2603 2nd Ave, Houston, PA 50345"
John F. Martinez,john.martinez22@myemail.org,"9045 Elm St, San Diego, IL 19495"
Michael G. Jones,michael.jones45@mailservice.com,"4906 Oak Dr, San Antonio, PA 96587"
Jane A. Smith,jane.smith72@example.com,"6179 Sunset Blvd, Chicago, GA 50842"
Sarah F. Smith,sarah.smith33@example.com,"8544 Oak Dr, Houston, TX 37399"
Linda H. Johnson,linda.johnson82@example.com,"8932 Cedar Rd, New York, IL 37992"
Robert  Rodriguez,robert.rodriguez92@fakemail.net,"9595 Willow Ln, Houston, AZ 22185"
Robert H. Miller,robert.miller17@example.com,"5628 Broadway, Los Angeles, OH 38565"
Linda J. Williams,linda.williams62@fakemail.net,"9832 Elm St, Dallas, FL 54405"
David D. Rodriguez,david.rodriguez21@testmail.com,"7961 Main St, Los Angeles, OH 97938"
Linda H. Smith,linda.smith91@testmail.com,"6298 Maple Ave, San Antonio, AZ 21109"
William H. Garcia,william.garcia17@fakemail.net,"1221 Willow Ln, Philadelphia, IL 80664"
Michael H. Johnson,michael.johnson74@example.com,"7200 Pine St, Philadelphia, FL 74279"
Emily C. Johnson,emily.johnson62@example.com,"4783 Elm St, Philadelphia, TX 66568"
William  Jones,william.jones14@mailservice.com,"7669 2nd Ave, San Antonio, AZ 85613"
Jane B. Jones,jane.jones22@mailservice.com,"1214 Willow Ln, San Jose, OH 68639"
David E. Rodriguez,david.rodriguez18@myemail.org,"8476 Oak Dr, Los Angeles, NY 26815"
Jane  Jones,jane.jones65@fakemail.net,"7001 2nd Ave, San Antonio, TX 86766"
Linda F. Rodriguez,linda.rodriguez67@mailservice.com,"8277 Oak Dr, Dallas, GA 60856"
Sarah  Smith,sarah.smith43@myemail.org,"5575 Broadway, San Diego, FL 84995"
David B. Williams,david.williams59@fakemail.net,"5176 Sunset Blvd, Dallas, TX 22343"
Jane  Brown,jane.brown36@myemail.org,"1623 Maple Ave, San Antonio, NY 20287"
Jessica D. Brown,jessica.brown95@mailservice.com,"1686 Pine St, Houston, PA 50785"
Jessica E. Martinez,jessica.martinez65@testmail.com,"3010 Sunset Blvd, San Diego, OH 48565"
David C. Rodriguez,david.rodriguez31@fakemail.net,"1750 Main St, Houston, NC 31389"
Michael J. Jones,michael.jones34@myemail.org,"3483 Broadway, Dallas, TX 58785"
Sarah F. Johnson,sarah.johnson85@example.com,"2247 Broadway, San Diego, IL 69278"
William D. Rodriguez,william.rodriguez68@mailservice.com,"8144 Elm St, Dallas, CA 13112"
John F. Miller,john.miller90@mailservice.com,"3865 Main St, San Jose, OH 46831"
Robert  Jones,robert.jones19@example.com,"5636 Pine St, New York, FL 26426"
Jessica D. Davis,jessica.davis10@mailservice.com,"2038 2nd Ave, Los Angeles, IL 81112"
Robert B. Davis,robert.davis74@myemail.org,"1760 Willow Ln, San Antonio, PA 60744"
Emily  Rodriguez,emily.rodriguez92@testmail.com,"2319 Main St, Los Angeles, OH 12537"
Michael J. Miller,michael.miller18@testmail.com,"3108 Maple Ave, Philadelphia, OH 88279"
Michael E. Brown,michael.brown50@example.com,"5092 Willow Ln, Philadelphia, FL 53703"
Linda  Davis,linda.davis48@myemail.org,"8836 Maple Ave, Los Angeles, FL 95278"
Michael B. Garcia,michael.garcia59@mailservice.com,"8451 2nd Ave, Chicago, IL 24678"
Emily D. Johnson,emily.johnson49@fakemail.net,"6336 2nd Ave, Dallas, CA 32594"
William H. Davis,william.davis85@testmail.com,"2941 Elm St, Chicago, TX 76655"
Michael A. Garcia,michael.garcia90@myemail.org,"2370 Willow Ln, New York, CA 42160"
Michael D. Davis,michael.davis13@testmail.com,"8594 Cedar Rd, Houston, CA 41511"
William  Garcia,william.garcia15@testmail.com,"1437 2nd Ave, San Antonio, GA 21632"
William J. Martinez,william.martinez91@myemail.org,"175 Main St, Phoenix, CA 66406"
Jessica  Smith,jessica.smith78@mailservice.com,"7503 Cedar Rd, Philadelphia, NY 76660"
Linda C. Davis,linda.davis32@fakemail.net,"8093 Cedar Rd, San Antonio, NC 69246"
Emily H. Jones,emily.jones25@mailservice.com,"3070 Sunset Blvd, Chicago, NC 23880"
Emily F. Williams,emily.williams85@myemail.org,"6871 2nd Ave, San Jose, TX 59998"
Linda C. Davis,linda.davis72@testmail.com,"7066 Oak Dr, New York, GA 61419"
Robert H. Johnson,robert.johnson23@mailservice.com,"462 Pine St, New York, AZ 25870"
Michael F. Williams,michael.williams88@mailservice.com,"7421 Main St, Houston, FL 29562"
William D. Williams,william.williams10@myemail.org,"6494 Willow Ln, Houston, FL 41963"
Emily D. Rodriguez,emily.rodriguez30@myemail.org,"6539 Sunset Blvd, Phoenix, FL 96952"
William A. Jones,william.jones82@myemail.org,"9198 Pine St, Los Angeles, NC 80985"
Jessica A. Garcia,jessica.garcia27@myemail.org,"2187 Broadway, Phoenix, FL 54399"
William A. Johnson,william.johnson29@fakemail.net,"7342 Sunset Blvd, Dallas, AZ 56033"
John C. Davis,john.davis28@example.com,"4409 Willow Ln, San Diego, PA 76287"
David J. Smith,david.smith60@mailservice.com,"4354 Sunset Blvd, Phoenix, FL 75948"
William G. Miller,william.miller77@testmail.com,"2439 Pine St, Philadelphia, OH 76411"
Sarah B. Smith,sarah.smith87@testmail.com,"4993 Pine St, San Antonio, FL 28442"
William F. Martinez,william.martinez16@myemail.org,"7824 Maple Ave, Los Angeles, IL 31859"
Robert D. Davis,robert.davis67@fakemail.net,"3386 Elm St, New York, CA 93547"
Emily C. Brown,emily.brown40@myemail.org,"7998 Willow Ln, Philadelphia, OH 12411"
Sarah F. Johnson,sarah.johnson50@testmail.com,"9547 Oak Dr, Phoenix, NC 98476"
William J. Johnson,william.johnson58@testmail.com,"767 Willow Ln, Philadelphia, PA 22377"
Jane  Williams,jane.williams28@myemail.org,"8480 Elm St, San Antonio, FL 92258"
Robert H. Johnson,robert.johnson84@myemail.org,"6283 Oak Dr, New York, NY 27364"
Emily A. Jones,emily.jones34@testmail.com,"2206 Cedar Rd, Philadelphia, IL 48044"
Michael I. Martinez,michael.martinez64@example.com,"6318 Elm St, Houston, NY 22315"
William  Davis,william.davis50@myemail.org,"6373 Willow Ln, San Antonio, OH 49872"
Robert  Williams,robert.williams56@fakemail.net,"6940 2nd Ave, New York, TX 17941"
Jane H. Williams,jane.williams24@testmail.com,"8195 Maple Ave, Chicago, PA 67831"
Linda J. Martinez,linda.martinez76@myemail.org,"3601 Willow Ln, Los Angeles, OH 44292"
Michael G. Johnson,michael.johnson29@mailservice.com,"7521 2nd Ave, San Antonio, NC 92462"
John H. Jones,john.jones42@mailservice.com,"4719 Willow Ln, San Jose, TX 20883"
David H. Brown,david.brown45@myemail.org,"322 Oak Dr, Dallas, AZ 76287"
Robert E. Miller,robert.miller33@fakemail.net,"4658 2nd Ave, San Diego, PA 40504"
Robert C. Johnson,robert.johnson32@fakemail.net,"8335 Elm St, Houston, CA 46884"
Linda F. Williams,linda.williams63@example.com,"4542 Broadway, San Antonio, AZ 15094"
Sarah F. Brown,sarah.brown45@fakemail.net,"1935 Cedar Rd, Philadelphia, PA 37272"
Robert J. Davis,robert.davis49@myemail.org,"6558 Main St, New York, IL 17009"
Linda  Garcia,linda.garcia28@example.com,"6801 Maple Ave, San Diego, AZ 21686"
David I. Garcia,david.garcia54@testmail.com,"7888 Pine St, Los Angeles, IL 26813"
Michael C. Martinez,michael.martinez12@testmail.com,"6668 Cedar Rd, New York, CA 27831"
David F. Martinez,david.martinez68@testmail.com,"3493 Pine St, Chicago, GA 86770"
William H. Davis,william.davis94@mailservice.com,"8964 Elm St, Houston, FL 90244"
Jane D. Johnson,jane.johnson93@example.com,"6672 2nd Ave, San Jose, CA 31094"
Linda I. Garcia,linda.garcia22@myemail.org,"5903 Oak Dr, San Antonio, NY 95761"
Linda I. Smith,linda.smith42@mailservice.com,"777 Sunset Blvd, San Antonio, AZ 15946"
Jane C. Miller,jane.miller91@fakemail.net,"2222 Willow Ln, Chicago, GA 92420"
Michael I. Jones,michael.jones14@testmail.com,"6549 Willow Ln, San Jose, TX 76001"
David B. Brown,david.brown93@example.com,"1592 Oak Dr, Houston, TX 52174"
Sarah D. Rodriguez,sarah.rodriguez49@myemail.org,"5710 Cedar Rd, Phoenix, OH 95007"
Michael G. Williams,michael.williams84@mailservice.com,"2963 Broadway, Chicago, CA 66035"
Jane E. Rodriguez,jane.rodriguez92@myemail.org,"7490 Cedar Rd, Dallas, NC 22440"
Sarah E. Smith,sarah.smith69@mailservice.com,"8736 Sunset Blvd, Philadelphia, CA 23897"
Michael B. Williams,michael.williams41@mailservice.com,"6201 Pine St, Dallas, IL 76623"
Jane G. Jones,jane.jones65@testmail.com,"3829 Willow Ln, Dallas, CA 18714"
David D. Miller,david.miller90@example.com,"3827 Broadway, Los Angeles, NY 25794"
William  Smith,william.smith82@myemail.org,"9379 Maple Ave, Phoenix, CA 37916"
Linda F. Brown,linda.brown10@example.com,"8965 Pine St, San Jose, PA 54793"
Michael F. Smith,michael.smith74@fakemail.net,"1231 Pine St, Phoenix, IL 42729"
Sarah C. Jones,sarah.jones58@fakemail.net,"9430 Maple Ave, San Antonio, PA 41600"
Jessica D. Williams,jessica.williams34@myemail.org,"489 Main St, Houston, NY 33092"
William E. Jones,william.jones91@testmail.com,"7521 Maple Ave, New York, AZ 26463"
Sarah H. Jones,sarah.jones80@testmail.com,"6455 Broadway, Philadelphia, NY 49909"
Jane I. Johnson,jane.johnson98@example.com,"9609 Elm St, Phoenix, FL 22849"
Emily H. Jones,emily.jones52@example.com,"5570 Pine St, Houston, OH 44716"
Michael A. Martinez,michael.martinez59@myemail.org,"7689 Maple Ave, Houston, GA 31056"
Linda  Jones,linda.jones89@mailservice.com,"6742 Willow Ln, San Jose, NC 35233"
John E. Davis,john.davis89@myemail.org,"8774 Main St, Houston, TX 13027"
Linda G. Jones,linda.jones42@fakemail.net,"1952 Willow Ln, Dallas, AZ 24958"
Jane C. Williams,jane.williams62@fakemail.net,"2388 Cedar Rd, San Antonio, CA 51485"
Jane  Miller,jane.miller19@testmail.com,"5163 Pine St, San Antonio, CA 68980"
William C. Miller,william.miller28@testmail.com,"2291 Elm St, Los Angeles, TX 24353"
Sarah A. Smith,sarah.smith66@fakemail.net,"2762 2nd Ave, Los Angeles, PA 32649"
Jessica I. Johnson,jessica.johnson28@testmail.com,"2622 Sunset Blvd, San Antonio, IL 39980"
William  Smith,william.smith56@testmail.com,"6612 Pine St, Los Angeles, AZ 63931"
Jessica H. Williams,jessica.williams92@mailservice.com,"9343 Cedar Rd, Phoenix, CA 93720"
John E. Davis,john.davis89@myemail.org,"3444 Pine St, Chicago, OH 93725"
Linda B. Martinez,linda.martinez38@mailservice.com,"766 Willow Ln, New York, OH 94416"
Sarah  Garcia,sarah.garcia30@mailservice.com,"2468 Willow Ln, Phoenix, FL 69888"
David I. Davis,david.davis99@testmail.com,"3306 Maple Ave, San Jose, OH 92643"
Emily J. Rodriguez,emily.rodriguez13@testmail.com,"1176 Pine St, Dallas, OH 45818"
William I. Garcia,william.garcia42@myemail.org,"9572 Maple Ave, Houston, PA 39862"
Jessica A. Williams,jessica.williams16@fakemail.net,"3927 Elm St, Philadelphia, CA 24457"
David D. Garcia,david.garcia38@fakemail.net,"9874 Broadway, Houston, IL 49867"
David D. Williams,david.williams97@testmail.com,"155 Elm St, Chicago, NC 49872"
William A. Brown,william.brown11@testmail.com,"6781 Maple Ave, New York, FL 57313"
William J. Miller,william.miller40@myemail.org,"3717 Sunset Blvd, San Diego, GA 14652"
Michael B. Williams,michael.williams48@testmail.com,"7688 Sunset Blvd, New York, FL 49916"
Jane F. Garcia,jane.garcia78@example.com,"8536 Willow Ln, Houston, FL 97131"
John E. Garcia,john.garcia98@myemail.org,"6775 2nd Ave, Dallas, OH 45087"
Jessica B. Smith,jessica.smith73@mailservice.com,"6445 Oak Dr, Philadelphia, FL 69408"
Michael D. Jones,michael.jones24@myemail.org,"292 Pine St, San Jose, FL 12819"
Jessica H. Jones,jessica.jones65@example.com,"7668 Pine St, San Jose, GA 21653"
Michael B. Rodriguez,michael.rodriguez15@example.com,"1775 Main St, Dallas, IL 37332"
Jessica F. Garcia,jessica.garcia32@myemail.org,"9076 Broadway, New York, NC 46133"
Jessica  Johnson,jessica.johnson75@example.com,"2483 Oak Dr, New York, NC 68631"
Linda H. Rodriguez,linda.rodriguez21@testmail.com,"1538 Elm St, Los Angeles, OH 94446"
Michael C. Garcia,michael.garcia75@myemail.org,"8147 Willow Ln, San Antonio, AZ 45224"
Michael  Rodriguez,michael.rodriguez19@testmail.com,"6207 Main St, Dallas, TX 64462"
Jessica A. Martinez,jessica.martinez48@fakemail.net,"5131 Maple Ave, Dallas, PA 83936"
Emily  Williams,emily.williams27@fakemail.net,"4429 Maple Ave, Dallas, OH 24577"
Emily J. Williams,emily.williams12@mailservice.com,"277 Cedar Rd, Philadelphia, AZ 18746"
William C. Rodriguez,william.rodriguez71@example.com,"699 Pine St, Los Angeles, NY 66444"
William  Jones,william.jones87@myemail.org,"3366 Maple Ave, Los Angeles, OH 10302"
Sarah G. Rodriguez,sarah.rodriguez18@myemail.org,"9410 Pine St, Los Angeles, PA 55688"
Linda H. Johnson,linda.johnson60@mailservice.com,"7513 Maple Ave, San Antonio, FL 99027"
Linda G. Jones,linda.jones75@testmail.com,"5523 Pine St, San Diego, OH 98356"
Michael D. Jones,michael.jones80@myemail.org,"7585 Sunset Blvd, Dallas, PA 61034"
Linda G. Brown,linda.brown30@mailservice.com,"8324 Pine St, San Diego, TX 76655"
Jane D. Martinez,jane.martinez19@testmail.com,"5379 Oak Dr, New York, TX 71557"
Emily F. Martinez,emily.martinez46@testmail.com,"2672 Cedar Rd, Philadelphia, IL 40791"
Linda F. Martinez,linda.martinez88@myemail.org,"2593 Broadway, San Antonio, TX 93519"
John G. Jones,john.jones96@example.com,"6461 Maple Ave, Houston, NC 87772"
Linda A. Davis,linda.davis76@example.com,"5848 Broadway, Chicago, FL 62382"
Sarah E. Brown,sarah.brown74@mailservice.com,"4212 Main St, Dallas, NY 90103"
David G. Williams,david.williams12@myemail.org,"9109 Cedar Rd, Phoenix, OH 26069"
William D. Williams,william.williams65@mailservice.com,"7068 Pine St, New York, CA 91622"
Robert A. Brown,robert.brown70@fakemail.net,"3373 Sunset Blvd, Phoenix, AZ 79637"
John D. Smith,john.smith75@example.com,"6412 Maple Ave, Dallas, FL 62941"
Sarah F. Smith,sarah.smith71@example.com,"9046 2nd Ave, Houston, OH 68359"
Jane B. Garcia,jane.garcia48@example.com,"9935 Sunset Blvd, San Jose, CA 73932"
Jane  Miller,jane.miller13@fakemail.net,"7202 Sunset Blvd, Philadelphia, NY 69349"
Emily A. Brown,emily.brown40@testmail.com,"1615 Oak Dr, New York, GA 90061"
Jane  Garcia,jane.garcia86@fakemail.net,"4617 Oak Dr, Philadelphia, GA 46080"
Robert J. Williams,robert.williams53@testmail.com,"4667 Cedar Rd, Dallas, PA 54399"
Jessica C. Williams,jessica.williams83@mailservice.com,"4626 Cedar Rd, New York, TX 87594"
Sarah I. Davis,sarah.davis13@fakemail.net,"7168 Maple Ave, Houston, TX 24694"
Michael F. Brown,michael.brown39@fakemail.net,"4443 Oak Dr, Phoenix, PA 55221"
Jane J. Rodriguez,jane.rodriguez27@mailservice.com,"550 Broadway, San Antonio, CA 36942"
Jessica I. Rodriguez,jessica.rodriguez70@example.com,"6838 2nd Ave, San Diego, CA 87536"
John D. Brown,john.brown55@mailservice.com,"907 Broadway, San Antonio, FL 74577"
Jessica E. Brown,jessica.brown77@example.com,"9209 2nd Ave, Houston, IL 17828"
Emily G. Brown,emily.brown28@fakemail.net,"5518 Pine St, Dallas, NC 43964"
Jane D. Davis,jane.davis96@testmail.com,"4746 Main St, Phoenix, AZ 73234"
Jane F. Martinez,jane.martinez99@fakemail.net,"3605 Sunset Blvd, Chicago, FL 71230"
Linda C. Brown,linda.brown73@mailservice.com,"2193 2nd Ave, Dallas, AZ 69349"
William E. Smith,william.smith68@fakemail.net,"5887 Broadway, San Jose, NY 36611"
Robert E. Rodriguez,robert.rodriguez99@fakemail.net,"4437 Maple Ave, Chicago, NC 77298"
Robert  Williams,robert.williams15@example.com,"2522 Broadway, San Diego, PA 70293"
Jessica E. Davis,jessica.davis77@testmail.com,"6999 Broadway, San Antonio, PA 18943"
Jessica E. Jones,jessica.jones75@myemail.org,"2990 Main St, Los Angeles, NC 19465"
Jessica F. Miller,jessica.miller49@example.com,"8642 Willow Ln, Phoenix, PA 58370"
Emily G. Brown,emily.brown53@mailservice.com,"1632 Oak Dr, Houston, CA 93077"
Robert D. Davis,robert.davis79@fakemail.net,"2378 Broadway, Houston, TX 69506"
Jessica C. Davis,jessica.davis68@fakemail.net,"1145 2nd Ave, Chicago, OH 94468"
John  Rodriguez,john.rodriguez45@testmail.com,"4841 Maple Ave, San Antonio, CA 65953"
Emily D. Miller,emily.miller10@example.com,"793 Elm St, Chicago, GA 36685"
William A. Brown,william.brown17@example.com,"8602 Pine St, Houston, NY 92001"
Jessica E. Rodriguez,jessica.rodriguez25@testmail.com,"8857 2nd Ave, Chicago, FL 69225"
Michael C. Williams,michael.williams39@mailservice.com,"1586 Main St, San Diego, GA 67196"
Sarah I. Jones,sarah.jones82@example.com,"8674 Broadway, Los Angeles, NC 99582"
Jane B. Rodriguez,jane.rodriguez13@mailservice.com,"1072 Willow Ln, Dallas, FL 18948"
Sarah H. Martinez,sarah.martinez80@fakemail.net,"6125 Oak Dr, San Antonio, NY 73371"
William B. Johnson,william.johnson46@example.com,"599 Broadway, San Jose, GA 91758"
Jessica J. Brown,jessica.brown66@fakemail.net,"3713 Pine St, Chicago, NC 44564"
William I. Miller,william.miller81@myemail.org,"7920 Pine St, Phoenix, GA 91048"
David C. Johnson,david.johnson60@myemail.org,"1609 Elm St, Dallas, PA 68199"
John A. Jones,john.jones69@myemail.org,"2290 Willow Ln, Chicago, AZ 19190"
Robert E. Garcia,robert.garcia56@testmail.com,"908 Willow Ln, Chicago, GA 81882"
Jane E. Martinez,jane.martinez55@mailservice.com,"4170 Willow Ln, Houston, FL 64946"
John I. Johnson,john.johnson54@testmail.com,"8822 Oak Dr, Los Angeles, AZ 69646"
John G. Smith,john.smith13@mailservice.com,"6248 Sunset Blvd, Los Angeles, FL 74537"
Emily A. Williams,emily.williams68@mailservice.com,"5013 Oak Dr, San Diego, GA 84573"
Linda J. Jones,linda.jones10@fakemail.net,"8688 Maple Ave, Los Angeles, CA 25678"
Jane C. Garcia,jane.garcia43@example.com,"4217 Pine St, New York, NC 41948"
Jessica I. Martinez,jessica.martinez91@fakemail.net,"9888 Maple Ave, New York, NC 15028"
Linda F. Miller,linda.miller64@testmail.com,"7540 Main St, San Diego, IL 40610"
William  Martinez,william.martinez91@example.com,"6125 Elm St, Houston, FL 25689"
Sarah G. Johnson,sarah.johnson48@example.com,"8647 Maple Ave, Phoenix, PA 30447"
John D. Miller,john.miller21@fakemail.net,"1997 Maple Ave, Los Angeles, GA 30716"
Michael E. Garcia,michael.garcia86@testmail.com,"1358 Sunset Blvd, San Antonio, NY 90203"
Michael G. Rodriguez,michael.rodriguez60@myemail.org,"3386 2nd Ave, San Jose, NY 82103"
Jane I. Martinez,jane.martinez70@mailservice.com,"5286 Maple Ave, Los Angeles, TX 23940"
Sarah I. Jones,sarah.jones88@example.com,"4897 Elm St, San Jose, NC 33514"
Michael C. Jones,michael.jones72@mailservice.com,"7422 Oak Dr, San Jose, GA 45818"
Michael  Williams,michael.williams30@testmail.com,"3651 Maple Ave, San Antonio, CA 90826"
Linda C. Smith,linda.smith38@testmail.com,"910 Oak Dr, Houston, TX 75327"
John B. Rodriguez,john.rodriguez66@myemail.org,"7816 2nd Ave, Chicago, IL 15553"
Jessica H. Johnson,jessica.johnson46@testmail.com,"6745 Elm St, Philadelphia, CA 98706"
Michael  Smith,michael.smith87@myemail.org,"9137 Maple Ave, San Antonio, NC 33994"
Linda H. Jones,linda.jones13@myemail.org,"1095 2nd Ave, Los Angeles, NC 19405"
William H. Miller,william.miller79@example.com,"8258 Pine St, New York, PA 84465"
Michael C. Johnson,michael.johnson86@example.com,"8483 Oak Dr, Los Angeles, TX 19173"
John A. Davis,john.davis66@mailservice.com,"3992 Broadway, Chicago, TX 55337"
William E. Williams,william.williams65@mailservice.com,"4076 Sunset Blvd, Los Angeles, NY 94895"
Linda E. Johnson,linda.johnson85@mailservice.com,"4901 Maple Ave, San Antonio, IL 78594"
Jane A. Martinez,jane.martinez71@fakemail.net,"1950 Broadway, Dallas, NC 55684"
Robert D. Smith,robert.smith95@example.com,"5760 Main St, Chicago, NY 28813"
Emily C. Davis,emily.davis14@fakemail.net,"5222 Oak Dr, Houston, AZ 77656"
Michael A. Smith,michael.smith14@fakemail.net,"6833 Pine St, San Diego, CA 37794"
Jane D. Brown,jane.brown22@myemail.org,"997 2nd Ave, Philadelphia, CA 99316"
Jessica I. Martinez,jessica.martinez37@testmail.com,"6905 Cedar Rd, Houston, FL 26717"
Jane C. Rodriguez,jane.rodriguez12@testmail.com,"2943 Pine St, San Jose, CA 37269"
William I. Johnson,william.johnson92@myemail.org,"1266 2nd Ave, San Antonio, NY 96272"
David G. Martinez,david.martinez43@myemail.org,"3597 Maple Ave, Houston, GA 21053"
John D. Davis,john.davis18@mailservice.com,"9332 Pine St, San Antonio, NY 14483"
John C. Johnson,john.johnson45@fakemail.net,"2481 2nd Ave, Philadelphia, AZ 21997"
Robert C. Martinez,robert.martinez58@testmail.com,"5469 2nd Ave, Phoenix, TX 97906"
Jane F. Brown,jane.brown15@fakemail.net,"414 Willow Ln, San Antonio, IL 82412"
Sarah J. Martinez,sarah.martinez65@fakemail.net,"7521 Oak Dr, Dallas, FL 59027"
Jane C. Garcia,jane.garcia12@fakemail.net,"395 2nd Ave, Houston, PA 71693"
Linda  Johnson,linda.johnson49@testmail.com,"3699 Sunset Blvd, San Antonio, OH 91360"
David F. Martinez,david.martinez51@testmail.com,"8189 Main St, Dallas, TX 51880"
Michael  Miller,michael.miller35@testmail.com,"6740 Oak Dr, San Diego, CA 17645"
Sarah G. Williams,sarah.williams75@fakemail.net,"2690 Sunset Blvd, Phoenix, PA 56440"
Michael F. Jones,michael.jones61@example.com,"8947 Main St, Philadelphia, AZ 86854"
John D. Johnson,john.johnson77@myemail.org,"3811 Willow Ln, San Diego, GA 43994"
William C. Jones,william.jones31@mailservice.com,"4825 Cedar Rd, Philadelphia, IL 46364"
Sarah A. Rodriguez,sarah.rodriguez25@fakemail.net,"9395 Main St, Houston, CA 18319"
David H. Jones,david.jones22@mailservice.com,"2170 Elm St, San Diego, PA 52549"
Linda F. Johnson,linda.johnson55@myemail.org,"414 Willow Ln, Houston, AZ 89300"
Jessica D. Martinez,jessica.martinez60@example.com,"3983 Main St, San Diego, GA 87558"
William D. Martinez,william.martinez44@testmail.com,"6290 Maple Ave, Philadelphia, FL 30935"
Emily C. Garcia,emily.garcia26@example.com,"5018 Willow Ln, Los Angeles, NC 99603"
Robert F. Jones,robert.jones37@testmail.com,"2388 Pine St, Dallas, IL 35323"
Linda C. Johnson,linda.johnson91@example.com,"8503 Broadway, San Antonio, PA 76896"
Emily I. Brown,emily.brown40@testmail.com,"4488 2nd Ave, San Diego, CA 33431"
Emily A. Rodriguez,emily.rodriguez26@example.com,"2771 Pine St, Dallas, GA 87039"
Michael G. Johnson,michael.johnson39@mailservice.com,"9593 Cedar Rd, Phoenix, AZ 43989"
Michael H. Garcia,michael.garcia18@fakemail.net,"4286 Broadway, Dallas, TX 33286"
William C. Smith,william.smith95@testmail.com,"2565 Maple Ave, Houston, CA 24796"
John I. Davis,john.davis96@fakemail.net,"5731 Sunset Blvd, Chicago, CA 47324"
Michael E. Miller,michael.miller90@myemail.org,"4676 Willow Ln, San Diego, NC 37050"
Sarah D. Martinez,sarah.martinez36@fakemail.net,"2503 Broadway, San Jose, TX 19256"
Linda C. Brown,linda.brown74@myemail.org,"3193 Broadway, New York, OH 51097"
Sarah  Davis,sarah.davis58@example.com,"4954 Cedar Rd, Phoenix, NY 51253"
Emily J. Garcia,emily.garcia30@example.com,"296 Broadway, Los Angeles, CA 30095"
Emily I. Garcia,emily.garcia41@myemail.org,"1224 Oak Dr, Dallas, FL 94941"
David A. Williams,david.williams70@fakemail.net,"3059 Main St, Phoenix, IL 67279"
Michael H. Johnson,michael.johnson91@example.com,"3469 Sunset Blvd, San Jose, FL 55723"
William  Smith,william.smith36@mailservice.com,"1674 Maple Ave, Houston, PA 77027"
Sarah  Brown,sarah.brown16@mailservice.com,"7258 Pine St, Philadelphia, AZ 46582"
Jane G. Davis,jane.davis85@testmail.com,"7001 Oak Dr, New York, NC 56348"
William G. Davis,william.davis48@myemail.org,"9601 Maple Ave, San Antonio, TX 50842"
David I. Jones,david.jones73@mailservice.com,"7527 Pine St, San Antonio, TX 18067"
Robert  Smith,robert.smith73@testmail.com,"7547 Pine St, San Antonio, IL 75328"
David G. Jones,david.jones65@fakemail.net,"3237 Main St, Houston, OH 74560"
Robert A. Miller,robert.miller97@myemail.org,"4235 2nd Ave, Houston, FL 62077"
Michael C. Miller,michael.miller95@testmail.com,"6374 Cedar Rd, San Diego, FL 86605"
Emily  Davis,emily.davis12@myemail.org,"7587 Sunset Blvd, Los Angeles, IL 65373"
Robert I. Johnson,robert.johnson40@testmail.com,"1689 Main St, Houston, NC 96864"
Linda F. Garcia,linda.garcia30@myemail.org,"3287 2nd Ave, Los Angeles, TX 36685"
Sarah  Davis,sarah.davis10@myemail.org,"1449 Pine St, Philadelphia, NC 67509"
Linda A. Smith,linda.smith68@example.com,"7150 Cedar Rd, San Antonio, CA 59993"
Sarah B. Davis,sarah.davis21@myemail.org,"1084 2nd Ave, Dallas, TX 88029"
Jane E. Davis,jane.davis81@mailservice.com,"7656 2nd Ave, Houston, CA 68406"
William E. Johnson,william.johnson69@example.com,"219 2nd Ave, San Antonio, NC 95845"
Michael E. Rodriguez,michael.rodriguez22@myemail.org,"6607 Pine St, Philadelphia, AZ 71359"
William C. Davis,william.davis74@fakemail.net,"9222 Oak Dr, Houston, GA 20147"
Emily D. Martinez,emily.martinez79@example.com,"2677 Pine St, Houston, PA 90019"
Sarah  Jones,sarah.jones79@myemail.org,"4881 Pine St, Phoenix, GA 68759"
John J. Williams,john.williams68@testmail.com,"1381 Sunset Blvd, Houston, GA 14218"
Linda I. Johnson,linda.johnson85@testmail.com,"7265 Willow Ln, Los Angeles, OH 79254"
Emily F. Jones,emily.jones50@myemail.org,"2491 Main St, San Jose, FL 79682"
Robert A. Davis,robert.davis10@example.com,"8923 Maple Ave, Chicago, FL 91583"
Jessica C. Martinez,jessica.martinez42@mailservice.com,"7251 2nd Ave, Chicago, NC 12228"
Jessica E. Williams,jessica.williams98@example.com,"3390 Oak Dr, Philadelphia, IL 74536"
Jane C. Miller,jane.miller96@myemail.org,"5185 2nd Ave, Chicago, IL 61842"
Jane G. Miller,jane.miller97@fakemail.net,"511 2nd Ave, San Jose, FL 61897"
Jessica H. Rodriguez,jessica.rodriguez93@testmail.com,"4643 Broadway, Los Angeles, FL 92705"
Sarah A. Johnson,sarah.johnson41@mailservice.com,"6861 Elm St, Dallas, PA 14908"
Emily D. Williams,emily.williams49@myemail.org,"3075 2nd Ave, San Diego, NY 73289"
John D. Brown,john.brown44@mailservice.com,"5222 Willow Ln, Chicago, PA 24128"
Robert I. Miller,robert.miller45@myemail.org,"3306 Willow Ln, Los Angeles, NY 74874"
Jessica E. Martinez,jessica.martinez48@mailservice.com,"311 Elm St, San Antonio, IL 81583"
David E. Johnson,david.johnson84@mailservice.com,"3039 Pine St, Philadelphia, NY 91101"
David G. Smith,david.smith73@example.com,"4606 Main St, San Antonio, NC 10131"
John D. Davis,john.davis42@testmail.com,"7888 Cedar Rd, San Jose, NY 27743"
Jane A. Garcia,jane.garcia72@fakemail.net,"9636 Cedar Rd, New York, GA 91072"
David B. Garcia,david.garcia76@myemail.org,"6392 Main St, Houston, AZ 65578"
Sarah J. Williams,sarah.williams73@example.com,"312 Cedar Rd, Phoenix, PA 97131"
Jessica  Garcia,jessica.garcia34@fakemail.net,"4041 Main St, San Antonio, AZ 84253"
Jessica B. Davis,jessica.davis26@example.com,"740 Broadway, Chicago, NC 22330"
Michael G. Jones,michael.jones61@myemail.org,"1069 Oak Dr, Chicago, OH 23404"
Emily H. Davis,emily.davis68@myemail.org,"4429 Pine St, New York, CA 40012"
David I. Martinez,david.martinez74@example.com,"2732 Sunset Blvd, San Diego, CA 10564"
Robert D. Williams,robert.williams33@myemail.org,"199 Oak Dr, San Diego, AZ 83958"
John F. Martinez,john.martinez80@myemail.org,"4316 Sunset Blvd, Los Angeles, OH 32059"
Michael I. Rodriguez,michael.rodriguez32@mailservice.com,"9125 Main St, Philadelphia, AZ 13398"
Robert C. Smith,robert.smith31@testmail.com,"2192 Cedar Rd, Chicago, OH 18948"
Jane D. Brown,jane.brown86@testmail.com,"3433 Main St, Houston, CA 18819"
Sarah F. Martinez,sarah.martinez41@fakemail.net,"2127 Main St, San Diego, PA 99751"
Michael E. Brown,michael.brown96@myemail.org,"6024 Elm St, Philadelphia, FL 51202"
Jessica J. Williams,jessica.williams98@example.com,"6140 Sunset Blvd, Chicago, GA 45772"
Linda G. Rodriguez,linda.rodriguez89@myemail.org,"1348 Willow Ln, San Jose, FL 90351"
Linda C. Jones,linda.jones15@myemail.org,"8435 Main St, Phoenix, OH 80786"
Jane A. Martinez,jane.martinez31@example.com,"7709 Willow Ln, Phoenix, AZ 52704"
Jane  Smith,jane.smith81@example.com,"4378 Pine St, San Antonio, IL 50896"
Jane H. Garcia,jane.garcia88@fakemail.net,"249 Pine St, San Diego, CA 26649"
Emily D. Jones,emily.jones66@fakemail.net,"1567 Pine St, Chicago, FL 70010"
Linda D. Martinez,linda.martinez56@example.com,"6473 Oak Dr, New York, PA 94852"
Sarah F. Davis,sarah.davis71@mailservice.com,"4375 2nd Ave, San Jose, CA 80285"
Jane C. Brown,jane.brown94@mailservice.com,"5344 Pine St, Phoenix, NY 77413"
Jessica I. Martinez,jessica.martinez75@example.com,"5294 Main St, Dallas, IL 68721"
Jane C. Davis,jane.davis39@testmail.com,"1121 Elm St, San Diego, AZ 83113"
Jane I. Johnson,jane.johnson38@testmail.com,"4419 Willow Ln, San Antonio, TX 13338"
Michael E. Miller,michael.miller41@testmail.com,"8304 Elm St, Chicago, OH 61319"
William B. Martinez,william.martinez36@testmail.com,"2115 Oak Dr, Dallas, FL 44949"
Robert D. Johnson,robert.johnson86@testmail.com,"2239 Broadway, Chicago, GA 65220"
Michael I. Williams,michael.williams80@myemail.org,"2787 Maple Ave, San Antonio, IL 93925"
William A. Brown,william.brown35@example.com,"297 2nd Ave, San Antonio, OH 69996"
David H. Garcia,david.garcia95@myemail.org,"4710 Main St, San Diego, PA 18410"
Jessica B. Smith,jessica.smith88@testmail.com,"5214 Oak Dr, New York, OH 13697"
Emily E. Rodriguez,emily.rodriguez22@mailservice.com,"775 Elm St, Los Angeles, NC 42742"
John C. Smith,john.smith50@example.com,"8458 Main St, San Diego, IL 46814"
William D. Williams,william.williams47@example.com,"2394 Sunset Blvd, Dallas, OH 37597"
Jane H. Smith,jane.smith64@mailservice.com,"4838 Maple Ave, Los Angeles, OH 49291"
Linda B. Garcia,linda.garcia58@myemail.org,"2439 Broadway, San Diego, FL 91072"
Jane H. Miller,jane.miller91@fakemail.net,"1499 Oak Dr, Chicago, PA 69229"
John C. Davis,john.davis74@mailservice.com,"3311 Pine St, Phoenix, GA 15482"
Jane J. Smith,jane.smith10@example.com,"770 Oak Dr, Dallas, GA 74677"
Linda H. Garcia,linda.garcia94@example.com,"7645 Oak Dr, Houston, NC 34144"
Sarah I. Smith,sarah.smith87@testmail.com,"2304 Main St, Dallas, OH 97937"
Robert D. Johnson,robert.johnson67@testmail.com,"5843 Oak Dr, Houston, IL 69160"
Linda C. Williams,linda.williams31@myemail.org,"2331 2nd Ave, New York, OH 26588"
Michael  Brown,michael.brown75@example.com,"6667 Pine St, Chicago, FL 91802"
Robert J. Martinez,robert.martinez22@testmail.com,"2279 Main St, San Antonio, GA 64817"
Emily J. Johnson,emily.johnson18@testmail.com,"4258 Elm St, San Jose, IL 71724"
John  Jones,john.jones49@testmail.com,"6832 Cedar Rd, Phoenix, TX 83502"
David C. Miller,david.miller52@fakemail.net,"2244 Broadway, New York, OH 63775"
David G. Williams,david.williams52@testmail.com,"8152 Elm St, San Antonio, IL 48565"
John F. Smith,john.smith78@fakemail.net,"1326 Maple Ave, Dallas, FL 83395"
Emily J. Jones,emily.jones45@myemail.org,"5645 Elm St, Los Angeles, OH 18423"
William J. Smith,william.smith83@testmail.com,"4335 Broadway, San Jose, IL 82940"
Sarah F. Davis,sarah.davis89@fakemail.net,"6814 Cedar Rd, Dallas, CA 19105"
Robert F. Smith,robert.smith73@testmail.com,"401 Elm St, New York, IL 47028"
Robert C. Rodriguez,robert.rodriguez21@testmail.com,"6707 Willow Ln, Phoenix, OH 38213"
Michael F. Brown,michael.brown43@mailservice.com,"9942 Sunset Blvd, Phoenix, GA 14283"
Jessica G. Davis,jessica.davis45@fakemail.net,"8582 Elm St, Dallas, NY 61985"
Jane H. Smith,jane.smith73@fakemail.net,"6787 2nd Ave, Philadelphia, NY 59467"
John B. Williams,john.williams67@example.com,"4975 Willow Ln, Phoenix, NC 31683"
John A. Brown,john.brown71@myemail.org,"9545 Willow Ln, San Jose, NC 22508"
John J. Rodriguez,john.rodriguez94@myemail.org,"7026 Oak Dr, Houston, FL 59774"
Robert E. Davis,robert.davis85@fakemail.net,"966 2nd Ave, New York, PA 32734"
Robert F. Miller,robert.miller55@fakemail.net,"3834 Willow Ln, New York, NY 36152"
Michael J. Rodriguez,michael.rodriguez27@example.com,"8156 Oak Dr, San Diego, AZ 10665"
David D. Smith,david.smith33@mailservice.com,"7091 2nd Ave, San Antonio, IL 65515"
William H. Williams,william.williams76@mailservice.com,"2687 2nd Ave, San Diego, NC 10366"
Jane G. Rodriguez,jane.rodriguez90@testmail.com,"965 Sunset Blvd, Houston, CA 95278"
Jessica B. Martinez,jessica.martinez66@fakemail.net,"5503 Elm St, New York, CA 74975"
Jane J. Jones,jane.jones95@myemail.org,"6992 Willow Ln, Chicago, NC 22713"
Linda J. Johnson,linda.johnson67@myemail.org,"1054 Willow Ln, Houston, TX 35182"
John J. Miller,john.miller22@example.com,"8899 Willow Ln, Houston, TX 14523"
Robert A. Davis,robert.davis67@fakemail.net,"2038 Oak Dr, Houston, PA 89757"
Sarah J. Garcia,sarah.garcia60@testmail.com,"907 Pine St, Phoenix, PA 10057"
Robert  Martinez,robert.martinez78@mailservice.com,"3881 2nd Ave, Houston, FL 32020"
Jane D. Davis,jane.davis39@testmail.com,"6762 Main St, Dallas, NC 89773"
Linda A. Miller,linda.miller65@testmail.com,"4435 Elm St, Los Angeles, OH 74548"
Jessica I. Davis,jessica.davis29@fakemail.net,"881 Broadway, Chicago, TX 98189"
John H. Johnson,john.johnson11@myemail.org,"7099 Willow Ln, Phoenix, TX 65910"
David I. Davis,david.davis42@mailservice.com,"4915 Broadway, Houston, OH 25792"
Robert  Martinez,robert.martinez46@mailservice.com,"8122 Maple Ave, San Diego, OH 48824"
Sarah F. Smith,sarah.smith21@example.com,"8431 Broadway, Dallas, OH 75818"
William G. Jones,william.jones10@fakemail.net,"6706 Sunset Blvd, Phoenix, AZ 56850"
Emily F. Smith,emily.smith67@mailservice.com,"3396 Broadway, Philadelphia, AZ 60714"
David H. Garcia,david.garcia28@mailservice.com,"7382 Oak Dr, Phoenix, NC 23516"
William H. Garcia,william.garcia56@testmail.com,"2380 Pine St, Philadelphia, PA 55140"
Jessica I. Rodriguez,jessica.rodriguez64@testmail.com,"2592 Elm St, San Antonio, NY 70715"
David D. Johnson,david.johnson58@myemail.org,"3306 Cedar Rd, Phoenix, PA 52034"
Jane E. Garcia,jane.garcia47@fakemail.net,"9111 Maple Ave, New York, NC 19772"
Emily F. Jones,emily.jones25@testmail.com,"778 Cedar Rd, Los Angeles, CA 50741"
Emily J. Williams,emily.williams36@example.com,"6885 Elm St, New York, NC 26411"
Michael  Davis,michael.davis45@example.com,"7830 2nd Ave, Los Angeles, AZ 64994"
Michael E. Martinez,michael.martinez73@example.com,"6896 Elm St, New York, AZ 80349"
Jessica A. Smith,jessica.smith56@mailservice.com,"4769 Cedar Rd, New York, TX 97766"
Emily F. Davis,emily.davis34@mailservice.com,"4654 Oak Dr, San Antonio, FL 39158"
Emily E. Rodriguez,emily.rodriguez81@example.com,"9313 Oak Dr, Chicago, TX 63079"
Sarah A. Davis,sarah.davis78@example.com,"4963 Cedar Rd, Phoenix, AZ 24694"
Linda A. Brown,linda.brown10@fakemail.net,"2730 Elm St, San Diego, NC 83424"
Linda  Williams,linda.williams69@testmail.com,"9204 Elm St, New York, GA 53114"
Emily H. Brown,emily.brown72@example.com,"3541 Sunset Blvd, Phoenix, GA 11562"
Robert  Martinez,robert.martinez62@mailservice.com,"7288 Pine St, San Diego, IL 45742"
Jane  Johnson,jane.johnson34@example.com,"9666 Main St, San Jose, NC 76814"
Michael G. Smith,michael.smith61@myemail.org,"6877 Broadway, San Diego, NC 53299"
Jane B. Johnson,jane.johnson53@testmail.com,"6918 Elm St, San Diego, TX 29507"
Robert D. Jones,robert.jones92@testmail.com,"5928 Broadway, Los Angeles, IL 29675"
Jane J. Jones,jane.jones44@example.com,"6962 Broadway, New York, AZ 21565"
Jane E. Miller,jane.miller70@example.com,"6025 Maple Ave, San Diego, GA 26834"
Sarah B. Johnson,sarah.johnson61@example.com,"5949 2nd Ave, San Antonio, NC 39420"
Linda H. Jones,linda.jones65@myemail.org,"9400 Oak Dr, San Antonio, FL 23811"
Jessica H. Johnson,jessica.johnson89@testmail.com,"3508 Oak Dr, Dallas, IL 49232"
David A. Miller,david.miller37@testmail.com,"5946 Broadway, San Jose, GA 12517"
William G. Smith,william.smith80@testmail.com,"2096 Oak Dr, San Diego, FL 17019"
Robert I. Martinez,robert.martinez31@mailservice.com,"4310 Elm St, San Diego, CA 43530"
Linda H. Williams,linda.williams88@testmail.com,"7538 Sunset Blvd, San Jose, CA 77503"
William B. Jones,william.jones38@mailservice.com,"6364 Elm St, Houston, FL 23752"
Linda A. Garcia,linda.garcia60@testmail.com,"951 Maple Ave, San Antonio, FL 74321"
William C. Davis,william.davis22@testmail.com,"4229 Willow Ln, Philadelphia, CA 90748"
Jane B. Davis,jane.davis86@example.com,"4420 Pine St, San Jose, GA 25771"
Robert I. Johnson,robert.johnson54@myemail.org,"2681 Maple Ave, San Jose, PA 91297"
Sarah A. Garcia,sarah.garcia76@mailservice.com,"5271 Cedar Rd, Phoenix, OH 21168"
Michael B. Brown,michael.brown95@myemail.org,"2991 Pine St, Phoenix, CA 40140"
Jessica E. Brown,jessica.brown96@fakemail.net,"1122 Sunset Blvd, Phoenix, TX 26394"
John F. Miller,john.miller54@myemail.org,"3483 Main St, Houston, CA 95774"
Linda G. Johnson,linda.johnson82@mailservice.com,"4554 Sunset Blvd, Dallas, TX 98369"
Jessica D. Smith,jessica.smith14@mailservice.com,"6427 Oak Dr, New York, TX 87169"
John C. Williams,john.williams39@mailservice.com,"5276 Elm St, San Antonio, TX 70535"
David F. Johnson,david.johnson97@example.com,"836 Sunset Blvd, San Antonio, GA 35790"
Emily C. Johnson,emily.johnson16@fakemail.net,"2045 Willow Ln, Dallas, IL 76655"
Jessica  Garcia,jessica.garcia97@fakemail.net,"8966 2nd Ave, Los Angeles, AZ 41830"
Jessica H. Johnson,jessica.johnson79@mailservice.com,"6103 2nd Ave, Chicago, FL 44217"
Jessica I. Brown,jessica.brown82@testmail.com,"4093 Oak Dr, Chicago, OH 26691"
Linda A. Smith,linda.smith36@testmail.com,"3041 Main St, Philadelphia, TX 81882"
Robert A. Martinez,robert.martinez28@fakemail.net,"6498 Sunset Blvd, New York, NY 68466"
Jane B. Jones,jane.jones13@testmail.com,"1283 Oak Dr, Houston, NC 11097"
Jessica I. Garcia,jessica.garcia83@fakemail.net,"9656 Sunset Blvd, Phoenix, IL 33835"
John B. Martinez,john.martinez78@testmail.com,"1873 Pine St, San Jose, OH 80123"
William D. Miller,william.miller47@example.com,"5028 Willow Ln, New York, AZ 88829"
Robert I. Davis,robert.davis53@mailservice.com,"6047 Cedar Rd, San Diego, TX 18964"
Jessica B. Miller,jessica.miller90@myemail.org,"6591 2nd Ave, San Jose, PA 90592"
Jessica D. Johnson,jessica.johnson25@mailservice.com,"2929 Cedar Rd, Houston, GA 36531"
Linda J. Jones,linda.jones86@myemail.org,"416 2nd Ave, Chicago, CA 34046"
Jessica  Rodriguez,jessica.rodriguez98@example.com,"2695 Willow Ln, Houston, PA 34034"
John  Smith,john.smith31@myemail.org,"8129 Cedar Rd, San Antonio, TX 13200"
Jessica C. Johnson,jessica.johnson12@testmail.com,"8990 Pine St, Dallas, OH 81880"
Sarah C. Smith,sarah.smith49@fakemail.net,"9333 Willow Ln, Chicago, NY 99299"
Linda D. Rodriguez,linda.rodriguez18@testmail.com,"3408 Elm St, San Diego, NC 65873"
John I. Jones,john.jones20@example.com,"4201 Pine St, San Jose, NY 51699"
David H. Williams,david.williams49@testmail.com,"998 Cedar Rd, Philadelphia, FL 38364"
Robert B. Brown,robert.brown77@myemail.org,"2368 Oak Dr, Houston, IL 86715"
Michael H. Miller,michael.miller42@testmail.com,"924 Main St, San Diego, GA 67178"
Linda A. Miller,linda.miller23@myemail.org,"5978 Cedar Rd, Los Angeles, TX 63503"
Robert I. Garcia,robert.garcia98@fakemail.net,"3193 Elm St, San Diego, FL 24875"
Linda G. Williams,linda.williams73@fakemail.net,"1714 Sunset Blvd, Houston, AZ 77254"
Sarah I. Smith,sarah.smith67@example.com,"8542 Elm St, Philadelphia, FL 29211"
John C. Miller,john.miller48@mailservice.com,"7465 Maple Ave, Dallas, OH 75441"
David J. Rodriguez,david.rodriguez46@example.com,"2313 Main St, New York, NC 96451"
Robert I. Martinez,robert.martinez88@example.com,"6695 Cedar Rd, Dallas, PA 48337"
David J. Smith,david.smith41@testmail.com,"4276 2nd Ave, Dallas, NC 67726"
Emily E. Martinez,emily.martinez47@fakemail.net,"3255 Maple Ave, San Diego, FL 84108"
John J. Martinez,john.martinez53@testmail.com,"5679 Willow Ln, Chicago, CA 18433"
Sarah C. Rodriguez,sarah.rodriguez69@testmail.com,"8228 Maple Ave, San Jose, NC 49293"
John E. Miller,john.miller59@myemail.org,"8712 Cedar Rd, Chicago, GA 90055"
Linda I. Johnson,linda.johnson73@mailservice.com,"695 Willow Ln, San Diego, TX 66784"
Linda H. Miller,linda.miller72@myemail.org,"7388 Sunset Blvd, Phoenix, GA 31576"
Linda G. Williams,linda.williams53@example.com,"2230 Pine St, Chicago, CA 23510"
David C. Garcia,david.garcia12@mailservice.com,"1518 Elm St, New York, OH 84147"
John  Williams,john.williams81@example.com,"8577 Main St, Houston, GA 70915"
John G. Rodriguez,john.rodriguez36@example.com,"213 Main St, Houston, GA 93431"
David E. Williams,david.williams57@mailservice.com,"5055 Elm St, Chicago, OH 51880"
Jessica  Davis,jessica.davis43@testmail.com,"5852 Broadway, San Antonio, NC 56465"
Sarah F. Smith,sarah.smith71@fakemail.net,"5367 Sunset Blvd, San Antonio, AZ 14805"
Sarah G. Miller,sarah.miller25@example.com,"5753 Elm St, Philadelphia, IL 56244"
David H. Williams,david.williams68@testmail.com,"7078 Maple Ave, Chicago, OH 23832"
David J. Brown,david.brown66@example.com,"6762 Maple Ave, San Antonio, GA 86715"
Linda J. Miller,linda.miller59@example.com,"9734 Elm St, Los Angeles, OH 52034"
Jessica C. Davis,jessica.davis42@fakemail.net,"4479 2nd Ave, San Jose, IL 65525"
Linda A. Garcia,linda.garcia86@fakemail.net,"2738 Maple Ave, Phoenix, AZ 22916"
John A. Jones,john.jones10@testmail.com,"4338 Maple Ave, San Antonio, NY 43489"
Jane B. Rodriguez,jane.rodriguez55@testmail.com,"9668 Main St, San Jose, NC 69662"
William C. Williams,william.williams97@testmail.com,"1798 Pine St, Chicago, IL 16132"
Robert A. Davis,robert.davis97@testmail.com,"629 Oak Dr, San Antonio, IL 68722"
John E. Rodriguez,john.rodriguez29@mailservice.com,"5560 Elm St, Houston, NC 20684"
Jane E. Smith,jane.smith73@example.com,"3404 Maple Ave, New York, TX 56883"
William I. Davis,william.davis16@example.com,"5168 Elm St, Chicago, AZ 49067"
William I. Miller,william.miller51@testmail.com,"5566 Sunset Blvd, Houston, AZ 56379"
Jessica  Rodriguez,jessica.rodriguez95@mailservice.com,"4440 Elm St, Chicago, NC 43698"
John A. Martinez,john.martinez56@testmail.com,"4061 Elm St, Chicago, AZ 23475"
Linda H. Brown,linda.brown82@myemail.org,"6263 Maple Ave, Houston, OH 86370"
Jessica C. Brown,jessica.brown14@mailservice.com,"3815 Elm St, San Jose, NY 63454"
Michael  Jones,michael.jones35@myemail.org,"1883 2nd Ave, Phoenix, GA 67334"
William  Smith,william.smith40@fakemail.net,"9628 Broadway, Houston, IL 99027"
Jane F. Brown,jane.brown92@example.com,"5030 Pine St, San Diego, FL 91141"
Robert D. Miller,robert.miller62@example.com,"1916 Maple Ave, Philadelphia, TX 62074"
Emily D. Williams,emily.williams62@example.com,"3284 Maple Ave, Philadelphia, NY 68068"
John I. Brown,john.brown35@myemail.org,"3114 Elm St, San Jose, OH 50813"
Linda B. Jones,linda.jones78@fakemail.net,"3663 Maple Ave, New York, PA 22825"
Sarah D. Davis,sarah.davis84@example.com,"2729 Oak Dr, Phoenix, CA 31733"
Linda C. Miller,linda.miller97@myemail.org,"8138 Broadway, Phoenix, CA 81233"
William H. Garcia,william.garcia51@mailservice.com,"6699 Sunset Blvd, Houston, IL 12546"
Emily B. Martinez,emily.martinez60@testmail.com,"2340 Sunset Blvd, Philadelphia, AZ 36243"
Robert J. Jones,robert.jones35@myemail.org,"1266 Oak Dr, San Antonio, FL 42743"
Michael I. Davis,michael.davis75@myemail.org,"1865 Pine St, San Diego, GA 37631"
David E. Martinez,david.martinez84@myemail.org,"4203 Oak Dr, San Antonio, OH 97259"
William H. Johnson,william.johnson14@example.com,"7059 Broadway, Houston, CA 14292"
David F. Rodriguez,david.rodriguez74@example.com,"1638 Willow Ln, San Jose, IL 70010"
Emily J. Rodriguez,emily.rodriguez86@testmail.com,"4793 Elm St, Phoenix, NY 88247"
David F. Miller,david.miller24@fakemail.net,"573 Cedar Rd, Phoenix, CA 68722"
Emily F. Williams,emily.williams41@fakemail.net,"2512 Cedar Rd, Chicago, AZ 62697"
John E. Jones,john.jones70@fakemail.net,"4579 Elm St, New York, OH 61197"
Linda E. Rodriguez,linda.rodriguez38@fakemail.net,"9907 Maple Ave, Los Angeles, AZ 88786"
Michael B. Johnson,michael.johnson20@testmail.com,"6004 Pine St, Phoenix, OH 89588"
Robert H. Williams,robert.williams12@example.com,"4109 Sunset Blvd, Phoenix, NY 77087"
Sarah D. Smith,sarah.smith82@mailservice.com,"230 Elm St, San Jose, FL 91101"
Emily C. Rodriguez,emily.rodriguez21@testmail.com,"2091 Oak Dr, Houston, NC 86315"
Linda H. Garcia,linda.garcia85@testmail.com,"5865 Sunset Blvd, San Diego, GA 65720"
Sarah H. Rodriguez,sarah.rodriguez49@fakemail.net,"9917 Main St, San Jose, AZ 59529"
Sarah A. Martinez,sarah.martinez36@fakemail.net,"3018 Pine St, Los Angeles, TX 51196"
Linda G. Davis,linda.davis95@testmail.com,"7343 Main St, Houston, IL 71649"
William E. Johnson,william.johnson33@myemail.org,"805 Maple Ave, San Antonio, AZ 84357"
Jessica G. Smith,jessica.smith15@myemail.org,"2882 Cedar Rd, Los Angeles, IL 71758"
Michael G. Miller,michael.miller77@mailservice.com,"828 Oak Dr, San Jose, GA 10934"
Emily F. Jones,emily.jones36@testmail.com,"6118 Elm St, Philadelphia, NY 44785"
Michael  Davis,michael.davis84@mailservice.com,"459 Maple Ave, Chicago, TX 73193"
David E. Garcia,david.garcia39@fakemail.net,"3030 Main St, Philadelphia, OH 23881"
Sarah C. Davis,sarah.davis10@fakemail.net,"5747 Broadway, San Jose, NY 68039"
William J. Williams,william.williams65@testmail.com,"9667 Broadway, Phoenix, TX 14365"
Michael C. Williams,michael.williams83@fakemail.net,"4875 Main St, Los Angeles, IL 51616"
John J. Garcia,john.garcia84@fakemail.net,"461 2nd Ave, Los Angeles, NY 51103"
Jane I. Miller,jane.miller95@myemail.org,"4817 Cedar Rd, San Jose, IL 86160"
Sarah  Brown,sarah.brown13@fakemail.net,"9886 Oak Dr, Philadelphia, CA 87345"
Jane C. Miller,jane.miller70@fakemail.net,"8933 Maple Ave, Los Angeles, AZ 59234"
Robert F. Martinez,robert.martinez42@fakemail.net,"1349 Sunset Blvd, Houston, FL 42824"
Linda G. Rodriguez,linda.rodriguez96@testmail.com,"8408 Maple Ave, Chicago, PA 90618"
Jane B. Johnson,jane.johnson92@fakemail.net,"4765 Pine St, Philadelphia, FL 52838"
David I. Brown,david.brown87@mailservice.com,"1943 Broadway, Dallas, TX 93086"
John H. Martinez,john.martinez51@example.com,"6889 Cedar Rd, Houston, NY 34056"
William E. Garcia,william.garcia90@testmail.com,"3751 Elm St, Dallas, CA 73868"
Jessica E. Davis,jessica.davis27@testmail.com,"1153 Sunset Blvd, San Diego, OH 54042"
William E. Martinez,william.martinez44@example.com,"7137 Sunset Blvd, Dallas, AZ 10627"
Robert D. Jones,robert.jones33@example.com,"5081 2nd Ave, San Diego, OH 89728"
John C. Williams,john.williams56@mailservice.com,"3433 2nd Ave, Dallas, CA 92221"
Robert  Miller,robert.miller21@mailservice.com,"2237 Main St, Houston, CA 15564"
John B. Miller,john.miller39@testmail.com,"4216 Oak Dr, San Diego, FL 85148"
Michael  Rodriguez,michael.rodriguez26@example.com,"3500 Broadway, San Jose, NY 57978"
William A. Brown,william.brown18@myemail.org,"3100 Cedar Rd, Chicago, CA 70106"
Michael F. Martinez,michael.martinez71@example.com,"3145 Willow Ln, Phoenix, FL 10077"
Linda D. Davis,linda.davis16@fakemail.net,"389 Maple Ave, San Jose, NC 99522"
Jessica F. Martinez,jessica.martinez80@myemail.org,"2673 2nd Ave, Philadelphia, FL 55408"
Jane  Miller,jane.miller49@mailservice.com,"7808 Maple Ave, San Antonio, AZ 86752"
Jessica G. Brown,jessica.brown54@example.com,"8052 Main St, Houston, AZ 99102"
Emily J. Smith,emily.smith41@mailservice.com,"6270 Elm St, Los Angeles, PA 64946"
Robert I. Johnson,robert.johnson73@example.com,"5212 2nd Ave, Los Angeles, IL 50493"
Linda H. Williams,linda.williams61@fakemail.net,"5954 Cedar Rd, Phoenix, FL 91685"
John H. Williams,john.williams88@mailservice.com,"6107 Cedar Rd, Houston, TX 45269"
Jessica F. Williams,jessica.williams13@testmail.com,"2137 2nd Ave, San Diego, TX 88919"
John D. Smith,john.smith70@testmail.com,"1199 Willow Ln, San Antonio, OH 97135"
Emily I. Smith,emily.smith36@example.com,"846 Maple Ave, San Antonio, PA 48862"
Emily  Davis,emily.davis96@fakemail.net,"5186 Oak Dr, San Diego, TX 98359"
Jessica J. Williams,jessica.williams28@myemail.org,"7278 Main St, Philadelphia, PA 11275"
Emily C. Brown,emily.brown98@fakemail.net,"2263 Sunset Blvd, New York, CA 54706"
Jane B. Jones,jane.jones85@mailservice.com,"7289 Maple Ave, Dallas, AZ 29805"
Jessica A. Johnson,jessica.johnson96@mailservice.com,"9744 Elm St, New York, AZ 44911"
Sarah D. Martinez,sarah.martinez37@example.com,"7168 Cedar Rd, Chicago, TX 63325"
David F. Smith,david.smith49@fakemail.net,"4537 Main St, Philadelphia, FL 25470"
Michael D. Smith,michael.smith98@example.com,"743 Oak Dr, Los Angeles, NC 86048"
Sarah E. Rodriguez,sarah.rodriguez54@mailservice.com,"734 Elm St, Los Angeles, FL 97733"
Michael A. Davis,michael.davis71@testmail.com,"6953 2nd Ave, San Diego, AZ 26588"
Robert  Johnson,robert.johnson23@example.com,"4192 Pine St, Houston, PA 97043"
Michael G. Miller,michael.miller23@example.com,"6741 Pine St, Philadelphia, FL 67020"
Emily E. Johnson,emily.johnson90@example.com,"9002 2nd Ave, San Jose, FL 87324"
Michael H. Jones,michael.jones39@testmail.com,"6544 2nd Ave, Los Angeles, TX 76689"
Michael  Williams,michael.williams13@myemail.org,"1635 Sunset Blvd, Houston, AZ 63427"
William J. Davis,william.davis22@mailservice.com,"3587 Pine St, San Antonio, NY 59439"
William E. Johnson,william.johnson87@fakemail.net,"701 Pine St, New York, CA 38836"
William I. Miller,william.miller33@mailservice.com,"3619 Oak Dr, San Diego, GA 38610"
John F. Martinez,john.martinez48@mailservice.com,"8996 Broadway, San Jose, PA 26722"
Sarah B. Williams,sarah.williams84@mailservice.com,"5497 Elm St, San Jose, OH 34964"
Jessica I. Jones,jessica.jones60@myemail.org,"2485 Oak Dr, Houston, FL 71608"
Jessica B. Martinez,jessica.martinez48@example.com,"8823 Cedar Rd, Dallas, AZ 55126"
John F. Davis,john.davis74@example.com,"2694 Main St, Philadelphia, NC 44378"
Michael B. Rodriguez,michael.rodriguez55@example.com,"3683 Oak Dr, San Diego, GA 98424"
David A. Williams,david.williams99@testmail.com,"6806 2nd Ave, San Antonio, OH 67851"
David H. Rodriguez,david.rodriguez67@myemail.org,"1207 Pine St, San Antonio, NY 86195"
William B. Brown,william.brown68@testmail.com,"4150 Cedar Rd, New York, NY 80940"
William J. Davis,william.davis41@mailservice.com,"5058 Oak Dr, Phoenix, NY 85422"
Michael  Williams,michael.williams21@myemail.org,"7791 Elm St, Houston, FL 59993"
Jane H. Davis,jane.davis43@fakemail.net,"5890 Sunset Blvd, Dallas, FL 15885"
John H. Martinez,john.martinez91@fakemail.net,"1455 Oak Dr, Chicago, CA 69139"
Sarah I. Martinez,sarah.martinez80@myemail.org,"143 Pine St, Dallas, CA 68100"
John E. Garcia,john.garcia60@fakemail.net,"1763 Elm St, Houston, AZ 66900"
William B. Brown,william.brown97@testmail.com,"9593 Oak Dr, Philadelphia, NY 87079"
David  Williams,david.williams68@myemail.org,"5442 Main St, Phoenix, AZ 22833"
Robert B. Williams,robert.williams42@myemail.org,"4702 Main St, Los Angeles, OH 69736"
Linda D. Brown,linda.brown46@fakemail.net,"8496 Maple Ave, Philadelphia, OH 35943"
John I. Miller,john.miller95@fakemail.net,"1246 Willow Ln, Chicago, TX 45728"
Linda J. Johnson,linda.johnson48@example.com,"4997 Elm St, Chicago, AZ 90839"
Emily D. Miller,emily.miller92@fakemail.net,"4016 Pine St, San Antonio, FL 14440"
John A. Garcia,john.garcia28@example.com,"7953 2nd Ave, San Diego, PA 72695"
David J. Jones,david.jones76@testmail.com,"7084 2nd Ave, San Diego, PA 36938"
Sarah B. Miller,sarah.miller75@example.com,"1808 Pine St, Los Angeles, PA 38836"
Michael G. Martinez,michael.martinez32@fakemail.net,"4337 Oak Dr, Dallas, PA 30756"
John J. Smith,john.smith23@myemail.org,"8008 Oak Dr, New York, AZ 30128"
William C. Garcia,william.garcia35@testmail.com,"4398 Maple Ave, Phoenix, IL 58217"
William B. Jones,william.jones43@example.com,"782 Broadway, Houston, OH 91622"
William D. Smith,william.smith13@example.com,"6228 Maple Ave, San Diego, CA 19772"
David H. Smith,david.smith43@example.com,"3841 Pine St, Philadelphia, FL 93574"
Michael H. Davis,michael.davis85@mailservice.com,"9650 2nd Ave, Dallas, OH 59456"
David B. Smith,david.smith94@fakemail.net,"5078 Pine St, San Antonio, NC 69680"
David  Rodriguez,david.rodriguez72@example.com,"9501 Broadway, Philadelphia, GA 87598"
Robert  Martinez,robert.martinez18@fakemail.net,"2337 Willow Ln, Phoenix, PA 68383"
Sarah J. Williams,sarah.williams31@myemail.org,"7971 Willow Ln, Chicago, NY 93063"
Jane I. Johnson,jane.johnson63@fakemail.net,"798 Pine St, San Jose, FL 60216"
Sarah H. Jones,sarah.jones79@mailservice.com,"1007 Maple Ave, Phoenix, GA 21686"
Jessica G. Garcia,jessica.garcia27@myemail.org,"9394 Oak Dr, San Jose, FL 92229"
Linda  Williams,linda.williams96@mailservice.com,"8959 Oak Dr, Chicago, IL 37355"
William B. Martinez,william.martinez64@myemail.org,"5001 Maple Ave, Dallas, CA 12054"
Robert E. Davis,robert.davis51@testmail.com,"2696 Oak Dr, New York, TX 14297"
Michael C. Martinez,michael.martinez55@example.com,"3993 Willow Ln, Houston, FL 32923"
Robert G. Brown,robert.brown17@example.com,"7164 Elm St, Chicago, OH 77153"
Michael C. Garcia,michael.garcia32@mailservice.com,"8383 Elm St, Dallas, IL 41378"
Michael D. Garcia,michael.garcia30@testmail.com,"4372 Pine St, Los Angeles, TX 98040"
Sarah  Smith,sarah.smith18@fakemail.net,"3570 Pine St, San Diego, OH 47559"
Jessica B. Johnson,jessica.johnson82@fakemail.net,"7484 Elm St, Phoenix, FL 77885"
Linda I. Brown,linda.brown73@mailservice.com,"4286 Main St, San Antonio, IL 20339"
Emily C. Williams,emily.williams28@fakemail.net,"9475 Maple Ave, Chicago, OH 74269"
Robert  Jones,robert.jones34@testmail.com,"6849 Elm St, Philadelphia, OH 27536"
John C. Smith,john.smith13@example.com,"9043 Cedar Rd, San Jose, PA 81678"
Michael E. Jones,michael.jones90@fakemail.net,"4086 Broadway, Los Angeles, PA 11097"
Sarah D. Davis,sarah.davis75@testmail.com,"421 Cedar Rd, Philadelphia, CA 45364"
William B. Davis,william.davis42@testmail.com,"4065 2nd Ave, Los Angeles, OH 30088"
Jane B. Jones,jane.jones87@example.com,"1114 Pine St, Philadelphia, NY 85703"
Michael  Rodriguez,michael.rodriguez86@testmail.com,"431 Oak Dr, San Diego, NY 38810"
Jane F. Smith,jane.smith55@myemail.org,"1046 Main St, Chicago, PA 97331"
John B. Brown,john.brown31@mailservice.com,"7948 Oak Dr, Chicago, PA 76660"
Jessica  Miller,jessica.miller93@testmail.com,"1739 Sunset Blvd, Los Angeles, PA 31097"
Sarah  Davis,sarah.davis58@testmail.com,"3037 Pine St, Houston, TX 37185"
Sarah  Johnson,sarah.johnson69@example.com,"3773 Maple Ave, San Antonio, CA 81074"
Jane A. Johnson,jane.johnson24@fakemail.net,"3535 Willow Ln, Dallas, OH 41536"
William D. Johnson,william.johnson63@fakemail.net,"4033 Maple Ave, San Jose, CA 72462"
Jane H. Smith,jane.smith93@fakemail.net,"9563 Elm St, Houston, NY 56642"
Sarah G. Garcia,sarah.garcia21@mailservice.com,"9548 Oak Dr, Phoenix, CA 52096"
David  Brown,david.brown47@mailservice.com,"4624 Cedar Rd, New York, CA 73662"
Jessica F. Smith,jessica.smith60@testmail.com,"9971 Main St, San Diego, GA 86364"
Jane J. Miller,jane.miller17@mailservice.com,"6977 Pine St, Phoenix, TX 29996"
Jane G. Brown,jane.brown34@mailservice.com,"4364 2nd Ave, Philadelphia, OH 15979"
William E. Jones,william.jones46@fakemail.net,"6981 Elm St, San Jose, IL 48857"
Linda B. Davis,linda.davis10@mailservice.com,"8051 Oak Dr, New York, CA 55607"
David F. Davis,david.davis45@myemail.org,"8166 2nd Ave, San Jose, NY 81112"
William  Garcia,william.garcia96@testmail.com,"3174 Main St, New York, OH 89895"
Michael E. Davis,michael.davis10@testmail.com,"6953 Pine St, Houston, CA 19313"
Jessica J. Johnson,jessica.johnson75@mailservice.com,"1052 Broadway, San Antonio, PA 92516"
William E. Brown,william.brown81@example.com,"7004 Oak Dr, San Diego, PA 81226"
Jessica A. Smith,jessica.smith51@mailservice.com,"2079 Sunset Blvd, San Jose, TX 79848"
Jane B. Davis,jane.davis91@testmail.com,"7934 Oak Dr, Phoenix, IL 41088"
David H. Johnson,david.johnson28@fakemail.net,"952 Main St, Philadelphia, PA 82503"
David B. Davis,david.davis20@testmail.com,"3945 Sunset Blvd, Philadelphia, IL 58284"
Michael G. Johnson,michael.johnson79@fakemail.net,"1238 Willow Ln, Philadelphia, IL 10441"
Michael H. Johnson,michael.johnson77@fakemail.net,"459 2nd Ave, Philadelphia, PA 71359"
Michael B. Miller,michael.miller42@myemail.org,"3669 Willow Ln, San Diego, NY 23349"
Michael G. Miller,michael.miller16@fakemail.net,"1909 Sunset Blvd, San Jose, GA 33948"
Jane B. Davis,jane.davis13@testmail.com,"700 Pine St, San Antonio, CA 22337"
Linda B. Miller,linda.miller20@myemail.org,"2498 2nd Ave, Dallas, NC 59395"
John F. Johnson,john.johnson22@mailservice.com,"9314 Broadway, San Antonio, AZ 62239"
William A. Davis,william.davis66@myemail.org,"6336 Maple Ave, New York, NC 23881"
Jessica E. Rodriguez,jessica.rodriguez78@example.com,"375 Willow Ln, Phoenix, TX 89757"
David A. Smith,david.smith81@myemail.org,"5034 Oak Dr, San Jose, TX 30536"
Robert G. Smith,robert.smith63@fakemail.net,"5047 Sunset Blvd, Dallas, NY 15187"
Jessica G. Brown,jessica.brown50@mailservice.com,"7282 Pine St, San Diego, GA 84460"
David F. Williams,david.williams35@testmail.com,"6053 Main St, Los Angeles, FL 13804"
John  Brown,john.brown61@mailservice.com,"2245 Main St, Dallas, GA 39298"
David I. Davis,david.davis20@myemail.org,"508 Elm St, San Diego, CA 28425"
John H. Brown,john.brown10@fakemail.net,"7490 2nd Ave, Dallas, CA 47124"
Sarah A. Rodriguez,sarah.rodriguez61@testmail.com,"2153 Cedar Rd, Chicago, OH 69745"
Robert J. Williams,robert.williams45@fakemail.net,"8612 Main St, San Antonio, PA 85888"
Jessica G. Martinez,jessica.martinez29@myemail.org,"802 Willow Ln, Philadelphia, GA 11398"
Linda D. Brown,linda.brown92@testmail.com,"4776 Maple Ave, Chicago, TX 67419"
Emily G. Brown,emily.brown67@fakemail.net,"235 Oak Dr, Los Angeles, AZ 62235"
Michael G. Brown,michael.brown10@testmail.com,"8648 2nd Ave, Phoenix, GA 49904"
Linda E. Miller,linda.miller43@mailservice.com,"2781 Willow Ln, Los Angeles, NC 28090"
John  Smith,john.smith14@example.com,"1433 Sunset Blvd, Philadelphia, OH 48008"
Robert F. Smith,robert.smith94@fakemail.net,"3758 Maple Ave, New York, OH 57978"
Emily H. Martinez,emily.martinez10@myemail.org,"2380 Willow Ln, San Jose, IL 50360"
Sarah E. Johnson,sarah.johnson62@fakemail.net,"4453 Oak Dr, Philadelphia, CA 25794"
John A. Jones,john.jones36@myemail.org,"2828 Pine St, New York, NC 56267"
Jessica E. Jones,jessica.jones89@mailservice.com,"5879 Broadway, San Jose, TX 49793"
John I. Jones,john.jones97@fakemail.net,"4779 Cedar Rd, Philadelphia, GA 23924"
David B. Garcia,david.garcia11@myemail.org,"1857 Cedar Rd, Phoenix, IL 50360"
John I. Rodriguez,john.rodriguez92@testmail.com,"3817 Pine St, San Diego, PA 48461"
Linda F. Garcia,linda.garcia36@myemail.org,"8253 Oak Dr, New York, AZ 71204"
Michael D. Williams,michael.williams66@testmail.com,"7406 Cedar Rd, Houston, NY 13536"
Jane B. Martinez,jane.martinez90@myemail.org,"3283 Sunset Blvd, San Diego, AZ 59483"
Sarah C. Miller,sarah.miller96@myemail.org,"3613 Broadway, Philadelphia, NY 98165"
John A. Jones,john.jones71@fakemail.net,"2923 Pine St, Phoenix, OH 16752"
Linda F. Martinez,linda.martinez38@mailservice.com,"9559 2nd Ave, San Jose, NC 44298"
Michael A. Smith,michael.smith48@mailservice.com,"1765 Main St, Dallas, GA 89522"
William H. Davis,william.davis57@myemail.org,"2469 2nd Ave, Chicago, PA 44155"
Michael E. Martinez,michael.martinez68@myemail.org,"215 2nd Ave, San Antonio, TX 23014"
William B. Johnson,william.johnson50@fakemail.net,"8132 Oak Dr, New York, IL 50756"
Sarah C. Davis,sarah.davis97@example.com,"6143 2nd Ave, Dallas, GA 96354"
Jessica J. Brown,jessica.brown54@testmail.com,"6318 2nd Ave, San Antonio, PA 94684"
Linda I. Rodriguez,linda.rodriguez70@mailservice.com,"3894 Broadway, New York, OH 48606"
Jane C. Martinez,jane.martinez94@fakemail.net,"1251 Willow Ln, Los Angeles, CA 48182"
David H. Smith,david.smith57@example.com,"1255 Maple Ave, Philadelphia, OH 41779"
Michael E. Davis,michael.davis74@fakemail.net,"7390 Pine St, New York, CA 96305"
Sarah I. Johnson,sarah.johnson63@mailservice.com,"238 Oak Dr, Philadelphia, CA 96587"
Robert F. Rodriguez,robert.rodriguez58@mailservice.com,"8335 Main St, Dallas, NY 28425"
John  Rodriguez,john.rodriguez60@testmail.com,"6116 Willow Ln, San Jose, AZ 80944"
William G. Johnson,william.johnson99@testmail.com,"9760 Sunset Blvd, San Jose, PA 45649"
Michael D. Brown,michael.brown15@myemail.org,"803 Sunset Blvd, Los Angeles, PA 44923"
William J. Martinez,william.martinez25@mailservice.com,"769 2nd Ave, Philadelphia, OH 67574"
David E. Garcia,david.garcia48@testmail.com,"1046 Oak Dr, Houston, AZ 47064"
William D. Johnson,william.johnson43@myemail.org,"6207 Cedar Rd, San Jose, IL 89771"
David I. Miller,david.miller25@mailservice.com,"8238 Oak Dr, San Antonio, PA 41406"
Jane G. Davis,jane.davis13@myemail.org,"3673 Cedar Rd, Los Angeles, IL 89821"
David F. Williams,david.williams59@testmail.com,"2322 Main St, Philadelphia, NC 92673"
Jane B. Rodriguez,jane.rodriguez48@myemail.org,"8293 Sunset Blvd, New York, NC 47183"
William  Davis,william.davis20@myemail.org,"3756 Pine St, Dallas, TX 40219"
Michael H. Jones,michael.jones44@fakemail.net,"1249 Willow Ln, Philadelphia, OH 94559"
Sarah D. Smith,sarah.smith64@fakemail.net,"6604 Oak Dr, San Jose, NC 95094"
Jane A. Martinez,jane.martinez53@example.com,"4790 Oak Dr, Houston, NC 17277"
David H. Rodriguez,david.rodriguez62@fakemail.net,"9558 Pine St, Chicago, NY 50038"
Sarah C. Jones,sarah.jones36@myemail.org,"6493 Pine St, San Antonio, NC 68515"
Robert C. Jones,robert.jones40@example.com,"1318 Willow Ln, Dallas, FL 42546"
Jessica  Martinez,jessica.martinez44@mailservice.com,"2433 Willow Ln, Los Angeles, PA 67268"
Emily H. Miller,emily.miller91@mailservice.com,"8560 Maple Ave, Houston, GA 39411"
Robert E. Martinez,robert.martinez17@fakemail.net,"1593 2nd Ave, Los Angeles, AZ 15641"
Michael F. Johnson,michael.johnson90@example.com,"7226 Main St, Philadelphia, CA 56047"
Jessica  Davis,jessica.davis23@example.com,"527 Elm St, Philadelphia, FL 85014"
Sarah G. Williams,sarah.williams88@fakemail.net,"1303 Oak Dr, San Antonio, CA 40533"
Linda G. Williams,linda.williams71@example.com,"3967 Pine St, San Jose, NC 69529"
Linda J. Martinez,linda.martinez48@testmail.com,"8016 Main St, Los Angeles, FL 18658"
Jane F. Smith,jane.smith27@example.com,"7239 Willow Ln, New York, PA 94724"
Jane B. Jones,jane.jones76@example.com,"9516 Maple Ave, Phoenix, PA 99940"
Sarah  Brown,sarah.brown72@fakemail.net,"3738 Cedar Rd, New York, AZ 31281"
Emily E. Jones,emily.jones83@mailservice.com,"5073 Main St, Houston, FL 65052"
Emily F. Martinez,emily.martinez58@example.com,"4734 Broadway, Los Angeles, NY 44551"
John I. Rodriguez,john.rodriguez18@testmail.com,"7963 Oak Dr, San Jose, NC 96319"
Jessica D. Johnson,jessica.johnson22@myemail.org,"6031 2nd Ave, San Jose, NC 87037"
Jessica C. Johnson,jessica.johnson14@mailservice.com,"8205 Elm St, Philadelphia, GA 47722"
John H. Smith,john.smith25@example.com,"6060 Oak Dr, Los Angeles, IL 15206"
David E. Miller,david.miller69@myemail.org,"4718 Elm St, Phoenix, AZ 18520"
Linda G. Martinez,linda.martinez72@testmail.com,"9197 Broadway, Philadelphia, PA 41216"
David B. Miller,david.miller18@example.com,"4707 2nd Ave, San Jose, FL 16560"
Sarah B. Smith,sarah.smith78@fakemail.net,"8072 Oak Dr, Philadelphia, OH 40565"
Emily  Garcia,emily.garcia73@example.com,"2865 Sunset Blvd, Houston, AZ 60604"
John C. Johnson,john.johnson93@fakemail.net,"8210 Cedar Rd, New York, OH 35854"
Sarah  Johnson,sarah.johnson63@example.com,"1015 Willow Ln, Chicago, NY 51748"
David J. Smith,david.smith47@myemail.org,"7886 Oak Dr, Dallas, NC 66072"
Emily D. Davis,emily.davis64@fakemail.net,"909 Willow Ln, Phoenix, AZ 53053"
Emily A. Jones,emily.jones44@example.com,"708 Cedar Rd, New York, AZ 58194"
David J. Williams,david.williams61@testmail.com,"1123 2nd Ave, New York, IL 86295"
Jessica H. Davis,jessica.davis98@fakemail.net,"6759 Main St, New York, CA 34132"
Emily H. Davis,emily.davis34@mailservice.com,"8817 Maple Ave, New York, OH 77980"
Jessica D. Rodriguez,jessica.rodriguez36@example.com,"9159 Sunset Blvd, Los Angeles, OH 83284"
David H. Martinez,david.martinez39@testmail.com,"280 Sunset Blvd, Houston, NY 31858"
Sarah A. Williams,sarah.williams85@testmail.com,"1778 Oak Dr, Los Angeles, IL 63993"
Emily I. Johnson,emily.johnson81@testmail.com,"6715 Main St, Chicago, GA 74317"
Sarah J. Miller,sarah.miller29@testmail.com,"5819 Broadway, San Diego, FL 22913"
John  Smith,john.smith78@myemail.org,"5213 Main St, Los Angeles, NY 52939"
Sarah G. Martinez,sarah.martinez97@testmail.com,"2346 Cedar Rd, Dallas, AZ 66406"
Emily B. Martinez,emily.martinez61@example.com,"5909 Maple Ave, San Diego, TX 26079"
John C. Jones,john.jones85@myemail.org,"1726 Elm St, San Diego, NY 22248"
Linda H. Miller,linda.miller53@mailservice.com,"6529 Elm St, Philadelphia, TX 25970"
William B. Brown,william.brown67@mailservice.com,"8487 Oak Dr, Phoenix, PA 68272"
Emily I. Miller,emily.miller26@example.com,"1028 Oak Dr, Philadelphia, AZ 90081"
Sarah E. Rodriguez,sarah.rodriguez32@fakemail.net,"5440 Main St, Chicago, IL 47300"
David F. Williams,david.williams31@testmail.com,"4371 Broadway, New York, TX 83969"
Robert J. Williams,robert.williams65@fakemail.net,"4606 Willow Ln, Phoenix, NY 32493"
John I. Williams,john.williams78@fakemail.net,"6281 2nd Ave, Houston, FL 60676"
Sarah F. Rodriguez,sarah.rodriguez79@mailservice.com,"4655 2nd Ave, Philadelphia, PA 15708"
Emily G. Garcia,emily.garcia10@mailservice.com,"5940 Oak Dr, San Jose, AZ 23515"
Emily B. Williams,emily.williams87@mailservice.com,"8123 Elm St, San Antonio, PA 81000"
David J. Garcia,david.garcia28@fakemail.net,"9945 2nd Ave, Chicago, NC 22902"
Sarah I. Jones,sarah.jones90@mailservice.com,"6461 Elm St, Dallas, GA 54405"
Jane B. Garcia,jane.garcia19@fakemail.net,"3147 Cedar Rd, Phoenix, GA 88725"
Michael  Jones,michael.jones41@example.com,"4016 Sunset Blvd, San Diego, PA 56086"
Linda H. Miller,linda.miller32@mailservice.com,"1484 Main St, San Jose, NC 33901"
Linda I. Jones,linda.jones76@myemail.org,"9683 Oak Dr, San Antonio, NY 58370"
David J. Jones,david.jones42@testmail.com,"5189 Broadway, Chicago, TX 34519"
Jane  Jones,jane.jones96@mailservice.com,"4756 Maple Ave, San Diego, NY 96974"
Linda  Brown,linda.brown80@fakemail.net,"6460 Oak Dr, Chicago, OH 36446"
Jane C. Johnson,jane.johnson14@fakemail.net,"6732 Sunset Blvd, Los Angeles, FL 29957"
Jessica E. Williams,jessica.williams90@fakemail.net,"1239 2nd Ave, Chicago, TX 87636"
Jane E. Jones,jane.jones95@example.com,"2257 Willow Ln, Houston, PA 28000"
William C. Garcia,william.garcia81@myemail.org,"4601 Main St, Houston, IL 70057"
William B. Miller,william.miller40@example.com,"3470 2nd Ave, New York, NY 55960"
Jessica H. Rodriguez,jessica.rodriguez98@example.com,"2876 2nd Ave, Phoenix, OH 69084"
Michael E. Garcia,michael.garcia67@testmail.com,"2864 Maple Ave, Chicago, PA 41968"
Sarah H. Rodriguez,sarah.rodriguez56@testmail.com,"7972 Pine St, San Jose, NC 37731"
David  Davis,david.davis92@myemail.org,"4108 Main St, New York, NC 35426"
William B. Davis,william.davis17@fakemail.net,"6813 Maple Ave, Houston, AZ 81129"
Michael E. Johnson,michael.johnson14@example.com,"7182 Pine St, San Antonio, NC 75057"
Jane B. Jones,jane.jones67@example.com,"4538 Maple Ave, Chicago, IL 63427"
William J. Smith,william.smith34@example.com,"9502 Pine St, Los Angeles, AZ 22458"
Sarah B. Brown,sarah.brown51@fakemail.net,"9998 Elm St, Dallas, TX 94015"
David G. Martinez,david.martinez37@example.com,"3354 Pine St, Houston, GA 52214"
Emily H. Garcia,emily.garcia75@fakemail.net,"2145 Pine St, San Antonio, AZ 58141"
Emily J. Brown,emily.brown78@fakemail.net,"7006 Cedar Rd, San Antonio, FL 30777"
Linda A. Johnson,linda.johnson64@testmail.com,"9840 Main St, San Diego, PA 45910"
David J. Rodriguez,david.rodriguez27@fakemail.net,"3536 Oak Dr, Dallas, FL 48565"
Michael D. Miller,michael.miller84@myemail.org,"6173 Maple Ave, Phoenix, CA 13551"
Sarah C. Williams,sarah.williams72@myemail.org,"8921 Sunset Blvd, Los Angeles, NC 25801"
Linda C. Brown,linda.brown47@mailservice.com,"7302 Cedar Rd, San Diego, FL 97102"
David H. Smith,david.smith92@fakemail.net,"8803 Main St, Phoenix, FL 90291"
Michael C. Jones,michael.jones84@mailservice.com,"9056 Oak Dr, Los Angeles, TX 92055"
Robert C. Martinez,robert.martinez37@example.com,"1507 Oak Dr, San Diego, NY 75831"
Robert E. Johnson,robert.johnson76@fakemail.net,"2339 Broadway, Phoenix, GA 42014"
Jessica D. Brown,jessica.brown69@testmail.com,"5106 Elm St, Dallas, NC 86214"
Emily G. Johnson,emily.johnson20@example.com,"6370 Broadway, Houston, FL 14576"
Jane I. Johnson,jane.johnson31@myemail.org,"8581 2nd Ave, San Jose, NY 92516"
Emily  Johnson,emily.johnson72@example.com,"8056 Maple Ave, Philadelphia, AZ 16178"
Jane F. Jones,jane.jones74@mailservice.com,"8307 Sunset Blvd, Chicago, CA 26563"
Linda G. Garcia,linda.garcia37@example.com,"9105 Willow Ln, Dallas, OH 72683"
Jane F. Brown,jane.brown46@myemail.org,"8543 Pine St, Houston, OH 95792"
John C. Rodriguez,john.rodriguez74@myemail.org,"5124 Pine St, San Antonio, NY 13549"
Sarah C. Davis,sarah.davis72@mailservice.com,"2569 2nd Ave, Houston, AZ 56296"
David C. Williams,david.williams86@myemail.org,"590 Willow Ln, San Jose, NC 56883"
Michael C. Jones,michael.jones54@mailservice.com,"9501 Sunset Blvd, San Diego, IL 13227"
Sarah D. Williams,sarah.williams46@myemail.org,"8731 Cedar Rd, Dallas, PA 65394"
David J. Williams,david.williams55@mailservice.com,"8869 Willow Ln, San Antonio, CA 39568"
William E. Jones,william.jones61@example.com,"682 Cedar Rd, Houston, NY 70810"
Sarah D. Smith,sarah.smith94@fakemail.net,"3883 Sunset Blvd, San Antonio, GA 78501"
Sarah  Miller,sarah.miller46@testmail.com,"9138 Willow Ln, Dallas, TX 82340"
Sarah C. Miller,sarah.miller99@mailservice.com,"9594 Oak Dr, Houston, OH 51517"
Linda B. Jones,linda.jones91@mailservice.com,"6846 Willow Ln, Dallas, IL 14190"
Jessica D. Brown,jessica.brown99@mailservice.com,"4931 Pine St, Philadelphia, OH 38578"
David D. Williams,david.williams12@myemail.org,"5764 Elm St, Chicago, FL 17209"
John B. Davis,john.davis32@testmail.com,"5549 Sunset Blvd, San Diego, FL 54796"
William  Brown,william.brown26@fakemail.net,"5980 Main St, Houston, GA 30685"
William E. Williams,william.williams40@example.com,"146 Oak Dr, San Antonio, TX 26867"
Michael G. Martinez,michael.martinez62@mailservice.com,"993 Sunset Blvd, Chicago, NC 51282"
Jane J. Davis,jane.davis59@example.com,"213 2nd Ave, Los Angeles, GA 30777"
Jane  Garcia,jane.garcia97@example.com,"6691 Sunset Blvd, San Antonio, TX 45244"
Jessica A. Davis,jessica.davis18@testmail.com,"9309 Sunset Blvd, New York, CA 88408"
Michael E. Rodriguez,michael.rodriguez38@myemail.org,"5199 Willow Ln, San Diego, TX 98114"
David B. Martinez,david.martinez83@example.com,"6081 Broadway, Houston, CA 88657"
Linda  Williams,linda.williams69@fakemail.net,"1751 Main St, New York, NC 65703"
John C. Smith,john.smith66@myemail.org,"9027 Sunset Blvd, Chicago, NC 23515"
Emily J. Rodriguez,emily.rodriguez46@myemail.org,"4891 Pine St, New York, FL 62239"
John B. Rodriguez,john.rodriguez34@testmail.com,"1765 Willow Ln, San Diego, OH 67714"
Michael F. Martinez,michael.martinez70@example.com,"3037 Elm St, Chicago, NC 82636"
Jessica G. Davis,jessica.davis79@mailservice.com,"8847 2nd Ave, Philadelphia, GA 14576"
Jane C. Williams,jane.williams26@fakemail.net,"5459 Maple Ave, Chicago, AZ 44863"
Jane D. Smith,jane.smith38@myemail.org,"4564 Pine St, San Jose, PA 30564"
John I. Martinez,john.martinez55@mailservice.com,"2649 2nd Ave, Los Angeles, AZ 13427"
Michael H. Martinez,michael.martinez14@example.com,"688 Oak Dr, New York, AZ 38128"
Emily F. Smith,emily.smith66@example.com,"8996 Elm St, San Jose, CA 26563"
David B. Rodriguez,david.rodriguez70@example.com,"4364 Broadway, San Antonio, TX 48553"
John F. Martinez,john.martinez47@testmail.com,"8776 Willow Ln, San Antonio, OH 40812"
David F. Williams,david.williams79@myemail.org,"5066 Cedar Rd, Los Angeles, TX 96173"
Robert I. Miller,robert.miller91@fakemail.net,"3522 Broadway, Philadelphia, NC 10960"
William F. Johnson,william.johnson75@myemail.org,"6049 Elm St, Houston, GA 82276"
Robert B. Jones,robert.jones61@myemail.org,"472 Cedar Rd, Houston, OH 63836"
Michael J. Miller,michael.miller27@myemail.org,"8942 Pine St, San Jose, CA 87689"
David  Williams,david.williams65@myemail.org,"5693 Oak Dr, San Antonio, TX 72800"
John G. Brown,john.brown54@testmail.com,"6367 2nd Ave, Phoenix, IL 54585"
Emily F. Johnson,emily.johnson41@testmail.com,"8235 Cedar Rd, Phoenix, NC 77735"
John E. Davis,john.davis68@example.com,"5829 Elm St, San Diego, CA 82959"
Sarah  Williams,sarah.williams42@myemail.org,"1884 2nd Ave, Philadelphia, PA 45760"
Sarah  Martinez,sarah.martinez92@testmail.com,"6237 Main St, Philadelphia, TX 75892"
John C. Miller,john.miller17@example.com,"3616 Cedar Rd, Chicago, GA 90539"
William E. Miller,william.miller73@mailservice.com,"6053 Pine St, Chicago, GA 50563"
Emily G. Martinez,emily.martinez79@testmail.com,"802 Maple Ave, Dallas, IL 82547"
Robert J. Miller,robert.miller15@testmail.com,"2726 Main St, Los Angeles, GA 20611"
John J. Garcia,john.garcia10@testmail.com,"7537 Sunset Blvd, Los Angeles, NC 57717"
Sarah F. Williams,sarah.williams90@testmail.com,"809 Elm St, San Jose, GA 13531"
Linda A. Rodriguez,linda.rodriguez62@testmail.com,"6739 Cedar Rd, Phoenix, CA 42620"
Jessica F. Rodriguez,jessica.rodriguez70@mailservice.com,"5726 Cedar Rd, Phoenix, IL 12818"
Jessica E. Brown,jessica.brown96@myemail.org,"6931 Maple Ave, Philadelphia, FL 72996"
Emily B. Smith,emily.smith81@mailservice.com,"971 Oak Dr, San Antonio, NC 33649"
Jane  Johnson,jane.johnson67@myemail.org,"1982 2nd Ave, San Diego, NY 45620"
Linda F. Jones,linda.jones56@myemail.org,"9922 Main St, San Diego, FL 80992"
Emily E. Davis,emily.davis38@mailservice.com,"5668 Broadway, Los Angeles, FL 96836"
Jane  Smith,jane.smith58@example.com,"7252 Sunset Blvd, Phoenix, PA 29675"
Emily C. Williams,emily.williams93@fakemail.net,"2529 Broadway, Los Angeles, PA 90481"
Linda E. Jones,linda.jones46@example.com,"858 Oak Dr, San Antonio, GA 98429"
John F. Miller,john.miller80@testmail.com,"9003 Maple Ave, Phoenix, IL 53463"
Jane E. Martinez,jane.martinez34@mailservice.com,"1472 Main St, Houston, GA 50863"
Linda  Brown,linda.brown31@testmail.com,"9655 Broadway, San Jose, AZ 44281"
Michael H. Miller,michael.miller26@mailservice.com,"7280 Oak Dr, Philadelphia, TX 94311"
Emily D. Rodriguez,emily.rodriguez51@myemail.org,"8830 Broadway, Dallas, IL 95952"
Jessica E. Johnson,jessica.johnson92@myemail.org,"7502 Elm St, Houston, NY 91072"
Michael B. Brown,michael.brown25@fakemail.net,"9393 Main St, San Antonio, PA 80750"
Robert C. Brown,robert.brown45@myemail.org,"2602 Broadway, Los Angeles, GA 77339"
William  Rodriguez,william.rodriguez87@myemail.org,"3121 Oak Dr, San Diego, OH 45627"
Sarah  Johnson,sarah.johnson81@example.com,"9563 Main St, Phoenix, CA 22375"
Linda H. Jones,linda.jones60@myemail.org,"587 Cedar Rd, Phoenix, IL 86263"
Robert G. Martinez,robert.martinez99@example.com,"8267 Main St, New York, PA 51073"
Linda A. Martinez,linda.martinez43@myemail.org,"3263 Willow Ln, San Diego, CA 12381"
Emily B. Miller,emily.miller84@fakemail.net,"886 2nd Ave, New York, NY 56009"
John E. Jones,john.jones43@mailservice.com,"1630 Willow Ln, Chicago, NC 52003"
John  Jones,john.jones15@testmail.com,"2346 Maple Ave, Dallas, PA 23176"
David G. Davis,david.davis15@testmail.com,"7125 Pine St, San Antonio, IL 12980"
Emily H. Garcia,emily.garcia36@myemail.org,"9366 Willow Ln, Dallas, GA 95557"
Jane C. Jones,jane.jones81@fakemail.net,"5929 Elm St, Chicago, FL 89498"
Linda J. Brown,linda.brown44@fakemail.net,"8268 Cedar Rd, Philadelphia, OH 69094"
Sarah I. Martinez,sarah.martinez29@example.com,"3192 2nd Ave, Chicago, TX 92912"
Robert I. Johnson,robert.johnson51@testmail.com,"3952 Maple Ave, Los Angeles, NC 94819"
David G. Jones,david.jones81@testmail.com,"6699 Oak Dr, Phoenix, GA 68414"
Michael A. Johnson,michael.johnson15@fakemail.net,"5391 Main St, San Antonio, TX 43085"
William  Martinez,william.martinez33@fakemail.net,"5477 Pine St, Los Angeles, FL 73695"
Jane E. Jones,jane.jones98@mailservice.com,"9623 Pine St, Dallas, OH 70763"
Emily D. Martinez,emily.martinez11@mailservice.com,"8214 Elm St, Houston, GA 67714"
William F. Johnson,william.johnson21@myemail.org,"6562 Elm St, Los Angeles, FL 56198"
Jane D. Smith,jane.smith18@example.com,"1678 Elm St, Philadelphia, FL 94869"
William  Brown,william.brown10@testmail.com,"4935 Main St, Dallas, CA 16918"
Jane I. Brown,jane.brown83@testmail.com,"9494 Oak Dr, San Antonio, FL 19953"
William B. Williams,william.williams73@mailservice.com,"1155 Maple Ave, Los Angeles, NC 61786"
Michael F. Brown,michael.brown83@myemail.org,"6200 Broadway, Los Angeles, FL 36664"
Emily D. Martinez,emily.martinez22@example.com,"1446 Maple Ave, Dallas, GA 23349"
Jane C. Garcia,jane.garcia88@testmail.com,"8400 Main St, Chicago, TX 97101"
Robert H. Martinez,robert.martinez49@testmail.com,"6828 Oak Dr, Houston, OH 88670"
John E. Martinez,john.martinez56@testmail.com,"3322 Sunset Blvd, Houston, PA 17248"
Robert G. Johnson,robert.johnson57@myemail.org,"832 Elm St, New York, TX 51127"
David F. Johnson,david.johnson76@mailservice.com,"3016 2nd Ave, Philadelphia, TX 93750"
David H. Garcia,david.garcia92@mailservice.com,"8809 Elm St, Philadelphia, NC 61632"
Jessica C. Brown,jessica.brown72@fakemail.net,"1188 2nd Ave, San Jose, FL 39298"
Robert G. Rodriguez,robert.rodriguez89@fakemail.net,"6736 Broadway, Los Angeles, GA 70106"
David E. Davis,david.davis65@mailservice.com,"5979 Cedar Rd, Chicago, NC 29891"
David H. Johnson,david.johnson32@mailservice.com,"6521 Maple Ave, Philadelphia, GA 55744"
Michael H. Brown,michael.brown76@mailservice.com,"8174 Main St, Los Angeles, IL 14755"
Sarah F. Miller,sarah.miller26@example.com,"391 Cedar Rd, Philadelphia, PA 70786"
Robert  Brown,robert.brown36@fakemail.net,"4334 Cedar Rd, Chicago, AZ 43410"
Sarah E. Miller,sarah.miller34@example.com,"967 Sunset Blvd, Los Angeles, AZ 69064"
Linda C. Davis,linda.davis20@fakemail.net,"6629 Sunset Blvd, Philadelphia, TX 41395"
William  Miller,william.miller32@example.com,"2588 Pine St, New York, CA 44551"
Emily F. Smith,emily.smith68@myemail.org,"6289 Cedar Rd, Chicago, PA 29972"
Jane B. Rodriguez,jane.rodriguez57@fakemail.net,"7965 2nd Ave, New York, IL 17216"
William F. Miller,william.miller19@fakemail.net,"2087 Elm St, San Diego, AZ 14142"
Jane G. Martinez,jane.martinez33@mailservice.com,"3306 Cedar Rd, San Diego, TX 66325"
Robert  Davis,robert.davis38@myemail.org,"3133 Sunset Blvd, New York, PA 50360"
Jessica H. Johnson,jessica.johnson80@example.com,"8878 Pine St, San Jose, AZ 10352"
John F. Brown,john.brown76@testmail.com,"7184 2nd Ave, New York, TX 91914"
Jessica H. Garcia,jessica.garcia59@mailservice.com,"2309 Elm St, Philadelphia, OH 47738"
Jessica A. Smith,jessica.smith71@example.com,"1455 2nd Ave, San Antonio, IL 76263"
David  Brown,david.brown75@testmail.com,"534 Pine St, Chicago, FL 38416"
Jane G. Martinez,jane.martinez64@mailservice.com,"4306 Pine St, New York, GA 63541"
William  Garcia,william.garcia43@mailservice.com,"3276 Elm St, New York, TX 10529"
John F. Williams,john.williams97@fakemail.net,"5949 Willow Ln, San Jose, NY 20514"
Robert F. Garcia,robert.garcia70@testmail.com,"339 2nd Ave, Philadelphia, OH 14609"
Robert B. Davis,robert.davis47@testmail.com,"6452 Maple Ave, San Jose, PA 38610"
John A. Garcia,john.garcia57@mailservice.com,"4123 Cedar Rd, Chicago, NY 48930"
Jessica J. Rodriguez,jessica.rodriguez78@fakemail.net,"1798 Maple Ave, Los Angeles, GA 39240"
Michael H. Jones,michael.jones13@mailservice.com,"312 Maple Ave, Chicago, NC 48940"
Jane I. Smith,jane.smith87@example.com,"6937 2nd Ave, Los Angeles, AZ 24985"
Jessica B. Miller,jessica.miller32@myemail.org,"6908 Elm St, San Jose, CA 81539"
Robert E. Johnson,robert.johnson32@testmail.com,"7563 2nd Ave, Los Angeles, FL 56757"
Emily F. Garcia,emily.garcia88@mailservice.com,"3973 Main St, Phoenix, OH 63804"
Emily C. Smith,emily.smith69@example.com,"4755 Main St, Phoenix, PA 22315"
Jane B. Jones,jane.jones52@myemail.org,"7858 Sunset Blvd, Philadelphia, CA 43975"
Robert D. Martinez,robert.martinez68@example.com,"3051 Main St, San Antonio, IL 13744"
Jane I. Martinez,jane.martinez73@myemail.org,"7605 2nd Ave, Dallas, GA 78771"
David D. Garcia,david.garcia87@example.com,"2877 Main St, Phoenix, CA 98587"
David I. Martinez,david.martinez50@fakemail.net,"8337 Maple Ave, San Jose, PA 44363"
Robert F. Martinez,robert.martinez62@fakemail.net,"725 Sunset Blvd, Chicago, NY 87059"
Michael E. Williams,michael.williams69@testmail.com,"3571 Elm St, San Antonio, PA 59596"
Michael  Jones,michael.jones62@testmail.com,"7589 Main St, New York, OH 94724"
William E. Miller,william.miller79@testmail.com,"8510 Oak Dr, Los Angeles, FL 27595"
Sarah I. Johnson,sarah.johnson88@fakemail.net,"7948 2nd Ave, San Jose, OH 88279"
Robert C. Jones,robert.jones87@fakemail.net,"8576 Maple Ave, Houston, IL 65770"
David I. Martinez,david.martinez93@testmail.com,"4905 Main St, San Diego, OH 73487"
Emily I. Miller,emily.miller44@testmail.com,"5182 Pine St, San Antonio, FL 68723"
Robert F. Garcia,robert.garcia50@testmail.com,"6075 Willow Ln, Los Angeles, TX 14643"
John B. Miller,john.miller72@testmail.com,"5444 Pine St, Houston, IL 54684"
Emily E. Miller,emily.miller35@example.com,"5571 Elm St, Los Angeles, CA 81012"
Linda  Smith,linda.smith79@fakemail.net,"9545 Broadway, New York, NY 57629"
Jessica F. Rodriguez,jessica.rodriguez93@testmail.com,"6419 Sunset Blvd, Houston, NC 24380"
John  Garcia,john.garcia85@myemail.org,"6925 Cedar Rd, New York, CA 67078"
Sarah A. Smith,sarah.smith87@testmail.com,"8906 Cedar Rd, Chicago, OH 96138"
Jane C. Brown,jane.brown67@example.com,"9415 2nd Ave, New York, IL 85339"
Jessica D. Martinez,jessica.martinez65@testmail.com,"146 Maple Ave, Chicago, NY 96848"
Emily I. Davis,emily.davis88@fakemail.net,"4937 2nd Ave, San Diego, CA 77593"
Emily A. Brown,emily.brown60@myemail.org,"4137 Elm St, San Antonio, CA 77957"
William G. Williams,william.williams40@myemail.org,"5342 Pine St, Houston, PA 40859"
William A. Rodriguez,william.rodriguez98@fakemail.net,"351 Willow Ln, Houston, FL 58522"
Jessica A. Martinez,jessica.martinez46@testmail.com,"1372 2nd Ave, Phoenix, OH 24353"
Michael A. Williams,michael.williams60@example.com,"9688 Oak Dr, San Jose, PA 56526"
William B. Davis,william.davis45@myemail.org,"7022 Pine St, Phoenix, GA 15233"
William B. Rodriguez,william.rodriguez25@myemail.org,"6587 Willow Ln, Philadelphia, NC 95347"
Sarah B. Brown,sarah.brown24@myemail.org,"4904 2nd Ave, Houston, NY 90855"
Linda C. Garcia,linda.garcia54@mailservice.com,"6115 Willow Ln, Phoenix, GA 59093"
David A. Miller,david.miller31@testmail.com,"1211 Willow Ln, San Antonio, NY 46080"
Sarah C. Rodriguez,sarah.rodriguez47@testmail.com,"321 Main St, Dallas, FL 13679"
David I. Williams,david.williams82@fakemail.net,"7279 Willow Ln, Houston, AZ 43410"
Sarah C. Martinez,sarah.martinez71@fakemail.net,"6507 Sunset Blvd, Phoenix, PA 53993"
William E. Martinez,william.martinez35@testmail.com,"3213 Elm St, Chicago, NY 87121"
Jessica A. Rodriguez,jessica.rodriguez25@mailservice.com,"7171 Pine St, Los Angeles, NC 78561"
Linda  Miller,linda.miller20@example.com,"4172 Oak Dr, New York, NY 53887"
John H. Miller,john.miller84@myemail.org,"2287 Oak Dr, Chicago, PA 41624"
Jessica G. Smith,jessica.smith12@myemail.org,"7615 Oak Dr, Houston, PA 41779"
Sarah C. Williams,sarah.williams16@example.com,"3520 Sunset Blvd, San Antonio, FL 95755"
Jessica  Martinez,jessica.martinez75@example.com,"3984 Elm St, Philadelphia, FL 25896"
Emily I. Johnson,emily.johnson41@example.com,"8686 Maple Ave, Philadelphia, CA 24353"
Jessica D. Martinez,jessica.martinez46@myemail.org,"1910 Elm St, Dallas, FL 42040"
Jessica D. Johnson,jessica.johnson21@mailservice.com,"7316 Pine St, San Jose, OH 69499"
Emily F. Jones,emily.jones35@example.com,"2029 Cedar Rd, San Diego, TX 98031"
David A. Smith,david.smith91@myemail.org,"8802 Elm St, Dallas, IL 98724"
Linda E. Garcia,linda.garcia68@myemail.org,"5986 Sunset Blvd, San Antonio, OH 80750"
Sarah B. Garcia,sarah.garcia98@fakemail.net,"9606 Oak Dr, Dallas, IL 67851"
Jessica C. Davis,jessica.davis46@mailservice.com,"4933 Oak Dr, New York, IL 88049"
Jane F. Smith,jane.smith93@example.com,"9096 Broadway, Chicago, OH 95529"
Linda D. Davis,linda.davis77@myemail.org,"6275 Oak Dr, Philadelphia, TX 85376"
Jane J. Rodriguez,jane.rodriguez29@fakemail.net,"529 Elm St, New York, GA 35558"
Linda D. Miller,linda.miller61@myemail.org,"9971 Sunset Blvd, Houston, PA 83969"
Sarah H. Miller,sarah.miller88@testmail.com,"8369 Maple Ave, Dallas, IL 12015"
Linda J. Garcia,linda.garcia18@myemail.org,"2417 Cedar Rd, Philadelphia, FL 96097"
Michael I. Williams,michael.williams49@myemail.org,"1159 Elm St, New York, TX 44532"
William F. Rodriguez,william.rodriguez26@mailservice.com,"8067 Oak Dr, San Diego, NY 18746"
Jane  Brown,jane.brown37@example.com,"115 Main St, Philadelphia, GA 31090"
John E. Martinez,john.martinez48@example.com,"3240 Elm St, San Jose, FL 65664"
William I. Brown,william.brown85@example.com,"4616 Main St, Phoenix, IL 98816"
Jessica C. Johnson,jessica.johnson74@mailservice.com,"9276 Maple Ave, Dallas, NY 11883"
Michael D. Smith,michael.smith36@fakemail.net,"1508 Willow Ln, San Diego, TX 19183"
Linda J. Rodriguez,linda.rodriguez36@example.com,"7969 Main St, Los Angeles, NC 91784"
Michael J. Garcia,michael.garcia38@fakemail.net,"5224 Sunset Blvd, New York, OH 16082"
Michael  Brown,michael.brown72@example.com,"784 Cedar Rd, Phoenix, OH 81385"
David H. Miller,david.miller30@fakemail.net,"4400 2nd Ave, Houston, TX 70288"
Jessica G. Williams,jessica.williams74@myemail.org,"7581 Pine St, New York, FL 81608"
David F. Johnson,david.johnson78@example.com,"5200 Oak Dr, Los Angeles, NC 47028"
David B. Smith,david.smith84@example.com,"4413 Willow Ln, New York, NC 41846"
William H. Johnson,william.johnson91@fakemail.net,"5215 Cedar Rd, San Jose, PA 82287"
William C. Brown,william.brown49@example.com,"8817 Cedar Rd, San Diego, FL 18269"
Michael H. Brown,michael.brown35@testmail.com,"5112 Main St, San Antonio, IL 36650"
Sarah E. Williams,sarah.williams44@myemail.org,"7977 Oak Dr, Philadelphia, PA 20035"
Linda H. Rodriguez,linda.rodriguez70@myemail.org,"6956 Willow Ln, San Diego, NY 37305"
David H. Rodriguez,david.rodriguez80@example.com,"8140 Sunset Blvd, Houston, IL 84965"
Jane I. Davis,jane.davis58@myemail.org,"3654 Pine St, Phoenix, PA 25384"
John J. Davis,john.davis99@testmail.com,"1081 Maple Ave, Dallas, NY 91594"
Jane A. Miller,jane.miller22@fakemail.net,"9032 Elm St, San Jose, NC 85922"
William C. Martinez,william.martinez69@mailservice.com,"8807 Elm St, Houston, GA 15421"
John H. Smith,john.smith72@mailservice.com,"3182 Elm St, Philadelphia, CA 38101"
Jane J. Williams,jane.williams65@myemail.org,"6774 Willow Ln, San Antonio, NY 55920"
Michael C. Smith,michael.smith97@testmail.com,"9717 Cedar Rd, Los Angeles, FL 68109"
Emily A. Davis,emily.davis90@myemail.org,"373 Elm St, Phoenix, FL 59862"
Jessica A. Garcia,jessica.garcia91@testmail.com,"4236 Cedar Rd, Houston, GA 58019"
William J. Williams,william.williams25@testmail.com,"9635 Main St, Philadelphia, CA 86377"
John H. Brown,john.brown79@mailservice.com,"6124 Sunset Blvd, San Diego, OH 84731"
Linda G. Brown,linda.brown85@myemail.org,"4142 Cedar Rd, New York, GA 45329"
William  Johnson,william.johnson30@fakemail.net,"4298 Maple Ave, Phoenix, NC 12709"
Sarah I. Davis,sarah.davis22@fakemail.net,"9529 Sunset Blvd, Houston, NY 34926"
William H. Miller,william.miller94@mailservice.com,"4449 Pine St, Philadelphia, IL 10688"
William D. Smith,william.smith99@mailservice.com,"3722 Oak Dr, San Antonio, PA 50345"
Jessica A. Smith,jessica.smith67@testmail.com,"3037 Oak Dr, San Diego, TX 39862"
Jessica J. Smith,jessica.smith67@myemail.org,"4419 Main St, San Diego, AZ 83279"
Robert A. Williams,robert.williams17@myemail.org,"6143 Sunset Blvd, Chicago, FL 10488"
Sarah A. Garcia,sarah.garcia56@fakemail.net,"7877 Broadway, Houston, AZ 23603"
John F. Garcia,john.garcia74@testmail.com,"3671 Main St, New York, IL 44324"
Emily H. Brown,emily.brown40@testmail.com,"6436 Broadway, Dallas, NY 49801"
John F. Jones,john.jones33@fakemail.net,"4481 Sunset Blvd, San Diego, GA 93451"
Linda C. Williams,linda.williams38@fakemail.net,"7390 Pine St, Dallas, IL 14070"
John H. Martinez,john.martinez89@testmail.com,"6750 Sunset Blvd, Dallas, GA 23134"
Jessica J. Martinez,jessica.martinez52@myemail.org,"6661 Oak Dr, New York, NC 91198"
Linda E. Jones,linda.jones79@testmail.com,"4487 Cedar Rd, San Jose, AZ 52144"
William  Miller,william.miller19@testmail.com,"1238 Cedar Rd, Chicago, AZ 50061"
John F. Martinez,john.martinez37@testmail.com,"264 2nd Ave, San Diego, IL 87436"
Linda G. Miller,linda.miller83@fakemail.net,"1522 Main St, San Antonio, IL 72686"
Emily  Miller,emily.miller67@testmail.com,"5909 Maple Ave, New York, FL 55723"
Jessica F. Rodriguez,jessica.rodriguez23@mailservice.com,"1215 Oak Dr, Philadelphia, NC 57881"
Jessica A. Martinez,jessica.martinez14@fakemail.net,"8325 Pine St, Philadelphia, NY 21860"
Jane  Johnson,jane.johnson61@mailservice.com,"6814 Main St, San Jose, TX 43293"
Michael E. Johnson,michael.johnson80@fakemail.net,"3376 Cedar Rd, Chicago, CA 20639"
David A. Williams,david.williams14@myemail.org,"9801 Broadway, Philadelphia, NC 86214"
Robert D. Smith,robert.smith79@mailservice.com,"6556 2nd Ave, San Diego, PA 46855"
Michael E. Martinez,michael.martinez82@testmail.com,"8000 Maple Ave, New York, FL 36330"
William  Jones,william.jones34@myemail.org,"5936 Willow Ln, New York, FL 24104"
Linda H. Smith,linda.smith12@myemail.org,"2872 Oak Dr, San Jose, FL 20413"
David A. Brown,david.brown31@mailservice.com,"6040 Elm St, San Jose, OH 82640"
Jane C. Smith,jane.smith83@myemail.org,"7672 Cedar Rd, Chicago, GA 14251"
Jane G. Garcia,jane.garcia64@myemail.org,"3310 Oak Dr, Houston, NY 58785"
Michael  Williams,michael.williams68@fakemail.net,"4476 Oak Dr, Los Angeles, IL 15325"
David  Miller,david.miller57@fakemail.net,"5474 Broadway, Los Angeles, IL 27977"
Sarah  Jones,sarah.jones75@example.com,"4925 Main St, Houston, CA 54606"
Robert  Williams,robert.williams80@testmail.com,"1784 Cedar Rd, Phoenix, OH 58497"
Robert B. Davis,robert.davis59@myemail.org,"7676 Pine St, New York, NC 16842"
William  Miller,william.miller94@testmail.com,"6766 Cedar Rd, San Diego, NY 88709"
Jessica E. Smith,jessica.smith19@mailservice.com,"2160 Broadway, Phoenix, FL 29809"
David I. Davis,david.davis90@example.com,"4012 Pine St, Los Angeles, OH 39426"
Emily D. Johnson,emily.johnson42@myemail.org,"2962 Oak Dr, Phoenix, NC 67230"
Linda  Garcia,linda.garcia88@mailservice.com,"9191 Pine St, Los Angeles, PA 89819"
Emily B. Garcia,emily.garcia39@testmail.com,"4872 Maple Ave, San Diego, PA 94391"
Emily B. Johnson,emily.johnson93@example.com,"2974 Sunset Blvd, Phoenix, AZ 25462"
Michael E. Johnson,michael.johnson47@testmail.com,"6753 Pine St, Phoenix, AZ 13030"
Michael E. Smith,michael.smith31@example.com,"1717 2nd Ave, Houston, TX 48739"
William B. Johnson,william.johnson53@mailservice.com,"7270 Cedar Rd, Houston, TX 90791"
Sarah H. Williams,sarah.williams69@fakemail.net,"4710 Oak Dr, San Diego, GA 10750"
Robert D. Miller,robert.miller89@testmail.com,"1702 Oak Dr, San Diego, PA 33835"
Robert E. Jones,robert.jones71@testmail.com,"6565 Cedar Rd, San Diego, FL 49688"
Linda J. Johnson,linda.johnson45@example.com,"4891 2nd Ave, New York, AZ 39809"
Sarah J. Davis,sarah.davis73@testmail.com,"1834 Pine St, Chicago, NY 73790"
Jessica I. Rodriguez,jessica.rodriguez33@example.com,"8104 Pine St, Philadelphia, CA 62615"
Sarah D. Jones,sarah.jones41@testmail.com,"5818 Maple Ave, Phoenix, NY 29711"
Michael A. Garcia,michael.garcia31@testmail.com,"8343 Maple Ave, San Jose, OH 85143"
Robert A. Rodriguez,robert.rodriguez81@mailservice.com,"973 Oak Dr, Houston, NY 99685"
Linda H. Smith,linda.smith76@mailservice.com,"8409 Broadway, San Jose, GA 90657"
Jane  Davis,jane.davis36@testmail.com,"8587 Oak Dr, Houston, NC 34860"
William B. Johnson,william.johnson93@mailservice.com,"7919 Sunset Blvd, Houston, FL 76183"
Jessica I. Miller,jessica.miller97@fakemail.net,"376 Willow Ln, Philadelphia, TX 55565"
William D. Rodriguez,william.rodriguez90@myemail.org,"5238 Elm St, Chicago, NY 17907"
Robert C. Davis,robert.davis43@testmail.com,"9207 2nd Ave, San Antonio, NC 85331"
Michael E. Williams,michael.williams34@testmail.com,"2374 Maple Ave, Dallas, OH 34614"
Michael G. Garcia,michael.garcia11@example.com,"9629 Main St, New York, PA 35974"
Jessica H. Davis,jessica.davis85@fakemail.net,"1800 Oak Dr, Houston, IL 65621"
Michael G. Martinez,michael.martinez22@testmail.com,"3968 Willow Ln, Los Angeles, GA 85017"
John J. Williams,john.williams79@example.com,"7113 Maple Ave, New York, CA 16178"
David H. Williams,david.williams27@mailservice.com,"3044 Maple Ave, San Diego, CA 88709"
William B. Johnson,william.johnson55@testmail.com,"1852 Elm St, Los Angeles, NC 41167"
Jane D. Garcia,jane.garcia57@example.com,"6907 Sunset Blvd, San Jose, TX 50815"
Jessica G. Jones,jessica.jones14@fakemail.net,"1317 Cedar Rd, Dallas, AZ 38517"
Linda G. Jones,linda.jones16@fakemail.net,"9896 Willow Ln, Philadelphia, AZ 94488"
Jane J. Martinez,jane.martinez98@myemail.org,"2308 Pine St, Dallas, CA 17614"
Robert B. Jones,robert.jones71@testmail.com,"6584 Willow Ln, Chicago, CA 31945"
Robert C. Garcia,robert.garcia42@testmail.com,"6888 Broadway, San Antonio, IL 13485"
David F. Garcia,david.garcia42@myemail.org,"4061 Elm St, Dallas, PA 46080"
Michael G. Williams,michael.williams28@myemail.org,"4814 Maple Ave, Chicago, IL 94869"
Michael I. Rodriguez,michael.rodriguez36@testmail.com,"8465 Willow Ln, San Jose, NC 51504"
John I. Smith,john.smith15@myemail.org,"2311 Sunset Blvd, San Antonio, GA 37514"
William H. Miller,william.miller98@myemail.org,"6344 Oak Dr, Philadelphia, NC 53793"
Jane A. Johnson,jane.johnson18@fakemail.net,"2838 2nd Ave, Philadelphia, NY 41554"
John G. Martinez,john.martinez94@testmail.com,"9731 Maple Ave, Houston, NY 35789"
Jessica C. Garcia,jessica.garcia49@testmail.com,"161 Oak Dr, Houston, GA 12571"
John  Jones,john.jones18@fakemail.net,"8022 Oak Dr, San Antonio, OH 11450"
Sarah B. Davis,sarah.davis11@testmail.com,"7223 Broadway, Phoenix, AZ 26544"
Jessica B. Williams,jessica.williams91@mailservice.com,"270 Main St, San Antonio, CA 64188"
Jessica D. Garcia,jessica.garcia99@mailservice.com,"4813 Willow Ln, Philadelphia, GA 15233"
John J. Davis,john.davis77@example.com,"9196 Pine St, San Antonio, TX 68639"
Michael B. Martinez,michael.martinez44@example.com,"8911 2nd Ave, Phoenix, AZ 83906"
John A. Rodriguez,john.rodriguez43@testmail.com,"3176 Broadway, Dallas, IL 55390"
Sarah B. Miller,sarah.miller58@mailservice.com,"2063 Broadway, San Diego, GA 30403"
Linda D. Williams,linda.williams96@myemail.org,"2191 2nd Ave, New York, NC 86121"
Jane A. Garcia,jane.garcia37@myemail.org,"6536 Maple Ave, New York, AZ 42686"
Jane B. Davis,jane.davis11@example.com,"9977 Sunset Blvd, Los Angeles, CA 83045"
Michael H. Williams,michael.williams71@mailservice.com,"126 Main St, Chicago, OH 37605"
Sarah B. Williams,sarah.williams30@fakemail.net,"8369 Maple Ave, Chicago, CA 50459"
Jessica H. Johnson,jessica.johnson43@testmail.com,"5843 Willow Ln, Dallas, OH 65703"
Jessica B. Miller,jessica.miller37@myemail.org,"6701 Sunset Blvd, San Jose, IL 54416"
Linda G. Johnson,linda.johnson49@myemail.org,"1330 Cedar Rd, San Diego, GA 45244"
Robert D. Jones,robert.jones63@example.com,"4544 Broadway, Los Angeles, TX 18224"
Linda H. Brown,linda.brown73@testmail.com,"4929 Oak Dr, Phoenix, OH 81320"
Emily C. Brown,emily.brown83@mailservice.com,"7762 Main St, San Jose, GA 98271"
Linda E. Davis,linda.davis44@testmail.com,"5462 Cedar Rd, San Jose, CA 59102"
John I. Martinez,john.martinez64@fakemail.net,"4185 Main St, Los Angeles, GA 47722"
David  Williams,david.williams98@fakemail.net,"4890 2nd Ave, New York, NC 65864"
David E. Johnson,david.johnson11@myemail.org,"8623 Broadway, Houston, NY 92703"
Jane C. Martinez,jane.martinez85@example.com,"2832 Willow Ln, Houston, FL 45961"
Emily I. Williams,emily.williams27@fakemail.net,"688 Sunset Blvd, Dallas, NC 48461"
Jane I. Williams,jane.williams92@mailservice.com,"7943 Sunset Blvd, Phoenix, PA 15553"
Jessica A. Williams,jessica.williams80@myemail.org,"1037 Broadway, Philadelphia, GA 51668"
Jane  Smith,jane.smith52@testmail.com,"290 Cedar Rd, Los Angeles, FL 21716"
Linda E. Garcia,linda.garcia45@example.com,"1915 2nd Ave, Los Angeles, NY 98345"
William A. Miller,william.miller60@example.com,"1463 Elm St, Los Angeles, CA 72616"
William F. Johnson,william.johnson59@myemail.org,"2028 Cedar Rd, Houston, TX 44583"
Robert J. Brown,robert.brown90@mailservice.com,"9635 Sunset Blvd, San Antonio, FL 80033"
Emily C. Garcia,emily.garcia15@testmail.com,"3981 Pine St, Chicago, NC 12276"
Jessica F. Brown,jessica.brown45@fakemail.net,"1947 Sunset Blvd, Dallas, GA 93206"
Sarah  Rodriguez,sarah.rodriguez66@testmail.com,"1193 Maple Ave, Los Angeles, NC 95138"
Emily F. Williams,emily.williams60@mailservice.com,"9452 Elm St, Chicago, IL 57859"
Robert G. Martinez,robert.martinez79@example.com,"404 Pine St, Chicago, NY 78605"
Emily D. Rodriguez,emily.rodriguez85@mailservice.com,"6522 Cedar Rd, Houston, TX 80353"
Michael H. Davis,michael.davis56@example.com,"5472 Cedar Rd, San Diego, NY 83613"
John H. Brown,john.brown65@example.com,"3199 Oak Dr, Los Angeles, TX 56416"
Michael A. Garcia,michael.garcia57@fakemail.net,"8856 Cedar Rd, San Jose, GA 15644"
Linda E. Miller,linda.miller25@myemail.org,"3766 2nd Ave, San Antonio, PA 70790"
Emily C. Garcia,emily.garcia15@example.com,"871 Elm St, Dallas, TX 32381"
Sarah C. Brown,sarah.brown51@example.com,"8151 Cedar Rd, New York, OH 42853"
Robert G. Rodriguez,robert.rodriguez78@testmail.com,"5087 Oak Dr, Houston, GA 33512"
John J. Garcia,john.garcia55@example.com,"7882 Pine St, Dallas, IL 67004"
Jessica B. Johnson,jessica.johnson58@example.com,"3522 Pine St, Los Angeles, TX 32604"
Linda J. Smith,linda.smith94@myemail.org,"1733 Elm St, Chicago, FL 15671"
John B. Williams,john.williams36@fakemail.net,"444 Oak Dr, Philadelphia, FL 69085"
Jessica E. Miller,jessica.miller90@testmail.com,"1686 Willow Ln, San Jose, CA 22897"
Jane B. Johnson,jane.johnson57@myemail.org,"122 Elm St, Chicago, AZ 43591"
William E. Smith,william.smith19@fakemail.net,"4132 2nd Ave, Chicago, OH 56435"
Emily I. Martinez,emily.martinez94@example.com,"3763 Main St, San Diego, TX 40734"
David C. Martinez,david.martinez49@mailservice.com,"9090 Maple Ave, Phoenix, GA 75817"
John E. Jones,john.jones80@mailservice.com,"8640 Maple Ave, Dallas, PA 71118"
Robert A. Brown,robert.brown28@example.com,"9896 2nd Ave, New York, PA 44211"
Linda A. Rodriguez,linda.rodriguez94@fakemail.net,"7339 Main St, Philadelphia, NC 59137"
John H. Garcia,john.garcia58@mailservice.com,"9112 Pine St, Chicago, OH 44058"
Robert G. Miller,robert.miller98@example.com,"2775 Oak Dr, Los Angeles, OH 99922"
Emily D. Williams,emily.williams87@fakemail.net,"3711 Cedar Rd, Philadelphia, NC 35426"
Michael I. Smith,michael.smith46@example.com,"4184 Pine St, Phoenix, TX 26196"
Sarah  Martinez,sarah.martinez78@example.com,"1962 Oak Dr, Philadelphia, AZ 74584"
John  Smith,john.smith58@fakemail.net,"9250 Cedar Rd, Dallas, IL 31095"
Emily  Smith,emily.smith36@example.com,"7504 2nd Ave, Houston, PA 98342"
Linda  Martinez,linda.martinez39@testmail.com,"3483 Cedar Rd, San Diego, FL 42866"
Sarah F. Jones,sarah.jones13@fakemail.net,"5460 Cedar Rd, Philadelphia, FL 47592"
Sarah G. Rodriguez,sarah.rodriguez87@fakemail.net,"4308 Sunset Blvd, Philadelphia, TX 61984"
Michael C. Rodriguez,michael.rodriguez43@myemail.org,"7281 Willow Ln, Dallas, GA 78155"
Emily E. Garcia,emily.garcia75@fakemail.net,"8275 Pine St, San Diego, CA 86854"
Sarah B. Davis,sarah.davis89@example.com,"7153 2nd Ave, Chicago, IL 19468"
Linda F. Miller,linda.miller30@mailservice.com,"5005 2nd Ave, Philadelphia, GA 26419"
Emily  Smith,emily.smith94@testmail.com,"7360 Willow Ln, San Diego, NY 68693"
David A. Davis,david.davis22@testmail.com,"8856 2nd Ave, Houston, AZ 25573"
Michael D. Williams,michael.williams90@myemail.org,"1372 Maple Ave, Phoenix, CA 28017"
David A. Brown,david.brown58@testmail.com,"9295 Pine St, Philadelphia, PA 10008"
Linda J. Smith,linda.smith92@example.com,"7987 Pine St, Phoenix, OH 39549"
Emily G. Rodriguez,emily.rodriguez41@testmail.com,"3885 2nd Ave, Philadelphia, NY 58107"
Michael F. Johnson,michael.johnson82@mailservice.com,"8085 Sunset Blvd, Phoenix, NY 13288"
Robert F. Miller,robert.miller99@example.com,"6205 Elm St, Houston, CA 19256"
William B. Martinez,william.martinez11@fakemail.net,"3353 Cedar Rd, San Antonio, NC 71649"
Emily  Davis,emily.davis87@example.com,"8479 Pine St, San Antonio, OH 85226"
Michael C. Davis,michael.davis96@example.com,"2410 2nd Ave, San Diego, OH 68159"
Michael F. Smith,michael.smith78@fakemail.net,"5074 Sunset Blvd, Phoenix, NC 37840"
Robert B. Rodriguez,robert.rodriguez37@mailservice.com,"1685 2nd Ave, San Antonio, NC 62470"
Linda A. Rodriguez,linda.rodriguez25@mailservice.com,"8568 Elm St, Dallas, NY 97319"
Linda E. Rodriguez,linda.rodriguez17@testmail.com,"7161 Willow Ln, San Antonio, TX 83096"
Linda F. Smith,linda.smith21@fakemail.net,"7136 Maple Ave, San Antonio, CA 86195"
Jessica J. Martinez,jessica.martinez12@example.com,"6028 Cedar Rd, San Diego, GA 41968"
Jessica I. Martinez,jessica.martinez39@mailservice.com,"6731 Oak Dr, Los Angeles, TX 74924"
Sarah C. Martinez,sarah.martinez13@testmail.com,"4777 Pine St, Los Angeles, CA 86960"
William F. Rodriguez,william.rodriguez39@fakemail.net,"6961 Willow Ln, Houston, OH 62048"
Sarah I. Rodriguez,sarah.rodriguez66@myemail.org,"8359 Pine St, New York, AZ 56009"
Sarah I. Martinez,sarah.martinez44@example.com,"1953 Broadway, Philadelphia, PA 88704"
Linda A. Smith,linda.smith71@example.com,"5866 Main St, San Antonio, AZ 24875"
Jessica J. Johnson,jessica.johnson93@example.com,"4222 Cedar Rd, Houston, FL 29797"
David D. Martinez,david.martinez11@fakemail.net,"2054 Elm St, Los Angeles, PA 62382"
William G. Smith,william.smith23@fakemail.net,"7534 Main St, San Jose, FL 29337"
Michael I. Davis,michael.davis44@mailservice.com,"9262 Oak Dr, Los Angeles, CA 51750"
William A. Jones,william.jones66@example.com,"8886 Maple Ave, San Diego, CA 85872"
Emily D. Rodriguez,emily.rodriguez71@testmail.com,"693 Oak Dr, Philadelphia, NC 41521"
Michael F. Brown,michael.brown35@example.com,"9834 Pine St, Phoenix, TX 10690"
John F. Johnson,john.johnson65@testmail.com,"4262 Maple Ave, San Antonio, OH 70535"
Robert  Johnson,robert.johnson78@mailservice.com,"9563 Willow Ln, San Jose, PA 91886"
William D. Williams,william.williams79@myemail.org,"1003 Cedar Rd, Dallas, CA 82276"
Michael C. Johnson,michael.johnson99@fakemail.net,"6138 Cedar Rd, San Jose, PA 18974"
Jessica F. Garcia,jessica.garcia17@fakemail.net,"9195 Cedar Rd, San Diego, CA 18451"
Robert H. Garcia,robert.garcia53@fakemail.net,"6423 Maple Ave, Philadelphia, NC 30132"
Linda F. Brown,linda.brown42@mailservice.com,"2812 Pine St, San Diego, GA 33965"
Sarah B. Williams,sarah.williams76@mailservice.com,"3141 Oak Dr, New York, OH 44217"
William I. Johnson,william.johnson57@myemail.org,"8072 Sunset Blvd, Chicago, PA 71107"
Robert J. Davis,robert.davis22@mailservice.com,"2316 Cedar Rd, Philadelphia, NY 73553"
David  Smith,david.smith19@mailservice.com,"2536 2nd Ave, Philadelphia, FL 35079"
Michael F. Miller,michael.miller67@mailservice.com,"8607 Willow Ln, Chicago, AZ 71305"
Emily  Miller,emily.miller60@testmail.com,"162 Maple Ave, Houston, NY 61820"
Linda G. Jones,linda.jones31@myemail.org,"4874 Maple Ave, San Jose, GA 74974"
Jane E. Brown,jane.brown27@fakemail.net,"8624 Broadway, Philadelphia, IL 19834"
John J. Martinez,john.martinez59@testmail.com,"8310 Broadway, San Jose, IL 92148"
Emily D. Davis,emily.davis14@example.com,"7045 Pine St, Houston, CA 31398"
Sarah  Jones,sarah.jones32@example.com,"1350 Oak Dr, San Diego, OH 61079"
John H. Brown,john.brown54@mailservice.com,"2892 Oak Dr, San Jose, GA 12255"
John D. Martinez,john.martinez95@myemail.org,"4875 2nd Ave, Chicago, FL 10143"
Michael C. Rodriguez,michael.rodriguez71@myemail.org,"2935 Willow Ln, San Diego, NY 14142"
David I. Smith,david.smith19@fakemail.net,"4488 Maple Ave, Chicago, PA 43275"
Linda E. Miller,linda.miller62@example.com,"7877 Oak Dr, Chicago, IL 50217"
John B. Williams,john.williams45@fakemail.net,"9648 Main St, San Diego, NY 12819"
John I. Miller,john.miller58@myemail.org,"2988 2nd Ave, San Jose, GA 70519"
Robert H. Johnson,robert.johnson55@myemail.org,"9096 Sunset Blvd, Los Angeles, NY 45742"
William A. Williams,william.williams12@myemail.org,"9846 Main St, Los Angeles, PA 56493"
Emily B. Williams,emily.williams19@fakemail.net,"3547 Oak Dr, San Antonio, CA 28022"
Linda J. Smith,linda.smith18@example.com,"1914 Main St, Philadelphia, IL 84319"
John  Martinez,john.martinez57@myemail.org,"8385 Willow Ln, Phoenix, IL 68967"
Linda J. Davis,linda.davis33@fakemail.net,"463 Elm St, New York, NY 14151"
Jessica E. Williams,jessica.williams51@fakemail.net,"7923 Cedar Rd, Dallas, PA 26569"
Robert E. Miller,robert.miller31@myemail.org,"2617 Pine St, Chicago, IL 37114"
Jane I. Martinez,jane.martinez95@testmail.com,"3631 Sunset Blvd, San Diego, PA 40845"
David G. Johnson,david.johnson60@fakemail.net,"3294 Elm St, Chicago, PA 77798"
Jane F. Brown,jane.brown21@testmail.com,"1305 Elm St, New York, AZ 73338"
Michael E. Rodriguez,michael.rodriguez89@testmail.com,"2975 Oak Dr, Phoenix, OH 51864"
Emily  Martinez,emily.martinez53@myemail.org,"3378 Pine St, San Antonio, NC 92643"
Jessica H. Miller,jessica.miller32@fakemail.net,"1515 Broadway, Los Angeles, TX 36912"
William G. Johnson,william.johnson34@example.com,"3652 Cedar Rd, San Jose, GA 23785"
John  Jones,john.jones70@mailservice.com,"6493 Main St, Chicago, GA 62017"
Jessica C. Martinez,jessica.martinez47@example.com,"9254 Maple Ave, Phoenix, PA 42867"
William B. Garcia,william.garcia62@mailservice.com,"3901 Broadway, Houston, FL 70466"
William I. Davis,william.davis47@mailservice.com,"7616 Sunset Blvd, San Antonio, OH 79848"
Jessica A. Martinez,jessica.martinez80@fakemail.net,"5893 Broadway, Philadelphia, NC 86255"
Sarah C. Johnson,sarah.johnson26@example.com,"8105 Willow Ln, Chicago, NC 82723"
Emily  Johnson,emily.johnson44@myemail.org,"9636 Main St, Los Angeles, FL 49935"
Jane B. Jones,jane.jones41@myemail.org,"1849 Willow Ln, Dallas, GA 51148"
Jessica F. Garcia,jessica.garcia28@fakemail.net,"5246 Main St, San Diego, TX 77793"
Linda G. Brown,linda.brown46@fakemail.net,"353 Pine St, Houston, PA 87826"
Michael A. Williams,michael.williams80@mailservice.com,"4509 Maple Ave, Chicago, FL 73026"
John E. Smith,john.smith55@mailservice.com,"282 Maple Ave, Los Angeles, TX 54029"
Robert B. Brown,robert.brown37@example.com,"4943 Elm St, San Antonio, OH 52107"
Michael  Smith,michael.smith83@myemail.org,"4903 2nd Ave, San Jose, IL 93122"
Jessica E. Jones,jessica.jones82@testmail.com,"7426 Sunset Blvd, Dallas, CA 47233"
Jane E. Johnson,jane.johnson69@example.com,"5918 Sunset Blvd, Philadelphia, TX 59596"
William D. Rodriguez,william.rodriguez71@mailservice.com,"6307 Broadway, Chicago, GA 26815"
Robert G. Davis,robert.davis22@mailservice.com,"3501 Cedar Rd, San Diego, NC 63454"
Linda  Rodriguez,linda.rodriguez83@example.com,"3023 Willow Ln, Dallas, PA 13851"
Linda F. Smith,linda.smith13@mailservice.com,"5483 Willow Ln, Dallas, IL 86155"
Jessica G. Davis,jessica.davis96@fakemail.net,"7583 Sunset Blvd, San Diego, CA 82239"
Emily F. Rodriguez,emily.rodriguez65@testmail.com,"4900 Broadway, Houston, PA 87682"
Michael H. Martinez,michael.martinez32@example.com,"5939 Broadway, Dallas, CA 60769"
David F. Johnson,david.johnson21@fakemail.net,"7014 Oak Dr, San Diego, TX 77867"
David A. Garcia,david.garcia11@testmail.com,"1807 2nd Ave, New York, AZ 21069"
Emily A. Jones,emily.jones97@mailservice.com,"2245 Elm St, Los Angeles, GA 50137"
John J. Davis,john.davis22@myemail.org,"9155 Cedar Rd, San Antonio, IL 22185"
David H. Rodriguez,david.rodriguez30@example.com,"3862 Pine St, Dallas, AZ 56840"
Sarah I. Davis,sarah.davis73@example.com,"1544 Cedar Rd, Los Angeles, GA 10019"
Robert E. Smith,robert.smith31@testmail.com,"611 Willow Ln, San Jose, GA 54949"
Linda G. Jones,linda.jones85@myemail.org,"522 Sunset Blvd, Los Angeles, FL 99119"
John H. Smith,john.smith68@myemail.org,"5270 Cedar Rd, Phoenix, TX 75574"
Jane B. Garcia,jane.garcia95@myemail.org,"8145 Willow Ln, San Jose, CA 72349"
Jane J. Smith,jane.smith62@testmail.com,"828 Elm St, Philadelphia, IL 37114"
David E. Williams,david.williams84@mailservice.com,"8002 Maple Ave, New York, FL 46589"
Emily G. Jones,emily.jones25@myemail.org,"3240 Willow Ln, Chicago, CA 13800"
Jane C. Williams,jane.williams47@mailservice.com,"6814 Cedar Rd, San Diego, IL 55588"
Sarah H. Garcia,sarah.garcia82@fakemail.net,"3053 Pine St, Chicago, NC 86978"
William H. Miller,william.miller35@testmail.com,"2433 Maple Ave, Houston, NC 40657"
Emily J. Williams,emily.williams62@myemail.org,"2736 2nd Ave, Los Angeles, TX 96455"
Emily C. Martinez,emily.martinez56@fakemail.net,"6020 Elm St, Phoenix, IL 15997"
Jane C. Jones,jane.jones25@example.com,"3667 Oak Dr, San Diego, NY 58777"
Emily H. Smith,emily.smith49@mailservice.com,"7617 Sunset Blvd, San Antonio, IL 19495"
John B. Miller,john.miller98@mailservice.com,"6200 Elm St, Philadelphia, FL 77602"
John E. Johnson,john.johnson57@myemail.org,"9965 Main St, Dallas, CA 72800"
Linda D. Garcia,linda.garcia76@example.com,"2961 Pine St, San Antonio, FL 69150"
Michael E. Martinez,michael.martinez34@example.com,"699 Sunset Blvd, San Jose, FL 78703"
Jessica F. Martinez,jessica.martinez66@testmail.com,"5654 2nd Ave, Los Angeles, OH 80092"
David J. Brown,david.brown81@example.com,"9387 Elm St, San Diego, NC 31097"
John E. Brown,john.brown55@mailservice.com,"6533 Elm St, Houston, AZ 25090"
Emily E. Davis,emily.davis12@myemail.org,"7560 Pine St, Chicago, GA 30407"
Emily G. Johnson,emily.johnson16@myemail.org,"8428 Maple Ave, Houston, AZ 28338"
Sarah J. Rodriguez,sarah.rodriguez79@fakemail.net,"3354 Maple Ave, Los Angeles, PA 93871"
Robert A. Martinez,robert.martinez33@testmail.com,"2029 Pine St, Los Angeles, NY 48273"
Michael A. Rodriguez,michael.rodriguez99@example.com,"6156 Cedar Rd, Dallas, TX 58180"
Jessica G. Smith,jessica.smith18@testmail.com,"3382 Maple Ave, New York, IL 60647"
John B. Brown,john.brown77@mailservice.com,"2438 Broadway, Chicago, NC 68257"
Michael C. Garcia,michael.garcia22@example.com,"5047 Willow Ln, Chicago, PA 64715"
Michael J. Martinez,michael.martinez54@myemail.org,"8997 Cedar Rd, San Antonio, AZ 41179"
Robert A. Rodriguez,robert.rodriguez76@mailservice.com,"9560 Elm St, Phoenix, IL 54042"
Sarah A. Martinez,sarah.martinez53@mailservice.com,"4690 Sunset Blvd, Philadelphia, TX 97906"
William A. Johnson,william.johnson23@mailservice.com,"4560 Elm St, Los Angeles, CA 87283"
John D. Jones,john.jones74@testmail.com,"3142 Pine St, Los Angeles, CA 14567"
Robert D. Martinez,robert.martinez34@example.com,"9026 Oak Dr, San Diego, CA 79419"
John A. Jones,john.jones91@mailservice.com,"551 Main St, San Diego, TX 15029"
Robert E. Smith,robert.smith95@fakemail.net,"2880 Broadway, Phoenix, CA 84404"
Emily I. Johnson,emily.johnson16@example.com,"6467 Broadway, San Antonio, PA 35353"
William E. Martinez,william.martinez13@fakemail.net,"804 Willow Ln, Phoenix, PA 47234"
Jane D. Smith,jane.smith79@fakemail.net,"5593 Willow Ln, New York, IL 58114"
Jessica B. Miller,jessica.miller33@testmail.com,"5687 Broadway, San Jose, NY 82642"
David J. Jones,david.jones42@myemail.org,"3263 2nd Ave, Dallas, NC 41927"
Jessica F. Smith,jessica.smith48@fakemail.net,"2114 Elm St, Philadelphia, GA 17097"
Michael G. Miller,michael.miller42@testmail.com,"1281 Willow Ln, Los Angeles, GA 78495"
Linda F. Miller,linda.miller99@example.com,"2816 2nd Ave, San Antonio, NC 71834"
Emily G. Smith,emily.smith67@myemail.org,"7733 Maple Ave, San Antonio, NC 91438"
David H. Rodriguez,david.rodriguez48@fakemail.net,"5437 Maple Ave, Chicago, IL 14053"
Emily E. Rodriguez,emily.rodriguez44@fakemail.net,"1581 Elm St, New York, AZ 43496"
Jane J. Brown,jane.brown90@myemail.org,"8829 Cedar Rd, San Diego, NC 75286"
Linda E. Williams,linda.williams23@fakemail.net,"9767 Willow Ln, Dallas, NY 46588"
Michael J. Jones,michael.jones37@testmail.com,"6437 Main St, Los Angeles, OH 81679"
Emily  Miller,emily.miller54@testmail.com,"547 Pine St, Los Angeles, AZ 21107"
Sarah  Miller,sarah.miller60@mailservice.com,"5714 Elm St, Philadelphia, NY 68861"
Emily C. Brown,emily.brown96@testmail.com,"5122 Broadway, Philadelphia, AZ 83036"
Jane G. Jones,jane.jones54@example.com,"1304 Broadway, Phoenix, IL 27540"
Michael H. Smith,michael.smith14@fakemail.net,"7077 Elm St, San Jose, AZ 76578"
Jessica  Brown,jessica.brown42@example.com,"6325 Willow Ln, San Diego, TX 82415"
Sarah F. Martinez,sarah.martinez59@mailservice.com,"1363 Pine St, Chicago, TX 84792"
Sarah A. Brown,sarah.brown50@mailservice.com,"4635 Willow Ln, San Antonio, PA 11617"
Robert D. Johnson,robert.johnson55@example.com,"4652 Oak Dr, New York, TX 51871"
John B. Jones,john.jones33@testmail.com,"4759 Main St, New York, AZ 57022"
Emily  Johnson,emily.johnson75@mailservice.com,"9081 Broadway, San Jose, PA 19000"
Sarah I. Rodriguez,sarah.rodriguez42@testmail.com,"5680 Elm St, Dallas, GA 25830"
Michael F. Davis,michael.davis90@testmail.com,"2300 Willow Ln, Dallas, IL 53133"
David F. Rodriguez,david.rodriguez46@testmail.com,"7617 Willow Ln, San Jose, CA 96864"
Robert B. Smith,robert.smith36@mailservice.com,"9389 Broadway, Los Angeles, OH 18325"
Jane F. Johnson,jane.johnson41@fakemail.net,"2170 Maple Ave, San Jose, AZ 36756"
Emily J. Williams,emily.williams73@example.com,"4028 Main St, Philadelphia, FL 43038"
John J. Garcia,john.garcia39@mailservice.com,"4343 Pine St, Philadelphia, NY 13273"
Linda H. Jones,linda.jones58@fakemail.net,"748 Sunset Blvd, Chicago, PA 62210"
Jessica H. Miller,jessica.miller88@example.com,"812 Sunset Blvd, Los Angeles, IL 84071"
Jessica  Martinez,jessica.martinez25@mailservice.com,"2413 Willow Ln, Philadelphia, CA 31154"
Emily D. Smith,emily.smith37@testmail.com,"4180 Sunset Blvd, San Antonio, NY 41179"
Sarah I. Williams,sarah.williams34@mailservice.com,"1536 Oak Dr, San Jose, PA 62669"
David H. Johnson,david.johnson85@myemail.org,"8562 Maple Ave, Houston, AZ 14607"
Jane E. Davis,jane.davis40@mailservice.com,"5822 2nd Ave, San Jose, NC 24429"
Jessica G. Williams,jessica.williams94@testmail.com,"1675 2nd Ave, Dallas, AZ 16143"
William I. Martinez,william.martinez97@mailservice.com,"1703 Pine St, San Antonio, FL 91056"
William F. Rodriguez,william.rodriguez82@fakemail.net,"3826 Willow Ln, San Antonio, CA 12824"
Michael C. Johnson,michael.johnson96@fakemail.net,"4258 Maple Ave, New York, OH 27670"
Emily  Williams,emily.williams25@fakemail.net,"9004 2nd Ave, San Jose, FL 23162"
Michael G. Davis,michael.davis33@mailservice.com,"525 Elm St, San Diego, AZ 46254"
Sarah I. Davis,sarah.davis44@mailservice.com,"6529 2nd Ave, Philadelphia, NY 60872"
William G. Brown,william.brown83@mailservice.com,"1960 Willow Ln, New York, NY 83644"
David H. Jones,david.jones91@mailservice.com,"6314 Willow Ln, Dallas, IL 93189"
Linda I. Garcia,linda.garcia83@example.com,"9733 Sunset Blvd, Phoenix, IL 31011"
William H. Williams,william.williams42@mailservice.com,"2208 Main St, Los Angeles, TX 59171"
John  Brown,john.brown15@testmail.com,"1380 Willow Ln, New York, NC 98468"
Emily H. Smith,emily.smith89@myemail.org,"2534 Main St, San Jose, IL 30890"
William B. Jones,william.jones35@myemail.org,"1660 2nd Ave, Chicago, FL 61079"
Jessica A. Davis,jessica.davis79@mailservice.com,"9637 Elm St, Los Angeles, FL 78823"
William H. Rodriguez,william.rodriguez54@fakemail.net,"6654 Broadway, San Jose, AZ 39298"
Linda F. Jones,linda.jones55@mailservice.com,"684 Cedar Rd, Philadelphia, PA 69306"
Emily D. Smith,emily.smith30@testmail.com,"8959 Cedar Rd, San Diego, OH 32078"
David G. Martinez,david.martinez66@testmail.com,"5860 Cedar Rd, San Jose, AZ 42647"
Jane  Johnson,jane.johnson24@mailservice.com,"8632 Cedar Rd, Los Angeles, NY 93705"
Emily B. Miller,emily.miller64@testmail.com,"5830 Main St, Dallas, TX 71606"
Linda E. Brown,linda.brown47@example.com,"4463 Elm St, Chicago, FL 20147"
Emily E. Garcia,emily.garcia90@myemail.org,"377 Oak Dr, New York, PA 23924"
Robert  Smith,robert.smith90@testmail.com,"4262 Elm St, Houston, NY 35797"
David B. Garcia,david.garcia20@testmail.com,"8310 Main St, Los Angeles, CA 95377"
Robert E. Miller,robert.miller57@mailservice.com,"741 Pine St, San Jose, PA 23176"
Sarah J. Davis,sarah.davis67@fakemail.net,"6419 Oak Dr, San Diego, GA 49500"
Jessica A. Smith,jessica.smith32@mailservice.com,"7841 Maple Ave, Phoenix, NC 71121"
Robert I. Davis,robert.davis24@example.com,"1077 Main St, Philadelphia, IL 68646"
Emily H. Rodriguez,emily.rodriguez96@testmail.com,"8453 Oak Dr, Chicago, OH 15202"
John B. Martinez,john.martinez14@myemail.org,"4274 2nd Ave, San Jose, IL 53669"
Linda D. Davis,linda.davis49@myemail.org,"2954 Maple Ave, San Diego, TX 50500"
Robert E. Miller,robert.miller63@fakemail.net,"6225 Willow Ln, San Antonio, TX 86960"
David  Miller,david.miller26@fakemail.net,"9244 Broadway, New York, NY 28267"
David G. Garcia,david.garcia43@myemail.org,"5163 Oak Dr, Philadelphia, NC 32754"
Jane I. Davis,jane.davis80@fakemail.net,"8467 Cedar Rd, Houston, GA 69831"
Jessica G. Smith,jessica.smith74@testmail.com,"4544 2nd Ave, San Jose, IL 44380"
Linda H. Miller,linda.miller18@fakemail.net,"6892 Sunset Blvd, Chicago, CA 41971"
John  Smith,john.smith47@example.com,"2102 Broadway, Phoenix, TX 84073"
Jessica E. Williams,jessica.williams10@testmail.com,"2236 Sunset Blvd, Philadelphia, GA 98914"
Emily J. Rodriguez,emily.rodriguez95@testmail.com,"2403 Elm St, Philadelphia, FL 68032"
David C. Miller,david.miller20@myemail.org,"7552 Broadway, Phoenix, NY 96518"
Michael E. Miller,michael.miller12@testmail.com,"9653 Cedar Rd, San Antonio, PA 65664"
John G. Rodriguez,john.rodriguez56@example.com,"5953 Pine St, Philadelphia, IL 92284"
Jane H. Jones,jane.jones71@mailservice.com,"9794 Cedar Rd, Phoenix, NC 64183"
Sarah E. Brown,sarah.brown94@myemail.org,"6477 Main St, New York, PA 91592"
Jessica A. Davis,jessica.davis13@testmail.com,"7809 Maple Ave, San Diego, TX 90402"
Robert A. Johnson,robert.johnson32@myemail.org,"1973 Main St, Houston, FL 66727"
John  Johnson,john.johnson71@mailservice.com,"895 Oak Dr, Dallas, FL 17261"
Emily I. Smith,emily.smith87@fakemail.net,"6255 Elm St, New York, FL 16990"
Robert J. Williams,robert.williams30@myemail.org,"2278 Willow Ln, San Diego, NY 22348"
Michael A. Davis,michael.davis22@myemail.org,"624 Oak Dr, San Diego, AZ 67498"
Linda A. Johnson,linda.johnson97@example.com,"9866 Maple Ave, Los Angeles, FL 99613"
William  Williams,william.williams34@myemail.org,"3992 Maple Ave, Houston, IL 75051"
Robert B. Smith,robert.smith98@mailservice.com,"4921 Maple Ave, San Antonio, PA 16040"
Linda D. Johnson,linda.johnson88@mailservice.com,"4371 Pine St, Philadelphia, PA 61632"
Michael H. Davis,michael.davis32@fakemail.net,"2592 Maple Ave, New York, TX 30022"
Jessica A. Miller,jessica.miller74@myemail.org,"5664 Cedar Rd, Chicago, GA 91269"
Emily C. Williams,emily.williams96@myemail.org,"8035 2nd Ave, San Diego, GA 46563"
Jane F. Davis,jane.davis46@mailservice.com,"6813 Pine St, Houston, FL 47942"
Sarah E. Davis,sarah.davis20@example.com,"4621 Maple Ave, Dallas, TX 53474"
David I. Jones,david.jones36@mailservice.com,"1272 Pine St, Phoenix, IL 67576"
Linda F. Williams,linda.williams82@myemail.org,"2951 Main St, Phoenix, FL 48930"
John B. Smith,john.smith54@mailservice.com,"5564 Maple Ave, Dallas, GA 56311"
Jane E. Davis,jane.davis62@myemail.org,"7187 Sunset Blvd, Houston, CA 65266"
William E. Johnson,william.johnson87@mailservice.com,"4334 Pine St, Chicago, NY 38500"
Jane E. Smith,jane.smith35@example.com,"682 2nd Ave, New York, AZ 66454"
David E. Miller,david.miller95@example.com,"9328 Oak Dr, San Antonio, TX 12834"
Jessica E. Miller,jessica.miller58@example.com,"347 2nd Ave, New York, TX 31250"
Jessica B. Miller,jessica.miller22@fakemail.net,"2931 Maple Ave, Philadelphia, FL 36650"
William C. Johnson,william.johnson99@fakemail.net,"3460 Oak Dr, Phoenix, NY 12879"
William C. Martinez,william.martinez26@fakemail.net,"4553 Main St, San Antonio, NC 51531"
Robert D. Garcia,robert.garcia46@myemail.org,"4668 Willow Ln, Los Angeles, AZ 71074"
John B. Williams,john.williams26@example.com,"2997 Sunset Blvd, Phoenix, CA 82798"
Jessica H. Jones,jessica.jones58@mailservice.com,"6039 Maple Ave, San Antonio, TX 87347"
Sarah F. Brown,sarah.brown49@example.com,"4068 Pine St, San Diego, PA 71825"
Jessica J. Davis,jessica.davis54@myemail.org,"4933 Pine St, Houston, FL 14897"
Emily I. Miller,emily.miller33@mailservice.com,"5635 Maple Ave, Phoenix, PA 10022"
Linda H. Jones,linda.jones28@testmail.com,"5661 Broadway, New York, CA 90812"
John H. Garcia,john.garcia28@fakemail.net,"9520 Broadway, Houston, FL 12851"
Linda J. Davis,linda.davis14@mailservice.com,"2574 2nd Ave, San Jose, FL 44899"
Jessica F. Williams,jessica.williams61@mailservice.com,"9616 Willow Ln, San Jose, FL 55365"
David E. Williams,david.williams26@myemail.org,"9358 Pine St, San Diego, PA 45177"
William F. Jones,william.jones20@example.com,"2952 Sunset Blvd, Chicago, FL 44268"
Jane A. Miller,jane.miller19@testmail.com,"1817 Pine St, San Antonio, CA 33286"
Robert J. Smith,robert.smith84@myemail.org,"5647 Main St, San Jose, IL 63867"
John E. Jones,john.jones63@myemail.org,"9352 Willow Ln, San Diego, NC 68194"
John B. Davis,john.davis80@fakemail.net,"9471 Broadway, Chicago, OH 43530"
John D. Rodriguez,john.rodriguez86@testmail.com,"3007 Broadway, Phoenix, GA 10366"
William J. Smith,william.smith25@example.com,"5904 Main St, New York, NY 48113"
Sarah I. Garcia,sarah.garcia24@example.com,"2658 Main St, San Diego, IL 92616"
David H. Martinez,david.martinez52@testmail.com,"7955 Oak Dr, New York, FL 50338"
Emily D. Garcia,emily.garcia93@myemail.org,"2774 Sunset Blvd, Houston, NC 23253"
Jessica C. Brown,jessica.brown35@mailservice.com,"8757 2nd Ave, Dallas, NY 61501"
Linda E. Williams,linda.williams82@fakemail.net,"5955 Oak Dr, Los Angeles, PA 56821"
Sarah H. Williams,sarah.williams53@example.com,"3806 Willow Ln, Dallas, TX 26087"
Jane I. Brown,jane.brown71@fakemail.net,"2354 Main St, San Jose, TX 55541"
Emily F. Martinez,emily.martinez71@testmail.com,"9465 Pine St, Houston, AZ 37913"
Robert F. Johnson,robert.johnson59@example.com,"5877 Elm St, Dallas, GA 53949"
Sarah B. Smith,sarah.smith91@testmail.com,"8347 Cedar Rd, San Diego, CA 23717"
Sarah C. Rodriguez,sarah.rodriguez18@testmail.com,"8126 2nd Ave, Phoenix, TX 77957"
Jane D. Davis,jane.davis27@example.com,"9738 Oak Dr, Los Angeles, IL 81854"
Michael E. Rodriguez,michael.rodriguez50@testmail.com,"6529 Sunset Blvd, Dallas, NC 81738"
William G. Rodriguez,william.rodriguez98@fakemail.net,"1217 2nd Ave, Chicago, AZ 97419"
Sarah G. Davis,sarah.davis77@fakemail.net,"6906 Willow Ln, Chicago, TX 73289"
William E. Johnson,william.johnson72@fakemail.net,"7858 Pine St, Dallas, OH 11764"
John D. Garcia,john.garcia50@example.com,"5894 Elm St, Houston, IL 20009"
William E. Martinez,william.martinez29@fakemail.net,"7122 Elm St, Chicago, NY 61985"
Linda D. Williams,linda.williams34@example.com,"4079 Maple Ave, San Jose, PA 33203"
Robert C. Williams,robert.williams75@myemail.org,"1174 2nd Ave, Los Angeles, AZ 60933"
Jane  Garcia,jane.garcia92@mailservice.com,"8833 Sunset Blvd, Los Angeles, FL 11129"
Jessica I. Johnson,jessica.johnson14@mailservice.com,"6423 Oak Dr, Houston, GA 10690"
Jane E. Martinez,jane.martinez66@fakemail.net,"2889 Oak Dr, Houston, GA 84539"
Linda B. Smith,linda.smith62@myemail.org,"9579 Cedar Rd, San Antonio, NY 60432"
Jane G. Smith,jane.smith60@mailservice.com,"3581 Willow Ln, Philadelphia, AZ 72860"
John I. Jones,john.jones11@mailservice.com,"7449 Maple Ave, San Antonio, NY 99998"
William D. Miller,william.miller27@example.com,"7934 Elm St, Dallas, OH 23021"
Michael F. Miller,michael.miller19@fakemail.net,"6444 Pine St, San Antonio, IL 78440"
Jane D. Davis,jane.davis25@mailservice.com,"6934 Broadway, Phoenix, NY 70592"
Robert J. Smith,robert.smith91@myemail.org,"3925 Elm St, Phoenix, FL 15022"
Jane  Brown,jane.brown83@fakemail.net,"3651 Broadway, San Diego, NC 56089"
Jane H. Brown,jane.brown25@example.com,"1779 Cedar Rd, San Antonio, CA 44164"
Robert H. Brown,robert.brown80@fakemail.net,"7795 Oak Dr, San Antonio, PA 71862"
Michael E. Johnson,michael.johnson20@myemail.org,"5711 Broadway, San Antonio, CA 76579"
John F. Williams,john.williams78@fakemail.net,"8735 Willow Ln, Chicago, FL 87051"
Sarah B. Rodriguez,sarah.rodriguez81@mailservice.com,"7941 Broadway, San Diego, TX 34104"
Sarah F. Rodriguez,sarah.rodriguez81@fakemail.net,"2015 Elm St, San Jose, OH 41155"
Michael  Williams,michael.williams55@myemail.org,"4634 Elm St, Houston, GA 10509"
Sarah J. Williams,sarah.williams61@example.com,"1100 Elm St, Chicago, OH 35337"
Robert  Rodriguez,robert.rodriguez65@testmail.com,"9200 Maple Ave, San Diego, CA 29820"
Linda D. Davis,linda.davis70@example.com,"1209 Oak Dr, San Antonio, CA 27279"
Sarah C. Martinez,sarah.martinez13@mailservice.com,"2197 Pine St, Dallas, NC 33167"
William D. Johnson,william.johnson71@example.com,"265 Maple Ave, San Diego, PA 78456"
Jessica H. Williams,jessica.williams69@example.com,"4566 Elm St, Los Angeles, NC 76797"
Jane I. Jones,jane.jones13@example.com,"8796 Oak Dr, Dallas, CA 71567"
Jane G. Brown,jane.brown89@mailservice.com,"5952 Elm St, Houston, NY 72013"
Jane J. Brown,jane.brown30@mailservice.com,"2081 Maple Ave, San Diego, AZ 22080"
John I. Johnson,john.johnson24@example.com,"9590 Maple Ave, Philadelphia, FL 34597"
David A. Williams,david.williams98@testmail.com,"6941 2nd Ave, Dallas, AZ 22825"
Emily G. Brown,emily.brown25@fakemail.net,"4453 Willow Ln, Chicago, FL 56284"
Robert I. Smith,robert.smith60@testmail.com,"7001 Elm St, New York, FL 69288"
Jane B. Davis,jane.davis14@testmail.com,"3563 Elm St, Houston, FL 92729"
Jane F. Williams,jane.williams75@fakemail.net,"1592 Sunset Blvd, Chicago, AZ 97900"
Jane B. Smith,jane.smith13@example.com,"3318 Maple Ave, San Antonio, IL 16282"
David G. Rodriguez,david.rodriguez43@mailservice.com,"4194 Pine St, Chicago, IL 71436"
Sarah E. Johnson,sarah.johnson87@example.com,"5812 Sunset Blvd, New York, IL 84573"
John A. Jones,john.jones21@myemail.org,"2510 Maple Ave, Chicago, IL 70382"
Emily J. Rodriguez,emily.rodriguez88@fakemail.net,"2143 Oak Dr, Houston, AZ 65077"
David B. Williams,david.williams98@mailservice.com,"5517 Maple Ave, Philadelphia, FL 92695"
William D. Johnson,william.johnson60@example.com,"4448 Oak Dr, San Antonio, NC 69481"
Jane C. Martinez,jane.martinez93@fakemail.net,"7469 Maple Ave, San Jose, NC 70582"
William H. Martinez,william.martinez52@testmail.com,"7281 Sunset Blvd, Philadelphia, NY 24742"
Linda E. Rodriguez,linda.rodriguez32@example.com,"8419 Cedar Rd, Los Angeles, TX 76406"
Linda H. Brown,linda.brown79@mailservice.com,"4570 2nd Ave, San Diego, IL 70236"
Linda A. Miller,linda.miller30@example.com,"2460 Main St, San Antonio, TX 57256"
Emily B. Williams,emily.williams66@mailservice.com,"4417 Main St, San Antonio, CA 51545"
John J. Jones,john.jones51@testmail.com,"9207 Maple Ave, New York, FL 29703"
Jane G. Garcia,jane.garcia52@fakemail.net,"995 Cedar Rd, Los Angeles, NC 31484"
Michael  Johnson,michael.johnson99@fakemail.net,"1863 2nd Ave, San Antonio, PA 78111"
Emily I. Davis,emily.davis74@example.com,"6505 Sunset Blvd, New York, GA 59439"
Linda F. Garcia,linda.garcia68@myemail.org,"7093 2nd Ave, San Jose, OH 89613"
Jessica  Miller,jessica.miller49@testmail.com,"2302 Willow Ln, San Diego, IL 20275"
Jessica J. Williams,jessica.williams25@myemail.org,"3320 Elm St, Dallas, FL 59408"
William I. Williams,william.williams54@testmail.com,"6441 Willow Ln, San Antonio, CA 66987"
Sarah B. Miller,sarah.miller88@example.com,"299 2nd Ave, Phoenix, PA 58206"
Michael D. Garcia,michael.garcia13@mailservice.com,"1855 2nd Ave, San Diego, GA 38854"
Linda I. Davis,linda.davis33@mailservice.com,"5743 Main St, San Jose, IL 49998"
Michael C. Johnson,michael.johnson41@testmail.com,"8678 Oak Dr, San Antonio, NC 74122"
William A. Brown,william.brown50@example.com,"3663 Main St, New York, GA 93808"
Robert G. Smith,robert.smith59@fakemail.net,"4742 Elm St, Phoenix, FL 41129"
William B. Miller,william.miller59@mailservice.com,"2190 Cedar Rd, San Jose, IL 18089"
Michael H. Jones,michael.jones49@myemail.org,"6194 Oak Dr, Chicago, PA 93077"
Robert J. Brown,robert.brown75@testmail.com,"3545 2nd Ave, Philadelphia, GA 56984"
Michael I. Jones,michael.jones18@fakemail.net,"6262 2nd Ave, Houston, PA 32192"
Emily  Johnson,emily.johnson67@testmail.com,"467 Sunset Blvd, San Antonio, AZ 24236"
Emily I. Williams,emily.williams83@example.com,"1893 Willow Ln, Chicago, IL 86936"
David H. Williams,david.williams75@testmail.com,"2268 Broadway, Houston, NY 44863"
Sarah H. Garcia,sarah.garcia84@mailservice.com,"388 Oak Dr, Los Angeles, TX 84344"
Michael I. Brown,michael.brown29@example.com,"6397 Elm St, San Jose, TX 85951"
Linda G. Miller,linda.miller33@myemail.org,"8702 Sunset Blvd, Los Angeles, NY 28787"
Jane B. Rodriguez,jane.rodriguez71@testmail.com,"9289 Pine St, Houston, NC 58482"
Michael G. Garcia,michael.garcia20@testmail.com,"3691 Pine St, Chicago, GA 37680"
Linda A. Martinez,linda.martinez64@testmail.com,"5267 Sunset Blvd, New York, IL 89783"
Robert D. Davis,robert.davis74@myemail.org,"8054 Elm St, San Diego, TX 44757"
Jane C. Martinez,jane.martinez40@example.com,"1685 Broadway, San Jose, AZ 58784"
Robert  Miller,robert.miller92@example.com,"371 Broadway, Phoenix, NY 98031"
Robert H. Johnson,robert.johnson21@testmail.com,"3252 Broadway, Phoenix, FL 70715"
William I. Rodriguez,william.rodriguez27@myemail.org,"9112 Oak Dr, Dallas, PA 40132"
William D. Garcia,william.garcia96@example.com,"2976 Maple Ave, New York, TX 50756"
Sarah J. Brown,sarah.brown39@testmail.com,"1240 Broadway, San Diego, AZ 83797"
Linda J. Johnson,linda.johnson37@example.com,"648 Elm St, Dallas, GA 86434"
David I. Johnson,david.johnson41@testmail.com,"668 Willow Ln, San Jose, IL 22572"
Robert A. Williams,robert.williams58@testmail.com,"493 Broadway, Phoenix, TX 97649"
John I. Martinez,john.martinez58@fakemail.net,"9473 Pine St, New York, NY 81000"
Robert J. Martinez,robert.martinez98@mailservice.com,"1729 Sunset Blvd, Philadelphia, OH 97235"
William C. Brown,william.brown61@myemail.org,"6044 Broadway, New York, NC 75161"
Linda C. Martinez,linda.martinez72@mailservice.com,"6806 Main St, Philadelphia, IL 64442"
Jane D. Smith,jane.smith46@testmail.com,"3832 Elm St, Dallas, TX 11730"
Linda C. Davis,linda.davis38@myemail.org,"6340 Pine St, Chicago, NC 16872"
Michael H. Martinez,michael.martinez97@testmail.com,"3122 Elm St, San Antonio, FL 32574"
Robert I. Williams,robert.williams91@example.com,"9465 Maple Ave, Chicago, IL 74441"
David H. Martinez,david.martinez41@mailservice.com,"6448 2nd Ave, Philadelphia, TX 76510"
William J. Martinez,william.martinez88@myemail.org,"3554 Broadway, Houston, NC 16623"
Emily B. Brown,emily.brown31@mailservice.com,"7419 Sunset Blvd, San Diego, CA 88868"
Sarah E. Jones,sarah.jones11@myemail.org,"1992 Main St, San Diego, NC 62761"
David E. Williams,david.williams94@example.com,"6541 Pine St, Los Angeles, OH 19940"
Jessica G. Johnson,jessica.johnson50@testmail.com,"6848 Willow Ln, Houston, NY 65515"
David F. Rodriguez,david.rodriguez38@mailservice.com,"426 Cedar Rd, Chicago, OH 45443"
Jessica C. Smith,jessica.smith21@mailservice.com,"1898 Cedar Rd, Philadelphia, GA 58683"
David D. Rodriguez,david.rodriguez32@example.com,"8045 Broadway, Houston, FL 69358"
John I. Rodriguez,john.rodriguez79@mailservice.com,"8580 Willow Ln, New York, AZ 31774"
Robert B. Williams,robert.williams21@example.com,"2245 Elm St, Dallas, PA 19310"
Robert H. Williams,robert.williams44@testmail.com,"6292 Main St, San Diego, CA 20404"
Jessica C. Rodriguez,jessica.rodriguez10@example.com,"6297 Broadway, San Antonio, NY 83033"
John J. Smith,john.smith13@fakemail.net,"7067 Elm St, New York, NY 32543"
Emily E. Garcia,emily.garcia49@myemail.org,"7365 Maple Ave, Dallas, TX 29240"
William C. Jones,william.jones48@example.com,"6327 Oak Dr, San Antonio, GA 76797"
Emily  Garcia,emily.garcia49@testmail.com,"6674 Cedar Rd, San Antonio, NY 22908"
Emily F. Johnson,emily.johnson56@example.com,"7392 Oak Dr, New York, TX 59904"
Sarah F. Johnson,sarah.johnson43@myemail.org,"7788 Oak Dr, Los Angeles, GA 15028"
David H. Williams,david.williams70@testmail.com,"7596 Main St, San Jose, CA 93618"
Jane G. Brown,jane.brown76@mailservice.com,"8021 Broadway, San Diego, TX 31117"
Linda D. Garcia,linda.garcia46@example.com,"6465 Sunset Blvd, Philadelphia, OH 16882"
John E. Martinez,john.martinez89@mailservice.com,"2070 Maple Ave, Philadelphia, NY 31859"
Michael C. Williams,michael.williams21@myemail.org,"2168 Maple Ave, San Jose, OH 33761"
Jessica  Williams,jessica.williams49@example.com,"8252 2nd Ave, Los Angeles, GA 92269"
William H. Williams,william.williams60@testmail.com,"307 2nd Ave, San Diego, AZ 83286"
John E. Jones,john.jones48@mailservice.com,"4696 Pine St, Chicago, AZ 10781"
John  Garcia,john.garcia28@myemail.org,"7231 2nd Ave, Los Angeles, TX 92629"
Sarah G. Garcia,sarah.garcia42@myemail.org,"1455 Sunset Blvd, Philadelphia, NC 62662"
Michael J. Johnson,michael.johnson67@myemail.org,"8729 Maple Ave, Phoenix, FL 40378"
William E. Martinez,william.martinez76@fakemail.net,"9131 Cedar Rd, New York, NY 96067"
William E. Garcia,william.garcia53@mailservice.com,"3787 2nd Ave, Los Angeles, CA 89444"
Jessica D. Smith,jessica.smith95@mailservice.com,"9445 2nd Ave, New York, PA 54416"
David  Garcia,david.garcia25@testmail.com,"5713 Main St, San Jose, AZ 77638"
John C. Brown,john.brown58@testmail.com,"3582 Pine St, Houston, TX 25472"
Linda B. Martinez,linda.martinez16@example.com,"1383 Maple Ave, San Antonio, NY 84856"
Emily E. Williams,emily.williams95@myemail.org,"4465 Broadway, San Jose, FL 30675"
John D. Miller,john.miller88@mailservice.com,"912 Main St, Dallas, FL 12517"
John C. Brown,john.brown46@mailservice.com,"1034 Oak Dr, Philadelphia, NC 87890"
Emily A. Miller,emily.miller28@testmail.com,"5898 Broadway, Dallas, IL 41101"
Linda G. Martinez,linda.martinez78@testmail.com,"4993 Oak Dr, Chicago, OH 83498"
Jane J. Miller,jane.miller63@example.com,"8395 Sunset Blvd, New York, NC 57276"
Emily I. Johnson,emily.johnson71@mailservice.com,"4134 Sunset Blvd, Philadelphia, FL 19394"
Michael H. Williams,michael.williams50@testmail.com,"6602 Oak Dr, Dallas, CA 69925"
Emily E. Johnson,emily.johnson87@mailservice.com,"3598 Broadway, Philadelphia, PA 93283"
Jessica D. Martinez,jessica.martinez40@example.com,"6122 Maple Ave, San Antonio, CA 98786"
John D. Miller,john.miller72@fakemail.net,"2142 Main St, San Diego, NC 39100"
David A. Williams,david.williams98@testmail.com,"1256 2nd Ave, Dallas, GA 13589"
William B. Martinez,william.martinez70@example.com,"6048 Broadway, Philadelphia, PA 25730"
Robert H. Garcia,robert.garcia46@testmail.com,"4084 Willow Ln, Los Angeles, IL 27873"
Linda H. Garcia,linda.garcia38@testmail.com,"8465 Elm St, Philadelphia, PA 16749"
Sarah I. Williams,sarah.williams51@fakemail.net,"8847 Willow Ln, San Diego, GA 37232"
John D. Brown,john.brown96@myemail.org,"2128 Sunset Blvd, San Antonio, TX 19322"
Jane G. Rodriguez,jane.rodriguez19@myemail.org,"2207 Sunset Blvd, Phoenix, GA 18165"
Sarah G. Rodriguez,sarah.rodriguez98@example.com,"4559 Sunset Blvd, Dallas, NY 30346"
Sarah G. Jones,sarah.jones80@mailservice.com,"9959 Willow Ln, Houston, AZ 80033"
Jane D. Garcia,jane.garcia81@mailservice.com,"8653 2nd Ave, Dallas, PA 43949"
David I. Smith,david.smith72@testmail.com,"8342 Maple Ave, Los Angeles, FL 66495"
Michael B. Smith,michael.smith33@mailservice.com,"7877 2nd Ave, Chicago, AZ 89296"
Emily E. Jones,emily.jones24@mailservice.com,"3379 Maple Ave, Dallas, OH 63408"
Jessica A. Rodriguez,jessica.rodriguez90@testmail.com,"6432 Sunset Blvd, San Jose, TX 24742"
Jessica E. Jones,jessica.jones37@fakemail.net,"3861 Sunset Blvd, Phoenix, TX 56689"
Sarah B. Williams,sarah.williams13@fakemail.net,"6788 Pine St, Chicago, OH 30564"
Robert I. Johnson,robert.johnson69@example.com,"5029 Pine St, Los Angeles, GA 66358"
Sarah I. Brown,sarah.brown54@myemail.org,"6564 Sunset Blvd, Phoenix, GA 51127"
Michael A. Brown,michael.brown91@example.com,"6690 Oak Dr, San Diego, NY 92208"
John D. Garcia,john.garcia61@mailservice.com,"8444 Sunset Blvd, Phoenix, AZ 86364"
Robert A. Williams,robert.williams84@myemail.org,"1887 Broadway, Phoenix, TX 16263"
Emily C. Williams,emily.williams75@mailservice.com,"8035 Maple Ave, Dallas, OH 76660"
Michael J. Davis,michael.davis70@example.com,"150 Cedar Rd, Chicago, CA 82350"
Emily D. Rodriguez,emily.rodriguez11@mailservice.com,"6039 Willow Ln, New York, TX 68645"
Sarah  Miller,sarah.miller75@example.com,"1185 Oak Dr, San Jose, GA 62382"
William E. Jones,william.jones86@myemail.org,"1333 Elm St, Chicago, NC 10665"
Sarah F. Williams,sarah.williams96@myemail.org,"8294 Oak Dr, Los Angeles, IL 95274"
William F. Williams,william.williams87@fakemail.net,"4320 Sunset Blvd, Dallas, TX 74754"
Robert C. Jones,robert.jones92@example.com,"9912 Pine St, Houston, PA 23364"
Robert J. Brown,robert.brown49@mailservice.com,"9334 Pine St, Phoenix, OH 44268"
Jane A. Garcia,jane.garcia37@myemail.org,"1651 Cedar Rd, San Jose, NC 79995"
William B. Miller,william.miller84@fakemail.net,"9266 2nd Ave, Houston, CA 90517"
John A. Davis,john.davis87@myemail.org,"2339 Broadway, Chicago, GA 40873"
Michael B. Jones,michael.jones73@mailservice.com,"4253 Willow Ln, San Antonio, CA 41705"
Linda  Brown,linda.brown19@mailservice.com,"2036 Broadway, Philadelphia, NY 20427"
William C. Davis,william.davis91@mailservice.com,"1449 Oak Dr, San Antonio, NC 13452"
David F. Smith,david.smith84@myemail.org,"3610 Oak Dr, Los Angeles, AZ 28929"
William B. Jones,william.jones70@example.com,"1213 2nd Ave, Dallas, CA 80016"
John D. Garcia,john.garcia74@example.com,"3573 Maple Ave, New York, OH 28551"
David E. Jones,david.jones14@mailservice.com,"9142 Sunset Blvd, Chicago, NC 71117"
Jane I. Smith,jane.smith41@example.com,"2240 Maple Ave, San Antonio, AZ 29891"
John B. Garcia,john.garcia10@testmail.com,"7374 Cedar Rd, Phoenix, IL 70996"
Linda E. Williams,linda.williams98@myemail.org,"490 2nd Ave, Chicago, TX 31285"
Linda J. Jones,linda.jones85@myemail.org,"3922 Willow Ln, San Diego, AZ 94848"
Robert J. Johnson,robert.johnson25@testmail.com,"659 Broadway, Los Angeles, PA 38609"
William H. Jones,william.jones59@fakemail.net,"3703 Maple Ave, San Jose, NY 45667"
Jane D. Miller,jane.miller98@myemail.org,"5877 Broadway, New York, AZ 85278"
William H. Brown,william.brown55@mailservice.com,"6983 Broadway, San Antonio, NY 18923"
John E. Martinez,john.martinez95@example.com,"9474 2nd Ave, San Diego, NC 72960"
David H. Garcia,david.garcia37@example.com,"4789 2nd Ave, Los Angeles, FL 46106"
Emily C. Garcia,emily.garcia75@myemail.org,"2004 Pine St, New York, NC 55275"
Sarah B. Jones,sarah.jones61@mailservice.com,"9273 Main St, Los Angeles, TX 64432"
Jessica H. Martinez,jessica.martinez86@testmail.com,"1731 Cedar Rd, San Diego, NC 63994"
Robert C. Garcia,robert.garcia74@example.com,"2280 Willow Ln, San Jose, CA 20140"
Sarah C. Rodriguez,sarah.rodriguez13@example.com,"5972 Cedar Rd, Chicago, OH 53463"
John B. Brown,john.brown92@example.com,"5897 Maple Ave, Phoenix, PA 68521"
Emily  Brown,emily.brown78@mailservice.com,"2486 Broadway, Chicago, FL 25967"
Jane D. Williams,jane.williams32@example.com,"4903 Broadway, San Diego, AZ 34991"
Robert  Smith,robert.smith44@testmail.com,"6102 Cedar Rd, San Antonio, NY 33270"
Emily J. Smith,emily.smith25@testmail.com,"9921 Cedar Rd, San Antonio, CA 96326"
Sarah F. Jones,sarah.jones76@myemail.org,"6106 Main St, Houston, IL 53443"
Sarah J. Jones,sarah.jones40@mailservice.com,"236 Pine St, Houston, FL 44831"
Jane F. Jones,jane.jones88@fakemail.net,"6010 Pine St, Los Angeles, OH 99271"
Linda G. Miller,linda.miller32@fakemail.net,"4614 2nd Ave, Phoenix, FL 10690"
John J. Johnson,john.johnson66@fakemail.net,"7812 Oak Dr, Philadelphia, PA 21936"
Jane I. Rodriguez,jane.rodriguez39@example.com,"5907 Sunset Blvd, San Diego, OH 92407"
Emily D. Brown,emily.brown97@example.com,"3137 Broadway, New York, FL 55470"
Michael F. Smith,michael.smith10@fakemail.net,"6251 Broadway, Chicago, CA 75973"
Emily C. Davis,emily.davis88@fakemail.net,"4240 Broadway, Chicago, GA 38592"
John D. Smith,john.smith62@fakemail.net,"4968 Pine St, Houston, FL 67771"
Emily F. Garcia,emily.garcia87@testmail.com,"1246 Cedar Rd, Los Angeles, AZ 90638"
William H. Johnson,william.johnson38@fakemail.net,"6604 Sunset Blvd, Chicago, PA 48318"
Jessica H. Martinez,jessica.martinez43@testmail.com,"557 2nd Ave, Los Angeles, FL 39541"
Michael H. Garcia,michael.garcia44@fakemail.net,"5756 Main St, Philadelphia, NY 89028"
Jane  Jones,jane.jones21@myemail.org,"5693 2nd Ave, Philadelphia, IL 52939"
John B. Johnson,john.johnson67@testmail.com,"6037 Sunset Blvd, San Jose, IL 60553"
Linda B. Brown,linda.brown12@example.com,"7148 Willow Ln, Los Angeles, IL 21933"
Sarah A. Smith,sarah.smith79@fakemail.net,"9238 Broadway, Chicago, OH 44341"
David C. Jones,david.jones78@testmail.com,"4403 2nd Ave, Dallas, OH 22885"
Robert B. Johnson,robert.johnson40@mailservice.com,"912 Oak Dr, Dallas, GA 44546"
Jane B. Miller,jane.miller77@myemail.org,"5168 Pine St, New York, AZ 44407"
Sarah H. Rodriguez,sarah.rodriguez16@mailservice.com,"2671 Pine St, San Diego, CA 42887"
David B. Miller,david.miller20@myemail.org,"9401 Elm St, Houston, GA 85692"
Emily E. Rodriguez,emily.rodriguez12@mailservice.com,"7918 Broadway, San Antonio, CA 12591"
Sarah E. Davis,sarah.davis58@myemail.org,"6763 Elm St, Houston, PA 33883"
William A. Smith,william.smith90@example.com,"3929 Willow Ln, San Jose, IL 10372"
Jane G. Miller,jane.miller85@testmail.com,"7783 Pine St, San Antonio, GA 13460"
David B. Miller,david.miller71@example.com,"2771 Maple Ave, Phoenix, IL 91731"
Jane A. Davis,jane.davis18@myemail.org,"2202 Willow Ln, New York, OH 96305"
John I. Martinez,john.martinez26@myemail.org,"4282 Willow Ln, Los Angeles, CA 84264"
Robert J. Williams,robert.williams83@testmail.com,"1106 2nd Ave, San Jose, FL 99910"
Linda C. Miller,linda.miller30@fakemail.net,"6156 Oak Dr, Houston, TX 85506"
Linda C. Rodriguez,linda.rodriguez83@example.com,"1225 2nd Ave, San Jose, FL 72342"
Linda C. Brown,linda.brown82@example.com,"2286 Main St, San Jose, FL 76329"
Michael I. Garcia,michael.garcia89@example.com,"4462 Maple Ave, Los Angeles, FL 28893"
William F. Williams,william.williams69@mailservice.com,"7094 Willow Ln, Houston, CA 85649"
Jane  Rodriguez,jane.rodriguez35@fakemail.net,"6129 Willow Ln, Phoenix, GA 55089"
Robert A. Williams,robert.williams97@example.com,"3830 2nd Ave, Phoenix, AZ 13669"
Robert J. Miller,robert.miller77@testmail.com,"8190 Willow Ln, Chicago, GA 59222"
Michael G. Garcia,michael.garcia86@mailservice.com,"2371 Main St, San Jose, CA 87558"
Jessica B. Davis,jessica.davis34@fakemail.net,"5512 2nd Ave, New York, CA 47722"
Robert G. Miller,robert.miller31@fakemail.net,"2726 Maple Ave, Philadelphia, AZ 54711"
Linda B. Garcia,linda.garcia32@myemail.org,"3537 Cedar Rd, Los Angeles, CA 31064"
Linda E. Rodriguez,linda.rodriguez65@mailservice.com,"9623 2nd Ave, San Diego, AZ 39568"
John E. Brown,john.brown70@mailservice.com,"9372 Main St, Houston, GA 29455"
Emily A. Johnson,emily.johnson65@mailservice.com,"5316 Oak Dr, San Diego, PA 17009"
Linda H. Miller,linda.miller99@mailservice.com,"1598 Maple Ave, Chicago, FL 60624"
John C. Williams,john.williams10@testmail.com,"1427 Maple Ave, San Jose, AZ 17856"
David H. Brown,david.brown23@mailservice.com,"2414 Willow Ln, San Jose, AZ 10313"
David J. Miller,david.miller79@mailservice.com,"5204 Elm St, Phoenix, OH 25938"
John A. Davis,john.davis63@myemail.org,"2797 Main St, Dallas, PA 32574"
Michael F. Smith,michael.smith66@example.com,"4983 Sunset Blvd, Philadelphia, FL 56594"
William F. Miller,william.miller93@example.com,"7831 Pine St, New York, FL 88448"
William H. Rodriguez,william.rodriguez39@mailservice.com,"3272 2nd Ave, San Jose, OH 17132"
Jane E. Smith,jane.smith54@mailservice.com,"3871 Maple Ave, San Jose, OH 94993"
Sarah I. Martinez,sarah.martinez16@example.com,"4039 Broadway, Houston, FL 37970"
Michael D. Martinez,michael.martinez88@mailservice.com,"2367 Main St, San Diego, PA 16787"
Robert E. Smith,robert.smith95@mailservice.com,"3063 Willow Ln, Houston, NC 88387"
Jane  Smith,jane.smith26@example.com,"3354 Broadway, San Diego, FL 41494"
Emily H. Davis,emily.davis53@myemail.org,"5265 Oak Dr, Chicago, NC 88049"
Robert D. Miller,robert.miller89@myemail.org,"9196 2nd Ave, Los Angeles, CA 29964"
David J. Smith,david.smith15@fakemail.net,"9816 Maple Ave, Dallas, TX 99271"
Michael A. Brown,michael.brown25@mailservice.com,"1967 Sunset Blvd, Dallas, GA 32495"
Michael F. Johnson,michael.johnson75@fakemail.net,"3288 Main St, San Jose, AZ 15192"
David I. Brown,david.brown19@example.com,"4432 Pine St, San Jose, FL 43382"
Jane D. Davis,jane.davis10@myemail.org,"3044 Broadway, Chicago, OH 49246"
Jane C. Johnson,jane.johnson88@fakemail.net,"6187 Sunset Blvd, San Jose, NY 20418"
Michael F. Martinez,michael.martinez52@mailservice.com,"3018 Main St, Dallas, FL 94993"
Michael C. Miller,michael.miller44@testmail.com,"6947 Pine St, New York, OH 48937"
Sarah E. Davis,sarah.davis25@mailservice.com,"4692 Maple Ave, Dallas, PA 13414"
Jane C. Davis,jane.davis55@myemail.org,"1475 Broadway, Dallas, OH 50794"
Jessica F. Williams,jessica.williams16@fakemail.net,"8241 Willow Ln, San Diego, OH 32178"
David D. Jones,david.jones77@mailservice.com,"731 Oak Dr, San Jose, TX 57569"
David I. Jones,david.jones25@example.com,"6725 Pine St, Phoenix, IL 68340"
Robert G. Smith,robert.smith37@example.com,"8769 Oak Dr, Philadelphia, OH 76334"
John F. Brown,john.brown87@mailservice.com,"5453 Oak Dr, San Jose, FL 27551"
John D. Martinez,john.martinez89@fakemail.net,"1015 Cedar Rd, New York, OH 64076"
Sarah G. Jones,sarah.jones14@myemail.org,"3074 Sunset Blvd, Dallas, IL 47324"
Linda G. Jones,linda.jones76@mailservice.com,"786 Elm St, Chicago, NC 67995"
Robert A. Garcia,robert.garcia88@example.com,"6997 Oak Dr, Houston, NY 14345"
Linda I. Martinez,linda.martinez29@mailservice.com,"1247 2nd Ave, New York, CA 39143"
Robert J. Rodriguez,robert.rodriguez11@fakemail.net,"450 Oak Dr, Philadelphia, FL 82857"
Linda B. Davis,linda.davis55@example.com,"3217 Elm St, Houston, IL 80032"
Michael C. Davis,michael.davis93@fakemail.net,"974 2nd Ave, San Antonio, GA 64347"
Linda D. Brown,linda.brown18@myemail.org,"3687 Oak Dr, New York, CA 19188"
David C. Brown,david.brown90@example.com,"5894 2nd Ave, Dallas, PA 97576"
William F. Garcia,william.garcia14@fakemail.net,"6397 Elm St, Chicago, NC 21069"
Sarah J. Williams,sarah.williams21@example.com,"8021 2nd Ave, Philadelphia, OH 83856"
Michael G. Jones,michael.jones35@testmail.com,"6745 Pine St, Los Angeles, OH 71645"
Jane B. Davis,jane.davis37@example.com,"4320 Cedar Rd, San Antonio, PA 69821"
Robert  Garcia,robert.garcia56@example.com,"2794 Main St, Houston, AZ 53039"
William H. Johnson,william.johnson34@fakemail.net,"4751 Cedar Rd, Philadelphia, OH 70593"
Jessica G. Miller,jessica.miller43@mailservice.com,"2699 2nd Ave, Chicago, PA 20453"
David E. Williams,david.williams87@myemail.org,"6855 Pine St, Chicago, TX 60799"
Sarah  Williams,sarah.williams20@testmail.com,"1530 Elm St, Los Angeles, NC 44651"
Jane F. Jones,jane.jones30@fakemail.net,"6615 Sunset Blvd, San Diego, AZ 29829"
Jane D. Martinez,jane.martinez82@example.com,"8889 Cedar Rd, Dallas, FL 88657"
David B. Williams,david.williams95@mailservice.com,"3891 Sunset Blvd, San Jose, GA 53369"
William G. Davis,william.davis52@testmail.com,"4500 Maple Ave, San Jose, CA 48493"
Sarah B. Johnson,sarah.johnson34@mailservice.com,"7683 Willow Ln, San Jose, PA 85339"
William  Brown,william.brown96@myemail.org,"8311 Elm St, Dallas, GA 93758"
Emily F. Brown,emily.brown31@fakemail.net,"7134 Elm St, San Jose, TX 86477"
David H. Rodriguez,david.rodriguez64@testmail.com,"3054 2nd Ave, Los Angeles, FL 48865"
Sarah C. Williams,sarah.williams62@fakemail.net,"3319 Sunset Blvd, Phoenix, NC 92402"
Robert F. Davis,robert.davis14@mailservice.com,"755 Sunset Blvd, San Antonio, NC 37489"
Jessica C. Jones,jessica.jones71@fakemail.net,"9160 Main St, Philadelphia, NY 67714"
Sarah B. Brown,sarah.brown29@mailservice.com,"283 Cedar Rd, San Diego, PA 46591"
William J. Smith,william.smith91@fakemail.net,"7093 Pine St, Chicago, IL 96434"
Jane H. Brown,jane.brown29@mailservice.com,"2379 Pine St, San Antonio, CA 38213"
Sarah F. Williams,sarah.williams79@testmail.com,"9241 Sunset Blvd, Los Angeles, GA 64528"
David D. Martinez,david.martinez51@fakemail.net,"5801 Main St, San Diego, FL 57744"
John  Williams,john.williams61@myemail.org,"1987 Maple Ave, New York, PA 45412"
Jane H. Smith,jane.smith39@example.com,"3289 2nd Ave, Philadelphia, IL 39815"
John H. Smith,john.smith46@example.com,"3783 Sunset Blvd, San Diego, FL 69155"
Emily G. Brown,emily.brown31@myemail.org,"2518 Cedar Rd, Houston, TX 17182"
William H. Johnson,william.johnson68@fakemail.net,"9037 Oak Dr, Philadelphia, CA 32657"
William E. Williams,william.williams69@mailservice.com,"1060 2nd Ave, Chicago, PA 29784"
Michael A. Garcia,michael.garcia91@testmail.com,"7299 2nd Ave, Phoenix, AZ 94261"
John D. Brown,john.brown60@testmail.com,"4098 Cedar Rd, Los Angeles, PA 26007"
Jane A. Smith,jane.smith91@mailservice.com,"9860 Maple Ave, Los Angeles, FL 82398"
Sarah J. Johnson,sarah.johnson16@mailservice.com,"9879 Elm St, New York, AZ 96138"
Robert J. Smith,robert.smith77@fakemail.net,"1645 Maple Ave, San Diego, NY 10301"
David J. Rodriguez,david.rodriguez53@mailservice.com,"4472 Main St, New York, IL 84177"
Sarah  Davis,sarah.davis82@myemail.org,"4538 Elm St, Dallas, NY 50045"
Jessica A. Davis,jessica.davis14@myemail.org,"9297 2nd Ave, Dallas, PA 89790"
Michael D. Davis,michael.davis24@myemail.org,"8952 Cedar Rd, New York, GA 66138"
David J. Brown,david.brown29@myemail.org,"8196 Elm St, Houston, OH 42386"
Robert B. Rodriguez,robert.rodriguez38@myemail.org,"7545 Main St, San Jose, NY 35669"
John C. Davis,john.davis74@testmail.com,"8726 Elm St, Houston, NY 82607"
Michael I. Martinez,michael.martinez91@mailservice.com,"7575 Elm St, Los Angeles, OH 67961"
Sarah E. Miller,sarah.miller60@mailservice.com,"2615 Willow Ln, Houston, GA 99338"
Linda I. Johnson,linda.johnson52@example.com,"8889 2nd Ave, Los Angeles, NC 77142"
Jane A. Williams,jane.williams81@example.com,"7718 Broadway, San Diego, TX 18082"
Linda  Brown,linda.brown35@mailservice.com,"8516 Cedar Rd, Dallas, NC 51055"
David G. Jones,david.jones13@example.com,"1459 Broadway, San Antonio, TX 37626"
David G. Martinez,david.martinez81@fakemail.net,"5865 Maple Ave, New York, PA 61411"
Michael I. Jones,michael.jones23@mailservice.com,"9456 Willow Ln, Philadelphia, OH 53356"
William  Brown,william.brown33@myemail.org,"4745 Broadway, New York, CA 25094"
Robert D. Johnson,robert.johnson71@myemail.org,"2874 2nd Ave, Philadelphia, GA 53823"
Robert  Garcia,robert.garcia18@mailservice.com,"7003 Maple Ave, New York, TX 55969"
Sarah E. Garcia,sarah.garcia73@fakemail.net,"6453 Cedar Rd, New York, PA 47281"
Jessica F. Brown,jessica.brown54@example.com,"2288 Willow Ln, San Antonio, CA 85888"
Jane D. Williams,jane.williams45@mailservice.com,"7443 Oak Dr, Houston, FL 31485"
William D. Garcia,william.garcia54@testmail.com,"6613 Elm St, San Diego, GA 43324"
Emily C. Brown,emily.brown68@mailservice.com,"7853 Cedar Rd, New York, CA 38416"
Michael E. Davis,michael.davis85@mailservice.com,"8369 Willow Ln, San Jose, TX 10795"
Emily C. Davis,emily.davis25@mailservice.com,"9060 Willow Ln, Dallas, AZ 11000"
William C. Jones,william.jones58@myemail.org,"4305 Elm St, San Antonio, NY 84731"
David F. Williams,david.williams97@example.com,"4656 Willow Ln, Philadelphia, OH 90642"
Michael F. Rodriguez,michael.rodriguez22@mailservice.com,"7792 Broadway, Philadelphia, GA 52004"
Jane E. Brown,jane.brown90@myemail.org,"8196 2nd Ave, San Jose, GA 96576"
Emily H. Johnson,emily.johnson35@fakemail.net,"3444 Maple Ave, San Jose, NC 42620"
Sarah D. Martinez,sarah.martinez89@myemail.org,"1490 Sunset Blvd, Houston, NY 42925"
Emily D. Miller,emily.miller53@myemail.org,"9642 Pine St, Dallas, GA 91172"
Robert J. Miller,robert.miller41@fakemail.net,"8580 2nd Ave, San Diego, FL 26029"
John G. Johnson,john.johnson21@fakemail.net,"4352 Oak Dr, Dallas, AZ 90657"
Sarah J. Rodriguez,sarah.rodriguez33@testmail.com,"9710 Elm St, New York, OH 57870"
Jane B. Jones,jane.jones35@fakemail.net,"249 Broadway, Philadelphia, AZ 99375"
Jane H. Miller,jane.miller93@mailservice.com,"1582 Cedar Rd, Phoenix, NC 68645"
Emily E. Martinez,emily.martinez42@testmail.com,"9116 Main St, San Diego, TX 28929"
Jessica D. Williams,jessica.williams57@myemail.org,"4069 2nd Ave, San Jose, CA 24260"
William J. Smith,william.smith32@myemail.org,"1309 Main St, Chicago, CA 23475"
William J. Garcia,william.garcia42@example.com,"9165 Cedar Rd, Phoenix, TX 51819"
John C. Smith,john.smith48@fakemail.net,"5225 Elm St, Chicago, TX 43085"
William G. Miller,william.miller33@fakemail.net,"5732 Main St, San Diego, TX 88704"
Michael J. Williams,michael.williams43@fakemail.net,"7712 Maple Ave, Phoenix, TX 48862"
Jane G. Garcia,jane.garcia54@testmail.com,"434 Broadway, Dallas, NY 51646"
Sarah I. Rodriguez,sarah.rodriguez45@mailservice.com,"9536 Elm St, San Antonio, TX 86578"
Michael C. Davis,michael.davis33@example.com,"6584 Oak Dr, San Diego, AZ 69821"
Linda A. Williams,linda.williams96@mailservice.com,"7746 Oak Dr, Dallas, IL 73790"
Linda C. Garcia,linda.garcia20@example.com,"1338 Main St, Dallas, OH 99363"
David F. Brown,david.brown49@example.com,"3844 Willow Ln, San Diego, AZ 64025"
Robert I. Williams,robert.williams35@example.com,"211 Elm St, Los Angeles, IL 62994"
Emily C. Williams,emily.williams23@mailservice.com,"6575 Cedar Rd, Houston, OH 24104"
Linda C. Brown,linda.brown49@myemail.org,"8267 2nd Ave, Phoenix, AZ 21127"
David  Williams,david.williams49@mailservice.com,"5625 Cedar Rd, Phoenix, NC 28348"
David  Johnson,david.johnson81@fakemail.net,"3212 Elm St, Dallas, GA 89317"
Sarah J. Rodriguez,sarah.rodriguez37@mailservice.com,"2565 2nd Ave, Philadelphia, NY 13352"
William A. Johnson,william.johnson72@myemail.org,"7735 Elm St, Dallas, TX 55753"
William F. Smith,william.smith23@myemail.org,"2971 Oak Dr, Phoenix, TX 74526"
David H. Brown,david.brown64@myemail.org,"3038 Willow Ln, New York, GA 17907"
Linda A. Miller,linda.miller58@fakemail.net,"6671 Sunset Blvd, Dallas, OH 25090"
William C. Smith,william.smith21@myemail.org,"5271 Willow Ln, Phoenix, NC 69534"
Emily D. Williams,emily.williams11@fakemail.net,"2896 Cedar Rd, Phoenix, PA 36923"
Sarah F. Garcia,sarah.garcia57@example.com,"6696 Oak Dr, Dallas, AZ 77493"
Jessica J. Garcia,jessica.garcia73@testmail.com,"769 Oak Dr, Los Angeles, FL 37303"
Robert J. Williams,robert.williams26@fakemail.net,"2582 Pine St, Dallas, IL 44109"
Sarah E. Johnson,sarah.johnson78@myemail.org,"5797 Maple Ave, Phoenix, OH 47058"
John G. Martinez,john.martinez23@example.com,"2149 Maple Ave, San Jose, TX 78560"
Michael  Rodriguez,michael.rodriguez37@example.com,"4619 Cedar Rd, Dallas, NC 56966"
Sarah H. Miller,sarah.miller82@mailservice.com,"4289 Willow Ln, Phoenix, CA 35303"
Robert A. Davis,robert.davis54@mailservice.com,"2126 Oak Dr, Houston, NC 23725"
Emily C. Johnson,emily.johnson82@mailservice.com,"7236 2nd Ave, Los Angeles, NC 49902"
Emily C. Martinez,emily.martinez97@example.com,"7938 Oak Dr, Phoenix, FL 40067"
John E. Garcia,john.garcia18@myemail.org,"5320 Elm St, Phoenix, TX 99847"
Emily I. Miller,emily.miller98@mailservice.com,"8775 Cedar Rd, Philadelphia, GA 53602"
David H. Rodriguez,david.rodriguez30@example.com,"7009 Main St, Los Angeles, OH 44949"
Robert D. Rodriguez,robert.rodriguez14@myemail.org,"8240 Oak Dr, San Antonio, NY 78171"
David F. Garcia,david.garcia30@example.com,"7944 Cedar Rd, San Jose, PA 78456"
Jessica H. Martinez,jessica.martinez81@fakemail.net,"4462 Sunset Blvd, Phoenix, NC 57982"
Jessica H. Jones,jessica.jones19@testmail.com,"2724 Broadway, Phoenix, FL 62074"
Sarah B. Jones,sarah.jones99@myemail.org,"4165 Pine St, Philadelphia, AZ 95094"
Sarah B. Miller,sarah.miller27@myemail.org,"791 Main St, Los Angeles, IL 50863"
Sarah C. Smith,sarah.smith26@fakemail.net,"1872 Pine St, San Jose, FL 90884"
Sarah D. Martinez,sarah.martinez80@example.com,"1657 Oak Dr, New York, NY 58492"
Jane G. Brown,jane.brown61@example.com,"4244 Broadway, Houston, NY 30708"
Emily  Brown,emily.brown30@myemail.org,"3754 Oak Dr, Philadelphia, GA 35782"
David F. Davis,david.davis49@example.com,"743 Oak Dr, San Antonio, CA 26572"
John J. Jones,john.jones53@mailservice.com,"3818 Maple Ave, Philadelphia, AZ 59012"
Michael A. Garcia,michael.garcia40@testmail.com,"6996 2nd Ave, Houston, FL 29247"
John E. Martinez,john.martinez19@mailservice.com,"8544 Willow Ln, San Diego, IL 67888"
William D. Rodriguez,william.rodriguez88@myemail.org,"8984 Maple Ave, San Jose, IL 92852"
Michael E. Martinez,michael.martinez61@mailservice.com,"2351 Cedar Rd, San Diego, GA 89834"
John J. Jones,john.jones26@fakemail.net,"1103 Sunset Blvd, Houston, CA 82239"
Sarah B. Miller,sarah.miller15@fakemail.net,"6461 Main St, Chicago, FL 20072"
David I. Smith,david.smith91@fakemail.net,"1330 Elm St, San Jose, NC 71032"
David A. Jones,david.jones51@example.com,"5940 Main St, Dallas, NY 28890"
David B. Rodriguez,david.rodriguez64@example.com,"7197 Willow Ln, Chicago, NC 85629"
Michael J. Brown,michael.brown73@mailservice.com,"4295 Main St, Chicago, PA 45753"
Michael G. Martinez,michael.martinez30@myemail.org,"7768 Willow Ln, Dallas, TX 36043"
David A. Garcia,david.garcia30@example.com,"7535 Maple Ave, San Antonio, CA 50532"
William  Rodriguez,william.rodriguez31@mailservice.com,"6243 2nd Ave, San Jose, NC 98719"
Jane E. Davis,jane.davis83@fakemail.net,"2998 Pine St, Los Angeles, GA 66539"
John C. Johnson,john.johnson19@fakemail.net,"2276 Sunset Blvd, Chicago, OH 76276"
John C. Jones,john.jones11@mailservice.com,"6159 Broadway, Houston, IL 18269"
Linda E. Brown,linda.brown82@mailservice.com,"1936 Elm St, Dallas, NY 78808"
Michael I. Davis,michael.davis35@testmail.com,"1544 Cedar Rd, New York, NY 90618"
William  Martinez,william.martinez51@myemail.org,"8271 Oak Dr, San Diego, NC 42500"
David  Jones,david.jones80@testmail.com,"5767 Oak Dr, San Jose, CA 30305"
Emily I. Smith,emily.smith77@mailservice.com,"5607 Sunset Blvd, Los Angeles, GA 77694"
David G. Martinez,david.martinez32@mailservice.com,"4533 Sunset Blvd, San Jose, AZ 41101"
Robert A. Davis,robert.davis12@fakemail.net,"4957 Pine St, Houston, IL 77281"
John J. Martinez,john.martinez19@example.com,"2547 Sunset Blvd, New York, TX 33332"
David B. Miller,david.miller98@example.com,"3436 Maple Ave, Dallas, PA 59028"
Robert C. Garcia,robert.garcia97@myemail.org,"7264 Elm St, Philadelphia, NY 79419"
Sarah G. Jones,sarah.jones94@fakemail.net,"5212 2nd Ave, Phoenix, TX 85960"
Jane I. Johnson,jane.johnson48@testmail.com,"603 Main St, Houston, CA 42615"
John F. Smith,john.smith86@myemail.org,"239 Pine St, Philadelphia, NY 60862"
Jane F. Williams,jane.williams98@myemail.org,"1565 Sunset Blvd, Dallas, FL 57245"
David D. Rodriguez,david.rodriguez77@fakemail.net,"6613 Maple Ave, San Jose, CA 61620"
Jane C. Rodriguez,jane.rodriguez88@fakemail.net,"2698 Sunset Blvd, New York, CA 13800"
Linda C. Garcia,linda.garcia30@example.com,"2101 Cedar Rd, San Diego, OH 82307"
Robert A. Jones,robert.jones65@testmail.com,"4419 Elm St, San Jose, OH 50156"
Michael A. Garcia,michael.garcia38@example.com,"1911 Main St, San Jose, GA 13000"
Linda I. Williams,linda.williams72@fakemail.net,"2361 Pine St, San Jose, NC 24972"
Linda B. Martinez,linda.martinez77@example.com,"1563 Sunset Blvd, Philadelphia, TX 52047"
Jessica  Rodriguez,jessica.rodriguez54@mailservice.com,"877 Willow Ln, Phoenix, GA 27165"
Emily E. Garcia,emily.garcia86@example.com,"9068 Elm St, Houston, TX 94422"
David F. Williams,david.williams52@mailservice.com,"5996 Broadway, Philadelphia, NC 31901"
John A. Smith,john.smith53@testmail.com,"7816 Sunset Blvd, Chicago, IL 10352"
Jane I. Rodriguez,jane.rodriguez35@fakemail.net,"5235 Pine St, Los Angeles, NC 85202"
Linda H. Garcia,linda.garcia84@fakemail.net,"1945 Sunset Blvd, Philadelphia, AZ 56076"
William G. Jones,william.jones37@example.com,"6820 Main St, San Jose, OH 50741"
Michael F. Garcia,michael.garcia74@fakemail.net,"6157 Maple Ave, Houston, OH 54606"
Jessica G. Brown,jessica.brown85@mailservice.com,"903 Pine St, New York, OH 54914"
Linda I. Miller,linda.miller78@testmail.com,"8626 Sunset Blvd, Houston, GA 90420"
Sarah I. Davis,sarah.davis72@mailservice.com,"7178 Main St, San Jose, PA 18434"
William H. Garcia,william.garcia10@example.com,"6452 Elm St, Phoenix, CA 19350"
David J. Miller,david.miller94@example.com,"9098 Elm St, New York, AZ 86055"
Jessica F. Rodriguez,jessica.rodriguez85@fakemail.net,"571 Pine St, Chicago, TX 74668"
William I. Smith,william.smith13@example.com,"9058 2nd Ave, Dallas, OH 60276"
Jessica D. Jones,jessica.jones35@fakemail.net,"2631 Broadway, Chicago, CA 72011"
Jane A. Brown,jane.brown22@fakemail.net,"1838 Broadway, San Diego, NY 91685"
Jessica I. Brown,jessica.brown97@mailservice.com,"4492 Main St, Philadelphia, OH 66586"
Emily H. Johnson,emily.johnson65@example.com,"7818 Sunset Blvd, Dallas, NC 59640"
John G. Garcia,john.garcia55@myemail.org,"6072 Elm St, Philadelphia, NY 93577"
Michael A. Garcia,michael.garcia25@testmail.com,"7468 Broadway, Dallas, TX 64720"
David A. Johnson,david.johnson19@example.com,"2093 Maple Ave, San Antonio, OH 53511"
Michael B. Williams,michael.williams61@fakemail.net,"9449 Maple Ave, Phoenix, PA 38416"
Jane B. Johnson,jane.johnson87@testmail.com,"4361 Sunset Blvd, San Diego, PA 10135"
William E. Brown,william.brown24@example.com,"4159 Broadway, Chicago, GA 22246"
Emily H. Jones,emily.jones45@example.com,"2666 Sunset Blvd, New York, CA 37292"
Sarah D. Williams,sarah.williams80@fakemail.net,"2020 Pine St, San Jose, IL 15792"
Emily D. Martinez,emily.martinez21@testmail.com,"8621 Main St, San Diego, FL 88286"
Jessica E. Williams,jessica.williams54@fakemail.net,"7621 Main St, Chicago, NY 17971"
David I. Johnson,david.johnson65@mailservice.com,"9785 Elm St, San Antonio, AZ 88809"
Linda I. Williams,linda.williams98@example.com,"2877 Elm St, Dallas, NC 89762"
Linda C. Brown,linda.brown63@testmail.com,"9943 Maple Ave, Los Angeles, TX 57717"
John A. Miller,john.miller54@mailservice.com,"8162 Pine St, San Jose, AZ 82640"
Jessica J. Smith,jessica.smith56@testmail.com,"272 Oak Dr, Houston, IL 40663"
John J. Williams,john.williams40@myemail.org,"9636 2nd Ave, Los Angeles, NY 40857"
Emily J. Johnson,emily.johnson42@mailservice.com,"8631 Broadway, Phoenix, PA 53551"
Jane E. Rodriguez,jane.rodriguez52@fakemail.net,"4660 Maple Ave, Los Angeles, OH 68964"
David F. Miller,david.miller37@fakemail.net,"1576 Sunset Blvd, Philadelphia, IL 36316"
Linda A. Jones,linda.jones64@myemail.org,"8636 Oak Dr, Phoenix, CA 58282"
Robert I. Williams,robert.williams77@myemail.org,"1493 Sunset Blvd, San Jose, PA 19733"
Jessica I. Martinez,jessica.martinez34@myemail.org,"7394 Cedar Rd, Philadelphia, NC 16082"
Michael A. Williams,michael.williams86@fakemail.net,"8993 Pine St, San Diego, IL 80782"
David A. Smith,david.smith96@fakemail.net,"323 Pine St, Houston, CA 46624"
Emily I. Brown,emily.brown79@testmail.com,"1833 Maple Ave, San Antonio, IL 20571"
Robert E. Jones,robert.jones22@fakemail.net,"4754 Broadway, San Jose, GA 72722"
Robert G. Jones,robert.jones54@mailservice.com,"5039 Sunset Blvd, Houston, OH 41779"
John C. Martinez,john.martinez57@fakemail.net,"7756 Cedar Rd, San Jose, GA 57603"
Linda A. Davis,linda.davis97@myemail.org,"6433 Willow Ln, Los Angeles, OH 55215"
John D. Jones,john.jones64@mailservice.com,"5626 Main St, Philadelphia, NY 81044"
Jessica C. Jones,jessica.jones89@fakemail.net,"3297 Cedar Rd, Philadelphia, TX 30110"
Jane A. Brown,jane.brown71@example.com,"1429 Willow Ln, San Antonio, NY 11905"
David B. Johnson,david.johnson36@mailservice.com,"3926 Maple Ave, San Antonio, NC 78560"
David D. Garcia,david.garcia78@mailservice.com,"7328 Cedar Rd, New York, FL 88166"
John H. Miller,john.miller84@myemail.org,"3581 Oak Dr, Dallas, OH 89681"
Emily F. Smith,emily.smith24@myemail.org,"2752 Sunset Blvd, Phoenix, TX 17127"
Emily G. Davis,emily.davis66@example.com,"1838 Maple Ave, New York, IL 68952"
Jane I. Williams,jane.williams93@testmail.com,"5170 Cedar Rd, Philadelphia, IL 39493"
Linda J. Martinez,linda.martinez90@myemail.org,"6959 Pine St, San Antonio, CA 80144"
Sarah B. Martinez,sarah.martinez32@myemail.org,"3621 Oak Dr, Houston, IL 34920"
Robert  Smith,robert.smith61@myemail.org,"1476 Elm St, New York, TX 48796"
David J. Davis,david.davis77@example.com,"7202 Sunset Blvd, Dallas, CA 94722"
Michael B. Davis,michael.davis71@example.com,"484 Sunset Blvd, Houston, IL 60498"
John  Jones,john.jones31@example.com,"435 Pine St, San Antonio, FL 44044"
Sarah G. Jones,sarah.jones87@example.com,"2517 Oak Dr, Dallas, GA 54052"
Michael A. Davis,michael.davis79@testmail.com,"2704 Elm St, New York, FL 30770"
Jessica G. Miller,jessica.miller29@mailservice.com,"7281 Willow Ln, New York, TX 75748"
David A. Miller,david.miller58@example.com,"4461 Pine St, Dallas, CA 59494"
David  Rodriguez,david.rodriguez97@mailservice.com,"6487 Cedar Rd, San Antonio, PA 37292"
Robert E. Martinez,robert.martinez80@testmail.com,"5909 2nd Ave, San Jose, FL 15506"
Linda H. Jones,linda.jones97@example.com,"2047 2nd Ave, San Antonio, NC 21621"
David C. Davis,david.davis70@myemail.org,"2977 Sunset Blvd, San Diego, OH 97742"
John A. Martinez,john.martinez77@myemail.org,"8360 Oak Dr, Houston, NC 90841"
Emily C. Smith,emily.smith22@testmail.com,"5946 Elm St, Philadelphia, NY 34991"
David A. Martinez,david.martinez11@fakemail.net,"4556 Main St, Chicago, FL 47467"
Jessica C. Davis,jessica.davis23@example.com,"7641 Cedar Rd, New York, GA 56757"
Jessica E. Jones,jessica.jones90@testmail.com,"2835 Main St, San Antonio, NC 61639"
Emily  Davis,emily.davis58@mailservice.com,"4075 Broadway, Houston, GA 11534"
Michael C. Davis,michael.davis18@mailservice.com,"1404 Elm St, San Diego, TX 55373"
David E. Rodriguez,david.rodriguez36@testmail.com,"4076 Oak Dr, Phoenix, CA 84329"
Sarah G. Johnson,sarah.johnson26@fakemail.net,"9719 Cedar Rd, Chicago, NY 88570"
Linda D. Brown,linda.brown27@testmail.com,"1851 2nd Ave, Chicago, NY 80427"
Michael C. Jones,michael.jones80@fakemail.net,"3553 Willow Ln, Philadelphia, IL 15083"
William E. Johnson,william.johnson22@example.com,"2642 Maple Ave, Dallas, NC 97774"
Jessica H. Brown,jessica.brown55@testmail.com,"995 Broadway, Houston, PA 85317"
Robert D. Johnson,robert.johnson21@testmail.com,"5887 Oak Dr, Philadelphia, FL 97419"
Jane I. Davis,jane.davis32@fakemail.net,"8447 Cedar Rd, San Jose, TX 81957"
Linda  Martinez,linda.martinez61@testmail.com,"798 Oak Dr, Chicago, AZ 24919"
Jessica I. Garcia,jessica.garcia78@myemail.org,"3513 Pine St, Dallas, OH 97235"
Sarah C. Jones,sarah.jones38@mailservice.com,"7258 2nd Ave, San Antonio, NC 19638"
Emily A. Miller,emily.miller70@myemail.org,"8173 Broadway, Dallas, PA 49864"
Michael G. Williams,michael.williams12@testmail.com,"9302 Willow Ln, Dallas, NC 18217"
Michael A. Rodriguez,michael.rodriguez12@testmail.com,"465 Elm St, Phoenix, AZ 60202"
Linda F. Smith,linda.smith36@example.com,"3474 Sunset Blvd, Phoenix, FL 19495"
Emily I. Smith,emily.smith30@testmail.com,"4257 Oak Dr, Philadelphia, OH 10567"
Linda F. Rodriguez,linda.rodriguez57@mailservice.com,"4545 Sunset Blvd, Chicago, NC 40610"
John G. Johnson,john.johnson21@example.com,"5673 Oak Dr, New York, PA 40808"
Michael I. Smith,michael.smith60@mailservice.com,"3948 Sunset Blvd, Philadelphia, NY 92946"
John B. Johnson,john.johnson53@fakemail.net,"6910 2nd Ave, New York, NC 93310"
William I. Williams,william.williams41@myemail.org,"1518 Elm St, New York, TX 82633"
David B. Rodriguez,david.rodriguez73@myemail.org,"3666 Broadway, Philadelphia, PA 67670"
Jessica C. Miller,jessica.miller86@mailservice.com,"4704 2nd Ave, Dallas, NC 52126"
Jessica D. Rodriguez,jessica.rodriguez93@myemail.org,"3512 Cedar Rd, San Diego, GA 89348"
Sarah G. Johnson,sarah.johnson30@mailservice.com,"9359 Cedar Rd, New York, NC 43671"
Jane H. Williams,jane.williams27@example.com,"7136 Willow Ln, Houston, NC 60535"
Robert B. Martinez,robert.martinez80@testmail.com,"661 Broadway, Los Angeles, PA 31198"
Michael F. Smith,michael.smith83@myemail.org,"8438 Broadway, Philadelphia, GA 39660"
John A. Miller,john.miller52@testmail.com,"6516 2nd Ave, Houston, IL 80664"
Emily E. Martinez,emily.martinez63@testmail.com,"2676 Elm St, Los Angeles, NC 12112"
William I. Jones,william.jones93@example.com,"8520 Pine St, San Diego, OH 11096"
William D. Davis,william.davis41@testmail.com,"4471 Sunset Blvd, Phoenix, OH 86398"
William A. Rodriguez,william.rodriguez97@myemail.org,"1733 2nd Ave, San Jose, CA 45269"
Linda I. Williams,linda.williams59@mailservice.com,"1176 Pine St, Chicago, NC 40818"
Jessica G. Miller,jessica.miller22@testmail.com,"870 Willow Ln, Dallas, IL 37332"
Emily H. Miller,emily.miller17@mailservice.com,"3792 Sunset Blvd, San Jose, AZ 29374"
Robert J. Williams,robert.williams77@testmail.com,"9806 Broadway, Phoenix, TX 91837"
Linda D. Rodriguez,linda.rodriguez46@myemail.org,"2121 2nd Ave, San Diego, TX 61583"
Michael C. Brown,michael.brown12@mailservice.com,"3387 2nd Ave, Phoenix, CA 29497"
Jane B. Miller,jane.miller32@myemail.org,"7315 Elm St, Chicago, FL 87682"
Sarah D. Rodriguez,sarah.rodriguez23@fakemail.net,"8037 Main St, New York, GA 28686"
David J. Smith,david.smith90@myemail.org,"2239 Elm St, Dallas, NC 51166"
Linda H. Rodriguez,linda.rodriguez69@testmail.com,"1704 Pine St, Dallas, OH 31836"
Robert I. Johnson,robert.johnson31@fakemail.net,"4372 Elm St, Philadelphia, NY 66133"
William E. Smith,william.smith24@mailservice.com,"3048 Pine St, New York, IL 79403"
Sarah H. Jones,sarah.jones45@mailservice.com,"3389 Main St, Chicago, OH 24611"
Linda D. Davis,linda.davis10@fakemail.net,"1693 Pine St, San Diego, PA 82610"
Jessica  Williams,jessica.williams62@fakemail.net,"7619 2nd Ave, Houston, AZ 91955"
John D. Garcia,john.garcia85@example.com,"9281 Oak Dr, New York, OH 57113"
Sarah B. Johnson,sarah.johnson53@example.com,"706 2nd Ave, New York, NC 54657"
Jane H. Williams,jane.williams99@example.com,"3085 Pine St, Los Angeles, FL 28897"
Jane B. Jones,jane.jones27@testmail.com,"9455 Pine St, San Antonio, NC 64967"
Emily H. Brown,emily.brown54@example.com,"7141 2nd Ave, New York, NY 78617"
Michael A. Brown,michael.brown92@mailservice.com,"3530 Sunset Blvd, Phoenix, NY 51547"
Jane I. Johnson,jane.johnson84@testmail.com,"4769 Sunset Blvd, San Diego, NY 35913"
David D. Rodriguez,david.rodriguez57@mailservice.com,"748 Maple Ave, Philadelphia, GA 73662"
John I. Johnson,john.johnson72@fakemail.net,"840 Cedar Rd, Philadelphia, NC 78461"
Jessica D. Smith,jessica.smith34@testmail.com,"4816 Sunset Blvd, Chicago, PA 88657"
Linda D. Garcia,linda.garcia58@fakemail.net,"8024 2nd Ave, Philadelphia, FL 60808"
Michael G. Johnson,michael.johnson10@myemail.org,"2364 Pine St, Phoenix, TX 55541"
Jane D. Martinez,jane.martinez72@example.com,"8898 Willow Ln, New York, CA 34046"
Emily D. Williams,emily.williams52@myemail.org,"4860 Main St, San Jose, AZ 96974"
Michael G. Smith,michael.smith86@fakemail.net,"2887 Willow Ln, Houston, IL 86766"
Jane E. Williams,jane.williams82@fakemail.net,"1072 Sunset Blvd, New York, FL 43766"
Linda E. Garcia,linda.garcia74@mailservice.com,"3963 Pine St, Philadelphia, FL 29121"
Jane A. Brown,jane.brown82@example.com,"3976 Broadway, Dallas, TX 21833"
John F. Davis,john.davis72@testmail.com,"5750 Sunset Blvd, Dallas, PA 87838"
Jessica A. Garcia,jessica.garcia76@myemail.org,"5593 Willow Ln, Houston, OH 56418"
Jessica A. Davis,jessica.davis47@mailservice.com,"571 Broadway, Houston, FL 91713"
David B. Rodriguez,david.rodriguez79@example.com,"8983 Elm St, San Diego, NC 29465"
William A. Rodriguez,william.rodriguez75@testmail.com,"4391 Oak Dr, Houston, NC 82214"
David H. Williams,david.williams11@fakemail.net,"3657 Sunset Blvd, San Diego, IL 55751"
Jessica  Davis,jessica.davis75@fakemail.net,"3578 Pine St, San Jose, NC 75110"
Jessica H. Johnson,jessica.johnson34@fakemail.net,"3761 Sunset Blvd, Chicago, CA 92613"
William  Jones,william.jones78@example.com,"5808 Willow Ln, Chicago, FL 43498"
William C. Smith,william.smith47@myemail.org,"1027 2nd Ave, New York, NY 89046"
Michael A. Jones,michael.jones31@mailservice.com,"8418 Main St, New York, CA 69654"
David F. Williams,david.williams91@testmail.com,"9108 Pine St, Chicago, TX 75407"
Jane J. Brown,jane.brown51@fakemail.net,"867 Elm St, Houston, OH 25542"
David  Garcia,david.garcia77@myemail.org,"2630 Pine St, Los Angeles, NC 30100"
Robert A. Smith,robert.smith42@myemail.org,"798 Pine St, Los Angeles, AZ 45694"
Linda C. Johnson,linda.johnson84@myemail.org,"2873 Sunset Blvd, San Diego, AZ 78069"
Emily G. Brown,emily.brown16@mailservice.com,"6030 Willow Ln, Dallas, FL 76890"
John  Garcia,john.garcia36@myemail.org,"5015 Main St, Philadelphia, AZ 93547"
Robert J. Johnson,robert.johnson97@example.com,"643 Broadway, Phoenix, TX 43401"
Robert D. Rodriguez,robert.rodriguez70@mailservice.com,"4757 Oak Dr, Dallas, OH 15197"
Linda  Jones,linda.jones84@myemail.org,"2292 Cedar Rd, Los Angeles, OH 95474"
David J. Williams,david.williams88@myemail.org,"4393 Elm St, Houston, IL 19038"
Jessica E. Johnson,jessica.johnson74@fakemail.net,"5929 Cedar Rd, San Jose, OH 78782"
Michael A. Williams,michael.williams92@fakemail.net,"7482 2nd Ave, New York, AZ 86090"
David H. Smith,david.smith42@fakemail.net,"7837 Willow Ln, San Diego, NY 21053"
Jane G. Williams,jane.williams77@fakemail.net,"2062 Willow Ln, San Antonio, OH 93533"
Linda A. Rodriguez,linda.rodriguez83@fakemail.net,"2970 Maple Ave, Dallas, CA 70859"
Emily D. Miller,emily.miller27@fakemail.net,"949 Maple Ave, San Jose, NY 13896"
Emily F. Williams,emily.williams12@example.com,"1156 Elm St, Chicago, NY 30128"
Michael J. Williams,michael.williams75@example.com,"7112 Oak Dr, San Antonio, TX 85376"
Emily J. Johnson,emily.johnson22@fakemail.net,"5719 Oak Dr, New York, NC 74072"
Robert E. Miller,robert.miller36@example.com,"2327 2nd Ave, New York, PA 92258"
Jessica H. Garcia,jessica.garcia33@example.com,"9226 Pine St, Los Angeles, GA 91963"
Linda  Williams,linda.williams69@testmail.com,"7332 Main St, New York, AZ 81134"
William G. Martinez,william.martinez90@example.com,"3133 Willow Ln, Houston, NC 88434"
Jane B. Jones,jane.jones18@example.com,"2679 Pine St, Phoenix, IL 42959"
Sarah G. Smith,sarah.smith72@fakemail.net,"5142 Elm St, Philadelphia, PA 64512"
Michael I. Miller,michael.miller15@myemail.org,"6557 Sunset Blvd, Houston, FL 16371"
David H. Brown,david.brown59@myemail.org,"1753 2nd Ave, New York, IL 72686"
Sarah B. Jones,sarah.jones64@example.com,"254 Oak Dr, Phoenix, CA 59851"
Robert H. Williams,robert.williams65@myemail.org,"2274 Oak Dr, San Jose, TX 83598"
John H. Martinez,john.martinez20@mailservice.com,"1238 Elm St, San Antonio, TX 13543"
Linda F. Williams,linda.williams45@testmail.com,"7619 Pine St, Houston, NY 84053"
Jessica H. Brown,jessica.brown28@testmail.com,"8880 Cedar Rd, San Diego, GA 78631"
Linda  Martinez,linda.martinez78@mailservice.com,"4876 Cedar Rd, Los Angeles, NY 90440"
Michael I. Jones,michael.jones62@example.com,"2843 Willow Ln, San Jose, FL 97989"
Jessica F. Miller,jessica.miller11@example.com,"889 Main St, Houston, TX 46902"
Michael J. Jones,michael.jones67@example.com,"7868 Pine St, San Diego, GA 88847"
John I. Garcia,john.garcia18@myemail.org,"1641 Main St, Houston, TX 80169"
Robert F. Brown,robert.brown34@example.com,"9397 Main St, New York, FL 15181"
Jessica E. Rodriguez,jessica.rodriguez48@mailservice.com,"3157 Willow Ln, Phoenix, AZ 40132"
Emily F. Davis,emily.davis85@mailservice.com,"600 Main St, Philadelphia, AZ 75104"
Robert D. Brown,robert.brown22@fakemail.net,"2943 Broadway, Phoenix, TX 46884"
John F. Miller,john.miller82@example.com,"3575 2nd Ave, Philadelphia, AZ 80251"
Emily E. Jones,emily.jones90@fakemail.net,"7325 Elm St, San Diego, CA 16199"
Jessica E. Johnson,jessica.johnson72@mailservice.com,"8478 Willow Ln, Phoenix, PA 99530"
Jessica J. Miller,jessica.miller41@fakemail.net,"8686 Maple Ave, Phoenix, AZ 20258"
Emily C. Jones,emily.jones14@fakemail.net,"277 Oak Dr, San Diego, FL 41880"
John F. Rodriguez,john.rodriguez64@testmail.com,"7931 Oak Dr, Chicago, PA 68326"
Robert I. Brown,robert.brown31@example.com,"4394 Maple Ave, Dallas, GA 58539"
Jessica F. Williams,jessica.williams71@testmail.com,"6937 Broadway, Houston, IL 16668"
William C. Jones,william.jones49@fakemail.net,"3873 Maple Ave, San Antonio, PA 74852"
Michael F. Smith,michael.smith17@mailservice.com,"5440 Willow Ln, Philadelphia, NC 28761"
John I. Williams,john.williams12@myemail.org,"3550 Cedar Rd, San Jose, CA 51782"
Jessica  Johnson,jessica.johnson37@mailservice.com,"3508 Broadway, San Jose, NC 76384"
William E. Johnson,william.johnson32@testmail.com,"3326 Elm St, Phoenix, IL 90019"
Emily C. Smith,emily.smith94@myemail.org,"9285 Elm St, San Jose, AZ 41745"
Linda G. Miller,linda.miller94@example.com,"5098 Oak Dr, Philadelphia, OH 68747"
Emily C. Davis,emily.davis67@myemail.org,"6562 Willow Ln, Dallas, NC 32480"
Michael D. Rodriguez,michael.rodriguez45@fakemail.net,"8797 Pine St, San Diego, AZ 61317"
John  Johnson,john.johnson94@fakemail.net,"4425 Main St, Houston, TX 17614"
Jane J. Miller,jane.miller77@example.com,"8624 Pine St, New York, OH 40139"
Jane G. Rodriguez,jane.rodriguez20@myemail.org,"9072 Willow Ln, Philadelphia, GA 36067"
David E. Miller,david.miller25@myemail.org,"361 Elm St, Houston, CA 79959"
Emily  Garcia,emily.garcia30@mailservice.com,"8728 Pine St, San Jose, GA 58908"
Jessica A. Martinez,jessica.martinez99@example.com,"5481 Cedar Rd, Phoenix, OH 93982"
Jessica A. Williams,jessica.williams99@example.com,"7574 Main St, Phoenix, TX 63325"
Emily E. Williams,emily.williams57@myemail.org,"7639 Pine St, New York, CA 61124"
David A. Johnson,david.johnson41@myemail.org,"9730 Sunset Blvd, Philadelphia, NY 94524"
Michael I. Miller,michael.miller46@fakemail.net,"1537 Oak Dr, Phoenix, NY 59102"
William H. Martinez,william.martinez26@testmail.com,"2881 Willow Ln, San Jose, CA 10106"
William C. Brown,william.brown21@testmail.com,"4166 Sunset Blvd, San Jose, TX 49500"
Jane C. Jones,jane.jones15@example.com,"4812 Oak Dr, Los Angeles, CA 78971"
Jane H. Williams,jane.williams20@fakemail.net,"4286 Main St, Phoenix, OH 58533"
Sarah E. Jones,sarah.jones25@myemail.org,"5135 Cedar Rd, San Jose, CA 16060"
Jessica C. Miller,jessica.miller30@mailservice.com,"3429 Oak Dr, Phoenix, GA 12932"
Linda G. Williams,linda.williams63@myemail.org,"7689 2nd Ave, San Antonio, GA 19305"
Jessica B. Rodriguez,jessica.rodriguez65@testmail.com,"2525 Main St, Dallas, CA 88516"
Sarah H. Jones,sarah.jones49@example.com,"5095 Willow Ln, Phoenix, PA 31819"
John F. Garcia,john.garcia33@testmail.com,"2384 2nd Ave, San Diego, OH 58839"
Michael H. Jones,michael.jones72@testmail.com,"1794 Broadway, Houston, NY 62919"
Linda B. Williams,linda.williams13@example.com,"7424 Oak Dr, Los Angeles, PA 79776"
William F. Davis,william.davis44@example.com,"1330 Sunset Blvd, Philadelphia, GA 50305"
Michael J. Jones,michael.jones92@mailservice.com,"2510 2nd Ave, Philadelphia, FL 48056"
Jessica D. Williams,jessica.williams26@fakemail.net,"9797 Broadway, San Jose, FL 54984"
Jessica F. Miller,jessica.miller19@mailservice.com,"7252 Pine St, San Antonio, NY 96272"
Linda D. Smith,linda.smith92@myemail.org,"6258 Pine St, Los Angeles, NY 56463"
Emily C. Davis,emily.davis43@mailservice.com,"6784 Sunset Blvd, Philadelphia, FL 35426"
Michael C. Martinez,michael.martinez26@myemail.org,"9910 Oak Dr, San Antonio, FL 34735"
John I. Davis,john.davis41@testmail.com,"7845 Main St, Dallas, PA 73868"
John H. Jones,john.jones71@example.com,"8165 Sunset Blvd, New York, NY 82199"
David A. Martinez,david.martinez52@example.com,"5502 Cedar Rd, San Antonio, AZ 49745"
Michael H. Jones,michael.jones78@fakemail.net,"4354 2nd Ave, Dallas, NC 12056"
Jane G. Martinez,jane.martinez95@testmail.com,"598 Maple Ave, Dallas, FL 38488"
Jane  Williams,jane.williams78@testmail.com,"4843 Cedar Rd, Chicago, NY 73501"
Robert I. Jones,robert.jones43@mailservice.com,"4125 Elm St, Dallas, PA 12924"
Michael D. Martinez,michael.martinez24@testmail.com,"2854 Cedar Rd, San Jose, NY 65655"
Robert A. Jones,robert.jones28@mailservice.com,"9420 Main St, Houston, NC 59456"
John A. Miller,john.miller72@mailservice.com,"1144 Cedar Rd, New York, IL 91070"
Robert D. Rodriguez,robert.rodriguez56@fakemail.net,"6545 Sunset Blvd, Phoenix, OH 56772"
William G. Smith,william.smith51@mailservice.com,"1462 Cedar Rd, San Antonio, PA 85769"
Michael B. Martinez,michael.martinez74@myemail.org,"3506 2nd Ave, Los Angeles, NC 75921"
David C. Smith,david.smith84@mailservice.com,"7990 Sunset Blvd, San Jose, CA 90171"
John H. Garcia,john.garcia52@myemail.org,"9801 Willow Ln, Philadelphia, FL 42727"
Jane B. Miller,jane.miller52@fakemail.net,"6900 Oak Dr, San Jose, GA 28667"
Linda C. Miller,linda.miller66@myemail.org,"1934 Oak Dr, New York, FL 97419"
John A. Martinez,john.martinez46@example.com,"3836 Maple Ave, San Diego, TX 12413"
Robert H. Smith,robert.smith22@myemail.org,"9134 Main St, Philadelphia, NY 90958"
John  Smith,john.smith97@mailservice.com,"9143 2nd Ave, San Antonio, GA 77438"
David A. Williams,david.williams78@mailservice.com,"4189 Maple Ave, Chicago, IL 86766"
Jane E. Jones,jane.jones15@mailservice.com,"939 Willow Ln, Los Angeles, PA 28889"
Robert G. Johnson,robert.johnson98@myemail.org,"7861 Cedar Rd, San Antonio, IL 81074"
Jane I. Johnson,jane.johnson25@mailservice.com,"7120 Main St, Chicago, NY 34710"
Sarah  Jones,sarah.jones37@example.com,"5481 Cedar Rd, San Diego, CA 12935"
Robert  Davis,robert.davis10@example.com,"942 2nd Ave, Dallas, TX 95857"
Jane B. Davis,jane.davis15@mailservice.com,"1683 Sunset Blvd, Phoenix, AZ 67878"
Jane F. Davis,jane.davis43@testmail.com,"6633 Sunset Blvd, Houston, CA 90429"
David G. Miller,david.miller81@mailservice.com,"4738 Broadway, Dallas, GA 13000"
Emily F. Martinez,emily.martinez50@fakemail.net,"8710 Cedar Rd, San Antonio, OH 58370"
William A. Williams,william.williams56@example.com,"2048 Broadway, Philadelphia, AZ 31844"
Linda J. Miller,linda.miller26@mailservice.com,"4431 Broadway, Houston, PA 24038"
John D. Garcia,john.garcia72@fakemail.net,"1518 Broadway, Houston, IL 26805"
David I. Martinez,david.martinez84@fakemail.net,"7113 Sunset Blvd, San Diego, NC 41494"
Sarah E. Brown,sarah.brown95@testmail.com,"7174 Main St, New York, NY 45015"
Jane A. Smith,jane.smith17@example.com,"4438 Pine St, San Diego, NY 41107"
Linda E. Garcia,linda.garcia41@fakemail.net,"6259 Pine St, Houston, IL 17624"
David I. Jones,david.jones33@fakemail.net,"4640 Main St, New York, GA 29490"
Sarah G. Brown,sarah.brown83@myemail.org,"449 Pine St, San Antonio, AZ 15328"
William J. Brown,william.brown34@testmail.com,"5680 Maple Ave, New York, OH 98708"
Michael J. Williams,michael.williams69@example.com,"575 2nd Ave, Houston, AZ 49355"
Linda  Johnson,linda.johnson16@example.com,"719 Willow Ln, Dallas, GA 39227"
John A. Williams,john.williams64@testmail.com,"1723 Broadway, Los Angeles, GA 66784"
John C. Johnson,john.johnson41@myemail.org,"9282 Pine St, San Diego, AZ 15746"
Robert C. Rodriguez,robert.rodriguez97@myemail.org,"254 Elm St, Phoenix, IL 66906"
Sarah H. Miller,sarah.miller69@myemail.org,"1549 Broadway, San Antonio, CA 32199"
Linda H. Miller,linda.miller93@example.com,"9004 Sunset Blvd, Chicago, GA 12653"
David E. Garcia,david.garcia63@testmail.com,"9365 Elm St, Phoenix, NY 78134"
Robert E. Brown,robert.brown70@myemail.org,"8555 Pine St, San Diego, TX 48260"
Linda G. Smith,linda.smith36@myemail.org,"5984 Main St, San Antonio, GA 42503"
William C. Brown,william.brown40@mailservice.com,"7828 Oak Dr, New York, GA 31648"
John G. Martinez,john.martinez20@fakemail.net,"4652 Oak Dr, Chicago, NY 75550"
William H. Garcia,william.garcia79@fakemail.net,"5214 Maple Ave, Chicago, NY 80604"
Robert B. Jones,robert.jones57@testmail.com,"6133 2nd Ave, Dallas, GA 12531"
David G. Martinez,david.martinez61@fakemail.net,"7153 Oak Dr, New York, IL 92159"
Michael F. Smith,michael.smith91@testmail.com,"9538 Sunset Blvd, San Diego, NC 13150"
Jessica A. Williams,jessica.williams13@testmail.com,"501 2nd Ave, Houston, IL 84584"
John H. Williams,john.williams29@example.com,"6078 Oak Dr, Phoenix, CA 45191"
David C. Williams,david.williams19@myemail.org,"5823 Oak Dr, San Jose, CA 53142"
David B. Rodriguez,david.rodriguez75@mailservice.com,"6631 Maple Ave, San Antonio, GA 24339"
Jessica G. Smith,jessica.smith67@mailservice.com,"6081 Pine St, San Jose, CA 15721"
Michael C. Rodriguez,michael.rodriguez49@myemail.org,"1702 Elm St, Philadelphia, FL 57214"
Emily C. Rodriguez,emily.rodriguez90@example.com,"8011 Sunset Blvd, San Diego, NC 48383"
Jessica F. Johnson,jessica.johnson86@testmail.com,"557 Main St, San Antonio, AZ 81012"
John G. Williams,john.williams28@myemail.org,"3571 Main St, San Diego, AZ 70018"
Jane F. Garcia,jane.garcia24@mailservice.com,"4779 Broadway, Dallas, CA 56938"
Sarah F. Miller,sarah.miller32@myemail.org,"4395 2nd Ave, New York, FL 17707"
Jessica A. Davis,jessica.davis35@myemail.org,"6038 Elm St, New York, IL 27556"
Jane D. Jones,jane.jones68@myemail.org,"8242 Elm St, Dallas, NY 49393"
Linda F. Davis,linda.davis69@myemail.org,"2224 Broadway, San Diego, GA 28972"
Jane G. Johnson,jane.johnson89@myemail.org,"5846 Broadway, Phoenix, PA 33685"
Jessica J. Rodriguez,jessica.rodriguez68@example.com,"5066 Willow Ln, Philadelphia, NC 12239"
William G. Johnson,william.johnson44@myemail.org,"6502 Cedar Rd, Los Angeles, AZ 89837"
Jane H. Garcia,jane.garcia94@testmail.com,"3670 Cedar Rd, Houston, PA 17127"
Robert H. Williams,robert.williams29@example.com,"442 2nd Ave, Houston, NC 18015"
Jessica C. Rodriguez,jessica.rodriguez77@fakemail.net,"2113 Pine St, Los Angeles, CA 88595"
David F. Jones,david.jones67@mailservice.com,"9635 2nd Ave, Philadelphia, GA 52910"
Jane H. Brown,jane.brown15@mailservice.com,"4555 2nd Ave, Houston, PA 90493"
Linda A. Williams,linda.williams17@testmail.com,"6502 Main St, San Antonio, OH 96952"
Sarah J. Johnson,sarah.johnson35@myemail.org,"7799 Sunset Blvd, Philadelphia, CA 35797"
David A. Garcia,david.garcia96@testmail.com,"8217 2nd Ave, San Jose, FL 65290"
Jane I. Smith,jane.smith59@myemail.org,"8971 Maple Ave, Dallas, GA 70810"
Michael E. Johnson,michael.johnson27@mailservice.com,"611 Pine St, San Diego, CA 64855"
Jessica B. Miller,jessica.miller43@testmail.com,"8343 Pine St, Chicago, CA 20874"
William I. Brown,william.brown74@myemail.org,"2679 Willow Ln, San Jose, FL 76263"
William D. Williams,william.williams42@example.com,"1078 2nd Ave, Los Angeles, FL 40556"
Jessica D. Jones,jessica.jones71@testmail.com,"4298 Oak Dr, San Diego, NY 70002"
Jane C. Jones,jane.jones72@example.com,"5402 Broadway, San Antonio, TX 58681"
Jane I. Davis,jane.davis63@myemail.org,"4813 Willow Ln, San Antonio, NY 43698"
Sarah I. Davis,sarah.davis62@testmail.com,"2717 Cedar Rd, Chicago, PA 85819"
Emily F. Davis,emily.davis79@mailservice.com,"1248 Broadway, New York, TX 39541"
William F. Jones,william.jones31@example.com,"4172 Main St, New York, GA 17152"
David H. Miller,david.miller78@mailservice.com,"6267 Willow Ln, Phoenix, IL 85876"
John G. Garcia,john.garcia33@fakemail.net,"6605 Main St, New York, OH 17954"
David J. Davis,david.davis26@myemail.org,"1309 Pine St, San Antonio, NC 13150"
Michael F. Davis,michael.davis54@myemail.org,"1122 Cedar Rd, San Jose, CA 38589"
Emily D. Davis,emily.davis53@example.com,"8940 Elm St, Philadelphia, AZ 84567"
Jessica I. Miller,jessica.miller89@example.com,"3135 Sunset Blvd, Philadelphia, NY 44796"
Michael C. Jones,michael.jones70@mailservice.com,"3512 Oak Dr, Philadelphia, AZ 59707"
John D. Williams,john.williams25@fakemail.net,"7809 Sunset Blvd, Dallas, IL 85202"
David F. Davis,david.davis92@mailservice.com,"1515 Pine St, Phoenix, AZ 47484"
Michael J. Brown,michael.brown40@testmail.com,"4878 Maple Ave, Phoenix, IL 92732"
William J. Rodriguez,william.rodriguez96@mailservice.com,"3284 Cedar Rd, Philadelphia, NC 38658"
William  Garcia,william.garcia49@mailservice.com,"1404 Cedar Rd, San Antonio, OH 16874"
Jessica D. Johnson,jessica.johnson93@fakemail.net,"3797 Maple Ave, San Jose, NY 46106"
Linda E. Miller,linda.miller65@mailservice.com,"2153 Elm St, New York, FL 50495"
Sarah B. Miller,sarah.miller55@example.com,"7010 Cedar Rd, Dallas, IL 61319"
Jane  Davis,jane.davis32@testmail.com,"1230 Elm St, Phoenix, NC 73427"
Linda D. Miller,linda.miller20@fakemail.net,"1551 2nd Ave, Chicago, AZ 66510"
Jane D. Garcia,jane.garcia28@myemail.org,"8881 Main St, Phoenix, CA 12963"
Emily A. Johnson,emily.johnson65@testmail.com,"400 Main St, San Diego, FL 40868"
Jessica A. Miller,jessica.miller17@myemail.org,"8262 Sunset Blvd, Houston, GA 14310"
Robert B. Johnson,robert.johnson14@fakemail.net,"454 Broadway, San Antonio, TX 21705"
Robert A. Smith,robert.smith31@testmail.com,"5382 Maple Ave, San Jose, OH 89616"
John G. Davis,john.davis70@myemail.org,"3605 Pine St, Chicago, PA 31265"
William  Martinez,william.martinez39@mailservice.com,"8505 Oak Dr, New York, CA 17828"
William J. Johnson,william.johnson51@mailservice.com,"9640 Sunset Blvd, San Antonio, OH 76689"
Linda F. Davis,linda.davis57@mailservice.com,"8700 Main St, Phoenix, AZ 53793"
Jane J. Williams,jane.williams47@fakemail.net,"2984 Oak Dr, Houston, NY 63499"
Robert C. Jones,robert.jones22@example.com,"3342 Maple Ave, Phoenix, NC 89022"
Emily C. Garcia,emily.garcia75@myemail.org,"7020 Broadway, Los Angeles, AZ 85278"
Michael F. Garcia,michael.garcia56@mailservice.com,"3959 Elm St, Philadelphia, NY 37086"
David H. Williams,david.williams85@myemail.org,"1406 Willow Ln, New York, AZ 86677"
John H. Davis,john.davis28@mailservice.com,"1042 Main St, San Jose, OH 41221"
William D. Miller,william.miller64@myemail.org,"755 2nd Ave, San Jose, OH 18451"
William H. Brown,william.brown25@fakemail.net,"8103 Oak Dr, Chicago, AZ 15598"
Linda D. Davis,linda.davis67@fakemail.net,"2324 Cedar Rd, Phoenix, PA 72175"
Jessica D. Smith,jessica.smith11@mailservice.com,"9469 Main St, Chicago, CA 27296"
Jane H. Rodriguez,jane.rodriguez31@myemail.org,"1807 Cedar Rd, San Jose, IL 78176"
John  Martinez,john.martinez33@myemail.org,"2996 Broadway, Los Angeles, GA 32110"
