full_name,address,email
"Lalit Dhoj Rajbanshi",Ratnapark,lalit.rajbanshi1baneshwor@random.org
"Sompal Bhopal Bhandari",Tripureshwor,sompal.bhandari2ratnapark@demo.net
"Rohit Bhopal Rajbanshi",Sundhara,rohit.rajbanshi3gaushala@mail.com
"Karan Bhopal Khadka",Gaushala,karan.khadka4baneshwor@random.org
"Arif Dhoj Lamichane",Ekantakuna,arif.lamichane5gaushala@mail.com
"Binod Krishna Bhurtel",Tripureshwor,binod.bhurtel6ekantakuna@demo.net
"Sandeep Bahadur Khadka",Sundhara,sandeep.khadka7tinkune@example.com
"Binod Dhoj Malla",Ekantakuna,binod.malla8tripureshwor@test.com
"Sandeep Dev Lamichane",Sundhara,sandeep.lamichane9sundhara@mail.com
"Sompal Krishna Malla",Gaushala,sompal.malla10tinkune@mail.com
"Binod Bahadur Bhurtel",Baneshwor,binod.bhurtel11ekantakuna@test.com
"Lalit Lal Rajbanshi",Tripureshwor,lalit.rajbanshi12baneshwor@demo.net
"Sandeep Dhoj Paudel",Jawalakhel,sandeep.paudel13ratnapark@random.org
"Arif Lal Khadka",Ratnapark,"arif.khadka14new road@test.com"
"Sandeep Bir Paudel",Ratnapark,sandeep.paudel15tripureshwor@mail.com
"Lalit Kumar Malla",Tripureshwor,lalit.malla16sundhara@demo.net
"Sandeep Gopal Bhandari",Tripureshwor,sandeep.bhandari17jawalakhel@demo.net
"Asif Bir Bhandari",Chabel,asif.bhandari18ekantakuna@demo.net
"Rohit Dhoj Rajbanshi",Gaushala,rohit.rajbanshi19ekantakuna@mail.com
"Paras Lal Kami",Ratnapark,paras.kami20jawalakhel@example.com
"Paras Bhopal K.C",Sundhara,paras.k.c21tinkune@test.com
"Sompal Dev K.C",Baneshwor,sompal.k.c22baneshwor@demo.net
"Sompal Krishna Malla",Jawalakhel,sompal.malla23ekantakuna@test.com
"Sompal Dev Kami",Ratnapark,sompal.kami24jawalakhel@example.com
"Kushal Krishna Bhandari",Chabel,kushal.bhandari25baneshwor@demo.net
"Karan Dev Malla","New Road",karan.malla26tinkune@random.org
"Sompal Gopal Paudel",Gaushala,"sompal.paudel27new road@demo.net"
"Binod Kumar Bhurtel",Ekantakuna,binod.bhurtel28gaushala@test.com
"Sandeep Krishna Kami",Ekantakuna,sandeep.kami29jawalakhel@demo.net
"Karan Krishna Lamichane","New Road",karan.lamichane30jawalakhel@demo.net
"Karan Bhopal Khadka",Tinkune,karan.khadka31chabel@mail.com
"Arif Krishna Bhurtel",Jawalakhel,"arif.bhurtel32new road@test.com"
"Lalit Bahadur Malla",Ekantakuna,lalit.malla33jawalakhel@mail.com
"Karan Bahadur Lamichane",Baneshwor,karan.lamichane34baneshwor@demo.net
"Rohit Krishna Bhurtel",Sundhara,rohit.bhurtel35ekantakuna@test.com
"Rohit Gopal Seikh",Ratnapark,rohit.seikh36ekantakuna@demo.net
"Binod Lal Lamichane",Sundhara,binod.lamichane37baneshwor@test.com
"Asif Bahadur Malla",Ratnapark,"asif.malla38new road@example.com"
"Asif Lal Paudel",Gaushala,asif.paudel39tinkune@test.com
"Asif Bhopal Khadka",Tinkune,asif.khadka40sundhara@mail.com
"Lalit Bahadur Lamichane",Chabel,lalit.lamichane41ratnapark@test.com
"Arif Dhoj Paudel",Ekantakuna,arif.paudel42ratnapark@demo.net
"Lalit Bahadur K.C",Baneshwor,lalit.k.c43baneshwor@random.org
"Sompal Kumar Malla",Gaushala,sompal.malla44tripureshwor@mail.com
"Arif Gopal Malla",Gaushala,arif.malla45jawalakhel@example.com
"Sompal Bhopal Kami",Chabel,sompal.kami46ekantakuna@mail.com
"Binod Gopal Khadka",Chabel,binod.khadka47tripureshwor@test.com
"Lalit Bahadur Seikh",Tripureshwor,lalit.seikh48tripureshwor@test.com
"Paras Bhagat Seikh",Ekantakuna,paras.seikh49ratnapark@mail.com
"Arif Kumar Bhurtel",Jawalakhel,arif.bhurtel50ratnapark@mail.com
"Karan Bir Malla",Ratnapark,karan.malla51sundhara@demo.net
"Binod Bahadur Rajbanshi",Jawalakhel,"binod.rajbanshi52new road@mail.com"
"Arif Kumar Khadka",Gaushala,arif.khadka53baneshwor@random.org
"Asif Krishna Lamichane",Jawalakhel,asif.lamichane54ekantakuna@mail.com
"Sompal Kumar Seikh",Ekantakuna,"sompal.seikh55new road@demo.net"
"Kushal Bir Kami",Jawalakhel,kushal.kami56ratnapark@random.org
"Asif Dhoj Kami","New Road","asif.kami57new road@random.org"
"Lalit Bhopal Seikh",Jawalakhel,lalit.seikh58jawalakhel@demo.net
"Karan Dev Rajbanshi",Ekantakuna,karan.rajbanshi59sundhara@test.com
"Sompal Bhagat Rajbanshi","New Road",sompal.rajbanshi60tinkune@test.com
"Arif Dhoj Seikh",Tinkune,arif.seikh61tripureshwor@test.com
"Asif Krishna Khadka",Ratnapark,asif.khadka62baneshwor@random.org
"Rohit Gopal Kami",Baneshwor,rohit.kami63ekantakuna@example.com
"Arif Dhoj Lamichane",Ekantakuna,arif.lamichane64gaushala@demo.net
"Karan Bir Bhandari",Sundhara,karan.bhandari65tripureshwor@mail.com
"Karan Lal Paudel",Jawalakhel,karan.paudel66chabel@demo.net
"Binod Dev Lamichane",Chabel,binod.lamichane67baneshwor@mail.com
"Arif Bir Rajbanshi",Ratnapark,"arif.rajbanshi68new road@demo.net"
"Karan Dhoj Kami",Ratnapark,karan.kami69tripureshwor@example.com
"Rohit Bhagat Kami",Baneshwor,rohit.kami70ratnapark@example.com
"Arif Lal Kami",Ratnapark,arif.kami71jawalakhel@demo.net
"Kushal Dhoj Bhurtel",Gaushala,kushal.bhurtel72sundhara@random.org
"Karan Krishna Khadka",Jawalakhel,karan.khadka73ratnapark@demo.net
"Karan Lal Lamichane",Ratnapark,karan.lamichane74tripureshwor@test.com
"Asif Dhoj Rajbanshi","New Road",asif.rajbanshi75baneshwor@example.com
"Sandeep Kumar Kami",Gaushala,sandeep.kami76tripureshwor@test.com
"Lalit Dhoj Kami",Jawalakhel,lalit.kami77ratnapark@test.com
"Rohit Bhagat Rajbanshi",Sundhara,rohit.rajbanshi78tinkune@example.com
"Kushal Dhoj K.C",Ekantakuna,kushal.k.c79tinkune@mail.com
"Lalit Bhopal Kami",Ratnapark,lalit.kami80tripureshwor@mail.com
"Sandeep Dev Khadka",Sundhara,sandeep.khadka81chabel@mail.com
"Arif Lal Khadka",Tripureshwor,arif.khadka82chabel@example.com
"Binod Bahadur Malla",Gaushala,binod.malla83baneshwor@example.com
"Karan Bhagat Lamichane",Ekantakuna,karan.lamichane84tinkune@demo.net
"Kushal Dhoj Bhurtel",Gaushala,kushal.bhurtel85baneshwor@demo.net
"Binod Dev Malla","New Road",binod.malla86ratnapark@test.com
"Arif Dev Bhurtel",Jawalakhel,arif.bhurtel87sundhara@mail.com
"Lalit Bahadur Paudel",Gaushala,lalit.paudel88gaushala@mail.com
"Sompal Gopal K.C",Sundhara,sompal.k.c89tinkune@demo.net
"Sandeep Bir Paudel",Jawalakhel,sandeep.paudel90gaushala@example.com
"Asif Kumar Kami",Ekantakuna,asif.kami91ratnapark@test.com
"Lalit Gopal Bhurtel",Chabel,lalit.bhurtel92sundhara@mail.com
"Sompal Dhoj Seikh",Sundhara,sompal.seikh93ratnapark@test.com
"Karan Dev Khadka",Tripureshwor,karan.khadka94sundhara@random.org
"Kushal Krishna Seikh",Tripureshwor,kushal.seikh95sundhara@mail.com
"Sompal Bhopal Khadka",Tripureshwor,sompal.khadka96jawalakhel@example.com
"Sompal Bhagat Paudel",Baneshwor,"sompal.paudel97new road@random.org"
"Asif Bhopal Malla",Gaushala,asif.malla98tinkune@random.org
"Karan Krishna Paudel",Ekantakuna,karan.paudel99ratnapark@demo.net
"Paras Lal Khadka","New Road",paras.khadka100baneshwor@test.com
"Kushal Bir Paudel",Baneshwor,"kushal.paudel101new road@example.com"
"Kushal Bir Lamichane",Gaushala,"kushal.lamichane102new road@demo.net"
"Paras Kumar Malla","New Road",paras.malla103ratnapark@test.com
"Asif Bahadur K.C",Tripureshwor,asif.k.c104chabel@test.com
"Asif Bahadur Paudel",Gaushala,asif.paudel105baneshwor@example.com
"Karan Dev Bhurtel",Jawalakhel,karan.bhurtel106chabel@mail.com
"Karan Dhoj Malla","New Road",karan.malla107tripureshwor@demo.net
"Kushal Dev K.C",Chabel,kushal.k.c108ratnapark@test.com
"Binod Bhopal Rajbanshi",Baneshwor,binod.rajbanshi109ekantakuna@mail.com
"Karan Lal Malla",Gaushala,karan.malla110sundhara@test.com
"Arif Dev Paudel",Gaushala,arif.paudel111jawalakhel@random.org
"Karan Kumar Kami",Ratnapark,karan.kami112sundhara@random.org
"Rohit Krishna K.C",Baneshwor,rohit.k.c113gaushala@mail.com
"Karan Bahadur Bhandari",Gaushala,karan.bhandari114sundhara@random.org
"Sandeep Lal Khadka",Ekantakuna,sandeep.khadka115baneshwor@random.org
"Arif Gopal Malla",Gaushala,arif.malla116tripureshwor@demo.net
"Lalit Lal Bhurtel",Ratnapark,lalit.bhurtel117gaushala@test.com
"Asif Bahadur Paudel",Tripureshwor,asif.paudel118tripureshwor@random.org
"Paras Bhopal Lamichane",Chabel,paras.lamichane119tripureshwor@demo.net
"Sandeep Bhopal Bhandari",Ekantakuna,sandeep.bhandari120sundhara@mail.com
"Binod Lal Kami",Tripureshwor,binod.kami121jawalakhel@mail.com
"Lalit Kumar Seikh",Ekantakuna,lalit.seikh122baneshwor@mail.com
"Sandeep Dev Seikh",Sundhara,sandeep.seikh123baneshwor@test.com
"Arif Gopal Bhandari",Ratnapark,"arif.bhandari124new road@demo.net"
"Paras Gopal Lamichane",Sundhara,paras.lamichane125tinkune@example.com
"Paras Bir Malla",Ekantakuna,paras.malla126chabel@random.org
"Sompal Krishna Khadka",Tripureshwor,sompal.khadka127sundhara@random.org
"Lalit Lal K.C",Chabel,lalit.k.c128sundhara@demo.net
"Kushal Gopal Lamichane",Baneshwor,kushal.lamichane129sundhara@test.com
"Lalit Dev Malla",Sundhara,lalit.malla130tinkune@test.com
"Kushal Bhopal Seikh",Jawalakhel,kushal.seikh131tinkune@demo.net
"Rohit Bir Bhandari",Ratnapark,rohit.bhandari132ratnapark@test.com
"Sandeep Bhagat Bhandari",Tinkune,"sandeep.bhandari133new road@mail.com"
"Asif Bir K.C",Jawalakhel,asif.k.c134tripureshwor@mail.com
"Sandeep Bahadur Lamichane",Gaushala,sandeep.lamichane135ratnapark@test.com
"Sandeep Dev Malla",Baneshwor,sandeep.malla136jawalakhel@demo.net
"Sompal Kumar Seikh",Chabel,sompal.seikh137sundhara@example.com
"Binod Lal Bhandari",Sundhara,binod.bhandari138chabel@example.com
"Arif Bhagat Malla",Gaushala,arif.malla139gaushala@demo.net
"Sandeep Bahadur Paudel",Tinkune,sandeep.paudel140tinkune@test.com
"Binod Bhopal Kami",Jawalakhel,binod.kami141chabel@test.com
"Sandeep Dhoj Bhandari",Sundhara,sandeep.bhandari142ratnapark@example.com
"Binod Bhagat Lamichane",Jawalakhel,binod.lamichane143baneshwor@test.com
"Karan Bir Khadka",Tripureshwor,karan.khadka144jawalakhel@random.org
"Rohit Krishna Kami",Gaushala,rohit.kami145jawalakhel@demo.net
"Asif Dev Kami",Tinkune,asif.kami146gaushala@demo.net
"Kushal Gopal Bhurtel",Gaushala,kushal.bhurtel147jawalakhel@random.org
"Lalit Dhoj Paudel",Jawalakhel,lalit.paudel148sundhara@test.com
"Paras Bhopal Seikh",Gaushala,paras.seikh149sundhara@random.org
"Asif Dev Paudel",Ratnapark,asif.paudel150ratnapark@test.com
"Binod Lal Paudel",Tinkune,binod.paudel151gaushala@random.org
"Sompal Dhoj Lamichane",Baneshwor,sompal.lamichane152baneshwor@example.com
"Binod Kumar Malla",Ratnapark,binod.malla153ekantakuna@mail.com
"Binod Bhagat Rajbanshi",Sundhara,binod.rajbanshi154gaushala@mail.com
"Rohit Dhoj Rajbanshi",Gaushala,rohit.rajbanshi155jawalakhel@test.com
"Arif Dhoj Seikh",Tinkune,arif.seikh156tinkune@example.com
"Binod Bhagat Rajbanshi",Jawalakhel,"binod.rajbanshi157new road@mail.com"
"Arif Bahadur Bhurtel",Baneshwor,arif.bhurtel158sundhara@example.com
"Lalit Gopal Bhandari",Ekantakuna,lalit.bhandari159jawalakhel@test.com
"Sandeep Dev Khadka",Baneshwor,sandeep.khadka160jawalakhel@random.org
"Lalit Bahadur Paudel",Baneshwor,lalit.paudel161sundhara@example.com
"Asif Bhopal Bhandari",Tinkune,asif.bhandari162ekantakuna@mail.com
"Sandeep Krishna Paudel",Sundhara,sandeep.paudel163tripureshwor@random.org
"Karan Gopal Lamichane",Gaushala,karan.lamichane164baneshwor@demo.net
"Sandeep Bir Lamichane","New Road",sandeep.lamichane165ratnapark@test.com
"Asif Gopal Malla",Tripureshwor,asif.malla166gaushala@random.org
"Binod Lal Bhandari",Sundhara,binod.bhandari167baneshwor@example.com
"Sompal Bahadur Bhandari",Jawalakhel,sompal.bhandari168sundhara@mail.com
"Sompal Bahadur Kami",Tripureshwor,sompal.kami169gaushala@demo.net
"Asif Bhopal Kami",Ekantakuna,asif.kami170ekantakuna@demo.net
"Paras Kumar Kami","New Road",paras.kami171ekantakuna@demo.net
"Asif Dhoj Malla",Gaushala,asif.malla172tripureshwor@demo.net
"Asif Kumar Rajbanshi",Tinkune,asif.rajbanshi173ekantakuna@example.com
"Arif Lal Paudel",Tripureshwor,arif.paudel174tripureshwor@mail.com
"Asif Lal Paudel",Chabel,asif.paudel175gaushala@demo.net
"Sandeep Lal Seikh",Tinkune,sandeep.seikh176baneshwor@mail.com
"Paras Bhopal Lamichane",Jawalakhel,paras.lamichane177tripureshwor@demo.net
"Sompal Bhagat Khadka",Chabel,"sompal.khadka178new road@random.org"
"Sompal Bahadur Kami",Tripureshwor,sompal.kami179sundhara@example.com
"Binod Krishna Seikh",Ratnapark,binod.seikh180sundhara@random.org
"Asif Kumar K.C","New Road","asif.k.c181new road@demo.net"
"Rohit Dhoj Bhandari",Ratnapark,rohit.bhandari182jawalakhel@mail.com
"Asif Dhoj Malla","New Road",asif.malla183ekantakuna@mail.com
"Lalit Krishna Rajbanshi",Tinkune,"lalit.rajbanshi184new road@demo.net"
"Sandeep Bhagat Khadka",Gaushala,sandeep.khadka185sundhara@mail.com
"Asif Dhoj Malla",Tripureshwor,"asif.malla186new road@test.com"
"Rohit Dev Khadka",Tripureshwor,rohit.khadka187ekantakuna@random.org
"Rohit Bhopal Malla",Sundhara,"rohit.malla188new road@example.com"
"Paras Bhagat Lamichane",Tripureshwor,paras.lamichane189tinkune@random.org
"Arif Bahadur Lamichane",Tinkune,arif.lamichane190ekantakuna@mail.com
"Kushal Gopal Bhandari",Sundhara,"kushal.bhandari191new road@demo.net"
"Rohit Krishna Seikh",Tinkune,rohit.seikh192chabel@mail.com
"Binod Bhagat Bhurtel",Tinkune,binod.bhurtel193baneshwor@test.com
"Binod Krishna Rajbanshi",Gaushala,binod.rajbanshi194gaushala@test.com
"Lalit Bhagat Paudel",Gaushala,lalit.paudel195gaushala@random.org
"Paras Lal Seikh",Chabel,paras.seikh196ekantakuna@example.com
"Arif Bhopal Kami",Tripureshwor,arif.kami197ekantakuna@random.org
"Paras Bhopal Kami",Baneshwor,paras.kami198tinkune@random.org
"Sandeep Lal Malla",Ratnapark,sandeep.malla199gaushala@example.com
"Paras Lal Lamichane",Ratnapark,paras.lamichane200ekantakuna@random.org
"Lalit Lal Lamichane",Chabel,lalit.lamichane201ratnapark@test.com
"Kushal Dhoj Rajbanshi",Tripureshwor,kushal.rajbanshi202chabel@random.org
"Paras Bhagat Khadka",Ratnapark,paras.khadka203sundhara@demo.net
"Binod Bahadur Malla",Tinkune,binod.malla204chabel@test.com
"Paras Lal Paudel",Chabel,"paras.paudel205new road@demo.net"
"Sompal Bahadur Kami",Baneshwor,sompal.kami206jawalakhel@example.com
"Binod Dev Bhurtel",Ratnapark,binod.bhurtel207sundhara@random.org
"Arif Lal K.C",Baneshwor,arif.k.c208ratnapark@mail.com
"Paras Krishna Malla",Tinkune,paras.malla209tinkune@test.com
"Binod Krishna Bhurtel",Tripureshwor,binod.bhurtel210tinkune@test.com
"Karan Bhagat Bhandari",Gaushala,"karan.bhandari211new road@example.com"
"Lalit Kumar Paudel","New Road",lalit.paudel212tinkune@example.com
"Sompal Bhagat Bhandari",Baneshwor,sompal.bhandari213gaushala@test.com
"Lalit Dhoj Lamichane",Baneshwor,lalit.lamichane214jawalakhel@test.com
"Sandeep Dhoj Malla",Baneshwor,sandeep.malla215tinkune@example.com
"Karan Dev Rajbanshi",Tripureshwor,karan.rajbanshi216sundhara@example.com
"Arif Bhopal Malla",Jawalakhel,"arif.malla217new road@example.com"
"Rohit Gopal Bhurtel",Jawalakhel,rohit.bhurtel218sundhara@random.org
"Arif Bhagat Rajbanshi","New Road",arif.rajbanshi219sundhara@example.com
"Sompal Bhopal Rajbanshi",Tinkune,sompal.rajbanshi220tripureshwor@demo.net
"Lalit Dev Lamichane",Ekantakuna,lalit.lamichane221tripureshwor@demo.net
"Paras Kumar Bhandari",Gaushala,paras.bhandari222ekantakuna@mail.com
"Kushal Krishna Khadka",Sundhara,kushal.khadka223tripureshwor@random.org
"Arif Bahadur Rajbanshi",Ekantakuna,arif.rajbanshi224baneshwor@demo.net
"Karan Dev Kami",Ekantakuna,karan.kami225baneshwor@demo.net
"Karan Bhagat Kami",Tinkune,karan.kami226ekantakuna@example.com
"Lalit Bhopal Malla",Chabel,lalit.malla227baneshwor@random.org
"Lalit Dev Paudel",Ratnapark,lalit.paudel228sundhara@random.org
"Arif Lal Bhurtel",Baneshwor,arif.bhurtel229tinkune@example.com
"Kushal Dev Bhandari",Tripureshwor,"kushal.bhandari230new road@test.com"
"Lalit Bir Bhurtel",Tripureshwor,lalit.bhurtel231baneshwor@example.com
"Arif Bhopal Bhurtel","New Road",arif.bhurtel232baneshwor@mail.com
"Rohit Bhopal K.C",Tinkune,"rohit.k.c233new road@example.com"
"Arif Dev Kami",Ratnapark,"arif.kami234new road@mail.com"
"Lalit Krishna Khadka",Chabel,lalit.khadka235ratnapark@demo.net
"Asif Gopal K.C",Tinkune,"asif.k.c236new road@random.org"
"Sompal Dev Kami",Gaushala,sompal.kami237gaushala@demo.net
"Arif Lal Paudel",Jawalakhel,arif.paudel238tripureshwor@mail.com
"Arif Lal Bhurtel",Sundhara,arif.bhurtel239baneshwor@random.org
"Kushal Lal Malla",Tinkune,kushal.malla240ratnapark@random.org
"Lalit Gopal Paudel",Ekantakuna,"lalit.paudel241new road@random.org"
"Lalit Kumar Khadka",Tinkune,lalit.khadka242sundhara@example.com
"Karan Gopal Seikh",Chabel,karan.seikh243jawalakhel@demo.net
"Arif Lal K.C","New Road",arif.k.c244gaushala@random.org
"Sompal Bir Paudel","New Road",sompal.paudel245baneshwor@test.com
"Sompal Gopal Seikh",Jawalakhel,sompal.seikh246sundhara@mail.com
"Rohit Krishna Rajbanshi",Baneshwor,rohit.rajbanshi247baneshwor@mail.com
"Paras Bhopal Paudel",Tinkune,paras.paudel248chabel@mail.com
"Binod Bir Paudel",Jawalakhel,binod.paudel249baneshwor@random.org
"Sompal Bhopal Seikh",Tripureshwor,sompal.seikh250sundhara@random.org
"Arif Bhopal Seikh",Ratnapark,arif.seikh251tripureshwor@test.com
"Karan Gopal Bhandari",Jawalakhel,karan.bhandari252tinkune@example.com
"Lalit Bhagat K.C",Tinkune,lalit.k.c253tripureshwor@demo.net
"Sompal Krishna Paudel",Ratnapark,sompal.paudel254tinkune@example.com
"Arif Krishna Bhandari",Jawalakhel,arif.bhandari255ratnapark@random.org
"Asif Kumar Khadka",Chabel,asif.khadka256gaushala@demo.net
"Sandeep Bhagat Paudel",Tinkune,sandeep.paudel257ratnapark@random.org
"Binod Bhagat Bhandari",Ekantakuna,binod.bhandari258ekantakuna@random.org
"Paras Kumar Malla",Tinkune,paras.malla259chabel@demo.net
"Sandeep Dhoj Kami",Gaushala,"sandeep.kami260new road@demo.net"
"Arif Bir Bhandari",Baneshwor,"arif.bhandari261new road@mail.com"
"Karan Gopal Bhurtel",Chabel,karan.bhurtel262ratnapark@random.org
"Arif Gopal Khadka",Sundhara,arif.khadka263tripureshwor@random.org
"Arif Lal Khadka",Tinkune,arif.khadka264ekantakuna@example.com
"Rohit Gopal K.C",Tripureshwor,rohit.k.c265jawalakhel@random.org
"Kushal Bahadur Paudel",Ekantakuna,kushal.paudel266sundhara@example.com
"Rohit Bahadur Seikh",Tripureshwor,rohit.seikh267ekantakuna@demo.net
"Lalit Bhopal K.C",Tinkune,lalit.k.c268baneshwor@mail.com
"Kushal Dhoj Lamichane",Chabel,kushal.lamichane269tinkune@demo.net
"Binod Bhopal Rajbanshi",Tinkune,binod.rajbanshi270jawalakhel@test.com
"Lalit Bhopal Bhandari",Gaushala,lalit.bhandari271ekantakuna@demo.net
"Asif Dhoj Khadka","New Road",asif.khadka272ekantakuna@mail.com
"Rohit Bhopal Khadka","New Road",rohit.khadka273baneshwor@example.com
"Sandeep Kumar Malla","New Road","sandeep.malla274new road@random.org"
"Binod Bir Seikh",Ekantakuna,binod.seikh275tinkune@random.org
"Rohit Bahadur K.C",Sundhara,rohit.k.c276ratnapark@mail.com
"Karan Bhopal K.C",Gaushala,karan.k.c277tripureshwor@example.com
"Lalit Lal Khadka","New Road",lalit.khadka278jawalakhel@test.com
"Kushal Dev Seikh",Jawalakhel,kushal.seikh279tinkune@test.com
"Sandeep Gopal Malla",Tripureshwor,"sandeep.malla280new road@random.org"
"Arif Krishna Malla",Ratnapark,arif.malla281ekantakuna@demo.net
"Asif Bir Seikh",Tripureshwor,asif.seikh282tripureshwor@example.com
"Lalit Dev Bhandari",Jawalakhel,lalit.bhandari283tinkune@random.org
"Lalit Dev Bhurtel",Baneshwor,lalit.bhurtel284ratnapark@example.com
"Sompal Bahadur Khadka",Gaushala,sompal.khadka285ekantakuna@test.com
"Lalit Krishna Lamichane",Ekantakuna,"lalit.lamichane286new road@test.com"
"Rohit Bahadur Rajbanshi",Sundhara,rohit.rajbanshi287ekantakuna@random.org
"Karan Bhagat Lamichane",Sundhara,karan.lamichane288sundhara@mail.com
"Sandeep Bir Kami",Chabel,sandeep.kami289tinkune@demo.net
"Sompal Bhopal Paudel",Tinkune,"sompal.paudel290new road@random.org"
"Sandeep Bahadur Bhandari",Chabel,sandeep.bhandari291chabel@test.com
"Lalit Gopal Lamichane",Tripureshwor,lalit.lamichane292sundhara@test.com
"Paras Krishna Kami",Tripureshwor,paras.kami293tripureshwor@random.org
"Rohit Krishna K.C",Chabel,"rohit.k.c294new road@test.com"
"Rohit Gopal Bhurtel","New Road","rohit.bhurtel295new road@demo.net"
"Kushal Gopal Malla","New Road",kushal.malla296baneshwor@test.com
"Binod Lal Rajbanshi",Tinkune,binod.rajbanshi297ekantakuna@demo.net
"Kushal Bahadur Kami",Baneshwor,kushal.kami298baneshwor@demo.net
"Binod Krishna Bhandari",Sundhara,binod.bhandari299jawalakhel@test.com
"Asif Bahadur Rajbanshi","New Road",asif.rajbanshi300gaushala@mail.com
"Paras Kumar Bhurtel","New Road",paras.bhurtel301gaushala@example.com
"Sompal Lal Lamichane",Tinkune,sompal.lamichane302ratnapark@test.com
"Rohit Bhopal Malla",Gaushala,rohit.malla303chabel@example.com
"Asif Dhoj Lamichane",Ekantakuna,asif.lamichane304ratnapark@test.com
"Paras Dev Bhurtel",Ratnapark,paras.bhurtel305jawalakhel@example.com
"Karan Gopal Lamichane",Chabel,"karan.lamichane306new road@mail.com"
"Kushal Bhagat Seikh","New Road",kushal.seikh307gaushala@test.com
"Sandeep Gopal Lamichane",Tinkune,"sandeep.lamichane308new road@example.com"
"Sandeep Lal K.C",Ekantakuna,sandeep.k.c309ekantakuna@test.com
"Lalit Bir Kami",Ekantakuna,"lalit.kami310new road@random.org"
"Sandeep Bhopal Rajbanshi",Jawalakhel,sandeep.rajbanshi311gaushala@test.com
"Sandeep Bir Kami","New Road",sandeep.kami312baneshwor@random.org
"Paras Bhopal Khadka",Tripureshwor,paras.khadka313sundhara@mail.com
"Asif Kumar Bhurtel",Jawalakhel,"asif.bhurtel314new road@mail.com"
"Kushal Bahadur Lamichane",Tripureshwor,kushal.lamichane315jawalakhel@mail.com
"Lalit Dhoj Paudel",Ratnapark,lalit.paudel316baneshwor@mail.com
"Rohit Kumar Bhurtel",Jawalakhel,rohit.bhurtel317chabel@demo.net
"Binod Kumar Bhandari",Ekantakuna,binod.bhandari318sundhara@test.com
"Lalit Gopal Bhandari",Jawalakhel,"lalit.bhandari319new road@random.org"
"Arif Bhopal K.C","New Road",arif.k.c320tinkune@example.com
"Sompal Bhopal Khadka",Ekantakuna,sompal.khadka321tripureshwor@random.org
"Binod Bir Lamichane",Gaushala,binod.lamichane322tinkune@demo.net
"Lalit Bahadur Bhandari","New Road",lalit.bhandari323gaushala@test.com
"Sandeep Bhagat Lamichane","New Road",sandeep.lamichane324baneshwor@demo.net
"Sandeep Kumar Rajbanshi",Ekantakuna,sandeep.rajbanshi325ratnapark@demo.net
"Arif Gopal K.C",Ratnapark,arif.k.c326tinkune@test.com
"Lalit Bhopal Malla",Ratnapark,lalit.malla327gaushala@mail.com
"Rohit Krishna Bhandari","New Road",rohit.bhandari328jawalakhel@demo.net
"Kushal Bahadur Malla",Ekantakuna,kushal.malla329ekantakuna@example.com
"Sompal Lal Bhandari",Jawalakhel,sompal.bhandari330ratnapark@test.com
"Asif Bir Bhurtel",Tripureshwor,asif.bhurtel331jawalakhel@demo.net
"Kushal Bahadur Bhurtel",Gaushala,kushal.bhurtel332baneshwor@example.com
"Arif Bir Malla",Gaushala,arif.malla333baneshwor@demo.net
"Paras Bahadur Bhandari",Tripureshwor,paras.bhandari334gaushala@test.com
"Sandeep Dev Seikh",Sundhara,sandeep.seikh335chabel@example.com
"Kushal Krishna Seikh","New Road",kushal.seikh336tinkune@mail.com
"Paras Bhagat Paudel",Jawalakhel,paras.paudel337tripureshwor@mail.com
"Asif Lal Khadka",Jawalakhel,asif.khadka338chabel@demo.net
"Rohit Bhagat Paudel",Chabel,rohit.paudel339tinkune@test.com
"Asif Bhopal Rajbanshi",Tinkune,asif.rajbanshi340tinkune@mail.com
"Rohit Bhopal Malla",Tinkune,rohit.malla341ekantakuna@example.com
"Asif Bhagat K.C",Tinkune,"asif.k.c342new road@example.com"
"Binod Gopal Bhurtel",Baneshwor,binod.bhurtel343ekantakuna@mail.com
"Lalit Krishna Bhandari",Gaushala,lalit.bhandari344chabel@demo.net
"Binod Bhagat Khadka",Chabel,binod.khadka345sundhara@random.org
"Asif Lal Bhurtel","New Road",asif.bhurtel346tripureshwor@example.com
"Karan Bir Paudel",Ratnapark,karan.paudel347ekantakuna@example.com
"Lalit Lal Bhurtel",Chabel,lalit.bhurtel348tinkune@demo.net
"Rohit Bir Malla",Sundhara,rohit.malla349gaushala@demo.net
"Arif Dev Malla",Tripureshwor,"arif.malla350new road@example.com"
"Sompal Bahadur K.C",Gaushala,sompal.k.c351jawalakhel@random.org
"Arif Dhoj Kami",Chabel,arif.kami352tripureshwor@demo.net
"Kushal Lal K.C",Ekantakuna,kushal.k.c353tinkune@demo.net
"Asif Lal Paudel",Ratnapark,asif.paudel354gaushala@random.org
"Asif Dev Kami",Chabel,asif.kami355sundhara@test.com
"Rohit Bhagat Seikh",Baneshwor,rohit.seikh356chabel@example.com
"Arif Dev K.C",Sundhara,arif.k.c357baneshwor@random.org
"Binod Bir K.C",Jawalakhel,binod.k.c358chabel@demo.net
"Binod Kumar Seikh",Jawalakhel,binod.seikh359baneshwor@random.org
"Kushal Kumar Kami",Gaushala,"kushal.kami360new road@random.org"
"Rohit Gopal Khadka",Jawalakhel,rohit.khadka361sundhara@random.org
"Rohit Gopal Malla",Ratnapark,rohit.malla362gaushala@random.org
"Paras Dhoj Bhandari","New Road",paras.bhandari363tinkune@example.com
"Paras Gopal Kami",Tripureshwor,paras.kami364chabel@mail.com
"Kushal Gopal Bhurtel",Tinkune,kushal.bhurtel365ekantakuna@random.org
"Asif Dev Seikh",Chabel,asif.seikh366sundhara@example.com
"Sandeep Lal Malla",Chabel,"sandeep.malla367new road@mail.com"
"Sompal Bhopal Khadka",Gaushala,sompal.khadka368chabel@mail.com
"Binod Gopal Rajbanshi",Ekantakuna,binod.rajbanshi369ekantakuna@test.com
"Asif Krishna Kami",Jawalakhel,asif.kami370baneshwor@demo.net
"Binod Bhopal Bhandari",Ekantakuna,binod.bhandari371jawalakhel@demo.net
"Binod Kumar Rajbanshi",Tripureshwor,binod.rajbanshi372jawalakhel@random.org
"Arif Lal Malla",Baneshwor,arif.malla373sundhara@random.org
"Karan Bahadur Lamichane",Chabel,karan.lamichane374ratnapark@mail.com
"Lalit Kumar Bhurtel","New Road",lalit.bhurtel375ekantakuna@test.com
"Paras Bhopal Seikh",Baneshwor,paras.seikh376chabel@random.org
"Binod Bhopal Seikh",Ratnapark,binod.seikh377jawalakhel@demo.net
"Asif Bhagat Seikh",Chabel,"asif.seikh378new road@example.com"
"Arif Bhopal Seikh",Chabel,arif.seikh379tinkune@mail.com
"Asif Gopal Seikh",Chabel,asif.seikh380tinkune@test.com
"Rohit Bir Rajbanshi",Chabel,"rohit.rajbanshi381new road@test.com"
"Binod Dev Malla",Ekantakuna,binod.malla382gaushala@test.com
"Lalit Bir Seikh",Baneshwor,lalit.seikh383ratnapark@random.org
"Sompal Bhagat Kami",Jawalakhel,sompal.kami384sundhara@demo.net
"Sandeep Bir Kami",Sundhara,sandeep.kami385gaushala@example.com
"Sompal Bhopal Bhurtel",Ratnapark,sompal.bhurtel386jawalakhel@test.com
"Kushal Bhagat Khadka",Chabel,kushal.khadka387ekantakuna@demo.net
"Binod Krishna K.C",Ekantakuna,binod.k.c388baneshwor@mail.com
"Paras Bir Bhandari",Baneshwor,paras.bhandari389ekantakuna@example.com
"Sompal Krishna Paudel","New Road",sompal.paudel390ratnapark@mail.com
"Karan Gopal Bhandari",Ekantakuna,"karan.bhandari391new road@test.com"
"Kushal Dev Malla",Ratnapark,kushal.malla392tinkune@test.com
"Kushal Lal Khadka","New Road",kushal.khadka393gaushala@random.org
"Rohit Bhopal K.C",Ratnapark,rohit.k.c394gaushala@mail.com
"Kushal Lal Lamichane",Baneshwor,kushal.lamichane395ekantakuna@random.org
"Sandeep Dhoj Kami",Ratnapark,sandeep.kami396sundhara@example.com
"Lalit Bir Bhandari",Baneshwor,lalit.bhandari397jawalakhel@mail.com
"Binod Dev Lamichane",Gaushala,"binod.lamichane398new road@mail.com"
"Asif Bahadur K.C",Tripureshwor,asif.k.c399gaushala@demo.net
"Sompal Bahadur Rajbanshi",Ekantakuna,sompal.rajbanshi400ekantakuna@demo.net
"Asif Bahadur Lamichane",Ekantakuna,asif.lamichane401chabel@test.com
"Rohit Krishna Rajbanshi",Ratnapark,rohit.rajbanshi402chabel@random.org
"Sompal Bhagat Paudel",Gaushala,sompal.paudel403chabel@mail.com
"Kushal Bhagat Rajbanshi",Gaushala,kushal.rajbanshi404jawalakhel@mail.com
"Asif Bir Paudel",Sundhara,asif.paudel405sundhara@random.org
"Asif Bhagat Seikh",Chabel,asif.seikh406gaushala@test.com
"Binod Krishna K.C",Gaushala,binod.k.c407tinkune@random.org
"Sompal Dhoj Malla",Gaushala,sompal.malla408gaushala@random.org
"Kushal Bhagat Paudel",Ratnapark,kushal.paudel409gaushala@random.org
"Lalit Gopal Malla",Jawalakhel,lalit.malla410ekantakuna@test.com
"Paras Bhagat Khadka","New Road",paras.khadka411ratnapark@demo.net
"Karan Dev Rajbanshi",Ekantakuna,karan.rajbanshi412tinkune@demo.net
"Rohit Krishna Kami",Ekantakuna,rohit.kami413sundhara@random.org
"Sompal Kumar K.C",Baneshwor,sompal.k.c414ratnapark@test.com
"Binod Dhoj Rajbanshi",Baneshwor,binod.rajbanshi415tripureshwor@random.org
"Arif Bhopal Lamichane",Jawalakhel,arif.lamichane416jawalakhel@random.org
"Paras Gopal Malla",Baneshwor,"paras.malla417new road@example.com"
"Rohit Bir Lamichane",Chabel,rohit.lamichane418gaushala@test.com
"Binod Bhopal Paudel",Gaushala,binod.paudel419sundhara@example.com
"Asif Dhoj Khadka",Tinkune,asif.khadka420tinkune@example.com
"Karan Bir Malla",Chabel,karan.malla421chabel@mail.com
"Arif Dev Bhandari",Ratnapark,arif.bhandari422ekantakuna@example.com
"Rohit Krishna Seikh",Sundhara,rohit.seikh423sundhara@example.com
"Paras Bahadur Lamichane",Jawalakhel,paras.lamichane424chabel@test.com
"Asif Krishna Khadka",Jawalakhel,asif.khadka425jawalakhel@example.com
"Kushal Dev Bhandari",Ekantakuna,kushal.bhandari426chabel@mail.com
"Kushal Dhoj Malla",Baneshwor,kushal.malla427tinkune@mail.com
"Arif Bhagat Seikh",Gaushala,arif.seikh428ekantakuna@random.org
"Rohit Kumar Bhandari",Ratnapark,rohit.bhandari429baneshwor@test.com
"Lalit Kumar Paudel",Sundhara,lalit.paudel430sundhara@mail.com
"Paras Gopal Bhandari",Tinkune,paras.bhandari431gaushala@demo.net
"Binod Bhagat Kami",Tinkune,binod.kami432gaushala@mail.com
"Lalit Dhoj Lamichane",Chabel,lalit.lamichane433tinkune@demo.net
"Kushal Lal Bhandari",Chabel,kushal.bhandari434gaushala@random.org
"Karan Dev Bhurtel",Tinkune,karan.bhurtel435ekantakuna@demo.net
"Karan Gopal Kami",Gaushala,karan.kami436tripureshwor@mail.com
"Arif Krishna Lamichane",Baneshwor,arif.lamichane437ekantakuna@demo.net
"Lalit Bhopal Kami",Ratnapark,lalit.kami438tripureshwor@random.org
"Rohit Krishna Rajbanshi",Baneshwor,rohit.rajbanshi439gaushala@test.com
"Rohit Bir Lamichane",Sundhara,rohit.lamichane440jawalakhel@example.com
"Rohit Dhoj Bhurtel",Jawalakhel,rohit.bhurtel441tinkune@demo.net
"Sompal Bahadur Rajbanshi",Tinkune,sompal.rajbanshi442ratnapark@demo.net
"Lalit Lal Bhurtel",Baneshwor,lalit.bhurtel443chabel@example.com
"Karan Bahadur Seikh",Tinkune,karan.seikh444ekantakuna@test.com
"Binod Krishna K.C","New Road",binod.k.c445tripureshwor@demo.net
"Sompal Bir Kami",Chabel,sompal.kami446tinkune@demo.net
"Lalit Kumar Kami",Ekantakuna,lalit.kami447sundhara@test.com
"Karan Dev Bhandari",Tinkune,karan.bhandari448baneshwor@example.com
"Kushal Bahadur Bhandari",Chabel,kushal.bhandari449jawalakhel@mail.com
"Sompal Dev Bhurtel",Chabel,sompal.bhurtel450tripureshwor@mail.com
"Binod Bhopal Malla",Baneshwor,binod.malla451ratnapark@random.org
"Paras Gopal Kami",Baneshwor,paras.kami452jawalakhel@test.com
"Kushal Gopal Bhandari","New Road",kushal.bhandari453tinkune@test.com
"Karan Lal Kami","New Road",karan.kami454chabel@demo.net
"Asif Bahadur Bhurtel",Sundhara,asif.bhurtel455baneshwor@test.com
"Karan Bhopal K.C",Chabel,karan.k.c456ekantakuna@mail.com
"Asif Dhoj Kami",Sundhara,asif.kami457gaushala@test.com
"Binod Gopal K.C",Baneshwor,binod.k.c458sundhara@mail.com
"Arif Bahadur Bhandari",Chabel,arif.bhandari459tripureshwor@test.com
"Sompal Bhopal Kami",Sundhara,sompal.kami460tinkune@random.org
"Lalit Lal Khadka",Ekantakuna,lalit.khadka461jawalakhel@demo.net
"Arif Lal Khadka","New Road",arif.khadka462tripureshwor@test.com
"Sompal Bhagat Seikh","New Road",sompal.seikh463tripureshwor@random.org
"Karan Lal Khadka",Ekantakuna,karan.khadka464gaushala@mail.com
"Asif Bhagat Kami",Tripureshwor,asif.kami465chabel@demo.net
"Karan Gopal Seikh",Chabel,karan.seikh466sundhara@mail.com
"Arif Bahadur Seikh",Chabel,arif.seikh467ratnapark@test.com
"Asif Bhopal Malla",Ekantakuna,asif.malla468gaushala@mail.com
"Sompal Kumar Khadka",Tripureshwor,"sompal.khadka469new road@demo.net"
"Paras Bhagat Malla",Tinkune,paras.malla470baneshwor@example.com
"Sandeep Bhagat Bhandari",Chabel,sandeep.bhandari471jawalakhel@mail.com
"Sandeep Dhoj Lamichane",Tinkune,sandeep.lamichane472baneshwor@demo.net
"Lalit Krishna Bhandari",Baneshwor,"lalit.bhandari473new road@example.com"
"Asif Krishna Bhandari",Tinkune,asif.bhandari474ratnapark@example.com
"Sompal Bahadur Kami",Tinkune,sompal.kami475tinkune@demo.net
"Sandeep Kumar K.C",Baneshwor,sandeep.k.c476chabel@random.org
"Arif Dhoj K.C",Ratnapark,arif.k.c477jawalakhel@random.org
"Sompal Gopal Rajbanshi",Tripureshwor,sompal.rajbanshi478chabel@test.com
"Karan Dev Khadka",Ratnapark,karan.khadka479tripureshwor@mail.com
"Sompal Lal Paudel",Sundhara,sompal.paudel480ekantakuna@mail.com
"Rohit Gopal Rajbanshi",Baneshwor,rohit.rajbanshi481baneshwor@test.com
"Sandeep Kumar Paudel",Ekantakuna,sandeep.paudel482tinkune@demo.net
"Arif Bahadur Kami",Ekantakuna,arif.kami483baneshwor@test.com
"Sompal Dev Malla",Baneshwor,"sompal.malla484new road@mail.com"
"Rohit Krishna Rajbanshi",Tripureshwor,rohit.rajbanshi485jawalakhel@mail.com
"Rohit Dhoj Rajbanshi",Gaushala,rohit.rajbanshi486baneshwor@mail.com
"Kushal Lal Rajbanshi",Tinkune,kushal.rajbanshi487jawalakhel@example.com
"Sompal Bhagat Paudel",Chabel,sompal.paudel488gaushala@random.org
"Karan Bhagat K.C",Jawalakhel,karan.k.c489gaushala@random.org
"Rohit Gopal Seikh",Sundhara,rohit.seikh490sundhara@test.com
"Sompal Bahadur K.C",Ekantakuna,sompal.k.c491ekantakuna@test.com
"Rohit Bhagat Kami",Gaushala,"rohit.kami492new road@test.com"
"Asif Bir Paudel",Chabel,asif.paudel493tinkune@demo.net
"Paras Dev K.C",Ekantakuna,paras.k.c494tripureshwor@random.org
"Paras Dev Kami",Baneshwor,paras.kami495baneshwor@demo.net
"Karan Krishna Malla",Chabel,karan.malla496baneshwor@test.com
"Paras Krishna Bhurtel","New Road",paras.bhurtel497baneshwor@random.org
"Sompal Dhoj Khadka","New Road",sompal.khadka498chabel@demo.net
"Arif Krishna K.C",Jawalakhel,arif.k.c499sundhara@example.com
"Asif Bir Kami",Tripureshwor,asif.kami500ratnapark@test.com
"Asif Bahadur K.C",Tripureshwor,asif.k.c501tripureshwor@example.com
"Rohit Bahadur K.C",Baneshwor,rohit.k.c502tinkune@mail.com
"Rohit Bhagat Khadka",Tinkune,rohit.khadka503jawalakhel@test.com
"Arif Bir Paudel",Tinkune,arif.paudel504tinkune@random.org
"Arif Kumar Khadka",Baneshwor,arif.khadka505gaushala@demo.net
"Paras Dhoj Malla",Tripureshwor,paras.malla506gaushala@mail.com
"Binod Bir Lamichane",Ekantakuna,binod.lamichane507tinkune@random.org
"Sompal Gopal Paudel",Sundhara,sompal.paudel508ekantakuna@random.org
"Karan Gopal Bhurtel",Tinkune,karan.bhurtel509ratnapark@mail.com
"Kushal Bahadur Bhurtel",Gaushala,kushal.bhurtel510jawalakhel@example.com
"Rohit Dev Malla",Tinkune,rohit.malla511tinkune@example.com
"Karan Gopal K.C",Tripureshwor,karan.k.c512ratnapark@mail.com
"Lalit Dev Khadka",Gaushala,lalit.khadka513gaushala@test.com
"Karan Bhopal K.C",Ratnapark,karan.k.c514tripureshwor@test.com
"Arif Gopal Rajbanshi",Tripureshwor,arif.rajbanshi515ratnapark@test.com
"Arif Gopal Kami",Tripureshwor,arif.kami516baneshwor@random.org
"Sompal Dev Rajbanshi",Ratnapark,"sompal.rajbanshi517new road@test.com"
"Rohit Bhopal Seikh",Ratnapark,rohit.seikh518sundhara@demo.net
"Arif Lal Paudel",Ratnapark,arif.paudel519ekantakuna@mail.com
"Rohit Dhoj Bhurtel",Tinkune,rohit.bhurtel520tripureshwor@example.com
"Karan Bahadur Rajbanshi",Gaushala,karan.rajbanshi521sundhara@test.com
"Arif Kumar Bhurtel",Chabel,arif.bhurtel522sundhara@test.com
"Paras Dhoj Bhandari",Ratnapark,paras.bhandari523sundhara@random.org
"Paras Kumar Lamichane",Chabel,paras.lamichane524jawalakhel@mail.com
"Sandeep Lal Kami",Ratnapark,sandeep.kami525tripureshwor@random.org
"Sompal Krishna Kami",Tripureshwor,"sompal.kami526new road@test.com"
"Karan Krishna Seikh",Ekantakuna,karan.seikh527ratnapark@random.org
"Lalit Dev Bhandari",Tinkune,lalit.bhandari528ratnapark@test.com
"Asif Bir Seikh","New Road",asif.seikh529ekantakuna@demo.net
"Sompal Bir Bhurtel",Chabel,sompal.bhurtel530baneshwor@demo.net
"Sompal Bahadur Malla","New Road",sompal.malla531jawalakhel@random.org
"Sandeep Krishna Paudel",Gaushala,sandeep.paudel532chabel@mail.com
"Binod Krishna Rajbanshi",Chabel,binod.rajbanshi533ratnapark@demo.net
"Kushal Kumar Rajbanshi",Tinkune,kushal.rajbanshi534tinkune@random.org
"Karan Bir Khadka",Tripureshwor,karan.khadka535ekantakuna@random.org
"Paras Krishna Paudel",Baneshwor,paras.paudel536chabel@random.org
"Arif Krishna Bhurtel",Sundhara,"arif.bhurtel537new road@random.org"
"Rohit Krishna Rajbanshi",Gaushala,rohit.rajbanshi538chabel@example.com
"Sompal Dhoj Rajbanshi",Ekantakuna,sompal.rajbanshi539ekantakuna@test.com
"Rohit Dev Seikh",Tripureshwor,rohit.seikh540chabel@example.com
"Asif Kumar Bhandari","New Road","asif.bhandari541new road@mail.com"
"Sandeep Gopal K.C",Gaushala,"sandeep.k.c542new road@demo.net"
"Karan Krishna Malla","New Road",karan.malla543jawalakhel@example.com
"Sompal Kumar Lamichane",Ekantakuna,sompal.lamichane544sundhara@random.org
"Sandeep Lal Bhurtel",Ekantakuna,"sandeep.bhurtel545new road@test.com"
"Paras Krishna Bhandari",Ekantakuna,"paras.bhandari546new road@demo.net"
"Karan Bhagat K.C",Baneshwor,karan.k.c547baneshwor@test.com
"Asif Lal Bhandari",Tinkune,asif.bhandari548ekantakuna@demo.net
"Karan Bhopal Rajbanshi",Gaushala,karan.rajbanshi549ekantakuna@test.com
"Binod Kumar Khadka",Ratnapark,binod.khadka550tinkune@demo.net
"Binod Dev Bhurtel",Tripureshwor,"binod.bhurtel551new road@test.com"
"Rohit Dev K.C",Ekantakuna,rohit.k.c552baneshwor@demo.net
"Arif Bir Seikh",Jawalakhel,"arif.seikh553new road@test.com"
"Sompal Krishna K.C","New Road",sompal.k.c554ekantakuna@mail.com
"Asif Lal Seikh",Ekantakuna,asif.seikh555ekantakuna@demo.net
"Sompal Dhoj Rajbanshi",Baneshwor,sompal.rajbanshi556gaushala@mail.com
"Kushal Lal Kami",Sundhara,kushal.kami557ekantakuna@random.org
"Binod Bir Seikh",Sundhara,binod.seikh558chabel@demo.net
"Rohit Dhoj Lamichane",Ratnapark,rohit.lamichane559tripureshwor@test.com
"Rohit Bhagat K.C",Ratnapark,rohit.k.c560tripureshwor@random.org
"Paras Krishna Malla","New Road",paras.malla561gaushala@test.com
"Asif Gopal Seikh",Ratnapark,asif.seikh562jawalakhel@test.com
"Sompal Dev Lamichane",Sundhara,sompal.lamichane563gaushala@demo.net
"Kushal Gopal Paudel",Sundhara,kushal.paudel564chabel@mail.com
"Rohit Krishna Paudel",Ratnapark,rohit.paudel565ratnapark@test.com
"Kushal Dhoj Bhurtel",Tripureshwor,kushal.bhurtel566baneshwor@test.com
"Paras Lal Bhandari",Baneshwor,paras.bhandari567ratnapark@test.com
"Sompal Bahadur Paudel",Chabel,sompal.paudel568ratnapark@demo.net
"Arif Dhoj Lamichane",Tripureshwor,arif.lamichane569sundhara@random.org
"Sompal Bahadur Malla",Gaushala,sompal.malla570chabel@test.com
"Binod Bhagat Lamichane",Tripureshwor,binod.lamichane571jawalakhel@random.org
"Paras Bir Kami",Tripureshwor,paras.kami572tinkune@mail.com
"Rohit Gopal Paudel",Ratnapark,rohit.paudel573jawalakhel@example.com
"Lalit Bhagat K.C",Baneshwor,lalit.k.c574gaushala@random.org
"Arif Gopal Bhandari",Ekantakuna,arif.bhandari575gaushala@random.org
"Binod Bhagat Khadka",Gaushala,binod.khadka576gaushala@test.com
"Paras Gopal Paudel",Ekantakuna,paras.paudel577chabel@mail.com
"Binod Kumar Khadka",Gaushala,binod.khadka578jawalakhel@test.com
"Lalit Bhagat Rajbanshi",Ratnapark,lalit.rajbanshi579sundhara@mail.com
"Binod Bhagat Bhurtel",Ratnapark,binod.bhurtel580ekantakuna@mail.com
"Arif Krishna Paudel",Ratnapark,arif.paudel581gaushala@test.com
"Paras Lal Seikh",Baneshwor,paras.seikh582chabel@test.com
"Rohit Krishna Seikh",Sundhara,rohit.seikh583ratnapark@mail.com
"Kushal Dev Bhandari",Jawalakhel,"kushal.bhandari584new road@random.org"
"Binod Gopal K.C",Gaushala,binod.k.c585sundhara@demo.net
"Lalit Bahadur Rajbanshi",Baneshwor,lalit.rajbanshi586tinkune@test.com
"Paras Dev Paudel","New Road",paras.paudel587sundhara@test.com
"Arif Kumar Kami",Sundhara,"arif.kami588new road@test.com"
"Sompal Dev K.C",Tinkune,sompal.k.c589ekantakuna@random.org
"Rohit Bhagat Lamichane",Chabel,rohit.lamichane590ratnapark@mail.com
"Paras Krishna Rajbanshi",Ekantakuna,paras.rajbanshi591chabel@random.org
"Sompal Lal K.C","New Road",sompal.k.c592chabel@demo.net
"Karan Bhopal Kami",Sundhara,karan.kami593ekantakuna@mail.com
"Paras Krishna Lamichane",Sundhara,paras.lamichane594baneshwor@random.org
"Karan Bir Bhurtel",Chabel,karan.bhurtel595gaushala@test.com
"Rohit Dev K.C",Baneshwor,rohit.k.c596tinkune@test.com
"Lalit Kumar Rajbanshi",Jawalakhel,lalit.rajbanshi597jawalakhel@mail.com
"Binod Dhoj Lamichane",Baneshwor,binod.lamichane598tripureshwor@test.com
"Sompal Kumar Kami",Gaushala,sompal.kami599sundhara@random.org
"Asif Bahadur Khadka",Ekantakuna,asif.khadka600ratnapark@random.org
"Paras Bhopal Bhurtel",Chabel,"paras.bhurtel601new road@random.org"
"Arif Bhopal Khadka",Baneshwor,arif.khadka602ekantakuna@example.com
"Binod Krishna Khadka",Tripureshwor,binod.khadka603baneshwor@demo.net
"Sandeep Bhopal Khadka","New Road",sandeep.khadka604tripureshwor@example.com
"Asif Bir Bhandari",Baneshwor,asif.bhandari605baneshwor@test.com
"Arif Dhoj Malla",Tripureshwor,arif.malla606gaushala@test.com
"Binod Bir Bhurtel",Ekantakuna,binod.bhurtel607ekantakuna@demo.net
"Sandeep Lal Khadka",Ekantakuna,sandeep.khadka608baneshwor@test.com
"Asif Bir Bhandari",Gaushala,asif.bhandari609tinkune@random.org
"Sandeep Krishna Paudel",Tripureshwor,sandeep.paudel610baneshwor@example.com
"Arif Bahadur Rajbanshi",Sundhara,arif.rajbanshi611ratnapark@test.com
"Arif Lal Malla",Ekantakuna,arif.malla612ekantakuna@random.org
"Asif Dhoj Seikh",Tinkune,asif.seikh613baneshwor@mail.com
"Paras Bhagat K.C",Tinkune,paras.k.c614ekantakuna@demo.net
"Paras Bhopal Seikh",Ekantakuna,paras.seikh615ratnapark@test.com
"Rohit Bhopal Paudel",Jawalakhel,"rohit.paudel616new road@test.com"
"Karan Bahadur Seikh",Tinkune,karan.seikh617ekantakuna@example.com
"Rohit Lal Paudel",Baneshwor,rohit.paudel618baneshwor@demo.net
"Rohit Dhoj Malla",Ratnapark,rohit.malla619gaushala@example.com
"Rohit Dhoj Khadka",Tinkune,rohit.khadka620ekantakuna@example.com
"Binod Kumar K.C",Tripureshwor,"binod.k.c621new road@test.com"
"Asif Gopal Bhandari",Gaushala,asif.bhandari622jawalakhel@example.com
"Arif Krishna Bhandari","New Road",arif.bhandari623gaushala@test.com
"Rohit Dev Kami",Baneshwor,rohit.kami624ekantakuna@test.com
"Rohit Krishna Rajbanshi",Ekantakuna,rohit.rajbanshi625ratnapark@mail.com
"Karan Dhoj Malla",Chabel,karan.malla626tripureshwor@demo.net
"Binod Lal Bhurtel","New Road",binod.bhurtel627ratnapark@mail.com
"Asif Dhoj Khadka",Jawalakhel,asif.khadka628tinkune@mail.com
"Rohit Gopal Kami",Tripureshwor,rohit.kami629baneshwor@example.com
"Kushal Dev Paudel",Ratnapark,kushal.paudel630gaushala@mail.com
"Kushal Bahadur Bhurtel",Ratnapark,kushal.bhurtel631sundhara@example.com
"Karan Lal Paudel",Ekantakuna,karan.paudel632tripureshwor@mail.com
"Asif Dev Rajbanshi",Jawalakhel,asif.rajbanshi633tinkune@demo.net
"Asif Bhopal Malla","New Road",asif.malla634gaushala@test.com
"Rohit Lal Khadka",Chabel,rohit.khadka635ekantakuna@mail.com
"Binod Dev Malla",Ekantakuna,binod.malla636ekantakuna@mail.com
"Arif Lal Bhandari",Sundhara,arif.bhandari637jawalakhel@example.com
"Asif Dev K.C",Tinkune,asif.k.c638tripureshwor@test.com
"Arif Bahadur Paudel",Tripureshwor,arif.paudel639tripureshwor@mail.com
"Kushal Bahadur Bhandari",Sundhara,kushal.bhandari640baneshwor@demo.net
"Sompal Kumar Malla",Ratnapark,sompal.malla641ratnapark@example.com
"Sandeep Lal Kami",Tinkune,sandeep.kami642tinkune@random.org
"Lalit Bhopal Paudel",Tripureshwor,lalit.paudel643gaushala@test.com
"Sandeep Krishna Malla",Sundhara,sandeep.malla644jawalakhel@demo.net
"Paras Kumar Khadka",Chabel,paras.khadka645baneshwor@example.com
"Paras Bir Paudel",Baneshwor,paras.paudel646ratnapark@test.com
"Sompal Dev Bhandari",Sundhara,"sompal.bhandari647new road@demo.net"
"Lalit Bhagat K.C",Sundhara,lalit.k.c648baneshwor@mail.com
"Rohit Bir Bhandari",Gaushala,rohit.bhandari649ratnapark@example.com
"Lalit Bir Khadka",Ekantakuna,lalit.khadka650ekantakuna@demo.net
"Sandeep Lal Rajbanshi","New Road",sandeep.rajbanshi651gaushala@example.com
"Paras Lal K.C",Baneshwor,paras.k.c652tinkune@demo.net
"Paras Bahadur Malla",Ekantakuna,paras.malla653sundhara@test.com
"Kushal Dhoj Bhandari",Tripureshwor,"kushal.bhandari654new road@random.org"
"Arif Kumar Seikh",Baneshwor,arif.seikh655sundhara@mail.com
"Asif Kumar K.C",Ratnapark,asif.k.c656ekantakuna@example.com
"Asif Lal Khadka",Jawalakhel,asif.khadka657baneshwor@demo.net
"Asif Kumar Malla",Tinkune,asif.malla658tripureshwor@example.com
"Rohit Kumar Bhandari",Baneshwor,rohit.bhandari659tinkune@demo.net
"Sompal Bhopal Bhandari",Tinkune,sompal.bhandari660jawalakhel@demo.net
"Paras Bahadur Khadka",Ratnapark,paras.khadka661baneshwor@mail.com
"Rohit Kumar Lamichane",Ratnapark,rohit.lamichane662gaushala@example.com
"Binod Bahadur Kami",Sundhara,binod.kami663sundhara@example.com
"Sandeep Bhagat Paudel",Gaushala,sandeep.paudel664jawalakhel@test.com
"Karan Bir K.C",Ratnapark,karan.k.c665sundhara@example.com
"Karan Bahadur Seikh","New Road",karan.seikh666gaushala@test.com
"Binod Dev Khadka","New Road",binod.khadka667tinkune@example.com
"Karan Dev Seikh",Ekantakuna,karan.seikh668baneshwor@mail.com
"Karan Dhoj Paudel",Ekantakuna,karan.paudel669ekantakuna@example.com
"Sompal Bir Bhurtel",Tripureshwor,sompal.bhurtel670jawalakhel@demo.net
"Rohit Dhoj Kami",Ekantakuna,rohit.kami671tripureshwor@test.com
"Rohit Bir Rajbanshi",Tinkune,rohit.rajbanshi672sundhara@mail.com
"Lalit Bir Kami",Gaushala,lalit.kami673gaushala@demo.net
"Sompal Bhagat Paudel",Chabel,sompal.paudel674ratnapark@random.org
"Kushal Dhoj Lamichane",Sundhara,kushal.lamichane675ratnapark@demo.net
"Karan Dhoj Kami",Ekantakuna,karan.kami676ekantakuna@example.com
"Asif Bhopal Paudel",Baneshwor,asif.paudel677sundhara@test.com
"Sompal Kumar Bhurtel",Gaushala,"sompal.bhurtel678new road@example.com"
"Binod Bhagat Rajbanshi",Ekantakuna,binod.rajbanshi679ratnapark@example.com
"Rohit Bhopal Kami",Tripureshwor,"rohit.kami680new road@test.com"
"Sompal Dhoj Paudel",Gaushala,sompal.paudel681chabel@example.com
"Karan Bhopal Khadka",Ekantakuna,"karan.khadka682new road@test.com"
"Sandeep Bhagat Khadka",Baneshwor,sandeep.khadka683sundhara@test.com
"Arif Gopal Malla",Tripureshwor,arif.malla684chabel@random.org
"Sompal Krishna Khadka",Ekantakuna,sompal.khadka685gaushala@demo.net
"Arif Bir K.C",Jawalakhel,arif.k.c686chabel@example.com
"Karan Dev Paudel",Ratnapark,karan.paudel687tinkune@test.com
"Kushal Dhoj Bhurtel",Tripureshwor,kushal.bhurtel688jawalakhel@demo.net
"Asif Dev Lamichane",Jawalakhel,asif.lamichane689tinkune@mail.com
"Sompal Bhagat Khadka",Chabel,sompal.khadka690tripureshwor@test.com
"Karan Bhopal K.C",Baneshwor,karan.k.c691ekantakuna@random.org
"Karan Dhoj Bhurtel",Gaushala,karan.bhurtel692tinkune@test.com
"Asif Bhopal Seikh",Baneshwor,asif.seikh693gaushala@demo.net
"Sompal Bahadur Khadka",Jawalakhel,sompal.khadka694ekantakuna@test.com
"Sandeep Gopal Rajbanshi","New Road","sandeep.rajbanshi695new road@random.org"
"Paras Bahadur Paudel",Jawalakhel,paras.paudel696ratnapark@random.org
"Asif Bahadur Paudel",Ekantakuna,asif.paudel697ratnapark@example.com
"Rohit Gopal Bhurtel",Ekantakuna,rohit.bhurtel698jawalakhel@test.com
"Arif Bhagat Malla",Sundhara,arif.malla699tripureshwor@test.com
"Paras Krishna Bhurtel",Sundhara,paras.bhurtel700gaushala@example.com
"Kushal Krishna Lamichane",Jawalakhel,kushal.lamichane701jawalakhel@random.org
"Rohit Bahadur Rajbanshi",Tripureshwor,rohit.rajbanshi702ekantakuna@example.com
"Sandeep Kumar Khadka",Chabel,sandeep.khadka703chabel@test.com
"Sompal Bhopal Bhandari",Ekantakuna,sompal.bhandari704gaushala@mail.com
"Sandeep Bhopal Khadka",Ratnapark,sandeep.khadka705sundhara@test.com
"Rohit Lal Malla",Sundhara,rohit.malla706gaushala@mail.com
"Karan Gopal Lamichane",Chabel,karan.lamichane707tinkune@mail.com
"Sompal Dhoj Seikh",Jawalakhel,sompal.seikh708chabel@demo.net
"Kushal Bir Lamichane",Sundhara,kushal.lamichane709gaushala@test.com
"Paras Bhopal Malla",Tripureshwor,paras.malla710sundhara@example.com
"Rohit Krishna Seikh",Sundhara,rohit.seikh711tinkune@mail.com
"Kushal Gopal Seikh",Sundhara,kushal.seikh712baneshwor@random.org
"Kushal Lal Seikh",Tinkune,kushal.seikh713baneshwor@test.com
"Karan Dhoj Bhandari",Jawalakhel,karan.bhandari714gaushala@random.org
"Karan Kumar Rajbanshi","New Road",karan.rajbanshi715jawalakhel@test.com
"Asif Bir Lamichane","New Road","asif.lamichane716new road@mail.com"
"Karan Kumar Bhandari",Sundhara,"karan.bhandari717new road@random.org"
"Paras Lal Bhurtel",Tripureshwor,paras.bhurtel718jawalakhel@example.com
"Sandeep Bir Paudel",Tinkune,sandeep.paudel719baneshwor@test.com
"Lalit Gopal Kami",Ekantakuna,lalit.kami720jawalakhel@test.com
"Sandeep Dhoj K.C",Chabel,sandeep.k.c721ratnapark@example.com
"Karan Kumar Kami",Baneshwor,karan.kami722gaushala@demo.net
"Asif Dhoj Rajbanshi",Ratnapark,asif.rajbanshi723tripureshwor@test.com
"Arif Krishna Lamichane","New Road",arif.lamichane724tinkune@demo.net
"Kushal Bir Rajbanshi",Gaushala,kushal.rajbanshi725tinkune@demo.net
"Paras Kumar Seikh",Tinkune,paras.seikh726baneshwor@test.com
"Binod Bir Khadka",Jawalakhel,binod.khadka727tinkune@mail.com
"Kushal Bahadur Bhurtel",Jawalakhel,"kushal.bhurtel728new road@example.com"
"Kushal Dhoj Lamichane",Baneshwor,kushal.lamichane729jawalakhel@mail.com
"Lalit Dev Kami",Gaushala,lalit.kami730tinkune@test.com
"Lalit Bhagat Seikh","New Road",lalit.seikh731tinkune@test.com
"Binod Bahadur Lamichane",Ratnapark,"binod.lamichane732new road@test.com"
"Asif Bir Rajbanshi",Sundhara,asif.rajbanshi733baneshwor@random.org
"Rohit Bhopal Malla",Tripureshwor,rohit.malla734sundhara@random.org
"Arif Dhoj Kami",Baneshwor,arif.kami735ekantakuna@test.com
"Kushal Gopal Seikh",Sundhara,"kushal.seikh736new road@mail.com"
"Sompal Dhoj Malla",Ekantakuna,"sompal.malla737new road@demo.net"
"Asif Bhopal Seikh",Ekantakuna,"asif.seikh738new road@demo.net"
"Binod Lal Kami",Ekantakuna,"binod.kami739new road@mail.com"
"Kushal Lal Paudel",Sundhara,kushal.paudel740gaushala@test.com
"Asif Bahadur Khadka",Tinkune,asif.khadka741chabel@test.com
"Sompal Bahadur Bhurtel",Jawalakhel,sompal.bhurtel742ratnapark@example.com
"Karan Lal Malla",Gaushala,karan.malla743baneshwor@random.org
"Sandeep Dhoj Bhandari",Sundhara,sandeep.bhandari744baneshwor@demo.net
"Kushal Bahadur K.C",Jawalakhel,"kushal.k.c745new road@demo.net"
"Kushal Krishna Bhurtel",Chabel,kushal.bhurtel746sundhara@test.com
"Binod Bhagat Rajbanshi",Chabel,binod.rajbanshi747sundhara@example.com
"Kushal Gopal Malla",Ekantakuna,kushal.malla748gaushala@mail.com
"Lalit Kumar K.C","New Road",lalit.k.c749jawalakhel@demo.net
"Lalit Dhoj Khadka",Ratnapark,"lalit.khadka750new road@example.com"
"Rohit Dev Khadka",Sundhara,rohit.khadka751chabel@test.com
"Paras Bhopal Khadka",Ekantakuna,paras.khadka752tinkune@example.com
"Paras Krishna Paudel",Gaushala,"paras.paudel753new road@random.org"
"Sompal Krishna Khadka",Baneshwor,sompal.khadka754baneshwor@example.com
"Binod Krishna Seikh",Tripureshwor,binod.seikh755ratnapark@mail.com
"Sandeep Bir Khadka",Jawalakhel,sandeep.khadka756tinkune@mail.com
"Paras Bahadur Rajbanshi",Sundhara,paras.rajbanshi757tripureshwor@example.com
"Lalit Dhoj Lamichane",Ekantakuna,lalit.lamichane758tripureshwor@mail.com
"Arif Lal Bhandari",Gaushala,arif.bhandari759chabel@example.com
"Sompal Bahadur Paudel",Ekantakuna,sompal.paudel760tripureshwor@demo.net
"Sandeep Lal K.C",Tinkune,sandeep.k.c761jawalakhel@example.com
"Binod Bahadur Khadka",Ekantakuna,binod.khadka762tinkune@example.com
"Sandeep Gopal Rajbanshi",Baneshwor,sandeep.rajbanshi763jawalakhel@demo.net
"Asif Kumar Bhandari",Gaushala,asif.bhandari764jawalakhel@demo.net
"Paras Bhopal Rajbanshi",Ekantakuna,"paras.rajbanshi765new road@random.org"
"Asif Bahadur Paudel",Chabel,asif.paudel766tripureshwor@mail.com
"Asif Krishna Bhandari",Gaushala,asif.bhandari767ratnapark@random.org
"Karan Lal Khadka",Jawalakhel,karan.khadka768jawalakhel@example.com
"Sompal Gopal K.C",Sundhara,sompal.k.c769gaushala@mail.com
"Arif Bir Lamichane",Baneshwor,arif.lamichane770baneshwor@random.org
"Karan Bahadur Lamichane",Baneshwor,karan.lamichane771gaushala@test.com
"Rohit Krishna Bhandari",Chabel,rohit.bhandari772sundhara@test.com
"Arif Dhoj Bhandari",Sundhara,arif.bhandari773gaushala@example.com
"Sompal Kumar K.C",Gaushala,"sompal.k.c774new road@example.com"
"Binod Gopal Lamichane",Ekantakuna,binod.lamichane775gaushala@demo.net
"Rohit Bhopal K.C",Tinkune,rohit.k.c776baneshwor@example.com
"Paras Krishna Seikh",Ekantakuna,paras.seikh777baneshwor@random.org
"Lalit Kumar Bhandari","New Road",lalit.bhandari778ekantakuna@demo.net
"Binod Dev Paudel",Sundhara,"binod.paudel779new road@random.org"
"Sompal Bhagat Rajbanshi",Sundhara,sompal.rajbanshi780ratnapark@demo.net
"Arif Dhoj Kami",Sundhara,arif.kami781jawalakhel@mail.com
"Lalit Bir Seikh",Baneshwor,lalit.seikh782tinkune@mail.com
"Asif Lal Bhandari",Sundhara,asif.bhandari783ratnapark@demo.net
"Kushal Bir Bhandari",Jawalakhel,"kushal.bhandari784new road@random.org"
"Sompal Krishna Bhandari",Ekantakuna,sompal.bhandari785jawalakhel@random.org
"Asif Dev Bhandari",Baneshwor,asif.bhandari786tripureshwor@demo.net
"Sompal Gopal Kami",Tripureshwor,sompal.kami787ekantakuna@random.org
"Asif Bhagat Lamichane",Sundhara,asif.lamichane788ratnapark@example.com
"Lalit Bir Lamichane",Jawalakhel,"lalit.lamichane789new road@example.com"
"Arif Bahadur Bhurtel",Gaushala,arif.bhurtel790baneshwor@random.org
"Rohit Bhopal Kami","New Road",rohit.kami791jawalakhel@example.com
"Binod Dev Bhurtel",Sundhara,binod.bhurtel792sundhara@test.com
"Karan Bhagat Kami",Gaushala,"karan.kami793new road@example.com"
"Karan Lal Rajbanshi",Baneshwor,karan.rajbanshi794ekantakuna@mail.com
"Kushal Dev Lamichane",Tripureshwor,kushal.lamichane795sundhara@test.com
"Karan Bhopal Kami",Ratnapark,karan.kami796gaushala@mail.com
"Karan Lal Lamichane",Chabel,karan.lamichane797jawalakhel@test.com
"Sompal Kumar K.C",Sundhara,sompal.k.c798chabel@random.org
"Binod Dhoj Rajbanshi",Sundhara,binod.rajbanshi799chabel@test.com
"Lalit Kumar Rajbanshi",Baneshwor,lalit.rajbanshi800gaushala@test.com
"Asif Dev Lamichane",Ratnapark,asif.lamichane801tripureshwor@mail.com
"Sompal Bhopal Kami",Sundhara,sompal.kami802tinkune@example.com
"Asif Bir Paudel",Ratnapark,asif.paudel803ekantakuna@demo.net
"Kushal Dev Bhurtel",Sundhara,kushal.bhurtel804baneshwor@example.com
"Kushal Krishna Khadka",Ratnapark,kushal.khadka805sundhara@test.com
"Lalit Bhagat Kami",Ekantakuna,lalit.kami806tripureshwor@test.com
"Rohit Krishna Khadka",Tinkune,rohit.khadka807chabel@mail.com
"Asif Bhopal Kami",Ekantakuna,asif.kami808ratnapark@example.com
"Sompal Bhagat Malla",Tinkune,sompal.malla809sundhara@demo.net
"Binod Lal Lamichane",Gaushala,binod.lamichane810gaushala@demo.net
"Asif Dhoj Lamichane",Ekantakuna,asif.lamichane811ratnapark@random.org
"Kushal Bahadur Paudel",Ratnapark,kushal.paudel812chabel@mail.com
"Karan Kumar K.C",Ratnapark,karan.k.c813gaushala@demo.net
"Lalit Dev Kami",Chabel,lalit.kami814sundhara@test.com
"Asif Lal Rajbanshi",Ratnapark,asif.rajbanshi815ekantakuna@example.com
"Sandeep Dhoj Bhandari",Sundhara,sandeep.bhandari816chabel@example.com
"Sompal Krishna Bhurtel",Baneshwor,sompal.bhurtel817baneshwor@test.com
"Binod Kumar Paudel",Ekantakuna,binod.paudel818chabel@demo.net
"Sompal Bhagat Rajbanshi",Chabel,sompal.rajbanshi819tinkune@mail.com
"Paras Bhopal Bhandari",Baneshwor,paras.bhandari820jawalakhel@example.com
"Sandeep Bahadur Paudel",Chabel,sandeep.paudel821chabel@mail.com
"Binod Bhagat Lamichane","New Road",binod.lamichane822jawalakhel@test.com
"Binod Bhagat Khadka",Baneshwor,binod.khadka823tripureshwor@example.com
"Paras Bahadur Malla",Baneshwor,paras.malla824ratnapark@test.com
"Rohit Bhagat Paudel",Jawalakhel,rohit.paudel825gaushala@mail.com
"Lalit Lal Bhandari",Baneshwor,lalit.bhandari826tinkune@demo.net
"Lalit Lal Khadka",Tinkune,"lalit.khadka827new road@mail.com"
"Paras Dhoj Khadka",Jawalakhel,paras.khadka828ekantakuna@example.com
"Binod Bahadur Khadka",Baneshwor,binod.khadka829sundhara@demo.net
"Sandeep Dhoj Malla",Ekantakuna,sandeep.malla830ekantakuna@mail.com
"Karan Krishna K.C",Sundhara,karan.k.c831tripureshwor@test.com
"Arif Bir Bhurtel",Sundhara,arif.bhurtel832jawalakhel@demo.net
"Kushal Bahadur Paudel",Ekantakuna,kushal.paudel833tripureshwor@mail.com
"Sompal Kumar Bhandari","New Road",sompal.bhandari834ratnapark@demo.net
"Arif Kumar Khadka",Sundhara,arif.khadka835tripureshwor@example.com
"Asif Krishna K.C",Chabel,asif.k.c836sundhara@test.com
"Asif Dhoj K.C",Sundhara,asif.k.c837tinkune@mail.com
"Rohit Dhoj Bhandari",Tripureshwor,rohit.bhandari838baneshwor@random.org
"Binod Dev Seikh",Tinkune,binod.seikh839ratnapark@example.com
"Rohit Dev Bhurtel",Sundhara,"rohit.bhurtel840new road@demo.net"
"Karan Bahadur Khadka",Ekantakuna,"karan.khadka841new road@mail.com"
"Paras Bhagat Rajbanshi",Tinkune,paras.rajbanshi842ratnapark@example.com
"Rohit Krishna Kami",Jawalakhel,rohit.kami843tinkune@demo.net
"Karan Dev Lamichane",Gaushala,karan.lamichane844baneshwor@example.com
"Kushal Bhopal K.C",Tinkune,kushal.k.c845baneshwor@demo.net
"Arif Bhopal Bhandari",Ekantakuna,arif.bhandari846ekantakuna@demo.net
"Kushal Bahadur Bhandari",Sundhara,kushal.bhandari847ekantakuna@demo.net
"Arif Kumar Seikh",Ratnapark,"arif.seikh848new road@random.org"
"Arif Kumar Paudel",Tinkune,arif.paudel849tinkune@test.com
"Asif Gopal Bhandari",Tinkune,asif.bhandari850ekantakuna@demo.net
"Asif Lal K.C",Tripureshwor,asif.k.c851ratnapark@demo.net
"Lalit Bhopal Bhandari",Chabel,lalit.bhandari852baneshwor@example.com
"Paras Lal Seikh",Sundhara,paras.seikh853jawalakhel@example.com
"Karan Lal Rajbanshi",Chabel,karan.rajbanshi854ratnapark@demo.net
"Asif Bahadur Bhurtel",Chabel,"asif.bhurtel855new road@test.com"
"Sandeep Lal Kami",Chabel,sandeep.kami856tinkune@mail.com
"Paras Dhoj Rajbanshi",Tinkune,paras.rajbanshi857chabel@example.com
"Rohit Bir Bhurtel",Tinkune,rohit.bhurtel858baneshwor@random.org
"Sompal Bhagat Kami",Tinkune,sompal.kami859ratnapark@demo.net
"Paras Gopal Kami",Baneshwor,"paras.kami860new road@example.com"
"Asif Kumar K.C","New Road",asif.k.c861chabel@demo.net
"Binod Dev Bhurtel",Chabel,binod.bhurtel862tinkune@random.org
"Arif Bir Paudel",Tripureshwor,arif.paudel863ekantakuna@mail.com
"Paras Bhagat Lamichane",Baneshwor,"paras.lamichane864new road@test.com"
"Karan Dev Kami",Ekantakuna,karan.kami865tinkune@mail.com
"Sompal Dev Kami",Tinkune,sompal.kami866chabel@demo.net
"Lalit Dhoj Kami",Ekantakuna,lalit.kami867tripureshwor@mail.com
"Sandeep Bhopal Paudel",Ekantakuna,sandeep.paudel868chabel@demo.net
"Rohit Lal Malla",Jawalakhel,rohit.malla869tripureshwor@random.org
"Sandeep Bir Rajbanshi",Ratnapark,sandeep.rajbanshi870chabel@example.com
"Sandeep Krishna Khadka",Jawalakhel,sandeep.khadka871tripureshwor@test.com
"Kushal Kumar Khadka",Ratnapark,kushal.khadka872gaushala@test.com
"Asif Gopal Kami",Baneshwor,asif.kami873gaushala@mail.com
"Binod Gopal Bhurtel",Tripureshwor,binod.bhurtel874ekantakuna@demo.net
"Binod Kumar Khadka",Sundhara,binod.khadka875jawalakhel@random.org
"Arif Kumar Kami",Chabel,arif.kami876gaushala@test.com
"Binod Bhagat Rajbanshi",Sundhara,binod.rajbanshi877tripureshwor@example.com
"Asif Bhagat Rajbanshi",Gaushala,asif.rajbanshi878chabel@random.org
"Sompal Bhagat Bhandari",Ekantakuna,sompal.bhandari879ratnapark@example.com
"Sandeep Bhopal K.C",Gaushala,sandeep.k.c880jawalakhel@example.com
"Kushal Dhoj K.C",Tinkune,kushal.k.c881gaushala@demo.net
"Arif Gopal Rajbanshi",Baneshwor,arif.rajbanshi882ratnapark@demo.net
"Rohit Lal Kami","New Road",rohit.kami883tinkune@demo.net
"Binod Gopal Bhandari","New Road",binod.bhandari884baneshwor@test.com
"Arif Bir Khadka",Gaushala,arif.khadka885gaushala@demo.net
"Asif Bir Lamichane",Ekantakuna,"asif.lamichane886new road@random.org"
"Binod Gopal Kami",Sundhara,binod.kami887tripureshwor@example.com
"Sompal Bhagat Bhurtel",Baneshwor,sompal.bhurtel888jawalakhel@example.com
"Asif Dev Paudel",Chabel,"asif.paudel889new road@mail.com"
"Rohit Kumar Seikh",Sundhara,rohit.seikh890chabel@mail.com
"Sompal Dev Khadka",Jawalakhel,sompal.khadka891sundhara@demo.net
"Binod Kumar Kami",Baneshwor,binod.kami892ratnapark@demo.net
"Lalit Krishna Lamichane",Baneshwor,lalit.lamichane893ekantakuna@test.com
"Sandeep Bir Lamichane",Gaushala,sandeep.lamichane894ekantakuna@example.com
"Sompal Bir Rajbanshi",Ratnapark,sompal.rajbanshi895ekantakuna@example.com
"Karan Dhoj Malla",Tinkune,karan.malla896gaushala@test.com
"Binod Bhagat K.C",Baneshwor,binod.k.c897sundhara@random.org
"Arif Dhoj Lamichane",Jawalakhel,arif.lamichane898sundhara@mail.com
"Arif Bhagat Seikh",Ekantakuna,arif.seikh899gaushala@test.com
"Sompal Dhoj Khadka",Gaushala,sompal.khadka900chabel@random.org
"Kushal Dhoj Seikh",Sundhara,kushal.seikh901ekantakuna@mail.com
"Asif Gopal Paudel",Gaushala,asif.paudel902tripureshwor@mail.com
"Binod Bhopal Lamichane",Jawalakhel,binod.lamichane903sundhara@test.com
"Sompal Lal Khadka",Jawalakhel,sompal.khadka904ekantakuna@test.com
"Lalit Krishna Lamichane",Baneshwor,lalit.lamichane905sundhara@mail.com
"Rohit Bir Bhurtel",Ekantakuna,rohit.bhurtel906baneshwor@demo.net
"Lalit Kumar Paudel",Baneshwor,lalit.paudel907tinkune@demo.net
"Karan Dev Malla",Gaushala,karan.malla908jawalakhel@demo.net
"Asif Lal Lamichane",Ratnapark,asif.lamichane909gaushala@example.com
"Binod Gopal Khadka",Jawalakhel,binod.khadka910sundhara@test.com
"Binod Dev Malla","New Road",binod.malla911jawalakhel@example.com
"Paras Lal Bhurtel",Ekantakuna,paras.bhurtel912baneshwor@test.com
"Arif Kumar Bhandari",Baneshwor,"arif.bhandari913new road@demo.net"
"Sompal Bahadur Malla",Jawalakhel,sompal.malla914tripureshwor@random.org
"Sandeep Bhopal Lamichane",Ekantakuna,sandeep.lamichane915tripureshwor@random.org
"Asif Gopal K.C",Baneshwor,"asif.k.c916new road@test.com"
"Rohit Bahadur Bhandari",Jawalakhel,"rohit.bhandari917new road@example.com"
"Kushal Kumar Bhurtel","New Road",kushal.bhurtel918chabel@random.org
"Binod Gopal Bhurtel",Baneshwor,binod.bhurtel919baneshwor@mail.com
"Binod Kumar K.C",Ratnapark,binod.k.c920jawalakhel@test.com
"Kushal Gopal Bhurtel",Ekantakuna,kushal.bhurtel921baneshwor@test.com
"Karan Lal Paudel",Chabel,"karan.paudel922new road@mail.com"
"Paras Gopal Bhurtel",Tripureshwor,paras.bhurtel923baneshwor@demo.net
"Sandeep Bir Malla",Ekantakuna,sandeep.malla924tinkune@test.com
"Rohit Gopal Lamichane","New Road",rohit.lamichane925baneshwor@mail.com
"Paras Lal Rajbanshi",Baneshwor,paras.rajbanshi926chabel@mail.com
"Kushal Lal Lamichane",Tripureshwor,kushal.lamichane927gaushala@test.com
"Arif Bhopal Paudel",Tripureshwor,arif.paudel928baneshwor@demo.net
"Sandeep Bhopal Bhandari",Ekantakuna,sandeep.bhandari929ratnapark@test.com
"Karan Bhagat K.C",Sundhara,karan.k.c930ratnapark@mail.com
"Asif Dhoj K.C",Ratnapark,asif.k.c931chabel@demo.net
"Rohit Lal Kami",Tinkune,rohit.kami932ratnapark@mail.com
"Sandeep Dhoj Seikh","New Road","sandeep.seikh933new road@mail.com"
"Rohit Krishna Malla",Chabel,rohit.malla934tinkune@mail.com
"Paras Lal Bhurtel",Jawalakhel,paras.bhurtel935gaushala@demo.net
"Paras Dhoj K.C",Tinkune,"paras.k.c936new road@mail.com"
"Asif Krishna Paudel",Jawalakhel,asif.paudel937ekantakuna@random.org
"Asif Bahadur Lamichane",Chabel,asif.lamichane938sundhara@mail.com
"Paras Bahadur Bhandari",Tinkune,paras.bhandari939tinkune@example.com
"Sompal Kumar Kami",Tripureshwor,"sompal.kami940new road@mail.com"
"Karan Bahadur Seikh",Chabel,"karan.seikh941new road@random.org"
"Sandeep Dev Bhurtel",Ratnapark,sandeep.bhurtel942tripureshwor@demo.net
"Binod Bhopal Bhurtel",Chabel,binod.bhurtel943ekantakuna@example.com
"Lalit Krishna Bhurtel",Tinkune,lalit.bhurtel944gaushala@mail.com
"Paras Bhopal Kami",Tripureshwor,paras.kami945gaushala@test.com
"Asif Bhagat Khadka",Ekantakuna,asif.khadka946gaushala@example.com
"Paras Dhoj Bhandari",Tripureshwor,paras.bhandari947tripureshwor@random.org
"Rohit Krishna Kami",Baneshwor,rohit.kami948gaushala@example.com
"Arif Gopal Malla",Gaushala,arif.malla949tripureshwor@demo.net
"Asif Krishna Paudel",Jawalakhel,asif.paudel950jawalakhel@test.com
"Sandeep Dhoj Bhurtel",Jawalakhel,sandeep.bhurtel951baneshwor@example.com
"Binod Gopal Malla",Ekantakuna,binod.malla952ekantakuna@demo.net
"Binod Gopal Lamichane",Tripureshwor,binod.lamichane953ekantakuna@random.org
"Sandeep Kumar Rajbanshi",Chabel,sandeep.rajbanshi954ekantakuna@demo.net
"Arif Krishna Kami",Chabel,arif.kami955tinkune@example.com
"Sompal Bir Malla",Baneshwor,sompal.malla956baneshwor@random.org
"Sandeep Kumar Paudel","New Road","sandeep.paudel957new road@test.com"
"Kushal Bir Bhurtel",Gaushala,kushal.bhurtel958baneshwor@random.org
"Karan Bir Rajbanshi",Ratnapark,karan.rajbanshi959chabel@demo.net
"Karan Dhoj Bhandari",Gaushala,karan.bhandari960jawalakhel@mail.com
"Asif Gopal Kami",Baneshwor,asif.kami961jawalakhel@example.com
"Sompal Bir Lamichane",Baneshwor,sompal.lamichane962jawalakhel@mail.com
"Binod Gopal Malla",Tinkune,binod.malla963chabel@mail.com
"Arif Bir Bhandari",Jawalakhel,arif.bhandari964tripureshwor@mail.com
"Sandeep Bahadur Rajbanshi",Jawalakhel,sandeep.rajbanshi965chabel@example.com
"Asif Bahadur Lamichane",Ekantakuna,asif.lamichane966ekantakuna@example.com
"Sompal Gopal Bhurtel",Chabel,sompal.bhurtel967chabel@mail.com
"Rohit Gopal K.C",Tripureshwor,rohit.k.c968sundhara@example.com
"Sompal Bhagat Bhurtel",Baneshwor,sompal.bhurtel969tripureshwor@mail.com
"Sompal Krishna Seikh","New Road",sompal.seikh970ratnapark@example.com
"Lalit Lal Kami",Tripureshwor,lalit.kami971gaushala@test.com
"Kushal Dev Malla",Tinkune,kushal.malla972tripureshwor@example.com
"Asif Kumar Seikh",Chabel,asif.seikh973ratnapark@demo.net
"Lalit Bir Malla",Baneshwor,lalit.malla974jawalakhel@random.org
"Arif Krishna K.C",Baneshwor,arif.k.c975chabel@demo.net
"Paras Bhagat Paudel",Tripureshwor,paras.paudel976sundhara@mail.com
"Rohit Gopal Rajbanshi",Tripureshwor,rohit.rajbanshi977ekantakuna@mail.com
"Karan Kumar K.C",Tripureshwor,karan.k.c978chabel@demo.net
"Lalit Dhoj Malla",Tinkune,lalit.malla979tinkune@mail.com
"Binod Gopal Rajbanshi",Gaushala,binod.rajbanshi980tripureshwor@demo.net
"Karan Bhagat Khadka",Ekantakuna,karan.khadka981tripureshwor@demo.net
"Sompal Bir Rajbanshi",Gaushala,sompal.rajbanshi982sundhara@example.com
"Asif Bhagat K.C",Tinkune,asif.k.c983chabel@example.com
"Asif Gopal Khadka",Chabel,asif.khadka984jawalakhel@random.org
"Paras Bhagat Bhurtel",Sundhara,paras.bhurtel985chabel@random.org
"Paras Lal K.C","New Road",paras.k.c986ratnapark@test.com
"Lalit Kumar Kami",Tripureshwor,"lalit.kami987new road@mail.com"
"Binod Dhoj Bhurtel","New Road",binod.bhurtel988sundhara@random.org
"Sompal Lal Bhurtel",Gaushala,sompal.bhurtel989ekantakuna@mail.com
"Arif Bhagat Paudel","New Road",arif.paudel990chabel@example.com
"Binod Bahadur Malla",Chabel,binod.malla991tripureshwor@random.org
"Rohit Dev Bhandari","New Road",rohit.bhandari992ekantakuna@mail.com
"Paras Kumar Bhandari","New Road",paras.bhandari993ratnapark@example.com
"Sandeep Bhopal Seikh",Jawalakhel,sandeep.seikh994ekantakuna@example.com
"Paras Bir Malla",Chabel,paras.malla995gaushala@test.com
"Karan Bhopal K.C",Gaushala,karan.k.c996ekantakuna@test.com
"Binod Gopal K.C",Tinkune,binod.k.c997chabel@random.org
"Lalit Gopal Paudel",Tripureshwor,lalit.paudel998ekantakuna@random.org
"Lalit Krishna Khadka",Gaushala,lalit.khadka999baneshwor@test.com
"Binod Gopal Khadka",Tripureshwor,binod.khadka1000sundhara@demo.net
"Sompal Lal Kami","New Road",sompal.kami1001tripureshwor@example.com
"Rohit Bir Rajbanshi",Tinkune,rohit.rajbanshi1002chabel@random.org
"Binod Bhagat Malla","New Road",binod.malla1003tripureshwor@demo.net
"Paras Dhoj Rajbanshi",Tinkune,paras.rajbanshi1004tinkune@random.org
"Sompal Kumar Lamichane",Gaushala,sompal.lamichane1005baneshwor@example.com
"Arif Krishna Khadka",Sundhara,arif.khadka1006ratnapark@test.com
"Karan Krishna K.C",Tripureshwor,karan.k.c1007jawalakhel@test.com
"Binod Bhopal Malla",Chabel,binod.malla1008ekantakuna@mail.com
"Rohit Bir Seikh",Baneshwor,rohit.seikh1009gaushala@mail.com
"Paras Dhoj Paudel",Tripureshwor,paras.paudel1010ekantakuna@random.org
"Asif Bir Bhandari",Ekantakuna,asif.bhandari1011ratnapark@random.org
"Paras Bir Seikh",Baneshwor,paras.seikh1012tinkune@test.com
"Rohit Gopal Kami",Ratnapark,rohit.kami1013ratnapark@test.com
"Asif Bhopal Bhandari",Tripureshwor,asif.bhandari1014ratnapark@example.com
"Sompal Bahadur Malla",Jawalakhel,sompal.malla1015jawalakhel@demo.net
"Lalit Dev Khadka",Ekantakuna,"lalit.khadka1016new road@random.org"
"Rohit Lal Rajbanshi",Jawalakhel,rohit.rajbanshi1017gaushala@mail.com
"Sompal Bhopal Seikh",Ratnapark,sompal.seikh1018tripureshwor@mail.com
"Paras Bhopal Seikh",Sundhara,"paras.seikh1019new road@test.com"
"Kushal Bahadur Kami",Ekantakuna,kushal.kami1020tinkune@example.com
"Kushal Gopal Rajbanshi",Jawalakhel,kushal.rajbanshi1021ratnapark@example.com
"Karan Bir Lamichane","New Road",karan.lamichane1022jawalakhel@mail.com
"Binod Dhoj Bhandari",Jawalakhel,"binod.bhandari1023new road@random.org"
"Rohit Dev Lamichane",Ratnapark,rohit.lamichane1024sundhara@mail.com
"Arif Bahadur Lamichane",Gaushala,arif.lamichane1025tinkune@random.org
"Rohit Dhoj Rajbanshi",Ekantakuna,rohit.rajbanshi1026tripureshwor@demo.net
"Binod Bahadur Lamichane",Chabel,binod.lamichane1027ratnapark@mail.com
"Lalit Dev Bhurtel",Gaushala,lalit.bhurtel1028sundhara@mail.com
"Sandeep Lal Rajbanshi",Ratnapark,sandeep.rajbanshi1029tinkune@demo.net
"Asif Dev Bhurtel",Ratnapark,asif.bhurtel1030baneshwor@test.com
"Arif Dev Seikh",Tripureshwor,arif.seikh1031tinkune@mail.com
"Paras Bahadur Paudel",Jawalakhel,paras.paudel1032baneshwor@test.com
"Paras Dhoj Bhurtel",Baneshwor,paras.bhurtel1033sundhara@random.org
"Lalit Kumar Seikh",Gaushala,lalit.seikh1034tripureshwor@example.com
"Lalit Gopal Paudel",Baneshwor,lalit.paudel1035chabel@test.com
"Lalit Bhagat Lamichane",Tinkune,"lalit.lamichane1036new road@demo.net"
"Sompal Lal Paudel",Jawalakhel,sompal.paudel1037ratnapark@test.com
"Binod Krishna Lamichane",Baneshwor,binod.lamichane1038tripureshwor@mail.com
"Rohit Krishna Lamichane",Chabel,rohit.lamichane1039jawalakhel@mail.com
"Binod Dhoj K.C",Ratnapark,binod.k.c1040gaushala@test.com
"Arif Bhagat K.C",Ekantakuna,arif.k.c1041tripureshwor@mail.com
"Karan Dhoj Paudel",Sundhara,karan.paudel1042ratnapark@demo.net
"Lalit Bhopal Kami",Baneshwor,lalit.kami1043tripureshwor@demo.net
"Rohit Dev Bhurtel",Ratnapark,"rohit.bhurtel1044new road@test.com"
"Lalit Lal Bhurtel",Gaushala,lalit.bhurtel1045chabel@demo.net
"Asif Bahadur Kami",Ratnapark,asif.kami1046tripureshwor@demo.net
"Binod Lal Bhandari",Tinkune,binod.bhandari1047ekantakuna@test.com
"Lalit Lal Bhandari",Tinkune,"lalit.bhandari1048new road@random.org"
"Asif Kumar Kami",Baneshwor,asif.kami1049gaushala@demo.net
"Paras Krishna Kami",Tripureshwor,"paras.kami1050new road@example.com"
"Asif Bhagat Khadka",Tinkune,asif.khadka1051chabel@random.org
"Asif Bir Seikh",Sundhara,asif.seikh1052tinkune@example.com
"Rohit Bahadur Malla",Ekantakuna,rohit.malla1053ratnapark@example.com
"Lalit Gopal Bhandari",Ekantakuna,lalit.bhandari1054baneshwor@mail.com
"Karan Kumar Paudel",Ratnapark,karan.paudel1055ratnapark@mail.com
"Arif Bir Bhandari",Chabel,"arif.bhandari1056new road@demo.net"
"Karan Gopal Bhandari",Jawalakhel,karan.bhandari1057jawalakhel@demo.net
"Arif Bir Seikh","New Road",arif.seikh1058sundhara@random.org
"Arif Krishna Malla",Ekantakuna,arif.malla1059tinkune@mail.com
"Rohit Bhagat Malla",Tripureshwor,rohit.malla1060tinkune@test.com
"Arif Bir Seikh",Ekantakuna,arif.seikh1061tripureshwor@mail.com
"Sompal Dev Malla",Chabel,sompal.malla1062tripureshwor@example.com
"Paras Lal Khadka",Tripureshwor,paras.khadka1063gaushala@test.com
"Binod Kumar Bhurtel",Baneshwor,binod.bhurtel1064ekantakuna@random.org
"Asif Bahadur Seikh",Tripureshwor,asif.seikh1065gaushala@demo.net
"Binod Lal Lamichane",Sundhara,"binod.lamichane1066new road@example.com"
"Karan Kumar Kami",Tinkune,karan.kami1067jawalakhel@mail.com
"Arif Gopal Paudel",Tripureshwor,arif.paudel1068tripureshwor@test.com
"Rohit Bhagat Rajbanshi",Sundhara,"rohit.rajbanshi1069new road@test.com"
"Lalit Kumar Malla",Jawalakhel,lalit.malla1070ekantakuna@test.com
"Lalit Bhopal Bhandari",Ekantakuna,lalit.bhandari1071chabel@demo.net
"Sompal Bahadur Seikh","New Road",sompal.seikh1072tinkune@mail.com
"Paras Bahadur Malla",Tinkune,paras.malla1073tripureshwor@demo.net
"Asif Dev Khadka",Ekantakuna,asif.khadka1074tripureshwor@mail.com
"Sompal Krishna Bhandari",Jawalakhel,sompal.bhandari1075tinkune@example.com
"Binod Gopal Kami",Ratnapark,binod.kami1076tripureshwor@random.org
"Kushal Gopal K.C",Ekantakuna,kushal.k.c1077gaushala@test.com
"Asif Dev Kami",Sundhara,asif.kami1078sundhara@test.com
"Binod Gopal Malla",Tripureshwor,binod.malla1079ratnapark@demo.net
"Kushal Lal Bhurtel","New Road","kushal.bhurtel1080new road@mail.com"
"Asif Bahadur Khadka",Chabel,asif.khadka1081baneshwor@demo.net
"Binod Bir Khadka",Tripureshwor,binod.khadka1082gaushala@mail.com
"Arif Bahadur Paudel","New Road",arif.paudel1083tinkune@demo.net
"Sandeep Gopal Malla",Tripureshwor,sandeep.malla1084ekantakuna@mail.com
"Arif Gopal Bhandari",Baneshwor,arif.bhandari1085ekantakuna@test.com
"Kushal Bhagat Paudel",Gaushala,kushal.paudel1086gaushala@demo.net
"Lalit Bhopal Khadka",Jawalakhel,lalit.khadka1087tinkune@random.org
"Asif Dhoj Seikh",Ekantakuna,asif.seikh1088sundhara@demo.net
"Karan Gopal Kami",Jawalakhel,karan.kami1089tinkune@random.org
"Sompal Bhopal Seikh",Tinkune,"sompal.seikh1090new road@random.org"
"Karan Kumar Kami",Ekantakuna,"karan.kami1091new road@demo.net"
"Rohit Kumar K.C",Tinkune,rohit.k.c1092chabel@example.com
"Rohit Krishna Kami",Gaushala,rohit.kami1093sundhara@demo.net
"Sompal Bhagat Malla",Jawalakhel,sompal.malla1094tinkune@test.com
"Rohit Krishna Malla",Ekantakuna,rohit.malla1095ratnapark@example.com
"Binod Dhoj Bhurtel","New Road",binod.bhurtel1096ratnapark@random.org
"Paras Bahadur Bhurtel",Ekantakuna,paras.bhurtel1097baneshwor@random.org
"Lalit Dhoj Bhandari",Ekantakuna,lalit.bhandari1098ekantakuna@test.com
"Paras Gopal Rajbanshi",Baneshwor,paras.rajbanshi1099tripureshwor@example.com
"Lalit Kumar Bhurtel",Ratnapark,"lalit.bhurtel1100new road@example.com"
"Karan Gopal Bhandari",Gaushala,karan.bhandari1101baneshwor@demo.net
"Arif Bahadur Bhandari",Chabel,arif.bhandari1102baneshwor@test.com
"Binod Bhopal Bhandari",Tinkune,binod.bhandari1103ekantakuna@test.com
"Binod Bahadur K.C",Gaushala,binod.k.c1104tinkune@random.org
"Sandeep Kumar Paudel",Ratnapark,sandeep.paudel1105sundhara@test.com
"Karan Bhopal Malla",Sundhara,karan.malla1106tripureshwor@random.org
"Sandeep Lal Lamichane","New Road",sandeep.lamichane1107sundhara@example.com
"Arif Bhopal Paudel",Sundhara,arif.paudel1108baneshwor@demo.net
"Arif Bhopal Kami",Gaushala,arif.kami1109tinkune@random.org
"Karan Dev Bhurtel",Tinkune,karan.bhurtel1110jawalakhel@mail.com
"Binod Bhagat Seikh","New Road",binod.seikh1111tripureshwor@example.com
"Arif Bir Khadka",Gaushala,arif.khadka1112ekantakuna@example.com
"Karan Krishna Bhurtel",Jawalakhel,karan.bhurtel1113jawalakhel@test.com
"Karan Bir Rajbanshi",Chabel,karan.rajbanshi1114gaushala@test.com
"Kushal Kumar Khadka",Ratnapark,kushal.khadka1115chabel@random.org
"Lalit Krishna Bhurtel",Jawalakhel,lalit.bhurtel1116chabel@demo.net
"Kushal Bahadur Kami",Gaushala,kushal.kami1117ekantakuna@test.com
"Sandeep Dhoj Bhandari",Jawalakhel,sandeep.bhandari1118ekantakuna@example.com
"Sompal Lal Lamichane",Ratnapark,sompal.lamichane1119gaushala@mail.com
"Sandeep Dhoj Malla",Jawalakhel,sandeep.malla1120ratnapark@random.org
"Asif Lal Paudel","New Road",asif.paudel1121gaushala@random.org
"Sompal Gopal Malla",Tripureshwor,sompal.malla1122gaushala@demo.net
"Asif Krishna Lamichane",Ratnapark,asif.lamichane1123sundhara@demo.net
"Rohit Bir K.C","New Road",rohit.k.c1124tinkune@example.com
"Kushal Lal Bhurtel","New Road","kushal.bhurtel1125new road@demo.net"
"Lalit Bir Malla",Tinkune,lalit.malla1126gaushala@demo.net
"Paras Dhoj Bhurtel",Baneshwor,paras.bhurtel1127jawalakhel@demo.net
"Karan Bhagat Rajbanshi",Ekantakuna,karan.rajbanshi1128sundhara@demo.net
"Paras Kumar Bhurtel","New Road",paras.bhurtel1129gaushala@random.org
"Lalit Krishna Paudel","New Road",lalit.paudel1130baneshwor@mail.com
"Lalit Gopal Bhurtel",Sundhara,lalit.bhurtel1131chabel@example.com
"Asif Dev Kami",Chabel,asif.kami1132sundhara@example.com
"Rohit Krishna Kami",Tripureshwor,rohit.kami1133tinkune@random.org
"Asif Dhoj Seikh",Gaushala,"asif.seikh1134new road@demo.net"
"Sompal Bahadur Khadka",Sundhara,sompal.khadka1135gaushala@demo.net
"Asif Bhagat Lamichane",Tripureshwor,"asif.lamichane1136new road@example.com"
"Asif Bhagat Paudel","New Road",asif.paudel1137tripureshwor@mail.com
"Binod Bir Seikh",Baneshwor,binod.seikh1138sundhara@demo.net
"Karan Bahadur K.C",Baneshwor,"karan.k.c1139new road@random.org"
"Sandeep Bhopal Seikh",Baneshwor,sandeep.seikh1140tripureshwor@demo.net
"Arif Bahadur Seikh",Chabel,arif.seikh1141chabel@demo.net
"Asif Lal Kami",Baneshwor,asif.kami1142jawalakhel@example.com
"Kushal Kumar Bhurtel",Chabel,"kushal.bhurtel1143new road@test.com"
"Rohit Dhoj Malla",Chabel,rohit.malla1144gaushala@mail.com
"Arif Dhoj Paudel",Gaushala,arif.paudel1145ratnapark@mail.com
"Arif Dhoj Paudel",Ekantakuna,arif.paudel1146baneshwor@demo.net
"Binod Lal Bhurtel",Tripureshwor,binod.bhurtel1147tinkune@random.org
"Arif Bahadur Seikh",Gaushala,arif.seikh1148chabel@test.com
"Karan Bahadur Lamichane",Tinkune,karan.lamichane1149sundhara@mail.com
"Kushal Dhoj Paudel",Chabel,kushal.paudel1150tinkune@example.com
"Asif Bhopal Bhurtel",Ratnapark,asif.bhurtel1151jawalakhel@test.com
"Binod Bir Bhurtel",Jawalakhel,binod.bhurtel1152jawalakhel@random.org
"Binod Bir Bhandari","New Road",binod.bhandari1153ratnapark@mail.com
"Binod Bir Seikh",Tinkune,binod.seikh1154ratnapark@test.com
"Asif Dhoj K.C",Baneshwor,asif.k.c1155tinkune@mail.com
"Rohit Krishna Kami",Ekantakuna,rohit.kami1156sundhara@example.com
"Asif Bhopal Bhurtel",Gaushala,asif.bhurtel1157gaushala@random.org
"Karan Lal Lamichane",Sundhara,karan.lamichane1158sundhara@random.org
"Paras Lal Lamichane",Chabel,paras.lamichane1159tripureshwor@test.com
"Lalit Kumar Bhurtel",Chabel,lalit.bhurtel1160tripureshwor@example.com
"Asif Krishna Kami",Gaushala,asif.kami1161tinkune@mail.com
"Karan Kumar Rajbanshi",Tripureshwor,karan.rajbanshi1162tripureshwor@example.com
"Karan Gopal Malla",Chabel,karan.malla1163tinkune@demo.net
"Lalit Gopal K.C",Tripureshwor,lalit.k.c1164baneshwor@mail.com
"Kushal Bahadur Kami","New Road",kushal.kami1165jawalakhel@test.com
"Kushal Dev Bhandari",Ekantakuna,kushal.bhandari1166gaushala@test.com
"Lalit Dev Kami",Sundhara,lalit.kami1167tinkune@example.com
"Asif Bir Malla",Baneshwor,asif.malla1168ekantakuna@demo.net
"Lalit Bhopal Kami",Baneshwor,lalit.kami1169jawalakhel@demo.net
"Binod Bhagat Rajbanshi",Ratnapark,binod.rajbanshi1170sundhara@mail.com
"Paras Gopal Rajbanshi",Ekantakuna,"paras.rajbanshi1171new road@mail.com"
"Binod Bahadur Malla",Ratnapark,binod.malla1172tinkune@demo.net
"Kushal Bhagat Khadka",Tinkune,kushal.khadka1173sundhara@mail.com
"Arif Bhagat Seikh",Baneshwor,arif.seikh1174baneshwor@example.com
"Arif Bahadur Malla",Jawalakhel,arif.malla1175tinkune@random.org
"Paras Dev Seikh",Baneshwor,paras.seikh1176baneshwor@mail.com
"Rohit Gopal Bhurtel",Ratnapark,rohit.bhurtel1177baneshwor@example.com
"Sandeep Kumar Lamichane",Ekantakuna,sandeep.lamichane1178baneshwor@test.com
"Paras Lal Seikh",Tripureshwor,paras.seikh1179ratnapark@random.org
"Binod Dhoj Seikh",Sundhara,binod.seikh1180ekantakuna@mail.com
"Kushal Bhagat Bhandari","New Road",kushal.bhandari1181gaushala@random.org
"Binod Bhopal K.C",Jawalakhel,binod.k.c1182sundhara@example.com
"Lalit Bahadur K.C",Tripureshwor,lalit.k.c1183jawalakhel@test.com
"Asif Bahadur Khadka",Tinkune,"asif.khadka1184new road@random.org"
"Rohit Bir Seikh",Tinkune,rohit.seikh1185baneshwor@random.org
"Sompal Bir Bhurtel",Tinkune,sompal.bhurtel1186tripureshwor@demo.net
"Paras Bahadur Khadka",Ekantakuna,paras.khadka1187tripureshwor@test.com
"Kushal Krishna Malla",Chabel,kushal.malla1188gaushala@test.com
"Rohit Bhopal Khadka",Baneshwor,rohit.khadka1189chabel@random.org
"Arif Bhagat Rajbanshi",Ekantakuna,"arif.rajbanshi1190new road@random.org"
"Lalit Gopal Malla",Ratnapark,lalit.malla1191ekantakuna@example.com
"Binod Bhopal Paudel",Tripureshwor,binod.paudel1192tinkune@mail.com
"Lalit Bhagat Kami",Jawalakhel,lalit.kami1193chabel@example.com
"Binod Dhoj Bhandari",Baneshwor,binod.bhandari1194ratnapark@mail.com
"Paras Bahadur Lamichane",Gaushala,paras.lamichane1195ratnapark@random.org
"Lalit Dhoj Khadka",Jawalakhel,lalit.khadka1196tinkune@demo.net
"Arif Lal Malla","New Road",arif.malla1197jawalakhel@example.com
"Asif Bhagat Rajbanshi","New Road",asif.rajbanshi1198tinkune@mail.com
"Binod Krishna Khadka","New Road",binod.khadka1199gaushala@demo.net
"Arif Krishna Bhurtel",Ratnapark,arif.bhurtel1200tinkune@demo.net
"Paras Gopal Lamichane",Sundhara,paras.lamichane1201chabel@demo.net
"Asif Krishna Bhandari",Baneshwor,asif.bhandari1202chabel@random.org
"Paras Dev Paudel",Ratnapark,paras.paudel1203sundhara@test.com
"Sompal Bhopal K.C",Ekantakuna,sompal.k.c1204chabel@mail.com
"Lalit Bhagat Paudel",Jawalakhel,lalit.paudel1205ratnapark@example.com
"Karan Krishna K.C",Ekantakuna,karan.k.c1206gaushala@example.com
"Sompal Gopal Bhurtel","New Road",sompal.bhurtel1207ratnapark@mail.com
"Sandeep Dev Seikh",Gaushala,sandeep.seikh1208tinkune@demo.net
"Rohit Bir Bhurtel",Tripureshwor,rohit.bhurtel1209ratnapark@test.com
"Sandeep Bahadur Bhurtel",Ekantakuna,sandeep.bhurtel1210chabel@test.com
"Paras Bhagat Bhurtel",Baneshwor,paras.bhurtel1211ratnapark@mail.com
"Asif Bir Malla",Ekantakuna,asif.malla1212ratnapark@example.com
"Asif Bhagat Bhandari",Gaushala,asif.bhandari1213tinkune@random.org
"Paras Bhagat Khadka",Gaushala,paras.khadka1214ratnapark@test.com
"Karan Bhopal Rajbanshi",Sundhara,karan.rajbanshi1215tinkune@random.org
"Karan Bhopal Rajbanshi",Chabel,karan.rajbanshi1216ekantakuna@demo.net
"Sompal Kumar K.C",Tinkune,sompal.k.c1217baneshwor@random.org
"Sandeep Bahadur Rajbanshi","New Road",sandeep.rajbanshi1218chabel@random.org
"Binod Bhopal K.C",Ratnapark,binod.k.c1219baneshwor@mail.com
"Binod Krishna Bhandari",Gaushala,binod.bhandari1220tripureshwor@test.com
"Rohit Kumar Bhurtel",Baneshwor,rohit.bhurtel1221baneshwor@mail.com
"Arif Bhopal Bhandari",Tinkune,arif.bhandari1222ekantakuna@test.com
"Sandeep Krishna Bhurtel",Ekantakuna,sandeep.bhurtel1223gaushala@demo.net
"Sompal Bhagat Malla",Jawalakhel,sompal.malla1224sundhara@demo.net
"Sandeep Dhoj Bhandari","New Road",sandeep.bhandari1225ekantakuna@mail.com
"Asif Dev Lamichane",Chabel,asif.lamichane1226baneshwor@test.com
"Karan Dhoj Malla","New Road",karan.malla1227sundhara@demo.net
"Rohit Bhopal K.C",Ekantakuna,rohit.k.c1228chabel@random.org
"Karan Dev Lamichane","New Road","karan.lamichane1229new road@mail.com"
"Arif Dhoj Bhurtel",Tinkune,arif.bhurtel1230chabel@demo.net
"Lalit Bhopal Malla",Ratnapark,lalit.malla1231ratnapark@demo.net
"Lalit Dev Kami",Baneshwor,lalit.kami1232sundhara@demo.net
"Asif Dev Seikh","New Road","asif.seikh1233new road@demo.net"
"Sompal Gopal Paudel",Chabel,sompal.paudel1234tripureshwor@random.org
"Karan Lal Rajbanshi",Jawalakhel,karan.rajbanshi1235ratnapark@example.com
"Karan Gopal Rajbanshi",Jawalakhel,karan.rajbanshi1236ratnapark@random.org
"Asif Lal Rajbanshi",Ekantakuna,asif.rajbanshi1237gaushala@random.org
"Rohit Kumar Paudel",Tripureshwor,rohit.paudel1238tinkune@example.com
"Paras Bahadur Khadka","New Road",paras.khadka1239sundhara@mail.com
"Kushal Bahadur Malla",Tripureshwor,"kushal.malla1240new road@mail.com"
"Lalit Bahadur Kami","New Road",lalit.kami1241tinkune@random.org
"Sompal Bhagat Kami",Tripureshwor,sompal.kami1242sundhara@mail.com
"Rohit Krishna Malla",Jawalakhel,rohit.malla1243gaushala@example.com
"Arif Bir Kami",Jawalakhel,arif.kami1244gaushala@demo.net
"Kushal Dhoj Lamichane",Gaushala,kushal.lamichane1245ratnapark@demo.net
"Lalit Bahadur Bhurtel",Sundhara,lalit.bhurtel1246jawalakhel@example.com
"Sompal Dev Bhandari","New Road",sompal.bhandari1247baneshwor@random.org
"Sompal Bhagat Rajbanshi",Chabel,sompal.rajbanshi1248gaushala@random.org
"Lalit Lal Lamichane",Chabel,lalit.lamichane1249jawalakhel@random.org
"Kushal Krishna Rajbanshi",Gaushala,kushal.rajbanshi1250sundhara@mail.com
"Karan Dev Lamichane",Jawalakhel,karan.lamichane1251chabel@test.com
"Karan Gopal Lamichane","New Road",karan.lamichane1252ratnapark@test.com
"Asif Bhopal Paudel",Tripureshwor,"asif.paudel1253new road@test.com"
"Karan Bir Seikh",Baneshwor,karan.seikh1254tripureshwor@mail.com
"Rohit Bhopal K.C",Tinkune,rohit.k.c1255tinkune@random.org
"Lalit Dhoj Bhandari",Baneshwor,lalit.bhandari1256gaushala@mail.com
"Karan Bir Khadka",Tripureshwor,karan.khadka1257chabel@test.com
"Rohit Dev Seikh",Tinkune,rohit.seikh1258ekantakuna@mail.com
"Sandeep Gopal Khadka",Tripureshwor,sandeep.khadka1259gaushala@random.org
"Kushal Bahadur K.C",Gaushala,kushal.k.c1260ratnapark@random.org
"Paras Bahadur Rajbanshi",Tinkune,paras.rajbanshi1261jawalakhel@demo.net
"Kushal Dhoj Seikh",Jawalakhel,kushal.seikh1262baneshwor@demo.net
"Kushal Bhopal Seikh",Sundhara,kushal.seikh1263tinkune@demo.net
"Rohit Bhopal Bhurtel",Baneshwor,rohit.bhurtel1264gaushala@random.org
"Kushal Kumar Bhurtel",Gaushala,kushal.bhurtel1265gaushala@test.com
"Rohit Dev Rajbanshi",Ekantakuna,rohit.rajbanshi1266ratnapark@demo.net
"Sompal Dhoj Seikh",Gaushala,sompal.seikh1267tinkune@mail.com
"Paras Dhoj Kami",Baneshwor,paras.kami1268ratnapark@random.org
"Rohit Bhagat Rajbanshi","New Road",rohit.rajbanshi1269ratnapark@mail.com
"Asif Bir Bhandari",Baneshwor,asif.bhandari1270gaushala@test.com
"Arif Dev K.C",Gaushala,arif.k.c1271ekantakuna@mail.com
"Asif Lal Rajbanshi",Baneshwor,asif.rajbanshi1272tripureshwor@test.com
"Kushal Bir Rajbanshi",Sundhara,kushal.rajbanshi1273ekantakuna@test.com
"Sompal Bhopal Lamichane","New Road",sompal.lamichane1274gaushala@example.com
"Lalit Bhopal Paudel","New Road",lalit.paudel1275gaushala@mail.com
"Binod Dev Malla",Tripureshwor,binod.malla1276baneshwor@random.org
"Arif Bhagat Seikh",Baneshwor,arif.seikh1277tripureshwor@demo.net
"Arif Bahadur Lamichane",Chabel,"arif.lamichane1278new road@example.com"
"Rohit Gopal Bhandari",Jawalakhel,rohit.bhandari1279ekantakuna@random.org
"Lalit Krishna Kami",Jawalakhel,lalit.kami1280chabel@example.com
"Sompal Bhopal Paudel",Sundhara,sompal.paudel1281ekantakuna@random.org
"Asif Gopal Malla","New Road",asif.malla1282jawalakhel@demo.net
"Paras Bahadur Bhandari",Chabel,paras.bhandari1283tripureshwor@mail.com
"Asif Lal Kami",Ekantakuna,asif.kami1284gaushala@random.org
"Binod Lal Khadka",Baneshwor,binod.khadka1285baneshwor@example.com
"Kushal Bahadur Kami",Tinkune,kushal.kami1286ratnapark@random.org
"Arif Dev Seikh",Baneshwor,"arif.seikh1287new road@random.org"
"Paras Bahadur Kami","New Road",paras.kami1288ratnapark@random.org
"Asif Bhagat Rajbanshi",Gaushala,"asif.rajbanshi1289new road@mail.com"
"Karan Krishna Khadka",Chabel,karan.khadka1290jawalakhel@demo.net
"Rohit Dhoj Malla",Ekantakuna,rohit.malla1291chabel@mail.com
"Rohit Kumar Lamichane","New Road",rohit.lamichane1292gaushala@test.com
"Paras Gopal Bhandari",Tinkune,"paras.bhandari1293new road@example.com"
"Lalit Lal Paudel",Tripureshwor,lalit.paudel1294chabel@mail.com
"Sandeep Dev Paudel",Chabel,sandeep.paudel1295sundhara@random.org
"Rohit Gopal Malla",Ratnapark,rohit.malla1296baneshwor@demo.net
"Sandeep Bhopal Kami",Ratnapark,sandeep.kami1297baneshwor@test.com
"Paras Bhagat Paudel",Baneshwor,paras.paudel1298tinkune@test.com
"Sandeep Krishna Kami",Chabel,sandeep.kami1299jawalakhel@test.com
"Binod Bir Bhandari",Baneshwor,"binod.bhandari1300new road@mail.com"
"Binod Kumar Malla",Jawalakhel,binod.malla1301sundhara@mail.com
"Sompal Lal Paudel",Tinkune,"sompal.paudel1302new road@example.com"
"Lalit Krishna Rajbanshi",Jawalakhel,lalit.rajbanshi1303baneshwor@demo.net
"Lalit Bahadur K.C",Tinkune,lalit.k.c1304gaushala@test.com
"Sandeep Gopal Lamichane",Gaushala,sandeep.lamichane1305ratnapark@example.com
"Rohit Lal Khadka",Gaushala,"rohit.khadka1306new road@demo.net"
"Binod Krishna Khadka",Chabel,binod.khadka1307ekantakuna@demo.net
"Sompal Gopal K.C",Chabel,sompal.k.c1308ekantakuna@random.org
"Sandeep Kumar Bhurtel",Gaushala,sandeep.bhurtel1309jawalakhel@random.org
"Arif Bir Bhandari",Baneshwor,arif.bhandari1310tinkune@mail.com
"Binod Dhoj K.C","New Road","binod.k.c1311new road@random.org"
"Arif Gopal Paudel",Tripureshwor,arif.paudel1312jawalakhel@demo.net
"Paras Bahadur K.C",Sundhara,paras.k.c1313tripureshwor@example.com
"Lalit Kumar Khadka",Baneshwor,lalit.khadka1314gaushala@test.com
"Paras Bhopal Rajbanshi",Tinkune,paras.rajbanshi1315ratnapark@mail.com
"Rohit Kumar Paudel",Tripureshwor,rohit.paudel1316ekantakuna@random.org
"Sandeep Lal Bhurtel",Gaushala,sandeep.bhurtel1317tripureshwor@demo.net
"Kushal Kumar Paudel",Ratnapark,kushal.paudel1318tripureshwor@demo.net
"Lalit Lal K.C",Sundhara,lalit.k.c1319tripureshwor@example.com
"Arif Gopal K.C",Sundhara,arif.k.c1320jawalakhel@example.com
"Asif Kumar Paudel",Tinkune,asif.paudel1321tinkune@mail.com
"Sandeep Dhoj Paudel",Chabel,sandeep.paudel1322ratnapark@test.com
"Sompal Bhagat K.C",Ekantakuna,sompal.k.c1323gaushala@example.com
"Sompal Dev Lamichane",Chabel,sompal.lamichane1324ekantakuna@demo.net
"Lalit Lal Khadka",Tinkune,lalit.khadka1325gaushala@test.com
"Rohit Lal Kami",Ekantakuna,rohit.kami1326tripureshwor@demo.net
"Lalit Dhoj Malla",Chabel,lalit.malla1327tripureshwor@example.com
"Sandeep Lal Bhandari",Jawalakhel,sandeep.bhandari1328ratnapark@mail.com
"Sompal Bir Bhandari",Chabel,sompal.bhandari1329tinkune@test.com
"Asif Dev Malla","New Road",asif.malla1330tinkune@demo.net
"Karan Bhopal Bhurtel",Jawalakhel,karan.bhurtel1331baneshwor@mail.com
"Binod Bahadur Paudel",Ratnapark,binod.paudel1332ekantakuna@demo.net
"Paras Krishna Lamichane",Jawalakhel,paras.lamichane1333gaushala@mail.com
"Paras Dev Paudel",Ratnapark,paras.paudel1334tripureshwor@demo.net
"Binod Kumar Lamichane",Ratnapark,binod.lamichane1335tripureshwor@test.com
"Sompal Bir K.C",Jawalakhel,sompal.k.c1336sundhara@example.com
"Paras Bir Seikh",Tinkune,paras.seikh1337chabel@mail.com
"Karan Bhopal Bhurtel",Ratnapark,karan.bhurtel1338chabel@test.com
"Sandeep Gopal Paudel",Ekantakuna,sandeep.paudel1339jawalakhel@random.org
"Kushal Bir Paudel",Tripureshwor,kushal.paudel1340tinkune@mail.com
"Rohit Lal Malla",Ekantakuna,rohit.malla1341tripureshwor@demo.net
"Kushal Kumar Kami",Jawalakhel,kushal.kami1342baneshwor@test.com
"Paras Bhagat Lamichane",Ratnapark,paras.lamichane1343jawalakhel@test.com
"Sompal Bahadur Paudel","New Road",sompal.paudel1344chabel@mail.com
"Sompal Dhoj Khadka",Sundhara,sompal.khadka1345jawalakhel@demo.net
"Arif Dhoj Kami",Tinkune,arif.kami1346sundhara@example.com
"Rohit Bir Seikh",Ratnapark,rohit.seikh1347tripureshwor@demo.net
"Paras Dhoj Bhandari",Chabel,paras.bhandari1348gaushala@random.org
"Kushal Kumar Kami","New Road",kushal.kami1349chabel@mail.com
"Binod Bir Khadka",Tinkune,binod.khadka1350tinkune@demo.net
"Rohit Dhoj Malla",Chabel,rohit.malla1351ratnapark@test.com
"Karan Kumar Paudel",Jawalakhel,karan.paudel1352baneshwor@demo.net
"Arif Bir K.C",Tinkune,arif.k.c1353tripureshwor@random.org
"Sandeep Dhoj Paudel",Baneshwor,sandeep.paudel1354ratnapark@mail.com
"Binod Krishna Rajbanshi",Tripureshwor,binod.rajbanshi1355tripureshwor@test.com
"Asif Krishna Seikh",Baneshwor,asif.seikh1356ratnapark@test.com
"Sompal Krishna K.C",Sundhara,sompal.k.c1357gaushala@mail.com
"Rohit Bahadur Rajbanshi",Jawalakhel,rohit.rajbanshi1358jawalakhel@demo.net
"Sandeep Gopal Malla",Baneshwor,sandeep.malla1359tripureshwor@random.org
"Lalit Kumar Kami",Ekantakuna,lalit.kami1360gaushala@random.org
"Sandeep Dev Paudel","New Road",sandeep.paudel1361sundhara@random.org
"Karan Bhagat Malla","New Road",karan.malla1362baneshwor@mail.com
"Karan Krishna Seikh",Tripureshwor,karan.seikh1363chabel@example.com
"Sandeep Krishna Bhurtel",Baneshwor,sandeep.bhurtel1364jawalakhel@test.com
"Rohit Lal Lamichane",Baneshwor,rohit.lamichane1365baneshwor@mail.com
"Sompal Bhopal Seikh",Tinkune,sompal.seikh1366tinkune@random.org
"Lalit Gopal K.C",Ekantakuna,lalit.k.c1367chabel@mail.com
"Sandeep Gopal Kami",Ratnapark,sandeep.kami1368ekantakuna@example.com
"Asif Bahadur Kami","New Road","asif.kami1369new road@example.com"
"Karan Bhagat Paudel",Gaushala,karan.paudel1370tripureshwor@example.com
"Lalit Bahadur Malla",Baneshwor,lalit.malla1371ratnapark@mail.com
"Karan Dev K.C",Ekantakuna,karan.k.c1372tinkune@example.com
"Paras Bahadur Bhurtel",Chabel,paras.bhurtel1373ekantakuna@random.org
"Kushal Kumar Paudel",Tripureshwor,kushal.paudel1374gaushala@test.com
"Karan Lal Seikh",Baneshwor,karan.seikh1375chabel@test.com
"Binod Krishna K.C",Sundhara,binod.k.c1376tripureshwor@example.com
"Arif Krishna Rajbanshi","New Road",arif.rajbanshi1377tripureshwor@test.com
"Binod Lal Seikh","New Road",binod.seikh1378sundhara@demo.net
"Lalit Lal Kami",Sundhara,lalit.kami1379ekantakuna@mail.com
"Arif Bir Bhandari",Ratnapark,"arif.bhandari1380new road@example.com"
"Asif Kumar K.C",Ratnapark,asif.k.c1381baneshwor@mail.com
"Sandeep Lal Seikh",Gaushala,sandeep.seikh1382ekantakuna@example.com
"Arif Dev Paudel",Tripureshwor,"arif.paudel1383new road@random.org"
"Sandeep Lal K.C",Tinkune,"sandeep.k.c1384new road@test.com"
"Kushal Dev Seikh",Tinkune,kushal.seikh1385jawalakhel@random.org
"Binod Kumar Bhandari",Ratnapark,binod.bhandari1386ratnapark@random.org
"Asif Gopal Lamichane",Tinkune,asif.lamichane1387chabel@mail.com
"Binod Dhoj Lamichane",Jawalakhel,binod.lamichane1388tripureshwor@random.org
"Sompal Kumar Rajbanshi",Ekantakuna,sompal.rajbanshi1389tripureshwor@test.com
"Arif Lal Kami",Gaushala,arif.kami1390tinkune@demo.net
"Binod Gopal K.C",Ekantakuna,binod.k.c1391gaushala@example.com
"Sandeep Bahadur K.C",Jawalakhel,sandeep.k.c1392tinkune@example.com
"Lalit Lal Lamichane",Ratnapark,lalit.lamichane1393sundhara@mail.com
"Lalit Bahadur Lamichane",Tripureshwor,lalit.lamichane1394tripureshwor@example.com
"Binod Bhagat Kami",Jawalakhel,binod.kami1395tripureshwor@test.com
"Arif Lal Kami",Sundhara,arif.kami1396gaushala@test.com
"Asif Dev Malla",Gaushala,asif.malla1397ekantakuna@test.com
"Sompal Lal Seikh",Sundhara,sompal.seikh1398tinkune@mail.com
"Sompal Bahadur Lamichane",Gaushala,sompal.lamichane1399gaushala@example.com
"Binod Bir Lamichane",Sundhara,binod.lamichane1400gaushala@example.com
"Binod Gopal Rajbanshi",Tripureshwor,binod.rajbanshi1401ekantakuna@mail.com
"Paras Krishna Seikh",Sundhara,paras.seikh1402tinkune@example.com
"Kushal Kumar Rajbanshi",Baneshwor,kushal.rajbanshi1403chabel@mail.com
"Binod Kumar Kami",Sundhara,binod.kami1404baneshwor@mail.com
"Paras Bhopal Malla",Chabel,paras.malla1405ekantakuna@mail.com
"Kushal Krishna Bhandari","New Road",kushal.bhandari1406tripureshwor@mail.com
"Rohit Bhagat K.C","New Road",rohit.k.c1407chabel@mail.com
"Rohit Bhopal Malla",Ekantakuna,rohit.malla1408gaushala@test.com
"Kushal Bir Paudel",Ratnapark,kushal.paudel1409chabel@example.com
"Arif Lal Bhandari",Chabel,arif.bhandari1410tinkune@example.com
"Kushal Gopal Rajbanshi",Chabel,kushal.rajbanshi1411tinkune@mail.com
"Rohit Krishna Bhurtel",Chabel,rohit.bhurtel1412tinkune@example.com
"Binod Bir Malla","New Road",binod.malla1413chabel@test.com
"Sandeep Dev Khadka",Chabel,sandeep.khadka1414chabel@example.com
"Binod Bahadur Rajbanshi",Chabel,binod.rajbanshi1415ratnapark@random.org
"Kushal Gopal K.C",Jawalakhel,kushal.k.c1416jawalakhel@random.org
"Karan Gopal Malla",Gaushala,karan.malla1417baneshwor@random.org
"Paras Lal Bhurtel",Ratnapark,paras.bhurtel1418chabel@random.org
"Arif Bahadur Lamichane",Tinkune,arif.lamichane1419ratnapark@example.com
"Arif Bir Kami",Baneshwor,arif.kami1420baneshwor@random.org
"Arif Bir K.C",Sundhara,arif.k.c1421ratnapark@mail.com
"Sompal Kumar Bhandari","New Road",sompal.bhandari1422ekantakuna@mail.com
"Paras Bhagat Kami",Tinkune,"paras.kami1423new road@mail.com"
"Paras Bhopal K.C",Jawalakhel,paras.k.c1424sundhara@demo.net
"Sandeep Gopal Lamichane",Tripureshwor,sandeep.lamichane1425gaushala@demo.net
"Rohit Bahadur Seikh",Sundhara,rohit.seikh1426sundhara@mail.com
"Arif Bahadur K.C",Chabel,arif.k.c1427tinkune@test.com
"Lalit Dev Lamichane",Ratnapark,lalit.lamichane1428ratnapark@example.com
"Sandeep Bhopal Lamichane",Ratnapark,sandeep.lamichane1429jawalakhel@example.com
"Paras Kumar Seikh",Chabel,paras.seikh1430ratnapark@example.com
"Karan Bhopal Seikh",Gaushala,karan.seikh1431ekantakuna@mail.com
"Rohit Dhoj Kami",Ekantakuna,rohit.kami1432tripureshwor@demo.net
"Asif Dhoj Bhurtel",Ekantakuna,asif.bhurtel1433jawalakhel@test.com
"Binod Kumar Bhandari",Ekantakuna,binod.bhandari1434ratnapark@demo.net
"Karan Bir Lamichane",Jawalakhel,karan.lamichane1435ratnapark@random.org
"Asif Gopal Lamichane",Ratnapark,asif.lamichane1436ratnapark@random.org
"Paras Dev Paudel",Chabel,paras.paudel1437gaushala@mail.com
"Asif Gopal Kami",Chabel,asif.kami1438chabel@example.com
"Asif Dev Paudel",Baneshwor,asif.paudel1439ratnapark@random.org
"Kushal Lal Rajbanshi",Baneshwor,kushal.rajbanshi1440sundhara@mail.com
"Lalit Gopal Khadka",Chabel,lalit.khadka1441tinkune@random.org
"Karan Gopal Malla",Jawalakhel,karan.malla1442baneshwor@example.com
"Binod Bhopal Seikh",Tinkune,binod.seikh1443tinkune@random.org
"Sompal Bir Paudel",Jawalakhel,"sompal.paudel1444new road@demo.net"
"Arif Lal Paudel",Gaushala,arif.paudel1445gaushala@test.com
"Karan Bhopal K.C",Ratnapark,"karan.k.c1446new road@example.com"
"Paras Bahadur Kami",Ekantakuna,paras.kami1447tripureshwor@mail.com
"Arif Bhagat K.C",Tripureshwor,arif.k.c1448baneshwor@demo.net
"Arif Bir Khadka",Jawalakhel,arif.khadka1449tinkune@random.org
"Binod Bir Malla",Gaushala,binod.malla1450ratnapark@random.org
"Sandeep Lal Paudel",Sundhara,sandeep.paudel1451tinkune@test.com
"Asif Lal K.C",Gaushala,"asif.k.c1452new road@demo.net"
"Asif Gopal Malla",Ekantakuna,"asif.malla1453new road@mail.com"
"Sompal Bhagat Malla",Gaushala,sompal.malla1454sundhara@demo.net
"Arif Bir Bhurtel","New Road",arif.bhurtel1455ratnapark@mail.com
"Sandeep Krishna Bhandari",Tripureshwor,sandeep.bhandari1456tinkune@example.com
"Sompal Bir K.C",Ekantakuna,sompal.k.c1457chabel@mail.com
"Sompal Dhoj Lamichane",Sundhara,sompal.lamichane1458chabel@example.com
"Lalit Bhagat Rajbanshi",Chabel,lalit.rajbanshi1459jawalakhel@example.com
"Asif Krishna Lamichane","New Road",asif.lamichane1460baneshwor@mail.com
"Lalit Bhagat Malla",Baneshwor,lalit.malla1461chabel@random.org
"Asif Krishna K.C",Gaushala,asif.k.c1462jawalakhel@mail.com
"Sompal Dev Rajbanshi",Chabel,sompal.rajbanshi1463baneshwor@example.com
"Asif Bhagat K.C",Baneshwor,asif.k.c1464tinkune@example.com
"Paras Kumar Malla",Sundhara,paras.malla1465chabel@example.com
"Rohit Dhoj Bhurtel",Sundhara,rohit.bhurtel1466chabel@example.com
"Arif Kumar Khadka",Ratnapark,arif.khadka1467ekantakuna@mail.com
"Sompal Lal Bhandari",Ratnapark,"sompal.bhandari1468new road@random.org"
"Paras Bir Bhurtel",Jawalakhel,paras.bhurtel1469ratnapark@mail.com
"Asif Lal Rajbanshi",Gaushala,asif.rajbanshi1470chabel@random.org
"Binod Kumar Rajbanshi",Ekantakuna,"binod.rajbanshi1471new road@example.com"
"Lalit Lal K.C","New Road",lalit.k.c1472tinkune@mail.com
"Kushal Dhoj Lamichane",Baneshwor,kushal.lamichane1473jawalakhel@mail.com
"Karan Dhoj Bhurtel",Chabel,karan.bhurtel1474jawalakhel@random.org
"Lalit Bir Rajbanshi",Jawalakhel,lalit.rajbanshi1475sundhara@test.com
"Sompal Kumar Lamichane",Ratnapark,sompal.lamichane1476gaushala@example.com
"Rohit Kumar Seikh",Sundhara,rohit.seikh1477baneshwor@test.com
"Rohit Bir Malla",Gaushala,rohit.malla1478ratnapark@test.com
"Rohit Krishna Khadka",Chabel,rohit.khadka1479jawalakhel@test.com
"Arif Krishna Bhurtel",Ratnapark,arif.bhurtel1480ekantakuna@test.com
"Sompal Bhopal Bhandari",Chabel,sompal.bhandari1481tinkune@mail.com
"Binod Kumar Rajbanshi",Sundhara,binod.rajbanshi1482chabel@random.org
"Arif Krishna Malla",Baneshwor,arif.malla1483sundhara@demo.net
"Arif Bir Bhandari",Baneshwor,arif.bhandari1484baneshwor@demo.net
"Asif Dhoj Paudel",Jawalakhel,asif.paudel1485baneshwor@example.com
"Kushal Bir Rajbanshi",Tripureshwor,"kushal.rajbanshi1486new road@example.com"
"Arif Dev Bhandari",Ekantakuna,arif.bhandari1487sundhara@test.com
"Binod Bhopal Kami",Chabel,"binod.kami1488new road@mail.com"
"Paras Dhoj Paudel",Ekantakuna,paras.paudel1489tripureshwor@test.com
"Sompal Lal Lamichane",Baneshwor,sompal.lamichane1490tinkune@demo.net
"Binod Krishna Kami",Sundhara,binod.kami1491sundhara@random.org
"Rohit Kumar Seikh",Chabel,rohit.seikh1492baneshwor@random.org
"Arif Dhoj Bhurtel",Gaushala,arif.bhurtel1493jawalakhel@random.org
"Karan Krishna Khadka",Baneshwor,karan.khadka1494chabel@example.com
"Sompal Lal Malla",Chabel,sompal.malla1495gaushala@random.org
"Lalit Krishna K.C",Sundhara,lalit.k.c1496jawalakhel@example.com
"Kushal Bir Malla",Ekantakuna,kushal.malla1497ratnapark@random.org
"Rohit Lal Lamichane",Baneshwor,rohit.lamichane1498chabel@random.org
"Sompal Gopal Rajbanshi",Gaushala,sompal.rajbanshi1499jawalakhel@demo.net
"Sandeep Dev Bhandari",Chabel,sandeep.bhandari1500chabel@test.com
"Paras Bir Bhandari",Gaushala,paras.bhandari1501tripureshwor@example.com
"Arif Bhagat K.C",Chabel,arif.k.c1502ratnapark@demo.net
"Sompal Lal Rajbanshi",Ratnapark,sompal.rajbanshi1503tripureshwor@demo.net
"Sompal Lal Kami",Tinkune,sompal.kami1504ekantakuna@test.com
"Paras Bhagat Seikh",Tinkune,paras.seikh1505ratnapark@test.com
"Karan Dhoj K.C","New Road",karan.k.c1506tinkune@mail.com
"Lalit Krishna K.C",Tinkune,"lalit.k.c1507new road@example.com"
"Arif Dev Khadka",Tripureshwor,arif.khadka1508baneshwor@example.com
"Sandeep Kumar Bhurtel",Jawalakhel,sandeep.bhurtel1509tripureshwor@test.com
"Rohit Dev Bhandari",Ekantakuna,rohit.bhandari1510sundhara@demo.net
"Kushal Bir Khadka",Ratnapark,kushal.khadka1511tripureshwor@example.com
"Binod Gopal Seikh",Gaushala,binod.seikh1512sundhara@random.org
"Karan Dhoj Lamichane",Gaushala,karan.lamichane1513gaushala@test.com
"Kushal Dhoj Seikh",Tinkune,kushal.seikh1514sundhara@test.com
"Asif Dhoj Malla",Gaushala,asif.malla1515chabel@demo.net
"Lalit Krishna Kami",Gaushala,lalit.kami1516ratnapark@test.com
"Lalit Dev Kami","New Road",lalit.kami1517sundhara@example.com
"Asif Kumar Seikh",Gaushala,asif.seikh1518tinkune@test.com
"Binod Krishna Seikh","New Road",binod.seikh1519gaushala@demo.net
"Arif Bhopal Malla",Ratnapark,arif.malla1520ratnapark@demo.net
"Rohit Bahadur Seikh",Ekantakuna,rohit.seikh1521tripureshwor@random.org
"Rohit Gopal K.C",Gaushala,rohit.k.c1522tripureshwor@mail.com
"Sompal Gopal Malla",Tripureshwor,sompal.malla1523sundhara@test.com
"Arif Dev Kami",Tinkune,arif.kami1524sundhara@demo.net
"Rohit Krishna Bhandari",Ekantakuna,rohit.bhandari1525tripureshwor@random.org
"Kushal Bir Malla",Ratnapark,kushal.malla1526gaushala@mail.com
"Paras Bir Rajbanshi",Jawalakhel,paras.rajbanshi1527gaushala@mail.com
"Asif Bahadur Bhurtel",Tinkune,asif.bhurtel1528ratnapark@mail.com
"Paras Bhopal Paudel",Baneshwor,paras.paudel1529ekantakuna@demo.net
"Sompal Gopal Malla",Jawalakhel,sompal.malla1530ratnapark@example.com
"Lalit Kumar Rajbanshi",Tripureshwor,lalit.rajbanshi1531baneshwor@demo.net
"Karan Dev Khadka",Jawalakhel,karan.khadka1532tinkune@example.com
"Lalit Bhagat K.C","New Road",lalit.k.c1533sundhara@mail.com
"Sompal Krishna Kami",Baneshwor,sompal.kami1534ekantakuna@random.org
"Karan Dhoj Seikh",Gaushala,karan.seikh1535baneshwor@example.com
"Karan Gopal Kami",Tinkune,karan.kami1536sundhara@example.com
"Paras Lal Malla",Baneshwor,paras.malla1537ekantakuna@mail.com
"Lalit Dev K.C",Chabel,lalit.k.c1538tinkune@test.com
"Lalit Krishna Rajbanshi",Tripureshwor,lalit.rajbanshi1539baneshwor@test.com
"Sandeep Krishna Paudel",Gaushala,sandeep.paudel1540ekantakuna@example.com
"Sompal Dhoj Paudel",Tripureshwor,"sompal.paudel1541new road@mail.com"
"Karan Bir Bhurtel",Chabel,karan.bhurtel1542baneshwor@demo.net
"Paras Lal Lamichane","New Road",paras.lamichane1543ekantakuna@demo.net
"Binod Dev Paudel",Baneshwor,binod.paudel1544baneshwor@mail.com
"Paras Bir Kami",Chabel,paras.kami1545sundhara@demo.net
"Arif Bhopal Paudel",Jawalakhel,"arif.paudel1546new road@random.org"
"Karan Bahadur Malla",Tinkune,karan.malla1547chabel@test.com
"Sompal Gopal Malla",Baneshwor,sompal.malla1548sundhara@random.org
"Karan Krishna Kami",Chabel,karan.kami1549tripureshwor@demo.net
"Paras Krishna K.C",Tinkune,paras.k.c1550tripureshwor@demo.net
"Asif Bhagat Rajbanshi",Tripureshwor,asif.rajbanshi1551jawalakhel@random.org
"Asif Lal Lamichane",Jawalakhel,asif.lamichane1552tripureshwor@mail.com
"Binod Bhagat Bhandari",Tinkune,binod.bhandari1553ratnapark@test.com
"Kushal Bhopal Lamichane",Ratnapark,kushal.lamichane1554sundhara@example.com
"Rohit Bir Paudel",Gaushala,rohit.paudel1555jawalakhel@mail.com
"Rohit Dhoj Khadka",Tinkune,rohit.khadka1556gaushala@example.com
"Kushal Krishna Bhurtel",Sundhara,kushal.bhurtel1557jawalakhel@mail.com
"Arif Kumar Kami","New Road",arif.kami1558gaushala@example.com
"Asif Bahadur Bhurtel",Baneshwor,asif.bhurtel1559ratnapark@test.com
"Rohit Bahadur K.C",Jawalakhel,rohit.k.c1560jawalakhel@mail.com
"Rohit Dhoj Lamichane",Tinkune,rohit.lamichane1561tripureshwor@test.com
"Sompal Bhopal Bhandari",Sundhara,sompal.bhandari1562gaushala@test.com
"Sompal Krishna Bhurtel",Jawalakhel,sompal.bhurtel1563tinkune@test.com
"Kushal Lal Lamichane",Sundhara,kushal.lamichane1564tripureshwor@random.org
"Lalit Bhagat Rajbanshi",Sundhara,lalit.rajbanshi1565jawalakhel@mail.com
"Asif Dev Paudel",Ekantakuna,asif.paudel1566chabel@example.com
"Kushal Bahadur K.C",Sundhara,kushal.k.c1567chabel@demo.net
"Kushal Dev Bhurtel",Ratnapark,kushal.bhurtel1568chabel@test.com
"Karan Lal Paudel",Sundhara,karan.paudel1569tripureshwor@example.com
"Rohit Dhoj K.C",Sundhara,rohit.k.c1570ratnapark@demo.net
"Sandeep Gopal Bhandari",Gaushala,sandeep.bhandari1571jawalakhel@test.com
"Lalit Bhagat Seikh",Sundhara,lalit.seikh1572sundhara@demo.net
"Rohit Bir Paudel",Tinkune,rohit.paudel1573sundhara@demo.net
"Paras Gopal Rajbanshi",Ekantakuna,paras.rajbanshi1574tinkune@example.com
"Paras Bahadur Bhurtel",Chabel,paras.bhurtel1575sundhara@demo.net
"Asif Bhopal Bhurtel",Tripureshwor,asif.bhurtel1576tripureshwor@mail.com
"Binod Kumar Rajbanshi","New Road",binod.rajbanshi1577gaushala@example.com
"Sompal Lal Kami",Tinkune,"sompal.kami1578new road@example.com"
"Karan Gopal Rajbanshi","New Road",karan.rajbanshi1579ekantakuna@mail.com
"Lalit Lal Bhandari",Ratnapark,lalit.bhandari1580ekantakuna@test.com
"Asif Gopal Seikh",Baneshwor,asif.seikh1581gaushala@test.com
"Karan Bhagat Paudel",Sundhara,karan.paudel1582sundhara@demo.net
"Binod Kumar Rajbanshi",Ratnapark,binod.rajbanshi1583jawalakhel@random.org
"Lalit Kumar K.C","New Road",lalit.k.c1584tripureshwor@random.org
"Paras Dhoj Lamichane",Chabel,paras.lamichane1585baneshwor@random.org
"Sandeep Dev K.C",Chabel,sandeep.k.c1586tinkune@test.com
"Binod Bhagat Khadka",Gaushala,binod.khadka1587jawalakhel@test.com
"Arif Dhoj Kami",Tinkune,arif.kami1588chabel@example.com
"Rohit Bir Bhurtel",Tripureshwor,rohit.bhurtel1589ratnapark@random.org
"Lalit Lal K.C",Gaushala,lalit.k.c1590sundhara@random.org
"Sandeep Bhopal Lamichane",Tripureshwor,sandeep.lamichane1591ekantakuna@example.com
"Lalit Bhopal Rajbanshi",Ratnapark,lalit.rajbanshi1592ekantakuna@mail.com
"Arif Krishna Bhurtel",Tinkune,"arif.bhurtel1593new road@test.com"
"Lalit Bir Seikh",Ratnapark,lalit.seikh1594baneshwor@mail.com
"Sompal Bhopal Malla","New Road",sompal.malla1595ekantakuna@demo.net
"Karan Dev Paudel",Chabel,karan.paudel1596ekantakuna@random.org
"Arif Bahadur Paudel","New Road",arif.paudel1597baneshwor@random.org
"Karan Bhopal Malla",Gaushala,"karan.malla1598new road@mail.com"
"Lalit Bhagat Kami",Tinkune,lalit.kami1599tripureshwor@test.com
"Kushal Lal Bhurtel","New Road",kushal.bhurtel1600gaushala@random.org
"Sompal Bir Khadka",Ekantakuna,sompal.khadka1601tripureshwor@demo.net
"Sompal Bhagat Lamichane",Jawalakhel,sompal.lamichane1602chabel@random.org
"Asif Bhopal Paudel",Sundhara,asif.paudel1603sundhara@random.org
"Kushal Lal Lamichane",Tinkune,kushal.lamichane1604chabel@mail.com
"Karan Gopal Bhandari",Chabel,karan.bhandari1605ekantakuna@example.com
"Rohit Kumar Bhurtel",Jawalakhel,rohit.bhurtel1606tripureshwor@example.com
"Sompal Bahadur Khadka",Chabel,sompal.khadka1607sundhara@example.com
"Sompal Kumar Bhurtel",Ekantakuna,sompal.bhurtel1608jawalakhel@mail.com
"Lalit Dev K.C",Baneshwor,lalit.k.c1609chabel@demo.net
"Asif Bhagat Khadka",Baneshwor,asif.khadka1610tinkune@mail.com
"Rohit Bir Bhandari",Sundhara,rohit.bhandari1611baneshwor@demo.net
"Rohit Lal Bhurtel",Sundhara,rohit.bhurtel1612sundhara@mail.com
"Kushal Bhopal Rajbanshi",Baneshwor,kushal.rajbanshi1613tinkune@test.com
"Karan Bahadur K.C",Gaushala,karan.k.c1614tripureshwor@test.com
"Arif Bhopal Paudel",Tinkune,arif.paudel1615tinkune@example.com
"Karan Dev Malla",Jawalakhel,karan.malla1616tinkune@test.com
"Arif Krishna Seikh",Gaushala,arif.seikh1617tripureshwor@random.org
"Sandeep Bahadur K.C",Chabel,"sandeep.k.c1618new road@test.com"
"Arif Bahadur Lamichane",Tripureshwor,arif.lamichane1619tripureshwor@demo.net
"Kushal Krishna Bhurtel",Ekantakuna,kushal.bhurtel1620chabel@random.org
"Karan Dev K.C","New Road",karan.k.c1621chabel@demo.net
"Paras Lal Lamichane",Baneshwor,paras.lamichane1622gaushala@example.com
"Kushal Gopal Lamichane","New Road",kushal.lamichane1623baneshwor@test.com
"Karan Kumar Lamichane",Gaushala,karan.lamichane1624ratnapark@test.com
"Paras Lal Khadka",Ekantakuna,paras.khadka1625gaushala@demo.net
"Arif Bhagat Seikh",Ekantakuna,arif.seikh1626ekantakuna@mail.com
"Kushal Lal Bhurtel",Sundhara,kushal.bhurtel1627tinkune@test.com
"Arif Gopal Paudel",Ekantakuna,arif.paudel1628ratnapark@demo.net
"Arif Bir Paudel",Gaushala,arif.paudel1629baneshwor@demo.net
"Lalit Dhoj K.C",Ekantakuna,lalit.k.c1630gaushala@example.com
"Karan Krishna Khadka",Tinkune,karan.khadka1631gaushala@random.org
"Kushal Bhagat Seikh",Jawalakhel,kushal.seikh1632jawalakhel@test.com
"Kushal Bir Kami",Tinkune,kushal.kami1633gaushala@example.com
"Kushal Kumar Rajbanshi",Chabel,kushal.rajbanshi1634baneshwor@demo.net
"Sandeep Bhagat Rajbanshi",Sundhara,sandeep.rajbanshi1635jawalakhel@mail.com
"Sandeep Gopal Khadka",Gaushala,"sandeep.khadka1636new road@test.com"
"Rohit Dhoj Kami",Tinkune,rohit.kami1637sundhara@test.com
"Binod Dev Bhurtel",Baneshwor,binod.bhurtel1638sundhara@example.com
"Arif Bhagat Khadka",Tinkune,"arif.khadka1639new road@demo.net"
"Binod Kumar Bhandari",Ratnapark,"binod.bhandari1640new road@mail.com"
"Rohit Krishna Paudel",Ratnapark,rohit.paudel1641chabel@demo.net
"Rohit Krishna Seikh",Baneshwor,rohit.seikh1642jawalakhel@mail.com
"Paras Bir Rajbanshi",Ekantakuna,paras.rajbanshi1643gaushala@test.com
"Kushal Bir Lamichane",Sundhara,kushal.lamichane1644tinkune@test.com
"Binod Bhagat Kami",Tinkune,binod.kami1645tinkune@mail.com
"Rohit Gopal Bhurtel",Ratnapark,rohit.bhurtel1646jawalakhel@mail.com
"Kushal Dev Malla",Chabel,kushal.malla1647jawalakhel@test.com
"Sandeep Bahadur Bhurtel",Ekantakuna,sandeep.bhurtel1648ekantakuna@random.org
"Lalit Dev Rajbanshi",Baneshwor,lalit.rajbanshi1649tinkune@test.com
"Asif Bhagat Khadka",Sundhara,asif.khadka1650tinkune@random.org
"Sandeep Dev Bhandari",Jawalakhel,sandeep.bhandari1651ratnapark@example.com
"Karan Dev Rajbanshi",Sundhara,"karan.rajbanshi1652new road@example.com"
"Sandeep Bhopal Malla",Ekantakuna,sandeep.malla1653tripureshwor@random.org
"Rohit Dhoj Malla",Tripureshwor,rohit.malla1654jawalakhel@example.com
"Binod Krishna Bhurtel",Ekantakuna,binod.bhurtel1655baneshwor@example.com
"Rohit Bahadur Lamichane",Gaushala,rohit.lamichane1656ekantakuna@example.com
"Karan Bhagat Bhandari",Ratnapark,karan.bhandari1657ekantakuna@mail.com
"Kushal Gopal Bhandari",Jawalakhel,kushal.bhandari1658tripureshwor@demo.net
"Arif Bhagat Bhurtel",Chabel,arif.bhurtel1659jawalakhel@test.com
"Sompal Bhopal Khadka",Chabel,sompal.khadka1660ekantakuna@random.org
"Rohit Bahadur Malla",Baneshwor,rohit.malla1661ratnapark@example.com
"Lalit Krishna Bhurtel",Jawalakhel,lalit.bhurtel1662baneshwor@demo.net
"Binod Gopal Paudel",Ekantakuna,binod.paudel1663tripureshwor@example.com
"Rohit Bahadur K.C",Sundhara,rohit.k.c1664baneshwor@demo.net
"Arif Krishna Seikh",Baneshwor,arif.seikh1665jawalakhel@random.org
"Kushal Bhagat Rajbanshi",Chabel,kushal.rajbanshi1666baneshwor@example.com
"Arif Bhagat Malla",Chabel,arif.malla1667chabel@random.org
"Kushal Bahadur Paudel",Ekantakuna,kushal.paudel1668ekantakuna@example.com
"Arif Gopal Khadka",Chabel,arif.khadka1669jawalakhel@random.org
"Rohit Bhopal Kami",Ratnapark,rohit.kami1670tinkune@example.com
"Karan Dhoj Paudel",Ekantakuna,karan.paudel1671sundhara@demo.net
"Arif Krishna Bhurtel",Baneshwor,arif.bhurtel1672chabel@random.org
"Karan Krishna Seikh",Sundhara,karan.seikh1673sundhara@mail.com
"Rohit Bahadur Rajbanshi",Sundhara,rohit.rajbanshi1674chabel@random.org
"Binod Lal Bhurtel",Jawalakhel,binod.bhurtel1675chabel@mail.com
"Lalit Bhagat Lamichane",Tinkune,lalit.lamichane1676chabel@test.com
"Lalit Bhopal K.C",Ratnapark,lalit.k.c1677chabel@mail.com
"Karan Bhagat Lamichane",Gaushala,karan.lamichane1678gaushala@test.com
"Arif Bhopal Seikh",Baneshwor,arif.seikh1679sundhara@demo.net
"Rohit Dhoj Bhandari",Tripureshwor,rohit.bhandari1680tripureshwor@random.org
"Binod Lal Malla","New Road",binod.malla1681sundhara@example.com
"Arif Lal Bhurtel",Chabel,arif.bhurtel1682tinkune@mail.com
"Asif Dhoj K.C",Tinkune,asif.k.c1683ratnapark@random.org
"Asif Krishna Lamichane",Sundhara,asif.lamichane1684tripureshwor@example.com
"Sompal Lal Khadka",Ekantakuna,sompal.khadka1685sundhara@demo.net
"Arif Bhagat K.C",Jawalakhel,arif.k.c1686ratnapark@mail.com
"Sompal Bahadur Kami",Gaushala,sompal.kami1687sundhara@test.com
"Lalit Krishna Malla",Jawalakhel,lalit.malla1688tripureshwor@demo.net
"Asif Krishna Seikh",Baneshwor,asif.seikh1689sundhara@random.org
"Kushal Bir Bhandari",Tinkune,kushal.bhandari1690tinkune@example.com
"Paras Dev Seikh",Jawalakhel,paras.seikh1691tinkune@test.com
"Lalit Bahadur Bhandari",Chabel,lalit.bhandari1692tripureshwor@test.com
"Asif Lal Bhandari",Baneshwor,asif.bhandari1693ekantakuna@mail.com
"Paras Dev Bhandari",Jawalakhel,paras.bhandari1694jawalakhel@example.com
"Rohit Gopal Rajbanshi",Tinkune,rohit.rajbanshi1695chabel@mail.com
"Rohit Kumar Kami",Sundhara,rohit.kami1696gaushala@example.com
"Lalit Lal Bhurtel",Baneshwor,"lalit.bhurtel1697new road@test.com"
"Sompal Kumar Bhandari",Tinkune,sompal.bhandari1698tripureshwor@random.org
"Paras Dhoj Paudel",Sundhara,paras.paudel1699baneshwor@example.com
"Arif Dhoj K.C",Ekantakuna,arif.k.c1700tripureshwor@random.org
"Karan Bir Seikh",Jawalakhel,karan.seikh1701chabel@example.com
"Sandeep Krishna Khadka",Ekantakuna,sandeep.khadka1702chabel@random.org
"Arif Gopal Rajbanshi",Chabel,arif.rajbanshi1703chabel@random.org
"Lalit Bir Paudel",Gaushala,lalit.paudel1704gaushala@mail.com
"Kushal Krishna Malla",Tripureshwor,kushal.malla1705chabel@random.org
"Paras Bahadur K.C",Tripureshwor,paras.k.c1706baneshwor@mail.com
"Binod Bhopal Seikh",Baneshwor,"binod.seikh1707new road@mail.com"
"Rohit Krishna Bhurtel",Chabel,rohit.bhurtel1708ekantakuna@example.com
"Sandeep Dhoj Bhurtel",Tripureshwor,sandeep.bhurtel1709gaushala@mail.com
"Binod Dhoj Bhandari",Jawalakhel,binod.bhandari1710ratnapark@demo.net
"Lalit Bhagat Paudel",Jawalakhel,lalit.paudel1711gaushala@example.com
"Rohit Bir Lamichane",Ratnapark,rohit.lamichane1712baneshwor@test.com
"Binod Kumar Kami","New Road",binod.kami1713gaushala@random.org
"Rohit Bhagat Bhandari",Ratnapark,rohit.bhandari1714tripureshwor@mail.com
"Sandeep Kumar K.C",Baneshwor,sandeep.k.c1715chabel@demo.net
"Rohit Bhopal Paudel",Chabel,rohit.paudel1716jawalakhel@mail.com
"Paras Dev Seikh",Baneshwor,paras.seikh1717sundhara@test.com
"Lalit Krishna Khadka",Ekantakuna,lalit.khadka1718gaushala@demo.net
"Karan Bhopal Paudel",Sundhara,karan.paudel1719ratnapark@random.org
"Karan Bhopal Rajbanshi",Sundhara,karan.rajbanshi1720tripureshwor@test.com
"Rohit Bhopal Paudel",Tinkune,rohit.paudel1721jawalakhel@test.com
"Paras Krishna Bhurtel",Jawalakhel,paras.bhurtel1722chabel@example.com
"Sompal Dev Malla",Sundhara,sompal.malla1723sundhara@test.com
"Paras Kumar Bhurtel",Sundhara,paras.bhurtel1724ratnapark@random.org
"Kushal Lal Bhurtel",Baneshwor,kushal.bhurtel1725sundhara@mail.com
"Arif Gopal Bhurtel",Ratnapark,arif.bhurtel1726chabel@test.com
"Lalit Bahadur K.C",Jawalakhel,lalit.k.c1727jawalakhel@random.org
"Kushal Dhoj Bhandari",Ekantakuna,kushal.bhandari1728sundhara@demo.net
"Karan Lal Bhurtel",Baneshwor,karan.bhurtel1729ekantakuna@demo.net
"Paras Lal K.C","New Road",paras.k.c1730sundhara@example.com
"Rohit Kumar Rajbanshi",Baneshwor,rohit.rajbanshi1731chabel@mail.com
"Binod Dhoj Lamichane",Ekantakuna,binod.lamichane1732sundhara@example.com
"Arif Kumar Kami",Gaushala,arif.kami1733gaushala@test.com
"Sompal Bhopal Seikh",Sundhara,sompal.seikh1734ekantakuna@example.com
"Kushal Gopal Bhandari",Jawalakhel,kushal.bhandari1735baneshwor@example.com
"Kushal Dev Kami",Ratnapark,kushal.kami1736tinkune@example.com
"Binod Krishna Malla",Sundhara,"binod.malla1737new road@random.org"
"Arif Bhagat Kami",Jawalakhel,arif.kami1738sundhara@test.com
"Kushal Krishna Paudel",Jawalakhel,kushal.paudel1739sundhara@mail.com
"Asif Kumar Bhurtel",Gaushala,"asif.bhurtel1740new road@random.org"
"Binod Dhoj K.C",Tinkune,binod.k.c1741sundhara@random.org
"Binod Bhagat Kami",Baneshwor,"binod.kami1742new road@test.com"
"Binod Dhoj Rajbanshi",Tripureshwor,binod.rajbanshi1743tinkune@random.org
"Asif Krishna Rajbanshi",Chabel,asif.rajbanshi1744tinkune@random.org
"Arif Kumar Kami",Sundhara,arif.kami1745chabel@test.com
"Sandeep Bhagat Bhandari",Gaushala,sandeep.bhandari1746chabel@test.com
"Rohit Bir Rajbanshi",Tripureshwor,rohit.rajbanshi1747tinkune@random.org
"Arif Bhagat K.C",Baneshwor,"arif.k.c1748new road@test.com"
"Arif Bahadur Malla",Gaushala,arif.malla1749jawalakhel@example.com
"Lalit Krishna Seikh",Chabel,lalit.seikh1750sundhara@random.org
"Sompal Bir Bhandari",Jawalakhel,sompal.bhandari1751ratnapark@mail.com
"Karan Bir Khadka",Gaushala,karan.khadka1752ekantakuna@demo.net
"Lalit Bhopal Bhurtel",Gaushala,lalit.bhurtel1753ratnapark@example.com
"Rohit Bahadur Lamichane",Gaushala,rohit.lamichane1754jawalakhel@test.com
"Asif Kumar Lamichane",Tripureshwor,asif.lamichane1755ekantakuna@random.org
"Arif Gopal Khadka",Gaushala,arif.khadka1756ekantakuna@demo.net
"Kushal Kumar Khadka",Gaushala,kushal.khadka1757ratnapark@demo.net
"Paras Gopal Lamichane",Tinkune,paras.lamichane1758ekantakuna@example.com
"Binod Bhopal Kami","New Road",binod.kami1759jawalakhel@mail.com
"Binod Bir Malla",Tripureshwor,"binod.malla1760new road@random.org"
"Asif Gopal Khadka",Baneshwor,asif.khadka1761jawalakhel@test.com
"Sompal Bir Seikh",Baneshwor,sompal.seikh1762jawalakhel@test.com
"Kushal Bir Malla",Baneshwor,kushal.malla1763sundhara@random.org
"Binod Gopal Bhandari",Ekantakuna,"binod.bhandari1764new road@test.com"
"Binod Dev Rajbanshi","New Road",binod.rajbanshi1765tripureshwor@random.org
"Karan Krishna Bhurtel",Baneshwor,karan.bhurtel1766ekantakuna@example.com
"Kushal Bhopal Kami",Jawalakhel,kushal.kami1767gaushala@random.org
"Karan Kumar Kami",Gaushala,karan.kami1768tinkune@demo.net
"Binod Bhopal K.C","New Road",binod.k.c1769sundhara@example.com
"Sandeep Dhoj K.C",Tripureshwor,sandeep.k.c1770ratnapark@example.com
"Lalit Bir Lamichane",Chabel,lalit.lamichane1771gaushala@mail.com
"Asif Bhopal Rajbanshi",Baneshwor,asif.rajbanshi1772ekantakuna@demo.net
"Rohit Bhopal Paudel",Baneshwor,rohit.paudel1773gaushala@random.org
"Kushal Kumar Paudel",Gaushala,kushal.paudel1774sundhara@test.com
"Binod Dhoj Bhurtel",Baneshwor,binod.bhurtel1775sundhara@mail.com
"Arif Bhopal Lamichane",Jawalakhel,arif.lamichane1776ratnapark@example.com
"Kushal Krishna K.C",Gaushala,kushal.k.c1777ekantakuna@test.com
"Arif Krishna Rajbanshi",Chabel,arif.rajbanshi1778gaushala@example.com
"Lalit Bhagat Rajbanshi",Gaushala,lalit.rajbanshi1779baneshwor@mail.com
"Sandeep Lal Malla",Tripureshwor,sandeep.malla1780gaushala@random.org
"Karan Gopal Paudel",Baneshwor,karan.paudel1781tinkune@example.com
"Kushal Kumar Seikh",Sundhara,kushal.seikh1782sundhara@test.com
"Binod Bhopal Kami",Ekantakuna,binod.kami1783tripureshwor@test.com
"Sompal Krishna Lamichane",Ekantakuna,sompal.lamichane1784tinkune@mail.com
"Sompal Bahadur Khadka",Sundhara,sompal.khadka1785ratnapark@random.org
"Arif Dhoj Paudel",Baneshwor,arif.paudel1786gaushala@random.org
"Sompal Dev Bhandari","New Road",sompal.bhandari1787chabel@demo.net
"Kushal Bhopal Malla",Tripureshwor,kushal.malla1788baneshwor@demo.net
"Lalit Gopal Khadka",Tripureshwor,lalit.khadka1789jawalakhel@mail.com
"Binod Bhopal Lamichane",Tinkune,binod.lamichane1790jawalakhel@mail.com
"Paras Bhagat Rajbanshi",Jawalakhel,"paras.rajbanshi1791new road@mail.com"
"Kushal Kumar Seikh",Chabel,kushal.seikh1792chabel@mail.com
"Arif Bhopal Malla","New Road",arif.malla1793jawalakhel@mail.com
"Paras Bir Kami",Sundhara,paras.kami1794tinkune@random.org
"Paras Bir Lamichane",Tinkune,paras.lamichane1795sundhara@random.org
"Arif Lal Bhandari",Tripureshwor,arif.bhandari1796sundhara@mail.com
"Asif Gopal Paudel",Baneshwor,asif.paudel1797tripureshwor@test.com
"Kushal Bir Bhurtel",Ratnapark,kushal.bhurtel1798baneshwor@test.com
"Paras Dhoj Bhandari",Tinkune,paras.bhandari1799ratnapark@test.com
"Sompal Bahadur Lamichane",Ratnapark,"sompal.lamichane1800new road@example.com"
"Binod Kumar Khadka",Jawalakhel,binod.khadka1801gaushala@mail.com
"Kushal Lal Bhurtel",Jawalakhel,kushal.bhurtel1802gaushala@example.com
"Paras Lal Rajbanshi",Jawalakhel,paras.rajbanshi1803ekantakuna@demo.net
"Lalit Bir Kami",Gaushala,lalit.kami1804sundhara@random.org
"Kushal Bhopal Khadka",Jawalakhel,"kushal.khadka1805new road@demo.net"
"Asif Gopal Kami",Ratnapark,asif.kami1806ratnapark@demo.net
"Sandeep Bir Paudel",Jawalakhel,sandeep.paudel1807tinkune@mail.com
"Paras Dhoj Khadka",Baneshwor,paras.khadka1808tinkune@demo.net
"Sompal Kumar Seikh",Chabel,sompal.seikh1809ratnapark@demo.net
"Asif Bhopal Khadka",Sundhara,asif.khadka1810chabel@demo.net
"Karan Dev Bhandari",Jawalakhel,karan.bhandari1811sundhara@test.com
"Rohit Bahadur Kami",Baneshwor,rohit.kami1812tinkune@example.com
"Kushal Bahadur Rajbanshi",Ekantakuna,kushal.rajbanshi1813ekantakuna@demo.net
"Lalit Dev Kami","New Road",lalit.kami1814ratnapark@test.com
"Paras Bir K.C","New Road",paras.k.c1815tripureshwor@random.org
"Kushal Bir Kami",Tinkune,kushal.kami1816ekantakuna@random.org
"Karan Gopal Malla",Chabel,karan.malla1817sundhara@random.org
"Arif Bhopal Lamichane",Jawalakhel,arif.lamichane1818sundhara@demo.net
"Asif Bhopal K.C",Ekantakuna,asif.k.c1819ratnapark@random.org
"Karan Gopal Seikh",Sundhara,karan.seikh1820jawalakhel@example.com
"Karan Kumar Bhurtel",Chabel,karan.bhurtel1821baneshwor@mail.com
"Arif Bir Malla",Ratnapark,arif.malla1822sundhara@test.com
"Sandeep Kumar Bhurtel",Jawalakhel,sandeep.bhurtel1823baneshwor@demo.net
"Lalit Krishna Rajbanshi",Sundhara,lalit.rajbanshi1824jawalakhel@example.com
"Paras Kumar Malla",Jawalakhel,paras.malla1825baneshwor@random.org
"Paras Bahadur Kami",Ekantakuna,paras.kami1826gaushala@random.org
"Sandeep Krishna Khadka",Chabel,sandeep.khadka1827sundhara@test.com
"Kushal Krishna Rajbanshi",Jawalakhel,kushal.rajbanshi1828jawalakhel@demo.net
"Rohit Bir Khadka",Sundhara,rohit.khadka1829tinkune@demo.net
"Paras Krishna Paudel",Tinkune,"paras.paudel1830new road@mail.com"
"Rohit Gopal Kami",Ekantakuna,rohit.kami1831tinkune@demo.net
"Karan Gopal K.C",Sundhara,karan.k.c1832chabel@mail.com
"Lalit Lal Lamichane",Chabel,lalit.lamichane1833sundhara@random.org
"Asif Bir Kami",Chabel,asif.kami1834baneshwor@example.com
"Arif Bir Rajbanshi",Gaushala,arif.rajbanshi1835ekantakuna@random.org
"Karan Dhoj K.C",Tripureshwor,karan.k.c1836jawalakhel@test.com
"Kushal Lal Kami",Chabel,kushal.kami1837sundhara@mail.com
"Sandeep Bhopal Rajbanshi",Tinkune,"sandeep.rajbanshi1838new road@mail.com"
"Asif Bahadur Seikh",Tripureshwor,asif.seikh1839tripureshwor@demo.net
"Karan Bhagat Bhandari",Baneshwor,"karan.bhandari1840new road@demo.net"
"Binod Bhopal Bhandari","New Road",binod.bhandari1841baneshwor@random.org
"Paras Gopal Seikh",Baneshwor,paras.seikh1842ratnapark@demo.net
"Lalit Dev Malla",Tinkune,lalit.malla1843ekantakuna@demo.net
"Arif Bahadur Kami",Sundhara,arif.kami1844sundhara@example.com
"Rohit Lal Lamichane","New Road",rohit.lamichane1845ekantakuna@random.org
"Arif Bir Malla",Ratnapark,arif.malla1846sundhara@mail.com
"Paras Gopal Bhurtel",Tinkune,paras.bhurtel1847gaushala@mail.com
"Rohit Bir Bhurtel",Chabel,"rohit.bhurtel1848new road@random.org"
"Sompal Dhoj Malla",Jawalakhel,sompal.malla1849jawalakhel@random.org
"Karan Lal Malla",Sundhara,karan.malla1850sundhara@random.org
"Asif Dhoj Bhurtel",Sundhara,asif.bhurtel1851ekantakuna@random.org
"Rohit Gopal Malla",Sundhara,rohit.malla1852baneshwor@example.com
"Arif Dhoj Lamichane",Jawalakhel,arif.lamichane1853tinkune@random.org
"Asif Kumar Kami",Chabel,asif.kami1854tripureshwor@mail.com
"Asif Dev Seikh",Jawalakhel,asif.seikh1855tinkune@random.org
"Karan Dev Bhandari",Sundhara,karan.bhandari1856sundhara@demo.net
"Rohit Dhoj Seikh",Jawalakhel,rohit.seikh1857ekantakuna@demo.net
"Asif Bhopal Rajbanshi",Chabel,"asif.rajbanshi1858new road@example.com"
"Karan Kumar Malla",Ekantakuna,karan.malla1859tinkune@mail.com
"Kushal Bahadur Rajbanshi",Baneshwor,kushal.rajbanshi1860sundhara@example.com
"Lalit Gopal Malla",Tripureshwor,lalit.malla1861sundhara@test.com
"Lalit Dev Bhurtel",Jawalakhel,lalit.bhurtel1862gaushala@example.com
"Binod Bhopal Bhandari",Chabel,binod.bhandari1863chabel@demo.net
"Sandeep Lal Kami",Baneshwor,"sandeep.kami1864new road@demo.net"
"Lalit Dhoj Khadka","New Road","lalit.khadka1865new road@test.com"
"Karan Dhoj Kami",Sundhara,karan.kami1866tinkune@mail.com
"Sompal Dev Seikh","New Road","sompal.seikh1867new road@random.org"
"Sandeep Bhopal Malla",Jawalakhel,"sandeep.malla1868new road@test.com"
"Paras Bahadur Bhandari",Ratnapark,paras.bhandari1869chabel@random.org
"Asif Gopal K.C",Ekantakuna,asif.k.c1870chabel@test.com
"Asif Kumar K.C",Tinkune,asif.k.c1871tripureshwor@demo.net
"Arif Bhopal K.C",Tripureshwor,arif.k.c1872baneshwor@random.org
"Sompal Bahadur K.C",Ekantakuna,sompal.k.c1873baneshwor@example.com
"Kushal Dev Kami",Tripureshwor,"kushal.kami1874new road@mail.com"
"Sompal Dhoj Malla",Baneshwor,sompal.malla1875jawalakhel@mail.com
"Asif Krishna Kami",Tripureshwor,asif.kami1876baneshwor@mail.com
"Binod Gopal Bhandari",Baneshwor,binod.bhandari1877tripureshwor@mail.com
"Asif Kumar Bhurtel",Tinkune,asif.bhurtel1878jawalakhel@test.com
"Lalit Lal Malla",Gaushala,lalit.malla1879ratnapark@example.com
"Asif Bir Khadka",Chabel,asif.khadka1880tripureshwor@test.com
"Arif Bhopal Malla",Tinkune,arif.malla1881tripureshwor@example.com
"Lalit Bir Bhandari",Ekantakuna,lalit.bhandari1882chabel@demo.net
"Binod Bhagat Paudel",Tinkune,binod.paudel1883baneshwor@mail.com
"Karan Bhagat Malla",Tinkune,karan.malla1884baneshwor@random.org
"Sompal Dhoj Paudel","New Road",sompal.paudel1885chabel@mail.com
"Rohit Dhoj Khadka",Baneshwor,rohit.khadka1886tripureshwor@mail.com
"Asif Bahadur Seikh",Sundhara,asif.seikh1887jawalakhel@demo.net
"Rohit Bahadur Kami",Gaushala,rohit.kami1888tripureshwor@example.com
"Binod Dev Bhurtel",Gaushala,binod.bhurtel1889gaushala@example.com
"Rohit Bhagat Paudel",Chabel,"rohit.paudel1890new road@random.org"
"Sandeep Gopal Malla","New Road",sandeep.malla1891chabel@random.org
"Rohit Kumar Bhandari",Chabel,rohit.bhandari1892gaushala@test.com
"Paras Krishna Malla",Jawalakhel,paras.malla1893jawalakhel@example.com
"Kushal Bir Rajbanshi",Sundhara,kushal.rajbanshi1894tripureshwor@demo.net
"Asif Bahadur Seikh",Baneshwor,asif.seikh1895ratnapark@mail.com
"Paras Kumar Rajbanshi",Baneshwor,paras.rajbanshi1896tinkune@mail.com
"Asif Dhoj Kami",Tinkune,asif.kami1897gaushala@mail.com
"Paras Gopal Rajbanshi",Gaushala,paras.rajbanshi1898chabel@test.com
"Paras Bir Kami",Jawalakhel,paras.kami1899tripureshwor@random.org
"Asif Dhoj Paudel",Tinkune,"asif.paudel1900new road@mail.com"
"Sompal Krishna Bhurtel",Ratnapark,sompal.bhurtel1901sundhara@random.org
"Asif Bhopal Kami",Sundhara,asif.kami1902baneshwor@example.com
"Asif Gopal Malla",Tinkune,asif.malla1903tinkune@demo.net
"Karan Kumar Malla",Ratnapark,karan.malla1904ratnapark@example.com
"Karan Krishna Bhurtel",Tinkune,karan.bhurtel1905sundhara@demo.net
"Binod Gopal Lamichane",Ratnapark,binod.lamichane1906ekantakuna@random.org
"Lalit Bhagat Bhandari",Sundhara,lalit.bhandari1907chabel@mail.com
"Kushal Lal Malla",Ratnapark,kushal.malla1908ratnapark@random.org
"Binod Gopal K.C",Baneshwor,binod.k.c1909chabel@mail.com
"Sompal Lal Malla",Ekantakuna,sompal.malla1910jawalakhel@example.com
"Paras Lal Bhandari",Chabel,paras.bhandari1911chabel@mail.com
"Sandeep Gopal Paudel",Ekantakuna,sandeep.paudel1912baneshwor@mail.com
"Arif Dev Paudel",Tinkune,arif.paudel1913tinkune@random.org
"Binod Dhoj K.C",Jawalakhel,binod.k.c1914ratnapark@test.com
"Asif Bhagat Malla",Tinkune,"asif.malla1915new road@random.org"
"Karan Dhoj Kami",Jawalakhel,karan.kami1916chabel@mail.com
"Sandeep Dhoj Kami",Jawalakhel,"sandeep.kami1917new road@test.com"
"Sandeep Bhagat Lamichane",Ekantakuna,sandeep.lamichane1918tinkune@test.com
"Asif Bhagat Rajbanshi",Tripureshwor,asif.rajbanshi1919gaushala@random.org
"Lalit Krishna Bhandari",Tinkune,lalit.bhandari1920tinkune@mail.com
"Asif Lal K.C",Tripureshwor,asif.k.c1921tinkune@test.com
"Sompal Bahadur Khadka",Baneshwor,sompal.khadka1922gaushala@example.com
"Asif Kumar Rajbanshi",Sundhara,asif.rajbanshi1923tripureshwor@mail.com
"Binod Dhoj Bhandari",Ratnapark,binod.bhandari1924sundhara@demo.net
"Binod Kumar Malla",Tripureshwor,binod.malla1925sundhara@random.org
"Paras Kumar Bhandari",Baneshwor,paras.bhandari1926ekantakuna@demo.net
"Arif Dev Rajbanshi","New Road",arif.rajbanshi1927jawalakhel@test.com
"Arif Krishna Paudel","New Road",arif.paudel1928ratnapark@mail.com
"Lalit Gopal Lamichane",Sundhara,lalit.lamichane1929tinkune@demo.net
"Arif Lal Bhurtel",Sundhara,arif.bhurtel1930tripureshwor@test.com
"Karan Lal Lamichane",Baneshwor,karan.lamichane1931chabel@random.org
"Kushal Bahadur Rajbanshi","New Road",kushal.rajbanshi1932ratnapark@random.org
"Binod Dhoj Khadka",Ekantakuna,binod.khadka1933gaushala@test.com
"Lalit Krishna Seikh",Jawalakhel,lalit.seikh1934jawalakhel@demo.net
"Kushal Krishna Rajbanshi","New Road",kushal.rajbanshi1935tripureshwor@mail.com
"Karan Bhopal Paudel",Ratnapark,karan.paudel1936sundhara@demo.net
"Sandeep Bhagat Kami",Gaushala,sandeep.kami1937tripureshwor@random.org
"Sandeep Dhoj Bhurtel",Ekantakuna,"sandeep.bhurtel1938new road@demo.net"
"Sompal Bhopal Bhurtel",Gaushala,sompal.bhurtel1939gaushala@demo.net
"Sandeep Dev Lamichane",Sundhara,sandeep.lamichane1940ratnapark@demo.net
"Lalit Krishna Seikh",Chabel,lalit.seikh1941gaushala@random.org
"Karan Bhagat Rajbanshi",Jawalakhel,karan.rajbanshi1942gaushala@example.com
"Rohit Dhoj Paudel",Ekantakuna,rohit.paudel1943chabel@mail.com
"Binod Krishna Bhandari",Ekantakuna,binod.bhandari1944chabel@test.com
"Sompal Lal Paudel","New Road",sompal.paudel1945tripureshwor@mail.com
"Lalit Dev Malla",Tripureshwor,lalit.malla1946ekantakuna@test.com
"Sandeep Dhoj Seikh",Tinkune,sandeep.seikh1947ratnapark@example.com
"Binod Krishna Bhandari",Sundhara,binod.bhandari1948sundhara@test.com
"Lalit Kumar Khadka",Ekantakuna,lalit.khadka1949ekantakuna@random.org
"Paras Dhoj K.C",Tripureshwor,paras.k.c1950ratnapark@demo.net
"Paras Bhopal Bhandari",Tinkune,"paras.bhandari1951new road@test.com"
"Binod Gopal Lamichane",Ratnapark,binod.lamichane1952sundhara@test.com
"Asif Bir Kami","New Road",asif.kami1953tinkune@random.org
"Asif Bhagat Malla",Baneshwor,asif.malla1954tripureshwor@example.com
"Sandeep Bhagat Kami",Sundhara,sandeep.kami1955chabel@demo.net
"Asif Bhagat Bhurtel",Tripureshwor,"asif.bhurtel1956new road@example.com"
"Arif Dev K.C",Gaushala,arif.k.c1957baneshwor@demo.net
"Rohit Dev K.C",Baneshwor,"rohit.k.c1958new road@test.com"
"Karan Dev Seikh",Gaushala,karan.seikh1959sundhara@demo.net
"Asif Dhoj Seikh",Ekantakuna,asif.seikh1960ekantakuna@test.com
"Rohit Bhopal Lamichane","New Road",rohit.lamichane1961chabel@random.org
"Kushal Bahadur Bhurtel",Gaushala,kushal.bhurtel1962ekantakuna@demo.net
"Kushal Bhagat Bhurtel",Tinkune,kushal.bhurtel1963sundhara@example.com
"Sompal Dhoj Malla",Sundhara,sompal.malla1964gaushala@mail.com
"Binod Krishna Seikh",Sundhara,binod.seikh1965jawalakhel@mail.com
"Sandeep Krishna Malla",Gaushala,sandeep.malla1966tinkune@example.com
"Karan Dev Malla",Ekantakuna,karan.malla1967ratnapark@example.com
"Lalit Dev Kami",Chabel,lalit.kami1968baneshwor@demo.net
"Lalit Bahadur Kami",Jawalakhel,lalit.kami1969tripureshwor@demo.net
"Sandeep Dev Bhandari",Chabel,sandeep.bhandari1970chabel@test.com
"Rohit Bir Seikh",Sundhara,rohit.seikh1971ratnapark@demo.net
"Karan Bhagat Paudel",Ratnapark,karan.paudel1972chabel@random.org
"Kushal Gopal Bhurtel",Gaushala,kushal.bhurtel1973baneshwor@mail.com
"Lalit Krishna Bhandari",Chabel,lalit.bhandari1974tripureshwor@example.com
"Sandeep Kumar Paudel",Tripureshwor,"sandeep.paudel1975new road@random.org"
"Sandeep Dhoj Malla",Ekantakuna,sandeep.malla1976baneshwor@random.org
"Lalit Krishna Kami",Baneshwor,lalit.kami1977ratnapark@random.org
"Sompal Gopal Lamichane",Baneshwor,sompal.lamichane1978gaushala@mail.com
"Rohit Kumar Seikh",Tinkune,rohit.seikh1979chabel@random.org
"Sompal Bhagat Seikh",Jawalakhel,sompal.seikh1980gaushala@test.com
"Sandeep Lal Bhandari",Jawalakhel,sandeep.bhandari1981tinkune@test.com
"Rohit Dhoj Paudel",Tripureshwor,rohit.paudel1982ratnapark@test.com
"Rohit Bhagat Kami",Ratnapark,rohit.kami1983baneshwor@mail.com
"Sandeep Bahadur Kami",Jawalakhel,sandeep.kami1984jawalakhel@random.org
"Sompal Krishna K.C",Jawalakhel,sompal.k.c1985sundhara@random.org
"Binod Gopal Seikh","New Road",binod.seikh1986tinkune@test.com
"Lalit Bir Malla",Chabel,lalit.malla1987sundhara@random.org
"Rohit Kumar K.C",Ekantakuna,rohit.k.c1988baneshwor@test.com
"Rohit Bahadur Malla","New Road",rohit.malla1989jawalakhel@mail.com
"Kushal Kumar K.C",Gaushala,kushal.k.c1990gaushala@test.com
"Karan Bir K.C","New Road",karan.k.c1991jawalakhel@example.com
"Sandeep Dhoj Malla",Jawalakhel,sandeep.malla1992gaushala@mail.com
"Rohit Gopal Malla",Ekantakuna,rohit.malla1993sundhara@mail.com
"Rohit Bhopal Bhandari",Sundhara,rohit.bhandari1994gaushala@example.com
"Arif Lal Khadka",Sundhara,arif.khadka1995baneshwor@example.com
"Lalit Dhoj Kami",Sundhara,lalit.kami1996gaushala@demo.net
"Paras Bahadur K.C",Ekantakuna,paras.k.c1997baneshwor@mail.com
"Sandeep Krishna Bhandari",Baneshwor,sandeep.bhandari1998baneshwor@demo.net
"Lalit Dhoj Khadka",Chabel,lalit.khadka1999jawalakhel@mail.com
"Lalit Bahadur Bhurtel",Jawalakhel,lalit.bhurtel2000tripureshwor@mail.com
"Binod Krishna Paudel",Tripureshwor,binod.paudel2001gaushala@random.org
"Rohit Dev Seikh","New Road",rohit.seikh2002chabel@example.com
"Sandeep Krishna Bhurtel",Tripureshwor,sandeep.bhurtel2003chabel@test.com
"Asif Dhoj Malla",Gaushala,asif.malla2004baneshwor@mail.com
"Kushal Kumar Khadka",Jawalakhel,kushal.khadka2005gaushala@random.org
"Sandeep Bir Bhandari","New Road",sandeep.bhandari2006sundhara@random.org
"Sompal Kumar Malla",Jawalakhel,sompal.malla2007chabel@mail.com
"Arif Bahadur Paudel",Tripureshwor,arif.paudel2008tinkune@test.com
"Karan Dhoj Paudel",Gaushala,karan.paudel2009gaushala@test.com
"Paras Dev Rajbanshi",Chabel,paras.rajbanshi2010tinkune@random.org
"Asif Bir Khadka",Gaushala,asif.khadka2011gaushala@mail.com
"Asif Bhagat Bhurtel",Sundhara,asif.bhurtel2012jawalakhel@demo.net
"Lalit Bahadur Khadka","New Road",lalit.khadka2013ratnapark@example.com
"Rohit Lal K.C",Gaushala,rohit.k.c2014sundhara@random.org
"Arif Dev Khadka",Gaushala,arif.khadka2015baneshwor@example.com
"Kushal Bhagat Khadka",Ratnapark,"kushal.khadka2016new road@mail.com"
"Arif Dev Bhandari",Sundhara,arif.bhandari2017ekantakuna@demo.net
"Kushal Krishna Kami","New Road",kushal.kami2018ratnapark@example.com
"Kushal Kumar K.C","New Road",kushal.k.c2019ratnapark@mail.com
"Kushal Lal Seikh",Ratnapark,kushal.seikh2020ratnapark@random.org
"Kushal Lal Malla",Ratnapark,kushal.malla2021jawalakhel@random.org
"Karan Bir Seikh",Tinkune,karan.seikh2022ratnapark@test.com
"Lalit Dev Lamichane",Ekantakuna,lalit.lamichane2023baneshwor@mail.com
"Sandeep Krishna Bhandari","New Road",sandeep.bhandari2024gaushala@test.com
"Lalit Dhoj Lamichane",Ekantakuna,lalit.lamichane2025tinkune@test.com
"Lalit Dev Malla",Ratnapark,lalit.malla2026gaushala@example.com
"Binod Gopal Rajbanshi",Tripureshwor,binod.rajbanshi2027jawalakhel@random.org
"Paras Bhopal Malla",Sundhara,paras.malla2028ekantakuna@example.com
"Binod Bhopal K.C",Baneshwor,binod.k.c2029sundhara@random.org
"Asif Lal Malla",Ekantakuna,asif.malla2030ratnapark@mail.com
"Sandeep Bahadur Seikh",Gaushala,"sandeep.seikh2031new road@example.com"
"Binod Dhoj Khadka",Tripureshwor,binod.khadka2032gaushala@test.com
"Sandeep Dev Lamichane",Ekantakuna,sandeep.lamichane2033sundhara@test.com
"Asif Dev Lamichane",Tinkune,asif.lamichane2034chabel@random.org
"Karan Gopal Rajbanshi",Tinkune,"karan.rajbanshi2035new road@mail.com"
"Rohit Bahadur Paudel",Baneshwor,rohit.paudel2036tinkune@random.org
"Lalit Kumar Lamichane",Ratnapark,lalit.lamichane2037ratnapark@example.com
"Paras Kumar Malla",Tinkune,paras.malla2038jawalakhel@example.com
"Lalit Kumar Lamichane",Tripureshwor,lalit.lamichane2039sundhara@random.org
"Paras Bhopal K.C",Ratnapark,paras.k.c2040chabel@example.com
"Paras Bir Kami",Tinkune,"paras.kami2041new road@demo.net"
"Rohit Krishna Bhandari",Chabel,rohit.bhandari2042ekantakuna@test.com
"Sompal Lal Paudel",Baneshwor,sompal.paudel2043tinkune@test.com
"Asif Lal Lamichane",Gaushala,asif.lamichane2044tinkune@example.com
"Rohit Bhagat Bhurtel","New Road",rohit.bhurtel2045sundhara@demo.net
"Rohit Dhoj Rajbanshi",Sundhara,rohit.rajbanshi2046jawalakhel@random.org
"Lalit Krishna Bhandari",Jawalakhel,lalit.bhandari2047baneshwor@demo.net
"Sandeep Gopal Bhandari",Gaushala,sandeep.bhandari2048chabel@random.org
"Kushal Lal Malla",Baneshwor,kushal.malla2049sundhara@random.org
"Paras Bir Khadka",Sundhara,paras.khadka2050jawalakhel@example.com
"Asif Lal Paudel",Ratnapark,asif.paudel2051tripureshwor@demo.net
"Rohit Lal K.C",Jawalakhel,rohit.k.c2052tripureshwor@mail.com
"Lalit Bhopal Bhandari",Ratnapark,lalit.bhandari2053tripureshwor@demo.net
"Sompal Krishna Lamichane",Ekantakuna,sompal.lamichane2054tinkune@mail.com
"Lalit Dhoj Seikh",Baneshwor,lalit.seikh2055ekantakuna@mail.com
"Rohit Lal Rajbanshi",Sundhara,rohit.rajbanshi2056ekantakuna@mail.com
"Arif Bhagat Paudel",Chabel,arif.paudel2057chabel@random.org
"Lalit Gopal Khadka",Baneshwor,lalit.khadka2058ratnapark@example.com
"Karan Krishna Seikh",Tripureshwor,karan.seikh2059ratnapark@demo.net
"Karan Bhagat Bhandari",Ratnapark,karan.bhandari2060tripureshwor@mail.com
"Binod Krishna Paudel",Gaushala,binod.paudel2061tinkune@test.com
"Binod Dev Bhurtel",Gaushala,binod.bhurtel2062sundhara@random.org
"Binod Kumar Seikh",Chabel,binod.seikh2063ratnapark@mail.com
"Binod Bhopal Rajbanshi",Baneshwor,binod.rajbanshi2064ekantakuna@random.org
"Sandeep Krishna Paudel",Jawalakhel,sandeep.paudel2065tripureshwor@example.com
"Asif Dhoj Paudel",Sundhara,"asif.paudel2066new road@random.org"
"Rohit Lal Rajbanshi",Jawalakhel,"rohit.rajbanshi2067new road@test.com"
"Binod Kumar Rajbanshi",Baneshwor,binod.rajbanshi2068tinkune@test.com
"Arif Dev Khadka","New Road","arif.khadka2069new road@mail.com"
"Asif Gopal Bhandari",Jawalakhel,asif.bhandari2070chabel@test.com
"Sandeep Bhagat Seikh",Chabel,sandeep.seikh2071baneshwor@mail.com
"Arif Kumar Malla",Jawalakhel,arif.malla2072tripureshwor@example.com
"Karan Lal Rajbanshi",Ratnapark,karan.rajbanshi2073chabel@test.com
"Rohit Lal Bhandari",Ekantakuna,rohit.bhandari2074tripureshwor@demo.net
"Karan Dev Rajbanshi",Ratnapark,"karan.rajbanshi2075new road@example.com"
"Sandeep Kumar Seikh",Sundhara,sandeep.seikh2076tripureshwor@mail.com
"Rohit Bhopal Bhurtel",Tripureshwor,rohit.bhurtel2077tinkune@demo.net
"Rohit Bhagat K.C",Ekantakuna,"rohit.k.c2078new road@random.org"
"Arif Gopal Lamichane",Tinkune,arif.lamichane2079chabel@random.org
"Sompal Krishna Seikh",Ratnapark,sompal.seikh2080tinkune@demo.net
"Paras Lal Malla",Jawalakhel,paras.malla2081tripureshwor@example.com
"Paras Lal Bhandari",Tinkune,paras.bhandari2082ekantakuna@example.com
"Lalit Bhopal K.C",Tinkune,lalit.k.c2083gaushala@example.com
"Kushal Gopal Bhandari","New Road",kushal.bhandari2084baneshwor@test.com
"Asif Bir Bhandari",Baneshwor,asif.bhandari2085ratnapark@mail.com
"Lalit Bhopal Khadka",Ekantakuna,lalit.khadka2086ratnapark@example.com
"Paras Bahadur Malla",Chabel,paras.malla2087baneshwor@example.com
"Sompal Bhopal Malla",Tinkune,sompal.malla2088tripureshwor@example.com
"Rohit Kumar Paudel",Tripureshwor,rohit.paudel2089jawalakhel@example.com
"Asif Dev Malla",Gaushala,asif.malla2090baneshwor@example.com
"Asif Kumar K.C",Baneshwor,asif.k.c2091tripureshwor@test.com
"Asif Lal Seikh",Gaushala,asif.seikh2092baneshwor@test.com
"Binod Dhoj Kami",Jawalakhel,binod.kami2093tripureshwor@random.org
"Sandeep Lal Malla","New Road","sandeep.malla2094new road@mail.com"
"Binod Bir Khadka",Tripureshwor,binod.khadka2095gaushala@test.com
"Asif Bhopal Malla",Tinkune,"asif.malla2096new road@test.com"
"Paras Gopal Khadka",Baneshwor,paras.khadka2097baneshwor@test.com
"Sandeep Bhagat Kami",Tinkune,sandeep.kami2098tinkune@random.org
"Sompal Kumar Lamichane",Tripureshwor,sompal.lamichane2099tinkune@test.com
"Rohit Gopal Malla",Baneshwor,"rohit.malla2100new road@demo.net"
"Sompal Bahadur Malla",Ekantakuna,sompal.malla2101ekantakuna@random.org
"Sompal Bhagat Rajbanshi",Chabel,"sompal.rajbanshi2102new road@test.com"
"Arif Bhopal Rajbanshi",Ratnapark,arif.rajbanshi2103gaushala@demo.net
"Binod Gopal Kami",Tripureshwor,"binod.kami2104new road@demo.net"
"Binod Kumar Seikh",Baneshwor,binod.seikh2105baneshwor@example.com
"Paras Dhoj Rajbanshi",Tinkune,paras.rajbanshi2106baneshwor@test.com
"Rohit Bahadur Rajbanshi",Ekantakuna,rohit.rajbanshi2107gaushala@test.com
"Kushal Bir Bhandari","New Road","kushal.bhandari2108new road@random.org"
"Lalit Gopal Lamichane",Ekantakuna,lalit.lamichane2109chabel@example.com
"Sompal Krishna Bhurtel",Tinkune,sompal.bhurtel2110baneshwor@example.com
"Lalit Dev Seikh",Gaushala,"lalit.seikh2111new road@demo.net"
"Sompal Bahadur Kami",Tripureshwor,sompal.kami2112sundhara@demo.net
"Sompal Bahadur Bhurtel",Tinkune,sompal.bhurtel2113tinkune@mail.com
"Asif Bhopal Lamichane",Ratnapark,asif.lamichane2114baneshwor@test.com
"Karan Bhagat Bhandari",Ekantakuna,karan.bhandari2115jawalakhel@random.org
"Arif Krishna K.C",Jawalakhel,"arif.k.c2116new road@mail.com"
"Asif Krishna Lamichane",Ratnapark,asif.lamichane2117baneshwor@example.com
"Rohit Dev Khadka",Baneshwor,rohit.khadka2118tinkune@demo.net
"Paras Bahadur Seikh","New Road",paras.seikh2119baneshwor@random.org
"Rohit Bhagat Lamichane",Tinkune,rohit.lamichane2120tripureshwor@example.com
"Kushal Kumar K.C","New Road",kushal.k.c2121jawalakhel@example.com
"Kushal Dhoj Lamichane",Jawalakhel,kushal.lamichane2122chabel@random.org
"Sandeep Bhopal K.C",Ratnapark,sandeep.k.c2123sundhara@test.com
"Lalit Gopal Lamichane",Ratnapark,lalit.lamichane2124baneshwor@random.org
"Sompal Dhoj Seikh","New Road",sompal.seikh2125tripureshwor@example.com
"Arif Gopal Seikh",Ratnapark,arif.seikh2126tripureshwor@example.com
"Kushal Lal Bhurtel",Gaushala,kushal.bhurtel2127ekantakuna@example.com
"Binod Dhoj Rajbanshi",Gaushala,binod.rajbanshi2128ratnapark@example.com
"Lalit Kumar Rajbanshi",Ekantakuna,lalit.rajbanshi2129ratnapark@mail.com
"Paras Kumar Lamichane",Baneshwor,paras.lamichane2130sundhara@random.org
"Paras Kumar Malla",Ekantakuna,paras.malla2131baneshwor@random.org
"Lalit Bhopal K.C",Chabel,"lalit.k.c2132new road@demo.net"
"Sandeep Lal K.C",Baneshwor,sandeep.k.c2133jawalakhel@demo.net
"Paras Dhoj K.C",Gaushala,paras.k.c2134sundhara@example.com
"Binod Dhoj Bhandari","New Road",binod.bhandari2135jawalakhel@mail.com
"Sompal Lal Rajbanshi",Sundhara,sompal.rajbanshi2136sundhara@random.org
"Sandeep Bhopal Paudel",Gaushala,sandeep.paudel2137tripureshwor@random.org
"Rohit Lal Seikh",Tinkune,rohit.seikh2138tripureshwor@random.org
"Arif Bhopal Bhandari",Ekantakuna,arif.bhandari2139jawalakhel@example.com
"Kushal Bahadur Seikh",Chabel,kushal.seikh2140baneshwor@test.com
"Binod Bhopal Kami","New Road",binod.kami2141jawalakhel@example.com
"Rohit Krishna Paudel",Gaushala,rohit.paudel2142ratnapark@random.org
"Asif Bahadur Lamichane","New Road",asif.lamichane2143tinkune@test.com
"Lalit Gopal Lamichane",Ekantakuna,lalit.lamichane2144baneshwor@mail.com
"Binod Dhoj Bhurtel",Tripureshwor,binod.bhurtel2145ekantakuna@mail.com
"Arif Dev Khadka",Chabel,arif.khadka2146jawalakhel@demo.net
"Asif Gopal Bhandari",Tripureshwor,"asif.bhandari2147new road@random.org"
"Paras Bahadur Kami",Ekantakuna,paras.kami2148ekantakuna@mail.com
"Asif Bhagat Bhurtel",Tinkune,asif.bhurtel2149ratnapark@random.org
"Arif Bir Bhandari",Tinkune,arif.bhandari2150jawalakhel@random.org
"Rohit Gopal Malla",Baneshwor,rohit.malla2151chabel@test.com
"Lalit Bhagat Seikh",Tripureshwor,lalit.seikh2152ratnapark@example.com
"Arif Gopal Paudel",Sundhara,arif.paudel2153tripureshwor@test.com
"Lalit Gopal Khadka",Ekantakuna,lalit.khadka2154chabel@example.com
"Lalit Dhoj Malla","New Road",lalit.malla2155jawalakhel@random.org
"Asif Krishna Seikh",Tinkune,asif.seikh2156chabel@demo.net
"Asif Bir Paudel",Chabel,asif.paudel2157sundhara@mail.com
"Karan Lal Kami",Ekantakuna,karan.kami2158baneshwor@random.org
"Rohit Bir Bhurtel",Jawalakhel,rohit.bhurtel2159chabel@example.com
"Sompal Lal Lamichane",Gaushala,sompal.lamichane2160jawalakhel@random.org
"Binod Dhoj Lamichane",Gaushala,binod.lamichane2161tripureshwor@demo.net
"Kushal Gopal Kami",Ekantakuna,kushal.kami2162gaushala@demo.net
"Rohit Krishna Malla",Ekantakuna,rohit.malla2163ekantakuna@test.com
"Karan Bhagat Rajbanshi",Ratnapark,karan.rajbanshi2164ratnapark@demo.net
"Sompal Gopal Bhandari",Tinkune,sompal.bhandari2165chabel@mail.com
"Karan Bhopal Rajbanshi",Jawalakhel,karan.rajbanshi2166tinkune@mail.com
"Kushal Krishna Lamichane",Chabel,"kushal.lamichane2167new road@example.com"
"Karan Bir Khadka",Jawalakhel,karan.khadka2168baneshwor@demo.net
"Kushal Gopal Kami","New Road",kushal.kami2169tripureshwor@test.com
"Binod Kumar Paudel",Sundhara,"binod.paudel2170new road@demo.net"
"Asif Gopal Seikh",Sundhara,asif.seikh2171ekantakuna@test.com
"Rohit Bir Lamichane",Tripureshwor,rohit.lamichane2172chabel@test.com
"Sompal Kumar Khadka",Jawalakhel,sompal.khadka2173baneshwor@example.com
"Paras Bahadur K.C",Tinkune,"paras.k.c2174new road@mail.com"
"Asif Bhopal Seikh",Chabel,asif.seikh2175sundhara@example.com
"Asif Bahadur Rajbanshi",Ratnapark,asif.rajbanshi2176gaushala@demo.net
"Sandeep Kumar Lamichane",Gaushala,sandeep.lamichane2177tripureshwor@random.org
"Arif Lal Bhurtel",Ekantakuna,arif.bhurtel2178tinkune@test.com
"Rohit Bhagat Kami",Baneshwor,rohit.kami2179tripureshwor@random.org
"Karan Bhagat K.C",Ekantakuna,karan.k.c2180tinkune@demo.net
"Paras Gopal Kami",Chabel,paras.kami2181chabel@mail.com
"Sompal Bhagat Bhurtel",Ratnapark,sompal.bhurtel2182ekantakuna@example.com
"Karan Dhoj K.C",Chabel,karan.k.c2183sundhara@test.com
"Karan Bhagat Seikh","New Road",karan.seikh2184jawalakhel@mail.com
"Sandeep Krishna Kami",Ratnapark,sandeep.kami2185jawalakhel@random.org
"Asif Krishna K.C",Jawalakhel,asif.k.c2186sundhara@example.com
"Sandeep Kumar Bhurtel",Sundhara,sandeep.bhurtel2187ekantakuna@demo.net
"Sandeep Bhagat Malla",Baneshwor,"sandeep.malla2188new road@demo.net"
"Asif Krishna Rajbanshi",Baneshwor,asif.rajbanshi2189tinkune@example.com
"Paras Bir Bhurtel",Sundhara,"paras.bhurtel2190new road@demo.net"
"Kushal Dev Rajbanshi",Chabel,kushal.rajbanshi2191jawalakhel@test.com
"Kushal Dev Lamichane",Chabel,kushal.lamichane2192sundhara@mail.com
"Arif Bahadur Seikh",Ekantakuna,"arif.seikh2193new road@example.com"
"Sandeep Dev Lamichane",Tripureshwor,sandeep.lamichane2194tripureshwor@test.com
"Arif Krishna K.C",Chabel,arif.k.c2195baneshwor@test.com
"Paras Dev K.C","New Road",paras.k.c2196tinkune@mail.com
"Lalit Dev Kami",Sundhara,lalit.kami2197sundhara@random.org
"Sompal Lal Kami",Baneshwor,sompal.kami2198tripureshwor@example.com
"Karan Gopal K.C",Sundhara,karan.k.c2199sundhara@demo.net
"Karan Bhopal Khadka","New Road",karan.khadka2200ekantakuna@test.com
"Sandeep Bir Lamichane",Baneshwor,sandeep.lamichane2201ekantakuna@test.com
"Sandeep Krishna K.C",Chabel,sandeep.k.c2202sundhara@test.com
"Paras Bahadur Khadka","New Road",paras.khadka2203chabel@random.org
"Sandeep Bir Malla",Baneshwor,sandeep.malla2204jawalakhel@mail.com
"Rohit Kumar K.C",Baneshwor,rohit.k.c2205jawalakhel@random.org
"Paras Gopal Lamichane","New Road",paras.lamichane2206baneshwor@random.org
"Paras Bhopal Bhurtel",Ekantakuna,"paras.bhurtel2207new road@test.com"
"Karan Bhopal Malla",Sundhara,karan.malla2208jawalakhel@test.com
"Paras Dhoj K.C",Sundhara,paras.k.c2209ekantakuna@random.org
"Sompal Kumar Paudel",Tinkune,sompal.paudel2210ekantakuna@mail.com
"Asif Bhagat K.C",Baneshwor,asif.k.c2211chabel@demo.net
"Sompal Bir Seikh",Jawalakhel,sompal.seikh2212tripureshwor@demo.net
"Rohit Dhoj Khadka",Gaushala,rohit.khadka2213baneshwor@random.org
"Binod Dev Bhandari",Gaushala,binod.bhandari2214sundhara@test.com
"Kushal Gopal Bhandari",Baneshwor,kushal.bhandari2215gaushala@random.org
"Sandeep Bhopal Khadka",Baneshwor,sandeep.khadka2216chabel@mail.com
"Lalit Dhoj Kami",Chabel,lalit.kami2217tripureshwor@demo.net
"Lalit Bahadur Khadka",Ekantakuna,lalit.khadka2218tinkune@mail.com
"Rohit Lal Khadka",Jawalakhel,rohit.khadka2219baneshwor@mail.com
"Binod Bahadur Seikh",Gaushala,binod.seikh2220gaushala@random.org
"Paras Dev Malla",Ekantakuna,paras.malla2221gaushala@random.org
"Sompal Gopal Bhandari",Gaushala,sompal.bhandari2222ratnapark@demo.net
"Paras Bhagat Rajbanshi",Chabel,"paras.rajbanshi2223new road@demo.net"
"Rohit Bahadur Seikh","New Road",rohit.seikh2224ratnapark@example.com
"Asif Dev K.C",Tripureshwor,asif.k.c2225jawalakhel@random.org
"Arif Lal Kami",Tripureshwor,arif.kami2226tripureshwor@test.com
"Rohit Bhagat Paudel",Ekantakuna,rohit.paudel2227tripureshwor@example.com
"Arif Lal Rajbanshi",Ekantakuna,arif.rajbanshi2228baneshwor@random.org
"Rohit Bhopal Bhurtel",Ekantakuna,rohit.bhurtel2229tripureshwor@test.com
"Lalit Dev Bhandari",Baneshwor,lalit.bhandari2230jawalakhel@mail.com
"Karan Kumar Bhurtel",Tinkune,karan.bhurtel2231jawalakhel@example.com
"Arif Bhagat K.C",Gaushala,arif.k.c2232tinkune@example.com
"Binod Dhoj Bhandari",Gaushala,binod.bhandari2233chabel@test.com
"Karan Bhopal Paudel",Chabel,karan.paudel2234chabel@test.com
"Rohit Kumar Khadka","New Road",rohit.khadka2235sundhara@demo.net
"Arif Bhopal Rajbanshi",Sundhara,arif.rajbanshi2236chabel@mail.com
"Karan Bhopal Rajbanshi",Tinkune,karan.rajbanshi2237chabel@example.com
"Arif Krishna Bhurtel",Sundhara,arif.bhurtel2238gaushala@demo.net
"Karan Bahadur Seikh",Ratnapark,"karan.seikh2239new road@test.com"
"Sompal Bir Bhurtel",Ekantakuna,sompal.bhurtel2240gaushala@test.com
"Kushal Bahadur Khadka",Gaushala,kushal.khadka2241sundhara@example.com
"Rohit Gopal Bhurtel",Tripureshwor,rohit.bhurtel2242sundhara@mail.com
"Rohit Gopal Bhurtel",Gaushala,rohit.bhurtel2243chabel@mail.com
"Binod Bhopal Malla",Chabel,binod.malla2244tripureshwor@mail.com
"Kushal Lal Bhandari",Chabel,kushal.bhandari2245sundhara@example.com
"Kushal Kumar Rajbanshi",Ratnapark,"kushal.rajbanshi2246new road@random.org"
"Asif Bhagat Seikh",Tripureshwor,asif.seikh2247gaushala@mail.com
"Karan Bahadur Khadka",Chabel,karan.khadka2248baneshwor@mail.com
"Sandeep Bahadur K.C",Ratnapark,sandeep.k.c2249ratnapark@random.org
"Kushal Bhopal Rajbanshi","New Road",kushal.rajbanshi2250sundhara@test.com
"Asif Kumar Kami",Gaushala,asif.kami2251gaushala@mail.com
"Binod Krishna Seikh",Baneshwor,binod.seikh2252ratnapark@demo.net
"Sandeep Bhagat Khadka",Chabel,sandeep.khadka2253tinkune@demo.net
"Kushal Dhoj Seikh",Chabel,kushal.seikh2254tinkune@example.com
"Sandeep Dev K.C","New Road",sandeep.k.c2255tinkune@mail.com
"Asif Bhopal Khadka",Chabel,asif.khadka2256ekantakuna@mail.com
"Kushal Kumar Khadka",Sundhara,kushal.khadka2257tripureshwor@test.com
"Rohit Dev Kami",Baneshwor,rohit.kami2258jawalakhel@example.com
"Arif Bir Bhandari",Gaushala,"arif.bhandari2259new road@test.com"
"Kushal Bhopal K.C",Chabel,kushal.k.c2260tinkune@test.com
"Lalit Kumar Khadka",Chabel,lalit.khadka2261gaushala@demo.net
"Lalit Bahadur Lamichane",Tripureshwor,lalit.lamichane2262baneshwor@demo.net
"Sompal Gopal Malla",Baneshwor,sompal.malla2263chabel@test.com
"Asif Dhoj Kami",Ratnapark,"asif.kami2264new road@mail.com"
"Lalit Bir Malla","New Road",lalit.malla2265baneshwor@example.com
"Rohit Gopal Kami",Sundhara,rohit.kami2266tinkune@example.com
"Sandeep Kumar Malla",Ratnapark,sandeep.malla2267jawalakhel@random.org
"Binod Bir Malla","New Road",binod.malla2268gaushala@test.com
"Kushal Bhagat Bhurtel",Ekantakuna,kushal.bhurtel2269baneshwor@random.org
"Sompal Bir Bhurtel",Jawalakhel,sompal.bhurtel2270tripureshwor@demo.net
"Rohit Krishna K.C",Ratnapark,rohit.k.c2271tinkune@demo.net
"Arif Bahadur Lamichane",Jawalakhel,arif.lamichane2272chabel@example.com
"Kushal Bir Paudel",Tripureshwor,kushal.paudel2273chabel@demo.net
"Sandeep Gopal Seikh",Gaushala,sandeep.seikh2274gaushala@random.org
"Binod Bhopal Khadka",Chabel,binod.khadka2275jawalakhel@example.com
"Paras Lal Malla",Jawalakhel,"paras.malla2276new road@test.com"
"Sompal Dev Seikh",Sundhara,sompal.seikh2277tinkune@example.com
"Sandeep Bahadur Khadka",Gaushala,sandeep.khadka2278ratnapark@mail.com
"Binod Dev Khadka",Tinkune,"binod.khadka2279new road@demo.net"
"Binod Bahadur Bhandari",Tinkune,binod.bhandari2280ratnapark@test.com
"Rohit Kumar Bhurtel",Tripureshwor,rohit.bhurtel2281tinkune@example.com
"Sandeep Krishna Khadka",Chabel,sandeep.khadka2282ekantakuna@test.com
"Asif Bhagat Rajbanshi",Ekantakuna,asif.rajbanshi2283tinkune@mail.com
"Binod Bir Rajbanshi",Jawalakhel,binod.rajbanshi2284sundhara@test.com
"Arif Dhoj Seikh",Ekantakuna,"arif.seikh2285new road@random.org"
"Sandeep Gopal Bhandari",Gaushala,sandeep.bhandari2286gaushala@demo.net
"Lalit Bhagat Bhandari",Jawalakhel,lalit.bhandari2287gaushala@example.com
"Asif Bhagat Seikh",Baneshwor,asif.seikh2288gaushala@test.com
"Kushal Bhopal Bhandari",Baneshwor,kushal.bhandari2289tripureshwor@mail.com
"Binod Kumar Lamichane",Ekantakuna,binod.lamichane2290ratnapark@mail.com
"Binod Dhoj Rajbanshi","New Road",binod.rajbanshi2291baneshwor@example.com
"Asif Bahadur Seikh",Tripureshwor,asif.seikh2292baneshwor@test.com
"Kushal Dev Kami",Ekantakuna,kushal.kami2293ekantakuna@example.com
"Paras Bahadur Bhandari",Sundhara,paras.bhandari2294gaushala@mail.com
"Paras Kumar Bhandari",Tinkune,paras.bhandari2295chabel@demo.net
"Karan Bahadur Malla",Ratnapark,karan.malla2296sundhara@demo.net
"Rohit Bhagat Rajbanshi",Tinkune,rohit.rajbanshi2297baneshwor@demo.net
"Asif Kumar Rajbanshi",Baneshwor,asif.rajbanshi2298tinkune@example.com
"Rohit Gopal Rajbanshi",Sundhara,rohit.rajbanshi2299ratnapark@demo.net
"Asif Dhoj Seikh",Baneshwor,asif.seikh2300sundhara@random.org
"Binod Bahadur Seikh","New Road",binod.seikh2301gaushala@example.com
"Sandeep Bahadur Kami","New Road",sandeep.kami2302baneshwor@demo.net
"Asif Krishna Khadka",Tinkune,asif.khadka2303ekantakuna@demo.net
"Binod Dev Bhandari",Tinkune,"binod.bhandari2304new road@example.com"
"Rohit Bhagat Kami",Gaushala,rohit.kami2305ratnapark@test.com
"Binod Bhagat Kami",Sundhara,binod.kami2306sundhara@test.com
"Kushal Lal Bhandari",Baneshwor,kushal.bhandari2307ekantakuna@mail.com
"Sompal Lal K.C",Tinkune,sompal.k.c2308tripureshwor@mail.com
"Lalit Bhagat Lamichane",Ekantakuna,"lalit.lamichane2309new road@example.com"
"Lalit Krishna Malla",Sundhara,lalit.malla2310baneshwor@mail.com
"Kushal Lal Seikh","New Road",kushal.seikh2311gaushala@random.org
"Asif Lal Kami",Ekantakuna,"asif.kami2312new road@demo.net"
"Kushal Gopal Bhurtel",Gaushala,kushal.bhurtel2313tinkune@mail.com
"Sompal Krishna Lamichane",Chabel,sompal.lamichane2314gaushala@demo.net
"Sompal Krishna Lamichane",Gaushala,sompal.lamichane2315gaushala@random.org
"Binod Bahadur Rajbanshi",Gaushala,binod.rajbanshi2316sundhara@demo.net
"Arif Bahadur Bhurtel",Ekantakuna,arif.bhurtel2317baneshwor@mail.com
"Rohit Krishna Bhandari",Baneshwor,rohit.bhandari2318jawalakhel@random.org
"Paras Dev Rajbanshi",Chabel,paras.rajbanshi2319gaushala@mail.com
"Paras Bhopal Seikh",Gaushala,paras.seikh2320ekantakuna@test.com
"Kushal Dev Paudel",Sundhara,kushal.paudel2321ratnapark@demo.net
"Lalit Krishna Paudel",Sundhara,lalit.paudel2322jawalakhel@example.com
"Sandeep Gopal Lamichane",Jawalakhel,sandeep.lamichane2323ekantakuna@example.com
"Lalit Dev Malla",Baneshwor,lalit.malla2324ratnapark@mail.com
"Kushal Bir Rajbanshi",Jawalakhel,kushal.rajbanshi2325tripureshwor@random.org
"Paras Dev Kami",Tripureshwor,paras.kami2326tripureshwor@mail.com
"Sandeep Krishna Bhurtel",Ekantakuna,sandeep.bhurtel2327tripureshwor@mail.com
"Binod Bir Malla",Tinkune,binod.malla2328sundhara@test.com
"Sandeep Krishna Malla","New Road","sandeep.malla2329new road@demo.net"
"Kushal Bir Kami",Sundhara,kushal.kami2330ratnapark@random.org
"Arif Kumar Bhurtel",Tripureshwor,arif.bhurtel2331jawalakhel@example.com
"Lalit Lal Seikh",Sundhara,lalit.seikh2332chabel@mail.com
"Kushal Kumar Bhurtel",Gaushala,kushal.bhurtel2333gaushala@test.com
"Arif Bahadur Seikh",Tinkune,arif.seikh2334chabel@demo.net
"Sompal Dev K.C",Jawalakhel,sompal.k.c2335tinkune@example.com
"Binod Krishna Paudel",Gaushala,binod.paudel2336sundhara@test.com
"Sandeep Kumar Bhurtel",Jawalakhel,sandeep.bhurtel2337chabel@example.com
"Asif Dhoj Kami",Ratnapark,asif.kami2338gaushala@demo.net
"Lalit Bhagat Bhandari",Ekantakuna,"lalit.bhandari2339new road@random.org"
"Kushal Lal K.C",Gaushala,kushal.k.c2340ratnapark@test.com
"Asif Dhoj Bhurtel","New Road",asif.bhurtel2341sundhara@test.com
"Paras Gopal Kami",Gaushala,paras.kami2342jawalakhel@test.com
"Paras Dev Khadka",Gaushala,paras.khadka2343baneshwor@mail.com
"Karan Dhoj Kami",Gaushala,karan.kami2344tripureshwor@example.com
"Sandeep Bir Seikh",Tinkune,sandeep.seikh2345gaushala@test.com
"Lalit Kumar Rajbanshi",Chabel,lalit.rajbanshi2346sundhara@example.com
"Rohit Dev Kami",Jawalakhel,rohit.kami2347chabel@test.com
"Binod Dhoj Bhandari",Tripureshwor,"binod.bhandari2348new road@test.com"
"Paras Lal Kami",Baneshwor,paras.kami2349tinkune@example.com
"Kushal Dhoj Malla","New Road",kushal.malla2350sundhara@mail.com
"Karan Bhopal Bhurtel",Jawalakhel,karan.bhurtel2351gaushala@test.com
"Sompal Gopal Paudel",Baneshwor,sompal.paudel2352baneshwor@test.com
"Sompal Bahadur Seikh",Tripureshwor,sompal.seikh2353gaushala@demo.net
"Sandeep Bir Bhurtel",Gaushala,sandeep.bhurtel2354sundhara@random.org
"Sandeep Bhopal Bhandari",Tripureshwor,sandeep.bhandari2355jawalakhel@demo.net
"Asif Dev Paudel",Chabel,asif.paudel2356tripureshwor@example.com
"Arif Gopal Kami",Tinkune,arif.kami2357tinkune@random.org
"Kushal Lal Paudel",Ekantakuna,kushal.paudel2358ratnapark@test.com
"Lalit Bhopal Lamichane","New Road",lalit.lamichane2359baneshwor@example.com
"Asif Bir Rajbanshi",Tinkune,asif.rajbanshi2360ekantakuna@random.org
"Sandeep Dev Rajbanshi",Gaushala,sandeep.rajbanshi2361tinkune@demo.net
"Arif Bhagat Bhandari",Gaushala,arif.bhandari2362baneshwor@mail.com
"Paras Dhoj Kami",Ekantakuna,paras.kami2363jawalakhel@mail.com
"Asif Gopal Lamichane",Gaushala,"asif.lamichane2364new road@mail.com"
"Arif Dev Lamichane",Chabel,arif.lamichane2365tripureshwor@example.com
"Binod Krishna Lamichane",Tinkune,binod.lamichane2366chabel@random.org
"Asif Kumar Seikh","New Road",asif.seikh2367ratnapark@demo.net
"Lalit Dhoj Seikh",Jawalakhel,lalit.seikh2368jawalakhel@test.com
"Sompal Bir Malla",Gaushala,sompal.malla2369sundhara@demo.net
"Kushal Kumar Seikh",Ratnapark,kushal.seikh2370ekantakuna@random.org
"Asif Bhagat Bhandari",Ratnapark,asif.bhandari2371sundhara@test.com
"Paras Krishna Khadka",Ekantakuna,paras.khadka2372ekantakuna@demo.net
"Paras Lal Paudel",Tinkune,paras.paudel2373ekantakuna@demo.net
"Sompal Bhopal Malla","New Road",sompal.malla2374ratnapark@test.com
"Sandeep Bhopal Lamichane",Sundhara,"sandeep.lamichane2375new road@random.org"
"Sompal Krishna Kami",Ekantakuna,sompal.kami2376gaushala@test.com
"Arif Bir Bhandari",Tripureshwor,"arif.bhandari2377new road@mail.com"
"Sompal Bir Seikh","New Road",sompal.seikh2378tripureshwor@test.com
"Binod Krishna K.C",Tripureshwor,binod.k.c2379ratnapark@demo.net
"Binod Bir Bhandari",Gaushala,binod.bhandari2380baneshwor@test.com
"Lalit Bhagat Bhandari",Chabel,lalit.bhandari2381jawalakhel@random.org
"Rohit Krishna Malla","New Road","rohit.malla2382new road@demo.net"
"Asif Bahadur K.C",Sundhara,asif.k.c2383jawalakhel@demo.net
"Rohit Kumar Seikh",Chabel,rohit.seikh2384ratnapark@example.com
"Sompal Dhoj Lamichane",Ratnapark,sompal.lamichane2385ratnapark@test.com
"Arif Bir Seikh",Baneshwor,arif.seikh2386tinkune@example.com
"Lalit Dhoj Malla",Jawalakhel,lalit.malla2387tinkune@example.com
"Lalit Krishna Rajbanshi",Tinkune,lalit.rajbanshi2388chabel@mail.com
"Paras Bahadur Kami",Baneshwor,paras.kami2389tinkune@demo.net
"Lalit Dhoj Khadka",Baneshwor,lalit.khadka2390gaushala@random.org
"Kushal Bhagat Seikh",Chabel,kushal.seikh2391tripureshwor@random.org
"Binod Bhagat Kami",Ekantakuna,binod.kami2392ekantakuna@random.org
"Kushal Bhagat K.C",Jawalakhel,kushal.k.c2393gaushala@random.org
"Karan Bhopal Bhurtel",Baneshwor,karan.bhurtel2394baneshwor@example.com
"Arif Dev Seikh",Baneshwor,arif.seikh2395baneshwor@mail.com
"Sandeep Bir Seikh",Chabel,sandeep.seikh2396baneshwor@test.com
"Sompal Krishna Bhandari",Baneshwor,sompal.bhandari2397ratnapark@example.com
"Paras Bhagat K.C",Jawalakhel,paras.k.c2398tinkune@example.com
"Arif Lal Malla",Sundhara,arif.malla2399jawalakhel@test.com
"Paras Lal Paudel",Ekantakuna,paras.paudel2400tripureshwor@test.com
"Sompal Bhopal Kami",Ekantakuna,sompal.kami2401gaushala@test.com
"Asif Lal Bhurtel",Ratnapark,asif.bhurtel2402tripureshwor@mail.com
"Kushal Bahadur Rajbanshi",Baneshwor,kushal.rajbanshi2403gaushala@mail.com
"Arif Kumar Seikh",Sundhara,arif.seikh2404ekantakuna@demo.net
"Karan Krishna Paudel",Tinkune,karan.paudel2405tinkune@mail.com
"Arif Krishna K.C",Chabel,arif.k.c2406baneshwor@test.com
"Sompal Lal Khadka",Tripureshwor,sompal.khadka2407ratnapark@mail.com
"Paras Dhoj Seikh","New Road",paras.seikh2408chabel@mail.com
"Binod Dhoj Khadka",Tripureshwor,binod.khadka2409baneshwor@mail.com
"Karan Gopal Khadka",Jawalakhel,karan.khadka2410ekantakuna@demo.net
"Lalit Bhopal Khadka",Tripureshwor,lalit.khadka2411tripureshwor@test.com
"Asif Lal Malla",Gaushala,"asif.malla2412new road@mail.com"
"Paras Bhopal K.C",Chabel,paras.k.c2413baneshwor@demo.net
"Arif Dhoj Paudel",Ekantakuna,arif.paudel2414baneshwor@test.com
"Paras Bhagat Seikh",Sundhara,paras.seikh2415jawalakhel@test.com
"Asif Krishna Bhurtel",Sundhara,asif.bhurtel2416sundhara@random.org
"Asif Kumar Paudel",Ratnapark,asif.paudel2417ratnapark@test.com
"Karan Krishna Bhurtel",Tinkune,karan.bhurtel2418ekantakuna@demo.net
"Sompal Dev Kami",Ratnapark,"sompal.kami2419new road@random.org"
"Binod Bhagat K.C","New Road",binod.k.c2420ratnapark@example.com
"Arif Krishna Bhandari",Sundhara,arif.bhandari2421ratnapark@random.org
"Asif Dev Paudel",Gaushala,asif.paudel2422tripureshwor@mail.com
"Binod Bhopal Seikh",Chabel,binod.seikh2423gaushala@random.org
"Asif Dhoj K.C",Chabel,asif.k.c2424baneshwor@demo.net
"Sandeep Bahadur Bhandari",Jawalakhel,sandeep.bhandari2425tripureshwor@test.com
"Kushal Bahadur Seikh",Ratnapark,kushal.seikh2426ratnapark@mail.com
"Rohit Lal Lamichane",Ratnapark,rohit.lamichane2427tinkune@test.com
"Paras Gopal Malla",Tripureshwor,paras.malla2428tinkune@random.org
"Binod Gopal Bhandari",Sundhara,"binod.bhandari2429new road@random.org"
"Binod Dev Bhandari",Gaushala,binod.bhandari2430gaushala@demo.net
"Sompal Lal Khadka",Sundhara,sompal.khadka2431jawalakhel@test.com
"Kushal Dev Lamichane",Baneshwor,kushal.lamichane2432ratnapark@demo.net
"Kushal Kumar Malla",Jawalakhel,kushal.malla2433gaushala@test.com
"Rohit Kumar Kami",Baneshwor,rohit.kami2434tripureshwor@mail.com
"Lalit Krishna Kami","New Road",lalit.kami2435tinkune@demo.net
"Kushal Gopal Bhurtel",Ekantakuna,kushal.bhurtel2436baneshwor@example.com
"Binod Lal Kami",Baneshwor,binod.kami2437sundhara@mail.com
"Binod Kumar Malla",Chabel,binod.malla2438ekantakuna@random.org
"Sompal Krishna K.C",Sundhara,sompal.k.c2439gaushala@demo.net
"Asif Bhagat Khadka",Gaushala,asif.khadka2440chabel@demo.net
"Asif Kumar Malla",Baneshwor,asif.malla2441ekantakuna@demo.net
"Arif Gopal Lamichane",Baneshwor,arif.lamichane2442ratnapark@example.com
"Paras Krishna K.C",Baneshwor,"paras.k.c2443new road@example.com"
"Kushal Gopal Khadka",Ratnapark,kushal.khadka2444ekantakuna@test.com
"Paras Dhoj Seikh",Ratnapark,"paras.seikh2445new road@example.com"
"Rohit Krishna K.C","New Road",rohit.k.c2446ratnapark@random.org
"Paras Bahadur Bhurtel",Ratnapark,paras.bhurtel2447tinkune@mail.com
"Arif Bir Malla",Baneshwor,arif.malla2448ratnapark@mail.com
"Lalit Kumar Rajbanshi",Ekantakuna,lalit.rajbanshi2449tinkune@mail.com
"Karan Bir Rajbanshi",Sundhara,karan.rajbanshi2450tinkune@demo.net
"Karan Gopal Kami",Tinkune,karan.kami2451ratnapark@test.com
"Binod Dhoj Paudel",Ekantakuna,binod.paudel2452baneshwor@test.com
"Paras Lal Paudel",Jawalakhel,paras.paudel2453baneshwor@example.com
"Sandeep Bahadur Seikh",Jawalakhel,sandeep.seikh2454ekantakuna@test.com
"Lalit Krishna Lamichane",Gaushala,lalit.lamichane2455jawalakhel@test.com
"Paras Dhoj Paudel",Tinkune,paras.paudel2456ekantakuna@demo.net
"Rohit Kumar Bhurtel",Tripureshwor,rohit.bhurtel2457ekantakuna@mail.com
"Asif Bahadur Paudel","New Road",asif.paudel2458tinkune@random.org
"Asif Lal K.C",Ratnapark,asif.k.c2459chabel@random.org
"Lalit Dhoj Malla",Chabel,lalit.malla2460tinkune@example.com
"Paras Lal Kami",Ekantakuna,paras.kami2461baneshwor@example.com
"Sompal Kumar Kami",Chabel,sompal.kami2462baneshwor@test.com
"Asif Gopal Seikh",Ekantakuna,asif.seikh2463baneshwor@example.com
"Sompal Gopal Bhandari",Ekantakuna,sompal.bhandari2464chabel@test.com
"Rohit Bhopal Seikh",Tinkune,rohit.seikh2465gaushala@test.com
"Karan Kumar Bhandari",Ekantakuna,karan.bhandari2466jawalakhel@mail.com
"Lalit Dev Lamichane","New Road",lalit.lamichane2467gaushala@example.com
"Paras Bahadur Bhandari","New Road",paras.bhandari2468tinkune@test.com
"Paras Kumar Seikh",Gaushala,paras.seikh2469gaushala@test.com
"Karan Gopal Paudel",Tinkune,karan.paudel2470sundhara@test.com
"Kushal Krishna Seikh",Tripureshwor,kushal.seikh2471tripureshwor@mail.com
"Sandeep Bhopal Kami",Baneshwor,sandeep.kami2472sundhara@random.org
"Rohit Kumar Rajbanshi",Ratnapark,"rohit.rajbanshi2473new road@random.org"
"Karan Bhagat Seikh",Tripureshwor,karan.seikh2474tinkune@demo.net
"Arif Krishna Paudel",Sundhara,arif.paudel2475ekantakuna@test.com
"Kushal Bahadur K.C",Ekantakuna,kushal.k.c2476tinkune@demo.net
"Arif Dhoj Seikh",Ekantakuna,arif.seikh2477tinkune@test.com
"Arif Dhoj Malla","New Road",arif.malla2478jawalakhel@mail.com
"Kushal Kumar Bhandari",Baneshwor,kushal.bhandari2479ekantakuna@test.com
"Arif Gopal Rajbanshi","New Road",arif.rajbanshi2480chabel@example.com
"Binod Gopal Seikh",Baneshwor,binod.seikh2481chabel@random.org
"Rohit Dhoj K.C",Sundhara,rohit.k.c2482baneshwor@random.org
"Sompal Gopal Kami","New Road","sompal.kami2483new road@test.com"
"Sompal Bir K.C",Tripureshwor,sompal.k.c2484baneshwor@mail.com
"Paras Dhoj Malla",Tripureshwor,paras.malla2485gaushala@mail.com
"Binod Kumar Lamichane",Baneshwor,binod.lamichane2486chabel@mail.com
"Karan Bhopal Paudel",Gaushala,karan.paudel2487tinkune@test.com
"Sompal Bir Khadka",Baneshwor,sompal.khadka2488chabel@random.org
"Kushal Bahadur Lamichane",Tinkune,kushal.lamichane2489tinkune@demo.net
"Sompal Bhagat Seikh",Tripureshwor,"sompal.seikh2490new road@example.com"
"Sompal Dhoj Kami",Chabel,sompal.kami2491ratnapark@example.com
"Karan Bhopal Paudel",Ratnapark,karan.paudel2492gaushala@example.com
"Arif Gopal Paudel",Gaushala,arif.paudel2493gaushala@demo.net
"Arif Krishna Seikh",Chabel,arif.seikh2494sundhara@random.org
"Lalit Bhagat K.C",Gaushala,lalit.k.c2495ekantakuna@example.com
"Arif Krishna Bhurtel",Tripureshwor,arif.bhurtel2496tinkune@random.org
"Paras Kumar Rajbanshi",Ratnapark,paras.rajbanshi2497ekantakuna@test.com
"Binod Kumar Rajbanshi",Tripureshwor,binod.rajbanshi2498ekantakuna@test.com
"Sandeep Bahadur Kami",Tripureshwor,sandeep.kami2499ekantakuna@mail.com
"Binod Bhopal Bhandari",Ekantakuna,binod.bhandari2500baneshwor@demo.net
"Rohit Bhagat Kami",Tinkune,rohit.kami2501jawalakhel@mail.com
"Sompal Bhopal Bhurtel",Gaushala,sompal.bhurtel2502ratnapark@random.org
"Sandeep Bhagat Bhandari",Tinkune,sandeep.bhandari2503tripureshwor@test.com
"Paras Dhoj Paudel",Baneshwor,paras.paudel2504ekantakuna@random.org
"Sompal Dev Lamichane",Chabel,sompal.lamichane2505ratnapark@demo.net
"Karan Lal Khadka",Tinkune,karan.khadka2506sundhara@mail.com
"Paras Gopal Seikh","New Road",paras.seikh2507ekantakuna@demo.net
"Kushal Bhopal K.C",Ekantakuna,kushal.k.c2508sundhara@random.org
"Karan Bir Bhurtel",Tripureshwor,"karan.bhurtel2509new road@example.com"
"Asif Bhagat Rajbanshi",Jawalakhel,asif.rajbanshi2510baneshwor@test.com
"Sandeep Bhopal Seikh",Gaushala,sandeep.seikh2511jawalakhel@mail.com
"Lalit Bir Lamichane",Chabel,lalit.lamichane2512ekantakuna@example.com
"Asif Dev K.C",Ratnapark,asif.k.c2513tripureshwor@mail.com
"Sompal Dhoj Khadka",Jawalakhel,sompal.khadka2514chabel@example.com
"Sompal Bahadur Lamichane",Ekantakuna,"sompal.lamichane2515new road@mail.com"
"Karan Kumar Rajbanshi",Chabel,karan.rajbanshi2516tinkune@mail.com
"Sompal Bahadur Lamichane",Sundhara,sompal.lamichane2517gaushala@example.com
"Asif Gopal Bhurtel",Tinkune,asif.bhurtel2518sundhara@random.org
"Kushal Bhopal Seikh",Gaushala,kushal.seikh2519gaushala@random.org
"Paras Bhopal Lamichane",Ekantakuna,paras.lamichane2520jawalakhel@demo.net
"Asif Dev Malla",Gaushala,asif.malla2521gaushala@random.org
"Asif Bhagat Malla",Tripureshwor,asif.malla2522tinkune@test.com
"Binod Bahadur Bhandari",Jawalakhel,binod.bhandari2523jawalakhel@test.com
"Binod Lal Rajbanshi",Tinkune,binod.rajbanshi2524jawalakhel@mail.com
"Kushal Bir Seikh",Jawalakhel,kushal.seikh2525jawalakhel@mail.com
"Sandeep Bahadur Kami",Sundhara,"sandeep.kami2526new road@example.com"
"Lalit Gopal Bhurtel",Sundhara,lalit.bhurtel2527tripureshwor@random.org
"Sandeep Kumar Bhurtel",Gaushala,sandeep.bhurtel2528tripureshwor@random.org
"Sompal Kumar Lamichane",Ratnapark,sompal.lamichane2529baneshwor@random.org
"Karan Bahadur K.C",Tinkune,"karan.k.c2530new road@mail.com"
"Sompal Gopal Malla","New Road",sompal.malla2531jawalakhel@example.com
"Rohit Bhagat Khadka",Jawalakhel,rohit.khadka2532jawalakhel@mail.com
"Binod Bir Lamichane",Ekantakuna,binod.lamichane2533gaushala@test.com
"Asif Dhoj Malla",Tripureshwor,asif.malla2534gaushala@test.com
"Sandeep Bir Rajbanshi",Jawalakhel,sandeep.rajbanshi2535jawalakhel@test.com
"Sandeep Dhoj Rajbanshi",Ekantakuna,sandeep.rajbanshi2536gaushala@test.com
"Asif Bhagat K.C",Tripureshwor,asif.k.c2537jawalakhel@test.com
"Arif Dev Malla",Tinkune,"arif.malla2538new road@demo.net"
"Rohit Bhagat Paudel","New Road",rohit.paudel2539gaushala@test.com
"Rohit Kumar Lamichane",Tinkune,rohit.lamichane2540sundhara@demo.net
"Paras Bahadur K.C",Gaushala,paras.k.c2541ratnapark@test.com
"Karan Bhagat Lamichane",Ratnapark,karan.lamichane2542gaushala@mail.com
"Arif Krishna Malla","New Road",arif.malla2543tripureshwor@random.org
"Binod Bhagat Bhandari",Ratnapark,binod.bhandari2544jawalakhel@mail.com
"Karan Gopal Bhandari",Sundhara,karan.bhandari2545tinkune@test.com
"Lalit Bir Kami",Baneshwor,lalit.kami2546ekantakuna@mail.com
"Karan Krishna Bhandari",Sundhara,karan.bhandari2547ekantakuna@demo.net
"Sompal Bhagat Bhandari",Tinkune,"sompal.bhandari2548new road@test.com"
"Rohit Lal Kami",Sundhara,rohit.kami2549jawalakhel@random.org
"Paras Lal Paudel",Tripureshwor,paras.paudel2550tinkune@example.com
"Rohit Dhoj Malla",Baneshwor,rohit.malla2551tripureshwor@demo.net
"Sompal Bhagat Rajbanshi",Ratnapark,sompal.rajbanshi2552tripureshwor@mail.com
"Sandeep Kumar Kami",Ratnapark,sandeep.kami2553sundhara@test.com
"Karan Bahadur Lamichane","New Road",karan.lamichane2554jawalakhel@random.org
"Arif Kumar Seikh",Ekantakuna,"arif.seikh2555new road@demo.net"
"Paras Gopal Lamichane",Baneshwor,"paras.lamichane2556new road@test.com"
"Lalit Kumar Kami",Tripureshwor,lalit.kami2557gaushala@mail.com
"Sandeep Bhagat Rajbanshi","New Road",sandeep.rajbanshi2558ratnapark@example.com
"Binod Bir Rajbanshi",Ratnapark,binod.rajbanshi2559tinkune@example.com
"Sompal Bhagat Rajbanshi",Sundhara,sompal.rajbanshi2560ratnapark@example.com
"Arif Bhopal Khadka",Tinkune,arif.khadka2561baneshwor@mail.com
"Rohit Dev Rajbanshi",Jawalakhel,rohit.rajbanshi2562sundhara@test.com
"Asif Dhoj Khadka","New Road",asif.khadka2563baneshwor@mail.com
"Arif Bir Khadka",Tripureshwor,arif.khadka2564tinkune@random.org
"Binod Bhagat Malla","New Road",binod.malla2565tripureshwor@random.org
"Karan Gopal Rajbanshi",Baneshwor,karan.rajbanshi2566sundhara@random.org
"Binod Dev K.C",Baneshwor,binod.k.c2567chabel@mail.com
"Karan Bhopal Kami",Jawalakhel,karan.kami2568tripureshwor@random.org
"Rohit Bhopal Lamichane",Ratnapark,rohit.lamichane2569ekantakuna@example.com
"Asif Gopal Paudel",Jawalakhel,asif.paudel2570jawalakhel@test.com
"Arif Kumar Seikh",Ekantakuna,"arif.seikh2571new road@mail.com"
"Paras Lal Rajbanshi",Baneshwor,paras.rajbanshi2572ratnapark@example.com
"Kushal Bhagat Seikh",Tripureshwor,kushal.seikh2573jawalakhel@example.com
"Paras Dhoj Lamichane",Jawalakhel,paras.lamichane2574sundhara@mail.com
"Binod Gopal Rajbanshi",Tinkune,binod.rajbanshi2575tripureshwor@mail.com
"Rohit Bahadur Bhandari",Sundhara,rohit.bhandari2576tripureshwor@random.org
"Sompal Bhopal Paudel",Ekantakuna,sompal.paudel2577ratnapark@mail.com
"Binod Bhagat Bhandari",Baneshwor,binod.bhandari2578tinkune@example.com
"Rohit Kumar Malla",Tinkune,rohit.malla2579chabel@test.com
"Karan Bhopal K.C",Chabel,karan.k.c2580ratnapark@random.org
"Arif Kumar Lamichane","New Road",arif.lamichane2581tripureshwor@example.com
"Rohit Bir K.C",Jawalakhel,rohit.k.c2582tinkune@example.com
"Paras Dev Kami",Sundhara,paras.kami2583gaushala@example.com
"Lalit Dhoj Paudel",Tripureshwor,lalit.paudel2584chabel@example.com
"Asif Krishna Khadka",Ekantakuna,asif.khadka2585chabel@demo.net
"Paras Krishna Kami",Chabel,paras.kami2586tinkune@example.com
"Asif Bir Seikh",Chabel,asif.seikh2587baneshwor@demo.net
"Kushal Krishna Bhandari",Gaushala,"kushal.bhandari2588new road@example.com"
"Kushal Gopal Seikh",Baneshwor,kushal.seikh2589tinkune@demo.net
"Sandeep Bhopal Khadka","New Road","sandeep.khadka2590new road@mail.com"
"Sompal Bhagat Bhurtel",Tinkune,sompal.bhurtel2591baneshwor@random.org
"Lalit Lal Paudel",Tinkune,lalit.paudel2592tinkune@test.com
"Asif Kumar Kami",Gaushala,asif.kami2593gaushala@mail.com
"Kushal Dev Bhandari",Jawalakhel,kushal.bhandari2594ekantakuna@random.org
"Paras Gopal Paudel","New Road",paras.paudel2595jawalakhel@demo.net
"Kushal Bir K.C",Chabel,kushal.k.c2596tinkune@demo.net
"Asif Lal Lamichane",Ekantakuna,asif.lamichane2597baneshwor@example.com
"Sandeep Bahadur K.C",Tripureshwor,sandeep.k.c2598jawalakhel@demo.net
"Karan Kumar Paudel",Tripureshwor,karan.paudel2599chabel@demo.net
"Asif Dev Paudel",Tinkune,asif.paudel2600tripureshwor@random.org
"Sompal Bhagat Seikh",Tinkune,sompal.seikh2601tripureshwor@random.org
"Karan Gopal Bhurtel",Chabel,karan.bhurtel2602chabel@random.org
"Sompal Lal Khadka",Sundhara,sompal.khadka2603jawalakhel@example.com
"Binod Gopal K.C",Jawalakhel,binod.k.c2604tripureshwor@mail.com
"Kushal Bhopal Bhandari",Gaushala,kushal.bhandari2605ekantakuna@random.org
"Sompal Lal Malla",Jawalakhel,sompal.malla2606tinkune@example.com
"Asif Bir K.C",Sundhara,asif.k.c2607chabel@test.com
"Asif Dev Kami",Ratnapark,asif.kami2608ekantakuna@test.com
"Asif Bahadur Khadka",Ratnapark,asif.khadka2609baneshwor@mail.com
"Arif Dhoj Bhurtel",Baneshwor,arif.bhurtel2610tripureshwor@example.com
"Binod Krishna Rajbanshi",Sundhara,binod.rajbanshi2611jawalakhel@test.com
"Rohit Kumar Paudel",Ratnapark,"rohit.paudel2612new road@test.com"
"Rohit Krishna Bhandari",Jawalakhel,rohit.bhandari2613chabel@mail.com
"Lalit Bahadur Rajbanshi",Sundhara,lalit.rajbanshi2614gaushala@mail.com
"Lalit Krishna Lamichane",Ekantakuna,lalit.lamichane2615chabel@test.com
"Lalit Krishna Bhurtel","New Road",lalit.bhurtel2616jawalakhel@demo.net
"Arif Bhopal Khadka",Tinkune,arif.khadka2617tinkune@demo.net
"Paras Krishna Bhurtel",Chabel,paras.bhurtel2618baneshwor@test.com
"Asif Lal Seikh",Ekantakuna,asif.seikh2619ekantakuna@example.com
"Binod Kumar Khadka",Baneshwor,binod.khadka2620ekantakuna@random.org
"Arif Bir Kami",Ratnapark,"arif.kami2621new road@demo.net"
"Kushal Dhoj K.C",Chabel,kushal.k.c2622ratnapark@demo.net
"Karan Bhopal K.C",Sundhara,karan.k.c2623gaushala@mail.com
"Karan Kumar K.C",Jawalakhel,karan.k.c2624tripureshwor@demo.net
"Sandeep Gopal Khadka",Gaushala,sandeep.khadka2625jawalakhel@mail.com
"Asif Gopal Bhurtel",Ekantakuna,asif.bhurtel2626chabel@test.com
"Karan Dhoj Kami",Ratnapark,karan.kami2627chabel@random.org
"Karan Lal Rajbanshi",Chabel,karan.rajbanshi2628tripureshwor@example.com
"Karan Kumar K.C",Ratnapark,karan.k.c2629chabel@mail.com
"Kushal Kumar Lamichane",Ekantakuna,kushal.lamichane2630chabel@random.org
"Sandeep Bhopal Seikh",Jawalakhel,sandeep.seikh2631baneshwor@example.com
"Lalit Krishna Kami","New Road",lalit.kami2632gaushala@mail.com
"Binod Dev Paudel",Baneshwor,binod.paudel2633ekantakuna@example.com
"Karan Krishna Rajbanshi",Ratnapark,karan.rajbanshi2634sundhara@example.com
"Rohit Dhoj Paudel",Tinkune,rohit.paudel2635ratnapark@example.com
"Arif Bahadur Bhandari",Tripureshwor,arif.bhandari2636tripureshwor@mail.com
"Sompal Gopal Malla",Sundhara,sompal.malla2637tripureshwor@test.com
"Rohit Bhagat Seikh","New Road",rohit.seikh2638ekantakuna@example.com
"Karan Dev Bhandari","New Road",karan.bhandari2639tinkune@example.com
"Arif Dev Rajbanshi",Ratnapark,arif.rajbanshi2640sundhara@demo.net
"Karan Bir Bhurtel",Chabel,karan.bhurtel2641gaushala@demo.net
"Rohit Kumar Lamichane",Sundhara,rohit.lamichane2642tripureshwor@mail.com
"Kushal Krishna K.C",Baneshwor,kushal.k.c2643sundhara@demo.net
"Kushal Bhagat Seikh",Tripureshwor,kushal.seikh2644ekantakuna@mail.com
"Binod Dev K.C",Gaushala,binod.k.c2645tripureshwor@random.org
"Karan Bir Lamichane",Ratnapark,karan.lamichane2646sundhara@test.com
"Karan Dhoj Bhurtel",Tinkune,karan.bhurtel2647chabel@example.com
"Lalit Bhagat Malla",Chabel,lalit.malla2648jawalakhel@mail.com
"Sompal Lal Lamichane",Chabel,sompal.lamichane2649tripureshwor@test.com
"Lalit Bir Rajbanshi",Tripureshwor,lalit.rajbanshi2650chabel@random.org
"Arif Bhopal Paudel",Tripureshwor,arif.paudel2651sundhara@demo.net
"Kushal Lal Paudel",Sundhara,kushal.paudel2652baneshwor@test.com
"Lalit Lal Paudel",Ratnapark,"lalit.paudel2653new road@example.com"
"Arif Bahadur Bhandari",Baneshwor,arif.bhandari2654ratnapark@example.com
"Karan Dhoj Bhandari",Ekantakuna,karan.bhandari2655ekantakuna@mail.com
"Lalit Gopal Seikh","New Road",lalit.seikh2656baneshwor@random.org
"Paras Bhagat Malla","New Road",paras.malla2657ratnapark@demo.net
"Asif Lal K.C",Sundhara,asif.k.c2658gaushala@mail.com
"Paras Bahadur Seikh",Baneshwor,paras.seikh2659ratnapark@demo.net
"Asif Bhopal Rajbanshi",Gaushala,asif.rajbanshi2660tripureshwor@mail.com
"Lalit Lal Malla",Tinkune,lalit.malla2661gaushala@example.com
"Karan Lal Kami",Tripureshwor,karan.kami2662baneshwor@mail.com
"Kushal Bir Khadka",Baneshwor,kushal.khadka2663sundhara@example.com
"Rohit Krishna Kami",Gaushala,rohit.kami2664sundhara@test.com
"Asif Bir Paudel","New Road","asif.paudel2665new road@test.com"
"Kushal Dev Bhandari",Chabel,kushal.bhandari2666ekantakuna@test.com
"Sandeep Dev Lamichane",Jawalakhel,sandeep.lamichane2667chabel@random.org
"Sompal Gopal Bhandari",Chabel,sompal.bhandari2668tripureshwor@example.com
"Arif Lal K.C",Tinkune,arif.k.c2669gaushala@demo.net
"Arif Gopal Bhurtel","New Road",arif.bhurtel2670tripureshwor@demo.net
"Kushal Bhagat Bhandari",Ratnapark,kushal.bhandari2671baneshwor@example.com
"Paras Bhagat Kami",Chabel,"paras.kami2672new road@example.com"
"Karan Krishna Rajbanshi",Ekantakuna,karan.rajbanshi2673tinkune@random.org
"Rohit Dhoj Bhandari",Sundhara,"rohit.bhandari2674new road@mail.com"
"Binod Gopal Paudel",Tinkune,binod.paudel2675sundhara@example.com
"Sandeep Bahadur Khadka",Ekantakuna,"sandeep.khadka2676new road@mail.com"
"Sompal Bhagat Kami",Tinkune,"sompal.kami2677new road@random.org"
"Binod Dev Bhandari",Ekantakuna,binod.bhandari2678ekantakuna@mail.com
"Lalit Gopal Rajbanshi","New Road",lalit.rajbanshi2679ratnapark@example.com
"Asif Bahadur K.C","New Road",asif.k.c2680tripureshwor@demo.net
"Kushal Dev Bhurtel",Ekantakuna,kushal.bhurtel2681baneshwor@demo.net
"Arif Dhoj Khadka","New Road",arif.khadka2682jawalakhel@demo.net
"Sandeep Krishna K.C",Gaushala,sandeep.k.c2683tripureshwor@demo.net
"Arif Lal Bhurtel",Sundhara,arif.bhurtel2684ratnapark@test.com
"Sompal Bhagat Khadka","New Road",sompal.khadka2685tinkune@random.org
"Sandeep Bhopal Paudel",Jawalakhel,sandeep.paudel2686tripureshwor@test.com
"Sandeep Lal Bhandari",Tinkune,sandeep.bhandari2687baneshwor@mail.com
"Kushal Bhopal Lamichane",Baneshwor,kushal.lamichane2688jawalakhel@random.org
"Rohit Bhagat K.C",Baneshwor,rohit.k.c2689tinkune@random.org
"Kushal Bir Seikh",Sundhara,kushal.seikh2690baneshwor@test.com
"Binod Dhoj Bhandari",Baneshwor,binod.bhandari2691tinkune@example.com
"Karan Kumar K.C",Ratnapark,karan.k.c2692tripureshwor@random.org
"Paras Dhoj K.C",Tripureshwor,"paras.k.c2693new road@demo.net"
"Sompal Lal Bhurtel",Baneshwor,sompal.bhurtel2694ratnapark@random.org
"Arif Bir Lamichane",Ratnapark,"arif.lamichane2695new road@mail.com"
"Lalit Dev Lamichane",Jawalakhel,lalit.lamichane2696jawalakhel@random.org
"Paras Bir K.C",Tripureshwor,paras.k.c2697chabel@random.org
"Lalit Bahadur Malla",Gaushala,lalit.malla2698tripureshwor@example.com
"Arif Dev Bhurtel",Tripureshwor,arif.bhurtel2699chabel@random.org
"Arif Lal K.C",Ratnapark,arif.k.c2700chabel@mail.com
"Kushal Bir Kami",Tinkune,kushal.kami2701ratnapark@random.org
"Arif Krishna Malla",Jawalakhel,arif.malla2702chabel@mail.com
"Kushal Dev K.C",Ekantakuna,kushal.k.c2703baneshwor@demo.net
"Karan Krishna Bhurtel",Gaushala,karan.bhurtel2704ekantakuna@example.com
"Paras Bhagat Lamichane",Gaushala,paras.lamichane2705ratnapark@random.org
"Sompal Lal Lamichane",Jawalakhel,sompal.lamichane2706sundhara@random.org
"Arif Lal Paudel",Gaushala,arif.paudel2707gaushala@demo.net
"Paras Gopal Paudel",Tripureshwor,paras.paudel2708tripureshwor@mail.com
"Kushal Krishna Rajbanshi",Chabel,kushal.rajbanshi2709gaushala@demo.net
"Karan Krishna Kami",Chabel,karan.kami2710chabel@mail.com
"Arif Dhoj Malla",Ratnapark,arif.malla2711tripureshwor@random.org
"Sompal Dev K.C",Sundhara,"sompal.k.c2712new road@random.org"
"Paras Lal Rajbanshi",Chabel,paras.rajbanshi2713tinkune@random.org
"Karan Gopal Lamichane",Sundhara,karan.lamichane2714jawalakhel@random.org
"Binod Dhoj Seikh",Ratnapark,binod.seikh2715tripureshwor@test.com
"Sandeep Krishna Paudel",Jawalakhel,sandeep.paudel2716ekantakuna@example.com
"Kushal Gopal K.C",Gaushala,kushal.k.c2717chabel@example.com
"Karan Bahadur Lamichane",Ratnapark,karan.lamichane2718ekantakuna@random.org
"Binod Bhagat Kami",Baneshwor,binod.kami2719ekantakuna@demo.net
"Paras Bahadur Seikh",Baneshwor,"paras.seikh2720new road@test.com"
"Lalit Bhopal K.C",Baneshwor,"lalit.k.c2721new road@test.com"
"Sandeep Bhopal Bhandari",Tripureshwor,sandeep.bhandari2722tripureshwor@random.org
"Binod Bahadur Kami",Ekantakuna,binod.kami2723sundhara@mail.com
"Lalit Lal Rajbanshi",Tripureshwor,lalit.rajbanshi2724tinkune@example.com
"Sompal Krishna K.C",Chabel,"sompal.k.c2725new road@mail.com"
"Arif Dhoj Kami",Tinkune,arif.kami2726sundhara@random.org
"Karan Bir Seikh",Ratnapark,karan.seikh2727ratnapark@mail.com
"Asif Kumar K.C",Tinkune,asif.k.c2728ekantakuna@test.com
"Paras Bhopal Malla",Ratnapark,paras.malla2729ekantakuna@test.com
"Rohit Dev Seikh",Tinkune,rohit.seikh2730jawalakhel@mail.com
"Sandeep Krishna Rajbanshi",Tripureshwor,sandeep.rajbanshi2731gaushala@test.com
"Asif Bhopal Kami",Chabel,asif.kami2732ratnapark@random.org
"Sompal Bhagat Seikh",Ekantakuna,sompal.seikh2733ekantakuna@example.com
"Kushal Bahadur K.C",Tinkune,kushal.k.c2734chabel@example.com
"Karan Kumar Kami",Tinkune,karan.kami2735jawalakhel@demo.net
"Kushal Dhoj Khadka",Chabel,kushal.khadka2736ekantakuna@demo.net
"Binod Dhoj Lamichane","New Road",binod.lamichane2737gaushala@test.com
"Lalit Gopal Seikh",Tripureshwor,lalit.seikh2738tinkune@random.org
"Karan Dhoj Khadka",Chabel,karan.khadka2739ekantakuna@random.org
"Paras Krishna Seikh",Sundhara,paras.seikh2740jawalakhel@test.com
"Rohit Dhoj Khadka",Sundhara,rohit.khadka2741ratnapark@random.org
"Rohit Bahadur K.C",Chabel,"rohit.k.c2742new road@random.org"
"Karan Bir Paudel",Gaushala,karan.paudel2743baneshwor@mail.com
"Karan Gopal Bhandari",Ratnapark,karan.bhandari2744ratnapark@demo.net
"Sompal Bhopal Bhurtel",Chabel,"sompal.bhurtel2745new road@random.org"
"Sandeep Dhoj Rajbanshi",Tinkune,sandeep.rajbanshi2746chabel@mail.com
"Paras Bir Khadka",Ratnapark,paras.khadka2747sundhara@random.org
"Arif Gopal Bhurtel",Tripureshwor,arif.bhurtel2748ekantakuna@example.com
"Kushal Bir Khadka",Chabel,kushal.khadka2749ekantakuna@random.org
"Sandeep Bhagat Kami",Sundhara,sandeep.kami2750sundhara@mail.com
"Sandeep Bhagat Bhandari",Gaushala,sandeep.bhandari2751chabel@mail.com
"Karan Lal Bhurtel",Ratnapark,karan.bhurtel2752tinkune@test.com
"Kushal Gopal Bhandari",Jawalakhel,kushal.bhandari2753tinkune@mail.com
"Paras Bhagat Seikh",Jawalakhel,paras.seikh2754tinkune@mail.com
"Arif Gopal Paudel",Baneshwor,arif.paudel2755gaushala@example.com
"Rohit Bir Seikh",Tripureshwor,rohit.seikh2756tinkune@test.com
"Paras Kumar Lamichane",Tripureshwor,paras.lamichane2757sundhara@demo.net
"Arif Bir Bhurtel","New Road",arif.bhurtel2758tripureshwor@random.org
"Sompal Dev Malla",Jawalakhel,sompal.malla2759tinkune@mail.com
"Lalit Bir K.C",Ekantakuna,lalit.k.c2760baneshwor@test.com
"Sompal Krishna Paudel","New Road",sompal.paudel2761ekantakuna@random.org
"Rohit Bhopal Bhandari",Tinkune,rohit.bhandari2762ratnapark@mail.com
"Sompal Bir Lamichane",Tripureshwor,sompal.lamichane2763baneshwor@random.org
"Kushal Krishna Bhurtel",Baneshwor,kushal.bhurtel2764chabel@mail.com
"Arif Bahadur K.C",Jawalakhel,arif.k.c2765ratnapark@demo.net
"Arif Lal Paudel",Baneshwor,arif.paudel2766ekantakuna@test.com
"Binod Bhagat Bhurtel",Sundhara,binod.bhurtel2767tripureshwor@random.org
"Karan Dev K.C",Jawalakhel,karan.k.c2768tripureshwor@demo.net
"Asif Lal Bhandari",Ekantakuna,asif.bhandari2769baneshwor@example.com
"Binod Krishna K.C",Sundhara,binod.k.c2770sundhara@random.org
"Kushal Lal Bhandari",Ratnapark,kushal.bhandari2771tripureshwor@example.com
"Sandeep Dev Bhandari",Chabel,sandeep.bhandari2772chabel@example.com
"Kushal Bhagat Lamichane",Ratnapark,kushal.lamichane2773chabel@demo.net
"Rohit Kumar Bhandari",Ekantakuna,rohit.bhandari2774ekantakuna@example.com
"Binod Bhagat Lamichane",Sundhara,binod.lamichane2775sundhara@example.com
"Kushal Gopal Paudel","New Road",kushal.paudel2776tripureshwor@example.com
"Lalit Bhagat Seikh",Jawalakhel,lalit.seikh2777ratnapark@demo.net
"Lalit Dev Rajbanshi",Tinkune,lalit.rajbanshi2778baneshwor@demo.net
"Sandeep Bahadur Bhandari",Ekantakuna,sandeep.bhandari2779tinkune@example.com
"Karan Krishna Lamichane",Chabel,karan.lamichane2780tinkune@example.com
"Paras Dhoj Lamichane",Tinkune,paras.lamichane2781sundhara@example.com
"Paras Bir Bhandari",Ratnapark,paras.bhandari2782chabel@example.com
"Karan Gopal Paudel",Baneshwor,karan.paudel2783jawalakhel@example.com
"Lalit Dev Kami",Chabel,lalit.kami2784ratnapark@test.com
"Kushal Dev Seikh",Sundhara,kushal.seikh2785tripureshwor@demo.net
"Sandeep Bhagat Rajbanshi",Tripureshwor,sandeep.rajbanshi2786ekantakuna@random.org
"Arif Dhoj Bhurtel",Tinkune,"arif.bhurtel2787new road@demo.net"
"Asif Bir Lamichane",Ratnapark,asif.lamichane2788jawalakhel@example.com
"Arif Bahadur Kami","New Road",arif.kami2789chabel@example.com
"Sompal Dhoj Bhurtel",Sundhara,sompal.bhurtel2790ratnapark@test.com
"Kushal Gopal Paudel","New Road","kushal.paudel2791new road@demo.net"
"Sandeep Bir Paudel","New Road",sandeep.paudel2792jawalakhel@mail.com
"Sandeep Kumar Khadka",Tinkune,sandeep.khadka2793ratnapark@test.com
"Sandeep Krishna Seikh",Jawalakhel,"sandeep.seikh2794new road@demo.net"
"Paras Kumar Paudel",Baneshwor,paras.paudel2795ekantakuna@demo.net
"Lalit Bahadur Rajbanshi",Ratnapark,lalit.rajbanshi2796tinkune@random.org
"Arif Bhagat Paudel",Gaushala,"arif.paudel2797new road@test.com"
"Sompal Bir Seikh",Baneshwor,sompal.seikh2798tripureshwor@random.org
"Asif Bir Kami",Ekantakuna,asif.kami2799ekantakuna@test.com
"Arif Dhoj Bhandari",Tripureshwor,arif.bhandari2800jawalakhel@random.org
"Paras Bir Bhurtel",Ekantakuna,paras.bhurtel2801sundhara@example.com
"Sompal Lal Lamichane",Jawalakhel,sompal.lamichane2802gaushala@example.com
"Rohit Bhagat Malla",Gaushala,rohit.malla2803sundhara@random.org
"Karan Bhagat Kami",Baneshwor,karan.kami2804tripureshwor@demo.net
"Sompal Bhopal Bhandari",Chabel,sompal.bhandari2805tripureshwor@random.org
"Kushal Bhopal Bhandari",Tripureshwor,kushal.bhandari2806sundhara@mail.com
"Asif Bir Khadka",Ekantakuna,asif.khadka2807sundhara@demo.net
"Kushal Dev Seikh",Ratnapark,kushal.seikh2808jawalakhel@mail.com
"Sompal Dev K.C",Gaushala,sompal.k.c2809ekantakuna@demo.net
"Karan Bahadur K.C",Ratnapark,karan.k.c2810tinkune@mail.com
"Paras Gopal Paudel",Tinkune,paras.paudel2811tinkune@demo.net
"Kushal Bahadur Bhurtel",Jawalakhel,kushal.bhurtel2812ekantakuna@random.org
"Kushal Kumar Bhandari",Jawalakhel,kushal.bhandari2813sundhara@example.com
"Karan Kumar Malla",Tinkune,karan.malla2814tripureshwor@random.org
"Binod Dev Khadka",Ratnapark,binod.khadka2815gaushala@demo.net
"Rohit Kumar Khadka",Jawalakhel,rohit.khadka2816chabel@test.com
"Binod Dhoj Malla",Tinkune,binod.malla2817tinkune@mail.com
"Kushal Kumar K.C",Gaushala,"kushal.k.c2818new road@example.com"
"Asif Krishna Kami","New Road",asif.kami2819chabel@demo.net
"Asif Bhopal Malla","New Road",asif.malla2820ekantakuna@mail.com
"Sandeep Kumar Seikh",Sundhara,"sandeep.seikh2821new road@demo.net"
"Karan Krishna K.C","New Road",karan.k.c2822ratnapark@test.com
"Asif Bhagat Khadka",Sundhara,asif.khadka2823tinkune@demo.net
"Asif Lal Malla",Ratnapark,asif.malla2824chabel@random.org
"Sandeep Lal Bhandari",Jawalakhel,sandeep.bhandari2825jawalakhel@mail.com
"Sompal Bir Rajbanshi","New Road",sompal.rajbanshi2826sundhara@random.org
"Arif Bahadur Bhandari",Gaushala,arif.bhandari2827tripureshwor@example.com
"Arif Lal Khadka",Tinkune,arif.khadka2828sundhara@test.com
"Karan Bir Khadka",Chabel,karan.khadka2829tinkune@mail.com
"Arif Gopal Seikh",Tinkune,arif.seikh2830ekantakuna@mail.com
"Lalit Lal Seikh",Baneshwor,"lalit.seikh2831new road@demo.net"
"Kushal Krishna Bhurtel",Gaushala,kushal.bhurtel2832jawalakhel@mail.com
"Karan Lal Bhandari","New Road",karan.bhandari2833sundhara@test.com
"Sompal Kumar Khadka",Tripureshwor,sompal.khadka2834sundhara@demo.net
"Sandeep Gopal Lamichane",Ratnapark,sandeep.lamichane2835ratnapark@random.org
"Paras Bhopal Lamichane","New Road",paras.lamichane2836gaushala@demo.net
"Binod Kumar Rajbanshi","New Road",binod.rajbanshi2837chabel@demo.net
"Sandeep Lal Khadka",Tinkune,"sandeep.khadka2838new road@mail.com"
"Paras Bhopal Rajbanshi",Ratnapark,paras.rajbanshi2839tinkune@demo.net
"Binod Gopal Seikh",Gaushala,binod.seikh2840chabel@test.com
"Kushal Bhagat Seikh",Gaushala,kushal.seikh2841ekantakuna@test.com
"Paras Krishna Malla",Jawalakhel,paras.malla2842gaushala@example.com
"Rohit Bir Lamichane",Gaushala,rohit.lamichane2843gaushala@test.com
"Kushal Bahadur K.C",Ratnapark,kushal.k.c2844baneshwor@random.org
"Arif Lal Lamichane",Jawalakhel,arif.lamichane2845ratnapark@mail.com
"Sandeep Bhagat Khadka",Sundhara,sandeep.khadka2846sundhara@test.com
"Paras Kumar Kami",Jawalakhel,paras.kami2847jawalakhel@mail.com
"Arif Dev Seikh",Ekantakuna,arif.seikh2848gaushala@test.com
"Sompal Bhopal Paudel",Gaushala,sompal.paudel2849jawalakhel@random.org
"Lalit Gopal Malla",Tripureshwor,lalit.malla2850ekantakuna@test.com
"Karan Bahadur Seikh",Ekantakuna,"karan.seikh2851new road@demo.net"
"Karan Bahadur Bhurtel","New Road",karan.bhurtel2852tinkune@example.com
"Kushal Krishna Seikh",Ratnapark,kushal.seikh2853jawalakhel@demo.net
"Sompal Bhagat Lamichane",Sundhara,sompal.lamichane2854gaushala@mail.com
"Binod Gopal Khadka",Tripureshwor,binod.khadka2855tinkune@random.org
"Paras Dhoj Kami",Sundhara,"paras.kami2856new road@mail.com"
"Rohit Krishna Bhandari",Tripureshwor,rohit.bhandari2857tinkune@test.com
"Sompal Dev Khadka",Gaushala,sompal.khadka2858sundhara@test.com
"Sandeep Gopal Kami",Baneshwor,sandeep.kami2859ekantakuna@example.com
"Arif Bhagat Bhurtel",Baneshwor,arif.bhurtel2860ratnapark@demo.net
"Kushal Bahadur Malla",Tinkune,kushal.malla2861tripureshwor@demo.net
"Paras Gopal Bhurtel",Sundhara,paras.bhurtel2862ekantakuna@mail.com
"Sandeep Kumar Kami","New Road",sandeep.kami2863tripureshwor@test.com
"Kushal Lal Malla","New Road",kushal.malla2864chabel@random.org
"Paras Bir Rajbanshi",Chabel,paras.rajbanshi2865ekantakuna@demo.net
"Paras Bahadur Malla",Jawalakhel,paras.malla2866ratnapark@mail.com
"Binod Krishna Lamichane",Chabel,binod.lamichane2867tinkune@test.com
"Sandeep Bhagat K.C",Baneshwor,sandeep.k.c2868gaushala@demo.net
"Karan Bhagat Seikh",Sundhara,karan.seikh2869sundhara@demo.net
"Sandeep Lal Khadka","New Road",sandeep.khadka2870sundhara@example.com
"Paras Lal Kami",Ekantakuna,paras.kami2871tripureshwor@mail.com
"Sandeep Bahadur Paudel",Chabel,sandeep.paudel2872ekantakuna@mail.com
"Kushal Dev Kami",Sundhara,kushal.kami2873sundhara@mail.com
"Karan Lal Lamichane",Ratnapark,karan.lamichane2874tinkune@demo.net
"Asif Gopal Bhurtel",Gaushala,asif.bhurtel2875baneshwor@mail.com
"Karan Bahadur Paudel",Chabel,karan.paudel2876ratnapark@mail.com
"Sompal Bhagat Rajbanshi",Sundhara,sompal.rajbanshi2877baneshwor@mail.com
"Arif Bir Seikh",Ekantakuna,arif.seikh2878gaushala@mail.com
"Sandeep Bahadur Seikh",Sundhara,sandeep.seikh2879sundhara@random.org
"Rohit Lal Lamichane",Chabel,rohit.lamichane2880ekantakuna@random.org
"Lalit Dev Lamichane",Baneshwor,lalit.lamichane2881chabel@demo.net
"Paras Krishna Lamichane",Chabel,paras.lamichane2882tripureshwor@demo.net
"Lalit Bir Paudel",Baneshwor,"lalit.paudel2883new road@demo.net"
"Arif Dev Kami",Baneshwor,arif.kami2884ratnapark@mail.com
"Rohit Gopal Seikh",Jawalakhel,"rohit.seikh2885new road@example.com"
"Lalit Dev K.C",Jawalakhel,lalit.k.c2886ratnapark@test.com
"Karan Bir K.C",Tripureshwor,karan.k.c2887ekantakuna@demo.net
"Sompal Bhopal Malla",Baneshwor,sompal.malla2888ratnapark@mail.com
"Kushal Gopal Paudel",Jawalakhel,kushal.paudel2889chabel@demo.net
"Rohit Bhagat Khadka",Chabel,rohit.khadka2890gaushala@test.com
"Karan Bhagat Seikh",Baneshwor,karan.seikh2891ratnapark@test.com
"Binod Lal Rajbanshi",Ratnapark,binod.rajbanshi2892tripureshwor@random.org
"Karan Dev Paudel",Tripureshwor,karan.paudel2893baneshwor@test.com
"Karan Krishna Lamichane",Baneshwor,karan.lamichane2894ekantakuna@random.org
"Paras Lal Bhurtel",Chabel,paras.bhurtel2895tinkune@mail.com
"Binod Bahadur Malla",Ekantakuna,"binod.malla2896new road@test.com"
"Sandeep Dev K.C",Baneshwor,sandeep.k.c2897sundhara@demo.net
"Sompal Bhopal Kami",Jawalakhel,sompal.kami2898tripureshwor@random.org
"Sandeep Bahadur Paudel",Gaushala,sandeep.paudel2899baneshwor@test.com
"Sompal Bhagat Bhandari",Tripureshwor,"sompal.bhandari2900new road@random.org"
"Lalit Kumar K.C",Tripureshwor,lalit.k.c2901chabel@example.com
"Kushal Dev Kami",Ratnapark,kushal.kami2902ratnapark@example.com
"Sandeep Bhagat K.C","New Road",sandeep.k.c2903baneshwor@mail.com
"Paras Krishna Rajbanshi",Jawalakhel,paras.rajbanshi2904baneshwor@random.org
"Paras Gopal Seikh","New Road",paras.seikh2905chabel@mail.com
"Kushal Bhagat Malla",Gaushala,kushal.malla2906tinkune@example.com
"Lalit Bhagat Lamichane",Ratnapark,lalit.lamichane2907ratnapark@example.com
"Lalit Krishna Seikh",Sundhara,"lalit.seikh2908new road@demo.net"
"Karan Bir Bhurtel",Ekantakuna,karan.bhurtel2909chabel@test.com
"Sandeep Krishna Bhandari",Sundhara,sandeep.bhandari2910sundhara@demo.net
"Sompal Krishna Khadka",Tinkune,sompal.khadka2911jawalakhel@demo.net
"Arif Dev Paudel",Tinkune,arif.paudel2912gaushala@demo.net
"Lalit Bir Lamichane",Tripureshwor,lalit.lamichane2913sundhara@demo.net
"Binod Bhagat Bhurtel",Tripureshwor,binod.bhurtel2914baneshwor@demo.net
"Paras Bir K.C",Tinkune,paras.k.c2915tinkune@random.org
"Paras Krishna Khadka",Baneshwor,"paras.khadka2916new road@random.org"
"Sompal Bhagat Seikh",Baneshwor,sompal.seikh2917gaushala@demo.net
"Sompal Bir Rajbanshi",Gaushala,sompal.rajbanshi2918tinkune@example.com
"Rohit Bahadur Bhurtel",Sundhara,rohit.bhurtel2919chabel@test.com
"Lalit Lal Rajbanshi",Jawalakhel,lalit.rajbanshi2920jawalakhel@test.com
"Binod Gopal Rajbanshi",Ekantakuna,binod.rajbanshi2921jawalakhel@random.org
"Paras Bhopal Malla",Baneshwor,paras.malla2922gaushala@test.com
"Sompal Lal K.C",Jawalakhel,"sompal.k.c2923new road@random.org"
"Sandeep Krishna Malla",Tripureshwor,sandeep.malla2924ratnapark@random.org
"Rohit Krishna Bhurtel",Ekantakuna,rohit.bhurtel2925tinkune@test.com
"Sompal Bhagat Paudel",Tinkune,sompal.paudel2926jawalakhel@random.org
"Asif Bhagat Khadka",Jawalakhel,asif.khadka2927baneshwor@random.org
"Rohit Bhagat Bhandari",Tinkune,rohit.bhandari2928gaushala@mail.com
"Lalit Bahadur Bhurtel",Ratnapark,lalit.bhurtel2929chabel@test.com
"Karan Bhopal K.C",Ratnapark,karan.k.c2930chabel@demo.net
"Lalit Bahadur K.C",Sundhara,lalit.k.c2931sundhara@test.com
"Asif Bhagat Bhandari",Sundhara,"asif.bhandari2932new road@mail.com"
"Asif Bhagat Bhurtel",Jawalakhel,asif.bhurtel2933sundhara@test.com
"Sompal Kumar Paudel",Gaushala,sompal.paudel2934tinkune@test.com
"Karan Lal Bhandari",Baneshwor,karan.bhandari2935ratnapark@mail.com
"Sompal Dev Lamichane",Baneshwor,sompal.lamichane2936chabel@random.org
"Karan Gopal Paudel",Gaushala,karan.paudel2937ratnapark@mail.com
"Lalit Krishna Lamichane",Tinkune,lalit.lamichane2938jawalakhel@test.com
"Asif Bhopal Khadka",Gaushala,asif.khadka2939baneshwor@mail.com
"Sandeep Bhopal Malla",Ratnapark,"sandeep.malla2940new road@random.org"
"Rohit Lal Rajbanshi",Tripureshwor,rohit.rajbanshi2941sundhara@random.org
"Paras Lal Kami",Ekantakuna,paras.kami2942ratnapark@test.com
"Kushal Bahadur Rajbanshi",Sundhara,kushal.rajbanshi2943ekantakuna@test.com
"Sompal Dhoj Khadka",Tinkune,"sompal.khadka2944new road@test.com"
"Asif Dhoj K.C",Gaushala,asif.k.c2945baneshwor@random.org
"Karan Dev Paudel",Ekantakuna,karan.paudel2946tinkune@example.com
"Lalit Bahadur K.C",Jawalakhel,lalit.k.c2947chabel@example.com
"Kushal Bahadur Bhandari",Sundhara,"kushal.bhandari2948new road@test.com"
"Arif Krishna Seikh",Gaushala,arif.seikh2949gaushala@mail.com
"Kushal Bhagat Paudel",Tripureshwor,kushal.paudel2950gaushala@demo.net
"Binod Bhopal Seikh",Ratnapark,"binod.seikh2951new road@random.org"
"Asif Bhagat Kami",Gaushala,asif.kami2952ekantakuna@random.org
"Kushal Dhoj Khadka",Ekantakuna,kushal.khadka2953gaushala@mail.com
"Paras Dev Paudel",Tinkune,paras.paudel2954tripureshwor@demo.net
"Sompal Lal Lamichane",Tinkune,sompal.lamichane2955ekantakuna@test.com
"Rohit Dhoj Paudel",Gaushala,rohit.paudel2956chabel@example.com
"Rohit Krishna Bhandari",Sundhara,rohit.bhandari2957ekantakuna@test.com
"Karan Bhopal K.C",Ratnapark,karan.k.c2958tinkune@mail.com
"Sandeep Bhagat Paudel","New Road","sandeep.paudel2959new road@test.com"
"Rohit Dhoj Seikh",Chabel,rohit.seikh2960tinkune@demo.net
"Kushal Dev Kami",Sundhara,kushal.kami2961sundhara@random.org
"Binod Gopal Rajbanshi",Chabel,binod.rajbanshi2962tinkune@mail.com
"Lalit Lal Paudel",Baneshwor,lalit.paudel2963jawalakhel@random.org
"Arif Krishna Bhurtel",Chabel,arif.bhurtel2964chabel@test.com
"Paras Gopal Bhandari",Gaushala,paras.bhandari2965jawalakhel@test.com
"Arif Lal Khadka",Ekantakuna,"arif.khadka2966new road@test.com"
"Sandeep Gopal Kami",Ratnapark,sandeep.kami2967tinkune@test.com
"Rohit Krishna K.C",Tripureshwor,rohit.k.c2968chabel@mail.com
"Sandeep Gopal Bhurtel","New Road",sandeep.bhurtel2969sundhara@random.org
"Asif Dev K.C",Jawalakhel,asif.k.c2970tripureshwor@demo.net
"Rohit Dhoj Khadka","New Road",rohit.khadka2971chabel@mail.com
"Paras Bhopal Lamichane",Tripureshwor,paras.lamichane2972chabel@demo.net
"Karan Bhagat Lamichane",Chabel,karan.lamichane2973tripureshwor@random.org
"Paras Dhoj Bhandari",Baneshwor,paras.bhandari2974tinkune@random.org
"Rohit Krishna Paudel",Sundhara,rohit.paudel2975ekantakuna@example.com
"Kushal Lal Paudel",Ratnapark,kushal.paudel2976gaushala@random.org
"Sompal Dhoj Malla",Jawalakhel,sompal.malla2977ratnapark@random.org
"Kushal Dev Khadka",Tripureshwor,kushal.khadka2978tinkune@example.com
"Arif Dev Kami","New Road",arif.kami2979tinkune@demo.net
"Karan Lal Lamichane",Ratnapark,karan.lamichane2980jawalakhel@test.com
"Sandeep Kumar Paudel",Ratnapark,"sandeep.paudel2981new road@mail.com"
"Sompal Kumar Khadka",Jawalakhel,"sompal.khadka2982new road@example.com"
"Sandeep Bhagat Bhurtel",Baneshwor,sandeep.bhurtel2983tripureshwor@mail.com
"Asif Krishna Seikh",Chabel,asif.seikh2984ratnapark@example.com
"Asif Bhopal K.C",Tripureshwor,asif.k.c2985sundhara@demo.net
"Kushal Gopal Seikh",Gaushala,kushal.seikh2986tripureshwor@random.org
"Karan Dev Seikh",Tripureshwor,karan.seikh2987jawalakhel@mail.com
"Lalit Bhopal Paudel",Gaushala,"lalit.paudel2988new road@random.org"
"Paras Kumar Malla",Gaushala,paras.malla2989baneshwor@demo.net
"Lalit Krishna K.C","New Road",lalit.k.c2990baneshwor@example.com
"Kushal Dev Bhandari",Tripureshwor,kushal.bhandari2991jawalakhel@test.com
"Karan Krishna K.C",Gaushala,karan.k.c2992tripureshwor@demo.net
"Asif Dhoj Seikh",Ekantakuna,asif.seikh2993chabel@random.org
"Kushal Dev Bhandari",Chabel,kushal.bhandari2994ekantakuna@demo.net
"Sandeep Bhagat Lamichane","New Road","sandeep.lamichane2995new road@test.com"
"Karan Dev Rajbanshi",Sundhara,karan.rajbanshi2996sundhara@mail.com
"Arif Lal Lamichane","New Road",arif.lamichane2997ekantakuna@random.org
"Lalit Gopal Paudel",Tripureshwor,lalit.paudel2998chabel@test.com
"Arif Dhoj Paudel",Tinkune,arif.paudel2999gaushala@random.org
"Binod Gopal K.C",Baneshwor,"binod.k.c3000new road@random.org"
"Arif Krishna Bhandari",Tinkune,"arif.bhandari3001new road@example.com"
"Arif Bhopal Kami",Baneshwor,arif.kami3002baneshwor@mail.com
"Rohit Dhoj Khadka",Jawalakhel,rohit.khadka3003gaushala@demo.net
"Karan Bahadur K.C",Tinkune,karan.k.c3004gaushala@test.com
"Rohit Gopal Kami",Tripureshwor,rohit.kami3005baneshwor@mail.com
"Binod Bhagat K.C",Ekantakuna,"binod.k.c3006new road@random.org"
"Binod Gopal Bhandari",Chabel,binod.bhandari3007tripureshwor@demo.net
"Rohit Bhagat Kami",Chabel,rohit.kami3008tripureshwor@random.org
"Karan Bhagat Bhandari","New Road",karan.bhandari3009chabel@example.com
"Karan Lal Lamichane",Gaushala,"karan.lamichane3010new road@example.com"
"Paras Dev Bhandari",Ratnapark,paras.bhandari3011tripureshwor@random.org
"Karan Gopal Bhurtel",Sundhara,karan.bhurtel3012jawalakhel@random.org
"Arif Lal Khadka",Tripureshwor,arif.khadka3013chabel@demo.net
"Binod Bir K.C",Ekantakuna,binod.k.c3014chabel@test.com
"Lalit Lal K.C",Tripureshwor,lalit.k.c3015baneshwor@random.org
"Paras Dhoj K.C",Ekantakuna,paras.k.c3016ratnapark@test.com
"Rohit Dev Malla",Tripureshwor,rohit.malla3017chabel@example.com
"Asif Gopal Khadka",Ekantakuna,asif.khadka3018gaushala@random.org
"Arif Bhopal Seikh",Jawalakhel,arif.seikh3019ratnapark@mail.com
"Lalit Bhopal Lamichane",Gaushala,lalit.lamichane3020jawalakhel@test.com
"Sompal Gopal Rajbanshi",Tinkune,sompal.rajbanshi3021ekantakuna@test.com
"Lalit Dev Bhurtel",Jawalakhel,lalit.bhurtel3022sundhara@random.org
"Paras Dev Rajbanshi",Gaushala,paras.rajbanshi3023sundhara@random.org
"Sandeep Gopal Khadka",Ratnapark,sandeep.khadka3024tinkune@example.com
"Sompal Dhoj Kami",Tripureshwor,sompal.kami3025tripureshwor@demo.net
"Arif Lal K.C",Chabel,arif.k.c3026chabel@example.com
"Arif Bhagat Rajbanshi",Ekantakuna,arif.rajbanshi3027jawalakhel@test.com
"Binod Krishna Bhurtel",Ratnapark,binod.bhurtel3028ekantakuna@mail.com
"Arif Bhopal Rajbanshi",Ekantakuna,arif.rajbanshi3029tripureshwor@test.com
"Rohit Lal K.C",Ekantakuna,rohit.k.c3030ekantakuna@random.org
"Arif Bahadur Bhurtel",Gaushala,arif.bhurtel3031baneshwor@example.com
"Sompal Dhoj Rajbanshi",Gaushala,sompal.rajbanshi3032chabel@example.com
"Sompal Bir Paudel",Jawalakhel,sompal.paudel3033ratnapark@random.org
"Kushal Kumar Lamichane",Tinkune,kushal.lamichane3034baneshwor@mail.com
"Sompal Bahadur Khadka",Tripureshwor,"sompal.khadka3035new road@mail.com"
"Asif Dev Bhurtel",Sundhara,asif.bhurtel3036jawalakhel@test.com
"Arif Bir K.C",Sundhara,"arif.k.c3037new road@demo.net"
"Binod Bir Rajbanshi",Tinkune,binod.rajbanshi3038ekantakuna@mail.com
"Lalit Kumar Paudel",Gaushala,lalit.paudel3039ekantakuna@random.org
"Karan Gopal Malla",Ratnapark,karan.malla3040ratnapark@demo.net
"Kushal Bhagat Lamichane",Sundhara,kushal.lamichane3041sundhara@mail.com
"Arif Krishna Kami",Tinkune,arif.kami3042tinkune@test.com
"Kushal Kumar Bhandari",Baneshwor,"kushal.bhandari3043new road@random.org"
"Rohit Bhagat Bhandari",Jawalakhel,rohit.bhandari3044sundhara@demo.net
"Karan Bhagat Rajbanshi",Tinkune,karan.rajbanshi3045gaushala@test.com
"Sompal Dev Paudel",Tripureshwor,sompal.paudel3046jawalakhel@test.com
"Asif Gopal Bhurtel",Gaushala,asif.bhurtel3047sundhara@demo.net
"Lalit Krishna Seikh",Gaushala,lalit.seikh3048jawalakhel@mail.com
"Karan Bhagat Bhurtel",Ekantakuna,karan.bhurtel3049jawalakhel@mail.com
"Karan Krishna K.C",Ekantakuna,karan.k.c3050tinkune@example.com
"Paras Bhopal Seikh",Sundhara,paras.seikh3051tripureshwor@demo.net
"Paras Bhagat Kami",Sundhara,paras.kami3052ekantakuna@random.org
"Sompal Krishna Lamichane",Tripureshwor,sompal.lamichane3053ekantakuna@demo.net
"Sompal Dhoj Lamichane",Baneshwor,sompal.lamichane3054tinkune@mail.com
"Sandeep Bhagat Seikh",Baneshwor,sandeep.seikh3055ekantakuna@mail.com
"Rohit Lal Bhandari",Tripureshwor,rohit.bhandari3056tinkune@example.com
"Arif Dev Bhurtel",Jawalakhel,"arif.bhurtel3057new road@example.com"
"Rohit Bahadur K.C",Baneshwor,rohit.k.c3058ratnapark@example.com
"Karan Bhagat Bhurtel",Ekantakuna,"karan.bhurtel3059new road@example.com"
"Asif Gopal Rajbanshi",Ekantakuna,"asif.rajbanshi3060new road@test.com"
"Asif Krishna Rajbanshi",Ratnapark,asif.rajbanshi3061baneshwor@random.org
"Kushal Dhoj K.C",Tripureshwor,kushal.k.c3062jawalakhel@demo.net
"Asif Bhopal Seikh",Gaushala,asif.seikh3063gaushala@random.org
"Sompal Bahadur Seikh",Ekantakuna,sompal.seikh3064chabel@test.com
"Karan Bhagat K.C",Sundhara,karan.k.c3065tinkune@example.com
"Karan Gopal Bhurtel",Gaushala,karan.bhurtel3066tinkune@test.com
"Rohit Krishna Khadka",Sundhara,rohit.khadka3067ratnapark@example.com
"Rohit Dhoj Paudel",Ratnapark,rohit.paudel3068sundhara@mail.com
"Kushal Krishna Bhurtel",Tripureshwor,kushal.bhurtel3069jawalakhel@random.org
"Binod Dev Khadka",Tinkune,binod.khadka3070sundhara@random.org
"Sompal Bhagat Malla",Baneshwor,sompal.malla3071tinkune@demo.net
"Karan Bhagat Khadka",Tripureshwor,karan.khadka3072baneshwor@random.org
"Binod Dhoj Lamichane",Sundhara,binod.lamichane3073sundhara@test.com
"Paras Kumar K.C",Jawalakhel,paras.k.c3074baneshwor@test.com
"Paras Gopal Paudel",Jawalakhel,paras.paudel3075sundhara@demo.net
"Lalit Bahadur Paudel","New Road",lalit.paudel3076baneshwor@random.org
"Arif Gopal Seikh",Tinkune,arif.seikh3077ekantakuna@mail.com
"Karan Kumar Bhandari",Jawalakhel,karan.bhandari3078tinkune@demo.net
"Arif Gopal Paudel",Ratnapark,arif.paudel3079gaushala@random.org
"Sompal Bir Bhandari",Ratnapark,sompal.bhandari3080ekantakuna@example.com
"Rohit Bhagat Khadka",Tinkune,rohit.khadka3081baneshwor@mail.com
"Kushal Bhagat Kami",Gaushala,kushal.kami3082sundhara@mail.com
"Rohit Gopal Paudel",Jawalakhel,"rohit.paudel3083new road@demo.net"
"Kushal Bahadur Lamichane",Jawalakhel,kushal.lamichane3084ekantakuna@demo.net
"Kushal Bahadur Kami",Ratnapark,kushal.kami3085ratnapark@demo.net
"Asif Kumar Khadka",Ratnapark,asif.khadka3086baneshwor@demo.net
"Kushal Bhagat K.C",Gaushala,kushal.k.c3087baneshwor@mail.com
"Binod Dhoj Malla",Jawalakhel,binod.malla3088baneshwor@example.com
"Asif Dev Lamichane",Baneshwor,asif.lamichane3089tinkune@random.org
"Paras Bhagat K.C",Tripureshwor,paras.k.c3090ratnapark@demo.net
"Sandeep Bahadur Khadka",Tinkune,sandeep.khadka3091tinkune@test.com
"Sandeep Bhopal Rajbanshi",Ekantakuna,sandeep.rajbanshi3092sundhara@test.com
"Kushal Kumar Rajbanshi","New Road",kushal.rajbanshi3093tripureshwor@random.org
"Rohit Lal Malla",Ratnapark,rohit.malla3094tinkune@random.org
"Rohit Bhagat Bhurtel",Sundhara,rohit.bhurtel3095baneshwor@demo.net
"Paras Bahadur Lamichane",Baneshwor,paras.lamichane3096ekantakuna@example.com
"Sandeep Krishna Kami","New Road",sandeep.kami3097ekantakuna@demo.net
"Karan Dev Malla",Baneshwor,karan.malla3098gaushala@test.com
"Sompal Bir Seikh",Tripureshwor,sompal.seikh3099ratnapark@random.org
"Asif Dev Malla",Gaushala,asif.malla3100chabel@example.com
"Kushal Bhopal K.C",Tripureshwor,kushal.k.c3101ratnapark@mail.com
"Sandeep Dev Seikh",Ratnapark,"sandeep.seikh3102new road@demo.net"
"Kushal Dhoj Bhandari",Ratnapark,kushal.bhandari3103tinkune@test.com
"Asif Krishna Malla",Chabel,asif.malla3104baneshwor@random.org
"Paras Bhopal Seikh",Ratnapark,paras.seikh3105sundhara@example.com
"Binod Lal K.C","New Road",binod.k.c3106tripureshwor@example.com
"Kushal Bir Paudel",Ratnapark,kushal.paudel3107gaushala@demo.net
"Asif Bir Lamichane",Sundhara,asif.lamichane3108ratnapark@mail.com
"Arif Bahadur Seikh",Tripureshwor,"arif.seikh3109new road@demo.net"
"Karan Dev Malla",Ekantakuna,karan.malla3110ekantakuna@mail.com
"Paras Bhopal Bhandari",Jawalakhel,paras.bhandari3111tinkune@random.org
"Arif Bir Rajbanshi",Baneshwor,arif.rajbanshi3112chabel@demo.net
"Sandeep Dev Khadka",Tinkune,sandeep.khadka3113tinkune@demo.net
"Kushal Dev Khadka",Gaushala,kushal.khadka3114ekantakuna@test.com
"Lalit Dhoj Seikh",Tinkune,lalit.seikh3115sundhara@test.com
"Karan Dev Rajbanshi",Tripureshwor,karan.rajbanshi3116ekantakuna@random.org
"Arif Lal K.C",Sundhara,"arif.k.c3117new road@demo.net"
"Binod Kumar Lamichane",Gaushala,binod.lamichane3118tripureshwor@test.com
"Karan Kumar Kami",Tinkune,karan.kami3119ekantakuna@demo.net
"Kushal Bir Khadka",Jawalakhel,"kushal.khadka3120new road@demo.net"
"Kushal Dev Lamichane",Baneshwor,"kushal.lamichane3121new road@demo.net"
"Rohit Kumar Rajbanshi",Sundhara,rohit.rajbanshi3122tinkune@test.com
"Lalit Bir Khadka",Baneshwor,lalit.khadka3123sundhara@test.com
"Rohit Lal Seikh",Ekantakuna,rohit.seikh3124jawalakhel@test.com
"Binod Bhopal Malla",Jawalakhel,binod.malla3125chabel@example.com
"Kushal Bahadur Rajbanshi","New Road","kushal.rajbanshi3126new road@demo.net"
"Asif Bhagat Rajbanshi",Gaushala,asif.rajbanshi3127gaushala@mail.com
"Sompal Bir Bhandari",Tinkune,sompal.bhandari3128jawalakhel@mail.com
"Asif Dev Seikh","New Road",asif.seikh3129gaushala@test.com
"Rohit Bhagat Bhurtel",Sundhara,rohit.bhurtel3130tripureshwor@mail.com
"Arif Gopal Rajbanshi",Sundhara,"arif.rajbanshi3131new road@mail.com"
"Kushal Bahadur Rajbanshi",Tripureshwor,"kushal.rajbanshi3132new road@random.org"
"Binod Krishna Malla",Gaushala,binod.malla3133baneshwor@demo.net
"Kushal Bir Bhandari",Sundhara,kushal.bhandari3134baneshwor@demo.net
"Paras Lal K.C",Baneshwor,paras.k.c3135tinkune@test.com
"Arif Dhoj Malla",Baneshwor,arif.malla3136ekantakuna@demo.net
"Sompal Lal Bhurtel",Sundhara,sompal.bhurtel3137jawalakhel@random.org
"Lalit Bir Rajbanshi",Jawalakhel,lalit.rajbanshi3138baneshwor@test.com
"Arif Bahadur Seikh",Tripureshwor,arif.seikh3139gaushala@random.org
"Sandeep Kumar Lamichane",Ekantakuna,sandeep.lamichane3140gaushala@example.com
"Rohit Bahadur Seikh",Ekantakuna,rohit.seikh3141gaushala@demo.net
"Asif Bhopal Khadka",Tinkune,asif.khadka3142ratnapark@random.org
"Arif Bhagat Malla",Sundhara,arif.malla3143gaushala@demo.net
"Kushal Krishna Paudel",Ratnapark,kushal.paudel3144jawalakhel@random.org
"Asif Kumar Bhandari",Ratnapark,asif.bhandari3145tinkune@example.com
"Sompal Kumar Rajbanshi",Tripureshwor,"sompal.rajbanshi3146new road@mail.com"
"Sandeep Kumar Bhurtel",Tinkune,sandeep.bhurtel3147baneshwor@demo.net
"Binod Kumar K.C",Tinkune,binod.k.c3148sundhara@example.com
"Rohit Gopal Kami","New Road",rohit.kami3149jawalakhel@demo.net
"Binod Dhoj Bhandari",Ratnapark,binod.bhandari3150tripureshwor@test.com
"Karan Bhagat K.C",Jawalakhel,karan.k.c3151tinkune@random.org
"Paras Lal Bhandari",Gaushala,paras.bhandari3152ratnapark@mail.com
"Rohit Bhopal Seikh",Jawalakhel,rohit.seikh3153jawalakhel@test.com
"Binod Dhoj Rajbanshi",Sundhara,binod.rajbanshi3154jawalakhel@mail.com
"Paras Bhopal Bhurtel",Sundhara,paras.bhurtel3155sundhara@random.org
"Binod Bir Paudel",Ekantakuna,binod.paudel3156jawalakhel@mail.com
"Karan Dev Khadka",Jawalakhel,karan.khadka3157baneshwor@demo.net
"Kushal Bahadur Seikh",Sundhara,kushal.seikh3158jawalakhel@example.com
"Sompal Dhoj Kami","New Road",sompal.kami3159ekantakuna@demo.net
"Arif Krishna Bhurtel","New Road","arif.bhurtel3160new road@demo.net"
"Sompal Gopal Paudel",Tinkune,sompal.paudel3161ratnapark@mail.com
"Sompal Bahadur Bhurtel",Tinkune,sompal.bhurtel3162chabel@mail.com
"Paras Bir Bhurtel",Chabel,paras.bhurtel3163tripureshwor@mail.com
"Asif Bir Khadka",Chabel,asif.khadka3164gaushala@mail.com
"Paras Dev Paudel",Ratnapark,paras.paudel3165jawalakhel@mail.com
"Kushal Gopal K.C","New Road",kushal.k.c3166ekantakuna@test.com
"Sompal Bahadur Bhurtel",Gaushala,sompal.bhurtel3167gaushala@demo.net
"Sompal Lal Bhurtel",Ekantakuna,"sompal.bhurtel3168new road@example.com"
"Arif Bhagat Rajbanshi","New Road",arif.rajbanshi3169ekantakuna@demo.net
"Lalit Bhagat Khadka",Baneshwor,lalit.khadka3170ratnapark@random.org
"Binod Kumar Bhurtel","New Road",binod.bhurtel3171ratnapark@demo.net
"Kushal Bhagat Malla",Chabel,kushal.malla3172tinkune@example.com
"Sandeep Dhoj Malla",Tinkune,sandeep.malla3173tripureshwor@test.com
"Kushal Bhagat Khadka",Ratnapark,kushal.khadka3174chabel@demo.net
"Arif Kumar Lamichane",Ratnapark,arif.lamichane3175gaushala@example.com
"Paras Krishna Paudel",Baneshwor,paras.paudel3176ratnapark@random.org
"Sandeep Kumar Seikh",Tripureshwor,sandeep.seikh3177chabel@mail.com
"Arif Krishna K.C",Ratnapark,arif.k.c3178ekantakuna@demo.net
"Paras Bir Rajbanshi",Sundhara,paras.rajbanshi3179tinkune@random.org
"Sandeep Dhoj Lamichane",Chabel,sandeep.lamichane3180chabel@example.com
"Arif Lal Bhandari",Tripureshwor,arif.bhandari3181gaushala@test.com
"Paras Bhopal Kami",Chabel,paras.kami3182gaushala@demo.net
"Paras Dev Khadka",Tinkune,paras.khadka3183gaushala@example.com
"Karan Dev Malla",Baneshwor,karan.malla3184tripureshwor@example.com
"Asif Dhoj Kami",Ratnapark,asif.kami3185jawalakhel@test.com
"Rohit Bhagat Malla",Gaushala,rohit.malla3186sundhara@demo.net
"Rohit Bhopal Kami",Gaushala,rohit.kami3187sundhara@demo.net
"Sandeep Bhagat Bhandari",Tinkune,sandeep.bhandari3188chabel@mail.com
"Asif Gopal Seikh",Tinkune,asif.seikh3189ekantakuna@random.org
"Karan Kumar Seikh",Jawalakhel,karan.seikh3190sundhara@mail.com
"Binod Dhoj Bhandari",Tripureshwor,binod.bhandari3191sundhara@random.org
"Lalit Dhoj Khadka",Baneshwor,lalit.khadka3192ekantakuna@demo.net
"Binod Krishna Bhurtel",Ratnapark,binod.bhurtel3193chabel@test.com
"Karan Dhoj K.C",Gaushala,karan.k.c3194tinkune@random.org
"Sandeep Bhopal Seikh",Chabel,sandeep.seikh3195sundhara@example.com
"Asif Bahadur Bhurtel",Jawalakhel,asif.bhurtel3196chabel@mail.com
"Asif Bir K.C",Tripureshwor,asif.k.c3197sundhara@test.com
"Sandeep Bhopal Khadka",Sundhara,sandeep.khadka3198tinkune@example.com
"Binod Kumar Kami","New Road",binod.kami3199tinkune@mail.com
"Sandeep Krishna Rajbanshi",Gaushala,sandeep.rajbanshi3200sundhara@random.org
"Rohit Bhagat Khadka",Sundhara,rohit.khadka3201tripureshwor@demo.net
"Arif Bahadur Bhurtel",Tinkune,arif.bhurtel3202gaushala@test.com
"Binod Lal K.C",Jawalakhel,binod.k.c3203sundhara@example.com
"Asif Dhoj Lamichane",Chabel,asif.lamichane3204jawalakhel@random.org
"Asif Gopal Kami",Gaushala,asif.kami3205sundhara@example.com
"Arif Bhopal K.C",Ekantakuna,"arif.k.c3206new road@example.com"
"Asif Kumar Rajbanshi",Baneshwor,asif.rajbanshi3207tinkune@test.com
"Arif Bhagat K.C",Chabel,arif.k.c3208gaushala@mail.com
"Paras Gopal Khadka",Ekantakuna,paras.khadka3209ratnapark@demo.net
"Lalit Dhoj Rajbanshi",Ratnapark,lalit.rajbanshi3210sundhara@example.com
"Karan Bahadur K.C",Gaushala,"karan.k.c3211new road@example.com"
"Kushal Dev Seikh",Chabel,kushal.seikh3212baneshwor@test.com
"Rohit Dev Paudel",Chabel,rohit.paudel3213gaushala@example.com
"Arif Lal Kami",Baneshwor,arif.kami3214jawalakhel@random.org
"Sompal Bir Malla",Tripureshwor,sompal.malla3215ratnapark@test.com
"Asif Bir K.C",Sundhara,asif.k.c3216tripureshwor@example.com
"Binod Dhoj Malla",Ratnapark,binod.malla3217sundhara@example.com
"Karan Bhagat Rajbanshi","New Road",karan.rajbanshi3218sundhara@random.org
"Arif Kumar Bhandari",Tinkune,"arif.bhandari3219new road@example.com"
"Arif Gopal Bhurtel",Tripureshwor,arif.bhurtel3220sundhara@demo.net
"Sompal Bhagat Seikh",Gaushala,sompal.seikh3221chabel@mail.com
"Sompal Lal Bhurtel",Tinkune,sompal.bhurtel3222baneshwor@demo.net
"Karan Bhopal Khadka","New Road",karan.khadka3223tripureshwor@random.org
"Sompal Dhoj K.C",Jawalakhel,sompal.k.c3224ekantakuna@example.com
"Kushal Dev Seikh",Ratnapark,kushal.seikh3225sundhara@demo.net
"Rohit Bir Rajbanshi","New Road",rohit.rajbanshi3226tripureshwor@random.org
"Paras Krishna Lamichane",Tinkune,paras.lamichane3227baneshwor@demo.net
"Binod Bir Paudel",Ratnapark,binod.paudel3228ratnapark@test.com
"Binod Gopal Rajbanshi",Ekantakuna,"binod.rajbanshi3229new road@mail.com"
"Sompal Kumar Khadka",Jawalakhel,sompal.khadka3230gaushala@random.org
"Lalit Krishna Lamichane","New Road","lalit.lamichane3231new road@example.com"
"Kushal Kumar Malla",Baneshwor,kushal.malla3232tripureshwor@demo.net
"Karan Gopal Rajbanshi",Ratnapark,"karan.rajbanshi3233new road@test.com"
"Kushal Gopal Khadka",Ekantakuna,kushal.khadka3234baneshwor@demo.net
"Arif Bhopal Bhandari",Jawalakhel,arif.bhandari3235ratnapark@test.com
"Rohit Dhoj Paudel",Jawalakhel,rohit.paudel3236jawalakhel@example.com
"Sompal Krishna Seikh","New Road",sompal.seikh3237tinkune@random.org
"Karan Bhopal Lamichane",Tripureshwor,karan.lamichane3238ratnapark@mail.com
"Binod Bir K.C",Ekantakuna,binod.k.c3239chabel@test.com
"Kushal Bhopal Bhurtel",Sundhara,kushal.bhurtel3240tinkune@example.com
"Kushal Dev Rajbanshi","New Road",kushal.rajbanshi3241ratnapark@test.com
"Kushal Kumar Lamichane",Tripureshwor,"kushal.lamichane3242new road@demo.net"
"Sandeep Bhagat Rajbanshi","New Road",sandeep.rajbanshi3243gaushala@mail.com
"Arif Bir Seikh",Tinkune,arif.seikh3244tinkune@example.com
"Sandeep Gopal Paudel",Chabel,sandeep.paudel3245baneshwor@mail.com
"Sandeep Bahadur Kami","New Road","sandeep.kami3246new road@test.com"
"Arif Dhoj Malla",Baneshwor,arif.malla3247jawalakhel@demo.net
"Kushal Krishna Seikh",Ekantakuna,kushal.seikh3248jawalakhel@example.com
"Sompal Bahadur Rajbanshi",Sundhara,sompal.rajbanshi3249ekantakuna@mail.com
"Karan Bahadur Lamichane",Gaushala,karan.lamichane3250ratnapark@test.com
"Sandeep Kumar Bhandari",Ratnapark,sandeep.bhandari3251baneshwor@demo.net
"Kushal Krishna Seikh",Ekantakuna,kushal.seikh3252tinkune@example.com
"Lalit Lal Seikh",Ekantakuna,lalit.seikh3253chabel@demo.net
"Asif Gopal Lamichane",Baneshwor,asif.lamichane3254chabel@random.org
"Rohit Bhagat Rajbanshi","New Road",rohit.rajbanshi3255ratnapark@mail.com
"Arif Gopal Paudel",Baneshwor,arif.paudel3256ratnapark@test.com
"Asif Kumar Khadka",Tripureshwor,asif.khadka3257gaushala@test.com
"Sompal Bahadur Khadka",Tripureshwor,sompal.khadka3258baneshwor@example.com
"Lalit Kumar Bhandari",Baneshwor,lalit.bhandari3259tripureshwor@random.org
"Kushal Krishna Rajbanshi",Tripureshwor,kushal.rajbanshi3260chabel@test.com
"Kushal Bir Lamichane",Chabel,kushal.lamichane3261sundhara@random.org
"Kushal Bir Khadka",Tripureshwor,kushal.khadka3262chabel@mail.com
"Sompal Gopal Lamichane",Sundhara,sompal.lamichane3263baneshwor@test.com
"Kushal Bir Rajbanshi",Ekantakuna,kushal.rajbanshi3264gaushala@demo.net
"Arif Krishna Bhandari",Chabel,"arif.bhandari3265new road@example.com"
"Paras Lal Rajbanshi",Ratnapark,paras.rajbanshi3266ratnapark@demo.net
"Sandeep Bahadur Bhurtel",Sundhara,sandeep.bhurtel3267ekantakuna@mail.com
"Asif Lal K.C",Jawalakhel,asif.k.c3268tripureshwor@example.com
"Rohit Dhoj Bhurtel",Sundhara,rohit.bhurtel3269baneshwor@demo.net
"Karan Gopal Khadka",Tinkune,karan.khadka3270tinkune@random.org
"Paras Kumar Bhurtel","New Road",paras.bhurtel3271baneshwor@test.com
"Karan Kumar Malla",Baneshwor,karan.malla3272tripureshwor@mail.com
"Kushal Dhoj Bhurtel",Chabel,kushal.bhurtel3273ekantakuna@random.org
"Arif Dhoj Kami",Ratnapark,arif.kami3274baneshwor@demo.net
"Kushal Gopal Lamichane",Tinkune,kushal.lamichane3275jawalakhel@mail.com
"Binod Dev Malla","New Road",binod.malla3276jawalakhel@test.com
"Rohit Krishna Bhandari",Chabel,rohit.bhandari3277jawalakhel@example.com
"Asif Dev Rajbanshi",Ekantakuna,asif.rajbanshi3278ekantakuna@mail.com
"Sandeep Bir Bhandari",Ekantakuna,sandeep.bhandari3279ekantakuna@mail.com
"Binod Bahadur Seikh",Ratnapark,binod.seikh3280ekantakuna@example.com
"Sandeep Lal K.C",Chabel,sandeep.k.c3281jawalakhel@test.com
"Lalit Kumar Seikh",Ratnapark,lalit.seikh3282sundhara@demo.net
"Asif Kumar Rajbanshi",Ekantakuna,asif.rajbanshi3283chabel@example.com
"Sompal Bhopal Paudel",Sundhara,sompal.paudel3284chabel@demo.net
"Lalit Bahadur K.C",Ratnapark,lalit.k.c3285tinkune@test.com
"Lalit Dev Seikh",Chabel,lalit.seikh3286tinkune@example.com
"Paras Bir Paudel",Gaushala,paras.paudel3287tripureshwor@test.com
"Arif Bahadur Bhurtel","New Road",arif.bhurtel3288baneshwor@demo.net
"Lalit Dhoj Lamichane",Gaushala,lalit.lamichane3289baneshwor@random.org
"Arif Bahadur Paudel",Gaushala,arif.paudel3290tripureshwor@demo.net
"Kushal Lal Bhurtel",Ekantakuna,kushal.bhurtel3291tinkune@mail.com
"Sompal Gopal Khadka",Tinkune,sompal.khadka3292baneshwor@mail.com
"Lalit Bhagat Malla",Gaushala,lalit.malla3293baneshwor@random.org
"Arif Bhagat Khadka",Baneshwor,arif.khadka3294sundhara@example.com
"Kushal Bhopal Malla",Baneshwor,kushal.malla3295ekantakuna@random.org
"Rohit Dhoj Khadka",Baneshwor,rohit.khadka3296tripureshwor@demo.net
"Kushal Krishna Lamichane",Chabel,kushal.lamichane3297chabel@test.com
"Kushal Bir Rajbanshi",Tripureshwor,kushal.rajbanshi3298chabel@random.org
"Sompal Bir Bhandari",Baneshwor,sompal.bhandari3299tripureshwor@example.com
"Arif Kumar Bhandari",Jawalakhel,arif.bhandari3300baneshwor@mail.com
"Kushal Dev Rajbanshi",Ekantakuna,kushal.rajbanshi3301tinkune@test.com
"Sompal Dhoj Malla",Ratnapark,sompal.malla3302tinkune@demo.net
"Lalit Dev Bhurtel",Sundhara,lalit.bhurtel3303ekantakuna@example.com
"Paras Krishna K.C",Ekantakuna,paras.k.c3304sundhara@mail.com
"Asif Dhoj Lamichane",Ratnapark,asif.lamichane3305jawalakhel@test.com
"Paras Bhopal K.C",Ekantakuna,"paras.k.c3306new road@mail.com"
"Sandeep Bir K.C",Tripureshwor,sandeep.k.c3307ekantakuna@example.com
"Lalit Bir Khadka",Chabel,lalit.khadka3308ratnapark@demo.net
"Asif Dhoj K.C",Sundhara,asif.k.c3309chabel@mail.com
"Binod Bahadur Khadka",Tripureshwor,binod.khadka3310sundhara@example.com
"Arif Kumar Malla",Ratnapark,arif.malla3311baneshwor@demo.net
"Arif Bhopal Bhandari",Tripureshwor,arif.bhandari3312chabel@mail.com
"Sompal Lal Bhurtel",Tinkune,sompal.bhurtel3313tinkune@demo.net
"Arif Krishna K.C","New Road",arif.k.c3314tripureshwor@example.com
"Rohit Lal Kami",Sundhara,rohit.kami3315chabel@example.com
"Asif Bir Malla",Jawalakhel,asif.malla3316jawalakhel@demo.net
"Sompal Krishna Bhandari","New Road",sompal.bhandari3317baneshwor@example.com
"Sompal Gopal Rajbanshi",Tinkune,sompal.rajbanshi3318sundhara@test.com
"Sompal Krishna Rajbanshi",Chabel,sompal.rajbanshi3319tinkune@demo.net
"Asif Dhoj K.C",Sundhara,asif.k.c3320ratnapark@example.com
"Asif Bahadur Malla","New Road",asif.malla3321tripureshwor@random.org
"Asif Bir Kami",Gaushala,asif.kami3322baneshwor@test.com
"Kushal Kumar Khadka",Baneshwor,kushal.khadka3323baneshwor@mail.com
"Rohit Dev Bhurtel",Ratnapark,rohit.bhurtel3324ratnapark@demo.net
"Binod Bahadur Lamichane",Chabel,binod.lamichane3325chabel@test.com
"Binod Dhoj Seikh",Jawalakhel,binod.seikh3326jawalakhel@mail.com
"Arif Bahadur Bhandari",Jawalakhel,"arif.bhandari3327new road@mail.com"
"Asif Kumar Lamichane",Tripureshwor,asif.lamichane3328chabel@test.com
"Sandeep Bhopal Malla","New Road",sandeep.malla3329jawalakhel@test.com
"Asif Krishna Bhandari",Sundhara,asif.bhandari3330tinkune@example.com
"Binod Dev Seikh",Ekantakuna,binod.seikh3331baneshwor@mail.com
"Lalit Bahadur Kami",Jawalakhel,lalit.kami3332tripureshwor@demo.net
"Paras Bahadur Seikh",Gaushala,paras.seikh3333baneshwor@test.com
"Paras Kumar Seikh","New Road",paras.seikh3334chabel@mail.com
"Paras Bhagat Paudel",Tinkune,paras.paudel3335tripureshwor@mail.com
"Arif Bhagat Kami",Ratnapark,arif.kami3336tripureshwor@example.com
"Paras Kumar Kami",Ratnapark,paras.kami3337ekantakuna@example.com
"Binod Bhopal Lamichane",Chabel,binod.lamichane3338gaushala@mail.com
"Paras Gopal Bhandari",Sundhara,paras.bhandari3339baneshwor@mail.com
"Rohit Bahadur K.C",Tripureshwor,rohit.k.c3340baneshwor@example.com
"Asif Lal Rajbanshi",Tripureshwor,asif.rajbanshi3341ratnapark@mail.com
"Binod Gopal Rajbanshi",Jawalakhel,binod.rajbanshi3342chabel@random.org
"Lalit Dev Lamichane",Jawalakhel,lalit.lamichane3343ratnapark@demo.net
"Paras Kumar Seikh",Tripureshwor,paras.seikh3344sundhara@example.com
"Asif Krishna K.C","New Road",asif.k.c3345chabel@mail.com
"Binod Kumar Bhurtel",Tinkune,binod.bhurtel3346ekantakuna@demo.net
"Sandeep Dev Bhurtel",Ratnapark,sandeep.bhurtel3347jawalakhel@mail.com
"Sandeep Kumar Paudel",Chabel,sandeep.paudel3348ekantakuna@mail.com
"Sandeep Lal Bhandari",Ratnapark,"sandeep.bhandari3349new road@demo.net"
"Sompal Dev Kami",Tinkune,sompal.kami3350gaushala@random.org
"Paras Bhagat K.C",Gaushala,paras.k.c3351jawalakhel@test.com
"Kushal Kumar Malla",Baneshwor,kushal.malla3352tripureshwor@random.org
"Rohit Bhopal Seikh",Jawalakhel,rohit.seikh3353ratnapark@example.com
"Lalit Dhoj K.C",Gaushala,lalit.k.c3354tinkune@demo.net
"Sompal Kumar Khadka",Ekantakuna,"sompal.khadka3355new road@example.com"
"Lalit Dhoj Khadka",Gaushala,lalit.khadka3356baneshwor@random.org
"Sompal Dev Seikh",Tinkune,sompal.seikh3357tinkune@demo.net
"Lalit Dev Bhurtel","New Road",lalit.bhurtel3358ekantakuna@demo.net
"Sompal Bahadur K.C",Tinkune,sompal.k.c3359baneshwor@test.com
"Karan Bhopal Khadka",Jawalakhel,karan.khadka3360tripureshwor@mail.com
"Kushal Kumar Bhurtel",Gaushala,kushal.bhurtel3361sundhara@test.com
"Sompal Bhagat Lamichane","New Road",sompal.lamichane3362jawalakhel@random.org
"Asif Lal Kami",Tripureshwor,asif.kami3363ratnapark@test.com
"Rohit Kumar Lamichane",Tripureshwor,"rohit.lamichane3364new road@mail.com"
"Paras Bhagat Rajbanshi",Jawalakhel,paras.rajbanshi3365tripureshwor@demo.net
"Sandeep Bhagat Malla","New Road",sandeep.malla3366tinkune@mail.com
"Arif Kumar Malla",Sundhara,arif.malla3367gaushala@example.com
"Karan Bahadur Bhurtel",Chabel,karan.bhurtel3368sundhara@test.com
"Rohit Dhoj Rajbanshi",Tripureshwor,"rohit.rajbanshi3369new road@mail.com"
"Binod Dev Paudel",Chabel,binod.paudel3370ratnapark@demo.net
"Arif Bahadur Lamichane",Baneshwor,arif.lamichane3371ratnapark@example.com
"Lalit Kumar Paudel",Gaushala,lalit.paudel3372gaushala@random.org
"Binod Kumar Bhandari","New Road",binod.bhandari3373tripureshwor@mail.com
"Paras Bahadur Khadka",Ekantakuna,paras.khadka3374tinkune@example.com
"Lalit Bahadur Seikh",Gaushala,lalit.seikh3375sundhara@random.org
"Karan Bahadur Kami",Ekantakuna,karan.kami3376sundhara@example.com
"Rohit Dev Bhurtel",Baneshwor,rohit.bhurtel3377tripureshwor@example.com
"Binod Bhopal Malla",Ratnapark,binod.malla3378tinkune@demo.net
"Rohit Krishna Khadka",Tinkune,rohit.khadka3379tinkune@random.org
"Sompal Lal Kami",Sundhara,sompal.kami3380ekantakuna@test.com
"Asif Bahadur K.C","New Road",asif.k.c3381sundhara@mail.com
"Asif Gopal Malla",Ratnapark,asif.malla3382tripureshwor@demo.net
"Arif Bir K.C",Tripureshwor,arif.k.c3383gaushala@example.com
"Sompal Lal Rajbanshi",Jawalakhel,sompal.rajbanshi3384ekantakuna@mail.com
"Paras Bir Bhurtel",Chabel,paras.bhurtel3385baneshwor@example.com
"Paras Krishna Lamichane",Ratnapark,paras.lamichane3386tripureshwor@test.com
"Rohit Krishna Kami",Gaushala,rohit.kami3387baneshwor@test.com
"Karan Kumar Rajbanshi",Ekantakuna,karan.rajbanshi3388jawalakhel@demo.net
"Binod Bahadur Bhurtel",Tripureshwor,binod.bhurtel3389baneshwor@mail.com
"Kushal Krishna Rajbanshi",Tinkune,kushal.rajbanshi3390tinkune@mail.com
"Paras Bhagat Khadka",Jawalakhel,paras.khadka3391gaushala@test.com
"Sompal Gopal Bhurtel",Sundhara,sompal.bhurtel3392ratnapark@example.com
"Rohit Lal K.C",Chabel,rohit.k.c3393tripureshwor@random.org
"Sompal Dev Seikh",Baneshwor,sompal.seikh3394ratnapark@mail.com
"Lalit Dhoj Lamichane",Ratnapark,lalit.lamichane3395sundhara@random.org
"Lalit Bir Bhandari",Ratnapark,lalit.bhandari3396ekantakuna@mail.com
"Asif Bhopal Khadka",Jawalakhel,asif.khadka3397jawalakhel@example.com
"Kushal Kumar Bhurtel",Ekantakuna,kushal.bhurtel3398gaushala@mail.com
"Rohit Dev Paudel",Ekantakuna,rohit.paudel3399baneshwor@mail.com
"Kushal Dev Malla",Tinkune,kushal.malla3400tripureshwor@test.com
"Paras Dev Paudel",Gaushala,paras.paudel3401baneshwor@example.com
"Paras Bhopal Rajbanshi",Ekantakuna,paras.rajbanshi3402baneshwor@demo.net
"Sandeep Dev Bhandari","New Road","sandeep.bhandari3403new road@example.com"
"Paras Lal Malla",Jawalakhel,paras.malla3404tinkune@example.com
"Sandeep Krishna Malla",Tinkune,sandeep.malla3405baneshwor@random.org
"Asif Kumar Kami",Baneshwor,asif.kami3406tripureshwor@random.org
"Binod Dev K.C",Ekantakuna,binod.k.c3407tripureshwor@demo.net
"Karan Kumar Lamichane",Baneshwor,karan.lamichane3408jawalakhel@example.com
"Sompal Kumar Malla",Tinkune,sompal.malla3409tinkune@mail.com
"Paras Lal Rajbanshi",Chabel,paras.rajbanshi3410baneshwor@demo.net
"Arif Dev Rajbanshi",Tripureshwor,arif.rajbanshi3411ratnapark@demo.net
"Sandeep Bhopal Khadka",Baneshwor,sandeep.khadka3412ratnapark@random.org
"Paras Bhopal Kami",Jawalakhel,paras.kami3413gaushala@demo.net
"Binod Lal Bhurtel",Jawalakhel,binod.bhurtel3414ratnapark@demo.net
"Karan Bir Bhurtel",Sundhara,karan.bhurtel3415sundhara@test.com
"Paras Gopal Lamichane",Chabel,paras.lamichane3416jawalakhel@test.com
"Asif Bhopal Rajbanshi",Jawalakhel,asif.rajbanshi3417gaushala@demo.net
"Sandeep Kumar Seikh","New Road",sandeep.seikh3418jawalakhel@test.com
"Sandeep Dhoj Bhurtel",Ekantakuna,"sandeep.bhurtel3419new road@demo.net"
"Asif Bhagat Rajbanshi",Tinkune,asif.rajbanshi3420baneshwor@example.com
"Binod Dhoj Lamichane",Gaushala,binod.lamichane3421tinkune@mail.com
"Binod Bir Bhurtel",Jawalakhel,binod.bhurtel3422gaushala@example.com
"Asif Gopal Kami",Tinkune,"asif.kami3423new road@random.org"
"Sompal Bir Rajbanshi",Tripureshwor,sompal.rajbanshi3424jawalakhel@demo.net
"Asif Lal Seikh","New Road",asif.seikh3425gaushala@demo.net
"Kushal Dhoj Malla",Ratnapark,kushal.malla3426gaushala@demo.net
"Rohit Gopal Kami",Ratnapark,rohit.kami3427tinkune@mail.com
"Binod Bir Kami",Sundhara,binod.kami3428tripureshwor@random.org
"Sompal Gopal Paudel",Baneshwor,sompal.paudel3429ekantakuna@test.com
"Binod Bhagat Paudel",Jawalakhel,binod.paudel3430jawalakhel@mail.com
"Asif Bhagat Kami",Ratnapark,asif.kami3431jawalakhel@random.org
"Binod Lal K.C",Gaushala,binod.k.c3432ratnapark@mail.com
"Lalit Bir Lamichane",Tinkune,lalit.lamichane3433jawalakhel@demo.net
"Kushal Gopal Khadka",Baneshwor,kushal.khadka3434jawalakhel@example.com
"Rohit Dev Bhurtel",Jawalakhel,rohit.bhurtel3435tripureshwor@test.com
"Paras Krishna Rajbanshi",Sundhara,paras.rajbanshi3436ratnapark@demo.net
"Rohit Krishna Paudel",Gaushala,rohit.paudel3437tinkune@test.com
"Asif Lal Seikh","New Road",asif.seikh3438ekantakuna@random.org
"Paras Dev Bhurtel",Sundhara,paras.bhurtel3439tripureshwor@demo.net
"Karan Dev Malla","New Road","karan.malla3440new road@demo.net"
"Rohit Bahadur Bhandari",Jawalakhel,"rohit.bhandari3441new road@demo.net"
"Kushal Bhagat Paudel",Tinkune,kushal.paudel3442sundhara@example.com
"Kushal Krishna Khadka",Gaushala,kushal.khadka3443ratnapark@mail.com
"Paras Kumar Seikh",Ratnapark,paras.seikh3444ratnapark@example.com
"Arif Kumar Bhurtel",Baneshwor,arif.bhurtel3445jawalakhel@example.com
"Lalit Bhopal Kami",Tinkune,"lalit.kami3446new road@test.com"
"Rohit Bhopal Bhurtel",Ratnapark,rohit.bhurtel3447tripureshwor@mail.com
"Binod Bir Lamichane",Sundhara,binod.lamichane3448chabel@random.org
"Arif Lal Bhurtel",Chabel,arif.bhurtel3449ekantakuna@example.com
"Arif Krishna Bhurtel",Ratnapark,arif.bhurtel3450ekantakuna@example.com
"Paras Krishna K.C",Sundhara,paras.k.c3451ratnapark@demo.net
"Kushal Dev Rajbanshi",Ratnapark,kushal.rajbanshi3452jawalakhel@random.org
"Binod Dev Paudel",Ratnapark,binod.paudel3453baneshwor@demo.net
"Binod Bhopal Bhurtel",Ekantakuna,binod.bhurtel3454jawalakhel@mail.com
"Binod Dhoj Khadka",Tripureshwor,binod.khadka3455chabel@mail.com
"Kushal Dhoj Bhurtel",Tripureshwor,kushal.bhurtel3456jawalakhel@demo.net
"Asif Dhoj Bhandari",Tinkune,asif.bhandari3457tinkune@random.org
"Kushal Dev Bhurtel",Tripureshwor,kushal.bhurtel3458jawalakhel@example.com
"Paras Lal Paudel",Tripureshwor,paras.paudel3459chabel@example.com
"Rohit Bir Bhurtel",Tinkune,rohit.bhurtel3460jawalakhel@test.com
"Sompal Kumar Paudel",Ratnapark,sompal.paudel3461jawalakhel@demo.net
"Binod Kumar Paudel",Gaushala,binod.paudel3462baneshwor@demo.net
"Binod Bhagat K.C",Tinkune,binod.k.c3463tinkune@demo.net
"Rohit Krishna Khadka",Tinkune,rohit.khadka3464baneshwor@mail.com
"Lalit Kumar K.C",Chabel,lalit.k.c3465gaushala@example.com
"Arif Bir Khadka",Chabel,arif.khadka3466ekantakuna@random.org
"Asif Gopal Bhandari","New Road",asif.bhandari3467sundhara@demo.net
"Karan Bahadur K.C","New Road",karan.k.c3468gaushala@test.com
"Asif Lal Malla",Sundhara,asif.malla3469jawalakhel@test.com
"Binod Lal Malla","New Road",binod.malla3470tinkune@test.com
"Arif Dhoj Malla","New Road",arif.malla3471chabel@example.com
"Lalit Dhoj K.C",Jawalakhel,lalit.k.c3472ratnapark@random.org
"Rohit Bhopal Kami",Ratnapark,rohit.kami3473jawalakhel@random.org
"Arif Bir Malla",Sundhara,arif.malla3474tinkune@example.com
"Binod Dev Rajbanshi",Gaushala,binod.rajbanshi3475sundhara@test.com
"Kushal Dhoj Bhurtel",Ratnapark,kushal.bhurtel3476ekantakuna@mail.com
"Karan Krishna K.C",Ratnapark,karan.k.c3477tinkune@example.com
"Kushal Lal Paudel",Ekantakuna,kushal.paudel3478sundhara@example.com
"Kushal Dev Bhandari",Ratnapark,"kushal.bhandari3479new road@demo.net"
"Arif Bir Khadka",Chabel,"arif.khadka3480new road@example.com"
"Rohit Dev Paudel",Chabel,rohit.paudel3481ratnapark@random.org
"Kushal Kumar Khadka",Tinkune,kushal.khadka3482tripureshwor@test.com
"Kushal Bhopal Bhurtel",Ratnapark,kushal.bhurtel3483sundhara@example.com
"Paras Dev Bhandari",Gaushala,"paras.bhandari3484new road@random.org"
"Rohit Bhagat Lamichane",Baneshwor,rohit.lamichane3485baneshwor@mail.com
"Sandeep Kumar Seikh",Jawalakhel,sandeep.seikh3486jawalakhel@random.org
"Rohit Bhagat Seikh",Ekantakuna,rohit.seikh3487gaushala@example.com
"Sandeep Dev Khadka",Sundhara,sandeep.khadka3488gaushala@test.com
"Asif Gopal Malla",Ratnapark,asif.malla3489baneshwor@random.org
"Asif Bir Khadka",Baneshwor,asif.khadka3490gaushala@random.org
"Karan Krishna Khadka",Ekantakuna,karan.khadka3491tripureshwor@test.com
"Sandeep Gopal Bhandari",Tinkune,sandeep.bhandari3492baneshwor@random.org
"Kushal Dhoj K.C",Tinkune,kushal.k.c3493gaushala@random.org
"Sompal Bir Kami",Tripureshwor,sompal.kami3494baneshwor@example.com
"Asif Bhopal Khadka",Jawalakhel,asif.khadka3495baneshwor@demo.net
"Paras Lal Paudel",Tinkune,paras.paudel3496gaushala@demo.net
"Sompal Lal Khadka","New Road",sompal.khadka3497jawalakhel@random.org
"Rohit Kumar Kami",Gaushala,rohit.kami3498ratnapark@example.com
"Arif Krishna Bhurtel",Sundhara,arif.bhurtel3499sundhara@demo.net
"Arif Lal Rajbanshi",Chabel,"arif.rajbanshi3500new road@test.com"
"Kushal Bhopal Seikh",Chabel,kushal.seikh3501sundhara@random.org
"Paras Krishna Seikh",Baneshwor,paras.seikh3502tinkune@example.com
"Sompal Kumar Khadka",Jawalakhel,sompal.khadka3503jawalakhel@demo.net
"Sompal Dhoj Paudel",Gaushala,sompal.paudel3504jawalakhel@example.com
"Asif Bhagat Khadka",Sundhara,asif.khadka3505sundhara@test.com
"Paras Krishna Malla",Chabel,paras.malla3506chabel@random.org
"Rohit Bahadur Kami",Ekantakuna,rohit.kami3507tripureshwor@random.org
"Binod Bahadur Malla",Tinkune,binod.malla3508tinkune@test.com
"Asif Bahadur Khadka",Sundhara,asif.khadka3509ekantakuna@test.com
"Asif Bahadur Bhandari",Tripureshwor,"asif.bhandari3510new road@example.com"
"Asif Bhopal Khadka",Jawalakhel,"asif.khadka3511new road@demo.net"
"Kushal Lal Lamichane",Ratnapark,kushal.lamichane3512tripureshwor@demo.net
"Lalit Bhopal Lamichane",Chabel,lalit.lamichane3513gaushala@demo.net
"Binod Dev Seikh",Tinkune,binod.seikh3514gaushala@demo.net
"Sandeep Bahadur Khadka","New Road",sandeep.khadka3515gaushala@demo.net
"Sompal Dhoj Kami",Chabel,sompal.kami3516tinkune@demo.net
"Karan Krishna Bhandari",Ratnapark,karan.bhandari3517sundhara@mail.com
"Sompal Bir Khadka","New Road",sompal.khadka3518tinkune@example.com
"Kushal Krishna K.C",Tripureshwor,kushal.k.c3519gaushala@random.org
"Karan Dev Lamichane",Ratnapark,karan.lamichane3520ekantakuna@mail.com
"Sompal Dhoj Khadka",Sundhara,sompal.khadka3521ratnapark@test.com
"Asif Bahadur Bhurtel",Tinkune,asif.bhurtel3522chabel@example.com
"Binod Gopal Kami",Ratnapark,binod.kami3523sundhara@mail.com
"Sandeep Krishna K.C",Tripureshwor,sandeep.k.c3524jawalakhel@random.org
"Rohit Dev Bhurtel",Tinkune,rohit.bhurtel3525tinkune@mail.com
"Sompal Dhoj Seikh",Baneshwor,sompal.seikh3526chabel@example.com
"Sompal Bhagat Kami",Tinkune,sompal.kami3527chabel@example.com
"Kushal Krishna Kami",Ekantakuna,"kushal.kami3528new road@test.com"
"Lalit Bhopal Lamichane",Sundhara,lalit.lamichane3529tripureshwor@random.org
"Rohit Kumar Rajbanshi",Chabel,rohit.rajbanshi3530ratnapark@test.com
"Arif Krishna Malla","New Road",arif.malla3531ratnapark@test.com
"Rohit Bhopal Lamichane",Sundhara,"rohit.lamichane3532new road@mail.com"
"Binod Lal Lamichane","New Road",binod.lamichane3533gaushala@demo.net
"Asif Lal Paudel",Jawalakhel,asif.paudel3534tinkune@test.com
"Rohit Lal Rajbanshi",Tripureshwor,rohit.rajbanshi3535gaushala@test.com
"Binod Dhoj Paudel",Chabel,binod.paudel3536tinkune@mail.com
"Kushal Lal Khadka",Ratnapark,"kushal.khadka3537new road@mail.com"
"Arif Bhopal Kami",Ratnapark,arif.kami3538baneshwor@mail.com
"Binod Krishna K.C","New Road",binod.k.c3539tinkune@mail.com
"Arif Lal Seikh","New Road",arif.seikh3540ekantakuna@example.com
"Lalit Bahadur Rajbanshi",Ekantakuna,lalit.rajbanshi3541gaushala@random.org
"Rohit Dhoj Rajbanshi",Gaushala,rohit.rajbanshi3542sundhara@example.com
"Sandeep Dhoj Khadka",Chabel,sandeep.khadka3543gaushala@random.org
"Sompal Bahadur Seikh",Chabel,sompal.seikh3544ekantakuna@random.org
"Sandeep Dev Bhandari",Jawalakhel,sandeep.bhandari3545jawalakhel@mail.com
"Asif Lal K.C",Sundhara,asif.k.c3546baneshwor@mail.com
"Sompal Kumar K.C",Ekantakuna,sompal.k.c3547chabel@example.com
"Paras Lal Bhurtel",Ratnapark,paras.bhurtel3548baneshwor@demo.net
"Binod Gopal Khadka",Tripureshwor,"binod.khadka3549new road@test.com"
"Karan Dhoj Rajbanshi",Tinkune,karan.rajbanshi3550sundhara@test.com
"Paras Bir Paudel","New Road",paras.paudel3551sundhara@demo.net
"Sandeep Dev K.C",Chabel,sandeep.k.c3552gaushala@test.com
"Rohit Krishna Rajbanshi",Tinkune,"rohit.rajbanshi3553new road@random.org"
"Rohit Bhagat Malla",Ratnapark,rohit.malla3554ekantakuna@random.org
"Binod Bhopal Seikh",Jawalakhel,binod.seikh3555ekantakuna@mail.com
"Kushal Krishna Seikh",Ratnapark,"kushal.seikh3556new road@demo.net"
"Asif Krishna Kami",Tripureshwor,asif.kami3557tripureshwor@mail.com
"Sandeep Gopal Khadka",Ratnapark,"sandeep.khadka3558new road@test.com"
"Paras Bhopal Paudel",Chabel,"paras.paudel3559new road@mail.com"
"Rohit Bahadur Seikh",Chabel,rohit.seikh3560baneshwor@mail.com
"Rohit Bir Kami",Tinkune,rohit.kami3561chabel@demo.net
"Arif Kumar Bhandari",Ekantakuna,arif.bhandari3562sundhara@test.com
"Sompal Bhopal Bhandari",Ekantakuna,sompal.bhandari3563baneshwor@test.com
"Paras Bir Rajbanshi",Ekantakuna,paras.rajbanshi3564ekantakuna@random.org
"Rohit Bhopal Kami",Jawalakhel,rohit.kami3565chabel@example.com
"Kushal Bahadur Seikh",Ratnapark,kushal.seikh3566baneshwor@example.com
"Asif Dhoj Rajbanshi",Baneshwor,asif.rajbanshi3567tinkune@test.com
"Arif Bir Rajbanshi",Gaushala,arif.rajbanshi3568ekantakuna@demo.net
"Paras Dhoj Rajbanshi",Sundhara,paras.rajbanshi3569jawalakhel@example.com
"Binod Bir Rajbanshi","New Road","binod.rajbanshi3570new road@random.org"
"Rohit Kumar Lamichane",Gaushala,rohit.lamichane3571ekantakuna@mail.com
"Sompal Gopal Khadka",Ekantakuna,sompal.khadka3572gaushala@random.org
"Lalit Bir Khadka",Ekantakuna,"lalit.khadka3573new road@mail.com"
"Lalit Bhopal Malla",Sundhara,lalit.malla3574ekantakuna@mail.com
"Arif Bhopal Kami","New Road",arif.kami3575sundhara@example.com
"Arif Bir K.C",Ratnapark,arif.k.c3576chabel@demo.net
"Binod Gopal Khadka",Gaushala,binod.khadka3577gaushala@test.com
"Lalit Lal K.C",Tinkune,lalit.k.c3578tinkune@example.com
"Karan Lal Bhandari",Ratnapark,karan.bhandari3579baneshwor@mail.com
"Arif Krishna Seikh",Tripureshwor,arif.seikh3580jawalakhel@mail.com
"Rohit Kumar Kami",Jawalakhel,rohit.kami3581ratnapark@mail.com
"Rohit Kumar Khadka",Ekantakuna,rohit.khadka3582sundhara@example.com
"Rohit Dhoj Khadka","New Road",rohit.khadka3583baneshwor@example.com
"Asif Dev Malla",Sundhara,asif.malla3584ratnapark@mail.com
"Arif Bahadur K.C",Tinkune,"arif.k.c3585new road@example.com"
"Karan Dev Khadka",Sundhara,karan.khadka3586tinkune@example.com
"Lalit Krishna Bhandari",Tinkune,lalit.bhandari3587ekantakuna@mail.com
"Paras Bir Khadka",Sundhara,paras.khadka3588chabel@demo.net
"Binod Bahadur Kami",Jawalakhel,binod.kami3589jawalakhel@mail.com
"Lalit Kumar Malla",Tinkune,lalit.malla3590baneshwor@mail.com
"Lalit Lal Lamichane",Ekantakuna,lalit.lamichane3591chabel@mail.com
"Rohit Bhagat Lamichane",Ekantakuna,rohit.lamichane3592ratnapark@demo.net
"Asif Dev Kami",Chabel,asif.kami3593gaushala@example.com
"Binod Dhoj Malla",Sundhara,binod.malla3594ratnapark@mail.com
"Sandeep Gopal Paudel",Gaushala,sandeep.paudel3595chabel@mail.com
"Lalit Lal Rajbanshi",Ekantakuna,lalit.rajbanshi3596ekantakuna@test.com
"Sandeep Dhoj Seikh",Sundhara,sandeep.seikh3597gaushala@example.com
"Sandeep Bhopal Lamichane",Ratnapark,sandeep.lamichane3598jawalakhel@example.com
"Sompal Dev Malla",Sundhara,sompal.malla3599chabel@mail.com
"Arif Krishna Bhurtel",Gaushala,arif.bhurtel3600jawalakhel@mail.com
"Asif Dhoj Malla",Ekantakuna,asif.malla3601tinkune@random.org
"Rohit Gopal Khadka",Chabel,rohit.khadka3602tinkune@demo.net
"Kushal Lal Bhurtel",Jawalakhel,kushal.bhurtel3603baneshwor@test.com
"Sompal Bhagat Khadka",Ratnapark,"sompal.khadka3604new road@example.com"
"Karan Bhopal Bhurtel",Baneshwor,karan.bhurtel3605ekantakuna@test.com
"Arif Bir Rajbanshi",Gaushala,arif.rajbanshi3606jawalakhel@demo.net
"Rohit Dhoj Rajbanshi",Ekantakuna,rohit.rajbanshi3607tripureshwor@test.com
"Asif Bhopal Paudel",Gaushala,asif.paudel3608chabel@test.com
"Karan Gopal Lamichane",Ekantakuna,karan.lamichane3609gaushala@example.com
"Rohit Kumar Khadka",Ekantakuna,rohit.khadka3610jawalakhel@test.com
"Sompal Bhagat Malla",Tripureshwor,sompal.malla3611ekantakuna@demo.net
"Arif Gopal Lamichane",Tripureshwor,arif.lamichane3612tripureshwor@example.com
"Lalit Kumar Khadka",Ekantakuna,lalit.khadka3613ratnapark@demo.net
"Paras Bhagat Paudel","New Road",paras.paudel3614ratnapark@random.org
"Kushal Gopal Bhurtel","New Road",kushal.bhurtel3615chabel@random.org
"Rohit Krishna Bhurtel",Tinkune,rohit.bhurtel3616chabel@demo.net
"Kushal Kumar Bhurtel",Gaushala,kushal.bhurtel3617ekantakuna@demo.net
"Rohit Kumar Paudel",Gaushala,rohit.paudel3618ratnapark@mail.com
"Paras Krishna Paudel",Jawalakhel,paras.paudel3619tripureshwor@mail.com
"Sandeep Kumar Paudel",Chabel,sandeep.paudel3620tripureshwor@test.com
"Kushal Kumar Malla","New Road",kushal.malla3621tinkune@example.com
"Sompal Gopal Kami",Jawalakhel,sompal.kami3622sundhara@demo.net
"Karan Lal Malla",Gaushala,"karan.malla3623new road@random.org"
"Sandeep Gopal Seikh",Gaushala,sandeep.seikh3624chabel@example.com
"Kushal Dhoj Lamichane","New Road",kushal.lamichane3625baneshwor@example.com
"Kushal Bhagat Bhurtel",Jawalakhel,kushal.bhurtel3626sundhara@test.com
"Asif Bhopal Kami",Gaushala,asif.kami3627sundhara@random.org
"Karan Krishna Paudel","New Road",karan.paudel3628tinkune@test.com
"Asif Bir Kami","New Road",asif.kami3629gaushala@example.com
"Paras Gopal Paudel",Ekantakuna,paras.paudel3630chabel@example.com
"Paras Gopal Malla",Tinkune,"paras.malla3631new road@random.org"
"Sompal Dhoj Bhandari","New Road",sompal.bhandari3632tripureshwor@test.com
"Kushal Dev Malla",Baneshwor,kushal.malla3633chabel@example.com
"Paras Gopal Bhurtel",Chabel,paras.bhurtel3634baneshwor@test.com
"Sandeep Lal Lamichane","New Road",sandeep.lamichane3635ratnapark@random.org
"Binod Krishna Paudel","New Road",binod.paudel3636gaushala@example.com
"Paras Bahadur Kami",Ratnapark,paras.kami3637ekantakuna@example.com
"Sompal Gopal Paudel","New Road",sompal.paudel3638tripureshwor@demo.net
"Binod Gopal K.C",Tripureshwor,binod.k.c3639chabel@random.org
"Binod Bhagat Malla",Ekantakuna,binod.malla3640sundhara@mail.com
"Karan Krishna K.C",Ekantakuna,karan.k.c3641ekantakuna@test.com
"Kushal Bir Khadka",Jawalakhel,kushal.khadka3642chabel@random.org
"Lalit Bhopal Bhurtel",Tinkune,lalit.bhurtel3643jawalakhel@test.com
"Binod Dhoj Bhandari",Gaushala,"binod.bhandari3644new road@demo.net"
"Rohit Bir Bhandari",Tinkune,rohit.bhandari3645chabel@test.com
"Lalit Gopal Lamichane",Tripureshwor,lalit.lamichane3646tripureshwor@test.com
"Rohit Lal Lamichane",Ekantakuna,rohit.lamichane3647tinkune@test.com
"Asif Bhagat Paudel",Tinkune,asif.paudel3648sundhara@mail.com
"Binod Gopal Lamichane",Jawalakhel,binod.lamichane3649ekantakuna@test.com
"Sandeep Krishna Paudel",Chabel,sandeep.paudel3650gaushala@example.com
"Karan Bhopal Kami",Chabel,karan.kami3651jawalakhel@random.org
"Arif Gopal K.C",Ekantakuna,arif.k.c3652baneshwor@mail.com
"Kushal Gopal Paudel","New Road",kushal.paudel3653chabel@demo.net
"Arif Bahadur Malla",Tinkune,arif.malla3654tinkune@demo.net
"Sandeep Lal Seikh",Chabel,sandeep.seikh3655tinkune@example.com
"Kushal Krishna Bhurtel",Tripureshwor,kushal.bhurtel3656tripureshwor@demo.net
"Rohit Lal Paudel",Gaushala,rohit.paudel3657sundhara@demo.net
"Binod Bahadur Bhurtel",Baneshwor,"binod.bhurtel3658new road@random.org"
"Karan Bir Malla",Tinkune,karan.malla3659ekantakuna@random.org
"Asif Gopal Paudel",Baneshwor,"asif.paudel3660new road@random.org"
"Rohit Gopal Kami",Jawalakhel,rohit.kami3661ratnapark@demo.net
"Sompal Krishna Paudel",Chabel,sompal.paudel3662ratnapark@mail.com
"Sandeep Bir Khadka",Tripureshwor,sandeep.khadka3663sundhara@mail.com
"Paras Krishna K.C",Tinkune,paras.k.c3664tinkune@test.com
"Asif Bir Paudel",Jawalakhel,asif.paudel3665gaushala@demo.net
"Sandeep Dhoj Seikh",Ekantakuna,sandeep.seikh3666jawalakhel@mail.com
"Paras Gopal Paudel",Chabel,paras.paudel3667tripureshwor@test.com
"Binod Bhagat Seikh",Ratnapark,"binod.seikh3668new road@random.org"
"Binod Kumar Malla",Sundhara,binod.malla3669tinkune@test.com
"Rohit Gopal K.C",Gaushala,rohit.k.c3670ratnapark@test.com
"Binod Gopal Lamichane",Ekantakuna,binod.lamichane3671jawalakhel@test.com
"Kushal Gopal Bhurtel","New Road","kushal.bhurtel3672new road@example.com"
"Sandeep Bhopal Bhurtel",Baneshwor,"sandeep.bhurtel3673new road@random.org"
"Kushal Bahadur Malla",Ratnapark,kushal.malla3674ekantakuna@random.org
"Arif Gopal Paudel",Chabel,arif.paudel3675sundhara@random.org
"Rohit Bir Paudel",Tinkune,rohit.paudel3676sundhara@example.com
"Lalit Lal Malla",Ratnapark,lalit.malla3677jawalakhel@mail.com
"Kushal Gopal Kami",Ratnapark,kushal.kami3678gaushala@example.com
"Asif Dhoj Lamichane",Jawalakhel,asif.lamichane3679tinkune@test.com
"Paras Dhoj Seikh",Baneshwor,paras.seikh3680ekantakuna@random.org
"Binod Bahadur Seikh",Tripureshwor,binod.seikh3681gaushala@test.com
"Asif Gopal Kami",Chabel,asif.kami3682baneshwor@example.com
"Lalit Lal Rajbanshi",Jawalakhel,lalit.rajbanshi3683ekantakuna@test.com
"Kushal Dev Bhurtel",Ekantakuna,kushal.bhurtel3684jawalakhel@example.com
"Karan Dev Seikh",Baneshwor,karan.seikh3685chabel@test.com
"Karan Bhopal Khadka",Gaushala,karan.khadka3686tinkune@test.com
"Asif Krishna Bhurtel",Tinkune,asif.bhurtel3687ratnapark@test.com
"Kushal Bhagat Paudel",Ratnapark,kushal.paudel3688ratnapark@example.com
"Arif Bahadur Khadka","New Road",arif.khadka3689chabel@test.com
"Lalit Kumar Bhurtel",Tripureshwor,lalit.bhurtel3690chabel@mail.com
"Sompal Dhoj Paudel",Jawalakhel,sompal.paudel3691chabel@example.com
"Binod Dev Khadka",Tripureshwor,binod.khadka3692sundhara@random.org
"Sompal Kumar Bhandari","New Road",sompal.bhandari3693chabel@test.com
"Binod Bir K.C",Ratnapark,binod.k.c3694jawalakhel@random.org
"Sandeep Krishna Malla",Ratnapark,sandeep.malla3695chabel@mail.com
"Paras Dev Bhurtel",Ekantakuna,paras.bhurtel3696sundhara@test.com
"Karan Dev Bhandari",Ratnapark,karan.bhandari3697tripureshwor@mail.com
"Kushal Gopal Malla","New Road",kushal.malla3698chabel@random.org
"Binod Bahadur Paudel",Gaushala,binod.paudel3699tinkune@random.org
"Paras Gopal K.C",Jawalakhel,paras.k.c3700tripureshwor@random.org
"Paras Lal Bhandari",Sundhara,paras.bhandari3701ratnapark@mail.com
"Arif Bahadur Kami",Jawalakhel,arif.kami3702sundhara@mail.com
"Binod Kumar Kami",Baneshwor,binod.kami3703ekantakuna@example.com
"Binod Dev Malla",Tinkune,"binod.malla3704new road@mail.com"
"Asif Bhopal Kami",Jawalakhel,asif.kami3705tinkune@mail.com
"Sandeep Bhopal Rajbanshi",Chabel,sandeep.rajbanshi3706tripureshwor@demo.net
"Lalit Dhoj Bhurtel","New Road",lalit.bhurtel3707tripureshwor@random.org
"Kushal Dev Rajbanshi",Ratnapark,kushal.rajbanshi3708tinkune@random.org
"Paras Lal Khadka",Chabel,paras.khadka3709tripureshwor@demo.net
"Asif Gopal Khadka",Jawalakhel,asif.khadka3710jawalakhel@test.com
"Asif Gopal Malla",Tinkune,asif.malla3711ratnapark@test.com
"Arif Gopal Malla",Ratnapark,arif.malla3712chabel@demo.net
"Karan Bir Paudel",Baneshwor,karan.paudel3713sundhara@example.com
"Asif Bahadur K.C",Gaushala,asif.k.c3714chabel@mail.com
"Paras Bhagat Bhandari",Gaushala,paras.bhandari3715baneshwor@demo.net
"Karan Bahadur K.C",Jawalakhel,karan.k.c3716baneshwor@demo.net
"Arif Lal Bhurtel",Sundhara,arif.bhurtel3717baneshwor@mail.com
"Arif Dhoj Kami",Jawalakhel,arif.kami3718sundhara@random.org
"Paras Krishna Bhandari",Tripureshwor,paras.bhandari3719ratnapark@example.com
"Lalit Kumar Bhandari","New Road",lalit.bhandari3720sundhara@random.org
"Karan Bahadur Paudel",Sundhara,karan.paudel3721ratnapark@test.com
"Binod Bahadur K.C",Jawalakhel,binod.k.c3722chabel@mail.com
"Asif Bir Rajbanshi",Jawalakhel,asif.rajbanshi3723jawalakhel@random.org
"Kushal Bahadur Lamichane",Baneshwor,kushal.lamichane3724chabel@mail.com
"Karan Krishna Khadka","New Road",karan.khadka3725chabel@random.org
"Karan Lal Kami",Gaushala,karan.kami3726tinkune@demo.net
"Binod Bir Bhandari",Tinkune,binod.bhandari3727jawalakhel@demo.net
"Sompal Bhopal Seikh","New Road",sompal.seikh3728chabel@example.com
"Asif Bhagat Malla",Ekantakuna,asif.malla3729chabel@mail.com
"Kushal Kumar Lamichane",Ratnapark,kushal.lamichane3730ekantakuna@demo.net
"Rohit Dhoj Kami",Chabel,rohit.kami3731ratnapark@random.org
"Kushal Krishna Rajbanshi",Tinkune,kushal.rajbanshi3732gaushala@demo.net
"Asif Kumar K.C",Ratnapark,asif.k.c3733sundhara@mail.com
"Binod Bahadur Lamichane",Gaushala,binod.lamichane3734tinkune@demo.net
"Rohit Bhopal Khadka",Tripureshwor,rohit.khadka3735chabel@mail.com
"Lalit Bir Seikh",Baneshwor,lalit.seikh3736gaushala@test.com
"Kushal Gopal Malla",Tripureshwor,kushal.malla3737sundhara@example.com
"Binod Dev Seikh",Ratnapark,binod.seikh3738tinkune@example.com
"Kushal Kumar Paudel",Sundhara,kushal.paudel3739ratnapark@demo.net
"Lalit Bhopal Seikh",Jawalakhel,"lalit.seikh3740new road@test.com"
"Rohit Kumar Paudel",Ratnapark,rohit.paudel3741tinkune@test.com
"Paras Lal Bhurtel",Ratnapark,paras.bhurtel3742tripureshwor@test.com
"Sandeep Dhoj Malla",Sundhara,sandeep.malla3743ratnapark@test.com
"Asif Dhoj Seikh",Sundhara,asif.seikh3744baneshwor@demo.net
"Arif Gopal Kami",Ekantakuna,arif.kami3745ekantakuna@test.com
"Rohit Gopal Malla",Tripureshwor,rohit.malla3746jawalakhel@mail.com
"Sompal Bhopal Paudel","New Road",sompal.paudel3747baneshwor@test.com
"Sandeep Bhopal Paudel",Tripureshwor,sandeep.paudel3748jawalakhel@example.com
"Arif Bhagat Khadka",Tripureshwor,arif.khadka3749jawalakhel@random.org
"Sompal Dhoj Khadka",Ratnapark,sompal.khadka3750sundhara@test.com
"Rohit Lal Malla",Tripureshwor,rohit.malla3751tripureshwor@random.org
"Sompal Bhagat Malla",Ratnapark,sompal.malla3752ratnapark@test.com
"Kushal Gopal Rajbanshi",Sundhara,kushal.rajbanshi3753chabel@random.org
"Sompal Bahadur K.C",Tripureshwor,"sompal.k.c3754new road@random.org"
"Lalit Dev Bhurtel",Sundhara,lalit.bhurtel3755gaushala@mail.com
"Sompal Bir Rajbanshi",Ekantakuna,"sompal.rajbanshi3756new road@mail.com"
"Paras Bir Kami",Baneshwor,paras.kami3757gaushala@mail.com
"Sandeep Bir Bhandari",Jawalakhel,"sandeep.bhandari3758new road@random.org"
"Binod Bhagat Lamichane",Chabel,"binod.lamichane3759new road@demo.net"
"Asif Bahadur Rajbanshi",Ratnapark,"asif.rajbanshi3760new road@mail.com"
"Sandeep Bahadur Lamichane",Ratnapark,"sandeep.lamichane3761new road@random.org"
"Paras Lal Lamichane",Baneshwor,paras.lamichane3762jawalakhel@test.com
"Asif Kumar Paudel",Tinkune,"asif.paudel3763new road@demo.net"
"Paras Kumar Paudel",Ratnapark,paras.paudel3764ratnapark@random.org
"Lalit Bahadur Rajbanshi",Tripureshwor,lalit.rajbanshi3765chabel@example.com
"Asif Krishna Bhurtel",Ratnapark,asif.bhurtel3766sundhara@demo.net
"Kushal Gopal Malla",Ratnapark,kushal.malla3767sundhara@example.com
"Sompal Kumar K.C","New Road",sompal.k.c3768tinkune@random.org
"Sompal Krishna Paudel",Tripureshwor,sompal.paudel3769chabel@mail.com
"Asif Bhopal Khadka",Tripureshwor,asif.khadka3770tinkune@test.com
"Karan Dev Malla",Gaushala,karan.malla3771sundhara@test.com
"Lalit Lal Malla",Chabel,lalit.malla3772baneshwor@demo.net
"Asif Gopal Lamichane",Chabel,asif.lamichane3773tripureshwor@demo.net
"Arif Gopal Rajbanshi","New Road",arif.rajbanshi3774tripureshwor@example.com
"Asif Bhopal Lamichane",Gaushala,asif.lamichane3775tripureshwor@random.org
"Paras Krishna Malla",Tripureshwor,paras.malla3776tripureshwor@mail.com
"Asif Krishna Bhandari","New Road","asif.bhandari3777new road@random.org"
"Kushal Dev Malla",Tinkune,kushal.malla3778tinkune@demo.net
"Lalit Dev Lamichane",Baneshwor,lalit.lamichane3779baneshwor@demo.net
"Arif Lal Rajbanshi",Ratnapark,arif.rajbanshi3780gaushala@demo.net
"Sompal Lal Bhurtel",Gaushala,sompal.bhurtel3781tinkune@example.com
"Kushal Bahadur K.C",Ratnapark,kushal.k.c3782baneshwor@demo.net
"Arif Bir K.C",Baneshwor,arif.k.c3783jawalakhel@demo.net
"Arif Lal Bhandari",Sundhara,arif.bhandari3784jawalakhel@test.com
"Kushal Krishna Rajbanshi",Baneshwor,kushal.rajbanshi3785jawalakhel@mail.com
"Binod Bahadur Bhurtel","New Road",binod.bhurtel3786tripureshwor@demo.net
"Asif Gopal Seikh",Baneshwor,asif.seikh3787jawalakhel@demo.net
"Sompal Gopal Lamichane",Gaushala,sompal.lamichane3788sundhara@random.org
"Paras Bahadur Seikh",Gaushala,paras.seikh3789tinkune@test.com
"Karan Krishna Rajbanshi",Gaushala,"karan.rajbanshi3790new road@random.org"
"Binod Lal Bhurtel",Baneshwor,binod.bhurtel3791tripureshwor@test.com
"Asif Dev Khadka",Ekantakuna,asif.khadka3792ratnapark@mail.com
"Binod Bhagat Bhandari",Sundhara,"binod.bhandari3793new road@mail.com"
"Asif Gopal Lamichane",Ekantakuna,asif.lamichane3794chabel@example.com
"Paras Dev Bhurtel",Gaushala,paras.bhurtel3795ratnapark@test.com
"Lalit Bir Lamichane","New Road",lalit.lamichane3796ekantakuna@mail.com
"Binod Kumar Seikh",Gaushala,binod.seikh3797tinkune@mail.com
"Paras Krishna K.C",Ratnapark,paras.k.c3798tripureshwor@example.com
"Kushal Bhopal Seikh",Baneshwor,kushal.seikh3799baneshwor@mail.com
"Rohit Lal Bhurtel",Baneshwor,rohit.bhurtel3800tinkune@demo.net
"Paras Krishna Rajbanshi",Chabel,paras.rajbanshi3801ratnapark@random.org
"Lalit Krishna Khadka",Ratnapark,lalit.khadka3802sundhara@test.com
"Lalit Bahadur Seikh",Tripureshwor,lalit.seikh3803chabel@mail.com
"Paras Bir Malla",Jawalakhel,paras.malla3804chabel@example.com
"Binod Bahadur K.C",Tinkune,"binod.k.c3805new road@random.org"
"Lalit Lal Malla",Sundhara,lalit.malla3806gaushala@example.com
"Lalit Kumar Malla",Chabel,lalit.malla3807tinkune@test.com
"Karan Bhopal Malla",Sundhara,karan.malla3808ratnapark@example.com
"Arif Lal Lamichane",Gaushala,arif.lamichane3809tripureshwor@example.com
"Kushal Bhopal Paudel",Chabel,kushal.paudel3810sundhara@demo.net
"Paras Krishna Khadka",Baneshwor,paras.khadka3811baneshwor@test.com
"Asif Lal Malla",Chabel,asif.malla3812baneshwor@mail.com
"Paras Dev Seikh",Baneshwor,"paras.seikh3813new road@demo.net"
"Karan Bhagat K.C",Tripureshwor,"karan.k.c3814new road@example.com"
"Binod Bhopal Seikh",Sundhara,binod.seikh3815ratnapark@test.com
"Paras Dhoj Khadka",Ekantakuna,"paras.khadka3816new road@example.com"
"Kushal Bhagat Malla",Ratnapark,kushal.malla3817ratnapark@demo.net
"Arif Dhoj Paudel",Gaushala,arif.paudel3818sundhara@test.com
"Sompal Bhagat Bhandari",Tinkune,sompal.bhandari3819tinkune@example.com
"Karan Bhagat Khadka",Sundhara,karan.khadka3820jawalakhel@test.com
"Lalit Kumar Seikh",Gaushala,lalit.seikh3821ratnapark@random.org
"Asif Lal Malla","New Road","asif.malla3822new road@random.org"
"Lalit Dhoj Malla","New Road",lalit.malla3823jawalakhel@example.com
"Karan Kumar Lamichane",Sundhara,karan.lamichane3824tinkune@demo.net
"Karan Bhopal Bhurtel",Tripureshwor,karan.bhurtel3825ekantakuna@demo.net
"Sompal Dev Lamichane",Tripureshwor,sompal.lamichane3826chabel@test.com
"Lalit Bahadur Kami",Tripureshwor,lalit.kami3827jawalakhel@test.com
"Asif Lal Bhandari",Ekantakuna,asif.bhandari3828ratnapark@random.org
"Paras Bahadur Seikh","New Road",paras.seikh3829baneshwor@random.org
"Asif Bahadur Khadka",Tripureshwor,asif.khadka3830jawalakhel@mail.com
"Sandeep Bhagat Paudel",Ekantakuna,"sandeep.paudel3831new road@random.org"
"Lalit Bhagat Paudel",Jawalakhel,"lalit.paudel3832new road@test.com"
"Kushal Krishna Malla",Ekantakuna,kushal.malla3833chabel@mail.com
"Sompal Bhopal Malla",Sundhara,sompal.malla3834chabel@demo.net
"Paras Dhoj Seikh","New Road",paras.seikh3835gaushala@example.com
"Binod Dev Bhurtel",Chabel,binod.bhurtel3836ekantakuna@random.org
"Sompal Gopal Bhandari",Tripureshwor,"sompal.bhandari3837new road@mail.com"
"Arif Kumar Paudel",Baneshwor,"arif.paudel3838new road@test.com"
"Binod Krishna Bhandari",Jawalakhel,binod.bhandari3839tinkune@random.org
"Rohit Lal Malla",Sundhara,rohit.malla3840gaushala@demo.net
"Binod Kumar Bhandari",Jawalakhel,binod.bhandari3841jawalakhel@example.com
"Lalit Bahadur K.C",Chabel,lalit.k.c3842ekantakuna@demo.net
"Asif Bahadur Seikh",Ekantakuna,asif.seikh3843chabel@example.com
"Sandeep Bhopal Seikh",Jawalakhel,sandeep.seikh3844ratnapark@random.org
"Paras Bir Paudel",Sundhara,paras.paudel3845gaushala@random.org
"Kushal Bir Lamichane",Chabel,kushal.lamichane3846tripureshwor@example.com
"Paras Bahadur Seikh",Ekantakuna,"paras.seikh3847new road@test.com"
"Binod Krishna Bhandari",Sundhara,"binod.bhandari3848new road@random.org"
"Paras Kumar K.C",Gaushala,paras.k.c3849sundhara@random.org
"Karan Bahadur Lamichane",Sundhara,karan.lamichane3850gaushala@demo.net
"Lalit Dev Bhurtel",Ekantakuna,lalit.bhurtel3851tripureshwor@example.com
"Kushal Krishna Paudel",Baneshwor,kushal.paudel3852baneshwor@demo.net
"Asif Bahadur Seikh",Sundhara,asif.seikh3853jawalakhel@random.org
"Paras Krishna Malla",Ratnapark,paras.malla3854chabel@demo.net
"Paras Bahadur Malla",Tinkune,paras.malla3855tripureshwor@random.org
"Kushal Gopal Seikh",Tinkune,kushal.seikh3856ekantakuna@demo.net
"Karan Gopal Khadka",Tinkune,karan.khadka3857ratnapark@test.com
"Binod Bir Khadka",Sundhara,binod.khadka3858baneshwor@example.com
"Paras Krishna Lamichane",Jawalakhel,paras.lamichane3859ekantakuna@demo.net
"Sandeep Gopal Bhurtel",Chabel,sandeep.bhurtel3860tinkune@example.com
"Asif Bhagat Kami",Ekantakuna,asif.kami3861tinkune@random.org
"Binod Dev Paudel",Jawalakhel,binod.paudel3862chabel@random.org
"Karan Bhagat Malla",Jawalakhel,karan.malla3863tripureshwor@test.com
"Sandeep Krishna Khadka",Tripureshwor,sandeep.khadka3864sundhara@test.com
"Binod Kumar Seikh",Baneshwor,binod.seikh3865chabel@mail.com
"Karan Dhoj Kami",Baneshwor,karan.kami3866tinkune@demo.net
"Karan Bhopal Lamichane",Ekantakuna,karan.lamichane3867gaushala@test.com
"Asif Bir Bhurtel",Gaushala,asif.bhurtel3868tinkune@test.com
"Paras Dhoj Khadka",Chabel,paras.khadka3869ratnapark@demo.net
"Rohit Bahadur Bhurtel",Ratnapark,rohit.bhurtel3870sundhara@test.com
"Kushal Kumar Bhurtel",Ekantakuna,kushal.bhurtel3871sundhara@test.com
"Paras Bahadur Lamichane",Ekantakuna,"paras.lamichane3872new road@random.org"
"Sompal Bhopal Rajbanshi",Sundhara,sompal.rajbanshi3873gaushala@example.com
"Karan Bhopal Malla",Sundhara,karan.malla3874ekantakuna@mail.com
"Rohit Bir Bhandari",Tripureshwor,"rohit.bhandari3875new road@mail.com"
"Asif Krishna Khadka",Chabel,asif.khadka3876baneshwor@test.com
"Binod Dev Rajbanshi",Jawalakhel,binod.rajbanshi3877sundhara@random.org
"Kushal Kumar Rajbanshi",Jawalakhel,kushal.rajbanshi3878tinkune@random.org
"Kushal Bahadur Bhandari",Chabel,kushal.bhandari3879tripureshwor@test.com
"Binod Kumar Bhurtel",Ratnapark,binod.bhurtel3880ekantakuna@demo.net
"Rohit Bahadur Paudel",Tripureshwor,rohit.paudel3881tinkune@example.com
"Sandeep Lal Khadka",Sundhara,sandeep.khadka3882tripureshwor@random.org
"Rohit Kumar Bhandari",Tinkune,"rohit.bhandari3883new road@example.com"
"Sompal Gopal Bhandari",Gaushala,sompal.bhandari3884ekantakuna@example.com
"Sompal Bhagat Lamichane",Chabel,sompal.lamichane3885ekantakuna@example.com
"Lalit Kumar Malla","New Road",lalit.malla3886chabel@mail.com
"Asif Dev Bhandari",Ratnapark,asif.bhandari3887sundhara@mail.com
"Binod Bhopal K.C",Tripureshwor,binod.k.c3888ekantakuna@random.org
"Sandeep Bhagat Khadka",Baneshwor,sandeep.khadka3889chabel@demo.net
"Sompal Krishna Lamichane",Tinkune,sompal.lamichane3890chabel@test.com
"Binod Dhoj K.C",Ratnapark,binod.k.c3891tinkune@mail.com
"Sompal Kumar Bhurtel",Jawalakhel,sompal.bhurtel3892jawalakhel@demo.net
"Paras Krishna Paudel",Chabel,paras.paudel3893jawalakhel@demo.net
"Kushal Dev Khadka",Sundhara,"kushal.khadka3894new road@mail.com"
"Paras Bhopal Bhandari","New Road",paras.bhandari3895baneshwor@mail.com
"Asif Bahadur Rajbanshi",Gaushala,asif.rajbanshi3896tinkune@demo.net
"Paras Lal Paudel",Sundhara,paras.paudel3897chabel@example.com
"Karan Bahadur Khadka",Sundhara,karan.khadka3898ekantakuna@mail.com
"Asif Lal Seikh",Tripureshwor,"asif.seikh3899new road@random.org"
"Sandeep Krishna K.C",Gaushala,sandeep.k.c3900tinkune@example.com
"Lalit Krishna K.C",Tripureshwor,"lalit.k.c3901new road@demo.net"
"Karan Dev Bhurtel",Ekantakuna,karan.bhurtel3902tinkune@example.com
"Rohit Bhopal Bhurtel",Chabel,rohit.bhurtel3903tripureshwor@random.org
"Arif Lal Paudel",Baneshwor,arif.paudel3904tinkune@example.com
"Paras Krishna Malla",Ekantakuna,paras.malla3905baneshwor@demo.net
"Karan Bhagat K.C","New Road",karan.k.c3906chabel@mail.com
"Karan Bir Kami",Tripureshwor,karan.kami3907ratnapark@test.com
"Kushal Lal Bhurtel",Tripureshwor,kushal.bhurtel3908baneshwor@example.com
"Karan Bahadur Paudel",Ekantakuna,karan.paudel3909sundhara@random.org
"Lalit Kumar Rajbanshi",Chabel,lalit.rajbanshi3910ratnapark@example.com
"Rohit Dev Malla",Jawalakhel,rohit.malla3911ratnapark@example.com
"Binod Lal Paudel",Ratnapark,binod.paudel3912gaushala@mail.com
"Lalit Dhoj Rajbanshi",Jawalakhel,lalit.rajbanshi3913sundhara@example.com
"Binod Bhopal Seikh",Gaushala,binod.seikh3914ekantakuna@demo.net
"Arif Bhagat Lamichane",Gaushala,arif.lamichane3915jawalakhel@demo.net
"Asif Bahadur Bhurtel","New Road","asif.bhurtel3916new road@random.org"
"Binod Bahadur Malla",Chabel,binod.malla3917gaushala@random.org
"Paras Gopal K.C",Gaushala,paras.k.c3918tripureshwor@mail.com
"Karan Kumar Malla",Ratnapark,"karan.malla3919new road@example.com"
"Binod Krishna Lamichane",Baneshwor,binod.lamichane3920sundhara@demo.net
"Arif Bhagat K.C","New Road",arif.k.c3921ratnapark@test.com
"Sompal Lal Malla",Gaushala,sompal.malla3922ratnapark@demo.net
"Lalit Bir K.C","New Road",lalit.k.c3923tinkune@example.com
"Sompal Bhopal Paudel","New Road","sompal.paudel3924new road@random.org"
"Sompal Bhopal Lamichane",Tripureshwor,sompal.lamichane3925tinkune@demo.net
"Asif Bahadur Lamichane",Jawalakhel,asif.lamichane3926sundhara@test.com
"Arif Dev K.C",Ratnapark,arif.k.c3927sundhara@example.com
"Binod Bhopal Seikh",Baneshwor,binod.seikh3928tinkune@random.org
"Arif Bahadur Rajbanshi",Ratnapark,"arif.rajbanshi3929new road@demo.net"
"Paras Kumar K.C",Baneshwor,paras.k.c3930tripureshwor@mail.com
"Asif Gopal Lamichane",Jawalakhel,asif.lamichane3931gaushala@test.com
"Lalit Lal Bhandari",Tripureshwor,lalit.bhandari3932jawalakhel@mail.com
"Karan Gopal Kami",Baneshwor,karan.kami3933gaushala@test.com
"Rohit Lal Bhurtel",Tripureshwor,rohit.bhurtel3934jawalakhel@example.com
"Lalit Bhopal Paudel",Tripureshwor,lalit.paudel3935tinkune@example.com
"Arif Dhoj Paudel","New Road","arif.paudel3936new road@test.com"
"Lalit Dhoj Paudel",Tripureshwor,lalit.paudel3937baneshwor@random.org
"Sompal Bir Lamichane",Sundhara,sompal.lamichane3938ekantakuna@test.com
"Kushal Krishna Lamichane",Sundhara,kushal.lamichane3939gaushala@demo.net
"Karan Gopal Lamichane",Chabel,karan.lamichane3940tripureshwor@demo.net
"Sandeep Krishna Malla",Jawalakhel,sandeep.malla3941gaushala@demo.net
"Kushal Bir Bhurtel",Baneshwor,kushal.bhurtel3942ratnapark@example.com
"Lalit Lal Malla",Ekantakuna,lalit.malla3943ratnapark@mail.com
"Karan Lal Paudel",Sundhara,karan.paudel3944baneshwor@example.com
"Sandeep Dev Lamichane",Sundhara,sandeep.lamichane3945ratnapark@example.com
"Asif Dhoj Seikh",Sundhara,asif.seikh3946tinkune@test.com
"Arif Lal Paudel",Tinkune,arif.paudel3947chabel@example.com
"Arif Bir Bhandari",Ratnapark,arif.bhandari3948tinkune@test.com
"Rohit Bhagat Malla",Baneshwor,rohit.malla3949tripureshwor@example.com
"Arif Dhoj Bhandari",Chabel,arif.bhandari3950ratnapark@demo.net
"Sompal Bahadur Paudel",Sundhara,"sompal.paudel3951new road@example.com"
"Binod Bhopal Bhurtel",Tinkune,binod.bhurtel3952jawalakhel@demo.net
"Lalit Bhagat Kami",Tripureshwor,lalit.kami3953tripureshwor@example.com
"Binod Gopal Lamichane",Tinkune,binod.lamichane3954ekantakuna@random.org
"Rohit Gopal Lamichane",Gaushala,rohit.lamichane3955ekantakuna@random.org
"Paras Bhopal Malla","New Road",paras.malla3956jawalakhel@random.org
"Arif Bhopal Seikh",Ekantakuna,arif.seikh3957chabel@demo.net
"Sandeep Bahadur Malla",Sundhara,sandeep.malla3958ratnapark@mail.com
"Binod Dev Kami",Sundhara,binod.kami3959ekantakuna@mail.com
"Binod Lal Bhandari",Tinkune,binod.bhandari3960tinkune@example.com
"Sandeep Bir Khadka",Tripureshwor,sandeep.khadka3961ekantakuna@example.com
"Lalit Dev Rajbanshi",Baneshwor,lalit.rajbanshi3962tinkune@test.com
"Rohit Bir Khadka",Tinkune,rohit.khadka3963ekantakuna@random.org
"Sompal Krishna Kami",Tinkune,sompal.kami3964tripureshwor@demo.net
"Sandeep Bahadur Bhandari",Ekantakuna,sandeep.bhandari3965gaushala@demo.net
"Karan Dev Khadka",Ekantakuna,karan.khadka3966jawalakhel@mail.com
"Asif Kumar Paudel",Sundhara,asif.paudel3967sundhara@demo.net
"Rohit Dhoj Kami",Tripureshwor,rohit.kami3968sundhara@mail.com
"Arif Kumar Paudel",Jawalakhel,arif.paudel3969ratnapark@demo.net
"Asif Gopal Rajbanshi","New Road",asif.rajbanshi3970tinkune@example.com
"Sompal Kumar Rajbanshi",Tinkune,sompal.rajbanshi3971sundhara@demo.net
"Arif Gopal K.C",Tinkune,arif.k.c3972ekantakuna@mail.com
"Paras Bhagat Bhandari",Gaushala,paras.bhandari3973gaushala@example.com
"Arif Gopal Malla",Tripureshwor,arif.malla3974ratnapark@demo.net
"Asif Dev Kami",Jawalakhel,"asif.kami3975new road@demo.net"
"Paras Bir Kami",Tripureshwor,paras.kami3976chabel@example.com
"Rohit Krishna Lamichane",Ratnapark,rohit.lamichane3977gaushala@demo.net
"Karan Bahadur Kami",Ekantakuna,karan.kami3978ekantakuna@mail.com
"Karan Bhagat Kami",Ekantakuna,karan.kami3979sundhara@example.com
"Binod Kumar Lamichane",Tripureshwor,binod.lamichane3980ratnapark@mail.com
"Binod Bahadur Kami",Baneshwor,binod.kami3981sundhara@demo.net
"Sompal Krishna Seikh",Gaushala,sompal.seikh3982tripureshwor@example.com
"Arif Bahadur Lamichane",Ratnapark,arif.lamichane3983ratnapark@example.com
"Sandeep Dhoj Khadka",Ratnapark,sandeep.khadka3984jawalakhel@mail.com
"Karan Bhopal Kami",Tinkune,karan.kami3985jawalakhel@test.com
"Binod Kumar K.C",Sundhara,binod.k.c3986chabel@random.org
"Sompal Bahadur Malla",Tinkune,sompal.malla3987chabel@mail.com
"Karan Bahadur Lamichane",Baneshwor,karan.lamichane3988jawalakhel@mail.com
"Asif Krishna Khadka",Gaushala,asif.khadka3989baneshwor@test.com
"Sompal Krishna Khadka",Gaushala,sompal.khadka3990tripureshwor@example.com
"Paras Bhagat K.C",Ekantakuna,paras.k.c3991ratnapark@example.com
"Rohit Kumar Rajbanshi",Tripureshwor,rohit.rajbanshi3992tripureshwor@mail.com
"Lalit Kumar Rajbanshi",Gaushala,lalit.rajbanshi3993tinkune@test.com
"Binod Bir Khadka","New Road",binod.khadka3994gaushala@mail.com
"Sompal Krishna Kami",Tripureshwor,sompal.kami3995jawalakhel@test.com
"Asif Bahadur Rajbanshi",Tripureshwor,asif.rajbanshi3996chabel@random.org
"Kushal Lal Seikh",Baneshwor,kushal.seikh3997chabel@demo.net
"Binod Dhoj Bhandari",Ekantakuna,binod.bhandari3998chabel@example.com
"Kushal Bahadur Bhurtel",Ratnapark,kushal.bhurtel3999baneshwor@random.org
"Paras Gopal Seikh",Ratnapark,paras.seikh4000ratnapark@test.com
"Sompal Krishna K.C",Gaushala,sompal.k.c4001ratnapark@example.com
"Paras Bir Bhandari",Ekantakuna,"paras.bhandari4002new road@example.com"
"Lalit Dhoj Lamichane",Jawalakhel,lalit.lamichane4003tripureshwor@random.org
"Arif Kumar Paudel","New Road",arif.paudel4004gaushala@demo.net
"Asif Dhoj Paudel","New Road",asif.paudel4005tinkune@example.com
"Paras Dhoj Khadka","New Road",paras.khadka4006chabel@random.org
"Sompal Dhoj Lamichane",Sundhara,sompal.lamichane4007baneshwor@example.com
"Binod Bhagat Khadka",Gaushala,binod.khadka4008baneshwor@demo.net
"Lalit Bhagat Bhurtel",Sundhara,lalit.bhurtel4009sundhara@demo.net
"Binod Gopal Paudel",Tinkune,"binod.paudel4010new road@demo.net"
"Sandeep Bahadur Bhandari",Chabel,sandeep.bhandari4011ekantakuna@demo.net
"Kushal Krishna Rajbanshi",Gaushala,kushal.rajbanshi4012tripureshwor@mail.com
"Paras Dhoj Rajbanshi","New Road","paras.rajbanshi4013new road@test.com"
"Rohit Kumar Bhurtel",Chabel,"rohit.bhurtel4014new road@demo.net"
"Sandeep Lal Paudel",Tinkune,sandeep.paudel4015baneshwor@demo.net
"Kushal Lal Paudel",Ekantakuna,"kushal.paudel4016new road@random.org"
"Karan Krishna Bhurtel",Gaushala,karan.bhurtel4017jawalakhel@random.org
"Karan Gopal Bhandari",Ekantakuna,karan.bhandari4018ratnapark@mail.com
"Arif Lal Bhandari",Ratnapark,arif.bhandari4019chabel@mail.com
"Kushal Kumar Lamichane",Gaushala,kushal.lamichane4020sundhara@example.com
"Lalit Kumar Malla",Sundhara,lalit.malla4021baneshwor@mail.com
"Sandeep Dev Bhurtel",Chabel,sandeep.bhurtel4022tripureshwor@example.com
"Sompal Bahadur Khadka",Jawalakhel,sompal.khadka4023tripureshwor@mail.com
"Rohit Bir K.C","New Road",rohit.k.c4024gaushala@example.com
"Kushal Bir Kami",Gaushala,kushal.kami4025tinkune@example.com
"Binod Lal Seikh",Baneshwor,binod.seikh4026tinkune@random.org
"Rohit Dhoj Rajbanshi",Ratnapark,rohit.rajbanshi4027baneshwor@demo.net
"Binod Bir Bhurtel",Sundhara,binod.bhurtel4028chabel@example.com
"Sandeep Bahadur Rajbanshi",Gaushala,"sandeep.rajbanshi4029new road@test.com"
"Sompal Dhoj Bhandari",Sundhara,sompal.bhandari4030jawalakhel@test.com
"Arif Lal Kami",Jawalakhel,arif.kami4031baneshwor@random.org
"Lalit Bir K.C",Gaushala,lalit.k.c4032jawalakhel@test.com
"Asif Kumar Rajbanshi",Tinkune,asif.rajbanshi4033ekantakuna@test.com
"Kushal Lal Kami",Jawalakhel,kushal.kami4034chabel@demo.net
"Asif Krishna Seikh",Baneshwor,asif.seikh4035ekantakuna@demo.net
"Arif Gopal Khadka",Tripureshwor,arif.khadka4036tinkune@mail.com
"Paras Bhopal Kami",Ekantakuna,paras.kami4037sundhara@demo.net
"Binod Bhagat K.C",Chabel,"binod.k.c4038new road@test.com"
"Asif Bhopal Malla","New Road",asif.malla4039sundhara@mail.com
"Kushal Kumar Rajbanshi",Chabel,kushal.rajbanshi4040gaushala@example.com
"Sompal Kumar K.C",Sundhara,sompal.k.c4041gaushala@random.org
"Binod Bir Malla",Chabel,binod.malla4042tripureshwor@mail.com
"Lalit Bhagat Paudel",Tinkune,"lalit.paudel4043new road@random.org"
"Paras Dhoj Khadka","New Road",paras.khadka4044tinkune@test.com
"Binod Krishna Rajbanshi",Jawalakhel,binod.rajbanshi4045ratnapark@mail.com
"Sandeep Bahadur Lamichane",Tripureshwor,sandeep.lamichane4046baneshwor@demo.net
"Kushal Dev Seikh",Ratnapark,kushal.seikh4047chabel@demo.net
"Rohit Dhoj Bhandari",Ekantakuna,rohit.bhandari4048baneshwor@mail.com
"Kushal Bahadur Bhurtel",Chabel,kushal.bhurtel4049tripureshwor@mail.com
"Sompal Bhagat Malla",Tinkune,sompal.malla4050chabel@mail.com
"Lalit Krishna K.C",Ratnapark,lalit.k.c4051ekantakuna@random.org
"Arif Dev Bhurtel",Chabel,arif.bhurtel4052ratnapark@mail.com
"Lalit Bhagat Khadka",Tripureshwor,lalit.khadka4053chabel@test.com
"Sandeep Lal Seikh",Ratnapark,sandeep.seikh4054baneshwor@random.org
"Binod Dhoj Seikh",Sundhara,binod.seikh4055sundhara@random.org
"Paras Bahadur Khadka",Jawalakhel,paras.khadka4056baneshwor@example.com
"Sompal Kumar Kami",Sundhara,sompal.kami4057jawalakhel@example.com
"Binod Bahadur Seikh",Gaushala,binod.seikh4058tinkune@mail.com
"Kushal Lal Lamichane",Jawalakhel,kushal.lamichane4059gaushala@example.com
"Karan Krishna Rajbanshi",Ekantakuna,karan.rajbanshi4060tripureshwor@demo.net
"Lalit Bhopal Kami",Tripureshwor,lalit.kami4061chabel@random.org
"Kushal Bhagat Seikh",Baneshwor,kushal.seikh4062chabel@mail.com
"Karan Dhoj Kami",Gaushala,karan.kami4063baneshwor@random.org
"Arif Kumar Khadka","New Road",arif.khadka4064gaushala@demo.net
"Rohit Lal Seikh",Jawalakhel,rohit.seikh4065ekantakuna@random.org
"Karan Bir Paudel",Chabel,"karan.paudel4066new road@test.com"
"Paras Kumar K.C",Jawalakhel,paras.k.c4067ekantakuna@demo.net
"Karan Bir Bhurtel",Tripureshwor,karan.bhurtel4068jawalakhel@random.org
"Kushal Dev K.C",Sundhara,kushal.k.c4069ratnapark@test.com
"Lalit Gopal K.C",Ekantakuna,lalit.k.c4070chabel@mail.com
"Sandeep Bhagat Malla",Chabel,sandeep.malla4071baneshwor@example.com
"Sandeep Bhopal Lamichane",Ekantakuna,sandeep.lamichane4072chabel@test.com
"Kushal Bir Lamichane","New Road",kushal.lamichane4073jawalakhel@demo.net
"Binod Dhoj Seikh",Chabel,binod.seikh4074tripureshwor@random.org
"Rohit Bir Bhandari",Jawalakhel,rohit.bhandari4075tinkune@random.org
"Arif Bahadur Bhurtel",Gaushala,arif.bhurtel4076tinkune@test.com
"Rohit Lal Rajbanshi",Gaushala,rohit.rajbanshi4077sundhara@example.com
"Binod Bhagat K.C",Tinkune,binod.k.c4078baneshwor@mail.com
"Arif Gopal Rajbanshi",Tripureshwor,arif.rajbanshi4079ratnapark@demo.net
"Sompal Bhopal Lamichane",Baneshwor,sompal.lamichane4080tripureshwor@example.com
"Arif Gopal Lamichane",Ekantakuna,arif.lamichane4081sundhara@random.org
"Sandeep Gopal Lamichane",Chabel,sandeep.lamichane4082baneshwor@example.com
"Paras Kumar K.C",Ekantakuna,paras.k.c4083jawalakhel@demo.net
"Arif Bir Bhandari",Tripureshwor,arif.bhandari4084jawalakhel@random.org
"Paras Lal Khadka",Jawalakhel,paras.khadka4085tinkune@random.org
"Sompal Krishna Paudel",Baneshwor,sompal.paudel4086chabel@example.com
"Karan Bhagat Bhurtel",Baneshwor,karan.bhurtel4087ratnapark@random.org
"Sompal Dhoj Malla",Sundhara,sompal.malla4088ratnapark@demo.net
"Karan Bir Bhurtel",Jawalakhel,karan.bhurtel4089gaushala@example.com
"Sandeep Bhopal Lamichane",Tinkune,sandeep.lamichane4090tripureshwor@test.com
"Binod Kumar Rajbanshi","New Road",binod.rajbanshi4091ratnapark@random.org
"Paras Bhagat Malla",Baneshwor,paras.malla4092chabel@test.com
"Sompal Dhoj Lamichane",Ekantakuna,sompal.lamichane4093tinkune@example.com
"Kushal Kumar Bhandari",Chabel,kushal.bhandari4094sundhara@example.com
"Asif Bhagat Rajbanshi",Gaushala,asif.rajbanshi4095tripureshwor@random.org
"Sompal Dev Malla",Sundhara,sompal.malla4096baneshwor@test.com
"Sompal Gopal Lamichane","New Road",sompal.lamichane4097jawalakhel@mail.com
"Rohit Bhopal Paudel",Chabel,rohit.paudel4098chabel@random.org
"Binod Lal Kami","New Road","binod.kami4099new road@demo.net"
"Asif Bahadur Seikh",Sundhara,asif.seikh4100ekantakuna@mail.com
"Paras Bir K.C",Gaushala,paras.k.c4101tinkune@random.org
"Sandeep Kumar Khadka",Gaushala,"sandeep.khadka4102new road@random.org"
"Karan Krishna Seikh",Chabel,"karan.seikh4103new road@demo.net"
"Rohit Lal Malla",Baneshwor,rohit.malla4104chabel@test.com
"Sandeep Krishna Malla",Tinkune,sandeep.malla4105sundhara@random.org
"Kushal Gopal Malla",Sundhara,kushal.malla4106baneshwor@random.org
"Kushal Krishna Rajbanshi",Ratnapark,kushal.rajbanshi4107ratnapark@mail.com
"Karan Gopal Bhandari",Ratnapark,karan.bhandari4108gaushala@test.com
"Kushal Kumar Lamichane",Tinkune,kushal.lamichane4109chabel@example.com
"Sompal Dhoj Rajbanshi",Ekantakuna,"sompal.rajbanshi4110new road@random.org"
"Binod Krishna K.C",Tripureshwor,binod.k.c4111ekantakuna@test.com
"Arif Bhopal Bhurtel","New Road",arif.bhurtel4112ekantakuna@mail.com
"Arif Dhoj Malla",Tinkune,"arif.malla4113new road@demo.net"
"Binod Dhoj K.C","New Road","binod.k.c4114new road@mail.com"
"Sompal Bhagat Seikh",Jawalakhel,sompal.seikh4115sundhara@random.org
"Arif Dhoj Malla","New Road",arif.malla4116tripureshwor@demo.net
"Paras Bahadur Seikh",Tripureshwor,"paras.seikh4117new road@test.com"
"Asif Lal Seikh",Baneshwor,asif.seikh4118tripureshwor@demo.net
"Binod Kumar Lamichane",Tinkune,binod.lamichane4119baneshwor@random.org
"Sompal Krishna K.C",Ekantakuna,sompal.k.c4120jawalakhel@test.com
"Paras Kumar Khadka",Baneshwor,paras.khadka4121chabel@random.org
"Rohit Dev Kami","New Road",rohit.kami4122baneshwor@mail.com
"Asif Kumar Seikh",Ratnapark,asif.seikh4123tripureshwor@test.com
"Binod Kumar Rajbanshi","New Road",binod.rajbanshi4124jawalakhel@mail.com
"Asif Dhoj Bhandari",Chabel,asif.bhandari4125tinkune@test.com
"Sandeep Bir Malla",Chabel,sandeep.malla4126ratnapark@test.com
"Asif Gopal Khadka",Ekantakuna,"asif.khadka4127new road@example.com"
"Arif Kumar Bhandari",Jawalakhel,arif.bhandari4128baneshwor@test.com
"Arif Krishna K.C",Gaushala,arif.k.c4129ratnapark@test.com
"Asif Kumar Kami",Baneshwor,"asif.kami4130new road@demo.net"
"Sompal Bhopal Kami",Chabel,sompal.kami4131sundhara@mail.com
"Binod Dhoj Lamichane",Tripureshwor,binod.lamichane4132gaushala@random.org
"Binod Bhopal Rajbanshi",Ekantakuna,binod.rajbanshi4133jawalakhel@mail.com
"Binod Kumar Seikh",Ekantakuna,binod.seikh4134ekantakuna@example.com
"Asif Bhagat Paudel",Sundhara,asif.paudel4135ratnapark@mail.com
"Rohit Dhoj Bhurtel",Tinkune,rohit.bhurtel4136baneshwor@test.com
"Lalit Dev Kami",Tripureshwor,lalit.kami4137ekantakuna@demo.net
"Arif Kumar Seikh",Gaushala,arif.seikh4138ekantakuna@test.com
"Kushal Bahadur Paudel",Gaushala,kushal.paudel4139ratnapark@mail.com
"Sompal Krishna Seikh",Tinkune,sompal.seikh4140jawalakhel@example.com
"Karan Krishna Khadka","New Road","karan.khadka4141new road@mail.com"
"Sandeep Dev K.C",Baneshwor,sandeep.k.c4142tinkune@mail.com
"Lalit Lal Lamichane",Baneshwor,lalit.lamichane4143sundhara@random.org
"Asif Kumar Rajbanshi","New Road",asif.rajbanshi4144ratnapark@mail.com
"Sandeep Bahadur Kami",Ekantakuna,sandeep.kami4145tinkune@random.org
"Asif Dev Paudel",Gaushala,asif.paudel4146tripureshwor@random.org
"Paras Dhoj Bhurtel",Ratnapark,paras.bhurtel4147ekantakuna@mail.com
"Asif Bahadur Bhandari",Ekantakuna,asif.bhandari4148ekantakuna@random.org
"Kushal Krishna Malla",Gaushala,kushal.malla4149jawalakhel@demo.net
"Asif Gopal K.C",Ekantakuna,asif.k.c4150chabel@random.org
"Asif Kumar Khadka",Gaushala,asif.khadka4151jawalakhel@mail.com
"Rohit Bahadur Bhandari",Ratnapark,rohit.bhandari4152chabel@random.org
"Sompal Bir Khadka",Baneshwor,sompal.khadka4153jawalakhel@mail.com
"Paras Bahadur K.C",Gaushala,paras.k.c4154sundhara@random.org
"Sompal Dhoj Lamichane",Chabel,sompal.lamichane4155gaushala@example.com
"Rohit Bir Paudel",Tinkune,rohit.paudel4156chabel@test.com
"Lalit Bhagat Khadka",Ekantakuna,lalit.khadka4157ratnapark@demo.net
"Karan Krishna K.C",Tripureshwor,karan.k.c4158jawalakhel@demo.net
"Sompal Lal K.C",Tinkune,sompal.k.c4159tripureshwor@example.com
"Sompal Bir Bhandari",Tripureshwor,sompal.bhandari4160tinkune@example.com
"Rohit Dev Seikh","New Road",rohit.seikh4161sundhara@test.com
"Sandeep Bahadur Bhurtel",Tripureshwor,sandeep.bhurtel4162jawalakhel@test.com
"Paras Gopal Lamichane","New Road",paras.lamichane4163baneshwor@random.org
"Binod Lal Kami",Gaushala,binod.kami4164sundhara@mail.com
"Lalit Dhoj Khadka",Baneshwor,lalit.khadka4165jawalakhel@test.com
"Lalit Lal Rajbanshi",Jawalakhel,lalit.rajbanshi4166ratnapark@mail.com
"Binod Lal Bhandari",Ratnapark,binod.bhandari4167tinkune@example.com
"Sompal Dev Bhandari",Sundhara,sompal.bhandari4168gaushala@random.org
"Rohit Bahadur Khadka",Sundhara,"rohit.khadka4169new road@random.org"
"Rohit Dev Bhandari",Tinkune,rohit.bhandari4170ratnapark@mail.com
"Sandeep Bir Bhurtel",Jawalakhel,sandeep.bhurtel4171chabel@test.com
"Sompal Krishna Bhurtel",Gaushala,sompal.bhurtel4172ratnapark@example.com
"Paras Bir Kami",Jawalakhel,paras.kami4173tripureshwor@example.com
"Binod Bir Bhurtel",Tripureshwor,binod.bhurtel4174chabel@example.com
"Asif Lal Lamichane",Chabel,asif.lamichane4175jawalakhel@test.com
"Paras Kumar Lamichane",Ekantakuna,paras.lamichane4176ratnapark@test.com
"Rohit Gopal Bhandari","New Road",rohit.bhandari4177baneshwor@example.com
"Rohit Bahadur Bhurtel",Sundhara,rohit.bhurtel4178jawalakhel@example.com
"Sompal Lal Malla",Ekantakuna,sompal.malla4179baneshwor@random.org
"Asif Bahadur Rajbanshi","New Road",asif.rajbanshi4180chabel@mail.com
"Sompal Lal Paudel",Chabel,sompal.paudel4181tinkune@demo.net
"Sandeep Bahadur Bhandari",Ratnapark,sandeep.bhandari4182jawalakhel@demo.net
"Lalit Dev Seikh",Jawalakhel,lalit.seikh4183chabel@random.org
"Lalit Dev Malla",Jawalakhel,"lalit.malla4184new road@random.org"
"Binod Dev Kami",Ratnapark,binod.kami4185jawalakhel@random.org
"Lalit Kumar Bhurtel","New Road",lalit.bhurtel4186tripureshwor@mail.com
"Paras Bir Khadka",Ratnapark,paras.khadka4187ekantakuna@example.com
"Rohit Kumar Paudel","New Road",rohit.paudel4188tripureshwor@example.com
"Asif Bir Rajbanshi",Baneshwor,asif.rajbanshi4189ratnapark@random.org
"Rohit Bir Lamichane",Chabel,rohit.lamichane4190sundhara@random.org
"Binod Dhoj Malla",Sundhara,binod.malla4191tinkune@example.com
"Lalit Bir Paudel",Chabel,lalit.paudel4192baneshwor@random.org
"Karan Kumar Rajbanshi",Tinkune,karan.rajbanshi4193ratnapark@random.org
"Kushal Bhopal Bhurtel",Sundhara,kushal.bhurtel4194sundhara@mail.com
"Sompal Krishna Paudel",Sundhara,"sompal.paudel4195new road@mail.com"
"Binod Lal Rajbanshi",Baneshwor,binod.rajbanshi4196jawalakhel@test.com
"Sandeep Dev Bhurtel",Ekantakuna,sandeep.bhurtel4197chabel@test.com
"Sompal Kumar Bhandari",Tinkune,sompal.bhandari4198ekantakuna@mail.com
"Sandeep Lal Kami",Sundhara,sandeep.kami4199sundhara@example.com
"Karan Dev Paudel",Gaushala,karan.paudel4200chabel@mail.com
"Sandeep Krishna Seikh",Ratnapark,sandeep.seikh4201chabel@demo.net
"Lalit Dev Lamichane",Ratnapark,lalit.lamichane4202tinkune@mail.com
"Asif Bir Seikh",Chabel,asif.seikh4203tripureshwor@demo.net
"Sandeep Bahadur Khadka",Gaushala,sandeep.khadka4204jawalakhel@random.org
"Rohit Lal Khadka",Ratnapark,rohit.khadka4205jawalakhel@example.com
"Paras Bir Kami",Tinkune,paras.kami4206baneshwor@random.org
"Karan Lal Lamichane","New Road",karan.lamichane4207ekantakuna@mail.com
"Sompal Krishna Lamichane",Sundhara,sompal.lamichane4208jawalakhel@test.com
"Karan Gopal Malla",Tripureshwor,karan.malla4209tripureshwor@example.com
"Paras Bhopal Paudel",Baneshwor,paras.paudel4210tinkune@example.com
"Kushal Krishna Bhurtel",Chabel,kushal.bhurtel4211baneshwor@mail.com
"Sompal Bir Khadka",Ekantakuna,"sompal.khadka4212new road@example.com"
"Sompal Bhagat Khadka",Ekantakuna,sompal.khadka4213tripureshwor@demo.net
"Karan Bhopal Kami","New Road",karan.kami4214chabel@random.org
"Sompal Bhagat Rajbanshi",Tinkune,sompal.rajbanshi4215chabel@random.org
"Sompal Bahadur K.C",Gaushala,sompal.k.c4216jawalakhel@mail.com
"Sandeep Dhoj K.C",Chabel,sandeep.k.c4217gaushala@demo.net
"Karan Dev Malla",Gaushala,karan.malla4218gaushala@demo.net
"Rohit Lal Malla","New Road",rohit.malla4219sundhara@demo.net
"Paras Bhopal Kami",Chabel,paras.kami4220chabel@mail.com
"Kushal Bir Kami",Tripureshwor,kushal.kami4221ratnapark@example.com
"Sandeep Gopal Paudel",Chabel,sandeep.paudel4222baneshwor@demo.net
"Asif Gopal Bhandari",Tripureshwor,asif.bhandari4223jawalakhel@test.com
"Paras Lal Rajbanshi",Gaushala,paras.rajbanshi4224chabel@random.org
"Paras Lal Paudel",Chabel,paras.paudel4225gaushala@demo.net
"Arif Bahadur Bhurtel",Baneshwor,arif.bhurtel4226ekantakuna@test.com
"Sandeep Bahadur Malla",Jawalakhel,sandeep.malla4227baneshwor@example.com
"Lalit Dhoj Seikh",Ratnapark,lalit.seikh4228ratnapark@demo.net
"Sandeep Bhagat Khadka",Gaushala,sandeep.khadka4229tripureshwor@random.org
"Sandeep Lal Khadka",Gaushala,sandeep.khadka4230gaushala@random.org
"Sompal Bahadur Bhandari",Gaushala,sompal.bhandari4231gaushala@example.com
"Kushal Bir Malla",Gaushala,kushal.malla4232ratnapark@random.org
"Kushal Bir Khadka",Tripureshwor,kushal.khadka4233tripureshwor@example.com
"Rohit Dev Bhandari",Baneshwor,rohit.bhandari4234tripureshwor@test.com
"Binod Bhopal Bhurtel",Ekantakuna,binod.bhurtel4235ekantakuna@test.com
"Rohit Bhopal Khadka","New Road",rohit.khadka4236tinkune@random.org
"Lalit Kumar Bhurtel",Tinkune,lalit.bhurtel4237tinkune@random.org
"Sandeep Dev Lamichane",Ratnapark,sandeep.lamichane4238ekantakuna@mail.com
"Lalit Kumar Seikh",Sundhara,"lalit.seikh4239new road@demo.net"
"Binod Bhagat Rajbanshi",Chabel,binod.rajbanshi4240gaushala@test.com
"Karan Bhopal Khadka",Tinkune,karan.khadka4241baneshwor@test.com
"Kushal Dhoj Rajbanshi",Gaushala,kushal.rajbanshi4242ratnapark@random.org
"Arif Dhoj Malla",Chabel,arif.malla4243ratnapark@test.com
"Kushal Krishna Khadka",Ratnapark,kushal.khadka4244tinkune@random.org
"Lalit Kumar Kami",Ratnapark,"lalit.kami4245new road@random.org"
"Kushal Bhagat Bhurtel",Ratnapark,kushal.bhurtel4246ratnapark@demo.net
"Sompal Gopal Bhandari",Sundhara,"sompal.bhandari4247new road@random.org"
"Sompal Bir Kami",Tripureshwor,sompal.kami4248ekantakuna@random.org
"Binod Bhopal Paudel",Jawalakhel,binod.paudel4249ratnapark@example.com
"Karan Krishna Malla",Chabel,karan.malla4250sundhara@random.org
"Asif Krishna Malla",Baneshwor,asif.malla4251tripureshwor@demo.net
"Paras Bahadur K.C",Ekantakuna,paras.k.c4252sundhara@mail.com
"Karan Krishna Bhurtel",Tripureshwor,karan.bhurtel4253chabel@mail.com
"Paras Lal Bhurtel",Ekantakuna,paras.bhurtel4254baneshwor@example.com
"Paras Bhagat Khadka",Jawalakhel,paras.khadka4255ratnapark@mail.com
"Sompal Bhopal Seikh",Ekantakuna,sompal.seikh4256baneshwor@mail.com
"Binod Kumar Malla",Ekantakuna,binod.malla4257baneshwor@random.org
"Kushal Dev Kami",Ekantakuna,kushal.kami4258tinkune@example.com
"Binod Dhoj Khadka",Baneshwor,binod.khadka4259tinkune@mail.com
"Paras Lal Rajbanshi",Ekantakuna,paras.rajbanshi4260tripureshwor@random.org
"Rohit Lal Paudel",Sundhara,rohit.paudel4261tinkune@random.org
"Kushal Lal Khadka",Chabel,kushal.khadka4262baneshwor@random.org
"Binod Bhagat Seikh",Sundhara,binod.seikh4263ratnapark@demo.net
"Asif Bir Lamichane",Baneshwor,asif.lamichane4264ekantakuna@example.com
"Kushal Dev Khadka",Tripureshwor,"kushal.khadka4265new road@random.org"
"Binod Dhoj K.C",Gaushala,binod.k.c4266tinkune@mail.com
"Paras Dev Bhurtel",Ratnapark,paras.bhurtel4267tripureshwor@test.com
"Binod Gopal Malla","New Road",binod.malla4268jawalakhel@example.com
"Paras Bahadur K.C",Baneshwor,paras.k.c4269ekantakuna@test.com
"Asif Bahadur Kami",Jawalakhel,asif.kami4270gaushala@example.com
"Karan Krishna Lamichane",Tinkune,karan.lamichane4271gaushala@mail.com
"Rohit Dhoj Malla",Ratnapark,rohit.malla4272chabel@test.com
"Binod Bhopal Malla",Ratnapark,binod.malla4273sundhara@random.org
"Lalit Dhoj K.C","New Road",lalit.k.c4274sundhara@mail.com
"Kushal Krishna Kami",Ratnapark,kushal.kami4275ratnapark@example.com
"Karan Bahadur Bhurtel",Sundhara,karan.bhurtel4276ekantakuna@example.com
"Kushal Dev Bhurtel",Gaushala,kushal.bhurtel4277chabel@test.com
"Arif Kumar Malla","New Road",arif.malla4278ratnapark@test.com
"Sompal Dhoj Seikh",Ekantakuna,sompal.seikh4279baneshwor@mail.com
"Kushal Bahadur Kami",Chabel,kushal.kami4280jawalakhel@random.org
"Asif Bhopal Bhandari",Jawalakhel,asif.bhandari4281tripureshwor@mail.com
"Sompal Bir Bhurtel",Gaushala,sompal.bhurtel4282baneshwor@test.com
"Sompal Kumar Lamichane",Baneshwor,sompal.lamichane4283sundhara@mail.com
"Asif Dev K.C",Gaushala,asif.k.c4284jawalakhel@demo.net
"Paras Krishna Seikh",Ekantakuna,"paras.seikh4285new road@random.org"
"Arif Dev Malla",Jawalakhel,arif.malla4286chabel@test.com
"Kushal Dev Bhurtel",Sundhara,kushal.bhurtel4287jawalakhel@test.com
"Paras Gopal Paudel",Sundhara,paras.paudel4288tripureshwor@demo.net
"Sandeep Gopal Bhandari","New Road",sandeep.bhandari4289chabel@random.org
"Asif Dev Bhurtel",Baneshwor,asif.bhurtel4290sundhara@example.com
"Sandeep Krishna Seikh",Gaushala,sandeep.seikh4291tripureshwor@mail.com
"Binod Dhoj K.C",Ratnapark,binod.k.c4292tinkune@random.org
"Lalit Gopal Rajbanshi",Sundhara,lalit.rajbanshi4293sundhara@demo.net
"Kushal Bahadur Seikh",Baneshwor,kushal.seikh4294ratnapark@example.com
"Sandeep Bahadur Bhandari",Tinkune,sandeep.bhandari4295tripureshwor@test.com
"Rohit Dev Malla",Ratnapark,"rohit.malla4296new road@random.org"
"Karan Gopal Bhurtel",Sundhara,karan.bhurtel4297sundhara@test.com
"Asif Krishna Malla",Baneshwor,asif.malla4298chabel@example.com
"Asif Dev Malla",Tinkune,asif.malla4299baneshwor@mail.com
"Sompal Bhagat K.C","New Road",sompal.k.c4300tinkune@example.com
"Paras Bir Bhandari",Ratnapark,paras.bhandari4301ratnapark@example.com
"Paras Krishna Khadka","New Road","paras.khadka4302new road@random.org"
"Rohit Bhagat Lamichane",Sundhara,rohit.lamichane4303ratnapark@example.com
"Kushal Bhopal Bhurtel",Ekantakuna,kushal.bhurtel4304jawalakhel@example.com
"Lalit Bir Lamichane","New Road",lalit.lamichane4305sundhara@test.com
"Kushal Lal K.C",Baneshwor,kushal.k.c4306jawalakhel@example.com
"Rohit Lal Kami",Sundhara,rohit.kami4307jawalakhel@random.org
"Asif Kumar Paudel",Tripureshwor,asif.paudel4308ratnapark@random.org
"Binod Gopal Malla",Gaushala,binod.malla4309ekantakuna@random.org
"Arif Krishna Khadka","New Road",arif.khadka4310tinkune@demo.net
"Lalit Dev Kami",Tinkune,lalit.kami4311tinkune@mail.com
"Asif Bhopal Seikh",Sundhara,asif.seikh4312baneshwor@random.org
"Sompal Bhagat Kami","New Road",sompal.kami4313tinkune@mail.com
"Sandeep Bir Paudel",Chabel,sandeep.paudel4314jawalakhel@example.com
"Sompal Dhoj Seikh",Tripureshwor,sompal.seikh4315gaushala@example.com
"Sompal Kumar K.C",Chabel,sompal.k.c4316chabel@mail.com
"Binod Dev Lamichane","New Road",binod.lamichane4317tripureshwor@demo.net
"Karan Dhoj Paudel",Tripureshwor,karan.paudel4318gaushala@random.org
"Asif Bhagat K.C",Tinkune,asif.k.c4319tripureshwor@example.com
"Karan Gopal Bhurtel",Ekantakuna,karan.bhurtel4320ratnapark@demo.net
"Lalit Bhagat K.C",Ekantakuna,lalit.k.c4321tripureshwor@mail.com
"Paras Bhopal Bhandari","New Road",paras.bhandari4322chabel@test.com
"Binod Krishna Bhurtel",Gaushala,binod.bhurtel4323sundhara@demo.net
"Lalit Lal Khadka",Baneshwor,lalit.khadka4324ekantakuna@demo.net
"Rohit Bir Kami",Sundhara,rohit.kami4325gaushala@test.com
"Lalit Krishna Paudel",Tinkune,lalit.paudel4326sundhara@example.com
"Arif Lal K.C",Sundhara,arif.k.c4327tripureshwor@test.com
"Arif Bahadur Bhurtel",Ratnapark,arif.bhurtel4328ratnapark@demo.net
"Asif Dhoj Khadka",Baneshwor,asif.khadka4329ratnapark@test.com
"Rohit Gopal Lamichane",Ratnapark,rohit.lamichane4330ratnapark@demo.net
"Rohit Dhoj Lamichane",Baneshwor,rohit.lamichane4331baneshwor@test.com
"Lalit Dhoj K.C",Tinkune,lalit.k.c4332sundhara@mail.com
"Sompal Dev Seikh",Baneshwor,sompal.seikh4333chabel@random.org
"Kushal Dhoj Paudel",Baneshwor,kushal.paudel4334chabel@demo.net
"Arif Dev Lamichane","New Road",arif.lamichane4335baneshwor@random.org
"Lalit Bir Paudel",Ratnapark,lalit.paudel4336tripureshwor@random.org
"Binod Bhagat Bhandari",Ekantakuna,binod.bhandari4337tripureshwor@demo.net
"Kushal Dev Malla",Sundhara,kushal.malla4338gaushala@random.org
"Karan Bhagat Kami",Gaushala,karan.kami4339chabel@mail.com
"Binod Bahadur Rajbanshi",Gaushala,binod.rajbanshi4340sundhara@example.com
"Paras Bir K.C",Chabel,paras.k.c4341chabel@mail.com
"Arif Bir K.C",Chabel,arif.k.c4342tripureshwor@demo.net
"Binod Krishna Khadka",Ratnapark,binod.khadka4343sundhara@example.com
"Asif Bir Lamichane",Tripureshwor,asif.lamichane4344chabel@mail.com
"Kushal Dev Bhandari",Ekantakuna,kushal.bhandari4345tinkune@demo.net
"Sompal Bhopal Rajbanshi",Sundhara,sompal.rajbanshi4346tripureshwor@test.com
"Sandeep Krishna Lamichane",Ekantakuna,sandeep.lamichane4347chabel@test.com
"Binod Bhopal Malla",Baneshwor,binod.malla4348baneshwor@example.com
"Rohit Krishna Seikh",Ratnapark,rohit.seikh4349jawalakhel@mail.com
"Paras Dhoj K.C",Gaushala,paras.k.c4350baneshwor@demo.net
"Sompal Kumar Seikh",Chabel,sompal.seikh4351ekantakuna@demo.net
"Arif Kumar Bhandari",Sundhara,arif.bhandari4352ekantakuna@mail.com
"Asif Dhoj Seikh",Sundhara,asif.seikh4353baneshwor@demo.net
"Arif Krishna Rajbanshi",Ekantakuna,arif.rajbanshi4354baneshwor@example.com
"Paras Krishna Paudel",Chabel,"paras.paudel4355new road@random.org"
"Paras Bhagat Bhurtel",Baneshwor,paras.bhurtel4356tinkune@demo.net
"Sandeep Bhagat Seikh",Baneshwor,"sandeep.seikh4357new road@example.com"
"Rohit Bahadur Lamichane",Ratnapark,"rohit.lamichane4358new road@test.com"
"Sompal Bir Kami",Baneshwor,sompal.kami4359gaushala@random.org
"Arif Bir Rajbanshi",Gaushala,arif.rajbanshi4360gaushala@mail.com
"Kushal Bahadur K.C",Gaushala,kushal.k.c4361sundhara@mail.com
"Karan Bahadur Bhandari",Ekantakuna,karan.bhandari4362tinkune@demo.net
"Lalit Bir Khadka",Gaushala,lalit.khadka4363sundhara@demo.net
"Karan Dev K.C",Baneshwor,karan.k.c4364gaushala@mail.com
"Arif Bir Lamichane",Jawalakhel,arif.lamichane4365gaushala@demo.net
"Paras Bir Rajbanshi",Sundhara,paras.rajbanshi4366chabel@test.com
"Kushal Bhopal Bhandari",Gaushala,kushal.bhandari4367ekantakuna@example.com
"Karan Bhopal Rajbanshi",Chabel,karan.rajbanshi4368ekantakuna@random.org
"Rohit Dhoj Bhurtel",Gaushala,rohit.bhurtel4369chabel@mail.com
"Asif Gopal Seikh",Gaushala,asif.seikh4370jawalakhel@test.com
"Asif Gopal Rajbanshi",Gaushala,asif.rajbanshi4371baneshwor@example.com
"Kushal Bhagat Malla",Ratnapark,kushal.malla4372tinkune@test.com
"Rohit Lal Rajbanshi","New Road","rohit.rajbanshi4373new road@example.com"
"Kushal Bhagat Bhandari",Ratnapark,kushal.bhandari4374chabel@example.com
"Lalit Bir Rajbanshi",Tripureshwor,lalit.rajbanshi4375gaushala@test.com
"Sompal Gopal Rajbanshi",Ratnapark,sompal.rajbanshi4376chabel@random.org
"Arif Bhagat Lamichane",Tripureshwor,arif.lamichane4377ekantakuna@random.org
"Arif Lal Kami",Tripureshwor,arif.kami4378sundhara@test.com
"Rohit Bhagat Kami",Tinkune,"rohit.kami4379new road@example.com"
"Binod Bahadur Khadka",Tinkune,binod.khadka4380ekantakuna@random.org
"Kushal Bhopal Bhurtel",Chabel,kushal.bhurtel4381jawalakhel@mail.com
"Binod Dhoj Paudel",Tripureshwor,binod.paudel4382jawalakhel@example.com
"Lalit Dev Bhurtel",Jawalakhel,lalit.bhurtel4383tripureshwor@random.org
"Karan Dhoj Khadka",Baneshwor,karan.khadka4384chabel@mail.com
"Kushal Lal Malla",Ekantakuna,kushal.malla4385tripureshwor@test.com
"Karan Gopal Khadka",Chabel,karan.khadka4386ekantakuna@example.com
"Asif Bir Kami",Chabel,asif.kami4387tinkune@mail.com
"Sompal Krishna Bhandari",Tripureshwor,sompal.bhandari4388baneshwor@random.org
"Kushal Lal Malla",Sundhara,kushal.malla4389gaushala@test.com
"Karan Lal Paudel",Jawalakhel,karan.paudel4390tripureshwor@mail.com
"Lalit Kumar Paudel",Baneshwor,lalit.paudel4391ratnapark@random.org
"Rohit Bhagat Malla",Jawalakhel,rohit.malla4392gaushala@random.org
"Sompal Bhagat Lamichane","New Road",sompal.lamichane4393jawalakhel@example.com
"Lalit Bahadur Rajbanshi",Tripureshwor,lalit.rajbanshi4394jawalakhel@demo.net
"Asif Bhopal Paudel",Jawalakhel,asif.paudel4395baneshwor@demo.net
"Kushal Dhoj Khadka",Tripureshwor,"kushal.khadka4396new road@example.com"
"Sompal Dev Seikh","New Road",sompal.seikh4397tripureshwor@random.org
"Asif Dev Bhandari",Ratnapark,"asif.bhandari4398new road@random.org"
"Lalit Dev Rajbanshi",Tinkune,lalit.rajbanshi4399ratnapark@test.com
"Arif Dhoj Seikh",Sundhara,"arif.seikh4400new road@mail.com"
"Kushal Lal Seikh","New Road",kushal.seikh4401jawalakhel@mail.com
"Arif Lal Lamichane",Ratnapark,arif.lamichane4402ekantakuna@mail.com
"Arif Lal Rajbanshi",Jawalakhel,"arif.rajbanshi4403new road@random.org"
"Sompal Dev Kami",Sundhara,sompal.kami4404baneshwor@example.com
"Lalit Lal Bhandari",Ratnapark,lalit.bhandari4405baneshwor@example.com
"Asif Bhopal Seikh",Baneshwor,"asif.seikh4406new road@demo.net"
"Karan Bir Khadka",Baneshwor,karan.khadka4407chabel@test.com
"Sandeep Bhagat Lamichane",Jawalakhel,sandeep.lamichane4408sundhara@mail.com
"Binod Dev Seikh",Gaushala,binod.seikh4409baneshwor@test.com
"Sompal Dhoj Paudel","New Road",sompal.paudel4410tripureshwor@demo.net
"Lalit Bhopal Bhurtel",Baneshwor,lalit.bhurtel4411gaushala@demo.net
"Karan Kumar Seikh",Gaushala,karan.seikh4412jawalakhel@random.org
"Karan Bhagat Paudel",Baneshwor,karan.paudel4413gaushala@demo.net
"Asif Gopal Paudel",Tinkune,asif.paudel4414tinkune@demo.net
"Kushal Bhopal Bhandari",Gaushala,"kushal.bhandari4415new road@mail.com"
"Sandeep Bhagat Lamichane",Sundhara,sandeep.lamichane4416sundhara@example.com
"Karan Dev K.C",Chabel,karan.k.c4417sundhara@random.org
"Binod Gopal Malla",Tinkune,binod.malla4418gaushala@demo.net
"Lalit Kumar Lamichane",Gaushala,lalit.lamichane4419sundhara@test.com
"Asif Bahadur Kami",Ekantakuna,asif.kami4420chabel@test.com
"Kushal Lal Seikh",Jawalakhel,"kushal.seikh4421new road@test.com"
"Asif Kumar Seikh",Baneshwor,asif.seikh4422ratnapark@mail.com
"Kushal Bhopal Seikh",Tinkune,kushal.seikh4423ratnapark@test.com
"Asif Bir Paudel",Tinkune,asif.paudel4424ratnapark@mail.com
"Binod Gopal K.C","New Road",binod.k.c4425tripureshwor@example.com
"Lalit Kumar Khadka",Gaushala,lalit.khadka4426ekantakuna@mail.com
"Sandeep Gopal Malla",Tripureshwor,sandeep.malla4427tripureshwor@demo.net
"Lalit Dhoj Bhurtel",Gaushala,lalit.bhurtel4428tripureshwor@example.com
"Arif Bahadur Seikh",Ratnapark,arif.seikh4429jawalakhel@random.org
"Sandeep Kumar Paudel",Sundhara,sandeep.paudel4430chabel@random.org
"Lalit Dhoj Rajbanshi",Jawalakhel,"lalit.rajbanshi4431new road@example.com"
"Arif Lal Lamichane",Tripureshwor,arif.lamichane4432sundhara@random.org
"Karan Bhopal Bhurtel",Tripureshwor,karan.bhurtel4433ekantakuna@demo.net
"Sandeep Bhopal Paudel",Chabel,sandeep.paudel4434baneshwor@demo.net
"Karan Bhagat Khadka",Ratnapark,karan.khadka4435tinkune@test.com
"Sompal Krishna Malla",Jawalakhel,sompal.malla4436tinkune@mail.com
"Paras Gopal Paudel",Tinkune,paras.paudel4437ratnapark@test.com
"Binod Lal K.C",Tripureshwor,binod.k.c4438ratnapark@demo.net
"Kushal Gopal Seikh","New Road",kushal.seikh4439tinkune@random.org
"Karan Gopal K.C",Tinkune,karan.k.c4440sundhara@mail.com
"Sandeep Bhopal Paudel","New Road",sandeep.paudel4441jawalakhel@demo.net
"Sompal Bhopal Bhurtel",Sundhara,sompal.bhurtel4442baneshwor@random.org
"Binod Dev K.C",Jawalakhel,binod.k.c4443tripureshwor@demo.net
"Lalit Lal Rajbanshi",Baneshwor,lalit.rajbanshi4444tripureshwor@test.com
"Binod Dhoj Rajbanshi",Tinkune,binod.rajbanshi4445gaushala@demo.net
"Asif Dev K.C",Tinkune,asif.k.c4446baneshwor@random.org
"Sompal Dev Bhandari",Sundhara,sompal.bhandari4447tripureshwor@test.com
"Binod Dev Paudel",Ekantakuna,binod.paudel4448tinkune@random.org
"Arif Bir Kami","New Road",arif.kami4449ratnapark@example.com
"Karan Bhopal Malla","New Road",karan.malla4450ekantakuna@random.org
"Lalit Krishna Rajbanshi",Tinkune,lalit.rajbanshi4451ratnapark@example.com
"Paras Bir Malla",Gaushala,paras.malla4452baneshwor@example.com
"Binod Krishna Kami",Gaushala,binod.kami4453chabel@mail.com
"Rohit Krishna Paudel",Jawalakhel,rohit.paudel4454ekantakuna@demo.net
"Sandeep Gopal Seikh",Gaushala,sandeep.seikh4455ekantakuna@example.com
"Kushal Dev Paudel",Baneshwor,kushal.paudel4456tripureshwor@mail.com
"Lalit Krishna Seikh",Tinkune,lalit.seikh4457ratnapark@random.org
"Karan Lal Malla",Sundhara,karan.malla4458gaushala@random.org
"Sandeep Gopal K.C",Baneshwor,sandeep.k.c4459gaushala@mail.com
"Arif Bhopal Seikh",Chabel,arif.seikh4460ekantakuna@demo.net
"Lalit Bhagat Rajbanshi",Tripureshwor,lalit.rajbanshi4461tripureshwor@mail.com
"Kushal Gopal Rajbanshi",Chabel,kushal.rajbanshi4462gaushala@mail.com
"Karan Dev Lamichane",Baneshwor,karan.lamichane4463sundhara@mail.com
"Sandeep Gopal Paudel","New Road",sandeep.paudel4464tripureshwor@mail.com
"Paras Krishna K.C",Baneshwor,"paras.k.c4465new road@test.com"
"Binod Bir Bhandari",Ekantakuna,binod.bhandari4466tinkune@demo.net
"Sandeep Bhopal Khadka",Gaushala,sandeep.khadka4467sundhara@mail.com
"Karan Gopal Bhandari",Tripureshwor,karan.bhandari4468baneshwor@demo.net
"Lalit Krishna Khadka",Jawalakhel,lalit.khadka4469tripureshwor@random.org
"Lalit Gopal Bhurtel",Sundhara,"lalit.bhurtel4470new road@example.com"
"Sompal Bir Paudel",Chabel,sompal.paudel4471tripureshwor@example.com
"Arif Kumar Bhandari",Ratnapark,arif.bhandari4472sundhara@test.com
"Kushal Krishna Khadka",Tinkune,kushal.khadka4473tripureshwor@mail.com
"Lalit Bhopal Kami",Ekantakuna,lalit.kami4474ratnapark@random.org
"Asif Kumar Bhandari",Chabel,asif.bhandari4475ratnapark@test.com
"Arif Krishna Khadka",Ratnapark,arif.khadka4476baneshwor@example.com
"Arif Dhoj Malla",Gaushala,arif.malla4477gaushala@random.org
"Lalit Lal Seikh",Baneshwor,lalit.seikh4478jawalakhel@mail.com
"Asif Dev Seikh",Baneshwor,asif.seikh4479jawalakhel@test.com
"Paras Bhagat Bhurtel",Ratnapark,paras.bhurtel4480ekantakuna@random.org
"Karan Bhagat Lamichane",Tinkune,karan.lamichane4481chabel@random.org
"Kushal Dhoj Seikh",Jawalakhel,kushal.seikh4482jawalakhel@mail.com
"Binod Dev Seikh",Tripureshwor,binod.seikh4483ekantakuna@demo.net
"Sandeep Kumar Seikh",Jawalakhel,sandeep.seikh4484gaushala@test.com
"Sandeep Lal Bhandari",Jawalakhel,sandeep.bhandari4485jawalakhel@demo.net
"Sompal Gopal Malla",Sundhara,sompal.malla4486tinkune@mail.com
"Arif Bahadur K.C",Baneshwor,"arif.k.c4487new road@test.com"
"Paras Bahadur Bhurtel",Tinkune,paras.bhurtel4488ekantakuna@mail.com
"Karan Dev Malla","New Road",karan.malla4489tripureshwor@demo.net
"Kushal Dev Bhurtel",Jawalakhel,kushal.bhurtel4490baneshwor@test.com
"Binod Bir Seikh","New Road",binod.seikh4491baneshwor@random.org
"Paras Lal Khadka",Sundhara,paras.khadka4492tinkune@demo.net
"Sompal Bhopal Rajbanshi",Gaushala,"sompal.rajbanshi4493new road@example.com"
"Sandeep Dev Malla",Gaushala,sandeep.malla4494gaushala@mail.com
"Karan Lal K.C",Sundhara,karan.k.c4495ratnapark@test.com
"Paras Kumar Paudel",Tinkune,paras.paudel4496jawalakhel@mail.com
"Karan Bir K.C",Tinkune,karan.k.c4497sundhara@example.com
"Karan Bhopal Khadka",Ratnapark,karan.khadka4498gaushala@demo.net
"Asif Bir Khadka",Sundhara,asif.khadka4499tripureshwor@test.com
"Paras Dev Bhurtel",Tinkune,paras.bhurtel4500ratnapark@test.com
"Paras Lal K.C",Tripureshwor,paras.k.c4501tinkune@demo.net
"Sompal Kumar Bhandari",Baneshwor,sompal.bhandari4502gaushala@example.com
"Kushal Bhagat Khadka",Tinkune,kushal.khadka4503chabel@example.com
"Sompal Bhopal Seikh",Gaushala,sompal.seikh4504gaushala@test.com
"Sandeep Krishna Malla",Tinkune,sandeep.malla4505gaushala@example.com
"Karan Bir Rajbanshi",Gaushala,karan.rajbanshi4506baneshwor@example.com
"Rohit Lal Rajbanshi","New Road",rohit.rajbanshi4507tripureshwor@example.com
"Binod Bhopal Khadka",Ekantakuna,binod.khadka4508chabel@example.com
"Lalit Bir Rajbanshi",Tinkune,lalit.rajbanshi4509sundhara@test.com
"Sandeep Dhoj Bhandari",Ratnapark,sandeep.bhandari4510baneshwor@example.com
"Rohit Bahadur Lamichane",Chabel,rohit.lamichane4511ratnapark@mail.com
"Karan Bhopal Khadka","New Road",karan.khadka4512jawalakhel@test.com
"Binod Krishna Bhurtel",Baneshwor,binod.bhurtel4513chabel@mail.com
"Binod Dev Rajbanshi",Ekantakuna,binod.rajbanshi4514sundhara@random.org
"Kushal Bhagat Seikh",Ratnapark,kushal.seikh4515ratnapark@test.com
"Kushal Dhoj K.C",Tripureshwor,kushal.k.c4516tinkune@test.com
"Binod Lal Malla",Sundhara,binod.malla4517ratnapark@random.org
"Sompal Bhopal Lamichane","New Road",sompal.lamichane4518tripureshwor@random.org
"Rohit Bir Bhurtel",Ratnapark,rohit.bhurtel4519ratnapark@random.org
"Binod Lal Bhandari",Ratnapark,binod.bhandari4520tripureshwor@random.org
"Rohit Bhagat Bhandari",Baneshwor,rohit.bhandari4521baneshwor@random.org
"Asif Krishna Malla",Tripureshwor,asif.malla4522tripureshwor@test.com
"Kushal Kumar Malla","New Road",kushal.malla4523sundhara@test.com
"Sompal Lal Bhurtel",Ekantakuna,sompal.bhurtel4524tinkune@demo.net
"Karan Dev Bhandari",Gaushala,karan.bhandari4525gaushala@example.com
"Asif Kumar Bhurtel",Ekantakuna,asif.bhurtel4526sundhara@random.org
"Sandeep Krishna Malla",Tinkune,sandeep.malla4527baneshwor@demo.net
"Arif Bhagat Bhurtel",Ekantakuna,arif.bhurtel4528baneshwor@mail.com
"Sandeep Kumar Lamichane",Jawalakhel,sandeep.lamichane4529ratnapark@random.org
"Sompal Bahadur Rajbanshi",Jawalakhel,sompal.rajbanshi4530tripureshwor@test.com
"Binod Bir Khadka",Ratnapark,binod.khadka4531baneshwor@mail.com
"Binod Bahadur Malla",Gaushala,binod.malla4532jawalakhel@demo.net
"Karan Dhoj Lamichane",Jawalakhel,karan.lamichane4533ratnapark@demo.net
"Paras Kumar Bhurtel",Jawalakhel,paras.bhurtel4534ekantakuna@test.com
"Sompal Lal K.C",Tinkune,sompal.k.c4535jawalakhel@random.org
"Paras Lal Bhurtel",Sundhara,paras.bhurtel4536baneshwor@mail.com
"Rohit Dhoj Paudel",Gaushala,rohit.paudel4537chabel@demo.net
"Arif Bhopal Bhandari",Tripureshwor,arif.bhandari4538tinkune@example.com
"Paras Krishna Bhurtel",Chabel,paras.bhurtel4539ekantakuna@test.com
"Paras Bhagat Bhandari",Gaushala,paras.bhandari4540tinkune@random.org
"Arif Bir Bhandari",Ekantakuna,arif.bhandari4541sundhara@random.org
"Sandeep Dhoj Rajbanshi","New Road",sandeep.rajbanshi4542jawalakhel@mail.com
"Paras Dev K.C",Tripureshwor,"paras.k.c4543new road@example.com"
"Kushal Kumar Bhandari",Sundhara,kushal.bhandari4544gaushala@random.org
"Asif Bhopal Khadka",Baneshwor,asif.khadka4545ekantakuna@demo.net
"Binod Bhopal Seikh",Jawalakhel,binod.seikh4546tinkune@example.com
"Asif Lal Lamichane",Chabel,asif.lamichane4547tinkune@random.org
"Rohit Bhagat K.C",Chabel,rohit.k.c4548tripureshwor@test.com
"Sompal Bir Malla",Chabel,sompal.malla4549ekantakuna@test.com
"Paras Gopal Paudel",Ekantakuna,paras.paudel4550chabel@test.com
"Karan Bir Rajbanshi",Gaushala,karan.rajbanshi4551ratnapark@example.com
"Karan Bir Bhurtel",Chabel,karan.bhurtel4552sundhara@demo.net
"Paras Bahadur Seikh",Ekantakuna,paras.seikh4553ratnapark@test.com
"Paras Kumar Bhandari",Chabel,paras.bhandari4554gaushala@example.com
"Arif Dhoj Bhurtel",Chabel,arif.bhurtel4555chabel@test.com
"Lalit Krishna Khadka",Ratnapark,lalit.khadka4556ratnapark@example.com
"Paras Dhoj Kami",Tinkune,"paras.kami4557new road@example.com"
"Arif Bhagat Paudel","New Road",arif.paudel4558gaushala@mail.com
"Asif Dev Rajbanshi",Ekantakuna,asif.rajbanshi4559ratnapark@random.org
"Karan Dhoj Malla",Tripureshwor,karan.malla4560tinkune@random.org
"Binod Dev Bhurtel",Baneshwor,binod.bhurtel4561gaushala@example.com
"Arif Dhoj Rajbanshi",Sundhara,"arif.rajbanshi4562new road@demo.net"
"Sompal Bahadur Khadka",Tripureshwor,sompal.khadka4563gaushala@test.com
"Sandeep Bahadur Bhurtel",Chabel,sandeep.bhurtel4564tinkune@test.com
"Binod Bir Lamichane",Baneshwor,binod.lamichane4565chabel@random.org
"Paras Kumar K.C","New Road",paras.k.c4566baneshwor@example.com
"Binod Dhoj Khadka",Tripureshwor,binod.khadka4567gaushala@demo.net
"Asif Gopal Paudel",Tinkune,asif.paudel4568ratnapark@mail.com
"Binod Lal Bhurtel",Ratnapark,binod.bhurtel4569tinkune@demo.net
"Karan Lal Malla","New Road",karan.malla4570baneshwor@test.com
"Asif Kumar Paudel",Gaushala,asif.paudel4571baneshwor@mail.com
"Binod Lal Seikh",Tripureshwor,binod.seikh4572tripureshwor@random.org
"Asif Bhagat Kami",Gaushala,asif.kami4573ekantakuna@demo.net
"Sandeep Bhagat Khadka",Ratnapark,sandeep.khadka4574sundhara@example.com
"Arif Dhoj Kami",Chabel,arif.kami4575ratnapark@example.com
"Sompal Bir Bhandari",Tripureshwor,sompal.bhandari4576ratnapark@random.org
"Paras Krishna Khadka",Gaushala,paras.khadka4577ratnapark@demo.net
"Arif Bhagat Kami",Ekantakuna,arif.kami4578gaushala@mail.com
"Asif Krishna Bhandari",Ekantakuna,asif.bhandari4579jawalakhel@demo.net
"Sandeep Bahadur Seikh","New Road",sandeep.seikh4580tinkune@mail.com
"Asif Krishna Lamichane",Sundhara,asif.lamichane4581tinkune@random.org
"Kushal Bir K.C",Chabel,kushal.k.c4582sundhara@demo.net
"Sandeep Bhopal Malla",Ekantakuna,sandeep.malla4583chabel@example.com
"Binod Krishna Malla",Tripureshwor,binod.malla4584baneshwor@demo.net
"Lalit Bir Bhandari",Ratnapark,lalit.bhandari4585jawalakhel@mail.com
"Kushal Dev Paudel",Tripureshwor,kushal.paudel4586ratnapark@example.com
"Arif Bhopal Paudel",Jawalakhel,arif.paudel4587ratnapark@demo.net
"Sompal Kumar Malla",Gaushala,sompal.malla4588ratnapark@mail.com
"Paras Kumar Khadka",Tripureshwor,paras.khadka4589ekantakuna@demo.net
"Rohit Gopal Lamichane",Ekantakuna,rohit.lamichane4590sundhara@random.org
"Binod Lal Paudel",Sundhara,binod.paudel4591gaushala@example.com
"Lalit Dev Bhandari",Tripureshwor,"lalit.bhandari4592new road@demo.net"
"Lalit Dev Seikh","New Road","lalit.seikh4593new road@test.com"
"Arif Bhagat Rajbanshi",Ekantakuna,arif.rajbanshi4594ekantakuna@mail.com
"Karan Bahadur Lamichane",Tripureshwor,karan.lamichane4595tripureshwor@example.com
"Sandeep Dhoj Lamichane",Tinkune,sandeep.lamichane4596baneshwor@example.com
"Karan Krishna Kami",Ekantakuna,karan.kami4597chabel@demo.net
"Paras Lal Bhandari",Tinkune,paras.bhandari4598tinkune@example.com
"Binod Bhopal Seikh",Chabel,binod.seikh4599ekantakuna@demo.net
"Binod Kumar Rajbanshi",Ratnapark,binod.rajbanshi4600baneshwor@random.org
"Paras Lal Lamichane",Tinkune,paras.lamichane4601sundhara@mail.com
"Paras Bhagat Rajbanshi",Gaushala,paras.rajbanshi4602sundhara@mail.com
"Sandeep Kumar Malla",Ekantakuna,sandeep.malla4603tripureshwor@random.org
"Binod Gopal K.C",Tripureshwor,binod.k.c4604baneshwor@test.com
"Kushal Lal Khadka",Chabel,kushal.khadka4605ratnapark@test.com
"Binod Dev Paudel",Tinkune,binod.paudel4606tinkune@mail.com
"Binod Bahadur K.C",Baneshwor,binod.k.c4607jawalakhel@demo.net
"Sompal Bahadur Malla",Ekantakuna,sompal.malla4608baneshwor@random.org
"Kushal Krishna Malla","New Road",kushal.malla4609chabel@demo.net
"Kushal Bhopal Khadka",Tripureshwor,kushal.khadka4610chabel@example.com
"Rohit Bir K.C",Baneshwor,rohit.k.c4611jawalakhel@mail.com
"Arif Dhoj Bhurtel",Tinkune,arif.bhurtel4612chabel@random.org
"Karan Krishna Khadka",Chabel,karan.khadka4613gaushala@mail.com
"Sandeep Bhopal Seikh",Chabel,sandeep.seikh4614jawalakhel@random.org
"Rohit Bhopal Bhurtel",Ekantakuna,rohit.bhurtel4615tripureshwor@random.org
"Sandeep Dhoj Rajbanshi",Tinkune,sandeep.rajbanshi4616baneshwor@example.com
"Karan Bhagat Bhandari",Tripureshwor,"karan.bhandari4617new road@random.org"
"Binod Dhoj Khadka",Tripureshwor,binod.khadka4618sundhara@demo.net
"Kushal Lal Paudel","New Road",kushal.paudel4619tripureshwor@demo.net
"Karan Bir Lamichane",Ekantakuna,karan.lamichane4620gaushala@random.org
"Arif Gopal Bhurtel",Gaushala,arif.bhurtel4621ratnapark@test.com
"Paras Bir Paudel",Tripureshwor,paras.paudel4622tripureshwor@mail.com
"Rohit Kumar Bhurtel","New Road",rohit.bhurtel4623tripureshwor@random.org
"Sandeep Bhopal K.C",Tinkune,sandeep.k.c4624tripureshwor@example.com
"Binod Bahadur Bhandari","New Road",binod.bhandari4625gaushala@demo.net
"Lalit Krishna Malla",Chabel,lalit.malla4626tripureshwor@example.com
"Sompal Lal Bhurtel",Jawalakhel,sompal.bhurtel4627sundhara@mail.com
"Sandeep Dev Bhandari",Sundhara,sandeep.bhandari4628tinkune@test.com
"Sompal Gopal Bhurtel",Chabel,sompal.bhurtel4629sundhara@mail.com
"Asif Bhagat K.C",Ratnapark,asif.k.c4630tripureshwor@demo.net
"Sandeep Gopal Khadka",Ekantakuna,sandeep.khadka4631ekantakuna@test.com
"Rohit Lal Bhurtel",Baneshwor,rohit.bhurtel4632ekantakuna@test.com
"Paras Lal Malla",Gaushala,paras.malla4633ratnapark@example.com
"Paras Bir Seikh","New Road",paras.seikh4634jawalakhel@test.com
"Asif Dev K.C",Ratnapark,asif.k.c4635baneshwor@test.com
"Arif Bhagat Lamichane",Tinkune,arif.lamichane4636ratnapark@demo.net
"Paras Bahadur Malla",Sundhara,paras.malla4637jawalakhel@mail.com
"Rohit Lal Rajbanshi",Baneshwor,rohit.rajbanshi4638ekantakuna@demo.net
"Karan Bhagat Khadka",Jawalakhel,karan.khadka4639tinkune@test.com
"Asif Dhoj Bhurtel",Ekantakuna,asif.bhurtel4640jawalakhel@test.com
"Rohit Bir Paudel","New Road",rohit.paudel4641jawalakhel@demo.net
"Asif Bahadur Paudel",Chabel,asif.paudel4642jawalakhel@mail.com
"Asif Dev Bhurtel",Ekantakuna,asif.bhurtel4643jawalakhel@mail.com
"Kushal Bhagat Bhandari",Gaushala,kushal.bhandari4644tinkune@test.com
"Karan Gopal K.C",Tripureshwor,"karan.k.c4645new road@mail.com"
"Lalit Gopal Malla",Tinkune,"lalit.malla4646new road@random.org"
"Karan Krishna Kami",Ratnapark,karan.kami4647ekantakuna@demo.net
"Paras Kumar K.C",Baneshwor,paras.k.c4648ratnapark@mail.com
"Arif Lal Rajbanshi",Ratnapark,"arif.rajbanshi4649new road@mail.com"
"Arif Dhoj Malla","New Road",arif.malla4650ratnapark@mail.com
"Lalit Bir Seikh",Gaushala,lalit.seikh4651tripureshwor@random.org
"Lalit Lal Paudel",Jawalakhel,lalit.paudel4652ekantakuna@example.com
"Kushal Kumar K.C",Sundhara,kushal.k.c4653sundhara@mail.com
"Binod Bahadur Kami",Sundhara,binod.kami4654gaushala@example.com
"Karan Krishna Bhandari",Ekantakuna,karan.bhandari4655tinkune@test.com
"Rohit Dev Malla",Ratnapark,rohit.malla4656baneshwor@mail.com
"Sompal Kumar Kami",Baneshwor,sompal.kami4657baneshwor@random.org
"Kushal Bhagat K.C",Tinkune,kushal.k.c4658gaushala@demo.net
"Arif Bir Seikh",Tinkune,arif.seikh4659baneshwor@random.org
"Rohit Bhagat Khadka",Baneshwor,rohit.khadka4660sundhara@example.com
"Sompal Dhoj Lamichane",Sundhara,sompal.lamichane4661tripureshwor@demo.net
"Paras Dev Malla",Chabel,paras.malla4662baneshwor@random.org
"Binod Bir Rajbanshi",Gaushala,binod.rajbanshi4663ekantakuna@mail.com
"Karan Lal Paudel",Jawalakhel,"karan.paudel4664new road@demo.net"
"Paras Kumar Khadka",Baneshwor,paras.khadka4665baneshwor@random.org
"Sompal Bhopal K.C",Baneshwor,sompal.k.c4666jawalakhel@test.com
"Rohit Dhoj Rajbanshi",Tinkune,rohit.rajbanshi4667gaushala@mail.com
"Rohit Kumar Lamichane",Ekantakuna,rohit.lamichane4668ekantakuna@example.com
"Asif Bhopal Bhandari",Baneshwor,asif.bhandari4669jawalakhel@test.com
"Rohit Lal Kami",Baneshwor,rohit.kami4670tinkune@demo.net
"Lalit Gopal Paudel",Sundhara,lalit.paudel4671gaushala@example.com
"Paras Dhoj Seikh",Jawalakhel,paras.seikh4672gaushala@example.com
"Lalit Bhagat K.C",Chabel,lalit.k.c4673chabel@random.org
"Karan Gopal Kami",Ekantakuna,karan.kami4674ekantakuna@random.org
"Paras Kumar K.C",Tripureshwor,paras.k.c4675baneshwor@test.com
"Kushal Krishna Lamichane",Ekantakuna,kushal.lamichane4676ekantakuna@mail.com
"Lalit Bir Paudel",Baneshwor,lalit.paudel4677ekantakuna@example.com
"Rohit Kumar Malla",Ratnapark,rohit.malla4678tripureshwor@random.org
"Kushal Dev Lamichane",Sundhara,kushal.lamichane4679baneshwor@mail.com
"Binod Bhagat Bhandari",Tinkune,binod.bhandari4680tripureshwor@test.com
"Asif Krishna Khadka",Baneshwor,asif.khadka4681ratnapark@example.com
"Sompal Bhagat Malla",Tinkune,sompal.malla4682gaushala@mail.com
"Asif Bhagat Bhandari",Baneshwor,asif.bhandari4683ekantakuna@mail.com
"Paras Bhagat K.C",Ratnapark,paras.k.c4684tinkune@random.org
"Asif Bhagat Bhandari",Tinkune,"asif.bhandari4685new road@demo.net"
"Kushal Bir Bhandari",Ekantakuna,kushal.bhandari4686baneshwor@mail.com
"Rohit Bir Bhandari",Baneshwor,rohit.bhandari4687sundhara@example.com
"Arif Bhagat Khadka","New Road",arif.khadka4688sundhara@test.com
"Rohit Dev Bhandari",Tripureshwor,rohit.bhandari4689chabel@test.com
"Sandeep Dhoj Seikh","New Road",sandeep.seikh4690ekantakuna@random.org
"Arif Bir Khadka",Ratnapark,arif.khadka4691sundhara@example.com
"Lalit Dhoj Malla",Chabel,lalit.malla4692tripureshwor@mail.com
"Asif Bhagat Rajbanshi",Sundhara,asif.rajbanshi4693sundhara@random.org
"Kushal Bhagat Kami",Chabel,kushal.kami4694tripureshwor@example.com
"Karan Lal K.C",Gaushala,karan.k.c4695gaushala@test.com
"Sandeep Bhagat Rajbanshi",Baneshwor,sandeep.rajbanshi4696tripureshwor@random.org
"Rohit Gopal Rajbanshi",Baneshwor,rohit.rajbanshi4697sundhara@example.com
"Asif Dhoj Lamichane",Sundhara,asif.lamichane4698sundhara@test.com
"Paras Dev Khadka",Jawalakhel,paras.khadka4699tripureshwor@example.com
"Binod Bhopal Bhandari",Baneshwor,binod.bhandari4700ratnapark@mail.com
"Sompal Bhopal Seikh",Ratnapark,sompal.seikh4701ratnapark@random.org
"Karan Bir Kami",Tripureshwor,karan.kami4702jawalakhel@test.com
"Kushal Gopal Seikh",Baneshwor,kushal.seikh4703jawalakhel@mail.com
"Karan Bir Bhurtel",Sundhara,karan.bhurtel4704ratnapark@test.com
"Arif Bir Lamichane",Chabel,arif.lamichane4705ekantakuna@mail.com
"Arif Krishna Bhandari",Jawalakhel,arif.bhandari4706gaushala@mail.com
"Binod Gopal Khadka",Sundhara,"binod.khadka4707new road@test.com"
"Sandeep Bhagat Bhandari",Jawalakhel,sandeep.bhandari4708tinkune@mail.com
"Sandeep Bhagat Khadka",Tripureshwor,sandeep.khadka4709jawalakhel@mail.com
"Sompal Krishna Malla",Gaushala,sompal.malla4710sundhara@demo.net
"Karan Bahadur Khadka",Sundhara,karan.khadka4711sundhara@example.com
"Asif Bhopal Paudel","New Road",asif.paudel4712sundhara@test.com
"Kushal Dhoj Bhandari",Ekantakuna,kushal.bhandari4713tripureshwor@random.org
"Rohit Dev Paudel",Gaushala,"rohit.paudel4714new road@mail.com"
"Arif Bir Paudel",Jawalakhel,"arif.paudel4715new road@random.org"
"Lalit Bir Khadka",Tripureshwor,lalit.khadka4716ratnapark@test.com
"Kushal Bhagat Seikh",Gaushala,kushal.seikh4717tinkune@mail.com
"Arif Bir Bhandari",Chabel,arif.bhandari4718baneshwor@mail.com
"Arif Bahadur Lamichane",Tinkune,arif.lamichane4719chabel@demo.net
"Asif Bhagat Lamichane",Chabel,asif.lamichane4720tripureshwor@example.com
"Karan Bhopal Rajbanshi",Tripureshwor,karan.rajbanshi4721chabel@random.org
"Karan Bhagat Rajbanshi",Baneshwor,karan.rajbanshi4722tinkune@mail.com
"Asif Dev Paudel",Chabel,asif.paudel4723chabel@test.com
"Arif Lal Kami",Tripureshwor,arif.kami4724tinkune@test.com
"Rohit Krishna Bhandari",Ratnapark,rohit.bhandari4725tripureshwor@example.com
"Arif Kumar Rajbanshi",Gaushala,arif.rajbanshi4726baneshwor@demo.net
"Sandeep Bahadur Bhurtel",Sundhara,sandeep.bhurtel4727tripureshwor@demo.net
"Sompal Bhagat Seikh",Ratnapark,sompal.seikh4728ratnapark@demo.net
"Arif Bhagat Bhurtel",Ratnapark,arif.bhurtel4729jawalakhel@example.com
"Paras Kumar Lamichane",Ratnapark,paras.lamichane4730ekantakuna@demo.net
"Asif Bhopal Paudel",Tinkune,asif.paudel4731jawalakhel@test.com
"Sompal Bhopal Khadka",Baneshwor,sompal.khadka4732baneshwor@mail.com
"Arif Dhoj Seikh",Gaushala,arif.seikh4733ekantakuna@mail.com
"Sandeep Bahadur Rajbanshi",Tinkune,sandeep.rajbanshi4734jawalakhel@mail.com
"Kushal Lal Paudel",Baneshwor,kushal.paudel4735gaushala@test.com
"Arif Bhopal Malla","New Road",arif.malla4736jawalakhel@demo.net
"Binod Krishna K.C",Sundhara,binod.k.c4737baneshwor@random.org
"Paras Bir Seikh",Ekantakuna,paras.seikh4738sundhara@mail.com
"Sandeep Bhopal Lamichane","New Road",sandeep.lamichane4739jawalakhel@test.com
"Sompal Kumar Paudel",Tinkune,sompal.paudel4740ekantakuna@mail.com
"Asif Bahadur K.C",Ekantakuna,asif.k.c4741tripureshwor@random.org
"Arif Kumar Seikh","New Road",arif.seikh4742chabel@demo.net
"Sompal Gopal Bhurtel",Baneshwor,sompal.bhurtel4743tripureshwor@mail.com
"Arif Dhoj Bhurtel",Sundhara,arif.bhurtel4744tinkune@test.com
"Sandeep Bahadur Kami",Tripureshwor,sandeep.kami4745ratnapark@random.org
"Paras Bahadur Bhurtel","New Road",paras.bhurtel4746jawalakhel@test.com
"Sandeep Kumar Lamichane",Ekantakuna,sandeep.lamichane4747chabel@example.com
"Arif Lal Rajbanshi",Jawalakhel,arif.rajbanshi4748ratnapark@test.com
"Paras Bahadur Malla","New Road",paras.malla4749chabel@mail.com
"Kushal Kumar Khadka",Sundhara,"kushal.khadka4750new road@example.com"
"Kushal Lal Malla",Gaushala,kushal.malla4751sundhara@mail.com
"Arif Bhagat Khadka",Tripureshwor,arif.khadka4752chabel@demo.net
"Rohit Lal Kami","New Road",rohit.kami4753chabel@test.com
"Asif Kumar Rajbanshi",Baneshwor,asif.rajbanshi4754ratnapark@mail.com
"Sandeep Gopal K.C",Chabel,"sandeep.k.c4755new road@mail.com"
"Karan Dhoj Paudel",Ekantakuna,karan.paudel4756ratnapark@mail.com
"Sompal Bahadur Paudel",Ratnapark,sompal.paudel4757ekantakuna@demo.net
"Rohit Bahadur Seikh",Tinkune,rohit.seikh4758chabel@mail.com
"Paras Dev Seikh",Sundhara,paras.seikh4759ratnapark@random.org
"Lalit Krishna Paudel",Tripureshwor,lalit.paudel4760ratnapark@demo.net
"Paras Bir Kami","New Road",paras.kami4761chabel@example.com
"Arif Krishna K.C",Jawalakhel,arif.k.c4762tinkune@test.com
"Sompal Lal Malla","New Road",sompal.malla4763baneshwor@random.org
"Kushal Gopal K.C",Tinkune,kushal.k.c4764gaushala@mail.com
"Kushal Bhagat Bhandari",Tripureshwor,kushal.bhandari4765chabel@random.org
"Kushal Bir Paudel",Ratnapark,kushal.paudel4766baneshwor@example.com
"Binod Gopal Bhandari",Tinkune,binod.bhandari4767tripureshwor@example.com
"Sandeep Kumar Lamichane",Jawalakhel,sandeep.lamichane4768baneshwor@demo.net
"Rohit Kumar Bhurtel",Chabel,rohit.bhurtel4769tinkune@test.com
"Asif Krishna Kami",Baneshwor,asif.kami4770gaushala@example.com
"Binod Bir Paudel",Gaushala,binod.paudel4771ekantakuna@test.com
"Kushal Gopal Kami","New Road",kushal.kami4772tripureshwor@example.com
"Paras Gopal Bhurtel",Sundhara,paras.bhurtel4773tinkune@example.com
"Arif Lal Malla","New Road",arif.malla4774gaushala@random.org
"Sompal Bahadur Rajbanshi",Tripureshwor,"sompal.rajbanshi4775new road@demo.net"
"Arif Dhoj Khadka",Baneshwor,arif.khadka4776ratnapark@test.com
"Asif Krishna Lamichane",Ratnapark,asif.lamichane4777sundhara@example.com
"Lalit Bhopal Paudel",Sundhara,lalit.paudel4778ratnapark@mail.com
"Binod Krishna Lamichane",Baneshwor,binod.lamichane4779baneshwor@test.com
"Lalit Dev Rajbanshi",Jawalakhel,lalit.rajbanshi4780tinkune@test.com
"Asif Bhopal Kami","New Road",asif.kami4781sundhara@random.org
"Binod Bhopal Khadka",Tripureshwor,binod.khadka4782jawalakhel@random.org
"Sompal Bahadur Malla",Tinkune,sompal.malla4783baneshwor@test.com
"Arif Bhopal Malla",Chabel,arif.malla4784ekantakuna@demo.net
"Lalit Bhagat Paudel",Tinkune,lalit.paudel4785baneshwor@mail.com
"Sompal Bhopal Kami",Sundhara,sompal.kami4786gaushala@mail.com
"Binod Gopal Kami",Ekantakuna,"binod.kami4787new road@random.org"
"Paras Dhoj Khadka",Jawalakhel,paras.khadka4788jawalakhel@test.com
"Sandeep Dev Malla",Ekantakuna,sandeep.malla4789chabel@mail.com
"Lalit Dev Malla",Baneshwor,lalit.malla4790chabel@example.com
"Kushal Bhagat Seikh",Jawalakhel,kushal.seikh4791chabel@mail.com
"Asif Bhopal Kami",Tripureshwor,asif.kami4792tinkune@mail.com
"Sandeep Kumar Lamichane",Gaushala,sandeep.lamichane4793tinkune@random.org
"Rohit Bir Bhurtel",Tripureshwor,rohit.bhurtel4794ekantakuna@test.com
"Sandeep Dhoj Khadka",Ekantakuna,sandeep.khadka4795tripureshwor@random.org
"Paras Bhagat Bhandari",Chabel,paras.bhandari4796ekantakuna@demo.net
"Sompal Krishna Bhandari",Jawalakhel,sompal.bhandari4797sundhara@mail.com
"Rohit Gopal Bhandari",Ekantakuna,rohit.bhandari4798tripureshwor@example.com
"Karan Gopal Seikh","New Road",karan.seikh4799sundhara@random.org
"Arif Kumar Khadka",Gaushala,"arif.khadka4800new road@example.com"
"Sompal Krishna Lamichane",Ratnapark,"sompal.lamichane4801new road@demo.net"
"Sompal Dev Malla","New Road",sompal.malla4802tripureshwor@example.com
"Karan Bir Bhurtel",Ekantakuna,karan.bhurtel4803tinkune@mail.com
"Rohit Bir Seikh",Chabel,rohit.seikh4804ekantakuna@test.com
"Lalit Bhopal Seikh",Sundhara,lalit.seikh4805chabel@mail.com
"Karan Gopal Lamichane",Chabel,karan.lamichane4806sundhara@demo.net
"Kushal Bir Bhurtel",Gaushala,kushal.bhurtel4807ekantakuna@example.com
"Kushal Lal Kami",Jawalakhel,kushal.kami4808ekantakuna@test.com
"Sompal Gopal Lamichane",Gaushala,sompal.lamichane4809chabel@example.com
"Paras Krishna K.C","New Road",paras.k.c4810ekantakuna@demo.net
"Sandeep Gopal Kami",Baneshwor,sandeep.kami4811tinkune@example.com
"Asif Kumar Paudel",Sundhara,asif.paudel4812ekantakuna@demo.net
"Asif Bir Rajbanshi",Gaushala,asif.rajbanshi4813gaushala@random.org
"Rohit Gopal Bhandari",Ekantakuna,rohit.bhandari4814ekantakuna@example.com
"Sandeep Krishna Seikh",Tinkune,sandeep.seikh4815chabel@mail.com
"Binod Dhoj Bhurtel",Gaushala,"binod.bhurtel4816new road@test.com"
"Paras Dhoj Seikh",Tripureshwor,paras.seikh4817sundhara@example.com
"Karan Bir Bhandari","New Road",karan.bhandari4818baneshwor@test.com
"Paras Krishna Rajbanshi",Tripureshwor,paras.rajbanshi4819sundhara@example.com
"Kushal Dhoj Lamichane",Sundhara,kushal.lamichane4820sundhara@test.com
"Arif Dhoj Rajbanshi",Baneshwor,arif.rajbanshi4821ratnapark@random.org
"Binod Kumar Bhandari",Gaushala,binod.bhandari4822ratnapark@test.com
"Rohit Gopal K.C",Jawalakhel,rohit.k.c4823sundhara@random.org
"Sandeep Dev K.C",Gaushala,sandeep.k.c4824jawalakhel@example.com
"Sompal Bhopal Bhandari",Sundhara,"sompal.bhandari4825new road@example.com"
"Sandeep Bir Khadka",Tinkune,sandeep.khadka4826jawalakhel@test.com
"Sompal Kumar Khadka",Sundhara,sompal.khadka4827ratnapark@example.com
"Binod Bir Seikh",Sundhara,binod.seikh4828sundhara@random.org
"Paras Kumar Bhandari",Ekantakuna,paras.bhandari4829tripureshwor@demo.net
"Sompal Bahadur Lamichane",Tinkune,sompal.lamichane4830chabel@mail.com
"Arif Bhopal Khadka",Sundhara,arif.khadka4831gaushala@test.com
"Paras Bahadur Malla",Tinkune,paras.malla4832tripureshwor@test.com
"Kushal Lal Bhurtel",Gaushala,"kushal.bhurtel4833new road@random.org"
"Arif Bhopal Kami",Baneshwor,arif.kami4834ratnapark@test.com
"Kushal Gopal Rajbanshi",Gaushala,kushal.rajbanshi4835gaushala@example.com
"Paras Gopal Paudel",Ekantakuna,paras.paudel4836jawalakhel@demo.net
"Paras Bhopal Lamichane",Chabel,paras.lamichane4837chabel@random.org
"Binod Bhopal K.C",Chabel,binod.k.c4838gaushala@mail.com
"Arif Kumar Khadka","New Road",arif.khadka4839gaushala@random.org
"Asif Lal Malla",Ratnapark,"asif.malla4840new road@example.com"
"Sompal Kumar Bhandari",Jawalakhel,sompal.bhandari4841chabel@random.org
"Sandeep Bhopal K.C",Jawalakhel,sandeep.k.c4842sundhara@demo.net
"Binod Gopal Seikh",Tripureshwor,binod.seikh4843jawalakhel@mail.com
"Sandeep Bhopal Malla","New Road",sandeep.malla4844ratnapark@mail.com
"Arif Bhopal Lamichane",Chabel,arif.lamichane4845baneshwor@mail.com
"Sandeep Dev Kami",Tripureshwor,sandeep.kami4846tinkune@demo.net
"Karan Dev Lamichane",Ekantakuna,karan.lamichane4847ratnapark@mail.com
"Binod Gopal Bhandari",Tripureshwor,binod.bhandari4848ratnapark@demo.net
"Kushal Bhagat Bhurtel",Tinkune,kushal.bhurtel4849gaushala@mail.com
"Rohit Gopal Malla",Ekantakuna,rohit.malla4850chabel@example.com
"Lalit Bhagat Lamichane",Chabel,lalit.lamichane4851tripureshwor@random.org
"Paras Krishna Bhandari",Jawalakhel,paras.bhandari4852sundhara@mail.com
"Karan Dev Bhandari","New Road","karan.bhandari4853new road@demo.net"
"Paras Bir Rajbanshi",Tinkune,paras.rajbanshi4854baneshwor@mail.com
"Sompal Bhagat Paudel","New Road",sompal.paudel4855gaushala@mail.com
"Kushal Dev Malla",Jawalakhel,kushal.malla4856tinkune@random.org
"Asif Krishna Kami",Baneshwor,asif.kami4857baneshwor@demo.net
"Kushal Kumar K.C","New Road","kushal.k.c4858new road@example.com"
"Arif Bahadur K.C",Ratnapark,arif.k.c4859gaushala@example.com
"Kushal Dhoj Kami","New Road",kushal.kami4860gaushala@example.com
"Lalit Kumar Khadka",Ratnapark,"lalit.khadka4861new road@example.com"
"Rohit Lal Bhurtel",Baneshwor,rohit.bhurtel4862ekantakuna@demo.net
"Sandeep Bir Bhurtel",Jawalakhel,sandeep.bhurtel4863ratnapark@random.org
"Karan Lal K.C",Baneshwor,karan.k.c4864tripureshwor@random.org
"Paras Bhopal Paudel",Sundhara,paras.paudel4865tinkune@random.org
"Binod Gopal Kami",Ratnapark,binod.kami4866baneshwor@mail.com
"Asif Lal Lamichane",Gaushala,asif.lamichane4867baneshwor@example.com
"Kushal Gopal Bhandari",Tripureshwor,kushal.bhandari4868ratnapark@demo.net
"Sompal Bir Kami",Jawalakhel,sompal.kami4869gaushala@mail.com
"Karan Dev K.C",Chabel,karan.k.c4870ekantakuna@demo.net
"Sandeep Bhagat Rajbanshi",Sundhara,sandeep.rajbanshi4871chabel@mail.com
"Arif Lal Malla",Sundhara,arif.malla4872baneshwor@demo.net
"Sompal Dhoj Kami",Sundhara,sompal.kami4873tripureshwor@mail.com
"Paras Kumar K.C","New Road",paras.k.c4874ratnapark@test.com
"Asif Bir Lamichane",Jawalakhel,asif.lamichane4875tinkune@test.com
"Lalit Bhagat Bhandari",Baneshwor,lalit.bhandari4876baneshwor@mail.com
"Lalit Dhoj Bhandari",Chabel,lalit.bhandari4877ekantakuna@example.com
"Sompal Lal Kami",Ekantakuna,"sompal.kami4878new road@example.com"
"Sandeep Gopal Bhandari",Chabel,sandeep.bhandari4879ratnapark@test.com
"Lalit Bhagat K.C",Chabel,lalit.k.c4880tinkune@mail.com
"Sompal Bir K.C",Tinkune,sompal.k.c4881tripureshwor@random.org
"Binod Dev Bhandari",Tripureshwor,binod.bhandari4882ratnapark@demo.net
"Arif Lal Bhurtel",Tinkune,arif.bhurtel4883tripureshwor@test.com
"Karan Bhopal Khadka",Ratnapark,karan.khadka4884tripureshwor@random.org
"Sompal Krishna Kami",Sundhara,sompal.kami4885tripureshwor@random.org
"Sandeep Kumar Kami",Ratnapark,sandeep.kami4886jawalakhel@example.com
"Sandeep Kumar Rajbanshi",Baneshwor,sandeep.rajbanshi4887tripureshwor@mail.com
"Paras Bahadur Bhandari",Jawalakhel,paras.bhandari4888sundhara@mail.com
"Arif Bhagat Bhurtel",Ekantakuna,arif.bhurtel4889chabel@example.com
"Asif Gopal Kami",Jawalakhel,asif.kami4890baneshwor@demo.net
"Arif Bhopal Seikh",Tripureshwor,arif.seikh4891gaushala@random.org
"Sandeep Dev Seikh",Baneshwor,sandeep.seikh4892ratnapark@test.com
"Lalit Bhagat Paudel",Ekantakuna,lalit.paudel4893chabel@test.com
"Paras Krishna Paudel","New Road",paras.paudel4894baneshwor@demo.net
"Sompal Bhagat Khadka",Tinkune,sompal.khadka4895chabel@test.com
"Paras Bahadur Seikh",Ekantakuna,paras.seikh4896ratnapark@example.com
"Paras Bahadur Khadka",Ratnapark,paras.khadka4897tinkune@random.org
"Rohit Bir Bhandari",Tripureshwor,rohit.bhandari4898sundhara@example.com
"Karan Bhopal Bhurtel",Ratnapark,karan.bhurtel4899tripureshwor@test.com
"Kushal Bir Lamichane",Ekantakuna,kushal.lamichane4900tripureshwor@test.com
"Paras Dev Seikh",Sundhara,paras.seikh4901chabel@example.com
"Asif Bhagat Paudel",Baneshwor,asif.paudel4902tinkune@test.com
"Rohit Gopal Bhandari",Ekantakuna,rohit.bhandari4903chabel@demo.net
"Lalit Krishna Bhurtel",Ekantakuna,lalit.bhurtel4904tinkune@mail.com
"Lalit Bahadur Paudel",Chabel,lalit.paudel4905sundhara@test.com
"Kushal Bahadur Seikh",Gaushala,kushal.seikh4906ekantakuna@mail.com
"Karan Kumar Kami",Ratnapark,karan.kami4907tripureshwor@test.com
"Lalit Bhagat Bhurtel",Ratnapark,lalit.bhurtel4908chabel@test.com
"Kushal Bhopal Khadka",Ratnapark,kushal.khadka4909chabel@mail.com
"Sandeep Lal Kami",Ratnapark,sandeep.kami4910ratnapark@test.com
"Kushal Dhoj Bhurtel",Sundhara,kushal.bhurtel4911tinkune@random.org
"Binod Lal Malla","New Road",binod.malla4912baneshwor@example.com
"Arif Bahadur Malla",Sundhara,"arif.malla4913new road@mail.com"
"Binod Krishna K.C",Tripureshwor,binod.k.c4914gaushala@random.org
"Kushal Dev Khadka",Ratnapark,kushal.khadka4915sundhara@mail.com
"Binod Bhagat Paudel",Ekantakuna,binod.paudel4916sundhara@test.com
"Karan Lal Lamichane",Chabel,karan.lamichane4917gaushala@mail.com
"Sompal Bhagat Bhurtel",Ekantakuna,sompal.bhurtel4918baneshwor@random.org
"Rohit Bir Paudel",Chabel,"rohit.paudel4919new road@test.com"
"Paras Kumar Kami",Sundhara,paras.kami4920chabel@test.com
"Rohit Bahadur Paudel",Jawalakhel,rohit.paudel4921baneshwor@test.com
"Paras Dev Seikh",Tinkune,paras.seikh4922gaushala@mail.com
"Asif Krishna Malla",Tripureshwor,asif.malla4923gaushala@test.com
"Sandeep Kumar Malla",Tinkune,sandeep.malla4924ekantakuna@example.com
"Rohit Bhagat Khadka",Ekantakuna,rohit.khadka4925tinkune@random.org
"Lalit Bhopal Malla",Ekantakuna,lalit.malla4926gaushala@demo.net
"Arif Krishna Kami",Gaushala,arif.kami4927gaushala@random.org
"Karan Krishna Khadka",Ratnapark,karan.khadka4928gaushala@random.org
"Binod Bhagat Paudel",Tripureshwor,binod.paudel4929sundhara@random.org
"Paras Dev Lamichane",Jawalakhel,paras.lamichane4930tinkune@test.com
"Asif Bhagat Paudel",Tripureshwor,"asif.paudel4931new road@random.org"
"Sandeep Dhoj Bhurtel",Tripureshwor,sandeep.bhurtel4932gaushala@mail.com
"Kushal Lal Bhandari",Baneshwor,kushal.bhandari4933ratnapark@mail.com
"Binod Krishna Paudel",Gaushala,binod.paudel4934chabel@mail.com
"Sompal Kumar Bhurtel",Jawalakhel,"sompal.bhurtel4935new road@mail.com"
"Paras Krishna Bhandari",Baneshwor,"paras.bhandari4936new road@example.com"
"Sandeep Bahadur Rajbanshi",Ratnapark,sandeep.rajbanshi4937baneshwor@random.org
"Karan Bhopal K.C","New Road",karan.k.c4938chabel@test.com
"Sompal Krishna Bhurtel",Chabel,"sompal.bhurtel4939new road@random.org"
"Sompal Bhopal Lamichane",Gaushala,sompal.lamichane4940chabel@mail.com
"Asif Gopal Khadka","New Road",asif.khadka4941gaushala@mail.com
"Binod Bir Bhandari",Jawalakhel,binod.bhandari4942tripureshwor@mail.com
"Rohit Bhopal Rajbanshi",Gaushala,rohit.rajbanshi4943baneshwor@example.com
"Lalit Bhopal Malla",Tinkune,lalit.malla4944sundhara@example.com
"Asif Bhopal Bhurtel",Baneshwor,asif.bhurtel4945baneshwor@mail.com
"Paras Bhopal Rajbanshi",Tripureshwor,paras.rajbanshi4946chabel@demo.net
"Karan Krishna Rajbanshi",Tripureshwor,karan.rajbanshi4947ratnapark@example.com
"Lalit Dhoj Paudel",Chabel,lalit.paudel4948ratnapark@mail.com
"Kushal Gopal Khadka",Sundhara,kushal.khadka4949tripureshwor@test.com
"Asif Gopal Rajbanshi",Gaushala,asif.rajbanshi4950tinkune@demo.net
"Lalit Kumar Bhurtel",Gaushala,lalit.bhurtel4951baneshwor@example.com
"Karan Bhagat Malla",Tripureshwor,karan.malla4952tinkune@test.com
"Paras Gopal K.C",Jawalakhel,paras.k.c4953baneshwor@random.org
"Sandeep Bhopal K.C",Tinkune,sandeep.k.c4954baneshwor@demo.net
"Sompal Dhoj Kami",Ekantakuna,sompal.kami4955tinkune@mail.com
"Asif Bhopal Lamichane",Ratnapark,asif.lamichane4956ratnapark@mail.com
"Kushal Bhagat K.C",Baneshwor,kushal.k.c4957ekantakuna@example.com
"Paras Lal Bhandari",Gaushala,paras.bhandari4958ratnapark@mail.com
"Sandeep Bahadur Bhurtel",Ekantakuna,sandeep.bhurtel4959chabel@random.org
"Sompal Dev K.C",Ratnapark,sompal.k.c4960baneshwor@test.com
"Sompal Bir Malla",Jawalakhel,sompal.malla4961baneshwor@random.org
"Kushal Bir Malla","New Road",kushal.malla4962gaushala@test.com
"Kushal Bir Bhandari",Gaushala,kushal.bhandari4963chabel@example.com
"Binod Krishna Malla",Baneshwor,binod.malla4964jawalakhel@mail.com
"Arif Bhopal Malla",Ekantakuna,arif.malla4965baneshwor@random.org
"Arif Gopal Kami","New Road",arif.kami4966ekantakuna@example.com
"Sandeep Bhagat Seikh",Tripureshwor,sandeep.seikh4967sundhara@mail.com
"Binod Bir Bhandari",Baneshwor,binod.bhandari4968chabel@demo.net
"Lalit Gopal Paudel",Ratnapark,lalit.paudel4969chabel@random.org
"Arif Dev Lamichane",Tinkune,arif.lamichane4970tripureshwor@demo.net
"Rohit Bahadur Rajbanshi",Jawalakhel,rohit.rajbanshi4971chabel@demo.net
"Binod Krishna Rajbanshi","New Road",binod.rajbanshi4972chabel@test.com
"Lalit Bhagat Kami",Baneshwor,lalit.kami4973ratnapark@example.com
"Asif Dhoj Paudel","New Road",asif.paudel4974gaushala@random.org
"Sompal Dev Seikh","New Road",sompal.seikh4975chabel@example.com
"Asif Bhagat Bhurtel",Tripureshwor,asif.bhurtel4976chabel@test.com
"Sandeep Krishna Rajbanshi",Sundhara,sandeep.rajbanshi4977chabel@test.com
"Rohit Dhoj Seikh",Tinkune,rohit.seikh4978gaushala@example.com
"Asif Bhopal Kami","New Road",asif.kami4979gaushala@demo.net
"Paras Bhagat Paudel",Chabel,paras.paudel4980gaushala@example.com
"Karan Bhopal Rajbanshi",Ekantakuna,"karan.rajbanshi4981new road@random.org"
"Sompal Bhopal Seikh",Ekantakuna,sompal.seikh4982sundhara@random.org
"Arif Lal Bhandari",Baneshwor,arif.bhandari4983chabel@example.com
"Lalit Bhopal Bhandari",Jawalakhel,lalit.bhandari4984baneshwor@demo.net
"Karan Bhopal Bhurtel",Ratnapark,karan.bhurtel4985gaushala@random.org
"Sompal Bir Lamichane",Sundhara,sompal.lamichane4986baneshwor@mail.com
"Rohit Lal Paudel",Chabel,rohit.paudel4987ratnapark@random.org
"Lalit Krishna Malla",Sundhara,lalit.malla4988tripureshwor@mail.com
"Sompal Dev Seikh",Tinkune,sompal.seikh4989ratnapark@test.com
"Lalit Lal Bhandari",Ekantakuna,lalit.bhandari4990ekantakuna@demo.net
"Karan Bhagat K.C",Jawalakhel,karan.k.c4991tinkune@mail.com
"Sandeep Krishna Rajbanshi",Tripureshwor,sandeep.rajbanshi4992sundhara@demo.net
"Sandeep Dhoj Khadka",Sundhara,"sandeep.khadka4993new road@demo.net"
"Sompal Dev Paudel",Sundhara,sompal.paudel4994tinkune@random.org
"Rohit Krishna Malla",Tinkune,rohit.malla4995chabel@example.com
"Kushal Bir Lamichane",Gaushala,kushal.lamichane4996ratnapark@mail.com
"Paras Bahadur Lamichane",Sundhara,paras.lamichane4997chabel@example.com
"Sompal Dhoj Bhandari",Tripureshwor,sompal.bhandari4998baneshwor@random.org
"Kushal Dhoj Seikh",Gaushala,kushal.seikh4999chabel@test.com
"Sandeep Dev Paudel",Sundhara,sandeep.paudel5000chabel@test.com
"Arif Bahadur K.C",Sundhara,arif.k.c5001sundhara@test.com
"Sandeep Kumar Bhurtel",Sundhara,sandeep.bhurtel5002jawalakhel@example.com
"Binod Bhopal Rajbanshi",Jawalakhel,binod.rajbanshi5003ekantakuna@mail.com
"Sandeep Dev K.C",Tinkune,sandeep.k.c5004gaushala@test.com
"Asif Lal K.C",Tinkune,asif.k.c5005jawalakhel@demo.net
"Karan Lal Kami",Tinkune,karan.kami5006ratnapark@mail.com
"Karan Kumar Seikh",Ratnapark,karan.seikh5007gaushala@test.com
"Arif Bahadur Kami",Ekantakuna,arif.kami5008jawalakhel@demo.net
"Paras Kumar Lamichane",Ratnapark,"paras.lamichane5009new road@demo.net"
"Lalit Kumar Bhurtel",Ratnapark,lalit.bhurtel5010ekantakuna@random.org
"Binod Bahadur Paudel",Chabel,binod.paudel5011chabel@test.com
"Rohit Dev Lamichane",Ekantakuna,rohit.lamichane5012baneshwor@demo.net
"Arif Bhagat Malla",Gaushala,arif.malla5013ekantakuna@random.org
"Binod Gopal Kami","New Road",binod.kami5014jawalakhel@example.com
"Lalit Bahadur Bhandari",Chabel,"lalit.bhandari5015new road@test.com"
"Sompal Bir Malla",Chabel,sompal.malla5016baneshwor@demo.net
"Kushal Krishna Rajbanshi",Sundhara,"kushal.rajbanshi5017new road@mail.com"
"Karan Bhopal Bhandari",Sundhara,karan.bhandari5018sundhara@mail.com
"Rohit Bahadur Lamichane",Jawalakhel,rohit.lamichane5019jawalakhel@mail.com
"Karan Dhoj Malla",Ratnapark,karan.malla5020ratnapark@demo.net
"Binod Gopal Khadka",Gaushala,binod.khadka5021jawalakhel@example.com
"Karan Bir Bhurtel",Ekantakuna,"karan.bhurtel5022new road@demo.net"
"Rohit Bhopal Bhandari",Baneshwor,rohit.bhandari5023chabel@mail.com
"Karan Bir Malla",Gaushala,karan.malla5024ratnapark@demo.net
"Lalit Krishna K.C",Baneshwor,lalit.k.c5025ratnapark@demo.net
"Sompal Gopal Malla",Tinkune,sompal.malla5026ratnapark@example.com
"Lalit Bir Bhandari",Chabel,lalit.bhandari5027ekantakuna@test.com
"Sandeep Gopal Seikh",Baneshwor,sandeep.seikh5028ekantakuna@demo.net
"Karan Lal Bhandari",Chabel,karan.bhandari5029ratnapark@demo.net
"Paras Dhoj Kami",Chabel,"paras.kami5030new road@mail.com"
"Kushal Lal K.C",Jawalakhel,kushal.k.c5031ratnapark@mail.com
"Sandeep Bhopal Malla",Sundhara,sandeep.malla5032tripureshwor@mail.com
"Lalit Bahadur Rajbanshi",Tripureshwor,lalit.rajbanshi5033ekantakuna@random.org
"Rohit Krishna Seikh",Ratnapark,rohit.seikh5034baneshwor@random.org
"Karan Bir Bhurtel",Ekantakuna,karan.bhurtel5035ekantakuna@mail.com
"Kushal Kumar Paudel",Tinkune,kushal.paudel5036baneshwor@demo.net
"Sandeep Dhoj Bhurtel","New Road",sandeep.bhurtel5037jawalakhel@random.org
"Asif Bhagat Khadka",Baneshwor,asif.khadka5038baneshwor@test.com
"Karan Bhagat Paudel",Jawalakhel,karan.paudel5039baneshwor@test.com
"Asif Dev Bhurtel",Ekantakuna,"asif.bhurtel5040new road@example.com"
"Asif Bhagat Paudel",Baneshwor,asif.paudel5041chabel@mail.com
"Sompal Bahadur K.C",Tripureshwor,sompal.k.c5042tinkune@random.org
"Asif Krishna Bhurtel",Chabel,asif.bhurtel5043sundhara@mail.com
"Paras Bhagat Khadka",Ratnapark,paras.khadka5044gaushala@mail.com
"Kushal Gopal Bhandari",Tripureshwor,kushal.bhandari5045ekantakuna@mail.com
"Lalit Kumar Khadka",Tinkune,lalit.khadka5046baneshwor@example.com
"Rohit Lal Bhandari",Ratnapark,rohit.bhandari5047jawalakhel@test.com
"Paras Bhagat Paudel",Tinkune,paras.paudel5048ekantakuna@random.org
"Sompal Bhagat Bhurtel",Baneshwor,"sompal.bhurtel5049new road@test.com"
"Paras Bhagat Seikh","New Road",paras.seikh5050gaushala@mail.com
"Karan Bir Bhurtel",Baneshwor,"karan.bhurtel5051new road@mail.com"
"Paras Dhoj K.C",Ekantakuna,paras.k.c5052ratnapark@random.org
"Binod Krishna Khadka",Ratnapark,binod.khadka5053gaushala@mail.com
"Lalit Bir K.C",Chabel,lalit.k.c5054ekantakuna@example.com
"Kushal Dev Rajbanshi",Baneshwor,kushal.rajbanshi5055ekantakuna@random.org
"Binod Bhagat Malla",Sundhara,binod.malla5056sundhara@demo.net
"Rohit Bir Kami",Tripureshwor,rohit.kami5057tripureshwor@test.com
"Kushal Lal Paudel",Baneshwor,kushal.paudel5058tinkune@example.com
"Sompal Krishna Malla",Tripureshwor,sompal.malla5059tripureshwor@mail.com
"Karan Krishna Rajbanshi",Baneshwor,karan.rajbanshi5060ekantakuna@demo.net
"Asif Krishna Khadka",Ekantakuna,asif.khadka5061sundhara@demo.net
"Rohit Bir Bhandari",Sundhara,rohit.bhandari5062ekantakuna@test.com
"Paras Dev Paudel",Tinkune,paras.paudel5063chabel@example.com
"Lalit Krishna Kami",Chabel,lalit.kami5064tinkune@demo.net
"Kushal Kumar Khadka",Tripureshwor,kushal.khadka5065baneshwor@demo.net
"Paras Krishna K.C",Jawalakhel,"paras.k.c5066new road@example.com"
"Asif Dhoj Kami",Sundhara,asif.kami5067gaushala@demo.net
"Asif Gopal Bhandari",Baneshwor,asif.bhandari5068ratnapark@test.com
"Paras Lal K.C",Jawalakhel,paras.k.c5069tripureshwor@mail.com
"Arif Bhopal Bhandari",Baneshwor,arif.bhandari5070ratnapark@example.com
"Lalit Bhopal Seikh",Baneshwor,lalit.seikh5071ekantakuna@mail.com
"Sandeep Bahadur Bhandari",Ratnapark,sandeep.bhandari5072jawalakhel@mail.com
"Kushal Dev Kami",Jawalakhel,kushal.kami5073baneshwor@test.com
"Sandeep Kumar Bhandari",Tripureshwor,sandeep.bhandari5074tripureshwor@demo.net
"Sandeep Kumar Paudel",Jawalakhel,sandeep.paudel5075tinkune@mail.com
"Kushal Bhopal Khadka",Gaushala,kushal.khadka5076jawalakhel@random.org
"Rohit Bahadur Lamichane",Sundhara,rohit.lamichane5077gaushala@random.org
"Paras Gopal Paudel",Gaushala,paras.paudel5078tinkune@mail.com
"Rohit Lal Malla",Jawalakhel,rohit.malla5079baneshwor@test.com
"Arif Dhoj Paudel",Chabel,arif.paudel5080tripureshwor@demo.net
"Kushal Bhopal Lamichane",Gaushala,"kushal.lamichane5081new road@demo.net"
"Kushal Dev Bhurtel",Tripureshwor,kushal.bhurtel5082gaushala@test.com
"Rohit Bhopal K.C",Tripureshwor,rohit.k.c5083tinkune@demo.net
"Arif Krishna Kami",Gaushala,"arif.kami5084new road@mail.com"
"Sandeep Gopal Bhurtel",Tinkune,sandeep.bhurtel5085gaushala@mail.com
"Karan Krishna Lamichane",Chabel,karan.lamichane5086baneshwor@demo.net
"Kushal Gopal Bhandari",Chabel,kushal.bhandari5087tripureshwor@random.org
"Karan Bahadur Kami",Tripureshwor,karan.kami5088jawalakhel@test.com
"Asif Bahadur Seikh",Ratnapark,asif.seikh5089ratnapark@example.com
"Sandeep Gopal Lamichane",Gaushala,"sandeep.lamichane5090new road@test.com"
"Sandeep Lal Lamichane","New Road",sandeep.lamichane5091jawalakhel@example.com
"Arif Bir Bhurtel","New Road","arif.bhurtel5092new road@random.org"
"Kushal Dhoj K.C","New Road",kushal.k.c5093tripureshwor@demo.net
"Rohit Dev Paudel","New Road",rohit.paudel5094jawalakhel@mail.com
"Asif Krishna Lamichane",Ratnapark,asif.lamichane5095tinkune@example.com
"Karan Gopal Rajbanshi",Ekantakuna,karan.rajbanshi5096ratnapark@random.org
"Binod Bahadur Lamichane",Gaushala,binod.lamichane5097chabel@mail.com
"Rohit Krishna Bhandari",Ekantakuna,rohit.bhandari5098chabel@mail.com
"Rohit Gopal Malla",Ekantakuna,rohit.malla5099sundhara@example.com
"Sompal Krishna K.C","New Road",sompal.k.c5100baneshwor@test.com
"Karan Kumar Bhurtel",Baneshwor,karan.bhurtel5101tinkune@test.com
"Lalit Bhopal Rajbanshi",Jawalakhel,lalit.rajbanshi5102baneshwor@mail.com
"Kushal Bahadur Malla",Sundhara,kushal.malla5103sundhara@example.com
"Lalit Bhopal Paudel",Tinkune,lalit.paudel5104ekantakuna@demo.net
"Sandeep Bhagat Malla","New Road",sandeep.malla5105tripureshwor@example.com
"Rohit Krishna Paudel","New Road",rohit.paudel5106jawalakhel@random.org
"Sandeep Bahadur Malla","New Road",sandeep.malla5107jawalakhel@demo.net
"Binod Lal Lamichane",Tripureshwor,binod.lamichane5108tinkune@mail.com
"Arif Dhoj K.C",Jawalakhel,arif.k.c5109sundhara@mail.com
"Binod Dev Khadka",Gaushala,binod.khadka5110sundhara@mail.com
"Sompal Bahadur Bhurtel",Ekantakuna,sompal.bhurtel5111ekantakuna@example.com
"Arif Gopal Paudel",Baneshwor,arif.paudel5112ekantakuna@mail.com
"Sandeep Lal Rajbanshi","New Road","sandeep.rajbanshi5113new road@test.com"
"Karan Dev Khadka",Jawalakhel,karan.khadka5114tinkune@test.com
"Binod Bahadur Paudel",Baneshwor,binod.paudel5115ratnapark@example.com
"Karan Dev Bhurtel",Jawalakhel,karan.bhurtel5116baneshwor@demo.net
"Lalit Dev Rajbanshi",Jawalakhel,lalit.rajbanshi5117jawalakhel@demo.net
"Asif Bir Khadka",Sundhara,asif.khadka5118ekantakuna@test.com
"Asif Dev Malla",Gaushala,asif.malla5119tripureshwor@demo.net
"Karan Bir Khadka",Gaushala,karan.khadka5120chabel@random.org
"Arif Dhoj Lamichane",Jawalakhel,arif.lamichane5121tinkune@mail.com
"Binod Bhopal K.C",Gaushala,binod.k.c5122sundhara@mail.com
"Kushal Bir Malla",Ekantakuna,"kushal.malla5123new road@mail.com"
"Asif Gopal Rajbanshi",Gaushala,asif.rajbanshi5124baneshwor@example.com
"Sompal Dhoj Bhurtel",Baneshwor,sompal.bhurtel5125sundhara@demo.net
"Asif Bir Seikh",Ekantakuna,asif.seikh5126ratnapark@test.com
"Arif Kumar Malla",Tripureshwor,arif.malla5127ratnapark@test.com
"Binod Bhopal Rajbanshi",Tripureshwor,binod.rajbanshi5128gaushala@test.com
"Binod Lal Lamichane",Chabel,binod.lamichane5129baneshwor@mail.com
"Kushal Lal K.C",Gaushala,kushal.k.c5130jawalakhel@demo.net
"Karan Bhopal Khadka",Tripureshwor,karan.khadka5131tripureshwor@random.org
"Lalit Gopal Khadka","New Road",lalit.khadka5132tinkune@test.com
"Kushal Bhagat Bhandari",Gaushala,kushal.bhandari5133chabel@example.com
"Sandeep Bir Lamichane",Ratnapark,sandeep.lamichane5134sundhara@mail.com
"Lalit Lal Kami",Baneshwor,lalit.kami5135chabel@demo.net
"Lalit Dev Lamichane",Ratnapark,lalit.lamichane5136jawalakhel@example.com
"Asif Lal Bhandari","New Road",asif.bhandari5137tinkune@demo.net
"Rohit Bahadur Rajbanshi",Ekantakuna,"rohit.rajbanshi5138new road@example.com"
"Rohit Bir Seikh",Tinkune,rohit.seikh5139tinkune@test.com
"Rohit Bhopal Kami","New Road",rohit.kami5140chabel@random.org
"Karan Kumar Rajbanshi",Tinkune,karan.rajbanshi5141gaushala@mail.com
"Rohit Bahadur Bhurtel",Gaushala,rohit.bhurtel5142gaushala@test.com
"Paras Dev Malla",Ratnapark,paras.malla5143gaushala@mail.com
"Paras Gopal K.C",Gaushala,paras.k.c5144tinkune@mail.com
"Kushal Kumar Seikh",Sundhara,kushal.seikh5145chabel@example.com
"Sandeep Gopal Khadka",Ekantakuna,sandeep.khadka5146tripureshwor@random.org
"Paras Kumar Paudel",Tripureshwor,"paras.paudel5147new road@demo.net"
"Asif Lal K.C",Sundhara,"asif.k.c5148new road@demo.net"
"Sandeep Bhopal Lamichane",Jawalakhel,sandeep.lamichane5149ekantakuna@random.org
"Arif Bahadur Rajbanshi",Baneshwor,arif.rajbanshi5150sundhara@test.com
"Sandeep Gopal Rajbanshi",Gaushala,sandeep.rajbanshi5151gaushala@demo.net
"Sandeep Kumar Malla",Gaushala,sandeep.malla5152jawalakhel@demo.net
"Sompal Kumar Kami",Jawalakhel,sompal.kami5153gaushala@example.com
"Binod Dhoj Lamichane",Jawalakhel,binod.lamichane5154ratnapark@random.org
"Kushal Krishna Bhandari",Jawalakhel,kushal.bhandari5155baneshwor@random.org
"Paras Lal Paudel",Jawalakhel,paras.paudel5156sundhara@mail.com
"Lalit Bir Rajbanshi",Baneshwor,lalit.rajbanshi5157ekantakuna@demo.net
"Kushal Bhopal Kami",Baneshwor,kushal.kami5158ekantakuna@random.org
"Kushal Bahadur Bhandari",Gaushala,kushal.bhandari5159ekantakuna@test.com
"Lalit Dev Khadka",Tripureshwor,lalit.khadka5160chabel@example.com
"Rohit Bir Seikh",Sundhara,rohit.seikh5161baneshwor@example.com
"Paras Dev Malla","New Road",paras.malla5162baneshwor@demo.net
"Lalit Dhoj Rajbanshi",Chabel,lalit.rajbanshi5163ekantakuna@example.com
"Kushal Dev Rajbanshi",Tripureshwor,kushal.rajbanshi5164baneshwor@example.com
"Sandeep Krishna Khadka",Ekantakuna,sandeep.khadka5165baneshwor@mail.com
"Karan Krishna Bhurtel",Tripureshwor,karan.bhurtel5166tinkune@example.com
"Lalit Dev Malla",Chabel,lalit.malla5167chabel@test.com
"Asif Gopal K.C",Jawalakhel,asif.k.c5168chabel@example.com
"Kushal Lal K.C",Baneshwor,kushal.k.c5169baneshwor@test.com
"Binod Dev Khadka",Gaushala,binod.khadka5170baneshwor@example.com
"Asif Gopal Khadka",Tinkune,asif.khadka5171ratnapark@mail.com
"Sompal Krishna Lamichane",Ekantakuna,sompal.lamichane5172gaushala@test.com
"Lalit Bir Paudel",Ekantakuna,lalit.paudel5173ratnapark@demo.net
"Rohit Dhoj Seikh",Jawalakhel,rohit.seikh5174ekantakuna@random.org
"Sompal Gopal Bhandari",Gaushala,sompal.bhandari5175jawalakhel@demo.net
"Paras Dev K.C",Chabel,paras.k.c5176tripureshwor@example.com
"Asif Bhagat Bhandari","New Road",asif.bhandari5177sundhara@test.com
"Kushal Bir Seikh","New Road",kushal.seikh5178ratnapark@mail.com
"Lalit Gopal Lamichane",Sundhara,lalit.lamichane5179sundhara@example.com
"Arif Bhagat Bhurtel",Sundhara,arif.bhurtel5180tripureshwor@mail.com
"Sompal Kumar Paudel",Ekantakuna,sompal.paudel5181sundhara@random.org
"Sompal Bir Seikh",Sundhara,sompal.seikh5182ratnapark@random.org
"Asif Bahadur Lamichane",Sundhara,asif.lamichane5183ekantakuna@test.com
"Lalit Gopal Khadka",Jawalakhel,"lalit.khadka5184new road@example.com"
"Sandeep Dev Paudel",Tripureshwor,sandeep.paudel5185sundhara@example.com
"Lalit Lal Paudel",Sundhara,"lalit.paudel5186new road@test.com"
"Arif Bahadur K.C",Baneshwor,arif.k.c5187tinkune@example.com
"Arif Bahadur Seikh",Ekantakuna,arif.seikh5188ratnapark@example.com
"Karan Lal Bhandari",Ratnapark,karan.bhandari5189sundhara@test.com
"Lalit Gopal Kami",Jawalakhel,lalit.kami5190baneshwor@random.org
"Paras Bir Lamichane",Ekantakuna,paras.lamichane5191tinkune@test.com
"Paras Krishna Bhandari",Sundhara,paras.bhandari5192chabel@example.com
"Asif Bhagat Bhurtel",Tripureshwor,asif.bhurtel5193ratnapark@demo.net
"Arif Krishna Seikh",Tinkune,arif.seikh5194tripureshwor@random.org
"Lalit Dhoj Paudel",Ratnapark,lalit.paudel5195tripureshwor@demo.net
"Karan Dhoj Malla",Jawalakhel,karan.malla5196tripureshwor@mail.com
"Paras Dev Malla",Gaushala,paras.malla5197tripureshwor@demo.net
"Arif Gopal K.C",Ratnapark,arif.k.c5198sundhara@example.com
"Sandeep Dev Bhandari",Tinkune,sandeep.bhandari5199jawalakhel@mail.com
"Karan Bir Kami",Ekantakuna,karan.kami5200baneshwor@random.org
"Binod Gopal Paudel",Ratnapark,binod.paudel5201chabel@random.org
"Kushal Bir Khadka",Ekantakuna,kushal.khadka5202sundhara@demo.net
"Rohit Lal Kami",Chabel,rohit.kami5203baneshwor@example.com
"Rohit Bhopal Bhandari",Baneshwor,rohit.bhandari5204ekantakuna@example.com
"Lalit Bhopal K.C",Ekantakuna,lalit.k.c5205chabel@mail.com
"Sandeep Bir Seikh",Chabel,sandeep.seikh5206sundhara@mail.com
"Arif Bahadur Bhandari",Ratnapark,arif.bhandari5207jawalakhel@demo.net
"Asif Dhoj Rajbanshi",Ekantakuna,asif.rajbanshi5208gaushala@example.com
"Paras Kumar Rajbanshi",Ekantakuna,paras.rajbanshi5209tinkune@mail.com
"Sandeep Dhoj Paudel",Gaushala,"sandeep.paudel5210new road@mail.com"
"Binod Gopal Lamichane","New Road",binod.lamichane5211baneshwor@demo.net
"Sompal Krishna Lamichane",Ekantakuna,sompal.lamichane5212ratnapark@mail.com
"Asif Bahadur Lamichane",Baneshwor,asif.lamichane5213tinkune@test.com
"Paras Bir Lamichane",Baneshwor,paras.lamichane5214tripureshwor@test.com
"Lalit Gopal Bhurtel",Ekantakuna,lalit.bhurtel5215gaushala@random.org
"Lalit Bahadur Malla",Chabel,lalit.malla5216tinkune@example.com
"Kushal Lal Khadka",Baneshwor,kushal.khadka5217baneshwor@demo.net
"Sandeep Bahadur Kami",Ratnapark,sandeep.kami5218baneshwor@example.com
"Asif Gopal Lamichane",Ratnapark,asif.lamichane5219ekantakuna@test.com
"Binod Dev Lamichane",Jawalakhel,binod.lamichane5220jawalakhel@random.org
"Rohit Kumar Khadka",Gaushala,rohit.khadka5221sundhara@example.com
"Rohit Bhagat Khadka",Tripureshwor,"rohit.khadka5222new road@demo.net"
"Kushal Dev Malla",Tripureshwor,kushal.malla5223ratnapark@test.com
"Binod Bahadur Kami","New Road",binod.kami5224tripureshwor@test.com
"Karan Bhagat Kami",Ekantakuna,karan.kami5225baneshwor@example.com
"Arif Bir Lamichane",Baneshwor,arif.lamichane5226ekantakuna@example.com
"Asif Bir Bhandari",Baneshwor,asif.bhandari5227ekantakuna@demo.net
"Rohit Kumar K.C",Jawalakhel,"rohit.k.c5228new road@test.com"
"Sandeep Bahadur K.C",Ekantakuna,sandeep.k.c5229chabel@example.com
"Rohit Bahadur Lamichane",Tinkune,rohit.lamichane5230ratnapark@example.com
"Asif Bhopal Malla",Gaushala,asif.malla5231ekantakuna@random.org
"Karan Kumar Paudel",Tripureshwor,karan.paudel5232jawalakhel@example.com
"Sompal Bhagat Rajbanshi",Ekantakuna,sompal.rajbanshi5233tripureshwor@demo.net
"Sandeep Bhopal Bhurtel",Chabel,sandeep.bhurtel5234tripureshwor@demo.net
"Arif Krishna Bhandari",Chabel,arif.bhandari5235tinkune@random.org
"Asif Dhoj Rajbanshi",Tinkune,"asif.rajbanshi5236new road@random.org"
"Rohit Kumar Malla",Baneshwor,rohit.malla5237jawalakhel@mail.com
"Karan Kumar Malla",Tinkune,karan.malla5238baneshwor@example.com
"Arif Kumar Bhandari",Gaushala,arif.bhandari5239baneshwor@test.com
"Kushal Bir Rajbanshi",Baneshwor,kushal.rajbanshi5240gaushala@demo.net
"Binod Bhagat Bhurtel",Sundhara,binod.bhurtel5241ekantakuna@example.com
"Arif Gopal Malla",Chabel,arif.malla5242tinkune@random.org
"Sandeep Krishna Malla",Jawalakhel,sandeep.malla5243chabel@mail.com
"Paras Bhopal K.C",Tripureshwor,paras.k.c5244ekantakuna@example.com
"Paras Bahadur Khadka",Ekantakuna,paras.khadka5245gaushala@demo.net
"Kushal Dhoj Khadka",Ekantakuna,kushal.khadka5246sundhara@mail.com
"Kushal Dhoj Paudel",Chabel,kushal.paudel5247sundhara@example.com
"Sandeep Lal Kami",Gaushala,sandeep.kami5248tripureshwor@demo.net
"Binod Krishna K.C",Jawalakhel,binod.k.c5249chabel@test.com
"Lalit Bahadur Paudel","New Road",lalit.paudel5250baneshwor@random.org
"Rohit Dhoj Lamichane",Sundhara,rohit.lamichane5251ratnapark@mail.com
"Asif Bahadur Bhandari",Chabel,asif.bhandari5252tinkune@random.org
"Rohit Bahadur Lamichane",Baneshwor,rohit.lamichane5253tinkune@random.org
"Sompal Kumar Malla",Sundhara,sompal.malla5254jawalakhel@mail.com
"Binod Dev Khadka",Tripureshwor,binod.khadka5255tripureshwor@mail.com
"Arif Dev Lamichane",Chabel,arif.lamichane5256tinkune@random.org
"Rohit Bhagat Kami",Ratnapark,rohit.kami5257sundhara@demo.net
"Sompal Dev Seikh",Gaushala,sompal.seikh5258gaushala@example.com
"Lalit Kumar Kami",Ratnapark,lalit.kami5259sundhara@mail.com
"Paras Dev Bhandari","New Road",paras.bhandari5260tripureshwor@example.com
"Kushal Krishna Khadka",Tripureshwor,kushal.khadka5261baneshwor@test.com
"Sompal Bahadur Paudel",Ratnapark,sompal.paudel5262sundhara@mail.com
"Lalit Krishna Seikh",Chabel,lalit.seikh5263gaushala@mail.com
"Paras Lal Bhurtel",Sundhara,paras.bhurtel5264tinkune@example.com
"Asif Bir K.C",Baneshwor,asif.k.c5265ekantakuna@test.com
"Kushal Krishna Lamichane",Tinkune,kushal.lamichane5266tripureshwor@random.org
"Asif Bir Rajbanshi",Sundhara,"asif.rajbanshi5267new road@mail.com"
"Sompal Krishna Khadka",Jawalakhel,sompal.khadka5268ratnapark@test.com
"Arif Bir Seikh",Sundhara,arif.seikh5269gaushala@test.com
"Sandeep Kumar Kami",Gaushala,sandeep.kami5270ekantakuna@test.com
"Lalit Bhopal Malla",Jawalakhel,lalit.malla5271gaushala@test.com
"Karan Bhopal Seikh","New Road","karan.seikh5272new road@demo.net"
"Sompal Bhagat Bhurtel","New Road",sompal.bhurtel5273baneshwor@mail.com
"Rohit Lal K.C",Ekantakuna,"rohit.k.c5274new road@demo.net"
"Rohit Kumar Paudel","New Road",rohit.paudel5275ratnapark@example.com
"Lalit Gopal Lamichane",Gaushala,lalit.lamichane5276chabel@mail.com
"Binod Bhopal Bhurtel",Sundhara,binod.bhurtel5277tripureshwor@random.org
"Kushal Kumar Malla",Gaushala,kushal.malla5278jawalakhel@test.com
"Asif Gopal Bhandari",Ratnapark,asif.bhandari5279ekantakuna@example.com
"Asif Dhoj Khadka","New Road",asif.khadka5280chabel@example.com
"Paras Gopal Bhandari",Baneshwor,paras.bhandari5281tripureshwor@random.org
"Sompal Dhoj Bhurtel",Ratnapark,sompal.bhurtel5282baneshwor@demo.net
"Asif Gopal Kami",Jawalakhel,asif.kami5283jawalakhel@mail.com
"Lalit Lal Bhandari",Tinkune,lalit.bhandari5284tinkune@test.com
"Arif Dhoj Kami",Baneshwor,arif.kami5285gaushala@test.com
"Rohit Bir Malla",Sundhara,rohit.malla5286ekantakuna@test.com
"Sandeep Gopal Bhandari",Baneshwor,sandeep.bhandari5287jawalakhel@random.org
"Paras Bahadur K.C",Ekantakuna,paras.k.c5288baneshwor@test.com
"Binod Dhoj Seikh",Tripureshwor,binod.seikh5289baneshwor@example.com
"Asif Bhopal Malla",Chabel,asif.malla5290jawalakhel@example.com
"Rohit Bhagat Khadka",Chabel,rohit.khadka5291gaushala@random.org
"Binod Kumar Kami",Gaushala,binod.kami5292gaushala@test.com
"Binod Bhagat Bhurtel",Sundhara,binod.bhurtel5293ekantakuna@example.com
"Arif Bir Khadka",Sundhara,arif.khadka5294chabel@demo.net
"Rohit Kumar Paudel",Ratnapark,rohit.paudel5295ratnapark@example.com
"Sompal Krishna K.C",Ratnapark,sompal.k.c5296baneshwor@example.com
"Lalit Bahadur Rajbanshi",Ratnapark,lalit.rajbanshi5297ratnapark@example.com
"Karan Lal Kami",Tinkune,karan.kami5298chabel@test.com
"Sompal Dhoj Bhandari",Jawalakhel,sompal.bhandari5299tinkune@random.org
"Arif Bhopal K.C",Ekantakuna,arif.k.c5300sundhara@random.org
"Sandeep Dev Kami",Sundhara,sandeep.kami5301baneshwor@example.com
"Kushal Gopal Rajbanshi",Gaushala,kushal.rajbanshi5302jawalakhel@example.com
"Lalit Bhopal Malla",Tinkune,lalit.malla5303ratnapark@mail.com
"Sandeep Lal Seikh",Tripureshwor,sandeep.seikh5304tripureshwor@demo.net
"Sandeep Gopal Kami",Gaushala,"sandeep.kami5305new road@random.org"
"Arif Lal Bhurtel",Ratnapark,arif.bhurtel5306ratnapark@example.com
"Binod Bhagat Malla",Ekantakuna,binod.malla5307chabel@demo.net
"Arif Dev Bhurtel",Tinkune,arif.bhurtel5308ratnapark@example.com
"Sompal Krishna Lamichane",Sundhara,sompal.lamichane5309baneshwor@example.com
"Binod Dhoj Rajbanshi",Baneshwor,binod.rajbanshi5310ratnapark@demo.net
"Sompal Bir Bhandari",Jawalakhel,sompal.bhandari5311jawalakhel@random.org
"Paras Krishna Rajbanshi","New Road",paras.rajbanshi5312tripureshwor@test.com
"Kushal Bhagat Khadka",Tripureshwor,kushal.khadka5313ratnapark@mail.com
"Sompal Dhoj Malla",Jawalakhel,"sompal.malla5314new road@mail.com"
"Karan Kumar Lamichane",Ratnapark,karan.lamichane5315tripureshwor@mail.com
"Rohit Dhoj K.C",Chabel,rohit.k.c5316tripureshwor@mail.com
"Karan Bahadur Bhandari",Jawalakhel,karan.bhandari5317baneshwor@mail.com
"Binod Dhoj Malla",Chabel,binod.malla5318tripureshwor@example.com
"Karan Kumar Rajbanshi",Ratnapark,karan.rajbanshi5319tripureshwor@example.com
"Binod Dev Seikh",Tripureshwor,binod.seikh5320jawalakhel@random.org
"Paras Bhagat Malla",Sundhara,paras.malla5321baneshwor@test.com
"Sandeep Dhoj Khadka",Jawalakhel,sandeep.khadka5322tinkune@example.com
"Sandeep Lal Rajbanshi",Ratnapark,sandeep.rajbanshi5323jawalakhel@random.org
"Sompal Bahadur Malla",Tinkune,sompal.malla5324baneshwor@random.org
"Sandeep Dev Rajbanshi",Ekantakuna,sandeep.rajbanshi5325sundhara@test.com
"Asif Dhoj Paudel",Ekantakuna,asif.paudel5326baneshwor@example.com
"Sompal Dev Kami",Ratnapark,sompal.kami5327ratnapark@mail.com
"Arif Dev Bhurtel",Tripureshwor,arif.bhurtel5328tripureshwor@test.com
"Sandeep Bir Bhandari",Baneshwor,sandeep.bhandari5329tinkune@random.org
"Rohit Lal Seikh",Tinkune,rohit.seikh5330baneshwor@mail.com
"Lalit Dev Rajbanshi","New Road","lalit.rajbanshi5331new road@random.org"
"Binod Bahadur Khadka",Sundhara,binod.khadka5332chabel@random.org
"Sompal Bhagat Rajbanshi",Baneshwor,sompal.rajbanshi5333tinkune@mail.com
"Kushal Krishna Kami","New Road",kushal.kami5334gaushala@test.com
"Rohit Bir Bhandari",Ekantakuna,rohit.bhandari5335ekantakuna@demo.net
"Lalit Kumar Khadka",Sundhara,lalit.khadka5336tripureshwor@test.com
"Sompal Krishna Khadka",Baneshwor,sompal.khadka5337ekantakuna@demo.net
"Paras Lal Bhandari",Jawalakhel,paras.bhandari5338baneshwor@example.com
"Rohit Krishna Rajbanshi",Sundhara,rohit.rajbanshi5339tripureshwor@mail.com
"Binod Dev Lamichane",Chabel,binod.lamichane5340ekantakuna@random.org
"Sompal Bhopal Seikh",Jawalakhel,"sompal.seikh5341new road@mail.com"
"Kushal Dhoj Lamichane",Jawalakhel,kushal.lamichane5342gaushala@demo.net
"Binod Krishna K.C","New Road",binod.k.c5343jawalakhel@test.com
"Arif Bhagat Rajbanshi",Gaushala,arif.rajbanshi5344chabel@mail.com
"Paras Bir Paudel",Sundhara,paras.paudel5345tinkune@example.com
"Kushal Bhagat Rajbanshi",Jawalakhel,kushal.rajbanshi5346sundhara@mail.com
"Lalit Lal Malla","New Road",lalit.malla5347ekantakuna@test.com
"Rohit Bhagat Lamichane",Ekantakuna,rohit.lamichane5348chabel@mail.com
"Lalit Bhopal Khadka",Baneshwor,lalit.khadka5349sundhara@demo.net
"Rohit Krishna Bhurtel",Ratnapark,rohit.bhurtel5350jawalakhel@example.com
"Rohit Dev Seikh",Ekantakuna,rohit.seikh5351baneshwor@random.org
"Sandeep Bahadur Bhurtel",Sundhara,sandeep.bhurtel5352ekantakuna@mail.com
"Karan Bahadur Seikh",Tinkune,karan.seikh5353jawalakhel@mail.com
"Sandeep Gopal Kami",Ekantakuna,sandeep.kami5354gaushala@test.com
"Rohit Dhoj Khadka",Tinkune,rohit.khadka5355ekantakuna@test.com
"Rohit Krishna Bhurtel",Gaushala,rohit.bhurtel5356baneshwor@demo.net
"Karan Bhopal Rajbanshi",Ratnapark,karan.rajbanshi5357sundhara@random.org
"Arif Dhoj Kami",Jawalakhel,arif.kami5358tinkune@random.org
"Karan Gopal Paudel",Ekantakuna,karan.paudel5359tripureshwor@test.com
"Binod Lal K.C",Ratnapark,"binod.k.c5360new road@random.org"
"Binod Dev Lamichane",Ratnapark,binod.lamichane5361tripureshwor@random.org
"Arif Bhopal Seikh",Tripureshwor,arif.seikh5362baneshwor@test.com
"Karan Bahadur K.C","New Road",karan.k.c5363ekantakuna@example.com
"Paras Bahadur Bhurtel",Gaushala,paras.bhurtel5364chabel@random.org
"Paras Dev Seikh","New Road",paras.seikh5365ekantakuna@random.org
"Kushal Dhoj Malla",Ratnapark,"kushal.malla5366new road@demo.net"
"Kushal Lal Seikh",Gaushala,kushal.seikh5367tripureshwor@test.com
"Lalit Kumar Kami",Tinkune,lalit.kami5368jawalakhel@test.com
"Sompal Lal Seikh",Gaushala,sompal.seikh5369jawalakhel@mail.com
"Karan Dhoj Malla",Tinkune,karan.malla5370baneshwor@demo.net
"Binod Lal K.C",Gaushala,binod.k.c5371ratnapark@mail.com
"Kushal Bahadur K.C",Tinkune,kushal.k.c5372ekantakuna@example.com
"Sandeep Kumar Malla",Gaushala,sandeep.malla5373chabel@demo.net
"Binod Dev K.C",Chabel,binod.k.c5374tinkune@example.com
"Sompal Bir Malla",Sundhara,"sompal.malla5375new road@test.com"
"Sandeep Dev Seikh",Baneshwor,sandeep.seikh5376gaushala@random.org
"Arif Kumar Malla",Sundhara,arif.malla5377tripureshwor@demo.net
"Binod Bhagat K.C","New Road",binod.k.c5378tinkune@test.com
"Sandeep Dev K.C",Sundhara,sandeep.k.c5379gaushala@random.org
"Lalit Bhagat Bhurtel","New Road",lalit.bhurtel5380tripureshwor@test.com
"Lalit Krishna Khadka",Ekantakuna,"lalit.khadka5381new road@example.com"
"Sompal Kumar Lamichane",Tripureshwor,sompal.lamichane5382jawalakhel@test.com
"Rohit Krishna Lamichane",Gaushala,rohit.lamichane5383baneshwor@example.com
"Lalit Gopal Bhandari",Tinkune,lalit.bhandari5384gaushala@example.com
"Binod Dhoj Kami",Tripureshwor,binod.kami5385sundhara@mail.com
"Paras Dhoj Malla",Gaushala,paras.malla5386ekantakuna@mail.com
"Lalit Dhoj Seikh",Ratnapark,"lalit.seikh5387new road@example.com"
"Paras Bhagat Malla",Ekantakuna,paras.malla5388sundhara@test.com
"Kushal Bir Rajbanshi",Jawalakhel,kushal.rajbanshi5389sundhara@example.com
"Lalit Bir Lamichane",Jawalakhel,lalit.lamichane5390ratnapark@mail.com
"Karan Bhopal Bhandari","New Road",karan.bhandari5391tripureshwor@example.com
"Binod Bhopal Paudel",Tripureshwor,binod.paudel5392baneshwor@mail.com
"Kushal Bhagat Kami",Ekantakuna,kushal.kami5393tripureshwor@random.org
"Sompal Bhagat Seikh",Chabel,"sompal.seikh5394new road@example.com"
"Rohit Bhagat Bhurtel",Gaushala,rohit.bhurtel5395chabel@demo.net
"Karan Bhopal Paudel",Tripureshwor,karan.paudel5396tinkune@random.org
"Paras Gopal Khadka",Gaushala,paras.khadka5397ekantakuna@mail.com
"Sandeep Bir Kami",Sundhara,sandeep.kami5398tripureshwor@mail.com
"Arif Bhopal K.C","New Road",arif.k.c5399baneshwor@test.com
"Lalit Gopal Malla",Jawalakhel,lalit.malla5400tripureshwor@demo.net
"Sandeep Kumar Rajbanshi",Tripureshwor,sandeep.rajbanshi5401chabel@test.com
"Sompal Lal Rajbanshi",Ekantakuna,sompal.rajbanshi5402ratnapark@mail.com
"Sompal Bir Kami","New Road",sompal.kami5403gaushala@random.org
"Kushal Bir Khadka",Tripureshwor,kushal.khadka5404chabel@example.com
"Rohit Lal Malla",Ratnapark,rohit.malla5405gaushala@test.com
"Asif Krishna K.C",Jawalakhel,asif.k.c5406ratnapark@mail.com
"Paras Dhoj K.C",Sundhara,paras.k.c5407sundhara@mail.com
"Karan Bahadur Seikh",Ekantakuna,karan.seikh5408gaushala@example.com
"Asif Bahadur Paudel",Sundhara,asif.paudel5409ratnapark@example.com
"Sompal Kumar Lamichane",Chabel,sompal.lamichane5410baneshwor@mail.com
"Arif Dev Paudel",Tripureshwor,arif.paudel5411baneshwor@random.org
"Lalit Krishna Seikh",Chabel,lalit.seikh5412baneshwor@mail.com
"Sompal Gopal Bhurtel",Ekantakuna,sompal.bhurtel5413sundhara@example.com
"Arif Dhoj Malla",Jawalakhel,"arif.malla5414new road@random.org"
"Kushal Lal Lamichane",Ekantakuna,kushal.lamichane5415tinkune@example.com
"Arif Dhoj Lamichane",Gaushala,arif.lamichane5416jawalakhel@mail.com
"Binod Bahadur Rajbanshi",Ratnapark,binod.rajbanshi5417ratnapark@mail.com
"Binod Lal Malla",Tinkune,"binod.malla5418new road@random.org"
"Asif Gopal Seikh",Tripureshwor,asif.seikh5419jawalakhel@example.com
"Arif Bir Bhurtel","New Road",arif.bhurtel5420chabel@test.com
"Kushal Dev Lamichane",Sundhara,kushal.lamichane5421gaushala@random.org
"Kushal Gopal Seikh",Jawalakhel,"kushal.seikh5422new road@random.org"
"Lalit Gopal Bhandari",Tripureshwor,lalit.bhandari5423ratnapark@random.org
"Binod Bahadur Paudel",Baneshwor,"binod.paudel5424new road@random.org"
"Kushal Krishna Malla",Jawalakhel,kushal.malla5425chabel@test.com
"Paras Bir Lamichane","New Road",paras.lamichane5426chabel@test.com
"Lalit Kumar Bhurtel",Ratnapark,lalit.bhurtel5427chabel@demo.net
"Lalit Bir Khadka",Chabel,lalit.khadka5428chabel@mail.com
"Sompal Krishna Paudel",Ratnapark,sompal.paudel5429sundhara@test.com
"Sandeep Gopal Bhurtel",Baneshwor,sandeep.bhurtel5430baneshwor@test.com
"Paras Bir Lamichane","New Road",paras.lamichane5431ekantakuna@mail.com
"Rohit Krishna Bhurtel",Jawalakhel,"rohit.bhurtel5432new road@random.org"
"Lalit Lal Bhandari",Ratnapark,"lalit.bhandari5433new road@demo.net"
"Karan Dhoj Lamichane",Tripureshwor,karan.lamichane5434tinkune@test.com
"Rohit Gopal Kami",Ratnapark,rohit.kami5435tinkune@example.com
"Binod Lal Bhandari",Ratnapark,binod.bhandari5436tripureshwor@demo.net
"Karan Kumar Rajbanshi",Gaushala,karan.rajbanshi5437tripureshwor@example.com
"Rohit Krishna Bhurtel",Jawalakhel,rohit.bhurtel5438chabel@example.com
"Sandeep Dhoj Rajbanshi",Gaushala,sandeep.rajbanshi5439baneshwor@example.com
"Rohit Bhopal Malla",Gaushala,rohit.malla5440tripureshwor@mail.com
"Lalit Bhopal Rajbanshi","New Road",lalit.rajbanshi5441gaushala@demo.net
"Asif Dhoj Rajbanshi","New Road",asif.rajbanshi5442tripureshwor@example.com
"Kushal Krishna Bhandari",Baneshwor,kushal.bhandari5443tinkune@random.org
"Lalit Dhoj Bhurtel",Ekantakuna,lalit.bhurtel5444tinkune@test.com
"Asif Krishna Bhurtel",Tripureshwor,asif.bhurtel5445tinkune@mail.com
"Binod Lal Khadka",Baneshwor,binod.khadka5446jawalakhel@random.org
"Sompal Dev Kami",Baneshwor,sompal.kami5447baneshwor@random.org
"Sandeep Dhoj Malla",Baneshwor,sandeep.malla5448gaushala@mail.com
"Kushal Dhoj Paudel","New Road",kushal.paudel5449tripureshwor@mail.com
"Arif Lal Malla",Gaushala,arif.malla5450jawalakhel@random.org
"Kushal Bhagat K.C",Gaushala,kushal.k.c5451tinkune@test.com
"Lalit Krishna K.C",Chabel,lalit.k.c5452tinkune@test.com
"Karan Gopal Kami",Gaushala,karan.kami5453ratnapark@example.com
"Paras Kumar Bhurtel",Gaushala,paras.bhurtel5454jawalakhel@test.com
"Asif Bahadur Kami","New Road",asif.kami5455chabel@random.org
"Kushal Krishna Bhandari",Tripureshwor,kushal.bhandari5456jawalakhel@example.com
"Arif Dhoj Rajbanshi",Sundhara,arif.rajbanshi5457tripureshwor@example.com
"Paras Bahadur Paudel",Jawalakhel,"paras.paudel5458new road@random.org"
"Arif Dev Lamichane",Ekantakuna,arif.lamichane5459chabel@test.com
"Lalit Bhopal Bhurtel","New Road",lalit.bhurtel5460chabel@test.com
"Kushal Bhopal Kami",Sundhara,kushal.kami5461tinkune@demo.net
"Asif Kumar Kami",Gaushala,asif.kami5462jawalakhel@demo.net
"Lalit Bir Bhandari",Ratnapark,lalit.bhandari5463jawalakhel@random.org
"Arif Bhopal Malla",Jawalakhel,arif.malla5464ekantakuna@demo.net
"Binod Dhoj Bhurtel",Tinkune,binod.bhurtel5465tinkune@test.com
"Paras Gopal Seikh",Ratnapark,paras.seikh5466ekantakuna@random.org
"Sandeep Kumar Bhandari",Sundhara,sandeep.bhandari5467jawalakhel@mail.com
"Paras Bhopal Lamichane","New Road",paras.lamichane5468chabel@test.com
"Asif Bir Khadka",Ratnapark,asif.khadka5469gaushala@demo.net
"Karan Gopal Seikh",Sundhara,karan.seikh5470sundhara@test.com
"Karan Krishna Rajbanshi",Tripureshwor,karan.rajbanshi5471tinkune@mail.com
"Arif Bir Paudel",Jawalakhel,arif.paudel5472ekantakuna@demo.net
"Paras Krishna Malla",Tripureshwor,paras.malla5473ratnapark@test.com
"Kushal Bhagat Bhurtel",Ratnapark,kushal.bhurtel5474tripureshwor@demo.net
"Kushal Krishna Bhandari",Chabel,kushal.bhandari5475ekantakuna@demo.net
"Asif Bir Malla",Ratnapark,asif.malla5476baneshwor@mail.com
"Lalit Kumar Rajbanshi",Tripureshwor,lalit.rajbanshi5477ekantakuna@mail.com
"Arif Kumar Khadka",Ratnapark,arif.khadka5478ratnapark@random.org
"Asif Bhagat Lamichane",Chabel,"asif.lamichane5479new road@mail.com"
"Arif Gopal Kami",Tripureshwor,arif.kami5480chabel@demo.net
"Karan Bhopal Bhurtel",Ratnapark,karan.bhurtel5481gaushala@test.com
"Karan Bahadur Malla",Ratnapark,karan.malla5482ekantakuna@mail.com
"Arif Lal Bhurtel",Gaushala,"arif.bhurtel5483new road@demo.net"
"Asif Krishna Paudel",Ekantakuna,asif.paudel5484ekantakuna@random.org
"Karan Krishna K.C","New Road",karan.k.c5485jawalakhel@mail.com
"Karan Krishna Kami",Baneshwor,karan.kami5486ratnapark@mail.com
"Sompal Bhagat Lamichane",Tinkune,sompal.lamichane5487jawalakhel@mail.com
"Lalit Dev Kami",Gaushala,lalit.kami5488chabel@example.com
"Paras Dev Paudel",Tinkune,paras.paudel5489ratnapark@random.org
"Binod Dev Malla",Baneshwor,binod.malla5490sundhara@random.org
"Lalit Bhagat Bhandari",Ratnapark,lalit.bhandari5491ekantakuna@mail.com
"Sompal Gopal Seikh",Tripureshwor,sompal.seikh5492chabel@example.com
"Arif Bhopal Bhurtel",Baneshwor,arif.bhurtel5493tripureshwor@demo.net
"Paras Dev Paudel",Chabel,"paras.paudel5494new road@example.com"
"Binod Bir Rajbanshi",Sundhara,binod.rajbanshi5495tripureshwor@mail.com
"Asif Dhoj Lamichane",Ekantakuna,asif.lamichane5496ekantakuna@example.com
"Lalit Dhoj Paudel","New Road",lalit.paudel5497sundhara@example.com
"Asif Lal Seikh",Chabel,asif.seikh5498ratnapark@test.com
"Karan Bir Khadka","New Road",karan.khadka5499baneshwor@test.com
"Sandeep Bhopal Seikh",Tripureshwor,sandeep.seikh5500jawalakhel@example.com
"Binod Krishna Bhandari",Ekantakuna,binod.bhandari5501gaushala@mail.com
"Paras Bhopal Paudel",Baneshwor,paras.paudel5502chabel@example.com
"Arif Dev Lamichane",Sundhara,arif.lamichane5503tripureshwor@demo.net
"Asif Lal Paudel",Sundhara,asif.paudel5504ekantakuna@example.com
"Binod Bhagat Kami",Gaushala,binod.kami5505jawalakhel@test.com
"Binod Dev Kami",Ekantakuna,binod.kami5506ekantakuna@mail.com
"Karan Bir Rajbanshi",Jawalakhel,karan.rajbanshi5507ekantakuna@mail.com
"Binod Krishna Seikh",Baneshwor,binod.seikh5508jawalakhel@random.org
"Sompal Lal Lamichane",Sundhara,sompal.lamichane5509tinkune@example.com
"Lalit Lal Khadka",Ekantakuna,lalit.khadka5510tinkune@random.org
"Sompal Bhagat K.C",Tinkune,sompal.k.c5511sundhara@demo.net
"Paras Bhagat Khadka",Tripureshwor,paras.khadka5512ekantakuna@random.org
"Sandeep Dev Lamichane","New Road",sandeep.lamichane5513jawalakhel@example.com
"Binod Bhopal Paudel",Sundhara,binod.paudel5514ratnapark@example.com
"Binod Lal Rajbanshi",Sundhara,binod.rajbanshi5515sundhara@test.com
"Arif Bhagat Bhandari",Sundhara,"arif.bhandari5516new road@example.com"
"Paras Bahadur Bhurtel",Gaushala,paras.bhurtel5517gaushala@test.com
"Karan Kumar Malla",Tinkune,karan.malla5518ratnapark@mail.com
"Paras Bhagat Bhandari",Tripureshwor,paras.bhandari5519tinkune@random.org
"Binod Bhopal Lamichane",Gaushala,binod.lamichane5520sundhara@test.com
"Sandeep Dhoj Rajbanshi",Ratnapark,sandeep.rajbanshi5521ekantakuna@mail.com
"Rohit Bahadur Bhurtel",Sundhara,rohit.bhurtel5522gaushala@mail.com
"Binod Bhagat K.C","New Road","binod.k.c5523new road@demo.net"
"Binod Dev Paudel",Ratnapark,binod.paudel5524ratnapark@test.com
"Rohit Dev Bhurtel",Chabel,rohit.bhurtel5525tinkune@test.com
"Paras Bahadur Lamichane","New Road",paras.lamichane5526tripureshwor@example.com
"Karan Dev Rajbanshi",Gaushala,karan.rajbanshi5527ratnapark@demo.net
"Paras Dhoj Rajbanshi",Tripureshwor,paras.rajbanshi5528tripureshwor@demo.net
"Arif Gopal Lamichane",Sundhara,arif.lamichane5529ekantakuna@example.com
"Sandeep Bhagat Khadka",Baneshwor,sandeep.khadka5530tinkune@test.com
"Lalit Dhoj Paudel","New Road",lalit.paudel5531baneshwor@example.com
"Binod Kumar K.C",Gaushala,binod.k.c5532tinkune@mail.com
"Rohit Krishna Bhurtel",Baneshwor,rohit.bhurtel5533ekantakuna@demo.net
"Sandeep Bhagat Rajbanshi",Jawalakhel,sandeep.rajbanshi5534gaushala@random.org
"Sandeep Krishna Seikh",Ekantakuna,sandeep.seikh5535jawalakhel@example.com
"Arif Lal Seikh",Chabel,arif.seikh5536chabel@mail.com
"Asif Bahadur Seikh",Tinkune,"asif.seikh5537new road@test.com"
"Arif Gopal Bhandari",Baneshwor,arif.bhandari5538sundhara@example.com
"Rohit Dev Bhurtel",Ratnapark,rohit.bhurtel5539gaushala@demo.net
"Sandeep Krishna Lamichane",Tinkune,sandeep.lamichane5540gaushala@random.org
"Binod Dev Rajbanshi",Jawalakhel,"binod.rajbanshi5541new road@random.org"
"Binod Bahadur K.C","New Road",binod.k.c5542chabel@example.com
"Kushal Bahadur Seikh",Tripureshwor,kushal.seikh5543tinkune@mail.com
"Asif Gopal Paudel",Chabel,asif.paudel5544ekantakuna@random.org
"Sompal Krishna Bhurtel",Tinkune,sompal.bhurtel5545ratnapark@example.com
"Kushal Dev Malla",Jawalakhel,kushal.malla5546baneshwor@test.com
"Binod Kumar Lamichane",Jawalakhel,"binod.lamichane5547new road@random.org"
"Karan Bir Bhurtel",Baneshwor,"karan.bhurtel5548new road@random.org"
"Paras Gopal Lamichane",Sundhara,paras.lamichane5549gaushala@example.com
"Kushal Bhagat K.C",Tinkune,kushal.k.c5550ratnapark@random.org
"Paras Dhoj Kami",Chabel,paras.kami5551ekantakuna@example.com
"Lalit Bhopal Paudel",Sundhara,lalit.paudel5552ratnapark@random.org
"Paras Bhagat Lamichane",Ratnapark,paras.lamichane5553chabel@example.com
"Arif Gopal Kami",Ratnapark,arif.kami5554ratnapark@test.com
"Arif Dev Rajbanshi",Sundhara,"arif.rajbanshi5555new road@mail.com"
"Binod Dhoj Bhurtel",Tripureshwor,binod.bhurtel5556ratnapark@demo.net
"Kushal Dhoj Kami",Ratnapark,kushal.kami5557gaushala@example.com
"Sompal Bahadur Seikh",Ratnapark,sompal.seikh5558gaushala@test.com
"Asif Krishna Lamichane",Tinkune,asif.lamichane5559baneshwor@demo.net
"Lalit Lal Khadka",Jawalakhel,lalit.khadka5560sundhara@mail.com
"Rohit Bhopal Rajbanshi",Baneshwor,rohit.rajbanshi5561chabel@mail.com
"Kushal Gopal Seikh","New Road",kushal.seikh5562baneshwor@mail.com
"Rohit Bir Lamichane",Chabel,rohit.lamichane5563gaushala@random.org
"Sandeep Bhagat Rajbanshi",Ratnapark,sandeep.rajbanshi5564ekantakuna@random.org
"Sandeep Kumar K.C",Gaushala,"sandeep.k.c5565new road@example.com"
"Karan Lal Paudel","New Road","karan.paudel5566new road@random.org"
"Asif Bir Paudel",Tripureshwor,asif.paudel5567sundhara@test.com
"Rohit Dhoj Paudel",Tripureshwor,rohit.paudel5568ekantakuna@mail.com
"Kushal Bhopal Lamichane",Gaushala,kushal.lamichane5569gaushala@mail.com
"Sandeep Bhagat Paudel","New Road",sandeep.paudel5570jawalakhel@demo.net
"Lalit Bhagat Khadka",Jawalakhel,lalit.khadka5571ekantakuna@random.org
"Sandeep Lal Rajbanshi",Tripureshwor,sandeep.rajbanshi5572chabel@random.org
"Sandeep Dev Kami",Baneshwor,sandeep.kami5573sundhara@example.com
"Asif Gopal Seikh",Gaushala,asif.seikh5574ratnapark@random.org
"Rohit Bahadur Paudel",Tinkune,rohit.paudel5575sundhara@random.org
"Kushal Krishna Paudel",Baneshwor,kushal.paudel5576ratnapark@test.com
"Sandeep Dhoj Seikh",Ekantakuna,sandeep.seikh5577ekantakuna@mail.com
"Binod Bahadur Bhandari",Ekantakuna,binod.bhandari5578tripureshwor@example.com
"Asif Krishna Rajbanshi",Ratnapark,asif.rajbanshi5579jawalakhel@example.com
"Asif Krishna K.C",Chabel,asif.k.c5580ratnapark@demo.net
"Lalit Gopal Bhurtel",Chabel,lalit.bhurtel5581tinkune@test.com
"Asif Bahadur Lamichane",Ratnapark,asif.lamichane5582baneshwor@random.org
"Arif Bir Malla",Gaushala,"arif.malla5583new road@test.com"
"Binod Lal Seikh",Tripureshwor,binod.seikh5584gaushala@demo.net
"Sompal Krishna K.C",Jawalakhel,"sompal.k.c5585new road@example.com"
"Sompal Dhoj Malla",Ekantakuna,sompal.malla5586chabel@mail.com
"Lalit Bahadur Bhandari",Tripureshwor,lalit.bhandari5587jawalakhel@mail.com
"Paras Kumar Bhurtel",Sundhara,paras.bhurtel5588ekantakuna@test.com
"Paras Krishna Kami",Tripureshwor,paras.kami5589jawalakhel@mail.com
"Asif Bahadur Rajbanshi",Gaushala,asif.rajbanshi5590ratnapark@demo.net
"Arif Bir Paudel",Ratnapark,arif.paudel5591ratnapark@random.org
"Kushal Dhoj Malla",Jawalakhel,kushal.malla5592tinkune@test.com
"Kushal Dev Bhurtel","New Road",kushal.bhurtel5593jawalakhel@test.com
"Rohit Bhagat Seikh",Tripureshwor,rohit.seikh5594gaushala@mail.com
"Sandeep Bir Bhurtel",Tinkune,sandeep.bhurtel5595gaushala@demo.net
"Arif Bir Seikh",Sundhara,arif.seikh5596tripureshwor@demo.net
"Paras Dev Malla",Chabel,paras.malla5597tinkune@test.com
"Binod Bhopal Rajbanshi",Ekantakuna,binod.rajbanshi5598gaushala@mail.com
"Sompal Bhagat K.C",Sundhara,sompal.k.c5599gaushala@test.com
"Sompal Bhagat Kami",Chabel,sompal.kami5600chabel@mail.com
"Sandeep Kumar Bhandari",Jawalakhel,sandeep.bhandari5601tripureshwor@mail.com
"Paras Dev Lamichane","New Road",paras.lamichane5602tinkune@random.org
"Asif Bahadur Seikh",Sundhara,asif.seikh5603gaushala@test.com
"Asif Bhagat Khadka","New Road",asif.khadka5604jawalakhel@demo.net
"Karan Dhoj Kami",Tinkune,"karan.kami5605new road@example.com"
"Sandeep Bhopal Bhandari",Baneshwor,"sandeep.bhandari5606new road@demo.net"
"Sompal Lal Paudel",Sundhara,sompal.paudel5607baneshwor@test.com
"Paras Bahadur Rajbanshi",Tinkune,paras.rajbanshi5608jawalakhel@demo.net
"Lalit Bir Khadka",Tripureshwor,lalit.khadka5609tripureshwor@random.org
"Binod Kumar Seikh",Baneshwor,binod.seikh5610jawalakhel@random.org
"Asif Krishna Seikh",Tripureshwor,asif.seikh5611gaushala@test.com
"Sandeep Dhoj Paudel",Baneshwor,sandeep.paudel5612jawalakhel@mail.com
"Arif Lal Rajbanshi","New Road",arif.rajbanshi5613ekantakuna@test.com
"Sompal Lal Paudel",Tripureshwor,sompal.paudel5614tripureshwor@test.com
"Binod Lal Kami",Tinkune,binod.kami5615jawalakhel@random.org
"Kushal Bhagat Bhandari",Tinkune,kushal.bhandari5616gaushala@example.com
"Sompal Bahadur Kami",Chabel,sompal.kami5617ratnapark@test.com
"Karan Bhagat Seikh",Jawalakhel,karan.seikh5618sundhara@test.com
"Sompal Dhoj Khadka",Chabel,sompal.khadka5619tripureshwor@test.com
"Arif Krishna Bhandari",Jawalakhel,"arif.bhandari5620new road@example.com"
"Kushal Krishna Bhurtel",Tinkune,kushal.bhurtel5621chabel@mail.com
"Karan Gopal K.C",Ekantakuna,karan.k.c5622ekantakuna@mail.com
"Asif Dhoj Bhandari",Sundhara,"asif.bhandari5623new road@random.org"
"Binod Krishna Rajbanshi",Chabel,binod.rajbanshi5624jawalakhel@mail.com
"Sompal Krishna Bhurtel",Tinkune,sompal.bhurtel5625sundhara@test.com
"Rohit Gopal Lamichane","New Road",rohit.lamichane5626baneshwor@mail.com
"Arif Dhoj Bhandari",Jawalakhel,arif.bhandari5627ratnapark@random.org
"Sompal Bhopal Kami",Tinkune,sompal.kami5628jawalakhel@test.com
"Arif Bahadur Khadka",Baneshwor,arif.khadka5629chabel@random.org
"Paras Bhagat Malla",Tripureshwor,paras.malla5630gaushala@random.org
"Karan Krishna Lamichane",Sundhara,karan.lamichane5631jawalakhel@demo.net
"Binod Bhopal Kami",Jawalakhel,binod.kami5632ekantakuna@demo.net
"Lalit Bhagat Seikh",Tinkune,lalit.seikh5633baneshwor@test.com
"Lalit Dhoj Paudel",Tripureshwor,lalit.paudel5634jawalakhel@mail.com
"Rohit Bahadur Khadka",Tripureshwor,"rohit.khadka5635new road@test.com"
"Arif Krishna Lamichane",Chabel,arif.lamichane5636sundhara@random.org
"Arif Dev Malla",Ekantakuna,"arif.malla5637new road@demo.net"
"Sandeep Bhagat Lamichane",Gaushala,sandeep.lamichane5638ekantakuna@test.com
"Sandeep Kumar Paudel",Jawalakhel,sandeep.paudel5639tinkune@test.com
"Kushal Gopal Malla",Tinkune,kushal.malla5640baneshwor@test.com
"Binod Kumar Lamichane",Sundhara,binod.lamichane5641tinkune@example.com
"Binod Dhoj Malla",Tripureshwor,binod.malla5642sundhara@random.org
"Arif Bhopal Lamichane","New Road",arif.lamichane5643ekantakuna@mail.com
"Karan Dhoj Bhurtel",Tripureshwor,karan.bhurtel5644sundhara@mail.com
"Paras Bhopal Seikh",Ratnapark,paras.seikh5645tinkune@example.com
"Sandeep Bir Rajbanshi",Sundhara,sandeep.rajbanshi5646tripureshwor@test.com
"Kushal Bhopal Kami",Tinkune,kushal.kami5647sundhara@mail.com
"Sompal Lal Bhandari",Jawalakhel,sompal.bhandari5648chabel@demo.net
"Paras Dhoj Kami",Tripureshwor,paras.kami5649gaushala@demo.net
"Arif Bhopal Paudel",Jawalakhel,arif.paudel5650ekantakuna@demo.net
"Sandeep Bhopal Khadka",Tripureshwor,sandeep.khadka5651tinkune@demo.net
"Asif Bhopal Seikh",Sundhara,"asif.seikh5652new road@test.com"
"Rohit Bhagat Paudel",Tinkune,"rohit.paudel5653new road@demo.net"
"Binod Bahadur Rajbanshi",Jawalakhel,binod.rajbanshi5654jawalakhel@random.org
"Lalit Bahadur Bhandari","New Road",lalit.bhandari5655gaushala@demo.net
"Asif Bhopal Kami",Gaushala,asif.kami5656ratnapark@mail.com
"Paras Krishna Seikh",Sundhara,paras.seikh5657sundhara@mail.com
"Sompal Bhopal Bhandari",Tripureshwor,sompal.bhandari5658ratnapark@random.org
"Paras Bhopal Bhandari",Chabel,paras.bhandari5659jawalakhel@demo.net
"Sandeep Dev Paudel",Ekantakuna,"sandeep.paudel5660new road@mail.com"
"Karan Bhagat Seikh",Tripureshwor,karan.seikh5661sundhara@test.com
"Asif Bhagat Khadka",Tinkune,asif.khadka5662tinkune@random.org
"Kushal Bahadur Seikh",Gaushala,kushal.seikh5663tripureshwor@test.com
"Sompal Bir Lamichane",Chabel,sompal.lamichane5664sundhara@demo.net
"Kushal Bir Bhandari",Tinkune,kushal.bhandari5665gaushala@random.org
"Kushal Dev Paudel",Ekantakuna,kushal.paudel5666sundhara@demo.net
"Rohit Lal Bhandari",Ratnapark,rohit.bhandari5667tripureshwor@demo.net
"Sandeep Bhagat K.C",Baneshwor,"sandeep.k.c5668new road@test.com"
"Asif Bir Lamichane",Jawalakhel,asif.lamichane5669tinkune@example.com
"Paras Bhagat Seikh",Ekantakuna,paras.seikh5670ratnapark@random.org
"Sompal Bhagat Seikh",Tinkune,sompal.seikh5671baneshwor@demo.net
"Kushal Gopal Bhurtel",Gaushala,kushal.bhurtel5672gaushala@example.com
"Kushal Krishna Kami",Tripureshwor,kushal.kami5673ekantakuna@test.com
"Lalit Dev Seikh",Ratnapark,lalit.seikh5674tripureshwor@example.com
"Paras Kumar Paudel",Jawalakhel,paras.paudel5675gaushala@random.org
"Arif Gopal Paudel",Chabel,arif.paudel5676jawalakhel@demo.net
"Lalit Bhagat Malla",Jawalakhel,lalit.malla5677jawalakhel@test.com
"Rohit Bhagat Bhandari",Ratnapark,rohit.bhandari5678jawalakhel@mail.com
"Karan Kumar Seikh",Ratnapark,karan.seikh5679tinkune@demo.net
"Binod Dev Bhurtel",Baneshwor,binod.bhurtel5680sundhara@mail.com
"Sompal Bahadur Kami",Tinkune,sompal.kami5681jawalakhel@test.com
"Sandeep Bir Paudel",Gaushala,sandeep.paudel5682gaushala@demo.net
"Kushal Dhoj Malla",Tripureshwor,kushal.malla5683sundhara@test.com
"Sompal Bhopal Khadka",Chabel,sompal.khadka5684chabel@example.com
"Rohit Gopal K.C",Gaushala,rohit.k.c5685gaushala@test.com
"Rohit Krishna Rajbanshi","New Road",rohit.rajbanshi5686baneshwor@mail.com
"Arif Bahadur Rajbanshi",Sundhara,arif.rajbanshi5687chabel@example.com
"Karan Bhopal Paudel",Baneshwor,karan.paudel5688baneshwor@demo.net
"Rohit Krishna Khadka",Baneshwor,rohit.khadka5689baneshwor@random.org
"Karan Bhopal Bhurtel",Tripureshwor,karan.bhurtel5690baneshwor@example.com
"Arif Bahadur Bhurtel","New Road",arif.bhurtel5691gaushala@demo.net
"Karan Bahadur Malla",Ratnapark,karan.malla5692chabel@example.com
"Sandeep Bhopal K.C",Jawalakhel,sandeep.k.c5693jawalakhel@random.org
"Binod Lal Bhandari",Gaushala,binod.bhandari5694chabel@demo.net
"Asif Bhopal Seikh",Jawalakhel,asif.seikh5695ratnapark@random.org
"Paras Bhagat Bhandari",Baneshwor,paras.bhandari5696tripureshwor@example.com
"Rohit Bir Kami",Baneshwor,rohit.kami5697baneshwor@mail.com
"Paras Bir Lamichane",Chabel,paras.lamichane5698baneshwor@mail.com
"Sandeep Lal Seikh",Chabel,sandeep.seikh5699jawalakhel@mail.com
"Asif Dev Bhandari",Ekantakuna,asif.bhandari5700ratnapark@test.com
"Karan Bhagat Lamichane",Chabel,karan.lamichane5701sundhara@random.org
"Rohit Bhopal Kami",Jawalakhel,rohit.kami5702chabel@random.org
"Sompal Bahadur K.C",Tinkune,sompal.k.c5703ratnapark@test.com
"Sandeep Bahadur Bhandari",Tripureshwor,sandeep.bhandari5704baneshwor@example.com
"Sompal Gopal K.C",Chabel,"sompal.k.c5705new road@mail.com"
"Paras Bahadur Seikh",Tinkune,paras.seikh5706sundhara@mail.com
"Binod Bhagat Seikh",Chabel,binod.seikh5707ratnapark@demo.net
"Karan Bir K.C","New Road",karan.k.c5708baneshwor@random.org
"Rohit Bhopal K.C",Tinkune,rohit.k.c5709sundhara@mail.com
"Lalit Dev Bhurtel",Ratnapark,"lalit.bhurtel5710new road@test.com"
"Arif Kumar K.C",Tinkune,arif.k.c5711baneshwor@mail.com
"Lalit Bhagat Seikh",Jawalakhel,lalit.seikh5712gaushala@mail.com
"Asif Kumar Lamichane",Chabel,"asif.lamichane5713new road@mail.com"
"Karan Krishna Lamichane",Chabel,"karan.lamichane5714new road@test.com"
"Sandeep Bahadur Seikh",Chabel,"sandeep.seikh5715new road@random.org"
"Binod Bahadur Rajbanshi",Baneshwor,binod.rajbanshi5716jawalakhel@example.com
"Sompal Dev K.C",Sundhara,sompal.k.c5717tripureshwor@random.org
"Arif Kumar Malla",Sundhara,arif.malla5718tinkune@example.com
"Rohit Krishna Lamichane",Tripureshwor,rohit.lamichane5719baneshwor@mail.com
"Rohit Bhopal K.C",Ekantakuna,rohit.k.c5720ratnapark@random.org
"Asif Kumar Kami",Baneshwor,asif.kami5721ekantakuna@test.com
"Sandeep Dhoj Malla",Sundhara,sandeep.malla5722chabel@example.com
"Sompal Dev Rajbanshi",Sundhara,sompal.rajbanshi5723sundhara@mail.com
"Karan Bir Paudel",Tripureshwor,"karan.paudel5724new road@random.org"
"Kushal Krishna Malla",Jawalakhel,kushal.malla5725sundhara@test.com
"Karan Bhopal Paudel","New Road",karan.paudel5726jawalakhel@example.com
"Kushal Bhopal Bhurtel",Ekantakuna,kushal.bhurtel5727chabel@example.com
"Kushal Krishna Seikh",Tripureshwor,kushal.seikh5728tripureshwor@random.org
"Paras Kumar Lamichane","New Road",paras.lamichane5729ekantakuna@demo.net
"Sandeep Bahadur Lamichane",Ratnapark,sandeep.lamichane5730ratnapark@random.org
"Paras Kumar K.C",Ratnapark,"paras.k.c5731new road@test.com"
"Lalit Krishna Paudel",Tinkune,lalit.paudel5732ratnapark@example.com
"Rohit Krishna Lamichane",Ratnapark,rohit.lamichane5733jawalakhel@test.com
"Lalit Dev Khadka",Ratnapark,lalit.khadka5734baneshwor@random.org
"Asif Krishna Seikh",Jawalakhel,asif.seikh5735ratnapark@mail.com
"Sandeep Lal Kami",Ratnapark,"sandeep.kami5736new road@test.com"
"Asif Dev Bhurtel",Tripureshwor,asif.bhurtel5737chabel@test.com
"Lalit Bhopal Khadka",Ratnapark,lalit.khadka5738tinkune@test.com
"Arif Bhagat Paudel",Ratnapark,arif.paudel5739jawalakhel@test.com
"Asif Dev Paudel",Baneshwor,asif.paudel5740tinkune@example.com
"Paras Bhopal Paudel",Tinkune,paras.paudel5741tripureshwor@test.com
"Sandeep Kumar Bhandari",Sundhara,sandeep.bhandari5742tripureshwor@mail.com
"Asif Kumar Paudel",Gaushala,asif.paudel5743baneshwor@example.com
"Sompal Kumar Seikh",Chabel,sompal.seikh5744ratnapark@example.com
"Sompal Krishna Khadka",Sundhara,sompal.khadka5745baneshwor@mail.com
"Rohit Bahadur Bhurtel",Ratnapark,rohit.bhurtel5746jawalakhel@test.com
"Asif Bir Rajbanshi","New Road",asif.rajbanshi5747baneshwor@demo.net
"Asif Bhopal Bhandari",Ekantakuna,asif.bhandari5748sundhara@mail.com
"Karan Bhopal Malla",Chabel,karan.malla5749ratnapark@mail.com
"Binod Bir K.C",Gaushala,binod.k.c5750baneshwor@mail.com
"Paras Dhoj Khadka",Baneshwor,paras.khadka5751tripureshwor@test.com
"Karan Bahadur Rajbanshi",Ratnapark,karan.rajbanshi5752sundhara@test.com
"Paras Bahadur Bhurtel",Baneshwor,paras.bhurtel5753ratnapark@example.com
"Sandeep Lal Rajbanshi","New Road",sandeep.rajbanshi5754chabel@random.org
"Paras Bahadur Bhurtel",Tinkune,paras.bhurtel5755gaushala@mail.com
"Asif Bhagat Malla",Ekantakuna,asif.malla5756tinkune@test.com
"Sompal Lal Paudel",Tripureshwor,sompal.paudel5757sundhara@mail.com
"Karan Krishna Seikh",Chabel,karan.seikh5758sundhara@example.com
"Sompal Dhoj K.C",Baneshwor,sompal.k.c5759baneshwor@test.com
"Arif Kumar Rajbanshi",Tinkune,arif.rajbanshi5760tinkune@random.org
"Sompal Krishna Khadka",Tinkune,sompal.khadka5761tripureshwor@test.com
"Sompal Bhagat Khadka",Tripureshwor,sompal.khadka5762baneshwor@demo.net
"Kushal Krishna Rajbanshi",Tinkune,kushal.rajbanshi5763ratnapark@demo.net
"Paras Lal Malla",Tripureshwor,paras.malla5764ekantakuna@demo.net
"Rohit Dev K.C","New Road",rohit.k.c5765baneshwor@demo.net
"Karan Kumar Lamichane",Chabel,karan.lamichane5766tripureshwor@demo.net
"Rohit Bhagat Bhurtel",Ratnapark,rohit.bhurtel5767jawalakhel@test.com
"Arif Gopal Rajbanshi",Jawalakhel,arif.rajbanshi5768chabel@test.com
"Karan Bahadur Khadka",Gaushala,karan.khadka5769sundhara@random.org
"Lalit Gopal K.C",Ekantakuna,"lalit.k.c5770new road@random.org"
"Arif Bahadur Khadka",Chabel,arif.khadka5771chabel@test.com
"Rohit Bhopal Bhandari",Tripureshwor,rohit.bhandari5772gaushala@test.com
"Lalit Kumar Seikh",Tripureshwor,lalit.seikh5773jawalakhel@demo.net
"Lalit Dhoj Lamichane",Tripureshwor,lalit.lamichane5774chabel@mail.com
"Karan Lal K.C",Sundhara,karan.k.c5775chabel@random.org
"Paras Kumar Bhandari",Baneshwor,paras.bhandari5776tinkune@demo.net
"Binod Dhoj Bhurtel",Chabel,binod.bhurtel5777ekantakuna@random.org
"Sompal Bhopal Bhurtel",Baneshwor,sompal.bhurtel5778ratnapark@demo.net
"Karan Bhopal Khadka",Chabel,karan.khadka5779gaushala@example.com
"Lalit Bhagat Lamichane",Tinkune,lalit.lamichane5780baneshwor@mail.com
"Paras Bhopal Paudel",Ekantakuna,paras.paudel5781ratnapark@random.org
"Lalit Kumar Khadka",Jawalakhel,lalit.khadka5782tinkune@random.org
"Binod Bahadur Malla",Tripureshwor,binod.malla5783tripureshwor@random.org
"Arif Gopal Lamichane",Tinkune,"arif.lamichane5784new road@demo.net"
"Arif Bahadur Rajbanshi",Chabel,arif.rajbanshi5785gaushala@test.com
"Arif Bhagat Malla",Gaushala,arif.malla5786tripureshwor@random.org
"Sompal Bir K.C",Ratnapark,sompal.k.c5787gaushala@random.org
"Rohit Lal Rajbanshi","New Road",rohit.rajbanshi5788chabel@example.com
"Binod Lal K.C",Ratnapark,"binod.k.c5789new road@example.com"
"Karan Dhoj Bhandari","New Road",karan.bhandari5790jawalakhel@demo.net
"Karan Bahadur Bhandari",Ratnapark,karan.bhandari5791sundhara@demo.net
"Lalit Bhopal Bhurtel","New Road","lalit.bhurtel5792new road@demo.net"
"Asif Kumar Seikh",Tripureshwor,asif.seikh5793gaushala@example.com
"Kushal Bhagat Bhandari",Baneshwor,kushal.bhandari5794ratnapark@test.com
"Arif Bhopal Malla",Baneshwor,"arif.malla5795new road@mail.com"
"Kushal Bhopal K.C",Chabel,kushal.k.c5796tripureshwor@example.com
"Sompal Bhagat Khadka",Baneshwor,sompal.khadka5797jawalakhel@demo.net
"Arif Bahadur Paudel",Sundhara,arif.paudel5798tinkune@mail.com
"Paras Gopal Bhandari",Sundhara,paras.bhandari5799sundhara@example.com
"Kushal Kumar Lamichane",Sundhara,kushal.lamichane5800chabel@mail.com
"Kushal Kumar Kami",Ekantakuna,kushal.kami5801jawalakhel@mail.com
"Lalit Krishna Paudel",Tripureshwor,lalit.paudel5802tripureshwor@mail.com
"Sompal Bahadur Rajbanshi",Sundhara,sompal.rajbanshi5803gaushala@test.com
"Sandeep Dhoj Paudel",Jawalakhel,sandeep.paudel5804gaushala@demo.net
"Paras Dev Rajbanshi",Baneshwor,paras.rajbanshi5805ratnapark@random.org
"Lalit Kumar Bhandari",Ratnapark,lalit.bhandari5806chabel@mail.com
"Karan Dhoj Rajbanshi",Tripureshwor,karan.rajbanshi5807ratnapark@example.com
"Binod Bhopal Paudel",Ratnapark,binod.paudel5808chabel@example.com
"Sompal Gopal Rajbanshi",Tinkune,sompal.rajbanshi5809jawalakhel@test.com
"Paras Dev K.C",Tinkune,"paras.k.c5810new road@test.com"
"Sandeep Bhopal Bhurtel","New Road","sandeep.bhurtel5811new road@example.com"
"Rohit Bir Bhandari",Sundhara,rohit.bhandari5812ratnapark@mail.com
"Rohit Lal K.C",Sundhara,"rohit.k.c5813new road@example.com"
"Arif Bahadur Rajbanshi",Tripureshwor,arif.rajbanshi5814ratnapark@demo.net
"Binod Bir K.C",Jawalakhel,binod.k.c5815ratnapark@example.com
"Arif Kumar Seikh",Ekantakuna,arif.seikh5816ekantakuna@test.com
"Rohit Bir Bhurtel",Sundhara,rohit.bhurtel5817ekantakuna@test.com
"Rohit Gopal Khadka",Ratnapark,rohit.khadka5818tripureshwor@random.org
"Karan Bir Bhandari",Ratnapark,karan.bhandari5819gaushala@test.com
"Sompal Dhoj Seikh","New Road",sompal.seikh5820ratnapark@mail.com
"Arif Gopal Rajbanshi",Tinkune,arif.rajbanshi5821tripureshwor@random.org
"Sandeep Bahadur Bhurtel",Tinkune,sandeep.bhurtel5822gaushala@test.com
"Asif Bahadur Rajbanshi",Ratnapark,"asif.rajbanshi5823new road@test.com"
"Asif Lal Seikh",Baneshwor,asif.seikh5824tinkune@random.org
"Lalit Gopal Kami",Ratnapark,lalit.kami5825tinkune@test.com
"Sompal Krishna Bhurtel",Tripureshwor,sompal.bhurtel5826jawalakhel@random.org
"Sandeep Dhoj K.C",Tinkune,sandeep.k.c5827gaushala@example.com
"Paras Bahadur Malla",Chabel,paras.malla5828ratnapark@random.org
"Sandeep Bhagat Rajbanshi",Gaushala,sandeep.rajbanshi5829ekantakuna@demo.net
"Sandeep Krishna Rajbanshi",Tripureshwor,sandeep.rajbanshi5830ratnapark@example.com
"Arif Dhoj Seikh",Jawalakhel,arif.seikh5831chabel@test.com
"Karan Lal Seikh",Sundhara,karan.seikh5832tinkune@mail.com
"Sompal Krishna Bhurtel",Tripureshwor,sompal.bhurtel5833chabel@demo.net
"Sandeep Gopal Kami",Sundhara,sandeep.kami5834chabel@random.org
"Kushal Bahadur Rajbanshi",Tripureshwor,"kushal.rajbanshi5835new road@demo.net"
"Sompal Gopal Rajbanshi",Jawalakhel,sompal.rajbanshi5836sundhara@random.org
"Sompal Gopal Rajbanshi","New Road",sompal.rajbanshi5837tinkune@example.com
"Paras Bhopal K.C",Ratnapark,paras.k.c5838jawalakhel@test.com
"Binod Dev Kami",Baneshwor,binod.kami5839tripureshwor@example.com
"Karan Dhoj Seikh",Jawalakhel,karan.seikh5840tripureshwor@mail.com
"Asif Bhagat Khadka","New Road","asif.khadka5841new road@example.com"
"Paras Bir Khadka","New Road","paras.khadka5842new road@mail.com"
"Asif Kumar Bhandari",Chabel,"asif.bhandari5843new road@mail.com"
"Sompal Bahadur Kami",Ratnapark,sompal.kami5844tripureshwor@mail.com
"Rohit Dev Rajbanshi",Chabel,rohit.rajbanshi5845ratnapark@example.com
"Binod Dhoj Seikh",Tripureshwor,"binod.seikh5846new road@demo.net"
"Paras Bhopal Lamichane",Baneshwor,paras.lamichane5847ekantakuna@random.org
"Binod Bhagat Lamichane",Tinkune,binod.lamichane5848jawalakhel@example.com
"Sandeep Dev Kami",Tripureshwor,sandeep.kami5849sundhara@mail.com
"Asif Bhagat Khadka",Tripureshwor,asif.khadka5850ekantakuna@example.com
"Lalit Lal Malla","New Road",lalit.malla5851ekantakuna@test.com
"Sandeep Lal Khadka",Baneshwor,sandeep.khadka5852tripureshwor@mail.com
"Sandeep Dhoj Rajbanshi",Baneshwor,sandeep.rajbanshi5853tripureshwor@demo.net
"Rohit Gopal Paudel","New Road",rohit.paudel5854ekantakuna@example.com
"Sompal Dev Bhurtel",Baneshwor,sompal.bhurtel5855tinkune@demo.net
"Binod Bhagat Rajbanshi",Tinkune,binod.rajbanshi5856baneshwor@example.com
"Kushal Dhoj Bhurtel","New Road",kushal.bhurtel5857sundhara@random.org
"Rohit Bhagat Bhandari",Gaushala,rohit.bhandari5858ekantakuna@example.com
"Sandeep Bhagat K.C",Jawalakhel,sandeep.k.c5859jawalakhel@test.com
"Kushal Bhagat Lamichane",Ekantakuna,kushal.lamichane5860tinkune@mail.com
"Kushal Kumar Bhurtel",Chabel,"kushal.bhurtel5861new road@demo.net"
"Karan Bhagat K.C",Sundhara,karan.k.c5862baneshwor@mail.com
"Binod Bahadur K.C",Ratnapark,binod.k.c5863ekantakuna@demo.net
"Lalit Bahadur Malla",Ekantakuna,lalit.malla5864jawalakhel@example.com
"Paras Bahadur Rajbanshi",Gaushala,paras.rajbanshi5865baneshwor@test.com
"Binod Bahadur Rajbanshi",Tinkune,binod.rajbanshi5866sundhara@random.org
"Binod Bahadur Paudel",Tripureshwor,binod.paudel5867tinkune@random.org
"Kushal Bir Bhurtel",Tinkune,kushal.bhurtel5868ratnapark@random.org
"Paras Kumar K.C",Sundhara,"paras.k.c5869new road@random.org"
"Kushal Bir Kami",Ratnapark,kushal.kami5870tripureshwor@example.com
"Arif Krishna Seikh","New Road",arif.seikh5871baneshwor@demo.net
"Sompal Bir Bhurtel",Tinkune,sompal.bhurtel5872sundhara@demo.net
"Asif Bhopal Bhurtel",Ekantakuna,asif.bhurtel5873tinkune@mail.com
"Rohit Dev K.C",Sundhara,rohit.k.c5874gaushala@mail.com
"Arif Bir Lamichane",Jawalakhel,arif.lamichane5875gaushala@test.com
"Karan Bir Rajbanshi",Ratnapark,karan.rajbanshi5876tripureshwor@test.com
"Karan Gopal Khadka",Gaushala,karan.khadka5877sundhara@demo.net
"Sompal Kumar Seikh",Tinkune,sompal.seikh5878gaushala@demo.net
"Binod Lal Bhurtel",Ratnapark,binod.bhurtel5879chabel@test.com
"Arif Bir Kami",Ratnapark,arif.kami5880tripureshwor@mail.com
"Sompal Bhagat Paudel",Chabel,sompal.paudel5881baneshwor@mail.com
"Lalit Bahadur Bhandari",Tripureshwor,lalit.bhandari5882chabel@example.com
"Sompal Kumar Khadka",Ratnapark,sompal.khadka5883jawalakhel@example.com
"Sompal Bhopal Bhandari",Sundhara,sompal.bhandari5884tinkune@example.com
"Binod Bahadur Rajbanshi",Ekantakuna,"binod.rajbanshi5885new road@mail.com"
"Sompal Bir Malla",Chabel,sompal.malla5886chabel@mail.com
"Arif Lal K.C",Tripureshwor,arif.k.c5887tinkune@example.com
"Binod Kumar Paudel",Gaushala,binod.paudel5888gaushala@random.org
"Asif Gopal Malla",Gaushala,asif.malla5889tinkune@random.org
"Paras Dev Malla","New Road",paras.malla5890tinkune@demo.net
"Lalit Lal Kami",Jawalakhel,lalit.kami5891sundhara@example.com
"Sompal Bhagat K.C",Jawalakhel,sompal.k.c5892chabel@random.org
"Binod Gopal Bhandari",Tripureshwor,binod.bhandari5893sundhara@demo.net
"Rohit Dev Bhandari",Ratnapark,"rohit.bhandari5894new road@test.com"
"Paras Dhoj Malla",Ekantakuna,"paras.malla5895new road@demo.net"
"Arif Lal K.C",Ratnapark,arif.k.c5896tinkune@mail.com
"Paras Bhagat Khadka",Tinkune,paras.khadka5897baneshwor@test.com
"Asif Dhoj Seikh",Tinkune,asif.seikh5898gaushala@random.org
"Arif Gopal Seikh",Tripureshwor,arif.seikh5899jawalakhel@test.com
"Binod Bahadur Khadka",Chabel,binod.khadka5900baneshwor@demo.net
"Paras Bhopal Rajbanshi",Tripureshwor,paras.rajbanshi5901tripureshwor@demo.net
"Karan Krishna Kami",Chabel,karan.kami5902ekantakuna@example.com
"Paras Dev Lamichane",Baneshwor,paras.lamichane5903chabel@mail.com
"Rohit Bahadur Seikh",Tripureshwor,rohit.seikh5904baneshwor@mail.com
"Binod Dhoj K.C",Ekantakuna,binod.k.c5905ratnapark@demo.net
"Binod Bhopal Seikh",Ratnapark,binod.seikh5906baneshwor@mail.com
"Lalit Krishna Khadka",Gaushala,lalit.khadka5907ratnapark@test.com
"Kushal Bir Kami",Ratnapark,kushal.kami5908tripureshwor@random.org
"Sandeep Lal K.C",Gaushala,sandeep.k.c5909tripureshwor@random.org
"Karan Krishna Seikh",Tinkune,karan.seikh5910ekantakuna@test.com
"Lalit Bahadur Lamichane",Ekantakuna,lalit.lamichane5911baneshwor@example.com
"Karan Krishna Paudel",Tripureshwor,karan.paudel5912sundhara@test.com
"Asif Gopal Bhurtel",Baneshwor,asif.bhurtel5913baneshwor@demo.net
"Kushal Bhopal Malla",Gaushala,kushal.malla5914tripureshwor@random.org
"Kushal Lal Seikh",Ratnapark,kushal.seikh5915chabel@mail.com
"Arif Bhopal Bhurtel",Tripureshwor,arif.bhurtel5916tripureshwor@demo.net
"Arif Kumar K.C","New Road",arif.k.c5917tripureshwor@demo.net
"Rohit Kumar Paudel",Jawalakhel,rohit.paudel5918ekantakuna@random.org
"Arif Bhagat K.C",Tripureshwor,arif.k.c5919sundhara@demo.net
"Lalit Kumar K.C",Sundhara,lalit.k.c5920jawalakhel@test.com
"Sandeep Bahadur Paudel",Sundhara,sandeep.paudel5921gaushala@test.com
"Lalit Bahadur Bhurtel",Baneshwor,lalit.bhurtel5922ekantakuna@test.com
"Paras Dhoj Malla",Baneshwor,paras.malla5923tinkune@test.com
"Rohit Dev Paudel",Tripureshwor,rohit.paudel5924ratnapark@test.com
"Lalit Krishna Bhurtel",Tripureshwor,lalit.bhurtel5925ratnapark@example.com
"Binod Lal Rajbanshi","New Road","binod.rajbanshi5926new road@test.com"
"Sandeep Lal Lamichane",Baneshwor,sandeep.lamichane5927gaushala@demo.net
"Rohit Dhoj Kami",Ekantakuna,rohit.kami5928tripureshwor@mail.com
"Sandeep Bhopal Paudel",Chabel,sandeep.paudel5929tinkune@mail.com
"Paras Bir K.C",Chabel,paras.k.c5930chabel@demo.net
"Paras Dev Rajbanshi",Tripureshwor,paras.rajbanshi5931jawalakhel@test.com
"Karan Lal Malla",Baneshwor,karan.malla5932tripureshwor@demo.net
"Lalit Lal Kami",Jawalakhel,lalit.kami5933jawalakhel@demo.net
"Karan Bahadur Paudel",Ratnapark,karan.paudel5934tripureshwor@test.com
"Sompal Dev Malla",Baneshwor,sompal.malla5935ekantakuna@random.org
"Paras Kumar Bhandari",Chabel,paras.bhandari5936tripureshwor@random.org
"Kushal Bhopal Khadka",Sundhara,kushal.khadka5937ekantakuna@demo.net
"Asif Bhagat Bhurtel",Jawalakhel,asif.bhurtel5938ratnapark@demo.net
"Kushal Dhoj K.C",Jawalakhel,kushal.k.c5939sundhara@random.org
"Kushal Kumar Bhurtel",Gaushala,kushal.bhurtel5940baneshwor@example.com
"Sompal Bhagat Rajbanshi",Ratnapark,sompal.rajbanshi5941tripureshwor@demo.net
"Sompal Bhopal Bhurtel","New Road",sompal.bhurtel5942gaushala@mail.com
"Karan Bir Bhandari",Jawalakhel,karan.bhandari5943ekantakuna@test.com
"Karan Dhoj Malla",Baneshwor,karan.malla5944chabel@example.com
"Sandeep Kumar Khadka",Ratnapark,sandeep.khadka5945chabel@demo.net
"Paras Kumar Seikh",Tinkune,paras.seikh5946baneshwor@random.org
"Rohit Kumar K.C",Tinkune,rohit.k.c5947chabel@random.org
"Sompal Bahadur Rajbanshi",Baneshwor,sompal.rajbanshi5948jawalakhel@mail.com
"Rohit Lal Seikh",Baneshwor,rohit.seikh5949tinkune@random.org
"Sandeep Krishna Rajbanshi",Ratnapark,sandeep.rajbanshi5950baneshwor@mail.com
"Kushal Kumar Bhandari",Ekantakuna,kushal.bhandari5951chabel@test.com
"Binod Bhagat Bhurtel",Sundhara,binod.bhurtel5952gaushala@example.com
"Paras Bir Bhandari",Sundhara,paras.bhandari5953tripureshwor@demo.net
"Karan Kumar Bhurtel",Tinkune,karan.bhurtel5954tripureshwor@example.com
"Binod Krishna Seikh",Ekantakuna,binod.seikh5955gaushala@test.com
"Arif Krishna Bhurtel",Sundhara,arif.bhurtel5956baneshwor@mail.com
"Kushal Bhagat Kami","New Road","kushal.kami5957new road@example.com"
"Paras Dhoj Malla","New Road",paras.malla5958ekantakuna@demo.net
"Sompal Kumar Malla",Ekantakuna,sompal.malla5959ratnapark@mail.com
"Paras Krishna Seikh",Tripureshwor,paras.seikh5960chabel@mail.com
"Rohit Kumar Bhandari",Gaushala,rohit.bhandari5961tripureshwor@mail.com
"Karan Dhoj Kami",Tripureshwor,karan.kami5962tinkune@demo.net
"Rohit Bahadur Malla",Gaushala,rohit.malla5963ratnapark@demo.net
"Paras Bahadur Bhurtel",Chabel,paras.bhurtel5964ratnapark@random.org
"Asif Kumar Paudel",Ekantakuna,asif.paudel5965chabel@random.org
"Sandeep Bahadur Rajbanshi",Chabel,sandeep.rajbanshi5966ekantakuna@example.com
"Karan Gopal Rajbanshi",Ratnapark,karan.rajbanshi5967ratnapark@test.com
"Karan Gopal Khadka","New Road",karan.khadka5968chabel@test.com
"Asif Krishna Lamichane","New Road",asif.lamichane5969tinkune@example.com
"Lalit Dhoj Bhandari",Sundhara,lalit.bhandari5970chabel@test.com
"Karan Krishna Rajbanshi",Sundhara,karan.rajbanshi5971ratnapark@test.com
"Binod Bahadur K.C",Jawalakhel,binod.k.c5972chabel@demo.net
"Sompal Lal Bhandari",Ratnapark,sompal.bhandari5973ekantakuna@mail.com
"Asif Lal Lamichane",Ratnapark,asif.lamichane5974ekantakuna@mail.com
"Binod Bahadur Seikh",Tripureshwor,binod.seikh5975baneshwor@example.com
"Karan Bhopal Lamichane",Gaushala,karan.lamichane5976sundhara@mail.com
"Asif Lal Khadka",Chabel,asif.khadka5977ekantakuna@test.com
"Lalit Kumar Seikh",Gaushala,"lalit.seikh5978new road@test.com"
"Kushal Gopal Malla","New Road",kushal.malla5979sundhara@mail.com
"Arif Bir Malla",Gaushala,arif.malla5980tinkune@test.com
"Kushal Kumar Rajbanshi",Ratnapark,kushal.rajbanshi5981tripureshwor@test.com
"Paras Bir Paudel",Ekantakuna,"paras.paudel5982new road@mail.com"
"Karan Bir Bhurtel",Baneshwor,karan.bhurtel5983chabel@random.org
"Sandeep Gopal K.C",Jawalakhel,sandeep.k.c5984chabel@test.com
"Sandeep Lal Malla",Baneshwor,sandeep.malla5985baneshwor@random.org
"Paras Bhopal Lamichane",Tripureshwor,paras.lamichane5986ekantakuna@mail.com
"Karan Bhopal Paudel",Chabel,karan.paudel5987tinkune@demo.net
"Kushal Bahadur Bhurtel",Chabel,kushal.bhurtel5988sundhara@test.com
"Karan Bhagat Kami",Chabel,karan.kami5989tripureshwor@mail.com
"Kushal Bahadur Kami",Tripureshwor,kushal.kami5990tripureshwor@random.org
"Kushal Dhoj Lamichane","New Road",kushal.lamichane5991tripureshwor@random.org
"Lalit Dhoj K.C",Jawalakhel,lalit.k.c5992tinkune@mail.com
"Paras Bir Bhurtel",Ekantakuna,"paras.bhurtel5993new road@random.org"
"Sandeep Gopal Malla",Tinkune,"sandeep.malla5994new road@random.org"
"Karan Bir Khadka",Tripureshwor,karan.khadka5995tinkune@mail.com
"Sandeep Bahadur Bhandari",Sundhara,sandeep.bhandari5996gaushala@random.org
"Kushal Gopal Seikh",Sundhara,kushal.seikh5997tinkune@example.com
"Sompal Bahadur K.C",Jawalakhel,sompal.k.c5998tripureshwor@mail.com
"Binod Kumar Rajbanshi",Tripureshwor,binod.rajbanshi5999baneshwor@test.com
"Sandeep Bhagat Bhandari",Gaushala,sandeep.bhandari6000tinkune@mail.com
"Sandeep Bahadur Bhandari",Sundhara,sandeep.bhandari6001ekantakuna@demo.net
"Kushal Lal Paudel",Gaushala,kushal.paudel6002ratnapark@test.com
"Paras Dhoj Lamichane",Ratnapark,paras.lamichane6003ekantakuna@test.com
"Rohit Bir K.C",Chabel,rohit.k.c6004ekantakuna@example.com
"Lalit Dev Khadka",Tripureshwor,lalit.khadka6005tripureshwor@random.org
"Lalit Bhagat Malla",Ekantakuna,lalit.malla6006chabel@test.com
"Binod Lal Paudel",Ratnapark,binod.paudel6007tinkune@mail.com
"Karan Bir Rajbanshi",Gaushala,karan.rajbanshi6008sundhara@random.org
"Asif Lal Lamichane",Sundhara,asif.lamichane6009sundhara@demo.net
"Karan Krishna Lamichane",Sundhara,karan.lamichane6010ekantakuna@random.org
"Kushal Dhoj Seikh",Ratnapark,kushal.seikh6011ratnapark@random.org
"Arif Bir K.C",Jawalakhel,arif.k.c6012ratnapark@mail.com
"Paras Bhagat Bhurtel",Sundhara,paras.bhurtel6013jawalakhel@mail.com
"Karan Dev Khadka",Jawalakhel,karan.khadka6014baneshwor@mail.com
"Arif Krishna Rajbanshi",Jawalakhel,arif.rajbanshi6015baneshwor@example.com
"Karan Bahadur Bhandari",Tinkune,karan.bhandari6016sundhara@mail.com
"Sandeep Dev Rajbanshi",Ekantakuna,sandeep.rajbanshi6017gaushala@demo.net
"Binod Bhagat Malla",Tinkune,binod.malla6018gaushala@mail.com
"Kushal Kumar K.C",Tinkune,kushal.k.c6019gaushala@demo.net
"Paras Kumar Khadka",Ekantakuna,"paras.khadka6020new road@test.com"
"Arif Bhopal Lamichane",Gaushala,arif.lamichane6021jawalakhel@random.org
"Rohit Bir Seikh",Ekantakuna,rohit.seikh6022ekantakuna@mail.com
"Arif Bahadur Kami",Tripureshwor,arif.kami6023jawalakhel@test.com
"Asif Bahadur Bhandari",Baneshwor,asif.bhandari6024chabel@example.com
"Binod Dhoj Bhurtel",Tinkune,binod.bhurtel6025tinkune@demo.net
"Arif Krishna K.C","New Road",arif.k.c6026tinkune@random.org
"Karan Lal K.C",Gaushala,"karan.k.c6027new road@demo.net"
"Rohit Dhoj Kami","New Road",rohit.kami6028jawalakhel@example.com
"Lalit Kumar Kami","New Road",lalit.kami6029baneshwor@random.org
"Sandeep Bahadur Paudel",Tinkune,sandeep.paudel6030baneshwor@test.com
"Sandeep Dhoj Paudel",Sundhara,"sandeep.paudel6031new road@example.com"
"Sandeep Dev Lamichane",Jawalakhel,sandeep.lamichane6032tripureshwor@demo.net
"Arif Bhagat K.C",Baneshwor,arif.k.c6033ratnapark@random.org
"Sompal Gopal Khadka",Baneshwor,"sompal.khadka6034new road@random.org"
"Asif Lal Khadka",Chabel,asif.khadka6035chabel@example.com
"Arif Bahadur Bhurtel",Baneshwor,arif.bhurtel6036ekantakuna@random.org
"Arif Kumar Kami",Ratnapark,arif.kami6037ekantakuna@mail.com
"Rohit Lal Lamichane",Chabel,rohit.lamichane6038sundhara@test.com
"Rohit Bhopal Paudel",Gaushala,"rohit.paudel6039new road@random.org"
"Binod Bir Bhandari",Ratnapark,binod.bhandari6040ratnapark@random.org
"Arif Dhoj Khadka",Sundhara,arif.khadka6041ekantakuna@random.org
"Paras Dev Rajbanshi",Ratnapark,paras.rajbanshi6042chabel@random.org
"Asif Bhopal Lamichane",Tinkune,asif.lamichane6043tripureshwor@example.com
"Asif Krishna Khadka",Baneshwor,asif.khadka6044gaushala@example.com
"Asif Bhopal Rajbanshi",Chabel,asif.rajbanshi6045tripureshwor@test.com
"Arif Bir K.C",Ekantakuna,arif.k.c6046sundhara@mail.com
"Sompal Dev Kami",Tripureshwor,sompal.kami6047tripureshwor@mail.com
"Lalit Krishna K.C",Ratnapark,lalit.k.c6048gaushala@demo.net
"Kushal Dev K.C","New Road",kushal.k.c6049sundhara@mail.com
"Sompal Bhopal Bhandari",Tinkune,sompal.bhandari6050ratnapark@example.com
"Lalit Dev Malla",Ekantakuna,lalit.malla6051chabel@example.com
"Sandeep Bhagat Seikh","New Road",sandeep.seikh6052chabel@demo.net
"Arif Gopal Malla",Tripureshwor,arif.malla6053gaushala@test.com
"Arif Dhoj Bhandari",Baneshwor,arif.bhandari6054tinkune@example.com
"Paras Bhopal Khadka",Tinkune,paras.khadka6055ekantakuna@example.com
"Lalit Krishna Khadka",Ratnapark,"lalit.khadka6056new road@example.com"
"Lalit Bhopal Rajbanshi",Ratnapark,lalit.rajbanshi6057chabel@example.com
"Paras Dev K.C",Ekantakuna,paras.k.c6058ratnapark@test.com
"Sandeep Dhoj Seikh","New Road","sandeep.seikh6059new road@random.org"
"Rohit Krishna Lamichane",Chabel,rohit.lamichane6060tinkune@mail.com
"Binod Bir Bhurtel",Sundhara,"binod.bhurtel6061new road@test.com"
"Binod Dev Seikh",Gaushala,binod.seikh6062gaushala@example.com
"Paras Krishna Rajbanshi",Sundhara,paras.rajbanshi6063jawalakhel@random.org
"Sandeep Dev Kami",Ekantakuna,sandeep.kami6064tripureshwor@random.org
"Kushal Bhagat Bhurtel",Jawalakhel,kushal.bhurtel6065ekantakuna@demo.net
"Lalit Bahadur Paudel",Tripureshwor,lalit.paudel6066chabel@demo.net
"Asif Dhoj Bhurtel",Tripureshwor,asif.bhurtel6067ratnapark@example.com
"Sandeep Dhoj Lamichane","New Road",sandeep.lamichane6068baneshwor@random.org
"Arif Bhagat K.C",Tripureshwor,arif.k.c6069tripureshwor@random.org
"Arif Bhopal Rajbanshi",Jawalakhel,arif.rajbanshi6070jawalakhel@mail.com
"Lalit Kumar Bhandari",Baneshwor,lalit.bhandari6071jawalakhel@test.com
"Asif Gopal Bhandari",Ekantakuna,asif.bhandari6072tripureshwor@mail.com
"Sandeep Bir Malla",Jawalakhel,sandeep.malla6073chabel@random.org
"Karan Bhopal Khadka",Ratnapark,karan.khadka6074ratnapark@demo.net
"Sompal Bahadur Bhurtel",Jawalakhel,sompal.bhurtel6075tinkune@demo.net
"Lalit Krishna Lamichane",Sundhara,lalit.lamichane6076gaushala@mail.com
"Paras Dhoj Paudel",Chabel,paras.paudel6077baneshwor@demo.net
"Asif Dev Khadka",Jawalakhel,"asif.khadka6078new road@mail.com"
"Asif Dev K.C",Sundhara,asif.k.c6079sundhara@test.com
"Kushal Lal K.C",Ratnapark,"kushal.k.c6080new road@random.org"
"Rohit Bhopal Seikh","New Road",rohit.seikh6081chabel@example.com
"Rohit Bir Malla",Jawalakhel,rohit.malla6082baneshwor@mail.com
"Asif Bhopal Paudel","New Road","asif.paudel6083new road@test.com"
"Kushal Dhoj Bhurtel",Ratnapark,kushal.bhurtel6084tinkune@example.com
"Rohit Lal Bhurtel",Sundhara,rohit.bhurtel6085ratnapark@random.org
"Arif Bir K.C",Sundhara,arif.k.c6086tripureshwor@mail.com
"Asif Krishna Lamichane",Chabel,asif.lamichane6087chabel@test.com
"Karan Bhopal Paudel",Tinkune,karan.paudel6088tripureshwor@test.com
"Kushal Krishna Malla",Chabel,kushal.malla6089chabel@test.com
"Rohit Gopal Rajbanshi","New Road",rohit.rajbanshi6090jawalakhel@example.com
"Arif Bir Bhandari",Jawalakhel,arif.bhandari6091baneshwor@example.com
"Sandeep Kumar Bhandari",Gaushala,sandeep.bhandari6092tripureshwor@random.org
"Asif Dev Bhandari","New Road",asif.bhandari6093ekantakuna@mail.com
"Rohit Lal K.C",Ratnapark,rohit.k.c6094tripureshwor@example.com
"Binod Dhoj Bhurtel",Gaushala,binod.bhurtel6095ekantakuna@mail.com
"Sompal Dhoj Paudel",Tinkune,sompal.paudel6096chabel@example.com
"Sompal Bahadur Rajbanshi",Jawalakhel,sompal.rajbanshi6097tinkune@example.com
"Rohit Bir Bhurtel",Chabel,rohit.bhurtel6098ratnapark@mail.com
"Binod Dev Kami",Sundhara,binod.kami6099ratnapark@demo.net
"Paras Gopal Bhandari",Ekantakuna,paras.bhandari6100ekantakuna@test.com
"Lalit Bir Paudel",Ekantakuna,lalit.paudel6101ekantakuna@demo.net
"Paras Bir Lamichane",Chabel,paras.lamichane6102baneshwor@demo.net
"Arif Krishna Lamichane","New Road",arif.lamichane6103chabel@test.com
"Asif Bir Seikh",Sundhara,asif.seikh6104ekantakuna@random.org
"Rohit Dhoj Bhandari",Sundhara,rohit.bhandari6105jawalakhel@demo.net
"Sompal Lal Khadka",Tinkune,sompal.khadka6106tinkune@test.com
"Binod Dhoj Rajbanshi",Sundhara,binod.rajbanshi6107tinkune@random.org
"Sompal Dev K.C",Gaushala,sompal.k.c6108ekantakuna@mail.com
"Karan Dhoj Seikh",Chabel,karan.seikh6109sundhara@mail.com
"Sompal Lal Malla",Ekantakuna,sompal.malla6110tripureshwor@mail.com
"Arif Lal Kami",Ratnapark,arif.kami6111jawalakhel@demo.net
"Binod Gopal Lamichane",Ratnapark,binod.lamichane6112tinkune@random.org
"Lalit Krishna Paudel",Tripureshwor,lalit.paudel6113chabel@example.com
"Asif Dhoj Bhurtel",Tinkune,asif.bhurtel6114ekantakuna@random.org
"Sompal Gopal Bhandari",Baneshwor,sompal.bhandari6115jawalakhel@mail.com
"Paras Bhagat Seikh",Sundhara,paras.seikh6116tripureshwor@example.com
"Sandeep Kumar K.C",Baneshwor,sandeep.k.c6117sundhara@test.com
"Lalit Kumar Bhurtel",Ekantakuna,lalit.bhurtel6118tripureshwor@random.org
"Sandeep Bhopal Seikh",Chabel,sandeep.seikh6119ekantakuna@random.org
"Arif Kumar Kami",Chabel,arif.kami6120sundhara@test.com
"Sandeep Dev Lamichane",Tripureshwor,"sandeep.lamichane6121new road@demo.net"
"Karan Krishna Khadka",Chabel,karan.khadka6122baneshwor@example.com
"Arif Lal K.C",Tripureshwor,arif.k.c6123jawalakhel@mail.com
"Arif Dev Bhurtel",Ratnapark,arif.bhurtel6124chabel@mail.com
"Sandeep Bhopal Bhandari",Ekantakuna,sandeep.bhandari6125sundhara@demo.net
"Karan Dhoj Khadka",Tinkune,karan.khadka6126tripureshwor@test.com
"Lalit Kumar Rajbanshi",Sundhara,lalit.rajbanshi6127baneshwor@test.com
"Binod Kumar Paudel",Tripureshwor,binod.paudel6128jawalakhel@random.org
"Binod Bahadur Bhandari",Chabel,binod.bhandari6129gaushala@random.org
"Sompal Bir K.C","New Road",sompal.k.c6130sundhara@demo.net
"Asif Dhoj Lamichane",Ekantakuna,asif.lamichane6131ratnapark@test.com
"Kushal Gopal Rajbanshi",Sundhara,kushal.rajbanshi6132chabel@demo.net
"Rohit Bhopal Rajbanshi",Ekantakuna,rohit.rajbanshi6133gaushala@example.com
"Sandeep Lal Bhurtel",Chabel,sandeep.bhurtel6134chabel@example.com
"Paras Kumar Malla",Sundhara,"paras.malla6135new road@random.org"
"Paras Gopal Rajbanshi","New Road",paras.rajbanshi6136sundhara@test.com
"Binod Gopal Rajbanshi",Sundhara,"binod.rajbanshi6137new road@mail.com"
"Rohit Krishna Seikh",Sundhara,rohit.seikh6138sundhara@demo.net
"Asif Dev Paudel",Chabel,asif.paudel6139baneshwor@example.com
"Arif Gopal Rajbanshi",Jawalakhel,arif.rajbanshi6140baneshwor@mail.com
"Paras Gopal K.C",Jawalakhel,"paras.k.c6141new road@random.org"
"Arif Bahadur Bhurtel",Gaushala,"arif.bhurtel6142new road@mail.com"
"Arif Dhoj Bhandari",Tinkune,arif.bhandari6143gaushala@mail.com
"Paras Krishna Bhandari",Gaushala,paras.bhandari6144ratnapark@demo.net
"Sompal Bhagat Seikh",Ekantakuna,sompal.seikh6145baneshwor@demo.net
"Paras Bhagat Rajbanshi",Jawalakhel,paras.rajbanshi6146tinkune@test.com
"Asif Dev Seikh",Ratnapark,asif.seikh6147ratnapark@mail.com
"Asif Bir Kami",Sundhara,asif.kami6148jawalakhel@mail.com
"Sandeep Dhoj Lamichane",Tinkune,sandeep.lamichane6149ekantakuna@test.com
"Binod Lal Malla",Sundhara,binod.malla6150baneshwor@example.com
"Kushal Krishna Rajbanshi",Ekantakuna,kushal.rajbanshi6151baneshwor@test.com
"Lalit Kumar Lamichane",Sundhara,"lalit.lamichane6152new road@random.org"
"Kushal Bhopal Rajbanshi",Ekantakuna,kushal.rajbanshi6153sundhara@random.org
"Rohit Bhopal Rajbanshi",Chabel,rohit.rajbanshi6154baneshwor@example.com
"Rohit Krishna Malla",Tripureshwor,rohit.malla6155jawalakhel@mail.com
"Kushal Kumar Bhurtel",Tinkune,kushal.bhurtel6156tripureshwor@example.com
"Sompal Bhopal Paudel",Chabel,sompal.paudel6157ekantakuna@mail.com
"Rohit Bhagat Seikh",Chabel,rohit.seikh6158sundhara@mail.com
"Binod Gopal Seikh",Tripureshwor,binod.seikh6159sundhara@demo.net
"Paras Bahadur Rajbanshi",Sundhara,paras.rajbanshi6160sundhara@example.com
"Karan Kumar Kami",Ratnapark,"karan.kami6161new road@random.org"
"Sompal Dev Lamichane",Sundhara,sompal.lamichane6162baneshwor@mail.com
"Kushal Krishna Bhurtel",Tripureshwor,"kushal.bhurtel6163new road@random.org"
"Asif Bhagat Kami","New Road",asif.kami6164ekantakuna@random.org
"Rohit Lal Kami",Jawalakhel,rohit.kami6165ekantakuna@mail.com
"Sompal Bahadur Bhandari","New Road",sompal.bhandari6166gaushala@random.org
"Paras Dhoj Rajbanshi",Sundhara,paras.rajbanshi6167tinkune@random.org
"Asif Kumar Paudel",Ratnapark,asif.paudel6168jawalakhel@test.com
"Rohit Lal K.C",Ratnapark,rohit.k.c6169ratnapark@random.org
"Arif Dhoj Seikh",Jawalakhel,arif.seikh6170jawalakhel@demo.net
"Karan Gopal K.C",Tinkune,karan.k.c6171ratnapark@random.org
"Rohit Kumar Malla",Ekantakuna,rohit.malla6172tripureshwor@mail.com
"Arif Dev Rajbanshi",Jawalakhel,arif.rajbanshi6173jawalakhel@random.org
"Asif Krishna Paudel",Jawalakhel,asif.paudel6174jawalakhel@demo.net
"Lalit Bahadur Bhurtel",Sundhara,lalit.bhurtel6175tripureshwor@demo.net
"Sompal Dhoj Rajbanshi",Ratnapark,sompal.rajbanshi6176ratnapark@example.com
"Sompal Kumar Lamichane",Chabel,sompal.lamichane6177ekantakuna@test.com
"Lalit Bir Lamichane",Tinkune,lalit.lamichane6178tripureshwor@example.com
"Sandeep Dev Bhandari",Tinkune,sandeep.bhandari6179jawalakhel@mail.com
"Arif Bhagat Bhandari",Tinkune,arif.bhandari6180jawalakhel@random.org
"Kushal Bhagat Bhurtel",Baneshwor,kushal.bhurtel6181chabel@demo.net
"Sandeep Bhagat Bhandari","New Road","sandeep.bhandari6182new road@random.org"
"Paras Dhoj Seikh",Chabel,paras.seikh6183ratnapark@example.com
"Sandeep Bahadur Kami",Tinkune,sandeep.kami6184tinkune@test.com
"Sandeep Dhoj Seikh",Baneshwor,sandeep.seikh6185ratnapark@example.com
"Sandeep Bhopal Lamichane",Baneshwor,sandeep.lamichane6186ekantakuna@example.com
"Sandeep Bir Rajbanshi",Ekantakuna,sandeep.rajbanshi6187chabel@example.com
"Rohit Bhopal Bhandari",Tinkune,rohit.bhandari6188tinkune@mail.com
"Paras Bahadur Rajbanshi","New Road",paras.rajbanshi6189chabel@demo.net
"Sandeep Lal Rajbanshi",Jawalakhel,sandeep.rajbanshi6190chabel@random.org
"Arif Dev Paudel","New Road",arif.paudel6191chabel@test.com
"Sandeep Krishna Bhandari",Chabel,sandeep.bhandari6192chabel@random.org
"Sandeep Gopal K.C",Ekantakuna,sandeep.k.c6193sundhara@example.com
"Binod Bhopal Paudel",Tripureshwor,binod.paudel6194ratnapark@test.com
"Kushal Bhagat Kami","New Road",kushal.kami6195gaushala@random.org
"Kushal Kumar Lamichane",Ratnapark,kushal.lamichane6196tinkune@demo.net
"Asif Kumar Khadka","New Road",asif.khadka6197tripureshwor@example.com
"Arif Lal Paudel","New Road",arif.paudel6198tripureshwor@demo.net
"Rohit Krishna Bhandari",Baneshwor,"rohit.bhandari6199new road@demo.net"
"Kushal Dhoj Khadka",Jawalakhel,kushal.khadka6200chabel@random.org
"Karan Krishna Kami",Tripureshwor,karan.kami6201jawalakhel@example.com
"Sandeep Lal Kami",Jawalakhel,sandeep.kami6202tinkune@test.com
"Asif Dev K.C","New Road",asif.k.c6203chabel@example.com
"Karan Dhoj Seikh",Chabel,"karan.seikh6204new road@mail.com"
"Paras Bahadur Kami",Tinkune,paras.kami6205tinkune@random.org
"Kushal Lal Rajbanshi",Chabel,kushal.rajbanshi6206ekantakuna@test.com
"Kushal Gopal Khadka",Baneshwor,kushal.khadka6207tripureshwor@mail.com
"Binod Kumar Rajbanshi",Tripureshwor,binod.rajbanshi6208chabel@test.com
"Karan Bhagat Lamichane",Tripureshwor,"karan.lamichane6209new road@test.com"
"Rohit Bhagat Lamichane","New Road",rohit.lamichane6210tinkune@example.com
"Sandeep Dev Bhandari","New Road",sandeep.bhandari6211gaushala@demo.net
"Rohit Bir Kami",Ekantakuna,rohit.kami6212chabel@mail.com
"Rohit Kumar Seikh",Ratnapark,rohit.seikh6213gaushala@demo.net
"Arif Dhoj Lamichane",Baneshwor,arif.lamichane6214sundhara@random.org
"Rohit Kumar K.C",Ratnapark,rohit.k.c6215jawalakhel@test.com
"Karan Bahadur Bhandari",Tinkune,karan.bhandari6216jawalakhel@mail.com
"Sandeep Bahadur Seikh",Chabel,sandeep.seikh6217tripureshwor@test.com
"Kushal Krishna Malla","New Road",kushal.malla6218ekantakuna@example.com
"Arif Krishna Lamichane",Gaushala,"arif.lamichane6219new road@example.com"
"Sompal Bhagat Kami",Baneshwor,sompal.kami6220tripureshwor@test.com
"Rohit Bhagat Paudel",Ekantakuna,rohit.paudel6221gaushala@example.com
"Sompal Bir Paudel",Tripureshwor,sompal.paudel6222ratnapark@mail.com
"Rohit Krishna Bhandari",Sundhara,rohit.bhandari6223gaushala@demo.net
"Paras Dev K.C","New Road",paras.k.c6224sundhara@random.org
"Sompal Bhagat Paudel",Chabel,sompal.paudel6225tinkune@test.com
"Asif Lal Kami",Tripureshwor,asif.kami6226ratnapark@demo.net
"Lalit Bhopal Bhandari","New Road",lalit.bhandari6227tinkune@mail.com
"Sompal Bhopal Bhandari",Ratnapark,sompal.bhandari6228tripureshwor@mail.com
"Lalit Bhopal Khadka",Ratnapark,"lalit.khadka6229new road@test.com"
"Arif Kumar Bhurtel",Tripureshwor,arif.bhurtel6230tinkune@mail.com
"Kushal Krishna Lamichane",Sundhara,kushal.lamichane6231sundhara@demo.net
"Karan Bhopal Rajbanshi",Ratnapark,karan.rajbanshi6232tripureshwor@example.com
"Sandeep Bhagat Malla",Tripureshwor,sandeep.malla6233baneshwor@mail.com
"Binod Krishna Seikh",Tinkune,binod.seikh6234chabel@example.com
"Arif Gopal Kami",Tripureshwor,arif.kami6235ratnapark@demo.net
"Arif Dev Paudel",Tripureshwor,arif.paudel6236tinkune@mail.com
"Binod Dhoj Rajbanshi",Gaushala,binod.rajbanshi6237ratnapark@random.org
"Arif Bahadur Bhurtel",Chabel,arif.bhurtel6238gaushala@mail.com
"Kushal Dhoj K.C",Chabel,kushal.k.c6239chabel@example.com
"Lalit Bhopal Paudel",Tinkune,lalit.paudel6240baneshwor@example.com
"Karan Lal Rajbanshi",Baneshwor,karan.rajbanshi6241ekantakuna@test.com
"Kushal Gopal Bhandari",Tripureshwor,kushal.bhandari6242gaushala@example.com
"Asif Kumar Seikh",Gaushala,asif.seikh6243sundhara@test.com
"Paras Bhopal Kami",Tripureshwor,paras.kami6244chabel@test.com
"Binod Krishna Rajbanshi",Ekantakuna,binod.rajbanshi6245sundhara@test.com
"Sompal Bir K.C",Ratnapark,"sompal.k.c6246new road@mail.com"
"Sandeep Lal K.C",Tripureshwor,sandeep.k.c6247sundhara@mail.com
"Binod Lal Malla",Sundhara,binod.malla6248tinkune@random.org
"Sompal Kumar Lamichane",Sundhara,sompal.lamichane6249baneshwor@example.com
"Asif Bhagat Bhandari",Ekantakuna,asif.bhandari6250tinkune@random.org
"Asif Dev Paudel",Chabel,asif.paudel6251gaushala@example.com
"Arif Krishna Kami",Jawalakhel,arif.kami6252jawalakhel@demo.net
"Kushal Bhagat Kami",Baneshwor,kushal.kami6253baneshwor@mail.com
"Asif Gopal Seikh",Jawalakhel,asif.seikh6254gaushala@example.com
"Kushal Bahadur Rajbanshi",Tripureshwor,kushal.rajbanshi6255sundhara@random.org
"Rohit Dhoj Seikh",Gaushala,rohit.seikh6256jawalakhel@mail.com
"Rohit Dev Paudel",Chabel,rohit.paudel6257gaushala@test.com
"Rohit Kumar Kami",Chabel,rohit.kami6258gaushala@example.com
"Arif Lal Bhandari",Ratnapark,arif.bhandari6259jawalakhel@random.org
"Arif Dev K.C",Sundhara,arif.k.c6260ekantakuna@test.com
"Asif Bhagat Khadka","New Road",asif.khadka6261tinkune@test.com
"Karan Krishna Rajbanshi",Jawalakhel,karan.rajbanshi6262sundhara@mail.com
"Karan Dhoj Lamichane",Chabel,karan.lamichane6263baneshwor@random.org
"Kushal Bhagat Bhurtel",Ekantakuna,kushal.bhurtel6264chabel@demo.net
"Asif Dhoj Rajbanshi",Ekantakuna,asif.rajbanshi6265gaushala@demo.net
"Asif Krishna Seikh",Ratnapark,asif.seikh6266chabel@example.com
"Arif Lal Bhandari",Gaushala,arif.bhandari6267baneshwor@mail.com
"Arif Dev Bhurtel",Tinkune,arif.bhurtel6268ekantakuna@mail.com
"Rohit Krishna K.C",Jawalakhel,rohit.k.c6269jawalakhel@example.com
"Kushal Gopal Rajbanshi",Ekantakuna,kushal.rajbanshi6270ratnapark@test.com
"Lalit Bahadur Paudel",Tinkune,lalit.paudel6271tinkune@example.com
"Sandeep Gopal Rajbanshi",Ratnapark,sandeep.rajbanshi6272baneshwor@random.org
"Kushal Lal Paudel","New Road",kushal.paudel6273ekantakuna@test.com
"Rohit Bhopal Khadka",Chabel,rohit.khadka6274sundhara@test.com
"Karan Gopal Rajbanshi",Tripureshwor,karan.rajbanshi6275ratnapark@mail.com
"Sompal Lal Lamichane",Jawalakhel,sompal.lamichane6276gaushala@test.com
"Sompal Bahadur Lamichane",Gaushala,"sompal.lamichane6277new road@test.com"
"Kushal Krishna Seikh",Jawalakhel,kushal.seikh6278ekantakuna@random.org
"Asif Bir Kami",Jawalakhel,asif.kami6279jawalakhel@test.com
"Binod Bir Seikh",Gaushala,binod.seikh6280tripureshwor@example.com
"Kushal Gopal Seikh",Sundhara,kushal.seikh6281baneshwor@demo.net
"Paras Dhoj K.C",Sundhara,paras.k.c6282gaushala@demo.net
"Paras Dev K.C","New Road",paras.k.c6283ratnapark@test.com
"Rohit Kumar K.C",Jawalakhel,"rohit.k.c6284new road@demo.net"
"Binod Krishna Paudel",Chabel,"binod.paudel6285new road@random.org"
"Sandeep Dhoj Bhandari",Ekantakuna,sandeep.bhandari6286gaushala@random.org
"Arif Kumar Khadka",Tripureshwor,arif.khadka6287baneshwor@random.org
"Sompal Dev Bhandari","New Road",sompal.bhandari6288jawalakhel@test.com
"Paras Lal Khadka",Ekantakuna,paras.khadka6289ekantakuna@demo.net
"Sandeep Krishna Paudel",Baneshwor,sandeep.paudel6290gaushala@random.org
"Sompal Krishna K.C",Tinkune,sompal.k.c6291chabel@example.com
"Karan Kumar Rajbanshi",Tinkune,karan.rajbanshi6292chabel@test.com
"Kushal Kumar Malla",Jawalakhel,kushal.malla6293chabel@example.com
"Sompal Lal Seikh","New Road",sompal.seikh6294jawalakhel@test.com
"Lalit Bahadur Bhurtel",Tripureshwor,lalit.bhurtel6295chabel@mail.com
"Sandeep Bhopal Paudel",Tripureshwor,sandeep.paudel6296sundhara@test.com
"Binod Bir K.C",Chabel,binod.k.c6297chabel@example.com
"Lalit Gopal Malla",Sundhara,lalit.malla6298tripureshwor@test.com
"Arif Dev Paudel",Tinkune,arif.paudel6299baneshwor@test.com
"Asif Dev Malla",Gaushala,"asif.malla6300new road@example.com"
"Sandeep Bhagat Malla",Tripureshwor,sandeep.malla6301chabel@demo.net
"Rohit Krishna Bhurtel",Tinkune,rohit.bhurtel6302tripureshwor@example.com
"Kushal Bir Paudel","New Road",kushal.paudel6303sundhara@demo.net
"Sandeep Lal K.C",Ratnapark,sandeep.k.c6304baneshwor@example.com
"Rohit Bir Paudel",Ekantakuna,rohit.paudel6305ekantakuna@demo.net
"Asif Bhagat Lamichane",Tinkune,asif.lamichane6306jawalakhel@example.com
"Karan Bhagat Seikh",Chabel,karan.seikh6307chabel@demo.net
"Binod Lal Rajbanshi",Ekantakuna,binod.rajbanshi6308gaushala@mail.com
"Paras Lal Rajbanshi",Ekantakuna,paras.rajbanshi6309ekantakuna@mail.com
"Lalit Dhoj K.C",Sundhara,lalit.k.c6310baneshwor@mail.com
"Sandeep Bhagat Bhandari",Tinkune,"sandeep.bhandari6311new road@demo.net"
"Karan Bhopal Khadka",Chabel,karan.khadka6312sundhara@example.com
"Karan Bhopal Bhandari",Tripureshwor,karan.bhandari6313baneshwor@mail.com
"Sandeep Dhoj Paudel",Jawalakhel,sandeep.paudel6314gaushala@mail.com
"Binod Bahadur K.C",Gaushala,binod.k.c6315jawalakhel@demo.net
"Asif Kumar Paudel",Baneshwor,asif.paudel6316gaushala@example.com
"Karan Krishna Seikh",Ratnapark,karan.seikh6317tripureshwor@random.org
"Binod Bir Seikh",Tripureshwor,binod.seikh6318baneshwor@demo.net
"Paras Dhoj Kami",Ratnapark,paras.kami6319ratnapark@demo.net
"Lalit Kumar Kami",Tinkune,lalit.kami6320ekantakuna@example.com
"Sompal Bir Bhurtel","New Road",sompal.bhurtel6321sundhara@demo.net
"Paras Kumar Khadka",Chabel,"paras.khadka6322new road@test.com"
"Binod Dev Lamichane",Ratnapark,binod.lamichane6323gaushala@test.com
"Kushal Dhoj Kami",Baneshwor,kushal.kami6324chabel@example.com
"Sompal Dhoj Malla",Gaushala,sompal.malla6325ekantakuna@random.org
"Paras Bhagat Bhurtel",Baneshwor,paras.bhurtel6326tripureshwor@demo.net
"Sompal Bahadur Paudel",Ratnapark,sompal.paudel6327ratnapark@mail.com
"Binod Dev Bhurtel",Sundhara,binod.bhurtel6328tripureshwor@test.com
"Lalit Dev Kami",Jawalakhel,lalit.kami6329jawalakhel@random.org
"Rohit Krishna Seikh",Baneshwor,rohit.seikh6330chabel@random.org
"Sompal Dev Malla",Baneshwor,sompal.malla6331jawalakhel@example.com
"Rohit Lal Bhurtel",Gaushala,rohit.bhurtel6332tinkune@demo.net
"Asif Bir Bhandari",Jawalakhel,asif.bhandari6333tinkune@test.com
"Asif Bhopal Seikh",Ekantakuna,"asif.seikh6334new road@random.org"
"Asif Dev Rajbanshi",Jawalakhel,asif.rajbanshi6335ratnapark@random.org
"Kushal Bir Paudel",Tinkune,kushal.paudel6336jawalakhel@test.com
"Asif Bir Lamichane",Baneshwor,asif.lamichane6337tripureshwor@demo.net
"Asif Dhoj Malla","New Road","asif.malla6338new road@demo.net"
"Arif Bir Seikh",Chabel,arif.seikh6339gaushala@example.com
"Karan Bir Seikh","New Road",karan.seikh6340tripureshwor@example.com
"Sompal Krishna Seikh",Gaushala,sompal.seikh6341chabel@example.com
"Sompal Lal Lamichane",Baneshwor,sompal.lamichane6342ekantakuna@random.org
"Sandeep Bir Bhandari",Gaushala,sandeep.bhandari6343baneshwor@random.org
"Arif Bhopal K.C","New Road",arif.k.c6344sundhara@test.com
"Sandeep Bhopal Khadka",Tripureshwor,sandeep.khadka6345sundhara@demo.net
"Arif Dev Lamichane",Sundhara,arif.lamichane6346ratnapark@demo.net
"Sompal Krishna Malla",Ratnapark,sompal.malla6347jawalakhel@example.com
"Paras Bir Bhurtel","New Road",paras.bhurtel6348sundhara@demo.net
"Arif Dev Paudel",Sundhara,"arif.paudel6349new road@mail.com"
"Sandeep Bir Rajbanshi",Tinkune,"sandeep.rajbanshi6350new road@mail.com"
"Sompal Lal Rajbanshi","New Road",sompal.rajbanshi6351chabel@mail.com
"Sompal Lal Paudel",Ekantakuna,"sompal.paudel6352new road@random.org"
"Lalit Dhoj Khadka",Tripureshwor,lalit.khadka6353tripureshwor@mail.com
"Sandeep Dhoj Rajbanshi",Gaushala,sandeep.rajbanshi6354gaushala@example.com
"Asif Bhagat Kami",Chabel,asif.kami6355sundhara@random.org
"Rohit Kumar K.C",Tripureshwor,rohit.k.c6356tinkune@mail.com
"Sandeep Dhoj Kami",Ratnapark,sandeep.kami6357sundhara@test.com
"Lalit Kumar Khadka",Sundhara,lalit.khadka6358ratnapark@example.com
"Binod Bhagat Bhandari",Ekantakuna,binod.bhandari6359chabel@mail.com
"Arif Bhagat Kami",Jawalakhel,arif.kami6360gaushala@demo.net
"Karan Bir Kami","New Road","karan.kami6361new road@test.com"
"Kushal Dev Seikh",Tripureshwor,kushal.seikh6362jawalakhel@mail.com
"Rohit Bir Bhandari",Chabel,rohit.bhandari6363chabel@demo.net
"Karan Krishna Bhurtel","New Road",karan.bhurtel6364ekantakuna@random.org
"Binod Bhopal Seikh",Ekantakuna,binod.seikh6365ekantakuna@random.org
"Asif Dev Rajbanshi",Ratnapark,"asif.rajbanshi6366new road@demo.net"
"Sandeep Bir Seikh",Ekantakuna,sandeep.seikh6367sundhara@mail.com
"Binod Bhopal Seikh",Gaushala,binod.seikh6368sundhara@mail.com
"Rohit Kumar Bhurtel",Baneshwor,rohit.bhurtel6369jawalakhel@example.com
"Karan Bhagat Khadka","New Road",karan.khadka6370gaushala@demo.net
"Sompal Kumar Rajbanshi",Jawalakhel,sompal.rajbanshi6371ekantakuna@example.com
"Sompal Dhoj K.C",Ekantakuna,"sompal.k.c6372new road@example.com"
"Lalit Lal K.C",Ekantakuna,lalit.k.c6373baneshwor@random.org
"Binod Bhagat Kami",Chabel,binod.kami6374gaushala@mail.com
"Paras Kumar Rajbanshi","New Road",paras.rajbanshi6375baneshwor@random.org
"Lalit Bir Kami",Tinkune,lalit.kami6376tripureshwor@mail.com
"Lalit Krishna Bhandari",Chabel,lalit.bhandari6377gaushala@demo.net
"Sompal Gopal Paudel",Tripureshwor,"sompal.paudel6378new road@demo.net"
"Lalit Kumar Rajbanshi",Sundhara,lalit.rajbanshi6379ekantakuna@example.com
"Kushal Kumar Lamichane",Sundhara,kushal.lamichane6380baneshwor@mail.com
"Asif Dhoj Bhandari",Tripureshwor,asif.bhandari6381tripureshwor@random.org
"Lalit Bahadur Khadka",Baneshwor,lalit.khadka6382tinkune@example.com
"Lalit Gopal Kami",Jawalakhel,lalit.kami6383tripureshwor@random.org
"Sandeep Bhopal Paudel",Sundhara,sandeep.paudel6384gaushala@random.org
"Binod Dev Bhandari",Tinkune,"binod.bhandari6385new road@test.com"
"Kushal Kumar Bhandari",Baneshwor,kushal.bhandari6386ekantakuna@example.com
"Lalit Bir Malla",Tripureshwor,lalit.malla6387gaushala@mail.com
"Sandeep Dhoj Seikh",Tripureshwor,sandeep.seikh6388chabel@example.com
"Sandeep Dev K.C",Jawalakhel,sandeep.k.c6389tripureshwor@demo.net
"Sompal Krishna Bhurtel",Baneshwor,sompal.bhurtel6390gaushala@test.com
"Sandeep Bahadur Seikh",Ratnapark,sandeep.seikh6391tripureshwor@mail.com
"Paras Dev K.C",Jawalakhel,paras.k.c6392tinkune@test.com
"Sompal Dhoj Malla",Tinkune,sompal.malla6393gaushala@demo.net
"Paras Bhopal Malla",Chabel,paras.malla6394sundhara@mail.com
"Binod Bhagat Bhandari","New Road",binod.bhandari6395tripureshwor@mail.com
"Asif Krishna Kami","New Road",asif.kami6396gaushala@demo.net
"Asif Dev Rajbanshi",Jawalakhel,asif.rajbanshi6397tripureshwor@test.com
"Binod Dev Bhurtel",Ratnapark,binod.bhurtel6398sundhara@mail.com
"Karan Krishna Seikh",Sundhara,karan.seikh6399gaushala@example.com
"Binod Krishna Kami",Tripureshwor,binod.kami6400baneshwor@test.com
"Sandeep Bahadur Kami",Tinkune,sandeep.kami6401jawalakhel@test.com
"Binod Dev Kami",Sundhara,binod.kami6402ekantakuna@demo.net
"Karan Dhoj Bhandari",Sundhara,karan.bhandari6403tinkune@mail.com
"Rohit Bir Khadka",Tinkune,rohit.khadka6404tripureshwor@mail.com
"Sandeep Krishna Lamichane",Gaushala,sandeep.lamichane6405chabel@example.com
"Rohit Bhopal Bhandari",Ekantakuna,rohit.bhandari6406jawalakhel@test.com
"Binod Krishna Lamichane",Ekantakuna,binod.lamichane6407ratnapark@example.com
"Asif Lal Paudel",Sundhara,asif.paudel6408jawalakhel@random.org
"Kushal Bahadur Kami",Baneshwor,kushal.kami6409baneshwor@mail.com
"Sandeep Bahadur Rajbanshi",Gaushala,sandeep.rajbanshi6410baneshwor@test.com
"Kushal Bhagat Seikh",Jawalakhel,kushal.seikh6411ekantakuna@random.org
"Kushal Bhagat Lamichane","New Road",kushal.lamichane6412ekantakuna@example.com
"Sompal Krishna K.C",Chabel,sompal.k.c6413chabel@random.org
"Sandeep Dhoj Paudel",Chabel,"sandeep.paudel6414new road@mail.com"
"Asif Bahadur K.C",Baneshwor,asif.k.c6415ekantakuna@demo.net
"Asif Bahadur Lamichane",Baneshwor,asif.lamichane6416gaushala@test.com
"Asif Bhagat Lamichane",Jawalakhel,asif.lamichane6417sundhara@demo.net
"Paras Bir Malla",Baneshwor,paras.malla6418sundhara@example.com
"Lalit Dhoj Bhurtel",Tinkune,lalit.bhurtel6419jawalakhel@test.com
"Arif Bhagat Paudel",Baneshwor,arif.paudel6420sundhara@test.com
"Rohit Dhoj Rajbanshi",Tinkune,rohit.rajbanshi6421baneshwor@mail.com
"Paras Bir Bhurtel",Baneshwor,paras.bhurtel6422tripureshwor@test.com
"Arif Bahadur Khadka",Sundhara,arif.khadka6423jawalakhel@test.com
"Asif Kumar K.C",Chabel,asif.k.c6424ratnapark@mail.com
"Rohit Dhoj Seikh",Sundhara,rohit.seikh6425tripureshwor@test.com
"Rohit Lal Khadka",Tripureshwor,rohit.khadka6426ratnapark@mail.com
"Asif Dhoj Kami","New Road",asif.kami6427jawalakhel@random.org
"Asif Bhopal Malla",Baneshwor,asif.malla6428jawalakhel@example.com
"Arif Bahadur Rajbanshi",Tinkune,arif.rajbanshi6429jawalakhel@demo.net
"Rohit Bhagat Paudel",Tripureshwor,rohit.paudel6430ratnapark@demo.net
"Lalit Gopal Khadka",Sundhara,lalit.khadka6431gaushala@random.org
"Binod Krishna Malla",Sundhara,binod.malla6432tripureshwor@example.com
"Paras Dev Kami",Chabel,paras.kami6433jawalakhel@demo.net
"Sompal Bir K.C",Ratnapark,sompal.k.c6434jawalakhel@test.com
"Rohit Gopal Kami","New Road",rohit.kami6435sundhara@mail.com
"Rohit Gopal Bhurtel","New Road",rohit.bhurtel6436chabel@random.org
"Asif Lal Seikh",Ratnapark,asif.seikh6437baneshwor@mail.com
"Rohit Dev Kami","New Road",rohit.kami6438chabel@random.org
"Arif Krishna Kami",Sundhara,arif.kami6439sundhara@random.org
"Kushal Gopal Bhurtel",Ekantakuna,kushal.bhurtel6440baneshwor@mail.com
"Arif Gopal Bhandari","New Road",arif.bhandari6441tinkune@mail.com
"Sompal Bhopal Malla",Gaushala,sompal.malla6442baneshwor@example.com
"Sandeep Dev Seikh",Baneshwor,sandeep.seikh6443tripureshwor@mail.com
"Kushal Bhagat Malla",Sundhara,kushal.malla6444chabel@example.com
"Sandeep Krishna Kami",Gaushala,sandeep.kami6445jawalakhel@example.com
"Karan Krishna Paudel",Jawalakhel,"karan.paudel6446new road@random.org"
"Asif Dev K.C",Sundhara,asif.k.c6447baneshwor@random.org
"Binod Dhoj Paudel",Ekantakuna,binod.paudel6448tinkune@test.com
"Sompal Bir Khadka",Tinkune,sompal.khadka6449chabel@demo.net
"Asif Bhopal Lamichane",Ratnapark,asif.lamichane6450sundhara@test.com
"Rohit Gopal Khadka","New Road",rohit.khadka6451ratnapark@demo.net
"Sompal Gopal K.C",Tinkune,sompal.k.c6452ekantakuna@mail.com
"Lalit Lal Bhurtel",Tinkune,lalit.bhurtel6453chabel@demo.net
"Karan Bhopal Paudel",Baneshwor,"karan.paudel6454new road@example.com"
"Rohit Bhagat Kami",Gaushala,"rohit.kami6455new road@example.com"
"Kushal Bir Lamichane",Gaushala,"kushal.lamichane6456new road@example.com"
"Kushal Bir Paudel",Ekantakuna,kushal.paudel6457gaushala@example.com
"Lalit Bir Rajbanshi",Tinkune,"lalit.rajbanshi6458new road@example.com"
"Paras Bahadur Rajbanshi",Baneshwor,paras.rajbanshi6459ratnapark@random.org
"Sompal Bhopal Seikh",Ekantakuna,sompal.seikh6460sundhara@example.com
"Sompal Krishna Malla","New Road",sompal.malla6461ratnapark@random.org
"Asif Bhopal Lamichane",Chabel,"asif.lamichane6462new road@demo.net"
"Kushal Bahadur Khadka",Tripureshwor,kushal.khadka6463chabel@mail.com
"Paras Dev Seikh",Chabel,paras.seikh6464sundhara@demo.net
"Arif Dhoj Rajbanshi","New Road",arif.rajbanshi6465tinkune@mail.com
"Rohit Bhopal Kami",Chabel,rohit.kami6466baneshwor@random.org
"Paras Bahadur Seikh",Ratnapark,paras.seikh6467gaushala@test.com
"Sompal Lal Kami","New Road",sompal.kami6468jawalakhel@random.org
"Karan Dhoj Paudel",Sundhara,karan.paudel6469baneshwor@test.com
"Arif Lal Lamichane",Ekantakuna,arif.lamichane6470ekantakuna@mail.com
"Rohit Krishna Seikh",Tripureshwor,rohit.seikh6471chabel@random.org
"Kushal Krishna Khadka",Gaushala,kushal.khadka6472tinkune@demo.net
"Binod Lal Seikh",Sundhara,binod.seikh6473jawalakhel@random.org
"Asif Bhagat Malla",Tripureshwor,asif.malla6474ratnapark@example.com
"Paras Bhagat Lamichane",Tripureshwor,"paras.lamichane6475new road@demo.net"
"Rohit Bhopal Bhandari",Ekantakuna,rohit.bhandari6476tinkune@example.com
"Paras Krishna Rajbanshi",Tripureshwor,paras.rajbanshi6477chabel@mail.com
"Binod Bir K.C","New Road",binod.k.c6478tripureshwor@test.com
"Sandeep Bhagat Bhandari",Ratnapark,sandeep.bhandari6479sundhara@example.com
"Rohit Dhoj Malla",Tinkune,rohit.malla6480sundhara@test.com
"Kushal Krishna Bhandari",Ekantakuna,kushal.bhandari6481ekantakuna@mail.com
"Paras Bahadur Bhurtel",Jawalakhel,paras.bhurtel6482jawalakhel@random.org
"Sompal Dev Malla",Ekantakuna,"sompal.malla6483new road@test.com"
"Binod Bhopal K.C",Jawalakhel,binod.k.c6484ekantakuna@example.com
"Binod Bahadur Rajbanshi",Ratnapark,binod.rajbanshi6485gaushala@demo.net
"Karan Bhopal Lamichane",Gaushala,karan.lamichane6486ekantakuna@demo.net
"Sompal Bhagat Kami","New Road",sompal.kami6487gaushala@demo.net
"Rohit Gopal Bhurtel",Tinkune,rohit.bhurtel6488sundhara@demo.net
"Arif Bahadur Kami",Jawalakhel,arif.kami6489gaushala@test.com
"Sandeep Bhopal Seikh",Tripureshwor,sandeep.seikh6490tripureshwor@demo.net
"Karan Bir Malla",Tripureshwor,karan.malla6491ratnapark@example.com
"Sandeep Bhagat Bhurtel",Baneshwor,sandeep.bhurtel6492tripureshwor@mail.com
"Arif Dhoj Malla",Ekantakuna,arif.malla6493gaushala@demo.net
"Sompal Bir K.C",Baneshwor,"sompal.k.c6494new road@demo.net"
"Binod Krishna K.C",Chabel,binod.k.c6495tripureshwor@example.com
"Sandeep Lal Bhurtel",Baneshwor,sandeep.bhurtel6496tinkune@random.org
"Binod Lal Kami","New Road",binod.kami6497tripureshwor@random.org
"Sandeep Bir K.C",Sundhara,sandeep.k.c6498jawalakhel@random.org
"Karan Dev Paudel",Jawalakhel,karan.paudel6499ratnapark@test.com
"Binod Bhagat Bhandari",Tinkune,binod.bhandari6500ratnapark@demo.net
"Sompal Krishna Khadka",Ratnapark,"sompal.khadka6501new road@mail.com"
"Sompal Lal Khadka",Sundhara,sompal.khadka6502jawalakhel@test.com
"Karan Krishna Bhurtel",Jawalakhel,karan.bhurtel6503gaushala@mail.com
"Binod Bahadur Khadka",Ratnapark,binod.khadka6504jawalakhel@random.org
"Karan Kumar Seikh",Ratnapark,karan.seikh6505ratnapark@random.org
"Paras Krishna Rajbanshi",Jawalakhel,paras.rajbanshi6506chabel@demo.net
"Binod Bir K.C",Sundhara,binod.k.c6507sundhara@test.com
"Sompal Dhoj Paudel",Sundhara,sompal.paudel6508tripureshwor@mail.com
"Arif Dev Kami",Tinkune,arif.kami6509ekantakuna@random.org
"Karan Dhoj K.C",Tinkune,karan.k.c6510chabel@random.org
"Paras Kumar Lamichane",Jawalakhel,paras.lamichane6511jawalakhel@test.com
"Karan Bahadur Seikh",Tinkune,karan.seikh6512sundhara@demo.net
"Paras Bir Malla",Chabel,paras.malla6513ratnapark@example.com
"Asif Kumar Kami",Jawalakhel,asif.kami6514sundhara@random.org
"Asif Dev Seikh",Tripureshwor,"asif.seikh6515new road@test.com"
"Rohit Dhoj Bhurtel",Tinkune,rohit.bhurtel6516baneshwor@demo.net
"Kushal Kumar Seikh",Sundhara,kushal.seikh6517tinkune@random.org
"Rohit Bhopal Malla",Ekantakuna,rohit.malla6518sundhara@test.com
"Lalit Kumar K.C",Ekantakuna,lalit.k.c6519ratnapark@example.com
"Arif Dhoj Khadka",Jawalakhel,arif.khadka6520baneshwor@demo.net
"Rohit Lal Lamichane",Sundhara,rohit.lamichane6521ratnapark@test.com
"Asif Bhopal Malla",Tripureshwor,asif.malla6522gaushala@demo.net
"Asif Bhagat K.C",Tripureshwor,asif.k.c6523sundhara@test.com
"Paras Lal Lamichane",Ratnapark,paras.lamichane6524sundhara@test.com
"Arif Krishna Kami","New Road",arif.kami6525gaushala@test.com
"Asif Krishna K.C",Ratnapark,asif.k.c6526baneshwor@mail.com
"Kushal Dhoj Malla",Ratnapark,kushal.malla6527chabel@example.com
"Lalit Bir Malla",Ratnapark,lalit.malla6528jawalakhel@demo.net
"Sandeep Kumar Lamichane",Jawalakhel,sandeep.lamichane6529jawalakhel@random.org
"Lalit Dhoj Bhurtel",Ekantakuna,lalit.bhurtel6530ratnapark@test.com
"Karan Gopal Rajbanshi",Sundhara,"karan.rajbanshi6531new road@demo.net"
"Arif Lal Lamichane",Ratnapark,"arif.lamichane6532new road@random.org"
"Kushal Krishna Bhandari",Tripureshwor,kushal.bhandari6533tripureshwor@random.org
"Karan Krishna Malla",Sundhara,karan.malla6534tinkune@mail.com
"Sandeep Krishna Malla",Baneshwor,sandeep.malla6535baneshwor@example.com
"Arif Krishna Lamichane",Sundhara,arif.lamichane6536ekantakuna@test.com
"Arif Krishna Khadka",Gaushala,arif.khadka6537chabel@demo.net
"Sompal Dev K.C",Tinkune,sompal.k.c6538gaushala@demo.net
"Sandeep Dhoj Rajbanshi",Jawalakhel,sandeep.rajbanshi6539ratnapark@example.com
"Kushal Gopal Khadka","New Road",kushal.khadka6540chabel@mail.com
"Binod Dev Bhandari",Baneshwor,binod.bhandari6541gaushala@demo.net
"Paras Bir Khadka",Baneshwor,paras.khadka6542ratnapark@mail.com
"Sompal Krishna Lamichane","New Road",sompal.lamichane6543chabel@example.com
"Sandeep Bhopal Seikh",Tripureshwor,sandeep.seikh6544tripureshwor@test.com
"Karan Bhopal Paudel","New Road",karan.paudel6545sundhara@test.com
"Arif Kumar Kami",Jawalakhel,arif.kami6546tripureshwor@demo.net
"Kushal Dev K.C",Ratnapark,kushal.k.c6547tripureshwor@random.org
"Rohit Dev Lamichane",Sundhara,rohit.lamichane6548tinkune@mail.com
"Sompal Bhagat Malla",Chabel,sompal.malla6549sundhara@example.com
"Karan Krishna Paudel",Tinkune,"karan.paudel6550new road@demo.net"
"Karan Kumar Khadka","New Road",karan.khadka6551jawalakhel@mail.com
"Rohit Bhagat Seikh",Sundhara,rohit.seikh6552ekantakuna@example.com
"Sompal Dev Bhurtel",Ratnapark,sompal.bhurtel6553ratnapark@mail.com
"Sandeep Bhagat Malla",Tinkune,sandeep.malla6554tinkune@example.com
"Sandeep Lal Lamichane",Ratnapark,sandeep.lamichane6555chabel@random.org
"Asif Kumar Paudel",Sundhara,asif.paudel6556sundhara@mail.com
"Arif Bir Khadka","New Road",arif.khadka6557ratnapark@random.org
"Kushal Bhopal Kami",Ratnapark,kushal.kami6558sundhara@mail.com
"Asif Lal K.C",Jawalakhel,asif.k.c6559ekantakuna@demo.net
"Rohit Bir Bhandari","New Road",rohit.bhandari6560sundhara@test.com
"Sandeep Krishna Bhurtel",Chabel,sandeep.bhurtel6561ratnapark@mail.com
"Binod Dhoj Paudel",Tripureshwor,binod.paudel6562jawalakhel@example.com
"Lalit Dev Lamichane",Ekantakuna,lalit.lamichane6563jawalakhel@mail.com
"Paras Bhagat Kami",Sundhara,paras.kami6564tinkune@example.com
"Rohit Dhoj Bhurtel","New Road",rohit.bhurtel6565chabel@example.com
"Karan Dev Khadka","New Road",karan.khadka6566tripureshwor@random.org
"Kushal Gopal Paudel",Ratnapark,kushal.paudel6567sundhara@example.com
"Asif Dev Khadka","New Road",asif.khadka6568baneshwor@mail.com
"Karan Gopal Bhandari",Sundhara,karan.bhandari6569gaushala@demo.net
"Lalit Bir Kami",Gaushala,"lalit.kami6570new road@test.com"
"Asif Kumar Kami",Ekantakuna,asif.kami6571chabel@demo.net
"Sandeep Bhopal K.C",Gaushala,sandeep.k.c6572jawalakhel@example.com
"Lalit Dev Kami",Sundhara,lalit.kami6573ratnapark@demo.net
"Arif Lal Bhandari",Chabel,arif.bhandari6574jawalakhel@random.org
"Kushal Bahadur Paudel","New Road",kushal.paudel6575tripureshwor@test.com
"Kushal Bir Malla",Baneshwor,kushal.malla6576baneshwor@test.com
"Paras Bahadur K.C",Ratnapark,paras.k.c6577baneshwor@demo.net
"Karan Dev Paudel","New Road",karan.paudel6578ratnapark@mail.com
"Rohit Bhopal Malla",Baneshwor,rohit.malla6579gaushala@demo.net
"Rohit Dhoj Kami",Gaushala,rohit.kami6580tripureshwor@demo.net
"Sompal Kumar Khadka",Sundhara,sompal.khadka6581chabel@test.com
"Binod Krishna Kami",Baneshwor,binod.kami6582tripureshwor@mail.com
"Arif Dhoj Malla",Gaushala,arif.malla6583baneshwor@demo.net
"Paras Bhopal K.C",Baneshwor,paras.k.c6584chabel@test.com
"Lalit Bir Malla","New Road","lalit.malla6585new road@test.com"
"Karan Bir Khadka",Ratnapark,karan.khadka6586tinkune@random.org
"Karan Bhopal Lamichane",Chabel,"karan.lamichane6587new road@random.org"
"Rohit Kumar Rajbanshi",Tripureshwor,rohit.rajbanshi6588tinkune@test.com
"Lalit Bhopal Khadka",Tinkune,lalit.khadka6589tripureshwor@random.org
"Sandeep Lal Seikh",Baneshwor,sandeep.seikh6590tinkune@test.com
"Binod Gopal Rajbanshi",Tripureshwor,binod.rajbanshi6591jawalakhel@example.com
"Arif Kumar Khadka",Jawalakhel,arif.khadka6592jawalakhel@random.org
"Binod Lal K.C",Ekantakuna,binod.k.c6593gaushala@mail.com
"Rohit Bir Bhandari",Ekantakuna,rohit.bhandari6594gaushala@demo.net
"Paras Lal Seikh",Jawalakhel,paras.seikh6595chabel@example.com
"Sandeep Bir Paudel",Baneshwor,sandeep.paudel6596ekantakuna@test.com
"Lalit Bir Khadka",Gaushala,lalit.khadka6597baneshwor@example.com
"Asif Bhagat Rajbanshi",Jawalakhel,asif.rajbanshi6598chabel@example.com
"Karan Bhopal K.C",Gaushala,karan.k.c6599ekantakuna@test.com
"Paras Krishna Paudel",Ratnapark,paras.paudel6600gaushala@example.com
"Arif Lal Paudel",Chabel,arif.paudel6601tinkune@example.com
"Sandeep Lal Khadka",Sundhara,"sandeep.khadka6602new road@test.com"
"Rohit Gopal Malla",Baneshwor,rohit.malla6603sundhara@example.com
"Karan Dev Lamichane",Gaushala,karan.lamichane6604jawalakhel@mail.com
"Kushal Bhopal Malla",Sundhara,kushal.malla6605tinkune@mail.com
"Paras Dhoj Seikh",Gaushala,paras.seikh6606ekantakuna@mail.com
"Sompal Kumar Malla",Jawalakhel,sompal.malla6607ratnapark@random.org
"Kushal Bhagat Khadka",Baneshwor,kushal.khadka6608ekantakuna@test.com
"Lalit Dev Kami",Gaushala,lalit.kami6609ekantakuna@example.com
"Arif Bhopal Seikh",Ratnapark,"arif.seikh6610new road@random.org"
"Rohit Bhagat K.C",Gaushala,rohit.k.c6611chabel@test.com
"Rohit Kumar Bhurtel",Chabel,rohit.bhurtel6612ekantakuna@test.com
"Sompal Dev Malla",Ratnapark,sompal.malla6613tripureshwor@example.com
"Sandeep Bir Lamichane",Chabel,sandeep.lamichane6614ekantakuna@demo.net
"Arif Gopal Khadka",Ekantakuna,arif.khadka6615chabel@example.com
"Lalit Bir K.C",Ekantakuna,"lalit.k.c6616new road@test.com"
"Sandeep Bhagat Rajbanshi",Sundhara,sandeep.rajbanshi6617tripureshwor@mail.com
"Paras Krishna Paudel",Jawalakhel,paras.paudel6618ekantakuna@mail.com
"Sompal Gopal Khadka",Ratnapark,sompal.khadka6619sundhara@mail.com
"Kushal Lal Rajbanshi",Chabel,kushal.rajbanshi6620tripureshwor@demo.net
"Asif Bahadur Lamichane",Jawalakhel,asif.lamichane6621sundhara@test.com
"Lalit Bhagat Rajbanshi",Jawalakhel,lalit.rajbanshi6622chabel@demo.net
"Arif Lal Paudel",Chabel,arif.paudel6623sundhara@mail.com
"Kushal Bir Seikh",Sundhara,kushal.seikh6624gaushala@example.com
"Sandeep Bhagat Khadka",Gaushala,sandeep.khadka6625tinkune@mail.com
"Sandeep Kumar Bhandari",Tinkune,sandeep.bhandari6626gaushala@test.com
"Arif Lal Rajbanshi",Chabel,arif.rajbanshi6627chabel@demo.net
"Arif Lal Seikh",Sundhara,arif.seikh6628tripureshwor@demo.net
"Karan Kumar Malla",Jawalakhel,karan.malla6629tripureshwor@random.org
"Paras Dhoj Khadka",Tripureshwor,paras.khadka6630gaushala@test.com
"Binod Bahadur Paudel",Gaushala,binod.paudel6631jawalakhel@test.com
"Paras Krishna Paudel","New Road",paras.paudel6632ekantakuna@mail.com
"Paras Bhagat Khadka",Jawalakhel,paras.khadka6633baneshwor@random.org
"Sandeep Bir Bhandari",Tinkune,sandeep.bhandari6634ratnapark@demo.net
"Binod Bhagat Bhandari",Tinkune,"binod.bhandari6635new road@example.com"
"Kushal Bir Seikh",Gaushala,kushal.seikh6636jawalakhel@demo.net
"Paras Kumar Lamichane",Ekantakuna,paras.lamichane6637sundhara@example.com
"Lalit Bahadur Khadka",Sundhara,lalit.khadka6638tripureshwor@example.com
"Karan Dhoj Paudel","New Road",karan.paudel6639tinkune@example.com
"Lalit Bhopal Rajbanshi",Ekantakuna,lalit.rajbanshi6640gaushala@mail.com
"Asif Lal Bhurtel","New Road",asif.bhurtel6641gaushala@random.org
"Paras Bhopal Bhandari",Ratnapark,"paras.bhandari6642new road@mail.com"
"Karan Bahadur Khadka",Tinkune,karan.khadka6643ekantakuna@demo.net
"Binod Lal Paudel",Chabel,binod.paudel6644sundhara@random.org
"Lalit Bhopal Malla",Chabel,lalit.malla6645tinkune@mail.com
"Paras Bhopal Khadka",Tinkune,"paras.khadka6646new road@test.com"
"Lalit Lal Khadka",Tinkune,lalit.khadka6647ratnapark@random.org
"Paras Lal Paudel",Baneshwor,paras.paudel6648chabel@mail.com
"Arif Lal Malla",Ekantakuna,arif.malla6649jawalakhel@test.com
"Lalit Kumar Kami",Ratnapark,lalit.kami6650baneshwor@demo.net
"Paras Bhagat Kami",Ratnapark,paras.kami6651tinkune@random.org
"Lalit Dev Paudel",Gaushala,lalit.paudel6652tinkune@example.com
"Rohit Dev Paudel",Sundhara,rohit.paudel6653tripureshwor@random.org
"Sandeep Krishna Seikh","New Road","sandeep.seikh6654new road@demo.net"
"Kushal Dhoj Lamichane",Ratnapark,kushal.lamichane6655tinkune@mail.com
"Arif Dev Khadka",Tripureshwor,arif.khadka6656sundhara@mail.com
"Sandeep Dev Paudel",Sundhara,"sandeep.paudel6657new road@random.org"
"Lalit Kumar Seikh",Jawalakhel,"lalit.seikh6658new road@random.org"
"Sompal Krishna K.C",Ekantakuna,sompal.k.c6659baneshwor@demo.net
"Lalit Krishna Bhandari",Baneshwor,lalit.bhandari6660ekantakuna@random.org
"Rohit Kumar Bhandari",Ratnapark,rohit.bhandari6661gaushala@test.com
"Rohit Gopal Paudel",Chabel,rohit.paudel6662chabel@example.com
"Rohit Bhagat Bhandari",Ekantakuna,rohit.bhandari6663chabel@mail.com
"Rohit Dhoj Bhandari","New Road",rohit.bhandari6664baneshwor@mail.com
"Sompal Bhagat Seikh",Baneshwor,sompal.seikh6665baneshwor@example.com
"Karan Bahadur Bhurtel",Ekantakuna,karan.bhurtel6666baneshwor@test.com
"Binod Bhagat Bhandari",Ratnapark,"binod.bhandari6667new road@random.org"
"Paras Dhoj Bhandari",Chabel,paras.bhandari6668chabel@demo.net
"Kushal Bahadur Seikh","New Road",kushal.seikh6669sundhara@demo.net
"Paras Dev K.C",Jawalakhel,paras.k.c6670baneshwor@example.com
"Arif Bhagat Khadka",Ratnapark,arif.khadka6671chabel@random.org
"Kushal Krishna Malla",Jawalakhel,kushal.malla6672jawalakhel@mail.com
"Sompal Gopal Malla","New Road",sompal.malla6673ratnapark@example.com
"Sandeep Lal Malla",Jawalakhel,sandeep.malla6674jawalakhel@random.org
"Sandeep Dev Bhandari",Sundhara,sandeep.bhandari6675ratnapark@test.com
"Lalit Bir Seikh",Tripureshwor,lalit.seikh6676baneshwor@demo.net
"Paras Bhopal Bhandari",Sundhara,paras.bhandari6677gaushala@demo.net
"Sompal Krishna Malla",Tinkune,sompal.malla6678tinkune@example.com
"Binod Bahadur Malla",Tinkune,binod.malla6679jawalakhel@test.com
"Karan Bir Kami",Ekantakuna,"karan.kami6680new road@mail.com"
"Sompal Bir Bhandari",Sundhara,sompal.bhandari6681baneshwor@mail.com
"Sandeep Dhoj Bhandari",Baneshwor,sandeep.bhandari6682tripureshwor@example.com
"Kushal Dev Kami",Baneshwor,kushal.kami6683tripureshwor@test.com
"Sompal Dev Bhurtel",Tripureshwor,sompal.bhurtel6684sundhara@demo.net
"Kushal Dhoj Bhurtel",Tinkune,kushal.bhurtel6685baneshwor@mail.com
"Karan Bhagat Kami",Chabel,karan.kami6686ekantakuna@random.org
"Karan Kumar Seikh",Jawalakhel,karan.seikh6687chabel@demo.net
"Lalit Lal Lamichane",Sundhara,lalit.lamichane6688chabel@random.org
"Paras Bahadur Rajbanshi",Tinkune,paras.rajbanshi6689sundhara@random.org
"Sompal Dhoj Khadka",Ratnapark,sompal.khadka6690sundhara@test.com
"Binod Bhagat Paudel",Ratnapark,binod.paudel6691baneshwor@test.com
"Binod Kumar Bhandari",Ekantakuna,"binod.bhandari6692new road@test.com"
"Rohit Gopal Lamichane",Tinkune,"rohit.lamichane6693new road@example.com"
"Rohit Bhagat Seikh",Ekantakuna,rohit.seikh6694ekantakuna@test.com
"Sompal Gopal Lamichane",Baneshwor,sompal.lamichane6695jawalakhel@mail.com
"Arif Bhagat Lamichane",Chabel,arif.lamichane6696jawalakhel@mail.com
"Paras Dhoj Bhurtel",Jawalakhel,paras.bhurtel6697tinkune@random.org
"Sandeep Krishna Paudel",Baneshwor,sandeep.paudel6698sundhara@example.com
"Arif Gopal Lamichane",Ekantakuna,arif.lamichane6699jawalakhel@random.org
"Arif Dhoj Rajbanshi","New Road",arif.rajbanshi6700tripureshwor@test.com
"Sompal Kumar Khadka",Jawalakhel,sompal.khadka6701sundhara@random.org
"Asif Bhopal Rajbanshi",Jawalakhel,"asif.rajbanshi6702new road@random.org"
"Binod Dev Lamichane",Chabel,"binod.lamichane6703new road@random.org"
"Binod Gopal Rajbanshi",Chabel,binod.rajbanshi6704ekantakuna@mail.com
"Asif Gopal Lamichane",Gaushala,asif.lamichane6705gaushala@mail.com
"Karan Kumar K.C",Ratnapark,karan.k.c6706jawalakhel@test.com
"Karan Kumar K.C",Gaushala,"karan.k.c6707new road@demo.net"
"Karan Lal Malla",Ekantakuna,karan.malla6708ekantakuna@random.org
"Arif Bhagat Seikh",Sundhara,arif.seikh6709chabel@random.org
"Kushal Krishna Bhurtel",Ratnapark,kushal.bhurtel6710tripureshwor@demo.net
"Arif Lal Paudel",Gaushala,arif.paudel6711tripureshwor@mail.com
"Lalit Bir Lamichane",Jawalakhel,lalit.lamichane6712gaushala@demo.net
"Paras Kumar Bhandari",Jawalakhel,paras.bhandari6713sundhara@example.com
"Binod Bir Rajbanshi",Ratnapark,binod.rajbanshi6714ratnapark@test.com
"Asif Krishna Rajbanshi",Ekantakuna,asif.rajbanshi6715ekantakuna@random.org
"Asif Krishna K.C",Tripureshwor,asif.k.c6716tripureshwor@mail.com
"Lalit Bir Khadka",Tinkune,lalit.khadka6717jawalakhel@random.org
"Sandeep Gopal Rajbanshi",Gaushala,"sandeep.rajbanshi6718new road@demo.net"
"Sandeep Bhopal Lamichane",Tripureshwor,sandeep.lamichane6719baneshwor@random.org
"Asif Dhoj Seikh",Chabel,asif.seikh6720baneshwor@example.com
"Asif Bhopal Lamichane","New Road",asif.lamichane6721tinkune@example.com
"Paras Bhagat Kami",Chabel,"paras.kami6722new road@mail.com"
"Sompal Dev Lamichane",Tripureshwor,"sompal.lamichane6723new road@random.org"
"Paras Bahadur K.C",Jawalakhel,paras.k.c6724ratnapark@test.com
"Asif Bahadur Seikh",Chabel,asif.seikh6725baneshwor@demo.net
"Rohit Lal Seikh",Tinkune,rohit.seikh6726chabel@demo.net
"Sompal Gopal K.C",Ratnapark,sompal.k.c6727tripureshwor@test.com
"Lalit Bhagat Lamichane",Chabel,lalit.lamichane6728tripureshwor@test.com
"Kushal Kumar K.C",Jawalakhel,kushal.k.c6729baneshwor@example.com
"Kushal Gopal Kami",Chabel,kushal.kami6730gaushala@demo.net
"Arif Krishna Rajbanshi",Ratnapark,arif.rajbanshi6731chabel@mail.com
"Arif Gopal Kami",Ratnapark,arif.kami6732sundhara@mail.com
"Paras Bhagat K.C",Sundhara,"paras.k.c6733new road@example.com"
"Rohit Krishna Malla",Tripureshwor,rohit.malla6734jawalakhel@random.org
"Binod Dhoj Malla",Tinkune,binod.malla6735sundhara@random.org
"Asif Lal Bhandari",Tripureshwor,asif.bhandari6736jawalakhel@example.com
"Rohit Bhagat Lamichane",Ekantakuna,rohit.lamichane6737ekantakuna@random.org
"Paras Bhagat Lamichane",Jawalakhel,paras.lamichane6738gaushala@random.org
"Sompal Lal Khadka",Ekantakuna,sompal.khadka6739baneshwor@random.org
"Binod Bhopal Bhurtel",Tinkune,binod.bhurtel6740tripureshwor@mail.com
"Lalit Lal Bhurtel",Jawalakhel,lalit.bhurtel6741jawalakhel@example.com
"Arif Bhopal Khadka",Chabel,arif.khadka6742gaushala@test.com
"Sompal Bahadur Malla",Sundhara,sompal.malla6743chabel@random.org
"Sompal Bhagat Lamichane",Jawalakhel,sompal.lamichane6744baneshwor@example.com
"Asif Dev Bhandari",Chabel,asif.bhandari6745ekantakuna@mail.com
"Sandeep Bir Malla",Jawalakhel,sandeep.malla6746sundhara@random.org
"Sandeep Bahadur Seikh",Ekantakuna,sandeep.seikh6747tripureshwor@mail.com
"Lalit Bir Kami",Tripureshwor,lalit.kami6748ekantakuna@random.org
"Binod Kumar Bhurtel",Baneshwor,binod.bhurtel6749ekantakuna@example.com
"Binod Kumar Khadka",Jawalakhel,binod.khadka6750sundhara@random.org
"Karan Bhopal K.C","New Road",karan.k.c6751tinkune@test.com
"Lalit Krishna Malla",Ratnapark,lalit.malla6752jawalakhel@mail.com
"Sandeep Dev Khadka",Ratnapark,"sandeep.khadka6753new road@example.com"
"Asif Bahadur Paudel",Ekantakuna,asif.paudel6754sundhara@example.com
"Arif Bahadur Paudel",Gaushala,arif.paudel6755ratnapark@example.com
"Karan Lal K.C",Ekantakuna,karan.k.c6756ekantakuna@example.com
"Paras Bhopal Bhandari",Baneshwor,paras.bhandari6757tinkune@random.org
"Asif Dev Lamichane",Tripureshwor,asif.lamichane6758gaushala@mail.com
"Karan Kumar Rajbanshi",Gaushala,"karan.rajbanshi6759new road@example.com"
"Kushal Kumar Seikh",Baneshwor,kushal.seikh6760ratnapark@demo.net
"Paras Krishna Lamichane",Chabel,paras.lamichane6761chabel@random.org
"Rohit Bir Kami",Chabel,rohit.kami6762tinkune@example.com
"Arif Bir Khadka",Gaushala,"arif.khadka6763new road@example.com"
"Paras Dev Lamichane",Baneshwor,paras.lamichane6764gaushala@example.com
"Paras Bhagat Lamichane",Sundhara,"paras.lamichane6765new road@random.org"
"Binod Bir K.C",Gaushala,binod.k.c6766chabel@random.org
"Asif Bir Kami",Jawalakhel,asif.kami6767ratnapark@mail.com
"Arif Dhoj Lamichane",Ratnapark,arif.lamichane6768tinkune@test.com
"Kushal Dhoj Bhurtel",Baneshwor,kushal.bhurtel6769tripureshwor@mail.com
"Sompal Bhopal Seikh",Chabel,sompal.seikh6770jawalakhel@example.com
"Kushal Kumar Bhurtel",Gaushala,kushal.bhurtel6771tinkune@test.com
"Arif Kumar K.C",Sundhara,arif.k.c6772tinkune@mail.com
"Binod Krishna K.C",Ratnapark,binod.k.c6773jawalakhel@random.org
"Sompal Krishna Seikh","New Road",sompal.seikh6774tinkune@test.com
"Rohit Bhopal K.C",Ekantakuna,rohit.k.c6775tripureshwor@example.com
"Asif Kumar Khadka",Tripureshwor,asif.khadka6776gaushala@demo.net
"Binod Bhagat Lamichane",Baneshwor,"binod.lamichane6777new road@example.com"
"Lalit Dhoj Bhandari",Jawalakhel,lalit.bhandari6778ekantakuna@mail.com
"Sandeep Bhagat Malla",Ratnapark,sandeep.malla6779gaushala@random.org
"Sandeep Bir Lamichane",Chabel,sandeep.lamichane6780tripureshwor@demo.net
"Paras Dhoj Bhurtel",Chabel,paras.bhurtel6781ratnapark@example.com
"Sandeep Kumar Bhurtel",Chabel,"sandeep.bhurtel6782new road@random.org"
"Kushal Kumar Malla",Jawalakhel,kushal.malla6783ekantakuna@random.org
"Paras Bhopal Khadka","New Road",paras.khadka6784gaushala@mail.com
"Rohit Kumar Malla",Tripureshwor,rohit.malla6785baneshwor@test.com
"Paras Bir Lamichane",Sundhara,paras.lamichane6786gaushala@mail.com
"Paras Kumar Rajbanshi",Ekantakuna,paras.rajbanshi6787ratnapark@mail.com
"Sompal Dev Bhurtel",Tinkune,sompal.bhurtel6788baneshwor@mail.com
"Sompal Bhopal Lamichane","New Road",sompal.lamichane6789tinkune@mail.com
"Arif Bhagat Bhurtel",Gaushala,arif.bhurtel6790ekantakuna@demo.net
"Paras Dev Bhandari",Jawalakhel,paras.bhandari6791tinkune@random.org
"Rohit Bhagat Bhandari",Sundhara,rohit.bhandari6792gaushala@test.com
"Asif Krishna Kami",Gaushala,asif.kami6793baneshwor@demo.net
"Sandeep Kumar Kami",Tinkune,sandeep.kami6794ratnapark@mail.com
"Arif Bhagat Malla","New Road",arif.malla6795tripureshwor@mail.com
"Rohit Gopal Bhandari",Gaushala,"rohit.bhandari6796new road@random.org"
"Asif Bir Rajbanshi",Baneshwor,asif.rajbanshi6797sundhara@mail.com
"Rohit Bhagat Lamichane",Chabel,rohit.lamichane6798chabel@test.com
"Arif Lal K.C",Sundhara,arif.k.c6799tinkune@test.com
"Rohit Dev Lamichane",Chabel,rohit.lamichane6800baneshwor@example.com
"Binod Bhagat Lamichane",Chabel,binod.lamichane6801chabel@example.com
"Kushal Bir Kami",Sundhara,kushal.kami6802tripureshwor@mail.com
"Sompal Krishna Malla",Ekantakuna,sompal.malla6803baneshwor@mail.com
"Arif Krishna Seikh",Chabel,"arif.seikh6804new road@mail.com"
"Sompal Gopal Kami",Baneshwor,"sompal.kami6805new road@demo.net"
"Kushal Bir Bhurtel",Jawalakhel,kushal.bhurtel6806sundhara@demo.net
"Arif Bahadur K.C","New Road",arif.k.c6807tripureshwor@random.org
"Sandeep Gopal Malla",Tinkune,sandeep.malla6808chabel@random.org
"Sandeep Krishna Kami",Tinkune,sandeep.kami6809jawalakhel@demo.net
"Binod Bhagat Kami",Jawalakhel,binod.kami6810ratnapark@test.com
"Sompal Dev Bhurtel","New Road","sompal.bhurtel6811new road@mail.com"
"Arif Dev Malla",Ratnapark,arif.malla6812ekantakuna@test.com
"Karan Bahadur Kami",Tinkune,karan.kami6813ekantakuna@test.com
"Sandeep Bhagat Rajbanshi",Gaushala,sandeep.rajbanshi6814baneshwor@mail.com
"Lalit Bhopal Bhurtel",Ratnapark,lalit.bhurtel6815tinkune@example.com
"Binod Dev Bhandari",Jawalakhel,binod.bhandari6816jawalakhel@demo.net
"Arif Krishna Rajbanshi",Ratnapark,arif.rajbanshi6817chabel@mail.com
"Sompal Bhagat Paudel",Ratnapark,sompal.paudel6818ratnapark@test.com
"Paras Bhopal Bhandari",Tripureshwor,paras.bhandari6819ekantakuna@mail.com
"Asif Bahadur Lamichane",Ratnapark,asif.lamichane6820jawalakhel@mail.com
"Binod Gopal Rajbanshi",Ekantakuna,"binod.rajbanshi6821new road@mail.com"
"Lalit Bahadur Bhandari",Ratnapark,lalit.bhandari6822jawalakhel@mail.com
"Paras Dhoj Rajbanshi",Ratnapark,paras.rajbanshi6823jawalakhel@random.org
"Sandeep Bhagat Bhurtel",Jawalakhel,sandeep.bhurtel6824sundhara@random.org
"Sompal Bahadur Bhurtel","New Road",sompal.bhurtel6825chabel@example.com
"Asif Bahadur Paudel",Baneshwor,asif.paudel6826ekantakuna@mail.com
"Binod Bir K.C",Baneshwor,binod.k.c6827chabel@random.org
"Karan Dev Seikh","New Road",karan.seikh6828baneshwor@example.com
"Rohit Kumar Rajbanshi",Ekantakuna,rohit.rajbanshi6829chabel@demo.net
"Lalit Krishna Rajbanshi",Jawalakhel,"lalit.rajbanshi6830new road@example.com"
"Lalit Kumar Khadka",Tinkune,lalit.khadka6831chabel@example.com
"Asif Lal Rajbanshi",Jawalakhel,asif.rajbanshi6832baneshwor@test.com
"Paras Dhoj Rajbanshi",Ratnapark,paras.rajbanshi6833ratnapark@mail.com
"Binod Bhopal Rajbanshi",Ekantakuna,binod.rajbanshi6834gaushala@demo.net
"Sompal Bhagat Lamichane",Tinkune,sompal.lamichane6835chabel@example.com
"Sompal Kumar Bhurtel",Gaushala,sompal.bhurtel6836jawalakhel@test.com
"Asif Bir Bhurtel",Tripureshwor,asif.bhurtel6837jawalakhel@demo.net
"Kushal Gopal Bhandari","New Road",kushal.bhandari6838gaushala@demo.net
"Sompal Kumar Bhandari",Jawalakhel,sompal.bhandari6839chabel@mail.com
"Sompal Bhopal Rajbanshi",Ekantakuna,sompal.rajbanshi6840ekantakuna@test.com
"Rohit Kumar Seikh",Tinkune,rohit.seikh6841baneshwor@test.com
"Karan Bahadur Khadka",Sundhara,karan.khadka6842gaushala@test.com
"Binod Bhagat Seikh",Gaushala,binod.seikh6843jawalakhel@example.com
"Rohit Krishna Rajbanshi",Ratnapark,rohit.rajbanshi6844gaushala@random.org
"Rohit Kumar Paudel",Sundhara,rohit.paudel6845baneshwor@demo.net
"Rohit Bahadur Khadka",Baneshwor,rohit.khadka6846baneshwor@test.com
"Lalit Bir Malla",Jawalakhel,lalit.malla6847ratnapark@mail.com
"Rohit Dhoj Lamichane",Ratnapark,rohit.lamichane6848tripureshwor@demo.net
"Rohit Bir Seikh",Chabel,rohit.seikh6849sundhara@mail.com
"Lalit Bir Bhandari",Ekantakuna,lalit.bhandari6850chabel@random.org
"Paras Bhagat Kami",Ratnapark,"paras.kami6851new road@test.com"
"Karan Bir Bhurtel",Jawalakhel,"karan.bhurtel6852new road@test.com"
"Binod Dhoj Bhurtel","New Road",binod.bhurtel6853ekantakuna@random.org
"Kushal Bhopal Malla",Ekantakuna,kushal.malla6854jawalakhel@demo.net
"Rohit Dhoj Khadka",Tinkune,rohit.khadka6855gaushala@test.com
"Sompal Gopal Khadka",Gaushala,sompal.khadka6856ekantakuna@mail.com
"Binod Gopal K.C",Gaushala,binod.k.c6857chabel@demo.net
"Sandeep Bhagat Malla",Tinkune,sandeep.malla6858tripureshwor@mail.com
"Sompal Dev Seikh",Jawalakhel,"sompal.seikh6859new road@random.org"
"Arif Bahadur Rajbanshi",Baneshwor,arif.rajbanshi6860baneshwor@mail.com
"Lalit Bhopal Kami",Chabel,lalit.kami6861ratnapark@demo.net
"Kushal Dev Seikh",Gaushala,kushal.seikh6862gaushala@mail.com
"Sandeep Gopal Malla",Tripureshwor,sandeep.malla6863tripureshwor@test.com
"Sompal Lal Paudel",Tripureshwor,sompal.paudel6864baneshwor@demo.net
"Rohit Lal Bhandari",Tripureshwor,"rohit.bhandari6865new road@test.com"
"Paras Dhoj K.C",Tripureshwor,paras.k.c6866ratnapark@mail.com
"Binod Bhopal Malla",Tinkune,binod.malla6867gaushala@test.com
"Sompal Kumar Bhandari",Jawalakhel,sompal.bhandari6868tinkune@example.com
"Binod Bhagat Paudel",Jawalakhel,binod.paudel6869baneshwor@mail.com
"Karan Kumar Lamichane",Gaushala,karan.lamichane6870ekantakuna@demo.net
"Lalit Lal Khadka",Tripureshwor,lalit.khadka6871tinkune@test.com
"Asif Bhagat Malla","New Road",asif.malla6872tinkune@demo.net
"Paras Bir Rajbanshi",Tripureshwor,paras.rajbanshi6873sundhara@demo.net
"Binod Bir Paudel",Jawalakhel,binod.paudel6874baneshwor@mail.com
"Paras Gopal Paudel",Tripureshwor,"paras.paudel6875new road@example.com"
"Kushal Lal Rajbanshi",Gaushala,"kushal.rajbanshi6876new road@demo.net"
"Sandeep Bhopal Lamichane",Chabel,sandeep.lamichane6877tripureshwor@random.org
"Karan Krishna Bhandari","New Road",karan.bhandari6878ratnapark@random.org
"Sandeep Gopal Seikh",Ratnapark,sandeep.seikh6879gaushala@mail.com
"Asif Bahadur Kami",Chabel,asif.kami6880chabel@demo.net
"Kushal Gopal Seikh",Ekantakuna,kushal.seikh6881ratnapark@mail.com
"Asif Dhoj Kami",Chabel,asif.kami6882baneshwor@random.org
"Lalit Bhagat Malla",Jawalakhel,lalit.malla6883ratnapark@example.com
"Karan Bahadur Bhurtel",Chabel,karan.bhurtel6884gaushala@mail.com
"Arif Dhoj Seikh","New Road",arif.seikh6885chabel@demo.net
"Rohit Bir Seikh",Sundhara,rohit.seikh6886tinkune@test.com
"Kushal Gopal Rajbanshi",Sundhara,kushal.rajbanshi6887baneshwor@test.com
"Arif Bir Bhurtel",Gaushala,arif.bhurtel6888tripureshwor@example.com
"Binod Bhopal Bhurtel","New Road",binod.bhurtel6889tripureshwor@random.org
"Paras Lal Khadka",Tripureshwor,paras.khadka6890tinkune@example.com
"Sompal Dev Khadka",Jawalakhel,sompal.khadka6891ekantakuna@test.com
"Arif Dhoj Paudel",Ratnapark,arif.paudel6892ekantakuna@random.org
"Sompal Gopal Khadka",Ratnapark,sompal.khadka6893chabel@random.org
"Binod Kumar Malla",Baneshwor,binod.malla6894gaushala@mail.com
"Karan Lal Kami",Gaushala,karan.kami6895tripureshwor@test.com
"Lalit Kumar Kami",Gaushala,lalit.kami6896jawalakhel@random.org
"Paras Bhopal Kami","New Road","paras.kami6897new road@example.com"
"Asif Dev Kami",Chabel,"asif.kami6898new road@mail.com"
"Sandeep Dhoj Paudel",Chabel,sandeep.paudel6899ekantakuna@test.com
"Binod Bhopal Kami",Tripureshwor,binod.kami6900chabel@example.com
"Asif Dhoj Khadka",Baneshwor,asif.khadka6901tinkune@test.com
"Karan Lal Kami",Gaushala,karan.kami6902tinkune@example.com
"Binod Dhoj Rajbanshi",Baneshwor,binod.rajbanshi6903sundhara@test.com
"Karan Dev Paudel",Tripureshwor,karan.paudel6904tinkune@example.com
"Rohit Dev Bhurtel",Baneshwor,rohit.bhurtel6905sundhara@test.com
"Binod Bahadur Khadka",Tripureshwor,binod.khadka6906baneshwor@example.com
"Karan Kumar Bhandari",Sundhara,karan.bhandari6907ratnapark@test.com
"Binod Bahadur Bhandari",Sundhara,binod.bhandari6908ratnapark@random.org
"Asif Kumar Bhandari",Tripureshwor,"asif.bhandari6909new road@random.org"
"Rohit Dev Lamichane",Tinkune,rohit.lamichane6910sundhara@example.com
"Lalit Bhagat Malla",Jawalakhel,lalit.malla6911ratnapark@demo.net
"Rohit Lal Khadka",Jawalakhel,rohit.khadka6912sundhara@demo.net
"Rohit Dhoj K.C",Baneshwor,rohit.k.c6913gaushala@mail.com
"Kushal Krishna Paudel",Jawalakhel,"kushal.paudel6914new road@demo.net"
"Asif Krishna Bhurtel",Jawalakhel,"asif.bhurtel6915new road@random.org"
"Lalit Bhagat Lamichane",Ekantakuna,lalit.lamichane6916jawalakhel@mail.com
"Rohit Bhopal Lamichane",Tinkune,rohit.lamichane6917jawalakhel@example.com
"Asif Kumar Seikh",Tripureshwor,asif.seikh6918chabel@random.org
"Sompal Krishna Malla",Jawalakhel,sompal.malla6919ekantakuna@demo.net
"Kushal Dhoj Bhurtel",Sundhara,"kushal.bhurtel6920new road@test.com"
"Sandeep Bahadur Seikh",Sundhara,sandeep.seikh6921jawalakhel@demo.net
"Sandeep Gopal Khadka","New Road",sandeep.khadka6922baneshwor@demo.net
"Kushal Bhagat Bhurtel",Ratnapark,kushal.bhurtel6923ekantakuna@example.com
"Karan Bahadur Rajbanshi","New Road",karan.rajbanshi6924sundhara@demo.net
"Binod Gopal Khadka",Ratnapark,binod.khadka6925sundhara@demo.net
"Paras Lal Seikh",Gaushala,paras.seikh6926gaushala@mail.com
"Rohit Krishna Paudel",Jawalakhel,rohit.paudel6927tripureshwor@test.com
"Sompal Kumar Kami",Ratnapark,"sompal.kami6928new road@mail.com"
"Sompal Lal Lamichane",Sundhara,sompal.lamichane6929gaushala@example.com
"Kushal Bhopal Khadka",Tripureshwor,kushal.khadka6930jawalakhel@mail.com
"Karan Bhagat Lamichane",Baneshwor,karan.lamichane6931ekantakuna@random.org
"Arif Dhoj Bhandari","New Road",arif.bhandari6932tripureshwor@test.com
"Karan Krishna Seikh",Chabel,karan.seikh6933ratnapark@test.com
"Sompal Krishna Lamichane",Tinkune,"sompal.lamichane6934new road@demo.net"
"Sompal Bhagat Kami",Jawalakhel,sompal.kami6935baneshwor@random.org
"Kushal Bir K.C",Gaushala,kushal.k.c6936ratnapark@example.com
"Arif Bahadur Rajbanshi",Tinkune,arif.rajbanshi6937ratnapark@example.com
"Sompal Bhopal Rajbanshi",Jawalakhel,sompal.rajbanshi6938chabel@random.org
"Sandeep Bhopal Paudel",Sundhara,sandeep.paudel6939ekantakuna@test.com
"Lalit Bhagat Bhurtel",Gaushala,"lalit.bhurtel6940new road@mail.com"
"Paras Dev Bhandari",Chabel,paras.bhandari6941ratnapark@demo.net
"Lalit Gopal Bhurtel",Baneshwor,lalit.bhurtel6942gaushala@random.org
"Sandeep Bhagat Bhandari",Ratnapark,sandeep.bhandari6943ratnapark@example.com
"Sompal Gopal Lamichane",Jawalakhel,"sompal.lamichane6944new road@mail.com"
"Asif Bhopal Bhurtel",Ekantakuna,asif.bhurtel6945tripureshwor@mail.com
"Sompal Bhopal Paudel",Baneshwor,sompal.paudel6946tinkune@example.com
"Karan Dev Malla",Baneshwor,karan.malla6947ekantakuna@random.org
"Arif Lal K.C",Gaushala,arif.k.c6948chabel@random.org
"Asif Bahadur Kami",Gaushala,asif.kami6949sundhara@example.com
"Sompal Dev Malla",Ekantakuna,sompal.malla6950chabel@random.org
"Sompal Bir Seikh",Gaushala,sompal.seikh6951ratnapark@random.org
"Sompal Lal Lamichane","New Road",sompal.lamichane6952sundhara@example.com
"Kushal Bir Rajbanshi",Gaushala,kushal.rajbanshi6953chabel@mail.com
"Paras Bir Malla",Gaushala,paras.malla6954gaushala@random.org
"Arif Dhoj Bhandari",Sundhara,arif.bhandari6955sundhara@random.org
"Arif Gopal Rajbanshi",Jawalakhel,arif.rajbanshi6956tripureshwor@random.org
"Arif Bir Paudel",Chabel,"arif.paudel6957new road@random.org"
"Rohit Bir Khadka",Gaushala,rohit.khadka6958chabel@mail.com
"Kushal Bhagat K.C",Ekantakuna,kushal.k.c6959tripureshwor@test.com
"Kushal Lal K.C",Tinkune,"kushal.k.c6960new road@example.com"
"Sompal Lal Lamichane","New Road",sompal.lamichane6961ekantakuna@test.com
"Binod Krishna Paudel",Ratnapark,binod.paudel6962baneshwor@random.org
"Arif Bhagat K.C",Baneshwor,arif.k.c6963tripureshwor@test.com
"Sandeep Dev Paudel","New Road",sandeep.paudel6964tripureshwor@random.org
"Arif Dev Malla",Chabel,arif.malla6965jawalakhel@random.org
"Asif Kumar Seikh","New Road",asif.seikh6966tinkune@example.com
"Karan Bhagat Khadka",Gaushala,karan.khadka6967chabel@random.org
"Lalit Kumar Bhurtel",Sundhara,lalit.bhurtel6968gaushala@example.com
"Sandeep Bir K.C",Tripureshwor,"sandeep.k.c6969new road@example.com"
"Kushal Bhagat Malla",Gaushala,kushal.malla6970tripureshwor@demo.net
"Sompal Krishna Rajbanshi",Chabel,sompal.rajbanshi6971sundhara@mail.com
"Arif Bhopal Malla",Jawalakhel,arif.malla6972ekantakuna@demo.net
"Karan Lal Lamichane",Ekantakuna,karan.lamichane6973jawalakhel@mail.com
"Sandeep Bhopal Rajbanshi",Gaushala,sandeep.rajbanshi6974chabel@mail.com
"Rohit Gopal Paudel",Ekantakuna,rohit.paudel6975tripureshwor@test.com
"Sompal Gopal Kami",Jawalakhel,sompal.kami6976tinkune@mail.com
"Rohit Bhopal Bhurtel",Tinkune,"rohit.bhurtel6977new road@mail.com"
"Sandeep Kumar Rajbanshi",Sundhara,sandeep.rajbanshi6978gaushala@demo.net
"Arif Dhoj K.C",Ekantakuna,arif.k.c6979ekantakuna@demo.net
"Sandeep Bir Rajbanshi",Tinkune,sandeep.rajbanshi6980gaushala@mail.com
"Arif Krishna Malla",Sundhara,arif.malla6981tripureshwor@mail.com
"Binod Bhagat Lamichane",Sundhara,binod.lamichane6982ekantakuna@demo.net
"Arif Bhopal Bhurtel",Tripureshwor,arif.bhurtel6983gaushala@example.com
"Asif Kumar Khadka",Sundhara,asif.khadka6984tripureshwor@demo.net
"Binod Bhagat Kami",Chabel,binod.kami6985jawalakhel@random.org
"Karan Bahadur Paudel","New Road",karan.paudel6986baneshwor@random.org
"Rohit Bir Khadka",Baneshwor,rohit.khadka6987sundhara@mail.com
"Paras Bhagat Kami",Baneshwor,paras.kami6988ratnapark@test.com
"Paras Gopal Rajbanshi","New Road",paras.rajbanshi6989ekantakuna@demo.net
"Sandeep Bir Lamichane",Tripureshwor,sandeep.lamichane6990sundhara@random.org
"Lalit Gopal Paudel","New Road",lalit.paudel6991tripureshwor@random.org
"Arif Bhopal Seikh",Ekantakuna,"arif.seikh6992new road@demo.net"
"Kushal Bir Bhurtel",Baneshwor,"kushal.bhurtel6993new road@random.org"
"Asif Bhopal Malla",Jawalakhel,asif.malla6994baneshwor@demo.net
"Asif Bhagat Khadka",Sundhara,asif.khadka6995ratnapark@demo.net
"Kushal Dhoj Paudel",Ratnapark,kushal.paudel6996tripureshwor@demo.net
"Paras Dev Seikh",Gaushala,"paras.seikh6997new road@test.com"
"Asif Bir Lamichane","New Road",asif.lamichane6998gaushala@test.com
"Sandeep Bhopal Rajbanshi",Tripureshwor,sandeep.rajbanshi6999tinkune@example.com
"Arif Krishna Bhandari",Ratnapark,arif.bhandari7000baneshwor@test.com
"Karan Bhagat Lamichane",Ratnapark,"karan.lamichane7001new road@example.com"
"Arif Krishna Malla",Sundhara,"arif.malla7002new road@test.com"
"Arif Bahadur Lamichane",Tinkune,arif.lamichane7003tinkune@random.org
"Lalit Gopal Rajbanshi",Chabel,lalit.rajbanshi7004ekantakuna@example.com
"Binod Bhagat Bhandari",Jawalakhel,binod.bhandari7005ekantakuna@mail.com
"Asif Krishna Seikh",Chabel,asif.seikh7006ratnapark@demo.net
"Arif Bhagat Bhandari",Ekantakuna,arif.bhandari7007sundhara@random.org
"Arif Gopal Khadka",Ekantakuna,arif.khadka7008gaushala@example.com
"Rohit Bhagat Kami",Tinkune,rohit.kami7009tinkune@example.com
"Binod Dev Bhandari",Chabel,binod.bhandari7010chabel@example.com
"Sandeep Dev Bhurtel",Baneshwor,sandeep.bhurtel7011gaushala@mail.com
"Rohit Dhoj Rajbanshi",Tinkune,rohit.rajbanshi7012baneshwor@test.com
"Karan Krishna Bhurtel",Chabel,"karan.bhurtel7013new road@random.org"
"Paras Dev Lamichane",Tinkune,paras.lamichane7014gaushala@test.com
"Kushal Lal Bhandari",Gaushala,kushal.bhandari7015tinkune@random.org
"Sandeep Dhoj Rajbanshi",Ekantakuna,sandeep.rajbanshi7016gaushala@example.com
"Asif Kumar Khadka",Chabel,asif.khadka7017jawalakhel@mail.com
"Sompal Bhopal Khadka",Tripureshwor,sompal.khadka7018sundhara@test.com
"Paras Dev Seikh",Sundhara,paras.seikh7019ekantakuna@test.com
"Rohit Dev Seikh",Ratnapark,rohit.seikh7020ekantakuna@mail.com
"Karan Bhagat Kami",Chabel,karan.kami7021ratnapark@demo.net
"Binod Bir K.C",Ekantakuna,binod.k.c7022gaushala@example.com
"Sompal Dhoj Malla",Gaushala,sompal.malla7023ratnapark@demo.net
"Sompal Kumar Rajbanshi",Jawalakhel,"sompal.rajbanshi7024new road@mail.com"
"Sandeep Bhagat Malla",Ekantakuna,sandeep.malla7025jawalakhel@random.org
"Asif Bahadur Seikh",Ratnapark,asif.seikh7026ekantakuna@mail.com
"Karan Bahadur Malla",Gaushala,"karan.malla7027new road@demo.net"
"Sandeep Kumar Khadka",Ekantakuna,sandeep.khadka7028jawalakhel@mail.com
"Lalit Bir Malla",Baneshwor,lalit.malla7029ratnapark@example.com
"Asif Krishna Malla",Tinkune,asif.malla7030sundhara@mail.com
"Arif Gopal K.C","New Road",arif.k.c7031tripureshwor@demo.net
"Sandeep Lal Malla",Ekantakuna,"sandeep.malla7032new road@mail.com"
"Arif Kumar Khadka","New Road",arif.khadka7033tripureshwor@demo.net
"Binod Gopal Kami","New Road",binod.kami7034gaushala@random.org
"Sompal Bhagat Kami",Jawalakhel,sompal.kami7035sundhara@random.org
"Kushal Dev Bhandari",Jawalakhel,kushal.bhandari7036tinkune@example.com
"Arif Bhagat K.C",Sundhara,arif.k.c7037ratnapark@random.org
"Paras Dev Bhurtel",Sundhara,paras.bhurtel7038sundhara@mail.com
"Kushal Dev Bhurtel",Tripureshwor,kushal.bhurtel7039sundhara@random.org
"Binod Dhoj Bhandari",Sundhara,binod.bhandari7040ratnapark@test.com
"Sandeep Krishna Rajbanshi",Sundhara,sandeep.rajbanshi7041chabel@mail.com
"Sandeep Bhopal Rajbanshi",Ekantakuna,sandeep.rajbanshi7042jawalakhel@demo.net
"Rohit Bir Khadka",Ekantakuna,rohit.khadka7043gaushala@random.org
"Paras Bhopal Bhurtel",Tinkune,paras.bhurtel7044chabel@mail.com
"Karan Bahadur Rajbanshi",Sundhara,karan.rajbanshi7045ekantakuna@example.com
"Binod Dev Seikh",Baneshwor,binod.seikh7046sundhara@example.com
"Sompal Bir Kami",Sundhara,sompal.kami7047sundhara@demo.net
"Binod Bhopal Paudel",Ekantakuna,"binod.paudel7048new road@test.com"
"Asif Bhagat Paudel",Tripureshwor,asif.paudel7049chabel@mail.com
"Sompal Krishna Khadka",Gaushala,sompal.khadka7050gaushala@test.com
"Karan Bhagat Lamichane","New Road",karan.lamichane7051tinkune@random.org
"Binod Bir Malla",Gaushala,binod.malla7052baneshwor@test.com
"Kushal Bahadur K.C",Chabel,kushal.k.c7053sundhara@example.com
"Arif Bahadur Lamichane",Sundhara,arif.lamichane7054ekantakuna@test.com
"Sandeep Bhagat Lamichane",Gaushala,sandeep.lamichane7055chabel@example.com
"Asif Dev Khadka",Baneshwor,asif.khadka7056chabel@mail.com
"Arif Dev Lamichane",Chabel,arif.lamichane7057tripureshwor@test.com
"Lalit Dev Khadka",Ekantakuna,lalit.khadka7058chabel@random.org
"Rohit Bhagat K.C",Jawalakhel,rohit.k.c7059chabel@test.com
"Rohit Bhopal Seikh",Tripureshwor,rohit.seikh7060gaushala@demo.net
"Rohit Kumar Rajbanshi",Ratnapark,rohit.rajbanshi7061chabel@demo.net
"Lalit Dhoj Lamichane",Jawalakhel,lalit.lamichane7062baneshwor@random.org
"Lalit Dhoj Khadka",Baneshwor,lalit.khadka7063baneshwor@mail.com
"Kushal Bhopal Seikh",Sundhara,kushal.seikh7064ekantakuna@example.com
"Binod Gopal Malla",Sundhara,binod.malla7065tripureshwor@test.com
"Rohit Dhoj Paudel",Sundhara,rohit.paudel7066ratnapark@mail.com
"Paras Lal Seikh",Baneshwor,"paras.seikh7067new road@mail.com"
"Asif Dev Rajbanshi",Chabel,asif.rajbanshi7068chabel@mail.com
"Karan Bahadur Lamichane",Chabel,karan.lamichane7069gaushala@random.org
"Karan Kumar Bhandari",Gaushala,karan.bhandari7070jawalakhel@demo.net
"Sandeep Dev K.C",Gaushala,sandeep.k.c7071ratnapark@random.org
"Lalit Kumar Malla",Baneshwor,lalit.malla7072gaushala@example.com
"Asif Kumar Bhurtel",Jawalakhel,asif.bhurtel7073tinkune@mail.com
"Asif Bir Malla",Ekantakuna,asif.malla7074chabel@example.com
"Sompal Dhoj Kami",Jawalakhel,sompal.kami7075chabel@random.org
"Sandeep Gopal Seikh",Tripureshwor,sandeep.seikh7076tripureshwor@example.com
"Asif Gopal Kami",Ratnapark,asif.kami7077tripureshwor@example.com
"Kushal Dhoj Rajbanshi",Ratnapark,"kushal.rajbanshi7078new road@test.com"
"Sompal Krishna K.C",Gaushala,"sompal.k.c7079new road@demo.net"
"Paras Bhopal Malla","New Road",paras.malla7080tinkune@demo.net
"Rohit Dev Malla",Ekantakuna,rohit.malla7081jawalakhel@random.org
"Paras Gopal Rajbanshi",Ratnapark,paras.rajbanshi7082sundhara@random.org
"Arif Bahadur Khadka",Gaushala,arif.khadka7083ratnapark@test.com
"Asif Bhopal Khadka",Tinkune,asif.khadka7084ratnapark@example.com
"Paras Kumar Bhandari",Ratnapark,"paras.bhandari7085new road@mail.com"
"Kushal Kumar K.C",Chabel,kushal.k.c7086tinkune@random.org
"Rohit Kumar Lamichane",Tinkune,rohit.lamichane7087ekantakuna@demo.net
"Binod Bir Paudel",Tripureshwor,binod.paudel7088gaushala@test.com
"Paras Bhagat Paudel",Tinkune,paras.paudel7089sundhara@test.com
"Karan Dhoj Seikh",Tinkune,karan.seikh7090jawalakhel@mail.com
"Sandeep Gopal Bhurtel",Tinkune,sandeep.bhurtel7091baneshwor@example.com
"Asif Krishna K.C",Baneshwor,asif.k.c7092jawalakhel@demo.net
"Karan Bhagat Bhandari",Jawalakhel,karan.bhandari7093tripureshwor@demo.net
"Arif Krishna Paudel",Baneshwor,arif.paudel7094sundhara@random.org
"Rohit Bhopal Bhurtel",Baneshwor,rohit.bhurtel7095gaushala@test.com
"Sandeep Dev Seikh",Tripureshwor,sandeep.seikh7096chabel@demo.net
"Sandeep Dev Malla",Baneshwor,sandeep.malla7097sundhara@mail.com
"Kushal Gopal Malla","New Road","kushal.malla7098new road@test.com"
"Kushal Kumar Bhurtel",Tripureshwor,kushal.bhurtel7099ekantakuna@mail.com
"Sandeep Dhoj Kami",Gaushala,sandeep.kami7100ekantakuna@demo.net
"Binod Bir K.C",Ratnapark,binod.k.c7101sundhara@demo.net
"Sompal Krishna Malla",Ekantakuna,sompal.malla7102ratnapark@example.com
"Lalit Krishna K.C","New Road",lalit.k.c7103tinkune@example.com
"Asif Bhopal K.C",Tripureshwor,asif.k.c7104ekantakuna@example.com
"Paras Dhoj Lamichane",Gaushala,paras.lamichane7105ratnapark@demo.net
"Kushal Bhagat Malla",Jawalakhel,kushal.malla7106jawalakhel@demo.net
"Paras Bir Khadka",Tinkune,"paras.khadka7107new road@random.org"
"Asif Bahadur Kami",Ratnapark,asif.kami7108tinkune@mail.com
"Kushal Krishna Lamichane",Tinkune,kushal.lamichane7109chabel@demo.net
"Sandeep Krishna Malla","New Road",sandeep.malla7110jawalakhel@demo.net
"Arif Bir Lamichane",Sundhara,"arif.lamichane7111new road@mail.com"
"Paras Bhagat Bhurtel",Sundhara,paras.bhurtel7112tripureshwor@random.org
"Paras Gopal K.C",Sundhara,"paras.k.c7113new road@example.com"
"Sandeep Gopal Rajbanshi",Ratnapark,sandeep.rajbanshi7114chabel@example.com
"Kushal Kumar Kami",Chabel,kushal.kami7115tinkune@mail.com
"Sandeep Dev Bhandari",Baneshwor,sandeep.bhandari7116ratnapark@test.com
"Lalit Kumar K.C",Jawalakhel,"lalit.k.c7117new road@example.com"
"Rohit Kumar Rajbanshi",Jawalakhel,rohit.rajbanshi7118ekantakuna@mail.com
"Lalit Kumar Bhurtel",Gaushala,lalit.bhurtel7119jawalakhel@example.com
"Sandeep Dev Paudel",Ekantakuna,sandeep.paudel7120sundhara@example.com
"Paras Kumar Paudel",Tripureshwor,paras.paudel7121jawalakhel@example.com
"Arif Dhoj Bhandari","New Road",arif.bhandari7122tinkune@random.org
"Rohit Bhagat Lamichane",Tripureshwor,rohit.lamichane7123jawalakhel@demo.net
"Sandeep Dhoj Paudel",Chabel,sandeep.paudel7124tripureshwor@test.com
"Rohit Bahadur Kami","New Road",rohit.kami7125baneshwor@random.org
"Lalit Bahadur Paudel",Chabel,lalit.paudel7126tinkune@random.org
"Binod Bhagat Lamichane",Jawalakhel,binod.lamichane7127tinkune@demo.net
"Paras Bhopal K.C",Gaushala,paras.k.c7128sundhara@mail.com
"Paras Krishna Malla",Ratnapark,paras.malla7129jawalakhel@mail.com
"Kushal Bahadur Bhandari",Tripureshwor,kushal.bhandari7130ratnapark@test.com
"Rohit Bhopal Bhurtel",Tinkune,"rohit.bhurtel7131new road@example.com"
"Sandeep Dev Khadka",Sundhara,sandeep.khadka7132ekantakuna@demo.net
"Arif Lal Bhandari",Tinkune,arif.bhandari7133gaushala@test.com
"Sompal Dhoj Bhurtel",Tripureshwor,sompal.bhurtel7134chabel@demo.net
"Binod Gopal Rajbanshi",Sundhara,"binod.rajbanshi7135new road@example.com"
"Kushal Dev Kami",Jawalakhel,kushal.kami7136ekantakuna@random.org
"Kushal Krishna Bhandari",Chabel,"kushal.bhandari7137new road@mail.com"
"Sandeep Bir Paudel",Ratnapark,sandeep.paudel7138chabel@random.org
"Sandeep Bhagat Malla","New Road","sandeep.malla7139new road@test.com"
"Kushal Lal Malla",Baneshwor,kushal.malla7140baneshwor@example.com
"Sandeep Bhopal Bhandari","New Road",sandeep.bhandari7141chabel@demo.net
"Sandeep Bir Paudel",Gaushala,sandeep.paudel7142gaushala@mail.com
"Arif Bir Khadka",Ekantakuna,arif.khadka7143tripureshwor@random.org
"Karan Bhagat Khadka",Sundhara,karan.khadka7144ratnapark@test.com
"Lalit Bahadur Lamichane",Ekantakuna,lalit.lamichane7145gaushala@example.com
"Paras Bhopal Bhandari",Baneshwor,paras.bhandari7146tinkune@test.com
"Sandeep Dev Lamichane",Tinkune,sandeep.lamichane7147chabel@demo.net
"Rohit Bir Rajbanshi",Tinkune,rohit.rajbanshi7148jawalakhel@example.com
"Karan Bahadur Rajbanshi",Chabel,karan.rajbanshi7149jawalakhel@mail.com
"Kushal Bhagat Kami",Ekantakuna,kushal.kami7150tinkune@demo.net
"Sompal Krishna Paudel",Jawalakhel,sompal.paudel7151tripureshwor@mail.com
"Kushal Dhoj Bhandari",Chabel,kushal.bhandari7152tripureshwor@test.com
"Asif Bhopal Seikh",Ekantakuna,asif.seikh7153sundhara@demo.net
"Asif Bhopal Paudel",Gaushala,"asif.paudel7154new road@demo.net"
"Kushal Bir K.C",Ratnapark,kushal.k.c7155jawalakhel@mail.com
"Paras Dev Khadka",Baneshwor,paras.khadka7156ekantakuna@mail.com
"Paras Bhopal Khadka",Ekantakuna,paras.khadka7157ekantakuna@mail.com
"Binod Gopal Paudel",Baneshwor,binod.paudel7158baneshwor@mail.com
"Lalit Bhopal Kami","New Road",lalit.kami7159gaushala@test.com
"Arif Kumar Malla",Sundhara,arif.malla7160jawalakhel@test.com
"Lalit Bahadur Bhurtel",Gaushala,"lalit.bhurtel7161new road@random.org"
"Karan Krishna Paudel","New Road",karan.paudel7162chabel@example.com
"Sompal Krishna Bhandari",Chabel,sompal.bhandari7163gaushala@random.org
"Lalit Bahadur Lamichane",Tripureshwor,lalit.lamichane7164tripureshwor@random.org
"Sompal Dhoj Khadka",Jawalakhel,"sompal.khadka7165new road@test.com"
"Sompal Dev Bhurtel",Sundhara,sompal.bhurtel7166chabel@test.com
"Binod Bhopal Bhandari",Chabel,binod.bhandari7167ratnapark@mail.com
"Asif Bhopal Bhandari",Ekantakuna,asif.bhandari7168baneshwor@demo.net
"Rohit Gopal K.C","New Road",rohit.k.c7169ratnapark@mail.com
"Sandeep Gopal K.C",Jawalakhel,"sandeep.k.c7170new road@random.org"
"Binod Dev Malla",Baneshwor,"binod.malla7171new road@example.com"
"Paras Gopal Seikh",Chabel,paras.seikh7172ratnapark@example.com
"Binod Dhoj Bhurtel",Jawalakhel,binod.bhurtel7173ratnapark@test.com
"Karan Kumar Khadka",Gaushala,karan.khadka7174ratnapark@test.com
"Binod Bahadur Paudel",Gaushala,binod.paudel7175ratnapark@example.com
"Arif Kumar Khadka",Ekantakuna,arif.khadka7176chabel@mail.com
"Sompal Dhoj Seikh",Tinkune,sompal.seikh7177chabel@random.org
"Lalit Krishna Khadka",Ratnapark,lalit.khadka7178gaushala@mail.com
"Rohit Bhagat Seikh",Gaushala,rohit.seikh7179ekantakuna@demo.net
"Kushal Dhoj Bhurtel",Tinkune,kushal.bhurtel7180tripureshwor@test.com
"Sandeep Krishna Rajbanshi",Tripureshwor,sandeep.rajbanshi7181tinkune@example.com
"Lalit Bir Malla",Tinkune,lalit.malla7182ekantakuna@demo.net
"Paras Bhagat Seikh",Ekantakuna,paras.seikh7183ekantakuna@random.org
"Karan Dhoj Bhurtel",Ratnapark,karan.bhurtel7184jawalakhel@example.com
"Sompal Bahadur Malla",Ekantakuna,sompal.malla7185sundhara@random.org
"Paras Krishna Seikh",Tripureshwor,paras.seikh7186jawalakhel@random.org
"Paras Kumar Bhandari",Baneshwor,paras.bhandari7187sundhara@random.org
"Karan Krishna K.C",Ratnapark,karan.k.c7188gaushala@mail.com
"Lalit Krishna Paudel",Ratnapark,lalit.paudel7189tinkune@example.com
"Sompal Lal Kami",Baneshwor,sompal.kami7190jawalakhel@demo.net
"Sompal Dev Bhandari",Ratnapark,sompal.bhandari7191chabel@mail.com
"Sandeep Krishna Bhurtel","New Road",sandeep.bhurtel7192tripureshwor@test.com
"Rohit Lal Rajbanshi",Chabel,rohit.rajbanshi7193gaushala@mail.com
"Binod Dhoj Paudel",Gaushala,binod.paudel7194ekantakuna@example.com
"Sompal Dhoj Paudel",Sundhara,sompal.paudel7195ekantakuna@example.com
"Arif Kumar K.C",Gaushala,arif.k.c7196tripureshwor@test.com
"Asif Kumar Khadka",Sundhara,asif.khadka7197jawalakhel@mail.com
"Kushal Kumar K.C",Gaushala,"kushal.k.c7198new road@test.com"
"Sompal Krishna Lamichane",Baneshwor,sompal.lamichane7199gaushala@random.org
"Sompal Bhopal Seikh",Jawalakhel,sompal.seikh7200ekantakuna@random.org
"Lalit Gopal Khadka",Chabel,lalit.khadka7201sundhara@random.org
"Sompal Gopal Seikh",Gaushala,sompal.seikh7202gaushala@random.org
"Rohit Gopal Bhandari",Chabel,rohit.bhandari7203jawalakhel@example.com
"Binod Bahadur Paudel",Ekantakuna,binod.paudel7204gaushala@test.com
"Binod Gopal Bhandari","New Road",binod.bhandari7205tripureshwor@mail.com
"Sompal Bahadur Seikh",Chabel,sompal.seikh7206tinkune@random.org
"Asif Gopal Bhandari",Baneshwor,asif.bhandari7207ratnapark@random.org
"Asif Lal K.C",Jawalakhel,asif.k.c7208sundhara@demo.net
"Binod Dhoj Paudel",Tripureshwor,binod.paudel7209baneshwor@example.com
"Sandeep Bir Seikh",Gaushala,sandeep.seikh7210gaushala@mail.com
"Paras Kumar Khadka",Gaushala,paras.khadka7211jawalakhel@example.com
"Lalit Bhagat Seikh",Tripureshwor,lalit.seikh7212chabel@random.org
"Sompal Kumar Rajbanshi",Gaushala,sompal.rajbanshi7213chabel@random.org
"Rohit Bahadur Kami",Tripureshwor,rohit.kami7214baneshwor@example.com
"Asif Dhoj Malla",Baneshwor,asif.malla7215ratnapark@random.org
"Paras Bhagat Rajbanshi",Tinkune,paras.rajbanshi7216tinkune@mail.com
"Kushal Bir Kami","New Road",kushal.kami7217ratnapark@example.com
"Sompal Bir Malla",Sundhara,sompal.malla7218baneshwor@demo.net
"Kushal Lal Kami",Chabel,kushal.kami7219jawalakhel@example.com
"Asif Kumar Bhandari",Sundhara,"asif.bhandari7220new road@random.org"
"Sompal Gopal Bhurtel",Ekantakuna,sompal.bhurtel7221tripureshwor@demo.net
"Arif Dhoj Khadka",Jawalakhel,"arif.khadka7222new road@example.com"
"Rohit Bhagat Lamichane",Tripureshwor,rohit.lamichane7223ratnapark@test.com
"Paras Lal Malla",Jawalakhel,paras.malla7224tripureshwor@demo.net
"Sandeep Dhoj Paudel",Sundhara,sandeep.paudel7225tripureshwor@demo.net
"Asif Bahadur K.C","New Road",asif.k.c7226baneshwor@test.com
"Asif Bhopal Bhandari",Baneshwor,asif.bhandari7227gaushala@mail.com
"Lalit Bhagat Kami",Ratnapark,lalit.kami7228tinkune@random.org
"Binod Dhoj Bhandari",Ekantakuna,binod.bhandari7229sundhara@mail.com
"Paras Bir Seikh",Baneshwor,paras.seikh7230gaushala@test.com
"Binod Gopal Kami",Gaushala,binod.kami7231ekantakuna@example.com
"Arif Krishna Kami",Ratnapark,arif.kami7232tinkune@test.com
"Kushal Dhoj Khadka",Ekantakuna,kushal.khadka7233chabel@test.com
"Lalit Kumar K.C",Chabel,lalit.k.c7234sundhara@test.com
"Arif Lal Lamichane","New Road",arif.lamichane7235jawalakhel@example.com
"Rohit Bhopal K.C",Tripureshwor,rohit.k.c7236jawalakhel@random.org
"Binod Bhopal Lamichane",Gaushala,binod.lamichane7237tinkune@test.com
"Arif Bhagat Seikh",Tripureshwor,arif.seikh7238sundhara@example.com
"Karan Bir Bhurtel",Ratnapark,karan.bhurtel7239tinkune@test.com
"Paras Lal Bhandari",Tripureshwor,"paras.bhandari7240new road@test.com"
"Arif Bhagat Bhandari","New Road",arif.bhandari7241chabel@random.org
"Asif Lal Lamichane",Tinkune,asif.lamichane7242jawalakhel@test.com
"Rohit Bhagat K.C",Gaushala,rohit.k.c7243gaushala@test.com
"Paras Bir Bhurtel",Tinkune,paras.bhurtel7244sundhara@random.org
"Binod Bahadur K.C",Tripureshwor,binod.k.c7245tinkune@test.com
"Lalit Lal Lamichane",Ratnapark,lalit.lamichane7246sundhara@mail.com
"Asif Lal Bhurtel",Ratnapark,asif.bhurtel7247tripureshwor@example.com
"Sandeep Kumar Lamichane",Tripureshwor,sandeep.lamichane7248ratnapark@example.com
"Rohit Bhagat Kami","New Road",rohit.kami7249ekantakuna@random.org
"Binod Kumar Lamichane",Tinkune,"binod.lamichane7250new road@mail.com"
"Paras Bahadur K.C","New Road",paras.k.c7251ekantakuna@example.com
"Asif Bahadur Lamichane",Sundhara,asif.lamichane7252ekantakuna@example.com
"Paras Bhopal Bhurtel",Jawalakhel,paras.bhurtel7253jawalakhel@mail.com
"Rohit Dev Paudel",Sundhara,"rohit.paudel7254new road@random.org"
"Sandeep Bir Bhandari",Ekantakuna,sandeep.bhandari7255sundhara@demo.net
"Sompal Bhopal Bhandari",Ratnapark,sompal.bhandari7256jawalakhel@demo.net
"Arif Bir Khadka",Ratnapark,arif.khadka7257ratnapark@example.com
"Arif Bahadur Bhurtel",Ekantakuna,arif.bhurtel7258jawalakhel@mail.com
"Karan Gopal Malla",Ekantakuna,karan.malla7259chabel@example.com
"Arif Lal Kami",Tripureshwor,arif.kami7260baneshwor@test.com
"Rohit Krishna K.C",Ratnapark,"rohit.k.c7261new road@random.org"
"Binod Kumar Rajbanshi",Jawalakhel,binod.rajbanshi7262ekantakuna@example.com
"Kushal Lal K.C","New Road",kushal.k.c7263jawalakhel@test.com
"Asif Krishna Paudel",Tripureshwor,asif.paudel7264chabel@random.org
"Sandeep Bir Khadka",Ekantakuna,sandeep.khadka7265gaushala@test.com
"Kushal Krishna Lamichane",Tinkune,kushal.lamichane7266jawalakhel@random.org
"Lalit Kumar Bhurtel",Baneshwor,lalit.bhurtel7267sundhara@test.com
"Rohit Bhagat Khadka","New Road",rohit.khadka7268tinkune@test.com
"Kushal Lal Bhandari",Baneshwor,kushal.bhandari7269baneshwor@example.com
"Paras Dhoj Khadka",Baneshwor,paras.khadka7270tripureshwor@random.org
"Binod Bahadur Kami",Chabel,binod.kami7271chabel@demo.net
"Binod Dhoj Bhandari",Chabel,binod.bhandari7272tripureshwor@test.com
"Sompal Bhagat Bhurtel",Ratnapark,sompal.bhurtel7273tripureshwor@example.com
"Kushal Bahadur Seikh",Sundhara,kushal.seikh7274chabel@random.org
"Karan Bhopal Seikh",Tinkune,karan.seikh7275tripureshwor@demo.net
"Sompal Bir Seikh",Tinkune,sompal.seikh7276tinkune@demo.net
"Binod Bahadur Bhandari",Baneshwor,binod.bhandari7277gaushala@example.com
"Kushal Bhopal Paudel","New Road","kushal.paudel7278new road@example.com"
"Sandeep Bhagat Rajbanshi",Ratnapark,sandeep.rajbanshi7279tripureshwor@mail.com
"Sompal Bhopal Kami",Tinkune,sompal.kami7280jawalakhel@test.com
"Paras Krishna Bhurtel",Tinkune,"paras.bhurtel7281new road@demo.net"
"Rohit Gopal Seikh",Baneshwor,rohit.seikh7282tinkune@random.org
"Binod Dhoj Kami",Jawalakhel,binod.kami7283ratnapark@random.org
"Karan Gopal K.C",Baneshwor,"karan.k.c7284new road@test.com"
"Arif Lal Seikh",Baneshwor,arif.seikh7285jawalakhel@example.com
"Sompal Krishna Kami",Ratnapark,sompal.kami7286ekantakuna@mail.com
"Binod Bahadur Rajbanshi",Jawalakhel,binod.rajbanshi7287ratnapark@random.org
"Rohit Bir Bhandari",Sundhara,rohit.bhandari7288ekantakuna@random.org
"Sompal Bhagat Rajbanshi",Chabel,sompal.rajbanshi7289ratnapark@example.com
"Kushal Bhopal Paudel",Baneshwor,"kushal.paudel7290new road@example.com"
"Lalit Kumar Bhurtel",Chabel,lalit.bhurtel7291ratnapark@random.org
"Arif Bir Malla",Tripureshwor,arif.malla7292jawalakhel@demo.net
"Arif Krishna Kami",Chabel,arif.kami7293ratnapark@mail.com
"Sandeep Krishna Lamichane",Jawalakhel,sandeep.lamichane7294ekantakuna@random.org
"Paras Gopal K.C","New Road",paras.k.c7295gaushala@mail.com
"Sompal Kumar Bhurtel",Ratnapark,"sompal.bhurtel7296new road@demo.net"
"Binod Dhoj Bhurtel",Ekantakuna,binod.bhurtel7297chabel@demo.net
"Rohit Lal Rajbanshi",Baneshwor,rohit.rajbanshi7298ekantakuna@random.org
"Sandeep Kumar Lamichane",Gaushala,sandeep.lamichane7299gaushala@example.com
"Sandeep Bir Kami",Jawalakhel,sandeep.kami7300sundhara@demo.net
"Karan Dhoj Khadka",Tinkune,karan.khadka7301jawalakhel@test.com
"Asif Gopal Bhandari",Tripureshwor,asif.bhandari7302tinkune@mail.com
"Asif Gopal Seikh",Gaushala,asif.seikh7303ratnapark@demo.net
"Binod Bahadur Bhandari","New Road",binod.bhandari7304gaushala@mail.com
"Kushal Gopal K.C",Tripureshwor,kushal.k.c7305tinkune@demo.net
"Binod Krishna Bhandari",Tinkune,binod.bhandari7306baneshwor@random.org
"Kushal Bhopal Lamichane",Jawalakhel,kushal.lamichane7307tinkune@mail.com
"Karan Dhoj K.C","New Road",karan.k.c7308tinkune@mail.com
"Lalit Kumar Bhurtel",Sundhara,lalit.bhurtel7309baneshwor@random.org
"Karan Kumar Khadka",Ratnapark,karan.khadka7310tinkune@example.com
"Rohit Lal Seikh",Baneshwor,rohit.seikh7311ratnapark@random.org
"Sandeep Lal Kami",Jawalakhel,sandeep.kami7312chabel@example.com
"Paras Bhopal Khadka",Gaushala,paras.khadka7313tinkune@test.com
"Paras Bhagat Paudel",Ekantakuna,paras.paudel7314gaushala@test.com
"Karan Bir K.C",Chabel,karan.k.c7315ekantakuna@test.com
"Paras Bahadur Malla",Jawalakhel,paras.malla7316chabel@random.org
"Sandeep Kumar Bhandari",Ekantakuna,sandeep.bhandari7317tripureshwor@demo.net
"Rohit Gopal Bhurtel",Gaushala,rohit.bhurtel7318baneshwor@example.com
"Arif Lal Malla",Jawalakhel,arif.malla7319gaushala@demo.net
"Rohit Bahadur Bhurtel",Tinkune,rohit.bhurtel7320gaushala@example.com
"Sompal Krishna Lamichane",Sundhara,sompal.lamichane7321jawalakhel@mail.com
"Karan Bhopal Khadka",Chabel,karan.khadka7322sundhara@demo.net
"Binod Dev Paudel",Baneshwor,"binod.paudel7323new road@test.com"
"Binod Bir Malla","New Road","binod.malla7324new road@random.org"
"Karan Kumar Khadka",Baneshwor,karan.khadka7325ekantakuna@random.org
"Arif Dev Bhurtel",Tinkune,arif.bhurtel7326jawalakhel@mail.com
"Binod Krishna Bhandari",Jawalakhel,binod.bhandari7327gaushala@example.com
"Sompal Kumar Paudel",Tripureshwor,sompal.paudel7328tinkune@random.org
"Paras Krishna Khadka",Jawalakhel,paras.khadka7329ratnapark@mail.com
"Asif Bahadur Paudel",Ratnapark,asif.paudel7330ekantakuna@mail.com
"Karan Krishna Lamichane",Tinkune,karan.lamichane7331ekantakuna@test.com
"Rohit Gopal Bhandari",Tinkune,rohit.bhandari7332gaushala@random.org
"Lalit Dev Lamichane",Ekantakuna,lalit.lamichane7333tripureshwor@random.org
"Binod Bir K.C",Ekantakuna,binod.k.c7334tripureshwor@random.org
"Binod Bir Lamichane",Gaushala,binod.lamichane7335baneshwor@test.com
"Binod Kumar Khadka",Ratnapark,binod.khadka7336jawalakhel@demo.net
"Lalit Dev Kami",Ratnapark,"lalit.kami7337new road@test.com"
"Asif Dev Bhandari","New Road",asif.bhandari7338gaushala@mail.com
"Rohit Bhagat Seikh",Tripureshwor,"rohit.seikh7339new road@example.com"
"Arif Bir Rajbanshi",Sundhara,"arif.rajbanshi7340new road@test.com"
"Asif Gopal Rajbanshi",Sundhara,asif.rajbanshi7341sundhara@example.com
"Sompal Bir Malla","New Road",sompal.malla7342tripureshwor@random.org
"Kushal Dev Rajbanshi",Jawalakhel,kushal.rajbanshi7343tripureshwor@mail.com
"Asif Bir Kami",Ekantakuna,asif.kami7344tripureshwor@demo.net
"Arif Bahadur K.C",Jawalakhel,arif.k.c7345baneshwor@test.com
"Binod Dev Seikh","New Road",binod.seikh7346ekantakuna@random.org
"Sandeep Lal Seikh",Baneshwor,sandeep.seikh7347ratnapark@demo.net
"Sompal Krishna K.C",Baneshwor,sompal.k.c7348sundhara@mail.com
"Rohit Dev Bhandari",Ratnapark,rohit.bhandari7349tripureshwor@random.org
"Kushal Dev Bhandari",Ekantakuna,kushal.bhandari7350gaushala@random.org
"Arif Bahadur Malla",Baneshwor,arif.malla7351jawalakhel@example.com
"Sompal Bir Rajbanshi",Baneshwor,sompal.rajbanshi7352baneshwor@demo.net
"Asif Bir Kami",Baneshwor,asif.kami7353jawalakhel@mail.com
"Lalit Dhoj Kami",Tinkune,lalit.kami7354ekantakuna@random.org
"Arif Bhopal Bhandari",Jawalakhel,arif.bhandari7355tinkune@test.com
"Paras Bahadur Rajbanshi",Gaushala,paras.rajbanshi7356ratnapark@mail.com
"Sompal Bahadur Khadka",Tripureshwor,sompal.khadka7357ratnapark@random.org
"Kushal Dev Malla",Sundhara,kushal.malla7358jawalakhel@test.com
"Karan Bahadur Bhandari",Baneshwor,karan.bhandari7359jawalakhel@example.com
"Rohit Gopal Bhurtel",Sundhara,rohit.bhurtel7360gaushala@test.com
"Rohit Lal Malla",Ekantakuna,rohit.malla7361baneshwor@mail.com
"Paras Gopal K.C",Sundhara,paras.k.c7362tripureshwor@test.com
"Sandeep Dhoj Seikh",Sundhara,sandeep.seikh7363ekantakuna@example.com
"Lalit Bhagat Malla",Jawalakhel,lalit.malla7364tripureshwor@example.com
"Asif Bir Paudel",Tripureshwor,asif.paudel7365sundhara@demo.net
"Kushal Kumar Malla",Ekantakuna,kushal.malla7366tinkune@demo.net
"Arif Bhagat Bhurtel",Ratnapark,arif.bhurtel7367ekantakuna@test.com
"Arif Gopal K.C",Sundhara,arif.k.c7368sundhara@mail.com
"Binod Dev Kami",Jawalakhel,"binod.kami7369new road@demo.net"
"Binod Kumar Khadka","New Road",binod.khadka7370sundhara@random.org
"Rohit Dev Bhandari",Tripureshwor,rohit.bhandari7371tinkune@random.org
"Kushal Bhagat K.C",Tinkune,kushal.k.c7372gaushala@random.org
"Kushal Krishna Seikh",Ekantakuna,kushal.seikh7373tripureshwor@test.com
"Binod Bhopal Khadka",Baneshwor,binod.khadka7374chabel@example.com
"Paras Bhopal K.C",Ekantakuna,paras.k.c7375baneshwor@example.com
"Asif Bhopal Rajbanshi","New Road",asif.rajbanshi7376jawalakhel@test.com
"Rohit Lal Khadka",Tinkune,rohit.khadka7377jawalakhel@example.com
"Arif Dhoj Malla",Chabel,arif.malla7378ratnapark@mail.com
"Binod Gopal Kami",Sundhara,binod.kami7379tinkune@demo.net
"Binod Bhopal Malla","New Road",binod.malla7380ratnapark@mail.com
"Kushal Gopal Paudel",Sundhara,kushal.paudel7381jawalakhel@random.org
"Binod Bhopal Bhurtel",Tripureshwor,binod.bhurtel7382baneshwor@example.com
"Sandeep Dev Rajbanshi",Gaushala,sandeep.rajbanshi7383ratnapark@mail.com
"Arif Krishna Bhandari",Tinkune,arif.bhandari7384chabel@demo.net
"Karan Kumar Seikh",Ekantakuna,karan.seikh7385gaushala@demo.net
"Karan Dhoj K.C",Ratnapark,karan.k.c7386ratnapark@example.com
"Rohit Dev Lamichane",Sundhara,rohit.lamichane7387sundhara@example.com
"Paras Lal Khadka",Baneshwor,paras.khadka7388ratnapark@example.com
"Asif Bahadur Seikh",Jawalakhel,"asif.seikh7389new road@test.com"
"Sompal Bhopal Seikh",Jawalakhel,sompal.seikh7390tripureshwor@demo.net
"Binod Krishna Seikh","New Road",binod.seikh7391baneshwor@demo.net
"Karan Bir Paudel",Ekantakuna,karan.paudel7392tinkune@demo.net
"Arif Kumar Bhandari",Ekantakuna,arif.bhandari7393ratnapark@mail.com
"Asif Bhopal Lamichane","New Road",asif.lamichane7394sundhara@example.com
"Karan Kumar Bhurtel",Chabel,karan.bhurtel7395ratnapark@example.com
"Kushal Gopal Malla",Gaushala,kushal.malla7396ekantakuna@demo.net
"Paras Bahadur Bhandari",Sundhara,paras.bhandari7397gaushala@mail.com
"Asif Kumar Bhurtel","New Road",asif.bhurtel7398ekantakuna@test.com
"Paras Bir Kami",Sundhara,paras.kami7399jawalakhel@mail.com
"Binod Bahadur Kami",Ekantakuna,binod.kami7400chabel@demo.net
"Asif Bhopal Kami","New Road",asif.kami7401gaushala@test.com
"Karan Bhagat Lamichane",Gaushala,karan.lamichane7402baneshwor@example.com
"Paras Lal Bhurtel",Gaushala,paras.bhurtel7403tripureshwor@example.com
"Binod Dev Khadka",Tripureshwor,binod.khadka7404gaushala@example.com
"Karan Krishna Rajbanshi",Ekantakuna,"karan.rajbanshi7405new road@example.com"
"Kushal Lal Seikh","New Road",kushal.seikh7406tinkune@random.org
"Sompal Bhopal Rajbanshi",Tinkune,sompal.rajbanshi7407tripureshwor@demo.net
"Karan Dhoj Kami",Tripureshwor,karan.kami7408jawalakhel@mail.com
"Karan Bahadur Malla",Ekantakuna,karan.malla7409tinkune@mail.com
"Paras Gopal Khadka","New Road",paras.khadka7410chabel@test.com
"Sompal Krishna K.C",Jawalakhel,sompal.k.c7411ekantakuna@random.org
"Binod Bahadur Lamichane",Tinkune,"binod.lamichane7412new road@test.com"
"Binod Kumar Kami",Sundhara,binod.kami7413tinkune@mail.com
"Paras Bahadur Kami",Gaushala,paras.kami7414tripureshwor@example.com
"Binod Krishna Seikh",Tripureshwor,binod.seikh7415jawalakhel@example.com
"Lalit Dhoj Kami","New Road",lalit.kami7416ratnapark@random.org
"Sompal Bir Paudel",Ratnapark,sompal.paudel7417chabel@example.com
"Lalit Bahadur Bhandari",Ekantakuna,lalit.bhandari7418ratnapark@mail.com
"Binod Bhagat Kami",Baneshwor,binod.kami7419tinkune@test.com
"Binod Lal Lamichane",Jawalakhel,binod.lamichane7420tinkune@mail.com
"Binod Gopal Kami",Gaushala,binod.kami7421tinkune@example.com
"Sandeep Dhoj Khadka",Ekantakuna,"sandeep.khadka7422new road@mail.com"
"Rohit Kumar Paudel","New Road",rohit.paudel7423chabel@example.com
"Asif Lal Bhandari","New Road",asif.bhandari7424gaushala@mail.com
"Rohit Bahadur K.C",Ratnapark,rohit.k.c7425sundhara@mail.com
"Sandeep Dhoj Malla",Ratnapark,sandeep.malla7426chabel@random.org
"Kushal Lal Bhurtel",Jawalakhel,kushal.bhurtel7427tripureshwor@example.com
"Asif Lal K.C",Ratnapark,asif.k.c7428ratnapark@random.org
"Karan Dev Bhurtel","New Road","karan.bhurtel7429new road@random.org"
"Sompal Dev Bhandari",Baneshwor,sompal.bhandari7430ratnapark@random.org
"Asif Bir Bhurtel",Jawalakhel,asif.bhurtel7431ratnapark@demo.net
"Arif Dev Seikh",Sundhara,arif.seikh7432tinkune@demo.net
"Sompal Krishna Paudel","New Road",sompal.paudel7433baneshwor@test.com
"Rohit Bir Paudel",Ratnapark,rohit.paudel7434tripureshwor@test.com
"Lalit Gopal K.C",Ratnapark,lalit.k.c7435ekantakuna@test.com
"Kushal Bhagat Rajbanshi",Tripureshwor,kushal.rajbanshi7436jawalakhel@random.org
"Binod Dhoj Seikh",Jawalakhel,"binod.seikh7437new road@example.com"
"Binod Krishna K.C",Tinkune,binod.k.c7438ekantakuna@test.com
"Asif Dhoj Paudel",Tinkune,asif.paudel7439tinkune@demo.net
"Rohit Kumar Lamichane",Sundhara,rohit.lamichane7440ekantakuna@random.org
"Asif Bhagat Bhandari",Sundhara,"asif.bhandari7441new road@test.com"
"Lalit Bir K.C",Ratnapark,lalit.k.c7442baneshwor@random.org
"Sandeep Bir Malla",Sundhara,sandeep.malla7443gaushala@demo.net
"Karan Bir Khadka",Gaushala,karan.khadka7444sundhara@demo.net
"Binod Kumar Rajbanshi",Baneshwor,binod.rajbanshi7445tripureshwor@random.org
"Kushal Gopal Bhandari",Jawalakhel,kushal.bhandari7446tripureshwor@demo.net
"Rohit Dhoj Bhurtel",Sundhara,"rohit.bhurtel7447new road@random.org"
"Sandeep Lal Seikh",Sundhara,sandeep.seikh7448ratnapark@example.com
"Paras Dev Kami",Ekantakuna,paras.kami7449sundhara@example.com
"Rohit Bhagat Khadka",Sundhara,"rohit.khadka7450new road@mail.com"
"Kushal Dhoj K.C","New Road","kushal.k.c7451new road@random.org"
"Sompal Bir Paudel",Ekantakuna,sompal.paudel7452jawalakhel@example.com
"Karan Lal Khadka",Ratnapark,karan.khadka7453baneshwor@random.org
"Sandeep Dhoj Malla",Baneshwor,"sandeep.malla7454new road@test.com"
"Karan Gopal Seikh",Baneshwor,karan.seikh7455baneshwor@demo.net
"Karan Dhoj Bhandari",Ratnapark,karan.bhandari7456ekantakuna@demo.net
"Kushal Dev Malla",Ekantakuna,kushal.malla7457tinkune@mail.com
"Sandeep Dhoj Bhurtel","New Road",sandeep.bhurtel7458sundhara@example.com
"Rohit Dev Kami",Sundhara,rohit.kami7459gaushala@example.com
"Lalit Krishna Malla",Tinkune,"lalit.malla7460new road@demo.net"
"Rohit Dev Malla",Ratnapark,rohit.malla7461sundhara@mail.com
"Paras Lal Kami",Tinkune,paras.kami7462ratnapark@mail.com
"Karan Dev Malla",Jawalakhel,"karan.malla7463new road@random.org"
"Paras Bir Malla",Gaushala,paras.malla7464ekantakuna@random.org
"Paras Bahadur Rajbanshi",Sundhara,paras.rajbanshi7465chabel@mail.com
"Sompal Gopal Kami",Ratnapark,sompal.kami7466sundhara@test.com
"Sandeep Dhoj Lamichane",Ekantakuna,sandeep.lamichane7467ekantakuna@test.com
"Lalit Dhoj Rajbanshi",Gaushala,lalit.rajbanshi7468gaushala@demo.net
"Rohit Bhopal Bhurtel",Ratnapark,rohit.bhurtel7469gaushala@random.org
"Lalit Krishna Rajbanshi",Ratnapark,lalit.rajbanshi7470ekantakuna@mail.com
"Kushal Gopal Bhandari",Sundhara,kushal.bhandari7471chabel@test.com
"Sompal Lal Bhurtel",Tripureshwor,sompal.bhurtel7472sundhara@test.com
"Rohit Kumar Khadka",Tinkune,rohit.khadka7473chabel@demo.net
"Lalit Bhopal Bhandari",Jawalakhel,lalit.bhandari7474ratnapark@random.org
"Binod Gopal Rajbanshi",Tripureshwor,binod.rajbanshi7475ratnapark@random.org
"Kushal Dhoj Lamichane",Tripureshwor,kushal.lamichane7476tinkune@demo.net
"Rohit Lal Lamichane",Ratnapark,rohit.lamichane7477baneshwor@test.com
"Arif Bhagat Paudel",Jawalakhel,arif.paudel7478chabel@example.com
"Rohit Dev Khadka",Tripureshwor,rohit.khadka7479chabel@mail.com
"Asif Dhoj Paudel",Gaushala,asif.paudel7480ratnapark@test.com
"Lalit Bahadur Malla",Chabel,lalit.malla7481tinkune@random.org
"Kushal Kumar Paudel",Gaushala,kushal.paudel7482gaushala@test.com
"Sandeep Bahadur K.C",Tripureshwor,sandeep.k.c7483chabel@demo.net
"Kushal Dhoj Paudel",Baneshwor,kushal.paudel7484gaushala@mail.com
"Asif Lal Khadka","New Road",asif.khadka7485ekantakuna@demo.net
"Kushal Krishna Seikh","New Road",kushal.seikh7486ratnapark@test.com
"Kushal Bir Seikh",Chabel,kushal.seikh7487chabel@mail.com
"Paras Bhopal Lamichane",Jawalakhel,paras.lamichane7488baneshwor@test.com
"Kushal Dev Khadka",Tinkune,"kushal.khadka7489new road@random.org"
"Paras Dhoj K.C",Ratnapark,paras.k.c7490tripureshwor@random.org
"Asif Lal Khadka",Baneshwor,asif.khadka7491tinkune@mail.com
"Arif Kumar Malla",Ratnapark,arif.malla7492chabel@random.org
"Lalit Bahadur Bhandari","New Road",lalit.bhandari7493ekantakuna@mail.com
"Sandeep Bir K.C",Ratnapark,sandeep.k.c7494gaushala@test.com
"Paras Gopal Seikh",Chabel,paras.seikh7495baneshwor@mail.com
"Arif Lal Paudel",Baneshwor,"arif.paudel7496new road@mail.com"
"Karan Kumar Bhurtel",Tinkune,"karan.bhurtel7497new road@random.org"
"Rohit Kumar Khadka",Tripureshwor,rohit.khadka7498ratnapark@demo.net
"Paras Bir Lamichane","New Road",paras.lamichane7499gaushala@mail.com
"Karan Bahadur Bhandari",Ekantakuna,karan.bhandari7500tinkune@mail.com
"Arif Bhagat Seikh",Ratnapark,arif.seikh7501baneshwor@example.com
"Rohit Dev Khadka",Tinkune,rohit.khadka7502ratnapark@example.com
"Paras Dev K.C",Tripureshwor,paras.k.c7503ratnapark@random.org
"Sandeep Dev Bhurtel",Gaushala,sandeep.bhurtel7504tinkune@example.com
"Kushal Bir Bhurtel",Chabel,kushal.bhurtel7505baneshwor@test.com
"Sompal Krishna K.C",Jawalakhel,sompal.k.c7506ratnapark@mail.com
"Sandeep Bhagat Malla","New Road",sandeep.malla7507ekantakuna@random.org
"Sompal Bhagat Bhandari",Ekantakuna,sompal.bhandari7508tinkune@example.com
"Sompal Bahadur Malla",Chabel,sompal.malla7509gaushala@demo.net
"Binod Gopal Khadka",Chabel,binod.khadka7510tinkune@random.org
"Asif Bahadur Kami",Baneshwor,asif.kami7511jawalakhel@random.org
"Kushal Dhoj K.C",Tripureshwor,kushal.k.c7512tinkune@test.com
"Kushal Dev K.C",Tinkune,kushal.k.c7513ratnapark@test.com
"Paras Bir K.C",Gaushala,paras.k.c7514tinkune@random.org
"Sandeep Bahadur Kami",Ratnapark,sandeep.kami7515baneshwor@random.org
"Binod Gopal Malla",Tinkune,binod.malla7516tripureshwor@mail.com
"Sompal Bhagat Bhandari",Chabel,sompal.bhandari7517chabel@test.com
"Lalit Dev Kami",Gaushala,lalit.kami7518tripureshwor@test.com
"Sompal Bhopal Lamichane",Ekantakuna,"sompal.lamichane7519new road@random.org"
"Kushal Kumar K.C",Jawalakhel,"kushal.k.c7520new road@mail.com"
"Rohit Bhopal Lamichane",Sundhara,rohit.lamichane7521tripureshwor@demo.net
"Karan Bhopal Rajbanshi",Ratnapark,karan.rajbanshi7522ratnapark@example.com
"Paras Gopal Kami",Tripureshwor,paras.kami7523ekantakuna@test.com
"Binod Gopal Kami",Tripureshwor,"binod.kami7524new road@demo.net"
"Rohit Dhoj Kami",Ratnapark,rohit.kami7525ratnapark@demo.net
"Kushal Krishna Bhurtel","New Road",kushal.bhurtel7526tinkune@test.com
"Karan Kumar Paudel",Jawalakhel,karan.paudel7527baneshwor@test.com
"Sompal Lal Kami",Sundhara,sompal.kami7528baneshwor@test.com
"Karan Bir Lamichane",Baneshwor,karan.lamichane7529gaushala@demo.net
"Kushal Bir Bhandari",Ekantakuna,kushal.bhandari7530chabel@mail.com
"Asif Lal Bhandari","New Road",asif.bhandari7531ekantakuna@random.org
"Arif Bhagat Bhurtel",Tinkune,arif.bhurtel7532jawalakhel@example.com
"Kushal Krishna Khadka",Tinkune,kushal.khadka7533tinkune@demo.net
"Arif Krishna Lamichane",Sundhara,arif.lamichane7534tinkune@mail.com
"Kushal Lal Bhandari",Baneshwor,kushal.bhandari7535tinkune@test.com
"Binod Krishna Malla",Sundhara,binod.malla7536tinkune@test.com
"Sandeep Dev Lamichane",Sundhara,sandeep.lamichane7537baneshwor@example.com
"Kushal Kumar Paudel","New Road",kushal.paudel7538ekantakuna@example.com
"Lalit Kumar Khadka",Gaushala,lalit.khadka7539gaushala@demo.net
"Sandeep Bir Malla",Tinkune,sandeep.malla7540gaushala@demo.net
"Paras Bhagat K.C",Baneshwor,paras.k.c7541jawalakhel@test.com
"Karan Gopal K.C",Ekantakuna,karan.k.c7542sundhara@demo.net
"Karan Gopal Bhandari",Tinkune,"karan.bhandari7543new road@demo.net"
"Karan Dhoj Rajbanshi",Tinkune,karan.rajbanshi7544gaushala@mail.com
"Karan Krishna Malla",Tinkune,karan.malla7545tinkune@test.com
"Asif Bhagat Malla",Sundhara,asif.malla7546tinkune@demo.net
"Arif Lal K.C",Jawalakhel,arif.k.c7547chabel@example.com
"Sompal Bhagat K.C",Tripureshwor,sompal.k.c7548jawalakhel@example.com
"Sandeep Bhagat Rajbanshi",Chabel,sandeep.rajbanshi7549gaushala@random.org
"Karan Lal Paudel","New Road","karan.paudel7550new road@random.org"
"Kushal Kumar Bhandari","New Road",kushal.bhandari7551gaushala@mail.com
"Asif Gopal Bhandari",Sundhara,"asif.bhandari7552new road@demo.net"
"Binod Bhagat Paudel",Tripureshwor,binod.paudel7553baneshwor@random.org
"Asif Kumar Seikh",Tripureshwor,"asif.seikh7554new road@random.org"
"Sompal Gopal Paudel",Jawalakhel,sompal.paudel7555ekantakuna@example.com
"Karan Bir Paudel",Baneshwor,karan.paudel7556ekantakuna@example.com
"Asif Krishna K.C",Gaushala,asif.k.c7557tinkune@mail.com
"Kushal Krishna K.C",Baneshwor,kushal.k.c7558tinkune@random.org
"Asif Bhopal Khadka",Ekantakuna,asif.khadka7559tinkune@test.com
"Arif Bir Paudel",Jawalakhel,arif.paudel7560chabel@random.org
"Sandeep Kumar Khadka",Ekantakuna,"sandeep.khadka7561new road@test.com"
"Arif Bhagat Lamichane",Sundhara,arif.lamichane7562chabel@random.org
"Kushal Bahadur Bhurtel",Sundhara,kushal.bhurtel7563sundhara@test.com
"Rohit Bhagat Bhurtel",Tinkune,rohit.bhurtel7564tripureshwor@test.com
"Binod Dhoj Lamichane",Tripureshwor,binod.lamichane7565gaushala@test.com
"Kushal Gopal Seikh",Sundhara,kushal.seikh7566tripureshwor@random.org
"Sompal Gopal Bhurtel",Chabel,"sompal.bhurtel7567new road@mail.com"
"Sompal Bahadur Malla",Sundhara,sompal.malla7568sundhara@random.org
"Sandeep Krishna Paudel","New Road",sandeep.paudel7569jawalakhel@mail.com
"Lalit Bahadur Seikh",Chabel,lalit.seikh7570baneshwor@demo.net
"Asif Bhagat Kami",Gaushala,asif.kami7571jawalakhel@mail.com
"Paras Bir K.C","New Road","paras.k.c7572new road@mail.com"
"Lalit Kumar Malla",Chabel,lalit.malla7573tripureshwor@demo.net
"Kushal Bir Paudel",Baneshwor,kushal.paudel7574jawalakhel@random.org
"Paras Gopal Seikh",Jawalakhel,paras.seikh7575chabel@random.org
"Arif Lal Seikh",Gaushala,"arif.seikh7576new road@example.com"
"Asif Dhoj Bhurtel",Ratnapark,asif.bhurtel7577sundhara@example.com
"Arif Lal Paudel",Ratnapark,arif.paudel7578chabel@demo.net
"Lalit Gopal Khadka",Gaushala,lalit.khadka7579chabel@demo.net
"Karan Dev Seikh",Chabel,karan.seikh7580sundhara@random.org
"Rohit Bhopal K.C",Sundhara,rohit.k.c7581sundhara@random.org
"Arif Kumar Rajbanshi",Ratnapark,arif.rajbanshi7582ratnapark@mail.com
"Asif Bhopal K.C",Ekantakuna,asif.k.c7583sundhara@random.org
"Binod Bahadur Khadka",Jawalakhel,binod.khadka7584baneshwor@demo.net
"Lalit Bhopal Seikh",Sundhara,lalit.seikh7585baneshwor@example.com
"Sandeep Krishna Paudel",Jawalakhel,sandeep.paudel7586chabel@test.com
"Arif Bhagat Bhandari",Sundhara,arif.bhandari7587chabel@mail.com
"Binod Dev Lamichane","New Road",binod.lamichane7588ekantakuna@test.com
"Sompal Dhoj Bhandari",Sundhara,sompal.bhandari7589tinkune@mail.com
"Sompal Gopal Kami",Chabel,sompal.kami7590tripureshwor@test.com
"Rohit Lal K.C",Ekantakuna,rohit.k.c7591chabel@test.com
"Sompal Bahadur Bhandari",Sundhara,sompal.bhandari7592sundhara@mail.com
"Arif Bhopal Paudel",Gaushala,arif.paudel7593tinkune@example.com
"Kushal Bir Lamichane",Gaushala,kushal.lamichane7594sundhara@example.com
"Binod Bir Khadka",Chabel,binod.khadka7595ekantakuna@example.com
"Rohit Dhoj Bhurtel",Tinkune,rohit.bhurtel7596tinkune@demo.net
"Arif Bahadur Paudel",Baneshwor,arif.paudel7597jawalakhel@random.org
"Asif Kumar Khadka","New Road",asif.khadka7598tripureshwor@test.com
"Lalit Dhoj K.C",Ratnapark,lalit.k.c7599gaushala@test.com
"Arif Bhopal Bhurtel","New Road",arif.bhurtel7600ekantakuna@mail.com
"Rohit Krishna Bhandari",Tinkune,rohit.bhandari7601ekantakuna@mail.com
"Karan Lal Bhurtel",Baneshwor,karan.bhurtel7602tinkune@demo.net
"Asif Lal Seikh",Chabel,asif.seikh7603tinkune@test.com
"Karan Lal Malla",Ekantakuna,karan.malla7604baneshwor@example.com
"Binod Dhoj Khadka",Tinkune,"binod.khadka7605new road@example.com"
"Rohit Gopal Lamichane",Gaushala,rohit.lamichane7606gaushala@random.org
"Binod Bhagat Bhurtel",Ekantakuna,binod.bhurtel7607tinkune@random.org
"Asif Kumar Rajbanshi",Tripureshwor,asif.rajbanshi7608tripureshwor@test.com
"Sompal Lal Bhurtel",Baneshwor,sompal.bhurtel7609jawalakhel@test.com
"Asif Bhopal Lamichane",Jawalakhel,asif.lamichane7610baneshwor@test.com
"Sandeep Bhopal Malla",Tinkune,sandeep.malla7611gaushala@example.com
"Asif Dev Malla",Sundhara,asif.malla7612baneshwor@random.org
"Sandeep Lal Paudel",Gaushala,sandeep.paudel7613tripureshwor@example.com
"Sandeep Kumar Lamichane",Gaushala,sandeep.lamichane7614baneshwor@random.org
"Sompal Bahadur K.C","New Road",sompal.k.c7615baneshwor@test.com
"Binod Bhagat Lamichane",Gaushala,binod.lamichane7616ratnapark@mail.com
"Sandeep Gopal Rajbanshi",Ratnapark,sandeep.rajbanshi7617chabel@mail.com
"Lalit Gopal Seikh",Jawalakhel,"lalit.seikh7618new road@random.org"
"Lalit Kumar Seikh",Ekantakuna,"lalit.seikh7619new road@random.org"
"Asif Bhagat Kami",Gaushala,asif.kami7620baneshwor@random.org
"Asif Dhoj Bhandari",Baneshwor,asif.bhandari7621ratnapark@random.org
"Sompal Gopal Rajbanshi",Baneshwor,"sompal.rajbanshi7622new road@demo.net"
"Sompal Bhopal Bhurtel",Ekantakuna,sompal.bhurtel7623gaushala@mail.com
"Asif Kumar Kami","New Road",asif.kami7624ekantakuna@random.org
"Karan Gopal Bhurtel",Ratnapark,karan.bhurtel7625ekantakuna@example.com
"Sompal Bahadur Malla",Tinkune,sompal.malla7626ekantakuna@random.org
"Kushal Bir K.C",Chabel,kushal.k.c7627chabel@test.com
"Arif Gopal Bhurtel",Baneshwor,arif.bhurtel7628chabel@demo.net
"Paras Dhoj Malla",Gaushala,paras.malla7629ratnapark@demo.net
"Arif Dhoj Rajbanshi",Jawalakhel,arif.rajbanshi7630chabel@mail.com
"Paras Gopal Lamichane","New Road",paras.lamichane7631sundhara@mail.com
"Karan Krishna K.C",Tripureshwor,karan.k.c7632jawalakhel@random.org
"Kushal Gopal Seikh",Ekantakuna,"kushal.seikh7633new road@example.com"
"Arif Lal Khadka",Sundhara,arif.khadka7634baneshwor@mail.com
"Sompal Gopal Bhurtel",Sundhara,sompal.bhurtel7635gaushala@random.org
"Sandeep Bhagat Malla",Baneshwor,sandeep.malla7636tripureshwor@test.com
"Binod Bahadur Bhandari","New Road",binod.bhandari7637chabel@test.com
"Arif Bahadur Bhurtel",Ekantakuna,arif.bhurtel7638sundhara@random.org
"Kushal Kumar Paudel",Ratnapark,kushal.paudel7639chabel@demo.net
"Karan Dhoj Paudel",Baneshwor,karan.paudel7640gaushala@demo.net
"Sandeep Krishna Bhandari",Tinkune,sandeep.bhandari7641chabel@random.org
"Kushal Bahadur Rajbanshi",Sundhara,kushal.rajbanshi7642chabel@random.org
"Paras Kumar Bhurtel",Sundhara,"paras.bhurtel7643new road@random.org"
"Asif Lal Lamichane",Jawalakhel,asif.lamichane7644ratnapark@example.com
"Kushal Dev Lamichane",Chabel,"kushal.lamichane7645new road@example.com"
"Asif Bir Seikh",Sundhara,asif.seikh7646gaushala@test.com
"Lalit Bahadur Paudel",Baneshwor,lalit.paudel7647gaushala@mail.com
"Rohit Gopal Malla","New Road",rohit.malla7648sundhara@mail.com
"Sompal Krishna Kami",Chabel,sompal.kami7649ekantakuna@demo.net
"Sandeep Gopal Bhandari",Ekantakuna,"sandeep.bhandari7650new road@mail.com"
"Sandeep Dhoj Bhurtel",Tripureshwor,sandeep.bhurtel7651ekantakuna@test.com
"Lalit Gopal Lamichane",Baneshwor,lalit.lamichane7652gaushala@example.com
"Kushal Kumar Malla",Jawalakhel,kushal.malla7653tinkune@example.com
"Sompal Bahadur Rajbanshi",Jawalakhel,"sompal.rajbanshi7654new road@example.com"
"Karan Krishna Khadka",Sundhara,karan.khadka7655jawalakhel@example.com
"Binod Gopal Lamichane",Tripureshwor,binod.lamichane7656tripureshwor@example.com
"Binod Krishna Bhurtel",Jawalakhel,binod.bhurtel7657gaushala@example.com
"Sandeep Kumar Khadka",Sundhara,"sandeep.khadka7658new road@example.com"
"Lalit Krishna Lamichane",Ekantakuna,lalit.lamichane7659jawalakhel@example.com
"Sompal Krishna Khadka",Tinkune,sompal.khadka7660tripureshwor@random.org
"Asif Gopal Paudel","New Road",asif.paudel7661sundhara@demo.net
"Asif Bahadur Paudel",Tinkune,asif.paudel7662tinkune@test.com
"Paras Kumar Lamichane","New Road",paras.lamichane7663jawalakhel@mail.com
"Kushal Krishna Lamichane",Baneshwor,kushal.lamichane7664tinkune@mail.com
"Lalit Dev Bhandari",Baneshwor,lalit.bhandari7665jawalakhel@demo.net
"Lalit Bahadur Kami",Tripureshwor,lalit.kami7666ratnapark@mail.com
"Paras Gopal Paudel",Tinkune,paras.paudel7667baneshwor@mail.com
"Arif Dev Lamichane",Baneshwor,arif.lamichane7668jawalakhel@example.com
"Arif Bhagat Khadka",Ratnapark,arif.khadka7669sundhara@test.com
"Sompal Dhoj Paudel",Tinkune,sompal.paudel7670jawalakhel@example.com
"Rohit Krishna Malla",Ratnapark,rohit.malla7671tripureshwor@demo.net
"Lalit Bir Paudel",Tinkune,lalit.paudel7672chabel@random.org
"Lalit Dhoj Malla",Tinkune,"lalit.malla7673new road@demo.net"
"Paras Dhoj Paudel",Tinkune,paras.paudel7674ekantakuna@test.com
"Sompal Bahadur Kami",Chabel,sompal.kami7675tinkune@random.org
"Sandeep Dhoj Paudel",Ekantakuna,sandeep.paudel7676tripureshwor@mail.com
"Sompal Bahadur Kami",Sundhara,sompal.kami7677gaushala@example.com
"Rohit Gopal Kami",Chabel,rohit.kami7678ratnapark@test.com
"Sompal Bir K.C","New Road",sompal.k.c7679ekantakuna@example.com
"Sandeep Dhoj Kami",Baneshwor,sandeep.kami7680tripureshwor@mail.com
"Kushal Bhagat Rajbanshi",Gaushala,kushal.rajbanshi7681ekantakuna@test.com
"Karan Lal Bhandari",Jawalakhel,karan.bhandari7682gaushala@example.com
"Asif Dhoj Khadka",Sundhara,asif.khadka7683ratnapark@mail.com
"Kushal Gopal Khadka",Gaushala,"kushal.khadka7684new road@mail.com"
"Paras Bhopal Kami",Ratnapark,"paras.kami7685new road@random.org"
"Arif Bhopal Khadka",Jawalakhel,arif.khadka7686sundhara@mail.com
"Arif Bahadur K.C",Jawalakhel,arif.k.c7687ekantakuna@demo.net
"Lalit Lal Malla","New Road",lalit.malla7688ratnapark@mail.com
"Sandeep Gopal Paudel",Jawalakhel,sandeep.paudel7689sundhara@example.com
"Karan Kumar Kami",Tinkune,karan.kami7690ratnapark@demo.net
"Kushal Dev Rajbanshi",Gaushala,kushal.rajbanshi7691tripureshwor@example.com
"Arif Bhagat Paudel",Tripureshwor,arif.paudel7692jawalakhel@test.com
"Asif Bir Bhurtel",Tripureshwor,asif.bhurtel7693jawalakhel@example.com
"Karan Gopal Malla",Tinkune,karan.malla7694tinkune@mail.com
"Binod Gopal Khadka",Ekantakuna,binod.khadka7695ekantakuna@mail.com
"Rohit Gopal Bhurtel",Ekantakuna,rohit.bhurtel7696tinkune@random.org
"Paras Bahadur Bhurtel",Ekantakuna,paras.bhurtel7697baneshwor@random.org
"Rohit Dhoj Bhandari",Ratnapark,"rohit.bhandari7698new road@test.com"
"Rohit Bhagat Malla",Gaushala,rohit.malla7699tinkune@demo.net
"Binod Krishna Kami",Tripureshwor,binod.kami7700ratnapark@test.com
"Sandeep Bir Khadka",Chabel,"sandeep.khadka7701new road@mail.com"
"Karan Bir Seikh",Tripureshwor,karan.seikh7702sundhara@mail.com
"Asif Kumar Bhandari",Baneshwor,asif.bhandari7703jawalakhel@mail.com
"Sompal Bhopal Paudel",Baneshwor,sompal.paudel7704ekantakuna@example.com
"Kushal Lal Bhurtel",Gaushala,kushal.bhurtel7705ekantakuna@mail.com
"Binod Gopal Kami","New Road",binod.kami7706sundhara@mail.com
"Sompal Lal Bhandari",Sundhara,sompal.bhandari7707tinkune@mail.com
"Binod Gopal Rajbanshi",Tinkune,binod.rajbanshi7708chabel@random.org
"Arif Bahadur Khadka",Sundhara,arif.khadka7709tinkune@test.com
"Binod Gopal Bhurtel",Jawalakhel,binod.bhurtel7710gaushala@mail.com
"Arif Bahadur Rajbanshi",Sundhara,arif.rajbanshi7711baneshwor@random.org
"Asif Kumar Lamichane",Gaushala,asif.lamichane7712ratnapark@random.org
"Binod Krishna Seikh",Sundhara,binod.seikh7713jawalakhel@test.com
"Rohit Bhopal Lamichane",Gaushala,rohit.lamichane7714ekantakuna@random.org
"Sompal Bahadur Malla",Ekantakuna,sompal.malla7715tripureshwor@demo.net
"Lalit Krishna Bhurtel",Ratnapark,lalit.bhurtel7716chabel@example.com
"Lalit Gopal Paudel",Gaushala,lalit.paudel7717ratnapark@mail.com
"Sandeep Bhopal Kami",Tripureshwor,"sandeep.kami7718new road@test.com"
"Sompal Gopal Malla",Gaushala,sompal.malla7719sundhara@random.org
"Lalit Bir Paudel",Ekantakuna,lalit.paudel7720sundhara@example.com
"Sompal Krishna Khadka",Gaushala,"sompal.khadka7721new road@demo.net"
"Sandeep Dev K.C",Ekantakuna,sandeep.k.c7722baneshwor@example.com
"Rohit Dhoj Malla",Gaushala,rohit.malla7723ratnapark@test.com
"Sandeep Bhagat Malla",Sundhara,sandeep.malla7724ekantakuna@mail.com
"Lalit Bhopal Bhandari",Sundhara,lalit.bhandari7725chabel@demo.net
"Paras Dev Lamichane",Gaushala,"paras.lamichane7726new road@random.org"
"Sandeep Kumar K.C","New Road",sandeep.k.c7727tinkune@test.com
"Kushal Bahadur Paudel",Tinkune,kushal.paudel7728baneshwor@mail.com
"Arif Bir Lamichane",Chabel,arif.lamichane7729baneshwor@random.org
"Kushal Bir Malla",Ekantakuna,kushal.malla7730baneshwor@test.com
"Lalit Krishna Rajbanshi",Chabel,lalit.rajbanshi7731ratnapark@random.org
"Sandeep Kumar Lamichane",Gaushala,"sandeep.lamichane7732new road@test.com"
"Rohit Dhoj Kami",Tripureshwor,rohit.kami7733jawalakhel@demo.net
"Sandeep Bhopal Rajbanshi",Sundhara,sandeep.rajbanshi7734sundhara@demo.net
"Lalit Krishna Rajbanshi","New Road",lalit.rajbanshi7735ratnapark@mail.com
"Arif Bahadur Lamichane",Chabel,arif.lamichane7736tinkune@example.com
"Paras Krishna Malla",Ekantakuna,paras.malla7737tinkune@mail.com
"Asif Bhopal K.C",Gaushala,asif.k.c7738ekantakuna@example.com
"Asif Bhagat Rajbanshi","New Road",asif.rajbanshi7739gaushala@mail.com
"Lalit Dev Kami",Baneshwor,lalit.kami7740tripureshwor@random.org
"Asif Dev Malla",Tinkune,asif.malla7741gaushala@demo.net
"Arif Dev Bhandari",Sundhara,arif.bhandari7742chabel@random.org
"Kushal Bhagat Rajbanshi",Chabel,kushal.rajbanshi7743ratnapark@test.com
"Binod Bhagat Malla",Chabel,binod.malla7744baneshwor@test.com
"Karan Bir Kami",Gaushala,"karan.kami7745new road@test.com"
"Kushal Dhoj Rajbanshi",Tripureshwor,"kushal.rajbanshi7746new road@demo.net"
"Sandeep Gopal Bhandari","New Road",sandeep.bhandari7747tinkune@test.com
"Paras Gopal Bhurtel",Ratnapark,paras.bhurtel7748sundhara@random.org
"Binod Bhagat Seikh",Sundhara,binod.seikh7749jawalakhel@mail.com
"Lalit Bir Kami",Ekantakuna,lalit.kami7750jawalakhel@example.com
"Lalit Bir Bhurtel",Sundhara,lalit.bhurtel7751baneshwor@mail.com
"Paras Bhagat Bhandari",Ekantakuna,paras.bhandari7752tinkune@example.com
"Karan Bahadur Bhurtel",Jawalakhel,karan.bhurtel7753gaushala@demo.net
"Karan Bir Malla",Jawalakhel,karan.malla7754chabel@mail.com
"Rohit Dev Kami",Chabel,"rohit.kami7755new road@demo.net"
"Sompal Lal K.C",Baneshwor,sompal.k.c7756jawalakhel@mail.com
"Lalit Kumar Seikh",Tripureshwor,lalit.seikh7757jawalakhel@test.com
"Kushal Bhagat Bhandari",Tripureshwor,kushal.bhandari7758sundhara@mail.com
"Lalit Kumar Lamichane",Jawalakhel,lalit.lamichane7759tinkune@test.com
"Rohit Dev Rajbanshi",Ekantakuna,rohit.rajbanshi7760ratnapark@example.com
"Arif Bahadur Kami",Jawalakhel,arif.kami7761chabel@test.com
"Rohit Bhopal Bhandari",Tripureshwor,rohit.bhandari7762gaushala@mail.com
"Karan Krishna Bhandari","New Road",karan.bhandari7763tinkune@mail.com
"Rohit Bhopal Khadka",Sundhara,rohit.khadka7764gaushala@test.com
"Lalit Bhopal Khadka",Chabel,lalit.khadka7765chabel@test.com
"Karan Bhagat K.C",Sundhara,karan.k.c7766tripureshwor@random.org
"Asif Bir Lamichane",Tripureshwor,asif.lamichane7767tinkune@test.com
"Lalit Krishna Malla",Baneshwor,lalit.malla7768chabel@example.com
"Karan Gopal Lamichane",Ekantakuna,karan.lamichane7769chabel@random.org
"Kushal Bir Rajbanshi",Chabel,kushal.rajbanshi7770baneshwor@random.org
"Paras Krishna Bhurtel",Gaushala,paras.bhurtel7771sundhara@demo.net
"Sompal Lal Bhandari",Tinkune,sompal.bhandari7772chabel@demo.net
"Binod Bir Paudel",Jawalakhel,binod.paudel7773chabel@test.com
"Sompal Bir Seikh",Baneshwor,sompal.seikh7774baneshwor@mail.com
"Binod Dev Bhurtel","New Road",binod.bhurtel7775baneshwor@random.org
"Arif Krishna Khadka",Baneshwor,arif.khadka7776tinkune@test.com
"Binod Lal K.C",Baneshwor,"binod.k.c7777new road@demo.net"
"Rohit Kumar Kami","New Road",rohit.kami7778baneshwor@test.com
"Paras Dhoj Bhurtel",Tinkune,paras.bhurtel7779ratnapark@random.org
"Asif Bir Rajbanshi",Tinkune,"asif.rajbanshi7780new road@mail.com"
"Sompal Dev Bhurtel",Gaushala,sompal.bhurtel7781sundhara@demo.net
"Sompal Dev Rajbanshi",Chabel,sompal.rajbanshi7782tripureshwor@example.com
"Sompal Kumar Bhurtel",Tinkune,sompal.bhurtel7783tinkune@demo.net
"Lalit Kumar Malla",Tinkune,lalit.malla7784jawalakhel@mail.com
"Lalit Kumar Bhandari",Tinkune,lalit.bhandari7785ekantakuna@random.org
"Binod Kumar Malla",Tinkune,binod.malla7786jawalakhel@mail.com
"Sompal Bir Rajbanshi",Jawalakhel,sompal.rajbanshi7787gaushala@demo.net
"Sompal Dev Rajbanshi","New Road",sompal.rajbanshi7788tripureshwor@random.org
"Asif Bir Lamichane",Ekantakuna,asif.lamichane7789ratnapark@mail.com
"Rohit Dev K.C",Baneshwor,rohit.k.c7790ratnapark@example.com
"Paras Krishna Seikh",Ekantakuna,paras.seikh7791sundhara@example.com
"Kushal Bir Malla","New Road",kushal.malla7792ekantakuna@random.org
"Binod Bhopal Seikh",Gaushala,binod.seikh7793tripureshwor@test.com
"Rohit Dhoj Paudel",Jawalakhel,rohit.paudel7794ekantakuna@test.com
"Sandeep Dev Malla",Chabel,sandeep.malla7795ratnapark@example.com
"Paras Krishna Seikh",Chabel,paras.seikh7796jawalakhel@example.com
"Sompal Kumar Khadka",Baneshwor,sompal.khadka7797ratnapark@random.org
"Lalit Dev Kami",Tripureshwor,lalit.kami7798ekantakuna@mail.com
"Rohit Dev K.C",Ekantakuna,rohit.k.c7799ekantakuna@random.org
"Kushal Gopal Seikh",Baneshwor,kushal.seikh7800gaushala@example.com
"Lalit Krishna Bhurtel",Chabel,lalit.bhurtel7801sundhara@mail.com
"Arif Dhoj Bhurtel",Jawalakhel,arif.bhurtel7802tripureshwor@random.org
"Binod Krishna Kami",Baneshwor,"binod.kami7803new road@mail.com"
"Lalit Bhagat Malla",Tripureshwor,lalit.malla7804chabel@example.com
"Paras Dev Khadka","New Road",paras.khadka7805sundhara@random.org
"Karan Lal Seikh",Baneshwor,karan.seikh7806baneshwor@random.org
"Paras Bir Lamichane",Chabel,paras.lamichane7807tripureshwor@test.com
"Arif Lal Rajbanshi",Tinkune,arif.rajbanshi7808ekantakuna@test.com
"Binod Bir Rajbanshi",Jawalakhel,binod.rajbanshi7809baneshwor@random.org
"Karan Kumar Khadka",Sundhara,karan.khadka7810gaushala@random.org
"Arif Gopal Kami",Ratnapark,arif.kami7811tinkune@example.com
"Binod Bahadur Paudel",Sundhara,binod.paudel7812sundhara@demo.net
"Sandeep Dev Lamichane",Tripureshwor,sandeep.lamichane7813jawalakhel@demo.net
"Sompal Dev Rajbanshi",Jawalakhel,sompal.rajbanshi7814jawalakhel@test.com
"Rohit Bir K.C",Ratnapark,"rohit.k.c7815new road@random.org"
"Paras Bhopal Khadka",Baneshwor,paras.khadka7816baneshwor@demo.net
"Kushal Kumar Bhandari",Gaushala,kushal.bhandari7817gaushala@random.org
"Arif Lal Khadka",Chabel,arif.khadka7818tinkune@test.com
"Rohit Bhagat Khadka",Chabel,rohit.khadka7819gaushala@test.com
"Karan Bahadur Bhurtel",Tripureshwor,karan.bhurtel7820tripureshwor@demo.net
"Lalit Krishna Malla",Ratnapark,lalit.malla7821tinkune@random.org
"Sompal Bahadur Bhurtel",Tinkune,sompal.bhurtel7822tripureshwor@example.com
"Lalit Kumar Seikh",Sundhara,lalit.seikh7823chabel@demo.net
"Kushal Lal Rajbanshi",Ratnapark,kushal.rajbanshi7824ratnapark@mail.com
"Paras Bhopal Rajbanshi","New Road",paras.rajbanshi7825ekantakuna@random.org
"Sandeep Bahadur Rajbanshi",Tinkune,sandeep.rajbanshi7826baneshwor@mail.com
"Asif Bhopal Rajbanshi",Baneshwor,asif.rajbanshi7827tripureshwor@random.org
"Rohit Bahadur Malla",Sundhara,rohit.malla7828sundhara@test.com
"Paras Dev Malla","New Road",paras.malla7829gaushala@test.com
"Paras Lal Kami",Tinkune,paras.kami7830ekantakuna@test.com
"Binod Lal Malla",Tinkune,binod.malla7831tinkune@demo.net
"Sompal Lal Bhandari",Gaushala,sompal.bhandari7832ekantakuna@example.com
"Sompal Dhoj K.C","New Road",sompal.k.c7833chabel@mail.com
"Paras Bhagat Malla",Tripureshwor,paras.malla7834ekantakuna@example.com
"Lalit Bahadur Kami",Ratnapark,lalit.kami7835ekantakuna@test.com
"Rohit Bhopal Malla",Ekantakuna,rohit.malla7836sundhara@random.org
"Sandeep Bahadur Lamichane",Gaushala,sandeep.lamichane7837baneshwor@demo.net
"Kushal Bir Rajbanshi",Tinkune,kushal.rajbanshi7838jawalakhel@test.com
"Sandeep Kumar Malla",Gaushala,sandeep.malla7839jawalakhel@mail.com
"Lalit Gopal Malla",Tripureshwor,lalit.malla7840jawalakhel@demo.net
"Arif Dev Kami",Tinkune,arif.kami7841sundhara@demo.net
"Asif Bir Malla",Gaushala,"asif.malla7842new road@demo.net"
"Rohit Krishna Bhurtel",Chabel,rohit.bhurtel7843chabel@random.org
"Lalit Krishna Rajbanshi",Tinkune,lalit.rajbanshi7844jawalakhel@mail.com
"Asif Gopal Khadka","New Road",asif.khadka7845ratnapark@example.com
"Binod Lal Bhandari",Sundhara,binod.bhandari7846jawalakhel@test.com
"Rohit Bhagat Seikh",Tripureshwor,"rohit.seikh7847new road@test.com"
"Arif Dev Seikh",Gaushala,arif.seikh7848jawalakhel@test.com
"Rohit Krishna Khadka",Ratnapark,rohit.khadka7849sundhara@test.com
"Arif Bhagat Bhandari",Tripureshwor,arif.bhandari7850sundhara@test.com
"Rohit Lal K.C",Gaushala,rohit.k.c7851tripureshwor@test.com
"Sompal Bhopal Rajbanshi",Gaushala,sompal.rajbanshi7852ratnapark@demo.net
"Binod Bahadur Malla","New Road",binod.malla7853baneshwor@mail.com
"Arif Bhagat Lamichane",Gaushala,arif.lamichane7854ekantakuna@test.com
"Arif Kumar Khadka",Ratnapark,arif.khadka7855chabel@mail.com
"Arif Krishna Bhurtel",Tinkune,arif.bhurtel7856ekantakuna@test.com
"Kushal Dhoj Paudel",Chabel,kushal.paudel7857jawalakhel@example.com
"Binod Bahadur Bhandari",Tripureshwor,binod.bhandari7858sundhara@mail.com
"Kushal Dev Lamichane",Ekantakuna,kushal.lamichane7859sundhara@random.org
"Lalit Dhoj Lamichane",Tinkune,lalit.lamichane7860ratnapark@test.com
"Kushal Lal Lamichane",Tripureshwor,kushal.lamichane7861chabel@mail.com
"Kushal Lal Paudel",Ratnapark,kushal.paudel7862chabel@mail.com
"Kushal Bhagat K.C",Baneshwor,kushal.k.c7863gaushala@demo.net
"Lalit Gopal Bhurtel",Tripureshwor,lalit.bhurtel7864tripureshwor@test.com
"Arif Gopal Seikh",Chabel,arif.seikh7865ratnapark@random.org
"Sompal Gopal Bhurtel","New Road",sompal.bhurtel7866ratnapark@test.com
"Kushal Krishna Khadka",Jawalakhel,kushal.khadka7867ekantakuna@random.org
"Kushal Lal Paudel",Sundhara,kushal.paudel7868tripureshwor@test.com
"Karan Kumar Rajbanshi",Chabel,karan.rajbanshi7869sundhara@example.com
"Binod Krishna Rajbanshi",Ekantakuna,binod.rajbanshi7870chabel@random.org
"Arif Bir Paudel",Gaushala,arif.paudel7871sundhara@test.com
"Karan Kumar Seikh","New Road","karan.seikh7872new road@demo.net"
"Sompal Krishna Malla","New Road","sompal.malla7873new road@demo.net"
"Sandeep Bir Kami",Baneshwor,sandeep.kami7874ratnapark@random.org
"Rohit Dev K.C",Tripureshwor,"rohit.k.c7875new road@test.com"
"Lalit Krishna Kami",Chabel,lalit.kami7876ekantakuna@test.com
"Sandeep Gopal Khadka",Chabel,sandeep.khadka7877tripureshwor@mail.com
"Asif Bahadur Bhurtel",Tripureshwor,"asif.bhurtel7878new road@test.com"
"Sandeep Bhagat Rajbanshi",Gaushala,sandeep.rajbanshi7879sundhara@random.org
"Karan Dev Malla","New Road",karan.malla7880tripureshwor@mail.com
"Binod Gopal Seikh",Chabel,binod.seikh7881baneshwor@random.org
"Rohit Lal Bhandari",Gaushala,rohit.bhandari7882jawalakhel@example.com
"Sandeep Gopal Bhurtel",Tripureshwor,sandeep.bhurtel7883baneshwor@example.com
"Rohit Krishna Malla",Sundhara,rohit.malla7884tinkune@example.com
"Kushal Bir Seikh",Chabel,kushal.seikh7885jawalakhel@mail.com
"Lalit Bhopal Malla",Tripureshwor,"lalit.malla7886new road@example.com"
"Arif Bahadur Kami",Tinkune,"arif.kami7887new road@mail.com"
"Sandeep Gopal Paudel",Gaushala,sandeep.paudel7888tripureshwor@mail.com
"Arif Bhagat Paudel",Tinkune,arif.paudel7889jawalakhel@mail.com
"Kushal Bahadur Paudel",Sundhara,kushal.paudel7890baneshwor@random.org
"Paras Krishna Khadka",Chabel,paras.khadka7891ekantakuna@mail.com
"Arif Krishna Bhandari",Sundhara,arif.bhandari7892jawalakhel@mail.com
"Sandeep Bahadur Paudel",Chabel,sandeep.paudel7893chabel@example.com
"Asif Krishna K.C",Ekantakuna,"asif.k.c7894new road@test.com"
"Sompal Bhagat K.C",Tripureshwor,"sompal.k.c7895new road@test.com"
"Sompal Lal Rajbanshi",Jawalakhel,sompal.rajbanshi7896baneshwor@mail.com
"Kushal Bahadur Lamichane","New Road",kushal.lamichane7897ekantakuna@example.com
"Karan Kumar Kami",Jawalakhel,karan.kami7898sundhara@test.com
"Asif Dev Malla",Jawalakhel,asif.malla7899gaushala@demo.net
"Kushal Gopal Paudel",Chabel,kushal.paudel7900ratnapark@mail.com
"Sompal Gopal Paudel",Baneshwor,sompal.paudel7901tripureshwor@example.com
"Kushal Bhagat K.C",Sundhara,kushal.k.c7902ekantakuna@mail.com
"Kushal Dhoj Bhandari",Ratnapark,kushal.bhandari7903gaushala@random.org
"Asif Dev Seikh",Chabel,"asif.seikh7904new road@test.com"
"Karan Krishna Rajbanshi",Ratnapark,karan.rajbanshi7905ekantakuna@example.com
"Kushal Bir K.C",Tinkune,kushal.k.c7906baneshwor@mail.com
"Paras Krishna Bhandari",Gaushala,paras.bhandari7907ratnapark@example.com
"Asif Dhoj Paudel",Gaushala,"asif.paudel7908new road@random.org"
"Sompal Dhoj Malla",Ratnapark,"sompal.malla7909new road@demo.net"
"Sompal Bhagat Malla",Ekantakuna,sompal.malla7910chabel@demo.net
"Kushal Bir Malla",Sundhara,kushal.malla7911jawalakhel@test.com
"Karan Kumar K.C",Gaushala,karan.k.c7912ratnapark@example.com
"Paras Krishna Bhurtel",Sundhara,paras.bhurtel7913tinkune@demo.net
"Paras Dhoj Seikh",Sundhara,paras.seikh7914jawalakhel@demo.net
"Rohit Bir K.C",Ekantakuna,rohit.k.c7915gaushala@test.com
"Lalit Bir Malla","New Road",lalit.malla7916baneshwor@random.org
"Rohit Bhopal K.C",Ekantakuna,rohit.k.c7917baneshwor@mail.com
"Arif Gopal Kami","New Road",arif.kami7918tinkune@example.com
"Lalit Krishna Lamichane","New Road",lalit.lamichane7919gaushala@mail.com
"Paras Bhopal K.C","New Road",paras.k.c7920ekantakuna@demo.net
"Arif Bhagat Bhandari",Gaushala,arif.bhandari7921tripureshwor@mail.com
"Sandeep Bhagat Kami",Tripureshwor,sandeep.kami7922jawalakhel@mail.com
"Rohit Bhagat K.C",Gaushala,rohit.k.c7923ratnapark@demo.net
"Asif Bhagat Malla",Tripureshwor,asif.malla7924ekantakuna@demo.net
"Paras Bir Kami",Ekantakuna,paras.kami7925baneshwor@demo.net
"Arif Gopal Lamichane",Chabel,arif.lamichane7926ratnapark@random.org
"Arif Bhopal Malla",Ratnapark,arif.malla7927tinkune@random.org
"Karan Kumar Bhandari",Ratnapark,karan.bhandari7928gaushala@random.org
"Paras Bahadur Kami",Sundhara,paras.kami7929tinkune@example.com
"Kushal Bhagat K.C",Jawalakhel,kushal.k.c7930tinkune@mail.com
"Karan Gopal Bhurtel",Tripureshwor,karan.bhurtel7931tinkune@example.com
"Kushal Bhopal Bhandari",Tripureshwor,kushal.bhandari7932sundhara@mail.com
"Sompal Gopal Bhandari",Jawalakhel,sompal.bhandari7933jawalakhel@demo.net
"Asif Bhagat Lamichane",Chabel,asif.lamichane7934ratnapark@mail.com
"Paras Lal Bhandari",Ratnapark,paras.bhandari7935tinkune@mail.com
"Lalit Bir Bhurtel",Gaushala,lalit.bhurtel7936gaushala@test.com
"Karan Bhagat Malla",Ratnapark,karan.malla7937ratnapark@demo.net
"Lalit Bahadur Seikh",Tripureshwor,lalit.seikh7938tinkune@mail.com
"Sompal Bhagat Kami",Sundhara,"sompal.kami7939new road@mail.com"
"Lalit Dev Seikh","New Road",lalit.seikh7940baneshwor@random.org
"Kushal Bahadur Rajbanshi",Jawalakhel,kushal.rajbanshi7941ratnapark@mail.com
"Karan Bir Bhandari",Jawalakhel,karan.bhandari7942chabel@mail.com
"Paras Bir Lamichane",Gaushala,paras.lamichane7943tripureshwor@example.com
"Lalit Bir Bhurtel",Jawalakhel,lalit.bhurtel7944baneshwor@example.com
"Karan Lal Lamichane",Tripureshwor,karan.lamichane7945tinkune@random.org
"Rohit Bahadur Malla",Baneshwor,rohit.malla7946sundhara@mail.com
"Asif Dhoj Khadka",Chabel,asif.khadka7947tinkune@demo.net
"Binod Lal Malla",Ekantakuna,binod.malla7948chabel@demo.net
"Kushal Bhagat K.C",Tinkune,kushal.k.c7949ekantakuna@mail.com
"Sandeep Bhopal Bhandari",Ekantakuna,sandeep.bhandari7950baneshwor@mail.com
"Arif Bahadur Bhurtel",Tinkune,arif.bhurtel7951gaushala@demo.net
"Binod Bir Khadka",Gaushala,binod.khadka7952ekantakuna@demo.net
"Rohit Kumar Paudel",Ekantakuna,rohit.paudel7953ratnapark@example.com
"Arif Bir Paudel","New Road",arif.paudel7954sundhara@random.org
"Rohit Kumar Rajbanshi",Sundhara,rohit.rajbanshi7955tinkune@random.org
"Kushal Bir Paudel",Gaushala,kushal.paudel7956ratnapark@test.com
"Paras Dev Rajbanshi",Chabel,paras.rajbanshi7957gaushala@mail.com
"Sompal Kumar Kami",Ratnapark,"sompal.kami7958new road@mail.com"
"Lalit Gopal Khadka",Chabel,"lalit.khadka7959new road@random.org"
"Paras Kumar Malla",Tripureshwor,paras.malla7960tripureshwor@random.org
"Karan Bahadur Paudel",Ekantakuna,karan.paudel7961jawalakhel@mail.com
"Lalit Kumar Lamichane",Ratnapark,lalit.lamichane7962sundhara@mail.com
"Lalit Bhopal Seikh",Gaushala,lalit.seikh7963baneshwor@random.org
"Binod Bahadur Khadka",Baneshwor,binod.khadka7964sundhara@test.com
"Sompal Bir Kami",Tinkune,sompal.kami7965tripureshwor@mail.com
"Sandeep Bahadur Paudel",Tinkune,sandeep.paudel7966gaushala@example.com
"Sompal Gopal K.C",Baneshwor,sompal.k.c7967tripureshwor@random.org
"Rohit Bhagat Kami",Sundhara,rohit.kami7968gaushala@demo.net
"Lalit Bahadur Bhurtel",Sundhara,lalit.bhurtel7969ratnapark@mail.com
"Arif Bahadur Kami",Jawalakhel,arif.kami7970chabel@example.com
"Arif Kumar Bhurtel",Gaushala,arif.bhurtel7971tinkune@demo.net
"Rohit Bhopal Seikh",Tinkune,rohit.seikh7972baneshwor@mail.com
"Paras Gopal Paudel",Ratnapark,paras.paudel7973ratnapark@example.com
"Asif Kumar Bhandari",Sundhara,asif.bhandari7974ekantakuna@test.com
"Kushal Dev Bhandari",Baneshwor,kushal.bhandari7975baneshwor@mail.com
"Kushal Bhagat Khadka",Tripureshwor,kushal.khadka7976ekantakuna@demo.net
"Lalit Kumar K.C",Jawalakhel,lalit.k.c7977baneshwor@example.com
"Paras Gopal Seikh",Sundhara,paras.seikh7978chabel@test.com
"Rohit Krishna Bhurtel",Gaushala,rohit.bhurtel7979ratnapark@demo.net
"Karan Gopal Seikh",Sundhara,karan.seikh7980sundhara@test.com
"Kushal Bhagat Rajbanshi",Baneshwor,kushal.rajbanshi7981baneshwor@mail.com
"Karan Dhoj Rajbanshi",Jawalakhel,karan.rajbanshi7982sundhara@example.com
"Asif Krishna Malla",Tinkune,asif.malla7983ratnapark@mail.com
"Lalit Bhopal Rajbanshi",Ekantakuna,lalit.rajbanshi7984gaushala@example.com
"Paras Dhoj Bhurtel",Ekantakuna,paras.bhurtel7985ekantakuna@random.org
"Paras Dev Bhurtel",Gaushala,paras.bhurtel7986jawalakhel@random.org
"Paras Bhopal Khadka",Ekantakuna,paras.khadka7987tinkune@demo.net
"Rohit Bir Kami","New Road","rohit.kami7988new road@random.org"
"Kushal Bhagat Rajbanshi",Gaushala,kushal.rajbanshi7989chabel@mail.com
"Lalit Bhopal Lamichane",Tinkune,lalit.lamichane7990sundhara@mail.com
"Paras Lal Seikh",Chabel,paras.seikh7991jawalakhel@example.com
"Paras Dhoj Malla",Tripureshwor,paras.malla7992chabel@demo.net
"Kushal Dev Paudel",Ratnapark,kushal.paudel7993sundhara@random.org
"Paras Kumar Bhurtel",Ratnapark,paras.bhurtel7994jawalakhel@demo.net
"Arif Gopal Seikh",Jawalakhel,"arif.seikh7995new road@random.org"
"Asif Bir Malla",Ratnapark,asif.malla7996gaushala@mail.com
"Arif Dhoj Malla",Sundhara,arif.malla7997jawalakhel@example.com
"Kushal Gopal Paudel",Tripureshwor,kushal.paudel7998baneshwor@demo.net
"Karan Krishna Bhandari",Gaushala,karan.bhandari7999sundhara@example.com
"Sandeep Dhoj K.C",Jawalakhel,sandeep.k.c8000baneshwor@example.com
"Rohit Bhagat Kami",Ekantakuna,rohit.kami8001ratnapark@test.com
"Kushal Lal Lamichane",Chabel,kushal.lamichane8002jawalakhel@random.org
"Karan Krishna Rajbanshi",Tripureshwor,karan.rajbanshi8003ekantakuna@demo.net
"Lalit Gopal Kami",Sundhara,lalit.kami8004tinkune@test.com
"Paras Lal K.C",Gaushala,paras.k.c8005ratnapark@test.com
"Kushal Bir Bhandari",Gaushala,kushal.bhandari8006tripureshwor@example.com
"Asif Lal Malla",Baneshwor,asif.malla8007gaushala@test.com
"Lalit Bhopal Paudel",Tinkune,"lalit.paudel8008new road@mail.com"
"Kushal Bhopal Paudel",Tripureshwor,kushal.paudel8009baneshwor@random.org
"Binod Bhopal Kami",Gaushala,binod.kami8010gaushala@mail.com
"Rohit Gopal Kami",Ekantakuna,"rohit.kami8011new road@mail.com"
"Arif Bhagat Bhurtel","New Road",arif.bhurtel8012baneshwor@test.com
"Lalit Bahadur Bhandari",Chabel,"lalit.bhandari8013new road@test.com"
"Sompal Gopal Kami","New Road",sompal.kami8014baneshwor@demo.net
"Binod Dhoj K.C",Gaushala,"binod.k.c8015new road@mail.com"
"Kushal Bahadur Bhurtel",Tripureshwor,kushal.bhurtel8016gaushala@random.org
"Paras Bir Rajbanshi",Tripureshwor,"paras.rajbanshi8017new road@mail.com"
"Asif Bhopal K.C",Ekantakuna,asif.k.c8018baneshwor@random.org
"Asif Krishna Khadka",Tripureshwor,asif.khadka8019ratnapark@test.com
"Kushal Dev K.C",Baneshwor,kushal.k.c8020ekantakuna@demo.net
"Asif Krishna Bhurtel",Baneshwor,asif.bhurtel8021baneshwor@example.com
"Paras Bhopal Paudel",Jawalakhel,paras.paudel8022baneshwor@demo.net
"Sandeep Bahadur Kami",Chabel,sandeep.kami8023chabel@demo.net
"Karan Bir K.C",Chabel,karan.k.c8024tripureshwor@demo.net
"Arif Bhopal Bhurtel",Jawalakhel,arif.bhurtel8025gaushala@example.com
"Lalit Lal Malla",Ekantakuna,lalit.malla8026tinkune@mail.com
"Asif Dhoj K.C",Gaushala,asif.k.c8027sundhara@mail.com
"Binod Bhopal K.C",Jawalakhel,binod.k.c8028ratnapark@test.com
"Karan Lal Khadka",Tripureshwor,karan.khadka8029gaushala@test.com
"Kushal Bhagat Malla","New Road",kushal.malla8030sundhara@test.com
"Arif Gopal Kami",Jawalakhel,arif.kami8031tripureshwor@demo.net
"Paras Dev Malla",Sundhara,paras.malla8032tripureshwor@random.org
"Kushal Dev Seikh",Ekantakuna,kushal.seikh8033jawalakhel@mail.com
"Sandeep Bahadur Rajbanshi",Baneshwor,"sandeep.rajbanshi8034new road@mail.com"
"Karan Dhoj Kami",Tinkune,"karan.kami8035new road@test.com"
"Karan Bahadur Khadka",Baneshwor,karan.khadka8036baneshwor@random.org
"Sandeep Kumar Khadka",Jawalakhel,sandeep.khadka8037baneshwor@mail.com
"Lalit Kumar Seikh",Gaushala,"lalit.seikh8038new road@mail.com"
"Paras Krishna Rajbanshi",Tripureshwor,paras.rajbanshi8039baneshwor@mail.com
"Asif Bir Seikh",Sundhara,"asif.seikh8040new road@demo.net"
"Arif Lal Khadka",Tripureshwor,arif.khadka8041gaushala@test.com
"Lalit Bahadur Rajbanshi",Sundhara,lalit.rajbanshi8042baneshwor@example.com
"Arif Dev Lamichane",Jawalakhel,arif.lamichane8043jawalakhel@test.com
"Asif Kumar Rajbanshi",Ratnapark,asif.rajbanshi8044jawalakhel@demo.net
"Arif Bir Kami",Jawalakhel,"arif.kami8045new road@demo.net"
"Lalit Gopal Bhandari",Gaushala,lalit.bhandari8046tripureshwor@mail.com
"Kushal Bir Bhandari",Ekantakuna,kushal.bhandari8047jawalakhel@mail.com
"Rohit Lal K.C",Jawalakhel,"rohit.k.c8048new road@mail.com"
"Lalit Krishna Khadka",Sundhara,lalit.khadka8049tripureshwor@example.com
"Rohit Bhopal K.C",Chabel,rohit.k.c8050baneshwor@test.com
"Sandeep Lal Malla",Tinkune,"sandeep.malla8051new road@example.com"
"Karan Bhopal Bhurtel",Ratnapark,"karan.bhurtel8052new road@example.com"
"Sandeep Lal Bhurtel",Sundhara,sandeep.bhurtel8053ekantakuna@demo.net
"Binod Lal Seikh",Tinkune,binod.seikh8054gaushala@random.org
"Lalit Bir Bhandari",Ekantakuna,lalit.bhandari8055tripureshwor@demo.net
"Rohit Gopal Khadka","New Road",rohit.khadka8056tinkune@demo.net
"Paras Gopal Paudel",Tinkune,paras.paudel8057ratnapark@test.com
"Lalit Krishna Rajbanshi",Baneshwor,lalit.rajbanshi8058chabel@mail.com
"Sompal Bir Kami",Tinkune,sompal.kami8059tinkune@mail.com
"Rohit Dhoj K.C","New Road",rohit.k.c8060tinkune@random.org
"Binod Gopal Kami",Jawalakhel,binod.kami8061tripureshwor@test.com
"Paras Krishna Seikh",Gaushala,paras.seikh8062baneshwor@random.org
"Paras Bhopal Khadka","New Road",paras.khadka8063chabel@mail.com
"Karan Bir K.C",Tripureshwor,karan.k.c8064tinkune@random.org
"Arif Dhoj Lamichane",Tripureshwor,arif.lamichane8065ekantakuna@random.org
"Asif Bhopal Rajbanshi",Chabel,asif.rajbanshi8066tinkune@example.com
"Kushal Bir Khadka",Gaushala,kushal.khadka8067jawalakhel@random.org
"Binod Bhagat Lamichane",Chabel,binod.lamichane8068ratnapark@demo.net
"Paras Lal Khadka",Ratnapark,paras.khadka8069baneshwor@demo.net
"Asif Dev Bhurtel",Tinkune,"asif.bhurtel8070new road@example.com"
"Rohit Bir Kami",Gaushala,rohit.kami8071chabel@test.com
"Asif Krishna Bhandari","New Road",asif.bhandari8072tripureshwor@demo.net
"Sandeep Bir Malla",Tripureshwor,sandeep.malla8073sundhara@mail.com
"Rohit Gopal Bhandari",Gaushala,rohit.bhandari8074tinkune@random.org
"Lalit Kumar Malla",Baneshwor,"lalit.malla8075new road@random.org"
"Sandeep Bhagat Rajbanshi",Ratnapark,sandeep.rajbanshi8076jawalakhel@mail.com
"Sompal Dev Rajbanshi","New Road",sompal.rajbanshi8077tripureshwor@test.com
"Sompal Dhoj Khadka",Chabel,sompal.khadka8078jawalakhel@mail.com
"Rohit Lal Rajbanshi",Tripureshwor,rohit.rajbanshi8079ekantakuna@mail.com
"Rohit Kumar K.C",Sundhara,rohit.k.c8080tinkune@test.com
"Sandeep Bahadur Lamichane","New Road",sandeep.lamichane8081baneshwor@random.org
"Lalit Dhoj Kami",Gaushala,lalit.kami8082chabel@mail.com
"Paras Dhoj Kami",Tripureshwor,paras.kami8083tinkune@test.com
"Kushal Bhopal Rajbanshi",Sundhara,kushal.rajbanshi8084gaushala@demo.net
"Sompal Gopal Paudel",Tinkune,sompal.paudel8085sundhara@example.com
"Rohit Bhagat Kami",Jawalakhel,"rohit.kami8086new road@demo.net"
"Sandeep Bhopal Rajbanshi",Jawalakhel,"sandeep.rajbanshi8087new road@random.org"
"Kushal Dhoj Rajbanshi","New Road",kushal.rajbanshi8088baneshwor@example.com
"Asif Dev Seikh",Tinkune,asif.seikh8089tripureshwor@demo.net
"Asif Gopal Bhurtel",Tripureshwor,asif.bhurtel8090jawalakhel@example.com
"Rohit Bhopal Paudel",Baneshwor,rohit.paudel8091ratnapark@example.com
"Sandeep Bhagat Bhurtel",Tripureshwor,sandeep.bhurtel8092tinkune@demo.net
"Karan Krishna K.C",Gaushala,karan.k.c8093sundhara@mail.com
"Rohit Krishna Lamichane",Baneshwor,rohit.lamichane8094ratnapark@test.com
"Paras Lal Khadka",Gaushala,"paras.khadka8095new road@mail.com"
"Karan Dhoj K.C",Ekantakuna,karan.k.c8096ekantakuna@random.org
"Rohit Lal Khadka",Sundhara,rohit.khadka8097gaushala@example.com
"Asif Bir Khadka",Ratnapark,asif.khadka8098sundhara@test.com
"Karan Bhopal K.C",Tripureshwor,karan.k.c8099gaushala@example.com
"Sompal Dhoj Rajbanshi",Tripureshwor,sompal.rajbanshi8100gaushala@demo.net
"Sandeep Lal Kami","New Road",sandeep.kami8101gaushala@random.org
"Asif Dhoj Lamichane",Ekantakuna,asif.lamichane8102tinkune@example.com
"Paras Kumar Kami",Ekantakuna,paras.kami8103gaushala@example.com
"Asif Dhoj Lamichane","New Road",asif.lamichane8104sundhara@mail.com
"Lalit Bhopal Lamichane","New Road",lalit.lamichane8105gaushala@mail.com
"Sompal Bhagat Lamichane",Ratnapark,sompal.lamichane8106jawalakhel@random.org
"Arif Kumar Paudel","New Road",arif.paudel8107ratnapark@mail.com
"Arif Bir Seikh","New Road",arif.seikh8108tripureshwor@mail.com
"Sandeep Gopal Kami",Chabel,sandeep.kami8109ratnapark@demo.net
"Sompal Bhopal Lamichane",Chabel,sompal.lamichane8110sundhara@mail.com
"Arif Kumar Seikh",Baneshwor,arif.seikh8111gaushala@random.org
"Paras Dhoj K.C",Baneshwor,paras.k.c8112gaushala@mail.com
"Arif Gopal Rajbanshi",Ratnapark,arif.rajbanshi8113sundhara@example.com
"Binod Bhagat K.C",Tinkune,binod.k.c8114ekantakuna@test.com
"Karan Bahadur Paudel",Ratnapark,karan.paudel8115ekantakuna@example.com
"Arif Bhagat Seikh",Gaushala,arif.seikh8116tripureshwor@test.com
"Sandeep Dhoj Bhandari","New Road","sandeep.bhandari8117new road@mail.com"
"Paras Bhopal Bhandari",Gaushala,paras.bhandari8118sundhara@random.org
"Karan Kumar Paudel",Ratnapark,karan.paudel8119chabel@mail.com
"Sandeep Dhoj Khadka",Sundhara,sandeep.khadka8120sundhara@mail.com
"Sompal Lal Paudel",Gaushala,sompal.paudel8121chabel@example.com
"Asif Dhoj Malla","New Road",asif.malla8122ekantakuna@test.com
"Kushal Lal K.C",Baneshwor,kushal.k.c8123jawalakhel@test.com
"Rohit Bahadur Kami",Jawalakhel,rohit.kami8124jawalakhel@demo.net
"Sandeep Krishna Paudel",Ekantakuna,sandeep.paudel8125jawalakhel@example.com
"Lalit Lal K.C",Tinkune,lalit.k.c8126baneshwor@mail.com
"Sandeep Bahadur Bhandari","New Road","sandeep.bhandari8127new road@mail.com"
"Asif Gopal Khadka",Jawalakhel,asif.khadka8128baneshwor@test.com
"Rohit Bhagat Bhurtel",Gaushala,rohit.bhurtel8129sundhara@example.com
"Asif Bhopal Kami","New Road",asif.kami8130jawalakhel@demo.net
"Paras Gopal Khadka",Baneshwor,paras.khadka8131ekantakuna@mail.com
"Sandeep Kumar Paudel",Tinkune,sandeep.paudel8132jawalakhel@test.com
"Arif Bhopal Rajbanshi",Tripureshwor,"arif.rajbanshi8133new road@example.com"
"Karan Lal Bhurtel",Tripureshwor,karan.bhurtel8134gaushala@test.com
"Arif Dev Bhurtel",Tinkune,arif.bhurtel8135gaushala@test.com
"Sompal Bahadur K.C",Chabel,sompal.k.c8136jawalakhel@mail.com
"Asif Bahadur Lamichane",Ratnapark,"asif.lamichane8137new road@example.com"
"Arif Gopal Rajbanshi",Jawalakhel,"arif.rajbanshi8138new road@mail.com"
"Kushal Dev Lamichane",Baneshwor,kushal.lamichane8139tripureshwor@demo.net
"Kushal Krishna Lamichane",Baneshwor,kushal.lamichane8140gaushala@mail.com
"Kushal Bhopal Seikh",Tinkune,"kushal.seikh8141new road@example.com"
"Sompal Bhagat Seikh",Jawalakhel,sompal.seikh8142tinkune@demo.net
"Karan Bhopal Khadka",Baneshwor,karan.khadka8143ekantakuna@random.org
"Arif Gopal K.C",Gaushala,arif.k.c8144jawalakhel@mail.com
"Kushal Krishna Seikh",Chabel,kushal.seikh8145ratnapark@demo.net
"Asif Kumar Khadka",Tinkune,asif.khadka8146sundhara@mail.com
"Paras Lal Bhandari",Tinkune,paras.bhandari8147jawalakhel@test.com
"Kushal Kumar Bhandari",Gaushala,kushal.bhandari8148tinkune@mail.com
"Arif Krishna Kami",Baneshwor,arif.kami8149ratnapark@demo.net
"Paras Lal Rajbanshi",Jawalakhel,paras.rajbanshi8150tripureshwor@random.org
"Sandeep Kumar K.C",Sundhara,sandeep.k.c8151ratnapark@random.org
"Binod Bhagat Rajbanshi",Ekantakuna,"binod.rajbanshi8152new road@example.com"
"Karan Dev Bhurtel",Chabel,karan.bhurtel8153ratnapark@random.org
"Arif Gopal Khadka",Tripureshwor,arif.khadka8154chabel@test.com
"Paras Kumar Paudel","New Road",paras.paudel8155chabel@example.com
"Lalit Lal Khadka",Chabel,"lalit.khadka8156new road@mail.com"
"Sandeep Bhagat Bhurtel",Ekantakuna,sandeep.bhurtel8157gaushala@test.com
"Rohit Bahadur Seikh",Jawalakhel,rohit.seikh8158sundhara@mail.com
"Sandeep Kumar Seikh",Chabel,sandeep.seikh8159ekantakuna@demo.net
"Rohit Dev Khadka",Sundhara,rohit.khadka8160sundhara@example.com
"Paras Kumar K.C",Tripureshwor,paras.k.c8161tinkune@example.com
"Paras Dhoj Bhurtel",Baneshwor,paras.bhurtel8162tripureshwor@example.com
"Arif Krishna Lamichane",Sundhara,arif.lamichane8163ekantakuna@example.com
"Rohit Bahadur Lamichane",Chabel,rohit.lamichane8164baneshwor@demo.net
"Sompal Kumar Rajbanshi",Chabel,sompal.rajbanshi8165sundhara@mail.com
"Sandeep Kumar Malla",Baneshwor,sandeep.malla8166tinkune@test.com
"Asif Lal Khadka",Ekantakuna,"asif.khadka8167new road@mail.com"
"Paras Bahadur Khadka",Baneshwor,paras.khadka8168tinkune@random.org
"Paras Dev K.C",Sundhara,paras.k.c8169gaushala@random.org
"Asif Bhagat K.C",Ekantakuna,asif.k.c8170tripureshwor@test.com
"Paras Lal Kami",Tinkune,paras.kami8171gaushala@mail.com
"Paras Dev Kami",Ratnapark,paras.kami8172tripureshwor@random.org
"Arif Bir Kami",Baneshwor,arif.kami8173baneshwor@mail.com
"Paras Kumar Khadka",Gaushala,paras.khadka8174chabel@random.org
"Rohit Bahadur Bhurtel",Ratnapark,rohit.bhurtel8175tripureshwor@mail.com
"Paras Dev Khadka",Gaushala,paras.khadka8176ekantakuna@demo.net
"Paras Lal Khadka",Sundhara,paras.khadka8177tinkune@mail.com
"Sandeep Dhoj Kami",Ratnapark,sandeep.kami8178chabel@example.com
"Kushal Bir Lamichane",Baneshwor,"kushal.lamichane8179new road@mail.com"
"Paras Dhoj Paudel",Ekantakuna,paras.paudel8180tinkune@random.org
"Rohit Dhoj Bhurtel",Tripureshwor,rohit.bhurtel8181tinkune@test.com
"Sompal Gopal Bhurtel",Ratnapark,sompal.bhurtel8182jawalakhel@example.com
"Binod Bhopal Bhandari",Gaushala,"binod.bhandari8183new road@random.org"
"Lalit Lal Kami","New Road","lalit.kami8184new road@random.org"
"Sandeep Bhagat Bhurtel",Baneshwor,sandeep.bhurtel8185chabel@demo.net
"Sompal Bir K.C",Tripureshwor,sompal.k.c8186chabel@example.com
"Rohit Krishna Bhandari",Baneshwor,rohit.bhandari8187ratnapark@demo.net
"Paras Kumar Khadka",Gaushala,paras.khadka8188ekantakuna@mail.com
"Sandeep Krishna Bhurtel",Chabel,sandeep.bhurtel8189tinkune@demo.net
"Asif Krishna K.C","New Road",asif.k.c8190gaushala@test.com
"Arif Dhoj Malla",Baneshwor,arif.malla8191ekantakuna@demo.net
"Karan Bir Kami",Baneshwor,karan.kami8192ratnapark@demo.net
"Karan Kumar Bhurtel",Gaushala,karan.bhurtel8193tripureshwor@test.com
"Karan Kumar Kami",Ratnapark,"karan.kami8194new road@random.org"
"Karan Gopal Khadka",Baneshwor,"karan.khadka8195new road@mail.com"
"Rohit Bhagat Malla",Ekantakuna,rohit.malla8196ekantakuna@demo.net
"Sompal Bahadur Malla",Sundhara,"sompal.malla8197new road@demo.net"
"Binod Bir Bhurtel",Sundhara,binod.bhurtel8198baneshwor@demo.net
"Sompal Dhoj Seikh",Sundhara,sompal.seikh8199tinkune@example.com
"Sompal Bhagat Rajbanshi",Tinkune,"sompal.rajbanshi8200new road@mail.com"
"Sompal Dhoj Kami",Ratnapark,sompal.kami8201gaushala@random.org
"Arif Krishna Bhurtel",Tripureshwor,"arif.bhurtel8202new road@example.com"
"Lalit Dhoj Bhandari",Gaushala,lalit.bhandari8203sundhara@mail.com
"Asif Krishna Seikh",Sundhara,asif.seikh8204jawalakhel@mail.com
"Karan Dhoj Paudel",Jawalakhel,karan.paudel8205chabel@example.com
"Sandeep Lal Rajbanshi",Ratnapark,sandeep.rajbanshi8206ratnapark@mail.com
"Lalit Bahadur Kami",Jawalakhel,lalit.kami8207jawalakhel@test.com
"Asif Bir Malla","New Road",asif.malla8208ekantakuna@example.com
"Kushal Lal Rajbanshi",Ekantakuna,kushal.rajbanshi8209sundhara@demo.net
"Karan Dev Khadka",Ekantakuna,karan.khadka8210gaushala@test.com
"Sandeep Bahadur Seikh",Gaushala,sandeep.seikh8211tinkune@random.org
"Asif Dev Bhurtel","New Road",asif.bhurtel8212sundhara@mail.com
"Karan Dhoj Kami",Sundhara,karan.kami8213ratnapark@random.org
"Kushal Bhopal Seikh",Gaushala,kushal.seikh8214gaushala@mail.com
"Binod Bhopal Lamichane",Sundhara,"binod.lamichane8215new road@example.com"
"Sandeep Bhopal K.C",Jawalakhel,sandeep.k.c8216jawalakhel@random.org
"Lalit Krishna K.C",Tripureshwor,lalit.k.c8217sundhara@random.org
"Paras Bhopal Malla",Gaushala,paras.malla8218gaushala@test.com
"Binod Bahadur Seikh",Sundhara,binod.seikh8219jawalakhel@random.org
"Binod Bahadur Khadka",Chabel,binod.khadka8220gaushala@example.com
"Arif Gopal Kami",Ratnapark,arif.kami8221ekantakuna@random.org
"Sompal Bahadur Malla",Baneshwor,sompal.malla8222ratnapark@random.org
"Sandeep Bhagat Khadka",Chabel,sandeep.khadka8223sundhara@test.com
"Lalit Bhopal Paudel",Tinkune,lalit.paudel8224ratnapark@mail.com
"Rohit Krishna Seikh",Ratnapark,rohit.seikh8225gaushala@demo.net
"Arif Bhagat Bhandari",Baneshwor,arif.bhandari8226chabel@test.com
"Binod Bhopal Rajbanshi",Tinkune,binod.rajbanshi8227sundhara@example.com
"Paras Dhoj K.C",Baneshwor,"paras.k.c8228new road@example.com"
"Lalit Dev K.C","New Road","lalit.k.c8229new road@mail.com"
"Binod Bahadur Rajbanshi",Baneshwor,"binod.rajbanshi8230new road@test.com"
"Arif Dhoj Lamichane",Tripureshwor,arif.lamichane8231chabel@example.com
"Karan Gopal Rajbanshi",Tinkune,karan.rajbanshi8232ratnapark@random.org
"Kushal Dev Khadka",Tripureshwor,kushal.khadka8233gaushala@test.com
"Kushal Bir Bhurtel",Tinkune,kushal.bhurtel8234chabel@test.com
"Kushal Gopal Malla",Tripureshwor,kushal.malla8235jawalakhel@test.com
"Sompal Bhopal Paudel",Tinkune,"sompal.paudel8236new road@test.com"
"Arif Krishna Bhurtel",Baneshwor,arif.bhurtel8237sundhara@mail.com
"Karan Kumar Bhurtel",Gaushala,karan.bhurtel8238ekantakuna@mail.com
"Paras Kumar Khadka",Jawalakhel,paras.khadka8239gaushala@random.org
"Rohit Gopal Paudel",Tinkune,rohit.paudel8240gaushala@random.org
"Asif Dhoj Malla",Baneshwor,asif.malla8241tripureshwor@example.com
"Binod Gopal Rajbanshi",Baneshwor,binod.rajbanshi8242ekantakuna@example.com
"Paras Lal Lamichane",Ekantakuna,paras.lamichane8243jawalakhel@example.com
"Binod Bhagat Seikh",Tripureshwor,binod.seikh8244ekantakuna@test.com
"Lalit Bir Kami",Baneshwor,lalit.kami8245jawalakhel@random.org
"Paras Krishna Lamichane",Tripureshwor,paras.lamichane8246ratnapark@test.com
"Karan Kumar Bhandari",Tripureshwor,karan.bhandari8247tinkune@demo.net
"Rohit Krishna K.C",Gaushala,rohit.k.c8248gaushala@random.org
"Binod Kumar K.C",Jawalakhel,binod.k.c8249gaushala@random.org
"Karan Gopal Malla",Gaushala,karan.malla8250sundhara@mail.com
"Sompal Lal Paudel",Tripureshwor,sompal.paudel8251jawalakhel@random.org
"Binod Krishna Rajbanshi","New Road",binod.rajbanshi8252tripureshwor@mail.com
"Rohit Bhopal Lamichane","New Road",rohit.lamichane8253ekantakuna@example.com
"Kushal Gopal Khadka",Tripureshwor,kushal.khadka8254chabel@demo.net
"Binod Bahadur Lamichane",Ratnapark,binod.lamichane8255ekantakuna@mail.com
"Sompal Bhagat Bhurtel",Tinkune,sompal.bhurtel8256chabel@mail.com
"Asif Gopal Khadka","New Road",asif.khadka8257gaushala@mail.com
"Kushal Krishna Kami",Sundhara,kushal.kami8258baneshwor@example.com
"Lalit Dev Khadka",Tripureshwor,lalit.khadka8259ratnapark@demo.net
"Binod Lal K.C",Tinkune,binod.k.c8260baneshwor@random.org
"Asif Dev Lamichane",Chabel,asif.lamichane8261tripureshwor@example.com
"Binod Bahadur Rajbanshi","New Road",binod.rajbanshi8262jawalakhel@example.com
"Binod Bhopal Khadka","New Road",binod.khadka8263gaushala@random.org
"Sompal Dhoj Bhurtel",Tripureshwor,sompal.bhurtel8264ekantakuna@demo.net
"Sandeep Dhoj Khadka",Baneshwor,sandeep.khadka8265tripureshwor@demo.net
"Arif Krishna Bhandari",Tinkune,arif.bhandari8266tripureshwor@example.com
"Rohit Bahadur Seikh",Tripureshwor,rohit.seikh8267ekantakuna@random.org
"Kushal Lal Khadka",Sundhara,kushal.khadka8268tinkune@demo.net
"Rohit Krishna K.C",Jawalakhel,rohit.k.c8269tripureshwor@demo.net
"Sandeep Bahadur Paudel",Baneshwor,sandeep.paudel8270tripureshwor@mail.com
"Paras Gopal Paudel",Gaushala,paras.paudel8271gaushala@mail.com
"Sompal Gopal Seikh",Jawalakhel,sompal.seikh8272sundhara@random.org
"Arif Bhopal Kami",Gaushala,arif.kami8273gaushala@test.com
"Paras Lal Rajbanshi",Ratnapark,paras.rajbanshi8274jawalakhel@demo.net
"Karan Bir Malla","New Road",karan.malla8275tinkune@test.com
"Sandeep Kumar K.C",Tripureshwor,sandeep.k.c8276tripureshwor@example.com
"Sompal Krishna Malla",Chabel,sompal.malla8277chabel@mail.com
"Sompal Bahadur Seikh",Gaushala,"sompal.seikh8278new road@test.com"
"Sompal Bhopal Paudel","New Road",sompal.paudel8279tinkune@example.com
"Paras Dhoj Malla","New Road",paras.malla8280jawalakhel@random.org
"Paras Dev Rajbanshi",Tripureshwor,paras.rajbanshi8281chabel@demo.net
"Sompal Kumar Kami",Ratnapark,"sompal.kami8282new road@demo.net"
"Asif Bir Lamichane",Baneshwor,asif.lamichane8283tinkune@random.org
"Lalit Dev Kami",Ratnapark,lalit.kami8284ekantakuna@example.com
"Arif Bhopal Khadka",Ekantakuna,arif.khadka8285tripureshwor@random.org
"Binod Kumar Lamichane",Ekantakuna,binod.lamichane8286ratnapark@random.org
"Binod Kumar Seikh","New Road",binod.seikh8287ekantakuna@example.com
"Sompal Kumar Rajbanshi",Tripureshwor,sompal.rajbanshi8288ekantakuna@demo.net
"Arif Bhagat Malla",Gaushala,arif.malla8289ekantakuna@demo.net
"Paras Bir Paudel",Jawalakhel,paras.paudel8290ratnapark@random.org
"Karan Dhoj Kami",Sundhara,karan.kami8291ekantakuna@mail.com
"Paras Krishna Bhurtel",Ratnapark,"paras.bhurtel8292new road@random.org"
"Paras Krishna Kami",Tinkune,paras.kami8293sundhara@random.org
"Sompal Bhagat Rajbanshi",Tripureshwor,sompal.rajbanshi8294gaushala@example.com
"Lalit Kumar Bhurtel",Ekantakuna,"lalit.bhurtel8295new road@example.com"
"Sompal Bahadur Lamichane",Gaushala,sompal.lamichane8296ratnapark@example.com
"Kushal Lal Kami",Tinkune,"kushal.kami8297new road@random.org"
"Karan Lal Bhurtel",Baneshwor,karan.bhurtel8298chabel@test.com
"Arif Kumar Malla",Tinkune,arif.malla8299ratnapark@random.org
"Karan Lal Khadka",Sundhara,karan.khadka8300baneshwor@random.org
"Kushal Kumar Lamichane",Tinkune,kushal.lamichane8301jawalakhel@mail.com
"Kushal Bir Rajbanshi",Ratnapark,"kushal.rajbanshi8302new road@example.com"
"Karan Bir Paudel",Gaushala,karan.paudel8303sundhara@demo.net
"Sandeep Krishna Rajbanshi",Ekantakuna,sandeep.rajbanshi8304ekantakuna@mail.com
"Binod Lal Bhurtel",Ekantakuna,binod.bhurtel8305gaushala@test.com
"Lalit Kumar Bhurtel","New Road",lalit.bhurtel8306chabel@test.com
"Sompal Dev Rajbanshi",Ratnapark,sompal.rajbanshi8307tripureshwor@example.com
"Kushal Krishna Bhurtel",Baneshwor,"kushal.bhurtel8308new road@demo.net"
"Karan Dhoj Rajbanshi",Baneshwor,karan.rajbanshi8309chabel@demo.net
"Lalit Dev Seikh",Sundhara,lalit.seikh8310tripureshwor@demo.net
"Kushal Dhoj Rajbanshi",Ratnapark,kushal.rajbanshi8311gaushala@example.com
"Kushal Bir Bhurtel",Ekantakuna,"kushal.bhurtel8312new road@example.com"
"Asif Bhagat Khadka",Tripureshwor,asif.khadka8313jawalakhel@mail.com
"Sandeep Dev Seikh",Tinkune,sandeep.seikh8314ratnapark@demo.net
"Kushal Dhoj Bhurtel",Ekantakuna,kushal.bhurtel8315sundhara@test.com
"Binod Bhagat Khadka",Sundhara,binod.khadka8316gaushala@example.com
"Sandeep Dhoj Paudel",Baneshwor,"sandeep.paudel8317new road@random.org"
"Binod Gopal Rajbanshi",Sundhara,binod.rajbanshi8318tripureshwor@demo.net
"Sompal Krishna Bhurtel",Ekantakuna,sompal.bhurtel8319chabel@example.com
"Rohit Gopal Bhandari",Ekantakuna,rohit.bhandari8320tripureshwor@test.com
"Sandeep Kumar Lamichane",Tinkune,sandeep.lamichane8321baneshwor@random.org
"Sandeep Bir Paudel",Ekantakuna,sandeep.paudel8322gaushala@example.com
"Sompal Bhopal Bhurtel",Jawalakhel,sompal.bhurtel8323baneshwor@demo.net
"Sandeep Lal Malla",Tinkune,sandeep.malla8324tripureshwor@mail.com
"Sandeep Bhopal Lamichane",Jawalakhel,sandeep.lamichane8325ekantakuna@mail.com
"Asif Lal Rajbanshi",Ekantakuna,asif.rajbanshi8326sundhara@demo.net
"Asif Bahadur Paudel",Sundhara,asif.paudel8327ekantakuna@test.com
"Arif Dev Bhurtel",Gaushala,arif.bhurtel8328gaushala@random.org
"Paras Dhoj Rajbanshi",Baneshwor,paras.rajbanshi8329baneshwor@mail.com
"Asif Dev Malla",Chabel,asif.malla8330jawalakhel@mail.com
"Karan Krishna Khadka",Jawalakhel,karan.khadka8331sundhara@demo.net
"Binod Bhopal Khadka",Tripureshwor,binod.khadka8332chabel@test.com
"Sandeep Dev Malla",Gaushala,sandeep.malla8333chabel@mail.com
"Kushal Bhagat Paudel",Baneshwor,"kushal.paudel8334new road@example.com"
"Kushal Dhoj Malla",Baneshwor,kushal.malla8335jawalakhel@example.com
"Asif Krishna Bhandari",Chabel,asif.bhandari8336ratnapark@random.org
"Asif Krishna Lamichane",Ekantakuna,asif.lamichane8337ratnapark@demo.net
"Asif Lal Lamichane",Tripureshwor,asif.lamichane8338ratnapark@test.com
"Rohit Bhopal Seikh",Tripureshwor,rohit.seikh8339ekantakuna@random.org
"Sompal Bhopal Rajbanshi",Tripureshwor,sompal.rajbanshi8340gaushala@demo.net
"Rohit Dev K.C",Ratnapark,rohit.k.c8341chabel@random.org
"Binod Gopal Kami",Sundhara,binod.kami8342gaushala@demo.net
"Rohit Kumar Khadka",Sundhara,rohit.khadka8343chabel@demo.net
"Sandeep Krishna Malla",Sundhara,sandeep.malla8344tinkune@demo.net
"Sandeep Bhagat Paudel","New Road",sandeep.paudel8345chabel@example.com
"Sompal Gopal Lamichane",Ratnapark,sompal.lamichane8346jawalakhel@mail.com
"Sandeep Kumar K.C",Chabel,sandeep.k.c8347jawalakhel@random.org
"Paras Gopal Bhandari",Chabel,paras.bhandari8348baneshwor@demo.net
"Karan Kumar Seikh",Gaushala,karan.seikh8349jawalakhel@test.com
"Paras Bhopal Khadka",Chabel,paras.khadka8350ekantakuna@demo.net
"Arif Bir Lamichane","New Road",arif.lamichane8351sundhara@random.org
"Lalit Gopal K.C",Gaushala,lalit.k.c8352sundhara@example.com
"Asif Kumar Paudel",Chabel,asif.paudel8353tripureshwor@demo.net
"Arif Lal Paudel",Sundhara,arif.paudel8354jawalakhel@demo.net
"Lalit Bahadur Rajbanshi",Ratnapark,lalit.rajbanshi8355chabel@mail.com
"Sompal Bir Khadka",Jawalakhel,sompal.khadka8356sundhara@test.com
"Karan Bahadur Paudel",Chabel,"karan.paudel8357new road@mail.com"
"Kushal Bahadur Rajbanshi",Gaushala,kushal.rajbanshi8358baneshwor@mail.com
"Lalit Bir Khadka",Ekantakuna,lalit.khadka8359ekantakuna@mail.com
"Asif Bahadur Seikh",Jawalakhel,asif.seikh8360tripureshwor@mail.com
"Lalit Gopal Seikh",Ratnapark,lalit.seikh8361baneshwor@random.org
"Sompal Dhoj Paudel",Chabel,sompal.paudel8362ekantakuna@test.com
"Arif Bir Bhandari",Baneshwor,arif.bhandari8363ekantakuna@mail.com
"Sandeep Bahadur Lamichane",Tinkune,sandeep.lamichane8364sundhara@test.com
"Rohit Dhoj Lamichane",Tinkune,rohit.lamichane8365ratnapark@mail.com
"Paras Bahadur Kami",Jawalakhel,paras.kami8366ekantakuna@test.com
"Rohit Bir Kami",Tripureshwor,rohit.kami8367chabel@random.org
"Sompal Kumar Seikh",Jawalakhel,sompal.seikh8368gaushala@mail.com
"Sandeep Lal Khadka",Baneshwor,sandeep.khadka8369jawalakhel@demo.net
"Asif Lal Bhandari",Sundhara,asif.bhandari8370chabel@demo.net
"Paras Kumar Bhandari","New Road",paras.bhandari8371gaushala@example.com
"Kushal Gopal Malla",Ratnapark,kushal.malla8372baneshwor@example.com
"Paras Kumar Khadka",Jawalakhel,paras.khadka8373ekantakuna@mail.com
"Arif Bahadur K.C",Ekantakuna,arif.k.c8374tinkune@random.org
"Kushal Lal Bhandari",Ekantakuna,kushal.bhandari8375gaushala@mail.com
"Lalit Gopal K.C",Ekantakuna,lalit.k.c8376ekantakuna@demo.net
"Binod Bhopal K.C",Gaushala,binod.k.c8377tinkune@mail.com
"Kushal Bir Lamichane",Chabel,kushal.lamichane8378ekantakuna@test.com
"Paras Lal Rajbanshi",Tinkune,paras.rajbanshi8379ratnapark@mail.com
"Paras Lal Rajbanshi",Ratnapark,paras.rajbanshi8380chabel@test.com
"Lalit Lal Khadka",Baneshwor,lalit.khadka8381baneshwor@test.com
"Arif Dev K.C",Baneshwor,arif.k.c8382sundhara@example.com
"Sompal Bhagat Khadka",Tinkune,sompal.khadka8383tripureshwor@mail.com
"Asif Kumar Khadka",Baneshwor,asif.khadka8384baneshwor@random.org
"Sompal Gopal Malla",Gaushala,sompal.malla8385baneshwor@test.com
"Sompal Bhagat Malla",Tinkune,"sompal.malla8386new road@test.com"
"Rohit Lal Bhurtel",Tinkune,rohit.bhurtel8387sundhara@test.com
"Karan Bir K.C",Ratnapark,karan.k.c8388jawalakhel@demo.net
"Rohit Dhoj K.C",Gaushala,rohit.k.c8389chabel@demo.net
"Sandeep Bir Kami",Ratnapark,sandeep.kami8390ratnapark@random.org
"Sandeep Bhopal Lamichane",Jawalakhel,sandeep.lamichane8391gaushala@random.org
"Sandeep Bir Lamichane",Chabel,sandeep.lamichane8392ratnapark@test.com
"Asif Bhagat Lamichane",Tinkune,asif.lamichane8393tripureshwor@test.com
"Binod Dhoj Khadka",Ekantakuna,binod.khadka8394tripureshwor@demo.net
"Arif Bahadur Bhurtel",Ekantakuna,arif.bhurtel8395chabel@example.com
"Arif Bhagat K.C","New Road",arif.k.c8396gaushala@example.com
"Sandeep Lal K.C",Jawalakhel,sandeep.k.c8397ratnapark@demo.net
"Asif Lal Bhurtel","New Road",asif.bhurtel8398gaushala@random.org
"Arif Lal Lamichane",Chabel,arif.lamichane8399tripureshwor@mail.com
"Binod Kumar Rajbanshi",Gaushala,binod.rajbanshi8400tripureshwor@random.org
"Binod Bhagat Bhurtel",Sundhara,"binod.bhurtel8401new road@random.org"
"Binod Kumar Bhandari",Jawalakhel,binod.bhandari8402jawalakhel@test.com
"Asif Dev Bhurtel",Tripureshwor,asif.bhurtel8403chabel@random.org
"Sandeep Bhagat Kami",Chabel,sandeep.kami8404tripureshwor@example.com
"Arif Gopal Khadka","New Road",arif.khadka8405chabel@mail.com
"Kushal Kumar Lamichane",Jawalakhel,kushal.lamichane8406gaushala@example.com
"Lalit Gopal Malla","New Road","lalit.malla8407new road@mail.com"
"Lalit Dev Seikh",Jawalakhel,"lalit.seikh8408new road@random.org"
"Arif Dev Paudel",Baneshwor,arif.paudel8409tripureshwor@random.org
"Karan Gopal Seikh","New Road",karan.seikh8410jawalakhel@example.com
"Karan Gopal Seikh",Ratnapark,karan.seikh8411ekantakuna@example.com
"Sompal Bahadur K.C",Ekantakuna,"sompal.k.c8412new road@mail.com"
"Karan Lal Khadka",Ekantakuna,karan.khadka8413chabel@random.org
"Lalit Gopal Rajbanshi",Tinkune,lalit.rajbanshi8414tinkune@example.com
"Asif Gopal Bhandari",Ekantakuna,"asif.bhandari8415new road@random.org"
"Rohit Lal Lamichane",Baneshwor,rohit.lamichane8416jawalakhel@mail.com
"Sompal Lal Khadka",Gaushala,sompal.khadka8417baneshwor@demo.net
"Binod Dhoj Rajbanshi",Baneshwor,binod.rajbanshi8418ekantakuna@test.com
"Rohit Krishna Paudel",Sundhara,rohit.paudel8419jawalakhel@demo.net
"Paras Lal Bhurtel",Tinkune,paras.bhurtel8420ekantakuna@random.org
"Sandeep Bhagat Seikh",Ekantakuna,sandeep.seikh8421baneshwor@test.com
"Karan Bahadur Kami",Tripureshwor,karan.kami8422tinkune@example.com
"Kushal Bhopal Kami",Sundhara,kushal.kami8423chabel@demo.net
"Paras Bahadur Lamichane",Ratnapark,paras.lamichane8424tinkune@demo.net
"Sandeep Bhagat Bhurtel",Gaushala,sandeep.bhurtel8425tinkune@example.com
"Kushal Dhoj Lamichane",Baneshwor,kushal.lamichane8426chabel@mail.com
"Lalit Dev Paudel",Tinkune,lalit.paudel8427tinkune@example.com
"Paras Bahadur Lamichane",Gaushala,paras.lamichane8428chabel@mail.com
"Rohit Dhoj Bhurtel",Sundhara,"rohit.bhurtel8429new road@demo.net"
"Sandeep Dhoj Seikh",Jawalakhel,sandeep.seikh8430tripureshwor@example.com
"Paras Gopal Paudel",Ekantakuna,paras.paudel8431sundhara@random.org
"Karan Krishna Rajbanshi",Gaushala,karan.rajbanshi8432ekantakuna@example.com
"Sandeep Kumar Bhandari",Gaushala,sandeep.bhandari8433tripureshwor@example.com
"Kushal Dev Lamichane",Tripureshwor,kushal.lamichane8434gaushala@mail.com
"Karan Dhoj Rajbanshi",Ekantakuna,karan.rajbanshi8435tinkune@test.com
"Karan Bhopal Lamichane","New Road",karan.lamichane8436sundhara@demo.net
"Asif Bhopal Lamichane",Tinkune,asif.lamichane8437ratnapark@test.com
"Arif Bhagat Malla",Tripureshwor,arif.malla8438tripureshwor@example.com
"Lalit Lal Paudel",Sundhara,lalit.paudel8439jawalakhel@random.org
"Rohit Dhoj Kami",Tinkune,rohit.kami8440ratnapark@example.com
"Karan Bir Bhurtel",Tinkune,karan.bhurtel8441chabel@mail.com
"Lalit Kumar Malla",Tinkune,lalit.malla8442ekantakuna@test.com
"Kushal Dhoj Rajbanshi",Ratnapark,kushal.rajbanshi8443ekantakuna@example.com
"Asif Bhagat Lamichane",Ratnapark,asif.lamichane8444baneshwor@demo.net
"Karan Kumar Bhurtel",Baneshwor,karan.bhurtel8445sundhara@test.com
"Sompal Kumar Lamichane",Tinkune,sompal.lamichane8446ratnapark@random.org
"Sompal Krishna Lamichane",Tinkune,sompal.lamichane8447gaushala@random.org
"Kushal Bir Bhandari",Chabel,kushal.bhandari8448gaushala@example.com
"Kushal Dhoj Khadka",Tripureshwor,kushal.khadka8449baneshwor@test.com
"Rohit Lal Seikh",Ekantakuna,rohit.seikh8450tripureshwor@random.org
"Sompal Gopal Seikh",Chabel,sompal.seikh8451gaushala@demo.net
"Rohit Bhopal Bhandari",Tinkune,rohit.bhandari8452tripureshwor@random.org
"Rohit Bir Khadka",Chabel,"rohit.khadka8453new road@random.org"
"Sandeep Bir Lamichane",Ratnapark,sandeep.lamichane8454baneshwor@demo.net
"Rohit Lal Lamichane",Tripureshwor,rohit.lamichane8455tripureshwor@random.org
"Rohit Dhoj Bhurtel",Jawalakhel,rohit.bhurtel8456tripureshwor@test.com
"Sandeep Krishna Malla",Chabel,sandeep.malla8457gaushala@mail.com
"Rohit Bhopal Kami",Gaushala,rohit.kami8458ekantakuna@random.org
"Karan Bir Paudel",Tripureshwor,karan.paudel8459sundhara@random.org
"Lalit Bhopal Kami",Tripureshwor,"lalit.kami8460new road@example.com"
"Paras Gopal K.C",Tinkune,paras.k.c8461tinkune@example.com
"Sompal Kumar Bhandari",Sundhara,sompal.bhandari8462tinkune@mail.com
"Binod Dhoj Bhandari","New Road",binod.bhandari8463ekantakuna@demo.net
"Sompal Bhagat Bhurtel",Gaushala,sompal.bhurtel8464tripureshwor@example.com
"Sompal Bir Kami",Baneshwor,sompal.kami8465chabel@example.com
"Sompal Lal Paudel",Ratnapark,sompal.paudel8466chabel@mail.com
"Asif Dev Paudel",Gaushala,asif.paudel8467tripureshwor@random.org
"Karan Bir Kami",Jawalakhel,"karan.kami8468new road@demo.net"
"Karan Bhopal Khadka",Baneshwor,karan.khadka8469tripureshwor@mail.com
"Paras Lal K.C",Chabel,paras.k.c8470sundhara@mail.com
"Arif Krishna Bhandari",Tinkune,arif.bhandari8471ratnapark@random.org
"Paras Lal K.C","New Road",paras.k.c8472ratnapark@demo.net
"Binod Lal Kami",Sundhara,"binod.kami8473new road@random.org"
"Kushal Bir Seikh",Ekantakuna,kushal.seikh8474ratnapark@mail.com
"Lalit Lal Kami",Tripureshwor,lalit.kami8475jawalakhel@demo.net
"Binod Bhagat Paudel",Jawalakhel,binod.paudel8476baneshwor@mail.com
"Sompal Kumar Kami",Sundhara,sompal.kami8477tripureshwor@example.com
"Sompal Kumar Kami",Gaushala,sompal.kami8478tripureshwor@mail.com
"Sompal Gopal Kami","New Road",sompal.kami8479baneshwor@example.com
"Karan Bhopal Khadka",Tinkune,karan.khadka8480sundhara@example.com
"Binod Krishna Seikh",Gaushala,binod.seikh8481gaushala@random.org
"Kushal Lal Malla",Jawalakhel,kushal.malla8482baneshwor@mail.com
"Lalit Bhopal Bhandari",Baneshwor,lalit.bhandari8483tinkune@mail.com
"Lalit Bhopal Seikh",Baneshwor,lalit.seikh8484gaushala@example.com
"Sandeep Gopal Kami",Chabel,"sandeep.kami8485new road@example.com"
"Arif Bahadur Rajbanshi",Baneshwor,arif.rajbanshi8486chabel@example.com
"Asif Kumar Kami",Baneshwor,asif.kami8487tripureshwor@random.org
"Kushal Bhopal Bhurtel",Jawalakhel,kushal.bhurtel8488ekantakuna@test.com
"Sandeep Lal Paudel",Baneshwor,sandeep.paudel8489gaushala@mail.com
"Paras Lal K.C",Jawalakhel,paras.k.c8490jawalakhel@random.org
"Binod Bhagat Kami",Gaushala,binod.kami8491baneshwor@demo.net
"Arif Dhoj Paudel",Ekantakuna,arif.paudel8492chabel@random.org
"Rohit Gopal Seikh",Ekantakuna,"rohit.seikh8493new road@mail.com"
"Rohit Bir Lamichane",Tripureshwor,rohit.lamichane8494baneshwor@demo.net
"Arif Krishna Paudel",Ekantakuna,arif.paudel8495sundhara@random.org
"Asif Kumar Malla",Ratnapark,asif.malla8496baneshwor@mail.com
"Rohit Lal Bhandari","New Road",rohit.bhandari8497chabel@example.com
"Sompal Krishna Rajbanshi",Ratnapark,sompal.rajbanshi8498ratnapark@example.com
"Binod Bahadur K.C",Gaushala,binod.k.c8499gaushala@mail.com
"Karan Bhopal Seikh",Jawalakhel,karan.seikh8500jawalakhel@mail.com
"Rohit Bhopal Kami",Sundhara,rohit.kami8501jawalakhel@mail.com
"Asif Gopal Kami",Ratnapark,asif.kami8502chabel@example.com
"Kushal Bhopal Malla",Tinkune,"kushal.malla8503new road@test.com"
"Asif Dev Malla","New Road",asif.malla8504tripureshwor@demo.net
"Asif Krishna Seikh",Baneshwor,asif.seikh8505ekantakuna@example.com
"Lalit Krishna Rajbanshi",Sundhara,lalit.rajbanshi8506sundhara@example.com
"Lalit Krishna Bhurtel",Baneshwor,lalit.bhurtel8507tripureshwor@demo.net
"Sompal Bahadur Paudel","New Road",sompal.paudel8508tripureshwor@random.org
"Sandeep Bahadur Rajbanshi",Sundhara,"sandeep.rajbanshi8509new road@test.com"
"Karan Dev Rajbanshi",Ekantakuna,karan.rajbanshi8510ekantakuna@example.com
"Kushal Kumar Paudel",Chabel,kushal.paudel8511baneshwor@example.com
"Sandeep Krishna Bhurtel",Sundhara,"sandeep.bhurtel8512new road@random.org"
"Sandeep Gopal Bhandari",Gaushala,"sandeep.bhandari8513new road@random.org"
"Karan Krishna K.C",Sundhara,karan.k.c8514chabel@mail.com
"Paras Bahadur K.C",Ekantakuna,paras.k.c8515gaushala@mail.com
"Kushal Bir Malla",Jawalakhel,kushal.malla8516sundhara@mail.com
"Arif Lal Rajbanshi",Gaushala,arif.rajbanshi8517chabel@example.com
"Sompal Bahadur Khadka",Ratnapark,sompal.khadka8518ratnapark@demo.net
"Paras Bahadur Paudel","New Road",paras.paudel8519jawalakhel@demo.net
"Paras Dhoj Khadka",Ratnapark,paras.khadka8520chabel@example.com
"Paras Dev Kami",Jawalakhel,paras.kami8521tinkune@demo.net
"Arif Bir Lamichane",Baneshwor,arif.lamichane8522gaushala@test.com
"Binod Bahadur Bhurtel",Tinkune,binod.bhurtel8523sundhara@random.org
"Karan Bhopal Malla",Ekantakuna,karan.malla8524chabel@demo.net
"Binod Kumar Khadka",Sundhara,binod.khadka8525tripureshwor@random.org
"Arif Bahadur K.C",Chabel,arif.k.c8526chabel@example.com
"Paras Dhoj Seikh",Chabel,paras.seikh8527tripureshwor@example.com
"Kushal Gopal Malla",Ekantakuna,kushal.malla8528jawalakhel@example.com
"Arif Bahadur Kami",Tripureshwor,arif.kami8529tripureshwor@random.org
"Asif Dhoj Kami",Tripureshwor,asif.kami8530chabel@test.com
"Paras Krishna K.C",Baneshwor,paras.k.c8531gaushala@demo.net
"Asif Dev Seikh",Gaushala,asif.seikh8532jawalakhel@random.org
"Lalit Lal Paudel",Chabel,lalit.paudel8533ratnapark@demo.net
"Kushal Bahadur Bhurtel",Tinkune,kushal.bhurtel8534tinkune@random.org
"Asif Bahadur Bhandari",Ekantakuna,asif.bhandari8535sundhara@mail.com
"Karan Krishna Lamichane",Ratnapark,karan.lamichane8536tinkune@example.com
"Asif Bhopal K.C",Tripureshwor,asif.k.c8537baneshwor@test.com
"Sandeep Bhagat Bhandari","New Road",sandeep.bhandari8538tinkune@example.com
"Asif Krishna K.C",Gaushala,asif.k.c8539jawalakhel@mail.com
"Rohit Krishna Bhurtel","New Road",rohit.bhurtel8540baneshwor@random.org
"Paras Kumar Rajbanshi",Jawalakhel,paras.rajbanshi8541gaushala@random.org
"Arif Gopal Khadka",Chabel,arif.khadka8542tripureshwor@demo.net
"Paras Bir Kami",Sundhara,"paras.kami8543new road@demo.net"
"Karan Dhoj Rajbanshi",Chabel,karan.rajbanshi8544ratnapark@example.com
"Paras Krishna Lamichane",Ekantakuna,paras.lamichane8545gaushala@mail.com
"Binod Bahadur Bhurtel",Gaushala,binod.bhurtel8546baneshwor@mail.com
"Rohit Bhagat Rajbanshi",Chabel,rohit.rajbanshi8547sundhara@mail.com
"Kushal Bir Lamichane",Tinkune,kushal.lamichane8548chabel@test.com
"Asif Dhoj Khadka",Ekantakuna,"asif.khadka8549new road@test.com"
"Sompal Gopal Bhandari",Tinkune,sompal.bhandari8550jawalakhel@test.com
"Karan Bhopal Kami",Jawalakhel,karan.kami8551gaushala@example.com
"Arif Bhopal Bhandari",Ekantakuna,arif.bhandari8552ekantakuna@demo.net
"Binod Gopal Khadka",Ekantakuna,binod.khadka8553tripureshwor@mail.com
"Karan Dhoj K.C",Chabel,karan.k.c8554baneshwor@test.com
"Paras Krishna Khadka",Jawalakhel,paras.khadka8555tripureshwor@test.com
"Sompal Bir Khadka",Ekantakuna,sompal.khadka8556ekantakuna@demo.net
"Lalit Lal Lamichane","New Road",lalit.lamichane8557gaushala@demo.net
"Asif Bhopal Bhurtel",Gaushala,asif.bhurtel8558sundhara@random.org
"Rohit Bir Lamichane",Jawalakhel,rohit.lamichane8559tinkune@demo.net
"Arif Dev Kami",Tinkune,arif.kami8560chabel@demo.net
"Lalit Krishna Khadka",Tripureshwor,lalit.khadka8561gaushala@example.com
"Rohit Krishna Malla",Ekantakuna,rohit.malla8562ekantakuna@mail.com
"Lalit Gopal Lamichane",Ekantakuna,lalit.lamichane8563tripureshwor@mail.com
"Karan Lal Bhurtel",Jawalakhel,karan.bhurtel8564jawalakhel@random.org
"Sompal Bhagat Khadka",Tinkune,sompal.khadka8565chabel@example.com
"Sompal Kumar Kami",Tinkune,sompal.kami8566jawalakhel@test.com
"Sompal Bhagat Malla",Gaushala,sompal.malla8567ratnapark@test.com
"Paras Krishna Bhurtel",Ekantakuna,paras.bhurtel8568chabel@example.com
"Sandeep Dhoj Khadka",Sundhara,sandeep.khadka8569gaushala@mail.com
"Rohit Bhopal Bhandari",Sundhara,rohit.bhandari8570jawalakhel@demo.net
"Kushal Lal Seikh",Chabel,kushal.seikh8571baneshwor@example.com
"Paras Dev Seikh",Jawalakhel,paras.seikh8572chabel@test.com
"Rohit Kumar Kami",Sundhara,rohit.kami8573chabel@demo.net
"Paras Bir Malla",Tinkune,paras.malla8574ekantakuna@example.com
"Lalit Dev Paudel",Ekantakuna,lalit.paudel8575ekantakuna@random.org
"Kushal Bhopal Khadka",Chabel,"kushal.khadka8576new road@demo.net"
"Rohit Kumar Kami",Jawalakhel,rohit.kami8577jawalakhel@example.com
"Paras Dev Lamichane","New Road",paras.lamichane8578tripureshwor@example.com
"Binod Dhoj Kami","New Road",binod.kami8579ekantakuna@demo.net
"Karan Bhopal Paudel",Ekantakuna,karan.paudel8580baneshwor@demo.net
"Lalit Bahadur K.C",Sundhara,lalit.k.c8581chabel@test.com
"Sandeep Dev Rajbanshi",Tripureshwor,sandeep.rajbanshi8582ekantakuna@example.com
"Kushal Dev Kami",Tripureshwor,"kushal.kami8583new road@test.com"
"Karan Dev Bhurtel",Chabel,karan.bhurtel8584chabel@test.com
"Arif Bhopal Bhurtel",Tripureshwor,arif.bhurtel8585sundhara@demo.net
"Kushal Bhopal Seikh",Ekantakuna,kushal.seikh8586ratnapark@test.com
"Asif Dhoj Lamichane",Tripureshwor,"asif.lamichane8587new road@example.com"
"Sandeep Bahadur Bhurtel",Sundhara,sandeep.bhurtel8588jawalakhel@random.org
"Karan Kumar K.C",Chabel,karan.k.c8589ekantakuna@demo.net
"Asif Lal Seikh",Gaushala,asif.seikh8590jawalakhel@random.org
"Asif Gopal Malla","New Road",asif.malla8591baneshwor@random.org
"Binod Lal Rajbanshi",Jawalakhel,binod.rajbanshi8592ekantakuna@demo.net
"Karan Gopal Lamichane",Gaushala,karan.lamichane8593jawalakhel@random.org
"Lalit Lal Bhurtel",Tinkune,lalit.bhurtel8594baneshwor@mail.com
"Kushal Dev Kami",Baneshwor,kushal.kami8595gaushala@random.org
"Sompal Gopal Bhandari",Baneshwor,sompal.bhandari8596ekantakuna@example.com
"Kushal Lal Bhandari","New Road",kushal.bhandari8597ekantakuna@test.com
"Arif Krishna Malla",Ratnapark,arif.malla8598tinkune@mail.com
"Binod Bir Lamichane",Tinkune,binod.lamichane8599baneshwor@example.com
"Paras Gopal Kami",Sundhara,paras.kami8600chabel@random.org
"Arif Gopal Paudel",Tinkune,arif.paudel8601sundhara@test.com
"Sandeep Bahadur Khadka",Tinkune,sandeep.khadka8602chabel@example.com
"Binod Bhopal Rajbanshi","New Road",binod.rajbanshi8603ratnapark@random.org
"Kushal Dhoj Paudel","New Road",kushal.paudel8604ekantakuna@mail.com
"Asif Krishna Paudel",Jawalakhel,asif.paudel8605gaushala@test.com
"Karan Bhopal Kami","New Road",karan.kami8606ekantakuna@random.org
"Sandeep Gopal Bhandari",Jawalakhel,sandeep.bhandari8607gaushala@example.com
"Sandeep Krishna Paudel",Tinkune,sandeep.paudel8608tripureshwor@test.com
"Kushal Bhagat Khadka",Gaushala,kushal.khadka8609tripureshwor@demo.net
"Karan Bir Paudel",Tripureshwor,karan.paudel8610ekantakuna@mail.com
"Kushal Bir Malla",Tinkune,kushal.malla8611chabel@random.org
"Sandeep Lal Khadka",Chabel,sandeep.khadka8612sundhara@mail.com
"Sompal Kumar Seikh",Jawalakhel,sompal.seikh8613chabel@mail.com
"Arif Bahadur Bhurtel",Tripureshwor,arif.bhurtel8614chabel@random.org
"Paras Krishna Paudel",Ratnapark,paras.paudel8615baneshwor@test.com
"Karan Bahadur Malla",Chabel,karan.malla8616gaushala@mail.com
"Kushal Dev Bhandari",Tinkune,kushal.bhandari8617jawalakhel@random.org
"Lalit Dev Bhurtel","New Road",lalit.bhurtel8618sundhara@demo.net
"Binod Bahadur Bhandari",Sundhara,binod.bhandari8619sundhara@mail.com
"Asif Bahadur Lamichane",Ekantakuna,asif.lamichane8620baneshwor@demo.net
"Sompal Gopal Bhandari","New Road",sompal.bhandari8621sundhara@random.org
"Asif Lal Bhandari",Jawalakhel,asif.bhandari8622ratnapark@mail.com
"Binod Bhopal Paudel",Jawalakhel,binod.paudel8623ekantakuna@mail.com
"Binod Kumar Malla",Ratnapark,binod.malla8624ratnapark@random.org
"Kushal Krishna Seikh","New Road",kushal.seikh8625tripureshwor@example.com
"Kushal Bahadur K.C","New Road",kushal.k.c8626tripureshwor@example.com
"Sompal Bhagat Khadka",Tripureshwor,sompal.khadka8627jawalakhel@random.org
"Asif Dhoj K.C",Sundhara,asif.k.c8628tinkune@mail.com
"Lalit Lal Malla",Baneshwor,lalit.malla8629baneshwor@example.com
"Kushal Lal Malla",Baneshwor,kushal.malla8630baneshwor@test.com
"Binod Kumar Khadka","New Road",binod.khadka8631chabel@demo.net
"Asif Lal Paudel",Chabel,asif.paudel8632baneshwor@mail.com
"Paras Bhopal Lamichane",Tripureshwor,paras.lamichane8633tripureshwor@example.com
"Arif Bahadur K.C",Tinkune,arif.k.c8634tinkune@example.com
"Kushal Bahadur Bhurtel",Ekantakuna,kushal.bhurtel8635tinkune@example.com
"Paras Lal Lamichane",Ratnapark,paras.lamichane8636chabel@demo.net
"Arif Dhoj Rajbanshi",Ekantakuna,arif.rajbanshi8637sundhara@demo.net
"Sompal Kumar Malla",Tripureshwor,sompal.malla8638tinkune@test.com
"Kushal Bhagat Malla",Tinkune,kushal.malla8639jawalakhel@test.com
"Asif Krishna Khadka",Chabel,asif.khadka8640tinkune@random.org
"Kushal Krishna Paudel",Jawalakhel,kushal.paudel8641gaushala@random.org
"Binod Dhoj Lamichane",Sundhara,binod.lamichane8642gaushala@mail.com
"Karan Krishna Malla",Sundhara,karan.malla8643jawalakhel@demo.net
"Lalit Lal Seikh",Jawalakhel,lalit.seikh8644chabel@example.com
"Binod Bahadur Bhandari",Ratnapark,binod.bhandari8645sundhara@test.com
"Arif Bhagat Kami",Jawalakhel,arif.kami8646tinkune@random.org
"Lalit Krishna Lamichane",Baneshwor,lalit.lamichane8647baneshwor@mail.com
"Karan Lal Bhandari",Sundhara,karan.bhandari8648chabel@test.com
"Binod Dev Paudel",Tinkune,binod.paudel8649baneshwor@example.com
"Asif Bhagat Seikh","New Road",asif.seikh8650jawalakhel@test.com
"Rohit Bahadur Bhurtel",Baneshwor,rohit.bhurtel8651gaushala@mail.com
"Sompal Bir Lamichane",Ratnapark,sompal.lamichane8652ekantakuna@example.com
"Binod Krishna Kami",Baneshwor,binod.kami8653ratnapark@mail.com
"Arif Dhoj Malla",Baneshwor,"arif.malla8654new road@random.org"
"Sandeep Krishna Lamichane",Ekantakuna,sandeep.lamichane8655ratnapark@demo.net
"Rohit Bhopal Paudel","New Road","rohit.paudel8656new road@example.com"
"Sompal Bhagat Kami",Tripureshwor,sompal.kami8657tripureshwor@test.com
"Sandeep Dhoj Malla",Chabel,"sandeep.malla8658new road@test.com"
"Rohit Krishna K.C","New Road",rohit.k.c8659ratnapark@random.org
"Rohit Bahadur K.C",Baneshwor,"rohit.k.c8660new road@test.com"
"Asif Bahadur Lamichane",Ekantakuna,asif.lamichane8661sundhara@demo.net
"Asif Dhoj Bhandari",Ratnapark,asif.bhandari8662ekantakuna@example.com
"Karan Bhopal Khadka",Sundhara,karan.khadka8663chabel@demo.net
"Rohit Bir Paudel",Tinkune,rohit.paudel8664baneshwor@random.org
"Arif Krishna Rajbanshi",Tripureshwor,arif.rajbanshi8665tinkune@example.com
"Karan Bahadur Seikh",Tinkune,karan.seikh8666tinkune@test.com
"Sandeep Bahadur Lamichane",Tripureshwor,sandeep.lamichane8667sundhara@test.com
"Karan Bhagat Rajbanshi",Jawalakhel,karan.rajbanshi8668gaushala@demo.net
"Asif Krishna Rajbanshi","New Road",asif.rajbanshi8669gaushala@random.org
"Karan Bhopal K.C",Ratnapark,karan.k.c8670jawalakhel@mail.com
"Arif Lal Kami",Ratnapark,arif.kami8671ekantakuna@random.org
"Rohit Bhagat Paudel",Ekantakuna,"rohit.paudel8672new road@example.com"
"Karan Bahadur Paudel",Tinkune,karan.paudel8673gaushala@demo.net
"Asif Bhagat Kami",Gaushala,asif.kami8674ekantakuna@example.com
"Binod Bhopal Seikh",Tripureshwor,binod.seikh8675tinkune@demo.net
"Sandeep Bhagat Bhurtel","New Road",sandeep.bhurtel8676tinkune@mail.com
"Kushal Bahadur Seikh",Tripureshwor,kushal.seikh8677tinkune@random.org
"Sompal Krishna Malla",Chabel,sompal.malla8678tinkune@test.com
"Sandeep Gopal Khadka",Gaushala,"sandeep.khadka8679new road@test.com"
"Rohit Bhagat Seikh",Chabel,rohit.seikh8680ekantakuna@example.com
"Sompal Krishna Seikh",Tripureshwor,sompal.seikh8681gaushala@mail.com
"Paras Bhopal Paudel",Chabel,paras.paudel8682chabel@mail.com
"Lalit Dhoj Lamichane",Chabel,lalit.lamichane8683ratnapark@random.org
"Sandeep Dev Rajbanshi",Tripureshwor,sandeep.rajbanshi8684tinkune@test.com
"Paras Bir Khadka",Baneshwor,paras.khadka8685tripureshwor@example.com
"Sandeep Bhopal K.C",Tripureshwor,"sandeep.k.c8686new road@test.com"
"Rohit Bhagat Paudel",Ratnapark,rohit.paudel8687baneshwor@example.com
"Lalit Dhoj Rajbanshi","New Road",lalit.rajbanshi8688sundhara@test.com
"Kushal Bhagat Khadka",Tripureshwor,kushal.khadka8689sundhara@test.com
"Arif Bhopal Bhurtel",Tripureshwor,arif.bhurtel8690tripureshwor@mail.com
"Asif Kumar Khadka",Ekantakuna,asif.khadka8691tripureshwor@demo.net
"Sompal Dev Bhandari",Tinkune,sompal.bhandari8692ratnapark@test.com
"Sompal Krishna Bhandari",Gaushala,sompal.bhandari8693ratnapark@random.org
"Rohit Kumar Lamichane",Tinkune,rohit.lamichane8694jawalakhel@test.com
"Arif Gopal Paudel",Tripureshwor,arif.paudel8695jawalakhel@example.com
"Rohit Dhoj Lamichane","New Road",rohit.lamichane8696sundhara@demo.net
"Asif Dhoj Seikh",Ratnapark,asif.seikh8697ratnapark@example.com
"Paras Dev Rajbanshi",Ekantakuna,paras.rajbanshi8698tripureshwor@demo.net
"Lalit Bhagat Bhurtel",Tripureshwor,lalit.bhurtel8699gaushala@random.org
"Sompal Bhopal Kami",Baneshwor,sompal.kami8700sundhara@random.org
"Arif Dev Khadka",Gaushala,arif.khadka8701tinkune@mail.com
"Rohit Kumar Khadka",Sundhara,rohit.khadka8702jawalakhel@random.org
"Binod Lal Khadka",Baneshwor,"binod.khadka8703new road@test.com"
"Sompal Bhopal Bhurtel",Gaushala,sompal.bhurtel8704ratnapark@example.com
"Paras Bhopal Bhurtel",Sundhara,paras.bhurtel8705baneshwor@example.com
"Kushal Gopal Seikh",Sundhara,kushal.seikh8706gaushala@mail.com
"Karan Kumar Bhandari",Sundhara,karan.bhandari8707tripureshwor@mail.com
"Sompal Bhagat Rajbanshi","New Road",sompal.rajbanshi8708jawalakhel@example.com
"Sandeep Dhoj Lamichane",Tinkune,sandeep.lamichane8709gaushala@mail.com
"Arif Bhagat Bhandari",Tripureshwor,arif.bhandari8710tripureshwor@example.com
"Kushal Kumar Khadka",Baneshwor,kushal.khadka8711sundhara@test.com
"Sandeep Bhopal Paudel",Ratnapark,"sandeep.paudel8712new road@demo.net"
"Kushal Bir Malla",Chabel,"kushal.malla8713new road@example.com"
"Arif Bir Seikh",Chabel,arif.seikh8714ratnapark@random.org
"Lalit Krishna Rajbanshi",Jawalakhel,lalit.rajbanshi8715jawalakhel@test.com
"Rohit Dhoj Khadka",Jawalakhel,rohit.khadka8716tinkune@random.org
"Asif Kumar Bhandari",Ekantakuna,asif.bhandari8717sundhara@test.com
"Arif Krishna Bhurtel",Sundhara,arif.bhurtel8718ratnapark@mail.com
"Lalit Kumar Seikh",Ekantakuna,lalit.seikh8719tinkune@random.org
"Binod Bhopal Bhurtel",Gaushala,binod.bhurtel8720gaushala@demo.net
"Asif Kumar Rajbanshi",Ekantakuna,asif.rajbanshi8721ekantakuna@mail.com
"Sandeep Gopal Seikh",Tinkune,sandeep.seikh8722ratnapark@test.com
"Sandeep Bhopal Rajbanshi",Gaushala,sandeep.rajbanshi8723baneshwor@random.org
"Kushal Dhoj K.C",Baneshwor,kushal.k.c8724tripureshwor@demo.net
"Kushal Lal Khadka",Jawalakhel,kushal.khadka8725tinkune@mail.com
"Rohit Gopal Lamichane","New Road",rohit.lamichane8726tinkune@test.com
"Lalit Bhagat Bhurtel",Jawalakhel,lalit.bhurtel8727tripureshwor@example.com
"Binod Bhagat K.C",Ekantakuna,binod.k.c8728ekantakuna@example.com
"Rohit Dev Malla",Chabel,rohit.malla8729gaushala@mail.com
"Binod Kumar K.C",Tinkune,binod.k.c8730jawalakhel@demo.net
"Lalit Dev Paudel",Ratnapark,lalit.paudel8731jawalakhel@example.com
"Karan Bhagat Seikh",Ratnapark,karan.seikh8732jawalakhel@mail.com
"Karan Bir Bhandari",Ekantakuna,karan.bhandari8733chabel@mail.com
"Sandeep Bahadur K.C",Baneshwor,sandeep.k.c8734ratnapark@example.com
"Asif Lal Kami","New Road","asif.kami8735new road@example.com"
"Arif Bhagat Malla",Tripureshwor,arif.malla8736gaushala@demo.net
"Karan Krishna Kami",Gaushala,karan.kami8737tinkune@test.com
"Arif Bir Paudel",Tripureshwor,arif.paudel8738chabel@random.org
"Arif Gopal Bhurtel",Tinkune,arif.bhurtel8739sundhara@random.org
"Paras Gopal Paudel",Baneshwor,paras.paudel8740sundhara@demo.net
"Rohit Kumar Bhurtel",Ratnapark,rohit.bhurtel8741jawalakhel@test.com
"Kushal Dev Lamichane",Baneshwor,kushal.lamichane8742jawalakhel@random.org
"Karan Krishna Paudel",Ekantakuna,karan.paudel8743ekantakuna@example.com
"Sompal Bahadur Bhandari",Ratnapark,"sompal.bhandari8744new road@random.org"
"Kushal Krishna Paudel",Ekantakuna,kushal.paudel8745ratnapark@random.org
"Rohit Bhopal Kami",Jawalakhel,rohit.kami8746tripureshwor@example.com
"Binod Bir Bhandari",Tripureshwor,"binod.bhandari8747new road@demo.net"
"Karan Dhoj Rajbanshi",Baneshwor,"karan.rajbanshi8748new road@mail.com"
"Kushal Gopal Bhandari",Tinkune,kushal.bhandari8749chabel@mail.com
"Kushal Bahadur Rajbanshi",Tinkune,kushal.rajbanshi8750baneshwor@random.org
"Asif Bhagat Bhandari","New Road",asif.bhandari8751baneshwor@test.com
"Asif Dhoj Malla",Tinkune,asif.malla8752baneshwor@test.com
"Binod Bir Bhurtel",Gaushala,binod.bhurtel8753tinkune@random.org
"Arif Bir Malla",Chabel,arif.malla8754sundhara@random.org
"Rohit Gopal Malla",Tripureshwor,rohit.malla8755ratnapark@random.org
"Sandeep Bir Seikh",Ratnapark,"sandeep.seikh8756new road@demo.net"
"Asif Gopal Seikh",Baneshwor,asif.seikh8757jawalakhel@demo.net
"Karan Lal Khadka",Ratnapark,karan.khadka8758ratnapark@test.com
"Lalit Bir Seikh",Chabel,lalit.seikh8759sundhara@mail.com
"Karan Bhopal Paudel",Tripureshwor,karan.paudel8760gaushala@random.org
"Lalit Lal Rajbanshi",Gaushala,lalit.rajbanshi8761baneshwor@test.com
"Kushal Bhagat Seikh",Tinkune,kushal.seikh8762ratnapark@example.com
"Karan Dev Malla",Baneshwor,karan.malla8763tripureshwor@test.com
"Paras Bhagat Malla",Tinkune,paras.malla8764ekantakuna@test.com
"Arif Bir Bhandari",Tinkune,arif.bhandari8765sundhara@demo.net
"Kushal Lal K.C",Ratnapark,kushal.k.c8766ekantakuna@test.com
"Kushal Bahadur K.C","New Road",kushal.k.c8767ratnapark@random.org
"Paras Bahadur Lamichane",Tripureshwor,paras.lamichane8768sundhara@example.com
"Lalit Bir Bhandari",Baneshwor,lalit.bhandari8769tripureshwor@demo.net
"Sompal Krishna K.C",Jawalakhel,sompal.k.c8770chabel@example.com
"Binod Lal Malla",Baneshwor,binod.malla8771ekantakuna@test.com
"Rohit Gopal Bhandari",Tinkune,rohit.bhandari8772ratnapark@random.org
"Rohit Dhoj Paudel",Baneshwor,rohit.paudel8773ratnapark@example.com
"Binod Krishna Kami",Tripureshwor,binod.kami8774tinkune@example.com
"Rohit Kumar Lamichane",Chabel,rohit.lamichane8775ekantakuna@example.com
"Sompal Bir Bhurtel",Chabel,sompal.bhurtel8776tripureshwor@test.com
"Sompal Bir Rajbanshi",Jawalakhel,sompal.rajbanshi8777gaushala@test.com
"Arif Gopal K.C",Jawalakhel,arif.k.c8778chabel@random.org
"Kushal Gopal Bhurtel","New Road",kushal.bhurtel8779gaushala@demo.net
"Asif Bhagat Kami","New Road",asif.kami8780tripureshwor@test.com
"Lalit Lal Kami","New Road",lalit.kami8781sundhara@demo.net
"Rohit Dev Kami",Gaushala,rohit.kami8782jawalakhel@test.com
"Rohit Bhopal Paudel","New Road",rohit.paudel8783tripureshwor@mail.com
"Asif Bahadur Seikh",Ekantakuna,asif.seikh8784baneshwor@random.org
"Lalit Gopal Bhandari",Baneshwor,lalit.bhandari8785ekantakuna@mail.com
"Sompal Bahadur Lamichane",Ekantakuna,sompal.lamichane8786sundhara@demo.net
"Arif Dev Paudel",Tripureshwor,"arif.paudel8787new road@test.com"
"Arif Kumar Paudel",Jawalakhel,arif.paudel8788tinkune@test.com
"Paras Dhoj Lamichane",Ratnapark,"paras.lamichane8789new road@test.com"
"Karan Kumar Paudel",Sundhara,karan.paudel8790tripureshwor@test.com
"Sandeep Krishna Lamichane",Ekantakuna,"sandeep.lamichane8791new road@test.com"
"Binod Bir Seikh",Gaushala,binod.seikh8792tinkune@test.com
"Lalit Bhopal Paudel","New Road",lalit.paudel8793jawalakhel@mail.com
"Binod Gopal Khadka",Baneshwor,binod.khadka8794ekantakuna@random.org
"Sompal Bahadur Bhurtel",Chabel,sompal.bhurtel8795gaushala@example.com
"Lalit Dhoj Lamichane",Chabel,lalit.lamichane8796ratnapark@test.com
"Lalit Bhopal Bhandari",Jawalakhel,lalit.bhandari8797baneshwor@mail.com
"Rohit Bahadur Khadka",Tinkune,rohit.khadka8798tripureshwor@random.org
"Karan Krishna Rajbanshi",Sundhara,karan.rajbanshi8799tripureshwor@demo.net
"Asif Dhoj Paudel","New Road",asif.paudel8800tripureshwor@random.org
"Lalit Lal K.C",Tripureshwor,lalit.k.c8801sundhara@random.org
"Lalit Bhopal Seikh",Ratnapark,lalit.seikh8802ekantakuna@test.com
"Asif Bhagat Khadka",Chabel,asif.khadka8803ekantakuna@demo.net
"Sompal Bhopal Khadka",Baneshwor,sompal.khadka8804chabel@test.com
"Karan Bhagat Seikh","New Road",karan.seikh8805sundhara@random.org
"Lalit Bhagat Khadka",Ratnapark,lalit.khadka8806ekantakuna@test.com
"Binod Kumar Bhandari",Tinkune,binod.bhandari8807gaushala@example.com
"Karan Bahadur Lamichane",Ratnapark,karan.lamichane8808gaushala@example.com
"Sandeep Kumar Paudel",Jawalakhel,sandeep.paudel8809sundhara@test.com
"Sompal Bahadur Paudel","New Road",sompal.paudel8810chabel@demo.net
"Lalit Dhoj Kami",Tinkune,lalit.kami8811tripureshwor@example.com
"Lalit Lal Seikh",Jawalakhel,lalit.seikh8812baneshwor@demo.net
"Lalit Lal Seikh",Tinkune,lalit.seikh8813chabel@mail.com
"Lalit Bahadur Kami","New Road",lalit.kami8814baneshwor@random.org
"Sandeep Krishna Bhandari",Tinkune,sandeep.bhandari8815tripureshwor@mail.com
"Sompal Bahadur K.C","New Road",sompal.k.c8816tripureshwor@test.com
"Arif Krishna Rajbanshi",Baneshwor,arif.rajbanshi8817jawalakhel@random.org
"Sandeep Gopal Seikh",Tinkune,sandeep.seikh8818tripureshwor@random.org
"Paras Lal Kami",Sundhara,paras.kami8819sundhara@random.org
"Rohit Bhagat K.C",Jawalakhel,"rohit.k.c8820new road@test.com"
"Kushal Gopal Seikh",Jawalakhel,kushal.seikh8821baneshwor@example.com
"Binod Krishna Malla",Tripureshwor,binod.malla8822tripureshwor@mail.com
"Lalit Kumar Bhurtel",Sundhara,lalit.bhurtel8823sundhara@example.com
"Paras Dhoj Seikh",Ekantakuna,paras.seikh8824ekantakuna@random.org
"Paras Bir Bhandari",Ekantakuna,paras.bhandari8825baneshwor@test.com
"Sompal Dhoj Malla",Tripureshwor,sompal.malla8826jawalakhel@demo.net
"Kushal Bhagat Seikh","New Road","kushal.seikh8827new road@test.com"
"Binod Dev K.C",Chabel,binod.k.c8828ratnapark@example.com
"Arif Bahadur Paudel",Sundhara,arif.paudel8829ratnapark@demo.net
"Sompal Bir Lamichane",Chabel,sompal.lamichane8830tinkune@example.com
"Paras Bhopal Malla",Tinkune,paras.malla8831tripureshwor@random.org
"Binod Bhopal Lamichane",Tinkune,binod.lamichane8832ratnapark@example.com
"Binod Kumar Lamichane",Baneshwor,"binod.lamichane8833new road@random.org"
"Lalit Bhagat Seikh",Sundhara,lalit.seikh8834sundhara@test.com
"Paras Dev Bhurtel",Sundhara,paras.bhurtel8835sundhara@example.com
"Rohit Bahadur Bhandari",Ratnapark,rohit.bhandari8836jawalakhel@random.org
"Karan Dhoj Bhurtel",Gaushala,"karan.bhurtel8837new road@mail.com"
"Paras Dhoj Rajbanshi",Ratnapark,paras.rajbanshi8838tinkune@random.org
"Paras Dev Bhandari",Tinkune,paras.bhandari8839chabel@demo.net
"Sompal Dhoj Seikh",Chabel,sompal.seikh8840ratnapark@mail.com
"Paras Lal K.C",Tripureshwor,"paras.k.c8841new road@test.com"
"Asif Bahadur Seikh",Gaushala,asif.seikh8842ekantakuna@demo.net
"Arif Kumar Rajbanshi",Baneshwor,arif.rajbanshi8843ratnapark@random.org
"Karan Gopal K.C",Ratnapark,karan.k.c8844jawalakhel@test.com
"Lalit Krishna Kami",Gaushala,lalit.kami8845ratnapark@test.com
"Binod Kumar Rajbanshi","New Road",binod.rajbanshi8846ekantakuna@test.com
"Lalit Bir Paudel",Chabel,lalit.paudel8847chabel@test.com
"Sandeep Bhagat K.C",Tripureshwor,sandeep.k.c8848tripureshwor@random.org
"Asif Bhagat Kami",Ekantakuna,asif.kami8849gaushala@random.org
"Karan Gopal Kami",Baneshwor,"karan.kami8850new road@random.org"
"Binod Bir Seikh",Gaushala,binod.seikh8851sundhara@random.org
"Lalit Bir Seikh",Tinkune,lalit.seikh8852tripureshwor@demo.net
"Sompal Bhopal Khadka",Tinkune,sompal.khadka8853ekantakuna@demo.net
"Asif Lal Paudel",Gaushala,asif.paudel8854ekantakuna@mail.com
"Rohit Dhoj Malla",Gaushala,rohit.malla8855ekantakuna@random.org
"Paras Dhoj Seikh",Tinkune,paras.seikh8856sundhara@random.org
"Binod Bhagat Kami",Ekantakuna,binod.kami8857ratnapark@demo.net
"Lalit Bir Seikh",Sundhara,"lalit.seikh8858new road@random.org"
"Lalit Gopal Seikh",Sundhara,lalit.seikh8859tinkune@example.com
"Arif Bhopal Lamichane",Tinkune,arif.lamichane8860sundhara@random.org
"Karan Bhagat K.C",Jawalakhel,karan.k.c8861gaushala@random.org
"Paras Dhoj Bhandari",Jawalakhel,paras.bhandari8862chabel@mail.com
"Paras Bhopal K.C",Sundhara,paras.k.c8863tripureshwor@test.com
"Karan Bir Khadka",Tripureshwor,karan.khadka8864chabel@example.com
"Rohit Dev Paudel",Gaushala,rohit.paudel8865chabel@test.com
"Sandeep Lal Bhurtel",Sundhara,sandeep.bhurtel8866tinkune@example.com
"Binod Kumar Rajbanshi",Gaushala,binod.rajbanshi8867ekantakuna@test.com
"Arif Bahadur Khadka",Sundhara,arif.khadka8868jawalakhel@demo.net
"Lalit Dev Rajbanshi","New Road",lalit.rajbanshi8869gaushala@demo.net
"Asif Dev Bhandari",Ratnapark,asif.bhandari8870tripureshwor@test.com
"Lalit Gopal Bhurtel",Chabel,lalit.bhurtel8871tripureshwor@random.org
"Binod Bahadur Malla",Tinkune,binod.malla8872ekantakuna@random.org
"Binod Dev Khadka",Jawalakhel,binod.khadka8873baneshwor@mail.com
"Sandeep Gopal Kami",Chabel,sandeep.kami8874sundhara@mail.com
"Binod Bhopal Malla",Ekantakuna,"binod.malla8875new road@demo.net"
"Paras Dhoj Bhurtel",Ratnapark,paras.bhurtel8876ekantakuna@demo.net
"Lalit Kumar Bhurtel",Sundhara,lalit.bhurtel8877baneshwor@mail.com
"Kushal Lal Kami",Tripureshwor,kushal.kami8878sundhara@mail.com
"Sompal Bhopal K.C",Ratnapark,sompal.k.c8879sundhara@random.org
"Arif Bhagat Bhandari","New Road",arif.bhandari8880tinkune@mail.com
"Asif Dev Malla",Sundhara,asif.malla8881ratnapark@random.org
"Lalit Kumar Kami","New Road",lalit.kami8882sundhara@mail.com
"Lalit Bhopal K.C",Jawalakhel,lalit.k.c8883sundhara@demo.net
"Rohit Bhopal Malla",Tinkune,rohit.malla8884ratnapark@test.com
"Sompal Krishna Lamichane",Tinkune,sompal.lamichane8885sundhara@example.com
"Karan Dhoj Bhandari",Baneshwor,karan.bhandari8886gaushala@test.com
"Asif Lal K.C",Tripureshwor,asif.k.c8887baneshwor@example.com
"Sompal Dev Malla",Chabel,sompal.malla8888tripureshwor@random.org
"Sandeep Krishna Seikh",Tinkune,sandeep.seikh8889ratnapark@mail.com
"Karan Gopal Lamichane",Tinkune,karan.lamichane8890ekantakuna@test.com
"Asif Bahadur Paudel",Tinkune,asif.paudel8891sundhara@demo.net
"Paras Lal Lamichane",Jawalakhel,paras.lamichane8892tinkune@test.com
"Paras Dev Paudel",Tinkune,paras.paudel8893ratnapark@mail.com
"Asif Dev Rajbanshi",Tinkune,asif.rajbanshi8894ratnapark@example.com
"Kushal Bhopal Malla",Jawalakhel,kushal.malla8895tripureshwor@random.org
"Kushal Dev Bhurtel",Baneshwor,kushal.bhurtel8896gaushala@demo.net
"Sandeep Dhoj Bhurtel","New Road",sandeep.bhurtel8897chabel@test.com
"Paras Bir K.C",Sundhara,paras.k.c8898jawalakhel@mail.com
"Sompal Dhoj Paudel",Chabel,sompal.paudel8899tripureshwor@random.org
"Kushal Lal K.C",Tinkune,kushal.k.c8900chabel@mail.com
"Sompal Krishna Khadka",Jawalakhel,sompal.khadka8901sundhara@mail.com
"Paras Gopal Lamichane",Ekantakuna,paras.lamichane8902sundhara@random.org
"Karan Bhagat Kami","New Road",karan.kami8903baneshwor@test.com
"Asif Bahadur K.C",Tinkune,asif.k.c8904tripureshwor@random.org
"Sandeep Kumar Seikh",Jawalakhel,sandeep.seikh8905tripureshwor@example.com
"Karan Dhoj Khadka",Sundhara,karan.khadka8906ekantakuna@mail.com
"Asif Bhopal Malla",Jawalakhel,asif.malla8907jawalakhel@test.com
"Paras Kumar Khadka","New Road",paras.khadka8908ratnapark@mail.com
"Sandeep Lal Khadka","New Road",sandeep.khadka8909gaushala@test.com
"Karan Kumar Malla","New Road",karan.malla8910chabel@mail.com
"Sandeep Bir Paudel",Tripureshwor,sandeep.paudel8911baneshwor@demo.net
"Kushal Kumar Malla",Tinkune,kushal.malla8912chabel@test.com
"Lalit Dhoj Bhandari",Chabel,lalit.bhandari8913sundhara@mail.com
"Paras Dhoj Khadka",Tinkune,paras.khadka8914ratnapark@test.com
"Sandeep Bir K.C",Baneshwor,"sandeep.k.c8915new road@random.org"
"Asif Dhoj Bhurtel",Baneshwor,asif.bhurtel8916jawalakhel@demo.net
"Arif Bir Paudel",Chabel,arif.paudel8917chabel@demo.net
"Karan Gopal Kami",Ekantakuna,karan.kami8918gaushala@test.com
"Karan Kumar K.C",Ratnapark,karan.k.c8919ekantakuna@example.com
"Arif Bhagat K.C",Jawalakhel,arif.k.c8920sundhara@mail.com
"Asif Bir Kami",Ekantakuna,asif.kami8921chabel@random.org
"Kushal Lal Rajbanshi",Tinkune,kushal.rajbanshi8922chabel@example.com
"Sandeep Bhopal Kami",Tinkune,sandeep.kami8923ekantakuna@demo.net
"Karan Lal K.C",Ekantakuna,karan.k.c8924sundhara@test.com
"Kushal Bhagat K.C",Tripureshwor,kushal.k.c8925baneshwor@demo.net
"Kushal Bhagat Kami",Chabel,"kushal.kami8926new road@test.com"
"Asif Bahadur Kami",Tripureshwor,asif.kami8927ratnapark@example.com
"Sompal Dhoj K.C",Ratnapark,sompal.k.c8928chabel@demo.net
"Paras Kumar Kami",Gaushala,paras.kami8929jawalakhel@mail.com
"Paras Kumar Rajbanshi",Tripureshwor,paras.rajbanshi8930gaushala@example.com
"Paras Lal Lamichane",Tripureshwor,paras.lamichane8931ekantakuna@example.com
"Binod Lal Malla",Chabel,binod.malla8932baneshwor@demo.net
"Kushal Krishna Bhandari",Baneshwor,kushal.bhandari8933sundhara@example.com
"Arif Bir K.C",Tinkune,arif.k.c8934jawalakhel@mail.com
"Asif Bhopal Khadka",Gaushala,asif.khadka8935ekantakuna@demo.net
"Rohit Bhagat Seikh",Sundhara,"rohit.seikh8936new road@test.com"
"Lalit Bhagat Malla",Chabel,lalit.malla8937jawalakhel@example.com
"Kushal Bir K.C",Tripureshwor,kushal.k.c8938ratnapark@test.com
"Karan Kumar Kami",Ratnapark,karan.kami8939tripureshwor@random.org
"Karan Bir Rajbanshi",Baneshwor,karan.rajbanshi8940gaushala@random.org
"Binod Bahadur Seikh","New Road","binod.seikh8941new road@mail.com"
"Karan Krishna Lamichane",Baneshwor,karan.lamichane8942gaushala@random.org
"Binod Krishna Lamichane",Tinkune,binod.lamichane8943gaushala@test.com
"Kushal Dhoj Khadka",Tripureshwor,kushal.khadka8944ratnapark@test.com
"Sompal Bahadur Lamichane",Sundhara,sompal.lamichane8945baneshwor@mail.com
"Arif Krishna Lamichane",Tripureshwor,arif.lamichane8946jawalakhel@random.org
"Asif Krishna Paudel",Jawalakhel,asif.paudel8947tripureshwor@mail.com
"Kushal Kumar Rajbanshi",Chabel,kushal.rajbanshi8948gaushala@mail.com
"Rohit Dev Lamichane",Gaushala,rohit.lamichane8949ekantakuna@demo.net
"Binod Bhopal Seikh",Sundhara,binod.seikh8950baneshwor@mail.com
"Paras Lal Kami",Chabel,paras.kami8951sundhara@test.com
"Lalit Bhagat Lamichane",Gaushala,lalit.lamichane8952ratnapark@test.com
"Karan Gopal Rajbanshi","New Road",karan.rajbanshi8953jawalakhel@test.com
"Binod Bhagat K.C","New Road",binod.k.c8954baneshwor@mail.com
"Asif Bahadur Rajbanshi","New Road",asif.rajbanshi8955baneshwor@test.com
"Asif Krishna Lamichane",Jawalakhel,asif.lamichane8956tinkune@demo.net
"Paras Bhagat K.C","New Road",paras.k.c8957ekantakuna@random.org
"Lalit Bir Bhandari",Jawalakhel,lalit.bhandari8958sundhara@mail.com
"Binod Gopal Seikh",Tripureshwor,binod.seikh8959tinkune@mail.com
"Sompal Bhopal Rajbanshi",Tinkune,sompal.rajbanshi8960chabel@random.org
"Paras Gopal Khadka","New Road","paras.khadka8961new road@mail.com"
"Rohit Kumar Rajbanshi",Chabel,rohit.rajbanshi8962tripureshwor@demo.net
"Binod Bhopal Malla",Jawalakhel,binod.malla8963tinkune@demo.net
"Kushal Gopal Bhandari",Jawalakhel,kushal.bhandari8964tripureshwor@example.com
"Sandeep Bhagat K.C",Tripureshwor,sandeep.k.c8965chabel@mail.com
"Rohit Kumar Lamichane",Tinkune,rohit.lamichane8966baneshwor@demo.net
"Sandeep Bhagat Paudel","New Road",sandeep.paudel8967ratnapark@example.com
"Rohit Dhoj Khadka","New Road",rohit.khadka8968sundhara@example.com
"Lalit Gopal Rajbanshi","New Road",lalit.rajbanshi8969ekantakuna@mail.com
"Asif Gopal K.C",Tinkune,asif.k.c8970ekantakuna@random.org
"Sandeep Bhopal Bhandari",Baneshwor,sandeep.bhandari8971tripureshwor@demo.net
"Binod Lal Lamichane",Tripureshwor,binod.lamichane8972sundhara@mail.com
"Sandeep Dev Kami",Baneshwor,sandeep.kami8973sundhara@test.com
"Rohit Lal Rajbanshi",Baneshwor,rohit.rajbanshi8974baneshwor@random.org
"Asif Dev Kami",Gaushala,asif.kami8975chabel@demo.net
"Paras Lal Bhurtel",Baneshwor,"paras.bhurtel8976new road@random.org"
"Karan Bir Seikh",Jawalakhel,karan.seikh8977ekantakuna@test.com
"Lalit Bhagat Kami",Chabel,lalit.kami8978ekantakuna@test.com
"Asif Dev Khadka",Chabel,asif.khadka8979jawalakhel@demo.net
"Rohit Dev Seikh",Ekantakuna,rohit.seikh8980jawalakhel@test.com
"Lalit Bhagat Kami",Jawalakhel,lalit.kami8981sundhara@demo.net
"Asif Bhopal Malla",Ekantakuna,asif.malla8982ekantakuna@example.com
"Paras Lal Lamichane",Baneshwor,paras.lamichane8983chabel@test.com
"Arif Bhagat K.C",Chabel,arif.k.c8984ekantakuna@random.org
"Paras Lal Seikh",Gaushala,paras.seikh8985baneshwor@mail.com
"Karan Dev Bhurtel",Chabel,karan.bhurtel8986sundhara@demo.net
"Sandeep Dhoj Khadka",Gaushala,sandeep.khadka8987tinkune@example.com
"Kushal Krishna Lamichane",Ekantakuna,kushal.lamichane8988sundhara@example.com
"Binod Dev Rajbanshi",Baneshwor,binod.rajbanshi8989tripureshwor@mail.com
"Kushal Lal Rajbanshi",Ratnapark,kushal.rajbanshi8990ekantakuna@demo.net
"Arif Bahadur Kami",Chabel,arif.kami8991chabel@test.com
"Rohit Gopal Khadka",Tinkune,rohit.khadka8992chabel@test.com
"Sandeep Bahadur Seikh",Ekantakuna,sandeep.seikh8993tripureshwor@example.com
"Lalit Bahadur Rajbanshi",Ratnapark,lalit.rajbanshi8994jawalakhel@mail.com
"Sompal Gopal Bhurtel","New Road",sompal.bhurtel8995chabel@test.com
"Lalit Bhagat Khadka",Ekantakuna,lalit.khadka8996tripureshwor@demo.net
"Sandeep Bhopal Bhurtel",Tinkune,sandeep.bhurtel8997jawalakhel@test.com
"Sandeep Dhoj Kami",Baneshwor,"sandeep.kami8998new road@demo.net"
"Paras Dev K.C",Tripureshwor,paras.k.c8999ratnapark@example.com
"Kushal Bhagat K.C",Ratnapark,kushal.k.c9000baneshwor@example.com
"Binod Gopal Paudel",Ekantakuna,binod.paudel9001sundhara@example.com
"Karan Bhagat Lamichane","New Road",karan.lamichane9002chabel@demo.net
"Paras Dev Kami",Jawalakhel,paras.kami9003ekantakuna@test.com
"Paras Kumar Khadka",Ekantakuna,paras.khadka9004tinkune@demo.net
"Sompal Dhoj Khadka",Baneshwor,sompal.khadka9005tinkune@example.com
"Lalit Dev Rajbanshi",Sundhara,lalit.rajbanshi9006ekantakuna@random.org
"Asif Bhopal Malla","New Road",asif.malla9007gaushala@demo.net
"Rohit Dev Kami",Chabel,rohit.kami9008tinkune@test.com
"Sompal Bhopal Khadka",Ekantakuna,sompal.khadka9009tinkune@random.org
"Asif Lal Seikh",Jawalakhel,asif.seikh9010tinkune@example.com
"Lalit Lal Bhandari",Gaushala,lalit.bhandari9011chabel@random.org
"Sompal Bhagat Seikh",Tinkune,sompal.seikh9012baneshwor@demo.net
"Rohit Gopal Seikh",Sundhara,"rohit.seikh9013new road@demo.net"
"Karan Bhopal Paudel",Chabel,karan.paudel9014gaushala@mail.com
"Asif Bahadur Seikh",Jawalakhel,asif.seikh9015gaushala@demo.net
"Arif Bhopal Seikh",Sundhara,arif.seikh9016ekantakuna@mail.com
"Asif Bhagat Bhandari",Tinkune,"asif.bhandari9017new road@example.com"
"Asif Bhagat Seikh",Ekantakuna,asif.seikh9018ratnapark@random.org
"Sompal Bahadur Seikh",Tripureshwor,sompal.seikh9019chabel@mail.com
"Paras Bhopal Khadka","New Road",paras.khadka9020jawalakhel@demo.net
"Paras Bhopal Bhurtel",Chabel,paras.bhurtel9021gaushala@demo.net
"Sandeep Krishna Bhandari","New Road",sandeep.bhandari9022tripureshwor@mail.com
"Rohit Bhagat Bhurtel",Chabel,rohit.bhurtel9023ratnapark@random.org
"Arif Gopal Bhandari","New Road",arif.bhandari9024sundhara@example.com
"Kushal Dev Bhandari",Tinkune,kushal.bhandari9025gaushala@example.com
"Sandeep Bhopal Paudel","New Road","sandeep.paudel9026new road@random.org"
"Asif Kumar Seikh","New Road",asif.seikh9027tripureshwor@mail.com
"Karan Kumar Paudel",Chabel,karan.paudel9028chabel@mail.com
"Binod Dhoj Seikh",Baneshwor,binod.seikh9029chabel@mail.com
"Kushal Krishna Khadka",Jawalakhel,kushal.khadka9030jawalakhel@example.com
"Lalit Gopal Malla",Tripureshwor,lalit.malla9031baneshwor@example.com
"Karan Bhagat Kami",Chabel,"karan.kami9032new road@test.com"
"Arif Lal Khadka",Ekantakuna,arif.khadka9033tinkune@example.com
"Asif Bahadur Khadka",Chabel,"asif.khadka9034new road@mail.com"
"Lalit Bir Bhandari",Gaushala,lalit.bhandari9035chabel@mail.com
"Rohit Bir Lamichane",Ekantakuna,rohit.lamichane9036baneshwor@test.com
"Paras Lal Bhandari",Jawalakhel,paras.bhandari9037gaushala@mail.com
"Binod Bir Bhandari",Jawalakhel,binod.bhandari9038baneshwor@example.com
"Kushal Dev Kami","New Road","kushal.kami9039new road@mail.com"
"Karan Dev K.C",Baneshwor,"karan.k.c9040new road@mail.com"
"Sandeep Dev Kami",Tripureshwor,sandeep.kami9041gaushala@random.org
"Arif Bahadur Bhandari","New Road","arif.bhandari9042new road@test.com"
"Binod Bhopal Bhurtel",Ekantakuna,binod.bhurtel9043tinkune@demo.net
"Karan Bahadur K.C","New Road",karan.k.c9044sundhara@example.com
"Sandeep Gopal Khadka",Gaushala,sandeep.khadka9045tripureshwor@test.com
"Sompal Krishna Malla",Gaushala,sompal.malla9046ekantakuna@mail.com
"Arif Bhopal K.C",Ekantakuna,arif.k.c9047chabel@random.org
"Arif Bhagat Lamichane",Sundhara,arif.lamichane9048gaushala@mail.com
"Paras Krishna Bhandari","New Road","paras.bhandari9049new road@example.com"
"Kushal Dhoj Rajbanshi","New Road",kushal.rajbanshi9050chabel@demo.net
"Arif Gopal Rajbanshi",Gaushala,arif.rajbanshi9051gaushala@demo.net
"Sompal Bahadur Lamichane",Jawalakhel,sompal.lamichane9052tinkune@mail.com
"Binod Dev Paudel",Jawalakhel,binod.paudel9053gaushala@test.com
"Sompal Bhagat K.C","New Road",sompal.k.c9054tripureshwor@demo.net
"Karan Bahadur Khadka",Ekantakuna,karan.khadka9055ekantakuna@demo.net
"Rohit Dhoj K.C",Ratnapark,"rohit.k.c9056new road@demo.net"
"Sompal Bhopal Paudel",Sundhara,sompal.paudel9057chabel@example.com
"Sompal Lal Seikh",Tinkune,sompal.seikh9058baneshwor@mail.com
"Kushal Bhagat Malla",Sundhara,kushal.malla9059tripureshwor@example.com
"Karan Lal Kami",Ekantakuna,karan.kami9060tripureshwor@test.com
"Lalit Bir Lamichane",Jawalakhel,lalit.lamichane9061tripureshwor@example.com
"Lalit Dev Lamichane",Chabel,lalit.lamichane9062baneshwor@demo.net
"Arif Bhagat Rajbanshi",Chabel,arif.rajbanshi9063chabel@test.com
"Asif Bir Kami",Tinkune,asif.kami9064jawalakhel@demo.net
"Binod Bir K.C",Ekantakuna,"binod.k.c9065new road@mail.com"
"Asif Bahadur Bhurtel",Baneshwor,asif.bhurtel9066ekantakuna@mail.com
"Rohit Dhoj Bhurtel",Jawalakhel,rohit.bhurtel9067chabel@mail.com
"Sompal Dev Seikh",Jawalakhel,sompal.seikh9068jawalakhel@mail.com
"Lalit Dhoj Kami",Gaushala,"lalit.kami9069new road@random.org"
"Kushal Bhopal Malla",Chabel,kushal.malla9070jawalakhel@example.com
"Karan Bhagat Bhurtel",Tripureshwor,"karan.bhurtel9071new road@test.com"
"Asif Bahadur Seikh",Chabel,asif.seikh9072gaushala@demo.net
"Paras Lal K.C",Sundhara,paras.k.c9073ratnapark@example.com
"Sandeep Bahadur Bhurtel",Ekantakuna,sandeep.bhurtel9074tinkune@mail.com
"Rohit Lal Kami",Sundhara,rohit.kami9075tripureshwor@mail.com
"Paras Bir Malla",Baneshwor,paras.malla9076ekantakuna@random.org
"Karan Bir Kami",Tripureshwor,karan.kami9077sundhara@random.org
"Lalit Bhopal K.C",Chabel,lalit.k.c9078jawalakhel@mail.com
"Binod Bahadur Seikh",Jawalakhel,binod.seikh9079jawalakhel@example.com
"Paras Dhoj Bhurtel",Tripureshwor,paras.bhurtel9080chabel@random.org
"Rohit Gopal Khadka",Jawalakhel,rohit.khadka9081chabel@random.org
"Sompal Bahadur Malla",Chabel,"sompal.malla9082new road@demo.net"
"Rohit Bahadur Paudel",Ratnapark,rohit.paudel9083jawalakhel@test.com
"Asif Dhoj K.C",Baneshwor,"asif.k.c9084new road@example.com"
"Karan Dhoj Kami",Gaushala,karan.kami9085baneshwor@example.com
"Rohit Lal Bhurtel",Ratnapark,rohit.bhurtel9086tripureshwor@mail.com
"Sompal Dhoj Bhurtel",Chabel,"sompal.bhurtel9087new road@random.org"
"Sandeep Bahadur Lamichane",Baneshwor,"sandeep.lamichane9088new road@demo.net"
"Rohit Bahadur Lamichane",Tripureshwor,rohit.lamichane9089baneshwor@test.com
"Sompal Dev Paudel",Ekantakuna,sompal.paudel9090ekantakuna@random.org
"Sompal Krishna Lamichane","New Road",sompal.lamichane9091chabel@random.org
"Kushal Lal Kami",Ratnapark,kushal.kami9092chabel@random.org
"Sompal Dev Kami","New Road",sompal.kami9093tinkune@test.com
"Arif Dev Kami",Tripureshwor,arif.kami9094jawalakhel@test.com
"Sompal Dhoj Malla",Ratnapark,sompal.malla9095tinkune@demo.net
"Rohit Bhagat Malla",Baneshwor,rohit.malla9096tinkune@test.com
"Lalit Bir Lamichane","New Road",lalit.lamichane9097chabel@mail.com
"Arif Krishna Khadka",Ratnapark,arif.khadka9098gaushala@random.org
"Kushal Bahadur Lamichane",Gaushala,kushal.lamichane9099ekantakuna@test.com
"Sandeep Kumar Kami",Gaushala,sandeep.kami9100tripureshwor@test.com
"Binod Kumar Seikh","New Road",binod.seikh9101tripureshwor@demo.net
"Asif Bahadur Malla",Tripureshwor,asif.malla9102tripureshwor@demo.net
"Sandeep Lal Bhurtel",Ekantakuna,sandeep.bhurtel9103sundhara@demo.net
"Paras Dhoj Bhurtel",Tripureshwor,paras.bhurtel9104chabel@test.com
"Asif Bir Lamichane",Jawalakhel,asif.lamichane9105sundhara@demo.net
"Sompal Bhopal Paudel",Jawalakhel,sompal.paudel9106sundhara@test.com
"Asif Dhoj Seikh",Tinkune,asif.seikh9107ratnapark@mail.com
"Binod Dhoj Paudel","New Road",binod.paudel9108chabel@test.com
"Sompal Bir Seikh",Tripureshwor,sompal.seikh9109gaushala@random.org
"Sompal Gopal Khadka",Ekantakuna,sompal.khadka9110tinkune@test.com
"Paras Bhopal Bhandari",Jawalakhel,paras.bhandari9111ekantakuna@random.org
"Sompal Bhagat Khadka",Tripureshwor,sompal.khadka9112baneshwor@random.org
"Rohit Gopal Kami",Gaushala,rohit.kami9113ekantakuna@mail.com
"Arif Lal Seikh",Baneshwor,arif.seikh9114baneshwor@demo.net
"Asif Dev Bhurtel","New Road","asif.bhurtel9115new road@mail.com"
"Paras Bhopal Paudel",Sundhara,paras.paudel9116sundhara@test.com
"Lalit Lal Khadka",Tripureshwor,lalit.khadka9117ekantakuna@mail.com
"Karan Bir Rajbanshi",Tripureshwor,karan.rajbanshi9118tinkune@random.org
"Binod Bir Khadka",Tinkune,binod.khadka9119tinkune@random.org
"Paras Dhoj Paudel",Chabel,paras.paudel9120chabel@random.org
"Sandeep Bahadur Malla",Jawalakhel,sandeep.malla9121tinkune@test.com
"Karan Dhoj Paudel",Ratnapark,karan.paudel9122ratnapark@demo.net
"Paras Krishna Paudel",Ratnapark,paras.paudel9123ekantakuna@test.com
"Paras Gopal Malla","New Road",paras.malla9124tinkune@test.com
"Asif Dhoj Lamichane",Tripureshwor,asif.lamichane9125jawalakhel@test.com
"Karan Krishna Lamichane",Jawalakhel,"karan.lamichane9126new road@random.org"
"Kushal Gopal K.C",Chabel,kushal.k.c9127chabel@demo.net
"Arif Bhagat Paudel",Sundhara,arif.paudel9128ratnapark@test.com
"Sandeep Krishna Seikh",Jawalakhel,sandeep.seikh9129ekantakuna@random.org
"Paras Krishna Malla",Jawalakhel,paras.malla9130baneshwor@demo.net
"Rohit Bhagat Kami",Tripureshwor,rohit.kami9131sundhara@example.com
"Kushal Bhopal Seikh",Gaushala,"kushal.seikh9132new road@mail.com"
"Karan Bhagat Malla",Baneshwor,karan.malla9133tripureshwor@demo.net
"Paras Lal Kami","New Road",paras.kami9134jawalakhel@example.com
"Sandeep Bahadur Khadka",Ratnapark,sandeep.khadka9135ekantakuna@test.com
"Sompal Kumar Khadka",Tinkune,sompal.khadka9136gaushala@mail.com
"Karan Bir Malla",Jawalakhel,karan.malla9137gaushala@random.org
"Paras Bahadur Kami",Tinkune,paras.kami9138chabel@mail.com
"Binod Dev Paudel",Chabel,binod.paudel9139gaushala@example.com
"Sandeep Bhopal Rajbanshi",Ekantakuna,sandeep.rajbanshi9140sundhara@mail.com
"Lalit Lal Seikh",Sundhara,lalit.seikh9141jawalakhel@mail.com
"Paras Dev Bhurtel",Tinkune,paras.bhurtel9142ratnapark@test.com
"Kushal Bhagat Kami",Tinkune,kushal.kami9143gaushala@demo.net
"Lalit Kumar Malla",Sundhara,lalit.malla9144baneshwor@demo.net
"Sandeep Kumar Bhandari",Ratnapark,sandeep.bhandari9145gaushala@mail.com
"Lalit Dhoj Bhurtel",Jawalakhel,lalit.bhurtel9146chabel@example.com
"Sompal Dev Lamichane",Gaushala,sompal.lamichane9147chabel@test.com
"Karan Kumar Bhandari",Tripureshwor,"karan.bhandari9148new road@mail.com"
"Sompal Bir Bhandari",Chabel,sompal.bhandari9149chabel@demo.net
"Sandeep Bhopal K.C",Gaushala,sandeep.k.c9150ekantakuna@mail.com
"Sandeep Dev Bhurtel","New Road",sandeep.bhurtel9151sundhara@demo.net
"Rohit Bhopal Lamichane",Chabel,rohit.lamichane9152chabel@test.com
"Sandeep Dev K.C",Jawalakhel,sandeep.k.c9153tinkune@demo.net
"Sompal Bhopal Lamichane",Chabel,sompal.lamichane9154baneshwor@mail.com
"Arif Krishna K.C",Ratnapark,arif.k.c9155tripureshwor@example.com
"Sandeep Gopal Malla",Baneshwor,sandeep.malla9156ratnapark@mail.com
"Binod Dev Kami",Tinkune,binod.kami9157tripureshwor@example.com
"Karan Bir Kami",Ekantakuna,karan.kami9158tripureshwor@random.org
"Paras Dhoj Lamichane",Jawalakhel,paras.lamichane9159baneshwor@test.com
"Lalit Dhoj Lamichane",Tinkune,lalit.lamichane9160tripureshwor@demo.net
"Karan Bir K.C",Tripureshwor,karan.k.c9161tripureshwor@example.com
"Binod Bahadur K.C",Sundhara,binod.k.c9162ratnapark@mail.com
"Asif Bhagat Khadka",Tripureshwor,asif.khadka9163tripureshwor@demo.net
"Rohit Bir Rajbanshi",Ratnapark,"rohit.rajbanshi9164new road@test.com"
"Kushal Bhagat Bhandari",Ratnapark,kushal.bhandari9165tripureshwor@test.com
"Kushal Gopal Malla",Ekantakuna,kushal.malla9166ekantakuna@demo.net
"Paras Gopal Paudel",Tinkune,paras.paudel9167chabel@example.com
"Sompal Bahadur Khadka",Baneshwor,sompal.khadka9168chabel@demo.net
"Binod Gopal Malla",Gaushala,binod.malla9169sundhara@mail.com
"Karan Dev K.C",Ratnapark,karan.k.c9170baneshwor@example.com
"Rohit Gopal Paudel",Sundhara,rohit.paudel9171tripureshwor@demo.net
"Binod Dhoj K.C",Tripureshwor,binod.k.c9172sundhara@demo.net
"Rohit Dhoj Khadka",Ekantakuna,rohit.khadka9173chabel@test.com
"Paras Dev Kami",Baneshwor,paras.kami9174ekantakuna@random.org
"Lalit Bhopal Paudel",Ratnapark,lalit.paudel9175chabel@test.com
"Rohit Bhagat Bhurtel","New Road",rohit.bhurtel9176ekantakuna@test.com
"Paras Gopal Bhandari",Ekantakuna,paras.bhandari9177chabel@test.com
"Sompal Bhopal Rajbanshi",Gaushala,sompal.rajbanshi9178tripureshwor@test.com
"Binod Bhagat Kami",Ratnapark,binod.kami9179sundhara@demo.net
"Kushal Lal Kami",Ekantakuna,kushal.kami9180sundhara@test.com
"Binod Bhagat Bhandari",Tinkune,binod.bhandari9181jawalakhel@demo.net
"Arif Lal Lamichane",Tinkune,arif.lamichane9182gaushala@demo.net
"Lalit Bir Bhurtel",Chabel,lalit.bhurtel9183jawalakhel@mail.com
"Kushal Bir K.C",Sundhara,kushal.k.c9184sundhara@test.com
"Arif Bahadur K.C",Tripureshwor,arif.k.c9185tinkune@mail.com
"Karan Kumar Lamichane",Chabel,karan.lamichane9186tinkune@example.com
"Karan Gopal Bhandari","New Road",karan.bhandari9187jawalakhel@test.com
"Rohit Gopal Paudel",Ekantakuna,rohit.paudel9188baneshwor@demo.net
"Asif Lal Paudel","New Road","asif.paudel9189new road@random.org"
"Paras Gopal Seikh",Jawalakhel,"paras.seikh9190new road@test.com"
"Rohit Bhopal Malla",Gaushala,rohit.malla9191tinkune@test.com
"Asif Kumar Bhandari","New Road",asif.bhandari9192baneshwor@example.com
"Sompal Bhagat Seikh",Sundhara,sompal.seikh9193ekantakuna@test.com
"Paras Bhagat Bhandari",Gaushala,paras.bhandari9194tinkune@demo.net
"Rohit Bahadur Bhandari",Tinkune,rohit.bhandari9195ekantakuna@mail.com
"Paras Bhagat Khadka",Gaushala,paras.khadka9196tinkune@test.com
"Lalit Krishna Seikh",Tripureshwor,lalit.seikh9197gaushala@test.com
"Kushal Dev Khadka",Gaushala,kushal.khadka9198tripureshwor@demo.net
"Lalit Dhoj Paudel",Jawalakhel,lalit.paudel9199chabel@mail.com
"Binod Bhagat Seikh",Tinkune,binod.seikh9200gaushala@test.com
"Sandeep Bhagat K.C",Ekantakuna,"sandeep.k.c9201new road@random.org"
"Asif Bhopal Rajbanshi",Chabel,asif.rajbanshi9202sundhara@mail.com
"Binod Dhoj Bhandari",Tripureshwor,binod.bhandari9203gaushala@test.com
"Sandeep Bhopal Bhandari",Ratnapark,"sandeep.bhandari9204new road@random.org"
"Sandeep Kumar Lamichane",Tinkune,sandeep.lamichane9205chabel@random.org
"Arif Dev Lamichane",Chabel,arif.lamichane9206ekantakuna@demo.net
"Sandeep Bhagat Bhurtel",Baneshwor,sandeep.bhurtel9207jawalakhel@demo.net
"Rohit Dhoj K.C",Gaushala,rohit.k.c9208sundhara@test.com
"Karan Bahadur Malla",Tinkune,karan.malla9209tinkune@example.com
"Karan Kumar Bhurtel",Gaushala,karan.bhurtel9210ratnapark@test.com
"Paras Gopal Seikh",Baneshwor,paras.seikh9211sundhara@test.com
"Rohit Krishna Khadka",Jawalakhel,rohit.khadka9212jawalakhel@mail.com
"Asif Dhoj Rajbanshi","New Road",asif.rajbanshi9213tripureshwor@mail.com
"Paras Krishna Paudel",Baneshwor,paras.paudel9214sundhara@random.org
"Kushal Kumar Lamichane",Gaushala,kushal.lamichane9215gaushala@test.com
"Paras Bhopal Seikh",Sundhara,paras.seikh9216baneshwor@random.org
"Rohit Dev Khadka",Ekantakuna,rohit.khadka9217sundhara@demo.net
"Sompal Lal K.C","New Road",sompal.k.c9218tripureshwor@mail.com
"Lalit Lal Paudel",Tripureshwor,"lalit.paudel9219new road@demo.net"
"Binod Bir Bhurtel",Chabel,binod.bhurtel9220tripureshwor@random.org
"Paras Kumar Paudel",Ratnapark,paras.paudel9221gaushala@mail.com
"Arif Krishna Kami","New Road",arif.kami9222tinkune@example.com
"Lalit Bhopal Bhurtel",Chabel,lalit.bhurtel9223tinkune@test.com
"Sandeep Kumar Khadka",Jawalakhel,sandeep.khadka9224ekantakuna@mail.com
"Lalit Bahadur Paudel",Ekantakuna,"lalit.paudel9225new road@mail.com"
"Sandeep Bir Malla","New Road",sandeep.malla9226jawalakhel@mail.com
"Paras Gopal Malla","New Road",paras.malla9227ekantakuna@mail.com
"Asif Krishna Rajbanshi",Sundhara,asif.rajbanshi9228sundhara@demo.net
"Sandeep Gopal Rajbanshi","New Road","sandeep.rajbanshi9229new road@mail.com"
"Asif Dhoj Paudel",Tinkune,asif.paudel9230baneshwor@example.com
"Sompal Krishna Bhurtel","New Road",sompal.bhurtel9231ratnapark@mail.com
"Sandeep Krishna Lamichane",Tinkune,sandeep.lamichane9232ekantakuna@mail.com
"Asif Bir Kami","New Road",asif.kami9233chabel@test.com
"Rohit Bhagat Bhandari","New Road",rohit.bhandari9234baneshwor@example.com
"Sandeep Lal Lamichane",Ekantakuna,sandeep.lamichane9235gaushala@mail.com
"Rohit Krishna Lamichane",Gaushala,"rohit.lamichane9236new road@test.com"
"Asif Kumar Bhandari","New Road",asif.bhandari9237ekantakuna@example.com
"Arif Dev Lamichane","New Road",arif.lamichane9238sundhara@demo.net
"Kushal Krishna Bhurtel",Tripureshwor,kushal.bhurtel9239chabel@example.com
"Sompal Dhoj Paudel",Gaushala,sompal.paudel9240gaushala@test.com
"Lalit Bir K.C",Sundhara,lalit.k.c9241tinkune@test.com
"Paras Bir Paudel",Ratnapark,paras.paudel9242tripureshwor@example.com
"Sompal Lal Rajbanshi",Tinkune,sompal.rajbanshi9243chabel@test.com
"Lalit Bhopal Bhandari",Ekantakuna,lalit.bhandari9244jawalakhel@example.com
"Karan Dev Khadka",Baneshwor,karan.khadka9245ekantakuna@demo.net
"Rohit Kumar Khadka",Gaushala,rohit.khadka9246ratnapark@mail.com
"Asif Bahadur Kami",Baneshwor,asif.kami9247sundhara@demo.net
"Sompal Bir Bhandari","New Road",sompal.bhandari9248baneshwor@random.org
"Karan Bir Malla",Ratnapark,karan.malla9249tripureshwor@random.org
"Sandeep Gopal Kami",Ekantakuna,sandeep.kami9250gaushala@mail.com
"Sandeep Bhagat Rajbanshi",Sundhara,sandeep.rajbanshi9251gaushala@demo.net
"Asif Bhagat Seikh",Ekantakuna,asif.seikh9252gaushala@test.com
"Kushal Bir Khadka",Tinkune,kushal.khadka9253baneshwor@demo.net
"Lalit Dhoj Khadka",Ratnapark,lalit.khadka9254sundhara@example.com
"Asif Bir Bhandari",Sundhara,asif.bhandari9255jawalakhel@random.org
"Sandeep Bhagat Bhurtel",Sundhara,sandeep.bhurtel9256gaushala@example.com
"Sompal Kumar K.C",Baneshwor,sompal.k.c9257jawalakhel@random.org
"Kushal Kumar Rajbanshi",Ratnapark,"kushal.rajbanshi9258new road@test.com"
"Sandeep Dev Malla",Gaushala,sandeep.malla9259gaushala@mail.com
"Paras Dhoj Bhurtel",Chabel,paras.bhurtel9260tripureshwor@demo.net
"Sandeep Gopal Kami","New Road",sandeep.kami9261sundhara@test.com
"Karan Bahadur Lamichane",Ekantakuna,karan.lamichane9262chabel@test.com
"Sompal Bhagat Seikh",Jawalakhel,"sompal.seikh9263new road@test.com"
"Sandeep Lal Bhurtel",Tripureshwor,sandeep.bhurtel9264jawalakhel@mail.com
"Karan Bir Seikh",Ratnapark,"karan.seikh9265new road@test.com"
"Karan Gopal Bhandari",Chabel,karan.bhandari9266baneshwor@example.com
"Arif Bir Bhandari",Ratnapark,arif.bhandari9267tripureshwor@random.org
"Arif Dev Kami",Chabel,arif.kami9268jawalakhel@test.com
"Rohit Bir Khadka",Baneshwor,rohit.khadka9269tinkune@example.com
"Sandeep Bir Bhurtel",Chabel,"sandeep.bhurtel9270new road@mail.com"
"Arif Gopal Bhurtel","New Road",arif.bhurtel9271gaushala@demo.net
"Lalit Krishna Paudel",Chabel,lalit.paudel9272ratnapark@mail.com
"Sompal Krishna Malla",Ratnapark,sompal.malla9273baneshwor@random.org
"Paras Kumar Paudel",Baneshwor,paras.paudel9274tinkune@example.com
"Arif Bhopal Paudel",Sundhara,arif.paudel9275gaushala@random.org
"Arif Dhoj Bhandari",Tripureshwor,arif.bhandari9276tripureshwor@test.com
"Paras Gopal Seikh",Ratnapark,paras.seikh9277tripureshwor@example.com
"Lalit Dev Bhandari",Gaushala,lalit.bhandari9278gaushala@demo.net
"Asif Gopal Rajbanshi",Gaushala,asif.rajbanshi9279jawalakhel@test.com
"Kushal Lal Lamichane",Chabel,kushal.lamichane9280ratnapark@example.com
"Paras Bahadur Rajbanshi","New Road",paras.rajbanshi9281ratnapark@test.com
"Lalit Lal Kami",Jawalakhel,lalit.kami9282ekantakuna@demo.net
"Arif Bir Lamichane",Ekantakuna,arif.lamichane9283gaushala@random.org
"Sompal Dev Bhurtel",Tinkune,"sompal.bhurtel9284new road@example.com"
"Lalit Lal Lamichane",Chabel,lalit.lamichane9285gaushala@mail.com
"Arif Kumar Khadka",Ratnapark,"arif.khadka9286new road@example.com"
"Paras Bhopal Kami",Sundhara,paras.kami9287chabel@mail.com
"Binod Bhopal Lamichane",Chabel,binod.lamichane9288tripureshwor@example.com
"Karan Bahadur Paudel",Jawalakhel,karan.paudel9289tripureshwor@random.org
"Binod Bhagat Khadka",Tripureshwor,binod.khadka9290gaushala@example.com
"Rohit Dhoj Bhandari",Chabel,rohit.bhandari9291tripureshwor@test.com
"Asif Bahadur K.C",Baneshwor,asif.k.c9292jawalakhel@test.com
"Sandeep Kumar Kami",Ratnapark,sandeep.kami9293jawalakhel@demo.net
"Paras Krishna Khadka","New Road",paras.khadka9294sundhara@example.com
"Paras Bhopal Seikh",Ratnapark,paras.seikh9295chabel@example.com
"Rohit Bahadur Bhandari",Sundhara,rohit.bhandari9296ekantakuna@random.org
"Sandeep Bhopal Kami",Sundhara,sandeep.kami9297tinkune@test.com
"Paras Bir K.C",Baneshwor,paras.k.c9298chabel@example.com
"Lalit Kumar Rajbanshi",Baneshwor,lalit.rajbanshi9299baneshwor@test.com
"Sandeep Dev Malla",Tripureshwor,sandeep.malla9300baneshwor@mail.com
"Lalit Bhopal Khadka","New Road","lalit.khadka9301new road@test.com"
"Paras Bhopal Khadka",Sundhara,paras.khadka9302sundhara@test.com
"Sompal Dev Lamichane","New Road",sompal.lamichane9303gaushala@demo.net
"Arif Gopal Seikh",Ratnapark,arif.seikh9304tripureshwor@test.com
"Paras Bhopal Khadka",Tripureshwor,paras.khadka9305sundhara@test.com
"Binod Bhagat Bhurtel",Ratnapark,binod.bhurtel9306baneshwor@mail.com
"Karan Lal Seikh",Ratnapark,karan.seikh9307sundhara@mail.com
"Binod Bhopal Malla","New Road",binod.malla9308sundhara@random.org
"Kushal Krishna Malla",Jawalakhel,kushal.malla9309gaushala@random.org
"Sompal Dev Malla",Jawalakhel,"sompal.malla9310new road@demo.net"
"Rohit Dhoj Rajbanshi",Jawalakhel,rohit.rajbanshi9311tinkune@test.com
"Lalit Dhoj Kami",Sundhara,lalit.kami9312tinkune@mail.com
"Kushal Bahadur Paudel",Tripureshwor,"kushal.paudel9313new road@random.org"
"Sandeep Lal Bhurtel",Tripureshwor,sandeep.bhurtel9314chabel@test.com
"Rohit Kumar Lamichane",Sundhara,rohit.lamichane9315baneshwor@mail.com
"Kushal Dev Khadka",Chabel,kushal.khadka9316ratnapark@random.org
"Sandeep Dev Paudel","New Road",sandeep.paudel9317chabel@test.com
"Lalit Bhopal Khadka",Chabel,lalit.khadka9318chabel@example.com
"Lalit Bhagat Lamichane",Ratnapark,lalit.lamichane9319ratnapark@random.org
"Rohit Bhagat Lamichane",Ratnapark,"rohit.lamichane9320new road@mail.com"
"Sompal Bhagat Malla",Gaushala,sompal.malla9321chabel@example.com
"Lalit Lal Malla",Chabel,lalit.malla9322ekantakuna@test.com
"Rohit Krishna Bhandari",Gaushala,rohit.bhandari9323tripureshwor@example.com
"Karan Bahadur Kami",Sundhara,karan.kami9324jawalakhel@demo.net
"Rohit Bhopal Lamichane",Tinkune,rohit.lamichane9325ratnapark@random.org
"Arif Bahadur Bhurtel",Sundhara,arif.bhurtel9326chabel@random.org
"Rohit Bahadur Khadka",Jawalakhel,rohit.khadka9327ratnapark@demo.net
"Paras Kumar Paudel",Jawalakhel,paras.paudel9328ekantakuna@test.com
"Kushal Dhoj K.C",Sundhara,kushal.k.c9329baneshwor@random.org
"Asif Krishna Kami",Baneshwor,asif.kami9330gaushala@random.org
"Arif Bhagat Bhandari",Baneshwor,arif.bhandari9331ekantakuna@random.org
"Binod Lal Rajbanshi",Baneshwor,binod.rajbanshi9332baneshwor@test.com
"Binod Dev Seikh",Chabel,binod.seikh9333tinkune@mail.com
"Lalit Lal Kami","New Road",lalit.kami9334jawalakhel@random.org
"Sandeep Dev Malla",Baneshwor,sandeep.malla9335sundhara@demo.net
"Sandeep Lal Bhandari","New Road",sandeep.bhandari9336jawalakhel@example.com
"Rohit Kumar Khadka",Ekantakuna,rohit.khadka9337tripureshwor@demo.net
"Asif Krishna K.C",Ekantakuna,asif.k.c9338baneshwor@example.com
"Asif Dhoj Bhandari","New Road",asif.bhandari9339ekantakuna@mail.com
"Sandeep Lal Lamichane",Chabel,sandeep.lamichane9340tripureshwor@demo.net
"Sandeep Krishna Paudel",Tinkune,sandeep.paudel9341tripureshwor@demo.net
"Sandeep Kumar Khadka",Tinkune,sandeep.khadka9342chabel@random.org
"Rohit Bhagat Rajbanshi",Ratnapark,rohit.rajbanshi9343chabel@test.com
"Lalit Gopal Malla","New Road",lalit.malla9344ratnapark@demo.net
"Lalit Bhopal Bhurtel",Ekantakuna,lalit.bhurtel9345ekantakuna@example.com
"Asif Gopal Seikh",Ratnapark,asif.seikh9346tripureshwor@test.com
"Binod Dhoj Kami","New Road",binod.kami9347chabel@mail.com
"Sandeep Kumar Bhandari",Tripureshwor,sandeep.bhandari9348sundhara@example.com
"Karan Bahadur Kami",Ratnapark,karan.kami9349ekantakuna@random.org
"Arif Krishna Seikh",Ekantakuna,arif.seikh9350sundhara@random.org
"Kushal Dhoj Bhandari",Gaushala,"kushal.bhandari9351new road@test.com"
"Karan Kumar Kami",Jawalakhel,karan.kami9352jawalakhel@test.com
"Sandeep Dev Lamichane",Ekantakuna,sandeep.lamichane9353gaushala@random.org
"Kushal Bhopal Lamichane","New Road",kushal.lamichane9354ratnapark@mail.com
"Asif Dhoj Seikh",Chabel,asif.seikh9355baneshwor@mail.com
"Sompal Kumar Rajbanshi",Ekantakuna,sompal.rajbanshi9356sundhara@example.com
"Lalit Bir Kami",Tripureshwor,lalit.kami9357ratnapark@test.com
"Arif Lal Khadka",Tinkune,arif.khadka9358sundhara@mail.com
"Sompal Kumar Lamichane",Baneshwor,sompal.lamichane9359tripureshwor@test.com
"Rohit Bhagat Kami","New Road",rohit.kami9360ekantakuna@mail.com
"Sandeep Gopal Khadka",Sundhara,sandeep.khadka9361tinkune@mail.com
"Asif Kumar Khadka",Tripureshwor,asif.khadka9362sundhara@example.com
"Lalit Dhoj Kami",Baneshwor,lalit.kami9363chabel@test.com
"Binod Krishna Lamichane",Sundhara,binod.lamichane9364gaushala@random.org
"Kushal Bir Bhurtel",Sundhara,kushal.bhurtel9365chabel@example.com
"Paras Lal Bhandari",Chabel,paras.bhandari9366tinkune@example.com
"Kushal Bhopal Khadka",Jawalakhel,kushal.khadka9367ekantakuna@random.org
"Sompal Bahadur Bhurtel",Ratnapark,sompal.bhurtel9368chabel@test.com
"Sompal Bhopal Paudel",Chabel,sompal.paudel9369tripureshwor@demo.net
"Kushal Bir K.C",Gaushala,kushal.k.c9370tripureshwor@demo.net
"Rohit Gopal Khadka",Tripureshwor,rohit.khadka9371sundhara@demo.net
"Arif Lal Lamichane",Chabel,"arif.lamichane9372new road@test.com"
"Paras Lal K.C",Tinkune,paras.k.c9373tripureshwor@mail.com
"Kushal Bahadur Seikh",Tinkune,kushal.seikh9374ratnapark@random.org
"Binod Dhoj Bhurtel","New Road",binod.bhurtel9375tripureshwor@demo.net
"Sandeep Gopal Lamichane",Ekantakuna,sandeep.lamichane9376tinkune@mail.com
"Arif Bhagat Khadka",Tinkune,arif.khadka9377tinkune@test.com
"Kushal Bhagat Rajbanshi",Sundhara,"kushal.rajbanshi9378new road@random.org"
"Asif Kumar Bhandari",Ekantakuna,asif.bhandari9379gaushala@mail.com
"Karan Lal Khadka","New Road",karan.khadka9380ekantakuna@random.org
"Kushal Bir Malla",Tinkune,kushal.malla9381sundhara@random.org
"Karan Bir K.C",Jawalakhel,karan.k.c9382ekantakuna@example.com
"Kushal Dhoj Bhandari",Baneshwor,kushal.bhandari9383gaushala@test.com
"Kushal Kumar Seikh",Jawalakhel,kushal.seikh9384baneshwor@mail.com
"Binod Bir K.C",Gaushala,binod.k.c9385tripureshwor@mail.com
"Arif Dhoj Khadka",Sundhara,arif.khadka9386gaushala@mail.com
"Sandeep Bir Lamichane",Gaushala,sandeep.lamichane9387baneshwor@demo.net
"Asif Kumar Rajbanshi",Ekantakuna,asif.rajbanshi9388jawalakhel@demo.net
"Sandeep Bir Lamichane",Ratnapark,sandeep.lamichane9389tripureshwor@random.org
"Arif Bhagat Lamichane",Gaushala,arif.lamichane9390chabel@example.com
"Kushal Bahadur Bhurtel",Ekantakuna,kushal.bhurtel9391jawalakhel@test.com
"Arif Dev K.C",Jawalakhel,arif.k.c9392baneshwor@demo.net
"Sompal Bhopal Bhurtel",Chabel,sompal.bhurtel9393ratnapark@demo.net
"Binod Krishna Kami",Ratnapark,"binod.kami9394new road@example.com"
"Binod Krishna Bhurtel",Ekantakuna,binod.bhurtel9395ekantakuna@demo.net
"Lalit Gopal Kami",Baneshwor,lalit.kami9396gaushala@example.com
"Paras Gopal Lamichane",Ekantakuna,paras.lamichane9397tinkune@example.com
"Arif Bhagat Lamichane",Chabel,arif.lamichane9398ekantakuna@random.org
"Arif Gopal Khadka",Tripureshwor,arif.khadka9399jawalakhel@mail.com
"Kushal Bhopal Kami",Baneshwor,kushal.kami9400tripureshwor@demo.net
"Sandeep Lal Khadka",Baneshwor,sandeep.khadka9401tripureshwor@random.org
"Paras Krishna Bhurtel",Tinkune,"paras.bhurtel9402new road@demo.net"
"Paras Bahadur Bhurtel",Tripureshwor,paras.bhurtel9403tinkune@example.com
"Paras Lal Bhandari",Tinkune,paras.bhandari9404jawalakhel@mail.com
"Asif Bahadur Malla",Ratnapark,asif.malla9405tinkune@mail.com
"Karan Krishna K.C",Ekantakuna,karan.k.c9406baneshwor@example.com
"Asif Gopal Kami","New Road",asif.kami9407chabel@test.com
"Asif Bhagat Bhandari",Tripureshwor,asif.bhandari9408sundhara@test.com
"Asif Bahadur Malla",Baneshwor,asif.malla9409sundhara@test.com
"Binod Kumar Seikh",Chabel,binod.seikh9410ratnapark@example.com
"Binod Krishna Lamichane",Baneshwor,binod.lamichane9411sundhara@random.org
"Sandeep Dhoj Khadka",Tinkune,sandeep.khadka9412tripureshwor@example.com
"Arif Dhoj Lamichane",Baneshwor,arif.lamichane9413ratnapark@example.com
"Karan Bahadur Khadka",Jawalakhel,karan.khadka9414tinkune@demo.net
"Sompal Dhoj Bhandari",Ekantakuna,sompal.bhandari9415tinkune@mail.com
"Sompal Dhoj Paudel",Chabel,sompal.paudel9416tripureshwor@test.com
"Binod Dev Khadka",Sundhara,binod.khadka9417baneshwor@mail.com
"Arif Dev Bhandari",Chabel,arif.bhandari9418baneshwor@mail.com
"Kushal Lal Paudel",Chabel,kushal.paudel9419sundhara@test.com
"Lalit Bhopal Bhandari",Jawalakhel,lalit.bhandari9420jawalakhel@demo.net
"Asif Bir Rajbanshi",Jawalakhel,asif.rajbanshi9421jawalakhel@random.org
"Asif Gopal K.C","New Road",asif.k.c9422baneshwor@example.com
"Paras Kumar Malla","New Road",paras.malla9423ratnapark@example.com
"Sompal Bir Malla",Ekantakuna,"sompal.malla9424new road@test.com"
"Rohit Bhopal K.C",Ratnapark,rohit.k.c9425ratnapark@demo.net
"Asif Dhoj Bhurtel","New Road",asif.bhurtel9426gaushala@demo.net
"Sompal Lal Kami",Tripureshwor,sompal.kami9427chabel@example.com
"Binod Lal Seikh",Ekantakuna,binod.seikh9428baneshwor@random.org
"Asif Bir K.C",Sundhara,asif.k.c9429jawalakhel@random.org
"Arif Lal K.C",Tripureshwor,arif.k.c9430chabel@random.org
"Arif Bhopal Malla","New Road","arif.malla9431new road@random.org"
"Asif Dhoj Paudel",Tripureshwor,asif.paudel9432sundhara@random.org
"Kushal Gopal Paudel",Tripureshwor,kushal.paudel9433ekantakuna@example.com
"Sompal Dev Paudel",Gaushala,sompal.paudel9434jawalakhel@example.com
"Kushal Lal Rajbanshi",Tinkune,kushal.rajbanshi9435gaushala@test.com
"Binod Bhagat Rajbanshi",Ratnapark,binod.rajbanshi9436chabel@example.com
"Binod Kumar Bhurtel","New Road",binod.bhurtel9437sundhara@test.com
"Arif Bhopal K.C",Tinkune,arif.k.c9438ratnapark@demo.net
"Paras Lal Lamichane",Chabel,paras.lamichane9439ratnapark@example.com
"Sompal Bhopal Bhandari",Tripureshwor,sompal.bhandari9440chabel@mail.com
"Arif Lal Seikh","New Road",arif.seikh9441jawalakhel@test.com
"Karan Kumar Seikh",Baneshwor,karan.seikh9442tripureshwor@random.org
"Karan Dev Seikh",Ekantakuna,karan.seikh9443gaushala@random.org
"Binod Dhoj Bhandari",Ratnapark,binod.bhandari9444gaushala@mail.com
"Sompal Gopal Lamichane",Ekantakuna,sompal.lamichane9445tripureshwor@mail.com
"Asif Dev Khadka",Tinkune,asif.khadka9446baneshwor@demo.net
"Sompal Bir Lamichane",Tinkune,sompal.lamichane9447sundhara@demo.net
"Kushal Gopal Paudel","New Road",kushal.paudel9448baneshwor@mail.com
"Binod Bahadur Lamichane",Tinkune,binod.lamichane9449ratnapark@example.com
"Paras Bhopal K.C",Chabel,paras.k.c9450ekantakuna@mail.com
"Asif Bir Bhurtel",Ekantakuna,asif.bhurtel9451baneshwor@example.com
"Paras Krishna Khadka",Sundhara,"paras.khadka9452new road@random.org"
"Rohit Bhagat Khadka",Baneshwor,rohit.khadka9453baneshwor@mail.com
"Binod Bhopal K.C",Baneshwor,binod.k.c9454baneshwor@demo.net
"Paras Kumar Seikh",Tinkune,paras.seikh9455sundhara@example.com
"Arif Gopal Lamichane",Tripureshwor,arif.lamichane9456chabel@test.com
"Binod Gopal Malla",Baneshwor,binod.malla9457baneshwor@random.org
"Kushal Dev Bhurtel",Jawalakhel,"kushal.bhurtel9458new road@random.org"
"Asif Lal Seikh",Tinkune,asif.seikh9459jawalakhel@random.org
"Arif Gopal K.C",Chabel,"arif.k.c9460new road@demo.net"
"Lalit Dev Khadka",Ekantakuna,lalit.khadka9461ratnapark@mail.com
"Paras Bahadur K.C",Ekantakuna,paras.k.c9462tripureshwor@example.com
"Lalit Dhoj Khadka",Baneshwor,"lalit.khadka9463new road@mail.com"
"Rohit Bhagat Kami",Baneshwor,rohit.kami9464ekantakuna@example.com
"Rohit Bhopal Bhurtel",Ekantakuna,rohit.bhurtel9465ratnapark@random.org
"Rohit Bhopal Kami",Baneshwor,rohit.kami9466tripureshwor@demo.net
"Kushal Gopal Malla",Chabel,kushal.malla9467chabel@example.com
"Arif Lal Kami",Chabel,arif.kami9468tinkune@random.org
"Kushal Bhagat Paudel",Jawalakhel,kushal.paudel9469chabel@example.com
"Karan Kumar Malla",Sundhara,karan.malla9470tinkune@example.com
"Binod Dev Kami","New Road",binod.kami9471baneshwor@random.org
"Rohit Dhoj Malla","New Road",rohit.malla9472ratnapark@demo.net
"Sandeep Bhopal K.C",Ekantakuna,sandeep.k.c9473ekantakuna@mail.com
"Asif Dhoj K.C",Sundhara,asif.k.c9474tripureshwor@demo.net
"Asif Dhoj Bhurtel",Chabel,"asif.bhurtel9475new road@example.com"
"Arif Dev Seikh",Tinkune,arif.seikh9476baneshwor@demo.net
"Sompal Bhopal K.C",Ekantakuna,sompal.k.c9477tinkune@test.com
"Binod Dev Rajbanshi",Gaushala,"binod.rajbanshi9478new road@demo.net"
"Kushal Dev Malla",Ekantakuna,kushal.malla9479ekantakuna@example.com
"Sandeep Gopal Bhandari",Sundhara,sandeep.bhandari9480chabel@random.org
"Asif Dev K.C",Ekantakuna,"asif.k.c9481new road@random.org"
"Karan Kumar Rajbanshi",Gaushala,karan.rajbanshi9482ratnapark@random.org
"Asif Bir Bhurtel",Jawalakhel,asif.bhurtel9483baneshwor@demo.net
"Paras Dev Khadka",Tinkune,paras.khadka9484jawalakhel@example.com
"Asif Bir K.C",Chabel,asif.k.c9485chabel@random.org
"Paras Bhopal Malla",Chabel,paras.malla9486gaushala@example.com
"Asif Bhagat Rajbanshi",Baneshwor,asif.rajbanshi9487gaushala@demo.net
"Kushal Krishna Khadka",Tinkune,kushal.khadka9488ekantakuna@demo.net
"Sandeep Bhopal Rajbanshi",Jawalakhel,sandeep.rajbanshi9489baneshwor@mail.com
"Sompal Bir Seikh",Chabel,"sompal.seikh9490new road@demo.net"
"Sandeep Lal Malla",Baneshwor,sandeep.malla9491sundhara@example.com
"Karan Bhopal Rajbanshi",Tinkune,karan.rajbanshi9492tripureshwor@example.com
"Binod Kumar Paudel",Gaushala,"binod.paudel9493new road@mail.com"
"Asif Gopal Bhandari","New Road",asif.bhandari9494sundhara@example.com
"Asif Lal Paudel",Ratnapark,asif.paudel9495tinkune@mail.com
"Arif Bahadur Lamichane",Gaushala,arif.lamichane9496ratnapark@example.com
"Asif Bhagat Kami",Gaushala,asif.kami9497tinkune@random.org
"Arif Dhoj Paudel",Tripureshwor,arif.paudel9498gaushala@mail.com
"Kushal Bhopal Bhandari","New Road",kushal.bhandari9499baneshwor@test.com
"Rohit Kumar Lamichane",Baneshwor,rohit.lamichane9500jawalakhel@random.org
"Karan Bhopal Seikh",Jawalakhel,karan.seikh9501sundhara@example.com
"Sompal Lal Rajbanshi",Tripureshwor,sompal.rajbanshi9502chabel@test.com
"Binod Bir Paudel",Sundhara,binod.paudel9503gaushala@random.org
"Paras Dev Seikh",Tripureshwor,paras.seikh9504jawalakhel@random.org
"Kushal Bhopal Malla",Chabel,kushal.malla9505chabel@demo.net
"Arif Krishna Kami","New Road",arif.kami9506ratnapark@random.org
"Binod Bhopal Paudel",Jawalakhel,binod.paudel9507ratnapark@demo.net
"Kushal Dev K.C",Jawalakhel,kushal.k.c9508tinkune@mail.com
"Sandeep Bir Lamichane",Sundhara,sandeep.lamichane9509gaushala@demo.net
"Asif Dhoj Paudel",Jawalakhel,asif.paudel9510ratnapark@test.com
"Binod Bahadur K.C",Baneshwor,binod.k.c9511baneshwor@demo.net
"Sompal Bhopal Khadka",Tripureshwor,sompal.khadka9512baneshwor@mail.com
"Sompal Lal Lamichane",Jawalakhel,sompal.lamichane9513tinkune@mail.com
"Binod Bhagat Bhandari",Tripureshwor,binod.bhandari9514sundhara@mail.com
"Sompal Lal Lamichane",Tinkune,sompal.lamichane9515chabel@demo.net
"Binod Dhoj Paudel",Tripureshwor,binod.paudel9516jawalakhel@example.com
"Sandeep Lal Bhandari",Gaushala,sandeep.bhandari9517ekantakuna@mail.com
"Sandeep Bahadur K.C",Tripureshwor,sandeep.k.c9518ekantakuna@demo.net
"Sompal Kumar Khadka",Ekantakuna,sompal.khadka9519ratnapark@random.org
"Arif Lal Malla",Chabel,arif.malla9520baneshwor@mail.com
"Binod Krishna Bhandari",Ekantakuna,binod.bhandari9521jawalakhel@mail.com
"Sompal Dev Khadka",Tinkune,sompal.khadka9522gaushala@demo.net
"Binod Bhopal Khadka",Ekantakuna,binod.khadka9523jawalakhel@example.com
"Karan Krishna Seikh",Jawalakhel,karan.seikh9524chabel@demo.net
"Sompal Gopal Khadka",Tripureshwor,sompal.khadka9525ratnapark@test.com
"Sompal Dhoj Paudel",Ratnapark,"sompal.paudel9526new road@mail.com"
"Rohit Bir Kami",Jawalakhel,rohit.kami9527tinkune@demo.net
"Binod Dhoj Seikh",Sundhara,binod.seikh9528jawalakhel@example.com
"Sompal Dhoj Seikh",Sundhara,sompal.seikh9529sundhara@random.org
"Sompal Gopal Seikh",Ratnapark,sompal.seikh9530gaushala@example.com
"Sompal Bahadur K.C",Tripureshwor,sompal.k.c9531jawalakhel@mail.com
"Asif Lal Bhurtel",Chabel,asif.bhurtel9532chabel@random.org
"Rohit Bir Lamichane",Tripureshwor,rohit.lamichane9533tinkune@mail.com
"Sandeep Bir Lamichane",Ratnapark,sandeep.lamichane9534sundhara@example.com
"Binod Gopal Bhandari","New Road",binod.bhandari9535sundhara@demo.net
"Binod Lal Khadka",Jawalakhel,binod.khadka9536ratnapark@test.com
"Sompal Kumar Seikh",Tinkune,sompal.seikh9537gaushala@mail.com
"Karan Bir Kami",Sundhara,karan.kami9538ratnapark@demo.net
"Binod Kumar K.C","New Road",binod.k.c9539jawalakhel@mail.com
"Arif Bahadur Rajbanshi",Jawalakhel,arif.rajbanshi9540ratnapark@random.org
"Rohit Bahadur Rajbanshi",Tripureshwor,rohit.rajbanshi9541ratnapark@test.com
"Paras Gopal Khadka",Gaushala,paras.khadka9542gaushala@example.com
"Sompal Lal Rajbanshi",Tinkune,sompal.rajbanshi9543sundhara@demo.net
"Sandeep Bir Lamichane",Tinkune,sandeep.lamichane9544tripureshwor@demo.net
"Binod Kumar Khadka",Baneshwor,binod.khadka9545tripureshwor@example.com
"Sompal Bhagat Paudel",Baneshwor,sompal.paudel9546gaushala@example.com
"Lalit Bahadur Khadka",Tripureshwor,lalit.khadka9547jawalakhel@example.com
"Lalit Bhagat Kami",Ekantakuna,lalit.kami9548tripureshwor@demo.net
"Rohit Bhopal Paudel",Tripureshwor,rohit.paudel9549baneshwor@demo.net
"Karan Bhagat Bhurtel",Gaushala,karan.bhurtel9550chabel@test.com
"Arif Bahadur Malla",Tripureshwor,arif.malla9551gaushala@example.com
"Asif Bir Rajbanshi",Tinkune,asif.rajbanshi9552jawalakhel@mail.com
"Rohit Bir Khadka","New Road",rohit.khadka9553chabel@random.org
"Binod Bir Rajbanshi",Sundhara,binod.rajbanshi9554tripureshwor@mail.com
"Binod Gopal Kami",Tripureshwor,"binod.kami9555new road@example.com"
"Kushal Bhagat Khadka","New Road",kushal.khadka9556tinkune@demo.net
"Lalit Bahadur Bhurtel","New Road",lalit.bhurtel9557chabel@mail.com
"Kushal Lal Lamichane",Chabel,kushal.lamichane9558jawalakhel@random.org
"Lalit Lal Kami",Ratnapark,lalit.kami9559ekantakuna@mail.com
"Binod Krishna Rajbanshi",Tinkune,binod.rajbanshi9560tripureshwor@mail.com
"Sompal Bhopal Malla",Tripureshwor,sompal.malla9561ratnapark@mail.com
"Sompal Bhagat Paudel",Jawalakhel,sompal.paudel9562ekantakuna@example.com
"Arif Bahadur Rajbanshi",Tinkune,arif.rajbanshi9563baneshwor@demo.net
"Paras Gopal Rajbanshi",Chabel,paras.rajbanshi9564jawalakhel@demo.net
"Arif Kumar Lamichane",Ratnapark,arif.lamichane9565sundhara@example.com
"Lalit Dhoj Rajbanshi",Chabel,lalit.rajbanshi9566ekantakuna@random.org
"Arif Bhagat Bhandari",Chabel,arif.bhandari9567baneshwor@test.com
"Binod Lal Rajbanshi","New Road",binod.rajbanshi9568sundhara@example.com
"Lalit Dev Rajbanshi",Ratnapark,"lalit.rajbanshi9569new road@demo.net"
"Sandeep Lal Rajbanshi","New Road","sandeep.rajbanshi9570new road@mail.com"
"Asif Gopal Lamichane",Tinkune,asif.lamichane9571jawalakhel@mail.com
"Karan Kumar Paudel",Tripureshwor,"karan.paudel9572new road@test.com"
"Kushal Bhopal Kami",Tripureshwor,"kushal.kami9573new road@random.org"
"Kushal Krishna Bhandari",Tripureshwor,"kushal.bhandari9574new road@mail.com"
"Binod Lal K.C",Tinkune,binod.k.c9575ekantakuna@mail.com
"Arif Bahadur Khadka",Jawalakhel,arif.khadka9576gaushala@demo.net
"Rohit Krishna Khadka",Ekantakuna,rohit.khadka9577gaushala@random.org
"Binod Bhopal Rajbanshi",Baneshwor,binod.rajbanshi9578chabel@example.com
"Sompal Bahadur Malla",Sundhara,sompal.malla9579chabel@mail.com
"Kushal Bhopal K.C",Sundhara,kushal.k.c9580sundhara@random.org
"Binod Bahadur Bhandari",Ekantakuna,binod.bhandari9581jawalakhel@random.org
"Kushal Bir Bhurtel",Tinkune,kushal.bhurtel9582chabel@random.org
"Paras Gopal Bhurtel",Tinkune,"paras.bhurtel9583new road@test.com"
"Kushal Bahadur Lamichane",Baneshwor,kushal.lamichane9584ratnapark@mail.com
"Rohit Gopal Malla",Gaushala,"rohit.malla9585new road@mail.com"
"Arif Dev Bhandari",Ratnapark,arif.bhandari9586sundhara@test.com
"Karan Lal Seikh",Jawalakhel,karan.seikh9587gaushala@example.com
"Sandeep Dhoj Bhurtel",Baneshwor,sandeep.bhurtel9588tripureshwor@example.com
"Asif Bhagat Paudel",Ratnapark,"asif.paudel9589new road@example.com"
"Kushal Bhopal Lamichane",Baneshwor,kushal.lamichane9590baneshwor@mail.com
"Sandeep Kumar Rajbanshi",Tripureshwor,sandeep.rajbanshi9591tripureshwor@random.org
"Kushal Bahadur Bhandari",Gaushala,"kushal.bhandari9592new road@test.com"
"Asif Lal Seikh",Chabel,asif.seikh9593jawalakhel@mail.com
"Karan Bhopal Khadka",Chabel,"karan.khadka9594new road@demo.net"
"Kushal Kumar Paudel",Baneshwor,kushal.paudel9595tinkune@random.org
"Sandeep Bhagat Kami",Tripureshwor,sandeep.kami9596gaushala@random.org
"Sompal Kumar Rajbanshi",Chabel,"sompal.rajbanshi9597new road@example.com"
"Lalit Dhoj Kami",Ratnapark,"lalit.kami9598new road@demo.net"
"Rohit Bhopal Kami",Chabel,rohit.kami9599tinkune@mail.com
"Lalit Bhagat Rajbanshi",Chabel,"lalit.rajbanshi9600new road@test.com"
"Sompal Bir Rajbanshi",Tripureshwor,sompal.rajbanshi9601gaushala@random.org
"Karan Lal Kami",Gaushala,karan.kami9602ratnapark@demo.net
"Karan Bhopal Bhurtel","New Road","karan.bhurtel9603new road@example.com"
"Binod Krishna Bhandari",Tinkune,binod.bhandari9604tripureshwor@example.com
"Arif Bir K.C",Ratnapark,"arif.k.c9605new road@mail.com"
"Sompal Lal Kami",Ekantakuna,sompal.kami9606jawalakhel@demo.net
"Sandeep Dhoj Bhandari",Chabel,sandeep.bhandari9607gaushala@example.com
"Sandeep Gopal Malla",Tripureshwor,sandeep.malla9608chabel@mail.com
"Lalit Bhopal Seikh",Jawalakhel,lalit.seikh9609tinkune@test.com
"Arif Gopal Seikh",Ratnapark,arif.seikh9610ratnapark@example.com
"Sompal Kumar Seikh",Baneshwor,sompal.seikh9611chabel@test.com
"Paras Bahadur Paudel",Tripureshwor,paras.paudel9612ekantakuna@test.com
"Sompal Lal Lamichane",Gaushala,sompal.lamichane9613gaushala@test.com
"Karan Kumar Kami",Gaushala,karan.kami9614jawalakhel@example.com
"Binod Bhopal Lamichane",Gaushala,binod.lamichane9615gaushala@demo.net
"Sandeep Bhopal Paudel",Chabel,sandeep.paudel9616baneshwor@demo.net
"Asif Lal Paudel",Gaushala,asif.paudel9617tinkune@random.org
"Sandeep Gopal Lamichane",Tripureshwor,sandeep.lamichane9618tripureshwor@test.com
"Sompal Bhagat Malla",Tripureshwor,sompal.malla9619ratnapark@test.com
"Arif Gopal Bhandari",Tinkune,arif.bhandari9620ratnapark@mail.com
"Asif Bhagat Malla",Sundhara,asif.malla9621ekantakuna@mail.com
"Sompal Bhopal Seikh",Baneshwor,sompal.seikh9622sundhara@test.com
"Arif Dhoj Bhandari",Tinkune,arif.bhandari9623ekantakuna@random.org
"Asif Bhopal Rajbanshi",Tripureshwor,asif.rajbanshi9624ekantakuna@example.com
"Kushal Bahadur Bhurtel",Tinkune,"kushal.bhurtel9625new road@random.org"
"Rohit Gopal Kami","New Road",rohit.kami9626tinkune@random.org
"Arif Bir K.C",Jawalakhel,"arif.k.c9627new road@random.org"
"Binod Gopal Lamichane",Tripureshwor,binod.lamichane9628tinkune@test.com
"Binod Bhagat Khadka",Gaushala,binod.khadka9629tripureshwor@mail.com
"Kushal Bahadur Bhurtel",Tinkune,"kushal.bhurtel9630new road@example.com"
"Arif Dev Kami",Ratnapark,arif.kami9631tinkune@mail.com
"Arif Bir Rajbanshi",Ekantakuna,arif.rajbanshi9632ratnapark@random.org
"Arif Krishna Rajbanshi",Ratnapark,arif.rajbanshi9633tinkune@random.org
"Karan Kumar K.C",Baneshwor,karan.k.c9634sundhara@random.org
"Binod Bahadur Lamichane","New Road","binod.lamichane9635new road@test.com"
"Sompal Bhopal Khadka",Tinkune,sompal.khadka9636ekantakuna@test.com
"Sompal Bir Lamichane",Ratnapark,sompal.lamichane9637chabel@mail.com
"Sompal Lal Khadka",Chabel,sompal.khadka9638jawalakhel@mail.com
"Asif Bhagat Khadka",Sundhara,asif.khadka9639jawalakhel@demo.net
"Sandeep Bahadur Rajbanshi",Ekantakuna,sandeep.rajbanshi9640sundhara@test.com
"Arif Lal Paudel",Sundhara,arif.paudel9641chabel@example.com
"Rohit Kumar Bhandari",Tinkune,rohit.bhandari9642sundhara@test.com
"Asif Dhoj K.C",Gaushala,asif.k.c9643tinkune@mail.com
"Sompal Dev Bhurtel",Ratnapark,sompal.bhurtel9644ekantakuna@test.com
"Rohit Bhagat Bhandari",Sundhara,rohit.bhandari9645gaushala@example.com
"Karan Bahadur Rajbanshi","New Road",karan.rajbanshi9646baneshwor@random.org
"Arif Krishna Khadka",Baneshwor,arif.khadka9647sundhara@test.com
"Kushal Dhoj Lamichane",Ratnapark,kushal.lamichane9648tripureshwor@random.org
"Sandeep Dhoj K.C","New Road",sandeep.k.c9649ekantakuna@mail.com
"Arif Kumar Bhandari","New Road",arif.bhandari9650gaushala@example.com
"Sandeep Kumar Kami",Tinkune,sandeep.kami9651ratnapark@demo.net
"Paras Bhopal Rajbanshi",Chabel,paras.rajbanshi9652gaushala@random.org
"Binod Bhopal Kami",Chabel,"binod.kami9653new road@example.com"
"Binod Lal Malla",Chabel,binod.malla9654baneshwor@mail.com
"Sompal Bhopal Seikh",Jawalakhel,sompal.seikh9655ekantakuna@example.com
"Arif Lal Kami",Ekantakuna,arif.kami9656tinkune@mail.com
"Rohit Kumar Seikh",Ekantakuna,rohit.seikh9657tripureshwor@test.com
"Rohit Gopal Lamichane",Tripureshwor,rohit.lamichane9658baneshwor@random.org
"Arif Dev Paudel",Jawalakhel,arif.paudel9659baneshwor@mail.com
"Rohit Dhoj K.C","New Road",rohit.k.c9660gaushala@random.org
"Rohit Dhoj Lamichane",Tinkune,rohit.lamichane9661tripureshwor@demo.net
"Sompal Bhopal K.C",Chabel,sompal.k.c9662ekantakuna@mail.com
"Asif Dhoj Kami",Gaushala,asif.kami9663ratnapark@mail.com
"Sompal Bhopal Khadka",Ratnapark,sompal.khadka9664sundhara@random.org
"Kushal Bhagat Malla",Tripureshwor,kushal.malla9665chabel@demo.net
"Asif Krishna Paudel",Gaushala,asif.paudel9666sundhara@test.com
"Arif Lal K.C",Ratnapark,arif.k.c9667ekantakuna@demo.net
"Binod Bhopal K.C","New Road",binod.k.c9668baneshwor@example.com
"Rohit Bir Lamichane",Tripureshwor,rohit.lamichane9669baneshwor@example.com
"Arif Bahadur Bhurtel",Tinkune,arif.bhurtel9670sundhara@example.com
"Rohit Krishna K.C",Gaushala,rohit.k.c9671baneshwor@demo.net
"Sandeep Gopal Bhurtel",Ekantakuna,sandeep.bhurtel9672ekantakuna@demo.net
"Sompal Gopal Kami",Gaushala,sompal.kami9673gaushala@mail.com
"Sandeep Krishna Seikh",Baneshwor,sandeep.seikh9674tripureshwor@random.org
"Sandeep Krishna K.C",Chabel,sandeep.k.c9675tripureshwor@mail.com
"Kushal Krishna K.C","New Road",kushal.k.c9676ekantakuna@demo.net
"Rohit Bhopal Lamichane",Ratnapark,rohit.lamichane9677baneshwor@random.org
"Sandeep Dhoj K.C",Jawalakhel,sandeep.k.c9678baneshwor@mail.com
"Paras Krishna Bhurtel",Tinkune,"paras.bhurtel9679new road@demo.net"
"Sandeep Lal Kami","New Road",sandeep.kami9680chabel@demo.net
"Rohit Bir Kami",Tripureshwor,rohit.kami9681baneshwor@example.com
"Asif Dhoj Bhandari",Sundhara,"asif.bhandari9682new road@demo.net"
"Lalit Dhoj Khadka",Jawalakhel,lalit.khadka9683tinkune@example.com
"Paras Gopal K.C",Tinkune,paras.k.c9684chabel@random.org
"Sandeep Gopal Khadka",Sundhara,sandeep.khadka9685baneshwor@demo.net
"Kushal Lal Rajbanshi",Jawalakhel,kushal.rajbanshi9686sundhara@example.com
"Asif Bhopal Malla",Sundhara,asif.malla9687sundhara@mail.com
"Kushal Bir K.C",Chabel,kushal.k.c9688ekantakuna@test.com
"Sompal Kumar Kami",Tinkune,sompal.kami9689tripureshwor@mail.com
"Sandeep Bir K.C",Tripureshwor,sandeep.k.c9690tripureshwor@test.com
"Arif Krishna Kami",Ekantakuna,arif.kami9691baneshwor@random.org
"Kushal Lal Lamichane",Gaushala,kushal.lamichane9692jawalakhel@random.org
"Arif Kumar Malla",Jawalakhel,arif.malla9693chabel@demo.net
"Sandeep Lal Bhandari",Gaushala,sandeep.bhandari9694jawalakhel@example.com
"Karan Dhoj K.C",Sundhara,karan.k.c9695chabel@test.com
"Kushal Bir Paudel",Gaushala,kushal.paudel9696ekantakuna@mail.com
"Binod Kumar K.C",Ratnapark,"binod.k.c9697new road@demo.net"
"Arif Lal Bhandari",Tripureshwor,arif.bhandari9698gaushala@random.org
"Binod Bhopal Kami",Baneshwor,binod.kami9699ratnapark@test.com
"Paras Bir Malla","New Road",paras.malla9700sundhara@random.org
"Sandeep Dhoj Khadka",Ratnapark,"sandeep.khadka9701new road@example.com"
"Karan Krishna Bhandari",Tinkune,karan.bhandari9702tinkune@random.org
"Paras Lal Malla",Baneshwor,paras.malla9703ekantakuna@example.com
"Rohit Bahadur Seikh",Baneshwor,rohit.seikh9704tripureshwor@demo.net
"Kushal Gopal Bhurtel",Ekantakuna,kushal.bhurtel9705ratnapark@example.com
"Sandeep Bhagat Kami",Chabel,sandeep.kami9706chabel@demo.net
"Sandeep Bhagat Bhurtel",Ekantakuna,sandeep.bhurtel9707baneshwor@random.org
"Paras Lal K.C",Baneshwor,paras.k.c9708ratnapark@test.com
"Karan Bahadur Kami",Gaushala,karan.kami9709chabel@random.org
"Paras Bhopal K.C",Jawalakhel,paras.k.c9710ratnapark@random.org
"Asif Dev Kami",Tinkune,asif.kami9711chabel@test.com
"Lalit Bhopal Bhandari",Gaushala,lalit.bhandari9712jawalakhel@example.com
"Sandeep Kumar Bhurtel",Sundhara,sandeep.bhurtel9713sundhara@mail.com
"Sompal Dev Paudel","New Road",sompal.paudel9714ekantakuna@test.com
"Paras Bhagat Lamichane",Sundhara,paras.lamichane9715tripureshwor@example.com
"Asif Dhoj Bhurtel",Baneshwor,asif.bhurtel9716jawalakhel@mail.com
"Paras Kumar Paudel",Tinkune,paras.paudel9717jawalakhel@mail.com
"Lalit Bhagat Malla",Ekantakuna,lalit.malla9718baneshwor@test.com
"Rohit Bir Paudel",Baneshwor,rohit.paudel9719sundhara@example.com
"Arif Bahadur K.C",Baneshwor,arif.k.c9720jawalakhel@mail.com
"Binod Bhopal Bhandari",Chabel,binod.bhandari9721gaushala@test.com
"Sandeep Bahadur Rajbanshi",Ratnapark,sandeep.rajbanshi9722tripureshwor@example.com
"Paras Bhagat Lamichane",Ekantakuna,paras.lamichane9723gaushala@random.org
"Paras Kumar Seikh",Ekantakuna,paras.seikh9724tinkune@demo.net
"Binod Gopal Bhandari",Gaushala,"binod.bhandari9725new road@mail.com"
"Rohit Dev Kami",Gaushala,rohit.kami9726ratnapark@mail.com
"Karan Bhopal Malla",Baneshwor,karan.malla9727tripureshwor@random.org
"Arif Dhoj Malla",Gaushala,arif.malla9728chabel@example.com
"Asif Bir Bhurtel",Tripureshwor,asif.bhurtel9729ratnapark@example.com
"Arif Lal Bhandari",Jawalakhel,arif.bhandari9730ratnapark@demo.net
"Karan Lal Kami",Baneshwor,karan.kami9731tripureshwor@demo.net
"Arif Kumar Malla",Chabel,arif.malla9732tinkune@random.org
"Rohit Bhopal K.C",Ekantakuna,rohit.k.c9733baneshwor@example.com
"Binod Bahadur Bhurtel",Gaushala,binod.bhurtel9734gaushala@random.org
"Karan Dev Bhurtel",Sundhara,karan.bhurtel9735tripureshwor@mail.com
"Kushal Bhopal Lamichane",Sundhara,kushal.lamichane9736baneshwor@example.com
"Paras Bhopal Rajbanshi",Chabel,paras.rajbanshi9737chabel@demo.net
"Asif Bhopal Paudel",Ratnapark,"asif.paudel9738new road@example.com"
"Binod Lal Paudel","New Road",binod.paudel9739gaushala@random.org
"Asif Lal Bhandari",Chabel,asif.bhandari9740tinkune@random.org
"Arif Gopal Paudel",Tinkune,"arif.paudel9741new road@random.org"
"Lalit Bhopal Khadka",Gaushala,lalit.khadka9742baneshwor@demo.net
"Paras Bir Bhandari",Ratnapark,paras.bhandari9743chabel@mail.com
"Rohit Bahadur Seikh","New Road",rohit.seikh9744tinkune@example.com
"Arif Bhopal Lamichane",Gaushala,arif.lamichane9745chabel@test.com
"Rohit Kumar K.C","New Road","rohit.k.c9746new road@example.com"
"Rohit Dev Kami",Jawalakhel,rohit.kami9747chabel@example.com
"Rohit Krishna K.C",Tripureshwor,rohit.k.c9748sundhara@mail.com
"Paras Dev Bhandari",Ekantakuna,paras.bhandari9749jawalakhel@demo.net
"Sompal Bhagat Malla",Chabel,sompal.malla9750ekantakuna@mail.com
"Kushal Dev K.C",Jawalakhel,"kushal.k.c9751new road@mail.com"
"Sompal Dev Malla",Baneshwor,sompal.malla9752ratnapark@example.com
"Rohit Bir Paudel",Gaushala,rohit.paudel9753tinkune@example.com
"Paras Lal K.C",Baneshwor,paras.k.c9754jawalakhel@demo.net
"Rohit Krishna Bhurtel",Baneshwor,rohit.bhurtel9755gaushala@example.com
"Paras Bhagat Malla",Jawalakhel,paras.malla9756chabel@example.com
"Binod Kumar Bhandari","New Road",binod.bhandari9757ratnapark@example.com
"Rohit Krishna Malla",Gaushala,rohit.malla9758jawalakhel@demo.net
"Rohit Bahadur Lamichane",Gaushala,rohit.lamichane9759baneshwor@test.com
"Rohit Bhagat Seikh",Ekantakuna,rohit.seikh9760gaushala@example.com
"Paras Gopal Bhurtel",Gaushala,paras.bhurtel9761tinkune@mail.com
"Binod Bhagat Khadka",Gaushala,binod.khadka9762ekantakuna@random.org
"Arif Bhagat Lamichane",Tripureshwor,arif.lamichane9763jawalakhel@mail.com
"Paras Gopal Khadka",Jawalakhel,paras.khadka9764tripureshwor@example.com
"Arif Bahadur Seikh",Tripureshwor,arif.seikh9765tripureshwor@random.org
"Binod Krishna Lamichane",Ratnapark,binod.lamichane9766ratnapark@example.com
"Paras Bahadur Bhandari",Tripureshwor,paras.bhandari9767ratnapark@test.com
"Asif Bir Paudel","New Road",asif.paudel9768chabel@random.org
"Arif Gopal K.C",Sundhara,arif.k.c9769tinkune@random.org
"Binod Bir Lamichane",Sundhara,binod.lamichane9770jawalakhel@test.com
"Karan Kumar Kami",Tripureshwor,karan.kami9771ratnapark@example.com
"Sompal Lal Bhurtel",Tinkune,sompal.bhurtel9772chabel@example.com
"Kushal Lal K.C","New Road",kushal.k.c9773chabel@example.com
"Sandeep Lal Paudel",Ekantakuna,"sandeep.paudel9774new road@mail.com"
"Kushal Dhoj Bhurtel",Tripureshwor,kushal.bhurtel9775gaushala@test.com
"Paras Bahadur Seikh",Jawalakhel,paras.seikh9776ekantakuna@random.org
"Binod Lal Khadka",Ratnapark,binod.khadka9777chabel@mail.com
"Sompal Bahadur Khadka",Baneshwor,sompal.khadka9778chabel@random.org
"Arif Dhoj Kami",Baneshwor,arif.kami9779gaushala@test.com
"Asif Dhoj Khadka",Sundhara,asif.khadka9780tripureshwor@random.org
"Lalit Krishna Seikh",Tinkune,"lalit.seikh9781new road@demo.net"
"Paras Krishna Rajbanshi",Baneshwor,paras.rajbanshi9782jawalakhel@test.com
"Sompal Krishna Seikh",Jawalakhel,"sompal.seikh9783new road@demo.net"
"Rohit Bhagat Seikh",Baneshwor,rohit.seikh9784sundhara@mail.com
"Rohit Bhagat Malla",Tinkune,rohit.malla9785chabel@demo.net
"Paras Krishna Paudel",Jawalakhel,paras.paudel9786ratnapark@demo.net
"Binod Bhopal Lamichane",Sundhara,binod.lamichane9787ratnapark@mail.com
"Sompal Kumar Bhandari",Chabel,sompal.bhandari9788ekantakuna@example.com
"Sompal Lal Bhandari",Ratnapark,sompal.bhandari9789baneshwor@test.com
"Karan Dev Khadka",Tripureshwor,karan.khadka9790chabel@demo.net
"Sandeep Bhopal Rajbanshi",Baneshwor,sandeep.rajbanshi9791ratnapark@test.com
"Asif Bhopal Khadka",Tinkune,asif.khadka9792ratnapark@random.org
"Sompal Bahadur Malla",Baneshwor,sompal.malla9793gaushala@test.com
"Binod Lal Rajbanshi",Tinkune,binod.rajbanshi9794chabel@example.com
"Rohit Bahadur Lamichane",Chabel,rohit.lamichane9795baneshwor@mail.com
"Asif Bir Lamichane",Ekantakuna,asif.lamichane9796chabel@demo.net
"Paras Dhoj K.C",Gaushala,paras.k.c9797chabel@random.org
"Arif Bhopal Bhurtel",Sundhara,arif.bhurtel9798chabel@mail.com
"Sandeep Krishna Khadka",Chabel,sandeep.khadka9799sundhara@test.com
"Arif Bir Kami",Ratnapark,arif.kami9800tinkune@test.com
"Rohit Bhopal Kami",Ratnapark,rohit.kami9801tripureshwor@demo.net
"Kushal Bhopal Paudel",Baneshwor,kushal.paudel9802sundhara@test.com
"Lalit Bhagat Bhandari",Gaushala,lalit.bhandari9803sundhara@test.com
"Arif Lal Bhurtel",Jawalakhel,arif.bhurtel9804jawalakhel@test.com
"Arif Lal Seikh",Chabel,arif.seikh9805ratnapark@example.com
"Binod Bir Kami",Gaushala,binod.kami9806jawalakhel@random.org
"Rohit Bir Paudel",Jawalakhel,rohit.paudel9807chabel@example.com
"Asif Krishna Seikh",Tinkune,asif.seikh9808sundhara@example.com
"Lalit Dhoj Rajbanshi",Baneshwor,lalit.rajbanshi9809tripureshwor@mail.com
"Karan Bahadur Malla",Sundhara,karan.malla9810tinkune@mail.com
"Rohit Kumar Bhurtel",Tripureshwor,rohit.bhurtel9811ekantakuna@test.com
"Karan Bhopal Seikh",Baneshwor,karan.seikh9812baneshwor@mail.com
"Arif Dev Paudel",Baneshwor,arif.paudel9813tripureshwor@example.com
"Rohit Bhopal Malla",Baneshwor,rohit.malla9814tripureshwor@random.org
"Karan Dev Bhurtel",Chabel,karan.bhurtel9815tripureshwor@random.org
"Paras Bir Rajbanshi",Jawalakhel,paras.rajbanshi9816chabel@random.org
"Kushal Dhoj Lamichane",Sundhara,kushal.lamichane9817sundhara@random.org
"Asif Dhoj Khadka",Tinkune,"asif.khadka9818new road@mail.com"
"Sandeep Krishna Kami",Gaushala,sandeep.kami9819tinkune@demo.net
"Sompal Bhopal Paudel",Tripureshwor,sompal.paudel9820baneshwor@test.com
"Karan Bir Rajbanshi",Ekantakuna,karan.rajbanshi9821chabel@test.com
"Asif Bhagat Bhurtel",Tinkune,asif.bhurtel9822tinkune@example.com
"Binod Bhagat Khadka",Sundhara,binod.khadka9823baneshwor@random.org
"Rohit Dhoj K.C",Ratnapark,rohit.k.c9824tinkune@random.org
"Asif Bahadur Bhurtel",Chabel,asif.bhurtel9825ratnapark@test.com
"Paras Bhopal Malla",Baneshwor,paras.malla9826jawalakhel@random.org
"Binod Dhoj Khadka",Jawalakhel,binod.khadka9827jawalakhel@test.com
"Karan Bhagat Paudel",Ekantakuna,karan.paudel9828tripureshwor@mail.com
"Lalit Dhoj Paudel",Gaushala,"lalit.paudel9829new road@test.com"
"Kushal Dhoj Lamichane",Ratnapark,kushal.lamichane9830baneshwor@test.com
"Kushal Krishna K.C",Ekantakuna,kushal.k.c9831chabel@example.com
"Sandeep Dev Khadka",Ratnapark,sandeep.khadka9832gaushala@demo.net
"Asif Kumar Rajbanshi",Sundhara,asif.rajbanshi9833ekantakuna@random.org
"Paras Lal Kami",Sundhara,paras.kami9834ratnapark@mail.com
"Binod Dhoj Kami",Sundhara,binod.kami9835jawalakhel@example.com
"Arif Lal Kami",Tripureshwor,arif.kami9836tinkune@test.com
"Karan Gopal Khadka",Jawalakhel,karan.khadka9837tripureshwor@demo.net
"Asif Dhoj Lamichane",Tripureshwor,asif.lamichane9838tinkune@random.org
"Rohit Gopal K.C",Chabel,rohit.k.c9839jawalakhel@random.org
"Lalit Krishna Rajbanshi",Ekantakuna,"lalit.rajbanshi9840new road@demo.net"
"Sompal Bhopal Lamichane",Tinkune,sompal.lamichane9841ratnapark@test.com
"Sompal Gopal Bhurtel",Jawalakhel,sompal.bhurtel9842sundhara@example.com
"Arif Bahadur Bhandari","New Road",arif.bhandari9843baneshwor@test.com
"Karan Bhagat Malla",Tinkune,karan.malla9844tripureshwor@random.org
"Arif Bir K.C",Jawalakhel,"arif.k.c9845new road@demo.net"
"Asif Bhopal Khadka",Jawalakhel,asif.khadka9846chabel@test.com
"Karan Lal Paudel",Sundhara,karan.paudel9847tinkune@test.com
"Lalit Gopal Lamichane",Sundhara,lalit.lamichane9848tripureshwor@random.org
"Rohit Kumar Kami",Ekantakuna,rohit.kami9849sundhara@demo.net
"Sandeep Bhopal Paudel",Sundhara,sandeep.paudel9850sundhara@random.org
"Asif Kumar Rajbanshi","New Road",asif.rajbanshi9851chabel@demo.net
"Lalit Bhopal Rajbanshi",Tinkune,lalit.rajbanshi9852chabel@example.com
"Arif Bhagat Khadka",Jawalakhel,arif.khadka9853gaushala@test.com
"Paras Dev Malla",Chabel,paras.malla9854ekantakuna@example.com
"Lalit Bhagat Malla",Ekantakuna,lalit.malla9855ratnapark@demo.net
"Lalit Bhagat Seikh",Tripureshwor,lalit.seikh9856gaushala@example.com
"Arif Bhagat K.C",Baneshwor,arif.k.c9857chabel@test.com
"Binod Lal Lamichane",Chabel,binod.lamichane9858jawalakhel@test.com
"Sandeep Bir Lamichane",Jawalakhel,sandeep.lamichane9859ratnapark@demo.net
"Lalit Lal Kami",Baneshwor,lalit.kami9860baneshwor@random.org
"Rohit Krishna Lamichane",Sundhara,rohit.lamichane9861ekantakuna@mail.com
"Sandeep Bhopal Kami",Tinkune,sandeep.kami9862gaushala@mail.com
"Arif Bhagat Malla",Baneshwor,arif.malla9863tinkune@demo.net
"Sandeep Dhoj Kami",Ekantakuna,sandeep.kami9864chabel@example.com
"Rohit Dhoj Bhurtel",Jawalakhel,rohit.bhurtel9865tripureshwor@test.com
"Sandeep Bhagat Khadka",Ekantakuna,sandeep.khadka9866tripureshwor@example.com
"Paras Gopal Paudel",Tinkune,"paras.paudel9867new road@mail.com"
"Binod Dhoj Kami",Chabel,binod.kami9868baneshwor@random.org
"Arif Bhopal K.C",Jawalakhel,arif.k.c9869chabel@demo.net
"Kushal Bahadur Lamichane",Chabel,kushal.lamichane9870jawalakhel@random.org
"Kushal Dev Kami",Gaushala,kushal.kami9871tinkune@demo.net
"Binod Bahadur Rajbanshi","New Road",binod.rajbanshi9872baneshwor@random.org
"Rohit Dhoj Seikh",Sundhara,rohit.seikh9873tripureshwor@test.com
"Binod Bir Lamichane",Gaushala,binod.lamichane9874jawalakhel@mail.com
"Sompal Dhoj Kami",Chabel,sompal.kami9875baneshwor@random.org
"Asif Dev Bhandari",Gaushala,asif.bhandari9876sundhara@random.org
"Sompal Bhopal Malla",Tinkune,"sompal.malla9877new road@test.com"
"Sompal Bir Kami",Tinkune,sompal.kami9878ekantakuna@example.com
"Asif Dhoj Seikh",Baneshwor,"asif.seikh9879new road@demo.net"
"Asif Bhagat K.C",Sundhara,asif.k.c9880jawalakhel@demo.net
"Asif Bahadur Kami",Ekantakuna,asif.kami9881gaushala@test.com
"Arif Bir Bhandari",Ekantakuna,arif.bhandari9882tinkune@test.com
"Sandeep Lal Kami","New Road",sandeep.kami9883tinkune@example.com
"Paras Lal Lamichane",Chabel,paras.lamichane9884ekantakuna@example.com
"Lalit Krishna Rajbanshi",Chabel,lalit.rajbanshi9885chabel@example.com
"Sandeep Gopal Rajbanshi",Jawalakhel,sandeep.rajbanshi9886ratnapark@test.com
"Arif Bahadur Khadka",Gaushala,"arif.khadka9887new road@test.com"
"Arif Krishna Seikh","New Road","arif.seikh9888new road@mail.com"
"Sompal Bahadur Rajbanshi",Ekantakuna,sompal.rajbanshi9889gaushala@example.com
"Paras Dhoj Malla",Baneshwor,paras.malla9890ratnapark@demo.net
"Asif Gopal K.C",Sundhara,asif.k.c9891jawalakhel@example.com
"Kushal Dev Malla",Sundhara,kushal.malla9892tripureshwor@demo.net
"Arif Bhagat Bhandari",Chabel,"arif.bhandari9893new road@test.com"
"Sompal Lal Kami",Jawalakhel,"sompal.kami9894new road@demo.net"
"Sompal Dhoj Rajbanshi",Tripureshwor,sompal.rajbanshi9895baneshwor@random.org
"Binod Bhopal Malla",Jawalakhel,binod.malla9896ekantakuna@test.com
"Asif Bir Paudel",Gaushala,asif.paudel9897chabel@random.org
"Binod Dhoj Malla",Baneshwor,binod.malla9898gaushala@mail.com
"Arif Bhopal Rajbanshi",Sundhara,arif.rajbanshi9899ratnapark@demo.net
"Arif Dhoj Bhurtel",Tinkune,arif.bhurtel9900tinkune@random.org
"Karan Dhoj Rajbanshi",Ratnapark,karan.rajbanshi9901tripureshwor@random.org
"Karan Gopal Kami",Chabel,karan.kami9902sundhara@random.org
"Asif Bir Lamichane",Gaushala,asif.lamichane9903ekantakuna@test.com
"Sompal Bahadur Bhurtel",Baneshwor,sompal.bhurtel9904ekantakuna@mail.com
"Lalit Dev Rajbanshi",Gaushala,lalit.rajbanshi9905jawalakhel@example.com
"Rohit Kumar Malla",Gaushala,rohit.malla9906gaushala@random.org
"Rohit Kumar Kami",Jawalakhel,rohit.kami9907tinkune@mail.com
"Binod Dhoj Khadka",Ratnapark,binod.khadka9908sundhara@demo.net
"Sandeep Lal Khadka",Gaushala,sandeep.khadka9909ratnapark@mail.com
"Sandeep Bahadur Bhandari",Ekantakuna,sandeep.bhandari9910sundhara@demo.net
"Asif Bir Seikh",Chabel,asif.seikh9911chabel@random.org
"Asif Dhoj Bhandari","New Road",asif.bhandari9912chabel@test.com
"Arif Bahadur K.C",Sundhara,arif.k.c9913sundhara@random.org
"Kushal Kumar Malla",Ekantakuna,kushal.malla9914tinkune@example.com
"Rohit Dhoj Malla",Tripureshwor,rohit.malla9915jawalakhel@test.com
"Rohit Bhopal Bhandari",Gaushala,rohit.bhandari9916sundhara@test.com
"Sompal Bahadur Bhandari",Baneshwor,sompal.bhandari9917jawalakhel@test.com
"Paras Bahadur Rajbanshi",Ratnapark,paras.rajbanshi9918gaushala@demo.net
"Karan Dev Paudel",Ratnapark,karan.paudel9919ratnapark@mail.com
"Lalit Kumar K.C",Tinkune,lalit.k.c9920baneshwor@test.com
"Sandeep Gopal Bhandari",Baneshwor,sandeep.bhandari9921tripureshwor@demo.net
"Sandeep Dhoj Bhandari",Sundhara,sandeep.bhandari9922tripureshwor@demo.net
"Arif Krishna Rajbanshi",Sundhara,arif.rajbanshi9923chabel@example.com
"Rohit Gopal Seikh",Tinkune,rohit.seikh9924ekantakuna@test.com
"Lalit Lal Seikh","New Road",lalit.seikh9925sundhara@demo.net
"Sandeep Lal Bhandari",Chabel,sandeep.bhandari9926tinkune@random.org
"Asif Bahadur Khadka",Gaushala,asif.khadka9927ekantakuna@example.com
"Paras Bhagat Bhurtel",Jawalakhel,paras.bhurtel9928baneshwor@demo.net
"Sompal Bir Bhurtel",Gaushala,sompal.bhurtel9929sundhara@demo.net
"Lalit Bhagat Paudel",Ekantakuna,lalit.paudel9930ratnapark@random.org
"Arif Krishna Seikh",Tripureshwor,arif.seikh9931jawalakhel@demo.net
"Sompal Bhopal Lamichane",Tinkune,sompal.lamichane9932jawalakhel@demo.net
"Rohit Krishna Kami",Jawalakhel,rohit.kami9933gaushala@example.com
"Sompal Gopal Bhurtel",Tripureshwor,sompal.bhurtel9934tinkune@test.com
"Rohit Bhopal Kami",Tinkune,rohit.kami9935ekantakuna@test.com
"Asif Bhagat Paudel",Tinkune,asif.paudel9936baneshwor@mail.com
"Asif Bhagat K.C",Jawalakhel,asif.k.c9937ratnapark@demo.net
"Sompal Gopal K.C",Gaushala,sompal.k.c9938ekantakuna@random.org
"Sandeep Bhagat Malla",Ratnapark,sandeep.malla9939gaushala@random.org
"Asif Bhopal Bhandari",Tripureshwor,asif.bhandari9940baneshwor@test.com
"Sandeep Dev Rajbanshi",Tinkune,sandeep.rajbanshi9941sundhara@test.com
"Paras Krishna Seikh","New Road",paras.seikh9942baneshwor@random.org
"Sandeep Bhopal Seikh",Ekantakuna,sandeep.seikh9943gaushala@random.org
"Sompal Bir Seikh",Chabel,sompal.seikh9944tripureshwor@demo.net
"Sandeep Kumar Malla",Gaushala,"sandeep.malla9945new road@mail.com"
"Lalit Kumar Seikh",Chabel,lalit.seikh9946sundhara@random.org
"Arif Lal Seikh",Tinkune,arif.seikh9947tripureshwor@random.org
"Sompal Lal Malla",Jawalakhel,sompal.malla9948tripureshwor@random.org
"Kushal Bhopal Malla",Sundhara,kushal.malla9949ekantakuna@random.org
"Sandeep Bahadur Kami","New Road",sandeep.kami9950tinkune@test.com
"Karan Bahadur Kami",Tripureshwor,karan.kami9951baneshwor@random.org
"Arif Dhoj Malla",Chabel,arif.malla9952baneshwor@random.org
"Binod Bhagat Rajbanshi",Ratnapark,binod.rajbanshi9953tripureshwor@demo.net
"Karan Bir Bhurtel",Jawalakhel,karan.bhurtel9954ekantakuna@test.com
"Arif Dhoj Lamichane",Ekantakuna,arif.lamichane9955ekantakuna@random.org
"Karan Bhagat Kami",Jawalakhel,karan.kami9956gaushala@demo.net
"Karan Lal Rajbanshi",Gaushala,karan.rajbanshi9957jawalakhel@mail.com
"Lalit Krishna Rajbanshi",Jawalakhel,lalit.rajbanshi9958sundhara@random.org
"Sompal Bir Bhurtel","New Road",sompal.bhurtel9959jawalakhel@example.com
"Paras Bhagat Kami",Tripureshwor,"paras.kami9960new road@random.org"
"Kushal Lal Bhurtel",Baneshwor,kushal.bhurtel9961baneshwor@random.org
"Rohit Bhagat Khadka",Tinkune,rohit.khadka9962baneshwor@test.com
"Kushal Lal Seikh",Tinkune,kushal.seikh9963gaushala@demo.net
"Sandeep Bhopal Seikh",Chabel,sandeep.seikh9964baneshwor@example.com
"Karan Dhoj Bhandari",Tinkune,karan.bhandari9965baneshwor@test.com
"Rohit Bir Kami",Sundhara,rohit.kami9966chabel@mail.com
"Arif Bhagat Bhandari",Baneshwor,arif.bhandari9967chabel@mail.com
"Karan Bahadur Bhandari",Baneshwor,karan.bhandari9968tinkune@example.com
"Binod Krishna K.C",Ratnapark,binod.k.c9969sundhara@demo.net
"Rohit Gopal Rajbanshi",Tripureshwor,rohit.rajbanshi9970chabel@demo.net
"Kushal Dev Lamichane",Ratnapark,kushal.lamichane9971sundhara@mail.com
"Paras Dhoj K.C",Baneshwor,paras.k.c9972sundhara@demo.net
"Arif Bir Rajbanshi","New Road",arif.rajbanshi9973ratnapark@test.com
"Lalit Dev Bhurtel",Tripureshwor,lalit.bhurtel9974gaushala@example.com
"Kushal Dhoj Kami",Gaushala,kushal.kami9975tinkune@demo.net
"Arif Gopal Malla",Gaushala,arif.malla9976sundhara@example.com
"Binod Lal Malla",Gaushala,binod.malla9977ratnapark@mail.com
"Rohit Kumar Rajbanshi",Gaushala,"rohit.rajbanshi9978new road@demo.net"
"Kushal Bhagat K.C",Gaushala,kushal.k.c9979baneshwor@demo.net
"Sandeep Bhagat Seikh",Baneshwor,sandeep.seikh9980gaushala@test.com
"Kushal Bahadur Lamichane",Tinkune,kushal.lamichane9981gaushala@example.com
"Karan Kumar Rajbanshi",Tinkune,karan.rajbanshi9982baneshwor@random.org
"Kushal Bahadur Bhandari",Ratnapark,kushal.bhandari9983chabel@test.com
"Karan Kumar Malla",Tripureshwor,karan.malla9984baneshwor@example.com
"Sandeep Bir Kami",Tripureshwor,"sandeep.kami9985new road@mail.com"
"Arif Gopal Lamichane",Sundhara,arif.lamichane9986tripureshwor@random.org
"Asif Gopal Rajbanshi",Gaushala,asif.rajbanshi9987tinkune@example.com
"Sandeep Kumar Malla",Sundhara,sandeep.malla9988sundhara@test.com
"Binod Gopal Malla",Ekantakuna,binod.malla9989sundhara@demo.net
"Sandeep Dev Paudel","New Road",sandeep.paudel9990jawalakhel@test.com
"Sandeep Gopal Bhurtel",Sundhara,sandeep.bhurtel9991tripureshwor@example.com
"Binod Gopal Khadka",Tinkune,"binod.khadka9992new road@example.com"
"Arif Bir Khadka",Baneshwor,arif.khadka9993baneshwor@example.com
"Paras Bahadur K.C",Gaushala,paras.k.c9994jawalakhel@example.com
"Sompal Lal Kami",Ekantakuna,sompal.kami9995ratnapark@random.org
"Rohit Krishna Paudel",Ratnapark,"rohit.paudel9996new road@test.com"
"Sompal Bahadur Lamichane",Ekantakuna,sompal.lamichane9997ekantakuna@random.org
"Paras Kumar Bhurtel",Gaushala,paras.bhurtel9998ratnapark@demo.net
"Kushal Gopal Seikh",Baneshwor,kushal.seikh9999baneshwor@demo.net
"Arif Krishna K.C",Ekantakuna,arif.k.c10000gaushala@test.com
