fullname,address,email
"sujal prakash shrestha",jhapa,sujalshrestha314@mof.np
"ram bahadur neupane",lokanthali,ramneupane915@meta.co
"diresh kumar chapagain",kaski,direshchapagain452@co.uk
"dibesh prasad bhandari",kaski,dibeshbhandari990@hazesoft.co
"sujal kumar gywali",kavre,sujalgywali83@ioe.np
"ashim shekhar oli",bardiya,ashimoli138@gmail.com
"pratik bahadur neupane",bajura,pratikneupane165@hazesoft.co
"ramesh prasad neupane",bardiya,rameshneupane186@co.uk
"samir prasad oli",rukum,samiroli759@meta.co
"sujal prakash oli",kaski,sujaloli278@mof.np
"bablu shekhar lamichhane",kaski,bablulamichhane12@ioe.np
"nischal kumar maharjan",panchtahr,nischalmaharjan473@gmail.com
"pratik shekhar shrestha",bajang,pratikshrestha914@mit.us
"suraj shekhar rana",basantapur,surajrana472@mof.np
"golu prakash gywali",kavre,golugywali502@edu.np
"suraj shekhar chapagain",dolpa,surajchapagain565@ioe.np
"pintu chandra gywali",bajura,pintugywali276@moe.np
"kripesh shekhar shrestha",banke,kripeshshrestha262@mof.np
"alex prasad rai",syangha,alexrai430@meta.co
"diresh bahadur bhandari",panchtahr,direshbhandari197@tu.edu.np
"ashim shekhar thapa",morang,ashimthapa85@yahoo.com
"ram prakash magar",kaski,rammagar914@mit.us
"sujal bahadur thapa",rukum,sujalthapa41@meta.co
"rabindra shekhar neupane",lokanthali,rabindraneupane406@gmail.com
"suraj bahadur rai",parvat,surajrai206@moe.np
"ramesh chandra sharma",kohalpur,rameshsharma300@yahoo.com
"bisesh prakash bhandari",lokanthali,biseshbhandari587@hazesoft.co
"saisagun prakash oli",kohalpur,saisagunoli933@mit.us
"kalyan kumar lamichhane",kavre,kalyanlamichhane6@mof.np
"aashish kumar maharjan",syangha,aashishmaharjan71@moe.np
"ramesh chandra oli",ramnagar,ramesholi915@moe.np
"bibek prakash deuba",parvat,bibekdeuba655@moe.np
"kalyan chandra dahal",rukum,kalyandahal841@moe.np
"golu chandra deuba",syangha,goludeuba306@hotmail.com
"shishir shekhar oli",parvat,shishiroli694@hotmail.com
"samaya prakash shrestha",lokanthali,samayashrestha836@yahoo.com
"bablu bahadur maharjan",bajang,bablumaharjan522@yahoo.com
"bisesh kumar rai",rukum,biseshrai932@co.uk
"pratik shekhar magar",panchtahr,pratikmagar95@facebook.co
"samaya prasad neupane",kaski,samayaneupane500@facebook.co
"rabindra shekhar chapagain",banke,rabindrachapagain524@mof.np
"golu bahadur maharjan",parvat,golumaharjan469@hotmail.com
"kalyan chandra chapagain",illam,kalyanchapagain590@hotmail.com
"samaya prasad oli",rukum,samayaoli126@ioe.np
"ram bahadur thapa",basantapur,ramthapa223@tu.edu.np
"pratik chandra chapagain",kavre,pratikchapagain569@hotmail.com
"saisagun kumar oli",bajura,saisagunoli456@gmail.com
"bibek kumar neupane",banke,bibekneupane344@meta.co
"samir bahadur gywali",basantapur,samirgywali266@gmail.com
"alex shekhar maharjan",rukum,alexmaharjan542@moe.np
"ramesh shekhar rai",dolpa,rameshrai147@gmail.com
"ramesh bahadur bhandari",kaski,rameshbhandari844@meta.co
"kobid prasad chapagain",kaski,kobidchapagain640@tu.edu.np
"kalyan bahadur oli",dolpa,kalyanoli741@mit.us
"manish kumar rana",lokanthali,manishrana537@hazesoft.co
"manish kumar lamichhane",syangha,manishlamichhane86@gmail.com
"sujal bahadur shrestha",bajang,sujalshrestha983@moe.np
"prasanna kumar maharjan",bardiya,prasannamaharjan712@gmail.com
"ashim kumar deuba",kavre,ashimdeuba4@edu.np
"saisagun bahadur rana",jhapa,saisagunrana152@ioe.np
"saisagun prasad sharma",kaski,saisagunsharma832@hazesoft.co
"samir shekhar neupane",syangha,samirneupane517@mof.np
"nischal kumar sharma",jhapa,nischalsharma173@hotmail.com
"bibek bahadur thapa",syangha,bibekthapa980@co.uk
"samir bahadur gywali",rukum,samirgywali769@ioe.np
"kobid prakash deuba",lokanthali,kobiddeuba768@mof.np
"golu chandra rai",parvat,golurai602@edu.np
"samaya prakash deuba",bajura,samayadeuba569@hotmail.com
"sumin chandra thapa",bajura,suminthapa828@tu.edu.np
"kobid chandra magar",bajura,kobidmagar672@co.uk
"suraj chandra chapagain",jhapa,surajchapagain768@hotmail.com
"bisesh kumar maharjan",morang,biseshmaharjan124@tu.edu.np
"kobid prakash thapa",sallaghari,kobidthapa893@yahoo.com
"kripesh prasad oli",jhapa,kripesholi62@edu.np
"saisagun kumar maharjan",dolpa,saisagunmaharjan57@tu.edu.np
"samaya prasad magar",lokanthali,samayamagar507@mit.us
"bisesh prasad deuba",panchtahr,biseshdeuba616@mof.np
"suraj chandra dahal",rukum,surajdahal572@gmail.com
"diresh kumar oli",sallaghari,diresholi258@mof.np
"sumin chandra thapa",bajura,suminthapa116@tu.edu.np
"saisagun shekhar rana",dolpa,saisagunrana332@gmail.com
"pratik kumar rana",basantapur,pratikrana568@meta.co
"nischal prakash lamichhane",rukum,nischallamichhane872@edu.np
"kalyan kumar dahal",jhapa,kalyandahal891@tu.edu.np
"ramesh shekhar rana",illam,rameshrana47@tu.edu.np
"bisesh prakash oli",ramnagar,bisesholi350@hazesoft.co
"bibek prasad dahal",kaski,bibekdahal291@yahoo.com
"samir prasad shrestha",banke,samirshrestha771@edu.np
"golu chandra thapa",kaski,goluthapa207@moe.np
"kobid chandra magar",jhapa,kobidmagar352@co.uk
"rabindra shekhar bhandari",panchtahr,rabindrabhandari600@tu.edu.np
"bisesh prasad dahal",kaski,biseshdahal55@ioe.np
"suraj prasad neupane",bajang,surajneupane47@co.uk
"pratik chandra oli",morang,pratikoli617@mof.np
"shishir bahadur chapagain",bardiya,shishirchapagain502@moe.np
"prasanna chandra shrestha",basantapur,prasannashrestha682@hotmail.com
"sujal shekhar shrestha",parvat,sujalshrestha532@facebook.co
"samaya chandra dahal",bajura,samayadahal648@mit.us
"pintu prakash neupane",basantapur,pintuneupane305@gmail.com
"bibek prasad magar",morang,bibekmagar682@yahoo.com
"saisagun prasad neupane",parvat,saisagunneupane630@facebook.co
"kalyan chandra rana",kaski,kalyanrana759@tu.edu.np
"pratik prakash magar",jhapa,pratikmagar370@meta.co
"alex kumar bhandari",kohalpur,alexbhandari827@facebook.co
"prasanna bahadur oli",bajura,prasannaoli19@mit.us
"manish bahadur deuba",banke,manishdeuba272@mof.np
"samaya bahadur gywali",banke,samayagywali419@facebook.co
"bablu kumar bhandari",bajang,bablubhandari900@meta.co
"kripesh shekhar bhandari",bajura,kripeshbhandari86@moe.np
"suraj prasad shrestha",sallaghari,surajshrestha4@hotmail.com
"suraj bahadur magar",sallaghari,surajmagar604@mof.np
"kripesh shekhar magar",illam,kripeshmagar565@mit.us
"shishir shekhar bhandari",parvat,shishirbhandari416@meta.co
"samir prakash bhandari",kohalpur,samirbhandari852@hazesoft.co
"bablu prakash rana",parvat,bablurana980@mof.np
"dibesh shekhar oli",syangha,dibesholi274@tu.edu.np
"ramesh kumar bhandari",bajang,rameshbhandari48@meta.co
"dibesh shekhar deuba",jhapa,dibeshdeuba12@moe.np
"ramesh chandra dahal",bajura,rameshdahal438@facebook.co
"saisagun kumar deuba",syangha,saisagundeuba883@co.uk
"bablu prakash deuba",kavre,babludeuba543@mof.np
"kalyan shekhar lamichhane",ramnagar,kalyanlamichhane730@hotmail.com
"saisagun bahadur magar",panchtahr,saisagunmagar951@ioe.np
"samir kumar dahal",banke,samirdahal429@tu.edu.np
"samir kumar sharma",jhapa,samirsharma778@moe.np
"kripesh prasad rana",bajang,kripeshrana291@mof.np
"sumin bahadur rana",basantapur,suminrana8@facebook.co
"kalyan bahadur bhandari",dolpa,kalyanbhandari557@mit.us
"bisesh shekhar rai",kavre,biseshrai35@mof.np
"diresh prasad chapagain",kaski,direshchapagain521@mit.us
"ashim kumar thapa",sallaghari,ashimthapa998@mit.us
"ram shekhar deuba",jhapa,ramdeuba784@mof.np
"diresh bahadur sharma",kaski,direshsharma712@yahoo.com
"kobid shekhar oli",kaski,kobidoli609@yahoo.com
"nischal kumar deuba",panchtahr,nischaldeuba579@mit.us
"bablu shekhar rai",kaski,bablurai674@moe.np
"kalyan bahadur gywali",bajura,kalyangywali736@yahoo.com
"shishir shekhar neupane",panchtahr,shishirneupane116@co.uk
"sumin prasad rana",morang,suminrana280@co.uk
"kobid chandra oli",rukum,kobidoli72@hotmail.com
"sujal bahadur neupane",syangha,sujalneupane685@gmail.com
"sumin prasad bhandari",bardiya,suminbhandari655@hotmail.com
"prasanna shekhar deuba",jhapa,prasannadeuba395@ioe.np
"ashim kumar lamichhane",sallaghari,ashimlamichhane888@facebook.co
"kripesh bahadur gywali",lokanthali,kripeshgywali758@yahoo.com
"ramesh chandra dahal",kavre,rameshdahal453@tu.edu.np
"kobid prakash maharjan",bajang,kobidmaharjan49@meta.co
"ram prakash lamichhane",panchtahr,ramlamichhane546@meta.co
"pratik prasad gywali",bardiya,pratikgywali203@co.uk
"saisagun shekhar rai",rukum,saisagunrai918@hotmail.com
"bablu chandra sharma",syangha,bablusharma402@edu.np
"suraj bahadur deuba",kohalpur,surajdeuba585@meta.co
"nischal prakash magar",bardiya,nischalmagar755@yahoo.com
"kalyan shekhar neupane",sallaghari,kalyanneupane22@mof.np
"bablu bahadur lamichhane",sallaghari,bablulamichhane148@co.uk
"pintu shekhar magar",lokanthali,pintumagar251@yahoo.com
"rabindra kumar shrestha",bajura,rabindrashrestha286@yahoo.com
"samaya chandra deuba",kaski,samayadeuba554@gmail.com
"bablu chandra neupane",bardiya,babluneupane385@tu.edu.np
"samaya bahadur lamichhane",morang,samayalamichhane443@hazesoft.co
"golu kumar shrestha",illam,golushrestha389@facebook.co
"rishikesh prakash dahal",kohalpur,rishikeshdahal863@ioe.np
"suraj kumar chapagain",kavre,surajchapagain401@ioe.np
"dibesh shekhar gywali",lokanthali,dibeshgywali583@gmail.com
"prasanna bahadur gywali",bardiya,prasannagywali820@ioe.np
"prasanna shekhar chapagain",kohalpur,prasannachapagain405@yahoo.com
"suraj prasad chapagain",lokanthali,surajchapagain237@moe.np
"shishir prakash deuba",jhapa,shishirdeuba158@yahoo.com
"prasanna kumar magar",kohalpur,prasannamagar103@moe.np
"prasanna kumar deuba",syangha,prasannadeuba585@mit.us
"kripesh prasad maharjan",banke,kripeshmaharjan174@ioe.np
"ram prakash deuba",rukum,ramdeuba971@meta.co
"bablu kumar rai",rukum,bablurai564@ioe.np
"samir bahadur oli",illam,samiroli965@gmail.com
"sumin bahadur magar",panchtahr,suminmagar599@hazesoft.co
"saisagun kumar bhandari",lokanthali,saisagunbhandari152@hazesoft.co
"kobid prakash maharjan",bardiya,kobidmaharjan368@hazesoft.co
"kobid chandra deuba",ramnagar,kobiddeuba959@moe.np
"samaya kumar oli",basantapur,samayaoli514@tu.edu.np
"manish kumar thapa",sallaghari,manishthapa402@hotmail.com
"suraj shekhar neupane",lokanthali,surajneupane745@hazesoft.co
"samir bahadur neupane",kaski,samirneupane821@yahoo.com
"shishir bahadur dahal",parvat,shishirdahal517@hotmail.com
"kobid kumar magar",basantapur,kobidmagar188@moe.np
"dibesh prasad thapa",morang,dibeshthapa77@meta.co
"aashish shekhar rana",kohalpur,aashishrana947@moe.np
"ramesh kumar maharjan",dolpa,rameshmaharjan989@meta.co
"aashish prasad magar",jhapa,aashishmagar911@facebook.co
"bablu chandra rana",sallaghari,bablurana852@hotmail.com
"sumin prasad rai",rukum,suminrai284@tu.edu.np
"golu bahadur maharjan",sallaghari,golumaharjan754@hotmail.com
"kripesh bahadur oli",kohalpur,kripesholi397@meta.co
"ashim prasad dahal",illam,ashimdahal498@mof.np
"kobid kumar maharjan",rukum,kobidmaharjan723@yahoo.com
"pratik kumar oli",rukum,pratikoli756@moe.np
"aashish shekhar neupane",jhapa,aashishneupane388@edu.np
"samaya bahadur bhandari",bardiya,samayabhandari253@mit.us
"aashish prasad maharjan",dolpa,aashishmaharjan562@facebook.co
"aashish shekhar chapagain",ramnagar,aashishchapagain755@tu.edu.np
"kobid kumar magar",syangha,kobidmagar905@yahoo.com
"ramesh prakash shrestha",kaski,rameshshrestha955@edu.np
"saisagun bahadur rana",panchtahr,saisagunrana136@co.uk
"kalyan bahadur magar",ramnagar,kalyanmagar436@facebook.co
"ashim chandra maharjan",syangha,ashimmaharjan254@gmail.com
"ashim bahadur shrestha",illam,ashimshrestha739@mit.us
"bablu chandra shrestha",panchtahr,bablushrestha371@mof.np
"kobid chandra oli",jhapa,kobidoli647@tu.edu.np
"ram kumar rana",dolpa,ramrana385@moe.np
"dibesh prakash maharjan",panchtahr,dibeshmaharjan327@mof.np
"kripesh chandra deuba",dolpa,kripeshdeuba705@mit.us
"ram bahadur maharjan",kaski,rammaharjan439@ioe.np
"diresh prasad deuba",morang,direshdeuba712@mof.np
"manish shekhar gywali",bardiya,manishgywali257@yahoo.com
"shishir bahadur sharma",panchtahr,shishirsharma953@gmail.com
"samaya bahadur maharjan",parvat,samayamaharjan359@co.uk
"manish kumar rai",illam,manishrai139@facebook.co
"samaya bahadur sharma",banke,samayasharma712@meta.co
"kripesh chandra lamichhane",dolpa,kripeshlamichhane606@hazesoft.co
"sumin prakash magar",panchtahr,suminmagar120@facebook.co
"ramesh prakash chapagain",sallaghari,rameshchapagain72@moe.np
"suraj kumar magar",banke,surajmagar101@tu.edu.np
"shishir bahadur maharjan",bardiya,shishirmaharjan176@co.uk
"bibek chandra dahal",kavre,bibekdahal136@co.uk
"pratik prakash magar",rukum,pratikmagar136@hotmail.com
"kripesh bahadur lamichhane",syangha,kripeshlamichhane194@co.uk
"kripesh prakash thapa",panchtahr,kripeshthapa994@facebook.co
"bablu prakash dahal",bajang,babludahal615@edu.np
"bibek chandra magar",dolpa,bibekmagar512@mof.np
"sumin chandra deuba",lokanthali,sumindeuba79@tu.edu.np
"manish chandra rai",parvat,manishrai394@ioe.np
"kalyan prasad rai",rukum,kalyanrai784@ioe.np
"ramesh prakash bhandari",kavre,rameshbhandari720@hotmail.com
"bisesh kumar oli",parvat,bisesholi287@hazesoft.co
"bablu chandra oli",kohalpur,babluoli900@facebook.co
"aashish bahadur thapa",lokanthali,aashishthapa47@co.uk
"diresh shekhar rai",dolpa,direshrai647@mit.us
"aashish bahadur gywali",panchtahr,aashishgywali753@hotmail.com
"suraj bahadur rana",bajang,surajrana10@mit.us
"suraj chandra lamichhane",rukum,surajlamichhane618@hazesoft.co
"samir kumar bhandari",syangha,samirbhandari938@gmail.com
"sujal shekhar magar",sallaghari,sujalmagar431@hotmail.com
"pratik bahadur lamichhane",illam,pratiklamichhane764@moe.np
"kobid bahadur chapagain",bardiya,kobidchapagain566@hazesoft.co
"rabindra prakash chapagain",kohalpur,rabindrachapagain757@facebook.co
"sujal kumar magar",jhapa,sujalmagar599@meta.co
"pintu prakash lamichhane",panchtahr,pintulamichhane483@hotmail.com
"sujal prasad lamichhane",panchtahr,sujallamichhane920@facebook.co
"dibesh prasad gywali",banke,dibeshgywali458@ioe.np
"ashim kumar rai",rukum,ashimrai182@co.uk
"pintu prasad sharma",dolpa,pintusharma132@hotmail.com
"ramesh bahadur oli",kaski,ramesholi42@ioe.np
"manish prasad sharma",jhapa,manishsharma752@meta.co
"suraj kumar rai",kavre,surajrai278@mit.us
"aashish bahadur rai",bajura,aashishrai163@meta.co
"aashish kumar sharma",morang,aashishsharma898@hazesoft.co
"aashish chandra shrestha",rukum,aashishshrestha704@ioe.np
"suraj shekhar gywali",syangha,surajgywali510@edu.np
"suraj bahadur neupane",banke,surajneupane791@hotmail.com
"rabindra prasad oli",illam,rabindraoli120@tu.edu.np
"bablu prasad oli",bajang,babluoli920@mof.np
"pratik prakash rana",lokanthali,pratikrana641@gmail.com
"suraj chandra oli",rukum,surajoli350@co.uk
"aashish shekhar chapagain",basantapur,aashishchapagain806@edu.np
"sumin kumar shrestha",basantapur,suminshrestha568@moe.np
"suraj shekhar deuba",basantapur,surajdeuba170@hazesoft.co
"sumin prasad lamichhane",kohalpur,suminlamichhane937@facebook.co
"sumin kumar thapa",bardiya,suminthapa193@hotmail.com
"ram prasad gywali",bajang,ramgywali434@yahoo.com
"aashish chandra lamichhane",dolpa,aashishlamichhane29@hazesoft.co
"rabindra shekhar magar",sallaghari,rabindramagar314@tu.edu.np
"alex kumar sharma",syangha,alexsharma884@mof.np
"diresh kumar thapa",bardiya,direshthapa864@mit.us
"bibek shekhar chapagain",illam,bibekchapagain761@facebook.co
"samaya kumar rai",lokanthali,samayarai609@tu.edu.np
"kobid shekhar oli",kavre,kobidoli140@edu.np
"kalyan prakash neupane",jhapa,kalyanneupane113@facebook.co
"suraj shekhar sharma",jhapa,surajsharma109@mit.us
"kobid kumar shrestha",parvat,kobidshrestha133@moe.np
"ramesh bahadur rana",sallaghari,rameshrana910@ioe.np
"suraj shekhar lamichhane",bajang,surajlamichhane892@ioe.np
"alex shekhar rai",sallaghari,alexrai574@hazesoft.co
"sumin chandra bhandari",illam,suminbhandari638@ioe.np
"alex kumar maharjan",bajang,alexmaharjan387@moe.np
"nischal prasad lamichhane",lokanthali,nischallamichhane888@co.uk
"shishir shekhar bhandari",jhapa,shishirbhandari274@hotmail.com
"ashim prasad neupane",rukum,ashimneupane628@co.uk
"pratik prasad shrestha",sallaghari,pratikshrestha813@mof.np
"samir kumar rana",basantapur,samirrana279@co.uk
"bibek chandra sharma",jhapa,bibeksharma829@moe.np
"ram kumar lamichhane",basantapur,ramlamichhane307@meta.co
"alex chandra deuba",morang,alexdeuba40@hotmail.com
"saisagun prasad shrestha",panchtahr,saisagunshrestha961@hazesoft.co
"ramesh kumar shrestha",bajura,rameshshrestha31@hotmail.com
"ramesh prasad thapa",morang,rameshthapa948@hazesoft.co
"pratik bahadur gywali",sallaghari,pratikgywali523@ioe.np
"rabindra bahadur gywali",morang,rabindragywali152@edu.np
"diresh kumar lamichhane",bajang,direshlamichhane712@gmail.com
"ram bahadur oli",bardiya,ramoli274@gmail.com
"ashim kumar rai",bajang,ashimrai580@co.uk
"suraj prasad lamichhane",bardiya,surajlamichhane504@yahoo.com
"diresh chandra thapa",panchtahr,direshthapa432@edu.np
"bibek chandra rana",lokanthali,bibekrana95@gmail.com
"aashish prakash rai",basantapur,aashishrai115@edu.np
"ram prasad neupane",kavre,ramneupane580@facebook.co
"suraj kumar gywali",panchtahr,surajgywali420@moe.np
"ramesh bahadur rai",jhapa,rameshrai518@ioe.np
"bablu prakash deuba",basantapur,babludeuba300@tu.edu.np
"ramesh shekhar maharjan",banke,rameshmaharjan54@co.uk
"suraj chandra neupane",jhapa,surajneupane736@hotmail.com
"rabindra prasad sharma",illam,rabindrasharma389@tu.edu.np
"dibesh bahadur deuba",parvat,dibeshdeuba242@facebook.co
"bisesh prasad chapagain",kavre,biseshchapagain982@yahoo.com
"pratik prakash thapa",panchtahr,pratikthapa60@hazesoft.co
"bibek bahadur lamichhane",parvat,bibeklamichhane458@hazesoft.co
"ram kumar rana",panchtahr,ramrana381@yahoo.com
"aashish chandra chapagain",bajang,aashishchapagain991@mit.us
"sujal bahadur chapagain",rukum,sujalchapagain248@moe.np
"shishir prasad shrestha",illam,shishirshrestha719@co.uk
"manish kumar lamichhane",rukum,manishlamichhane54@edu.np
"pratik prasad maharjan",bajang,pratikmaharjan508@yahoo.com
"sujal prasad dahal",lokanthali,sujaldahal225@mof.np
"manish bahadur thapa",kavre,manishthapa85@moe.np
"rabindra chandra maharjan",bardiya,rabindramaharjan453@mit.us
"bablu chandra magar",banke,bablumagar338@facebook.co
"prasanna prakash magar",kaski,prasannamagar900@hotmail.com
"aashish shekhar sharma",banke,aashishsharma21@ioe.np
"rishikesh bahadur dahal",rukum,rishikeshdahal50@mit.us
"bibek shekhar magar",lokanthali,bibekmagar998@hotmail.com
"bablu bahadur dahal",jhapa,babludahal281@hotmail.com
"bibek prasad deuba",lokanthali,bibekdeuba379@tu.edu.np
"shishir prakash lamichhane",kohalpur,shishirlamichhane148@edu.np
"rishikesh shekhar neupane",sallaghari,rishikeshneupane876@hazesoft.co
"samir shekhar gywali",sallaghari,samirgywali471@mit.us
"ram prakash gywali",panchtahr,ramgywali404@ioe.np
"nischal bahadur chapagain",jhapa,nischalchapagain594@edu.np
"kripesh prasad maharjan",kaski,kripeshmaharjan503@tu.edu.np
"sujal chandra thapa",bajang,sujalthapa85@meta.co
"prasanna prasad gywali",bajura,prasannagywali410@tu.edu.np
"kripesh prasad rana",ramnagar,kripeshrana169@hazesoft.co
"bisesh prakash oli",panchtahr,bisesholi318@mit.us
"pintu prasad sharma",ramnagar,pintusharma217@gmail.com
"prasanna kumar rai",lokanthali,prasannarai974@edu.np
"bibek prasad neupane",bajang,bibekneupane562@gmail.com
"suraj bahadur bhandari",banke,surajbhandari267@co.uk
"rishikesh prasad chapagain",syangha,rishikeshchapagain243@tu.edu.np
"dibesh chandra maharjan",rukum,dibeshmaharjan256@facebook.co
"rishikesh prakash thapa",kaski,rishikeshthapa570@edu.np
"rabindra prasad oli",illam,rabindraoli351@edu.np
"bibek prakash neupane",basantapur,bibekneupane430@co.uk
"kripesh prakash magar",kavre,kripeshmagar194@co.uk
"golu chandra oli",syangha,goluoli568@yahoo.com
"ashim bahadur maharjan",ramnagar,ashimmaharjan85@yahoo.com
"rabindra bahadur shrestha",basantapur,rabindrashrestha730@mof.np
"kalyan chandra shrestha",rukum,kalyanshrestha512@moe.np
"suraj chandra rana",bajura,surajrana132@hazesoft.co
"bisesh chandra sharma",ramnagar,biseshsharma624@meta.co
"golu kumar deuba",bajang,goludeuba150@ioe.np
"sumin prakash magar",bardiya,suminmagar434@hazesoft.co
"samaya kumar neupane",lokanthali,samayaneupane348@ioe.np
"bablu shekhar maharjan",kaski,bablumaharjan498@gmail.com
"kalyan prasad deuba",bajang,kalyandeuba492@tu.edu.np
"kalyan kumar sharma",rukum,kalyansharma564@co.uk
"sujal prasad magar",basantapur,sujalmagar552@hotmail.com
"kobid bahadur magar",basantapur,kobidmagar969@hazesoft.co
"samaya prasad oli",ramnagar,samayaoli136@yahoo.com
"golu shekhar thapa",morang,goluthapa922@ioe.np
"rabindra kumar deuba",lokanthali,rabindradeuba858@facebook.co
"aashish prasad bhandari",jhapa,aashishbhandari489@mof.np
"suraj prakash sharma",banke,surajsharma641@mit.us
"ram shekhar oli",morang,ramoli899@tu.edu.np
"manish prakash sharma",jhapa,manishsharma648@hazesoft.co
"nischal bahadur deuba",syangha,nischaldeuba270@hotmail.com
"saisagun prasad lamichhane",illam,saisagunlamichhane200@mof.np
"bisesh kumar neupane",sallaghari,biseshneupane685@tu.edu.np
"saisagun chandra rana",kavre,saisagunrana346@yahoo.com
"shishir prakash gywali",ramnagar,shishirgywali670@hazesoft.co
"suraj prasad deuba",kavre,surajdeuba317@gmail.com
"suraj shekhar gywali",morang,surajgywali352@hazesoft.co
"ram shekhar magar",kohalpur,rammagar251@yahoo.com
"bisesh chandra rai",jhapa,biseshrai767@co.uk
"pratik prakash shrestha",lokanthali,pratikshrestha557@edu.np
"bisesh shekhar gywali",jhapa,biseshgywali64@hotmail.com
"rabindra prakash thapa",bardiya,rabindrathapa723@ioe.np
"suraj chandra dahal",kohalpur,surajdahal23@moe.np
"samaya chandra shrestha",lokanthali,samayashrestha43@meta.co
"kobid chandra thapa",banke,kobidthapa410@hazesoft.co
"rabindra shekhar oli",illam,rabindraoli925@edu.np
"sumin bahadur lamichhane",basantapur,suminlamichhane207@mit.us
"shishir prakash deuba",kavre,shishirdeuba360@moe.np
"saisagun prakash rai",dolpa,saisagunrai737@ioe.np
"ramesh prasad neupane",jhapa,rameshneupane817@gmail.com
"samir prasad sharma",rukum,samirsharma75@facebook.co
"rishikesh prasad chapagain",kaski,rishikeshchapagain245@yahoo.com
"shishir shekhar lamichhane",parvat,shishirlamichhane916@hotmail.com
"aashish shekhar deuba",sallaghari,aashishdeuba698@gmail.com
"kripesh bahadur sharma",rukum,kripeshsharma964@edu.np
"samaya shekhar neupane",kohalpur,samayaneupane731@moe.np
"rishikesh shekhar chapagain",panchtahr,rishikeshchapagain222@facebook.co
"shishir prasad neupane",jhapa,shishirneupane605@tu.edu.np
"bablu kumar sharma",jhapa,bablusharma134@ioe.np
"kalyan prasad deuba",bardiya,kalyandeuba716@moe.np
"shishir bahadur chapagain",jhapa,shishirchapagain964@mit.us
"bisesh prakash bhandari",basantapur,biseshbhandari7@meta.co
"sumin prasad gywali",bardiya,sumingywali580@mof.np
"suraj shekhar dahal",bajura,surajdahal771@moe.np
"rabindra kumar deuba",morang,rabindradeuba769@meta.co
"bisesh shekhar shrestha",parvat,biseshshrestha363@mit.us
"golu shekhar deuba",bardiya,goludeuba458@hotmail.com
"samaya prakash deuba",kaski,samayadeuba23@ioe.np
"alex kumar bhandari",parvat,alexbhandari984@hazesoft.co
"golu prakash magar",jhapa,golumagar505@mof.np
"aashish kumar dahal",parvat,aashishdahal272@tu.edu.np
"saisagun bahadur rana",kaski,saisagunrana649@ioe.np
"alex kumar shrestha",kaski,alexshrestha790@meta.co
"pintu shekhar bhandari",kaski,pintubhandari491@hotmail.com
"ram shekhar oli",sallaghari,ramoli533@yahoo.com
"manish shekhar oli",kaski,manisholi700@co.uk
"bisesh bahadur maharjan",dolpa,biseshmaharjan108@meta.co
"kobid chandra shrestha",sallaghari,kobidshrestha978@yahoo.com
"saisagun bahadur chapagain",bajang,saisagunchapagain86@facebook.co
"ram kumar neupane",illam,ramneupane593@gmail.com
"pratik prakash sharma",basantapur,pratiksharma564@mit.us
"alex kumar dahal",parvat,alexdahal135@co.uk
"pratik prasad shrestha",sallaghari,pratikshrestha885@tu.edu.np
"alex prasad rai",lokanthali,alexrai405@co.uk
"rabindra bahadur oli",jhapa,rabindraoli956@edu.np
"aashish prakash rana",rukum,aashishrana704@edu.np
"nischal chandra sharma",bardiya,nischalsharma297@ioe.np
"rabindra prakash thapa",jhapa,rabindrathapa56@tu.edu.np
"saisagun bahadur thapa",kavre,saisagunthapa753@hotmail.com
"pratik prasad magar",kohalpur,pratikmagar986@ioe.np
"aashish bahadur maharjan",illam,aashishmaharjan628@yahoo.com
"golu kumar oli",dolpa,goluoli502@mit.us
"samir kumar gywali",syangha,samirgywali955@edu.np
"diresh shekhar maharjan",kavre,direshmaharjan875@tu.edu.np
"shishir shekhar oli",morang,shishiroli530@facebook.co
"sujal kumar magar",jhapa,sujalmagar588@yahoo.com
"pintu shekhar rana",lokanthali,pinturana380@co.uk
"sumin kumar chapagain",bajura,suminchapagain787@moe.np
"prasanna chandra oli",rukum,prasannaoli826@gmail.com
"ashim bahadur lamichhane",bardiya,ashimlamichhane780@mit.us
"rabindra chandra dahal",basantapur,rabindradahal978@mit.us
"prasanna prakash rai",syangha,prasannarai352@co.uk
"nischal chandra neupane",sallaghari,nischalneupane536@hotmail.com
"pratik bahadur rai",dolpa,pratikrai421@facebook.co
"kripesh kumar lamichhane",lokanthali,kripeshlamichhane529@mof.np
"kalyan prakash rana",syangha,kalyanrana922@hazesoft.co
"aashish prasad shrestha",banke,aashishshrestha275@facebook.co
"alex chandra dahal",rukum,alexdahal39@mit.us
"sumin shekhar rai",jhapa,suminrai454@edu.np
"kripesh kumar sharma",bardiya,kripeshsharma580@moe.np
"rabindra kumar oli",banke,rabindraoli637@meta.co
"alex kumar rana",illam,alexrana922@hazesoft.co
"alex prasad dahal",bardiya,alexdahal884@facebook.co
"aashish prakash rana",bajura,aashishrana818@tu.edu.np
"diresh chandra chapagain",bajang,direshchapagain535@tu.edu.np
"manish kumar rana",morang,manishrana59@mit.us
"ram prakash dahal",kaski,ramdahal637@ioe.np
"sumin prasad dahal",bajura,sumindahal980@hazesoft.co
"rabindra prakash dahal",bajang,rabindradahal60@mof.np
"ramesh prasad rai",sallaghari,rameshrai431@edu.np
"samaya shekhar rai",illam,samayarai990@moe.np
"ram bahadur bhandari",syangha,rambhandari318@gmail.com
"pintu kumar oli",kaski,pintuoli538@ioe.np
"samir bahadur deuba",kohalpur,samirdeuba84@mof.np
"rishikesh prakash deuba",ramnagar,rishikeshdeuba203@facebook.co
"rabindra kumar lamichhane",morang,rabindralamichhane80@gmail.com
"bisesh bahadur sharma",syangha,biseshsharma184@facebook.co
"sujal bahadur neupane",kohalpur,sujalneupane115@meta.co
"golu chandra thapa",dolpa,goluthapa29@co.uk
"manish prakash rai",morang,manishrai314@hotmail.com
"rishikesh kumar oli",bajura,rishikesholi710@hotmail.com
"sujal shekhar thapa",kavre,sujalthapa90@mit.us
"sumin shekhar bhandari",kaski,suminbhandari196@hazesoft.co
"alex prasad maharjan",kaski,alexmaharjan982@yahoo.com
"ram prakash rana",illam,ramrana473@hazesoft.co
"nischal prasad deuba",ramnagar,nischaldeuba137@yahoo.com
"aashish bahadur deuba",illam,aashishdeuba320@gmail.com
"golu chandra sharma",bajura,golusharma455@co.uk
"diresh prakash oli",rukum,diresholi604@yahoo.com
"samir shekhar maharjan",illam,samirmaharjan736@mof.np
"suraj bahadur deuba",basantapur,surajdeuba104@co.uk
"samaya prasad bhandari",jhapa,samayabhandari315@moe.np
"samaya bahadur neupane",ramnagar,samayaneupane970@mit.us
"pintu bahadur lamichhane",parvat,pintulamichhane487@moe.np
"golu chandra dahal",bajura,goludahal209@gmail.com
"rishikesh prasad neupane",dolpa,rishikeshneupane693@yahoo.com
"sujal shekhar rai",illam,sujalrai230@moe.np
"prasanna shekhar magar",basantapur,prasannamagar699@hotmail.com
"suraj bahadur lamichhane",kaski,surajlamichhane101@tu.edu.np
"golu prasad rai",banke,golurai497@mit.us
"bisesh prasad deuba",illam,biseshdeuba96@hazesoft.co
"ramesh chandra magar",bajang,rameshmagar692@tu.edu.np
"suraj prasad oli",sallaghari,surajoli96@gmail.com
"ram chandra lamichhane",bardiya,ramlamichhane552@mof.np
"rishikesh bahadur neupane",lokanthali,rishikeshneupane422@yahoo.com
"golu chandra bhandari",kaski,golubhandari947@yahoo.com
"suraj kumar sharma",ramnagar,surajsharma640@mof.np
"pratik prasad shrestha",kavre,pratikshrestha274@meta.co
"pratik prasad rana",dolpa,pratikrana752@meta.co
"saisagun chandra dahal",rukum,saisagundahal87@moe.np
"pintu prakash lamichhane",bajura,pintulamichhane736@edu.np
"bablu prakash oli",dolpa,babluoli267@hotmail.com
"ramesh chandra chapagain",panchtahr,rameshchapagain548@meta.co
"suraj chandra shrestha",kohalpur,surajshrestha436@co.uk
"alex chandra dahal",illam,alexdahal726@yahoo.com
"nischal kumar thapa",kaski,nischalthapa154@mof.np
"dibesh chandra rai",bajang,dibeshrai213@co.uk
"diresh prakash rana",illam,direshrana555@facebook.co
"suraj shekhar neupane",rukum,surajneupane561@edu.np
"suraj shekhar maharjan",lokanthali,surajmaharjan141@ioe.np
"sumin prasad magar",dolpa,suminmagar553@mof.np
"diresh chandra neupane",basantapur,direshneupane760@gmail.com
"aashish prakash thapa",illam,aashishthapa252@edu.np
"dibesh shekhar magar",syangha,dibeshmagar365@hazesoft.co
"prasanna kumar thapa",rukum,prasannathapa206@yahoo.com
"samir shekhar rana",morang,samirrana541@facebook.co
"suraj chandra rai",kohalpur,surajrai670@meta.co
"bibek shekhar deuba",dolpa,bibekdeuba756@hotmail.com
"alex chandra bhandari",basantapur,alexbhandari369@ioe.np
"pratik bahadur oli",bajang,pratikoli108@hotmail.com
"suraj shekhar thapa",sallaghari,surajthapa90@edu.np
"rishikesh chandra magar",kaski,rishikeshmagar374@co.uk
"sumin chandra deuba",bajang,sumindeuba310@hotmail.com
"suraj prasad dahal",bardiya,surajdahal400@ioe.np
"samir shekhar lamichhane",illam,samirlamichhane244@gmail.com
"samaya chandra shrestha",kohalpur,samayashrestha900@co.uk
"kripesh shekhar sharma",basantapur,kripeshsharma770@gmail.com
"pintu shekhar thapa",parvat,pintuthapa534@yahoo.com
"shishir shekhar oli",morang,shishiroli236@co.uk
"bablu chandra magar",bardiya,bablumagar970@moe.np
"bibek chandra magar",kavre,bibekmagar46@hazesoft.co
"golu shekhar deuba",syangha,goludeuba804@mit.us
"rishikesh prasad gywali",bardiya,rishikeshgywali906@yahoo.com
"bablu prakash dahal",dolpa,babludahal880@moe.np
"aashish prakash maharjan",illam,aashishmaharjan536@hazesoft.co
"ram kumar rai",banke,ramrai29@moe.np
"alex bahadur dahal",basantapur,alexdahal822@meta.co
"bablu bahadur rai",banke,bablurai979@hazesoft.co
"bablu prasad magar",kohalpur,bablumagar537@tu.edu.np
"kalyan prasad rai",banke,kalyanrai868@edu.np
"pintu chandra sharma",kavre,pintusharma78@hazesoft.co
"pintu shekhar oli",ramnagar,pintuoli769@mof.np
"rabindra shekhar lamichhane",basantapur,rabindralamichhane596@moe.np
"golu prakash chapagain",morang,goluchapagain895@meta.co
"kobid kumar chapagain",kaski,kobidchapagain157@ioe.np
"aashish bahadur magar",dolpa,aashishmagar251@edu.np
"suraj shekhar chapagain",panchtahr,surajchapagain164@edu.np
"bibek shekhar dahal",kaski,bibekdahal860@moe.np
"samir kumar deuba",panchtahr,samirdeuba484@co.uk
"kalyan prakash dahal",panchtahr,kalyandahal307@meta.co
"pratik shekhar dahal",jhapa,pratikdahal619@gmail.com
"kripesh bahadur thapa",bardiya,kripeshthapa265@hotmail.com
"bablu chandra oli",panchtahr,babluoli327@mit.us
"bablu chandra oli",rukum,babluoli402@facebook.co
"diresh shekhar thapa",panchtahr,direshthapa701@hazesoft.co
"ramesh shekhar chapagain",rukum,rameshchapagain515@tu.edu.np
"suraj prasad oli",dolpa,surajoli633@hotmail.com
"alex chandra neupane",rukum,alexneupane687@ioe.np
"kobid prakash neupane",sallaghari,kobidneupane463@meta.co
"nischal prasad deuba",sallaghari,nischaldeuba372@mit.us
"shishir chandra shrestha",kohalpur,shishirshrestha46@ioe.np
"rabindra kumar thapa",illam,rabindrathapa402@hotmail.com
"saisagun bahadur lamichhane",illam,saisagunlamichhane389@meta.co
"suraj bahadur lamichhane",sallaghari,surajlamichhane63@co.uk
"samaya kumar bhandari",rukum,samayabhandari825@meta.co
"golu shekhar magar",syangha,golumagar57@gmail.com
"pratik prakash magar",bardiya,pratikmagar309@tu.edu.np
"pratik prakash shrestha",kohalpur,pratikshrestha492@facebook.co
"ram prakash deuba",lokanthali,ramdeuba384@facebook.co
"bisesh prasad rana",bardiya,biseshrana982@yahoo.com
"ram kumar shrestha",illam,ramshrestha382@hotmail.com
"samaya bahadur gywali",bajang,samayagywali879@hotmail.com
"manish chandra oli",rukum,manisholi497@tu.edu.np
"aashish kumar chapagain",jhapa,aashishchapagain631@mit.us
"golu chandra sharma",ramnagar,golusharma684@mof.np
"aashish prasad neupane",kavre,aashishneupane582@edu.np
"ramesh chandra lamichhane",bardiya,rameshlamichhane768@moe.np
"rabindra shekhar bhandari",rukum,rabindrabhandari956@tu.edu.np
"bablu kumar lamichhane",syangha,bablulamichhane407@edu.np
"saisagun prasad chapagain",bajang,saisagunchapagain273@edu.np
"sumin prakash oli",kohalpur,suminoli978@gmail.com
"saisagun prasad gywali",kohalpur,saisagungywali179@hazesoft.co
"ramesh bahadur rana",kohalpur,rameshrana363@mof.np
"diresh shekhar rana",bajura,direshrana45@meta.co
"rabindra shekhar bhandari",bajura,rabindrabhandari466@yahoo.com
"ashim bahadur sharma",bajang,ashimsharma590@yahoo.com
"samir chandra chapagain",panchtahr,samirchapagain447@gmail.com
"dibesh chandra deuba",morang,dibeshdeuba898@co.uk
"ramesh chandra bhandari",kaski,rameshbhandari554@hotmail.com
"kalyan kumar shrestha",bardiya,kalyanshrestha891@yahoo.com
"prasanna prasad deuba",bajura,prasannadeuba515@yahoo.com
"bibek prakash dahal",bajura,bibekdahal294@gmail.com
"rabindra bahadur lamichhane",rukum,rabindralamichhane571@yahoo.com
"saisagun prasad magar",bajura,saisagunmagar161@moe.np
"ramesh bahadur maharjan",jhapa,rameshmaharjan547@ioe.np
"kobid kumar neupane",illam,kobidneupane733@meta.co
"suraj chandra rana",lokanthali,surajrana988@mit.us
"pintu prakash gywali",sallaghari,pintugywali629@mof.np
"suraj kumar shrestha",ramnagar,surajshrestha460@co.uk
"sujal shekhar bhandari",illam,sujalbhandari563@ioe.np
"aashish shekhar dahal",kaski,aashishdahal689@hazesoft.co
"manish prasad oli",banke,manisholi440@ioe.np
"ram chandra sharma",bajura,ramsharma768@edu.np
"shishir prakash gywali",kohalpur,shishirgywali329@tu.edu.np
"sujal shekhar neupane",jhapa,sujalneupane917@facebook.co
"bibek prasad dahal",kohalpur,bibekdahal862@tu.edu.np
"rabindra bahadur oli",kohalpur,rabindraoli833@gmail.com
"ram shekhar lamichhane",bajura,ramlamichhane736@gmail.com
"diresh shekhar chapagain",kavre,direshchapagain908@hotmail.com
"sumin chandra deuba",lokanthali,sumindeuba193@meta.co
"nischal chandra thapa",banke,nischalthapa383@gmail.com
"shishir prasad magar",kohalpur,shishirmagar689@mof.np
"saisagun prakash rana",banke,saisagunrana661@hotmail.com
"ram chandra shrestha",bajura,ramshrestha554@co.uk
"prasanna bahadur bhandari",morang,prasannabhandari589@hazesoft.co
"kalyan bahadur rana",dolpa,kalyanrana65@tu.edu.np
"samir shekhar bhandari",basantapur,samirbhandari756@gmail.com
"kalyan shekhar maharjan",dolpa,kalyanmaharjan968@meta.co
"alex chandra magar",parvat,alexmagar989@ioe.np
"dibesh bahadur dahal",basantapur,dibeshdahal684@gmail.com
"nischal bahadur neupane",rukum,nischalneupane72@edu.np
"nischal prasad rana",syangha,nischalrana935@hazesoft.co
"aashish chandra rai",rukum,aashishrai752@meta.co
"manish prasad oli",banke,manisholi439@mof.np
"samaya prakash gywali",kavre,samayagywali295@yahoo.com
"bibek kumar magar",illam,bibekmagar626@edu.np
"samir kumar neupane",kaski,samirneupane912@meta.co
"rishikesh shekhar maharjan",dolpa,rishikeshmaharjan387@hotmail.com
"pratik shekhar bhandari",bajura,pratikbhandari224@yahoo.com
"pratik kumar oli",banke,pratikoli755@facebook.co
"bablu shekhar magar",ramnagar,bablumagar742@facebook.co
"bablu shekhar thapa",rukum,babluthapa79@ioe.np
"samir kumar rai",jhapa,samirrai661@co.uk
"samaya chandra oli",kohalpur,samayaoli864@mof.np
"dibesh chandra neupane",banke,dibeshneupane526@tu.edu.np
"pintu prakash shrestha",bajang,pintushrestha639@tu.edu.np
"shishir bahadur rai",basantapur,shishirrai233@mit.us
"shishir prasad maharjan",illam,shishirmaharjan670@gmail.com
"prasanna prasad neupane",syangha,prasannaneupane575@meta.co
"kalyan prasad maharjan",ramnagar,kalyanmaharjan543@mit.us
"golu bahadur sharma",kavre,golusharma853@edu.np
"shishir chandra rai",parvat,shishirrai709@edu.np
"manish prasad oli",rukum,manisholi5@edu.np
"manish chandra magar",parvat,manishmagar814@facebook.co
"samir shekhar chapagain",jhapa,samirchapagain560@hazesoft.co
"ashim bahadur dahal",kavre,ashimdahal959@tu.edu.np
"nischal bahadur rana",kohalpur,nischalrana459@meta.co
"aashish chandra sharma",basantapur,aashishsharma130@mit.us
"kripesh bahadur maharjan",sallaghari,kripeshmaharjan363@gmail.com
"samir shekhar oli",kaski,samiroli390@mof.np
"diresh shekhar bhandari",bajang,direshbhandari156@edu.np
"alex shekhar neupane",bardiya,alexneupane291@facebook.co
"ramesh shekhar neupane",syangha,rameshneupane943@mof.np
"saisagun kumar shrestha",banke,saisagunshrestha486@mit.us
"nischal prakash sharma",jhapa,nischalsharma849@co.uk
"dibesh prakash rana",panchtahr,dibeshrana445@facebook.co
"samir bahadur gywali",bajura,samirgywali62@moe.np
"rishikesh shekhar thapa",panchtahr,rishikeshthapa201@facebook.co
"kripesh kumar deuba",bajang,kripeshdeuba524@tu.edu.np
"kripesh prakash maharjan",lokanthali,kripeshmaharjan384@ioe.np
"prasanna bahadur shrestha",jhapa,prasannashrestha135@mit.us
"sumin bahadur rana",jhapa,suminrana485@tu.edu.np
"ashim shekhar rai",jhapa,ashimrai846@co.uk
"pintu prakash oli",panchtahr,pintuoli855@yahoo.com
"pratik prasad dahal",sallaghari,pratikdahal515@hotmail.com
"ramesh prasad gywali",syangha,rameshgywali93@mit.us
"nischal kumar rana",parvat,nischalrana758@ioe.np
"pratik chandra gywali",sallaghari,pratikgywali600@hazesoft.co
"prasanna prasad rana",basantapur,prasannarana134@moe.np
"pratik kumar dahal",morang,pratikdahal784@tu.edu.np
"saisagun bahadur chapagain",panchtahr,saisagunchapagain296@tu.edu.np
"ram kumar lamichhane",rukum,ramlamichhane549@hazesoft.co
"shishir shekhar thapa",bajura,shishirthapa212@ioe.np
"alex shekhar neupane",parvat,alexneupane535@mof.np
"kripesh kumar gywali",rukum,kripeshgywali293@moe.np
"ram bahadur oli",rukum,ramoli827@moe.np
"prasanna bahadur deuba",basantapur,prasannadeuba921@meta.co
"ram kumar gywali",rukum,ramgywali210@hotmail.com
"bablu chandra thapa",syangha,babluthapa643@tu.edu.np
"bisesh prakash sharma",kohalpur,biseshsharma94@ioe.np
"sujal shekhar neupane",banke,sujalneupane743@moe.np
"kripesh chandra dahal",panchtahr,kripeshdahal76@meta.co
"pintu prakash maharjan",bajura,pintumaharjan146@meta.co
"kobid prakash chapagain",syangha,kobidchapagain348@facebook.co
"aashish prakash oli",basantapur,aashisholi176@hotmail.com
"alex kumar gywali",kohalpur,alexgywali949@edu.np
"ashim prakash sharma",basantapur,ashimsharma223@hotmail.com
"golu prasad sharma",morang,golusharma372@hazesoft.co
"shishir prakash gywali",bardiya,shishirgywali536@yahoo.com
"bisesh prasad oli",bajang,bisesholi480@hazesoft.co
"nischal bahadur neupane",kohalpur,nischalneupane755@yahoo.com
"saisagun chandra bhandari",parvat,saisagunbhandari644@yahoo.com
"prasanna chandra rana",bajang,prasannarana642@tu.edu.np
"alex bahadur neupane",jhapa,alexneupane906@tu.edu.np
"kripesh prakash neupane",kohalpur,kripeshneupane911@hazesoft.co
"bablu kumar deuba",sallaghari,babludeuba58@hazesoft.co
"bablu shekhar oli",kavre,babluoli281@hazesoft.co
"sumin bahadur magar",jhapa,suminmagar90@tu.edu.np
"kripesh shekhar rana",morang,kripeshrana412@edu.np
"pintu chandra deuba",morang,pintudeuba493@facebook.co
"nischal prasad deuba",bajura,nischaldeuba109@hazesoft.co
"suraj prakash magar",basantapur,surajmagar575@ioe.np
"diresh chandra oli",dolpa,diresholi476@meta.co
"samaya chandra dahal",kaski,samayadahal331@hotmail.com
"aashish shekhar dahal",lokanthali,aashishdahal690@tu.edu.np
"sujal kumar bhandari",bajang,sujalbhandari206@hazesoft.co
"samaya prakash shrestha",kaski,samayashrestha886@co.uk
"kobid shekhar oli",sallaghari,kobidoli472@edu.np
"bisesh kumar deuba",kaski,biseshdeuba899@hotmail.com
"golu kumar shrestha",basantapur,golushrestha440@hotmail.com
"alex prasad gywali",sallaghari,alexgywali762@hotmail.com
"manish prasad shrestha",rukum,manishshrestha120@meta.co
"rabindra bahadur oli",parvat,rabindraoli655@gmail.com
"rabindra prakash neupane",kavre,rabindraneupane490@mof.np
"sujal prakash sharma",rukum,sujalsharma500@facebook.co
"shishir prakash sharma",kaski,shishirsharma928@meta.co
"kripesh shekhar shrestha",bajang,kripeshshrestha408@facebook.co
"bibek chandra lamichhane",illam,bibeklamichhane917@gmail.com
"samaya shekhar thapa",jhapa,samayathapa391@tu.edu.np
"alex kumar dahal",parvat,alexdahal957@gmail.com
"bisesh chandra lamichhane",bajura,biseshlamichhane148@facebook.co
"alex chandra deuba",lokanthali,alexdeuba682@hazesoft.co
"dibesh kumar magar",rukum,dibeshmagar155@tu.edu.np
"kripesh kumar neupane",ramnagar,kripeshneupane673@meta.co
"suraj bahadur shrestha",kohalpur,surajshrestha307@mof.np
"ram shekhar dahal",lokanthali,ramdahal976@yahoo.com
"aashish chandra bhandari",banke,aashishbhandari830@mof.np
"sumin kumar thapa",bardiya,suminthapa169@gmail.com
"shishir shekhar rana",bajura,shishirrana343@co.uk
"rishikesh prasad sharma",bajang,rishikeshsharma546@ioe.np
"diresh chandra bhandari",illam,direshbhandari738@edu.np
"samir prasad deuba",illam,samirdeuba190@co.uk
"manish chandra chapagain",bardiya,manishchapagain119@ioe.np
"sujal kumar sharma",bajang,sujalsharma640@ioe.np
"pintu prakash thapa",lokanthali,pintuthapa616@edu.np
"sujal prasad sharma",parvat,sujalsharma209@gmail.com
"aashish bahadur maharjan",dolpa,aashishmaharjan740@ioe.np
"sujal shekhar maharjan",syangha,sujalmaharjan222@gmail.com
"ramesh prasad neupane",illam,rameshneupane442@hotmail.com
"ashim bahadur chapagain",kaski,ashimchapagain306@mit.us
"shishir shekhar chapagain",basantapur,shishirchapagain166@mit.us
"kripesh shekhar bhandari",banke,kripeshbhandari682@mit.us
"diresh prakash lamichhane",illam,direshlamichhane531@tu.edu.np
"kripesh prasad gywali",ramnagar,kripeshgywali338@co.uk
"ram prakash rana",basantapur,ramrana516@yahoo.com
"pintu shekhar sharma",parvat,pintusharma27@ioe.np
"samir shekhar maharjan",bajura,samirmaharjan549@facebook.co
"rishikesh bahadur shrestha",kohalpur,rishikeshshrestha931@edu.np
"dibesh kumar thapa",rukum,dibeshthapa273@yahoo.com
"aashish prasad maharjan",bardiya,aashishmaharjan530@ioe.np
"pintu bahadur neupane",rukum,pintuneupane869@hazesoft.co
"dibesh shekhar rana",syangha,dibeshrana878@tu.edu.np
"pintu chandra sharma",panchtahr,pintusharma91@hotmail.com
"rishikesh prasad rai",ramnagar,rishikeshrai452@hazesoft.co
"bisesh shekhar deuba",banke,biseshdeuba559@moe.np
"samaya prasad sharma",dolpa,samayasharma937@yahoo.com
"ramesh shekhar oli",morang,ramesholi984@moe.np
"ashim kumar maharjan",bardiya,ashimmaharjan437@mit.us
"ashim prakash rai",parvat,ashimrai315@hotmail.com
"bibek bahadur deuba",kavre,bibekdeuba601@meta.co
"golu kumar rai",rukum,golurai657@tu.edu.np
"rishikesh bahadur rai",dolpa,rishikeshrai414@edu.np
"sujal bahadur chapagain",kohalpur,sujalchapagain472@moe.np
"diresh shekhar rai",jhapa,direshrai266@gmail.com
"diresh prasad bhandari",kavre,direshbhandari794@edu.np
"nischal kumar deuba",rukum,nischaldeuba847@hotmail.com
"suraj prasad lamichhane",bajang,surajlamichhane427@facebook.co
"pintu prasad neupane",ramnagar,pintuneupane280@moe.np
"diresh bahadur magar",sallaghari,direshmagar229@gmail.com
"sujal kumar dahal",basantapur,sujaldahal21@meta.co
"kobid prakash maharjan",basantapur,kobidmaharjan628@tu.edu.np
"shishir shekhar thapa",bajang,shishirthapa349@facebook.co
"ramesh prakash gywali",bajang,rameshgywali502@ioe.np
"sumin bahadur maharjan",bajang,suminmaharjan46@gmail.com
"rabindra bahadur thapa",basantapur,rabindrathapa144@tu.edu.np
"samaya prasad shrestha",panchtahr,samayashrestha289@gmail.com
"bibek shekhar deuba",ramnagar,bibekdeuba415@ioe.np
"sumin prakash maharjan",basantapur,suminmaharjan292@edu.np
"samaya bahadur magar",kohalpur,samayamagar457@meta.co
"samaya prakash oli",jhapa,samayaoli985@moe.np
"diresh chandra chapagain",bardiya,direshchapagain146@hazesoft.co
"rabindra prakash neupane",bardiya,rabindraneupane775@ioe.np
"rabindra kumar bhandari",kohalpur,rabindrabhandari53@gmail.com
"manish chandra shrestha",bajang,manishshrestha529@hotmail.com
"rabindra shekhar rai",ramnagar,rabindrarai4@tu.edu.np
"bibek chandra neupane",kavre,bibekneupane552@tu.edu.np
"aashish chandra gywali",rukum,aashishgywali123@gmail.com
"pratik bahadur chapagain",kohalpur,pratikchapagain48@hazesoft.co
"rabindra bahadur magar",sallaghari,rabindramagar782@co.uk
"rabindra shekhar maharjan",bajura,rabindramaharjan665@mof.np
"diresh bahadur chapagain",illam,direshchapagain554@meta.co
"alex chandra gywali",morang,alexgywali96@mof.np
"kripesh prasad magar",ramnagar,kripeshmagar178@mof.np
"bisesh shekhar lamichhane",dolpa,biseshlamichhane470@hotmail.com
"aashish prakash shrestha",lokanthali,aashishshrestha87@yahoo.com
"sujal prakash chapagain",bajang,sujalchapagain312@facebook.co
"diresh kumar bhandari",bardiya,direshbhandari374@mof.np
"ramesh bahadur neupane",ramnagar,rameshneupane546@mit.us
"diresh shekhar neupane",illam,direshneupane152@hazesoft.co
"ram prasad chapagain",kohalpur,ramchapagain182@hazesoft.co
"kripesh shekhar chapagain",lokanthali,kripeshchapagain846@moe.np
"rabindra prasad rai",parvat,rabindrarai949@hazesoft.co
"ashim prasad sharma",lokanthali,ashimsharma865@yahoo.com
"kripesh kumar maharjan",panchtahr,kripeshmaharjan371@meta.co
"nischal chandra oli",bardiya,nischaloli121@tu.edu.np
"sumin kumar magar",syangha,suminmagar589@mit.us
"bisesh prakash deuba",rukum,biseshdeuba436@hazesoft.co
"ram prasad lamichhane",illam,ramlamichhane107@mit.us
"bibek shekhar deuba",kavre,bibekdeuba982@hotmail.com
"kobid prakash magar",morang,kobidmagar852@moe.np
"ram prasad magar",jhapa,rammagar398@edu.np
"pintu chandra neupane",jhapa,pintuneupane853@moe.np
"kobid chandra rai",jhapa,kobidrai771@co.uk
"sumin chandra sharma",syangha,suminsharma498@mit.us
"pintu prasad thapa",illam,pintuthapa577@edu.np
"sumin shekhar bhandari",basantapur,suminbhandari844@hotmail.com
"ramesh kumar chapagain",panchtahr,rameshchapagain564@meta.co
"kalyan shekhar oli",kaski,kalyanoli701@mof.np
"kripesh kumar neupane",ramnagar,kripeshneupane862@ioe.np
"bablu kumar shrestha",kohalpur,bablushrestha363@facebook.co
"saisagun bahadur lamichhane",panchtahr,saisagunlamichhane899@moe.np
"saisagun chandra rai",bajura,saisagunrai954@ioe.np
"ram bahadur gywali",illam,ramgywali603@mit.us
"bibek shekhar gywali",bajura,bibekgywali113@mit.us
"aashish prasad oli",parvat,aashisholi628@meta.co
"nischal shekhar bhandari",panchtahr,nischalbhandari257@co.uk
"pratik chandra oli",dolpa,pratikoli294@mof.np
"ramesh chandra lamichhane",bardiya,rameshlamichhane903@facebook.co
"bablu chandra dahal",banke,babludahal760@mit.us
"suraj prakash dahal",bajura,surajdahal212@moe.np
"bibek prasad rai",syangha,bibekrai716@facebook.co
"golu prasad rana",kaski,golurana777@gmail.com
"pratik prasad magar",sallaghari,pratikmagar585@meta.co
"nischal shekhar rai",kohalpur,nischalrai713@yahoo.com
"golu prasad rana",ramnagar,golurana698@facebook.co
"bablu prakash deuba",bajang,babludeuba927@yahoo.com
"nischal shekhar gywali",bardiya,nischalgywali238@moe.np
"nischal chandra dahal",rukum,nischaldahal657@meta.co
"kalyan prasad sharma",parvat,kalyansharma42@gmail.com
"prasanna prasad neupane",kohalpur,prasannaneupane137@moe.np
"kobid prasad chapagain",kavre,kobidchapagain305@facebook.co
"shishir shekhar oli",parvat,shishiroli229@gmail.com
"pintu kumar thapa",bardiya,pintuthapa419@tu.edu.np
"kalyan prasad neupane",basantapur,kalyanneupane906@meta.co
"alex kumar neupane",rukum,alexneupane511@moe.np
"alex prakash chapagain",basantapur,alexchapagain940@facebook.co
"pratik chandra lamichhane",bardiya,pratiklamichhane749@moe.np
"ramesh shekhar magar",illam,rameshmagar634@hotmail.com
"kalyan prakash neupane",bajura,kalyanneupane76@yahoo.com
"rishikesh shekhar lamichhane",illam,rishikeshlamichhane675@hazesoft.co
"diresh prasad oli",basantapur,diresholi919@gmail.com
"sumin prasad shrestha",basantapur,suminshrestha302@edu.np
"sujal prasad sharma",dolpa,sujalsharma198@hotmail.com
"samir shekhar magar",dolpa,samirmagar267@co.uk
"samaya kumar chapagain",bardiya,samayachapagain45@edu.np
"kalyan shekhar rai",rukum,kalyanrai73@tu.edu.np
"golu prasad deuba",kaski,goludeuba273@meta.co
"saisagun bahadur lamichhane",bajang,saisagunlamichhane750@facebook.co
"diresh bahadur lamichhane",bardiya,direshlamichhane930@meta.co
"dibesh shekhar neupane",banke,dibeshneupane902@gmail.com
"ram shekhar thapa",syangha,ramthapa472@moe.np
"aashish chandra dahal",kavre,aashishdahal591@facebook.co
"samir chandra thapa",kavre,samirthapa806@mof.np
"shishir prakash magar",syangha,shishirmagar250@hazesoft.co
"ramesh bahadur magar",illam,rameshmagar339@hotmail.com
"kripesh shekhar rai",kohalpur,kripeshrai637@edu.np
"prasanna bahadur rana",lokanthali,prasannarana848@hazesoft.co
"nischal bahadur rai",jhapa,nischalrai303@edu.np
"bablu bahadur gywali",bajang,bablugywali944@ioe.np
"diresh prasad neupane",ramnagar,direshneupane16@hazesoft.co
"golu shekhar thapa",bajang,goluthapa879@facebook.co
"pratik bahadur gywali",rukum,pratikgywali99@hotmail.com
"ramesh kumar lamichhane",kohalpur,rameshlamichhane935@meta.co
"bablu kumar gywali",basantapur,bablugywali837@yahoo.com
"bisesh prakash maharjan",kaski,biseshmaharjan744@mof.np
"golu prasad maharjan",bajura,golumaharjan667@edu.np
"rabindra prakash gywali",bajang,rabindragywali736@hazesoft.co
"diresh prasad lamichhane",panchtahr,direshlamichhane423@tu.edu.np
"saisagun prasad gywali",lokanthali,saisagungywali230@facebook.co
"samir shekhar maharjan",kohalpur,samirmaharjan742@ioe.np
"bisesh bahadur gywali",jhapa,biseshgywali765@tu.edu.np
"rabindra bahadur magar",panchtahr,rabindramagar890@tu.edu.np
"saisagun bahadur rana",jhapa,saisagunrana796@tu.edu.np
"bablu shekhar dahal",rukum,babludahal584@tu.edu.np
"ramesh bahadur neupane",sallaghari,rameshneupane240@edu.np
"samaya prakash rai",dolpa,samayarai374@co.uk
"rishikesh prasad oli",banke,rishikesholi81@co.uk
"rishikesh chandra shrestha",morang,rishikeshshrestha5@ioe.np
"bablu kumar gywali",ramnagar,bablugywali187@hazesoft.co
"bablu prakash thapa",rukum,babluthapa541@ioe.np
"kalyan prakash lamichhane",kaski,kalyanlamichhane563@moe.np
"sumin prasad lamichhane",lokanthali,suminlamichhane115@mof.np
"golu chandra rana",panchtahr,golurana297@hotmail.com
"ramesh prasad magar",rukum,rameshmagar514@hotmail.com
"rishikesh prasad neupane",syangha,rishikeshneupane741@yahoo.com
"bibek prakash chapagain",panchtahr,bibekchapagain459@facebook.co
"kalyan prasad dahal",parvat,kalyandahal566@edu.np
"sumin chandra chapagain",bajang,suminchapagain305@edu.np
"nischal chandra neupane",basantapur,nischalneupane171@meta.co
"bisesh chandra bhandari",bajang,biseshbhandari789@edu.np
"rishikesh bahadur deuba",morang,rishikeshdeuba145@hotmail.com
"ram shekhar chapagain",dolpa,ramchapagain886@mof.np
"manish prakash dahal",parvat,manishdahal140@hazesoft.co
"kalyan kumar sharma",banke,kalyansharma736@gmail.com
"pratik kumar sharma",bardiya,pratiksharma58@yahoo.com
"alex prasad shrestha",morang,alexshrestha762@co.uk
"manish prakash oli",lokanthali,manisholi605@mit.us
"nischal prasad rana",bardiya,nischalrana254@edu.np
"aashish shekhar chapagain",jhapa,aashishchapagain328@mit.us
"bisesh kumar sharma",syangha,biseshsharma979@hazesoft.co
"kripesh prakash deuba",jhapa,kripeshdeuba354@meta.co
"golu bahadur shrestha",panchtahr,golushrestha342@mof.np
"kalyan kumar rana",kavre,kalyanrana115@mof.np
"sujal kumar chapagain",kaski,sujalchapagain639@gmail.com
"samaya shekhar deuba",sallaghari,samayadeuba191@meta.co
"nischal prakash dahal",parvat,nischaldahal776@moe.np
"aashish kumar shrestha",ramnagar,aashishshrestha297@edu.np
"rishikesh shekhar chapagain",morang,rishikeshchapagain400@mit.us
"shishir chandra chapagain",bardiya,shishirchapagain938@hotmail.com
"pratik kumar sharma",banke,pratiksharma1@facebook.co
"dibesh prakash gywali",kaski,dibeshgywali539@yahoo.com
"kripesh prasad oli",dolpa,kripesholi758@ioe.np
"manish kumar maharjan",morang,manishmaharjan272@co.uk
"rabindra prasad rana",bardiya,rabindrarana76@edu.np
"dibesh shekhar dahal",bajura,dibeshdahal448@moe.np
"shishir bahadur oli",lokanthali,shishiroli131@co.uk
"prasanna kumar shrestha",morang,prasannashrestha444@co.uk
"sujal kumar rana",bajang,sujalrana169@co.uk
"prasanna shekhar rana",bajura,prasannarana135@tu.edu.np
"rishikesh shekhar thapa",lokanthali,rishikeshthapa628@mit.us
"sujal prakash neupane",dolpa,sujalneupane624@edu.np
"rishikesh chandra bhandari",jhapa,rishikeshbhandari29@mit.us
"aashish bahadur thapa",dolpa,aashishthapa297@hazesoft.co
"aashish shekhar rana",rukum,aashishrana90@edu.np
"pratik bahadur maharjan",kaski,pratikmaharjan869@gmail.com
"samaya kumar gywali",illam,samayagywali757@facebook.co
"suraj chandra shrestha",sallaghari,surajshrestha398@mit.us
"samaya shekhar deuba",bajura,samayadeuba245@ioe.np
"shishir chandra shrestha",kohalpur,shishirshrestha166@mit.us
"prasanna kumar maharjan",basantapur,prasannamaharjan776@moe.np
"prasanna prasad deuba",banke,prasannadeuba689@hotmail.com
"ram prasad deuba",kohalpur,ramdeuba111@edu.np
"kobid kumar magar",banke,kobidmagar572@hazesoft.co
"suraj prasad bhandari",panchtahr,surajbhandari613@tu.edu.np
"rishikesh prakash shrestha",jhapa,rishikeshshrestha309@meta.co
"dibesh kumar oli",lokanthali,dibesholi629@mof.np
"rishikesh kumar magar",basantapur,rishikeshmagar582@moe.np
"pratik prasad shrestha",illam,pratikshrestha163@gmail.com
"suraj kumar sharma",banke,surajsharma343@tu.edu.np
"suraj shekhar deuba",sallaghari,surajdeuba373@mit.us
"kobid chandra rai",morang,kobidrai692@mof.np
"samaya prakash maharjan",jhapa,samayamaharjan334@co.uk
"diresh prakash rana",parvat,direshrana150@yahoo.com
"diresh kumar sharma",ramnagar,direshsharma77@mof.np
"sujal chandra bhandari",bajura,sujalbhandari355@yahoo.com
"bisesh prakash thapa",bajang,biseshthapa243@moe.np
"diresh chandra dahal",lokanthali,direshdahal437@gmail.com
"kobid chandra gywali",sallaghari,kobidgywali518@hazesoft.co
"alex kumar lamichhane",rukum,alexlamichhane7@edu.np
"ashim chandra maharjan",morang,ashimmaharjan554@co.uk
"bablu kumar rai",kohalpur,bablurai424@gmail.com
"pintu kumar dahal",syangha,pintudahal808@yahoo.com
"alex kumar maharjan",banke,alexmaharjan801@edu.np
"kalyan prasad deuba",panchtahr,kalyandeuba459@ioe.np
"kalyan chandra sharma",basantapur,kalyansharma508@hotmail.com
"sumin bahadur deuba",panchtahr,sumindeuba528@meta.co
"sumin chandra sharma",kohalpur,suminsharma22@yahoo.com
"pratik bahadur sharma",panchtahr,pratiksharma247@tu.edu.np
"suraj bahadur lamichhane",morang,surajlamichhane236@tu.edu.np
"diresh prasad chapagain",bardiya,direshchapagain162@tu.edu.np
"manish shekhar oli",panchtahr,manisholi638@mit.us
"ashim chandra rai",sallaghari,ashimrai617@facebook.co
"nischal kumar oli",parvat,nischaloli107@ioe.np
"dibesh prakash neupane",kohalpur,dibeshneupane794@meta.co
"nischal prakash maharjan",illam,nischalmaharjan836@moe.np
"saisagun bahadur thapa",bajura,saisagunthapa990@yahoo.com
"ashim prasad shrestha",rukum,ashimshrestha756@facebook.co
"kobid bahadur magar",lokanthali,kobidmagar878@ioe.np
"bibek prasad thapa",rukum,bibekthapa335@hotmail.com
"nischal chandra deuba",sallaghari,nischaldeuba676@facebook.co
"samaya prasad oli",lokanthali,samayaoli780@facebook.co
"nischal bahadur rana",panchtahr,nischalrana104@mof.np
"samaya prakash sharma",bardiya,samayasharma829@edu.np
"prasanna shekhar gywali",bajura,prasannagywali27@co.uk
"golu prasad thapa",kavre,goluthapa391@edu.np
"samaya chandra magar",parvat,samayamagar190@facebook.co
"sujal prasad maharjan",panchtahr,sujalmaharjan10@tu.edu.np
"saisagun bahadur dahal",dolpa,saisagundahal562@ioe.np
"pratik bahadur thapa",panchtahr,pratikthapa564@hotmail.com
"suraj shekhar gywali",banke,surajgywali40@ioe.np
"rishikesh chandra gywali",illam,rishikeshgywali307@gmail.com
"samir prasad deuba",lokanthali,samirdeuba665@co.uk
"ashim kumar neupane",rukum,ashimneupane640@mit.us
"prasanna kumar shrestha",bajura,prasannashrestha309@meta.co
"nischal prakash dahal",illam,nischaldahal3@mof.np
"diresh chandra deuba",bajang,direshdeuba685@edu.np
"saisagun prakash neupane",ramnagar,saisagunneupane66@yahoo.com
"samir chandra magar",ramnagar,samirmagar381@mof.np
"bisesh chandra maharjan",lokanthali,biseshmaharjan353@moe.np
"kalyan chandra shrestha",banke,kalyanshrestha104@mof.np
"kalyan prasad chapagain",kavre,kalyanchapagain935@mit.us
"rishikesh bahadur chapagain",kaski,rishikeshchapagain776@edu.np
"prasanna shekhar gywali",morang,prasannagywali158@mit.us
"dibesh shekhar sharma",morang,dibeshsharma227@mit.us
"bibek chandra lamichhane",bajura,bibeklamichhane283@hotmail.com
"bibek prasad magar",banke,bibekmagar649@tu.edu.np
"pintu shekhar gywali",dolpa,pintugywali661@gmail.com
"kobid prasad rai",bardiya,kobidrai261@ioe.np
"pintu prakash deuba",bajura,pintudeuba851@tu.edu.np
"rabindra prasad maharjan",kaski,rabindramaharjan509@gmail.com
"samir prakash neupane",dolpa,samirneupane228@facebook.co
"alex bahadur lamichhane",parvat,alexlamichhane903@edu.np
"suraj shekhar maharjan",lokanthali,surajmaharjan753@co.uk
"kalyan shekhar bhandari",kavre,kalyanbhandari277@gmail.com
"sujal kumar neupane",kaski,sujalneupane367@facebook.co
"diresh prakash deuba",kavre,direshdeuba667@meta.co
"shishir prakash rana",sallaghari,shishirrana606@edu.np
"saisagun chandra rai",morang,saisagunrai34@yahoo.com
"bisesh bahadur magar",kaski,biseshmagar359@hotmail.com
"nischal prasad dahal",bajura,nischaldahal151@edu.np
"pintu shekhar lamichhane",rukum,pintulamichhane760@hotmail.com
"saisagun kumar shrestha",bajura,saisagunshrestha753@gmail.com
"dibesh bahadur magar",banke,dibeshmagar547@facebook.co
"aashish prasad rana",rukum,aashishrana810@tu.edu.np
"sujal prakash chapagain",kavre,sujalchapagain435@edu.np
"kobid shekhar bhandari",jhapa,kobidbhandari642@ioe.np
"suraj chandra shrestha",parvat,surajshrestha219@gmail.com
"rishikesh shekhar rana",kavre,rishikeshrana366@mof.np
"ramesh shekhar dahal",kavre,rameshdahal83@moe.np
"prasanna prasad rana",dolpa,prasannarana652@mof.np
"kobid chandra neupane",basantapur,kobidneupane508@mof.np
"samir prasad oli",parvat,samiroli927@edu.np
"samir chandra magar",dolpa,samirmagar909@co.uk
"pratik chandra thapa",lokanthali,pratikthapa889@meta.co
"rishikesh kumar thapa",bardiya,rishikeshthapa331@yahoo.com
"kobid chandra deuba",lokanthali,kobiddeuba97@mof.np
"saisagun shekhar oli",lokanthali,saisagunoli835@moe.np
"diresh shekhar dahal",parvat,direshdahal623@edu.np
"rishikesh prasad chapagain",bajura,rishikeshchapagain450@mof.np
"kripesh prakash maharjan",sallaghari,kripeshmaharjan230@tu.edu.np
"ashim chandra bhandari",morang,ashimbhandari383@yahoo.com
"shishir prakash sharma",parvat,shishirsharma258@edu.np
"kalyan chandra sharma",bajang,kalyansharma251@gmail.com
"rabindra prasad magar",ramnagar,rabindramagar159@yahoo.com
"kalyan prasad deuba",ramnagar,kalyandeuba281@hazesoft.co
"manish shekhar deuba",parvat,manishdeuba128@facebook.co
"suraj prasad thapa",rukum,surajthapa705@edu.np
"suraj bahadur neupane",morang,surajneupane99@gmail.com
"prasanna bahadur dahal",banke,prasannadahal644@mof.np
"rishikesh kumar gywali",illam,rishikeshgywali24@yahoo.com
"diresh chandra magar",parvat,direshmagar953@edu.np
"kripesh kumar oli",parvat,kripesholi712@yahoo.com
"manish prakash thapa",illam,manishthapa396@co.uk
"kalyan bahadur rana",banke,kalyanrana51@ioe.np
"ashim prakash sharma",rukum,ashimsharma962@mof.np
"rishikesh prasad lamichhane",sallaghari,rishikeshlamichhane235@gmail.com
"nischal bahadur gywali",bardiya,nischalgywali983@facebook.co
"kobid prakash dahal",panchtahr,kobiddahal490@tu.edu.np
"prasanna prasad deuba",banke,prasannadeuba56@gmail.com
"bisesh chandra dahal",syangha,biseshdahal856@hotmail.com
"rabindra bahadur lamichhane",kohalpur,rabindralamichhane332@moe.np
"samir prasad chapagain",banke,samirchapagain668@mit.us
"bablu prasad thapa",jhapa,babluthapa356@mof.np
"ashim bahadur oli",jhapa,ashimoli413@gmail.com
"prasanna prasad deuba",lokanthali,prasannadeuba192@tu.edu.np
"dibesh chandra neupane",banke,dibeshneupane66@hotmail.com
"diresh shekhar thapa",ramnagar,direshthapa258@moe.np
"golu shekhar oli",illam,goluoli393@ioe.np
"sumin kumar neupane",rukum,suminneupane515@facebook.co
"pintu prakash chapagain",illam,pintuchapagain259@gmail.com
"saisagun bahadur neupane",kaski,saisagunneupane514@mof.np
"pratik bahadur dahal",morang,pratikdahal804@mit.us
"pintu bahadur sharma",jhapa,pintusharma443@co.uk
"kobid kumar deuba",bardiya,kobiddeuba391@hazesoft.co
"kobid chandra rai",jhapa,kobidrai403@meta.co
"kripesh prasad magar",rukum,kripeshmagar777@mit.us
"samaya chandra maharjan",illam,samayamaharjan898@hotmail.com
"manish prasad bhandari",illam,manishbhandari471@hazesoft.co
"rabindra bahadur neupane",illam,rabindraneupane428@gmail.com
"shishir kumar rai",kohalpur,shishirrai153@hotmail.com
"samaya prakash thapa",parvat,samayathapa784@ioe.np
"nischal prasad rana",bajura,nischalrana138@meta.co
"dibesh chandra sharma",ramnagar,dibeshsharma581@edu.np
"kripesh prakash thapa",basantapur,kripeshthapa351@hazesoft.co
"rishikesh prasad magar",morang,rishikeshmagar900@mit.us
"nischal kumar magar",jhapa,nischalmagar527@mit.us
"pintu shekhar thapa",kaski,pintuthapa422@mof.np
"sujal prakash sharma",sallaghari,sujalsharma912@yahoo.com
"ramesh kumar neupane",sallaghari,rameshneupane767@mit.us
"samaya shekhar bhandari",sallaghari,samayabhandari657@mof.np
"shishir chandra dahal",syangha,shishirdahal447@hazesoft.co
"ramesh chandra oli",lokanthali,ramesholi486@ioe.np
"shishir prakash rana",sallaghari,shishirrana869@hazesoft.co
"bablu prasad rana",parvat,bablurana219@edu.np
"kobid shekhar deuba",bajura,kobiddeuba52@ioe.np
"samaya prakash dahal",illam,samayadahal333@tu.edu.np
"kalyan chandra neupane",kavre,kalyanneupane35@mof.np
"kobid bahadur lamichhane",basantapur,kobidlamichhane142@tu.edu.np
"pintu chandra maharjan",kavre,pintumaharjan87@meta.co
"dibesh kumar thapa",jhapa,dibeshthapa943@mit.us
"dibesh kumar dahal",rukum,dibeshdahal758@edu.np
"sumin bahadur maharjan",parvat,suminmaharjan759@gmail.com
"samir prasad rai",bardiya,samirrai78@hotmail.com
"sujal prasad magar",illam,sujalmagar17@moe.np
"pratik shekhar lamichhane",ramnagar,pratiklamichhane805@moe.np
"pintu prasad deuba",jhapa,pintudeuba894@ioe.np
"alex bahadur dahal",kaski,alexdahal827@ioe.np
"manish chandra chapagain",jhapa,manishchapagain725@co.uk
"manish shekhar chapagain",ramnagar,manishchapagain785@facebook.co
"sujal chandra lamichhane",kavre,sujallamichhane429@meta.co
"pratik chandra rana",panchtahr,pratikrana76@co.uk
"bisesh chandra gywali",panchtahr,biseshgywali328@co.uk
"pratik bahadur rai",lokanthali,pratikrai198@ioe.np
"nischal kumar lamichhane",jhapa,nischallamichhane518@gmail.com
"samir chandra sharma",jhapa,samirsharma24@edu.np
"sujal prasad bhandari",ramnagar,sujalbhandari448@tu.edu.np
"rishikesh shekhar rai",ramnagar,rishikeshrai878@hazesoft.co
"nischal kumar rai",rukum,nischalrai815@ioe.np
"alex shekhar lamichhane",bajang,alexlamichhane28@moe.np
"aashish prasad bhandari",kaski,aashishbhandari736@mit.us
"alex prasad rana",illam,alexrana752@tu.edu.np
"ram shekhar dahal",panchtahr,ramdahal160@tu.edu.np
"kobid prasad chapagain",kohalpur,kobidchapagain799@hotmail.com
"prasanna shekhar shrestha",ramnagar,prasannashrestha951@co.uk
"saisagun bahadur gywali",ramnagar,saisagungywali811@ioe.np
"shishir bahadur deuba",lokanthali,shishirdeuba74@hazesoft.co
"aashish bahadur lamichhane",banke,aashishlamichhane695@meta.co
"shishir chandra sharma",rukum,shishirsharma489@co.uk
"sujal chandra oli",morang,sujaloli232@hazesoft.co
"ashim shekhar thapa",morang,ashimthapa940@ioe.np
"pratik bahadur bhandari",illam,pratikbhandari566@meta.co
"pintu bahadur sharma",lokanthali,pintusharma616@hazesoft.co
"nischal chandra shrestha",rukum,nischalshrestha552@meta.co
"nischal shekhar lamichhane",kaski,nischallamichhane873@hazesoft.co
"manish bahadur neupane",rukum,manishneupane85@gmail.com
"rishikesh prasad sharma",banke,rishikeshsharma988@meta.co
"nischal shekhar rai",lokanthali,nischalrai559@mit.us
"rishikesh prakash bhandari",morang,rishikeshbhandari310@yahoo.com
"alex prasad thapa",lokanthali,alexthapa605@ioe.np
"saisagun chandra magar",syangha,saisagunmagar144@gmail.com
"samir prakash shrestha",kohalpur,samirshrestha245@mof.np
"suraj kumar chapagain",ramnagar,surajchapagain464@gmail.com
"kripesh prasad bhandari",parvat,kripeshbhandari709@mof.np
"sumin bahadur gywali",morang,sumingywali930@moe.np
"alex shekhar neupane",bardiya,alexneupane3@facebook.co
"bisesh bahadur sharma",illam,biseshsharma320@meta.co
"kalyan prasad thapa",bajura,kalyanthapa611@edu.np
"shishir bahadur rai",banke,shishirrai46@gmail.com
"samaya prasad shrestha",bajang,samayashrestha328@edu.np
"ramesh kumar lamichhane",bajura,rameshlamichhane930@mof.np
"manish prakash rana",morang,manishrana928@mof.np
"rabindra shekhar shrestha",illam,rabindrashrestha499@tu.edu.np
"ramesh bahadur dahal",bajura,rameshdahal49@mof.np
"alex kumar dahal",bajura,alexdahal249@co.uk
"bibek prasad thapa",morang,bibekthapa94@hazesoft.co
"rishikesh kumar thapa",morang,rishikeshthapa786@facebook.co
"bablu chandra gywali",lokanthali,bablugywali445@hotmail.com
"manish kumar rana",syangha,manishrana711@moe.np
"nischal prakash thapa",ramnagar,nischalthapa266@meta.co
"golu prakash shrestha",illam,golushrestha129@gmail.com
"samir shekhar magar",sallaghari,samirmagar83@moe.np
"kripesh shekhar neupane",kavre,kripeshneupane229@hotmail.com
"pratik prakash lamichhane",bajang,pratiklamichhane811@hotmail.com
"saisagun prasad gywali",rukum,saisagungywali681@hotmail.com
"ram bahadur rai",banke,ramrai90@mit.us
"shishir prasad magar",dolpa,shishirmagar186@yahoo.com
"alex bahadur sharma",kohalpur,alexsharma88@yahoo.com
"golu chandra shrestha",bajang,golushrestha247@facebook.co
"pratik kumar bhandari",parvat,pratikbhandari402@co.uk
"aashish shekhar bhandari",sallaghari,aashishbhandari872@hotmail.com
"kalyan kumar thapa",rukum,kalyanthapa700@tu.edu.np
"samaya chandra dahal",illam,samayadahal644@tu.edu.np
"saisagun chandra magar",bajura,saisagunmagar190@hazesoft.co
"ramesh prakash oli",parvat,ramesholi206@tu.edu.np
"manish prakash magar",rukum,manishmagar240@co.uk
"bisesh bahadur magar",kohalpur,biseshmagar485@tu.edu.np
"prasanna bahadur dahal",bajang,prasannadahal531@mit.us
"kalyan shekhar chapagain",bajura,kalyanchapagain470@hazesoft.co
"suraj kumar gywali",morang,surajgywali902@edu.np
"bablu bahadur thapa",dolpa,babluthapa473@edu.np
"sumin chandra shrestha",bardiya,suminshrestha250@co.uk
"kalyan kumar oli",parvat,kalyanoli931@mit.us
"suraj prakash shrestha",basantapur,surajshrestha356@facebook.co
"prasanna kumar bhandari",banke,prasannabhandari786@facebook.co
"sumin bahadur rai",bajang,suminrai82@mit.us
"sumin prasad dahal",ramnagar,sumindahal700@gmail.com
"diresh shekhar dahal",bardiya,direshdahal784@mit.us
"shishir chandra deuba",bajang,shishirdeuba270@ioe.np
"sujal kumar gywali",morang,sujalgywali883@co.uk
"diresh chandra rai",basantapur,direshrai380@mof.np
"pratik prasad shrestha",morang,pratikshrestha619@mit.us
"bablu kumar maharjan",syangha,bablumaharjan172@mof.np
"prasanna kumar lamichhane",morang,prasannalamichhane566@hotmail.com
"suraj prasad shrestha",kavre,surajshrestha477@hazesoft.co
"suraj chandra bhandari",syangha,surajbhandari807@co.uk
"bablu chandra gywali",bajura,bablugywali704@yahoo.com
"aashish kumar rana",bajang,aashishrana746@meta.co
"kalyan prasad magar",kaski,kalyanmagar883@ioe.np
"kalyan prasad chapagain",basantapur,kalyanchapagain677@moe.np
"dibesh bahadur rai",ramnagar,dibeshrai361@hazesoft.co
"samir prakash magar",sallaghari,samirmagar770@edu.np
"sumin bahadur maharjan",illam,suminmaharjan541@moe.np
"prasanna bahadur maharjan",bajura,prasannamaharjan594@gmail.com
"saisagun shekhar chapagain",kavre,saisagunchapagain446@facebook.co
"samaya prakash magar",banke,samayamagar481@edu.np
"bablu chandra shrestha",morang,bablushrestha915@facebook.co
"samaya prakash rai",bardiya,samayarai584@moe.np
"bablu kumar magar",morang,bablumagar883@yahoo.com
"dibesh prakash neupane",bardiya,dibeshneupane903@mit.us
"shishir prasad lamichhane",bajura,shishirlamichhane127@edu.np
"ram bahadur rana",bajang,ramrana301@hazesoft.co
"bisesh prakash shrestha",ramnagar,biseshshrestha90@mit.us
"samir kumar oli",jhapa,samiroli525@mof.np
"aashish chandra gywali",kohalpur,aashishgywali938@edu.np
"manish chandra rana",morang,manishrana521@ioe.np
"ramesh prasad sharma",jhapa,rameshsharma558@hazesoft.co
"ramesh prasad magar",morang,rameshmagar770@hazesoft.co
"alex prasad gywali",jhapa,alexgywali195@yahoo.com
"shishir kumar rana",dolpa,shishirrana83@meta.co
"dibesh prasad dahal",parvat,dibeshdahal126@edu.np
"bablu shekhar shrestha",jhapa,bablushrestha5@hazesoft.co
"pintu bahadur dahal",sallaghari,pintudahal695@meta.co
"golu bahadur shrestha",banke,golushrestha582@mof.np
"bablu prakash dahal",morang,babludahal51@ioe.np
"ashim chandra deuba",morang,ashimdeuba46@yahoo.com
"pintu prakash rai",ramnagar,pinturai347@edu.np
"kripesh prasad neupane",panchtahr,kripeshneupane74@mof.np
"suraj chandra gywali",basantapur,surajgywali940@hazesoft.co
"pintu chandra maharjan",morang,pintumaharjan584@moe.np
"sujal chandra shrestha",kavre,sujalshrestha830@facebook.co
"ram shekhar lamichhane",bajura,ramlamichhane883@hotmail.com
"samir chandra dahal",lokanthali,samirdahal125@moe.np
"saisagun bahadur bhandari",morang,saisagunbhandari9@mof.np
"ramesh prakash bhandari",illam,rameshbhandari430@ioe.np
"pintu prakash gywali",syangha,pintugywali593@co.uk
"aashish shekhar magar",kohalpur,aashishmagar898@mof.np
"nischal prakash deuba",rukum,nischaldeuba62@hazesoft.co
"rishikesh prakash magar",panchtahr,rishikeshmagar463@co.uk
"diresh prasad dahal",basantapur,direshdahal404@meta.co
"manish prakash lamichhane",banke,manishlamichhane198@mof.np
"kalyan prasad sharma",kavre,kalyansharma721@tu.edu.np
"bablu prakash dahal",rukum,babludahal60@mit.us
"pintu bahadur chapagain",kaski,pintuchapagain494@mof.np
"diresh chandra thapa",banke,direshthapa386@yahoo.com
"sujal chandra sharma",ramnagar,sujalsharma254@edu.np
"pintu prasad rai",morang,pinturai987@moe.np
"ashim prakash shrestha",parvat,ashimshrestha943@tu.edu.np
"samaya prasad oli",panchtahr,samayaoli828@moe.np
"ashim chandra neupane",syangha,ashimneupane154@edu.np
"bisesh bahadur neupane",panchtahr,biseshneupane449@co.uk
"nischal prakash magar",kavre,nischalmagar316@yahoo.com
"rishikesh prasad gywali",kaski,rishikeshgywali408@co.uk
"sujal kumar bhandari",panchtahr,sujalbhandari347@yahoo.com
"saisagun prakash rana",parvat,saisagunrana361@gmail.com
"kalyan bahadur chapagain",lokanthali,kalyanchapagain194@hazesoft.co
"bablu prakash shrestha",bajura,bablushrestha460@mit.us
"diresh kumar rai",bajura,direshrai671@facebook.co
"suraj chandra deuba",bajang,surajdeuba906@co.uk
"aashish prasad rai",jhapa,aashishrai652@co.uk
"rishikesh chandra dahal",lokanthali,rishikeshdahal35@facebook.co
"pratik kumar rana",bajura,pratikrana245@facebook.co
"diresh kumar chapagain",kavre,direshchapagain748@yahoo.com
"pintu kumar shrestha",ramnagar,pintushrestha738@hazesoft.co
"diresh chandra magar",ramnagar,direshmagar333@ioe.np
"samaya bahadur oli",kaski,samayaoli493@tu.edu.np
"bibek chandra thapa",panchtahr,bibekthapa768@gmail.com
"bibek chandra oli",syangha,bibekoli505@mof.np
"kobid chandra gywali",illam,kobidgywali306@meta.co
"aashish kumar dahal",syangha,aashishdahal90@mit.us
"suraj shekhar deuba",banke,surajdeuba830@co.uk
"bibek shekhar chapagain",lokanthali,bibekchapagain336@meta.co
"rishikesh prakash maharjan",illam,rishikeshmaharjan269@ioe.np
"shishir bahadur shrestha",jhapa,shishirshrestha841@moe.np
"ramesh bahadur neupane",kavre,rameshneupane878@hazesoft.co
"saisagun bahadur rana",ramnagar,saisagunrana46@hotmail.com
"diresh shekhar neupane",kaski,direshneupane858@tu.edu.np
"rabindra prakash deuba",ramnagar,rabindradeuba592@tu.edu.np
"samaya kumar bhandari",bardiya,samayabhandari737@edu.np
"rishikesh chandra dahal",kavre,rishikeshdahal556@mof.np
"samaya shekhar lamichhane",banke,samayalamichhane450@mit.us
"kalyan kumar thapa",syangha,kalyanthapa962@hazesoft.co
"shishir prakash shrestha",ramnagar,shishirshrestha693@mit.us
"sumin chandra bhandari",sallaghari,suminbhandari398@meta.co
"rabindra kumar gywali",lokanthali,rabindragywali471@co.uk
"golu bahadur thapa",lokanthali,goluthapa741@ioe.np
"rishikesh chandra chapagain",banke,rishikeshchapagain767@meta.co
"samaya bahadur rai",illam,samayarai955@hotmail.com
"bibek prasad shrestha",sallaghari,bibekshrestha86@mit.us
"pratik chandra gywali",bajura,pratikgywali634@moe.np
"nischal chandra thapa",morang,nischalthapa936@hotmail.com
"manish bahadur neupane",basantapur,manishneupane189@ioe.np
"aashish bahadur bhandari",kohalpur,aashishbhandari799@mof.np
"samir bahadur rai",bajang,samirrai248@mof.np
"suraj bahadur rana",syangha,surajrana257@hazesoft.co
"bablu kumar neupane",banke,babluneupane579@edu.np
"diresh prakash magar",syangha,direshmagar786@edu.np
"pratik kumar gywali",dolpa,pratikgywali405@hazesoft.co
"nischal bahadur magar",lokanthali,nischalmagar972@mit.us
"rabindra chandra chapagain",sallaghari,rabindrachapagain265@hotmail.com
"alex prasad bhandari",panchtahr,alexbhandari269@yahoo.com
"prasanna kumar magar",kavre,prasannamagar655@tu.edu.np
"kobid chandra chapagain",bardiya,kobidchapagain810@mof.np
"samaya kumar deuba",parvat,samayadeuba272@yahoo.com
"samir prakash chapagain",sallaghari,samirchapagain155@meta.co
"pintu chandra rai",rukum,pinturai813@tu.edu.np
"diresh prasad thapa",jhapa,direshthapa710@mof.np
"kripesh prasad thapa",dolpa,kripeshthapa319@tu.edu.np
"kripesh bahadur thapa",morang,kripeshthapa947@yahoo.com
"shishir chandra deuba",bardiya,shishirdeuba439@mof.np
"alex prakash gywali",lokanthali,alexgywali759@meta.co
"pratik bahadur shrestha",sallaghari,pratikshrestha170@mof.np
"ramesh shekhar shrestha",kaski,rameshshrestha404@gmail.com
"ashim prasad maharjan",lokanthali,ashimmaharjan596@hotmail.com
"samir shekhar sharma",jhapa,samirsharma98@mof.np
"diresh kumar magar",dolpa,direshmagar515@moe.np
"bibek prasad thapa",morang,bibekthapa753@mit.us
"kripesh bahadur gywali",bajang,kripeshgywali529@mof.np
"samaya shekhar chapagain",lokanthali,samayachapagain131@meta.co
"ashim bahadur dahal",banke,ashimdahal928@co.uk
"dibesh kumar rai",parvat,dibeshrai142@mit.us
"pintu kumar lamichhane",kavre,pintulamichhane905@gmail.com
"golu bahadur bhandari",basantapur,golubhandari906@yahoo.com
"rishikesh shekhar deuba",sallaghari,rishikeshdeuba721@hotmail.com
"kalyan chandra bhandari",kavre,kalyanbhandari759@moe.np
"samaya kumar bhandari",syangha,samayabhandari331@mit.us
"alex bahadur bhandari",rukum,alexbhandari782@edu.np
"saisagun prasad shrestha",jhapa,saisagunshrestha559@hazesoft.co
"pintu chandra shrestha",panchtahr,pintushrestha700@facebook.co
"dibesh shekhar thapa",bajang,dibeshthapa735@mof.np
"samir bahadur magar",bardiya,samirmagar666@mof.np
"kripesh shekhar rai",bardiya,kripeshrai851@facebook.co
"golu shekhar lamichhane",lokanthali,golulamichhane569@hazesoft.co
"rabindra kumar rai",kavre,rabindrarai402@ioe.np
"alex bahadur bhandari",kohalpur,alexbhandari468@hotmail.com
"shishir bahadur neupane",kaski,shishirneupane968@edu.np
"suraj prasad gywali",ramnagar,surajgywali301@yahoo.com
"samir kumar shrestha",bajang,samirshrestha53@ioe.np
"pratik kumar dahal",dolpa,pratikdahal504@facebook.co
"nischal kumar lamichhane",panchtahr,nischallamichhane802@tu.edu.np
"alex shekhar lamichhane",dolpa,alexlamichhane762@hotmail.com
"saisagun kumar sharma",basantapur,saisagunsharma726@edu.np
"kobid prasad dahal",rukum,kobiddahal570@mit.us
"prasanna kumar gywali",morang,prasannagywali30@gmail.com
"dibesh prakash lamichhane",rukum,dibeshlamichhane324@mof.np
"sumin bahadur deuba",rukum,sumindeuba432@meta.co
"pratik prasad deuba",rukum,pratikdeuba683@mof.np
"ramesh prakash oli",panchtahr,ramesholi913@mof.np
"bisesh prasad thapa",ramnagar,biseshthapa295@facebook.co
"bablu shekhar oli",ramnagar,babluoli692@gmail.com
"kalyan shekhar gywali",jhapa,kalyangywali567@gmail.com
"manish shekhar rai",ramnagar,manishrai647@co.uk
"pintu chandra chapagain",bajang,pintuchapagain824@mit.us
"aashish shekhar lamichhane",morang,aashishlamichhane83@tu.edu.np
"kobid prasad bhandari",dolpa,kobidbhandari284@yahoo.com
"aashish bahadur deuba",illam,aashishdeuba879@yahoo.com
"alex shekhar dahal",ramnagar,alexdahal848@gmail.com
"nischal prasad gywali",rukum,nischalgywali723@tu.edu.np
"golu shekhar thapa",illam,goluthapa364@hotmail.com
"pratik prakash neupane",sallaghari,pratikneupane314@mit.us
"ramesh kumar oli",ramnagar,ramesholi880@facebook.co
"saisagun shekhar shrestha",kavre,saisagunshrestha26@tu.edu.np
"nischal bahadur maharjan",banke,nischalmaharjan259@facebook.co
"samaya kumar magar",sallaghari,samayamagar844@facebook.co
"kripesh chandra gywali",kaski,kripeshgywali504@edu.np
"kalyan shekhar bhandari",bajang,kalyanbhandari69@hotmail.com
"pintu chandra sharma",ramnagar,pintusharma21@hotmail.com
"bibek prasad gywali",bajura,bibekgywali701@tu.edu.np
"aashish prasad thapa",kohalpur,aashishthapa829@ioe.np
"sumin bahadur sharma",jhapa,suminsharma652@gmail.com
"aashish bahadur lamichhane",morang,aashishlamichhane198@facebook.co
"diresh bahadur neupane",sallaghari,direshneupane827@facebook.co
"prasanna prasad dahal",jhapa,prasannadahal990@tu.edu.np
"bisesh shekhar shrestha",basantapur,biseshshrestha855@tu.edu.np
"aashish bahadur magar",ramnagar,aashishmagar201@facebook.co
"sujal chandra neupane",panchtahr,sujalneupane461@hotmail.com
"ram bahadur thapa",jhapa,ramthapa220@gmail.com
"kripesh chandra gywali",parvat,kripeshgywali783@ioe.np
"pratik prasad lamichhane",dolpa,pratiklamichhane705@hotmail.com
"ramesh prakash magar",rukum,rameshmagar546@moe.np
"suraj bahadur oli",sallaghari,surajoli74@tu.edu.np
"alex bahadur shrestha",sallaghari,alexshrestha184@ioe.np
"kalyan prasad thapa",bardiya,kalyanthapa97@meta.co
"pintu kumar magar",morang,pintumagar637@ioe.np
"diresh prasad neupane",illam,direshneupane970@facebook.co
"samaya bahadur rana",kohalpur,samayarana115@tu.edu.np
"bibek chandra rana",sallaghari,bibekrana696@gmail.com
"prasanna shekhar sharma",dolpa,prasannasharma896@mit.us
"dibesh prasad bhandari",morang,dibeshbhandari740@co.uk
"suraj bahadur neupane",sallaghari,surajneupane790@gmail.com
"pratik kumar magar",morang,pratikmagar803@hotmail.com
"ramesh prakash bhandari",lokanthali,rameshbhandari62@moe.np
"kobid chandra dahal",dolpa,kobiddahal389@mof.np
"samir kumar rana",kavre,samirrana56@tu.edu.np
"bisesh prasad magar",kavre,biseshmagar864@hotmail.com
"ram kumar chapagain",bajura,ramchapagain822@hotmail.com
"pintu shekhar deuba",lokanthali,pintudeuba448@gmail.com
"sujal kumar bhandari",bardiya,sujalbhandari389@facebook.co
"bibek shekhar bhandari",dolpa,bibekbhandari92@tu.edu.np
"bisesh prakash sharma",basantapur,biseshsharma311@mof.np
"rabindra prasad maharjan",kohalpur,rabindramaharjan364@mof.np
"ramesh shekhar magar",kohalpur,rameshmagar546@tu.edu.np
"sumin kumar deuba",basantapur,sumindeuba207@mit.us
"pratik prakash magar",parvat,pratikmagar928@co.uk
"prasanna prasad magar",kavre,prasannamagar17@mit.us
"nischal chandra oli",jhapa,nischaloli915@hotmail.com
"bibek bahadur thapa",bajang,bibekthapa29@moe.np
"ram bahadur neupane",jhapa,ramneupane736@ioe.np
"ashim prakash dahal",ramnagar,ashimdahal925@mit.us
"kalyan prasad neupane",kavre,kalyanneupane805@hazesoft.co
"bisesh prakash bhandari",panchtahr,biseshbhandari670@mit.us
"ashim bahadur rai",lokanthali,ashimrai158@hazesoft.co
"rishikesh prasad dahal",syangha,rishikeshdahal386@moe.np
"sujal prakash rai",bajang,sujalrai750@meta.co
"bisesh prasad chapagain",banke,biseshchapagain500@mof.np
"samaya shekhar bhandari",morang,samayabhandari644@edu.np
"saisagun kumar neupane",morang,saisagunneupane173@yahoo.com
"aashish shekhar shrestha",ramnagar,aashishshrestha265@facebook.co
"golu prakash neupane",bajang,goluneupane183@moe.np
"aashish prakash shrestha",jhapa,aashishshrestha886@tu.edu.np
"ram prasad thapa",jhapa,ramthapa417@ioe.np
"kripesh kumar thapa",bajang,kripeshthapa850@mit.us
"pratik prakash chapagain",banke,pratikchapagain899@mof.np
"aashish prasad magar",bardiya,aashishmagar981@mof.np
"pintu prasad chapagain",kavre,pintuchapagain971@tu.edu.np
"dibesh shekhar dahal",dolpa,dibeshdahal791@co.uk
"ashim kumar neupane",kaski,ashimneupane885@facebook.co
"aashish chandra thapa",lokanthali,aashishthapa177@ioe.np
"bablu kumar magar",syangha,bablumagar431@hazesoft.co
"saisagun chandra rai",kaski,saisagunrai211@gmail.com
"bibek shekhar gywali",morang,bibekgywali743@co.uk
"bisesh chandra thapa",bajang,biseshthapa326@co.uk
"rishikesh prakash thapa",jhapa,rishikeshthapa463@moe.np
"bablu kumar thapa",sallaghari,babluthapa79@facebook.co
"sujal bahadur chapagain",panchtahr,sujalchapagain445@hotmail.com
"kobid bahadur chapagain",bardiya,kobidchapagain818@ioe.np
"golu prasad maharjan",jhapa,golumaharjan722@mit.us
"samaya shekhar deuba",bardiya,samayadeuba933@facebook.co
"golu chandra magar",banke,golumagar928@mof.np
"pratik prakash neupane",rukum,pratikneupane816@ioe.np
"bablu prasad lamichhane",ramnagar,bablulamichhane142@hotmail.com
"bisesh shekhar dahal",banke,biseshdahal141@tu.edu.np
"alex prakash bhandari",bajura,alexbhandari119@hazesoft.co
"kripesh kumar rai",dolpa,kripeshrai852@mit.us
"rabindra shekhar magar",kavre,rabindramagar921@hotmail.com
"alex prasad rai",parvat,alexrai792@facebook.co
"pintu prasad dahal",morang,pintudahal921@edu.np
"suraj chandra maharjan",bardiya,surajmaharjan699@facebook.co
"bisesh prasad chapagain",jhapa,biseshchapagain527@co.uk
"golu chandra sharma",parvat,golusharma245@moe.np
"kalyan shekhar gywali",parvat,kalyangywali130@meta.co
"ramesh bahadur sharma",kohalpur,rameshsharma349@tu.edu.np
"sujal chandra rana",bardiya,sujalrana34@gmail.com
"alex kumar oli",parvat,alexoli260@moe.np
"kripesh prasad maharjan",kaski,kripeshmaharjan279@hazesoft.co
"ram chandra dahal",kavre,ramdahal462@hazesoft.co
"bibek prakash maharjan",banke,bibekmaharjan590@facebook.co
"kobid chandra sharma",sallaghari,kobidsharma918@co.uk
"pintu kumar deuba",kohalpur,pintudeuba899@moe.np
"kripesh bahadur sharma",kaski,kripeshsharma804@ioe.np
"ashim kumar gywali",syangha,ashimgywali822@yahoo.com
"kalyan prakash magar",basantapur,kalyanmagar346@meta.co
"saisagun kumar neupane",morang,saisagunneupane492@tu.edu.np
"alex chandra sharma",panchtahr,alexsharma658@co.uk
"samir chandra chapagain",lokanthali,samirchapagain490@facebook.co
"bisesh bahadur rana",kaski,biseshrana210@facebook.co
"prasanna prasad bhandari",bajura,prasannabhandari61@ioe.np
"diresh chandra neupane",rukum,direshneupane934@gmail.com
"rabindra bahadur rana",kavre,rabindrarana753@mit.us
"prasanna shekhar bhandari",banke,prasannabhandari912@yahoo.com
"kripesh bahadur neupane",rukum,kripeshneupane988@mit.us
"kalyan kumar chapagain",banke,kalyanchapagain456@edu.np
"rishikesh bahadur lamichhane",parvat,rishikeshlamichhane259@hotmail.com
"kalyan chandra neupane",jhapa,kalyanneupane822@mof.np
"saisagun kumar thapa",dolpa,saisagunthapa681@mit.us
"suraj prakash rai",ramnagar,surajrai461@mit.us
"ashim kumar thapa",ramnagar,ashimthapa860@moe.np
"nischal bahadur neupane",panchtahr,nischalneupane47@co.uk
"dibesh kumar rai",bajang,dibeshrai155@mof.np
"bibek kumar thapa",bajang,bibekthapa120@tu.edu.np
"pratik kumar gywali",kohalpur,pratikgywali32@gmail.com
"diresh prakash deuba",jhapa,direshdeuba969@gmail.com
"saisagun chandra lamichhane",syangha,saisagunlamichhane371@meta.co
"rishikesh prasad thapa",bardiya,rishikeshthapa207@yahoo.com
"aashish bahadur sharma",lokanthali,aashishsharma100@ioe.np
"saisagun chandra thapa",illam,saisagunthapa219@moe.np
"dibesh bahadur maharjan",kohalpur,dibeshmaharjan276@mit.us
"samir prasad rana",kaski,samirrana437@yahoo.com
"prasanna shekhar magar",jhapa,prasannamagar386@tu.edu.np
"kripesh shekhar dahal",basantapur,kripeshdahal93@ioe.np
"sujal shekhar rana",bajura,sujalrana597@mof.np
"shishir prakash dahal",kaski,shishirdahal387@meta.co
"sujal kumar lamichhane",dolpa,sujallamichhane565@mof.np
"bibek prakash rai",rukum,bibekrai903@gmail.com
"rabindra prasad gywali",rukum,rabindragywali496@meta.co
"golu bahadur chapagain",bajura,goluchapagain315@co.uk
"ramesh shekhar deuba",parvat,rameshdeuba149@tu.edu.np
"manish shekhar neupane",syangha,manishneupane777@mit.us
"pintu bahadur magar",parvat,pintumagar277@moe.np
"dibesh bahadur dahal",kaski,dibeshdahal545@co.uk
"pratik prakash deuba",ramnagar,pratikdeuba436@mof.np
"ramesh prasad deuba",kaski,rameshdeuba610@mit.us
"bablu bahadur rai",parvat,bablurai816@co.uk
"kalyan chandra oli",dolpa,kalyanoli649@tu.edu.np
"saisagun prasad rai",kohalpur,saisagunrai642@co.uk
"samir prasad sharma",rukum,samirsharma819@meta.co
"samir prasad sharma",kavre,samirsharma766@facebook.co
"dibesh shekhar dahal",basantapur,dibeshdahal857@ioe.np
"ram kumar bhandari",syangha,rambhandari327@hotmail.com
"ram chandra chapagain",bardiya,ramchapagain334@co.uk
"aashish bahadur bhandari",kohalpur,aashishbhandari467@meta.co
"alex chandra deuba",banke,alexdeuba279@yahoo.com
"bablu kumar rana",bajura,bablurana947@co.uk
"shishir bahadur neupane",sallaghari,shishirneupane155@tu.edu.np
"shishir prakash rai",parvat,shishirrai803@meta.co
"kalyan prasad maharjan",kohalpur,kalyanmaharjan54@gmail.com
"rishikesh kumar rana",banke,rishikeshrana307@meta.co
"samaya prakash gywali",kohalpur,samayagywali976@hazesoft.co
"saisagun chandra rai",lokanthali,saisagunrai301@ioe.np
"samaya bahadur maharjan",lokanthali,samayamaharjan887@moe.np
"prasanna bahadur sharma",ramnagar,prasannasharma28@mit.us
"ram shekhar thapa",banke,ramthapa267@facebook.co
"rishikesh shekhar gywali",dolpa,rishikeshgywali207@yahoo.com
"samir shekhar lamichhane",bardiya,samirlamichhane913@gmail.com
"ram shekhar rana",bajura,ramrana40@moe.np
"ashim kumar maharjan",morang,ashimmaharjan962@hazesoft.co
"golu prasad bhandari",bajang,golubhandari309@co.uk
"sujal prasad thapa",bardiya,sujalthapa530@meta.co
"suraj bahadur magar",rukum,surajmagar122@co.uk
"bibek chandra sharma",dolpa,bibeksharma315@gmail.com
"saisagun shekhar oli",lokanthali,saisagunoli776@meta.co
"alex prasad deuba",ramnagar,alexdeuba701@mit.us
"aashish prasad sharma",kaski,aashishsharma593@meta.co
"bablu bahadur sharma",jhapa,bablusharma534@tu.edu.np
"rabindra kumar bhandari",jhapa,rabindrabhandari807@hotmail.com
"rishikesh bahadur neupane",bardiya,rishikeshneupane178@tu.edu.np
"pintu shekhar bhandari",sallaghari,pintubhandari328@edu.np
"samaya chandra oli",bajang,samayaoli759@gmail.com
"bablu chandra oli",ramnagar,babluoli321@gmail.com
"ram kumar deuba",basantapur,ramdeuba22@tu.edu.np
"sumin bahadur lamichhane",rukum,suminlamichhane778@edu.np
"aashish bahadur rai",syangha,aashishrai186@tu.edu.np
"samaya kumar neupane",dolpa,samayaneupane596@mit.us
"prasanna prakash chapagain",lokanthali,prasannachapagain24@edu.np
"sumin shekhar oli",parvat,suminoli916@mit.us
"golu kumar rana",kavre,golurana560@hotmail.com
"bablu prakash sharma",panchtahr,bablusharma30@co.uk
"prasanna prakash rai",illam,prasannarai781@yahoo.com
"pratik bahadur bhandari",kavre,pratikbhandari497@mit.us
"bablu prasad neupane",bajura,babluneupane142@yahoo.com
"pratik prakash neupane",jhapa,pratikneupane695@mof.np
"ashim prasad rana",bajang,ashimrana83@ioe.np
"shishir bahadur neupane",kohalpur,shishirneupane350@co.uk
"kripesh shekhar maharjan",lokanthali,kripeshmaharjan293@mit.us
"nischal bahadur magar",illam,nischalmagar672@meta.co
"golu chandra bhandari",basantapur,golubhandari871@yahoo.com
"rishikesh chandra lamichhane",dolpa,rishikeshlamichhane156@meta.co
"samir prasad deuba",kohalpur,samirdeuba985@tu.edu.np
"diresh shekhar chapagain",basantapur,direshchapagain568@yahoo.com
"diresh chandra neupane",syangha,direshneupane998@gmail.com
"kripesh chandra magar",syangha,kripeshmagar689@moe.np
"alex kumar thapa",kohalpur,alexthapa786@gmail.com
"bisesh bahadur bhandari",banke,biseshbhandari753@edu.np
"alex shekhar dahal",kaski,alexdahal696@hazesoft.co
"dibesh prasad magar",bardiya,dibeshmagar702@mof.np
"sujal prasad neupane",bajura,sujalneupane709@co.uk
"saisagun shekhar shrestha",jhapa,saisagunshrestha415@hazesoft.co
"nischal kumar neupane",kaski,nischalneupane33@co.uk
"rishikesh prakash bhandari",jhapa,rishikeshbhandari604@meta.co
"dibesh bahadur gywali",lokanthali,dibeshgywali901@hazesoft.co
"samir prasad chapagain",basantapur,samirchapagain767@yahoo.com
"shishir prakash rana",syangha,shishirrana50@mit.us
"samir bahadur bhandari",panchtahr,samirbhandari982@co.uk
"ashim kumar gywali",bajang,ashimgywali675@ioe.np
"kripesh prakash magar",banke,kripeshmagar156@hotmail.com
"saisagun kumar gywali",banke,saisagungywali607@mof.np
"suraj prakash dahal",panchtahr,surajdahal241@hotmail.com
"shishir bahadur dahal",panchtahr,shishirdahal872@meta.co
"diresh chandra shrestha",basantapur,direshshrestha436@yahoo.com
"ashim kumar deuba",ramnagar,ashimdeuba471@mof.np
"dibesh prakash oli",banke,dibesholi325@meta.co
"prasanna bahadur dahal",kohalpur,prasannadahal574@gmail.com
"kalyan prasad gywali",kohalpur,kalyangywali45@mit.us
"alex bahadur neupane",morang,alexneupane398@mof.np
"aashish kumar dahal",bajang,aashishdahal654@hazesoft.co
"kalyan chandra shrestha",ramnagar,kalyanshrestha756@ioe.np
"nischal prakash maharjan",kavre,nischalmaharjan907@gmail.com
"sujal prakash deuba",syangha,sujaldeuba72@mof.np
"bablu chandra neupane",ramnagar,babluneupane996@co.uk
"sumin chandra chapagain",parvat,suminchapagain414@hotmail.com
"dibesh chandra chapagain",bajang,dibeshchapagain673@gmail.com
"bibek kumar maharjan",bajura,bibekmaharjan281@hotmail.com
"sumin bahadur maharjan",lokanthali,suminmaharjan484@edu.np
"sujal chandra bhandari",bajang,sujalbhandari61@gmail.com
"alex chandra oli",lokanthali,alexoli901@hazesoft.co
"kalyan chandra magar",basantapur,kalyanmagar376@meta.co
"sumin bahadur rana",bajang,suminrana940@ioe.np
"shishir shekhar rana",ramnagar,shishirrana187@tu.edu.np
"sujal chandra maharjan",syangha,sujalmaharjan439@hotmail.com
"bibek shekhar sharma",kohalpur,bibeksharma435@facebook.co
"ramesh prakash gywali",kohalpur,rameshgywali726@tu.edu.np
"alex prakash rai",parvat,alexrai152@gmail.com
"kripesh kumar chapagain",banke,kripeshchapagain353@hazesoft.co
"pintu bahadur maharjan",banke,pintumaharjan960@ioe.np
"ram prakash lamichhane",jhapa,ramlamichhane581@gmail.com
"ramesh bahadur gywali",rukum,rameshgywali370@hazesoft.co
"alex prasad rana",bajang,alexrana529@tu.edu.np
"saisagun bahadur deuba",syangha,saisagundeuba716@edu.np
"pintu chandra deuba",jhapa,pintudeuba111@tu.edu.np
"diresh shekhar gywali",bardiya,direshgywali74@hazesoft.co
"rabindra shekhar sharma",kavre,rabindrasharma450@hotmail.com
"golu prasad oli",illam,goluoli260@moe.np
"aashish prakash dahal",bajang,aashishdahal25@mit.us
"kripesh bahadur rai",kohalpur,kripeshrai399@co.uk
"pratik bahadur oli",illam,pratikoli460@gmail.com
"ashim prasad gywali",syangha,ashimgywali451@hotmail.com
"aashish chandra shrestha",rukum,aashishshrestha671@mit.us
"saisagun shekhar bhandari",lokanthali,saisagunbhandari985@edu.np
"suraj shekhar bhandari",morang,surajbhandari497@mof.np
"bibek shekhar deuba",rukum,bibekdeuba972@yahoo.com
"pintu shekhar maharjan",basantapur,pintumaharjan179@gmail.com
"alex chandra oli",ramnagar,alexoli423@mit.us
"rabindra kumar lamichhane",morang,rabindralamichhane87@meta.co
"kripesh bahadur thapa",panchtahr,kripeshthapa686@meta.co
"sumin prakash deuba",kohalpur,sumindeuba629@mof.np
"kripesh prasad deuba",bardiya,kripeshdeuba519@facebook.co
"shishir bahadur neupane",bajang,shishirneupane256@hotmail.com
"sumin chandra neupane",rukum,suminneupane246@tu.edu.np
"nischal prakash thapa",bajura,nischalthapa135@hotmail.com
"aashish shekhar lamichhane",basantapur,aashishlamichhane46@co.uk
"aashish kumar sharma",morang,aashishsharma572@yahoo.com
"samir shekhar oli",bajura,samiroli81@mit.us
"kalyan shekhar rai",basantapur,kalyanrai115@gmail.com
"bisesh shekhar lamichhane",banke,biseshlamichhane821@gmail.com
"manish bahadur thapa",kavre,manishthapa349@facebook.co
"diresh bahadur oli",illam,diresholi320@tu.edu.np
"bibek shekhar rai",syangha,bibekrai155@meta.co
"suraj prakash dahal",kohalpur,surajdahal584@yahoo.com
"suraj prakash thapa",morang,surajthapa525@gmail.com
"ramesh kumar rai",jhapa,rameshrai652@moe.np
"ashim shekhar maharjan",panchtahr,ashimmaharjan447@hotmail.com
"ashim chandra gywali",illam,ashimgywali163@yahoo.com
"aashish chandra oli",syangha,aashisholi379@facebook.co
"manish chandra lamichhane",jhapa,manishlamichhane445@yahoo.com
"dibesh prakash shrestha",rukum,dibeshshrestha331@yahoo.com
"kobid kumar bhandari",banke,kobidbhandari845@hazesoft.co
"sujal chandra lamichhane",kohalpur,sujallamichhane147@tu.edu.np
"sujal shekhar shrestha",parvat,sujalshrestha438@hazesoft.co
"saisagun bahadur magar",illam,saisagunmagar163@mit.us
"saisagun bahadur thapa",syangha,saisagunthapa387@moe.np
"sumin shekhar deuba",morang,sumindeuba423@yahoo.com
"aashish chandra rana",jhapa,aashishrana95@facebook.co
"kobid prakash oli",ramnagar,kobidoli249@hotmail.com
"manish shekhar bhandari",sallaghari,manishbhandari811@gmail.com
"kobid bahadur bhandari",sallaghari,kobidbhandari586@moe.np
"golu bahadur thapa",bajura,goluthapa135@ioe.np
"manish bahadur sharma",parvat,manishsharma951@tu.edu.np
"prasanna prakash rai",kavre,prasannarai251@ioe.np
"aashish prasad oli",lokanthali,aashisholi187@yahoo.com
"alex bahadur magar",ramnagar,alexmagar998@mit.us
"bibek shekhar magar",parvat,bibekmagar644@edu.np
"aashish shekhar sharma",bajang,aashishsharma342@yahoo.com
"bablu prasad chapagain",banke,babluchapagain586@edu.np
"sujal chandra rana",bajura,sujalrana972@tu.edu.np
"ashim prasad rai",morang,ashimrai359@gmail.com
"rabindra shekhar shrestha",jhapa,rabindrashrestha672@meta.co
"diresh chandra shrestha",morang,direshshrestha558@mof.np
"rabindra prasad deuba",syangha,rabindradeuba872@meta.co
"suraj prasad gywali",parvat,surajgywali597@edu.np
"ram prasad dahal",bajang,ramdahal421@tu.edu.np
"diresh prasad chapagain",sallaghari,direshchapagain595@gmail.com
"prasanna chandra rai",dolpa,prasannarai898@tu.edu.np
"sujal prakash sharma",bardiya,sujalsharma467@hotmail.com
"kripesh prakash thapa",kavre,kripeshthapa231@edu.np
"bibek chandra bhandari",bardiya,bibekbhandari902@edu.np
"saisagun chandra sharma",sallaghari,saisagunsharma541@mof.np
"bablu prasad rana",panchtahr,bablurana191@mof.np
"prasanna chandra gywali",kohalpur,prasannagywali704@tu.edu.np
"bablu chandra shrestha",dolpa,bablushrestha388@facebook.co
"samir bahadur magar",banke,samirmagar606@gmail.com
"ram prasad sharma",kavre,ramsharma861@yahoo.com
"saisagun bahadur oli",banke,saisagunoli224@edu.np
"golu chandra oli",bajura,goluoli317@mof.np
"alex chandra magar",bajura,alexmagar331@mof.np
"prasanna kumar rana",bajang,prasannarana63@hazesoft.co
"suraj shekhar dahal",banke,surajdahal138@facebook.co
"kripesh bahadur thapa",kohalpur,kripeshthapa211@mit.us
"golu chandra shrestha",sallaghari,golushrestha692@mit.us
"kalyan chandra neupane",sallaghari,kalyanneupane732@yahoo.com
"ashim shekhar maharjan",kohalpur,ashimmaharjan234@mof.np
"dibesh prasad oli",kaski,dibesholi113@hotmail.com
"alex shekhar rana",bajura,alexrana495@mit.us
"ashim kumar rai",kaski,ashimrai645@ioe.np
"sujal prakash rai",sallaghari,sujalrai697@hotmail.com
"samir bahadur bhandari",sallaghari,samirbhandari510@mof.np
"ashim shekhar gywali",bajura,ashimgywali929@hazesoft.co
"samir prakash dahal",sallaghari,samirdahal15@co.uk
"sumin prasad bhandari",parvat,suminbhandari123@meta.co
"samir shekhar chapagain",syangha,samirchapagain528@gmail.com
"pintu chandra chapagain",sallaghari,pintuchapagain82@mit.us
"pintu bahadur chapagain",lokanthali,pintuchapagain504@tu.edu.np
"kobid prasad maharjan",sallaghari,kobidmaharjan538@mof.np
"manish chandra neupane",kaski,manishneupane434@yahoo.com
"suraj prakash bhandari",kavre,surajbhandari844@gmail.com
"manish shekhar rana",jhapa,manishrana408@co.uk
"alex kumar deuba",basantapur,alexdeuba872@tu.edu.np
"suraj prasad magar",kavre,surajmagar731@tu.edu.np
"ashim kumar lamichhane",bardiya,ashimlamichhane576@co.uk
"kobid kumar shrestha",bajura,kobidshrestha990@gmail.com
"golu shekhar dahal",bardiya,goludahal584@mit.us
"prasanna kumar shrestha",lokanthali,prasannashrestha153@gmail.com
"shishir prakash rana",bajura,shishirrana597@meta.co
"kobid kumar neupane",parvat,kobidneupane143@mit.us
"bablu shekhar maharjan",banke,bablumaharjan324@mit.us
"sujal prasad rai",basantapur,sujalrai105@co.uk
"shishir prakash sharma",basantapur,shishirsharma188@tu.edu.np
"bibek kumar thapa",banke,bibekthapa519@edu.np
"dibesh prakash deuba",ramnagar,dibeshdeuba977@mit.us
"prasanna chandra bhandari",syangha,prasannabhandari145@facebook.co
"pintu prakash bhandari",rukum,pintubhandari57@mit.us
"kobid prakash sharma",basantapur,kobidsharma30@ioe.np
"bablu prakash magar",jhapa,bablumagar785@ioe.np
"golu chandra thapa",sallaghari,goluthapa962@meta.co
"samir shekhar oli",sallaghari,samiroli189@edu.np
"suraj kumar deuba",bardiya,surajdeuba701@ioe.np
"rabindra shekhar chapagain",rukum,rabindrachapagain842@moe.np
"pintu prasad rai",basantapur,pinturai429@edu.np
"bisesh kumar gywali",ramnagar,biseshgywali973@tu.edu.np
"rabindra bahadur thapa",parvat,rabindrathapa104@facebook.co
"saisagun prasad neupane",bajang,saisagunneupane230@co.uk
"manish chandra thapa",lokanthali,manishthapa413@edu.np
"samaya shekhar shrestha",illam,samayashrestha716@edu.np
"suraj kumar lamichhane",ramnagar,surajlamichhane691@moe.np
"pratik shekhar gywali",kaski,pratikgywali746@meta.co
"bibek kumar neupane",lokanthali,bibekneupane862@ioe.np
"sumin prakash sharma",kavre,suminsharma94@yahoo.com
"sujal chandra deuba",banke,sujaldeuba302@tu.edu.np
"bibek shekhar oli",basantapur,bibekoli165@meta.co
"nischal kumar magar",illam,nischalmagar940@moe.np
"aashish bahadur shrestha",kavre,aashishshrestha39@hotmail.com
"bablu kumar gywali",kavre,bablugywali464@co.uk
"kalyan prakash shrestha",lokanthali,kalyanshrestha707@moe.np
"alex chandra magar",parvat,alexmagar672@hazesoft.co
"rishikesh kumar dahal",morang,rishikeshdahal932@mit.us
"ashim chandra deuba",panchtahr,ashimdeuba928@mof.np
"nischal bahadur bhandari",illam,nischalbhandari713@co.uk
"manish kumar deuba",bardiya,manishdeuba820@gmail.com
"kobid prasad oli",ramnagar,kobidoli353@co.uk
"pratik shekhar rana",bajura,pratikrana426@gmail.com
"manish prasad thapa",basantapur,manishthapa850@facebook.co
"kobid chandra neupane",dolpa,kobidneupane45@mit.us
"diresh prasad dahal",kavre,direshdahal638@tu.edu.np
"sujal prasad sharma",rukum,sujalsharma145@moe.np
"ram shekhar gywali",parvat,ramgywali127@moe.np
"kalyan kumar chapagain",bardiya,kalyanchapagain465@edu.np
"kobid prakash neupane",parvat,kobidneupane132@moe.np
"bisesh bahadur neupane",morang,biseshneupane303@co.uk
"kobid kumar rana",rukum,kobidrana774@tu.edu.np
"kalyan shekhar lamichhane",kohalpur,kalyanlamichhane344@tu.edu.np
"kobid shekhar oli",kavre,kobidoli221@meta.co
"rishikesh prakash dahal",kavre,rishikeshdahal770@yahoo.com
"pratik bahadur sharma",rukum,pratiksharma865@facebook.co
"kobid bahadur thapa",syangha,kobidthapa699@co.uk
"pratik prasad oli",rukum,pratikoli60@hazesoft.co
"aashish chandra neupane",morang,aashishneupane705@gmail.com
"prasanna kumar dahal",parvat,prasannadahal741@hotmail.com
"kalyan shekhar deuba",lokanthali,kalyandeuba245@yahoo.com
"golu prasad sharma",syangha,golusharma108@gmail.com
"sumin chandra thapa",banke,suminthapa718@gmail.com
"nischal kumar deuba",bajura,nischaldeuba73@meta.co
"aashish prasad dahal",lokanthali,aashishdahal414@hazesoft.co
"ram bahadur thapa",morang,ramthapa284@tu.edu.np
"samaya shekhar sharma",basantapur,samayasharma891@ioe.np
"manish prakash sharma",kohalpur,manishsharma201@tu.edu.np
"sumin shekhar sharma",parvat,suminsharma898@ioe.np
"ramesh prasad gywali",illam,rameshgywali869@ioe.np
"shishir chandra chapagain",morang,shishirchapagain973@mof.np
"shishir shekhar gywali",lokanthali,shishirgywali312@hazesoft.co
"dibesh kumar dahal",bajura,dibeshdahal25@facebook.co
"alex kumar gywali",kaski,alexgywali496@mof.np
"ashim prasad rai",rukum,ashimrai71@facebook.co
"samaya kumar deuba",basantapur,samayadeuba287@co.uk
"diresh chandra gywali",kaski,direshgywali891@moe.np
"ashim prasad maharjan",banke,ashimmaharjan527@hazesoft.co
"prasanna shekhar oli",illam,prasannaoli875@edu.np
"pintu prakash lamichhane",morang,pintulamichhane406@edu.np
"prasanna chandra chapagain",parvat,prasannachapagain813@hotmail.com
"manish bahadur magar",lokanthali,manishmagar531@meta.co
"ram shekhar bhandari",morang,rambhandari495@co.uk
"golu prasad magar",banke,golumagar959@tu.edu.np
"golu bahadur gywali",kavre,golugywali37@facebook.co
"golu prasad lamichhane",illam,golulamichhane541@gmail.com
"samir prasad neupane",panchtahr,samirneupane21@hazesoft.co
"alex chandra rana",banke,alexrana987@hotmail.com
"dibesh bahadur sharma",kohalpur,dibeshsharma990@hazesoft.co
"ashim bahadur shrestha",rukum,ashimshrestha238@mit.us
"shishir kumar rai",bajang,shishirrai928@tu.edu.np
"pintu prasad thapa",bardiya,pintuthapa447@ioe.np
"rishikesh prasad neupane",basantapur,rishikeshneupane932@co.uk
"nischal shekhar gywali",panchtahr,nischalgywali648@hotmail.com
"bibek kumar rana",morang,bibekrana854@facebook.co
"rabindra prakash maharjan",jhapa,rabindramaharjan284@tu.edu.np
"ram prasad deuba",kavre,ramdeuba469@edu.np
"nischal kumar thapa",jhapa,nischalthapa301@edu.np
"sujal prasad deuba",lokanthali,sujaldeuba299@yahoo.com
"saisagun shekhar magar",parvat,saisagunmagar402@hazesoft.co
"saisagun shekhar deuba",ramnagar,saisagundeuba574@hazesoft.co
"pratik prasad rana",basantapur,pratikrana839@hazesoft.co
"kripesh chandra dahal",morang,kripeshdahal970@moe.np
"aashish prakash shrestha",morang,aashishshrestha784@facebook.co
"ram bahadur rai",illam,ramrai918@yahoo.com
"suraj chandra thapa",morang,surajthapa881@facebook.co
"sumin kumar shrestha",rukum,suminshrestha921@facebook.co
"pratik prasad bhandari",kaski,pratikbhandari276@meta.co
"nischal bahadur chapagain",kohalpur,nischalchapagain8@mit.us
"ram chandra lamichhane",morang,ramlamichhane303@meta.co
"aashish kumar rana",kavre,aashishrana615@edu.np
"ram prasad neupane",illam,ramneupane678@co.uk
"suraj bahadur sharma",illam,surajsharma106@yahoo.com
"golu prakash gywali",parvat,golugywali717@co.uk
"bibek prasad chapagain",sallaghari,bibekchapagain280@meta.co
"kripesh shekhar maharjan",basantapur,kripeshmaharjan9@hazesoft.co
"bibek prakash deuba",basantapur,bibekdeuba12@yahoo.com
"saisagun prakash shrestha",basantapur,saisagunshrestha714@mof.np
"pintu prakash bhandari",kohalpur,pintubhandari171@mof.np
"kripesh kumar thapa",dolpa,kripeshthapa389@hotmail.com
"bibek prasad chapagain",kavre,bibekchapagain131@co.uk
"samaya bahadur chapagain",syangha,samayachapagain343@yahoo.com
"samaya kumar sharma",bardiya,samayasharma156@hotmail.com
"kobid prakash lamichhane",sallaghari,kobidlamichhane751@co.uk
"ram chandra shrestha",sallaghari,ramshrestha978@mit.us
"diresh chandra sharma",bajura,direshsharma651@meta.co
"rabindra shekhar thapa",basantapur,rabindrathapa469@facebook.co
"sumin bahadur rana",kohalpur,suminrana871@moe.np
"ram bahadur deuba",parvat,ramdeuba12@yahoo.com
"aashish prakash magar",ramnagar,aashishmagar760@mof.np
"samaya prakash shrestha",banke,samayashrestha330@edu.np
"diresh bahadur bhandari",jhapa,direshbhandari579@facebook.co
"ram prakash dahal",jhapa,ramdahal334@hazesoft.co
"kalyan prasad bhandari",rukum,kalyanbhandari909@ioe.np
"manish prasad bhandari",banke,manishbhandari847@mof.np
"pintu shekhar maharjan",parvat,pintumaharjan255@tu.edu.np
"kripesh prakash dahal",ramnagar,kripeshdahal215@gmail.com
"pintu shekhar shrestha",dolpa,pintushrestha722@co.uk
"nischal chandra magar",morang,nischalmagar721@mit.us
"aashish prakash thapa",kavre,aashishthapa878@ioe.np
"kripesh kumar lamichhane",kohalpur,kripeshlamichhane918@ioe.np
"diresh bahadur rana",illam,direshrana131@mof.np
"samaya prakash rai",parvat,samayarai6@meta.co
"manish prakash thapa",bajura,manishthapa907@gmail.com
"sumin shekhar magar",lokanthali,suminmagar482@mit.us
"rabindra bahadur shrestha",banke,rabindrashrestha39@tu.edu.np
"samaya shekhar bhandari",illam,samayabhandari184@co.uk
"diresh prasad lamichhane",sallaghari,direshlamichhane197@edu.np
"aashish chandra maharjan",illam,aashishmaharjan158@moe.np
"nischal chandra neupane",ramnagar,nischalneupane667@tu.edu.np
"ramesh bahadur neupane",bajang,rameshneupane672@tu.edu.np
"bisesh shekhar chapagain",rukum,biseshchapagain352@tu.edu.np
"alex chandra chapagain",illam,alexchapagain360@hotmail.com
"samaya bahadur oli",lokanthali,samayaoli418@hotmail.com
"samaya kumar shrestha",panchtahr,samayashrestha697@mit.us
"alex shekhar deuba",panchtahr,alexdeuba601@mof.np
"bibek kumar dahal",kohalpur,bibekdahal541@facebook.co
"pratik shekhar shrestha",lokanthali,pratikshrestha500@mit.us
"dibesh chandra rai",kohalpur,dibeshrai311@moe.np
"kalyan kumar chapagain",bardiya,kalyanchapagain156@moe.np
"diresh shekhar bhandari",kavre,direshbhandari427@gmail.com
"aashish shekhar sharma",kaski,aashishsharma296@yahoo.com
"sujal prasad oli",basantapur,sujaloli752@tu.edu.np
"samir shekhar shrestha",kohalpur,samirshrestha18@moe.np
"alex kumar thapa",illam,alexthapa951@hazesoft.co
"suraj kumar bhandari",jhapa,surajbhandari191@yahoo.com
"suraj prasad bhandari",basantapur,surajbhandari677@ioe.np
"sujal bahadur sharma",kaski,sujalsharma725@mof.np
"kalyan bahadur lamichhane",sallaghari,kalyanlamichhane545@edu.np
"kripesh chandra bhandari",kohalpur,kripeshbhandari885@gmail.com
"pintu prasad neupane",lokanthali,pintuneupane898@meta.co
"sumin shekhar deuba",syangha,sumindeuba416@edu.np
"sujal kumar rana",syangha,sujalrana458@edu.np
"aashish shekhar neupane",kaski,aashishneupane998@moe.np
"aashish shekhar sharma",sallaghari,aashishsharma903@hotmail.com
"golu shekhar neupane",basantapur,goluneupane456@gmail.com
"pratik prakash shrestha",banke,pratikshrestha320@gmail.com
"saisagun prakash rana",bardiya,saisagunrana762@ioe.np
"samir shekhar gywali",jhapa,samirgywali499@mof.np
"diresh bahadur lamichhane",kavre,direshlamichhane30@hazesoft.co
"samir shekhar deuba",bardiya,samirdeuba243@tu.edu.np
"ramesh prasad rana",banke,rameshrana660@gmail.com
"suraj kumar maharjan",dolpa,surajmaharjan249@edu.np
"alex chandra bhandari",illam,alexbhandari481@hazesoft.co
"ashim prakash rai",illam,ashimrai925@gmail.com
"manish chandra thapa",syangha,manishthapa844@hazesoft.co
"nischal prakash sharma",kaski,nischalsharma70@mit.us
"kobid shekhar thapa",bardiya,kobidthapa732@meta.co
"ram kumar rai",parvat,ramrai135@mit.us
"alex kumar thapa",lokanthali,alexthapa230@moe.np
"sumin bahadur gywali",dolpa,sumingywali21@mit.us
"suraj bahadur sharma",kohalpur,surajsharma448@gmail.com
"diresh chandra rana",kohalpur,direshrana152@mit.us
"samir prasad dahal",ramnagar,samirdahal215@meta.co
"manish kumar bhandari",ramnagar,manishbhandari59@edu.np
"alex kumar rana",dolpa,alexrana26@moe.np
"ramesh bahadur magar",dolpa,rameshmagar457@tu.edu.np
"kalyan shekhar bhandari",bajang,kalyanbhandari288@facebook.co
"samaya kumar lamichhane",bardiya,samayalamichhane588@tu.edu.np
"aashish chandra rana",panchtahr,aashishrana44@edu.np
"pratik chandra dahal",rukum,pratikdahal200@mof.np
"ashim shekhar magar",parvat,ashimmagar786@tu.edu.np
"bibek bahadur gywali",parvat,bibekgywali312@gmail.com
"nischal kumar bhandari",syangha,nischalbhandari414@tu.edu.np
"suraj kumar neupane",morang,surajneupane781@mit.us
"samaya prakash shrestha",illam,samayashrestha855@facebook.co
"bablu bahadur lamichhane",kohalpur,bablulamichhane893@facebook.co
"aashish prasad dahal",illam,aashishdahal975@moe.np
"alex bahadur lamichhane",kohalpur,alexlamichhane667@hazesoft.co
"suraj chandra rana",bardiya,surajrana405@facebook.co
"alex chandra magar",ramnagar,alexmagar774@ioe.np
"pratik chandra rai",parvat,pratikrai455@gmail.com
"saisagun prakash gywali",rukum,saisagungywali83@hazesoft.co
"golu shekhar shrestha",kaski,golushrestha351@gmail.com
"kalyan shekhar gywali",kohalpur,kalyangywali337@tu.edu.np
"bablu kumar maharjan",rukum,bablumaharjan676@mit.us
"rishikesh prakash maharjan",dolpa,rishikeshmaharjan114@hotmail.com
"kripesh bahadur thapa",syangha,kripeshthapa755@co.uk
"dibesh kumar shrestha",bajang,dibeshshrestha747@edu.np
"ramesh chandra chapagain",bajang,rameshchapagain594@meta.co
"alex bahadur rai",dolpa,alexrai886@hazesoft.co
"dibesh prasad deuba",jhapa,dibeshdeuba955@facebook.co
"samir bahadur oli",bajura,samiroli652@gmail.com
"rabindra bahadur rai",dolpa,rabindrarai767@yahoo.com
"kobid kumar deuba",syangha,kobiddeuba554@gmail.com
"nischal prakash lamichhane",kavre,nischallamichhane572@yahoo.com
"shishir prasad oli",kavre,shishiroli441@co.uk
"prasanna shekhar gywali",bajura,prasannagywali458@tu.edu.np
"rishikesh prasad shrestha",ramnagar,rishikeshshrestha794@ioe.np
"rishikesh bahadur chapagain",kavre,rishikeshchapagain725@hotmail.com
"bablu bahadur gywali",syangha,bablugywali59@meta.co
"kobid prasad deuba",ramnagar,kobiddeuba241@gmail.com
"ramesh prakash neupane",jhapa,rameshneupane435@edu.np
"samir shekhar gywali",illam,samirgywali870@edu.np
"sujal chandra rana",morang,sujalrana34@meta.co
"ashim prakash thapa",kavre,ashimthapa796@edu.np
"samir bahadur chapagain",morang,samirchapagain313@hotmail.com
"ram bahadur oli",illam,ramoli713@hazesoft.co
"golu bahadur lamichhane",rukum,golulamichhane571@moe.np
"alex shekhar magar",parvat,alexmagar989@meta.co
"bablu prasad neupane",bajura,babluneupane192@meta.co
"kobid bahadur chapagain",rukum,kobidchapagain143@hazesoft.co
"sujal shekhar rai",sallaghari,sujalrai479@facebook.co
"manish shekhar thapa",sallaghari,manishthapa542@hazesoft.co
"aashish bahadur deuba",kaski,aashishdeuba374@edu.np
"dibesh kumar oli",kavre,dibesholi789@edu.np
"shishir shekhar maharjan",bajura,shishirmaharjan250@tu.edu.np
"ram kumar dahal",banke,ramdahal873@yahoo.com
"pintu shekhar thapa",morang,pintuthapa615@hazesoft.co
"prasanna shekhar gywali",sallaghari,prasannagywali33@ioe.np
"saisagun shekhar lamichhane",rukum,saisagunlamichhane211@gmail.com
"pintu shekhar thapa",morang,pintuthapa313@edu.np
"aashish bahadur dahal",lokanthali,aashishdahal680@facebook.co
"kobid chandra maharjan",lokanthali,kobidmaharjan195@mit.us
"alex prakash rana",bardiya,alexrana754@co.uk
"aashish shekhar oli",kavre,aashisholi974@ioe.np
"samaya chandra gywali",rukum,samayagywali354@tu.edu.np
"ramesh bahadur bhandari",lokanthali,rameshbhandari425@moe.np
"ramesh prasad rai",syangha,rameshrai618@tu.edu.np
"bibek shekhar rana",banke,bibekrana2@moe.np
"bablu bahadur dahal",dolpa,babludahal650@hotmail.com
"aashish prasad maharjan",kavre,aashishmaharjan321@hotmail.com
"rishikesh chandra neupane",panchtahr,rishikeshneupane775@ioe.np
"kripesh chandra thapa",kaski,kripeshthapa91@tu.edu.np
"suraj bahadur sharma",parvat,surajsharma448@hazesoft.co
"sujal prasad thapa",morang,sujalthapa535@tu.edu.np
"diresh prasad dahal",rukum,direshdahal51@moe.np
"ashim chandra maharjan",kavre,ashimmaharjan974@hazesoft.co
"kalyan kumar maharjan",bajura,kalyanmaharjan567@moe.np
"bibek shekhar maharjan",basantapur,bibekmaharjan940@edu.np
"kalyan kumar dahal",bajang,kalyandahal329@hazesoft.co
"ramesh chandra sharma",jhapa,rameshsharma110@co.uk
"samir prasad rana",bajang,samirrana183@meta.co
"golu kumar dahal",rukum,goludahal734@hazesoft.co
"shishir prasad bhandari",jhapa,shishirbhandari735@edu.np
"manish shekhar chapagain",morang,manishchapagain560@moe.np
"ram chandra dahal",jhapa,ramdahal290@ioe.np
"diresh kumar maharjan",lokanthali,direshmaharjan6@yahoo.com
"ram bahadur rana",rukum,ramrana562@meta.co
"sumin kumar chapagain",banke,suminchapagain372@tu.edu.np
"kalyan bahadur shrestha",jhapa,kalyanshrestha982@mof.np
"samaya prasad rai",bajang,samayarai47@yahoo.com
"suraj prasad chapagain",dolpa,surajchapagain131@meta.co
"rabindra shekhar magar",illam,rabindramagar206@hazesoft.co
"ramesh prasad rana",kohalpur,rameshrana103@hotmail.com
"kalyan prasad shrestha",banke,kalyanshrestha434@moe.np
"kobid kumar neupane",rukum,kobidneupane519@ioe.np
"suraj kumar deuba",kaski,surajdeuba704@moe.np
"prasanna prakash thapa",lokanthali,prasannathapa328@moe.np
"sumin kumar rai",bajura,suminrai669@mit.us
"suraj chandra oli",bajang,surajoli881@ioe.np
"aashish chandra magar",bardiya,aashishmagar730@hazesoft.co
"nischal prakash sharma",kaski,nischalsharma85@co.uk
"rishikesh prasad dahal",bajura,rishikeshdahal934@mof.np
"nischal bahadur rana",bardiya,nischalrana130@hazesoft.co
"bibek kumar gywali",lokanthali,bibekgywali531@hazesoft.co
"saisagun prasad sharma",bajura,saisagunsharma989@tu.edu.np
"saisagun prasad oli",syangha,saisagunoli301@tu.edu.np
"kobid chandra rai",kavre,kobidrai768@mof.np
"kalyan bahadur neupane",lokanthali,kalyanneupane557@hotmail.com
"rishikesh kumar dahal",illam,rishikeshdahal485@ioe.np
"ramesh bahadur rai",syangha,rameshrai385@co.uk
"aashish prakash gywali",sallaghari,aashishgywali907@hotmail.com
"manish prasad chapagain",bardiya,manishchapagain673@meta.co
"sujal prasad rana",jhapa,sujalrana961@facebook.co
"pratik chandra gywali",sallaghari,pratikgywali622@edu.np
"aashish prakash dahal",basantapur,aashishdahal175@facebook.co
"prasanna prakash rai",illam,prasannarai536@yahoo.com
"manish kumar bhandari",bardiya,manishbhandari954@mof.np
"kobid prasad rai",sallaghari,kobidrai451@hotmail.com
"sujal chandra bhandari",kohalpur,sujalbhandari541@mit.us
"ashim bahadur thapa",kohalpur,ashimthapa350@co.uk
"saisagun shekhar thapa",bajang,saisagunthapa96@yahoo.com
"suraj kumar gywali",banke,surajgywali466@moe.np
"pintu kumar chapagain",jhapa,pintuchapagain521@mof.np
"aashish prakash oli",bajura,aashisholi224@meta.co
"sujal shekhar magar",ramnagar,sujalmagar250@ioe.np
"diresh prasad maharjan",illam,direshmaharjan512@mof.np
"samaya kumar gywali",jhapa,samayagywali47@meta.co
"sumin kumar rana",ramnagar,suminrana145@gmail.com
"prasanna chandra neupane",bardiya,prasannaneupane159@yahoo.com
"bisesh prasad gywali",rukum,biseshgywali905@mof.np
"bisesh prasad rana",kohalpur,biseshrana882@co.uk
"manish bahadur sharma",ramnagar,manishsharma591@mit.us
"samir chandra chapagain",syangha,samirchapagain857@mit.us
"pratik kumar rai",syangha,pratikrai644@mof.np
"pratik kumar rai",jhapa,pratikrai787@edu.np
"nischal prasad shrestha",parvat,nischalshrestha696@edu.np
"ram chandra gywali",kavre,ramgywali943@tu.edu.np
"bablu chandra lamichhane",lokanthali,bablulamichhane733@hotmail.com
"pratik shekhar gywali",sallaghari,pratikgywali680@moe.np
"golu kumar dahal",illam,goludahal632@facebook.co
"dibesh kumar thapa",banke,dibeshthapa791@gmail.com
"pratik shekhar sharma",panchtahr,pratiksharma812@edu.np
"shishir prakash chapagain",lokanthali,shishirchapagain466@tu.edu.np
"kobid prasad sharma",bajura,kobidsharma826@moe.np
"kalyan prakash lamichhane",kaski,kalyanlamichhane813@hazesoft.co
"ram shekhar rana",kohalpur,ramrana630@co.uk
"suraj prakash thapa",ramnagar,surajthapa697@mit.us
"saisagun bahadur gywali",morang,saisagungywali125@co.uk
"samir kumar chapagain",kavre,samirchapagain553@facebook.co
"rabindra kumar deuba",illam,rabindradeuba205@mof.np
"shishir bahadur thapa",panchtahr,shishirthapa546@mit.us
"saisagun shekhar neupane",rukum,saisagunneupane942@ioe.np
"diresh kumar neupane",sallaghari,direshneupane16@mit.us
"shishir chandra dahal",illam,shishirdahal123@gmail.com
"ashim shekhar shrestha",jhapa,ashimshrestha365@edu.np
"pintu chandra deuba",kavre,pintudeuba247@edu.np
"samaya chandra neupane",rukum,samayaneupane128@tu.edu.np
"shishir prakash bhandari",syangha,shishirbhandari477@moe.np
"suraj prakash thapa",kaski,surajthapa212@facebook.co
"saisagun prasad rai",lokanthali,saisagunrai434@co.uk
"bibek bahadur deuba",bardiya,bibekdeuba791@ioe.np
"diresh prakash rai",bajang,direshrai96@co.uk
"pintu bahadur oli",bardiya,pintuoli358@facebook.co
"diresh chandra neupane",bajang,direshneupane307@moe.np
"sumin shekhar shrestha",dolpa,suminshrestha452@edu.np
"kobid prasad rai",ramnagar,kobidrai553@gmail.com
"suraj shekhar dahal",bajura,surajdahal274@gmail.com
"pratik kumar gywali",kavre,pratikgywali101@hotmail.com
"suraj bahadur lamichhane",illam,surajlamichhane616@ioe.np
"golu prakash sharma",illam,golusharma146@gmail.com
"nischal kumar shrestha",sallaghari,nischalshrestha936@moe.np
"kalyan chandra rai",lokanthali,kalyanrai79@co.uk
"shishir prakash maharjan",ramnagar,shishirmaharjan34@mit.us
"kripesh prakash shrestha",illam,kripeshshrestha127@hazesoft.co
"golu prakash rai",rukum,golurai573@mit.us
"manish prasad dahal",kohalpur,manishdahal407@meta.co
"aashish prasad lamichhane",rukum,aashishlamichhane219@facebook.co
"rishikesh chandra bhandari",illam,rishikeshbhandari791@hazesoft.co
"sumin kumar lamichhane",basantapur,suminlamichhane925@ioe.np
"kobid bahadur rana",morang,kobidrana362@moe.np
"bisesh bahadur thapa",bajang,biseshthapa247@co.uk
"aashish chandra maharjan",basantapur,aashishmaharjan149@ioe.np
"pintu shekhar rai",ramnagar,pinturai617@ioe.np
"bibek kumar rai",bardiya,bibekrai425@ioe.np
"manish chandra rana",kavre,manishrana735@yahoo.com
"aashish shekhar gywali",illam,aashishgywali695@ioe.np
"pintu shekhar oli",parvat,pintuoli416@yahoo.com
"shishir prasad maharjan",illam,shishirmaharjan658@edu.np
"samaya kumar thapa",dolpa,samayathapa837@yahoo.com
"bablu chandra neupane",illam,babluneupane189@tu.edu.np
"sumin prasad neupane",bajang,suminneupane568@yahoo.com
"ashim shekhar bhandari",basantapur,ashimbhandari99@ioe.np
"samir chandra oli",kohalpur,samiroli340@mof.np
"ram chandra gywali",kohalpur,ramgywali329@co.uk
"kripesh kumar rana",morang,kripeshrana461@meta.co
"shishir kumar magar",syangha,shishirmagar765@hotmail.com
"saisagun chandra chapagain",morang,saisagunchapagain671@moe.np
"bablu chandra lamichhane",basantapur,bablulamichhane676@hotmail.com
"kripesh kumar lamichhane",panchtahr,kripeshlamichhane570@co.uk
"kripesh kumar thapa",morang,kripeshthapa545@hazesoft.co
"kobid shekhar neupane",illam,kobidneupane127@co.uk
"nischal kumar rana",basantapur,nischalrana311@co.uk
"pratik shekhar rai",morang,pratikrai504@yahoo.com
"bablu bahadur rana",dolpa,bablurana326@yahoo.com
"rabindra bahadur dahal",kaski,rabindradahal784@mof.np
"pintu chandra gywali",ramnagar,pintugywali435@yahoo.com
"samir shekhar neupane",panchtahr,samirneupane680@edu.np
"ashim prakash thapa",sallaghari,ashimthapa902@meta.co
"ram bahadur chapagain",basantapur,ramchapagain73@co.uk
"samaya kumar rana",illam,samayarana815@meta.co
"ashim kumar rai",jhapa,ashimrai687@mit.us
"aashish prasad dahal",morang,aashishdahal908@mof.np
"alex bahadur sharma",syangha,alexsharma734@moe.np
"dibesh bahadur bhandari",banke,dibeshbhandari659@moe.np
"pintu chandra chapagain",illam,pintuchapagain944@mof.np
"sujal prasad shrestha",kavre,sujalshrestha90@facebook.co
"dibesh chandra rana",basantapur,dibeshrana871@ioe.np
"kobid prasad maharjan",sallaghari,kobidmaharjan8@co.uk
"nischal bahadur magar",dolpa,nischalmagar311@hazesoft.co
"kripesh prasad dahal",kavre,kripeshdahal773@hotmail.com
"samir prakash shrestha",parvat,samirshrestha98@co.uk
"kalyan shekhar chapagain",rukum,kalyanchapagain255@meta.co
"bisesh chandra rana",rukum,biseshrana767@co.uk
"manish prasad lamichhane",bardiya,manishlamichhane349@tu.edu.np
"bablu chandra chapagain",kohalpur,babluchapagain65@co.uk
"bisesh bahadur maharjan",kavre,biseshmaharjan462@edu.np
"dibesh bahadur gywali",kaski,dibeshgywali787@gmail.com
"kalyan prasad dahal",kavre,kalyandahal921@edu.np
"diresh kumar lamichhane",syangha,direshlamichhane813@hazesoft.co
"pintu prasad gywali",ramnagar,pintugywali998@ioe.np
"prasanna chandra sharma",kaski,prasannasharma977@moe.np
"kripesh chandra thapa",rukum,kripeshthapa483@gmail.com
"saisagun kumar magar",parvat,saisagunmagar308@co.uk
"kobid kumar rana",bardiya,kobidrana451@edu.np
"kobid chandra magar",panchtahr,kobidmagar494@ioe.np
"rabindra bahadur thapa",basantapur,rabindrathapa743@hotmail.com
"dibesh prakash chapagain",dolpa,dibeshchapagain26@yahoo.com
"rishikesh prakash dahal",basantapur,rishikeshdahal902@meta.co
"manish prasad gywali",kohalpur,manishgywali442@hotmail.com
"suraj prasad dahal",lokanthali,surajdahal79@mit.us
"diresh kumar chapagain",banke,direshchapagain717@meta.co
"ram prasad chapagain",banke,ramchapagain965@moe.np
"nischal prasad thapa",bajang,nischalthapa164@co.uk
"kalyan prakash maharjan",kohalpur,kalyanmaharjan304@facebook.co
"suraj prakash deuba",bardiya,surajdeuba485@moe.np
"samaya chandra neupane",banke,samayaneupane320@mit.us
"bablu shekhar dahal",lokanthali,babludahal818@mof.np
"nischal kumar rai",jhapa,nischalrai241@moe.np
"prasanna chandra magar",dolpa,prasannamagar315@moe.np
"prasanna kumar rana",syangha,prasannarana204@hotmail.com
"alex prakash chapagain",bajang,alexchapagain569@yahoo.com
"dibesh prasad magar",panchtahr,dibeshmagar838@gmail.com
"manish prasad shrestha",dolpa,manishshrestha387@tu.edu.np
"kalyan chandra deuba",bajang,kalyandeuba806@tu.edu.np
"rishikesh bahadur neupane",kaski,rishikeshneupane445@ioe.np
"pratik prasad shrestha",rukum,pratikshrestha16@facebook.co
"diresh shekhar shrestha",banke,direshshrestha508@facebook.co
"alex prakash shrestha",panchtahr,alexshrestha198@edu.np
"nischal shekhar rai",banke,nischalrai202@hazesoft.co
"shishir shekhar oli",lokanthali,shishiroli481@edu.np
"sumin prakash rana",syangha,suminrana881@yahoo.com
"rishikesh prasad oli",syangha,rishikesholi815@moe.np
"ashim kumar rana",rukum,ashimrana333@yahoo.com
"kalyan prasad maharjan",kohalpur,kalyanmaharjan510@co.uk
"saisagun kumar deuba",parvat,saisagundeuba581@gmail.com
"alex kumar rana",morang,alexrana577@meta.co
"rishikesh prakash sharma",kohalpur,rishikeshsharma640@facebook.co
"ashim prakash lamichhane",jhapa,ashimlamichhane422@gmail.com
"rabindra shekhar magar",kohalpur,rabindramagar924@mof.np
"samaya kumar maharjan",rukum,samayamaharjan721@facebook.co
"bablu kumar magar",bajura,bablumagar170@meta.co
"pintu prasad oli",dolpa,pintuoli86@hazesoft.co
"samaya prakash bhandari",syangha,samayabhandari687@edu.np
"ashim kumar gywali",rukum,ashimgywali190@facebook.co
"dibesh kumar shrestha",illam,dibeshshrestha647@hazesoft.co
"samaya chandra lamichhane",dolpa,samayalamichhane866@edu.np
"alex kumar deuba",illam,alexdeuba274@hazesoft.co
"ramesh chandra thapa",kohalpur,rameshthapa532@hazesoft.co
"sujal bahadur rana",bardiya,sujalrana799@gmail.com
"shishir kumar rai",banke,shishirrai588@yahoo.com
"suraj prakash neupane",lokanthali,surajneupane347@tu.edu.np
"samir prasad rai",bajang,samirrai753@meta.co
"aashish shekhar chapagain",ramnagar,aashishchapagain392@yahoo.com
"aashish kumar oli",syangha,aashisholi3@mit.us
"shishir prasad thapa",illam,shishirthapa976@moe.np
"saisagun kumar deuba",morang,saisagundeuba408@co.uk
"ramesh prasad oli",kohalpur,ramesholi80@mit.us
"ram prakash maharjan",morang,rammaharjan932@co.uk
"pratik bahadur lamichhane",sallaghari,pratiklamichhane136@mof.np
"alex prakash rana",dolpa,alexrana392@gmail.com
"sujal chandra dahal",sallaghari,sujaldahal268@tu.edu.np
"diresh prakash bhandari",kohalpur,direshbhandari235@hotmail.com
"ramesh kumar bhandari",panchtahr,rameshbhandari728@ioe.np
"ram prakash dahal",ramnagar,ramdahal203@mof.np
"manish prakash lamichhane",basantapur,manishlamichhane516@edu.np
"alex chandra gywali",ramnagar,alexgywali541@mit.us
"kripesh bahadur maharjan",rukum,kripeshmaharjan765@moe.np
"saisagun prakash neupane",bajura,saisagunneupane362@moe.np
"aashish bahadur thapa",ramnagar,aashishthapa251@hotmail.com
"samir prakash sharma",bajura,samirsharma287@mit.us
"kobid shekhar chapagain",lokanthali,kobidchapagain910@hazesoft.co
"kobid prakash bhandari",dolpa,kobidbhandari523@mit.us
"saisagun chandra chapagain",kavre,saisagunchapagain417@gmail.com
"golu prasad oli",sallaghari,goluoli63@mit.us
"aashish prasad shrestha",kohalpur,aashishshrestha731@edu.np
"suraj prakash dahal",bajura,surajdahal522@hotmail.com
"suraj kumar lamichhane",banke,surajlamichhane514@yahoo.com
"pintu bahadur deuba",illam,pintudeuba387@tu.edu.np
"ramesh prakash rana",bardiya,rameshrana24@moe.np
"kalyan shekhar deuba",kavre,kalyandeuba774@hotmail.com
"ashim bahadur deuba",parvat,ashimdeuba745@hotmail.com
"manish chandra deuba",kavre,manishdeuba567@meta.co
"bablu chandra gywali",syangha,bablugywali915@tu.edu.np
"bablu prasad rai",syangha,bablurai268@yahoo.com
"bablu shekhar shrestha",bajang,bablushrestha884@mit.us
"pratik chandra sharma",basantapur,pratiksharma465@facebook.co
"dibesh bahadur deuba",lokanthali,dibeshdeuba190@mit.us
"manish prasad magar",dolpa,manishmagar372@mof.np
"nischal prakash oli",dolpa,nischaloli664@meta.co
"shishir shekhar dahal",bardiya,shishirdahal211@hotmail.com
"golu kumar gywali",morang,golugywali68@tu.edu.np
"bablu kumar dahal",parvat,babludahal869@hotmail.com
"kobid shekhar rana",morang,kobidrana609@gmail.com
"suraj shekhar oli",bajang,surajoli288@mit.us
"dibesh prasad magar",kavre,dibeshmagar568@moe.np
"rabindra chandra oli",parvat,rabindraoli343@mof.np
"bibek bahadur bhandari",ramnagar,bibekbhandari956@co.uk
"bisesh bahadur maharjan",kohalpur,biseshmaharjan743@mit.us
"suraj chandra sharma",panchtahr,surajsharma813@edu.np
"bablu kumar deuba",bardiya,babludeuba808@hazesoft.co
"ram kumar maharjan",lokanthali,rammaharjan750@mit.us
"bibek prasad rai",kaski,bibekrai87@hazesoft.co
"ram kumar bhandari",morang,rambhandari294@meta.co
"alex bahadur rai",bajang,alexrai11@moe.np
"diresh prasad shrestha",basantapur,direshshrestha910@yahoo.com
"aashish prakash rai",basantapur,aashishrai176@yahoo.com
"kobid bahadur dahal",dolpa,kobiddahal892@yahoo.com
"bablu prasad chapagain",sallaghari,babluchapagain110@mit.us
"ashim shekhar dahal",parvat,ashimdahal144@edu.np
"manish shekhar sharma",illam,manishsharma238@moe.np
"saisagun bahadur rana",ramnagar,saisagunrana286@hazesoft.co
"kalyan bahadur rai",banke,kalyanrai336@meta.co
"saisagun kumar rai",panchtahr,saisagunrai617@moe.np
"bablu prasad rana",bardiya,bablurana433@hotmail.com
"kalyan shekhar bhandari",lokanthali,kalyanbhandari97@co.uk
"prasanna kumar dahal",bardiya,prasannadahal155@facebook.co
"ram prakash shrestha",syangha,ramshrestha389@ioe.np
"kobid chandra neupane",syangha,kobidneupane186@yahoo.com
"aashish chandra deuba",bajura,aashishdeuba711@tu.edu.np
"ramesh chandra neupane",banke,rameshneupane335@tu.edu.np
"shishir shekhar chapagain",illam,shishirchapagain64@facebook.co
"dibesh kumar lamichhane",dolpa,dibeshlamichhane88@moe.np
"prasanna chandra deuba",syangha,prasannadeuba104@mof.np
"samaya kumar rai",syangha,samayarai768@moe.np
"golu shekhar dahal",parvat,goludahal221@edu.np
"prasanna shekhar dahal",banke,prasannadahal971@co.uk
"pratik shekhar rana",ramnagar,pratikrana546@edu.np
"ramesh chandra maharjan",panchtahr,rameshmaharjan406@tu.edu.np
"bibek bahadur gywali",syangha,bibekgywali932@mof.np
"prasanna chandra rana",syangha,prasannarana191@yahoo.com
"bisesh prasad sharma",bardiya,biseshsharma350@gmail.com
"suraj kumar chapagain",bajura,surajchapagain154@hotmail.com
"nischal shekhar maharjan",bajang,nischalmaharjan483@mit.us
"kalyan bahadur chapagain",panchtahr,kalyanchapagain406@mof.np
"manish chandra deuba",jhapa,manishdeuba133@ioe.np
"ashim shekhar neupane",bajang,ashimneupane62@yahoo.com
"golu prasad rai",morang,golurai771@facebook.co
"aashish kumar maharjan",illam,aashishmaharjan987@mof.np
"shishir prakash maharjan",lokanthali,shishirmaharjan335@hotmail.com
"saisagun bahadur neupane",bajang,saisagunneupane771@edu.np
"kripesh prasad shrestha",bardiya,kripeshshrestha124@hazesoft.co
"bibek prakash neupane",basantapur,bibekneupane848@gmail.com
"dibesh prakash sharma",kavre,dibeshsharma169@meta.co
"dibesh prasad oli",parvat,dibesholi780@tu.edu.np
"bisesh prakash maharjan",bardiya,biseshmaharjan978@mit.us
"kobid prasad lamichhane",rukum,kobidlamichhane909@hotmail.com
"ram prasad shrestha",kohalpur,ramshrestha505@mof.np
"ramesh bahadur rana",bajura,rameshrana189@hazesoft.co
"ramesh kumar maharjan",kohalpur,rameshmaharjan109@meta.co
"saisagun shekhar neupane",basantapur,saisagunneupane799@tu.edu.np
"sujal kumar chapagain",bajang,sujalchapagain249@yahoo.com
"rabindra prakash bhandari",kohalpur,rabindrabhandari308@moe.np
"shishir bahadur oli",jhapa,shishiroli411@gmail.com
"rishikesh prakash bhandari",ramnagar,rishikeshbhandari766@facebook.co
"suraj bahadur sharma",kaski,surajsharma550@facebook.co
"nischal shekhar dahal",bardiya,nischaldahal655@mof.np
"pintu prakash sharma",bajang,pintusharma326@meta.co
"sumin prakash rana",kaski,suminrana612@meta.co
"bablu shekhar thapa",bardiya,babluthapa95@ioe.np
"pintu kumar lamichhane",kavre,pintulamichhane918@facebook.co
"pintu shekhar chapagain",kaski,pintuchapagain87@gmail.com
"kripesh chandra maharjan",bardiya,kripeshmaharjan585@meta.co
"samaya chandra lamichhane",kohalpur,samayalamichhane521@mit.us
"prasanna kumar magar",basantapur,prasannamagar59@hazesoft.co
"sujal chandra oli",rukum,sujaloli379@hazesoft.co
"golu bahadur chapagain",rukum,goluchapagain247@gmail.com
"sujal prakash oli",ramnagar,sujaloli30@facebook.co
"samaya prakash rai",parvat,samayarai413@facebook.co
"sujal prasad shrestha",rukum,sujalshrestha677@co.uk
"saisagun chandra neupane",kavre,saisagunneupane285@ioe.np
"samir chandra dahal",lokanthali,samirdahal570@edu.np
"dibesh kumar shrestha",basantapur,dibeshshrestha457@tu.edu.np
"aashish shekhar thapa",parvat,aashishthapa182@meta.co
"pintu shekhar rai",bardiya,pinturai522@ioe.np
"alex shekhar dahal",basantapur,alexdahal540@ioe.np
"alex chandra rana",basantapur,alexrana941@hazesoft.co
"saisagun chandra dahal",rukum,saisagundahal663@gmail.com
"aashish chandra shrestha",bardiya,aashishshrestha560@ioe.np
"sumin shekhar neupane",dolpa,suminneupane481@facebook.co
"alex prasad gywali",bajang,alexgywali989@gmail.com
"bibek kumar bhandari",parvat,bibekbhandari925@mof.np
"manish prakash rana",ramnagar,manishrana145@facebook.co
"bisesh kumar rana",ramnagar,biseshrana489@meta.co
"nischal prasad magar",rukum,nischalmagar527@moe.np
"rishikesh kumar rana",jhapa,rishikeshrana229@gmail.com
"manish prasad bhandari",lokanthali,manishbhandari315@facebook.co
"saisagun prakash shrestha",morang,saisagunshrestha736@edu.np
"alex prasad sharma",kaski,alexsharma162@hazesoft.co
"sumin shekhar maharjan",panchtahr,suminmaharjan480@gmail.com
"samir prasad shrestha",kohalpur,samirshrestha570@co.uk
"aashish bahadur shrestha",parvat,aashishshrestha398@hotmail.com
"bablu chandra magar",lokanthali,bablumagar690@facebook.co
"prasanna prakash sharma",kavre,prasannasharma708@hotmail.com
"kalyan prakash gywali",kavre,kalyangywali918@mof.np
"samir shekhar shrestha",bajang,samirshrestha728@tu.edu.np
"samir kumar dahal",ramnagar,samirdahal552@tu.edu.np
"kobid chandra maharjan",panchtahr,kobidmaharjan350@moe.np
"sujal kumar neupane",illam,sujalneupane461@hotmail.com
"sujal bahadur sharma",panchtahr,sujalsharma553@meta.co
"golu prakash rana",rukum,golurana529@hotmail.com
"golu prasad bhandari",banke,golubhandari654@facebook.co
"sumin chandra oli",jhapa,suminoli881@meta.co
"shishir kumar oli",jhapa,shishiroli110@tu.edu.np
"pintu prakash bhandari",morang,pintubhandari464@moe.np
"diresh kumar thapa",lokanthali,direshthapa507@ioe.np
"rishikesh prasad deuba",banke,rishikeshdeuba595@yahoo.com
"ashim prasad chapagain",kohalpur,ashimchapagain514@facebook.co
"bisesh prasad gywali",panchtahr,biseshgywali832@moe.np
"saisagun chandra gywali",bardiya,saisagungywali395@hotmail.com
"ashim prakash thapa",rukum,ashimthapa102@tu.edu.np
"prasanna chandra maharjan",rukum,prasannamaharjan498@co.uk
"dibesh prasad sharma",bajang,dibeshsharma822@yahoo.com
"ram shekhar lamichhane",parvat,ramlamichhane248@moe.np
"saisagun bahadur lamichhane",illam,saisagunlamichhane783@facebook.co
"aashish bahadur sharma",dolpa,aashishsharma975@hotmail.com
"aashish prakash thapa",parvat,aashishthapa891@hotmail.com
"manish prasad sharma",parvat,manishsharma972@tu.edu.np
"nischal shekhar gywali",dolpa,nischalgywali755@hotmail.com
"kalyan bahadur lamichhane",ramnagar,kalyanlamichhane486@edu.np
"suraj chandra sharma",lokanthali,surajsharma648@edu.np
"ram bahadur shrestha",jhapa,ramshrestha65@mit.us
"bablu prakash thapa",jhapa,babluthapa372@hotmail.com
"prasanna chandra maharjan",rukum,prasannamaharjan293@moe.np
"kobid prakash maharjan",bajang,kobidmaharjan451@facebook.co
"samaya bahadur lamichhane",kaski,samayalamichhane296@hazesoft.co
"golu bahadur bhandari",kaski,golubhandari290@meta.co
"rishikesh shekhar maharjan",rukum,rishikeshmaharjan633@co.uk
"pintu chandra bhandari",rukum,pintubhandari619@moe.np
"samaya prakash gywali",morang,samayagywali298@moe.np
"ashim bahadur chapagain",jhapa,ashimchapagain565@yahoo.com
"diresh prakash sharma",basantapur,direshsharma236@yahoo.com
"bibek kumar rai",rukum,bibekrai505@mit.us
"dibesh chandra thapa",dolpa,dibeshthapa92@facebook.co
"kobid prasad shrestha",jhapa,kobidshrestha991@meta.co
"bablu bahadur rana",parvat,bablurana708@edu.np
"saisagun shekhar deuba",panchtahr,saisagundeuba636@facebook.co
"samir chandra oli",illam,samiroli86@yahoo.com
"kobid shekhar shrestha",jhapa,kobidshrestha992@mof.np
"suraj chandra deuba",syangha,surajdeuba520@yahoo.com
"aashish shekhar rana",bajura,aashishrana835@gmail.com
"rishikesh prasad magar",morang,rishikeshmagar318@hazesoft.co
"ramesh kumar neupane",bajang,rameshneupane52@hazesoft.co
"saisagun bahadur oli",syangha,saisagunoli354@meta.co
"kalyan prakash bhandari",lokanthali,kalyanbhandari533@hotmail.com
"manish prasad neupane",bardiya,manishneupane154@co.uk
"kobid bahadur magar",bajura,kobidmagar411@co.uk
"suraj prakash gywali",banke,surajgywali929@edu.np
"golu shekhar gywali",rukum,golugywali477@yahoo.com
"pintu bahadur thapa",dolpa,pintuthapa503@moe.np
"ashim bahadur magar",bardiya,ashimmagar302@facebook.co
"rabindra bahadur lamichhane",jhapa,rabindralamichhane26@hazesoft.co
"alex bahadur rai",bajura,alexrai852@mit.us
"sumin bahadur sharma",ramnagar,suminsharma708@moe.np
"bisesh kumar oli",banke,bisesholi899@hazesoft.co
"bibek shekhar rai",kohalpur,bibekrai642@hotmail.com
"ramesh prakash dahal",illam,rameshdahal489@facebook.co
"bisesh bahadur lamichhane",illam,biseshlamichhane442@yahoo.com
"ram bahadur deuba",dolpa,ramdeuba673@yahoo.com
"rishikesh shekhar shrestha",syangha,rishikeshshrestha94@yahoo.com
"diresh shekhar rana",parvat,direshrana259@facebook.co
"prasanna chandra chapagain",panchtahr,prasannachapagain340@meta.co
"prasanna prasad gywali",bajura,prasannagywali785@hazesoft.co
"samir chandra chapagain",dolpa,samirchapagain832@edu.np
"saisagun shekhar thapa",lokanthali,saisagunthapa645@facebook.co
"kobid bahadur thapa",bajang,kobidthapa180@yahoo.com
"ramesh chandra magar",lokanthali,rameshmagar628@hazesoft.co
"aashish bahadur oli",dolpa,aashisholi806@gmail.com
"ashim chandra lamichhane",jhapa,ashimlamichhane985@edu.np
"samaya kumar rai",kavre,samayarai490@hotmail.com
"samaya prakash sharma",sallaghari,samayasharma181@moe.np
"shishir prasad gywali",dolpa,shishirgywali286@tu.edu.np
"ramesh prasad deuba",rukum,rameshdeuba782@ioe.np
"golu prasad neupane",banke,goluneupane202@moe.np
"prasanna bahadur bhandari",rukum,prasannabhandari437@edu.np
"manish kumar shrestha",syangha,manishshrestha34@moe.np
"samaya chandra bhandari",kaski,samayabhandari222@tu.edu.np
"samir shekhar sharma",bajang,samirsharma183@hazesoft.co
"samir shekhar rana",illam,samirrana182@mof.np
"sumin chandra oli",jhapa,suminoli871@gmail.com
"bibek prakash chapagain",illam,bibekchapagain289@mit.us
"pratik shekhar oli",kohalpur,pratikoli644@mit.us
"sujal kumar bhandari",banke,sujalbhandari117@mof.np
"samir shekhar maharjan",bajang,samirmaharjan407@ioe.np
"sumin shekhar deuba",illam,sumindeuba739@moe.np
"bibek shekhar gywali",jhapa,bibekgywali291@mit.us
"kripesh prasad chapagain",parvat,kripeshchapagain867@facebook.co
"kalyan kumar shrestha",dolpa,kalyanshrestha499@gmail.com
"ramesh kumar thapa",dolpa,rameshthapa717@gmail.com
"manish prakash sharma",rukum,manishsharma179@gmail.com
"nischal kumar chapagain",bajang,nischalchapagain44@moe.np
"kalyan shekhar maharjan",dolpa,kalyanmaharjan509@meta.co
"alex kumar dahal",parvat,alexdahal975@co.uk
"saisagun prasad lamichhane",syangha,saisagunlamichhane561@hotmail.com
"alex prasad lamichhane",banke,alexlamichhane133@facebook.co
"aashish shekhar deuba",sallaghari,aashishdeuba419@ioe.np
"diresh kumar sharma",ramnagar,direshsharma293@hotmail.com
"kripesh kumar magar",syangha,kripeshmagar841@tu.edu.np
"rabindra kumar deuba",morang,rabindradeuba873@hotmail.com
"kalyan kumar shrestha",dolpa,kalyanshrestha368@gmail.com
"ashim shekhar neupane",morang,ashimneupane966@edu.np
"nischal prasad oli",bardiya,nischaloli390@hazesoft.co
"rabindra chandra shrestha",basantapur,rabindrashrestha42@co.uk
"kobid shekhar gywali",jhapa,kobidgywali95@tu.edu.np
"golu bahadur gywali",kohalpur,golugywali753@co.uk
"saisagun prakash dahal",bajura,saisagundahal394@facebook.co
"dibesh prasad gywali",panchtahr,dibeshgywali920@moe.np
"sumin prakash oli",syangha,suminoli233@co.uk
"alex prasad lamichhane",kavre,alexlamichhane930@mof.np
"dibesh shekhar rana",kohalpur,dibeshrana867@tu.edu.np
"aashish prasad dahal",basantapur,aashishdahal942@hotmail.com
"manish prasad deuba",kohalpur,manishdeuba140@hotmail.com
"aashish prasad lamichhane",illam,aashishlamichhane995@edu.np
"ramesh shekhar rana",banke,rameshrana367@yahoo.com
"bablu prakash bhandari",dolpa,bablubhandari719@mit.us
"bablu bahadur shrestha",kohalpur,bablushrestha627@ioe.np
"manish prakash oli",sallaghari,manisholi650@moe.np
"rishikesh prasad sharma",panchtahr,rishikeshsharma241@gmail.com
"ramesh bahadur shrestha",lokanthali,rameshshrestha228@facebook.co
"sujal prasad sharma",illam,sujalsharma292@ioe.np
"kripesh kumar oli",syangha,kripesholi20@yahoo.com
"bablu prasad rana",kohalpur,bablurana957@edu.np
"samaya prasad maharjan",sallaghari,samayamaharjan608@edu.np
"alex kumar bhandari",bajura,alexbhandari394@co.uk
"bisesh prakash shrestha",syangha,biseshshrestha104@moe.np
"kobid chandra gywali",basantapur,kobidgywali487@hotmail.com
"kalyan prakash chapagain",kaski,kalyanchapagain413@hazesoft.co
"dibesh chandra bhandari",basantapur,dibeshbhandari663@moe.np
"sumin kumar magar",bajang,suminmagar977@facebook.co
"aashish bahadur shrestha",dolpa,aashishshrestha373@gmail.com
"samaya kumar maharjan",sallaghari,samayamaharjan210@mit.us
"bablu prakash rana",sallaghari,bablurana439@meta.co
"ashim shekhar sharma",sallaghari,ashimsharma479@mit.us
"pintu prakash oli",illam,pintuoli143@mof.np
"ashim bahadur sharma",bajura,ashimsharma43@hazesoft.co
"rishikesh kumar sharma",kavre,rishikeshsharma412@gmail.com
"ram shekhar magar",banke,rammagar464@moe.np
"samir prakash shrestha",illam,samirshrestha603@yahoo.com
"shishir shekhar deuba",bajang,shishirdeuba584@gmail.com
"pintu kumar shrestha",bajang,pintushrestha898@facebook.co
"pratik prakash maharjan",bajang,pratikmaharjan11@ioe.np
"nischal kumar neupane",illam,nischalneupane471@moe.np
"bisesh prasad rai",bardiya,biseshrai143@ioe.np
"kalyan shekhar gywali",morang,kalyangywali948@hazesoft.co
"manish prasad neupane",kohalpur,manishneupane874@hazesoft.co
"ramesh chandra dahal",parvat,rameshdahal141@hotmail.com
"saisagun kumar thapa",bardiya,saisagunthapa514@co.uk
"alex prakash gywali",kaski,alexgywali49@mof.np
"dibesh kumar lamichhane",kaski,dibeshlamichhane852@co.uk
"aashish bahadur magar",bajang,aashishmagar795@tu.edu.np
"nischal chandra magar",basantapur,nischalmagar989@tu.edu.np
"golu chandra neupane",lokanthali,goluneupane909@hazesoft.co
"diresh chandra gywali",bardiya,direshgywali492@hazesoft.co
"manish chandra lamichhane",bardiya,manishlamichhane238@hotmail.com
"pintu prasad oli",illam,pintuoli917@edu.np
"saisagun chandra maharjan",dolpa,saisagunmaharjan159@mof.np
"bisesh kumar bhandari",bajang,biseshbhandari386@meta.co
"ashim kumar neupane",kaski,ashimneupane333@ioe.np
"manish chandra shrestha",morang,manishshrestha690@gmail.com
"golu bahadur thapa",illam,goluthapa433@ioe.np
"bablu prasad magar",morang,bablumagar109@meta.co
"dibesh chandra oli",bajura,dibesholi355@tu.edu.np
"dibesh prakash deuba",illam,dibeshdeuba602@mof.np
"samir prakash oli",dolpa,samiroli674@gmail.com
"suraj shekhar lamichhane",parvat,surajlamichhane667@mof.np
"bablu bahadur deuba",jhapa,babludeuba930@ioe.np
"diresh chandra rana",syangha,direshrana248@moe.np
"kobid shekhar gywali",jhapa,kobidgywali366@ioe.np
"manish kumar neupane",kohalpur,manishneupane464@hazesoft.co
"bibek prasad gywali",kaski,bibekgywali745@mof.np
"kalyan shekhar dahal",ramnagar,kalyandahal194@mit.us
"sumin chandra maharjan",kavre,suminmaharjan677@gmail.com
"kripesh chandra neupane",lokanthali,kripeshneupane386@ioe.np
"kalyan prasad dahal",kohalpur,kalyandahal719@co.uk
"dibesh bahadur gywali",dolpa,dibeshgywali653@moe.np
"nischal kumar maharjan",panchtahr,nischalmaharjan912@meta.co
"ram shekhar sharma",lokanthali,ramsharma134@moe.np
"bablu prasad bhandari",kohalpur,bablubhandari382@mit.us
"kobid shekhar dahal",sallaghari,kobiddahal875@moe.np
"kobid shekhar dahal",parvat,kobiddahal986@ioe.np
"shishir chandra oli",bardiya,shishiroli926@hazesoft.co
"nischal prakash oli",panchtahr,nischaloli542@meta.co
"sumin prasad maharjan",rukum,suminmaharjan783@hazesoft.co
"shishir shekhar oli",bajang,shishiroli336@mit.us
"samir kumar lamichhane",syangha,samirlamichhane769@facebook.co
"bibek shekhar shrestha",rukum,bibekshrestha457@yahoo.com
"bisesh kumar rana",bardiya,biseshrana985@meta.co
"dibesh chandra chapagain",kohalpur,dibeshchapagain169@hazesoft.co
"kripesh shekhar lamichhane",rukum,kripeshlamichhane303@hotmail.com
"samir bahadur chapagain",basantapur,samirchapagain483@ioe.np
"bibek shekhar chapagain",syangha,bibekchapagain616@mof.np
"kobid bahadur deuba",bardiya,kobiddeuba480@hazesoft.co
"kobid bahadur thapa",syangha,kobidthapa900@hazesoft.co
"aashish kumar rana",kaski,aashishrana467@ioe.np
"samir prakash dahal",banke,samirdahal620@co.uk
"bibek shekhar oli",rukum,bibekoli355@mit.us
"ramesh kumar sharma",kaski,rameshsharma841@hazesoft.co
"pratik kumar gywali",morang,pratikgywali796@hazesoft.co
"samaya prakash dahal",banke,samayadahal248@mit.us
"nischal prasad deuba",syangha,nischaldeuba260@meta.co
"ashim shekhar lamichhane",kaski,ashimlamichhane273@gmail.com
"ashim chandra neupane",kaski,ashimneupane541@tu.edu.np
"aashish prasad neupane",jhapa,aashishneupane119@hotmail.com
"alex kumar magar",panchtahr,alexmagar960@hotmail.com
"saisagun bahadur dahal",kavre,saisagundahal629@gmail.com
"diresh bahadur gywali",parvat,direshgywali349@tu.edu.np
"shishir chandra deuba",rukum,shishirdeuba864@edu.np
"bisesh kumar neupane",ramnagar,biseshneupane828@edu.np
"kripesh kumar oli",panchtahr,kripesholi874@gmail.com
"kripesh shekhar thapa",parvat,kripeshthapa542@yahoo.com
"bisesh shekhar oli",bajura,bisesholi304@co.uk
"pratik chandra shrestha",illam,pratikshrestha548@hotmail.com
"diresh shekhar rai",sallaghari,direshrai174@tu.edu.np
"bibek shekhar neupane",rukum,bibekneupane393@moe.np
"kripesh chandra bhandari",morang,kripeshbhandari33@meta.co
"alex chandra deuba",kaski,alexdeuba950@tu.edu.np
"bibek prakash oli",bajang,bibekoli212@moe.np
"diresh prasad shrestha",sallaghari,direshshrestha765@hotmail.com
"dibesh prasad rai",kaski,dibeshrai678@hotmail.com
"rabindra kumar oli",rukum,rabindraoli48@hazesoft.co
"ram bahadur gywali",basantapur,ramgywali784@mof.np
"ashim shekhar gywali",syangha,ashimgywali297@ioe.np
"pratik chandra shrestha",dolpa,pratikshrestha661@co.uk
"ramesh kumar oli",bajang,ramesholi441@yahoo.com
"bablu bahadur magar",lokanthali,bablumagar971@hazesoft.co
"alex bahadur shrestha",jhapa,alexshrestha44@mof.np
"sumin prakash chapagain",dolpa,suminchapagain838@hazesoft.co
"rishikesh kumar rai",dolpa,rishikeshrai868@mof.np
"sumin kumar shrestha",sallaghari,suminshrestha386@gmail.com
"kalyan prakash shrestha",bajang,kalyanshrestha801@meta.co
"saisagun prakash deuba",sallaghari,saisagundeuba77@mof.np
"prasanna bahadur neupane",panchtahr,prasannaneupane872@mof.np
"kalyan kumar chapagain",basantapur,kalyanchapagain650@hotmail.com
"dibesh chandra magar",sallaghari,dibeshmagar871@tu.edu.np
"ashim bahadur deuba",sallaghari,ashimdeuba227@hazesoft.co
"saisagun kumar shrestha",syangha,saisagunshrestha415@yahoo.com
"samir bahadur maharjan",bajura,samirmaharjan305@meta.co
"golu prasad gywali",dolpa,golugywali777@mof.np
"bisesh kumar oli",syangha,bisesholi321@moe.np
"prasanna prakash dahal",basantapur,prasannadahal295@moe.np
"bibek shekhar thapa",syangha,bibekthapa55@edu.np
"ramesh bahadur deuba",bajura,rameshdeuba443@yahoo.com
"diresh bahadur neupane",rukum,direshneupane935@edu.np
"suraj bahadur magar",bajura,surajmagar886@hazesoft.co
"ashim prasad deuba",parvat,ashimdeuba581@meta.co
"aashish prakash bhandari",kohalpur,aashishbhandari189@gmail.com
"sumin kumar lamichhane",ramnagar,suminlamichhane282@yahoo.com
"kobid shekhar shrestha",syangha,kobidshrestha443@gmail.com
"kobid shekhar bhandari",panchtahr,kobidbhandari123@co.uk
"manish bahadur rana",kaski,manishrana287@gmail.com
"pratik prasad dahal",dolpa,pratikdahal948@hotmail.com
"alex kumar maharjan",jhapa,alexmaharjan121@mit.us
"sumin prakash sharma",sallaghari,suminsharma21@hotmail.com
"samaya shekhar sharma",panchtahr,samayasharma127@mit.us
"samaya prasad oli",syangha,samayaoli363@mit.us
"kripesh prasad oli",morang,kripesholi7@hazesoft.co
"bablu shekhar gywali",bajura,bablugywali149@hotmail.com
"samir prakash chapagain",syangha,samirchapagain747@meta.co
"nischal kumar rana",ramnagar,nischalrana780@mof.np
"rabindra prasad rana",dolpa,rabindrarana978@yahoo.com
"pratik prasad rana",illam,pratikrana776@ioe.np
"kripesh kumar oli",basantapur,kripesholi268@yahoo.com
"manish bahadur rana",bajang,manishrana751@hazesoft.co
"samaya bahadur gywali",kavre,samayagywali719@mof.np
"manish kumar shrestha",parvat,manishshrestha943@mit.us
"rabindra shekhar rai",rukum,rabindrarai62@meta.co
"rishikesh prasad sharma",kavre,rishikeshsharma753@ioe.np
"pratik prakash magar",sallaghari,pratikmagar70@facebook.co
"ramesh prakash oli",kavre,ramesholi570@hotmail.com
"kobid prasad deuba",kavre,kobiddeuba669@mof.np
"kobid kumar lamichhane",morang,kobidlamichhane22@hazesoft.co
"suraj chandra dahal",lokanthali,surajdahal700@facebook.co
"pratik prakash shrestha",panchtahr,pratikshrestha938@hotmail.com
"alex bahadur maharjan",sallaghari,alexmaharjan442@gmail.com
"alex prakash deuba",bajura,alexdeuba880@mof.np
"pratik bahadur dahal",kohalpur,pratikdahal817@mof.np
"bablu kumar maharjan",lokanthali,bablumaharjan352@mof.np
"nischal prasad bhandari",kavre,nischalbhandari584@moe.np
"suraj kumar rai",ramnagar,surajrai790@gmail.com
"diresh prasad deuba",lokanthali,direshdeuba90@hazesoft.co
"ram bahadur dahal",rukum,ramdahal680@ioe.np
"bisesh kumar thapa",kaski,biseshthapa723@hazesoft.co
"dibesh prakash maharjan",lokanthali,dibeshmaharjan502@hotmail.com
"samir shekhar thapa",jhapa,samirthapa825@hotmail.com
"kripesh chandra deuba",dolpa,kripeshdeuba888@facebook.co
"dibesh kumar lamichhane",kohalpur,dibeshlamichhane752@tu.edu.np
"samaya chandra lamichhane",kaski,samayalamichhane670@yahoo.com
"ram prakash chapagain",ramnagar,ramchapagain436@gmail.com
"bibek prasad neupane",lokanthali,bibekneupane458@tu.edu.np
"dibesh prakash bhandari",kaski,dibeshbhandari501@ioe.np
"sumin kumar deuba",bardiya,sumindeuba757@edu.np
"diresh chandra neupane",rukum,direshneupane572@hotmail.com
"saisagun chandra dahal",bajura,saisagundahal735@yahoo.com
"aashish prakash chapagain",syangha,aashishchapagain537@co.uk
"samir bahadur shrestha",jhapa,samirshrestha306@hazesoft.co
"kobid kumar sharma",banke,kobidsharma57@ioe.np
"ashim kumar lamichhane",rukum,ashimlamichhane401@meta.co
"kobid kumar shrestha",kavre,kobidshrestha574@ioe.np
"pintu prasad lamichhane",bajang,pintulamichhane996@meta.co
"kobid prasad neupane",banke,kobidneupane362@edu.np
"samaya kumar sharma",kavre,samayasharma22@tu.edu.np
"pintu prasad neupane",lokanthali,pintuneupane340@mof.np
"dibesh prasad rana",bajura,dibeshrana720@ioe.np
"samir chandra chapagain",kohalpur,samirchapagain560@mof.np
"pratik bahadur bhandari",basantapur,pratikbhandari915@facebook.co
"rabindra prasad rai",illam,rabindrarai5@mit.us
"prasanna bahadur lamichhane",morang,prasannalamichhane328@facebook.co
"bablu kumar gywali",bajura,bablugywali392@yahoo.com
"rabindra kumar shrestha",sallaghari,rabindrashrestha753@ioe.np
"ram prakash sharma",sallaghari,ramsharma208@edu.np
"kripesh prasad chapagain",kohalpur,kripeshchapagain483@tu.edu.np
"rabindra kumar deuba",banke,rabindradeuba386@tu.edu.np
"ashim chandra gywali",kohalpur,ashimgywali918@hotmail.com
"saisagun bahadur neupane",basantapur,saisagunneupane596@gmail.com
"pintu kumar thapa",ramnagar,pintuthapa681@meta.co
"golu prakash sharma",kaski,golusharma217@gmail.com
"bablu chandra gywali",rukum,bablugywali634@yahoo.com
"ram bahadur deuba",bajura,ramdeuba17@meta.co
"ashim shekhar gywali",rukum,ashimgywali862@facebook.co
"saisagun shekhar chapagain",ramnagar,saisagunchapagain109@yahoo.com
"rabindra bahadur chapagain",rukum,rabindrachapagain303@moe.np
"pratik kumar shrestha",panchtahr,pratikshrestha617@mit.us
"ramesh bahadur lamichhane",panchtahr,rameshlamichhane814@tu.edu.np
"sumin prakash shrestha",sallaghari,suminshrestha229@facebook.co
"rabindra bahadur shrestha",syangha,rabindrashrestha945@mit.us
"diresh prakash rana",kohalpur,direshrana959@hazesoft.co
"golu prasad dahal",syangha,goludahal578@gmail.com
"pratik shekhar deuba",panchtahr,pratikdeuba199@hazesoft.co
"samir prasad lamichhane",bardiya,samirlamichhane261@facebook.co
"shishir kumar bhandari",panchtahr,shishirbhandari986@meta.co
"golu shekhar sharma",basantapur,golusharma881@yahoo.com
"diresh chandra magar",bajura,direshmagar285@hazesoft.co
"ram prakash rana",sallaghari,ramrana472@yahoo.com
"dibesh prasad rai",dolpa,dibeshrai773@meta.co
"ram prasad oli",basantapur,ramoli349@hotmail.com
"nischal prakash oli",basantapur,nischaloli665@yahoo.com
"ram prakash gywali",rukum,ramgywali658@hotmail.com
"samir kumar lamichhane",syangha,samirlamichhane343@mof.np
"sujal chandra deuba",basantapur,sujaldeuba182@hazesoft.co
"suraj prasad chapagain",bardiya,surajchapagain525@edu.np
"prasanna shekhar shrestha",parvat,prasannashrestha246@meta.co
"rabindra prakash lamichhane",bajang,rabindralamichhane185@mit.us
"diresh prasad oli",bajang,diresholi638@tu.edu.np
"ram prakash chapagain",bajang,ramchapagain232@co.uk
"alex kumar chapagain",bajang,alexchapagain419@gmail.com
"bibek chandra rana",lokanthali,bibekrana907@meta.co
"rishikesh kumar lamichhane",lokanthali,rishikeshlamichhane609@co.uk
"sumin chandra rana",dolpa,suminrana261@hazesoft.co
"nischal bahadur sharma",kohalpur,nischalsharma37@edu.np
"sumin kumar sharma",lokanthali,suminsharma40@facebook.co
"samaya kumar dahal",parvat,samayadahal870@co.uk
"rishikesh kumar deuba",parvat,rishikeshdeuba839@edu.np
"samir kumar neupane",ramnagar,samirneupane995@hazesoft.co
"rishikesh shekhar gywali",kohalpur,rishikeshgywali393@moe.np
"pratik chandra gywali",dolpa,pratikgywali627@tu.edu.np
"bablu chandra maharjan",sallaghari,bablumaharjan136@tu.edu.np
"bisesh shekhar lamichhane",parvat,biseshlamichhane761@mof.np
"diresh prakash dahal",bajang,direshdahal486@hazesoft.co
"kripesh chandra gywali",syangha,kripeshgywali825@mit.us
"bibek kumar shrestha",morang,bibekshrestha714@gmail.com
"shishir shekhar shrestha",dolpa,shishirshrestha377@yahoo.com
"prasanna chandra lamichhane",bajang,prasannalamichhane485@co.uk
"sumin bahadur gywali",parvat,sumingywali787@hazesoft.co
"kalyan shekhar deuba",banke,kalyandeuba80@edu.np
"prasanna prakash rana",kaski,prasannarana475@yahoo.com
"sujal prasad oli",syangha,sujaloli290@ioe.np
"pratik prasad maharjan",syangha,pratikmaharjan133@ioe.np
"samaya shekhar chapagain",bardiya,samayachapagain200@edu.np
"shishir kumar magar",bajura,shishirmagar778@edu.np
"alex prakash gywali",bardiya,alexgywali682@moe.np
"ram shekhar rai",illam,ramrai238@yahoo.com
"bibek chandra oli",rukum,bibekoli420@ioe.np
"kalyan shekhar maharjan",morang,kalyanmaharjan81@moe.np
"pintu bahadur dahal",dolpa,pintudahal545@mit.us
"samir chandra maharjan",dolpa,samirmaharjan801@yahoo.com
"bablu kumar maharjan",kohalpur,bablumaharjan652@hazesoft.co
"aashish prakash rai",kohalpur,aashishrai972@hazesoft.co
"kripesh bahadur oli",bardiya,kripesholi532@mit.us
"alex chandra sharma",bajura,alexsharma572@gmail.com
"ashim kumar sharma",bajang,ashimsharma202@gmail.com
"bisesh bahadur rai",bardiya,biseshrai211@mit.us
"suraj bahadur thapa",kaski,surajthapa155@yahoo.com
"ramesh bahadur rana",illam,rameshrana290@facebook.co
"samir bahadur sharma",bajura,samirsharma254@hotmail.com
"bablu bahadur deuba",lokanthali,babludeuba909@hazesoft.co
"suraj prasad lamichhane",bajura,surajlamichhane50@yahoo.com
"nischal prakash maharjan",bajang,nischalmaharjan990@edu.np
"kobid prasad thapa",illam,kobidthapa166@meta.co
"rishikesh chandra shrestha",lokanthali,rishikeshshrestha496@mof.np
"samaya chandra magar",syangha,samayamagar579@mit.us
"alex chandra magar",bajura,alexmagar697@tu.edu.np
"suraj bahadur deuba",rukum,surajdeuba665@mof.np
"diresh kumar sharma",sallaghari,direshsharma323@moe.np
"dibesh bahadur oli",sallaghari,dibesholi348@ioe.np
"nischal bahadur gywali",bajang,nischalgywali444@mit.us
"golu bahadur maharjan",basantapur,golumaharjan382@ioe.np
"bibek prakash shrestha",bardiya,bibekshrestha383@moe.np
"samaya kumar sharma",syangha,samayasharma671@tu.edu.np
"pratik prakash sharma",bardiya,pratiksharma7@hazesoft.co
"bibek prasad maharjan",dolpa,bibekmaharjan382@mit.us
"diresh bahadur gywali",basantapur,direshgywali27@mof.np
"suraj shekhar bhandari",banke,surajbhandari372@edu.np
"manish prakash magar",morang,manishmagar185@hazesoft.co
"shishir chandra oli",bajang,shishiroli359@hazesoft.co
"ashim kumar rai",kavre,ashimrai201@co.uk
"kalyan prakash rai",bajura,kalyanrai567@mof.np
"pratik prasad shrestha",morang,pratikshrestha460@yahoo.com
"rabindra prasad oli",bajang,rabindraoli545@hazesoft.co
"pratik kumar rai",syangha,pratikrai117@gmail.com
"aashish kumar rai",lokanthali,aashishrai832@tu.edu.np
"sumin shekhar chapagain",parvat,suminchapagain49@meta.co
"alex prasad rai",syangha,alexrai603@yahoo.com
"golu chandra sharma",banke,golusharma48@ioe.np
"aashish bahadur shrestha",sallaghari,aashishshrestha889@tu.edu.np
"kripesh prasad magar",lokanthali,kripeshmagar876@mof.np
"bisesh kumar maharjan",kohalpur,biseshmaharjan588@gmail.com
"kobid chandra sharma",illam,kobidsharma675@tu.edu.np
"alex chandra rana",kohalpur,alexrana223@hotmail.com
"pratik prakash thapa",illam,pratikthapa674@hazesoft.co
"sujal prasad rana",dolpa,sujalrana233@mit.us
"bablu prasad dahal",rukum,babludahal892@mof.np
"ramesh chandra thapa",syangha,rameshthapa935@tu.edu.np
"bablu chandra dahal",morang,babludahal386@ioe.np
"ram bahadur magar",rukum,rammagar504@mit.us
"golu shekhar deuba",syangha,goludeuba535@hotmail.com
"rabindra kumar thapa",syangha,rabindrathapa707@mof.np
"kripesh prakash gywali",illam,kripeshgywali81@meta.co
"kripesh prasad sharma",illam,kripeshsharma737@mit.us
"rabindra kumar maharjan",lokanthali,rabindramaharjan37@gmail.com
"suraj shekhar shrestha",bajura,surajshrestha330@meta.co
"sumin chandra bhandari",syangha,suminbhandari686@tu.edu.np
"kripesh chandra dahal",jhapa,kripeshdahal149@yahoo.com
"bablu chandra shrestha",sallaghari,bablushrestha257@edu.np
"dibesh shekhar bhandari",dolpa,dibeshbhandari675@mof.np
"aashish prakash rana",syangha,aashishrana621@co.uk
"sujal shekhar dahal",panchtahr,sujaldahal88@mit.us
"sujal shekhar oli",bajang,sujaloli81@mof.np
"aashish prasad magar",sallaghari,aashishmagar601@mit.us
"nischal chandra lamichhane",banke,nischallamichhane445@mit.us
"diresh kumar oli",morang,diresholi826@yahoo.com
"bisesh bahadur maharjan",ramnagar,biseshmaharjan944@hazesoft.co
"rabindra chandra deuba",bajura,rabindradeuba778@gmail.com
"ram shekhar oli",morang,ramoli715@facebook.co
"diresh prasad rana",kaski,direshrana695@edu.np
"alex prasad sharma",morang,alexsharma813@yahoo.com
"sujal shekhar thapa",jhapa,sujalthapa890@hotmail.com
"alex prakash bhandari",jhapa,alexbhandari115@moe.np
"sujal kumar neupane",sallaghari,sujalneupane850@co.uk
"alex prasad magar",morang,alexmagar741@mof.np
"ashim prakash neupane",illam,ashimneupane761@edu.np
"suraj prasad bhandari",basantapur,surajbhandari798@edu.np
"ram prakash rai",dolpa,ramrai465@ioe.np
"bibek kumar neupane",dolpa,bibekneupane716@mit.us
"dibesh prakash dahal",syangha,dibeshdahal326@gmail.com
"golu shekhar shrestha",panchtahr,golushrestha354@meta.co
"bablu shekhar deuba",morang,babludeuba272@facebook.co
"golu prasad deuba",basantapur,goludeuba212@edu.np
"ashim bahadur maharjan",illam,ashimmaharjan758@edu.np
"samaya shekhar bhandari",lokanthali,samayabhandari196@meta.co
"suraj prakash thapa",kohalpur,surajthapa109@yahoo.com
"bisesh kumar maharjan",ramnagar,biseshmaharjan772@hotmail.com
"manish shekhar sharma",bardiya,manishsharma256@ioe.np
"rabindra prakash gywali",bajang,rabindragywali52@tu.edu.np
"pintu bahadur shrestha",morang,pintushrestha127@yahoo.com
"diresh chandra oli",panchtahr,diresholi241@facebook.co
"pratik kumar shrestha",rukum,pratikshrestha220@facebook.co
"kalyan shekhar rai",illam,kalyanrai855@facebook.co
"ashim prasad bhandari",kaski,ashimbhandari979@meta.co
"bisesh prasad magar",syangha,biseshmagar539@yahoo.com
"sujal bahadur lamichhane",illam,sujallamichhane771@hazesoft.co
"bisesh bahadur dahal",sallaghari,biseshdahal940@mof.np
"golu prakash gywali",sallaghari,golugywali480@tu.edu.np
"nischal shekhar shrestha",bajura,nischalshrestha432@mof.np
"manish bahadur shrestha",morang,manishshrestha341@mit.us
"prasanna prakash bhandari",syangha,prasannabhandari938@gmail.com
"golu prakash gywali",bardiya,golugywali897@mof.np
"sumin prasad lamichhane",dolpa,suminlamichhane277@ioe.np
"aashish kumar maharjan",rukum,aashishmaharjan817@mit.us
"suraj bahadur maharjan",banke,surajmaharjan408@hotmail.com
"kobid prasad chapagain",sallaghari,kobidchapagain484@mof.np
"diresh kumar rana",bajang,direshrana630@edu.np
"kalyan bahadur shrestha",sallaghari,kalyanshrestha628@ioe.np
"dibesh bahadur oli",lokanthali,dibesholi724@moe.np
"aashish shekhar shrestha",basantapur,aashishshrestha196@gmail.com
"sujal kumar sharma",lokanthali,sujalsharma830@co.uk
"bablu kumar lamichhane",basantapur,bablulamichhane116@meta.co
"ashim chandra deuba",dolpa,ashimdeuba195@meta.co
"suraj kumar rana",rukum,surajrana123@facebook.co
"rishikesh prakash chapagain",sallaghari,rishikeshchapagain819@tu.edu.np
"aashish prasad magar",illam,aashishmagar944@tu.edu.np
"dibesh prakash maharjan",basantapur,dibeshmaharjan790@edu.np
"alex bahadur bhandari",kaski,alexbhandari33@co.uk
"bablu prakash neupane",morang,babluneupane932@ioe.np
"pratik bahadur deuba",kohalpur,pratikdeuba735@ioe.np
"dibesh chandra magar",kavre,dibeshmagar961@yahoo.com
"pratik bahadur bhandari",basantapur,pratikbhandari108@ioe.np
"bibek prasad rai",sallaghari,bibekrai489@facebook.co
"prasanna prakash dahal",kavre,prasannadahal952@ioe.np
"sujal kumar shrestha",bardiya,sujalshrestha783@facebook.co
"prasanna shekhar thapa",banke,prasannathapa60@co.uk
"pintu chandra dahal",dolpa,pintudahal111@mof.np
"prasanna shekhar lamichhane",parvat,prasannalamichhane269@co.uk
"pratik bahadur thapa",banke,pratikthapa56@facebook.co
"sumin kumar neupane",rukum,suminneupane485@yahoo.com
"nischal chandra chapagain",bajura,nischalchapagain715@hotmail.com
"sujal shekhar rai",panchtahr,sujalrai375@mit.us
"bisesh shekhar bhandari",parvat,biseshbhandari851@ioe.np
"suraj bahadur chapagain",banke,surajchapagain332@edu.np
"kripesh prakash gywali",morang,kripeshgywali396@co.uk
"nischal prakash bhandari",lokanthali,nischalbhandari614@facebook.co
"ashim prakash maharjan",dolpa,ashimmaharjan151@co.uk
"suraj prakash sharma",ramnagar,surajsharma690@tu.edu.np
"ramesh shekhar thapa",basantapur,rameshthapa737@yahoo.com
"pintu prasad neupane",bardiya,pintuneupane706@yahoo.com
"pratik kumar neupane",rukum,pratikneupane69@tu.edu.np
"bablu kumar rai",panchtahr,bablurai65@facebook.co
"rabindra prasad lamichhane",lokanthali,rabindralamichhane778@meta.co
"nischal bahadur magar",bajang,nischalmagar193@gmail.com
"bibek bahadur rai",lokanthali,bibekrai937@moe.np
"bibek chandra lamichhane",illam,bibeklamichhane118@mof.np
"kripesh kumar lamichhane",ramnagar,kripeshlamichhane429@gmail.com
"saisagun prasad gywali",illam,saisagungywali912@yahoo.com
"samaya prakash lamichhane",lokanthali,samayalamichhane23@hotmail.com
"diresh shekhar magar",parvat,direshmagar814@co.uk
"samaya prakash rai",ramnagar,samayarai96@yahoo.com
"alex prakash thapa",dolpa,alexthapa278@mof.np
"aashish kumar deuba",parvat,aashishdeuba334@edu.np
"diresh prakash lamichhane",dolpa,direshlamichhane799@yahoo.com
"bibek prasad deuba",kohalpur,bibekdeuba289@gmail.com
"pratik shekhar shrestha",syangha,pratikshrestha306@facebook.co
"pintu kumar bhandari",bardiya,pintubhandari849@hotmail.com
"bibek prakash oli",dolpa,bibekoli696@yahoo.com
"prasanna bahadur rai",morang,prasannarai547@facebook.co
"golu kumar maharjan",bajang,golumaharjan808@tu.edu.np
"golu chandra neupane",lokanthali,goluneupane427@edu.np
"golu kumar thapa",illam,goluthapa786@mit.us
"sujal prasad oli",jhapa,sujaloli26@facebook.co
"nischal bahadur sharma",dolpa,nischalsharma640@edu.np
"diresh bahadur sharma",kohalpur,direshsharma440@mit.us
"prasanna prakash maharjan",kavre,prasannamaharjan780@hotmail.com
"dibesh prasad neupane",dolpa,dibeshneupane522@hazesoft.co
"sumin prasad deuba",lokanthali,sumindeuba47@yahoo.com
"rishikesh prakash bhandari",banke,rishikeshbhandari96@meta.co
"bisesh prasad thapa",basantapur,biseshthapa936@meta.co
"kripesh kumar shrestha",rukum,kripeshshrestha353@hotmail.com
"pratik chandra sharma",ramnagar,pratiksharma163@meta.co
"golu kumar oli",jhapa,goluoli775@meta.co
"kalyan bahadur shrestha",panchtahr,kalyanshrestha20@hazesoft.co
"kalyan prasad deuba",parvat,kalyandeuba218@edu.np
"saisagun prakash chapagain",sallaghari,saisagunchapagain118@edu.np
"kobid shekhar dahal",ramnagar,kobiddahal88@mof.np
"ashim prasad lamichhane",basantapur,ashimlamichhane411@moe.np
"diresh kumar gywali",ramnagar,direshgywali765@hotmail.com
"alex kumar bhandari",lokanthali,alexbhandari523@edu.np
"bablu prasad lamichhane",bajura,bablulamichhane295@mof.np
"pintu bahadur thapa",kavre,pintuthapa880@hazesoft.co
"rabindra kumar chapagain",kaski,rabindrachapagain917@ioe.np
"ram shekhar neupane",banke,ramneupane118@hotmail.com
"pratik chandra chapagain",illam,pratikchapagain850@yahoo.com
"bisesh prasad deuba",bajang,biseshdeuba97@ioe.np
"diresh shekhar maharjan",sallaghari,direshmaharjan689@facebook.co
"bibek prasad thapa",bajang,bibekthapa116@edu.np
"prasanna kumar shrestha",syangha,prasannashrestha249@facebook.co
"pratik kumar dahal",kohalpur,pratikdahal224@facebook.co
"manish prasad shrestha",rukum,manishshrestha583@edu.np
"pintu chandra thapa",ramnagar,pintuthapa175@mof.np
"samaya kumar neupane",bardiya,samayaneupane505@facebook.co
"ashim bahadur sharma",sallaghari,ashimsharma469@yahoo.com
"ram prakash magar",syangha,rammagar481@gmail.com
"shishir prasad chapagain",lokanthali,shishirchapagain656@ioe.np
"bablu prasad sharma",jhapa,bablusharma48@mof.np
"bibek chandra oli",syangha,bibekoli419@gmail.com
"suraj chandra deuba",sallaghari,surajdeuba922@facebook.co
"dibesh kumar shrestha",morang,dibeshshrestha262@yahoo.com
"shishir prasad rai",bardiya,shishirrai404@mof.np
"bibek chandra oli",parvat,bibekoli887@gmail.com
"suraj bahadur lamichhane",lokanthali,surajlamichhane154@hazesoft.co
"sumin prakash shrestha",syangha,suminshrestha422@moe.np
"alex prasad lamichhane",bardiya,alexlamichhane140@mof.np
"diresh chandra rai",kavre,direshrai496@yahoo.com
"kalyan kumar deuba",parvat,kalyandeuba864@hotmail.com
"bibek bahadur magar",banke,bibekmagar796@tu.edu.np
"kalyan prakash gywali",sallaghari,kalyangywali621@meta.co
"samir bahadur magar",ramnagar,samirmagar33@hotmail.com
"bisesh bahadur thapa",dolpa,biseshthapa536@gmail.com
"saisagun chandra gywali",kavre,saisagungywali205@gmail.com
"ram chandra gywali",basantapur,ramgywali390@co.uk
"samaya prasad lamichhane",kavre,samayalamichhane406@meta.co
"ram bahadur chapagain",kaski,ramchapagain862@yahoo.com
"manish kumar lamichhane",ramnagar,manishlamichhane407@gmail.com
"sumin prakash neupane",banke,suminneupane816@mof.np
"shishir bahadur rana",syangha,shishirrana935@yahoo.com
"manish prasad neupane",kavre,manishneupane954@mit.us
"samir chandra shrestha",bardiya,samirshrestha527@facebook.co
"bibek prasad neupane",rukum,bibekneupane135@tu.edu.np
"ashim prasad deuba",kohalpur,ashimdeuba618@mit.us
"kripesh prakash neupane",kavre,kripeshneupane321@facebook.co
"samaya prasad deuba",lokanthali,samayadeuba348@edu.np
"sujal prasad deuba",kohalpur,sujaldeuba274@moe.np
"diresh prasad gywali",kavre,direshgywali759@tu.edu.np
"manish prasad gywali",ramnagar,manishgywali235@mof.np
"saisagun chandra bhandari",syangha,saisagunbhandari880@hotmail.com
"ram bahadur rai",rukum,ramrai635@mof.np
"bibek chandra thapa",syangha,bibekthapa240@hotmail.com
"suraj shekhar neupane",panchtahr,surajneupane47@facebook.co
"suraj prakash neupane",panchtahr,surajneupane914@hotmail.com
"ram shekhar chapagain",dolpa,ramchapagain64@tu.edu.np
"rishikesh kumar gywali",bajura,rishikeshgywali703@hotmail.com
"bibek bahadur gywali",kaski,bibekgywali218@hotmail.com
"shishir prasad rana",kaski,shishirrana543@mof.np
"prasanna shekhar dahal",parvat,prasannadahal233@co.uk
"suraj prasad gywali",parvat,surajgywali160@moe.np
"bablu prasad gywali",bajang,bablugywali969@mof.np
"prasanna shekhar rana",jhapa,prasannarana366@yahoo.com
"golu prakash chapagain",ramnagar,goluchapagain688@mof.np
"rishikesh prakash magar",parvat,rishikeshmagar541@facebook.co
"suraj prakash bhandari",lokanthali,surajbhandari438@hazesoft.co
"rishikesh shekhar lamichhane",sallaghari,rishikeshlamichhane306@hotmail.com
"suraj prasad rai",banke,surajrai247@yahoo.com
"bisesh prakash bhandari",bardiya,biseshbhandari450@mof.np
"saisagun kumar magar",kavre,saisagunmagar631@mof.np
"bablu kumar bhandari",sallaghari,bablubhandari182@meta.co
"samaya prakash sharma",morang,samayasharma714@tu.edu.np
"suraj kumar magar",banke,surajmagar908@yahoo.com
"bibek bahadur oli",banke,bibekoli311@meta.co
"ashim chandra chapagain",illam,ashimchapagain663@facebook.co
"pintu prasad maharjan",sallaghari,pintumaharjan537@edu.np
"saisagun shekhar chapagain",bajura,saisagunchapagain698@meta.co
"pintu shekhar maharjan",rukum,pintumaharjan740@hotmail.com
"pratik chandra magar",jhapa,pratikmagar39@mof.np
"pintu shekhar chapagain",kohalpur,pintuchapagain11@gmail.com
"shishir prakash deuba",panchtahr,shishirdeuba204@yahoo.com
"rabindra kumar bhandari",illam,rabindrabhandari518@facebook.co
"pratik prakash dahal",parvat,pratikdahal796@moe.np
"saisagun prakash bhandari",kavre,saisagunbhandari721@ioe.np
"aashish prakash rai",morang,aashishrai451@hazesoft.co
"sujal chandra thapa",bajura,sujalthapa888@yahoo.com
"saisagun prasad rai",kaski,saisagunrai431@co.uk
"kripesh prasad oli",bajura,kripesholi801@mit.us
"manish bahadur thapa",kavre,manishthapa25@tu.edu.np
"sumin kumar thapa",illam,suminthapa774@hotmail.com
"samir shekhar magar",bajang,samirmagar982@hazesoft.co
"sumin chandra dahal",panchtahr,sumindahal351@meta.co
"kalyan shekhar shrestha",kaski,kalyanshrestha496@edu.np
"rishikesh shekhar chapagain",kaski,rishikeshchapagain448@ioe.np
"pratik kumar rana",bardiya,pratikrana345@moe.np
"diresh chandra rana",basantapur,direshrana654@ioe.np
"saisagun bahadur sharma",jhapa,saisagunsharma486@edu.np
"kripesh prakash lamichhane",panchtahr,kripeshlamichhane983@yahoo.com
"kalyan shekhar dahal",ramnagar,kalyandahal375@yahoo.com
"diresh prakash gywali",banke,direshgywali693@mit.us
"bablu kumar maharjan",dolpa,bablumaharjan965@ioe.np
"sujal prakash sharma",lokanthali,sujalsharma652@facebook.co
"golu shekhar gywali",illam,golugywali518@ioe.np
"manish kumar thapa",rukum,manishthapa197@mof.np
"kalyan chandra neupane",bajura,kalyanneupane874@yahoo.com
"kobid bahadur maharjan",ramnagar,kobidmaharjan357@yahoo.com
"bibek shekhar sharma",sallaghari,bibeksharma900@facebook.co
"ashim prasad dahal",rukum,ashimdahal381@yahoo.com
"samir shekhar shrestha",parvat,samirshrestha793@tu.edu.np
"kripesh prasad rai",rukum,kripeshrai580@gmail.com
"manish bahadur magar",lokanthali,manishmagar517@edu.np
"manish kumar lamichhane",basantapur,manishlamichhane677@mof.np
"bibek shekhar neupane",lokanthali,bibekneupane517@mit.us
"sujal prasad rana",bardiya,sujalrana991@meta.co
"rishikesh kumar deuba",rukum,rishikeshdeuba823@facebook.co
"bablu prakash dahal",kaski,babludahal975@hazesoft.co
"saisagun bahadur rana",kavre,saisagunrana396@hazesoft.co
"manish bahadur lamichhane",parvat,manishlamichhane668@facebook.co
"kripesh prasad shrestha",banke,kripeshshrestha489@hazesoft.co
"pintu chandra bhandari",sallaghari,pintubhandari880@hazesoft.co
"nischal bahadur neupane",bajang,nischalneupane812@mof.np
"manish prasad oli",dolpa,manisholi76@ioe.np
"bablu kumar dahal",ramnagar,babludahal155@mit.us
"bisesh prakash deuba",illam,biseshdeuba359@yahoo.com
"golu shekhar neupane",kavre,goluneupane104@mit.us
"saisagun kumar chapagain",panchtahr,saisagunchapagain688@hazesoft.co
"diresh bahadur chapagain",morang,direshchapagain812@mof.np
"pratik bahadur shrestha",sallaghari,pratikshrestha69@meta.co
"sujal prakash deuba",kaski,sujaldeuba61@facebook.co
"prasanna chandra lamichhane",panchtahr,prasannalamichhane165@meta.co
"bisesh shekhar sharma",basantapur,biseshsharma275@hazesoft.co
"ram kumar chapagain",illam,ramchapagain835@co.uk
"ramesh bahadur sharma",rukum,rameshsharma998@meta.co
"alex shekhar rana",rukum,alexrana288@hazesoft.co
"rishikesh prakash neupane",panchtahr,rishikeshneupane93@hazesoft.co
"pratik kumar rana",kohalpur,pratikrana218@gmail.com
"kalyan kumar lamichhane",basantapur,kalyanlamichhane335@edu.np
"suraj chandra lamichhane",bardiya,surajlamichhane907@facebook.co
"ram kumar rana",bajang,ramrana400@co.uk
"shishir chandra dahal",bajang,shishirdahal448@mof.np
"bablu prasad sharma",rukum,bablusharma560@moe.np
"rishikesh prasad chapagain",lokanthali,rishikeshchapagain829@yahoo.com
"saisagun prakash chapagain",syangha,saisagunchapagain123@hotmail.com
"rishikesh bahadur dahal",banke,rishikeshdahal450@ioe.np
"rabindra chandra shrestha",morang,rabindrashrestha164@facebook.co
"nischal chandra deuba",basantapur,nischaldeuba818@gmail.com
"bablu shekhar oli",dolpa,babluoli90@edu.np
"rishikesh shekhar chapagain",ramnagar,rishikeshchapagain395@hotmail.com
"ram kumar magar",parvat,rammagar489@meta.co
"ram prakash lamichhane",parvat,ramlamichhane84@hazesoft.co
"sumin shekhar chapagain",sallaghari,suminchapagain509@moe.np
"sumin prakash oli",morang,suminoli797@mit.us
"samaya bahadur deuba",banke,samayadeuba592@hazesoft.co
"ramesh bahadur thapa",bajura,rameshthapa976@moe.np
"shishir shekhar lamichhane",dolpa,shishirlamichhane283@hazesoft.co
"suraj prasad neupane",syangha,surajneupane152@mof.np
"prasanna prakash deuba",jhapa,prasannadeuba116@tu.edu.np
"ramesh bahadur bhandari",panchtahr,rameshbhandari890@hazesoft.co
"samaya prakash thapa",jhapa,samayathapa159@meta.co
"nischal kumar maharjan",panchtahr,nischalmaharjan174@facebook.co
"rabindra shekhar dahal",jhapa,rabindradahal622@meta.co
"ramesh prakash lamichhane",dolpa,rameshlamichhane543@hazesoft.co
"aashish chandra rai",kohalpur,aashishrai718@hazesoft.co
"kalyan chandra lamichhane",panchtahr,kalyanlamichhane628@ioe.np
"dibesh chandra neupane",jhapa,dibeshneupane140@ioe.np
"diresh prasad bhandari",morang,direshbhandari874@meta.co
"rishikesh kumar rana",panchtahr,rishikeshrana496@hazesoft.co
"ashim bahadur sharma",banke,ashimsharma917@yahoo.com
"dibesh prasad rai",bardiya,dibeshrai288@yahoo.com
"samaya chandra lamichhane",ramnagar,samayalamichhane879@edu.np
"ram kumar maharjan",rukum,rammaharjan15@mof.np
"shishir bahadur oli",ramnagar,shishiroli806@gmail.com
"kobid bahadur neupane",parvat,kobidneupane334@tu.edu.np
"saisagun chandra rana",parvat,saisagunrana443@co.uk
"shishir prasad rana",dolpa,shishirrana252@moe.np
"sumin kumar rai",basantapur,suminrai961@moe.np
"saisagun prasad chapagain",morang,saisagunchapagain119@edu.np
"samaya chandra bhandari",lokanthali,samayabhandari266@meta.co
"bibek prakash deuba",bajang,bibekdeuba788@ioe.np
"dibesh prasad maharjan",dolpa,dibeshmaharjan610@ioe.np
"kripesh prasad gywali",bajang,kripeshgywali573@facebook.co
"ram chandra oli",parvat,ramoli501@co.uk
"sumin prasad magar",illam,suminmagar318@edu.np
"bisesh shekhar gywali",parvat,biseshgywali569@yahoo.com
"bablu chandra gywali",rukum,bablugywali75@ioe.np
"ramesh shekhar rana",lokanthali,rameshrana35@tu.edu.np
"bibek bahadur dahal",bajura,bibekdahal659@mof.np
"saisagun shekhar neupane",sallaghari,saisagunneupane106@moe.np
"nischal bahadur lamichhane",ramnagar,nischallamichhane676@mit.us
"bisesh prasad oli",panchtahr,bisesholi302@yahoo.com
"prasanna chandra lamichhane",dolpa,prasannalamichhane714@yahoo.com
"shishir shekhar rai",panchtahr,shishirrai444@ioe.np
"samir chandra bhandari",bardiya,samirbhandari351@mof.np
"nischal shekhar oli",illam,nischaloli258@co.uk
"suraj kumar lamichhane",basantapur,surajlamichhane436@edu.np
"ram shekhar maharjan",bajang,rammaharjan26@hotmail.com
"rishikesh shekhar gywali",syangha,rishikeshgywali12@hazesoft.co
"suraj chandra rana",sallaghari,surajrana629@co.uk
"dibesh kumar chapagain",jhapa,dibeshchapagain592@facebook.co
"nischal bahadur bhandari",rukum,nischalbhandari891@edu.np
"kripesh chandra deuba",jhapa,kripeshdeuba133@tu.edu.np
"manish prasad oli",dolpa,manisholi127@facebook.co
"pratik bahadur neupane",parvat,pratikneupane389@yahoo.com
"nischal shekhar maharjan",ramnagar,nischalmaharjan624@meta.co
"samir kumar oli",rukum,samiroli583@ioe.np
"diresh chandra dahal",ramnagar,direshdahal85@yahoo.com
"alex chandra sharma",basantapur,alexsharma234@meta.co
"ashim bahadur rana",jhapa,ashimrana842@edu.np
"shishir prasad chapagain",illam,shishirchapagain170@ioe.np
"nischal chandra rana",dolpa,nischalrana21@hotmail.com
"bablu prasad deuba",dolpa,babludeuba127@meta.co
"diresh prakash lamichhane",syangha,direshlamichhane325@co.uk
"rishikesh prasad chapagain",morang,rishikeshchapagain574@co.uk
"aashish prasad shrestha",lokanthali,aashishshrestha420@hazesoft.co
"suraj prakash maharjan",morang,surajmaharjan118@facebook.co
"bablu bahadur thapa",dolpa,babluthapa257@moe.np
"ashim kumar maharjan",basantapur,ashimmaharjan468@meta.co
"alex shekhar oli",panchtahr,alexoli817@hazesoft.co
"samaya shekhar rana",illam,samayarana902@mit.us
"saisagun bahadur shrestha",parvat,saisagunshrestha893@edu.np
"rishikesh prasad rana",bardiya,rishikeshrana34@gmail.com
"sujal prasad oli",parvat,sujaloli195@facebook.co
"rishikesh prakash neupane",syangha,rishikeshneupane576@gmail.com
"kobid shekhar rana",dolpa,kobidrana192@co.uk
"kobid prakash oli",syangha,kobidoli545@mof.np
"nischal shekhar lamichhane",lokanthali,nischallamichhane636@mof.np
"golu prakash bhandari",sallaghari,golubhandari442@yahoo.com
"rishikesh prakash rai",ramnagar,rishikeshrai881@edu.np
"prasanna prakash rai",jhapa,prasannarai459@meta.co
"sujal bahadur rana",jhapa,sujalrana797@yahoo.com
"saisagun bahadur chapagain",sallaghari,saisagunchapagain781@edu.np
"suraj chandra deuba",sallaghari,surajdeuba890@tu.edu.np
"bibek bahadur oli",morang,bibekoli429@hotmail.com
"pratik prakash thapa",rukum,pratikthapa806@gmail.com
"shishir prakash shrestha",kavre,shishirshrestha322@ioe.np
"bablu kumar sharma",bajang,bablusharma890@mof.np
"pratik kumar shrestha",panchtahr,pratikshrestha434@mof.np
"pintu kumar magar",kaski,pintumagar983@mit.us
"bisesh prakash bhandari",parvat,biseshbhandari812@hotmail.com
"ramesh chandra rana",dolpa,rameshrana177@hazesoft.co
"ramesh shekhar bhandari",bardiya,rameshbhandari668@meta.co
"pintu shekhar gywali",panchtahr,pintugywali180@meta.co
"pintu prasad bhandari",bardiya,pintubhandari175@co.uk
"alex prasad deuba",banke,alexdeuba309@yahoo.com
"bisesh chandra sharma",banke,biseshsharma464@mit.us
"aashish prasad oli",panchtahr,aashisholi129@hazesoft.co
"golu bahadur rana",morang,golurana797@hazesoft.co
"manish prasad maharjan",morang,manishmaharjan31@mof.np
"dibesh kumar dahal",illam,dibeshdahal682@mof.np
"kripesh kumar gywali",basantapur,kripeshgywali408@edu.np
"manish prasad deuba",kohalpur,manishdeuba143@meta.co
"aashish prasad sharma",bajang,aashishsharma7@co.uk
"ashim prasad oli",parvat,ashimoli665@co.uk
"ram prakash deuba",kavre,ramdeuba68@hotmail.com
"pintu kumar deuba",panchtahr,pintudeuba71@tu.edu.np
"ramesh prasad lamichhane",lokanthali,rameshlamichhane400@yahoo.com
"suraj kumar neupane",syangha,surajneupane879@edu.np
"sujal prakash sharma",parvat,sujalsharma79@hazesoft.co
"golu kumar gywali",banke,golugywali627@meta.co
"manish kumar rai",illam,manishrai286@hotmail.com
"bibek chandra rana",morang,bibekrana64@co.uk
"rishikesh bahadur sharma",bardiya,rishikeshsharma103@tu.edu.np
"samaya prasad magar",lokanthali,samayamagar462@ioe.np
"kalyan prasad rai",banke,kalyanrai409@facebook.co
"ashim prasad oli",rukum,ashimoli989@tu.edu.np
"samaya prakash dahal",banke,samayadahal606@mit.us
"kripesh prasad oli",dolpa,kripesholi185@mit.us
"kalyan chandra rana",morang,kalyanrana137@meta.co
"rabindra prakash maharjan",panchtahr,rabindramaharjan796@mit.us
"sumin shekhar rai",dolpa,suminrai682@co.uk
"rabindra prakash gywali",kaski,rabindragywali682@co.uk
"kalyan kumar magar",kaski,kalyanmagar912@meta.co
"ramesh shekhar maharjan",rukum,rameshmaharjan704@gmail.com
"aashish prasad lamichhane",dolpa,aashishlamichhane875@ioe.np
"pratik prakash maharjan",lokanthali,pratikmaharjan19@ioe.np
"pintu chandra deuba",ramnagar,pintudeuba181@yahoo.com
"bisesh kumar rai",bardiya,biseshrai457@gmail.com
"samir chandra lamichhane",morang,samirlamichhane381@moe.np
"sumin kumar rai",rukum,suminrai799@hotmail.com
"nischal chandra deuba",parvat,nischaldeuba823@mof.np
"ram bahadur sharma",panchtahr,ramsharma518@facebook.co
"ram prakash sharma",lokanthali,ramsharma740@gmail.com
"bibek chandra magar",morang,bibekmagar740@tu.edu.np
"manish chandra dahal",syangha,manishdahal242@tu.edu.np
"sujal chandra gywali",dolpa,sujalgywali490@gmail.com
"rabindra bahadur sharma",kaski,rabindrasharma749@edu.np
"bablu prasad dahal",sallaghari,babludahal401@ioe.np
"dibesh shekhar oli",ramnagar,dibesholi492@ioe.np
"bibek kumar sharma",lokanthali,bibeksharma871@gmail.com
"bablu prakash magar",parvat,bablumagar376@edu.np
"golu chandra bhandari",basantapur,golubhandari181@facebook.co
"samaya prakash oli",panchtahr,samayaoli694@facebook.co
"bibek prakash rai",jhapa,bibekrai205@mit.us
"pratik prakash bhandari",basantapur,pratikbhandari949@hazesoft.co
"dibesh prasad neupane",kavre,dibeshneupane626@tu.edu.np
"samir bahadur bhandari",bajura,samirbhandari857@mof.np
"kalyan bahadur maharjan",lokanthali,kalyanmaharjan752@mof.np
"sujal shekhar neupane",banke,sujalneupane249@co.uk
"shishir chandra bhandari",parvat,shishirbhandari844@yahoo.com
"ram kumar oli",kohalpur,ramoli137@moe.np
"bisesh prasad magar",jhapa,biseshmagar997@mit.us
"rabindra shekhar rai",parvat,rabindrarai895@meta.co
"bisesh shekhar shrestha",kavre,biseshshrestha384@moe.np
"kalyan kumar gywali",panchtahr,kalyangywali393@mit.us
"suraj prakash oli",kaski,surajoli950@mit.us
"ramesh bahadur thapa",bajang,rameshthapa837@hazesoft.co
"nischal prakash bhandari",banke,nischalbhandari905@ioe.np
"alex prasad deuba",ramnagar,alexdeuba691@mit.us
"bablu prasad chapagain",parvat,babluchapagain922@edu.np
"pratik prasad sharma",jhapa,pratiksharma470@yahoo.com
"prasanna prasad gywali",bajura,prasannagywali277@ioe.np
"bisesh chandra rana",sallaghari,biseshrana89@yahoo.com
"pintu bahadur oli",kavre,pintuoli322@mof.np
"shishir prakash thapa",kavre,shishirthapa694@hazesoft.co
"bibek chandra shrestha",morang,bibekshrestha443@yahoo.com
"sumin prasad rai",bajang,suminrai788@yahoo.com
"pratik chandra gywali",bajura,pratikgywali906@co.uk
"ram shekhar deuba",lokanthali,ramdeuba984@mof.np
"bablu shekhar thapa",panchtahr,babluthapa360@moe.np
"bisesh chandra magar",parvat,biseshmagar962@facebook.co
"golu bahadur lamichhane",sallaghari,golulamichhane260@tu.edu.np
"samir shekhar dahal",parvat,samirdahal73@hotmail.com
"ramesh chandra oli",panchtahr,ramesholi275@yahoo.com
"sujal chandra rana",dolpa,sujalrana424@yahoo.com
"saisagun prasad sharma",illam,saisagunsharma554@ioe.np
"samir shekhar sharma",basantapur,samirsharma14@edu.np
"rishikesh bahadur deuba",basantapur,rishikeshdeuba967@mof.np
"alex bahadur gywali",basantapur,alexgywali975@ioe.np
"samir shekhar magar",kohalpur,samirmagar204@meta.co
"samir bahadur shrestha",syangha,samirshrestha530@ioe.np
"prasanna prasad sharma",illam,prasannasharma581@mof.np
"prasanna kumar oli",syangha,prasannaoli456@edu.np
"suraj shekhar rana",illam,surajrana41@mof.np
"kripesh shekhar dahal",kavre,kripeshdahal85@hotmail.com
"bisesh bahadur gywali",morang,biseshgywali483@yahoo.com
"bibek bahadur oli",syangha,bibekoli52@hazesoft.co
"golu kumar deuba",bajura,goludeuba626@edu.np
"ram prakash chapagain",basantapur,ramchapagain528@ioe.np
"samir kumar bhandari",syangha,samirbhandari639@yahoo.com
"saisagun bahadur lamichhane",kavre,saisagunlamichhane614@hazesoft.co
"diresh shekhar deuba",basantapur,direshdeuba654@mof.np
"sujal kumar magar",bardiya,sujalmagar260@hazesoft.co
"samaya kumar thapa",sallaghari,samayathapa737@moe.np
"rabindra shekhar dahal",kaski,rabindradahal768@moe.np
"kripesh prasad gywali",rukum,kripeshgywali298@mit.us
"sujal prakash rana",syangha,sujalrana482@ioe.np
"sumin prakash dahal",bardiya,sumindahal112@hotmail.com
"aashish chandra deuba",kohalpur,aashishdeuba697@hazesoft.co
"sumin prasad deuba",panchtahr,sumindeuba347@hotmail.com
"manish kumar bhandari",rukum,manishbhandari612@ioe.np
"diresh prasad neupane",kohalpur,direshneupane153@hotmail.com
"samir chandra thapa",rukum,samirthapa263@gmail.com
"kalyan prasad deuba",illam,kalyandeuba509@mof.np
"kripesh prasad thapa",kavre,kripeshthapa267@ioe.np
"ashim chandra neupane",morang,ashimneupane522@yahoo.com
"diresh chandra shrestha",sallaghari,direshshrestha356@edu.np
"samir bahadur chapagain",bajura,samirchapagain22@co.uk
"kobid shekhar bhandari",syangha,kobidbhandari647@hotmail.com
"ram shekhar neupane",bardiya,ramneupane283@gmail.com
"alex bahadur thapa",ramnagar,alexthapa70@co.uk
"rabindra chandra chapagain",morang,rabindrachapagain161@moe.np
"samir chandra rana",kohalpur,samirrana650@co.uk
"alex shekhar sharma",bajang,alexsharma972@edu.np
"prasanna prakash shrestha",banke,prasannashrestha77@tu.edu.np
"suraj prasad rai",kaski,surajrai767@edu.np
"kobid shekhar magar",bajura,kobidmagar778@yahoo.com
"kripesh chandra rana",bajang,kripeshrana336@tu.edu.np
"alex prasad rana",jhapa,alexrana282@edu.np
"sumin prakash maharjan",parvat,suminmaharjan503@gmail.com
"dibesh kumar chapagain",bardiya,dibeshchapagain533@co.uk
"ram chandra lamichhane",dolpa,ramlamichhane299@ioe.np
"sumin prakash magar",dolpa,suminmagar374@gmail.com
"dibesh shekhar magar",syangha,dibeshmagar107@edu.np
"shishir bahadur bhandari",panchtahr,shishirbhandari873@tu.edu.np
"sujal bahadur magar",panchtahr,sujalmagar66@ioe.np
"dibesh prakash deuba",parvat,dibeshdeuba822@mit.us
"sujal prasad rai",jhapa,sujalrai214@ioe.np
"shishir chandra magar",bajura,shishirmagar873@moe.np
"bibek bahadur deuba",bajang,bibekdeuba156@gmail.com
"manish shekhar dahal",bajura,manishdahal564@hazesoft.co
"prasanna chandra deuba",kavre,prasannadeuba763@ioe.np
"saisagun shekhar rai",bajura,saisagunrai236@mit.us
"shishir kumar rana",basantapur,shishirrana280@mof.np
"sujal kumar thapa",ramnagar,sujalthapa213@ioe.np
"rabindra bahadur dahal",sallaghari,rabindradahal228@ioe.np
"suraj kumar magar",bajura,surajmagar780@co.uk
"ashim kumar dahal",jhapa,ashimdahal992@hazesoft.co
"bibek shekhar lamichhane",kaski,bibeklamichhane234@edu.np
"alex prasad magar",panchtahr,alexmagar580@gmail.com
"kripesh prakash shrestha",basantapur,kripeshshrestha845@mof.np
"nischal prakash chapagain",kavre,nischalchapagain990@ioe.np
"dibesh bahadur lamichhane",kohalpur,dibeshlamichhane995@meta.co
"shishir shekhar dahal",bajang,shishirdahal597@ioe.np
"kripesh shekhar rana",bajura,kripeshrana602@yahoo.com
"aashish bahadur dahal",sallaghari,aashishdahal812@edu.np
"ashim prasad rana",jhapa,ashimrana171@edu.np
"pintu shekhar dahal",lokanthali,pintudahal309@mit.us
"kalyan shekhar lamichhane",jhapa,kalyanlamichhane402@hotmail.com
"rabindra chandra shrestha",rukum,rabindrashrestha799@mof.np
"ramesh shekhar chapagain",panchtahr,rameshchapagain359@tu.edu.np
"alex prakash rana",basantapur,alexrana373@hotmail.com
"ramesh prasad dahal",rukum,rameshdahal304@mit.us
"golu chandra chapagain",sallaghari,goluchapagain100@tu.edu.np
"aashish bahadur bhandari",sallaghari,aashishbhandari488@tu.edu.np
"diresh kumar lamichhane",bajura,direshlamichhane144@moe.np
"alex chandra chapagain",sallaghari,alexchapagain481@hazesoft.co
"bisesh chandra lamichhane",panchtahr,biseshlamichhane382@gmail.com
"alex prakash gywali",kavre,alexgywali974@co.uk
"prasanna bahadur magar",kavre,prasannamagar714@hazesoft.co
"diresh chandra oli",bardiya,diresholi278@tu.edu.np
"alex prasad deuba",bardiya,alexdeuba688@hazesoft.co
"sujal bahadur sharma",bajura,sujalsharma210@facebook.co
"diresh prasad rai",kaski,direshrai106@edu.np
"shishir kumar shrestha",banke,shishirshrestha576@yahoo.com
"pintu prakash rana",basantapur,pinturana765@ioe.np
"ramesh shekhar bhandari",kavre,rameshbhandari64@meta.co
"nischal bahadur neupane",jhapa,nischalneupane225@co.uk
"sumin bahadur maharjan",jhapa,suminmaharjan543@meta.co
"ramesh shekhar gywali",bajura,rameshgywali88@tu.edu.np
"nischal prasad oli",banke,nischaloli431@co.uk
"sumin chandra lamichhane",kohalpur,suminlamichhane343@mof.np
"aashish kumar dahal",banke,aashishdahal950@mof.np
"pintu shekhar shrestha",kaski,pintushrestha40@meta.co
"pintu chandra maharjan",jhapa,pintumaharjan25@facebook.co
"nischal bahadur rai",rukum,nischalrai335@co.uk
"pintu kumar rai",syangha,pinturai658@edu.np
"sumin prakash thapa",rukum,suminthapa722@gmail.com
"aashish kumar lamichhane",sallaghari,aashishlamichhane817@tu.edu.np
"sujal bahadur shrestha",banke,sujalshrestha827@facebook.co
"samaya chandra thapa",morang,samayathapa471@meta.co
"manish prakash chapagain",syangha,manishchapagain7@tu.edu.np
"manish prasad rana",bardiya,manishrana842@meta.co
"samaya prakash neupane",panchtahr,samayaneupane264@moe.np
"kobid bahadur oli",parvat,kobidoli305@facebook.co
"kripesh prakash shrestha",bardiya,kripeshshrestha978@mof.np
"pintu prasad magar",jhapa,pintumagar37@hazesoft.co
"pratik kumar deuba",kavre,pratikdeuba229@mof.np
"shishir prakash gywali",sallaghari,shishirgywali796@ioe.np
"kalyan prakash bhandari",kohalpur,kalyanbhandari220@yahoo.com
"samir chandra chapagain",rukum,samirchapagain743@hotmail.com
"ramesh prasad lamichhane",basantapur,rameshlamichhane112@co.uk
"kalyan shekhar oli",basantapur,kalyanoli643@mit.us
"rishikesh bahadur oli",bardiya,rishikesholi474@ioe.np
"kobid shekhar neupane",sallaghari,kobidneupane839@yahoo.com
"alex bahadur rana",kohalpur,alexrana608@mof.np
"sujal shekhar thapa",dolpa,sujalthapa913@hotmail.com
"kobid kumar thapa",kavre,kobidthapa14@co.uk
"suraj prakash oli",parvat,surajoli88@moe.np
"sujal prasad rana",dolpa,sujalrana48@hazesoft.co
"manish bahadur dahal",sallaghari,manishdahal409@hazesoft.co
"manish prakash rana",rukum,manishrana432@edu.np
"shishir prakash oli",bajura,shishiroli600@hazesoft.co
"ramesh prakash thapa",morang,rameshthapa951@mit.us
"kripesh bahadur deuba",syangha,kripeshdeuba945@mof.np
"kripesh shekhar oli",jhapa,kripesholi599@mit.us
"pintu prakash oli",lokanthali,pintuoli235@edu.np
"dibesh chandra rai",kavre,dibeshrai19@tu.edu.np
"pratik bahadur bhandari",jhapa,pratikbhandari807@hotmail.com
"pintu prasad chapagain",bajang,pintuchapagain63@facebook.co
"bisesh bahadur magar",dolpa,biseshmagar161@yahoo.com
"suraj prasad thapa",syangha,surajthapa524@edu.np
"pratik bahadur rai",parvat,pratikrai907@co.uk
"suraj bahadur magar",bajura,surajmagar391@edu.np
"pratik shekhar magar",ramnagar,pratikmagar464@mit.us
"pratik prakash maharjan",kavre,pratikmaharjan17@facebook.co
"nischal chandra sharma",ramnagar,nischalsharma189@hazesoft.co
"pintu kumar dahal",lokanthali,pintudahal912@yahoo.com
"kobid prakash bhandari",kavre,kobidbhandari420@mof.np
"rishikesh prakash deuba",parvat,rishikeshdeuba124@yahoo.com
"alex kumar maharjan",bardiya,alexmaharjan205@yahoo.com
"manish shekhar thapa",syangha,manishthapa889@co.uk
"kobid shekhar sharma",basantapur,kobidsharma492@moe.np
"suraj shekhar gywali",jhapa,surajgywali243@gmail.com
"aashish chandra deuba",syangha,aashishdeuba462@gmail.com
"alex chandra shrestha",morang,alexshrestha388@facebook.co
"alex kumar rana",bajura,alexrana145@co.uk
"rabindra kumar dahal",bajang,rabindradahal647@hazesoft.co
"alex chandra gywali",parvat,alexgywali193@mit.us
"aashish prasad bhandari",sallaghari,aashishbhandari243@hotmail.com
"kripesh bahadur deuba",ramnagar,kripeshdeuba349@tu.edu.np
"alex shekhar rai",jhapa,alexrai35@edu.np
"diresh chandra rai",illam,direshrai10@edu.np
"kalyan prakash thapa",jhapa,kalyanthapa57@tu.edu.np
"aashish kumar magar",kavre,aashishmagar98@edu.np
"diresh kumar maharjan",dolpa,direshmaharjan930@meta.co
"ram chandra gywali",basantapur,ramgywali905@meta.co
"samaya chandra magar",illam,samayamagar316@moe.np
"prasanna prakash lamichhane",banke,prasannalamichhane232@mof.np
"manish kumar maharjan",sallaghari,manishmaharjan286@edu.np
"kripesh prakash maharjan",lokanthali,kripeshmaharjan282@gmail.com
"bisesh bahadur lamichhane",parvat,biseshlamichhane696@facebook.co
"pintu kumar rana",morang,pinturana208@facebook.co
"aashish shekhar lamichhane",syangha,aashishlamichhane268@yahoo.com
"dibesh prakash shrestha",illam,dibeshshrestha87@tu.edu.np
"kripesh bahadur neupane",bardiya,kripeshneupane282@moe.np
"sumin bahadur dahal",parvat,sumindahal626@hotmail.com
"bibek bahadur sharma",kaski,bibeksharma102@hazesoft.co
"pratik chandra sharma",bardiya,pratiksharma338@moe.np
"sujal prasad deuba",sallaghari,sujaldeuba793@tu.edu.np
"dibesh bahadur gywali",bardiya,dibeshgywali882@meta.co
"kobid bahadur sharma",syangha,kobidsharma870@edu.np
"rishikesh prasad lamichhane",dolpa,rishikeshlamichhane15@tu.edu.np
"nischal prakash chapagain",bardiya,nischalchapagain580@gmail.com
"nischal bahadur shrestha",illam,nischalshrestha399@meta.co
"bisesh shekhar rana",illam,biseshrana37@tu.edu.np
"kripesh shekhar rai",parvat,kripeshrai910@hotmail.com
"suraj kumar neupane",kohalpur,surajneupane820@moe.np
"rabindra bahadur dahal",parvat,rabindradahal852@edu.np
"nischal kumar lamichhane",basantapur,nischallamichhane482@edu.np
"samaya prasad rai",ramnagar,samayarai208@hazesoft.co
"saisagun chandra oli",morang,saisagunoli797@facebook.co
"rabindra prasad lamichhane",kavre,rabindralamichhane227@moe.np
"kobid bahadur sharma",ramnagar,kobidsharma902@hotmail.com
"shishir bahadur dahal",bajang,shishirdahal259@moe.np
"kobid bahadur lamichhane",morang,kobidlamichhane127@mof.np
"samaya prasad rai",lokanthali,samayarai582@mit.us
"kalyan chandra shrestha",illam,kalyanshrestha548@meta.co
"bisesh shekhar dahal",bardiya,biseshdahal835@moe.np
"pratik prasad dahal",kaski,pratikdahal960@meta.co
"saisagun chandra oli",ramnagar,saisagunoli272@meta.co
"kobid kumar magar",rukum,kobidmagar685@edu.np
"bablu prasad shrestha",bajura,bablushrestha135@mof.np
"pintu shekhar maharjan",bardiya,pintumaharjan293@tu.edu.np
"alex chandra magar",kohalpur,alexmagar281@gmail.com
"rabindra shekhar neupane",dolpa,rabindraneupane789@facebook.co
"saisagun bahadur rai",panchtahr,saisagunrai355@edu.np
"samaya bahadur oli",panchtahr,samayaoli278@hazesoft.co
"manish bahadur sharma",panchtahr,manishsharma881@edu.np
"prasanna bahadur sharma",morang,prasannasharma287@meta.co
"golu prakash rana",basantapur,golurana351@co.uk
"dibesh shekhar magar",kavre,dibeshmagar789@hazesoft.co
"ram kumar rana",rukum,ramrana635@co.uk
"diresh bahadur sharma",kaski,direshsharma139@meta.co
"kobid chandra shrestha",lokanthali,kobidshrestha175@gmail.com
"diresh shekhar dahal",bajura,direshdahal166@tu.edu.np
"samir prakash chapagain",ramnagar,samirchapagain482@meta.co
"nischal bahadur chapagain",kavre,nischalchapagain814@ioe.np
"saisagun shekhar sharma",kavre,saisagunsharma377@mof.np
"pratik prakash shrestha",illam,pratikshrestha550@hazesoft.co
"suraj prakash deuba",rukum,surajdeuba764@facebook.co
"kripesh chandra sharma",kohalpur,kripeshsharma474@gmail.com
"alex shekhar rai",syangha,alexrai421@hazesoft.co
"bablu bahadur lamichhane",kavre,bablulamichhane91@moe.np
"bisesh prasad lamichhane",banke,biseshlamichhane79@co.uk
"nischal prasad chapagain",bajang,nischalchapagain202@moe.np
"kobid shekhar magar",kohalpur,kobidmagar307@mof.np
"sumin prasad rai",lokanthali,suminrai368@ioe.np
"dibesh prakash sharma",morang,dibeshsharma749@meta.co
"diresh chandra sharma",kohalpur,direshsharma704@meta.co
"suraj kumar chapagain",kaski,surajchapagain666@tu.edu.np
"saisagun prakash shrestha",banke,saisagunshrestha891@yahoo.com
"bablu chandra chapagain",panchtahr,babluchapagain269@moe.np
"shishir kumar bhandari",ramnagar,shishirbhandari607@tu.edu.np
"kalyan prakash deuba",morang,kalyandeuba926@hazesoft.co
"diresh shekhar rai",morang,direshrai125@yahoo.com
"alex prakash sharma",dolpa,alexsharma854@co.uk
"kalyan bahadur bhandari",illam,kalyanbhandari828@hotmail.com
"bisesh chandra gywali",sallaghari,biseshgywali672@mof.np
"pintu shekhar bhandari",parvat,pintubhandari433@facebook.co
"sumin chandra magar",basantapur,suminmagar286@hazesoft.co
"ashim prasad lamichhane",ramnagar,ashimlamichhane174@hazesoft.co
"manish prakash chapagain",kavre,manishchapagain794@yahoo.com
"diresh kumar lamichhane",lokanthali,direshlamichhane175@edu.np
"aashish prasad chapagain",bajang,aashishchapagain144@co.uk
"suraj prakash rai",basantapur,surajrai300@tu.edu.np
"bisesh prakash shrestha",illam,biseshshrestha134@mof.np
"suraj shekhar lamichhane",parvat,surajlamichhane377@mit.us
"prasanna prakash sharma",morang,prasannasharma189@hotmail.com
"diresh prasad rana",rukum,direshrana37@meta.co
"pratik prakash rana",kohalpur,pratikrana693@facebook.co
"kalyan bahadur rai",dolpa,kalyanrai542@mit.us
"alex prakash sharma",kaski,alexsharma534@hotmail.com
"saisagun kumar oli",syangha,saisagunoli827@tu.edu.np
"shishir shekhar rai",lokanthali,shishirrai527@yahoo.com
"ashim chandra magar",panchtahr,ashimmagar74@tu.edu.np
"kalyan chandra bhandari",bajang,kalyanbhandari505@mit.us
"kalyan bahadur thapa",bajang,kalyanthapa590@edu.np
"saisagun kumar deuba",morang,saisagundeuba344@edu.np
"manish chandra sharma",lokanthali,manishsharma193@gmail.com
"sujal kumar bhandari",kavre,sujalbhandari119@meta.co
"shishir prasad sharma",syangha,shishirsharma274@edu.np
"rishikesh shekhar magar",jhapa,rishikeshmagar43@moe.np
"dibesh prakash thapa",ramnagar,dibeshthapa19@co.uk
"alex prasad rana",kaski,alexrana88@mof.np
"ram shekhar deuba",bardiya,ramdeuba385@edu.np
"pratik prasad bhandari",bajura,pratikbhandari847@hazesoft.co
"suraj bahadur lamichhane",sallaghari,surajlamichhane56@hazesoft.co
"diresh prasad dahal",kavre,direshdahal466@mit.us
"golu prasad neupane",jhapa,goluneupane705@mit.us
"prasanna bahadur chapagain",lokanthali,prasannachapagain1@mof.np
"kobid prasad thapa",kavre,kobidthapa437@gmail.com
"bisesh chandra bhandari",syangha,biseshbhandari375@co.uk
"rishikesh chandra deuba",jhapa,rishikeshdeuba672@moe.np
"kalyan chandra thapa",panchtahr,kalyanthapa780@mof.np
"pratik chandra rana",kavre,pratikrana201@gmail.com
"rabindra prakash sharma",basantapur,rabindrasharma239@facebook.co
"prasanna shekhar maharjan",jhapa,prasannamaharjan960@co.uk
"manish prakash thapa",dolpa,manishthapa857@mof.np
"nischal chandra bhandari",ramnagar,nischalbhandari73@tu.edu.np
"bablu kumar sharma",basantapur,bablusharma433@hotmail.com
"ashim kumar gywali",parvat,ashimgywali943@meta.co
"sumin kumar magar",morang,suminmagar244@hazesoft.co
"sumin chandra chapagain",illam,suminchapagain711@moe.np
"bisesh prasad sharma",bardiya,biseshsharma584@ioe.np
"rabindra chandra oli",lokanthali,rabindraoli864@mit.us
"manish prasad oli",bajura,manisholi101@hotmail.com
"sumin shekhar lamichhane",kavre,suminlamichhane691@gmail.com
"saisagun bahadur oli",basantapur,saisagunoli154@co.uk
"saisagun prakash shrestha",parvat,saisagunshrestha53@gmail.com
"nischal bahadur gywali",kaski,nischalgywali80@moe.np
"pintu prakash gywali",dolpa,pintugywali33@yahoo.com
"golu chandra rana",kaski,golurana706@ioe.np
"kalyan kumar chapagain",bajang,kalyanchapagain433@facebook.co
"dibesh chandra rana",sallaghari,dibeshrana70@edu.np
"ashim chandra sharma",ramnagar,ashimsharma439@meta.co
"rishikesh shekhar magar",panchtahr,rishikeshmagar961@edu.np
"kobid kumar maharjan",rukum,kobidmaharjan737@mof.np
"saisagun prasad neupane",sallaghari,saisagunneupane41@ioe.np
"pintu prasad maharjan",kaski,pintumaharjan845@ioe.np
"bibek prasad rana",ramnagar,bibekrana154@mof.np
"pratik kumar rana",bajang,pratikrana798@tu.edu.np
"bablu bahadur deuba",rukum,babludeuba345@mof.np
"bablu shekhar maharjan",parvat,bablumaharjan657@meta.co
"kripesh kumar rana",basantapur,kripeshrana5@facebook.co
"golu shekhar rai",lokanthali,golurai372@facebook.co
"bablu bahadur gywali",kavre,bablugywali518@meta.co
"nischal prakash rai",ramnagar,nischalrai266@yahoo.com
"bablu kumar lamichhane",kohalpur,bablulamichhane467@hotmail.com
"manish chandra bhandari",banke,manishbhandari592@facebook.co
"ashim shekhar sharma",banke,ashimsharma675@co.uk
"rishikesh prakash thapa",illam,rishikeshthapa144@yahoo.com
"sumin kumar neupane",basantapur,suminneupane917@co.uk
"samaya shekhar gywali",kavre,samayagywali396@moe.np
"pintu shekhar gywali",dolpa,pintugywali661@hotmail.com
"diresh bahadur bhandari",morang,direshbhandari381@edu.np
"saisagun chandra neupane",bajang,saisagunneupane482@co.uk
"rishikesh prasad shrestha",banke,rishikeshshrestha935@co.uk
"kalyan prasad maharjan",banke,kalyanmaharjan76@hazesoft.co
"diresh shekhar dahal",basantapur,direshdahal678@mit.us
"kobid bahadur oli",kohalpur,kobidoli86@mit.us
"pintu shekhar rana",jhapa,pinturana120@ioe.np
"bibek prakash thapa",illam,bibekthapa116@mit.us
"ashim prasad oli",sallaghari,ashimoli514@mit.us
"shishir chandra lamichhane",bajang,shishirlamichhane734@facebook.co
"kalyan prasad maharjan",dolpa,kalyanmaharjan317@ioe.np
"ashim bahadur oli",lokanthali,ashimoli29@mit.us
"ramesh bahadur thapa",illam,rameshthapa122@mit.us
"rishikesh bahadur lamichhane",kohalpur,rishikeshlamichhane719@mof.np
"diresh prasad oli",kohalpur,diresholi731@facebook.co
"saisagun prasad rai",kavre,saisagunrai363@moe.np
"ramesh prasad lamichhane",syangha,rameshlamichhane202@hotmail.com
"saisagun bahadur thapa",kaski,saisagunthapa83@mit.us
"golu chandra lamichhane",kaski,golulamichhane393@tu.edu.np
"ashim prakash thapa",kaski,ashimthapa537@gmail.com
"aashish shekhar chapagain",bardiya,aashishchapagain100@ioe.np
"rabindra prasad oli",illam,rabindraoli344@moe.np
"bisesh chandra oli",sallaghari,bisesholi340@gmail.com
"golu prakash thapa",kaski,goluthapa111@gmail.com
"sujal chandra shrestha",ramnagar,sujalshrestha38@ioe.np
"prasanna chandra deuba",bardiya,prasannadeuba289@yahoo.com
"kobid shekhar maharjan",panchtahr,kobidmaharjan21@moe.np
"kobid kumar shrestha",panchtahr,kobidshrestha912@ioe.np
"ashim shekhar rana",panchtahr,ashimrana583@edu.np
"saisagun kumar sharma",kavre,saisagunsharma187@meta.co
"aashish chandra neupane",morang,aashishneupane884@gmail.com
"nischal shekhar dahal",morang,nischaldahal327@co.uk
"samir shekhar lamichhane",lokanthali,samirlamichhane937@co.uk
"ramesh prasad bhandari",panchtahr,rameshbhandari25@gmail.com
"rishikesh kumar deuba",banke,rishikeshdeuba254@tu.edu.np
"samir kumar dahal",bajura,samirdahal391@facebook.co
"bibek prakash gywali",lokanthali,bibekgywali468@mof.np
"kobid shekhar dahal",illam,kobiddahal553@moe.np
"suraj bahadur gywali",banke,surajgywali260@ioe.np
"samir prasad gywali",panchtahr,samirgywali751@co.uk
"nischal chandra shrestha",bajura,nischalshrestha143@meta.co
"bisesh prakash bhandari",basantapur,biseshbhandari979@hotmail.com
"bibek bahadur neupane",rukum,bibekneupane609@meta.co
"kalyan shekhar lamichhane",lokanthali,kalyanlamichhane786@edu.np
"ramesh chandra rai",bajura,rameshrai911@hazesoft.co
"shishir prakash magar",illam,shishirmagar715@mof.np
"rishikesh kumar bhandari",banke,rishikeshbhandari871@moe.np
"samaya shekhar lamichhane",bajang,samayalamichhane409@tu.edu.np
"samir shekhar rai",ramnagar,samirrai288@meta.co
"sujal bahadur magar",rukum,sujalmagar904@hazesoft.co
"ashim prasad shrestha",morang,ashimshrestha27@ioe.np
"pratik kumar sharma",dolpa,pratiksharma382@co.uk
"sujal prasad magar",ramnagar,sujalmagar618@moe.np
"nischal prasad neupane",sallaghari,nischalneupane624@yahoo.com
"dibesh prakash magar",bajang,dibeshmagar841@ioe.np
"samir prakash deuba",sallaghari,samirdeuba913@hotmail.com
"manish prasad lamichhane",kohalpur,manishlamichhane64@mit.us
"nischal prakash gywali",kaski,nischalgywali987@edu.np
"dibesh prakash chapagain",dolpa,dibeshchapagain163@yahoo.com
"shishir chandra oli",parvat,shishiroli615@mof.np
"kalyan prakash thapa",ramnagar,kalyanthapa681@facebook.co
"pintu bahadur dahal",illam,pintudahal539@ioe.np
"golu prasad maharjan",rukum,golumaharjan94@yahoo.com
"bablu prakash neupane",bardiya,babluneupane827@gmail.com
"saisagun bahadur rai",illam,saisagunrai669@meta.co
"samir prasad sharma",bajura,samirsharma134@meta.co
"alex prakash oli",bajura,alexoli474@ioe.np
"suraj bahadur shrestha",sallaghari,surajshrestha867@facebook.co
"alex kumar deuba",jhapa,alexdeuba488@mit.us
"bablu chandra rai",rukum,bablurai962@mit.us
"nischal chandra gywali",kaski,nischalgywali892@gmail.com
"kobid shekhar dahal",rukum,kobiddahal708@mof.np
"kalyan kumar rana",jhapa,kalyanrana982@mof.np
"dibesh prasad gywali",dolpa,dibeshgywali493@co.uk
"sumin chandra rai",syangha,suminrai668@meta.co
"golu prasad dahal",parvat,goludahal293@meta.co
"pintu prasad rana",basantapur,pinturana24@gmail.com
"saisagun bahadur shrestha",bajang,saisagunshrestha273@hotmail.com
"golu bahadur thapa",morang,goluthapa616@yahoo.com
"kobid shekhar shrestha",kavre,kobidshrestha596@ioe.np
"bibek bahadur lamichhane",syangha,bibeklamichhane768@hotmail.com
"alex bahadur rai",ramnagar,alexrai126@hazesoft.co
"bablu prakash deuba",illam,babludeuba359@moe.np
"sumin prasad rana",parvat,suminrana666@mit.us
"manish chandra oli",banke,manisholi470@mit.us
"sujal chandra dahal",jhapa,sujaldahal268@hazesoft.co
"sujal kumar rana",parvat,sujalrana519@hazesoft.co
"samaya shekhar dahal",illam,samayadahal635@facebook.co
"samir prakash rai",kavre,samirrai895@yahoo.com
"samir bahadur oli",lokanthali,samiroli462@meta.co
"prasanna prasad oli",rukum,prasannaoli984@yahoo.com
"suraj kumar rai",banke,surajrai985@ioe.np
"shishir prasad neupane",lokanthali,shishirneupane822@ioe.np
"dibesh prasad neupane",sallaghari,dibeshneupane230@edu.np
"pintu prakash magar",sallaghari,pintumagar353@co.uk
"nischal shekhar sharma",ramnagar,nischalsharma604@gmail.com
"diresh prakash lamichhane",bajang,direshlamichhane199@facebook.co
"kobid prasad bhandari",kavre,kobidbhandari88@mof.np
"ashim prakash rana",kavre,ashimrana258@moe.np
"kripesh kumar lamichhane",kohalpur,kripeshlamichhane248@hotmail.com
"nischal kumar bhandari",jhapa,nischalbhandari670@edu.np
"nischal shekhar maharjan",banke,nischalmaharjan212@mit.us
"sujal prasad maharjan",rukum,sujalmaharjan992@co.uk
"shishir prakash magar",dolpa,shishirmagar227@hazesoft.co
"ram prasad rana",sallaghari,ramrana564@mit.us
"bisesh bahadur oli",rukum,bisesholi913@ioe.np
"saisagun kumar maharjan",bajura,saisagunmaharjan89@tu.edu.np
"samaya shekhar neupane",lokanthali,samayaneupane549@edu.np
"shishir bahadur bhandari",jhapa,shishirbhandari713@mof.np
"aashish chandra thapa",rukum,aashishthapa979@co.uk
"pintu prakash rai",kaski,pinturai407@ioe.np
"aashish prakash sharma",syangha,aashishsharma324@meta.co
"rabindra chandra oli",kohalpur,rabindraoli302@tu.edu.np
"ramesh prasad gywali",banke,rameshgywali616@edu.np
"dibesh prakash maharjan",kaski,dibeshmaharjan19@meta.co
"samaya shekhar shrestha",bardiya,samayashrestha787@edu.np
"suraj prasad sharma",kavre,surajsharma809@edu.np
"ram chandra rai",parvat,ramrai65@hazesoft.co
"suraj prakash rai",bajang,surajrai329@edu.np
"bibek shekhar maharjan",kohalpur,bibekmaharjan42@edu.np
"suraj chandra bhandari",jhapa,surajbhandari623@tu.edu.np
"sumin chandra maharjan",kaski,suminmaharjan190@gmail.com
"sujal prakash shrestha",parvat,sujalshrestha707@hotmail.com
"dibesh prakash shrestha",jhapa,dibeshshrestha587@yahoo.com
"dibesh prakash oli",morang,dibesholi115@edu.np
"pratik prasad thapa",syangha,pratikthapa683@moe.np
"alex bahadur neupane",morang,alexneupane723@hotmail.com
"sumin bahadur thapa",kaski,suminthapa241@tu.edu.np
"bablu shekhar shrestha",sallaghari,bablushrestha678@mit.us
"alex prasad neupane",illam,alexneupane9@yahoo.com
"saisagun chandra thapa",kaski,saisagunthapa60@mit.us
"saisagun kumar rai",parvat,saisagunrai40@edu.np
"kripesh prakash maharjan",rukum,kripeshmaharjan919@hazesoft.co
"rishikesh shekhar rai",kavre,rishikeshrai130@ioe.np
"suraj kumar gywali",kaski,surajgywali651@tu.edu.np
"prasanna prakash sharma",lokanthali,prasannasharma545@yahoo.com
"sumin prakash oli",lokanthali,suminoli864@mit.us
"bisesh prakash deuba",bajang,biseshdeuba729@hazesoft.co
"samaya chandra rana",bardiya,samayarana624@gmail.com
"dibesh kumar rana",bardiya,dibeshrana272@edu.np
"ashim chandra gywali",jhapa,ashimgywali564@edu.np
"rishikesh chandra chapagain",basantapur,rishikeshchapagain597@hazesoft.co
"suraj shekhar bhandari",illam,surajbhandari613@gmail.com
"aashish prasad shrestha",basantapur,aashishshrestha949@mof.np
"suraj prasad bhandari",syangha,surajbhandari15@yahoo.com
"bablu kumar deuba",jhapa,babludeuba802@yahoo.com
"rishikesh chandra shrestha",kohalpur,rishikeshshrestha620@edu.np
"dibesh chandra gywali",morang,dibeshgywali382@hazesoft.co
"suraj prakash dahal",syangha,surajdahal179@co.uk
"sumin bahadur sharma",panchtahr,suminsharma112@hotmail.com
"bibek bahadur chapagain",rukum,bibekchapagain258@tu.edu.np
"ashim chandra magar",kohalpur,ashimmagar97@ioe.np
"ramesh shekhar thapa",kohalpur,rameshthapa15@mit.us
"sujal bahadur dahal",bardiya,sujaldahal822@moe.np
"bibek shekhar rana",kavre,bibekrana469@moe.np
"rishikesh bahadur thapa",dolpa,rishikeshthapa663@co.uk
"sumin shekhar gywali",parvat,sumingywali350@facebook.co
"alex prakash magar",banke,alexmagar917@tu.edu.np
"samir bahadur neupane",morang,samirneupane334@ioe.np
"ramesh kumar gywali",basantapur,rameshgywali130@yahoo.com
"saisagun prakash dahal",sallaghari,saisagundahal150@moe.np
"pratik prasad gywali",jhapa,pratikgywali436@yahoo.com
"nischal shekhar shrestha",kohalpur,nischalshrestha538@meta.co
"kripesh chandra thapa",illam,kripeshthapa495@hazesoft.co
"ramesh prakash rai",parvat,rameshrai28@yahoo.com
"dibesh bahadur shrestha",bajura,dibeshshrestha779@gmail.com
"dibesh kumar gywali",dolpa,dibeshgywali102@meta.co
"pintu prasad gywali",bajura,pintugywali398@yahoo.com
"prasanna bahadur bhandari",banke,prasannabhandari603@yahoo.com
"diresh prasad neupane",illam,direshneupane356@co.uk
"samir chandra maharjan",bajura,samirmaharjan477@moe.np
"kripesh chandra lamichhane",illam,kripeshlamichhane856@hazesoft.co
"rishikesh kumar sharma",panchtahr,rishikeshsharma269@mit.us
"prasanna prakash shrestha",sallaghari,prasannashrestha236@meta.co
"samaya chandra maharjan",jhapa,samayamaharjan698@hotmail.com
"ramesh prasad rai",banke,rameshrai739@moe.np
"rabindra prakash chapagain",panchtahr,rabindrachapagain928@co.uk
"diresh shekhar sharma",kohalpur,direshsharma476@moe.np
"manish kumar neupane",syangha,manishneupane193@mit.us
"rabindra prasad dahal",panchtahr,rabindradahal456@mit.us
"ramesh chandra maharjan",lokanthali,rameshmaharjan572@meta.co
"sujal prakash dahal",panchtahr,sujaldahal566@mof.np
"prasanna kumar rana",bajura,prasannarana988@edu.np
"sujal kumar chapagain",kavre,sujalchapagain664@facebook.co
"sumin shekhar thapa",panchtahr,suminthapa335@moe.np
"rishikesh shekhar gywali",illam,rishikeshgywali880@facebook.co
"bisesh bahadur deuba",basantapur,biseshdeuba913@tu.edu.np
"aashish kumar rana",panchtahr,aashishrana265@ioe.np
"shishir chandra lamichhane",kohalpur,shishirlamichhane979@tu.edu.np
"prasanna bahadur dahal",kohalpur,prasannadahal972@co.uk
"golu bahadur deuba",banke,goludeuba855@moe.np
"suraj prasad maharjan",panchtahr,surajmaharjan684@mof.np
"ramesh kumar lamichhane",banke,rameshlamichhane115@meta.co
"rishikesh chandra rana",kavre,rishikeshrana434@edu.np
"aashish prakash oli",basantapur,aashisholi473@gmail.com
"sumin prakash dahal",kohalpur,sumindahal81@gmail.com
"sujal prasad thapa",syangha,sujalthapa543@mit.us
"sumin chandra bhandari",bajang,suminbhandari433@facebook.co
"kripesh shekhar oli",syangha,kripesholi349@edu.np
"golu bahadur maharjan",kavre,golumaharjan871@edu.np
"suraj prakash sharma",kavre,surajsharma130@moe.np
"aashish prasad rana",illam,aashishrana992@edu.np
"pintu chandra gywali",basantapur,pintugywali803@gmail.com
"alex prasad chapagain",bajang,alexchapagain893@mit.us
"pratik shekhar rana",syangha,pratikrana328@edu.np
"kalyan shekhar deuba",bardiya,kalyandeuba200@hotmail.com
"dibesh kumar shrestha",kohalpur,dibeshshrestha392@hazesoft.co
"ram kumar sharma",illam,ramsharma969@meta.co
"rabindra prakash deuba",kavre,rabindradeuba906@moe.np
"shishir prasad rana",kaski,shishirrana155@mof.np
"golu shekhar maharjan",parvat,golumaharjan87@gmail.com
"kripesh prakash chapagain",banke,kripeshchapagain503@meta.co
"kobid bahadur gywali",bajang,kobidgywali152@edu.np
"manish bahadur sharma",ramnagar,manishsharma864@ioe.np
"pintu prakash neupane",kaski,pintuneupane796@yahoo.com
"bibek prakash rai",rukum,bibekrai760@mit.us
"kobid kumar deuba",bajura,kobiddeuba548@edu.np
"sumin bahadur oli",kaski,suminoli702@edu.np
"sujal chandra oli",sallaghari,sujaloli537@mit.us
"kobid chandra oli",morang,kobidoli832@gmail.com
"pratik bahadur chapagain",morang,pratikchapagain159@edu.np
"samaya bahadur magar",parvat,samayamagar568@mof.np
"bablu kumar gywali",lokanthali,bablugywali462@moe.np
"ram kumar gywali",dolpa,ramgywali5@facebook.co
"samir kumar dahal",ramnagar,samirdahal354@facebook.co
"nischal prakash sharma",jhapa,nischalsharma821@yahoo.com
"samir bahadur neupane",rukum,samirneupane378@tu.edu.np
"bablu prasad bhandari",lokanthali,bablubhandari220@facebook.co
"bisesh prasad deuba",ramnagar,biseshdeuba389@hotmail.com
"suraj kumar deuba",kaski,surajdeuba689@mit.us
"ashim shekhar dahal",kavre,ashimdahal989@edu.np
"diresh chandra rai",bajura,direshrai714@gmail.com
"ram chandra bhandari",parvat,rambhandari200@tu.edu.np
"sujal shekhar dahal",morang,sujaldahal843@tu.edu.np
"samir shekhar sharma",jhapa,samirsharma136@mit.us
"aashish kumar dahal",lokanthali,aashishdahal305@mit.us
"kalyan bahadur bhandari",jhapa,kalyanbhandari854@co.uk
"ram chandra rana",kohalpur,ramrana383@mit.us
"manish shekhar bhandari",panchtahr,manishbhandari243@yahoo.com
"saisagun bahadur deuba",rukum,saisagundeuba497@hazesoft.co
"nischal bahadur oli",ramnagar,nischaloli23@edu.np
"golu bahadur oli",illam,goluoli203@edu.np
"saisagun bahadur neupane",sallaghari,saisagunneupane894@mof.np
"kripesh kumar chapagain",panchtahr,kripeshchapagain509@ioe.np
"rishikesh kumar maharjan",parvat,rishikeshmaharjan25@mof.np
"rishikesh chandra lamichhane",kaski,rishikeshlamichhane564@yahoo.com
"kripesh prasad lamichhane",bajang,kripeshlamichhane970@mof.np
"dibesh prakash gywali",panchtahr,dibeshgywali40@hotmail.com
"shishir chandra oli",jhapa,shishiroli627@meta.co
"sujal kumar deuba",bardiya,sujaldeuba121@hotmail.com
"shishir shekhar rai",jhapa,shishirrai625@edu.np
"nischal shekhar neupane",morang,nischalneupane939@mof.np
"diresh chandra dahal",banke,direshdahal938@meta.co
"aashish prasad rana",kaski,aashishrana412@ioe.np
"aashish prakash dahal",kohalpur,aashishdahal649@tu.edu.np
"pintu prasad sharma",sallaghari,pintusharma191@hotmail.com
"bablu shekhar deuba",bajura,babludeuba386@hotmail.com
"sumin prakash oli",bajang,suminoli735@ioe.np
"rishikesh shekhar chapagain",morang,rishikeshchapagain427@ioe.np
"rabindra chandra magar",basantapur,rabindramagar459@tu.edu.np
"bibek shekhar sharma",ramnagar,bibeksharma484@hazesoft.co
"bisesh prasad lamichhane",sallaghari,biseshlamichhane69@tu.edu.np
"pintu prakash magar",bajang,pintumagar140@co.uk
"samaya prasad lamichhane",syangha,samayalamichhane364@meta.co
"ramesh kumar lamichhane",rukum,rameshlamichhane57@co.uk
"prasanna prakash dahal",kavre,prasannadahal505@hotmail.com
"dibesh shekhar oli",parvat,dibesholi566@tu.edu.np
"bisesh prakash magar",illam,biseshmagar818@ioe.np
"samaya kumar rana",banke,samayarana710@edu.np
"aashish shekhar oli",lokanthali,aashisholi778@edu.np
"ramesh shekhar rai",dolpa,rameshrai788@yahoo.com
"ashim prakash magar",kavre,ashimmagar196@edu.np
"bibek chandra dahal",morang,bibekdahal941@gmail.com
"pratik prasad thapa",basantapur,pratikthapa202@tu.edu.np
"samaya prasad thapa",kaski,samayathapa616@mit.us
"golu prakash dahal",bajura,goludahal987@yahoo.com
"nischal prasad neupane",panchtahr,nischalneupane851@hazesoft.co
"aashish prakash bhandari",bardiya,aashishbhandari3@meta.co
"manish prakash shrestha",morang,manishshrestha149@facebook.co
"diresh shekhar dahal",syangha,direshdahal20@yahoo.com
"prasanna chandra rana",morang,prasannarana802@yahoo.com
"samaya prasad lamichhane",kohalpur,samayalamichhane412@tu.edu.np
"sujal kumar maharjan",illam,sujalmaharjan343@hotmail.com
"samaya bahadur thapa",kavre,samayathapa327@mof.np
"alex kumar gywali",bajang,alexgywali488@co.uk
"kripesh bahadur gywali",lokanthali,kripeshgywali935@hazesoft.co
"suraj kumar oli",bardiya,surajoli733@facebook.co
"golu kumar dahal",basantapur,goludahal757@gmail.com
"kobid chandra rai",lokanthali,kobidrai346@mit.us
"rabindra prasad sharma",ramnagar,rabindrasharma189@edu.np
"pintu chandra maharjan",ramnagar,pintumaharjan907@mof.np
"dibesh bahadur sharma",morang,dibeshsharma56@facebook.co
"kobid prasad dahal",kavre,kobiddahal423@meta.co
"aashish shekhar magar",sallaghari,aashishmagar723@facebook.co
"pintu shekhar magar",panchtahr,pintumagar466@co.uk
"samir shekhar bhandari",morang,samirbhandari940@hazesoft.co
"saisagun prakash thapa",panchtahr,saisagunthapa870@hotmail.com
"shishir bahadur chapagain",bajang,shishirchapagain242@ioe.np
"kobid shekhar bhandari",illam,kobidbhandari887@mit.us
"saisagun prakash rana",rukum,saisagunrana689@mof.np
"prasanna prakash rai",morang,prasannarai973@moe.np
"samaya prasad magar",bajura,samayamagar535@mit.us
"diresh shekhar rai",bardiya,direshrai369@ioe.np
"aashish kumar dahal",kaski,aashishdahal167@gmail.com
"nischal kumar chapagain",sallaghari,nischalchapagain689@gmail.com
"ashim chandra rai",bardiya,ashimrai903@hazesoft.co
"rishikesh bahadur magar",dolpa,rishikeshmagar437@gmail.com
"sujal kumar neupane",kavre,sujalneupane224@hotmail.com
"suraj prakash oli",kohalpur,surajoli248@moe.np
"kalyan kumar dahal",sallaghari,kalyandahal663@co.uk
"sujal chandra bhandari",bardiya,sujalbhandari776@gmail.com
"bablu shekhar dahal",sallaghari,babludahal329@co.uk
"diresh bahadur rai",banke,direshrai159@gmail.com
"ram bahadur maharjan",bajang,rammaharjan186@mof.np
"prasanna prakash deuba",ramnagar,prasannadeuba846@hazesoft.co
"pratik prakash bhandari",parvat,pratikbhandari181@mit.us
"bablu prasad gywali",jhapa,bablugywali952@yahoo.com
"alex prakash bhandari",sallaghari,alexbhandari656@tu.edu.np
"golu prasad shrestha",morang,golushrestha472@mit.us
"ashim shekhar chapagain",basantapur,ashimchapagain816@moe.np
"shishir prakash rana",syangha,shishirrana554@hazesoft.co
"kobid kumar shrestha",basantapur,kobidshrestha542@ioe.np
"samir bahadur rana",sallaghari,samirrana57@moe.np
"kripesh bahadur neupane",ramnagar,kripeshneupane288@facebook.co
"aashish kumar gywali",panchtahr,aashishgywali202@tu.edu.np
"aashish prasad sharma",dolpa,aashishsharma568@mof.np
"nischal prasad bhandari",illam,nischalbhandari788@facebook.co
"kobid prakash rana",ramnagar,kobidrana258@hotmail.com
"alex kumar thapa",illam,alexthapa618@ioe.np
"pintu kumar rai",jhapa,pinturai507@facebook.co
"dibesh kumar rana",jhapa,dibeshrana553@gmail.com
"ramesh prakash chapagain",lokanthali,rameshchapagain675@mof.np
"ramesh bahadur gywali",ramnagar,rameshgywali325@ioe.np
"rabindra prasad rana",dolpa,rabindrarana523@tu.edu.np
"samaya prasad rana",lokanthali,samayarana586@gmail.com
"rabindra shekhar neupane",panchtahr,rabindraneupane190@tu.edu.np
"ram shekhar neupane",bajura,ramneupane882@mit.us
"saisagun chandra chapagain",kaski,saisagunchapagain175@facebook.co
"samir kumar dahal",basantapur,samirdahal129@mof.np
"shishir chandra oli",ramnagar,shishiroli529@tu.edu.np
"kobid bahadur sharma",banke,kobidsharma392@meta.co
"alex prakash bhandari",sallaghari,alexbhandari136@edu.np
"saisagun bahadur dahal",illam,saisagundahal343@gmail.com
"dibesh shekhar rana",lokanthali,dibeshrana203@mof.np
"kobid kumar oli",rukum,kobidoli892@ioe.np
"sujal chandra rai",jhapa,sujalrai605@gmail.com
"alex prakash magar",lokanthali,alexmagar41@co.uk
"bisesh prasad lamichhane",ramnagar,biseshlamichhane911@edu.np
"manish prasad lamichhane",banke,manishlamichhane24@hazesoft.co
"sujal bahadur neupane",lokanthali,sujalneupane678@hotmail.com
"ashim chandra maharjan",ramnagar,ashimmaharjan362@ioe.np
"alex chandra chapagain",kaski,alexchapagain61@edu.np
"golu bahadur chapagain",kaski,goluchapagain717@facebook.co
"diresh kumar gywali",jhapa,direshgywali605@edu.np
"ashim shekhar gywali",bajura,ashimgywali782@yahoo.com
"sumin bahadur lamichhane",kavre,suminlamichhane771@co.uk
"kripesh prakash rai",banke,kripeshrai345@mit.us
"kobid prakash neupane",dolpa,kobidneupane503@gmail.com
"ramesh shekhar chapagain",bajura,rameshchapagain460@meta.co
"kripesh prasad sharma",ramnagar,kripeshsharma42@gmail.com
"bablu kumar magar",bardiya,bablumagar187@moe.np
"aashish shekhar magar",illam,aashishmagar772@moe.np
"suraj kumar shrestha",basantapur,surajshrestha679@tu.edu.np
"dibesh prakash dahal",lokanthali,dibeshdahal879@facebook.co
"rishikesh chandra chapagain",sallaghari,rishikeshchapagain334@edu.np
"dibesh bahadur dahal",illam,dibeshdahal959@facebook.co
"samaya kumar sharma",panchtahr,samayasharma391@mof.np
"kobid shekhar rai",morang,kobidrai22@hotmail.com
"dibesh prakash magar",rukum,dibeshmagar285@gmail.com
"kripesh shekhar maharjan",banke,kripeshmaharjan615@co.uk
"prasanna prasad shrestha",sallaghari,prasannashrestha315@edu.np
"manish prasad thapa",banke,manishthapa676@tu.edu.np
"pintu chandra dahal",lokanthali,pintudahal35@moe.np
"prasanna shekhar dahal",lokanthali,prasannadahal416@mof.np
"bisesh prakash magar",bardiya,biseshmagar246@gmail.com
"kobid bahadur shrestha",rukum,kobidshrestha40@mof.np
"nischal chandra magar",morang,nischalmagar558@co.uk
"bibek shekhar maharjan",illam,bibekmaharjan616@mof.np
"dibesh prasad bhandari",illam,dibeshbhandari93@ioe.np
"ashim chandra bhandari",panchtahr,ashimbhandari766@hotmail.com
"alex kumar thapa",ramnagar,alexthapa480@tu.edu.np
"saisagun prasad lamichhane",bardiya,saisagunlamichhane421@co.uk
"alex prakash oli",sallaghari,alexoli23@mit.us
"bablu prakash shrestha",kaski,bablushrestha421@moe.np
"bablu chandra shrestha",kohalpur,bablushrestha705@ioe.np
"ram kumar chapagain",kohalpur,ramchapagain767@hotmail.com
"manish chandra sharma",kaski,manishsharma828@ioe.np
"sujal kumar dahal",basantapur,sujaldahal744@meta.co
"ashim prasad gywali",panchtahr,ashimgywali58@gmail.com
"diresh bahadur gywali",sallaghari,direshgywali200@mit.us
"kalyan prasad sharma",lokanthali,kalyansharma284@hotmail.com
"pratik shekhar sharma",parvat,pratiksharma28@meta.co
"pintu prakash magar",illam,pintumagar194@meta.co
"bibek shekhar chapagain",kaski,bibekchapagain297@hotmail.com
"rishikesh bahadur sharma",rukum,rishikeshsharma573@moe.np
"golu bahadur magar",kaski,golumagar190@mit.us
"diresh kumar deuba",jhapa,direshdeuba796@yahoo.com
"samir shekhar maharjan",ramnagar,samirmaharjan27@facebook.co
"rishikesh kumar neupane",syangha,rishikeshneupane794@co.uk
"ram kumar rai",morang,ramrai52@edu.np
"aashish bahadur neupane",bardiya,aashishneupane136@yahoo.com
"rabindra chandra rai",ramnagar,rabindrarai671@mof.np
"alex shekhar bhandari",syangha,alexbhandari898@mof.np
"pintu prakash bhandari",dolpa,pintubhandari164@hazesoft.co
"golu shekhar deuba",sallaghari,goludeuba797@tu.edu.np
"ashim chandra deuba",banke,ashimdeuba684@mof.np
"sumin shekhar rai",lokanthali,suminrai111@yahoo.com
"rabindra kumar neupane",jhapa,rabindraneupane755@hazesoft.co
"pratik prasad rai",illam,pratikrai832@co.uk
"bibek shekhar chapagain",dolpa,bibekchapagain563@moe.np
"sumin kumar rai",kaski,suminrai316@hazesoft.co
"bibek kumar rai",kohalpur,bibekrai35@edu.np
"kripesh chandra shrestha",basantapur,kripeshshrestha17@moe.np
"sujal prakash oli",basantapur,sujaloli351@yahoo.com
"diresh bahadur rai",ramnagar,direshrai421@co.uk
"ramesh prakash magar",basantapur,rameshmagar451@yahoo.com
"samir bahadur magar",parvat,samirmagar679@co.uk
"kripesh chandra chapagain",syangha,kripeshchapagain891@co.uk
"suraj bahadur magar",bajang,surajmagar456@yahoo.com
"golu prasad lamichhane",morang,golulamichhane378@edu.np
"ram bahadur oli",jhapa,ramoli593@tu.edu.np
"suraj shekhar gywali",bardiya,surajgywali656@tu.edu.np
"sujal bahadur bhandari",lokanthali,sujalbhandari769@moe.np
"kobid shekhar thapa",morang,kobidthapa496@gmail.com
"alex prakash deuba",jhapa,alexdeuba38@hazesoft.co
"prasanna prakash dahal",parvat,prasannadahal641@mof.np
"diresh prakash lamichhane",kavre,direshlamichhane455@yahoo.com
"prasanna prasad oli",parvat,prasannaoli304@mof.np
"bablu prasad maharjan",kohalpur,bablumaharjan102@yahoo.com
"rishikesh shekhar sharma",banke,rishikeshsharma326@hazesoft.co
"nischal prakash rai",ramnagar,nischalrai565@facebook.co
"samaya bahadur magar",jhapa,samayamagar408@ioe.np
"dibesh kumar magar",bajang,dibeshmagar12@moe.np
"prasanna chandra deuba",morang,prasannadeuba288@yahoo.com
"ramesh prasad bhandari",morang,rameshbhandari125@mof.np
"kobid chandra dahal",ramnagar,kobiddahal590@moe.np
"aashish prakash dahal",jhapa,aashishdahal707@moe.np
"dibesh prasad lamichhane",lokanthali,dibeshlamichhane829@ioe.np
"sujal shekhar rai",parvat,sujalrai259@tu.edu.np
"bibek chandra neupane",parvat,bibekneupane975@edu.np
"prasanna chandra sharma",kohalpur,prasannasharma265@meta.co
"alex bahadur dahal",lokanthali,alexdahal766@facebook.co
"samir shekhar gywali",kohalpur,samirgywali305@mof.np
"bablu kumar shrestha",morang,bablushrestha315@ioe.np
"nischal shekhar lamichhane",jhapa,nischallamichhane336@ioe.np
"rishikesh prasad dahal",kavre,rishikeshdahal53@meta.co
"kripesh kumar rana",kohalpur,kripeshrana587@facebook.co
"kripesh prakash maharjan",dolpa,kripeshmaharjan162@yahoo.com
"golu kumar gywali",banke,golugywali673@mit.us
"diresh shekhar shrestha",bajang,direshshrestha382@mof.np
"kobid bahadur magar",morang,kobidmagar142@moe.np
"saisagun chandra magar",lokanthali,saisagunmagar818@co.uk
"bisesh shekhar bhandari",illam,biseshbhandari472@edu.np
"rabindra shekhar rai",kavre,rabindrarai894@facebook.co
"sujal chandra maharjan",ramnagar,sujalmaharjan979@facebook.co
"dibesh prasad bhandari",sallaghari,dibeshbhandari946@gmail.com
"golu bahadur magar",kavre,golumagar757@hotmail.com
"prasanna prasad lamichhane",sallaghari,prasannalamichhane210@tu.edu.np
"samir bahadur rana",morang,samirrana716@edu.np
"ram kumar shrestha",jhapa,ramshrestha250@mof.np
"rishikesh prasad maharjan",jhapa,rishikeshmaharjan804@ioe.np
"ram shekhar neupane",rukum,ramneupane41@mof.np
"rishikesh kumar shrestha",kavre,rishikeshshrestha534@gmail.com
"shishir shekhar rai",lokanthali,shishirrai693@mof.np
"samir shekhar dahal",bajang,samirdahal291@co.uk
"kobid bahadur oli",lokanthali,kobidoli13@ioe.np
"ashim kumar rai",kavre,ashimrai682@hotmail.com
"saisagun prasad sharma",rukum,saisagunsharma917@gmail.com
"bibek shekhar magar",bajura,bibekmagar723@gmail.com
"pintu bahadur sharma",kohalpur,pintusharma376@edu.np
"kalyan prakash oli",parvat,kalyanoli724@tu.edu.np
"sujal chandra neupane",morang,sujalneupane983@gmail.com
"rabindra kumar gywali",dolpa,rabindragywali23@gmail.com
"suraj prasad bhandari",kaski,surajbhandari639@edu.np
"prasanna chandra neupane",syangha,prasannaneupane72@co.uk
"pratik prasad maharjan",lokanthali,pratikmaharjan560@yahoo.com
"kobid prakash gywali",panchtahr,kobidgywali626@tu.edu.np
"dibesh chandra dahal",bajang,dibeshdahal312@yahoo.com
"alex bahadur deuba",kavre,alexdeuba179@ioe.np
"diresh prasad shrestha",panchtahr,direshshrestha856@meta.co
"dibesh prasad neupane",morang,dibeshneupane54@facebook.co
"pratik chandra thapa",dolpa,pratikthapa979@hazesoft.co
"nischal bahadur chapagain",bajang,nischalchapagain831@hotmail.com
"sujal shekhar thapa",jhapa,sujalthapa23@moe.np
"prasanna kumar maharjan",kaski,prasannamaharjan296@yahoo.com
"kobid kumar chapagain",bajura,kobidchapagain578@meta.co
"saisagun shekhar bhandari",kaski,saisagunbhandari617@ioe.np
"saisagun chandra bhandari",kavre,saisagunbhandari157@mit.us
"sumin prasad bhandari",sallaghari,suminbhandari507@hotmail.com
"rabindra prakash thapa",ramnagar,rabindrathapa419@edu.np
"shishir prakash shrestha",ramnagar,shishirshrestha38@facebook.co
"bibek kumar chapagain",kohalpur,bibekchapagain925@meta.co
"samir shekhar lamichhane",banke,samirlamichhane894@moe.np
"nischal bahadur sharma",jhapa,nischalsharma370@hazesoft.co
"aashish prasad magar",parvat,aashishmagar383@co.uk
"sujal bahadur rana",banke,sujalrana232@moe.np
"diresh bahadur rana",lokanthali,direshrana239@gmail.com
"bablu prakash sharma",bajura,bablusharma298@meta.co
"samir shekhar chapagain",banke,samirchapagain769@mit.us
"ram prakash rai",bardiya,ramrai434@facebook.co
"shishir shekhar sharma",dolpa,shishirsharma299@edu.np
"bisesh prasad deuba",kohalpur,biseshdeuba456@mof.np
"pratik prasad shrestha",kohalpur,pratikshrestha785@edu.np
"rabindra shekhar magar",jhapa,rabindramagar839@yahoo.com
"ram kumar rai",ramnagar,ramrai116@meta.co
"bibek prakash lamichhane",dolpa,bibeklamichhane175@mof.np
"aashish prasad sharma",ramnagar,aashishsharma3@meta.co
"sumin chandra dahal",bardiya,sumindahal157@co.uk
"ramesh kumar oli",parvat,ramesholi701@gmail.com
"sujal kumar bhandari",kaski,sujalbhandari566@hotmail.com
"aashish bahadur deuba",kaski,aashishdeuba346@yahoo.com
"bibek prasad sharma",banke,bibeksharma596@gmail.com
"aashish bahadur gywali",bajang,aashishgywali694@edu.np
"diresh kumar maharjan",morang,direshmaharjan13@facebook.co
"bablu prasad lamichhane",basantapur,bablulamichhane641@yahoo.com
"bablu shekhar maharjan",syangha,bablumaharjan151@gmail.com
"saisagun bahadur lamichhane",bardiya,saisagunlamichhane812@edu.np
"ramesh bahadur chapagain",syangha,rameshchapagain898@edu.np
"dibesh prasad rana",kavre,dibeshrana906@facebook.co
"pintu kumar chapagain",kohalpur,pintuchapagain74@mof.np
"suraj prakash maharjan",illam,surajmaharjan382@mit.us
"bibek chandra oli",syangha,bibekoli216@meta.co
"prasanna chandra sharma",panchtahr,prasannasharma349@facebook.co
"rabindra prakash oli",bajang,rabindraoli250@ioe.np
"manish shekhar magar",ramnagar,manishmagar97@mof.np
"rabindra kumar lamichhane",panchtahr,rabindralamichhane580@ioe.np
"manish prakash dahal",lokanthali,manishdahal523@gmail.com
"samaya bahadur maharjan",ramnagar,samayamaharjan20@gmail.com
"bablu kumar lamichhane",ramnagar,bablulamichhane981@edu.np
"bibek chandra oli",bardiya,bibekoli600@ioe.np
"diresh bahadur sharma",dolpa,direshsharma127@hotmail.com
"bablu prasad gywali",bajang,bablugywali622@moe.np
"kripesh kumar sharma",dolpa,kripeshsharma923@meta.co
"shishir shekhar neupane",sallaghari,shishirneupane202@hotmail.com
"dibesh kumar dahal",jhapa,dibeshdahal288@co.uk
"ram kumar maharjan",bajang,rammaharjan507@tu.edu.np
"diresh bahadur dahal",rukum,direshdahal515@moe.np
"suraj prakash rai",lokanthali,surajrai314@hazesoft.co
"kobid chandra maharjan",jhapa,kobidmaharjan393@gmail.com
"pintu prasad deuba",kavre,pintudeuba302@yahoo.com
"saisagun prasad thapa",panchtahr,saisagunthapa288@moe.np
"diresh bahadur lamichhane",lokanthali,direshlamichhane179@tu.edu.np
"pintu kumar chapagain",panchtahr,pintuchapagain521@edu.np
"prasanna bahadur lamichhane",dolpa,prasannalamichhane735@moe.np
"pratik prasad neupane",basantapur,pratikneupane302@moe.np
"ram shekhar maharjan",ramnagar,rammaharjan174@hazesoft.co
"shishir prakash sharma",bajura,shishirsharma85@ioe.np
"sumin shekhar oli",panchtahr,suminoli886@gmail.com
"ashim prasad lamichhane",bardiya,ashimlamichhane306@ioe.np
"kalyan kumar deuba",bajura,kalyandeuba884@hazesoft.co
"sujal prasad oli",bardiya,sujaloli754@hotmail.com
"dibesh prakash rai",bardiya,dibeshrai948@edu.np
"bisesh shekhar deuba",kaski,biseshdeuba434@yahoo.com
"sujal shekhar lamichhane",syangha,sujallamichhane557@hazesoft.co
"samir kumar sharma",bajura,samirsharma102@mit.us
"sumin shekhar lamichhane",lokanthali,suminlamichhane138@hotmail.com
"bisesh prasad rai",panchtahr,biseshrai83@yahoo.com
"rishikesh prakash shrestha",parvat,rishikeshshrestha100@meta.co
"manish chandra rana",morang,manishrana852@yahoo.com
"rishikesh prakash thapa",kaski,rishikeshthapa495@meta.co
"alex prakash lamichhane",bardiya,alexlamichhane881@meta.co
"bibek prasad gywali",kohalpur,bibekgywali975@hazesoft.co
"kobid kumar magar",sallaghari,kobidmagar961@hotmail.com
"ram chandra deuba",jhapa,ramdeuba406@ioe.np
"bisesh kumar neupane",bardiya,biseshneupane721@meta.co
"samaya shekhar neupane",bardiya,samayaneupane301@yahoo.com
"sujal bahadur rana",jhapa,sujalrana201@ioe.np
"bisesh shekhar dahal",parvat,biseshdahal754@gmail.com
"ramesh prakash gywali",bajang,rameshgywali900@ioe.np
"bibek prakash rana",ramnagar,bibekrana797@moe.np
"rishikesh shekhar gywali",bardiya,rishikeshgywali775@hazesoft.co
"pintu prakash chapagain",sallaghari,pintuchapagain852@meta.co
"diresh shekhar neupane",morang,direshneupane52@meta.co
"manish kumar lamichhane",kohalpur,manishlamichhane506@facebook.co
"shishir bahadur oli",basantapur,shishiroli182@edu.np
"ram chandra magar",kohalpur,rammagar203@moe.np
"pratik bahadur chapagain",dolpa,pratikchapagain21@mit.us
"pintu shekhar maharjan",banke,pintumaharjan281@meta.co
"samaya shekhar sharma",illam,samayasharma896@meta.co
"sumin chandra deuba",sallaghari,sumindeuba681@hotmail.com
"ramesh prasad rai",basantapur,rameshrai312@moe.np
"saisagun kumar rai",dolpa,saisagunrai198@tu.edu.np
"samaya bahadur gywali",illam,samayagywali798@hotmail.com
"bablu kumar chapagain",parvat,babluchapagain833@hazesoft.co
"samir prasad dahal",sallaghari,samirdahal637@meta.co
"bisesh bahadur rai",bardiya,biseshrai295@facebook.co
"saisagun kumar shrestha",panchtahr,saisagunshrestha428@hotmail.com
"shishir kumar sharma",rukum,shishirsharma420@hotmail.com
"saisagun prakash lamichhane",bajang,saisagunlamichhane398@tu.edu.np
"saisagun kumar lamichhane",panchtahr,saisagunlamichhane324@ioe.np
"golu chandra lamichhane",bajang,golulamichhane90@tu.edu.np
"ramesh prasad dahal",illam,rameshdahal79@meta.co
"nischal chandra gywali",illam,nischalgywali864@co.uk
"manish kumar chapagain",panchtahr,manishchapagain38@moe.np
"ashim kumar rana",parvat,ashimrana394@hazesoft.co
"golu prasad chapagain",syangha,goluchapagain347@ioe.np
"samaya bahadur oli",kohalpur,samayaoli759@hazesoft.co
"diresh shekhar rai",rukum,direshrai242@mit.us
"bibek chandra dahal",bajang,bibekdahal512@yahoo.com
"dibesh shekhar sharma",panchtahr,dibeshsharma398@gmail.com
"kobid bahadur chapagain",lokanthali,kobidchapagain305@yahoo.com
"kalyan chandra sharma",morang,kalyansharma370@facebook.co
"ram kumar oli",kohalpur,ramoli739@edu.np
"suraj prasad sharma",bajang,surajsharma15@moe.np
"pratik shekhar shrestha",bajura,pratikshrestha361@mof.np
"sujal prakash thapa",ramnagar,sujalthapa855@co.uk
"suraj chandra rana",bardiya,surajrana983@mof.np
"saisagun shekhar rai",basantapur,saisagunrai74@meta.co
"samir prakash magar",morang,samirmagar677@moe.np
"rishikesh prasad chapagain",kaski,rishikeshchapagain112@facebook.co
"alex kumar chapagain",bardiya,alexchapagain250@gmail.com
"sumin prakash rana",lokanthali,suminrana710@hotmail.com
"prasanna bahadur chapagain",bajura,prasannachapagain294@moe.np
"pintu shekhar neupane",jhapa,pintuneupane855@yahoo.com
"nischal prasad oli",kohalpur,nischaloli934@moe.np
"ram bahadur rai",rukum,ramrai357@yahoo.com
"pintu bahadur sharma",rukum,pintusharma688@meta.co
"pintu kumar neupane",bajang,pintuneupane127@moe.np
"bibek prakash chapagain",parvat,bibekchapagain160@mof.np
"suraj prakash oli",basantapur,surajoli599@hotmail.com
"saisagun chandra thapa",sallaghari,saisagunthapa613@mof.np
"kripesh bahadur oli",rukum,kripesholi969@gmail.com
"alex prasad thapa",jhapa,alexthapa728@tu.edu.np
"suraj prakash rai",bardiya,surajrai454@gmail.com
"pintu prasad thapa",bajang,pintuthapa333@hotmail.com
"samir bahadur lamichhane",parvat,samirlamichhane905@mof.np
"sujal bahadur shrestha",kaski,sujalshrestha875@yahoo.com
"sujal kumar rai",bardiya,sujalrai153@edu.np
"kalyan bahadur shrestha",jhapa,kalyanshrestha381@hotmail.com
"suraj shekhar magar",lokanthali,surajmagar299@facebook.co
"manish shekhar deuba",syangha,manishdeuba946@moe.np
"nischal prakash chapagain",bardiya,nischalchapagain536@edu.np
"ram kumar maharjan",jhapa,rammaharjan961@gmail.com
"alex chandra shrestha",illam,alexshrestha999@ioe.np
"bisesh prasad bhandari",kohalpur,biseshbhandari166@mof.np
"samaya bahadur chapagain",bajang,samayachapagain522@mof.np
"ramesh shekhar lamichhane",bajang,rameshlamichhane622@facebook.co
"rabindra kumar oli",panchtahr,rabindraoli990@ioe.np
"rishikesh bahadur bhandari",parvat,rishikeshbhandari736@edu.np
"bablu shekhar bhandari",basantapur,bablubhandari507@edu.np
"manish kumar thapa",syangha,manishthapa638@hotmail.com
"diresh prasad neupane",bajura,direshneupane853@mit.us
"dibesh kumar maharjan",bajura,dibeshmaharjan349@tu.edu.np
"sujal prakash oli",jhapa,sujaloli459@hotmail.com
"kalyan kumar bhandari",lokanthali,kalyanbhandari735@hazesoft.co
"kobid bahadur oli",bardiya,kobidoli884@yahoo.com
"bisesh kumar neupane",illam,biseshneupane216@hazesoft.co
"ashim prasad sharma",kohalpur,ashimsharma425@yahoo.com
"golu chandra oli",syangha,goluoli103@hotmail.com
"pratik kumar lamichhane",jhapa,pratiklamichhane65@hazesoft.co
"pintu prakash maharjan",parvat,pintumaharjan629@hazesoft.co
"manish bahadur chapagain",rukum,manishchapagain244@meta.co
"diresh prasad dahal",banke,direshdahal840@meta.co
"kripesh bahadur maharjan",basantapur,kripeshmaharjan232@hotmail.com
"alex shekhar chapagain",basantapur,alexchapagain180@facebook.co
"manish kumar thapa",parvat,manishthapa551@facebook.co
"saisagun bahadur chapagain",dolpa,saisagunchapagain822@hotmail.com
"ram prakash oli",lokanthali,ramoli629@mit.us
"diresh kumar gywali",sallaghari,direshgywali813@moe.np
"suraj chandra dahal",bajura,surajdahal735@moe.np
"golu prasad thapa",morang,goluthapa630@gmail.com
"rishikesh chandra thapa",kohalpur,rishikeshthapa506@yahoo.com
"ram bahadur dahal",panchtahr,ramdahal24@yahoo.com
"ram kumar shrestha",kohalpur,ramshrestha926@mit.us
"manish prasad magar",kohalpur,manishmagar897@co.uk
"sumin prasad neupane",syangha,suminneupane312@gmail.com
"diresh kumar sharma",kohalpur,direshsharma651@ioe.np
"pratik bahadur neupane",rukum,pratikneupane398@ioe.np
"samaya kumar shrestha",dolpa,samayashrestha606@hazesoft.co
"sumin bahadur deuba",ramnagar,sumindeuba609@yahoo.com
"nischal prasad gywali",illam,nischalgywali984@hotmail.com
"alex prakash bhandari",ramnagar,alexbhandari303@gmail.com
"shishir prakash oli",jhapa,shishiroli889@ioe.np
"shishir shekhar rai",bajura,shishirrai357@tu.edu.np
"ram prakash shrestha",rukum,ramshrestha786@hotmail.com
"sujal chandra deuba",bardiya,sujaldeuba583@edu.np
"bibek bahadur maharjan",kavre,bibekmaharjan3@facebook.co
"golu shekhar maharjan",bajura,golumaharjan689@facebook.co
"ram chandra thapa",bajura,ramthapa427@ioe.np
"golu prakash thapa",dolpa,goluthapa888@edu.np
"ram shekhar maharjan",lokanthali,rammaharjan681@hotmail.com
"sujal shekhar lamichhane",illam,sujallamichhane301@mit.us
"shishir prasad rana",sallaghari,shishirrana534@mof.np
"bibek prasad maharjan",bajura,bibekmaharjan615@ioe.np
"bisesh prasad rai",syangha,biseshrai596@mit.us
"pintu prasad neupane",morang,pintuneupane954@hazesoft.co
"bablu bahadur thapa",panchtahr,babluthapa565@co.uk
"dibesh prasad rana",kohalpur,dibeshrana841@meta.co
"pintu prakash chapagain",sallaghari,pintuchapagain885@gmail.com
"aashish bahadur bhandari",bajang,aashishbhandari912@hazesoft.co
"saisagun bahadur gywali",dolpa,saisagungywali60@facebook.co
"samir prakash lamichhane",sallaghari,samirlamichhane309@meta.co
"sujal kumar magar",kohalpur,sujalmagar520@facebook.co
"ramesh kumar gywali",basantapur,rameshgywali38@meta.co
"kalyan shekhar bhandari",basantapur,kalyanbhandari869@gmail.com
"rabindra bahadur lamichhane",banke,rabindralamichhane556@mof.np
"shishir shekhar neupane",parvat,shishirneupane907@meta.co
"saisagun chandra sharma",banke,saisagunsharma414@hotmail.com
"suraj bahadur rana",basantapur,surajrana283@gmail.com
"dibesh prasad thapa",kohalpur,dibeshthapa216@gmail.com
"pratik kumar rana",kohalpur,pratikrana19@ioe.np
"sumin prakash magar",lokanthali,suminmagar264@ioe.np
"kripesh shekhar chapagain",jhapa,kripeshchapagain568@hotmail.com
"alex chandra rana",banke,alexrana78@hazesoft.co
"diresh chandra gywali",kaski,direshgywali740@facebook.co
"kripesh bahadur deuba",bajura,kripeshdeuba222@edu.np
"pintu bahadur sharma",basantapur,pintusharma726@hotmail.com
"rishikesh bahadur magar",rukum,rishikeshmagar74@co.uk
"suraj shekhar shrestha",ramnagar,surajshrestha990@hotmail.com
"rabindra kumar oli",sallaghari,rabindraoli897@mof.np
"saisagun shekhar shrestha",parvat,saisagunshrestha963@edu.np
"prasanna prasad bhandari",morang,prasannabhandari90@edu.np
"kobid chandra rai",ramnagar,kobidrai921@edu.np
"ramesh shekhar maharjan",sallaghari,rameshmaharjan796@yahoo.com
"aashish bahadur neupane",rukum,aashishneupane30@tu.edu.np
"prasanna kumar rai",kohalpur,prasannarai330@hazesoft.co
"dibesh shekhar maharjan",parvat,dibeshmaharjan665@facebook.co
"saisagun bahadur dahal",panchtahr,saisagundahal44@gmail.com
"ram kumar thapa",kaski,ramthapa325@edu.np
"sujal prasad maharjan",bajura,sujalmaharjan976@yahoo.com
"pintu shekhar deuba",jhapa,pintudeuba433@tu.edu.np
"samir bahadur bhandari",bajura,samirbhandari378@meta.co
"sujal chandra chapagain",dolpa,sujalchapagain27@yahoo.com
"aashish chandra magar",kaski,aashishmagar912@meta.co
"aashish bahadur rai",jhapa,aashishrai416@co.uk
"ram prasad neupane",syangha,ramneupane829@hotmail.com
"alex bahadur maharjan",kaski,alexmaharjan166@hotmail.com
"ram shekhar sharma",morang,ramsharma646@mof.np
"diresh kumar shrestha",banke,direshshrestha664@hotmail.com
"saisagun shekhar sharma",panchtahr,saisagunsharma262@meta.co
"samaya chandra bhandari",ramnagar,samayabhandari646@moe.np
"ramesh bahadur deuba",banke,rameshdeuba106@ioe.np
"shishir prakash shrestha",sallaghari,shishirshrestha121@facebook.co
"samaya prasad gywali",kohalpur,samayagywali730@mit.us
"kalyan bahadur sharma",parvat,kalyansharma99@hotmail.com
"bibek shekhar rana",kaski,bibekrana128@ioe.np
"bibek shekhar magar",syangha,bibekmagar47@ioe.np
"shishir prasad deuba",basantapur,shishirdeuba387@co.uk
"samir prakash thapa",lokanthali,samirthapa122@mof.np
"pintu chandra dahal",jhapa,pintudahal656@hotmail.com
"golu prasad maharjan",rukum,golumaharjan976@edu.np
"prasanna prakash shrestha",parvat,prasannashrestha450@moe.np
"ram shekhar dahal",banke,ramdahal339@ioe.np
"ashim chandra magar",kohalpur,ashimmagar648@edu.np
"nischal shekhar rana",dolpa,nischalrana154@tu.edu.np
"saisagun kumar gywali",morang,saisagungywali643@edu.np
"ramesh shekhar magar",basantapur,rameshmagar325@yahoo.com
"rishikesh prakash oli",syangha,rishikesholi552@facebook.co
"dibesh bahadur sharma",dolpa,dibeshsharma310@co.uk
"bisesh shekhar magar",ramnagar,biseshmagar533@ioe.np
"sujal kumar gywali",panchtahr,sujalgywali650@mof.np
"bisesh shekhar gywali",kavre,biseshgywali624@moe.np
"bibek shekhar sharma",bardiya,bibeksharma925@yahoo.com
"suraj bahadur sharma",ramnagar,surajsharma254@ioe.np
"suraj chandra shrestha",dolpa,surajshrestha437@facebook.co
"kalyan bahadur gywali",morang,kalyangywali259@facebook.co
"pintu kumar chapagain",rukum,pintuchapagain68@mit.us
"kripesh shekhar deuba",syangha,kripeshdeuba473@tu.edu.np
"ashim bahadur chapagain",panchtahr,ashimchapagain884@moe.np
"kripesh bahadur rana",basantapur,kripeshrana299@tu.edu.np
"ramesh prakash deuba",morang,rameshdeuba650@hazesoft.co
"ram shekhar oli",bajura,ramoli828@yahoo.com
"aashish kumar sharma",basantapur,aashishsharma170@edu.np
"suraj prakash rai",kavre,surajrai726@moe.np
"golu shekhar deuba",kaski,goludeuba563@edu.np
"manish chandra oli",ramnagar,manisholi896@ioe.np
"samir chandra dahal",banke,samirdahal644@moe.np
"shishir prakash rai",bajura,shishirrai961@meta.co
"ashim prakash lamichhane",bardiya,ashimlamichhane835@meta.co
"suraj bahadur neupane",bajang,surajneupane287@moe.np
"diresh prasad sharma",bardiya,direshsharma667@facebook.co
"bibek kumar thapa",syangha,bibekthapa525@edu.np
"ram bahadur gywali",kohalpur,ramgywali613@moe.np
"nischal shekhar maharjan",syangha,nischalmaharjan808@hotmail.com
"nischal chandra lamichhane",bajura,nischallamichhane888@edu.np
"kripesh shekhar lamichhane",lokanthali,kripeshlamichhane744@moe.np
"prasanna chandra dahal",syangha,prasannadahal34@mof.np
"shishir shekhar neupane",lokanthali,shishirneupane263@moe.np
"golu prasad oli",syangha,goluoli166@mit.us
"samaya chandra rana",kohalpur,samayarana481@tu.edu.np
"bablu prasad chapagain",bajang,babluchapagain577@yahoo.com
"manish prakash sharma",kaski,manishsharma496@yahoo.com
"samir prakash rai",sallaghari,samirrai884@tu.edu.np
"pratik prasad deuba",bajura,pratikdeuba921@hotmail.com
"rishikesh prasad chapagain",bajura,rishikeshchapagain254@moe.np
"pratik shekhar magar",syangha,pratikmagar951@hotmail.com
"suraj prakash oli",jhapa,surajoli453@co.uk
"nischal prasad rana",bajura,nischalrana921@hotmail.com
"kalyan bahadur magar",bardiya,kalyanmagar956@hazesoft.co
"bisesh prakash lamichhane",basantapur,biseshlamichhane242@tu.edu.np
"nischal prasad neupane",morang,nischalneupane237@edu.np
"ashim bahadur neupane",kavre,ashimneupane545@moe.np
"dibesh shekhar chapagain",illam,dibeshchapagain371@hazesoft.co
"bablu chandra shrestha",ramnagar,bablushrestha38@mit.us
"ashim kumar neupane",bajura,ashimneupane102@mit.us
"rishikesh kumar shrestha",bardiya,rishikeshshrestha455@yahoo.com
"pratik prasad rai",dolpa,pratikrai306@mit.us
"rishikesh shekhar dahal",kohalpur,rishikeshdahal265@co.uk
"sumin prakash dahal",illam,sumindahal148@facebook.co
"sumin shekhar sharma",syangha,suminsharma905@ioe.np
"pratik chandra sharma",bajang,pratiksharma91@tu.edu.np
"pintu prasad sharma",syangha,pintusharma510@ioe.np
"bablu prasad sharma",kaski,bablusharma182@tu.edu.np
"pratik chandra gywali",syangha,pratikgywali190@edu.np
"suraj shekhar maharjan",morang,surajmaharjan718@co.uk
"rabindra kumar maharjan",jhapa,rabindramaharjan428@hazesoft.co
"golu shekhar lamichhane",bardiya,golulamichhane514@co.uk
"bablu chandra chapagain",sallaghari,babluchapagain374@hazesoft.co
"prasanna prasad magar",jhapa,prasannamagar479@yahoo.com
"kalyan kumar sharma",basantapur,kalyansharma610@tu.edu.np
"nischal chandra rana",banke,nischalrana994@hazesoft.co
"sujal kumar thapa",morang,sujalthapa32@mit.us
"kobid bahadur rai",ramnagar,kobidrai331@edu.np
"kripesh prakash oli",bajura,kripesholi469@co.uk
"nischal prakash neupane",kohalpur,nischalneupane5@facebook.co
"sujal chandra sharma",jhapa,sujalsharma622@yahoo.com
"shishir bahadur rai",bajura,shishirrai117@hotmail.com
"samir prakash deuba",jhapa,samirdeuba886@ioe.np
"alex chandra sharma",kavre,alexsharma962@ioe.np
"nischal prakash sharma",rukum,nischalsharma284@gmail.com
"sumin prakash thapa",sallaghari,suminthapa381@co.uk
"samir prasad chapagain",banke,samirchapagain8@hotmail.com
"prasanna chandra shrestha",kohalpur,prasannashrestha984@facebook.co
"rabindra prakash gywali",dolpa,rabindragywali514@hazesoft.co
"sujal kumar oli",syangha,sujaloli218@edu.np
"pintu kumar gywali",kohalpur,pintugywali27@hotmail.com
"shishir bahadur lamichhane",banke,shishirlamichhane663@edu.np
"pintu shekhar neupane",kaski,pintuneupane392@gmail.com
"ramesh chandra rai",lokanthali,rameshrai463@facebook.co
"ramesh chandra sharma",lokanthali,rameshsharma473@hotmail.com
"rishikesh bahadur sharma",illam,rishikeshsharma997@tu.edu.np
"pintu bahadur bhandari",parvat,pintubhandari926@mit.us
"dibesh chandra bhandari",bardiya,dibeshbhandari835@co.uk
"bisesh shekhar chapagain",lokanthali,biseshchapagain253@hazesoft.co
"kripesh kumar gywali",kavre,kripeshgywali904@meta.co
"ramesh bahadur gywali",kavre,rameshgywali930@hazesoft.co
"dibesh chandra rana",sallaghari,dibeshrana394@gmail.com
"bisesh prakash gywali",panchtahr,biseshgywali941@mof.np
"pratik bahadur shrestha",kaski,pratikshrestha629@mit.us
"bablu prasad dahal",panchtahr,babludahal467@yahoo.com
"aashish chandra maharjan",kavre,aashishmaharjan413@moe.np
"bibek bahadur deuba",ramnagar,bibekdeuba141@edu.np
"saisagun shekhar deuba",banke,saisagundeuba639@co.uk
"kobid chandra magar",bardiya,kobidmagar71@co.uk
"pratik bahadur sharma",kaski,pratiksharma690@mit.us
"aashish shekhar gywali",rukum,aashishgywali880@hazesoft.co
"bablu prakash dahal",bajura,babludahal306@co.uk
"sumin chandra dahal",jhapa,sumindahal275@meta.co
"ram bahadur neupane",bardiya,ramneupane254@hazesoft.co
"kripesh prasad bhandari",kavre,kripeshbhandari829@co.uk
"bibek chandra magar",kohalpur,bibekmagar689@mit.us
"kobid prakash rana",kavre,kobidrana424@gmail.com
"diresh prasad deuba",bardiya,direshdeuba158@facebook.co
"bisesh prakash sharma",banke,biseshsharma129@gmail.com
"bablu shekhar bhandari",kohalpur,bablubhandari905@moe.np
"rabindra prakash deuba",jhapa,rabindradeuba839@facebook.co
"prasanna bahadur thapa",sallaghari,prasannathapa453@edu.np
"golu bahadur thapa",jhapa,goluthapa445@moe.np
"samaya bahadur bhandari",kohalpur,samayabhandari92@mit.us
"rishikesh chandra dahal",bajang,rishikeshdahal872@hotmail.com
"ram bahadur maharjan",ramnagar,rammaharjan173@ioe.np
"ashim prasad sharma",kohalpur,ashimsharma485@mit.us
"rishikesh shekhar shrestha",kohalpur,rishikeshshrestha424@co.uk
"prasanna chandra shrestha",bajang,prasannashrestha772@facebook.co
"manish prakash dahal",banke,manishdahal391@gmail.com
"bisesh kumar lamichhane",bajura,biseshlamichhane907@tu.edu.np
"suraj chandra lamichhane",dolpa,surajlamichhane891@edu.np
"sumin kumar deuba",kaski,sumindeuba593@hazesoft.co
"golu kumar chapagain",kaski,goluchapagain373@mit.us
"kobid chandra maharjan",bardiya,kobidmaharjan831@gmail.com
"ram bahadur neupane",panchtahr,ramneupane502@moe.np
"bisesh prasad shrestha",bajura,biseshshrestha18@edu.np
"kobid prasad rai",jhapa,kobidrai698@mit.us
"samir prasad shrestha",sallaghari,samirshrestha46@facebook.co
"aashish prakash deuba",basantapur,aashishdeuba319@hazesoft.co
"kobid shekhar dahal",rukum,kobiddahal925@mof.np
"bibek kumar magar",syangha,bibekmagar310@facebook.co
"prasanna shekhar oli",morang,prasannaoli305@tu.edu.np
"manish kumar dahal",rukum,manishdahal607@mof.np
"kripesh prakash rana",jhapa,kripeshrana460@facebook.co
"kalyan kumar neupane",jhapa,kalyanneupane446@yahoo.com
"kalyan shekhar sharma",ramnagar,kalyansharma989@co.uk
"kripesh prasad thapa",morang,kripeshthapa782@ioe.np
"sumin shekhar thapa",parvat,suminthapa49@meta.co
"kalyan prakash neupane",panchtahr,kalyanneupane305@meta.co
"ashim prakash deuba",morang,ashimdeuba343@edu.np
"kobid bahadur rana",basantapur,kobidrana586@meta.co
"kripesh kumar rana",panchtahr,kripeshrana964@mit.us
"dibesh bahadur oli",sallaghari,dibesholi954@hazesoft.co
"samaya bahadur oli",jhapa,samayaoli471@gmail.com
"pintu prasad chapagain",illam,pintuchapagain748@tu.edu.np
"pintu chandra rana",jhapa,pinturana764@ioe.np
"ashim chandra sharma",bajang,ashimsharma754@mit.us
"manish prakash gywali",basantapur,manishgywali823@facebook.co
"bibek chandra magar",syangha,bibekmagar560@yahoo.com
"nischal shekhar magar",bardiya,nischalmagar713@meta.co
"dibesh prakash maharjan",bardiya,dibeshmaharjan966@edu.np
"pratik prasad deuba",bajang,pratikdeuba260@yahoo.com
"dibesh bahadur dahal",parvat,dibeshdahal404@mof.np
"ram prakash chapagain",kaski,ramchapagain399@hazesoft.co
"pintu prakash shrestha",bardiya,pintushrestha573@mit.us
"shishir kumar rai",bajura,shishirrai602@mof.np
"prasanna kumar deuba",morang,prasannadeuba744@co.uk
"sujal chandra deuba",illam,sujaldeuba87@facebook.co
"samir prakash thapa",rukum,samirthapa744@tu.edu.np
"dibesh prasad lamichhane",bajang,dibeshlamichhane573@ioe.np
"bisesh kumar sharma",kaski,biseshsharma847@hotmail.com
"aashish prakash lamichhane",lokanthali,aashishlamichhane153@mof.np
"kobid prasad lamichhane",syangha,kobidlamichhane297@meta.co
"kripesh prasad thapa",kohalpur,kripeshthapa606@co.uk
"suraj chandra oli",rukum,surajoli70@co.uk
"sujal chandra rana",kavre,sujalrana721@hotmail.com
"golu shekhar rai",bajang,golurai705@edu.np
"rishikesh chandra bhandari",banke,rishikeshbhandari419@yahoo.com
"rabindra prasad thapa",kaski,rabindrathapa635@meta.co
"kalyan prakash magar",parvat,kalyanmagar514@ioe.np
"kripesh bahadur rana",illam,kripeshrana854@edu.np
"samir shekhar chapagain",bajang,samirchapagain489@yahoo.com
"ramesh prakash deuba",kohalpur,rameshdeuba208@mit.us
"ashim bahadur maharjan",lokanthali,ashimmaharjan780@mof.np
"bisesh shekhar oli",sallaghari,bisesholi452@ioe.np
"bisesh bahadur maharjan",sallaghari,biseshmaharjan82@gmail.com
"rishikesh bahadur deuba",lokanthali,rishikeshdeuba181@hazesoft.co
"suraj prakash dahal",lokanthali,surajdahal323@edu.np
"aashish prasad deuba",parvat,aashishdeuba397@yahoo.com
"ashim shekhar neupane",morang,ashimneupane193@mit.us
"kalyan kumar shrestha",kavre,kalyanshrestha951@co.uk
"kripesh kumar lamichhane",parvat,kripeshlamichhane37@meta.co
"aashish shekhar rana",morang,aashishrana175@hotmail.com
"samaya kumar rai",sallaghari,samayarai663@gmail.com
"rabindra kumar thapa",syangha,rabindrathapa319@moe.np
"prasanna bahadur thapa",kavre,prasannathapa393@meta.co
"samir prasad rai",kohalpur,samirrai991@co.uk
"diresh prasad rana",bardiya,direshrana408@facebook.co
"ram kumar bhandari",bajura,rambhandari901@hazesoft.co
"rabindra chandra chapagain",bajang,rabindrachapagain613@ioe.np
"nischal prasad rana",parvat,nischalrana78@mit.us
"shishir chandra chapagain",jhapa,shishirchapagain651@facebook.co
"rabindra prakash gywali",bajura,rabindragywali252@co.uk
"ashim kumar chapagain",sallaghari,ashimchapagain614@ioe.np
"pintu prasad gywali",ramnagar,pintugywali215@mit.us
"kobid prakash bhandari",parvat,kobidbhandari486@ioe.np
"saisagun prasad thapa",parvat,saisagunthapa159@meta.co
"samaya prasad chapagain",basantapur,samayachapagain279@hotmail.com
"ramesh prasad sharma",bajang,rameshsharma860@co.uk
"golu bahadur deuba",kaski,goludeuba653@mit.us
"suraj kumar sharma",sallaghari,surajsharma170@tu.edu.np
"aashish kumar gywali",kohalpur,aashishgywali556@ioe.np
"aashish prakash bhandari",basantapur,aashishbhandari886@meta.co
"saisagun prakash sharma",bajura,saisagunsharma676@hotmail.com
"suraj prasad shrestha",bardiya,surajshrestha511@yahoo.com
"rabindra chandra dahal",jhapa,rabindradahal615@ioe.np
"bibek prasad neupane",ramnagar,bibekneupane437@facebook.co
"ram prakash maharjan",parvat,rammaharjan346@edu.np
"kalyan prasad maharjan",kaski,kalyanmaharjan473@co.uk
"pratik prakash magar",basantapur,pratikmagar101@moe.np
"bisesh prakash bhandari",lokanthali,biseshbhandari773@hotmail.com
"bibek kumar thapa",bajura,bibekthapa121@co.uk
"sumin shekhar chapagain",illam,suminchapagain786@mof.np
"bisesh chandra dahal",bardiya,biseshdahal99@facebook.co
"shishir prakash dahal",bardiya,shishirdahal140@ioe.np
"bibek kumar bhandari",parvat,bibekbhandari394@hotmail.com
"sumin kumar gywali",jhapa,sumingywali556@moe.np
"sujal shekhar gywali",bardiya,sujalgywali939@co.uk
"samir bahadur dahal",kohalpur,samirdahal279@mit.us
"rabindra chandra shrestha",kavre,rabindrashrestha224@tu.edu.np
"bablu kumar thapa",bajura,babluthapa333@hotmail.com
"dibesh prakash sharma",ramnagar,dibeshsharma485@tu.edu.np
"golu prasad bhandari",illam,golubhandari501@gmail.com
"samir prakash maharjan",basantapur,samirmaharjan372@mof.np
"rabindra prasad magar",basantapur,rabindramagar332@co.uk
"bibek bahadur shrestha",syangha,bibekshrestha489@mit.us
"ramesh kumar maharjan",panchtahr,rameshmaharjan93@tu.edu.np
"samir kumar sharma",sallaghari,samirsharma107@yahoo.com
"dibesh chandra bhandari",syangha,dibeshbhandari451@facebook.co
"saisagun prasad bhandari",jhapa,saisagunbhandari634@hazesoft.co
"shishir bahadur rai",dolpa,shishirrai986@ioe.np
"alex prasad chapagain",panchtahr,alexchapagain948@edu.np
"ram chandra rai",sallaghari,ramrai278@facebook.co
"manish kumar dahal",basantapur,manishdahal212@co.uk
"ashim shekhar deuba",morang,ashimdeuba837@mof.np
"ram bahadur neupane",kaski,ramneupane246@gmail.com
"bibek prakash bhandari",sallaghari,bibekbhandari161@facebook.co
"rabindra shekhar sharma",illam,rabindrasharma758@hazesoft.co
"sumin bahadur rana",illam,suminrana139@facebook.co
"samir shekhar maharjan",basantapur,samirmaharjan506@mof.np
"sumin prasad shrestha",syangha,suminshrestha367@hazesoft.co
"manish chandra chapagain",kaski,manishchapagain328@facebook.co
"alex bahadur deuba",basantapur,alexdeuba593@moe.np
"ramesh kumar lamichhane",bardiya,rameshlamichhane342@yahoo.com
"aashish prasad sharma",bajang,aashishsharma193@mit.us
"samir kumar magar",rukum,samirmagar288@yahoo.com
"manish kumar neupane",jhapa,manishneupane417@mof.np
"kripesh chandra magar",morang,kripeshmagar236@mof.np
"ram prakash maharjan",kavre,rammaharjan351@facebook.co
"rishikesh prakash shrestha",bajang,rishikeshshrestha354@co.uk
"nischal prakash thapa",sallaghari,nischalthapa193@co.uk
"manish prakash rana",panchtahr,manishrana633@co.uk
"rishikesh prakash dahal",morang,rishikeshdahal70@mit.us
"shishir prasad deuba",morang,shishirdeuba521@mit.us
"aashish prasad rana",banke,aashishrana171@yahoo.com
"samir bahadur thapa",sallaghari,samirthapa945@hotmail.com
"kripesh bahadur sharma",sallaghari,kripeshsharma511@co.uk
"saisagun kumar rai",rukum,saisagunrai920@hotmail.com
"pratik kumar rana",syangha,pratikrana760@mit.us
"ashim chandra sharma",panchtahr,ashimsharma874@tu.edu.np
"rabindra prasad rai",bardiya,rabindrarai23@yahoo.com
"kripesh chandra thapa",rukum,kripeshthapa110@meta.co
"samir shekhar sharma",banke,samirsharma310@edu.np
"manish chandra deuba",ramnagar,manishdeuba335@moe.np
"nischal kumar lamichhane",parvat,nischallamichhane992@moe.np
"pratik prasad chapagain",rukum,pratikchapagain157@gmail.com
"saisagun shekhar oli",banke,saisagunoli702@mof.np
"samaya shekhar rai",bajura,samayarai711@meta.co
"pintu shekhar rana",kohalpur,pinturana289@hotmail.com
"pratik prakash gywali",basantapur,pratikgywali74@meta.co
"shishir prasad gywali",illam,shishirgywali963@mit.us
"ram bahadur magar",bajura,rammagar45@facebook.co
"rabindra prasad sharma",parvat,rabindrasharma455@hotmail.com
"diresh bahadur shrestha",bardiya,direshshrestha664@facebook.co
"rabindra kumar chapagain",panchtahr,rabindrachapagain977@meta.co
"sumin prasad magar",lokanthali,suminmagar955@facebook.co
"suraj chandra dahal",panchtahr,surajdahal156@ioe.np
"sujal chandra chapagain",illam,sujalchapagain648@meta.co
"saisagun shekhar rana",bajura,saisagunrana4@tu.edu.np
"ramesh shekhar lamichhane",ramnagar,rameshlamichhane915@hotmail.com
"samaya prakash chapagain",bardiya,samayachapagain380@edu.np
"suraj kumar rai",bajura,surajrai589@mit.us
"saisagun kumar sharma",panchtahr,saisagunsharma796@meta.co
"samaya chandra lamichhane",morang,samayalamichhane563@edu.np
"pratik chandra lamichhane",bajura,pratiklamichhane682@facebook.co
"kobid prasad maharjan",panchtahr,kobidmaharjan757@yahoo.com
"sumin chandra thapa",kavre,suminthapa653@meta.co
"saisagun kumar rai",jhapa,saisagunrai656@facebook.co
"bibek chandra gywali",kohalpur,bibekgywali183@tu.edu.np
"ashim prasad rana",kavre,ashimrana243@co.uk
"bisesh prasad deuba",syangha,biseshdeuba887@edu.np
"alex kumar dahal",kaski,alexdahal331@hazesoft.co
"sujal kumar oli",parvat,sujaloli662@ioe.np
"bisesh prakash rana",kaski,biseshrana840@edu.np
"samaya prasad magar",parvat,samayamagar779@mit.us
"golu shekhar lamichhane",panchtahr,golulamichhane17@yahoo.com
"aashish prasad chapagain",basantapur,aashishchapagain253@gmail.com
"pintu prakash shrestha",kavre,pintushrestha280@ioe.np
"shishir bahadur deuba",ramnagar,shishirdeuba497@gmail.com
"ramesh chandra dahal",dolpa,rameshdahal162@mit.us
"kalyan kumar chapagain",ramnagar,kalyanchapagain197@moe.np
"alex prasad sharma",jhapa,alexsharma71@hotmail.com
"rishikesh chandra bhandari",bajang,rishikeshbhandari923@gmail.com
"bablu prakash shrestha",illam,bablushrestha37@yahoo.com
"saisagun chandra bhandari",bardiya,saisagunbhandari453@facebook.co
"aashish prakash lamichhane",dolpa,aashishlamichhane879@mof.np
"kalyan bahadur deuba",basantapur,kalyandeuba511@mof.np
"nischal prakash shrestha",jhapa,nischalshrestha493@mof.np
"prasanna chandra lamichhane",jhapa,prasannalamichhane894@yahoo.com
"golu chandra oli",kavre,goluoli334@meta.co
"sujal shekhar neupane",lokanthali,sujalneupane398@mof.np
"samaya kumar neupane",bajang,samayaneupane607@facebook.co
"ashim prasad maharjan",rukum,ashimmaharjan768@gmail.com
"pratik prakash shrestha",parvat,pratikshrestha390@edu.np
"sujal kumar gywali",kavre,sujalgywali731@hazesoft.co
"prasanna kumar shrestha",kohalpur,prasannashrestha663@tu.edu.np
"ashim chandra chapagain",bajura,ashimchapagain545@hotmail.com
"kalyan bahadur sharma",sallaghari,kalyansharma90@ioe.np
"diresh prakash thapa",jhapa,direshthapa984@ioe.np
"rishikesh chandra lamichhane",parvat,rishikeshlamichhane327@meta.co
"sujal kumar thapa",kavre,sujalthapa152@co.uk
"sumin shekhar magar",kaski,suminmagar527@edu.np
"pratik prasad maharjan",bajura,pratikmaharjan219@mit.us
"golu prakash rai",parvat,golurai838@hazesoft.co
"nischal chandra neupane",lokanthali,nischalneupane336@hazesoft.co
"aashish kumar dahal",bardiya,aashishdahal729@yahoo.com
"samaya bahadur oli",bardiya,samayaoli28@yahoo.com
"kripesh prasad oli",banke,kripesholi671@hotmail.com
"manish chandra sharma",basantapur,manishsharma788@moe.np
"samir prasad chapagain",bajura,samirchapagain663@co.uk
"rabindra prasad lamichhane",panchtahr,rabindralamichhane229@tu.edu.np
"rabindra shekhar shrestha",syangha,rabindrashrestha49@meta.co
"ram bahadur neupane",jhapa,ramneupane13@gmail.com
"suraj chandra bhandari",panchtahr,surajbhandari711@hotmail.com
"manish bahadur gywali",bajura,manishgywali272@moe.np
"saisagun chandra dahal",basantapur,saisagundahal411@hazesoft.co
"manish bahadur bhandari",lokanthali,manishbhandari589@mit.us
"kripesh kumar dahal",panchtahr,kripeshdahal101@gmail.com
"nischal prasad sharma",panchtahr,nischalsharma735@co.uk
"kobid kumar oli",banke,kobidoli151@tu.edu.np
"rabindra kumar magar",lokanthali,rabindramagar863@mit.us
"prasanna prakash bhandari",panchtahr,prasannabhandari712@tu.edu.np
"bibek bahadur chapagain",rukum,bibekchapagain342@moe.np
"diresh shekhar sharma",panchtahr,direshsharma132@hotmail.com
"samaya bahadur oli",bajura,samayaoli47@tu.edu.np
"golu prasad maharjan",sallaghari,golumaharjan510@hotmail.com
"kalyan prasad sharma",banke,kalyansharma283@gmail.com
"samir shekhar thapa",jhapa,samirthapa22@hotmail.com
"kobid chandra deuba",kavre,kobiddeuba10@gmail.com
"pratik prakash maharjan",banke,pratikmaharjan139@facebook.co
"kripesh shekhar neupane",panchtahr,kripeshneupane777@tu.edu.np
"pintu kumar rai",kaski,pinturai321@meta.co
"saisagun prasad dahal",parvat,saisagundahal188@hotmail.com
"pintu shekhar thapa",kohalpur,pintuthapa940@moe.np
"bablu prasad deuba",banke,babludeuba274@hotmail.com
"samir prakash dahal",dolpa,samirdahal192@hotmail.com
"ramesh kumar rana",morang,rameshrana284@mof.np
"ramesh prakash shrestha",ramnagar,rameshshrestha103@facebook.co
"golu bahadur magar",parvat,golumagar506@co.uk
"golu bahadur rai",syangha,golurai806@tu.edu.np
"nischal chandra magar",dolpa,nischalmagar422@hazesoft.co
"kobid prakash chapagain",banke,kobidchapagain956@gmail.com
"kobid prasad chapagain",dolpa,kobidchapagain686@edu.np
"kripesh chandra bhandari",kohalpur,kripeshbhandari438@facebook.co
"manish shekhar sharma",ramnagar,manishsharma942@ioe.np
"prasanna prasad magar",jhapa,prasannamagar455@gmail.com
"bibek shekhar dahal",panchtahr,bibekdahal723@gmail.com
"diresh bahadur oli",rukum,diresholi547@moe.np
"shishir shekhar lamichhane",kohalpur,shishirlamichhane666@hazesoft.co
"kalyan chandra oli",rukum,kalyanoli529@hazesoft.co
"bablu bahadur lamichhane",bardiya,bablulamichhane702@ioe.np
"samir shekhar dahal",dolpa,samirdahal170@hazesoft.co
"prasanna kumar rai",illam,prasannarai149@meta.co
"ram kumar dahal",rukum,ramdahal395@facebook.co
"suraj chandra rai",banke,surajrai19@tu.edu.np
"pintu prasad deuba",bardiya,pintudeuba755@edu.np
"sujal prasad neupane",panchtahr,sujalneupane417@gmail.com
"prasanna chandra maharjan",sallaghari,prasannamaharjan135@mof.np
"kobid kumar rana",parvat,kobidrana325@tu.edu.np
"saisagun prasad thapa",bardiya,saisagunthapa771@mit.us
"golu chandra gywali",parvat,golugywali67@hotmail.com
"golu prasad bhandari",panchtahr,golubhandari891@gmail.com
"nischal kumar bhandari",kavre,nischalbhandari545@ioe.np
"kalyan prakash gywali",syangha,kalyangywali538@mof.np
"rishikesh shekhar shrestha",parvat,rishikeshshrestha909@mof.np
"golu prakash sharma",morang,golusharma738@mit.us
"golu kumar rai",kavre,golurai307@gmail.com
"kalyan prakash dahal",bajang,kalyandahal5@gmail.com
"rabindra prasad dahal",kohalpur,rabindradahal710@mof.np
"sumin chandra shrestha",banke,suminshrestha297@facebook.co
"aashish shekhar gywali",panchtahr,aashishgywali953@hazesoft.co
"ram shekhar rai",jhapa,ramrai446@co.uk
"saisagun bahadur neupane",kavre,saisagunneupane447@co.uk
"sumin prasad deuba",kohalpur,sumindeuba404@mof.np
"saisagun prakash oli",kaski,saisagunoli253@gmail.com
"shishir chandra thapa",morang,shishirthapa777@hazesoft.co
"kripesh kumar shrestha",bajang,kripeshshrestha815@yahoo.com
"diresh prasad chapagain",kavre,direshchapagain949@co.uk
"ram shekhar thapa",morang,ramthapa576@facebook.co
"kobid chandra deuba",bajura,kobiddeuba306@mit.us
"sujal kumar sharma",parvat,sujalsharma720@meta.co
"manish shekhar deuba",ramnagar,manishdeuba965@mof.np
"shishir chandra chapagain",bajura,shishirchapagain664@moe.np
"aashish prasad sharma",banke,aashishsharma288@moe.np
"prasanna prakash thapa",jhapa,prasannathapa123@mof.np
"suraj shekhar neupane",parvat,surajneupane236@facebook.co
"samaya kumar magar",rukum,samayamagar382@co.uk
"aashish prasad shrestha",morang,aashishshrestha910@hotmail.com
"manish prasad neupane",ramnagar,manishneupane204@tu.edu.np
"pratik chandra rana",kaski,pratikrana174@hazesoft.co
"ram kumar maharjan",parvat,rammaharjan553@mof.np
"prasanna chandra rana",ramnagar,prasannarana259@facebook.co
"manish prakash thapa",syangha,manishthapa138@tu.edu.np
"manish shekhar dahal",morang,manishdahal984@hotmail.com
"prasanna chandra rana",parvat,prasannarana856@yahoo.com
"prasanna chandra dahal",syangha,prasannadahal572@hotmail.com
"saisagun kumar deuba",bardiya,saisagundeuba775@gmail.com
"ram prakash rai",bajura,ramrai316@hotmail.com
"alex prakash rana",bajang,alexrana299@facebook.co
"nischal bahadur rai",syangha,nischalrai505@tu.edu.np
"nischal prakash shrestha",bardiya,nischalshrestha181@co.uk
"pratik shekhar oli",banke,pratikoli669@hotmail.com
"golu shekhar gywali",kohalpur,golugywali765@yahoo.com
"pintu prakash dahal",kohalpur,pintudahal923@mof.np
"bibek chandra deuba",panchtahr,bibekdeuba691@tu.edu.np
"bablu prakash oli",lokanthali,babluoli516@edu.np
"ashim prasad gywali",illam,ashimgywali475@yahoo.com
"shishir shekhar neupane",basantapur,shishirneupane198@co.uk
"shishir kumar gywali",sallaghari,shishirgywali764@edu.np
"ramesh prakash thapa",basantapur,rameshthapa291@edu.np
"pratik shekhar sharma",bajura,pratiksharma438@tu.edu.np
"samaya chandra rana",bajang,samayarana241@tu.edu.np
"bablu kumar shrestha",kavre,bablushrestha875@facebook.co
"bisesh prasad oli",syangha,bisesholi628@tu.edu.np
"saisagun chandra shrestha",illam,saisagunshrestha975@mit.us
"aashish prakash gywali",parvat,aashishgywali39@mit.us
"ram kumar maharjan",syangha,rammaharjan299@gmail.com
"kobid shekhar bhandari",lokanthali,kobidbhandari685@meta.co
"kripesh bahadur magar",ramnagar,kripeshmagar712@meta.co
"diresh chandra thapa",rukum,direshthapa970@mit.us
"ashim prakash rai",ramnagar,ashimrai95@facebook.co
"saisagun prasad bhandari",parvat,saisagunbhandari270@ioe.np
"bablu prasad gywali",bajura,bablugywali248@moe.np
"suraj prakash magar",bajura,surajmagar109@ioe.np
"bibek prasad rana",bardiya,bibekrana692@yahoo.com
"rabindra bahadur dahal",sallaghari,rabindradahal868@gmail.com
"kobid chandra chapagain",syangha,kobidchapagain147@mit.us
"rishikesh bahadur neupane",jhapa,rishikeshneupane515@hazesoft.co
"kalyan chandra dahal",kohalpur,kalyandahal563@co.uk
"ramesh shekhar neupane",sallaghari,rameshneupane330@tu.edu.np
"saisagun kumar magar",kaski,saisagunmagar26@edu.np
"pratik shekhar rai",bajang,pratikrai645@hazesoft.co
"suraj kumar deuba",parvat,surajdeuba486@meta.co
"saisagun bahadur magar",syangha,saisagunmagar319@tu.edu.np
"alex shekhar sharma",panchtahr,alexsharma46@yahoo.com
"samir prasad oli",bardiya,samiroli18@mit.us
"sujal prakash oli",bajang,sujaloli805@ioe.np
"diresh bahadur thapa",syangha,direshthapa330@edu.np
"sujal shekhar thapa",kaski,sujalthapa418@co.uk
"diresh kumar gywali",bajang,direshgywali437@hazesoft.co
"alex shekhar magar",kavre,alexmagar892@facebook.co
"diresh shekhar sharma",dolpa,direshsharma233@moe.np
"bibek chandra oli",bajang,bibekoli683@tu.edu.np
"sumin prasad deuba",basantapur,sumindeuba982@hazesoft.co
"rishikesh bahadur rana",parvat,rishikeshrana131@hotmail.com
"rishikesh chandra oli",basantapur,rishikesholi206@meta.co
"diresh prakash rai",panchtahr,direshrai346@tu.edu.np
"suraj bahadur sharma",bardiya,surajsharma254@gmail.com
"bisesh kumar dahal",dolpa,biseshdahal765@moe.np
"kobid prasad maharjan",bardiya,kobidmaharjan984@edu.np
"sujal chandra rai",ramnagar,sujalrai343@co.uk
"alex shekhar deuba",dolpa,alexdeuba82@hazesoft.co
"sumin shekhar dahal",banke,sumindahal976@co.uk
"pintu prakash neupane",basantapur,pintuneupane194@ioe.np
"ashim chandra gywali",parvat,ashimgywali182@co.uk
"bablu prakash deuba",morang,babludeuba625@ioe.np
"kripesh prakash chapagain",bajura,kripeshchapagain825@hotmail.com
"bibek prasad sharma",lokanthali,bibeksharma925@moe.np
"bisesh kumar deuba",dolpa,biseshdeuba62@gmail.com
"ram prasad chapagain",jhapa,ramchapagain290@facebook.co
"diresh shekhar dahal",bajang,direshdahal734@edu.np
"diresh chandra dahal",lokanthali,direshdahal928@ioe.np
"aashish bahadur gywali",jhapa,aashishgywali787@moe.np
"kobid prasad sharma",rukum,kobidsharma433@ioe.np
"dibesh prasad rana",kaski,dibeshrana413@mof.np
"sujal prakash lamichhane",morang,sujallamichhane412@tu.edu.np
"sujal kumar lamichhane",bardiya,sujallamichhane859@hazesoft.co
"shishir bahadur rana",lokanthali,shishirrana17@hazesoft.co
"kripesh shekhar rai",lokanthali,kripeshrai239@meta.co
"diresh kumar oli",kaski,diresholi267@mit.us
"diresh prakash oli",illam,diresholi748@tu.edu.np
"dibesh prakash dahal",syangha,dibeshdahal539@mof.np
"pratik prakash gywali",dolpa,pratikgywali383@mof.np
"samaya bahadur deuba",kaski,samayadeuba939@hotmail.com
"samaya chandra magar",jhapa,samayamagar187@co.uk
"manish chandra neupane",kavre,manishneupane160@facebook.co
"aashish prakash oli",bardiya,aashisholi291@facebook.co
"bibek prakash rai",jhapa,bibekrai228@hazesoft.co
"nischal kumar dahal",kaski,nischaldahal290@gmail.com
"ram bahadur gywali",kohalpur,ramgywali728@tu.edu.np
"bibek shekhar rai",morang,bibekrai360@mof.np
"saisagun chandra maharjan",lokanthali,saisagunmaharjan32@edu.np
"bisesh bahadur maharjan",kaski,biseshmaharjan475@gmail.com
"kobid kumar oli",morang,kobidoli652@tu.edu.np
"kobid prakash neupane",bajura,kobidneupane834@gmail.com
"bablu chandra dahal",bardiya,babludahal784@mof.np
"saisagun kumar magar",ramnagar,saisagunmagar533@co.uk
"ramesh prakash rai",kohalpur,rameshrai42@moe.np
"sujal chandra neupane",parvat,sujalneupane946@tu.edu.np
"dibesh kumar lamichhane",basantapur,dibeshlamichhane697@co.uk
"ramesh kumar rana",syangha,rameshrana482@co.uk
"alex chandra maharjan",lokanthali,alexmaharjan828@hazesoft.co
"ramesh prakash dahal",panchtahr,rameshdahal316@gmail.com
"diresh shekhar deuba",bardiya,direshdeuba93@edu.np
"manish chandra lamichhane",bajura,manishlamichhane659@tu.edu.np
"bablu shekhar magar",illam,bablumagar545@facebook.co
"saisagun kumar gywali",panchtahr,saisagungywali538@mit.us
"pratik bahadur maharjan",morang,pratikmaharjan145@facebook.co
"diresh chandra rana",banke,direshrana815@mit.us
"samaya bahadur thapa",jhapa,samayathapa89@hazesoft.co
"ramesh prasad bhandari",basantapur,rameshbhandari373@co.uk
"ram prasad thapa",illam,ramthapa130@ioe.np
"rishikesh chandra lamichhane",illam,rishikeshlamichhane890@moe.np
"diresh kumar magar",syangha,direshmagar814@hazesoft.co
"bablu shekhar deuba",bardiya,babludeuba443@hazesoft.co
"suraj prakash dahal",basantapur,surajdahal100@hazesoft.co
"ashim prasad rana",kavre,ashimrana962@mit.us
"dibesh shekhar oli",kohalpur,dibesholi416@ioe.np
"prasanna shekhar dahal",bajura,prasannadahal435@hazesoft.co
"nischal bahadur oli",rukum,nischaloli474@gmail.com
"shishir chandra rana",kavre,shishirrana676@mit.us
"diresh kumar thapa",rukum,direshthapa602@yahoo.com
"diresh shekhar dahal",kohalpur,direshdahal592@gmail.com
"kalyan prakash bhandari",panchtahr,kalyanbhandari618@mof.np
"prasanna bahadur neupane",syangha,prasannaneupane480@gmail.com
"bisesh bahadur chapagain",dolpa,biseshchapagain488@edu.np
"ramesh bahadur sharma",ramnagar,rameshsharma322@yahoo.com
"saisagun chandra neupane",kavre,saisagunneupane138@hotmail.com
"kripesh shekhar dahal",rukum,kripeshdahal30@yahoo.com
"bibek shekhar sharma",basantapur,bibeksharma203@edu.np
"prasanna chandra dahal",bajang,prasannadahal15@facebook.co
"aashish prasad rana",sallaghari,aashishrana864@edu.np
"rishikesh prakash magar",sallaghari,rishikeshmagar604@ioe.np
"golu kumar magar",banke,golumagar802@edu.np
"rishikesh kumar lamichhane",lokanthali,rishikeshlamichhane701@facebook.co
"alex chandra shrestha",kavre,alexshrestha830@edu.np
"aashish kumar sharma",illam,aashishsharma300@tu.edu.np
"kobid prasad lamichhane",dolpa,kobidlamichhane143@moe.np
"bisesh chandra maharjan",illam,biseshmaharjan388@ioe.np
"samaya chandra magar",kavre,samayamagar478@meta.co
"nischal prakash deuba",kavre,nischaldeuba648@edu.np
"bisesh chandra magar",ramnagar,biseshmagar43@edu.np
"manish prakash chapagain",kavre,manishchapagain115@hazesoft.co
"saisagun chandra rai",dolpa,saisagunrai332@mit.us
"sumin kumar dahal",ramnagar,sumindahal358@meta.co
"samir prakash magar",rukum,samirmagar937@meta.co
"shishir shekhar shrestha",morang,shishirshrestha234@hotmail.com
"suraj prakash dahal",dolpa,surajdahal323@mof.np
"bibek prasad lamichhane",bajura,bibeklamichhane850@tu.edu.np
"dibesh bahadur rai",banke,dibeshrai288@hazesoft.co
"samir kumar gywali",sallaghari,samirgywali604@gmail.com
"ashim kumar rai",kohalpur,ashimrai4@tu.edu.np
"suraj prasad thapa",bajang,surajthapa951@mit.us
"samir prakash chapagain",lokanthali,samirchapagain510@mof.np
"kalyan shekhar neupane",kavre,kalyanneupane132@gmail.com
"golu bahadur shrestha",bajang,golushrestha145@mit.us
"alex kumar rana",kohalpur,alexrana601@co.uk
"rabindra bahadur lamichhane",bardiya,rabindralamichhane897@gmail.com
"samir bahadur deuba",bajang,samirdeuba246@facebook.co
"ramesh prasad magar",lokanthali,rameshmagar503@yahoo.com
"ashim bahadur sharma",sallaghari,ashimsharma772@mit.us
"diresh prakash oli",parvat,diresholi819@co.uk
"bisesh prasad maharjan",lokanthali,biseshmaharjan742@moe.np
"sujal shekhar lamichhane",bajura,sujallamichhane117@hazesoft.co
"rabindra prasad rana",bardiya,rabindrarana550@hazesoft.co
"manish prasad sharma",syangha,manishsharma627@hazesoft.co
"samir prasad deuba",parvat,samirdeuba101@mof.np
"sumin prakash chapagain",basantapur,suminchapagain838@ioe.np
"suraj prasad deuba",dolpa,surajdeuba920@gmail.com
"ram prasad deuba",bajang,ramdeuba132@ioe.np
"nischal prakash thapa",bajura,nischalthapa819@meta.co
"pintu prakash lamichhane",panchtahr,pintulamichhane666@ioe.np
"golu chandra magar",ramnagar,golumagar313@moe.np
"manish prakash magar",bajang,manishmagar267@mit.us
"aashish prakash thapa",kavre,aashishthapa699@gmail.com
"saisagun kumar sharma",basantapur,saisagunsharma459@edu.np
"alex bahadur neupane",kohalpur,alexneupane269@meta.co
"sujal chandra sharma",basantapur,sujalsharma50@edu.np
"dibesh prakash oli",panchtahr,dibesholi200@mof.np
"alex shekhar gywali",illam,alexgywali767@tu.edu.np
"rishikesh prasad sharma",jhapa,rishikeshsharma468@moe.np
"saisagun bahadur lamichhane",ramnagar,saisagunlamichhane808@co.uk
"nischal shekhar shrestha",kohalpur,nischalshrestha191@moe.np
"dibesh bahadur rai",lokanthali,dibeshrai70@moe.np
"sujal kumar maharjan",bardiya,sujalmaharjan870@mof.np
"ram prasad rai",kavre,ramrai528@ioe.np
"pratik prakash gywali",bajang,pratikgywali66@mit.us
"kripesh prakash chapagain",illam,kripeshchapagain298@gmail.com
"rabindra chandra dahal",jhapa,rabindradahal750@hotmail.com
"manish chandra rana",kaski,manishrana551@hotmail.com
"suraj prasad thapa",kohalpur,surajthapa496@hotmail.com
"rishikesh kumar thapa",sallaghari,rishikeshthapa405@edu.np
"alex prakash rai",banke,alexrai736@moe.np
"nischal bahadur chapagain",ramnagar,nischalchapagain173@yahoo.com
"shishir shekhar maharjan",morang,shishirmaharjan555@mof.np
"kobid kumar oli",sallaghari,kobidoli924@hotmail.com
"pratik bahadur sharma",jhapa,pratiksharma643@meta.co
"kobid chandra magar",banke,kobidmagar332@ioe.np
"samir chandra gywali",dolpa,samirgywali819@facebook.co
"sujal chandra thapa",sallaghari,sujalthapa483@gmail.com
"bablu bahadur magar",bajang,bablumagar949@co.uk
"sujal bahadur dahal",parvat,sujaldahal727@mit.us
"pintu chandra bhandari",parvat,pintubhandari221@hazesoft.co
"sumin shekhar bhandari",kohalpur,suminbhandari381@meta.co
"samaya chandra magar",lokanthali,samayamagar710@mit.us
"diresh kumar sharma",lokanthali,direshsharma509@meta.co
"ramesh bahadur lamichhane",basantapur,rameshlamichhane432@co.uk
"alex prasad maharjan",bajang,alexmaharjan210@edu.np
"diresh chandra sharma",rukum,direshsharma466@hazesoft.co
"nischal prakash lamichhane",bajura,nischallamichhane18@edu.np
"diresh kumar rai",panchtahr,direshrai892@ioe.np
"rishikesh kumar deuba",bardiya,rishikeshdeuba330@hotmail.com
"ramesh prakash magar",bajang,rameshmagar781@meta.co
"nischal shekhar rana",bardiya,nischalrana959@gmail.com
"aashish prakash lamichhane",sallaghari,aashishlamichhane496@hotmail.com
"golu shekhar shrestha",ramnagar,golushrestha968@edu.np
"sujal chandra lamichhane",bajura,sujallamichhane458@edu.np
"kobid chandra sharma",basantapur,kobidsharma53@meta.co
"ashim prasad neupane",panchtahr,ashimneupane894@ioe.np
"samaya prasad chapagain",kaski,samayachapagain613@mit.us
"rabindra shekhar lamichhane",bajura,rabindralamichhane209@mit.us
"rishikesh bahadur thapa",jhapa,rishikeshthapa779@hazesoft.co
"ram bahadur thapa",dolpa,ramthapa694@co.uk
"saisagun shekhar dahal",parvat,saisagundahal879@ioe.np
"ashim chandra rai",dolpa,ashimrai102@hotmail.com
"pintu prasad thapa",rukum,pintuthapa79@edu.np
"bibek bahadur deuba",illam,bibekdeuba373@hotmail.com
"pintu bahadur gywali",kaski,pintugywali255@mit.us
"aashish prakash dahal",basantapur,aashishdahal234@gmail.com
"saisagun prasad neupane",lokanthali,saisagunneupane649@facebook.co
"saisagun kumar chapagain",kaski,saisagunchapagain372@hazesoft.co
"saisagun prasad deuba",kohalpur,saisagundeuba487@mof.np
"pratik chandra oli",dolpa,pratikoli274@meta.co
"rishikesh kumar lamichhane",illam,rishikeshlamichhane847@co.uk
"diresh bahadur lamichhane",basantapur,direshlamichhane980@hotmail.com
"pratik prasad gywali",syangha,pratikgywali931@facebook.co
"manish prasad oli",bajura,manisholi40@hazesoft.co
"ram chandra magar",parvat,rammagar428@mit.us
"aashish prasad shrestha",bajura,aashishshrestha512@hotmail.com
"pintu prasad lamichhane",parvat,pintulamichhane653@yahoo.com
"samaya shekhar thapa",basantapur,samayathapa194@mit.us
"saisagun prasad gywali",morang,saisagungywali730@gmail.com
"saisagun bahadur deuba",parvat,saisagundeuba422@edu.np
"kalyan prasad dahal",basantapur,kalyandahal398@meta.co
"bablu prasad magar",bardiya,bablumagar910@mof.np
"ram bahadur bhandari",bardiya,rambhandari849@yahoo.com
"bablu shekhar thapa",ramnagar,babluthapa221@co.uk
"ram prakash shrestha",sallaghari,ramshrestha498@yahoo.com
"bisesh prasad bhandari",kavre,biseshbhandari787@yahoo.com
"kripesh chandra shrestha",jhapa,kripeshshrestha20@meta.co
"sujal prasad rai",sallaghari,sujalrai913@hotmail.com
"dibesh kumar neupane",kohalpur,dibeshneupane736@moe.np
"shishir prasad lamichhane",rukum,shishirlamichhane226@hotmail.com
"bisesh prasad neupane",basantapur,biseshneupane915@tu.edu.np
"bisesh chandra thapa",kaski,biseshthapa287@mof.np
"shishir kumar chapagain",bajang,shishirchapagain772@mof.np
"kripesh kumar lamichhane",dolpa,kripeshlamichhane183@moe.np
"rishikesh shekhar neupane",kaski,rishikeshneupane394@hotmail.com
"prasanna chandra lamichhane",banke,prasannalamichhane138@meta.co
"pratik prasad rai",dolpa,pratikrai968@co.uk
"bablu kumar magar",jhapa,bablumagar269@hotmail.com
"sumin shekhar maharjan",bajang,suminmaharjan160@facebook.co
"bibek prakash maharjan",banke,bibekmaharjan74@hotmail.com
"ashim kumar gywali",kaski,ashimgywali544@facebook.co
"ram shekhar lamichhane",bajura,ramlamichhane924@hotmail.com
"sumin kumar chapagain",basantapur,suminchapagain922@edu.np
"pintu chandra oli",kaski,pintuoli757@hotmail.com
"bibek prasad rana",banke,bibekrana106@hazesoft.co
"nischal prakash shrestha",panchtahr,nischalshrestha816@mof.np
"samir prasad maharjan",jhapa,samirmaharjan736@edu.np
"bablu prasad dahal",dolpa,babludahal629@mof.np
"ram kumar rai",basantapur,ramrai789@edu.np
"kalyan shekhar neupane",bajura,kalyanneupane367@gmail.com
"sumin chandra sharma",illam,suminsharma779@meta.co
"saisagun prasad chapagain",dolpa,saisagunchapagain988@moe.np
"saisagun prasad oli",kohalpur,saisagunoli377@facebook.co
"ramesh kumar chapagain",kavre,rameshchapagain137@tu.edu.np
"saisagun bahadur rai",dolpa,saisagunrai940@facebook.co
"kobid kumar bhandari",basantapur,kobidbhandari410@mit.us
"golu prasad magar",bajura,golumagar538@moe.np
"golu shekhar shrestha",parvat,golushrestha768@mit.us
"golu prakash magar",syangha,golumagar641@gmail.com
"prasanna prasad maharjan",sallaghari,prasannamaharjan733@mit.us
"ramesh shekhar bhandari",ramnagar,rameshbhandari641@edu.np
"ashim kumar deuba",kaski,ashimdeuba393@hazesoft.co
"saisagun shekhar magar",basantapur,saisagunmagar537@gmail.com
"ramesh chandra lamichhane",bajang,rameshlamichhane443@mof.np
"samaya chandra thapa",parvat,samayathapa639@hotmail.com
"diresh chandra rana",ramnagar,direshrana494@meta.co
"golu bahadur oli",bajang,goluoli747@edu.np
"bibek prasad chapagain",panchtahr,bibekchapagain204@moe.np
"aashish prasad magar",kaski,aashishmagar392@gmail.com
"nischal kumar rai",illam,nischalrai518@meta.co
"bibek chandra deuba",kavre,bibekdeuba282@meta.co
"pratik chandra neupane",bardiya,pratikneupane69@yahoo.com
"sumin prakash rana",sallaghari,suminrana94@ioe.np
"nischal chandra rana",sallaghari,nischalrana707@hazesoft.co
"pratik shekhar bhandari",dolpa,pratikbhandari81@mit.us
"prasanna shekhar shrestha",bajura,prasannashrestha290@yahoo.com
"diresh bahadur gywali",bajura,direshgywali712@yahoo.com
"aashish prasad gywali",lokanthali,aashishgywali834@mof.np
"bablu shekhar oli",ramnagar,babluoli692@ioe.np
"alex chandra deuba",bajang,alexdeuba55@tu.edu.np
"prasanna kumar neupane",dolpa,prasannaneupane216@tu.edu.np
"sujal shekhar maharjan",bardiya,sujalmaharjan646@hotmail.com
"prasanna shekhar oli",kohalpur,prasannaoli287@co.uk
"diresh shekhar rana",bajang,direshrana453@hotmail.com
"suraj chandra deuba",illam,surajdeuba638@gmail.com
"golu prasad gywali",sallaghari,golugywali979@mof.np
"kobid prakash rana",kaski,kobidrana360@facebook.co
"samaya prakash rai",rukum,samayarai926@edu.np
"ashim prakash neupane",kavre,ashimneupane69@mit.us
"ashim chandra maharjan",panchtahr,ashimmaharjan872@moe.np
"pintu prasad magar",kavre,pintumagar19@hotmail.com
"pratik kumar magar",kaski,pratikmagar567@mof.np
"samir prakash gywali",lokanthali,samirgywali157@meta.co
"ramesh bahadur gywali",rukum,rameshgywali551@co.uk
"prasanna prakash magar",jhapa,prasannamagar609@meta.co
"bibek chandra gywali",parvat,bibekgywali969@yahoo.com
"sujal chandra maharjan",basantapur,sujalmaharjan321@meta.co
"rishikesh bahadur deuba",ramnagar,rishikeshdeuba620@mof.np
"bibek prakash dahal",jhapa,bibekdahal567@ioe.np
"kalyan prasad oli",banke,kalyanoli312@meta.co
"kobid prakash gywali",kaski,kobidgywali734@hotmail.com
"alex bahadur magar",morang,alexmagar639@mit.us
"samir prakash bhandari",banke,samirbhandari837@facebook.co
"aashish bahadur sharma",bardiya,aashishsharma375@moe.np
"suraj prakash magar",dolpa,surajmagar204@gmail.com
"bibek kumar thapa",bajang,bibekthapa487@moe.np
"pratik prakash rai",parvat,pratikrai159@mit.us
"bisesh bahadur rai",parvat,biseshrai767@co.uk
"prasanna prakash gywali",basantapur,prasannagywali458@facebook.co
"pratik prakash bhandari",bajura,pratikbhandari898@mof.np
"golu bahadur rai",kavre,golurai63@co.uk
"aashish prasad gywali",morang,aashishgywali514@facebook.co
"bisesh chandra oli",bajang,bisesholi152@meta.co
"rishikesh kumar deuba",bajang,rishikeshdeuba642@moe.np
"manish kumar neupane",kavre,manishneupane988@tu.edu.np
"bibek kumar gywali",sallaghari,bibekgywali594@ioe.np
"bibek bahadur maharjan",dolpa,bibekmaharjan53@hazesoft.co
"diresh prakash lamichhane",bardiya,direshlamichhane601@mit.us
"bisesh prakash lamichhane",kohalpur,biseshlamichhane527@mof.np
"manish prasad gywali",bajura,manishgywali300@hotmail.com
"alex prakash rana",kaski,alexrana585@tu.edu.np
"diresh kumar thapa",bardiya,direshthapa249@gmail.com
"samir bahadur thapa",dolpa,samirthapa701@mit.us
"bibek prakash maharjan",panchtahr,bibekmaharjan50@edu.np
"rabindra shekhar oli",morang,rabindraoli985@co.uk
"kripesh prakash deuba",syangha,kripeshdeuba879@facebook.co
"rabindra prakash lamichhane",dolpa,rabindralamichhane526@facebook.co
"diresh prakash rana",parvat,direshrana847@co.uk
"suraj bahadur rai",bajura,surajrai838@gmail.com
"kalyan shekhar bhandari",bajang,kalyanbhandari995@meta.co
"ashim bahadur rai",illam,ashimrai359@hazesoft.co
"kobid kumar gywali",parvat,kobidgywali486@moe.np
"saisagun prasad magar",banke,saisagunmagar422@facebook.co
"kripesh prasad rana",panchtahr,kripeshrana501@mof.np
"manish prakash bhandari",banke,manishbhandari969@moe.np
"pratik kumar neupane",bajang,pratikneupane473@co.uk
"dibesh kumar rana",parvat,dibeshrana101@yahoo.com
"dibesh bahadur dahal",morang,dibeshdahal983@gmail.com
"sumin shekhar chapagain",basantapur,suminchapagain550@facebook.co
"bisesh chandra rai",sallaghari,biseshrai313@hotmail.com
"diresh chandra magar",sallaghari,direshmagar833@mof.np
"ram prasad gywali",bardiya,ramgywali135@mit.us
"suraj shekhar rai",kaski,surajrai172@gmail.com
"pratik bahadur gywali",rukum,pratikgywali854@yahoo.com
"saisagun shekhar thapa",basantapur,saisagunthapa131@edu.np
"ashim chandra maharjan",panchtahr,ashimmaharjan826@tu.edu.np
"aashish kumar deuba",rukum,aashishdeuba811@yahoo.com
"ashim prakash thapa",basantapur,ashimthapa167@hazesoft.co
"kripesh bahadur neupane",lokanthali,kripeshneupane126@edu.np
"kobid prakash oli",bajura,kobidoli604@ioe.np
"rishikesh kumar magar",parvat,rishikeshmagar842@gmail.com
"sujal chandra magar",rukum,sujalmagar270@gmail.com
"alex shekhar neupane",jhapa,alexneupane440@gmail.com
"golu shekhar magar",syangha,golumagar950@tu.edu.np
"ram prasad thapa",illam,ramthapa729@hazesoft.co
"pratik prakash sharma",kaski,pratiksharma398@hotmail.com
"sumin shekhar oli",bajang,suminoli175@yahoo.com
"suraj kumar dahal",basantapur,surajdahal264@hazesoft.co
"kalyan chandra shrestha",basantapur,kalyanshrestha556@mof.np
"pratik bahadur rai",bajura,pratikrai139@tu.edu.np
"ram chandra rana",kaski,ramrana943@mit.us
"samaya prasad chapagain",basantapur,samayachapagain387@co.uk
"aashish chandra maharjan",basantapur,aashishmaharjan869@meta.co
"golu prasad maharjan",kohalpur,golumaharjan653@ioe.np
"ramesh kumar shrestha",bajura,rameshshrestha230@gmail.com
"golu bahadur bhandari",dolpa,golubhandari767@moe.np
"rishikesh kumar neupane",morang,rishikeshneupane512@co.uk
"aashish prasad thapa",bajura,aashishthapa806@facebook.co
"diresh prasad magar",morang,direshmagar80@hazesoft.co
"rishikesh chandra maharjan",illam,rishikeshmaharjan550@facebook.co
"kalyan prakash rana",ramnagar,kalyanrana571@mit.us
"sujal kumar sharma",basantapur,sujalsharma286@edu.np
"saisagun shekhar shrestha",jhapa,saisagunshrestha144@mof.np
"dibesh shekhar bhandari",morang,dibeshbhandari347@meta.co
"kripesh chandra gywali",dolpa,kripeshgywali461@yahoo.com
"manish prasad chapagain",banke,manishchapagain797@co.uk
"samaya prasad dahal",morang,samayadahal82@hotmail.com
"kobid shekhar maharjan",kaski,kobidmaharjan921@facebook.co
"sujal prakash rai",banke,sujalrai102@hazesoft.co
"prasanna shekhar oli",kavre,prasannaoli443@meta.co
"kobid shekhar rai",sallaghari,kobidrai802@moe.np
"nischal kumar deuba",ramnagar,nischaldeuba865@co.uk
"diresh bahadur rai",syangha,direshrai197@co.uk
"suraj kumar sharma",lokanthali,surajsharma551@hazesoft.co
"kobid prasad chapagain",kohalpur,kobidchapagain897@facebook.co
"golu prakash shrestha",rukum,golushrestha491@facebook.co
"saisagun kumar rana",rukum,saisagunrana848@gmail.com
"kobid prasad rana",bajang,kobidrana681@hazesoft.co
"golu shekhar chapagain",kavre,goluchapagain292@hotmail.com
"rishikesh kumar deuba",ramnagar,rishikeshdeuba236@edu.np
"bisesh kumar chapagain",panchtahr,biseshchapagain713@tu.edu.np
"prasanna kumar gywali",kaski,prasannagywali462@tu.edu.np
"rishikesh prakash bhandari",dolpa,rishikeshbhandari182@gmail.com
"aashish shekhar maharjan",rukum,aashishmaharjan813@mof.np
"sujal chandra bhandari",syangha,sujalbhandari959@gmail.com
"bisesh bahadur chapagain",jhapa,biseshchapagain394@hotmail.com
"dibesh chandra gywali",panchtahr,dibeshgywali312@tu.edu.np
"bisesh prakash rana",bajang,biseshrana428@tu.edu.np
"sujal bahadur shrestha",lokanthali,sujalshrestha618@mit.us
"kalyan prakash magar",dolpa,kalyanmagar818@gmail.com
"kripesh prasad gywali",syangha,kripeshgywali911@facebook.co
"bablu kumar chapagain",illam,babluchapagain809@yahoo.com
"golu chandra shrestha",sallaghari,golushrestha277@ioe.np
"dibesh kumar sharma",morang,dibeshsharma397@mit.us
"sujal prakash oli",syangha,sujaloli277@mof.np
"manish prakash magar",panchtahr,manishmagar112@meta.co
"kalyan kumar chapagain",jhapa,kalyanchapagain89@mit.us
"kobid bahadur lamichhane",illam,kobidlamichhane158@gmail.com
"diresh prakash neupane",banke,direshneupane367@gmail.com
"dibesh prakash oli",kohalpur,dibesholi423@edu.np
"samir bahadur gywali",rukum,samirgywali466@mit.us
"suraj chandra oli",ramnagar,surajoli823@moe.np
"ramesh bahadur shrestha",morang,rameshshrestha739@gmail.com
"pratik prasad oli",bardiya,pratikoli91@ioe.np
"prasanna kumar deuba",kaski,prasannadeuba392@tu.edu.np
"ram bahadur lamichhane",kohalpur,ramlamichhane141@hazesoft.co
"sujal chandra neupane",illam,sujalneupane495@yahoo.com
"suraj prakash chapagain",jhapa,surajchapagain217@yahoo.com
"bibek prasad bhandari",bajura,bibekbhandari242@tu.edu.np
"rabindra bahadur rana",bajang,rabindrarana666@edu.np
"samaya prasad maharjan",ramnagar,samayamaharjan547@gmail.com
"kobid kumar dahal",sallaghari,kobiddahal221@mof.np
"nischal chandra lamichhane",rukum,nischallamichhane893@facebook.co
"bibek bahadur magar",parvat,bibekmagar506@mit.us
"sujal shekhar rai",basantapur,sujalrai492@tu.edu.np
"alex prasad deuba",basantapur,alexdeuba902@co.uk
"diresh chandra neupane",dolpa,direshneupane15@ioe.np
"bibek prasad rai",morang,bibekrai413@meta.co
"manish chandra sharma",syangha,manishsharma508@facebook.co
"alex prasad rana",kaski,alexrana758@moe.np
"rishikesh shekhar oli",panchtahr,rishikesholi241@gmail.com
"aashish bahadur rana",ramnagar,aashishrana34@hotmail.com
"samir prasad rai",panchtahr,samirrai349@co.uk
"golu shekhar gywali",lokanthali,golugywali333@hotmail.com
"golu bahadur sharma",bajang,golusharma59@hotmail.com
"alex chandra maharjan",lokanthali,alexmaharjan805@ioe.np
"bisesh bahadur deuba",parvat,biseshdeuba967@hotmail.com
"aashish bahadur rai",banke,aashishrai505@co.uk
"saisagun chandra shrestha",jhapa,saisagunshrestha596@hazesoft.co
"sujal prasad lamichhane",bajang,sujallamichhane341@edu.np
"manish shekhar oli",illam,manisholi278@yahoo.com
"samaya bahadur rai",ramnagar,samayarai4@hotmail.com
"kobid prakash thapa",kavre,kobidthapa652@meta.co
"prasanna prakash sharma",rukum,prasannasharma474@edu.np
"ramesh chandra thapa",illam,rameshthapa416@edu.np
"nischal prasad thapa",kohalpur,nischalthapa278@yahoo.com
"dibesh bahadur rana",bajang,dibeshrana169@co.uk
"alex bahadur rana",basantapur,alexrana160@mit.us
"saisagun kumar rana",lokanthali,saisagunrana511@mof.np
"sumin prakash sharma",banke,suminsharma114@meta.co
"kobid kumar lamichhane",rukum,kobidlamichhane465@tu.edu.np
"manish shekhar bhandari",syangha,manishbhandari860@hazesoft.co
"ashim shekhar magar",basantapur,ashimmagar462@hazesoft.co
"dibesh chandra thapa",bardiya,dibeshthapa51@hotmail.com
"sujal prakash thapa",morang,sujalthapa403@hotmail.com
"bisesh prakash maharjan",dolpa,biseshmaharjan54@meta.co
"pintu prakash thapa",bajang,pintuthapa311@hotmail.com
"nischal kumar dahal",ramnagar,nischaldahal530@hazesoft.co
"samaya chandra maharjan",illam,samayamaharjan728@moe.np
"ashim prakash lamichhane",dolpa,ashimlamichhane6@edu.np
"alex shekhar neupane",bajang,alexneupane267@facebook.co
"rabindra kumar bhandari",illam,rabindrabhandari493@edu.np
"diresh chandra rai",sallaghari,direshrai676@co.uk
"bisesh prakash shrestha",parvat,biseshshrestha152@tu.edu.np
"kripesh bahadur thapa",rukum,kripeshthapa638@co.uk
"rabindra kumar bhandari",kohalpur,rabindrabhandari467@meta.co
"dibesh chandra rana",bajura,dibeshrana422@moe.np
"bibek shekhar deuba",illam,bibekdeuba597@mof.np
"samaya kumar gywali",dolpa,samayagywali921@hotmail.com
"diresh kumar neupane",bardiya,direshneupane740@mof.np
"saisagun chandra sharma",syangha,saisagunsharma814@mit.us
"diresh prakash maharjan",ramnagar,direshmaharjan297@tu.edu.np
"alex prakash gywali",kohalpur,alexgywali251@hotmail.com
"alex prasad rai",lokanthali,alexrai86@ioe.np
"sumin kumar magar",ramnagar,suminmagar191@tu.edu.np
"kalyan prakash rana",basantapur,kalyanrana184@hazesoft.co
"suraj bahadur gywali",jhapa,surajgywali612@edu.np
"bibek shekhar chapagain",kaski,bibekchapagain795@mit.us
"ram prakash bhandari",syangha,rambhandari190@co.uk
"sumin prakash bhandari",dolpa,suminbhandari357@hotmail.com
"kripesh bahadur neupane",kaski,kripeshneupane64@tu.edu.np
"samir kumar dahal",dolpa,samirdahal348@ioe.np
"alex shekhar neupane",sallaghari,alexneupane85@tu.edu.np
"rabindra shekhar neupane",jhapa,rabindraneupane850@co.uk
"saisagun kumar rai",bardiya,saisagunrai351@edu.np
"dibesh kumar deuba",basantapur,dibeshdeuba166@yahoo.com
"sumin shekhar sharma",jhapa,suminsharma790@hazesoft.co
"bibek prakash chapagain",bardiya,bibekchapagain803@hotmail.com
"samaya shekhar lamichhane",bajura,samayalamichhane34@ioe.np
"suraj prakash bhandari",panchtahr,surajbhandari178@co.uk
"kobid bahadur dahal",sallaghari,kobiddahal465@yahoo.com
"ram prakash magar",banke,rammagar27@hotmail.com
"alex chandra maharjan",banke,alexmaharjan664@moe.np
"shishir prakash shrestha",dolpa,shishirshrestha700@mit.us
"kripesh prakash rana",lokanthali,kripeshrana564@yahoo.com
"ram kumar maharjan",bajang,rammaharjan205@meta.co
"ashim shekhar lamichhane",illam,ashimlamichhane779@mof.np
"bisesh kumar shrestha",morang,biseshshrestha783@gmail.com
"bablu prakash deuba",parvat,babludeuba671@mof.np
"dibesh kumar oli",kaski,dibesholi596@tu.edu.np
"golu prakash neupane",dolpa,goluneupane565@moe.np
"ram bahadur shrestha",banke,ramshrestha804@moe.np
"pratik prakash shrestha",basantapur,pratikshrestha251@moe.np
"kobid bahadur rai",panchtahr,kobidrai305@mof.np
"manish kumar lamichhane",kaski,manishlamichhane601@hazesoft.co
"alex prasad maharjan",lokanthali,alexmaharjan545@hazesoft.co
"pratik prasad gywali",sallaghari,pratikgywali48@gmail.com
"samir shekhar magar",bajang,samirmagar30@facebook.co
"ashim chandra chapagain",dolpa,ashimchapagain744@hazesoft.co
"suraj kumar rana",parvat,surajrana857@tu.edu.np
"golu prakash oli",rukum,goluoli843@tu.edu.np
"kalyan chandra rai",bajura,kalyanrai17@edu.np
"manish chandra chapagain",lokanthali,manishchapagain511@tu.edu.np
"dibesh kumar deuba",morang,dibeshdeuba773@yahoo.com
"bibek prakash gywali",bajang,bibekgywali840@gmail.com
"aashish bahadur thapa",kaski,aashishthapa832@hazesoft.co
"sujal prasad thapa",dolpa,sujalthapa493@tu.edu.np
"bisesh kumar rai",lokanthali,biseshrai25@co.uk
"diresh kumar deuba",lokanthali,direshdeuba488@mof.np
"ashim kumar deuba",dolpa,ashimdeuba656@mit.us
"bisesh prakash thapa",bajang,biseshthapa750@meta.co
"diresh prakash deuba",bajura,direshdeuba342@gmail.com
"kalyan shekhar bhandari",sallaghari,kalyanbhandari331@edu.np
"ram prakash deuba",ramnagar,ramdeuba190@hazesoft.co
"nischal kumar deuba",kaski,nischaldeuba32@ioe.np
"nischal shekhar neupane",bajura,nischalneupane116@meta.co
"kripesh shekhar oli",bajang,kripesholi980@gmail.com
"bablu bahadur thapa",kohalpur,babluthapa164@ioe.np
"samaya prasad oli",basantapur,samayaoli283@co.uk
"sumin shekhar thapa",illam,suminthapa619@yahoo.com
"bisesh prakash rai",lokanthali,biseshrai944@mit.us
"manish chandra bhandari",illam,manishbhandari481@tu.edu.np
"saisagun prasad shrestha",kavre,saisagunshrestha574@ioe.np
"sujal prakash rana",illam,sujalrana734@moe.np
"kripesh prakash magar",illam,kripeshmagar384@mof.np
"shishir bahadur deuba",banke,shishirdeuba701@tu.edu.np
"rabindra chandra deuba",bajura,rabindradeuba664@moe.np
"kripesh bahadur thapa",jhapa,kripeshthapa886@mof.np
"nischal chandra lamichhane",syangha,nischallamichhane374@gmail.com
"kobid shekhar chapagain",kavre,kobidchapagain416@gmail.com
"dibesh prakash neupane",kaski,dibeshneupane119@mit.us
"pintu chandra rana",bardiya,pinturana599@ioe.np
"aashish shekhar gywali",kohalpur,aashishgywali153@yahoo.com
"kalyan bahadur magar",basantapur,kalyanmagar502@tu.edu.np
"pratik kumar chapagain",panchtahr,pratikchapagain52@gmail.com
"dibesh shekhar chapagain",kavre,dibeshchapagain362@tu.edu.np
"sujal shekhar sharma",ramnagar,sujalsharma997@co.uk
"dibesh bahadur shrestha",basantapur,dibeshshrestha957@co.uk
"kobid kumar rai",kohalpur,kobidrai45@co.uk
"shishir prakash shrestha",bajura,shishirshrestha943@meta.co
"alex prasad magar",kohalpur,alexmagar893@tu.edu.np
"bisesh chandra rana",kaski,biseshrana276@hazesoft.co
"sumin chandra thapa",parvat,suminthapa191@hotmail.com
"ram prasad shrestha",bajang,ramshrestha497@moe.np
"ram chandra dahal",rukum,ramdahal528@gmail.com
"shishir chandra neupane",morang,shishirneupane905@co.uk
"saisagun bahadur rai",kaski,saisagunrai859@hazesoft.co
"kobid prasad magar",rukum,kobidmagar227@co.uk
"diresh bahadur bhandari",illam,direshbhandari354@moe.np
"pratik kumar bhandari",panchtahr,pratikbhandari691@ioe.np
"kalyan chandra rana",dolpa,kalyanrana734@gmail.com
"kobid bahadur shrestha",kavre,kobidshrestha295@meta.co
"ramesh kumar lamichhane",kavre,rameshlamichhane843@ioe.np
"alex prasad rai",sallaghari,alexrai922@mof.np
"dibesh prakash thapa",parvat,dibeshthapa414@moe.np
"ram kumar magar",banke,rammagar117@hazesoft.co
"pratik chandra chapagain",syangha,pratikchapagain939@moe.np
"sumin prasad rai",bajura,suminrai253@co.uk
"bisesh chandra lamichhane",jhapa,biseshlamichhane395@meta.co
"pintu kumar oli",lokanthali,pintuoli136@tu.edu.np
"prasanna prakash deuba",dolpa,prasannadeuba683@mit.us
"dibesh kumar lamichhane",parvat,dibeshlamichhane541@yahoo.com
"pintu kumar magar",syangha,pintumagar191@mit.us
"bisesh prakash rana",syangha,biseshrana446@facebook.co
"ramesh chandra chapagain",sallaghari,rameshchapagain741@hazesoft.co
"pratik bahadur deuba",kavre,pratikdeuba199@hazesoft.co
"rishikesh chandra chapagain",bardiya,rishikeshchapagain833@mof.np
"bibek prakash bhandari",rukum,bibekbhandari687@edu.np
"saisagun prasad thapa",panchtahr,saisagunthapa985@co.uk
"kalyan prakash rana",illam,kalyanrana920@mof.np
"bisesh bahadur gywali",syangha,biseshgywali652@mof.np
"pintu bahadur deuba",syangha,pintudeuba17@ioe.np
"manish prakash rana",bajura,manishrana692@gmail.com
"golu shekhar maharjan",basantapur,golumaharjan660@gmail.com
"saisagun prasad gywali",sallaghari,saisagungywali156@mit.us
"suraj kumar shrestha",banke,surajshrestha477@mof.np
"ramesh prasad bhandari",syangha,rameshbhandari77@hazesoft.co
"saisagun prakash lamichhane",illam,saisagunlamichhane289@tu.edu.np
"bisesh chandra shrestha",lokanthali,biseshshrestha317@ioe.np
"saisagun shekhar deuba",illam,saisagundeuba465@ioe.np
"alex shekhar thapa",sallaghari,alexthapa118@mit.us
"ashim prakash dahal",morang,ashimdahal175@gmail.com
"diresh bahadur shrestha",parvat,direshshrestha279@meta.co
"suraj shekhar gywali",sallaghari,surajgywali29@facebook.co
"samir prakash shrestha",panchtahr,samirshrestha256@tu.edu.np
"golu chandra deuba",kaski,goludeuba791@meta.co
"ashim prasad rai",syangha,ashimrai663@hotmail.com
"rabindra kumar rai",banke,rabindrarai179@hazesoft.co
"rishikesh bahadur sharma",panchtahr,rishikeshsharma685@mof.np
"kobid prasad shrestha",jhapa,kobidshrestha870@yahoo.com
"ashim chandra rai",parvat,ashimrai900@edu.np
"samaya kumar shrestha",syangha,samayashrestha169@co.uk
"samir prasad shrestha",bardiya,samirshrestha866@yahoo.com
"bablu prasad neupane",bardiya,babluneupane866@hazesoft.co
"aashish prakash oli",bajura,aashisholi926@hazesoft.co
"golu prasad rana",parvat,golurana14@meta.co
"ramesh prakash dahal",kavre,rameshdahal79@tu.edu.np
"bibek prasad gywali",kohalpur,bibekgywali512@hotmail.com
"aashish kumar thapa",kohalpur,aashishthapa799@mof.np
"manish chandra gywali",panchtahr,manishgywali612@mof.np
"manish bahadur shrestha",kaski,manishshrestha345@edu.np
"kripesh shekhar bhandari",kohalpur,kripeshbhandari202@yahoo.com
"suraj shekhar shrestha",kavre,surajshrestha823@gmail.com
"prasanna bahadur oli",bajang,prasannaoli417@ioe.np
"kripesh kumar gywali",illam,kripeshgywali272@meta.co
"kalyan prasad neupane",bardiya,kalyanneupane51@mit.us
"bablu bahadur maharjan",kohalpur,bablumaharjan760@edu.np
"rishikesh prasad shrestha",rukum,rishikeshshrestha875@tu.edu.np
"samir prasad lamichhane",ramnagar,samirlamichhane188@facebook.co
"sumin prasad bhandari",morang,suminbhandari72@yahoo.com
"samir kumar lamichhane",rukum,samirlamichhane734@yahoo.com
"saisagun prasad maharjan",kaski,saisagunmaharjan27@hotmail.com
"shishir prakash dahal",panchtahr,shishirdahal365@ioe.np
"kripesh bahadur thapa",bajang,kripeshthapa10@gmail.com
"sujal prasad rana",ramnagar,sujalrana644@meta.co
"bibek kumar sharma",sallaghari,bibeksharma435@edu.np
"manish shekhar lamichhane",kavre,manishlamichhane408@gmail.com
"dibesh prakash chapagain",panchtahr,dibeshchapagain73@gmail.com
"saisagun bahadur bhandari",panchtahr,saisagunbhandari456@tu.edu.np
"kripesh chandra thapa",kaski,kripeshthapa569@yahoo.com
"nischal kumar maharjan",morang,nischalmaharjan15@hazesoft.co
"kobid shekhar magar",panchtahr,kobidmagar834@gmail.com
"golu prakash bhandari",bajang,golubhandari449@moe.np
"bibek shekhar sharma",illam,bibeksharma744@moe.np
"pintu prasad gywali",morang,pintugywali758@yahoo.com
"sujal prasad rai",bardiya,sujalrai964@tu.edu.np
"manish shekhar oli",bardiya,manisholi76@gmail.com
"golu bahadur dahal",kaski,goludahal857@hazesoft.co
"pratik prasad rai",banke,pratikrai525@gmail.com
"saisagun prasad deuba",dolpa,saisagundeuba469@edu.np
"rishikesh shekhar chapagain",bajura,rishikeshchapagain508@meta.co
"sumin prasad chapagain",illam,suminchapagain162@facebook.co
"golu shekhar rai",basantapur,golurai383@moe.np
"manish bahadur neupane",panchtahr,manishneupane538@yahoo.com
"nischal prakash magar",ramnagar,nischalmagar190@moe.np
"alex shekhar magar",ramnagar,alexmagar508@mof.np
"bablu kumar bhandari",syangha,bablubhandari592@hazesoft.co
"diresh chandra thapa",kohalpur,direshthapa833@moe.np
"diresh kumar thapa",kavre,direshthapa735@mit.us
"suraj kumar lamichhane",banke,surajlamichhane458@ioe.np
"diresh prakash rana",bajura,direshrana579@mof.np
"rishikesh shekhar deuba",dolpa,rishikeshdeuba296@facebook.co
"pintu bahadur rai",sallaghari,pinturai139@mof.np
"saisagun kumar maharjan",illam,saisagunmaharjan769@ioe.np
"ramesh chandra oli",basantapur,ramesholi838@ioe.np
"shishir kumar oli",morang,shishiroli702@mit.us
"kripesh chandra shrestha",parvat,kripeshshrestha928@moe.np
"kobid kumar magar",sallaghari,kobidmagar899@gmail.com
"alex prasad maharjan",sallaghari,alexmaharjan447@gmail.com
"samir prasad gywali",kaski,samirgywali292@co.uk
"pintu prasad bhandari",kohalpur,pintubhandari385@gmail.com
"prasanna chandra chapagain",bardiya,prasannachapagain998@mit.us
"ram kumar rana",banke,ramrana236@facebook.co
"saisagun chandra chapagain",bajang,saisagunchapagain869@edu.np
"samaya prasad deuba",bajura,samayadeuba158@ioe.np
"dibesh prakash gywali",rukum,dibeshgywali300@meta.co
"pintu kumar chapagain",sallaghari,pintuchapagain428@mof.np
"suraj prakash oli",bardiya,surajoli399@hazesoft.co
"suraj prasad deuba",kohalpur,surajdeuba444@yahoo.com
"ashim prakash rana",ramnagar,ashimrana481@hazesoft.co
"ashim prakash shrestha",morang,ashimshrestha830@ioe.np
"golu kumar thapa",morang,goluthapa505@ioe.np
"kalyan prasad maharjan",bardiya,kalyanmaharjan785@co.uk
"suraj prasad maharjan",morang,surajmaharjan141@yahoo.com
"prasanna bahadur magar",ramnagar,prasannamagar176@co.uk
"dibesh shekhar deuba",rukum,dibeshdeuba966@ioe.np
"diresh prakash maharjan",bardiya,direshmaharjan957@mof.np
"shishir chandra magar",bajang,shishirmagar617@edu.np
"golu chandra thapa",sallaghari,goluthapa555@tu.edu.np
"nischal chandra thapa",banke,nischalthapa447@meta.co
"golu bahadur gywali",morang,golugywali187@mit.us
"alex prasad neupane",rukum,alexneupane305@gmail.com
"samir kumar lamichhane",lokanthali,samirlamichhane688@tu.edu.np
"manish prasad rana",bajang,manishrana372@mof.np
"rishikesh kumar rana",ramnagar,rishikeshrana335@gmail.com
"golu prasad rai",bajang,golurai26@yahoo.com
"shishir shekhar rana",basantapur,shishirrana296@gmail.com
"dibesh kumar chapagain",bardiya,dibeshchapagain529@moe.np
"kalyan kumar deuba",syangha,kalyandeuba978@mit.us
"prasanna shekhar dahal",parvat,prasannadahal200@ioe.np
"alex shekhar chapagain",ramnagar,alexchapagain968@hotmail.com
"ramesh prasad chapagain",kavre,rameshchapagain408@facebook.co
"ramesh prasad shrestha",basantapur,rameshshrestha780@facebook.co
"diresh prasad maharjan",lokanthali,direshmaharjan168@tu.edu.np
"kripesh chandra deuba",illam,kripeshdeuba724@mit.us
"suraj prakash magar",panchtahr,surajmagar199@hazesoft.co
"bibek shekhar shrestha",bardiya,bibekshrestha99@moe.np
"ram kumar deuba",kaski,ramdeuba200@edu.np
"shishir chandra rana",dolpa,shishirrana313@mit.us
"ramesh chandra chapagain",parvat,rameshchapagain309@co.uk
"ashim prakash neupane",sallaghari,ashimneupane968@tu.edu.np
"golu chandra rai",lokanthali,golurai702@tu.edu.np
"kalyan chandra neupane",kohalpur,kalyanneupane931@facebook.co
"suraj prakash sharma",rukum,surajsharma466@hotmail.com
"nischal kumar deuba",banke,nischaldeuba781@facebook.co
"kripesh kumar gywali",kaski,kripeshgywali323@yahoo.com
"bibek bahadur rana",lokanthali,bibekrana955@mit.us
"sujal prakash magar",bajang,sujalmagar850@yahoo.com
"alex chandra maharjan",rukum,alexmaharjan430@hazesoft.co
"dibesh prasad gywali",parvat,dibeshgywali456@hotmail.com
"pintu shekhar chapagain",parvat,pintuchapagain769@tu.edu.np
"nischal prasad rai",basantapur,nischalrai802@edu.np
"aashish prakash shrestha",rukum,aashishshrestha673@hotmail.com
"rabindra chandra rana",basantapur,rabindrarana394@ioe.np
"kobid shekhar thapa",morang,kobidthapa675@hotmail.com
"ram kumar deuba",parvat,ramdeuba111@ioe.np
"aashish bahadur bhandari",jhapa,aashishbhandari48@yahoo.com
"alex chandra oli",bajang,alexoli32@hotmail.com
"bablu kumar dahal",bajura,babludahal373@mit.us
"bibek prakash deuba",bardiya,bibekdeuba808@hotmail.com
"rabindra prasad dahal",dolpa,rabindradahal560@hotmail.com
"kobid prasad maharjan",dolpa,kobidmaharjan149@edu.np
"ramesh chandra rai",kavre,rameshrai30@gmail.com
"manish shekhar sharma",sallaghari,manishsharma246@hazesoft.co
"pratik chandra deuba",rukum,pratikdeuba529@hotmail.com
"golu shekhar sharma",basantapur,golusharma848@ioe.np
"aashish bahadur shrestha",jhapa,aashishshrestha806@meta.co
"aashish chandra dahal",jhapa,aashishdahal864@gmail.com
"bibek prasad bhandari",rukum,bibekbhandari188@ioe.np
"shishir prasad maharjan",basantapur,shishirmaharjan104@ioe.np
"pratik kumar sharma",syangha,pratiksharma248@gmail.com
"ashim prasad rai",jhapa,ashimrai536@co.uk
"nischal chandra shrestha",lokanthali,nischalshrestha172@facebook.co
"pintu prasad deuba",dolpa,pintudeuba81@moe.np
"shishir prakash gywali",banke,shishirgywali742@tu.edu.np
"samaya bahadur rana",bardiya,samayarana763@gmail.com
"dibesh kumar lamichhane",dolpa,dibeshlamichhane825@tu.edu.np
"ram kumar shrestha",parvat,ramshrestha806@gmail.com
"kalyan kumar gywali",kaski,kalyangywali936@meta.co
"ram chandra neupane",panchtahr,ramneupane843@facebook.co
"kobid bahadur magar",jhapa,kobidmagar149@hotmail.com
"nischal shekhar lamichhane",bardiya,nischallamichhane833@moe.np
"alex bahadur deuba",rukum,alexdeuba966@meta.co
"manish chandra thapa",panchtahr,manishthapa205@yahoo.com
"golu prakash gywali",kohalpur,golugywali4@mof.np
"bibek prasad oli",morang,bibekoli743@ioe.np
"suraj chandra lamichhane",panchtahr,surajlamichhane567@facebook.co
"bibek chandra shrestha",kohalpur,bibekshrestha306@ioe.np
"bisesh kumar gywali",bardiya,biseshgywali693@edu.np
"dibesh shekhar lamichhane",jhapa,dibeshlamichhane961@meta.co
"samaya kumar oli",ramnagar,samayaoli110@meta.co
"alex prakash dahal",jhapa,alexdahal20@ioe.np
"sumin chandra deuba",dolpa,sumindeuba426@edu.np
"manish prakash bhandari",ramnagar,manishbhandari488@mof.np
"ashim kumar sharma",bardiya,ashimsharma332@moe.np
"aashish prasad deuba",lokanthali,aashishdeuba344@co.uk
"pratik prasad chapagain",banke,pratikchapagain584@ioe.np
"bisesh prakash lamichhane",rukum,biseshlamichhane377@mof.np
"nischal prakash gywali",rukum,nischalgywali223@gmail.com
"dibesh chandra shrestha",bardiya,dibeshshrestha667@facebook.co
"samaya kumar oli",jhapa,samayaoli299@ioe.np
"bisesh chandra bhandari",kohalpur,biseshbhandari814@ioe.np
"aashish bahadur chapagain",kohalpur,aashishchapagain65@co.uk
"saisagun prakash rai",kaski,saisagunrai148@yahoo.com
"ram bahadur rai",lokanthali,ramrai799@ioe.np
"saisagun chandra chapagain",banke,saisagunchapagain504@gmail.com
"ram bahadur neupane",bardiya,ramneupane593@hazesoft.co
"kripesh bahadur bhandari",syangha,kripeshbhandari671@tu.edu.np
"kalyan shekhar magar",syangha,kalyanmagar502@yahoo.com
"ashim prakash neupane",banke,ashimneupane674@tu.edu.np
"aashish prasad lamichhane",panchtahr,aashishlamichhane908@co.uk
"pintu bahadur shrestha",panchtahr,pintushrestha719@hazesoft.co
"alex bahadur thapa",ramnagar,alexthapa807@yahoo.com
"suraj shekhar thapa",bardiya,surajthapa331@mit.us
"diresh prakash shrestha",parvat,direshshrestha155@hotmail.com
"prasanna prasad chapagain",basantapur,prasannachapagain231@mit.us
"golu prasad neupane",parvat,goluneupane623@ioe.np
"nischal chandra gywali",parvat,nischalgywali97@meta.co
"pintu kumar neupane",banke,pintuneupane364@hazesoft.co
"samir prakash chapagain",parvat,samirchapagain868@hotmail.com
"golu kumar neupane",illam,goluneupane742@tu.edu.np
"rishikesh prakash magar",panchtahr,rishikeshmagar85@moe.np
"suraj kumar rai",kaski,surajrai647@hazesoft.co
"ram prakash bhandari",syangha,rambhandari260@gmail.com
"prasanna chandra rana",sallaghari,prasannarana529@ioe.np
"ramesh kumar dahal",basantapur,rameshdahal268@mit.us
"kalyan bahadur chapagain",bardiya,kalyanchapagain200@co.uk
"nischal prakash magar",illam,nischalmagar783@edu.np
"rabindra kumar shrestha",morang,rabindrashrestha281@meta.co
"samaya prakash shrestha",sallaghari,samayashrestha413@yahoo.com
"pintu kumar dahal",kohalpur,pintudahal447@ioe.np
"suraj chandra lamichhane",rukum,surajlamichhane260@gmail.com
"alex prasad maharjan",lokanthali,alexmaharjan731@mof.np
"sujal kumar shrestha",rukum,sujalshrestha275@mof.np
"golu prasad gywali",kohalpur,golugywali32@tu.edu.np
"sumin prakash lamichhane",jhapa,suminlamichhane346@gmail.com
"nischal prakash magar",bardiya,nischalmagar243@yahoo.com
"kobid chandra bhandari",sallaghari,kobidbhandari269@hazesoft.co
"alex kumar oli",banke,alexoli384@ioe.np
"ramesh shekhar shrestha",bajura,rameshshrestha52@gmail.com
"suraj prakash gywali",sallaghari,surajgywali437@mof.np
"dibesh shekhar dahal",rukum,dibeshdahal260@moe.np
"aashish prakash thapa",syangha,aashishthapa419@ioe.np
"rabindra shekhar gywali",dolpa,rabindragywali714@gmail.com
"golu bahadur bhandari",morang,golubhandari975@mof.np
"manish kumar chapagain",bardiya,manishchapagain658@mof.np
"rishikesh prakash lamichhane",bajang,rishikeshlamichhane132@edu.np
"ram chandra rai",basantapur,ramrai915@facebook.co
"bisesh chandra chapagain",illam,biseshchapagain403@co.uk
"suraj bahadur shrestha",rukum,surajshrestha234@hotmail.com
"suraj shekhar lamichhane",illam,surajlamichhane738@hazesoft.co
"kobid shekhar rai",lokanthali,kobidrai416@yahoo.com
"manish bahadur dahal",ramnagar,manishdahal968@gmail.com
"bibek bahadur lamichhane",jhapa,bibeklamichhane271@tu.edu.np
"sujal prasad maharjan",dolpa,sujalmaharjan559@mit.us
"rabindra shekhar magar",dolpa,rabindramagar932@hazesoft.co
"ashim prasad maharjan",basantapur,ashimmaharjan71@co.uk
"pratik prasad sharma",lokanthali,pratiksharma771@meta.co
"alex bahadur chapagain",bardiya,alexchapagain458@co.uk
"prasanna shekhar rana",basantapur,prasannarana184@meta.co
"ramesh bahadur dahal",basantapur,rameshdahal62@hotmail.com
"ashim chandra bhandari",illam,ashimbhandari639@gmail.com
"golu bahadur dahal",dolpa,goludahal743@hotmail.com
"bablu kumar thapa",sallaghari,babluthapa340@tu.edu.np
"sumin chandra neupane",dolpa,suminneupane924@co.uk
"sujal prakash deuba",syangha,sujaldeuba776@hazesoft.co
"pintu chandra bhandari",bajang,pintubhandari823@co.uk
"kripesh chandra lamichhane",kavre,kripeshlamichhane992@facebook.co
"bablu shekhar gywali",syangha,bablugywali109@tu.edu.np
"diresh shekhar neupane",bajang,direshneupane632@mit.us
"ram chandra neupane",kaski,ramneupane449@hotmail.com
"bablu bahadur chapagain",lokanthali,babluchapagain253@hazesoft.co
"samaya prasad magar",jhapa,samayamagar882@hazesoft.co
"kalyan chandra gywali",jhapa,kalyangywali955@moe.np
"dibesh prakash shrestha",morang,dibeshshrestha164@edu.np
"samir prakash rana",bajang,samirrana3@facebook.co
"samaya chandra shrestha",kaski,samayashrestha773@moe.np
"dibesh prakash sharma",kohalpur,dibeshsharma12@mit.us
"ramesh chandra bhandari",banke,rameshbhandari924@hazesoft.co
"bablu shekhar magar",kavre,bablumagar190@gmail.com
"prasanna kumar shrestha",bajang,prasannashrestha606@co.uk
"pintu prasad chapagain",illam,pintuchapagain742@moe.np
"bibek kumar oli",illam,bibekoli722@moe.np
"manish kumar dahal",jhapa,manishdahal56@mof.np
"ramesh kumar chapagain",panchtahr,rameshchapagain12@mof.np
"diresh prakash rai",bardiya,direshrai291@facebook.co
"samir prakash maharjan",sallaghari,samirmaharjan983@hazesoft.co
"bisesh prakash maharjan",sallaghari,biseshmaharjan779@meta.co
"pintu chandra oli",ramnagar,pintuoli254@moe.np
"suraj bahadur chapagain",lokanthali,surajchapagain459@hotmail.com
"kripesh shekhar rai",bardiya,kripeshrai135@mof.np
"kobid bahadur chapagain",bardiya,kobidchapagain319@facebook.co
"bisesh prasad maharjan",ramnagar,biseshmaharjan727@mof.np
"dibesh prakash maharjan",ramnagar,dibeshmaharjan559@yahoo.com
"ashim chandra oli",bardiya,ashimoli112@tu.edu.np
"alex prasad bhandari",panchtahr,alexbhandari196@tu.edu.np
"prasanna bahadur chapagain",rukum,prasannachapagain176@yahoo.com
"manish prasad shrestha",kaski,manishshrestha510@gmail.com
"rabindra prakash magar",dolpa,rabindramagar990@gmail.com
"samaya prasad sharma",parvat,samayasharma545@tu.edu.np
"sujal shekhar deuba",rukum,sujaldeuba569@hazesoft.co
"samaya kumar oli",basantapur,samayaoli131@hazesoft.co
"suraj kumar oli",banke,surajoli599@edu.np
"aashish bahadur rana",morang,aashishrana102@hazesoft.co
"golu prasad thapa",sallaghari,goluthapa342@moe.np
"prasanna prasad magar",bajang,prasannamagar478@yahoo.com
"pintu chandra lamichhane",sallaghari,pintulamichhane763@edu.np
"diresh prasad dahal",banke,direshdahal710@ioe.np
"diresh prasad lamichhane",lokanthali,direshlamichhane348@mit.us
"bisesh shekhar neupane",basantapur,biseshneupane344@tu.edu.np
"bisesh chandra neupane",rukum,biseshneupane673@hotmail.com
"dibesh chandra rai",kaski,dibeshrai535@facebook.co
"sumin shekhar lamichhane",rukum,suminlamichhane941@hotmail.com
"dibesh prakash oli",basantapur,dibesholi849@yahoo.com
"rishikesh bahadur deuba",kohalpur,rishikeshdeuba859@moe.np
"samaya prasad shrestha",banke,samayashrestha670@mof.np
"bablu prakash dahal",dolpa,babludahal269@mit.us
"bibek chandra dahal",rukum,bibekdahal987@mof.np
"aashish prakash maharjan",kaski,aashishmaharjan412@hazesoft.co
"samir bahadur oli",bardiya,samiroli423@co.uk
"bibek chandra rai",basantapur,bibekrai950@yahoo.com
"kobid chandra gywali",rukum,kobidgywali266@gmail.com
"rishikesh shekhar oli",morang,rishikesholi68@mit.us
"rishikesh bahadur magar",syangha,rishikeshmagar952@meta.co
"pintu prakash shrestha",basantapur,pintushrestha422@moe.np
"kripesh prasad bhandari",illam,kripeshbhandari177@mit.us
"diresh bahadur thapa",basantapur,direshthapa717@mit.us
"samir kumar lamichhane",kohalpur,samirlamichhane715@hazesoft.co
"bablu shekhar sharma",kohalpur,bablusharma569@hazesoft.co
"sumin kumar rai",illam,suminrai120@moe.np
"pratik bahadur sharma",sallaghari,pratiksharma53@moe.np
"alex chandra thapa",morang,alexthapa196@hazesoft.co
"dibesh bahadur dahal",illam,dibeshdahal86@mof.np
"golu bahadur neupane",syangha,goluneupane15@co.uk
"kripesh prasad thapa",bajang,kripeshthapa827@yahoo.com
"sumin shekhar bhandari",dolpa,suminbhandari454@hotmail.com
"prasanna shekhar shrestha",kohalpur,prasannashrestha311@edu.np
"samaya chandra dahal",morang,samayadahal905@gmail.com
"bisesh prakash oli",panchtahr,bisesholi236@mit.us
"ramesh shekhar chapagain",jhapa,rameshchapagain642@co.uk
"samir kumar deuba",morang,samirdeuba323@facebook.co
"suraj chandra oli",kaski,surajoli887@gmail.com
"ashim kumar chapagain",banke,ashimchapagain648@gmail.com
"ramesh prasad rai",illam,rameshrai904@hazesoft.co
"sumin prasad gywali",syangha,sumingywali291@co.uk
"suraj shekhar rana",sallaghari,surajrana91@hazesoft.co
"golu chandra sharma",banke,golusharma75@yahoo.com
"ramesh shekhar shrestha",morang,rameshshrestha573@mof.np
"bablu prasad gywali",dolpa,bablugywali833@facebook.co
"rishikesh prasad shrestha",morang,rishikeshshrestha253@gmail.com
"bablu chandra maharjan",parvat,bablumaharjan389@moe.np
"ashim kumar neupane",syangha,ashimneupane248@yahoo.com
"pratik prakash thapa",ramnagar,pratikthapa380@yahoo.com
"sumin kumar dahal",sallaghari,sumindahal531@hazesoft.co
"pintu kumar gywali",lokanthali,pintugywali149@mof.np
"ram prasad rana",ramnagar,ramrana935@facebook.co
"ashim prakash thapa",kohalpur,ashimthapa349@gmail.com
"samaya chandra oli",bajang,samayaoli656@moe.np
"bablu prasad rana",banke,bablurana639@hotmail.com
"diresh kumar rai",syangha,direshrai335@co.uk
"sumin prakash magar",rukum,suminmagar726@meta.co
"ashim bahadur dahal",jhapa,ashimdahal889@co.uk
"ram prakash rana",bajura,ramrana664@gmail.com
"pintu kumar gywali",bajura,pintugywali691@yahoo.com
"dibesh chandra magar",syangha,dibeshmagar454@gmail.com
"ramesh shekhar shrestha",banke,rameshshrestha814@meta.co
"bablu bahadur neupane",dolpa,babluneupane492@hazesoft.co
"ramesh shekhar oli",panchtahr,ramesholi465@hotmail.com
"bibek kumar rai",ramnagar,bibekrai882@yahoo.com
"bibek prasad oli",panchtahr,bibekoli60@mof.np
"nischal prakash rana",morang,nischalrana218@hotmail.com
"prasanna prasad gywali",banke,prasannagywali496@mof.np
"pintu bahadur rana",lokanthali,pinturana172@edu.np
"kripesh kumar bhandari",kohalpur,kripeshbhandari184@ioe.np
"pratik kumar rana",basantapur,pratikrana471@ioe.np
"rabindra shekhar shrestha",kavre,rabindrashrestha332@meta.co
"kripesh shekhar shrestha",ramnagar,kripeshshrestha797@moe.np
"rabindra bahadur bhandari",panchtahr,rabindrabhandari681@mof.np
"ram prakash bhandari",illam,rambhandari22@meta.co
"kripesh shekhar chapagain",banke,kripeshchapagain319@tu.edu.np
"alex prasad sharma",bajura,alexsharma313@co.uk
"bablu shekhar dahal",lokanthali,babludahal704@hotmail.com
"sujal kumar rana",lokanthali,sujalrana651@moe.np
"aashish shekhar dahal",ramnagar,aashishdahal825@mof.np
"kalyan chandra lamichhane",bardiya,kalyanlamichhane901@facebook.co
"bisesh kumar gywali",illam,biseshgywali812@co.uk
"alex kumar rana",panchtahr,alexrana902@mit.us
"kalyan shekhar chapagain",banke,kalyanchapagain892@meta.co
"bablu prasad maharjan",kaski,bablumaharjan737@hazesoft.co
"nischal shekhar bhandari",lokanthali,nischalbhandari529@gmail.com
"bisesh chandra deuba",bardiya,biseshdeuba62@yahoo.com
"shishir bahadur maharjan",jhapa,shishirmaharjan713@hotmail.com
"suraj kumar gywali",kohalpur,surajgywali921@moe.np
"diresh prasad gywali",banke,direshgywali441@mit.us
"samir bahadur dahal",lokanthali,samirdahal762@meta.co
"aashish prakash neupane",banke,aashishneupane723@ioe.np
"rabindra prasad dahal",rukum,rabindradahal727@gmail.com
"nischal prakash oli",kaski,nischaloli789@hotmail.com
"ramesh prakash dahal",panchtahr,rameshdahal700@hazesoft.co
"sujal shekhar shrestha",kavre,sujalshrestha393@meta.co
"alex prakash bhandari",basantapur,alexbhandari551@mof.np
"samir prakash deuba",kavre,samirdeuba838@mof.np
"pratik prasad neupane",bajang,pratikneupane642@tu.edu.np
"dibesh chandra oli",bajura,dibesholi390@co.uk
"shishir shekhar rana",kohalpur,shishirrana264@hotmail.com
"ashim shekhar deuba",sallaghari,ashimdeuba410@hazesoft.co
"shishir prasad dahal",syangha,shishirdahal134@hotmail.com
"ram shekhar neupane",jhapa,ramneupane636@facebook.co
"pintu chandra shrestha",bajang,pintushrestha557@mof.np
"ram prasad chapagain",bajura,ramchapagain959@facebook.co
"ram kumar lamichhane",bajang,ramlamichhane633@tu.edu.np
"alex kumar chapagain",illam,alexchapagain631@yahoo.com
"saisagun chandra thapa",ramnagar,saisagunthapa708@gmail.com
"kripesh kumar rana",illam,kripeshrana864@edu.np
"prasanna chandra magar",bardiya,prasannamagar632@facebook.co
"sumin kumar gywali",sallaghari,sumingywali253@mit.us
"alex prasad shrestha",rukum,alexshrestha942@mof.np
"sujal prakash gywali",kohalpur,sujalgywali163@ioe.np
"ashim bahadur magar",kavre,ashimmagar437@gmail.com
"sumin bahadur maharjan",rukum,suminmaharjan735@moe.np
"bibek prakash maharjan",bajura,bibekmaharjan654@yahoo.com
"aashish prakash rai",sallaghari,aashishrai422@ioe.np
"kripesh prasad neupane",bajang,kripeshneupane282@co.uk
"ashim bahadur chapagain",illam,ashimchapagain302@hazesoft.co
"ashim prakash shrestha",dolpa,ashimshrestha535@mit.us
"manish bahadur magar",basantapur,manishmagar724@gmail.com
"saisagun bahadur chapagain",syangha,saisagunchapagain393@yahoo.com
"golu bahadur gywali",ramnagar,golugywali604@yahoo.com
"nischal kumar bhandari",syangha,nischalbhandari193@co.uk
"diresh prakash gywali",rukum,direshgywali327@mit.us
"ramesh kumar maharjan",panchtahr,rameshmaharjan993@co.uk
"alex prakash neupane",ramnagar,alexneupane922@mof.np
"kalyan kumar shrestha",rukum,kalyanshrestha401@co.uk
"kalyan prasad maharjan",rukum,kalyanmaharjan980@gmail.com
"shishir prakash magar",basantapur,shishirmagar774@edu.np
"rishikesh prasad magar",ramnagar,rishikeshmagar182@mit.us
"pintu shekhar oli",banke,pintuoli429@hotmail.com
"pratik shekhar chapagain",bardiya,pratikchapagain831@tu.edu.np
"samaya bahadur bhandari",basantapur,samayabhandari39@co.uk
"kobid shekhar sharma",kohalpur,kobidsharma244@gmail.com
"diresh prakash shrestha",ramnagar,direshshrestha901@gmail.com
"kobid prakash sharma",kavre,kobidsharma967@mit.us
"ashim prakash dahal",morang,ashimdahal273@mit.us
"samir kumar maharjan",jhapa,samirmaharjan447@hotmail.com
"aashish prakash dahal",banke,aashishdahal836@meta.co
"golu chandra magar",banke,golumagar77@meta.co
"aashish bahadur sharma",sallaghari,aashishsharma689@hazesoft.co
"kripesh shekhar rai",bajura,kripeshrai782@moe.np
"pintu bahadur gywali",sallaghari,pintugywali752@co.uk
"alex kumar chapagain",banke,alexchapagain985@hazesoft.co
"saisagun prasad bhandari",bajang,saisagunbhandari465@edu.np
"shishir bahadur maharjan",bajang,shishirmaharjan280@gmail.com
"ram chandra rana",bajura,ramrana296@edu.np
"rabindra prakash oli",kaski,rabindraoli508@meta.co
"kripesh chandra shrestha",kavre,kripeshshrestha173@hazesoft.co
"samir shekhar neupane",basantapur,samirneupane488@mit.us
"ashim kumar dahal",kaski,ashimdahal442@mof.np
"bablu bahadur magar",sallaghari,bablumagar347@co.uk
"ashim chandra lamichhane",parvat,ashimlamichhane925@hotmail.com
"aashish bahadur deuba",bardiya,aashishdeuba141@tu.edu.np
"kalyan chandra dahal",bajang,kalyandahal643@hotmail.com
"alex bahadur chapagain",illam,alexchapagain873@edu.np
"bibek kumar neupane",lokanthali,bibekneupane594@facebook.co
"prasanna bahadur bhandari",morang,prasannabhandari463@edu.np
"pratik kumar neupane",kavre,pratikneupane586@co.uk
"rishikesh bahadur maharjan",banke,rishikeshmaharjan232@meta.co
"kalyan chandra shrestha",bajura,kalyanshrestha708@ioe.np
"samaya bahadur shrestha",lokanthali,samayashrestha214@yahoo.com
"bibek prakash dahal",sallaghari,bibekdahal789@hotmail.com
"pintu bahadur neupane",rukum,pintuneupane103@moe.np
"ramesh kumar thapa",banke,rameshthapa279@facebook.co
"diresh kumar shrestha",illam,direshshrestha77@moe.np
"prasanna chandra lamichhane",kohalpur,prasannalamichhane916@co.uk
"alex shekhar bhandari",banke,alexbhandari785@gmail.com
"sujal prakash rai",banke,sujalrai343@ioe.np
"suraj prasad rana",dolpa,surajrana92@meta.co
"aashish kumar chapagain",bardiya,aashishchapagain631@tu.edu.np
"pintu prasad gywali",kohalpur,pintugywali709@tu.edu.np
"bibek prasad shrestha",syangha,bibekshrestha96@mit.us
"rabindra kumar rai",dolpa,rabindrarai221@mit.us
"saisagun chandra rana",morang,saisagunrana117@hotmail.com
"shishir shekhar deuba",bardiya,shishirdeuba933@edu.np
"sumin prasad rai",rukum,suminrai982@moe.np
"ram shekhar bhandari",bajura,rambhandari6@edu.np
"golu chandra chapagain",jhapa,goluchapagain271@edu.np
"pintu shekhar rai",basantapur,pinturai531@moe.np
"kripesh shekhar magar",bardiya,kripeshmagar353@meta.co
"samaya prasad magar",rukum,samayamagar821@moe.np
"dibesh shekhar oli",panchtahr,dibesholi530@yahoo.com
"golu prakash deuba",kohalpur,goludeuba363@mof.np
"aashish prasad rana",illam,aashishrana978@gmail.com
"diresh shekhar thapa",bardiya,direshthapa62@edu.np
"diresh prasad thapa",kohalpur,direshthapa235@meta.co
"bablu chandra bhandari",panchtahr,bablubhandari641@tu.edu.np
"shishir kumar sharma",jhapa,shishirsharma308@hotmail.com
"shishir prakash chapagain",sallaghari,shishirchapagain594@hotmail.com
"shishir shekhar gywali",sallaghari,shishirgywali294@yahoo.com
"ramesh bahadur thapa",rukum,rameshthapa172@mof.np
"bablu prasad rana",ramnagar,bablurana583@facebook.co
"shishir bahadur neupane",kavre,shishirneupane633@facebook.co
"bablu kumar oli",syangha,babluoli693@co.uk
"sumin bahadur shrestha",parvat,suminshrestha652@yahoo.com
"ashim prakash sharma",ramnagar,ashimsharma147@ioe.np
"suraj prakash maharjan",panchtahr,surajmaharjan665@hotmail.com
"rishikesh chandra maharjan",ramnagar,rishikeshmaharjan100@meta.co
"diresh bahadur gywali",parvat,direshgywali398@gmail.com
"pratik prasad maharjan",kavre,pratikmaharjan307@moe.np
"golu prasad chapagain",jhapa,goluchapagain790@yahoo.com
"aashish prakash sharma",illam,aashishsharma521@mof.np
"bisesh shekhar gywali",bajang,biseshgywali908@hotmail.com
"kalyan shekhar shrestha",lokanthali,kalyanshrestha316@co.uk
"nischal prasad chapagain",panchtahr,nischalchapagain23@mit.us
"bablu bahadur oli",banke,babluoli214@moe.np
"kripesh chandra chapagain",dolpa,kripeshchapagain801@ioe.np
"rishikesh chandra magar",lokanthali,rishikeshmagar817@moe.np
"aashish chandra thapa",parvat,aashishthapa753@ioe.np
"aashish shekhar deuba",basantapur,aashishdeuba468@edu.np
"shishir prakash neupane",lokanthali,shishirneupane651@hotmail.com
"dibesh prasad deuba",kaski,dibeshdeuba841@co.uk
"prasanna kumar chapagain",banke,prasannachapagain826@meta.co
"kobid chandra bhandari",sallaghari,kobidbhandari567@facebook.co
"bablu chandra dahal",dolpa,babludahal249@tu.edu.np
"golu kumar gywali",lokanthali,golugywali746@moe.np
"saisagun shekhar oli",kavre,saisagunoli375@tu.edu.np
"kripesh bahadur rana",parvat,kripeshrana986@facebook.co
"pintu kumar thapa",bajang,pintuthapa684@co.uk
"rishikesh prasad shrestha",illam,rishikeshshrestha980@mof.np
"samaya chandra shrestha",banke,samayashrestha820@hazesoft.co
"prasanna prasad magar",dolpa,prasannamagar358@mof.np
"golu prakash rana",kavre,golurana629@facebook.co
"rishikesh shekhar bhandari",morang,rishikeshbhandari725@facebook.co
"rishikesh kumar bhandari",syangha,rishikeshbhandari386@yahoo.com
"prasanna prakash thapa",kavre,prasannathapa529@hazesoft.co
"ram kumar thapa",sallaghari,ramthapa843@ioe.np
"manish prasad rai",bajura,manishrai518@mof.np
"aashish prasad lamichhane",illam,aashishlamichhane463@edu.np
"manish prasad rana",rukum,manishrana462@moe.np
"pratik shekhar gywali",basantapur,pratikgywali606@mof.np
"kalyan chandra oli",basantapur,kalyanoli526@gmail.com
"ashim prasad thapa",kaski,ashimthapa343@mof.np
"kobid prasad oli",jhapa,kobidoli681@gmail.com
"samaya prakash magar",parvat,samayamagar488@yahoo.com
"sumin kumar rana",sallaghari,suminrana667@ioe.np
"saisagun prasad gywali",kaski,saisagungywali181@mof.np
"rabindra prasad rana",parvat,rabindrarana17@gmail.com
"alex bahadur shrestha",syangha,alexshrestha970@mof.np
"bablu bahadur shrestha",banke,bablushrestha94@tu.edu.np
"ramesh prakash neupane",bajang,rameshneupane771@tu.edu.np
"golu bahadur shrestha",kohalpur,golushrestha578@hotmail.com
"bablu prakash oli",kavre,babluoli595@hazesoft.co
"prasanna prasad rai",kaski,prasannarai916@facebook.co
"saisagun kumar shrestha",lokanthali,saisagunshrestha918@moe.np
"pintu prakash thapa",jhapa,pintuthapa324@gmail.com
"samaya chandra lamichhane",kaski,samayalamichhane427@gmail.com
"ram bahadur neupane",kaski,ramneupane759@moe.np
"bablu shekhar chapagain",kavre,babluchapagain335@moe.np
"shishir kumar rana",parvat,shishirrana835@mit.us
"ram prasad oli",lokanthali,ramoli188@co.uk
"ramesh kumar lamichhane",basantapur,rameshlamichhane109@edu.np
"alex kumar neupane",panchtahr,alexneupane746@edu.np
"samaya prakash neupane",bajang,samayaneupane20@edu.np
"sumin chandra neupane",lokanthali,suminneupane31@hazesoft.co
"alex prakash maharjan",illam,alexmaharjan176@tu.edu.np
"rabindra prasad shrestha",syangha,rabindrashrestha248@yahoo.com
"samaya shekhar chapagain",kaski,samayachapagain537@mit.us
"pratik kumar bhandari",lokanthali,pratikbhandari311@meta.co
"prasanna shekhar bhandari",jhapa,prasannabhandari137@mof.np
"suraj kumar sharma",morang,surajsharma779@hotmail.com
"sumin kumar oli",morang,suminoli513@yahoo.com
"golu prakash bhandari",kavre,golubhandari290@moe.np
"sujal bahadur bhandari",kavre,sujalbhandari306@yahoo.com
"kalyan kumar shrestha",jhapa,kalyanshrestha605@hotmail.com
"suraj kumar maharjan",parvat,surajmaharjan429@yahoo.com
"kripesh shekhar deuba",kaski,kripeshdeuba615@hotmail.com
"bablu kumar magar",morang,bablumagar126@meta.co
"bisesh chandra bhandari",kaski,biseshbhandari790@moe.np
"bisesh kumar bhandari",illam,biseshbhandari596@yahoo.com
"kripesh prakash chapagain",morang,kripeshchapagain526@facebook.co
"shishir bahadur oli",morang,shishiroli495@facebook.co
"ramesh chandra rana",bajura,rameshrana691@meta.co
"kobid prakash maharjan",dolpa,kobidmaharjan778@tu.edu.np
"sumin prasad rai",morang,suminrai800@meta.co
"kobid kumar dahal",sallaghari,kobiddahal7@gmail.com
"ram prakash shrestha",ramnagar,ramshrestha308@hotmail.com
"ram prakash shrestha",parvat,ramshrestha980@mit.us
"aashish kumar neupane",bajang,aashishneupane654@yahoo.com
"alex prakash neupane",rukum,alexneupane180@gmail.com
"bisesh chandra magar",banke,biseshmagar297@hotmail.com
"ramesh shekhar dahal",basantapur,rameshdahal816@gmail.com
"manish kumar sharma",kohalpur,manishsharma881@mit.us
"diresh chandra sharma",bardiya,direshsharma232@mof.np
"shishir kumar rai",sallaghari,shishirrai743@edu.np
"bibek bahadur magar",kohalpur,bibekmagar480@hazesoft.co
"kripesh chandra neupane",basantapur,kripeshneupane321@ioe.np
"prasanna kumar dahal",morang,prasannadahal367@hazesoft.co
"alex shekhar rai",kaski,alexrai790@mit.us
"ram kumar maharjan",rukum,rammaharjan692@tu.edu.np
"bisesh bahadur sharma",dolpa,biseshsharma82@tu.edu.np
"rishikesh prakash maharjan",bardiya,rishikeshmaharjan212@hazesoft.co
"pintu bahadur maharjan",kohalpur,pintumaharjan462@yahoo.com
"diresh shekhar rana",bajura,direshrana456@gmail.com
"sumin chandra maharjan",parvat,suminmaharjan803@mof.np
"diresh bahadur deuba",banke,direshdeuba356@edu.np
"bisesh prasad rana",rukum,biseshrana335@ioe.np
"golu prakash magar",bajura,golumagar268@meta.co
"samir kumar shrestha",syangha,samirshrestha479@ioe.np
"kalyan bahadur thapa",bajura,kalyanthapa110@tu.edu.np
"kalyan prakash maharjan",kaski,kalyanmaharjan928@hotmail.com
"diresh shekhar magar",basantapur,direshmagar550@edu.np
"ram shekhar bhandari",bajura,rambhandari315@hotmail.com
"dibesh chandra rana",rukum,dibeshrana888@hazesoft.co
"alex prasad lamichhane",kohalpur,alexlamichhane458@hotmail.com
"pintu shekhar magar",illam,pintumagar545@gmail.com
"pratik kumar maharjan",bajang,pratikmaharjan405@co.uk
"pintu kumar lamichhane",illam,pintulamichhane451@mof.np
"bibek bahadur rana",sallaghari,bibekrana227@yahoo.com
"pratik prakash rana",morang,pratikrana162@moe.np
"dibesh chandra deuba",sallaghari,dibeshdeuba666@meta.co
"bablu prakash neupane",basantapur,babluneupane560@yahoo.com
"bablu kumar lamichhane",parvat,bablulamichhane691@yahoo.com
"shishir bahadur lamichhane",kohalpur,shishirlamichhane20@yahoo.com
"aashish prasad lamichhane",lokanthali,aashishlamichhane924@facebook.co
"samir shekhar rai",dolpa,samirrai520@ioe.np
"samir prasad sharma",panchtahr,samirsharma234@tu.edu.np
"samir prasad dahal",syangha,samirdahal17@edu.np
"rabindra prasad bhandari",kavre,rabindrabhandari613@hotmail.com
"bablu prakash dahal",morang,babludahal887@yahoo.com
"aashish kumar rana",basantapur,aashishrana48@ioe.np
"kobid chandra lamichhane",dolpa,kobidlamichhane614@gmail.com
"ramesh bahadur rana",sallaghari,rameshrana419@mit.us
"nischal kumar deuba",lokanthali,nischaldeuba437@hotmail.com
"pintu chandra sharma",kavre,pintusharma564@tu.edu.np
"bisesh bahadur maharjan",lokanthali,biseshmaharjan192@facebook.co
"sumin shekhar dahal",parvat,sumindahal586@facebook.co
"bibek chandra thapa",basantapur,bibekthapa894@yahoo.com
"samir shekhar shrestha",lokanthali,samirshrestha405@mit.us
"rishikesh shekhar gywali",parvat,rishikeshgywali298@facebook.co
"ashim kumar sharma",lokanthali,ashimsharma655@tu.edu.np
"shishir prakash chapagain",dolpa,shishirchapagain577@moe.np
"sumin chandra rai",ramnagar,suminrai423@moe.np
"pintu kumar oli",ramnagar,pintuoli662@moe.np
"ashim kumar rana",kohalpur,ashimrana651@co.uk
"shishir kumar lamichhane",panchtahr,shishirlamichhane217@tu.edu.np
"nischal prakash deuba",sallaghari,nischaldeuba212@hotmail.com
"suraj kumar dahal",parvat,surajdahal694@mit.us
"ashim kumar sharma",basantapur,ashimsharma271@ioe.np
"sujal prakash rana",dolpa,sujalrana272@edu.np
"dibesh kumar gywali",bardiya,dibeshgywali237@yahoo.com
"dibesh chandra shrestha",bardiya,dibeshshrestha545@edu.np
"prasanna prasad neupane",lokanthali,prasannaneupane41@gmail.com
"sumin bahadur rai",illam,suminrai584@gmail.com
"sujal bahadur thapa",kaski,sujalthapa248@ioe.np
"ramesh prakash chapagain",bajura,rameshchapagain201@meta.co
"rishikesh chandra oli",bajang,rishikesholi521@moe.np
"suraj kumar gywali",bajura,surajgywali963@tu.edu.np
"sujal prasad sharma",bardiya,sujalsharma652@tu.edu.np
"ramesh bahadur lamichhane",dolpa,rameshlamichhane307@ioe.np
"samaya chandra bhandari",morang,samayabhandari687@ioe.np
"ram prasad deuba",dolpa,ramdeuba459@mit.us
"kobid prasad deuba",rukum,kobiddeuba687@meta.co
"ramesh prasad magar",illam,rameshmagar799@yahoo.com
"samaya prakash thapa",sallaghari,samayathapa788@gmail.com
"nischal prasad oli",parvat,nischaloli774@yahoo.com
"bisesh chandra thapa",bajura,biseshthapa995@meta.co
"kobid kumar lamichhane",syangha,kobidlamichhane421@co.uk
"samaya kumar rai",bajang,samayarai248@hotmail.com
"kripesh shekhar maharjan",kavre,kripeshmaharjan233@hazesoft.co
"saisagun shekhar shrestha",ramnagar,saisagunshrestha275@mit.us
"bibek chandra rana",kohalpur,bibekrana826@mit.us
"saisagun prasad deuba",morang,saisagundeuba295@co.uk
"alex prakash gywali",basantapur,alexgywali672@facebook.co
"nischal kumar shrestha",morang,nischalshrestha687@mit.us
"bibek prakash lamichhane",rukum,bibeklamichhane181@hotmail.com
"bisesh prasad lamichhane",bajura,biseshlamichhane714@facebook.co
"rabindra prasad dahal",dolpa,rabindradahal273@yahoo.com
"diresh shekhar sharma",syangha,direshsharma819@hazesoft.co
"bisesh kumar chapagain",kaski,biseshchapagain349@hotmail.com
"ramesh bahadur magar",bardiya,rameshmagar207@yahoo.com
"dibesh kumar thapa",ramnagar,dibeshthapa622@hazesoft.co
"prasanna shekhar oli",jhapa,prasannaoli181@co.uk
"aashish prakash maharjan",banke,aashishmaharjan62@hazesoft.co
"saisagun bahadur rana",lokanthali,saisagunrana700@facebook.co
"nischal kumar oli",parvat,nischaloli907@yahoo.com
"aashish prasad shrestha",bardiya,aashishshrestha628@hazesoft.co
"golu prasad magar",kavre,golumagar721@yahoo.com
"bisesh bahadur magar",bardiya,biseshmagar519@tu.edu.np
"bisesh shekhar shrestha",morang,biseshshrestha825@edu.np
"ram prasad sharma",bajura,ramsharma26@co.uk
"ramesh prasad lamichhane",rukum,rameshlamichhane557@edu.np
"samaya bahadur oli",morang,samayaoli778@facebook.co
"ram prasad magar",kaski,rammagar863@yahoo.com
"ram prasad rana",sallaghari,ramrana574@meta.co
"bisesh prasad deuba",bardiya,biseshdeuba706@tu.edu.np
"bablu kumar sharma",kaski,bablusharma683@co.uk
"samir prakash maharjan",rukum,samirmaharjan575@mit.us
"bisesh prakash maharjan",kohalpur,biseshmaharjan623@moe.np
"kripesh prasad deuba",kohalpur,kripeshdeuba798@yahoo.com
"kripesh bahadur bhandari",kaski,kripeshbhandari569@ioe.np
"kalyan kumar thapa",panchtahr,kalyanthapa376@moe.np
"nischal bahadur magar",basantapur,nischalmagar424@hazesoft.co
"bisesh prasad rana",morang,biseshrana695@hazesoft.co
"suraj bahadur gywali",basantapur,surajgywali747@hazesoft.co
"aashish shekhar sharma",jhapa,aashishsharma383@moe.np
"golu prakash maharjan",rukum,golumaharjan752@hotmail.com
"samaya prakash oli",ramnagar,samayaoli398@facebook.co
"ashim shekhar sharma",kavre,ashimsharma661@edu.np
"kobid kumar lamichhane",kavre,kobidlamichhane87@tu.edu.np
"ram chandra chapagain",rukum,ramchapagain849@mof.np
"bisesh prasad neupane",lokanthali,biseshneupane659@moe.np
"sujal prasad maharjan",kaski,sujalmaharjan613@yahoo.com
"golu kumar dahal",parvat,goludahal723@hazesoft.co
"kobid prasad dahal",kaski,kobiddahal155@meta.co
"diresh prakash gywali",banke,direshgywali995@mof.np
"kobid prakash dahal",panchtahr,kobiddahal715@hazesoft.co
"golu shekhar gywali",bajang,golugywali614@edu.np
"bablu bahadur shrestha",sallaghari,bablushrestha118@yahoo.com
"samir prakash neupane",lokanthali,samirneupane62@co.uk
"aashish shekhar deuba",morang,aashishdeuba727@gmail.com
"samir kumar oli",ramnagar,samiroli466@moe.np
"rabindra prakash rai",kohalpur,rabindrarai549@meta.co
"alex chandra chapagain",bardiya,alexchapagain633@gmail.com
"prasanna shekhar rana",illam,prasannarana120@hazesoft.co
"bibek kumar deuba",illam,bibekdeuba247@hotmail.com
"bibek prasad lamichhane",kaski,bibeklamichhane725@edu.np
"diresh chandra gywali",kaski,direshgywali23@mof.np
"kripesh prakash dahal",panchtahr,kripeshdahal441@gmail.com
"ashim kumar maharjan",parvat,ashimmaharjan735@ioe.np
"sujal chandra maharjan",syangha,sujalmaharjan162@meta.co
"aashish kumar rana",morang,aashishrana566@hotmail.com
"manish prakash oli",kaski,manisholi303@meta.co
"manish shekhar lamichhane",basantapur,manishlamichhane291@tu.edu.np
"shishir chandra deuba",bajang,shishirdeuba784@mof.np
"bisesh prasad maharjan",rukum,biseshmaharjan382@gmail.com
"diresh prasad gywali",kohalpur,direshgywali597@meta.co
"nischal kumar chapagain",bajura,nischalchapagain780@hotmail.com
"ashim chandra rai",panchtahr,ashimrai563@mof.np
"kobid kumar sharma",bardiya,kobidsharma500@tu.edu.np
"suraj prakash oli",panchtahr,surajoli854@meta.co
"kobid kumar magar",syangha,kobidmagar996@edu.np
"ram bahadur neupane",illam,ramneupane664@meta.co
"saisagun shekhar neupane",illam,saisagunneupane80@meta.co
"samir bahadur gywali",bardiya,samirgywali908@edu.np
"saisagun prakash dahal",dolpa,saisagundahal394@moe.np
"ram chandra lamichhane",ramnagar,ramlamichhane841@mit.us
"suraj bahadur neupane",bajang,surajneupane769@facebook.co
"bisesh chandra rai",rukum,biseshrai43@hotmail.com
"prasanna kumar maharjan",lokanthali,prasannamaharjan222@hazesoft.co
"shishir prasad magar",parvat,shishirmagar416@edu.np
"pratik shekhar rai",lokanthali,pratikrai509@mof.np
"diresh prasad dahal",kohalpur,direshdahal795@hotmail.com
"diresh chandra sharma",panchtahr,direshsharma872@gmail.com
"saisagun kumar neupane",banke,saisagunneupane136@gmail.com
"nischal chandra chapagain",lokanthali,nischalchapagain221@hazesoft.co
"kalyan kumar neupane",kavre,kalyanneupane65@tu.edu.np
"bibek bahadur chapagain",bardiya,bibekchapagain683@tu.edu.np
"kobid shekhar sharma",bajang,kobidsharma473@hazesoft.co
"ashim chandra oli",bajura,ashimoli467@tu.edu.np
"sujal prasad rana",morang,sujalrana837@tu.edu.np
"bibek kumar thapa",kavre,bibekthapa10@ioe.np
"ashim shekhar rana",bardiya,ashimrana774@mof.np
"dibesh prasad oli",kaski,dibesholi34@mof.np
"nischal chandra oli",syangha,nischaloli103@hotmail.com
"shishir chandra deuba",panchtahr,shishirdeuba646@ioe.np
"pintu chandra sharma",ramnagar,pintusharma350@edu.np
"bibek chandra deuba",dolpa,bibekdeuba841@mof.np
"kripesh kumar maharjan",dolpa,kripeshmaharjan872@edu.np
"ram shekhar bhandari",illam,rambhandari883@co.uk
"ashim prasad neupane",banke,ashimneupane822@mit.us
"alex shekhar maharjan",kavre,alexmaharjan214@facebook.co
"dibesh prakash bhandari",banke,dibeshbhandari117@hotmail.com
"dibesh prakash sharma",rukum,dibeshsharma67@hotmail.com
"alex bahadur magar",bajura,alexmagar892@mof.np
"samaya prasad thapa",rukum,samayathapa935@meta.co
"manish bahadur gywali",sallaghari,manishgywali740@meta.co
"shishir prakash rana",kaski,shishirrana69@hazesoft.co
"bibek bahadur chapagain",basantapur,bibekchapagain845@tu.edu.np
"manish prakash chapagain",dolpa,manishchapagain376@ioe.np
"bisesh shekhar dahal",bardiya,biseshdahal911@co.uk
"kripesh chandra dahal",morang,kripeshdahal230@facebook.co
"alex kumar sharma",lokanthali,alexsharma204@hotmail.com
"kalyan kumar sharma",basantapur,kalyansharma263@edu.np
"dibesh prasad sharma",dolpa,dibeshsharma430@hotmail.com
"sujal chandra bhandari",syangha,sujalbhandari359@meta.co
"kalyan chandra oli",panchtahr,kalyanoli519@co.uk
"ram bahadur dahal",syangha,ramdahal268@mit.us
"diresh prakash sharma",dolpa,direshsharma395@edu.np
"rishikesh kumar chapagain",basantapur,rishikeshchapagain816@yahoo.com
"prasanna prasad neupane",syangha,prasannaneupane500@ioe.np
"bisesh prasad gywali",bajang,biseshgywali888@yahoo.com
"rishikesh prasad dahal",illam,rishikeshdahal343@hotmail.com
"bablu kumar bhandari",rukum,bablubhandari216@co.uk
"bisesh kumar thapa",morang,biseshthapa37@hazesoft.co
"rabindra shekhar gywali",basantapur,rabindragywali179@hazesoft.co
"kripesh shekhar magar",bardiya,kripeshmagar334@hotmail.com
"aashish chandra sharma",panchtahr,aashishsharma784@mof.np
"ram chandra deuba",rukum,ramdeuba614@mit.us
"pintu prakash deuba",ramnagar,pintudeuba869@mit.us
"nischal prasad deuba",illam,nischaldeuba561@moe.np
"alex shekhar sharma",dolpa,alexsharma445@gmail.com
"dibesh prakash magar",basantapur,dibeshmagar774@meta.co
"ramesh prakash lamichhane",kavre,rameshlamichhane754@moe.np
"ramesh bahadur rana",ramnagar,rameshrana708@mof.np
"manish prasad rai",parvat,manishrai26@hotmail.com
"rabindra shekhar neupane",illam,rabindraneupane510@mof.np
"sumin prakash maharjan",banke,suminmaharjan326@yahoo.com
"kalyan prakash oli",bajura,kalyanoli710@gmail.com
"suraj shekhar maharjan",morang,surajmaharjan587@hazesoft.co
"rishikesh prasad maharjan",basantapur,rishikeshmaharjan257@edu.np
"suraj shekhar thapa",rukum,surajthapa752@co.uk
"ramesh prasad dahal",bajang,rameshdahal791@gmail.com
"bisesh prasad chapagain",bajang,biseshchapagain823@tu.edu.np
"saisagun prasad shrestha",bardiya,saisagunshrestha267@ioe.np
"bisesh chandra rana",rukum,biseshrana316@co.uk
"prasanna bahadur oli",dolpa,prasannaoli165@mof.np
"ashim chandra dahal",syangha,ashimdahal786@hazesoft.co
"pintu kumar bhandari",rukum,pintubhandari305@mit.us
"rabindra prasad gywali",jhapa,rabindragywali271@ioe.np
"dibesh prakash chapagain",illam,dibeshchapagain936@hazesoft.co
"samir chandra chapagain",kaski,samirchapagain544@meta.co
"ram prasad maharjan",parvat,rammaharjan50@co.uk
"bablu prasad rai",kavre,bablurai987@hotmail.com
"suraj bahadur chapagain",bajang,surajchapagain166@mit.us
"golu prakash rana",panchtahr,golurana946@co.uk
"samir shekhar sharma",basantapur,samirsharma343@ioe.np
"prasanna chandra rana",bardiya,prasannarana854@meta.co
"bibek chandra neupane",sallaghari,bibekneupane664@co.uk
"sumin chandra sharma",syangha,suminsharma830@hazesoft.co
"rishikesh kumar rai",ramnagar,rishikeshrai604@yahoo.com
"ramesh prasad gywali",jhapa,rameshgywali562@mit.us
"nischal prasad chapagain",bajura,nischalchapagain845@facebook.co
"ram bahadur chapagain",morang,ramchapagain726@moe.np
"ashim prasad chapagain",bardiya,ashimchapagain879@ioe.np
"alex prasad shrestha",rukum,alexshrestha582@hazesoft.co
"bisesh prakash shrestha",kaski,biseshshrestha697@co.uk
"bablu bahadur lamichhane",rukum,bablulamichhane351@co.uk
"dibesh bahadur magar",kaski,dibeshmagar776@gmail.com
"saisagun prakash maharjan",sallaghari,saisagunmaharjan992@co.uk
"pratik prakash chapagain",panchtahr,pratikchapagain124@edu.np
"golu chandra thapa",bajura,goluthapa314@facebook.co
"diresh prakash shrestha",sallaghari,direshshrestha484@mof.np
"suraj prakash shrestha",bajura,surajshrestha765@facebook.co
"aashish shekhar dahal",kohalpur,aashishdahal614@meta.co
"manish kumar deuba",basantapur,manishdeuba735@tu.edu.np
"ashim chandra maharjan",basantapur,ashimmaharjan208@moe.np
"bisesh kumar gywali",morang,biseshgywali294@mit.us
"bibek chandra maharjan",bajura,bibekmaharjan536@co.uk
"prasanna prakash maharjan",morang,prasannamaharjan732@co.uk
"ashim prasad dahal",parvat,ashimdahal405@meta.co
"rabindra prakash dahal",bardiya,rabindradahal771@meta.co
"shishir bahadur rana",bajang,shishirrana716@mit.us
"pintu shekhar maharjan",kaski,pintumaharjan895@co.uk
"pintu kumar neupane",jhapa,pintuneupane406@mof.np
"rishikesh shekhar neupane",kavre,rishikeshneupane433@meta.co
"prasanna shekhar shrestha",syangha,prasannashrestha494@mit.us
"kalyan prakash gywali",bardiya,kalyangywali877@edu.np
"ramesh prasad deuba",kaski,rameshdeuba971@hazesoft.co
"shishir chandra maharjan",bajang,shishirmaharjan380@meta.co
"manish prasad maharjan",ramnagar,manishmaharjan990@facebook.co
"aashish kumar deuba",sallaghari,aashishdeuba280@gmail.com
"nischal kumar rai",bardiya,nischalrai759@mof.np
"kripesh kumar lamichhane",ramnagar,kripeshlamichhane34@hazesoft.co
"ramesh shekhar chapagain",kavre,rameshchapagain248@hazesoft.co
"pintu prakash magar",bajang,pintumagar572@mof.np
"bablu kumar chapagain",parvat,babluchapagain319@edu.np
"golu bahadur chapagain",bardiya,goluchapagain736@gmail.com
"alex prasad neupane",dolpa,alexneupane336@mit.us
"golu kumar oli",rukum,goluoli437@meta.co
"nischal kumar oli",syangha,nischaloli486@hotmail.com
"saisagun chandra thapa",parvat,saisagunthapa177@meta.co
"prasanna kumar rai",ramnagar,prasannarai725@moe.np
"golu shekhar thapa",kavre,goluthapa728@facebook.co
"kobid chandra bhandari",kavre,kobidbhandari908@edu.np
"nischal shekhar gywali",parvat,nischalgywali533@tu.edu.np
"shishir shekhar gywali",parvat,shishirgywali857@mit.us
"suraj prasad magar",morang,surajmagar111@mof.np
"pintu shekhar dahal",illam,pintudahal261@yahoo.com
"suraj prasad bhandari",illam,surajbhandari411@meta.co
"saisagun prakash magar",kavre,saisagunmagar990@co.uk
"kalyan bahadur sharma",bajura,kalyansharma307@edu.np
"saisagun bahadur dahal",parvat,saisagundahal470@meta.co
"pratik prakash rai",dolpa,pratikrai481@moe.np
"manish chandra deuba",parvat,manishdeuba570@gmail.com
"rabindra kumar shrestha",parvat,rabindrashrestha49@ioe.np
"shishir chandra deuba",illam,shishirdeuba204@hotmail.com
"diresh bahadur gywali",kohalpur,direshgywali627@meta.co
"golu prasad chapagain",banke,goluchapagain88@hazesoft.co
"ashim chandra bhandari",illam,ashimbhandari955@yahoo.com
"samir prakash deuba",parvat,samirdeuba917@moe.np
"kobid chandra bhandari",banke,kobidbhandari356@mof.np
"prasanna bahadur chapagain",dolpa,prasannachapagain177@moe.np
"rabindra prakash lamichhane",banke,rabindralamichhane455@moe.np
"kripesh bahadur maharjan",basantapur,kripeshmaharjan106@ioe.np
"saisagun prasad bhandari",syangha,saisagunbhandari773@yahoo.com
"manish bahadur rai",kohalpur,manishrai275@co.uk
"kalyan chandra oli",kaski,kalyanoli92@mit.us
"ashim chandra maharjan",kavre,ashimmaharjan259@co.uk
"aashish shekhar deuba",bardiya,aashishdeuba886@tu.edu.np
"rabindra bahadur maharjan",bajura,rabindramaharjan215@tu.edu.np
"kripesh prasad oli",kavre,kripesholi988@hazesoft.co
"kalyan shekhar thapa",panchtahr,kalyanthapa948@tu.edu.np
"ramesh chandra chapagain",jhapa,rameshchapagain990@edu.np
"bibek prasad gywali",bardiya,bibekgywali306@tu.edu.np
"rabindra shekhar oli",kohalpur,rabindraoli179@mit.us
"nischal kumar thapa",rukum,nischalthapa864@ioe.np
"aashish chandra magar",basantapur,aashishmagar726@edu.np
"prasanna kumar shrestha",bardiya,prasannashrestha285@ioe.np
"pintu bahadur gywali",morang,pintugywali629@mit.us
"kripesh prakash chapagain",illam,kripeshchapagain404@facebook.co
"nischal chandra bhandari",bajang,nischalbhandari982@facebook.co
"samir kumar magar",bajura,samirmagar688@tu.edu.np
"kripesh kumar rai",ramnagar,kripeshrai241@edu.np
"saisagun prakash deuba",sallaghari,saisagundeuba555@moe.np
"diresh prakash gywali",lokanthali,direshgywali704@moe.np
"kalyan bahadur gywali",bardiya,kalyangywali998@ioe.np
"pintu kumar dahal",kohalpur,pintudahal723@mof.np
"kobid prakash lamichhane",basantapur,kobidlamichhane323@mit.us
"diresh shekhar bhandari",illam,direshbhandari168@ioe.np
"diresh prasad oli",dolpa,diresholi871@hotmail.com
"rabindra prakash sharma",dolpa,rabindrasharma883@meta.co
"bablu prasad rai",sallaghari,bablurai665@meta.co
"diresh kumar neupane",bajura,direshneupane619@co.uk
"samir bahadur bhandari",dolpa,samirbhandari177@meta.co
"sujal chandra deuba",parvat,sujaldeuba394@edu.np
"bablu kumar shrestha",bardiya,bablushrestha17@moe.np
"aashish prasad dahal",kohalpur,aashishdahal513@facebook.co
"alex shekhar thapa",rukum,alexthapa935@moe.np
"rabindra prasad thapa",jhapa,rabindrathapa817@tu.edu.np
"kalyan prasad oli",morang,kalyanoli62@ioe.np
"nischal bahadur magar",parvat,nischalmagar469@co.uk
"rishikesh bahadur lamichhane",kaski,rishikeshlamichhane957@yahoo.com
"kalyan prakash lamichhane",morang,kalyanlamichhane670@meta.co
"sujal prakash oli",kavre,sujaloli662@gmail.com
"alex bahadur shrestha",ramnagar,alexshrestha96@gmail.com
"kalyan prasad maharjan",rukum,kalyanmaharjan594@gmail.com
"ramesh bahadur dahal",lokanthali,rameshdahal254@co.uk
"nischal shekhar deuba",ramnagar,nischaldeuba339@ioe.np
"bablu shekhar magar",sallaghari,bablumagar121@co.uk
"rishikesh chandra gywali",morang,rishikeshgywali451@mof.np
"pratik prasad deuba",basantapur,pratikdeuba295@tu.edu.np
"bibek bahadur neupane",parvat,bibekneupane901@ioe.np
"sumin bahadur chapagain",basantapur,suminchapagain709@tu.edu.np
"rishikesh prakash shrestha",banke,rishikeshshrestha210@co.uk
"ram kumar sharma",kaski,ramsharma551@edu.np
"samaya prakash deuba",rukum,samayadeuba444@facebook.co
"rabindra prasad thapa",kohalpur,rabindrathapa554@yahoo.com
"golu bahadur thapa",kavre,goluthapa870@edu.np
"kobid chandra maharjan",ramnagar,kobidmaharjan878@mit.us
"kobid prasad chapagain",basantapur,kobidchapagain696@gmail.com
"samir bahadur thapa",rukum,samirthapa177@co.uk
"bisesh chandra gywali",kohalpur,biseshgywali502@ioe.np
"rishikesh bahadur lamichhane",basantapur,rishikeshlamichhane350@ioe.np
"aashish kumar lamichhane",parvat,aashishlamichhane935@yahoo.com
"sujal prakash oli",rukum,sujaloli53@mit.us
"nischal bahadur deuba",kohalpur,nischaldeuba682@tu.edu.np
"manish prakash oli",illam,manisholi440@gmail.com
"suraj prakash chapagain",lokanthali,surajchapagain331@tu.edu.np
"samaya prasad thapa",basantapur,samayathapa875@hotmail.com
"golu kumar magar",lokanthali,golumagar821@mit.us
"aashish kumar rai",bajang,aashishrai474@ioe.np
"pintu kumar magar",jhapa,pintumagar41@yahoo.com
"golu kumar rai",kavre,golurai79@hotmail.com
"pratik bahadur bhandari",rukum,pratikbhandari935@hotmail.com
"aashish kumar deuba",banke,aashishdeuba247@edu.np
"shishir kumar rana",jhapa,shishirrana670@mof.np
"bibek prasad rana",jhapa,bibekrana947@moe.np
"samir bahadur lamichhane",bajang,samirlamichhane306@yahoo.com
"sujal prakash gywali",lokanthali,sujalgywali856@meta.co
"rishikesh prasad rana",banke,rishikeshrana656@ioe.np
"pintu prasad maharjan",lokanthali,pintumaharjan171@facebook.co
"rishikesh bahadur rai",kohalpur,rishikeshrai936@mof.np
"bablu chandra gywali",panchtahr,bablugywali994@meta.co
"prasanna kumar maharjan",illam,prasannamaharjan856@tu.edu.np
"saisagun chandra thapa",basantapur,saisagunthapa702@hazesoft.co
"prasanna bahadur chapagain",kohalpur,prasannachapagain318@facebook.co
"dibesh chandra lamichhane",kaski,dibeshlamichhane645@edu.np
"nischal shekhar maharjan",morang,nischalmaharjan599@hazesoft.co
"nischal shekhar lamichhane",dolpa,nischallamichhane895@co.uk
"sujal shekhar shrestha",kohalpur,sujalshrestha913@mof.np
"alex shekhar maharjan",illam,alexmaharjan680@mit.us
"dibesh kumar chapagain",kavre,dibeshchapagain286@edu.np
"samaya kumar dahal",kavre,samayadahal575@hazesoft.co
"pratik shekhar neupane",kohalpur,pratikneupane969@hazesoft.co
"pintu prasad rai",basantapur,pinturai908@tu.edu.np
"saisagun shekhar lamichhane",bajura,saisagunlamichhane753@edu.np
"ramesh shekhar thapa",banke,rameshthapa949@mit.us
"shishir bahadur sharma",panchtahr,shishirsharma812@gmail.com
"bablu bahadur shrestha",bardiya,bablushrestha666@yahoo.com
"bibek kumar deuba",bardiya,bibekdeuba848@hotmail.com
"alex prakash bhandari",panchtahr,alexbhandari263@moe.np
"rabindra shekhar shrestha",illam,rabindrashrestha271@gmail.com
"golu prakash rai",dolpa,golurai196@yahoo.com
"diresh bahadur maharjan",banke,direshmaharjan215@edu.np
"diresh bahadur gywali",basantapur,direshgywali815@meta.co
"sumin chandra neupane",kohalpur,suminneupane476@hazesoft.co
"prasanna bahadur chapagain",jhapa,prasannachapagain392@edu.np
"ram prasad rana",kohalpur,ramrana465@yahoo.com
"ram chandra magar",illam,rammagar518@gmail.com
"prasanna kumar rana",rukum,prasannarana920@mit.us
"nischal shekhar gywali",syangha,nischalgywali320@co.uk
"bibek bahadur rana",bardiya,bibekrana677@yahoo.com
"shishir chandra deuba",lokanthali,shishirdeuba396@ioe.np
"suraj shekhar chapagain",syangha,surajchapagain472@hotmail.com
"sumin prasad dahal",bardiya,sumindahal78@mit.us
"ramesh bahadur maharjan",morang,rameshmaharjan778@moe.np
"kobid chandra oli",bardiya,kobidoli739@mit.us
"sujal prakash oli",basantapur,sujaloli338@hazesoft.co
"bablu chandra bhandari",ramnagar,bablubhandari932@hotmail.com
"rabindra bahadur maharjan",banke,rabindramaharjan842@facebook.co
"nischal prasad gywali",bardiya,nischalgywali354@moe.np
"saisagun prasad chapagain",dolpa,saisagunchapagain218@moe.np
"saisagun bahadur neupane",bajura,saisagunneupane203@hotmail.com
"saisagun shekhar thapa",lokanthali,saisagunthapa739@mit.us
"kripesh prasad rai",kavre,kripeshrai786@mit.us
"ram chandra lamichhane",kavre,ramlamichhane580@moe.np
"samir kumar sharma",kavre,samirsharma612@mit.us
"golu prasad rai",dolpa,golurai543@facebook.co
"samaya shekhar oli",syangha,samayaoli620@moe.np
"samir chandra dahal",panchtahr,samirdahal989@tu.edu.np
"shishir prasad chapagain",basantapur,shishirchapagain289@co.uk
"alex prasad magar",syangha,alexmagar610@hotmail.com
"golu bahadur neupane",dolpa,goluneupane531@hotmail.com
"saisagun bahadur oli",ramnagar,saisagunoli911@yahoo.com
"samir prasad chapagain",illam,samirchapagain495@moe.np
"rabindra kumar chapagain",bajura,rabindrachapagain246@facebook.co
"ashim prasad gywali",panchtahr,ashimgywali445@yahoo.com
"pintu kumar chapagain",kaski,pintuchapagain948@mof.np
"golu prasad deuba",dolpa,goludeuba752@co.uk
"rishikesh chandra neupane",rukum,rishikeshneupane561@co.uk
"pintu bahadur magar",bajura,pintumagar812@moe.np
"kobid bahadur deuba",bajura,kobiddeuba112@gmail.com
"manish prasad gywali",jhapa,manishgywali337@ioe.np
"suraj prakash oli",bardiya,surajoli494@yahoo.com
"sumin shekhar thapa",bardiya,suminthapa74@gmail.com
"kripesh chandra magar",kaski,kripeshmagar79@yahoo.com
"bisesh prakash thapa",basantapur,biseshthapa730@moe.np
"rabindra prakash chapagain",kavre,rabindrachapagain496@mit.us
"ashim kumar maharjan",bajang,ashimmaharjan681@edu.np
"bablu chandra rai",sallaghari,bablurai565@edu.np
"saisagun shekhar magar",basantapur,saisagunmagar153@meta.co
"ashim prakash deuba",kaski,ashimdeuba844@moe.np
"rishikesh prasad chapagain",basantapur,rishikeshchapagain607@mit.us
"rishikesh prasad bhandari",illam,rishikeshbhandari691@tu.edu.np
"pintu shekhar deuba",lokanthali,pintudeuba894@co.uk
"manish prakash rai",dolpa,manishrai13@hazesoft.co
"saisagun prakash rana",rukum,saisagunrana691@edu.np
"dibesh prakash rai",dolpa,dibeshrai641@yahoo.com
"ramesh bahadur sharma",parvat,rameshsharma413@yahoo.com
"ramesh prakash thapa",kaski,rameshthapa109@hotmail.com
"nischal shekhar deuba",dolpa,nischaldeuba258@edu.np
"manish bahadur magar",bardiya,manishmagar502@facebook.co
"ram kumar gywali",illam,ramgywali191@moe.np
"shishir shekhar sharma",kohalpur,shishirsharma710@mof.np
"diresh prasad rana",syangha,direshrana219@edu.np
"ram chandra neupane",dolpa,ramneupane157@co.uk
"aashish kumar lamichhane",bajang,aashishlamichhane409@mof.np
"sujal chandra sharma",bajura,sujalsharma794@hotmail.com
"dibesh shekhar rai",kavre,dibeshrai775@moe.np
"golu bahadur lamichhane",bajang,golulamichhane566@yahoo.com
"rishikesh kumar lamichhane",panchtahr,rishikeshlamichhane691@co.uk
"diresh kumar maharjan",rukum,direshmaharjan638@mit.us
"nischal prasad gywali",bajang,nischalgywali574@ioe.np
"bibek prakash chapagain",syangha,bibekchapagain81@hazesoft.co
"bisesh kumar thapa",sallaghari,biseshthapa195@co.uk
"ashim shekhar gywali",kavre,ashimgywali450@ioe.np
"prasanna kumar shrestha",bardiya,prasannashrestha455@ioe.np
"bablu bahadur gywali",syangha,bablugywali764@mof.np
"pratik kumar rai",morang,pratikrai383@moe.np
"dibesh kumar maharjan",panchtahr,dibeshmaharjan744@facebook.co
"ram prasad gywali",bardiya,ramgywali49@yahoo.com
"dibesh prakash bhandari",illam,dibeshbhandari915@gmail.com
"sujal prasad sharma",kavre,sujalsharma856@edu.np
"golu prakash oli",kavre,goluoli510@mof.np
"rishikesh prasad bhandari",bajura,rishikeshbhandari164@yahoo.com
"alex shekhar bhandari",panchtahr,alexbhandari167@hotmail.com
"bibek prakash maharjan",parvat,bibekmaharjan597@hotmail.com
"samaya kumar chapagain",morang,samayachapagain437@mit.us
"kobid shekhar maharjan",lokanthali,kobidmaharjan689@mof.np
"pratik prakash thapa",dolpa,pratikthapa461@yahoo.com
"samir bahadur gywali",lokanthali,samirgywali335@yahoo.com
"pratik bahadur rana",morang,pratikrana45@moe.np
"kalyan chandra rai",banke,kalyanrai199@facebook.co
"samaya kumar shrestha",dolpa,samayashrestha306@tu.edu.np
"kripesh chandra maharjan",basantapur,kripeshmaharjan719@moe.np
"alex shekhar rana",dolpa,alexrana804@mit.us
"sumin bahadur rai",ramnagar,suminrai959@edu.np
"samir prasad bhandari",banke,samirbhandari596@co.uk
"alex shekhar magar",bardiya,alexmagar167@facebook.co
"diresh bahadur deuba",kavre,direshdeuba113@mit.us
"prasanna prakash deuba",syangha,prasannadeuba750@facebook.co
"manish bahadur neupane",banke,manishneupane618@mof.np
"alex chandra neupane",sallaghari,alexneupane227@hazesoft.co
"bibek chandra rana",kaski,bibekrana313@mit.us
"samir prasad chapagain",kaski,samirchapagain565@edu.np
"rishikesh shekhar chapagain",ramnagar,rishikeshchapagain311@mof.np
"rishikesh shekhar gywali",kaski,rishikeshgywali947@mit.us
"pratik prakash rai",morang,pratikrai491@moe.np
"nischal prakash chapagain",kavre,nischalchapagain737@hazesoft.co
"kobid prasad oli",jhapa,kobidoli932@ioe.np
"ashim prasad chapagain",rukum,ashimchapagain110@mit.us
"shishir bahadur thapa",kaski,shishirthapa357@gmail.com
"pratik chandra neupane",bardiya,pratikneupane961@gmail.com
"ram shekhar maharjan",jhapa,rammaharjan39@meta.co
"samaya prakash thapa",illam,samayathapa670@edu.np
"ramesh bahadur lamichhane",ramnagar,rameshlamichhane446@co.uk
"samir prakash deuba",bajang,samirdeuba270@hotmail.com
"samaya prakash lamichhane",parvat,samayalamichhane845@mof.np
"pratik kumar lamichhane",bajang,pratiklamichhane816@gmail.com
"dibesh shekhar oli",rukum,dibesholi50@yahoo.com
"sumin prasad neupane",panchtahr,suminneupane737@mit.us
"sumin prasad gywali",syangha,sumingywali426@co.uk
"suraj chandra thapa",kaski,surajthapa958@co.uk
"samir prakash gywali",kohalpur,samirgywali583@co.uk
"suraj shekhar bhandari",panchtahr,surajbhandari337@co.uk
"rishikesh prasad gywali",bardiya,rishikeshgywali751@ioe.np
"bibek prasad rana",morang,bibekrana336@hotmail.com
"sujal prasad maharjan",bajura,sujalmaharjan627@co.uk
"kripesh prasad oli",morang,kripesholi29@mit.us
"ramesh bahadur bhandari",rukum,rameshbhandari92@edu.np
"ashim prakash bhandari",parvat,ashimbhandari217@meta.co
"bablu chandra oli",basantapur,babluoli442@moe.np
"prasanna chandra sharma",lokanthali,prasannasharma509@yahoo.com
"samir bahadur gywali",illam,samirgywali190@hotmail.com
"ashim prakash shrestha",banke,ashimshrestha946@mof.np
"bibek prakash magar",rukum,bibekmagar513@gmail.com
"pratik shekhar neupane",bajura,pratikneupane300@gmail.com
"bisesh kumar gywali",basantapur,biseshgywali714@edu.np
"samaya bahadur gywali",ramnagar,samayagywali527@mof.np
"pratik prakash sharma",bajang,pratiksharma378@meta.co
"nischal prakash deuba",morang,nischaldeuba438@ioe.np
"bablu prasad maharjan",rukum,bablumaharjan610@hazesoft.co
"suraj chandra deuba",rukum,surajdeuba519@meta.co
"rabindra prasad dahal",dolpa,rabindradahal922@moe.np
"ramesh shekhar chapagain",sallaghari,rameshchapagain80@mit.us
"samaya prakash rai",basantapur,samayarai502@gmail.com
"rabindra kumar deuba",rukum,rabindradeuba208@mit.us
"sumin shekhar oli",ramnagar,suminoli900@facebook.co
"kripesh chandra gywali",illam,kripeshgywali54@mit.us
"diresh shekhar rana",jhapa,direshrana231@facebook.co
"aashish chandra rai",ramnagar,aashishrai571@edu.np
"prasanna prakash gywali",dolpa,prasannagywali843@edu.np
"ram prasad rai",syangha,ramrai385@edu.np
"saisagun chandra neupane",bajang,saisagunneupane290@ioe.np
"shishir shekhar gywali",bajang,shishirgywali813@meta.co
"saisagun shekhar thapa",panchtahr,saisagunthapa125@hotmail.com
"bablu shekhar magar",basantapur,bablumagar365@tu.edu.np
"nischal chandra thapa",kohalpur,nischalthapa56@mof.np
"rishikesh prakash shrestha",bajang,rishikeshshrestha616@yahoo.com
"manish chandra gywali",kaski,manishgywali383@ioe.np
"kripesh chandra deuba",banke,kripeshdeuba529@hazesoft.co
"aashish chandra rai",sallaghari,aashishrai411@meta.co
"nischal bahadur neupane",kavre,nischalneupane331@co.uk
"samir prakash gywali",illam,samirgywali77@hotmail.com
"pratik prakash maharjan",illam,pratikmaharjan933@co.uk
"saisagun bahadur gywali",ramnagar,saisagungywali597@co.uk
"nischal shekhar shrestha",illam,nischalshrestha912@moe.np
"bisesh shekhar deuba",basantapur,biseshdeuba140@moe.np
"dibesh kumar lamichhane",syangha,dibeshlamichhane763@hazesoft.co
"pintu shekhar lamichhane",kohalpur,pintulamichhane232@facebook.co
"suraj prasad gywali",illam,surajgywali894@tu.edu.np
"rabindra kumar dahal",ramnagar,rabindradahal256@mof.np
"ram prakash dahal",dolpa,ramdahal639@facebook.co
"kripesh shekhar shrestha",kohalpur,kripeshshrestha702@hotmail.com
"saisagun prasad lamichhane",morang,saisagunlamichhane479@hotmail.com
"diresh prakash rana",kavre,direshrana12@hotmail.com
"samir bahadur rana",kavre,samirrana691@meta.co
"kripesh prakash sharma",dolpa,kripeshsharma199@edu.np
"rishikesh prakash rai",ramnagar,rishikeshrai812@ioe.np
"golu prasad sharma",parvat,golusharma529@hotmail.com
"ramesh chandra shrestha",syangha,rameshshrestha296@edu.np
"saisagun shekhar magar",kavre,saisagunmagar841@ioe.np
"pintu prasad lamichhane",kavre,pintulamichhane335@moe.np
"manish prakash chapagain",kohalpur,manishchapagain15@yahoo.com
"saisagun prakash magar",rukum,saisagunmagar92@co.uk
"shishir prakash bhandari",kaski,shishirbhandari357@edu.np
"manish prasad maharjan",dolpa,manishmaharjan810@mit.us
"ashim shekhar thapa",kavre,ashimthapa419@mit.us
"ram prasad bhandari",lokanthali,rambhandari187@facebook.co
"kalyan kumar gywali",kavre,kalyangywali718@hazesoft.co
"suraj prasad rana",syangha,surajrana813@ioe.np
"manish prakash rana",panchtahr,manishrana671@moe.np
"nischal shekhar deuba",lokanthali,nischaldeuba885@facebook.co
"shishir kumar sharma",jhapa,shishirsharma532@tu.edu.np
"suraj kumar chapagain",bajang,surajchapagain997@edu.np
"suraj prasad neupane",kaski,surajneupane764@ioe.np
"samir shekhar deuba",basantapur,samirdeuba540@moe.np
"nischal prakash thapa",dolpa,nischalthapa753@facebook.co
"saisagun chandra neupane",sallaghari,saisagunneupane382@tu.edu.np
"bablu kumar maharjan",syangha,bablumaharjan763@mit.us
"diresh bahadur chapagain",kaski,direshchapagain394@edu.np
"samaya shekhar rai",kaski,samayarai525@mit.us
"ashim prasad thapa",basantapur,ashimthapa516@yahoo.com
"kobid prasad rana",lokanthali,kobidrana552@gmail.com
"suraj prakash maharjan",syangha,surajmaharjan319@moe.np
"prasanna shekhar bhandari",jhapa,prasannabhandari105@meta.co
"ashim prasad bhandari",ramnagar,ashimbhandari731@moe.np
"bibek prakash magar",syangha,bibekmagar503@hazesoft.co
"diresh prakash rai",syangha,direshrai420@gmail.com
"prasanna prasad rana",banke,prasannarana152@co.uk
"rabindra prasad lamichhane",kaski,rabindralamichhane97@mit.us
"kalyan bahadur maharjan",bajura,kalyanmaharjan297@hotmail.com
"saisagun shekhar magar",kavre,saisagunmagar948@yahoo.com
"ramesh kumar shrestha",jhapa,rameshshrestha215@gmail.com
"bablu bahadur thapa",banke,babluthapa142@gmail.com
"kobid bahadur bhandari",ramnagar,kobidbhandari504@ioe.np
"ram bahadur magar",bardiya,rammagar771@gmail.com
"pintu prasad bhandari",basantapur,pintubhandari242@hazesoft.co
"manish kumar deuba",basantapur,manishdeuba398@mit.us
"bablu prasad maharjan",kaski,bablumaharjan888@facebook.co
"pratik bahadur oli",kavre,pratikoli970@meta.co
"diresh bahadur rana",lokanthali,direshrana490@mof.np
"shishir kumar rana",basantapur,shishirrana219@hotmail.com
"shishir kumar lamichhane",kavre,shishirlamichhane142@meta.co
"pintu prasad rai",panchtahr,pinturai265@hazesoft.co
"kripesh prakash gywali",illam,kripeshgywali531@moe.np
"dibesh prasad sharma",jhapa,dibeshsharma963@hazesoft.co
"ram chandra deuba",illam,ramdeuba459@hotmail.com
"prasanna prasad deuba",bardiya,prasannadeuba236@mit.us
"kalyan kumar chapagain",kavre,kalyanchapagain743@yahoo.com
"manish prasad bhandari",syangha,manishbhandari809@gmail.com
"kripesh bahadur dahal",illam,kripeshdahal167@co.uk
"sujal bahadur dahal",parvat,sujaldahal555@mof.np
"kalyan chandra thapa",parvat,kalyanthapa552@gmail.com
"bibek prakash dahal",bajura,bibekdahal33@moe.np
"shishir kumar maharjan",lokanthali,shishirmaharjan628@yahoo.com
"dibesh prakash rana",syangha,dibeshrana464@co.uk
"bablu bahadur rana",kavre,bablurana213@hazesoft.co
"samir bahadur magar",banke,samirmagar491@meta.co
"suraj prasad maharjan",bajang,surajmaharjan178@hazesoft.co
"bisesh kumar sharma",bardiya,biseshsharma470@co.uk
"bisesh kumar dahal",ramnagar,biseshdahal696@mof.np
"prasanna bahadur shrestha",ramnagar,prasannashrestha744@mit.us
"bisesh chandra chapagain",kavre,biseshchapagain589@yahoo.com
"diresh kumar lamichhane",basantapur,direshlamichhane376@hotmail.com
"rabindra prakash thapa",basantapur,rabindrathapa582@gmail.com
"bibek shekhar bhandari",dolpa,bibekbhandari881@tu.edu.np
"kobid bahadur maharjan",rukum,kobidmaharjan44@edu.np
"bisesh kumar thapa",sallaghari,biseshthapa856@facebook.co
"kalyan prakash rana",basantapur,kalyanrana772@gmail.com
"suraj prasad lamichhane",sallaghari,surajlamichhane827@gmail.com
"shishir prasad neupane",bajang,shishirneupane506@gmail.com
"kalyan prakash magar",sallaghari,kalyanmagar587@meta.co
"manish chandra deuba",banke,manishdeuba5@moe.np
"shishir prakash lamichhane",lokanthali,shishirlamichhane110@edu.np
"sumin shekhar thapa",illam,suminthapa499@moe.np
"kobid kumar thapa",illam,kobidthapa575@moe.np
"pintu prakash sharma",banke,pintusharma1@tu.edu.np
"prasanna bahadur deuba",ramnagar,prasannadeuba65@co.uk
"ram shekhar dahal",lokanthali,ramdahal393@yahoo.com
"aashish kumar oli",bajura,aashisholi243@yahoo.com
"prasanna chandra dahal",bardiya,prasannadahal786@yahoo.com
"samir bahadur magar",dolpa,samirmagar343@moe.np
"dibesh kumar rai",ramnagar,dibeshrai772@ioe.np
"nischal shekhar bhandari",rukum,nischalbhandari804@co.uk
"samaya kumar shrestha",panchtahr,samayashrestha536@ioe.np
"pratik chandra oli",lokanthali,pratikoli961@tu.edu.np
"prasanna bahadur thapa",illam,prasannathapa212@tu.edu.np
"saisagun chandra maharjan",morang,saisagunmaharjan49@moe.np
"samir prasad rai",dolpa,samirrai671@edu.np
"aashish prakash dahal",dolpa,aashishdahal605@ioe.np
"kripesh shekhar shrestha",illam,kripeshshrestha505@edu.np
"bablu shekhar rai",sallaghari,bablurai833@facebook.co
"prasanna chandra sharma",bardiya,prasannasharma995@mit.us
"suraj prasad gywali",dolpa,surajgywali598@hazesoft.co
"rishikesh kumar bhandari",bajang,rishikeshbhandari662@moe.np
"samir shekhar bhandari",parvat,samirbhandari754@moe.np
"manish prasad sharma",bardiya,manishsharma36@mof.np
"manish prakash magar",sallaghari,manishmagar81@co.uk
"sujal chandra rana",lokanthali,sujalrana767@tu.edu.np
"suraj prakash dahal",syangha,surajdahal275@edu.np
"aashish kumar lamichhane",illam,aashishlamichhane302@tu.edu.np
"suraj chandra lamichhane",rukum,surajlamichhane822@mit.us
"samir chandra rai",dolpa,samirrai552@tu.edu.np
"sujal chandra oli",bajura,sujaloli902@edu.np
"rabindra shekhar neupane",dolpa,rabindraneupane855@mof.np
"bablu chandra neupane",ramnagar,babluneupane181@hazesoft.co
"aashish kumar dahal",syangha,aashishdahal173@facebook.co
"ashim prasad rai",basantapur,ashimrai896@moe.np
"alex kumar deuba",jhapa,alexdeuba737@hotmail.com
"rishikesh bahadur magar",kohalpur,rishikeshmagar999@moe.np
"prasanna shekhar bhandari",kavre,prasannabhandari260@hazesoft.co
"sumin shekhar magar",morang,suminmagar770@mit.us
"pintu bahadur shrestha",sallaghari,pintushrestha109@hotmail.com
"nischal kumar deuba",lokanthali,nischaldeuba924@gmail.com
"diresh prasad chapagain",panchtahr,direshchapagain909@meta.co
"ashim bahadur maharjan",dolpa,ashimmaharjan230@moe.np
"samaya prakash rana",kaski,samayarana483@hotmail.com
"saisagun prakash thapa",bardiya,saisagunthapa710@meta.co
"rishikesh chandra bhandari",dolpa,rishikeshbhandari29@gmail.com
"aashish prasad magar",jhapa,aashishmagar747@facebook.co
"rishikesh chandra gywali",bajang,rishikeshgywali621@co.uk
"suraj kumar chapagain",bardiya,surajchapagain476@meta.co
"aashish shekhar dahal",bajura,aashishdahal607@ioe.np
"nischal prasad oli",syangha,nischaloli300@tu.edu.np
"rabindra prasad rai",dolpa,rabindrarai488@mit.us
"kalyan shekhar rana",dolpa,kalyanrana544@tu.edu.np
"aashish shekhar gywali",bardiya,aashishgywali440@meta.co
"kripesh shekhar sharma",illam,kripeshsharma480@moe.np
"ramesh shekhar lamichhane",illam,rameshlamichhane716@hazesoft.co
"ram bahadur dahal",illam,ramdahal52@meta.co
"kalyan chandra shrestha",banke,kalyanshrestha418@co.uk
"pratik shekhar oli",parvat,pratikoli650@gmail.com
"samir bahadur rai",kaski,samirrai420@yahoo.com
"kripesh prakash shrestha",banke,kripeshshrestha281@ioe.np
"pintu bahadur gywali",bajang,pintugywali246@edu.np
"diresh shekhar deuba",dolpa,direshdeuba108@co.uk
"golu kumar gywali",lokanthali,golugywali618@mof.np
"saisagun prakash dahal",bardiya,saisagundahal797@mit.us
"ram chandra thapa",kavre,ramthapa578@co.uk
"ram bahadur gywali",rukum,ramgywali286@moe.np
"shishir bahadur bhandari",ramnagar,shishirbhandari827@yahoo.com
"ram bahadur oli",morang,ramoli370@mof.np
"kobid bahadur dahal",lokanthali,kobiddahal10@mof.np
"ramesh prakash dahal",jhapa,rameshdahal703@yahoo.com
"ram chandra sharma",bajura,ramsharma125@tu.edu.np
"bisesh prakash rai",bajang,biseshrai484@tu.edu.np
"alex bahadur deuba",banke,alexdeuba910@hotmail.com
"bablu kumar bhandari",dolpa,bablubhandari522@ioe.np
"ramesh shekhar rana",illam,rameshrana709@tu.edu.np
"kripesh prasad rana",kohalpur,kripeshrana602@moe.np
"bibek kumar maharjan",dolpa,bibekmaharjan471@moe.np
"saisagun chandra rana",bajura,saisagunrana377@yahoo.com
"prasanna chandra bhandari",parvat,prasannabhandari251@hazesoft.co
"nischal prakash maharjan",banke,nischalmaharjan693@tu.edu.np
"golu bahadur dahal",jhapa,goludahal367@edu.np
"suraj prakash gywali",illam,surajgywali6@hotmail.com
"rabindra kumar gywali",syangha,rabindragywali577@hotmail.com
"dibesh bahadur sharma",bajang,dibeshsharma697@mit.us
"saisagun kumar gywali",lokanthali,saisagungywali34@gmail.com
"sumin kumar rana",bajura,suminrana733@facebook.co
"kripesh prasad dahal",ramnagar,kripeshdahal901@hazesoft.co
"ramesh prakash neupane",panchtahr,rameshneupane305@hotmail.com
"suraj shekhar rana",kaski,surajrana708@mof.np
"samaya bahadur lamichhane",sallaghari,samayalamichhane966@moe.np
"rabindra prasad rai",illam,rabindrarai191@gmail.com
"sumin kumar rai",panchtahr,suminrai753@facebook.co
"saisagun shekhar rai",kohalpur,saisagunrai585@meta.co
"kripesh prasad bhandari",illam,kripeshbhandari814@gmail.com
"manish prasad thapa",kohalpur,manishthapa844@tu.edu.np
"bisesh prasad magar",kohalpur,biseshmagar134@tu.edu.np
"samaya bahadur rana",dolpa,samayarana410@hazesoft.co
"samir prasad thapa",parvat,samirthapa1@yahoo.com
"manish kumar thapa",bajang,manishthapa674@edu.np
"suraj shekhar rai",illam,surajrai3@edu.np
"rishikesh prasad gywali",parvat,rishikeshgywali620@mof.np
"samir prasad dahal",banke,samirdahal808@tu.edu.np
"ashim chandra rana",kaski,ashimrana244@ioe.np
"kalyan kumar magar",parvat,kalyanmagar577@mit.us
"nischal bahadur maharjan",kavre,nischalmaharjan995@gmail.com
"bibek shekhar dahal",bajang,bibekdahal463@mof.np
"rishikesh bahadur sharma",bajang,rishikeshsharma816@gmail.com
"ram bahadur neupane",basantapur,ramneupane894@moe.np
"rabindra chandra rana",rukum,rabindrarana165@facebook.co
"aashish chandra rana",panchtahr,aashishrana531@hazesoft.co
"dibesh shekhar shrestha",syangha,dibeshshrestha901@co.uk
"kalyan prasad chapagain",syangha,kalyanchapagain794@facebook.co
"rabindra prakash gywali",bardiya,rabindragywali504@gmail.com
"sumin prasad sharma",bajang,suminsharma781@hotmail.com
"pintu prakash magar",syangha,pintumagar482@hazesoft.co
"dibesh prakash dahal",jhapa,dibeshdahal6@mof.np
"pratik prakash thapa",illam,pratikthapa993@meta.co
"kobid chandra lamichhane",dolpa,kobidlamichhane114@mof.np
"golu kumar rana",bajura,golurana28@hazesoft.co
"ram shekhar deuba",bajang,ramdeuba451@co.uk
"bablu bahadur gywali",kaski,bablugywali41@yahoo.com
"bisesh chandra deuba",kavre,biseshdeuba491@moe.np
"ramesh bahadur shrestha",jhapa,rameshshrestha858@hotmail.com
"bablu bahadur gywali",kohalpur,bablugywali894@yahoo.com
"pintu prakash deuba",morang,pintudeuba456@edu.np
"ram chandra dahal",morang,ramdahal788@co.uk
"kripesh prasad maharjan",banke,kripeshmaharjan101@mit.us
"diresh prasad magar",syangha,direshmagar169@co.uk
"kripesh shekhar gywali",bardiya,kripeshgywali859@tu.edu.np
"bablu shekhar magar",dolpa,bablumagar788@yahoo.com
"golu prakash rai",rukum,golurai20@mof.np
"sumin bahadur shrestha",kavre,suminshrestha762@mit.us
"dibesh bahadur bhandari",kohalpur,dibeshbhandari656@co.uk
"bibek prasad deuba",kaski,bibekdeuba858@facebook.co
"sumin prakash chapagain",bajura,suminchapagain117@facebook.co
"samir prakash maharjan",sallaghari,samirmaharjan774@ioe.np
"rishikesh chandra dahal",rukum,rishikeshdahal540@edu.np
"rishikesh shekhar neupane",kavre,rishikeshneupane689@gmail.com
"shishir prasad oli",sallaghari,shishiroli763@meta.co
"sumin prakash oli",bajura,suminoli216@tu.edu.np
"golu chandra rana",banke,golurana853@mit.us
"alex chandra rai",bajura,alexrai779@hazesoft.co
"kobid shekhar rai",rukum,kobidrai207@hazesoft.co
"bisesh kumar oli",kohalpur,bisesholi881@mit.us
"prasanna kumar gywali",kaski,prasannagywali558@co.uk
"sumin kumar thapa",basantapur,suminthapa795@moe.np
"ashim bahadur lamichhane",ramnagar,ashimlamichhane105@hazesoft.co
"rishikesh shekhar dahal",panchtahr,rishikeshdahal774@co.uk
"sujal kumar bhandari",panchtahr,sujalbhandari7@tu.edu.np
"rishikesh shekhar sharma",rukum,rishikeshsharma211@tu.edu.np
"nischal prasad thapa",ramnagar,nischalthapa241@hotmail.com
"ram chandra bhandari",bajura,rambhandari567@yahoo.com
"samir chandra bhandari",kohalpur,samirbhandari447@hazesoft.co
"pratik shekhar sharma",parvat,pratiksharma553@mit.us
"alex prasad sharma",bajura,alexsharma784@gmail.com
"shishir chandra gywali",parvat,shishirgywali337@meta.co
"pratik prasad rai",ramnagar,pratikrai19@facebook.co
"bablu prasad rai",lokanthali,bablurai400@meta.co
"sujal bahadur thapa",illam,sujalthapa884@mit.us
"sumin bahadur thapa",morang,suminthapa64@yahoo.com
"dibesh shekhar rana",syangha,dibeshrana419@meta.co
"samaya shekhar lamichhane",basantapur,samayalamichhane569@co.uk
"bibek bahadur sharma",sallaghari,bibeksharma36@ioe.np
"manish shekhar rana",parvat,manishrana70@hazesoft.co
"ramesh bahadur rana",dolpa,rameshrana166@mof.np
"alex bahadur thapa",jhapa,alexthapa570@meta.co
"saisagun shekhar magar",bajang,saisagunmagar179@mit.us
"aashish bahadur rana",kohalpur,aashishrana505@mof.np
"kobid prasad rana",banke,kobidrana710@edu.np
"samaya prakash shrestha",jhapa,samayashrestha968@hotmail.com
"kripesh prakash maharjan",jhapa,kripeshmaharjan420@mof.np
"dibesh kumar lamichhane",parvat,dibeshlamichhane230@hotmail.com
"golu shekhar deuba",bajura,goludeuba57@tu.edu.np
"dibesh chandra rana",banke,dibeshrana725@edu.np
"alex kumar dahal",lokanthali,alexdahal282@gmail.com
"prasanna chandra gywali",bajura,prasannagywali252@facebook.co
"kobid bahadur maharjan",kavre,kobidmaharjan167@ioe.np
"samaya prakash neupane",kaski,samayaneupane200@mof.np
"sumin chandra neupane",syangha,suminneupane871@mof.np
"bisesh prasad deuba",basantapur,biseshdeuba531@meta.co
"prasanna shekhar dahal",kohalpur,prasannadahal435@moe.np
"rishikesh prakash rana",sallaghari,rishikeshrana593@moe.np
"ram kumar dahal",bardiya,ramdahal823@mit.us
"samaya prakash rana",morang,samayarana277@mit.us
"diresh prasad dahal",lokanthali,direshdahal405@tu.edu.np
"kripesh prakash chapagain",basantapur,kripeshchapagain455@hazesoft.co
"ram shekhar rai",ramnagar,ramrai992@yahoo.com
"prasanna bahadur chapagain",kavre,prasannachapagain590@tu.edu.np
"ram shekhar bhandari",illam,rambhandari865@meta.co
"kripesh shekhar neupane",kavre,kripeshneupane782@mof.np
"ramesh prasad maharjan",syangha,rameshmaharjan908@gmail.com
"ramesh chandra neupane",bardiya,rameshneupane535@gmail.com
"sujal chandra maharjan",illam,sujalmaharjan172@gmail.com
"golu bahadur chapagain",bardiya,goluchapagain24@hotmail.com
"bisesh shekhar sharma",morang,biseshsharma739@edu.np
"pratik prakash shrestha",sallaghari,pratikshrestha685@meta.co
"pratik shekhar deuba",bajura,pratikdeuba473@yahoo.com
"kobid chandra chapagain",syangha,kobidchapagain900@yahoo.com
"rabindra chandra gywali",banke,rabindragywali159@hazesoft.co
"ashim prasad deuba",syangha,ashimdeuba881@yahoo.com
"kripesh shekhar gywali",bajura,kripeshgywali884@tu.edu.np
"golu kumar maharjan",kohalpur,golumaharjan789@co.uk
"golu prakash maharjan",panchtahr,golumaharjan319@yahoo.com
"bisesh kumar bhandari",sallaghari,biseshbhandari21@edu.np
"sumin prakash magar",panchtahr,suminmagar468@ioe.np
"bablu shekhar bhandari",ramnagar,bablubhandari851@facebook.co
"bisesh shekhar magar",panchtahr,biseshmagar792@tu.edu.np
"bisesh prakash deuba",panchtahr,biseshdeuba246@gmail.com
"bibek kumar chapagain",bardiya,bibekchapagain381@hotmail.com
"kripesh bahadur chapagain",kavre,kripeshchapagain766@hazesoft.co
"manish prasad dahal",kavre,manishdahal545@co.uk
"shishir chandra gywali",kohalpur,shishirgywali397@edu.np
"bablu kumar sharma",sallaghari,bablusharma108@meta.co
"alex prasad thapa",rukum,alexthapa113@mit.us
"aashish prakash magar",illam,aashishmagar694@edu.np
"manish kumar sharma",bajang,manishsharma809@mof.np
"samaya kumar shrestha",kaski,samayashrestha623@hazesoft.co
"kobid prasad rana",morang,kobidrana540@hazesoft.co
"kobid bahadur thapa",kaski,kobidthapa258@hazesoft.co
"shishir kumar dahal",panchtahr,shishirdahal547@yahoo.com
"kalyan shekhar lamichhane",kohalpur,kalyanlamichhane586@tu.edu.np
"manish kumar deuba",basantapur,manishdeuba267@moe.np
"sujal kumar magar",panchtahr,sujalmagar104@moe.np
"pintu prakash neupane",rukum,pintuneupane736@hazesoft.co
"samaya chandra sharma",banke,samayasharma884@edu.np
"sujal prakash dahal",panchtahr,sujaldahal989@tu.edu.np
"dibesh chandra deuba",morang,dibeshdeuba187@yahoo.com
"sujal prakash rana",basantapur,sujalrana876@ioe.np
"pratik prasad chapagain",parvat,pratikchapagain879@hazesoft.co
"kripesh shekhar chapagain",panchtahr,kripeshchapagain892@mit.us
"manish bahadur deuba",lokanthali,manishdeuba69@hazesoft.co
"suraj prasad maharjan",kaski,surajmaharjan6@yahoo.com
"dibesh prakash gywali",morang,dibeshgywali161@moe.np
"sujal bahadur gywali",kohalpur,sujalgywali505@facebook.co
"diresh bahadur gywali",lokanthali,direshgywali785@gmail.com
"sujal shekhar maharjan",kaski,sujalmaharjan189@edu.np
"samir kumar rai",bajura,samirrai981@mof.np
"bisesh chandra thapa",lokanthali,biseshthapa741@facebook.co
"sujal bahadur dahal",parvat,sujaldahal73@hotmail.com
"rabindra bahadur bhandari",basantapur,rabindrabhandari105@yahoo.com
"diresh chandra oli",bajang,diresholi353@moe.np
"bablu prakash sharma",sallaghari,bablusharma195@facebook.co
"sumin chandra thapa",ramnagar,suminthapa697@mof.np
"ashim chandra rana",ramnagar,ashimrana435@facebook.co
"rishikesh shekhar rana",panchtahr,rishikeshrana176@hotmail.com
"sumin kumar sharma",ramnagar,suminsharma577@co.uk
"kripesh prakash gywali",basantapur,kripeshgywali947@yahoo.com
"sumin prakash deuba",kavre,sumindeuba896@meta.co
"diresh kumar maharjan",kohalpur,direshmaharjan576@meta.co
"samaya kumar maharjan",kavre,samayamaharjan111@mit.us
"samir kumar rana",sallaghari,samirrana54@moe.np
"prasanna bahadur bhandari",kavre,prasannabhandari569@facebook.co
"sumin shekhar thapa",dolpa,suminthapa543@meta.co
"bibek chandra deuba",sallaghari,bibekdeuba523@tu.edu.np
"kripesh prakash sharma",basantapur,kripeshsharma231@mit.us
"dibesh chandra sharma",banke,dibeshsharma157@mof.np
"alex bahadur rai",jhapa,alexrai715@gmail.com
"saisagun prasad magar",bardiya,saisagunmagar592@facebook.co
"aashish prakash thapa",kavre,aashishthapa825@hotmail.com
"shishir shekhar lamichhane",sallaghari,shishirlamichhane357@moe.np
"bisesh bahadur dahal",basantapur,biseshdahal807@meta.co
"kalyan prakash bhandari",basantapur,kalyanbhandari986@ioe.np
"samir prakash rai",dolpa,samirrai725@yahoo.com
"manish bahadur magar",rukum,manishmagar856@mit.us
"saisagun bahadur gywali",basantapur,saisagungywali819@co.uk
"sumin chandra bhandari",lokanthali,suminbhandari481@facebook.co
"pratik kumar maharjan",panchtahr,pratikmaharjan267@moe.np
"sujal bahadur shrestha",kohalpur,sujalshrestha845@hotmail.com
"diresh bahadur gywali",dolpa,direshgywali993@meta.co
"ramesh shekhar magar",bardiya,rameshmagar488@co.uk
"alex bahadur oli",rukum,alexoli744@hazesoft.co
"alex kumar dahal",illam,alexdahal54@moe.np
"pintu bahadur rai",sallaghari,pinturai460@moe.np
"samaya kumar rana",parvat,samayarana68@hazesoft.co
"shishir prasad chapagain",illam,shishirchapagain574@moe.np
"alex bahadur lamichhane",ramnagar,alexlamichhane263@facebook.co
"rabindra chandra sharma",rukum,rabindrasharma218@hotmail.com
"pratik bahadur shrestha",illam,pratikshrestha316@facebook.co
"rishikesh shekhar maharjan",bajang,rishikeshmaharjan611@gmail.com
"kobid prasad maharjan",bajura,kobidmaharjan147@hotmail.com
"ashim prakash sharma",jhapa,ashimsharma829@hazesoft.co
"ram prasad bhandari",basantapur,rambhandari754@yahoo.com
"manish prakash shrestha",kaski,manishshrestha779@co.uk
"bablu kumar neupane",bardiya,babluneupane523@moe.np
"golu bahadur maharjan",rukum,golumaharjan483@edu.np
"saisagun bahadur dahal",bajura,saisagundahal928@tu.edu.np
"rabindra shekhar magar",parvat,rabindramagar223@co.uk
"manish kumar gywali",lokanthali,manishgywali166@mof.np
"kalyan kumar neupane",morang,kalyanneupane838@co.uk
"alex prasad dahal",banke,alexdahal509@hazesoft.co
"kripesh kumar maharjan",ramnagar,kripeshmaharjan940@yahoo.com
"rishikesh shekhar gywali",kohalpur,rishikeshgywali862@edu.np
"samir prakash thapa",bardiya,samirthapa376@gmail.com
"ramesh kumar chapagain",morang,rameshchapagain691@co.uk
"bibek shekhar oli",syangha,bibekoli352@co.uk
"bablu chandra dahal",syangha,babludahal359@tu.edu.np
"kripesh chandra gywali",bajura,kripeshgywali529@ioe.np
"sumin prakash thapa",dolpa,suminthapa431@edu.np
"suraj prakash lamichhane",basantapur,surajlamichhane715@mof.np
"nischal shekhar lamichhane",illam,nischallamichhane439@mit.us
"suraj bahadur rana",kaski,surajrana867@tu.edu.np
"dibesh prakash sharma",sallaghari,dibeshsharma104@hazesoft.co
"sumin shekhar shrestha",illam,suminshrestha212@hazesoft.co
"kalyan chandra magar",rukum,kalyanmagar599@edu.np
"rabindra prakash rana",jhapa,rabindrarana943@tu.edu.np
"kobid prakash maharjan",lokanthali,kobidmaharjan36@yahoo.com
"pratik bahadur thapa",bardiya,pratikthapa944@meta.co
"shishir prakash lamichhane",illam,shishirlamichhane128@co.uk
"bablu prakash gywali",sallaghari,bablugywali56@edu.np
"manish kumar shrestha",illam,manishshrestha659@yahoo.com
"prasanna shekhar thapa",panchtahr,prasannathapa878@tu.edu.np
"alex prakash rai",bardiya,alexrai235@gmail.com
"ramesh prakash neupane",parvat,rameshneupane628@ioe.np
"alex kumar thapa",rukum,alexthapa769@edu.np
"pintu kumar oli",morang,pintuoli394@facebook.co
"manish chandra neupane",ramnagar,manishneupane75@hotmail.com
"pratik kumar magar",basantapur,pratikmagar613@meta.co
"samaya chandra bhandari",kohalpur,samayabhandari342@hotmail.com
"rabindra kumar neupane",dolpa,rabindraneupane165@gmail.com
"samir bahadur sharma",jhapa,samirsharma297@hotmail.com
"shishir chandra shrestha",basantapur,shishirshrestha551@edu.np
"ashim kumar dahal",jhapa,ashimdahal785@hazesoft.co
"dibesh bahadur oli",parvat,dibesholi650@meta.co
"pintu shekhar dahal",bajang,pintudahal927@hotmail.com
"manish chandra neupane",sallaghari,manishneupane777@edu.np
"kalyan shekhar chapagain",basantapur,kalyanchapagain148@hotmail.com
"diresh shekhar neupane",panchtahr,direshneupane782@yahoo.com
"suraj prakash shrestha",dolpa,surajshrestha788@edu.np
"sumin chandra thapa",sallaghari,suminthapa70@hotmail.com
"sumin kumar magar",lokanthali,suminmagar556@gmail.com
"kobid prakash gywali",kohalpur,kobidgywali646@yahoo.com
"saisagun prasad lamichhane",dolpa,saisagunlamichhane309@mit.us
"sujal kumar thapa",illam,sujalthapa994@ioe.np
"manish kumar chapagain",lokanthali,manishchapagain870@meta.co
"diresh prakash shrestha",sallaghari,direshshrestha423@hazesoft.co
"kripesh prakash rai",panchtahr,kripeshrai798@gmail.com
"shishir kumar lamichhane",sallaghari,shishirlamichhane764@hazesoft.co
"saisagun bahadur bhandari",bajura,saisagunbhandari964@yahoo.com
"manish prasad thapa",parvat,manishthapa438@edu.np
"aashish kumar dahal",dolpa,aashishdahal777@yahoo.com
"samaya prasad lamichhane",kavre,samayalamichhane314@mit.us
"samaya shekhar lamichhane",kaski,samayalamichhane769@hazesoft.co
"suraj kumar magar",bajura,surajmagar590@ioe.np
"bisesh chandra sharma",lokanthali,biseshsharma701@yahoo.com
"shishir chandra bhandari",bajura,shishirbhandari45@hazesoft.co
"saisagun bahadur neupane",rukum,saisagunneupane398@co.uk
"prasanna bahadur rana",illam,prasannarana928@mof.np
"rabindra kumar maharjan",dolpa,rabindramaharjan222@mof.np
"samaya chandra deuba",bajura,samayadeuba729@edu.np
"bablu prakash maharjan",morang,bablumaharjan868@co.uk
"samaya bahadur magar",kavre,samayamagar254@yahoo.com
"bablu chandra lamichhane",jhapa,bablulamichhane208@mof.np
"diresh prakash magar",dolpa,direshmagar277@gmail.com
"dibesh shekhar gywali",sallaghari,dibeshgywali653@mit.us
"dibesh prakash magar",bajura,dibeshmagar852@tu.edu.np
"sumin kumar magar",kaski,suminmagar734@meta.co
"kripesh chandra gywali",kohalpur,kripeshgywali796@yahoo.com
"rishikesh prasad lamichhane",kohalpur,rishikeshlamichhane541@meta.co
"manish bahadur neupane",sallaghari,manishneupane114@hotmail.com
"ramesh prakash magar",rukum,rameshmagar215@mof.np
"samir bahadur bhandari",syangha,samirbhandari215@co.uk
"rishikesh chandra neupane",kaski,rishikeshneupane81@meta.co
"alex shekhar maharjan",bajura,alexmaharjan282@co.uk
"aashish prasad chapagain",illam,aashishchapagain385@moe.np
"bibek prakash magar",kohalpur,bibekmagar152@mit.us
"pratik prasad shrestha",panchtahr,pratikshrestha997@hazesoft.co
"saisagun chandra lamichhane",syangha,saisagunlamichhane60@moe.np
"rabindra kumar maharjan",parvat,rabindramaharjan645@ioe.np
"dibesh bahadur shrestha",sallaghari,dibeshshrestha739@ioe.np
"kalyan prakash shrestha",syangha,kalyanshrestha386@gmail.com
"samir bahadur shrestha",bajang,samirshrestha684@gmail.com
"samir shekhar neupane",kohalpur,samirneupane210@co.uk
"shishir bahadur bhandari",sallaghari,shishirbhandari645@mof.np
"bablu bahadur chapagain",panchtahr,babluchapagain258@mof.np
"samir prakash dahal",rukum,samirdahal403@gmail.com
"aashish shekhar neupane",jhapa,aashishneupane294@facebook.co
"prasanna kumar sharma",kaski,prasannasharma581@meta.co
"kalyan shekhar rai",kaski,kalyanrai834@facebook.co
"aashish shekhar gywali",dolpa,aashishgywali59@facebook.co
"ram kumar oli",panchtahr,ramoli893@ioe.np
"bisesh prasad maharjan",lokanthali,biseshmaharjan954@hotmail.com
"ashim prakash rana",parvat,ashimrana351@facebook.co
"dibesh bahadur chapagain",banke,dibeshchapagain851@meta.co
"rabindra bahadur thapa",banke,rabindrathapa648@gmail.com
"rishikesh bahadur rai",banke,rishikeshrai607@ioe.np
"shishir bahadur neupane",kohalpur,shishirneupane450@moe.np
"pintu shekhar rana",parvat,pinturana787@ioe.np
"pratik bahadur oli",bardiya,pratikoli798@hotmail.com
"samir prasad chapagain",morang,samirchapagain396@hazesoft.co
"saisagun prakash neupane",kaski,saisagunneupane483@moe.np
"alex chandra lamichhane",lokanthali,alexlamichhane712@co.uk
"kripesh bahadur rana",basantapur,kripeshrana702@co.uk
"suraj kumar rana",lokanthali,surajrana781@ioe.np
"samaya shekhar thapa",morang,samayathapa788@ioe.np
"bibek chandra rana",syangha,bibekrana994@yahoo.com
"prasanna chandra sharma",rukum,prasannasharma849@mit.us
"nischal chandra shrestha",kaski,nischalshrestha888@gmail.com
"ram bahadur sharma",kavre,ramsharma817@hazesoft.co
"aashish chandra rana",kohalpur,aashishrana145@meta.co
"rishikesh chandra maharjan",parvat,rishikeshmaharjan360@hotmail.com
"kobid chandra maharjan",jhapa,kobidmaharjan375@mof.np
"nischal kumar magar",kavre,nischalmagar907@moe.np
"suraj prakash gywali",sallaghari,surajgywali573@hotmail.com
"pintu chandra lamichhane",morang,pintulamichhane337@hazesoft.co
"bablu prakash dahal",kohalpur,babludahal678@meta.co
"bibek shekhar oli",kohalpur,bibekoli48@facebook.co
"dibesh bahadur rana",dolpa,dibeshrana10@meta.co
"nischal prasad deuba",bajang,nischaldeuba631@moe.np
"shishir prasad rana",parvat,shishirrana72@hotmail.com
"manish shekhar oli",parvat,manisholi920@facebook.co
"ramesh prakash rai",panchtahr,rameshrai719@tu.edu.np
"ashim shekhar rai",panchtahr,ashimrai88@tu.edu.np
"nischal kumar sharma",basantapur,nischalsharma415@gmail.com
"kalyan chandra lamichhane",sallaghari,kalyanlamichhane726@mit.us
"sujal prakash deuba",ramnagar,sujaldeuba87@yahoo.com
"samir chandra maharjan",illam,samirmaharjan374@meta.co
"prasanna chandra magar",jhapa,prasannamagar472@meta.co
"suraj chandra rai",panchtahr,surajrai213@hotmail.com
"rabindra shekhar sharma",illam,rabindrasharma469@gmail.com
"samaya prakash rana",ramnagar,samayarana353@hazesoft.co
"prasanna prasad oli",basantapur,prasannaoli40@yahoo.com
"kalyan chandra lamichhane",jhapa,kalyanlamichhane693@mit.us
"pratik chandra rana",panchtahr,pratikrana17@ioe.np
"pintu shekhar gywali",morang,pintugywali736@hazesoft.co
"prasanna chandra rana",kavre,prasannarana832@meta.co
"samaya bahadur lamichhane",bardiya,samayalamichhane322@co.uk
"pratik shekhar rana",ramnagar,pratikrana934@tu.edu.np
"samir prakash shrestha",dolpa,samirshrestha598@mit.us
"kripesh prasad sharma",syangha,kripeshsharma529@meta.co
"dibesh shekhar sharma",kohalpur,dibeshsharma363@yahoo.com
"sumin prasad dahal",syangha,sumindahal313@ioe.np
"ram chandra gywali",ramnagar,ramgywali313@meta.co
"ram kumar rai",kohalpur,ramrai653@co.uk
"pintu chandra chapagain",bardiya,pintuchapagain268@ioe.np
"rishikesh bahadur thapa",panchtahr,rishikeshthapa101@mof.np
"manish kumar oli",morang,manisholi284@hazesoft.co
"pratik shekhar shrestha",ramnagar,pratikshrestha826@hazesoft.co
"shishir prakash chapagain",jhapa,shishirchapagain727@yahoo.com
"prasanna kumar dahal",basantapur,prasannadahal963@hotmail.com
"bisesh prasad deuba",kaski,biseshdeuba725@gmail.com
"sumin bahadur magar",kavre,suminmagar311@co.uk
"alex prasad neupane",kavre,alexneupane854@tu.edu.np
"pratik prasad magar",bardiya,pratikmagar691@mit.us
"shishir kumar maharjan",morang,shishirmaharjan955@mof.np
"rabindra kumar gywali",illam,rabindragywali944@ioe.np
"pintu chandra chapagain",kohalpur,pintuchapagain654@ioe.np
"bablu shekhar thapa",dolpa,babluthapa830@facebook.co
"ashim bahadur lamichhane",sallaghari,ashimlamichhane405@hazesoft.co
"bisesh kumar deuba",panchtahr,biseshdeuba400@facebook.co
"ram kumar lamichhane",jhapa,ramlamichhane727@gmail.com
"kalyan bahadur neupane",ramnagar,kalyanneupane676@tu.edu.np
"alex shekhar shrestha",panchtahr,alexshrestha591@hazesoft.co
"saisagun kumar gywali",kaski,saisagungywali994@edu.np
"ram prasad oli",rukum,ramoli323@mit.us
"golu prasad lamichhane",bajang,golulamichhane311@tu.edu.np
"ashim prasad chapagain",parvat,ashimchapagain102@co.uk
"diresh prasad dahal",bajang,direshdahal361@mit.us
"manish kumar magar",kohalpur,manishmagar306@mof.np
"pintu shekhar chapagain",jhapa,pintuchapagain311@ioe.np
"manish kumar dahal",kavre,manishdahal969@edu.np
"shishir bahadur gywali",parvat,shishirgywali318@co.uk
"ramesh shekhar shrestha",illam,rameshshrestha992@ioe.np
"suraj prakash thapa",dolpa,surajthapa196@mof.np
"ashim bahadur shrestha",bajura,ashimshrestha361@co.uk
"sujal bahadur magar",rukum,sujalmagar438@moe.np
"sujal bahadur rai",parvat,sujalrai671@mof.np
"samir bahadur shrestha",morang,samirshrestha868@mof.np
"pratik kumar lamichhane",kohalpur,pratiklamichhane617@co.uk
"manish prasad rai",kaski,manishrai196@moe.np
"sujal bahadur neupane",panchtahr,sujalneupane30@meta.co
"prasanna prakash dahal",syangha,prasannadahal31@co.uk
"bablu prakash thapa",sallaghari,babluthapa907@mit.us
"ramesh chandra chapagain",kavre,rameshchapagain53@gmail.com
"golu chandra shrestha",kohalpur,golushrestha740@co.uk
"nischal kumar chapagain",dolpa,nischalchapagain27@hazesoft.co
"saisagun prakash bhandari",panchtahr,saisagunbhandari13@tu.edu.np
"sujal chandra magar",panchtahr,sujalmagar837@mit.us
"nischal prakash rana",syangha,nischalrana998@ioe.np
"alex bahadur lamichhane",dolpa,alexlamichhane50@meta.co
"pratik prakash shrestha",ramnagar,pratikshrestha745@yahoo.com
"samaya prakash shrestha",syangha,samayashrestha74@moe.np
"bablu prakash oli",basantapur,babluoli130@facebook.co
"suraj prasad chapagain",basantapur,surajchapagain43@meta.co
"kobid chandra deuba",kaski,kobiddeuba406@edu.np
"alex kumar lamichhane",illam,alexlamichhane956@mof.np
"pintu bahadur neupane",jhapa,pintuneupane904@hotmail.com
"pratik prasad bhandari",syangha,pratikbhandari97@mof.np
"samir shekhar shrestha",ramnagar,samirshrestha811@mof.np
"manish kumar sharma",lokanthali,manishsharma252@hotmail.com
"suraj shekhar rana",parvat,surajrana556@gmail.com
"dibesh bahadur deuba",kohalpur,dibeshdeuba7@mof.np
"alex chandra lamichhane",kavre,alexlamichhane932@meta.co
"bibek prakash bhandari",jhapa,bibekbhandari675@mit.us
"samaya shekhar rai",banke,samayarai595@yahoo.com
"bibek shekhar deuba",sallaghari,bibekdeuba687@edu.np
"shishir prakash magar",kavre,shishirmagar323@meta.co
"bibek shekhar deuba",panchtahr,bibekdeuba720@co.uk
"nischal shekhar bhandari",jhapa,nischalbhandari739@facebook.co
"nischal shekhar thapa",jhapa,nischalthapa214@co.uk
"bibek prakash bhandari",morang,bibekbhandari836@tu.edu.np
"sujal bahadur deuba",banke,sujaldeuba819@facebook.co
"ram chandra chapagain",bajang,ramchapagain509@facebook.co
"bablu bahadur bhandari",kaski,bablubhandari546@mit.us
"ramesh chandra dahal",banke,rameshdahal311@ioe.np
"pratik prasad dahal",morang,pratikdahal912@gmail.com
"sumin kumar deuba",basantapur,sumindeuba628@ioe.np
"golu bahadur oli",syangha,goluoli174@mof.np
"suraj shekhar dahal",banke,surajdahal625@facebook.co
"ram prasad oli",morang,ramoli707@facebook.co
"samir bahadur oli",panchtahr,samiroli686@hotmail.com
"pratik chandra dahal",bajura,pratikdahal89@yahoo.com
"sujal prasad thapa",bardiya,sujalthapa931@ioe.np
"rishikesh chandra shrestha",parvat,rishikeshshrestha426@mit.us
"dibesh prasad rai",ramnagar,dibeshrai248@co.uk
"alex bahadur rai",kohalpur,alexrai920@mof.np
"golu bahadur shrestha",lokanthali,golushrestha396@tu.edu.np
"ramesh prasad chapagain",illam,rameshchapagain990@co.uk
"kalyan prasad dahal",banke,kalyandahal24@facebook.co
"manish shekhar rai",jhapa,manishrai438@ioe.np
"samir prakash neupane",morang,samirneupane333@facebook.co
"kalyan chandra magar",ramnagar,kalyanmagar270@edu.np
"suraj chandra sharma",bardiya,surajsharma874@mit.us
"alex shekhar rana",bajang,alexrana346@edu.np
"kalyan prakash magar",lokanthali,kalyanmagar270@ioe.np
"pratik kumar dahal",ramnagar,pratikdahal758@gmail.com
"bisesh chandra maharjan",lokanthali,biseshmaharjan591@edu.np
"pintu kumar dahal",parvat,pintudahal989@ioe.np
"dibesh shekhar maharjan",rukum,dibeshmaharjan565@facebook.co
"kobid bahadur oli",kaski,kobidoli358@co.uk
"samaya bahadur maharjan",panchtahr,samayamaharjan656@hotmail.com
"kalyan bahadur dahal",dolpa,kalyandahal311@yahoo.com
"pratik prakash thapa",bardiya,pratikthapa461@edu.np
"dibesh prakash sharma",bajang,dibeshsharma587@meta.co
"manish prakash rana",bajang,manishrana671@hazesoft.co
"suraj shekhar magar",bardiya,surajmagar109@gmail.com
"rishikesh kumar thapa",dolpa,rishikeshthapa842@tu.edu.np
"ramesh prakash magar",kaski,rameshmagar901@moe.np
"kalyan shekhar lamichhane",rukum,kalyanlamichhane574@co.uk
"samaya bahadur rai",lokanthali,samayarai340@facebook.co
"aashish kumar chapagain",panchtahr,aashishchapagain114@facebook.co
"dibesh chandra gywali",basantapur,dibeshgywali108@moe.np
"alex chandra sharma",dolpa,alexsharma491@yahoo.com
"sujal kumar chapagain",banke,sujalchapagain897@yahoo.com
"samir chandra sharma",bajang,samirsharma546@ioe.np
"pintu chandra magar",kavre,pintumagar119@mit.us
"pratik chandra deuba",banke,pratikdeuba631@meta.co
"dibesh kumar rai",jhapa,dibeshrai364@hazesoft.co
"pratik shekhar gywali",lokanthali,pratikgywali912@yahoo.com
"rishikesh prakash deuba",jhapa,rishikeshdeuba294@moe.np
"ashim shekhar rana",sallaghari,ashimrana746@hazesoft.co
"manish kumar shrestha",jhapa,manishshrestha22@mit.us
"rabindra prasad gywali",jhapa,rabindragywali934@tu.edu.np
"golu prasad gywali",morang,golugywali885@mit.us
"sujal kumar lamichhane",kaski,sujallamichhane696@yahoo.com
"rabindra bahadur chapagain",bardiya,rabindrachapagain287@moe.np
"sujal prakash rai",panchtahr,sujalrai65@ioe.np
"pratik kumar rana",panchtahr,pratikrana86@tu.edu.np
"diresh shekhar rana",panchtahr,direshrana196@ioe.np
"bisesh prakash thapa",parvat,biseshthapa393@meta.co
"ashim kumar rana",jhapa,ashimrana615@ioe.np
"ramesh prakash gywali",bajura,rameshgywali402@co.uk
"samaya chandra shrestha",kohalpur,samayashrestha494@ioe.np
"manish kumar bhandari",lokanthali,manishbhandari978@facebook.co
"pintu bahadur rana",panchtahr,pinturana545@tu.edu.np
"bibek shekhar neupane",bajang,bibekneupane466@mit.us
"bisesh kumar bhandari",lokanthali,biseshbhandari340@ioe.np
"rishikesh bahadur sharma",jhapa,rishikeshsharma512@edu.np
"samaya prasad rai",sallaghari,samayarai660@moe.np
"pratik shekhar chapagain",ramnagar,pratikchapagain648@hazesoft.co
"kobid chandra bhandari",lokanthali,kobidbhandari440@ioe.np
"alex chandra shrestha",bardiya,alexshrestha103@facebook.co
"saisagun prakash rana",rukum,saisagunrana8@gmail.com
"kobid prasad rai",bardiya,kobidrai789@mit.us
"manish prakash sharma",kavre,manishsharma849@ioe.np
"rabindra prakash shrestha",sallaghari,rabindrashrestha657@tu.edu.np
"shishir shekhar lamichhane",lokanthali,shishirlamichhane916@facebook.co
"shishir shekhar maharjan",bardiya,shishirmaharjan160@facebook.co
"alex kumar chapagain",banke,alexchapagain338@tu.edu.np
"saisagun prasad maharjan",jhapa,saisagunmaharjan502@meta.co
"bibek shekhar rai",bajang,bibekrai988@meta.co
"bibek chandra bhandari",bardiya,bibekbhandari598@gmail.com
"manish chandra dahal",banke,manishdahal967@moe.np
"saisagun kumar shrestha",rukum,saisagunshrestha217@tu.edu.np
"suraj kumar dahal",bajang,surajdahal631@gmail.com
"ashim chandra bhandari",sallaghari,ashimbhandari467@meta.co
"nischal prasad chapagain",dolpa,nischalchapagain327@gmail.com
"suraj chandra dahal",jhapa,surajdahal719@gmail.com
"kalyan chandra dahal",panchtahr,kalyandahal596@yahoo.com
"ramesh bahadur shrestha",bardiya,rameshshrestha78@mit.us
"bablu prasad deuba",illam,babludeuba704@meta.co
"pintu bahadur neupane",bajura,pintuneupane675@co.uk
"ashim bahadur rana",lokanthali,ashimrana602@meta.co
"ramesh shekhar chapagain",parvat,rameshchapagain956@moe.np
"pintu prakash deuba",bardiya,pintudeuba404@mof.np
"alex prakash gywali",kavre,alexgywali993@gmail.com
"sujal chandra thapa",sallaghari,sujalthapa31@mit.us
"rishikesh kumar rai",rukum,rishikeshrai304@mit.us
"manish chandra thapa",bardiya,manishthapa241@tu.edu.np
"diresh chandra shrestha",syangha,direshshrestha452@edu.np
"golu kumar dahal",syangha,goludahal73@co.uk
"kripesh prakash gywali",bardiya,kripeshgywali223@yahoo.com
"kobid prakash gywali",parvat,kobidgywali169@co.uk
"sujal chandra thapa",dolpa,sujalthapa631@facebook.co
"bablu bahadur rai",ramnagar,bablurai903@moe.np
"pintu prakash gywali",bajura,pintugywali269@tu.edu.np
"kobid bahadur sharma",bajang,kobidsharma799@hotmail.com
"bablu bahadur gywali",kohalpur,bablugywali236@hotmail.com
"bisesh prakash sharma",bardiya,biseshsharma185@mit.us
"ashim chandra deuba",bardiya,ashimdeuba680@mof.np
"bibek prakash chapagain",bajura,bibekchapagain638@mit.us
"manish bahadur gywali",kavre,manishgywali67@hazesoft.co
"samaya shekhar rai",banke,samayarai484@ioe.np
"pintu kumar oli",panchtahr,pintuoli728@hotmail.com
"kripesh kumar thapa",banke,kripeshthapa595@mit.us
"bisesh prakash oli",ramnagar,bisesholi798@ioe.np
"ram shekhar maharjan",parvat,rammaharjan96@mof.np
"sumin chandra lamichhane",kavre,suminlamichhane72@ioe.np
"prasanna prasad magar",parvat,prasannamagar67@gmail.com
"shishir bahadur neupane",illam,shishirneupane454@hazesoft.co
"sumin kumar rana",kavre,suminrana572@hotmail.com
"shishir prasad deuba",kohalpur,shishirdeuba491@gmail.com
"rabindra chandra deuba",bajang,rabindradeuba731@moe.np
"aashish prakash oli",bardiya,aashisholi518@meta.co
"nischal chandra sharma",lokanthali,nischalsharma172@gmail.com
"bibek chandra maharjan",ramnagar,bibekmaharjan37@yahoo.com
"samir prakash thapa",bajang,samirthapa808@mit.us
"bablu shekhar dahal",lokanthali,babludahal187@tu.edu.np
"dibesh prakash chapagain",sallaghari,dibeshchapagain596@mit.us
"golu chandra lamichhane",kohalpur,golulamichhane692@ioe.np
"pintu prakash thapa",lokanthali,pintuthapa624@co.uk
"nischal prakash bhandari",ramnagar,nischalbhandari141@tu.edu.np
"kripesh prasad rai",sallaghari,kripeshrai304@yahoo.com
"ram chandra thapa",morang,ramthapa668@moe.np
"manish kumar rana",jhapa,manishrana543@gmail.com
"suraj prasad rai",bardiya,surajrai917@co.uk
"rabindra prakash neupane",jhapa,rabindraneupane220@facebook.co
"nischal prasad rana",panchtahr,nischalrana671@ioe.np
"rabindra kumar dahal",rukum,rabindradahal325@moe.np
"shishir prakash rana",kohalpur,shishirrana340@facebook.co
"ashim bahadur bhandari",dolpa,ashimbhandari652@facebook.co
"pintu shekhar rana",kohalpur,pinturana504@ioe.np
"dibesh shekhar shrestha",illam,dibeshshrestha305@moe.np
"sumin prakash deuba",jhapa,sumindeuba471@meta.co
"kalyan kumar rai",panchtahr,kalyanrai449@gmail.com
"rishikesh prasad dahal",dolpa,rishikeshdahal780@ioe.np
"bablu prakash gywali",panchtahr,bablugywali371@facebook.co
"saisagun bahadur deuba",dolpa,saisagundeuba284@moe.np
"alex prakash dahal",rukum,alexdahal165@moe.np
"aashish bahadur gywali",jhapa,aashishgywali884@hazesoft.co
"nischal prasad lamichhane",dolpa,nischallamichhane37@meta.co
"ashim prasad rai",panchtahr,ashimrai32@mit.us
"suraj prakash gywali",bajura,surajgywali429@co.uk
"kripesh prasad thapa",dolpa,kripeshthapa245@tu.edu.np
"ram shekhar oli",kaski,ramoli291@ioe.np
"pintu bahadur rai",illam,pinturai245@co.uk
"rishikesh chandra gywali",bardiya,rishikeshgywali67@yahoo.com
"rishikesh shekhar oli",bardiya,rishikesholi741@meta.co
"alex chandra deuba",rukum,alexdeuba680@tu.edu.np
"rishikesh kumar dahal",parvat,rishikeshdahal426@tu.edu.np
"ramesh prakash shrestha",illam,rameshshrestha1@gmail.com
"prasanna shekhar lamichhane",panchtahr,prasannalamichhane681@hotmail.com
"alex prasad shrestha",basantapur,alexshrestha962@mof.np
"shishir shekhar bhandari",ramnagar,shishirbhandari279@ioe.np
"bablu prasad shrestha",parvat,bablushrestha63@tu.edu.np
"ashim bahadur oli",kaski,ashimoli140@mof.np
"kripesh kumar rana",basantapur,kripeshrana769@facebook.co
"prasanna chandra chapagain",bardiya,prasannachapagain548@co.uk
"pintu kumar neupane",kohalpur,pintuneupane905@mit.us
"samir bahadur maharjan",jhapa,samirmaharjan896@facebook.co
"rabindra shekhar neupane",kohalpur,rabindraneupane647@moe.np
"ram shekhar dahal",ramnagar,ramdahal657@moe.np
"pratik chandra gywali",sallaghari,pratikgywali250@hazesoft.co
"ramesh kumar sharma",morang,rameshsharma819@mof.np
"rabindra kumar bhandari",syangha,rabindrabhandari106@gmail.com
"kripesh prakash sharma",syangha,kripeshsharma831@moe.np
"diresh bahadur chapagain",syangha,direshchapagain16@yahoo.com
"suraj prakash shrestha",panchtahr,surajshrestha659@ioe.np
"rishikesh prakash sharma",rukum,rishikeshsharma345@moe.np
"pratik shekhar sharma",basantapur,pratiksharma629@facebook.co
"pintu kumar sharma",morang,pintusharma959@yahoo.com
"dibesh chandra lamichhane",kaski,dibeshlamichhane139@yahoo.com
"samir chandra neupane",bajang,samirneupane439@mit.us
"shishir shekhar gywali",syangha,shishirgywali92@meta.co
"shishir prakash oli",bajura,shishiroli287@co.uk
"ram bahadur thapa",sallaghari,ramthapa781@co.uk
"ramesh chandra maharjan",dolpa,rameshmaharjan654@moe.np
"kalyan prakash lamichhane",jhapa,kalyanlamichhane584@hotmail.com
"dibesh prakash bhandari",syangha,dibeshbhandari530@gmail.com
"kripesh shekhar chapagain",sallaghari,kripeshchapagain71@hotmail.com
"sujal prasad thapa",bardiya,sujalthapa746@yahoo.com
"sumin shekhar sharma",bajang,suminsharma553@gmail.com
"saisagun prasad thapa",bardiya,saisagunthapa27@ioe.np
"alex kumar rana",bardiya,alexrana372@hazesoft.co
"pratik kumar gywali",dolpa,pratikgywali932@yahoo.com
"dibesh prasad magar",lokanthali,dibeshmagar231@ioe.np
"samaya kumar rana",rukum,samayarana435@hazesoft.co
"prasanna shekhar thapa",kaski,prasannathapa979@meta.co
"alex prakash magar",rukum,alexmagar142@moe.np
"diresh prasad dahal",parvat,direshdahal620@gmail.com
"golu prakash thapa",kohalpur,goluthapa911@co.uk
"bisesh prasad bhandari",lokanthali,biseshbhandari639@co.uk
"sumin bahadur sharma",sallaghari,suminsharma362@hotmail.com
"ram prasad shrestha",kaski,ramshrestha807@mof.np
"diresh kumar maharjan",banke,direshmaharjan976@gmail.com
"rishikesh kumar maharjan",bajang,rishikeshmaharjan178@edu.np
"shishir bahadur maharjan",syangha,shishirmaharjan475@ioe.np
"ashim bahadur neupane",rukum,ashimneupane377@yahoo.com
"samir kumar rana",syangha,samirrana59@tu.edu.np
"prasanna chandra sharma",kaski,prasannasharma307@edu.np
"pratik prasad lamichhane",kaski,pratiklamichhane257@tu.edu.np
"diresh kumar shrestha",sallaghari,direshshrestha429@facebook.co
"ashim chandra shrestha",jhapa,ashimshrestha713@gmail.com
"aashish prakash neupane",dolpa,aashishneupane109@yahoo.com
"sumin prakash lamichhane",jhapa,suminlamichhane771@tu.edu.np
"bibek kumar rai",ramnagar,bibekrai645@ioe.np
"kripesh shekhar bhandari",parvat,kripeshbhandari598@gmail.com
"bibek prasad chapagain",kaski,bibekchapagain97@gmail.com
"samir shekhar oli",kavre,samiroli460@facebook.co
"kripesh chandra chapagain",kavre,kripeshchapagain856@hotmail.com
"ashim prasad chapagain",bardiya,ashimchapagain277@mit.us
"pintu prasad sharma",panchtahr,pintusharma629@hazesoft.co
"dibesh prakash rai",lokanthali,dibeshrai192@hazesoft.co
"samir prasad thapa",bardiya,samirthapa517@gmail.com
"kalyan prakash magar",kohalpur,kalyanmagar992@meta.co
"saisagun kumar deuba",kaski,saisagundeuba612@mof.np
"golu bahadur rana",bajura,golurana397@hotmail.com
"prasanna shekhar rana",banke,prasannarana667@tu.edu.np
"kobid chandra rai",sallaghari,kobidrai102@moe.np
"samir kumar rai",morang,samirrai608@co.uk
"shishir bahadur oli",syangha,shishiroli332@edu.np
"prasanna prakash rai",kohalpur,prasannarai376@moe.np
"golu prakash gywali",sallaghari,golugywali791@mit.us
"shishir prasad shrestha",rukum,shishirshrestha754@moe.np
"kalyan shekhar gywali",banke,kalyangywali520@hazesoft.co
"bablu kumar neupane",kavre,babluneupane25@facebook.co
"prasanna prasad lamichhane",dolpa,prasannalamichhane533@hazesoft.co
"sumin kumar chapagain",bajura,suminchapagain983@edu.np
"suraj chandra bhandari",syangha,surajbhandari998@hotmail.com
"samir prasad sharma",ramnagar,samirsharma956@co.uk
"sumin shekhar deuba",morang,sumindeuba736@edu.np
"prasanna bahadur gywali",kaski,prasannagywali368@edu.np
"bibek kumar rai",lokanthali,bibekrai651@tu.edu.np
"ram shekhar shrestha",illam,ramshrestha660@hazesoft.co
"alex prasad rana",jhapa,alexrana999@ioe.np
"kobid bahadur thapa",banke,kobidthapa766@tu.edu.np
"pratik bahadur magar",jhapa,pratikmagar484@mit.us
"saisagun shekhar rana",ramnagar,saisagunrana388@yahoo.com
"saisagun prakash lamichhane",jhapa,saisagunlamichhane58@ioe.np
"nischal prasad deuba",basantapur,nischaldeuba663@hotmail.com
"alex prasad rana",rukum,alexrana976@tu.edu.np
"rishikesh kumar magar",rukum,rishikeshmagar132@gmail.com
"samir kumar maharjan",bajura,samirmaharjan488@gmail.com
"ramesh chandra bhandari",jhapa,rameshbhandari480@mit.us
"kripesh shekhar bhandari",illam,kripeshbhandari147@ioe.np
"ramesh prakash neupane",ramnagar,rameshneupane811@hazesoft.co
"shishir prakash chapagain",kavre,shishirchapagain578@hazesoft.co
"kalyan bahadur maharjan",jhapa,kalyanmaharjan882@meta.co
"sujal chandra lamichhane",morang,sujallamichhane892@co.uk
"manish shekhar lamichhane",jhapa,manishlamichhane193@mof.np
"bablu prakash rai",parvat,bablurai615@tu.edu.np
"pratik prasad bhandari",rukum,pratikbhandari348@edu.np
"diresh prasad oli",sallaghari,diresholi993@tu.edu.np
"ashim shekhar thapa",rukum,ashimthapa222@hazesoft.co
"manish prasad rai",dolpa,manishrai360@mit.us
"shishir chandra chapagain",parvat,shishirchapagain809@mof.np
"samaya shekhar chapagain",kohalpur,samayachapagain70@ioe.np
"dibesh bahadur maharjan",bajura,dibeshmaharjan292@mof.np
"rabindra bahadur maharjan",bardiya,rabindramaharjan4@yahoo.com
"alex shekhar deuba",basantapur,alexdeuba699@yahoo.com
"bablu prasad lamichhane",sallaghari,bablulamichhane119@mit.us
"suraj bahadur shrestha",jhapa,surajshrestha431@co.uk
"bisesh chandra rai",syangha,biseshrai724@facebook.co
"saisagun prakash sharma",bardiya,saisagunsharma767@mof.np
"sumin kumar lamichhane",morang,suminlamichhane945@edu.np
"aashish bahadur dahal",kaski,aashishdahal75@mit.us
"saisagun kumar neupane",bajura,saisagunneupane881@hotmail.com
"sujal shekhar bhandari",illam,sujalbhandari347@facebook.co
"kobid prakash gywali",ramnagar,kobidgywali732@mof.np
"samir shekhar neupane",bajang,samirneupane954@moe.np
"sumin kumar magar",morang,suminmagar757@gmail.com
"bibek kumar bhandari",syangha,bibekbhandari679@mof.np
"shishir bahadur gywali",kohalpur,shishirgywali820@gmail.com
"ram prasad dahal",jhapa,ramdahal575@facebook.co
"shishir prakash neupane",syangha,shishirneupane379@mit.us
"bisesh prakash neupane",jhapa,biseshneupane562@mof.np
"samaya kumar shrestha",kaski,samayashrestha489@mit.us
"alex kumar neupane",bajura,alexneupane66@mof.np
"diresh prasad bhandari",kaski,direshbhandari783@hotmail.com
"ram kumar oli",syangha,ramoli526@meta.co
"manish shekhar rana",kaski,manishrana850@hazesoft.co
"kripesh chandra thapa",kohalpur,kripeshthapa216@yahoo.com
"ram prasad sharma",banke,ramsharma298@meta.co
"manish prasad gywali",kavre,manishgywali526@facebook.co
"suraj chandra gywali",panchtahr,surajgywali819@hotmail.com
"rishikesh prakash maharjan",bardiya,rishikeshmaharjan460@mit.us
"rabindra chandra magar",panchtahr,rabindramagar919@mof.np
"kobid prakash rai",jhapa,kobidrai99@hazesoft.co
"rishikesh kumar oli",kohalpur,rishikesholi422@edu.np
"samir prakash rana",dolpa,samirrana929@tu.edu.np
"sumin bahadur bhandari",sallaghari,suminbhandari305@hotmail.com
"golu shekhar deuba",illam,goludeuba491@co.uk
"kalyan bahadur oli",banke,kalyanoli808@tu.edu.np
"shishir chandra rana",lokanthali,shishirrana265@moe.np
"samir kumar neupane",kaski,samirneupane352@ioe.np
"kobid kumar dahal",kohalpur,kobiddahal17@co.uk
"pratik prakash gywali",sallaghari,pratikgywali634@ioe.np
"rishikesh kumar bhandari",kavre,rishikeshbhandari193@co.uk
"saisagun chandra shrestha",dolpa,saisagunshrestha985@hazesoft.co
"samaya chandra thapa",lokanthali,samayathapa729@tu.edu.np
"rabindra shekhar deuba",kaski,rabindradeuba956@facebook.co
"prasanna bahadur rana",rukum,prasannarana327@gmail.com
"shishir prasad sharma",parvat,shishirsharma954@co.uk
"aashish bahadur oli",syangha,aashisholi321@mof.np
"alex kumar gywali",basantapur,alexgywali832@yahoo.com
"rabindra prakash neupane",kohalpur,rabindraneupane864@co.uk
"pratik prasad thapa",parvat,pratikthapa360@hotmail.com
"samaya shekhar gywali",morang,samayagywali102@facebook.co
"dibesh shekhar oli",kavre,dibesholi994@mit.us
"golu prasad rai",bajura,golurai540@tu.edu.np
"aashish kumar lamichhane",bajang,aashishlamichhane254@yahoo.com
"sumin chandra oli",dolpa,suminoli59@mof.np
"ashim bahadur rana",jhapa,ashimrana435@facebook.co
"ashim prasad dahal",ramnagar,ashimdahal15@gmail.com
"ashim bahadur rai",kohalpur,ashimrai269@edu.np
"kripesh chandra magar",lokanthali,kripeshmagar48@co.uk
"rishikesh prakash oli",ramnagar,rishikesholi190@hazesoft.co
"prasanna chandra magar",parvat,prasannamagar626@meta.co
"bibek shekhar maharjan",lokanthali,bibekmaharjan257@hotmail.com
"samir bahadur gywali",ramnagar,samirgywali260@hazesoft.co
"rishikesh prasad lamichhane",panchtahr,rishikeshlamichhane703@edu.np
"sumin bahadur neupane",bajura,suminneupane62@mof.np
"nischal prasad shrestha",morang,nischalshrestha595@meta.co
"bisesh prakash oli",bajura,bisesholi813@yahoo.com
"suraj kumar magar",rukum,surajmagar880@facebook.co
"prasanna chandra rana",parvat,prasannarana196@meta.co
"golu shekhar maharjan",bardiya,golumaharjan14@co.uk
"ramesh chandra shrestha",sallaghari,rameshshrestha599@yahoo.com
"golu prakash maharjan",kavre,golumaharjan768@hazesoft.co
"bablu prakash gywali",lokanthali,bablugywali944@mit.us
"golu kumar rana",basantapur,golurana525@gmail.com
"shishir prakash neupane",basantapur,shishirneupane671@facebook.co
"sujal chandra deuba",jhapa,sujaldeuba838@tu.edu.np
"samir prakash oli",dolpa,samiroli261@ioe.np
"pintu prasad maharjan",lokanthali,pintumaharjan124@hazesoft.co
"rishikesh prakash dahal",bardiya,rishikeshdahal796@hotmail.com
"sujal prasad rana",syangha,sujalrana118@tu.edu.np
"shishir chandra gywali",sallaghari,shishirgywali21@facebook.co
"nischal prakash maharjan",morang,nischalmaharjan693@hotmail.com
"prasanna chandra dahal",kaski,prasannadahal651@mit.us
"manish kumar neupane",bardiya,manishneupane648@hotmail.com
"nischal shekhar gywali",kaski,nischalgywali801@mit.us
"kalyan kumar oli",kaski,kalyanoli290@moe.np
"bisesh kumar rai",sallaghari,biseshrai509@ioe.np
"bibek bahadur maharjan",rukum,bibekmaharjan201@hotmail.com
"alex bahadur gywali",kavre,alexgywali569@ioe.np
"alex shekhar rana",illam,alexrana537@meta.co
"dibesh shekhar magar",bajang,dibeshmagar25@edu.np
"alex bahadur maharjan",banke,alexmaharjan682@meta.co
"alex prasad oli",kohalpur,alexoli629@moe.np
"alex bahadur shrestha",kohalpur,alexshrestha901@tu.edu.np
"suraj kumar rai",banke,surajrai263@tu.edu.np
"bablu chandra rana",syangha,bablurana987@mit.us
"alex chandra magar",jhapa,alexmagar793@co.uk
"pratik shekhar neupane",bajang,pratikneupane673@yahoo.com
"kripesh chandra bhandari",rukum,kripeshbhandari746@moe.np
"ashim prakash lamichhane",basantapur,ashimlamichhane410@meta.co
"golu shekhar rai",illam,golurai908@yahoo.com
"bablu chandra oli",basantapur,babluoli508@gmail.com
"kalyan kumar maharjan",illam,kalyanmaharjan422@yahoo.com
"sujal shekhar bhandari",sallaghari,sujalbhandari651@edu.np
"golu shekhar gywali",illam,golugywali80@moe.np
"suraj shekhar sharma",lokanthali,surajsharma935@ioe.np
"pintu prasad lamichhane",rukum,pintulamichhane704@moe.np
"kobid chandra oli",lokanthali,kobidoli649@hotmail.com
"dibesh chandra maharjan",illam,dibeshmaharjan638@mit.us
"prasanna prakash thapa",dolpa,prasannathapa224@facebook.co
"ram chandra sharma",basantapur,ramsharma387@yahoo.com
"manish kumar oli",bardiya,manisholi963@meta.co
"pratik prasad neupane",banke,pratikneupane547@co.uk
"ramesh prasad shrestha",kavre,rameshshrestha114@tu.edu.np
"rishikesh kumar neupane",bardiya,rishikeshneupane96@mof.np
"golu kumar neupane",bajura,goluneupane674@hazesoft.co
"suraj prasad rai",ramnagar,surajrai855@hotmail.com
"manish shekhar shrestha",illam,manishshrestha522@tu.edu.np
"ram chandra thapa",bardiya,ramthapa895@co.uk
"diresh chandra gywali",sallaghari,direshgywali576@gmail.com
"manish bahadur rana",bajang,manishrana385@ioe.np
"manish bahadur maharjan",basantapur,manishmaharjan50@meta.co
"dibesh bahadur deuba",dolpa,dibeshdeuba46@hazesoft.co
"sujal kumar chapagain",syangha,sujalchapagain354@gmail.com
"kripesh kumar maharjan",banke,kripeshmaharjan304@edu.np
"kalyan shekhar deuba",morang,kalyandeuba594@mit.us
"kobid kumar sharma",lokanthali,kobidsharma871@mof.np
"prasanna bahadur deuba",illam,prasannadeuba796@ioe.np
"golu prasad bhandari",syangha,golubhandari170@moe.np
"aashish chandra chapagain",parvat,aashishchapagain61@ioe.np
"samir kumar dahal",kavre,samirdahal177@hazesoft.co
"prasanna prakash magar",kohalpur,prasannamagar222@co.uk
"kripesh prasad chapagain",morang,kripeshchapagain754@ioe.np
"ramesh bahadur chapagain",kavre,rameshchapagain978@facebook.co
"ashim prakash deuba",kohalpur,ashimdeuba425@mof.np
"suraj prasad sharma",dolpa,surajsharma632@mof.np
"diresh shekhar deuba",syangha,direshdeuba865@hazesoft.co
"diresh prakash rai",bajang,direshrai597@edu.np
"pratik prakash bhandari",kavre,pratikbhandari876@hotmail.com
"bibek prakash lamichhane",dolpa,bibeklamichhane471@yahoo.com
"pratik kumar neupane",banke,pratikneupane748@ioe.np
"suraj bahadur rai",bajura,surajrai975@ioe.np
"samir prasad lamichhane",bajang,samirlamichhane599@hotmail.com
"samaya kumar lamichhane",syangha,samayalamichhane242@meta.co
"kalyan bahadur lamichhane",sallaghari,kalyanlamichhane160@ioe.np
"bisesh shekhar shrestha",bardiya,biseshshrestha395@gmail.com
"manish shekhar chapagain",kavre,manishchapagain742@moe.np
"pintu kumar bhandari",parvat,pintubhandari968@mof.np
"bisesh bahadur dahal",ramnagar,biseshdahal751@mit.us
"shishir chandra rai",bajang,shishirrai951@tu.edu.np
"bibek shekhar gywali",syangha,bibekgywali695@gmail.com
"bisesh prasad magar",parvat,biseshmagar854@mof.np
"kalyan chandra dahal",jhapa,kalyandahal869@edu.np
"rishikesh kumar lamichhane",basantapur,rishikeshlamichhane612@mit.us
"ram shekhar magar",ramnagar,rammagar553@co.uk
"shishir prakash chapagain",panchtahr,shishirchapagain820@yahoo.com
"bisesh kumar gywali",parvat,biseshgywali67@mit.us
"sujal bahadur dahal",jhapa,sujaldahal113@tu.edu.np
"rishikesh bahadur rai",banke,rishikeshrai440@tu.edu.np
"bibek prakash magar",jhapa,bibekmagar652@mof.np
"aashish chandra bhandari",illam,aashishbhandari510@edu.np
"prasanna bahadur thapa",kaski,prasannathapa227@yahoo.com
"rishikesh kumar sharma",dolpa,rishikeshsharma492@ioe.np
"kobid kumar sharma",parvat,kobidsharma813@yahoo.com
"rishikesh prasad thapa",rukum,rishikeshthapa499@hazesoft.co
"kobid chandra thapa",panchtahr,kobidthapa580@yahoo.com
"prasanna chandra maharjan",basantapur,prasannamaharjan138@moe.np
"diresh prasad chapagain",morang,direshchapagain450@hazesoft.co
"sumin chandra neupane",kavre,suminneupane884@meta.co
"kobid bahadur oli",kaski,kobidoli12@meta.co
"prasanna shekhar gywali",basantapur,prasannagywali39@hazesoft.co
"diresh chandra rai",ramnagar,direshrai357@hazesoft.co
"samaya prasad deuba",jhapa,samayadeuba704@ioe.np
"sumin kumar sharma",bajang,suminsharma673@hazesoft.co
"nischal shekhar sharma",jhapa,nischalsharma8@gmail.com
"aashish chandra maharjan",sallaghari,aashishmaharjan576@hotmail.com
"ashim prasad maharjan",lokanthali,ashimmaharjan49@co.uk
"kalyan prakash maharjan",lokanthali,kalyanmaharjan279@mof.np
"suraj prasad bhandari",sallaghari,surajbhandari292@gmail.com
"ram kumar dahal",bajura,ramdahal599@hotmail.com
"diresh bahadur maharjan",basantapur,direshmaharjan124@mit.us
"manish shekhar bhandari",basantapur,manishbhandari66@hazesoft.co
"golu kumar oli",morang,goluoli602@ioe.np
"shishir shekhar bhandari",dolpa,shishirbhandari160@hotmail.com
"suraj bahadur deuba",bardiya,surajdeuba793@ioe.np
"ashim shekhar magar",banke,ashimmagar646@co.uk
"rishikesh chandra magar",sallaghari,rishikeshmagar810@moe.np
"ramesh prakash oli",basantapur,ramesholi35@mit.us
"ashim shekhar maharjan",ramnagar,ashimmaharjan153@gmail.com
"diresh shekhar dahal",sallaghari,direshdahal760@gmail.com
"golu prasad maharjan",jhapa,golumaharjan225@moe.np
"kobid shekhar chapagain",basantapur,kobidchapagain723@facebook.co
"prasanna prasad bhandari",rukum,prasannabhandari837@hotmail.com
"alex prasad oli",banke,alexoli463@hazesoft.co
"prasanna prakash lamichhane",kaski,prasannalamichhane878@hotmail.com
"prasanna bahadur neupane",bardiya,prasannaneupane180@mit.us
"kobid bahadur rana",basantapur,kobidrana438@yahoo.com
"bibek bahadur oli",bajura,bibekoli679@hotmail.com
"alex kumar shrestha",sallaghari,alexshrestha445@ioe.np
"sumin prakash rana",parvat,suminrana191@meta.co
"ashim bahadur lamichhane",panchtahr,ashimlamichhane624@edu.np
"kripesh shekhar neupane",syangha,kripeshneupane462@edu.np
"kobid bahadur chapagain",illam,kobidchapagain496@tu.edu.np
"golu prakash magar",rukum,golumagar191@edu.np
"prasanna prakash lamichhane",kavre,prasannalamichhane567@gmail.com
"aashish bahadur lamichhane",parvat,aashishlamichhane688@tu.edu.np
"rishikesh chandra maharjan",banke,rishikeshmaharjan274@hazesoft.co
"pintu prakash sharma",morang,pintusharma152@yahoo.com
"kalyan prakash sharma",rukum,kalyansharma751@meta.co
"samaya prakash neupane",sallaghari,samayaneupane118@facebook.co
"pintu prasad lamichhane",parvat,pintulamichhane524@mof.np
"bisesh chandra rana",illam,biseshrana924@edu.np
"rabindra chandra deuba",kavre,rabindradeuba85@co.uk
"kobid prasad thapa",panchtahr,kobidthapa503@yahoo.com
"bibek prakash rai",kavre,bibekrai850@hotmail.com
"dibesh shekhar deuba",morang,dibeshdeuba118@hotmail.com
"samaya prakash thapa",morang,samayathapa825@tu.edu.np
"shishir prasad dahal",kavre,shishirdahal340@tu.edu.np
"ram prasad sharma",banke,ramsharma893@co.uk
"ashim prakash magar",morang,ashimmagar24@mof.np
"kalyan chandra shrestha",ramnagar,kalyanshrestha718@moe.np
"kripesh kumar dahal",banke,kripeshdahal416@hotmail.com
"nischal bahadur thapa",rukum,nischalthapa935@edu.np
"suraj shekhar lamichhane",jhapa,surajlamichhane903@ioe.np
"prasanna prakash magar",illam,prasannamagar770@tu.edu.np
"dibesh bahadur shrestha",banke,dibeshshrestha59@hazesoft.co
"alex prasad deuba",dolpa,alexdeuba311@meta.co
"manish prasad rana",parvat,manishrana818@tu.edu.np
"sumin chandra neupane",dolpa,suminneupane965@hazesoft.co
"suraj shekhar maharjan",kaski,surajmaharjan651@co.uk
"sumin bahadur shrestha",sallaghari,suminshrestha497@meta.co
"sumin shekhar bhandari",rukum,suminbhandari442@mof.np
"manish shekhar maharjan",dolpa,manishmaharjan754@yahoo.com
"alex kumar chapagain",kaski,alexchapagain588@mof.np
"kripesh prasad bhandari",banke,kripeshbhandari93@hotmail.com
"rishikesh prakash oli",sallaghari,rishikesholi775@meta.co
"pratik prakash deuba",illam,pratikdeuba150@yahoo.com
"rishikesh bahadur shrestha",rukum,rishikeshshrestha81@ioe.np
"rabindra bahadur thapa",morang,rabindrathapa545@mof.np
"ramesh prakash chapagain",kaski,rameshchapagain722@meta.co
"kobid prasad thapa",illam,kobidthapa465@ioe.np
"nischal chandra rai",rukum,nischalrai891@meta.co
"kalyan chandra rai",kavre,kalyanrai283@ioe.np
"bisesh prasad neupane",ramnagar,biseshneupane43@gmail.com
"aashish chandra magar",sallaghari,aashishmagar115@facebook.co
"prasanna prakash oli",morang,prasannaoli138@tu.edu.np
"prasanna shekhar gywali",basantapur,prasannagywali340@edu.np
"samaya prakash sharma",parvat,samayasharma184@gmail.com
"diresh prasad lamichhane",bajang,direshlamichhane352@hotmail.com
"rishikesh prasad chapagain",basantapur,rishikeshchapagain646@hazesoft.co
"samaya shekhar maharjan",bardiya,samayamaharjan282@mof.np
"prasanna kumar oli",parvat,prasannaoli140@yahoo.com
"ram shekhar dahal",rukum,ramdahal92@moe.np
"ram prasad dahal",banke,ramdahal705@yahoo.com
"sumin kumar oli",basantapur,suminoli520@edu.np
"dibesh chandra lamichhane",jhapa,dibeshlamichhane469@hazesoft.co
"pratik kumar dahal",basantapur,pratikdahal483@tu.edu.np
"rishikesh prasad oli",morang,rishikesholi921@tu.edu.np
"sumin kumar dahal",parvat,sumindahal8@gmail.com
"rishikesh prakash rai",kavre,rishikeshrai320@tu.edu.np
"bibek chandra rai",kaski,bibekrai891@co.uk
"kobid prasad oli",bajura,kobidoli958@yahoo.com
"pintu prakash rai",lokanthali,pinturai896@yahoo.com
"nischal bahadur shrestha",banke,nischalshrestha814@mit.us
"sujal shekhar neupane",ramnagar,sujalneupane114@ioe.np
"rabindra bahadur deuba",sallaghari,rabindradeuba650@tu.edu.np
"manish bahadur deuba",bajang,manishdeuba128@yahoo.com
"prasanna chandra sharma",banke,prasannasharma119@hazesoft.co
"dibesh prasad maharjan",panchtahr,dibeshmaharjan263@moe.np
"samaya shekhar rai",parvat,samayarai923@hazesoft.co
"kobid bahadur sharma",parvat,kobidsharma126@moe.np
"suraj prasad rai",basantapur,surajrai103@mit.us
"ashim kumar deuba",dolpa,ashimdeuba166@ioe.np
"pintu chandra deuba",sallaghari,pintudeuba851@mit.us
"shishir bahadur shrestha",lokanthali,shishirshrestha592@facebook.co
"pintu shekhar rai",sallaghari,pinturai394@hotmail.com
"bablu bahadur lamichhane",bajang,bablulamichhane344@mit.us
"sumin chandra rai",dolpa,suminrai302@co.uk
"samaya chandra maharjan",basantapur,samayamaharjan669@facebook.co
"nischal prakash deuba",dolpa,nischaldeuba480@tu.edu.np
"ram chandra rai",rukum,ramrai328@co.uk
"sujal prasad rai",kavre,sujalrai810@meta.co
"ram chandra bhandari",illam,rambhandari981@hotmail.com
"samir kumar thapa",bajang,samirthapa34@yahoo.com
"saisagun kumar rai",lokanthali,saisagunrai116@yahoo.com
"rishikesh bahadur thapa",bardiya,rishikeshthapa538@facebook.co
"rabindra prasad sharma",sallaghari,rabindrasharma791@facebook.co
"saisagun prakash rai",kohalpur,saisagunrai480@facebook.co
"manish chandra neupane",bajura,manishneupane383@mof.np
"pratik prasad neupane",jhapa,pratikneupane298@gmail.com
"sumin prasad neupane",dolpa,suminneupane860@hazesoft.co
"bablu shekhar shrestha",dolpa,bablushrestha766@gmail.com
"ashim prasad gywali",sallaghari,ashimgywali906@edu.np
"saisagun shekhar gywali",ramnagar,saisagungywali358@gmail.com
"saisagun kumar deuba",lokanthali,saisagundeuba32@hotmail.com
"shishir kumar chapagain",sallaghari,shishirchapagain739@gmail.com
"diresh kumar shrestha",parvat,direshshrestha573@co.uk
"shishir chandra bhandari",bajura,shishirbhandari139@co.uk
"rishikesh chandra rana",kaski,rishikeshrana50@gmail.com
"sumin shekhar chapagain",syangha,suminchapagain85@mit.us
"diresh kumar sharma",bajang,direshsharma9@tu.edu.np
"samaya prasad deuba",bajang,samayadeuba659@hotmail.com
"kobid prasad rai",sallaghari,kobidrai243@moe.np
"manish chandra gywali",kavre,manishgywali57@tu.edu.np
"ram prasad chapagain",sallaghari,ramchapagain220@edu.np
"shishir prakash chapagain",kaski,shishirchapagain462@yahoo.com
"pratik prasad sharma",syangha,pratiksharma40@gmail.com
"kalyan shekhar maharjan",rukum,kalyanmaharjan212@ioe.np
"golu kumar magar",bajura,golumagar367@hazesoft.co
"aashish prasad sharma",syangha,aashishsharma225@mit.us
"ashim chandra chapagain",parvat,ashimchapagain726@mof.np
"aashish prasad shrestha",ramnagar,aashishshrestha125@ioe.np
"prasanna shekhar shrestha",sallaghari,prasannashrestha235@meta.co
"rabindra kumar oli",ramnagar,rabindraoli976@edu.np
"ram bahadur maharjan",syangha,rammaharjan63@ioe.np
"alex shekhar neupane",banke,alexneupane236@tu.edu.np
"kripesh kumar bhandari",bardiya,kripeshbhandari916@mit.us
"ashim chandra rana",sallaghari,ashimrana80@co.uk
"kripesh kumar magar",ramnagar,kripeshmagar846@tu.edu.np
"sujal kumar bhandari",illam,sujalbhandari735@ioe.np
"kalyan shekhar rana",dolpa,kalyanrana935@co.uk
"alex prasad shrestha",parvat,alexshrestha693@meta.co
"kobid bahadur dahal",bajang,kobiddahal830@hotmail.com
"bisesh prasad neupane",bardiya,biseshneupane659@yahoo.com
"aashish chandra oli",basantapur,aashisholi503@ioe.np
"diresh chandra maharjan",kavre,direshmaharjan393@mof.np
"sujal chandra sharma",illam,sujalsharma719@moe.np
"manish prakash rai",jhapa,manishrai77@moe.np
"golu chandra magar",kaski,golumagar784@meta.co
"golu bahadur maharjan",kavre,golumaharjan497@co.uk
"bibek kumar magar",morang,bibekmagar991@moe.np
"alex shekhar sharma",kaski,alexsharma122@moe.np
"shishir kumar dahal",syangha,shishirdahal480@hotmail.com
"ashim bahadur lamichhane",parvat,ashimlamichhane289@facebook.co
"samir prakash maharjan",syangha,samirmaharjan107@hotmail.com
"ram shekhar neupane",kavre,ramneupane669@moe.np
"diresh kumar sharma",morang,direshsharma60@moe.np
"dibesh prasad chapagain",basantapur,dibeshchapagain382@tu.edu.np
"rishikesh prasad neupane",rukum,rishikeshneupane658@gmail.com
"diresh chandra deuba",panchtahr,direshdeuba166@ioe.np
"ram chandra magar",kohalpur,rammagar257@ioe.np
"rabindra chandra gywali",basantapur,rabindragywali326@hazesoft.co
"rishikesh chandra rana",basantapur,rishikeshrana572@yahoo.com
"samir prakash lamichhane",kavre,samirlamichhane926@yahoo.com
"golu kumar thapa",jhapa,goluthapa637@yahoo.com
"samaya prasad neupane",jhapa,samayaneupane139@co.uk
"bibek kumar gywali",bajura,bibekgywali113@ioe.np
"sujal prasad gywali",lokanthali,sujalgywali984@mof.np
"kripesh shekhar bhandari",banke,kripeshbhandari81@edu.np
"sumin bahadur bhandari",parvat,suminbhandari308@edu.np
"samaya shekhar chapagain",syangha,samayachapagain301@yahoo.com
"diresh shekhar oli",ramnagar,diresholi843@facebook.co
"rabindra kumar deuba",panchtahr,rabindradeuba60@tu.edu.np
"ram prakash lamichhane",kaski,ramlamichhane346@meta.co
"shishir chandra neupane",panchtahr,shishirneupane142@meta.co
"alex prakash bhandari",illam,alexbhandari505@tu.edu.np
"shishir kumar magar",illam,shishirmagar755@ioe.np
"sujal shekhar lamichhane",morang,sujallamichhane973@facebook.co
"pintu prakash sharma",kaski,pintusharma537@edu.np
"ram shekhar chapagain",ramnagar,ramchapagain950@edu.np
"ramesh chandra shrestha",lokanthali,rameshshrestha512@hazesoft.co
"manish chandra gywali",dolpa,manishgywali821@moe.np
"dibesh shekhar shrestha",bardiya,dibeshshrestha252@mit.us
"rabindra chandra rana",kohalpur,rabindrarana872@moe.np
"kobid prasad rai",kavre,kobidrai145@hazesoft.co
"prasanna chandra magar",banke,prasannamagar732@hotmail.com
"ramesh kumar lamichhane",banke,rameshlamichhane66@mof.np
"alex kumar dahal",dolpa,alexdahal202@gmail.com
"sumin kumar magar",basantapur,suminmagar256@ioe.np
"sumin bahadur sharma",kohalpur,suminsharma890@ioe.np
"shishir chandra magar",panchtahr,shishirmagar410@tu.edu.np
"pratik prakash maharjan",syangha,pratikmaharjan493@co.uk
"rabindra prasad chapagain",lokanthali,rabindrachapagain303@hazesoft.co
"manish prasad dahal",morang,manishdahal605@co.uk
"dibesh prasad dahal",bardiya,dibeshdahal884@mit.us
"shishir prasad neupane",parvat,shishirneupane179@mof.np
"bablu bahadur maharjan",morang,bablumaharjan928@tu.edu.np
"samir kumar maharjan",parvat,samirmaharjan104@mit.us
"dibesh prakash lamichhane",parvat,dibeshlamichhane746@gmail.com
"rishikesh kumar gywali",kohalpur,rishikeshgywali218@moe.np
"bablu prakash lamichhane",kohalpur,bablulamichhane12@co.uk
"bablu prasad rai",ramnagar,bablurai818@gmail.com
"nischal bahadur maharjan",kaski,nischalmaharjan686@co.uk
"rabindra prakash thapa",kohalpur,rabindrathapa77@mof.np
"kripesh bahadur thapa",jhapa,kripeshthapa361@moe.np
"dibesh prakash sharma",bajang,dibeshsharma512@moe.np
"rabindra kumar magar",ramnagar,rabindramagar649@edu.np
"saisagun prasad thapa",jhapa,saisagunthapa860@mit.us
"diresh prasad oli",bajura,diresholi887@hotmail.com
"kobid chandra shrestha",jhapa,kobidshrestha965@meta.co
"samir prakash sharma",bardiya,samirsharma875@hotmail.com
"ashim shekhar shrestha",morang,ashimshrestha837@ioe.np
"manish prakash lamichhane",parvat,manishlamichhane108@edu.np
"dibesh prakash oli",rukum,dibesholi314@tu.edu.np
"bisesh prakash lamichhane",illam,biseshlamichhane530@moe.np
"kripesh prasad oli",dolpa,kripesholi630@facebook.co
"samir prasad neupane",bajura,samirneupane907@hazesoft.co
"bibek chandra shrestha",bajura,bibekshrestha493@tu.edu.np
"kalyan chandra shrestha",illam,kalyanshrestha98@meta.co
"golu shekhar chapagain",kaski,goluchapagain950@hazesoft.co
"bisesh bahadur thapa",ramnagar,biseshthapa978@ioe.np
"rabindra chandra chapagain",bajura,rabindrachapagain817@gmail.com
"rabindra prasad sharma",ramnagar,rabindrasharma604@co.uk
"diresh bahadur deuba",bardiya,direshdeuba214@co.uk
"golu prasad sharma",bajura,golusharma485@edu.np
"sujal kumar sharma",kavre,sujalsharma668@ioe.np
"prasanna chandra oli",jhapa,prasannaoli562@co.uk
"rabindra shekhar sharma",syangha,rabindrasharma860@hotmail.com
"bablu prakash bhandari",kohalpur,bablubhandari155@hazesoft.co
"shishir bahadur lamichhane",syangha,shishirlamichhane592@facebook.co
"kripesh chandra shrestha",kaski,kripeshshrestha430@edu.np
"pratik chandra gywali",parvat,pratikgywali87@facebook.co
"alex bahadur shrestha",banke,alexshrestha396@ioe.np
"saisagun chandra magar",kavre,saisagunmagar824@ioe.np
"pratik bahadur deuba",banke,pratikdeuba873@ioe.np
"shishir shekhar deuba",banke,shishirdeuba314@moe.np
"rishikesh kumar sharma",bajang,rishikeshsharma263@hazesoft.co
"samir bahadur thapa",bajang,samirthapa750@moe.np
"kripesh chandra deuba",bajura,kripeshdeuba860@edu.np
"nischal bahadur oli",bardiya,nischaloli927@yahoo.com
"pratik bahadur shrestha",illam,pratikshrestha361@yahoo.com
"saisagun chandra dahal",jhapa,saisagundahal792@ioe.np
"alex bahadur maharjan",basantapur,alexmaharjan265@edu.np
"pratik bahadur oli",sallaghari,pratikoli806@tu.edu.np
"aashish bahadur dahal",parvat,aashishdahal97@tu.edu.np
"ramesh prakash rana",banke,rameshrana112@ioe.np
"ram chandra oli",panchtahr,ramoli636@edu.np
"kalyan prakash lamichhane",bajura,kalyanlamichhane734@mit.us
"pintu kumar magar",bardiya,pintumagar256@hazesoft.co
"shishir bahadur oli",basantapur,shishiroli352@co.uk
"dibesh prakash chapagain",basantapur,dibeshchapagain720@tu.edu.np
"sumin prasad sharma",parvat,suminsharma615@tu.edu.np
"aashish chandra rana",kaski,aashishrana406@co.uk
"bisesh bahadur chapagain",bajura,biseshchapagain676@facebook.co
"kripesh prakash sharma",dolpa,kripeshsharma363@facebook.co
"ashim kumar thapa",bajura,ashimthapa242@gmail.com
"ashim kumar thapa",kohalpur,ashimthapa902@yahoo.com
"rishikesh kumar lamichhane",ramnagar,rishikeshlamichhane670@ioe.np
"samir prakash rai",kavre,samirrai98@mof.np
"sujal chandra chapagain",syangha,sujalchapagain141@gmail.com
"samir prasad rai",panchtahr,samirrai659@mit.us
"sumin prakash gywali",parvat,sumingywali473@edu.np
"kobid chandra rai",sallaghari,kobidrai209@mit.us
"kalyan prakash lamichhane",rukum,kalyanlamichhane557@moe.np
"sujal kumar neupane",rukum,sujalneupane861@hotmail.com
"prasanna shekhar sharma",basantapur,prasannasharma543@facebook.co
"kobid kumar gywali",bardiya,kobidgywali50@facebook.co
"samir bahadur oli",illam,samiroli261@mof.np
"bibek kumar lamichhane",jhapa,bibeklamichhane64@co.uk
"suraj prasad chapagain",sallaghari,surajchapagain278@co.uk
"samir prasad rana",dolpa,samirrana385@moe.np
"pintu kumar maharjan",bajang,pintumaharjan390@hazesoft.co
"rabindra prakash magar",rukum,rabindramagar621@co.uk
"prasanna prasad thapa",kavre,prasannathapa679@moe.np
"samir prakash gywali",lokanthali,samirgywali407@mit.us
"kalyan chandra dahal",kaski,kalyandahal835@yahoo.com
"kripesh prakash sharma",lokanthali,kripeshsharma138@moe.np
"ram bahadur shrestha",kaski,ramshrestha524@moe.np
"manish bahadur lamichhane",dolpa,manishlamichhane536@moe.np
"rishikesh prakash bhandari",illam,rishikeshbhandari761@moe.np
"shishir kumar rai",morang,shishirrai83@tu.edu.np
"nischal shekhar shrestha",bardiya,nischalshrestha819@hotmail.com
"samir chandra chapagain",lokanthali,samirchapagain753@hazesoft.co
"samaya shekhar gywali",jhapa,samayagywali174@hazesoft.co
"pintu kumar chapagain",parvat,pintuchapagain371@hazesoft.co
"nischal bahadur maharjan",bardiya,nischalmaharjan804@mof.np
"pintu prakash dahal",syangha,pintudahal335@ioe.np
"ramesh bahadur dahal",sallaghari,rameshdahal331@ioe.np
"bablu bahadur rana",basantapur,bablurana250@ioe.np
"manish prasad deuba",morang,manishdeuba612@meta.co
"sujal prasad deuba",jhapa,sujaldeuba969@edu.np
"kripesh bahadur dahal",kaski,kripeshdahal203@yahoo.com
"ramesh chandra magar",morang,rameshmagar731@facebook.co
"saisagun kumar thapa",bajura,saisagunthapa107@tu.edu.np
"kripesh kumar thapa",bajura,kripeshthapa936@tu.edu.np
"samir prakash sharma",bajura,samirsharma434@hazesoft.co
"pratik prakash thapa",ramnagar,pratikthapa589@mof.np
"samir chandra magar",illam,samirmagar292@hazesoft.co
"kripesh bahadur rai",kaski,kripeshrai376@mof.np
"ramesh shekhar rai",kaski,rameshrai254@ioe.np
"manish bahadur magar",morang,manishmagar917@yahoo.com
"sumin prasad deuba",kavre,sumindeuba298@co.uk
"prasanna prasad deuba",banke,prasannadeuba3@moe.np
"rishikesh prasad rana",bardiya,rishikeshrana579@meta.co
"kobid chandra thapa",ramnagar,kobidthapa475@yahoo.com
"ashim prakash bhandari",basantapur,ashimbhandari224@yahoo.com
"kalyan chandra thapa",jhapa,kalyanthapa70@facebook.co
"rabindra shekhar oli",dolpa,rabindraoli330@hazesoft.co
"rabindra prasad deuba",kaski,rabindradeuba95@ioe.np
"rabindra bahadur lamichhane",lokanthali,rabindralamichhane418@mit.us
"saisagun bahadur oli",kavre,saisagunoli609@edu.np
"diresh kumar deuba",sallaghari,direshdeuba972@edu.np
"manish shekhar rai",syangha,manishrai454@yahoo.com
"bisesh prakash sharma",basantapur,biseshsharma943@co.uk
"bibek shekhar rana",ramnagar,bibekrana646@ioe.np
"golu shekhar magar",kohalpur,golumagar741@yahoo.com
"sujal prasad bhandari",parvat,sujalbhandari515@moe.np
"pintu kumar dahal",sallaghari,pintudahal831@edu.np
"samir prakash bhandari",lokanthali,samirbhandari806@mof.np
"prasanna prasad gywali",dolpa,prasannagywali453@moe.np
"suraj kumar dahal",bardiya,surajdahal100@moe.np
"suraj prakash oli",dolpa,surajoli150@meta.co
"bibek prakash neupane",jhapa,bibekneupane399@hotmail.com
"rabindra shekhar gywali",banke,rabindragywali301@meta.co
"kobid chandra shrestha",rukum,kobidshrestha737@ioe.np
"pratik chandra shrestha",lokanthali,pratikshrestha202@mit.us
"pratik prasad neupane",panchtahr,pratikneupane166@facebook.co
"rabindra bahadur chapagain",morang,rabindrachapagain774@meta.co
"samaya prakash sharma",sallaghari,samayasharma21@facebook.co
"golu kumar chapagain",bajang,goluchapagain691@gmail.com
"prasanna chandra lamichhane",kavre,prasannalamichhane964@gmail.com
"kalyan prasad gywali",syangha,kalyangywali399@co.uk
"sumin kumar oli",sallaghari,suminoli849@mit.us
"bablu bahadur lamichhane",kavre,bablulamichhane49@edu.np
"manish prakash deuba",bajang,manishdeuba774@edu.np
"prasanna prakash maharjan",lokanthali,prasannamaharjan457@yahoo.com
"nischal prakash rai",banke,nischalrai320@tu.edu.np
"shishir shekhar thapa",dolpa,shishirthapa352@yahoo.com
"manish prakash shrestha",morang,manishshrestha257@ioe.np
"ramesh chandra lamichhane",kavre,rameshlamichhane487@tu.edu.np
"samir bahadur thapa",syangha,samirthapa701@hazesoft.co
"sujal prasad maharjan",parvat,sujalmaharjan873@meta.co
"ashim shekhar shrestha",bardiya,ashimshrestha290@meta.co
"samaya kumar sharma",basantapur,samayasharma549@hotmail.com
"pratik prakash bhandari",bardiya,pratikbhandari967@moe.np
"sumin prakash bhandari",dolpa,suminbhandari860@gmail.com
"kobid bahadur sharma",banke,kobidsharma833@yahoo.com
"rishikesh chandra rana",panchtahr,rishikeshrana619@co.uk
"suraj chandra dahal",dolpa,surajdahal640@facebook.co
"ashim prasad neupane",bardiya,ashimneupane283@mof.np
"ramesh shekhar deuba",bajang,rameshdeuba14@meta.co
"ramesh shekhar deuba",panchtahr,rameshdeuba289@moe.np
"diresh prakash sharma",panchtahr,direshsharma898@mof.np
"samaya bahadur oli",dolpa,samayaoli351@mof.np
"bisesh chandra thapa",kaski,biseshthapa549@mof.np
"sujal prasad chapagain",kavre,sujalchapagain998@tu.edu.np
"kalyan bahadur sharma",bajang,kalyansharma178@meta.co
"samaya prakash maharjan",basantapur,samayamaharjan92@co.uk
"bibek kumar thapa",rukum,bibekthapa224@gmail.com
"manish prakash oli",kaski,manisholi750@mit.us
"manish prasad rana",dolpa,manishrana777@co.uk
"dibesh prakash shrestha",ramnagar,dibeshshrestha682@meta.co
"sumin shekhar maharjan",sallaghari,suminmaharjan23@mit.us
"samir prakash magar",lokanthali,samirmagar621@moe.np
"nischal prakash lamichhane",ramnagar,nischallamichhane386@gmail.com
"prasanna chandra neupane",basantapur,prasannaneupane731@facebook.co
"sumin kumar shrestha",basantapur,suminshrestha185@tu.edu.np
"saisagun prasad thapa",ramnagar,saisagunthapa768@moe.np
"pratik shekhar deuba",bardiya,pratikdeuba52@yahoo.com
"manish kumar oli",kaski,manisholi72@mof.np
"aashish kumar rana",basantapur,aashishrana181@hazesoft.co
"ramesh kumar chapagain",lokanthali,rameshchapagain275@co.uk
"kripesh prakash dahal",kohalpur,kripeshdahal164@mof.np
"rishikesh shekhar dahal",dolpa,rishikeshdahal89@yahoo.com
"rishikesh shekhar chapagain",illam,rishikeshchapagain519@hazesoft.co
"ram chandra gywali",jhapa,ramgywali73@facebook.co
"rabindra bahadur thapa",lokanthali,rabindrathapa223@ioe.np
"shishir chandra maharjan",panchtahr,shishirmaharjan261@tu.edu.np
"sujal bahadur deuba",morang,sujaldeuba268@facebook.co
"sujal shekhar maharjan",jhapa,sujalmaharjan268@hotmail.com
"pratik prakash oli",jhapa,pratikoli449@mit.us
"samaya bahadur sharma",bardiya,samayasharma606@ioe.np
"nischal chandra neupane",jhapa,nischalneupane846@mof.np
"rabindra shekhar dahal",bardiya,rabindradahal7@meta.co
"sujal shekhar lamichhane",basantapur,sujallamichhane949@hotmail.com
"kalyan chandra chapagain",jhapa,kalyanchapagain147@hotmail.com
"bibek chandra chapagain",bajura,bibekchapagain864@gmail.com
"aashish shekhar maharjan",bajang,aashishmaharjan783@hazesoft.co
"rabindra shekhar chapagain",bajura,rabindrachapagain895@facebook.co
"nischal prasad magar",lokanthali,nischalmagar259@hazesoft.co
"bablu prasad lamichhane",lokanthali,bablulamichhane318@facebook.co
"nischal kumar chapagain",jhapa,nischalchapagain475@co.uk
"bablu prakash lamichhane",bajura,bablulamichhane295@mof.np
"dibesh bahadur thapa",jhapa,dibeshthapa928@hazesoft.co
"golu bahadur shrestha",bardiya,golushrestha498@tu.edu.np
"ram prakash bhandari",kaski,rambhandari522@hazesoft.co
"sujal prakash dahal",bajura,sujaldahal718@moe.np
"diresh shekhar sharma",bajura,direshsharma806@moe.np
"bibek prakash maharjan",panchtahr,bibekmaharjan943@moe.np
"golu kumar dahal",kohalpur,goludahal266@gmail.com
"ram prakash dahal",kavre,ramdahal410@hazesoft.co
"alex prasad magar",basantapur,alexmagar472@yahoo.com
"prasanna bahadur thapa",morang,prasannathapa451@hotmail.com
"sujal prakash gywali",jhapa,sujalgywali469@gmail.com
"ram prakash deuba",bajura,ramdeuba612@hazesoft.co
"sumin chandra neupane",bardiya,suminneupane416@edu.np
"manish kumar deuba",basantapur,manishdeuba353@mof.np
"bibek bahadur dahal",basantapur,bibekdahal725@facebook.co
"kripesh prakash magar",dolpa,kripeshmagar337@ioe.np
"golu prakash chapagain",ramnagar,goluchapagain920@ioe.np
"ram bahadur lamichhane",kaski,ramlamichhane456@meta.co
"nischal shekhar magar",jhapa,nischalmagar524@yahoo.com
"ram shekhar neupane",bardiya,ramneupane313@co.uk
"ram prakash dahal",illam,ramdahal697@edu.np
"ram bahadur oli",rukum,ramoli873@mof.np
"ashim prasad magar",syangha,ashimmagar435@facebook.co
"aashish chandra rai",ramnagar,aashishrai989@meta.co
"saisagun prasad sharma",panchtahr,saisagunsharma127@meta.co
"bibek bahadur oli",rukum,bibekoli91@gmail.com
"dibesh kumar sharma",bajang,dibeshsharma26@yahoo.com
"ram bahadur shrestha",kaski,ramshrestha215@edu.np
"bibek prakash gywali",kohalpur,bibekgywali448@gmail.com
"pintu bahadur sharma",bajang,pintusharma578@hotmail.com
"pratik bahadur maharjan",rukum,pratikmaharjan276@edu.np
"ashim prakash deuba",banke,ashimdeuba313@moe.np
"pratik shekhar chapagain",dolpa,pratikchapagain476@moe.np
"samaya shekhar rai",kavre,samayarai165@meta.co
"sumin prakash bhandari",ramnagar,suminbhandari814@gmail.com
"suraj kumar magar",panchtahr,surajmagar662@facebook.co
"pratik prasad shrestha",bajura,pratikshrestha775@gmail.com
"dibesh kumar lamichhane",bajang,dibeshlamichhane140@yahoo.com
"pintu kumar rai",kavre,pinturai270@facebook.co
"rabindra prakash bhandari",morang,rabindrabhandari215@co.uk
"bibek prasad sharma",kaski,bibeksharma36@hotmail.com
"golu prasad magar",bajang,golumagar604@edu.np
"kalyan bahadur oli",kohalpur,kalyanoli372@co.uk
"prasanna prakash thapa",kohalpur,prasannathapa677@ioe.np
"manish bahadur rai",sallaghari,manishrai827@ioe.np
"bisesh kumar shrestha",banke,biseshshrestha540@hotmail.com
"suraj bahadur neupane",parvat,surajneupane90@co.uk
"ashim shekhar gywali",lokanthali,ashimgywali786@mof.np
"rishikesh chandra neupane",dolpa,rishikeshneupane265@moe.np
"bablu shekhar maharjan",illam,bablumaharjan303@tu.edu.np
"ramesh bahadur lamichhane",dolpa,rameshlamichhane635@hazesoft.co
"kripesh chandra dahal",panchtahr,kripeshdahal306@co.uk
"bablu shekhar neupane",panchtahr,babluneupane412@co.uk
"sujal chandra thapa",sallaghari,sujalthapa983@co.uk
"pintu prakash chapagain",basantapur,pintuchapagain135@mof.np
"rishikesh prasad magar",banke,rishikeshmagar812@co.uk
"pratik bahadur sharma",bajura,pratiksharma723@moe.np
"ram prasad magar",panchtahr,rammagar930@ioe.np
"shishir prasad rana",basantapur,shishirrana664@tu.edu.np
"sumin bahadur maharjan",bajang,suminmaharjan665@hotmail.com
"bisesh kumar dahal",bajang,biseshdahal851@hazesoft.co
"diresh bahadur magar",morang,direshmagar149@mof.np
"sumin bahadur rai",sallaghari,suminrai747@co.uk
"nischal kumar magar",kohalpur,nischalmagar824@mof.np
"dibesh prakash oli",kohalpur,dibesholi555@mof.np
"samaya bahadur rana",banke,samayarana471@mit.us
"ashim chandra magar",lokanthali,ashimmagar279@ioe.np
"sumin bahadur thapa",jhapa,suminthapa13@co.uk
"samir prasad maharjan",syangha,samirmaharjan965@tu.edu.np
"diresh prasad dahal",lokanthali,direshdahal278@edu.np
"sumin prakash rana",lokanthali,suminrana42@co.uk
"ram kumar oli",bajura,ramoli995@moe.np
"bibek prasad gywali",illam,bibekgywali128@mit.us
"shishir prasad dahal",basantapur,shishirdahal251@hotmail.com
"kobid chandra neupane",kohalpur,kobidneupane884@edu.np
"kalyan prasad sharma",bardiya,kalyansharma850@co.uk
"bibek prasad thapa",jhapa,bibekthapa635@meta.co
"diresh prasad magar",banke,direshmagar352@ioe.np
"ashim bahadur rai",kohalpur,ashimrai846@facebook.co
"pratik shekhar deuba",jhapa,pratikdeuba281@meta.co
"nischal shekhar rai",syangha,nischalrai673@mit.us
"shishir bahadur shrestha",kavre,shishirshrestha945@meta.co
"bibek shekhar gywali",sallaghari,bibekgywali148@meta.co
"ramesh chandra gywali",syangha,rameshgywali276@gmail.com
"ram chandra maharjan",parvat,rammaharjan262@co.uk
"samir prasad shrestha",sallaghari,samirshrestha574@tu.edu.np
"sujal shekhar gywali",bajang,sujalgywali221@hazesoft.co
"aashish kumar neupane",ramnagar,aashishneupane124@hotmail.com
"saisagun chandra deuba",kaski,saisagundeuba131@ioe.np
"pratik bahadur magar",dolpa,pratikmagar887@meta.co
"kalyan kumar lamichhane",illam,kalyanlamichhane904@hotmail.com
"golu bahadur chapagain",morang,goluchapagain567@moe.np
"ashim bahadur bhandari",kohalpur,ashimbhandari365@mit.us
"bisesh kumar lamichhane",syangha,biseshlamichhane644@edu.np
"sumin bahadur oli",kaski,suminoli180@mof.np
"nischal chandra deuba",kohalpur,nischaldeuba670@meta.co
"prasanna shekhar maharjan",kohalpur,prasannamaharjan169@edu.np
"nischal bahadur bhandari",bajura,nischalbhandari8@meta.co
"rishikesh shekhar maharjan",bardiya,rishikeshmaharjan323@tu.edu.np
"suraj prakash gywali",jhapa,surajgywali581@facebook.co
"ram kumar magar",syangha,rammagar416@edu.np
"ramesh chandra neupane",jhapa,rameshneupane22@mit.us
"saisagun shekhar dahal",lokanthali,saisagundahal81@mof.np
"alex bahadur rana",sallaghari,alexrana138@hotmail.com
"bablu bahadur magar",panchtahr,bablumagar841@hotmail.com
"saisagun chandra oli",jhapa,saisagunoli44@hazesoft.co
"bablu prakash gywali",syangha,bablugywali504@mof.np
"alex chandra rana",bajang,alexrana771@moe.np
"samaya prakash maharjan",syangha,samayamaharjan647@co.uk
"kripesh shekhar chapagain",panchtahr,kripeshchapagain950@mof.np
"shishir kumar gywali",dolpa,shishirgywali217@mit.us
"saisagun prasad rana",bardiya,saisagunrana352@ioe.np
"golu shekhar rai",kohalpur,golurai714@ioe.np
"golu chandra gywali",illam,golugywali254@co.uk
"kalyan chandra magar",dolpa,kalyanmagar330@hazesoft.co
"pratik prakash sharma",parvat,pratiksharma643@co.uk
"rabindra bahadur thapa",rukum,rabindrathapa855@ioe.np
"ashim shekhar bhandari",kohalpur,ashimbhandari478@tu.edu.np
"bablu prasad magar",morang,bablumagar86@tu.edu.np
"diresh shekhar lamichhane",bardiya,direshlamichhane189@facebook.co
"saisagun shekhar rana",illam,saisagunrana240@hotmail.com
"diresh chandra shrestha",kohalpur,direshshrestha758@tu.edu.np
"pratik prakash chapagain",kavre,pratikchapagain695@mof.np
"golu bahadur rana",dolpa,golurana982@moe.np
"ramesh chandra rana",sallaghari,rameshrana834@tu.edu.np
"pratik prakash lamichhane",kaski,pratiklamichhane184@moe.np
"samir prakash sharma",dolpa,samirsharma714@facebook.co
"saisagun prasad rai",lokanthali,saisagunrai606@co.uk
"golu chandra rana",banke,golurana273@yahoo.com
"saisagun shekhar gywali",jhapa,saisagungywali710@ioe.np
"kobid prakash bhandari",lokanthali,kobidbhandari757@co.uk
"kalyan bahadur maharjan",panchtahr,kalyanmaharjan725@mof.np
"alex prasad shrestha",ramnagar,alexshrestha895@yahoo.com
"ramesh prakash rana",parvat,rameshrana197@yahoo.com
"alex kumar chapagain",syangha,alexchapagain340@meta.co
"dibesh shekhar gywali",basantapur,dibeshgywali361@meta.co
"aashish shekhar maharjan",basantapur,aashishmaharjan165@facebook.co
"sujal prakash dahal",banke,sujaldahal77@moe.np
"saisagun shekhar rana",kaski,saisagunrana234@moe.np
"pintu shekhar bhandari",bajura,pintubhandari519@co.uk
"rishikesh shekhar bhandari",ramnagar,rishikeshbhandari268@hazesoft.co
"bisesh prasad shrestha",rukum,biseshshrestha460@ioe.np
"samir bahadur shrestha",banke,samirshrestha64@moe.np
"pratik prakash gywali",sallaghari,pratikgywali61@facebook.co
"manish bahadur gywali",jhapa,manishgywali703@moe.np
"manish shekhar neupane",rukum,manishneupane460@mof.np
"ashim prasad maharjan",illam,ashimmaharjan969@ioe.np
"aashish shekhar shrestha",basantapur,aashishshrestha735@hazesoft.co
"nischal prakash dahal",banke,nischaldahal408@facebook.co
"kobid kumar gywali",dolpa,kobidgywali89@tu.edu.np
"suraj prakash magar",lokanthali,surajmagar892@gmail.com
"pintu shekhar neupane",panchtahr,pintuneupane688@edu.np
"kripesh prasad sharma",banke,kripeshsharma6@gmail.com
"prasanna chandra gywali",dolpa,prasannagywali252@hotmail.com
"kalyan bahadur neupane",jhapa,kalyanneupane993@co.uk
"rabindra prasad lamichhane",parvat,rabindralamichhane363@moe.np
"rishikesh prasad bhandari",sallaghari,rishikeshbhandari968@mof.np
"golu kumar deuba",bajura,goludeuba613@gmail.com
"bibek bahadur rana",sallaghari,bibekrana31@hotmail.com
"diresh kumar sharma",ramnagar,direshsharma522@hazesoft.co
"sujal bahadur rana",parvat,sujalrana316@edu.np
"sujal prasad sharma",syangha,sujalsharma657@gmail.com
"pintu shekhar thapa",sallaghari,pintuthapa710@co.uk
"samaya prakash bhandari",rukum,samayabhandari762@ioe.np
"kobid shekhar deuba",dolpa,kobiddeuba825@gmail.com
"dibesh kumar rai",kohalpur,dibeshrai900@tu.edu.np
"rabindra shekhar dahal",jhapa,rabindradahal326@mof.np
"bibek bahadur bhandari",morang,bibekbhandari302@mit.us
"suraj shekhar lamichhane",panchtahr,surajlamichhane323@meta.co
"samaya kumar shrestha",bajang,samayashrestha488@yahoo.com
"sujal bahadur chapagain",bardiya,sujalchapagain997@hotmail.com
"sumin shekhar sharma",bajura,suminsharma101@ioe.np
"saisagun bahadur shrestha",banke,saisagunshrestha280@mit.us
"samir kumar gywali",illam,samirgywali126@meta.co
"shishir prasad rai",morang,shishirrai566@hazesoft.co
"ram kumar neupane",basantapur,ramneupane680@yahoo.com
"samaya prasad maharjan",bardiya,samayamaharjan46@mof.np
"bibek shekhar maharjan",basantapur,bibekmaharjan404@gmail.com
"sujal prakash sharma",bajura,sujalsharma398@edu.np
"bablu prasad lamichhane",syangha,bablulamichhane91@tu.edu.np
"aashish prakash maharjan",kavre,aashishmaharjan294@facebook.co
"ram kumar magar",morang,rammagar710@hotmail.com
"rishikesh shekhar rana",bajura,rishikeshrana443@gmail.com
"pratik prasad gywali",banke,pratikgywali414@hazesoft.co
"kobid kumar neupane",basantapur,kobidneupane4@gmail.com
"rishikesh prakash neupane",jhapa,rishikeshneupane327@hazesoft.co
"manish prakash maharjan",banke,manishmaharjan422@hotmail.com
"bablu prakash thapa",bajang,babluthapa406@hazesoft.co
"diresh kumar chapagain",lokanthali,direshchapagain148@meta.co
"samaya kumar rai",parvat,samayarai252@hazesoft.co
"ashim bahadur thapa",rukum,ashimthapa102@moe.np
"manish prasad neupane",syangha,manishneupane952@meta.co
"ashim kumar bhandari",lokanthali,ashimbhandari257@moe.np
"pintu kumar bhandari",bajura,pintubhandari606@mof.np
"golu shekhar thapa",kohalpur,goluthapa796@meta.co
"rabindra prasad maharjan",sallaghari,rabindramaharjan594@mof.np
"samaya prasad deuba",rukum,samayadeuba125@yahoo.com
"nischal shekhar shrestha",syangha,nischalshrestha444@tu.edu.np
"ramesh bahadur rai",sallaghari,rameshrai151@tu.edu.np
"ashim prakash neupane",lokanthali,ashimneupane981@facebook.co
"bisesh bahadur magar",illam,biseshmagar712@meta.co
"prasanna shekhar shrestha",kaski,prasannashrestha492@mit.us
"kalyan bahadur dahal",sallaghari,kalyandahal596@yahoo.com
"bablu chandra sharma",banke,bablusharma969@moe.np
"ram shekhar maharjan",sallaghari,rammaharjan279@gmail.com
"kobid chandra oli",bajang,kobidoli412@meta.co
"rishikesh chandra rai",basantapur,rishikeshrai895@tu.edu.np
"sujal prakash rai",kaski,sujalrai552@yahoo.com
"ram chandra magar",kaski,rammagar48@gmail.com
"saisagun prasad chapagain",ramnagar,saisagunchapagain609@gmail.com
"ramesh chandra chapagain",basantapur,rameshchapagain50@edu.np
"rishikesh shekhar maharjan",banke,rishikeshmaharjan32@hotmail.com
"alex kumar maharjan",parvat,alexmaharjan856@edu.np
"kobid prakash magar",kavre,kobidmagar447@hazesoft.co
"sumin prasad magar",bajura,suminmagar643@hazesoft.co
"prasanna bahadur neupane",lokanthali,prasannaneupane546@edu.np
"pratik shekhar thapa",panchtahr,pratikthapa890@hotmail.com
"kripesh bahadur magar",bajang,kripeshmagar882@moe.np
"suraj prakash thapa",kavre,surajthapa816@tu.edu.np
"pratik bahadur oli",dolpa,pratikoli637@facebook.co
"golu shekhar rana",kaski,golurana901@ioe.np
"ramesh chandra gywali",parvat,rameshgywali278@ioe.np
"prasanna prasad gywali",morang,prasannagywali498@hazesoft.co
"sujal kumar chapagain",bajang,sujalchapagain830@ioe.np
"alex prakash rana",parvat,alexrana338@gmail.com
"rabindra prakash gywali",kohalpur,rabindragywali471@facebook.co
"suraj kumar deuba",jhapa,surajdeuba287@hazesoft.co
"kripesh prakash oli",banke,kripesholi763@tu.edu.np
"prasanna bahadur dahal",morang,prasannadahal3@moe.np
"pintu kumar shrestha",jhapa,pintushrestha822@ioe.np
"kripesh bahadur lamichhane",morang,kripeshlamichhane176@facebook.co
"dibesh prasad deuba",illam,dibeshdeuba816@ioe.np
"saisagun prakash gywali",sallaghari,saisagungywali823@gmail.com
"sumin shekhar chapagain",kohalpur,suminchapagain617@mit.us
"pintu prasad gywali",syangha,pintugywali664@gmail.com
"pratik bahadur sharma",bajang,pratiksharma417@moe.np
"manish prasad magar",lokanthali,manishmagar506@hazesoft.co
"ram prasad rana",sallaghari,ramrana764@meta.co
"pratik prasad rana",kavre,pratikrana722@co.uk
"kobid prasad lamichhane",parvat,kobidlamichhane56@hotmail.com
"rabindra prasad thapa",dolpa,rabindrathapa920@hazesoft.co
"rabindra prakash magar",bajura,rabindramagar202@facebook.co
"diresh chandra shrestha",rukum,direshshrestha205@tu.edu.np
"suraj bahadur maharjan",panchtahr,surajmaharjan65@co.uk
"kripesh prakash gywali",kaski,kripeshgywali454@hazesoft.co
"shishir prakash bhandari",bardiya,shishirbhandari117@tu.edu.np
"sumin kumar bhandari",ramnagar,suminbhandari194@co.uk
"saisagun shekhar rai",bardiya,saisagunrai672@moe.np
"prasanna bahadur deuba",illam,prasannadeuba972@tu.edu.np
"ashim prakash lamichhane",dolpa,ashimlamichhane996@hazesoft.co
"ram chandra sharma",rukum,ramsharma294@facebook.co
"kripesh prasad sharma",kavre,kripeshsharma990@hazesoft.co
"rabindra prasad bhandari",rukum,rabindrabhandari948@meta.co
"bibek prasad maharjan",banke,bibekmaharjan42@ioe.np
"kripesh chandra dahal",ramnagar,kripeshdahal300@hazesoft.co
"kobid prakash chapagain",bajang,kobidchapagain922@hazesoft.co
"rabindra shekhar magar",illam,rabindramagar628@mof.np
"diresh chandra deuba",kaski,direshdeuba524@hotmail.com
"prasanna prasad magar",bardiya,prasannamagar275@moe.np
"sujal bahadur thapa",illam,sujalthapa999@yahoo.com
"sumin bahadur magar",panchtahr,suminmagar573@moe.np
"samaya prakash sharma",panchtahr,samayasharma1@ioe.np
"diresh shekhar oli",rukum,diresholi135@tu.edu.np
"alex bahadur rai",lokanthali,alexrai395@yahoo.com
"nischal bahadur lamichhane",basantapur,nischallamichhane744@ioe.np
"bisesh prasad deuba",lokanthali,biseshdeuba553@mit.us
"kobid prakash sharma",syangha,kobidsharma488@edu.np
"dibesh chandra rana",sallaghari,dibeshrana730@mof.np
"kripesh shekhar chapagain",syangha,kripeshchapagain713@yahoo.com
"kobid chandra rai",lokanthali,kobidrai651@edu.np
"golu shekhar neupane",parvat,goluneupane500@meta.co
"ramesh shekhar deuba",morang,rameshdeuba836@mof.np
"suraj kumar magar",jhapa,surajmagar937@ioe.np
"nischal bahadur bhandari",morang,nischalbhandari749@hazesoft.co
"samir shekhar chapagain",kohalpur,samirchapagain234@ioe.np
"ashim kumar shrestha",ramnagar,ashimshrestha88@tu.edu.np
"samaya chandra dahal",parvat,samayadahal579@hotmail.com
"rabindra prasad rana",bajura,rabindrarana746@hotmail.com
"kalyan bahadur maharjan",illam,kalyanmaharjan168@ioe.np
"manish shekhar deuba",bajura,manishdeuba604@mof.np
"kripesh chandra bhandari",kavre,kripeshbhandari37@co.uk
"bablu chandra thapa",jhapa,babluthapa455@moe.np
"ramesh shekhar lamichhane",ramnagar,rameshlamichhane652@co.uk
"rabindra chandra bhandari",kavre,rabindrabhandari780@gmail.com
"kripesh chandra magar",morang,kripeshmagar863@yahoo.com
"ramesh shekhar dahal",dolpa,rameshdahal640@yahoo.com
"sujal kumar magar",jhapa,sujalmagar11@gmail.com
"nischal bahadur lamichhane",banke,nischallamichhane816@moe.np
"sumin prasad thapa",basantapur,suminthapa892@meta.co
"saisagun bahadur shrestha",panchtahr,saisagunshrestha893@moe.np
"saisagun prakash magar",kavre,saisagunmagar901@moe.np
"diresh prakash maharjan",panchtahr,direshmaharjan534@moe.np
"diresh chandra sharma",dolpa,direshsharma907@tu.edu.np
"pintu prakash magar",bardiya,pintumagar882@tu.edu.np
"bisesh prakash bhandari",ramnagar,biseshbhandari860@mit.us
"golu kumar oli",syangha,goluoli859@hotmail.com
"dibesh prakash maharjan",basantapur,dibeshmaharjan994@co.uk
"nischal shekhar neupane",ramnagar,nischalneupane955@mof.np
"alex prasad maharjan",rukum,alexmaharjan980@co.uk
"shishir prasad oli",bardiya,shishiroli761@hotmail.com
"prasanna prasad neupane",kohalpur,prasannaneupane96@mof.np
"ramesh shekhar bhandari",jhapa,rameshbhandari201@mof.np
"bibek prasad deuba",illam,bibekdeuba867@facebook.co
"rishikesh shekhar chapagain",kaski,rishikeshchapagain514@mof.np
"kalyan kumar neupane",rukum,kalyanneupane814@co.uk
"prasanna bahadur maharjan",ramnagar,prasannamaharjan95@gmail.com
"rabindra chandra dahal",sallaghari,rabindradahal842@hotmail.com
"bablu prakash chapagain",lokanthali,babluchapagain260@moe.np
"samaya shekhar rana",basantapur,samayarana255@hazesoft.co
"manish prakash maharjan",bajura,manishmaharjan779@yahoo.com
"nischal shekhar chapagain",kavre,nischalchapagain227@gmail.com
"bibek kumar gywali",basantapur,bibekgywali263@meta.co
"bibek bahadur chapagain",morang,bibekchapagain814@ioe.np
"sumin bahadur chapagain",banke,suminchapagain880@tu.edu.np
"aashish prasad deuba",kavre,aashishdeuba783@gmail.com
"aashish chandra rai",ramnagar,aashishrai636@co.uk
"ram kumar dahal",bardiya,ramdahal359@gmail.com
"prasanna shekhar bhandari",kohalpur,prasannabhandari97@moe.np
"bablu kumar shrestha",bajang,bablushrestha74@tu.edu.np
"bisesh prasad bhandari",panchtahr,biseshbhandari412@mof.np
"nischal prakash thapa",bajang,nischalthapa869@meta.co
"rishikesh bahadur lamichhane",panchtahr,rishikeshlamichhane387@hazesoft.co
"rishikesh bahadur deuba",dolpa,rishikeshdeuba185@mof.np
"samaya kumar rai",parvat,samayarai471@facebook.co
"kripesh prasad lamichhane",rukum,kripeshlamichhane330@ioe.np
"sumin chandra maharjan",bardiya,suminmaharjan521@gmail.com
"bibek prakash rana",panchtahr,bibekrana723@ioe.np
"manish bahadur gywali",basantapur,manishgywali415@hotmail.com
"sujal kumar deuba",basantapur,sujaldeuba586@facebook.co
"saisagun bahadur rana",basantapur,saisagunrana95@moe.np
"ram chandra chapagain",sallaghari,ramchapagain991@yahoo.com
"samaya shekhar bhandari",banke,samayabhandari914@facebook.co
"ram prakash bhandari",morang,rambhandari186@tu.edu.np
"bablu prakash gywali",bardiya,bablugywali26@meta.co
"rabindra prakash magar",kohalpur,rabindramagar866@edu.np
"shishir prakash bhandari",jhapa,shishirbhandari37@edu.np
"samir prakash lamichhane",rukum,samirlamichhane275@mof.np
"aashish kumar lamichhane",bajang,aashishlamichhane954@ioe.np
"kalyan bahadur chapagain",morang,kalyanchapagain253@co.uk
"prasanna prasad rai",sallaghari,prasannarai366@gmail.com
"rabindra kumar bhandari",illam,rabindrabhandari481@hazesoft.co
"rishikesh shekhar lamichhane",kavre,rishikeshlamichhane276@yahoo.com
"suraj prasad dahal",dolpa,surajdahal985@facebook.co
"dibesh shekhar rana",rukum,dibeshrana863@tu.edu.np
"dibesh prakash thapa",ramnagar,dibeshthapa416@gmail.com
"bablu shekhar rai",parvat,bablurai203@hotmail.com
"sumin bahadur dahal",kohalpur,sumindahal332@hotmail.com
"saisagun bahadur chapagain",bajang,saisagunchapagain531@hotmail.com
"saisagun chandra thapa",morang,saisagunthapa399@edu.np
"sumin prasad lamichhane",morang,suminlamichhane234@ioe.np
"golu bahadur magar",kohalpur,golumagar857@yahoo.com
"dibesh prasad bhandari",kohalpur,dibeshbhandari917@hazesoft.co
"sumin chandra lamichhane",dolpa,suminlamichhane951@mit.us
"nischal bahadur neupane",kaski,nischalneupane911@hotmail.com
"samaya bahadur chapagain",panchtahr,samayachapagain590@facebook.co
"rishikesh kumar maharjan",bajang,rishikeshmaharjan156@facebook.co
"nischal prakash chapagain",rukum,nischalchapagain649@co.uk
"rishikesh bahadur sharma",banke,rishikeshsharma734@moe.np
"bibek bahadur oli",sallaghari,bibekoli458@ioe.np
"samir bahadur gywali",dolpa,samirgywali856@gmail.com
"bisesh shekhar gywali",bardiya,biseshgywali713@hotmail.com
"manish kumar rai",morang,manishrai960@meta.co
"saisagun shekhar deuba",morang,saisagundeuba936@mof.np
"pratik prakash sharma",dolpa,pratiksharma752@moe.np
"shishir shekhar rai",ramnagar,shishirrai614@meta.co
"ashim bahadur thapa",jhapa,ashimthapa666@mit.us
"golu prasad bhandari",jhapa,golubhandari449@mof.np
"alex shekhar lamichhane",sallaghari,alexlamichhane23@gmail.com
"kobid shekhar magar",morang,kobidmagar364@mit.us
"nischal prakash bhandari",jhapa,nischalbhandari828@yahoo.com
"kobid prasad oli",dolpa,kobidoli501@meta.co
"shishir bahadur oli",bajang,shishiroli438@gmail.com
"rishikesh shekhar thapa",rukum,rishikeshthapa103@co.uk
"ashim chandra sharma",jhapa,ashimsharma542@meta.co
"ramesh chandra lamichhane",banke,rameshlamichhane665@co.uk
"samir chandra lamichhane",panchtahr,samirlamichhane95@facebook.co
"alex shekhar chapagain",panchtahr,alexchapagain747@hotmail.com
"manish shekhar deuba",rukum,manishdeuba475@moe.np
"saisagun prakash shrestha",lokanthali,saisagunshrestha614@mit.us
"prasanna prakash bhandari",dolpa,prasannabhandari345@mit.us
"bibek prasad dahal",kaski,bibekdahal727@mit.us
"samaya prakash magar",lokanthali,samayamagar442@mof.np
"saisagun prasad shrestha",syangha,saisagunshrestha92@edu.np
"pintu prasad dahal",kaski,pintudahal766@gmail.com
"aashish chandra bhandari",kaski,aashishbhandari967@hazesoft.co
"ram prasad oli",panchtahr,ramoli793@co.uk
"kripesh shekhar dahal",parvat,kripeshdahal740@meta.co
"bablu prasad thapa",ramnagar,babluthapa127@moe.np
"saisagun bahadur chapagain",parvat,saisagunchapagain915@hotmail.com
"bablu bahadur rana",rukum,bablurana91@meta.co
"saisagun prakash gywali",lokanthali,saisagungywali573@facebook.co
"bisesh shekhar dahal",banke,biseshdahal348@mof.np
"ashim shekhar bhandari",kohalpur,ashimbhandari3@edu.np
"kalyan prasad shrestha",lokanthali,kalyanshrestha343@facebook.co
"saisagun prasad neupane",kohalpur,saisagunneupane295@mit.us
"pratik shekhar magar",jhapa,pratikmagar796@mit.us
"samir bahadur neupane",kohalpur,samirneupane578@ioe.np
"sumin kumar magar",rukum,suminmagar336@hazesoft.co
"saisagun bahadur rana",morang,saisagunrana193@edu.np
"bisesh shekhar oli",rukum,bisesholi755@edu.np
"ram kumar sharma",basantapur,ramsharma651@facebook.co
"ramesh kumar shrestha",bardiya,rameshshrestha125@hotmail.com
"ramesh kumar rai",syangha,rameshrai480@tu.edu.np
"rabindra chandra thapa",bardiya,rabindrathapa311@hotmail.com
"samaya chandra shrestha",kavre,samayashrestha61@ioe.np
"samaya shekhar gywali",kavre,samayagywali605@moe.np
"kalyan prasad bhandari",ramnagar,kalyanbhandari437@meta.co
"aashish prasad oli",parvat,aashisholi207@co.uk
"aashish prakash thapa",panchtahr,aashishthapa684@mof.np
"alex bahadur shrestha",bajang,alexshrestha255@gmail.com
"manish prasad gywali",lokanthali,manishgywali718@hazesoft.co
"sujal kumar deuba",illam,sujaldeuba448@mit.us
"sumin prasad dahal",kohalpur,sumindahal111@tu.edu.np
"sumin shekhar deuba",parvat,sumindeuba45@ioe.np
"rishikesh shekhar rai",panchtahr,rishikeshrai750@gmail.com
"alex chandra lamichhane",sallaghari,alexlamichhane860@meta.co
"samir chandra shrestha",kaski,samirshrestha510@tu.edu.np
"prasanna shekhar lamichhane",kavre,prasannalamichhane932@tu.edu.np
"rabindra bahadur sharma",syangha,rabindrasharma249@mof.np
"pratik chandra chapagain",kaski,pratikchapagain661@mit.us
"alex bahadur lamichhane",syangha,alexlamichhane640@moe.np
"manish chandra deuba",illam,manishdeuba673@ioe.np
"dibesh prakash rana",sallaghari,dibeshrana880@yahoo.com
"suraj bahadur sharma",syangha,surajsharma997@yahoo.com
"shishir bahadur oli",dolpa,shishiroli478@mit.us
"aashish bahadur maharjan",kavre,aashishmaharjan681@yahoo.com
"bablu kumar rai",kohalpur,bablurai678@facebook.co
"alex kumar deuba",morang,alexdeuba60@co.uk
"bablu prakash shrestha",bajang,bablushrestha124@gmail.com
"kripesh kumar sharma",illam,kripeshsharma150@ioe.np
"manish kumar chapagain",sallaghari,manishchapagain242@facebook.co
"ram prakash dahal",ramnagar,ramdahal354@co.uk
"bisesh kumar gywali",banke,biseshgywali239@moe.np
"samaya prasad shrestha",bajura,samayashrestha12@meta.co
"bablu kumar thapa",bardiya,babluthapa92@facebook.co
"bisesh prakash magar",morang,biseshmagar373@meta.co
"ram chandra rai",panchtahr,ramrai932@edu.np
"shishir kumar rana",bajang,shishirrana494@facebook.co
"bibek bahadur lamichhane",morang,bibeklamichhane39@mof.np
"dibesh chandra chapagain",basantapur,dibeshchapagain545@gmail.com
"saisagun shekhar dahal",ramnagar,saisagundahal193@edu.np
"kobid shekhar shrestha",kohalpur,kobidshrestha892@moe.np
"bisesh kumar lamichhane",syangha,biseshlamichhane315@edu.np
"diresh chandra magar",rukum,direshmagar966@hazesoft.co
"samaya prakash magar",panchtahr,samayamagar880@edu.np
"bibek prakash gywali",basantapur,bibekgywali227@hotmail.com
"ram chandra neupane",jhapa,ramneupane417@mof.np
"kobid prasad shrestha",morang,kobidshrestha42@co.uk
"saisagun chandra chapagain",bajura,saisagunchapagain358@co.uk
"kobid prakash shrestha",panchtahr,kobidshrestha668@mof.np
"samir bahadur dahal",kaski,samirdahal339@ioe.np
"samaya kumar bhandari",bardiya,samayabhandari311@mit.us
"ashim bahadur dahal",rukum,ashimdahal138@yahoo.com
"aashish prasad lamichhane",basantapur,aashishlamichhane842@edu.np
"samir prakash lamichhane",bajura,samirlamichhane511@hotmail.com
"shishir shekhar chapagain",illam,shishirchapagain225@tu.edu.np
"bisesh prasad sharma",bajang,biseshsharma209@tu.edu.np
"ramesh chandra shrestha",bardiya,rameshshrestha382@hazesoft.co
"saisagun kumar deuba",banke,saisagundeuba361@co.uk
"rishikesh kumar oli",morang,rishikesholi151@hazesoft.co
"bablu shekhar sharma",ramnagar,bablusharma591@edu.np
"sujal prakash neupane",syangha,sujalneupane992@facebook.co
"bisesh prasad dahal",kavre,biseshdahal21@mit.us
"saisagun kumar gywali",syangha,saisagungywali253@mit.us
"sujal prakash maharjan",morang,sujalmaharjan361@edu.np
"ashim prakash deuba",rukum,ashimdeuba17@mof.np
"samir shekhar deuba",bardiya,samirdeuba624@tu.edu.np
"sumin kumar lamichhane",kavre,suminlamichhane656@moe.np
"bisesh prakash shrestha",morang,biseshshrestha300@ioe.np
"shishir chandra gywali",sallaghari,shishirgywali477@co.uk
"golu chandra maharjan",bajura,golumaharjan583@hazesoft.co
"suraj chandra neupane",banke,surajneupane142@mof.np
"shishir prakash rai",kaski,shishirrai748@gmail.com
"rishikesh kumar shrestha",banke,rishikeshshrestha745@hotmail.com
"kalyan chandra chapagain",bardiya,kalyanchapagain436@gmail.com
"saisagun kumar lamichhane",rukum,saisagunlamichhane76@co.uk
"kripesh prasad neupane",kohalpur,kripeshneupane568@gmail.com
"shishir prakash oli",rukum,shishiroli775@hotmail.com
"diresh chandra dahal",sallaghari,direshdahal677@co.uk
"samaya kumar neupane",dolpa,samayaneupane182@moe.np
"rabindra prasad thapa",sallaghari,rabindrathapa764@yahoo.com
"bablu chandra dahal",jhapa,babludahal446@mit.us
"saisagun bahadur thapa",bajura,saisagunthapa982@mit.us
"rabindra prakash shrestha",kohalpur,rabindrashrestha730@edu.np
"kobid prakash maharjan",lokanthali,kobidmaharjan3@hazesoft.co
"alex shekhar chapagain",ramnagar,alexchapagain225@ioe.np
"sujal kumar thapa",lokanthali,sujalthapa135@meta.co
"kripesh bahadur neupane",jhapa,kripeshneupane138@co.uk
"samir prakash rana",parvat,samirrana656@tu.edu.np
"ram prakash chapagain",syangha,ramchapagain260@ioe.np
"kripesh prasad maharjan",basantapur,kripeshmaharjan319@facebook.co
"aashish prakash shrestha",bajang,aashishshrestha340@moe.np
"samaya bahadur rai",syangha,samayarai456@hotmail.com
"prasanna prakash lamichhane",bardiya,prasannalamichhane371@gmail.com
"kalyan prakash thapa",kavre,kalyanthapa44@hotmail.com
"bisesh prasad bhandari",kavre,biseshbhandari131@co.uk
"kalyan kumar thapa",bajura,kalyanthapa913@co.uk
"samaya bahadur chapagain",panchtahr,samayachapagain305@facebook.co
"diresh kumar rana",parvat,direshrana89@edu.np
"kalyan prakash thapa",bajang,kalyanthapa467@ioe.np
"alex kumar thapa",panchtahr,alexthapa429@gmail.com
"sumin shekhar neupane",dolpa,suminneupane242@facebook.co
"shishir bahadur neupane",bajura,shishirneupane289@gmail.com
"ramesh kumar deuba",jhapa,rameshdeuba35@mof.np
"pintu kumar maharjan",kaski,pintumaharjan628@hotmail.com
"samaya prakash bhandari",kavre,samayabhandari870@ioe.np
"sujal shekhar shrestha",kohalpur,sujalshrestha237@edu.np
"sujal bahadur rai",sallaghari,sujalrai227@mof.np
"prasanna bahadur deuba",bajura,prasannadeuba749@hazesoft.co
"sujal chandra bhandari",syangha,sujalbhandari380@mit.us
"bablu bahadur maharjan",kaski,bablumaharjan293@co.uk
"ram bahadur sharma",dolpa,ramsharma843@edu.np
"alex kumar magar",dolpa,alexmagar217@gmail.com
"bibek prakash neupane",panchtahr,bibekneupane98@yahoo.com
"samaya prasad thapa",bajang,samayathapa113@hazesoft.co
"nischal kumar chapagain",bajura,nischalchapagain129@yahoo.com
"golu chandra lamichhane",parvat,golulamichhane977@tu.edu.np
"pintu prakash deuba",illam,pintudeuba965@co.uk
"kalyan chandra rana",morang,kalyanrana762@moe.np
"sumin kumar deuba",kaski,sumindeuba386@hazesoft.co
"ashim shekhar bhandari",illam,ashimbhandari78@meta.co
"samir bahadur neupane",kohalpur,samirneupane134@gmail.com
"sujal bahadur lamichhane",rukum,sujallamichhane236@meta.co
"alex kumar chapagain",syangha,alexchapagain775@hotmail.com
"prasanna chandra bhandari",morang,prasannabhandari670@edu.np
"bablu chandra lamichhane",kaski,bablulamichhane760@mit.us
"aashish shekhar maharjan",bardiya,aashishmaharjan823@meta.co
"suraj prakash oli",sallaghari,surajoli26@mit.us
"pintu chandra neupane",bajura,pintuneupane433@gmail.com
"rishikesh prasad oli",morang,rishikesholi607@co.uk
"shishir prasad dahal",bajang,shishirdahal864@meta.co
"aashish bahadur magar",dolpa,aashishmagar979@yahoo.com
"ram bahadur maharjan",dolpa,rammaharjan712@hazesoft.co
"sumin shekhar magar",basantapur,suminmagar576@tu.edu.np
"aashish shekhar sharma",illam,aashishsharma457@meta.co
"kripesh kumar neupane",basantapur,kripeshneupane47@moe.np
"sumin chandra gywali",morang,sumingywali727@ioe.np
"pintu prasad neupane",bardiya,pintuneupane145@hotmail.com
"golu chandra oli",bajang,goluoli307@co.uk
"suraj prasad oli",rukum,surajoli53@facebook.co
"bibek bahadur dahal",parvat,bibekdahal630@ioe.np
"bibek prakash chapagain",jhapa,bibekchapagain387@mit.us
"manish prakash gywali",lokanthali,manishgywali930@ioe.np
"suraj prakash rai",kohalpur,surajrai125@meta.co
"sujal chandra thapa",bajura,sujalthapa924@mit.us
"ram prasad oli",kohalpur,ramoli25@gmail.com
"ram kumar sharma",bajang,ramsharma216@moe.np
"ram shekhar sharma",banke,ramsharma983@co.uk
"samaya kumar deuba",sallaghari,samayadeuba178@ioe.np
"golu kumar dahal",rukum,goludahal473@yahoo.com
"pratik prasad thapa",bardiya,pratikthapa840@co.uk
"saisagun prakash deuba",sallaghari,saisagundeuba849@gmail.com
"alex shekhar dahal",bajang,alexdahal865@tu.edu.np
"manish prasad rana",lokanthali,manishrana358@edu.np
"manish prasad sharma",panchtahr,manishsharma736@edu.np
"sujal kumar shrestha",syangha,sujalshrestha701@yahoo.com
"rabindra bahadur rai",ramnagar,rabindrarai750@edu.np
"sumin prasad oli",kaski,suminoli974@facebook.co
"kobid prakash deuba",rukum,kobiddeuba430@mit.us
"nischal prakash bhandari",lokanthali,nischalbhandari398@ioe.np
"prasanna prasad neupane",parvat,prasannaneupane77@tu.edu.np
"bablu bahadur rai",illam,bablurai338@co.uk
"ramesh prasad magar",ramnagar,rameshmagar997@hotmail.com
"manish shekhar magar",kaski,manishmagar168@mof.np
"ram prasad thapa",lokanthali,ramthapa225@ioe.np
"shishir bahadur rana",kohalpur,shishirrana183@co.uk
"bibek chandra oli",bajang,bibekoli20@gmail.com
"samaya chandra gywali",kaski,samayagywali36@facebook.co
"pintu prasad sharma",kavre,pintusharma638@mof.np
"rabindra prakash rai",basantapur,rabindrarai376@moe.np
"ram bahadur lamichhane",kohalpur,ramlamichhane962@moe.np
"manish prasad lamichhane",illam,manishlamichhane367@hazesoft.co
"alex bahadur lamichhane",banke,alexlamichhane826@facebook.co
"kalyan chandra lamichhane",kaski,kalyanlamichhane867@edu.np
"suraj shekhar chapagain",illam,surajchapagain889@moe.np
"samaya prakash bhandari",bajang,samayabhandari294@facebook.co
"ramesh kumar rana",sallaghari,rameshrana750@moe.np
"ram kumar lamichhane",ramnagar,ramlamichhane880@moe.np
"pintu bahadur thapa",banke,pintuthapa379@facebook.co
"pratik shekhar maharjan",panchtahr,pratikmaharjan71@hazesoft.co
"alex shekhar chapagain",banke,alexchapagain530@meta.co
"suraj shekhar neupane",parvat,surajneupane793@meta.co
"ram chandra oli",basantapur,ramoli555@mof.np
"ramesh bahadur lamichhane",jhapa,rameshlamichhane364@hazesoft.co
"ashim chandra chapagain",bardiya,ashimchapagain215@moe.np
"kripesh prakash shrestha",kaski,kripeshshrestha815@mit.us
"sumin kumar gywali",illam,sumingywali327@mit.us
"kalyan bahadur dahal",basantapur,kalyandahal400@hazesoft.co
"rishikesh chandra lamichhane",morang,rishikeshlamichhane845@gmail.com
"bablu prasad neupane",lokanthali,babluneupane479@mit.us
"rishikesh kumar maharjan",bajura,rishikeshmaharjan57@facebook.co
"prasanna shekhar lamichhane",parvat,prasannalamichhane546@meta.co
"ramesh prakash magar",panchtahr,rameshmagar938@mit.us
"bibek prasad shrestha",kohalpur,bibekshrestha951@hazesoft.co
"pintu bahadur lamichhane",ramnagar,pintulamichhane104@co.uk
"pratik bahadur rana",bardiya,pratikrana586@meta.co
"shishir bahadur deuba",basantapur,shishirdeuba558@edu.np
"alex shekhar rana",ramnagar,alexrana250@yahoo.com
"kobid chandra sharma",bajura,kobidsharma601@ioe.np
"aashish kumar oli",bajura,aashisholi819@mof.np
"rishikesh prasad thapa",syangha,rishikeshthapa813@moe.np
"aashish chandra lamichhane",syangha,aashishlamichhane927@mof.np
"dibesh shekhar dahal",banke,dibeshdahal922@edu.np
"kripesh kumar rai",bajang,kripeshrai426@meta.co
"saisagun chandra oli",jhapa,saisagunoli813@ioe.np
"nischal prakash magar",banke,nischalmagar645@moe.np
"shishir shekhar sharma",kaski,shishirsharma968@moe.np
"aashish bahadur rai",parvat,aashishrai58@edu.np
"ramesh shekhar gywali",bajura,rameshgywali356@mit.us
"bibek kumar chapagain",basantapur,bibekchapagain204@hazesoft.co
"samaya bahadur neupane",sallaghari,samayaneupane525@meta.co
"bablu shekhar sharma",banke,bablusharma790@hotmail.com
"pratik kumar bhandari",panchtahr,pratikbhandari823@hazesoft.co
"dibesh prasad gywali",bardiya,dibeshgywali884@ioe.np
"pintu bahadur deuba",bajang,pintudeuba402@meta.co
"samir shekhar sharma",jhapa,samirsharma589@ioe.np
"rabindra prasad rai",bajura,rabindrarai770@ioe.np
"sumin prasad deuba",ramnagar,sumindeuba253@facebook.co
"manish bahadur rana",kohalpur,manishrana270@facebook.co
"golu shekhar neupane",ramnagar,goluneupane329@ioe.np
"samaya bahadur thapa",lokanthali,samayathapa854@hazesoft.co
"sumin shekhar sharma",basantapur,suminsharma499@hazesoft.co
"ashim prakash deuba",parvat,ashimdeuba236@meta.co
"diresh shekhar rai",basantapur,direshrai616@hotmail.com
"dibesh chandra deuba",jhapa,dibeshdeuba433@moe.np
"pintu prasad lamichhane",kavre,pintulamichhane139@gmail.com
"saisagun kumar dahal",basantapur,saisagundahal335@hotmail.com
"samaya prasad neupane",kaski,samayaneupane479@edu.np
"bisesh prasad thapa",kaski,biseshthapa632@edu.np
"dibesh kumar lamichhane",lokanthali,dibeshlamichhane826@moe.np
"bablu bahadur magar",jhapa,bablumagar982@gmail.com
"kalyan kumar neupane",dolpa,kalyanneupane878@edu.np
"diresh prakash rana",lokanthali,direshrana605@meta.co
"prasanna shekhar deuba",jhapa,prasannadeuba419@hotmail.com
"ramesh prasad maharjan",basantapur,rameshmaharjan109@gmail.com
"bibek bahadur chapagain",basantapur,bibekchapagain908@meta.co
"manish prasad maharjan",banke,manishmaharjan925@hazesoft.co
"ramesh prasad deuba",banke,rameshdeuba46@co.uk
"bablu shekhar thapa",ramnagar,babluthapa678@mit.us
"sumin prakash rana",syangha,suminrana546@mit.us
"rabindra shekhar thapa",bajura,rabindrathapa796@ioe.np
"bisesh shekhar sharma",kohalpur,biseshsharma226@facebook.co
"diresh prasad deuba",bardiya,direshdeuba95@mit.us
"aashish prakash chapagain",morang,aashishchapagain238@hazesoft.co
"golu prasad neupane",basantapur,goluneupane687@hotmail.com
"rabindra kumar deuba",syangha,rabindradeuba366@facebook.co
"pintu shekhar thapa",dolpa,pintuthapa519@hazesoft.co
"samaya prakash magar",morang,samayamagar471@mof.np
"saisagun bahadur sharma",kavre,saisagunsharma642@moe.np
"kobid chandra bhandari",bajang,kobidbhandari989@hotmail.com
"ram kumar dahal",syangha,ramdahal909@mit.us
"pratik prasad maharjan",morang,pratikmaharjan516@moe.np
"ashim bahadur oli",dolpa,ashimoli757@tu.edu.np
"bablu bahadur oli",basantapur,babluoli227@tu.edu.np
"manish prakash neupane",ramnagar,manishneupane648@hotmail.com
"bibek bahadur rai",illam,bibekrai261@co.uk
"aashish prasad magar",jhapa,aashishmagar986@hotmail.com
"pintu prasad neupane",banke,pintuneupane297@mit.us
"aashish chandra thapa",morang,aashishthapa499@hotmail.com
"kripesh prasad rai",kaski,kripeshrai978@mof.np
"ram bahadur rai",kohalpur,ramrai894@ioe.np
"ramesh bahadur rana",bajang,rameshrana215@moe.np
"bisesh bahadur maharjan",ramnagar,biseshmaharjan970@moe.np
"dibesh prasad rai",morang,dibeshrai394@meta.co
"samaya prasad shrestha",kavre,samayashrestha220@meta.co
"dibesh prasad maharjan",panchtahr,dibeshmaharjan325@edu.np
"samaya prakash rai",syangha,samayarai387@edu.np
"aashish kumar neupane",bajang,aashishneupane732@gmail.com
"alex shekhar dahal",illam,alexdahal111@facebook.co
"bibek kumar oli",kaski,bibekoli182@co.uk
"alex shekhar neupane",syangha,alexneupane625@moe.np
"aashish kumar maharjan",kaski,aashishmaharjan657@gmail.com
"kalyan bahadur thapa",ramnagar,kalyanthapa432@moe.np
"sujal chandra rana",dolpa,sujalrana808@yahoo.com
"alex prakash bhandari",syangha,alexbhandari172@moe.np
"shishir kumar oli",morang,shishiroli241@ioe.np
"aashish prasad maharjan",kavre,aashishmaharjan667@moe.np
"dibesh chandra deuba",bajang,dibeshdeuba597@yahoo.com
"nischal prakash oli",parvat,nischaloli465@mit.us
"diresh kumar chapagain",basantapur,direshchapagain69@yahoo.com
"prasanna shekhar oli",kohalpur,prasannaoli981@facebook.co
"pintu prasad shrestha",kaski,pintushrestha26@facebook.co
"ramesh prakash thapa",dolpa,rameshthapa521@ioe.np
"sujal prasad rana",bajura,sujalrana462@hotmail.com
"nischal bahadur neupane",bardiya,nischalneupane417@hotmail.com
"bablu prakash shrestha",illam,bablushrestha270@hazesoft.co
"kalyan prasad oli",panchtahr,kalyanoli717@co.uk
"suraj shekhar magar",panchtahr,surajmagar248@moe.np
"ram chandra deuba",syangha,ramdeuba618@meta.co
"bablu prakash rana",panchtahr,bablurana95@hazesoft.co
"saisagun prasad rana",kavre,saisagunrana867@ioe.np
"ashim prakash dahal",morang,ashimdahal989@facebook.co
"kalyan chandra lamichhane",ramnagar,kalyanlamichhane835@mit.us
"samaya kumar lamichhane",lokanthali,samayalamichhane513@ioe.np
"pintu prasad neupane",illam,pintuneupane52@moe.np
"rabindra bahadur dahal",kaski,rabindradahal912@hazesoft.co
"shishir chandra chapagain",lokanthali,shishirchapagain310@mof.np
"ashim prakash thapa",lokanthali,ashimthapa634@ioe.np
"pratik chandra maharjan",illam,pratikmaharjan329@co.uk
"sumin kumar oli",parvat,suminoli278@facebook.co
"saisagun prakash deuba",ramnagar,saisagundeuba383@gmail.com
"prasanna prakash magar",panchtahr,prasannamagar147@ioe.np
"pintu chandra thapa",kohalpur,pintuthapa877@facebook.co
"ashim shekhar shrestha",panchtahr,ashimshrestha603@moe.np
"samir bahadur deuba",parvat,samirdeuba293@hotmail.com
"bablu shekhar sharma",bajura,bablusharma824@hotmail.com
"prasanna kumar gywali",ramnagar,prasannagywali841@mit.us
"aashish prakash deuba",bardiya,aashishdeuba88@moe.np
"shishir chandra rana",rukum,shishirrana873@gmail.com
"alex chandra oli",dolpa,alexoli572@mit.us
"sumin kumar magar",banke,suminmagar874@ioe.np
"samir prasad dahal",jhapa,samirdahal468@hotmail.com
"pintu prasad lamichhane",panchtahr,pintulamichhane374@gmail.com
"aashish shekhar oli",panchtahr,aashisholi254@co.uk
"prasanna bahadur shrestha",morang,prasannashrestha526@meta.co
"suraj bahadur oli",kohalpur,surajoli287@gmail.com
"manish chandra sharma",rukum,manishsharma327@tu.edu.np
"ramesh kumar sharma",sallaghari,rameshsharma120@mof.np
"kalyan chandra chapagain",syangha,kalyanchapagain339@mit.us
"prasanna prasad dahal",rukum,prasannadahal103@edu.np
"ram shekhar bhandari",rukum,rambhandari566@moe.np
"sujal prasad oli",illam,sujaloli591@mit.us
"manish prakash deuba",morang,manishdeuba61@co.uk
"golu prasad lamichhane",syangha,golulamichhane836@meta.co
"bibek prasad lamichhane",kaski,bibeklamichhane950@moe.np
"alex chandra shrestha",kaski,alexshrestha306@hazesoft.co
"aashish prasad sharma",kavre,aashishsharma744@co.uk
"bibek prakash rai",kohalpur,bibekrai595@edu.np
"bibek chandra gywali",illam,bibekgywali934@facebook.co
"bibek prasad rana",banke,bibekrana371@mof.np
"kripesh shekhar maharjan",jhapa,kripeshmaharjan854@hazesoft.co
"pratik shekhar gywali",basantapur,pratikgywali103@tu.edu.np
"rabindra bahadur magar",panchtahr,rabindramagar134@ioe.np
"bibek kumar neupane",morang,bibekneupane751@gmail.com
"ashim prakash oli",jhapa,ashimoli161@tu.edu.np
"aashish shekhar shrestha",panchtahr,aashishshrestha393@gmail.com
"rabindra bahadur gywali",kavre,rabindragywali252@moe.np
"rishikesh prakash thapa",bajura,rishikeshthapa227@edu.np
"kalyan prakash deuba",dolpa,kalyandeuba158@ioe.np
"sujal prasad rai",ramnagar,sujalrai948@hotmail.com
"dibesh shekhar magar",bajang,dibeshmagar653@yahoo.com
"ram kumar neupane",sallaghari,ramneupane897@yahoo.com
"suraj bahadur dahal",dolpa,surajdahal916@hazesoft.co
"shishir shekhar deuba",basantapur,shishirdeuba480@yahoo.com
"kripesh shekhar gywali",sallaghari,kripeshgywali696@edu.np
"diresh prakash maharjan",lokanthali,direshmaharjan100@tu.edu.np
"suraj shekhar lamichhane",bajura,surajlamichhane621@meta.co
"diresh bahadur shrestha",banke,direshshrestha203@co.uk
"saisagun prakash oli",bardiya,saisagunoli369@hotmail.com
"saisagun chandra deuba",sallaghari,saisagundeuba460@yahoo.com
"ram chandra gywali",syangha,ramgywali572@mit.us
"rishikesh shekhar deuba",kohalpur,rishikeshdeuba963@meta.co
"ashim kumar neupane",kavre,ashimneupane192@meta.co
"samir bahadur neupane",bardiya,samirneupane578@hazesoft.co
"sujal bahadur chapagain",panchtahr,sujalchapagain475@hotmail.com
"rabindra chandra oli",bajang,rabindraoli15@mit.us
"sumin bahadur maharjan",panchtahr,suminmaharjan309@co.uk
"dibesh chandra neupane",lokanthali,dibeshneupane895@yahoo.com
"manish prakash dahal",parvat,manishdahal343@tu.edu.np
"shishir kumar bhandari",rukum,shishirbhandari177@hazesoft.co
"alex prakash shrestha",illam,alexshrestha401@moe.np
"samir prasad sharma",kaski,samirsharma328@yahoo.com
"ramesh prakash thapa",banke,rameshthapa399@hotmail.com
"prasanna chandra bhandari",bajang,prasannabhandari946@hotmail.com
"suraj prasad oli",morang,surajoli663@ioe.np
"nischal kumar magar",banke,nischalmagar627@mof.np
"bisesh bahadur sharma",jhapa,biseshsharma517@yahoo.com
"sumin bahadur thapa",kaski,suminthapa15@meta.co
"ramesh shekhar thapa",kohalpur,rameshthapa4@yahoo.com
"ram kumar deuba",parvat,ramdeuba760@hazesoft.co
"manish kumar magar",kohalpur,manishmagar310@edu.np
"rabindra bahadur shrestha",panchtahr,rabindrashrestha87@ioe.np
"samaya chandra lamichhane",kohalpur,samayalamichhane13@tu.edu.np
"rabindra shekhar gywali",sallaghari,rabindragywali259@tu.edu.np
"diresh prakash thapa",bajang,direshthapa486@co.uk
"sumin prakash chapagain",basantapur,suminchapagain299@moe.np
"ashim prasad neupane",illam,ashimneupane182@facebook.co
"ashim kumar gywali",bajura,ashimgywali591@tu.edu.np
"samaya chandra rana",bajura,samayarana401@mit.us
"diresh bahadur rana",lokanthali,direshrana650@moe.np
"samir shekhar sharma",banke,samirsharma231@tu.edu.np
"ashim kumar oli",morang,ashimoli65@ioe.np
"ram shekhar rai",jhapa,ramrai509@moe.np
"alex bahadur thapa",sallaghari,alexthapa149@facebook.co
"golu kumar magar",illam,golumagar313@hazesoft.co
"rishikesh kumar maharjan",bajang,rishikeshmaharjan26@mof.np
"manish prakash magar",jhapa,manishmagar769@mof.np
"sujal shekhar maharjan",dolpa,sujalmaharjan153@gmail.com
"manish bahadur oli",sallaghari,manisholi347@hotmail.com
"aashish chandra dahal",rukum,aashishdahal525@ioe.np
"saisagun kumar deuba",morang,saisagundeuba696@edu.np
"ram prakash bhandari",panchtahr,rambhandari45@co.uk
"pratik kumar chapagain",bardiya,pratikchapagain907@mit.us
"pintu kumar magar",jhapa,pintumagar910@facebook.co
"rishikesh bahadur sharma",lokanthali,rishikeshsharma599@edu.np
"ram shekhar oli",jhapa,ramoli192@co.uk
"rishikesh kumar oli",rukum,rishikesholi154@gmail.com
"ramesh chandra neupane",parvat,rameshneupane94@gmail.com
"ram prakash bhandari",kavre,rambhandari739@meta.co
"kalyan kumar chapagain",dolpa,kalyanchapagain609@ioe.np
"sujal shekhar gywali",kaski,sujalgywali608@facebook.co
"ashim chandra deuba",syangha,ashimdeuba670@co.uk
"suraj kumar chapagain",sallaghari,surajchapagain249@hazesoft.co
"ashim bahadur dahal",panchtahr,ashimdahal979@hotmail.com
"kalyan kumar magar",bajura,kalyanmagar107@moe.np
"diresh prasad bhandari",illam,direshbhandari615@hazesoft.co
"samaya bahadur magar",bardiya,samayamagar531@moe.np
"ashim kumar thapa",ramnagar,ashimthapa122@moe.np
"saisagun prakash chapagain",dolpa,saisagunchapagain97@gmail.com
"rabindra kumar gywali",ramnagar,rabindragywali854@facebook.co
"golu shekhar sharma",kohalpur,golusharma713@gmail.com
"golu chandra rana",kohalpur,golurana109@hazesoft.co
"kobid prakash rana",bardiya,kobidrana825@hotmail.com
"suraj bahadur rana",rukum,surajrana783@ioe.np
"pratik prakash neupane",morang,pratikneupane540@yahoo.com
"sujal prasad sharma",basantapur,sujalsharma854@meta.co
"golu shekhar oli",rukum,goluoli424@moe.np
"saisagun shekhar sharma",sallaghari,saisagunsharma126@moe.np
"rishikesh chandra thapa",illam,rishikeshthapa806@tu.edu.np
"samaya shekhar lamichhane",sallaghari,samayalamichhane570@tu.edu.np
"sujal bahadur chapagain",parvat,sujalchapagain938@moe.np
"manish kumar neupane",ramnagar,manishneupane524@hotmail.com
"saisagun bahadur rai",dolpa,saisagunrai766@ioe.np
"rabindra prasad dahal",morang,rabindradahal208@meta.co
"prasanna chandra chapagain",syangha,prasannachapagain989@tu.edu.np
"pratik prasad thapa",banke,pratikthapa981@meta.co
"alex kumar rai",kohalpur,alexrai697@meta.co
"saisagun bahadur lamichhane",lokanthali,saisagunlamichhane836@mit.us
"ashim prakash thapa",lokanthali,ashimthapa710@hotmail.com
"nischal shekhar shrestha",rukum,nischalshrestha675@moe.np
"samir prakash thapa",ramnagar,samirthapa729@yahoo.com
"ramesh prakash deuba",sallaghari,rameshdeuba249@moe.np
"bisesh shekhar lamichhane",sallaghari,biseshlamichhane267@hotmail.com
"samir prasad maharjan",syangha,samirmaharjan897@edu.np
"manish prakash rai",illam,manishrai111@meta.co
"sujal shekhar deuba",morang,sujaldeuba729@ioe.np
"alex shekhar thapa",banke,alexthapa833@moe.np
"sujal chandra maharjan",banke,sujalmaharjan436@gmail.com
"shishir chandra lamichhane",morang,shishirlamichhane458@hazesoft.co
"rabindra bahadur bhandari",bajang,rabindrabhandari251@edu.np
"nischal prasad lamichhane",illam,nischallamichhane349@gmail.com
"nischal kumar neupane",illam,nischalneupane944@ioe.np
"shishir shekhar bhandari",banke,shishirbhandari582@gmail.com
"rabindra kumar rai",banke,rabindrarai579@ioe.np
"bisesh shekhar rai",basantapur,biseshrai554@co.uk
"manish kumar shrestha",parvat,manishshrestha90@ioe.np
"diresh kumar rai",ramnagar,direshrai521@meta.co
"rabindra prakash dahal",lokanthali,rabindradahal383@edu.np
"kalyan kumar magar",illam,kalyanmagar886@mit.us
"sumin prasad rai",ramnagar,suminrai481@meta.co
"pintu chandra rana",rukum,pinturana379@edu.np
"nischal bahadur oli",jhapa,nischaloli186@hotmail.com
"saisagun kumar shrestha",illam,saisagunshrestha504@hazesoft.co
"golu bahadur dahal",kavre,goludahal334@co.uk
"dibesh chandra shrestha",jhapa,dibeshshrestha462@mof.np
"bablu kumar sharma",kaski,bablusharma487@hazesoft.co
"diresh prakash thapa",kaski,direshthapa876@mof.np
"kripesh prakash thapa",banke,kripeshthapa347@edu.np
"golu chandra bhandari",syangha,golubhandari454@mit.us
"aashish kumar sharma",illam,aashishsharma324@mof.np
"alex bahadur thapa",ramnagar,alexthapa650@tu.edu.np
"pintu chandra rana",sallaghari,pinturana126@tu.edu.np
"suraj prakash magar",bajang,surajmagar22@co.uk
"alex kumar oli",kaski,alexoli328@co.uk
"bisesh prakash magar",ramnagar,biseshmagar189@facebook.co
"bisesh prasad maharjan",bardiya,biseshmaharjan371@ioe.np
"suraj kumar sharma",sallaghari,surajsharma610@mit.us
"prasanna shekhar thapa",sallaghari,prasannathapa70@co.uk
"rabindra shekhar neupane",dolpa,rabindraneupane760@gmail.com
"diresh shekhar dahal",basantapur,direshdahal673@facebook.co
"prasanna bahadur shrestha",bajura,prasannashrestha655@co.uk
"samir kumar rana",basantapur,samirrana347@facebook.co
"prasanna chandra lamichhane",panchtahr,prasannalamichhane477@gmail.com
"suraj bahadur shrestha",syangha,surajshrestha4@hotmail.com
"rabindra kumar chapagain",ramnagar,rabindrachapagain222@hotmail.com
"golu prakash gywali",sallaghari,golugywali786@meta.co
"alex bahadur neupane",jhapa,alexneupane914@co.uk
"nischal shekhar gywali",illam,nischalgywali623@co.uk
"sujal kumar dahal",kaski,sujaldahal544@ioe.np
"saisagun bahadur shrestha",syangha,saisagunshrestha204@mof.np
"kalyan prasad shrestha",kavre,kalyanshrestha923@hazesoft.co
"bablu bahadur sharma",kaski,bablusharma207@hotmail.com
"samir bahadur neupane",bardiya,samirneupane869@edu.np
"kobid prasad gywali",kavre,kobidgywali485@mit.us
"samir kumar sharma",kaski,samirsharma24@yahoo.com
"sumin shekhar sharma",kaski,suminsharma780@mit.us
"suraj kumar neupane",panchtahr,surajneupane410@co.uk
"sujal prakash lamichhane",syangha,sujallamichhane184@meta.co
"dibesh bahadur bhandari",bajura,dibeshbhandari888@mit.us
"samir shekhar rana",rukum,samirrana832@edu.np
"ashim bahadur deuba",kaski,ashimdeuba428@meta.co
"ram prasad rai",kavre,ramrai449@edu.np
"sujal prakash deuba",bajura,sujaldeuba606@co.uk
"diresh bahadur neupane",ramnagar,direshneupane702@mit.us
"sumin prasad shrestha",rukum,suminshrestha601@mof.np
"alex shekhar deuba",syangha,alexdeuba201@edu.np
"dibesh chandra neupane",illam,dibeshneupane33@yahoo.com
"kalyan kumar thapa",panchtahr,kalyanthapa160@meta.co
"aashish bahadur bhandari",rukum,aashishbhandari929@tu.edu.np
"diresh prasad lamichhane",sallaghari,direshlamichhane970@moe.np
"samaya prasad rana",kavre,samayarana648@yahoo.com
"kalyan kumar maharjan",bajura,kalyanmaharjan434@mit.us
"samaya kumar bhandari",dolpa,samayabhandari606@co.uk
"rishikesh prakash rai",dolpa,rishikeshrai817@ioe.np
"sumin shekhar lamichhane",bajang,suminlamichhane415@edu.np
"sumin bahadur sharma",rukum,suminsharma154@gmail.com
"rabindra bahadur gywali",parvat,rabindragywali80@moe.np
"shishir kumar rai",syangha,shishirrai260@mof.np
"saisagun shekhar maharjan",morang,saisagunmaharjan536@co.uk
"kripesh prasad dahal",kohalpur,kripeshdahal619@mof.np
"prasanna kumar gywali",jhapa,prasannagywali693@tu.edu.np
"sujal bahadur rana",panchtahr,sujalrana776@meta.co
"ashim chandra sharma",illam,ashimsharma465@tu.edu.np
"golu bahadur lamichhane",kaski,golulamichhane789@meta.co
"sumin kumar deuba",bajang,sumindeuba170@yahoo.com
"saisagun prasad gywali",bajang,saisagungywali562@gmail.com
"samir bahadur chapagain",jhapa,samirchapagain640@co.uk
"bablu chandra rai",ramnagar,bablurai995@gmail.com
"shishir bahadur shrestha",kaski,shishirshrestha329@facebook.co
"ram shekhar bhandari",syangha,rambhandari320@co.uk
"samir chandra bhandari",syangha,samirbhandari622@moe.np
"saisagun kumar deuba",ramnagar,saisagundeuba399@edu.np
"dibesh prasad dahal",bajang,dibeshdahal272@ioe.np
"shishir kumar magar",jhapa,shishirmagar784@tu.edu.np
"suraj shekhar gywali",rukum,surajgywali942@co.uk
"kalyan prasad gywali",rukum,kalyangywali18@edu.np
"sujal prasad oli",morang,sujaloli527@gmail.com
"saisagun bahadur sharma",panchtahr,saisagunsharma683@gmail.com
"ashim kumar dahal",kavre,ashimdahal364@facebook.co
"rishikesh kumar maharjan",lokanthali,rishikeshmaharjan393@hazesoft.co
"ram bahadur maharjan",bajang,rammaharjan173@tu.edu.np
"shishir shekhar neupane",morang,shishirneupane157@mit.us
"diresh prakash neupane",basantapur,direshneupane628@mof.np
"manish prasad bhandari",lokanthali,manishbhandari24@tu.edu.np
"aashish kumar thapa",ramnagar,aashishthapa555@mit.us
"aashish prakash magar",syangha,aashishmagar369@mit.us
"sujal shekhar gywali",parvat,sujalgywali192@meta.co
"bibek kumar dahal",kavre,bibekdahal293@mof.np
"sumin shekhar oli",syangha,suminoli676@mof.np
"dibesh chandra chapagain",kohalpur,dibeshchapagain973@tu.edu.np
"pratik shekhar chapagain",morang,pratikchapagain445@hotmail.com
"bisesh prasad gywali",rukum,biseshgywali754@meta.co
"diresh shekhar lamichhane",banke,direshlamichhane493@mit.us
"dibesh kumar deuba",sallaghari,dibeshdeuba138@co.uk
"ashim shekhar deuba",kaski,ashimdeuba924@mit.us
"ramesh prakash bhandari",morang,rameshbhandari500@ioe.np
"bablu bahadur thapa",dolpa,babluthapa352@facebook.co
"saisagun bahadur gywali",morang,saisagungywali729@yahoo.com
"kripesh prasad shrestha",kavre,kripeshshrestha767@ioe.np
"bibek shekhar deuba",kohalpur,bibekdeuba739@facebook.co
"manish kumar lamichhane",parvat,manishlamichhane681@co.uk
"rabindra chandra rana",panchtahr,rabindrarana831@ioe.np
"bibek kumar sharma",bajura,bibeksharma72@ioe.np
"suraj kumar deuba",banke,surajdeuba285@co.uk
"nischal shekhar sharma",morang,nischalsharma969@edu.np
"rishikesh shekhar shrestha",panchtahr,rishikeshshrestha242@mit.us
"pratik bahadur deuba",kavre,pratikdeuba59@moe.np
"prasanna bahadur dahal",illam,prasannadahal42@gmail.com
"samaya kumar rai",bajang,samayarai872@co.uk
"sujal bahadur thapa",bardiya,sujalthapa981@hotmail.com
"bablu chandra thapa",jhapa,babluthapa874@mof.np
"kripesh kumar oli",basantapur,kripesholi829@ioe.np
"nischal chandra magar",bardiya,nischalmagar376@yahoo.com
"shishir kumar bhandari",kavre,shishirbhandari861@moe.np
"bisesh prasad sharma",bajura,biseshsharma280@tu.edu.np
"bisesh bahadur thapa",ramnagar,biseshthapa137@edu.np
"bisesh prasad oli",basantapur,bisesholi987@hazesoft.co
"rishikesh shekhar thapa",sallaghari,rishikeshthapa672@yahoo.com
"ashim bahadur neupane",kaski,ashimneupane461@hazesoft.co
"ramesh prasad deuba",illam,rameshdeuba636@co.uk
"ramesh kumar thapa",panchtahr,rameshthapa377@mit.us
"shishir prakash lamichhane",kohalpur,shishirlamichhane799@meta.co
"kripesh shekhar deuba",bardiya,kripeshdeuba71@mit.us
"bibek kumar magar",morang,bibekmagar18@tu.edu.np
"golu bahadur magar",kohalpur,golumagar956@co.uk
"ram chandra oli",morang,ramoli565@hazesoft.co
"pintu shekhar deuba",ramnagar,pintudeuba568@meta.co
"bibek bahadur bhandari",banke,bibekbhandari993@gmail.com
"rishikesh kumar chapagain",panchtahr,rishikeshchapagain931@tu.edu.np
"kripesh bahadur rai",sallaghari,kripeshrai445@co.uk
"bablu shekhar lamichhane",banke,bablulamichhane811@hotmail.com
"pratik prasad deuba",syangha,pratikdeuba682@edu.np
"prasanna prakash gywali",panchtahr,prasannagywali452@tu.edu.np
"ashim kumar rai",jhapa,ashimrai14@moe.np
"bisesh bahadur maharjan",bajang,biseshmaharjan258@co.uk
"ramesh bahadur thapa",illam,rameshthapa730@facebook.co
"ramesh prakash deuba",illam,rameshdeuba600@tu.edu.np
"saisagun kumar sharma",parvat,saisagunsharma550@hotmail.com
"samaya chandra rana",lokanthali,samayarana261@facebook.co
"kripesh shekhar rai",syangha,kripeshrai254@hazesoft.co
"bibek prasad thapa",basantapur,bibekthapa788@meta.co
"pratik prasad thapa",lokanthali,pratikthapa279@gmail.com
"saisagun prasad sharma",lokanthali,saisagunsharma477@ioe.np
"aashish bahadur chapagain",illam,aashishchapagain998@mof.np
"bablu chandra magar",illam,bablumagar391@tu.edu.np
"rishikesh bahadur maharjan",bardiya,rishikeshmaharjan105@edu.np
"samaya bahadur lamichhane",lokanthali,samayalamichhane986@gmail.com
"samaya shekhar gywali",kohalpur,samayagywali120@hazesoft.co
"ashim prakash bhandari",sallaghari,ashimbhandari620@ioe.np
"alex kumar thapa",panchtahr,alexthapa128@hazesoft.co
"diresh prakash deuba",kavre,direshdeuba959@hotmail.com
"rabindra bahadur maharjan",jhapa,rabindramaharjan337@mof.np
"saisagun chandra rai",morang,saisagunrai440@yahoo.com
"aashish chandra sharma",bardiya,aashishsharma165@ioe.np
"bablu kumar lamichhane",dolpa,bablulamichhane276@hazesoft.co
"kobid chandra chapagain",parvat,kobidchapagain328@yahoo.com
"prasanna kumar shrestha",syangha,prasannashrestha240@facebook.co
"suraj chandra chapagain",bajura,surajchapagain679@edu.np
"bibek kumar sharma",dolpa,bibeksharma478@meta.co
"saisagun shekhar maharjan",kaski,saisagunmaharjan694@mit.us
"ramesh bahadur sharma",kavre,rameshsharma754@hotmail.com
"pratik shekhar bhandari",lokanthali,pratikbhandari550@ioe.np
"rishikesh prakash sharma",kaski,rishikeshsharma626@co.uk
"prasanna prasad magar",basantapur,prasannamagar751@yahoo.com
"suraj chandra rai",ramnagar,surajrai530@meta.co
"sujal kumar deuba",syangha,sujaldeuba1@meta.co
"pintu shekhar rana",bajura,pinturana75@gmail.com
"bisesh prasad shrestha",syangha,biseshshrestha622@moe.np
"shishir prasad dahal",parvat,shishirdahal915@edu.np
"pratik prasad gywali",panchtahr,pratikgywali422@edu.np
"samaya prasad rai",illam,samayarai206@ioe.np
"ram shekhar neupane",bajang,ramneupane655@co.uk
"golu prakash thapa",morang,goluthapa833@hotmail.com
"prasanna chandra rana",parvat,prasannarana561@meta.co
"rabindra shekhar deuba",basantapur,rabindradeuba624@ioe.np
"diresh chandra neupane",rukum,direshneupane639@ioe.np
"ramesh bahadur rai",banke,rameshrai916@edu.np
"bisesh prakash rana",kavre,biseshrana375@tu.edu.np
"samir prasad maharjan",kaski,samirmaharjan843@yahoo.com
"ashim prasad bhandari",bardiya,ashimbhandari532@hotmail.com
"rabindra bahadur neupane",illam,rabindraneupane369@tu.edu.np
"rabindra shekhar sharma",rukum,rabindrasharma615@ioe.np
"diresh kumar magar",ramnagar,direshmagar777@mit.us
"sujal bahadur rai",bajang,sujalrai296@edu.np
"kripesh prakash sharma",panchtahr,kripeshsharma223@hazesoft.co
"ram shekhar oli",rukum,ramoli708@mof.np
"prasanna bahadur sharma",sallaghari,prasannasharma727@meta.co
"dibesh prakash maharjan",morang,dibeshmaharjan280@meta.co
"bablu kumar deuba",lokanthali,babludeuba553@moe.np
"shishir shekhar rana",lokanthali,shishirrana658@ioe.np
"saisagun prasad oli",ramnagar,saisagunoli74@mit.us
"rabindra bahadur maharjan",dolpa,rabindramaharjan637@yahoo.com
"prasanna kumar maharjan",kavre,prasannamaharjan824@hazesoft.co
"samaya kumar thapa",lokanthali,samayathapa58@ioe.np
"manish bahadur sharma",jhapa,manishsharma346@hazesoft.co
"samaya bahadur thapa",jhapa,samayathapa828@hotmail.com
"ramesh kumar magar",syangha,rameshmagar815@ioe.np
"manish prakash chapagain",lokanthali,manishchapagain980@meta.co
"bibek prakash neupane",parvat,bibekneupane921@moe.np
"rabindra prakash oli",kavre,rabindraoli264@tu.edu.np
"pintu chandra neupane",kavre,pintuneupane865@mit.us
"bisesh prasad bhandari",jhapa,biseshbhandari388@moe.np
"kalyan prakash dahal",dolpa,kalyandahal7@hazesoft.co
"ram shekhar oli",panchtahr,ramoli664@mof.np
"bablu prakash sharma",parvat,bablusharma494@mit.us
"diresh chandra rana",kaski,direshrana261@mof.np
"dibesh prasad bhandari",lokanthali,dibeshbhandari817@yahoo.com
"ashim prasad bhandari",morang,ashimbhandari23@meta.co
"pintu kumar sharma",kohalpur,pintusharma244@hotmail.com
"bablu shekhar shrestha",parvat,bablushrestha845@hotmail.com
"dibesh kumar deuba",kavre,dibeshdeuba307@ioe.np
"kobid bahadur shrestha",kaski,kobidshrestha285@moe.np
"golu kumar neupane",sallaghari,goluneupane656@tu.edu.np
"rishikesh prasad thapa",lokanthali,rishikeshthapa804@ioe.np
"ramesh kumar shrestha",illam,rameshshrestha763@hotmail.com
"alex prasad deuba",banke,alexdeuba14@meta.co
"suraj kumar rai",syangha,surajrai48@edu.np
"pratik chandra sharma",rukum,pratiksharma519@hazesoft.co
"alex kumar chapagain",jhapa,alexchapagain841@ioe.np
"rabindra prakash magar",sallaghari,rabindramagar369@ioe.np
"kobid prakash oli",bardiya,kobidoli352@tu.edu.np
"kripesh kumar oli",sallaghari,kripesholi814@yahoo.com
"suraj prasad chapagain",syangha,surajchapagain857@hazesoft.co
"sumin bahadur thapa",rukum,suminthapa416@yahoo.com
"shishir shekhar deuba",bardiya,shishirdeuba709@yahoo.com
"sumin kumar rana",panchtahr,suminrana744@tu.edu.np
"pratik bahadur gywali",sallaghari,pratikgywali448@hotmail.com
"golu bahadur deuba",dolpa,goludeuba375@facebook.co
"kripesh chandra rai",morang,kripeshrai101@tu.edu.np
"alex kumar shrestha",basantapur,alexshrestha85@edu.np
"golu shekhar deuba",rukum,goludeuba470@hazesoft.co
"sumin shekhar neupane",ramnagar,suminneupane144@facebook.co
"kobid kumar oli",bajura,kobidoli100@moe.np
"kripesh bahadur shrestha",lokanthali,kripeshshrestha276@co.uk
"nischal chandra sharma",illam,nischalsharma32@facebook.co
"diresh shekhar neupane",bardiya,direshneupane960@hotmail.com
"diresh shekhar sharma",banke,direshsharma766@yahoo.com
"ashim bahadur shrestha",banke,ashimshrestha32@co.uk
"bablu chandra shrestha",banke,bablushrestha461@yahoo.com
"golu prakash chapagain",bajang,goluchapagain772@meta.co
"prasanna prakash chapagain",kaski,prasannachapagain405@mof.np
"pintu chandra magar",dolpa,pintumagar206@co.uk
"kripesh chandra shrestha",bardiya,kripeshshrestha39@mit.us
"samir bahadur chapagain",bajang,samirchapagain381@meta.co
"dibesh shekhar magar",ramnagar,dibeshmagar604@tu.edu.np
"ramesh shekhar shrestha",basantapur,rameshshrestha982@co.uk
"bibek chandra shrestha",parvat,bibekshrestha496@mit.us
"ram kumar sharma",kohalpur,ramsharma442@co.uk
"ram kumar chapagain",dolpa,ramchapagain452@tu.edu.np
"saisagun shekhar gywali",illam,saisagungywali473@moe.np
"kalyan bahadur rai",jhapa,kalyanrai417@mit.us
"kalyan prasad deuba",kohalpur,kalyandeuba215@mit.us
"sujal prakash neupane",dolpa,sujalneupane8@ioe.np
"kobid kumar bhandari",sallaghari,kobidbhandari721@moe.np
"kobid kumar chapagain",jhapa,kobidchapagain542@yahoo.com
"kobid shekhar sharma",syangha,kobidsharma581@yahoo.com
"pintu chandra shrestha",syangha,pintushrestha541@mit.us
"bisesh prakash neupane",illam,biseshneupane356@edu.np
"ram bahadur bhandari",parvat,rambhandari432@edu.np
"pratik shekhar bhandari",kaski,pratikbhandari976@mof.np
"kripesh chandra rai",kavre,kripeshrai252@ioe.np
"pratik prakash chapagain",sallaghari,pratikchapagain79@facebook.co
"golu shekhar magar",rukum,golumagar769@co.uk
"ram bahadur magar",rukum,rammagar208@moe.np
"kobid bahadur lamichhane",lokanthali,kobidlamichhane115@co.uk
"diresh chandra gywali",kavre,direshgywali536@hazesoft.co
"diresh bahadur deuba",banke,direshdeuba699@tu.edu.np
"dibesh shekhar thapa",syangha,dibeshthapa437@mof.np
"ramesh prakash gywali",syangha,rameshgywali263@gmail.com
"samir chandra deuba",parvat,samirdeuba22@mit.us
"dibesh bahadur dahal",ramnagar,dibeshdahal456@meta.co
"aashish bahadur thapa",panchtahr,aashishthapa882@edu.np
"samir kumar maharjan",banke,samirmaharjan256@tu.edu.np
"pintu shekhar magar",ramnagar,pintumagar96@ioe.np
"bibek kumar neupane",sallaghari,bibekneupane146@yahoo.com
"diresh bahadur maharjan",syangha,direshmaharjan558@gmail.com
"kripesh shekhar oli",syangha,kripesholi793@yahoo.com
"rabindra prasad magar",illam,rabindramagar176@facebook.co
"samaya kumar deuba",banke,samayadeuba579@yahoo.com
"samir bahadur chapagain",bajang,samirchapagain49@tu.edu.np
"ram prasad maharjan",panchtahr,rammaharjan567@yahoo.com
"pintu prakash chapagain",ramnagar,pintuchapagain145@facebook.co
"samir prasad gywali",jhapa,samirgywali127@hotmail.com
"pintu shekhar maharjan",morang,pintumaharjan665@co.uk
"kalyan kumar neupane",rukum,kalyanneupane122@tu.edu.np
"prasanna prasad gywali",parvat,prasannagywali364@hazesoft.co
"manish kumar chapagain",syangha,manishchapagain923@yahoo.com
"bibek chandra maharjan",bardiya,bibekmaharjan775@co.uk
"kobid shekhar rai",lokanthali,kobidrai12@hazesoft.co
"ram shekhar deuba",kavre,ramdeuba377@ioe.np
"prasanna prasad shrestha",sallaghari,prasannashrestha265@moe.np
"rishikesh chandra chapagain",basantapur,rishikeshchapagain942@co.uk
"ashim prasad deuba",lokanthali,ashimdeuba543@moe.np
"dibesh shekhar maharjan",ramnagar,dibeshmaharjan602@hazesoft.co
"dibesh chandra deuba",dolpa,dibeshdeuba896@hotmail.com
"sumin prakash oli",bardiya,suminoli977@edu.np
"bablu prasad bhandari",illam,bablubhandari245@moe.np
"prasanna bahadur maharjan",banke,prasannamaharjan212@mof.np
"ramesh prakash rana",rukum,rameshrana697@edu.np
"kripesh bahadur rai",bajura,kripeshrai995@co.uk
"rishikesh shekhar oli",illam,rishikesholi341@facebook.co
"shishir prakash oli",lokanthali,shishiroli377@mit.us
"ashim prakash lamichhane",illam,ashimlamichhane324@tu.edu.np
"kalyan chandra lamichhane",ramnagar,kalyanlamichhane374@hazesoft.co
"suraj prakash dahal",kaski,surajdahal476@mof.np
"diresh prakash magar",parvat,direshmagar667@edu.np
"samaya kumar shrestha",dolpa,samayashrestha968@meta.co
"manish shekhar maharjan",kavre,manishmaharjan358@edu.np
"ramesh bahadur thapa",illam,rameshthapa607@co.uk
"aashish kumar dahal",illam,aashishdahal553@moe.np
"nischal chandra bhandari",kohalpur,nischalbhandari397@moe.np
"samaya prasad bhandari",parvat,samayabhandari935@mit.us
"alex shekhar shrestha",ramnagar,alexshrestha759@moe.np
"ram kumar rana",sallaghari,ramrana179@facebook.co
"golu prasad lamichhane",rukum,golulamichhane571@co.uk
"samaya prasad magar",panchtahr,samayamagar848@edu.np
"samaya chandra maharjan",illam,samayamaharjan224@yahoo.com
"ashim shekhar shrestha",lokanthali,ashimshrestha423@mof.np
"ashim prakash chapagain",banke,ashimchapagain864@mit.us
"pintu shekhar oli",dolpa,pintuoli552@ioe.np
"kalyan bahadur bhandari",kavre,kalyanbhandari555@facebook.co
"sujal prasad neupane",panchtahr,sujalneupane103@facebook.co
"samaya prasad gywali",kohalpur,samayagywali332@tu.edu.np
"kripesh prakash bhandari",kaski,kripeshbhandari626@meta.co
"golu chandra gywali",basantapur,golugywali984@tu.edu.np
"rishikesh kumar chapagain",bajura,rishikeshchapagain371@mof.np
"rabindra shekhar gywali",kaski,rabindragywali112@hotmail.com
"pratik shekhar sharma",jhapa,pratiksharma609@ioe.np
"kripesh kumar bhandari",kavre,kripeshbhandari496@co.uk
"prasanna chandra rai",kohalpur,prasannarai258@hazesoft.co
"golu bahadur chapagain",rukum,goluchapagain680@yahoo.com
"rishikesh chandra neupane",kaski,rishikeshneupane111@co.uk
"ashim kumar chapagain",banke,ashimchapagain17@facebook.co
"prasanna prasad thapa",kavre,prasannathapa307@moe.np
"alex prakash neupane",syangha,alexneupane752@co.uk
"aashish shekhar thapa",kavre,aashishthapa663@edu.np
"diresh bahadur chapagain",rukum,direshchapagain464@gmail.com
"samaya kumar chapagain",bardiya,samayachapagain45@hotmail.com
"ashim prakash neupane",syangha,ashimneupane641@yahoo.com
"sujal prakash chapagain",jhapa,sujalchapagain439@hotmail.com
"sumin kumar oli",basantapur,suminoli82@hotmail.com
"suraj prasad gywali",bajang,surajgywali633@facebook.co
"diresh kumar lamichhane",panchtahr,direshlamichhane241@gmail.com
"pintu shekhar dahal",jhapa,pintudahal506@hotmail.com
"prasanna bahadur dahal",lokanthali,prasannadahal923@facebook.co
"bibek prasad shrestha",syangha,bibekshrestha329@meta.co
"rabindra kumar bhandari",sallaghari,rabindrabhandari245@gmail.com
"rishikesh shekhar thapa",jhapa,rishikeshthapa56@facebook.co
"suraj bahadur deuba",kaski,surajdeuba116@mof.np
"ram chandra dahal",illam,ramdahal941@edu.np
"rabindra bahadur deuba",kohalpur,rabindradeuba370@co.uk
"suraj bahadur oli",jhapa,surajoli522@facebook.co
"saisagun chandra dahal",banke,saisagundahal871@yahoo.com
"sujal chandra dahal",morang,sujaldahal289@yahoo.com
"bablu prakash magar",bardiya,bablumagar984@yahoo.com
"rabindra bahadur dahal",morang,rabindradahal30@co.uk
"sumin shekhar gywali",jhapa,sumingywali60@co.uk
"nischal kumar chapagain",illam,nischalchapagain87@mit.us
"bibek kumar deuba",parvat,bibekdeuba735@gmail.com
"pintu prasad dahal",rukum,pintudahal505@edu.np
"golu prasad thapa",parvat,goluthapa971@facebook.co
"ashim chandra oli",sallaghari,ashimoli927@meta.co
"ram bahadur bhandari",dolpa,rambhandari579@facebook.co
"sujal kumar neupane",ramnagar,sujalneupane649@tu.edu.np
"kobid prasad oli",dolpa,kobidoli836@meta.co
"golu shekhar shrestha",ramnagar,golushrestha638@mof.np
"sujal kumar magar",syangha,sujalmagar613@gmail.com
"sujal bahadur maharjan",kavre,sujalmaharjan107@tu.edu.np
"kalyan prasad chapagain",ramnagar,kalyanchapagain765@facebook.co
"ashim shekhar sharma",bajura,ashimsharma584@tu.edu.np
"kripesh bahadur rana",bajang,kripeshrana337@meta.co
"aashish bahadur deuba",kohalpur,aashishdeuba915@ioe.np
"shishir prasad maharjan",kaski,shishirmaharjan782@hotmail.com
"sujal prasad thapa",morang,sujalthapa332@meta.co
"suraj shekhar dahal",parvat,surajdahal469@hazesoft.co
"saisagun bahadur magar",dolpa,saisagunmagar623@moe.np
"kobid chandra sharma",kaski,kobidsharma443@hotmail.com
"bisesh prasad rana",ramnagar,biseshrana386@hotmail.com
"bablu shekhar neupane",dolpa,babluneupane590@moe.np
"nischal prakash magar",illam,nischalmagar811@tu.edu.np
"ram chandra bhandari",parvat,rambhandari389@hotmail.com
"ramesh bahadur chapagain",kohalpur,rameshchapagain745@yahoo.com
"bablu bahadur magar",basantapur,bablumagar217@hotmail.com
"bisesh chandra thapa",kavre,biseshthapa198@tu.edu.np
"pintu chandra deuba",jhapa,pintudeuba496@mof.np
"samir shekhar maharjan",bajang,samirmaharjan180@tu.edu.np
"bablu shekhar neupane",lokanthali,babluneupane581@tu.edu.np
"golu prakash rana",ramnagar,golurana996@meta.co
"suraj kumar deuba",ramnagar,surajdeuba933@hazesoft.co
"ashim shekhar sharma",kavre,ashimsharma805@hotmail.com
"manish bahadur maharjan",rukum,manishmaharjan460@moe.np
"bisesh chandra rana",kaski,biseshrana788@meta.co
"shishir prasad oli",basantapur,shishiroli904@facebook.co
"diresh bahadur shrestha",kaski,direshshrestha311@facebook.co
"pratik prakash magar",morang,pratikmagar998@facebook.co
"rishikesh bahadur sharma",lokanthali,rishikeshsharma794@moe.np
"shishir shekhar gywali",syangha,shishirgywali94@gmail.com
"aashish kumar oli",basantapur,aashisholi136@tu.edu.np
"shishir chandra neupane",morang,shishirneupane879@mit.us
"nischal prakash sharma",banke,nischalsharma508@edu.np
"diresh prakash shrestha",bajang,direshshrestha110@hazesoft.co
"dibesh prakash neupane",kavre,dibeshneupane224@hazesoft.co
"ramesh shekhar gywali",bardiya,rameshgywali880@edu.np
"sumin kumar chapagain",basantapur,suminchapagain393@edu.np
"manish prakash rai",dolpa,manishrai910@mof.np
"rabindra shekhar neupane",ramnagar,rabindraneupane206@moe.np
"kalyan bahadur oli",panchtahr,kalyanoli497@tu.edu.np
"prasanna chandra lamichhane",panchtahr,prasannalamichhane207@tu.edu.np
"kobid prasad shrestha",rukum,kobidshrestha416@moe.np
"bisesh prakash rai",syangha,biseshrai758@mof.np
"nischal prasad rana",bajura,nischalrana505@hazesoft.co
"samaya bahadur lamichhane",dolpa,samayalamichhane692@tu.edu.np
"pratik shekhar maharjan",banke,pratikmaharjan813@ioe.np
"rishikesh bahadur deuba",sallaghari,rishikeshdeuba438@hazesoft.co
"prasanna bahadur dahal",rukum,prasannadahal994@ioe.np
"samaya prakash maharjan",bajang,samayamaharjan432@tu.edu.np
"golu chandra sharma",panchtahr,golusharma649@ioe.np
"ramesh bahadur neupane",bardiya,rameshneupane737@yahoo.com
"aashish chandra lamichhane",sallaghari,aashishlamichhane13@ioe.np
"samir prasad dahal",basantapur,samirdahal131@mit.us
"suraj kumar sharma",bardiya,surajsharma829@mof.np
"pratik bahadur bhandari",lokanthali,pratikbhandari222@ioe.np
"nischal kumar rana",panchtahr,nischalrana487@mof.np
"kalyan bahadur dahal",morang,kalyandahal861@mit.us
"saisagun kumar maharjan",panchtahr,saisagunmaharjan679@meta.co
"prasanna bahadur dahal",sallaghari,prasannadahal849@edu.np
"suraj chandra dahal",bajura,surajdahal56@co.uk
"golu prasad deuba",parvat,goludeuba479@hotmail.com
"samaya kumar chapagain",bajura,samayachapagain850@mof.np
"aashish chandra oli",parvat,aashisholi207@yahoo.com
"saisagun prasad oli",panchtahr,saisagunoli987@moe.np
"samaya prakash magar",jhapa,samayamagar955@tu.edu.np
"samir bahadur maharjan",parvat,samirmaharjan512@moe.np
"bisesh kumar rana",syangha,biseshrana593@tu.edu.np
"saisagun prakash thapa",ramnagar,saisagunthapa317@tu.edu.np
"kalyan prasad magar",rukum,kalyanmagar675@moe.np
"pratik bahadur maharjan",basantapur,pratikmaharjan387@mit.us
"kalyan shekhar dahal",bajura,kalyandahal427@ioe.np
"bibek shekhar magar",kaski,bibekmagar728@hazesoft.co
"bibek kumar maharjan",morang,bibekmaharjan158@edu.np
"samaya bahadur thapa",jhapa,samayathapa109@mit.us
"dibesh shekhar dahal",sallaghari,dibeshdahal826@ioe.np
"diresh bahadur deuba",dolpa,direshdeuba164@mof.np
"prasanna kumar thapa",parvat,prasannathapa342@edu.np
"golu prasad sharma",kaski,golusharma411@hazesoft.co
"alex kumar gywali",bajang,alexgywali254@edu.np
"bisesh prasad shrestha",ramnagar,biseshshrestha726@yahoo.com
"diresh bahadur rana",rukum,direshrana196@hazesoft.co
"saisagun prasad chapagain",panchtahr,saisagunchapagain174@mof.np
"pintu kumar sharma",morang,pintusharma320@co.uk
"samaya prakash sharma",morang,samayasharma732@hazesoft.co
"ashim bahadur dahal",morang,ashimdahal136@mof.np
"rishikesh shekhar chapagain",basantapur,rishikeshchapagain102@tu.edu.np
"manish prakash bhandari",banke,manishbhandari653@mit.us
"samir kumar oli",kohalpur,samiroli52@moe.np
"kripesh prakash chapagain",kaski,kripeshchapagain308@edu.np
"samaya shekhar maharjan",bardiya,samayamaharjan116@hotmail.com
"bablu prakash rana",bardiya,bablurana804@moe.np
"sumin prakash gywali",sallaghari,sumingywali891@edu.np
"golu bahadur lamichhane",syangha,golulamichhane16@yahoo.com
"samaya bahadur lamichhane",panchtahr,samayalamichhane178@edu.np
"dibesh prakash oli",sallaghari,dibesholi547@ioe.np
"manish bahadur shrestha",kaski,manishshrestha211@hotmail.com
"ram kumar rai",banke,ramrai394@facebook.co
"rabindra chandra gywali",rukum,rabindragywali218@co.uk
"pratik shekhar gywali",rukum,pratikgywali925@yahoo.com
"saisagun kumar thapa",panchtahr,saisagunthapa618@tu.edu.np
"golu shekhar oli",kohalpur,goluoli4@hazesoft.co
"bisesh prakash chapagain",jhapa,biseshchapagain22@co.uk
"saisagun prakash oli",banke,saisagunoli244@co.uk
"kobid chandra rana",parvat,kobidrana998@yahoo.com
"golu prasad rai",lokanthali,golurai796@facebook.co
"sujal bahadur rana",sallaghari,sujalrana252@hotmail.com
"samaya bahadur deuba",bardiya,samayadeuba665@facebook.co
"samaya prasad oli",ramnagar,samayaoli854@meta.co
"sumin chandra thapa",kaski,suminthapa916@hazesoft.co
"ramesh kumar bhandari",sallaghari,rameshbhandari219@gmail.com
"dibesh kumar bhandari",parvat,dibeshbhandari847@gmail.com
"shishir shekhar oli",ramnagar,shishiroli342@hotmail.com
"samir prasad neupane",illam,samirneupane212@mof.np
"sumin prasad sharma",bardiya,suminsharma692@meta.co
"ram prakash rai",rukum,ramrai962@meta.co
"pratik bahadur bhandari",kaski,pratikbhandari883@tu.edu.np
"saisagun bahadur dahal",rukum,saisagundahal546@ioe.np
"saisagun prakash sharma",kavre,saisagunsharma121@hazesoft.co
"kobid kumar neupane",kavre,kobidneupane474@facebook.co
"manish prasad oli",bajura,manisholi492@moe.np
"diresh chandra rai",illam,direshrai416@co.uk
"sujal prasad rai",sallaghari,sujalrai704@gmail.com
"ashim prakash maharjan",jhapa,ashimmaharjan475@hazesoft.co
"rabindra chandra magar",lokanthali,rabindramagar701@hazesoft.co
"saisagun prasad lamichhane",kavre,saisagunlamichhane429@hazesoft.co
"shishir prasad lamichhane",kohalpur,shishirlamichhane294@gmail.com
"alex shekhar neupane",parvat,alexneupane834@meta.co
"manish prasad bhandari",panchtahr,manishbhandari34@hotmail.com
"kripesh prasad gywali",dolpa,kripeshgywali931@ioe.np
"golu prasad dahal",morang,goludahal827@hotmail.com
"rabindra chandra maharjan",kavre,rabindramaharjan636@moe.np
"sujal shekhar sharma",kaski,sujalsharma68@facebook.co
"rabindra chandra lamichhane",bardiya,rabindralamichhane984@hazesoft.co
"sujal prakash maharjan",ramnagar,sujalmaharjan716@yahoo.com
"suraj prasad chapagain",parvat,surajchapagain5@hotmail.com
"nischal prakash thapa",panchtahr,nischalthapa269@hotmail.com
"golu prasad gywali",parvat,golugywali504@ioe.np
"kalyan shekhar lamichhane",jhapa,kalyanlamichhane107@tu.edu.np
"shishir bahadur maharjan",basantapur,shishirmaharjan197@hazesoft.co
"bibek shekhar oli",lokanthali,bibekoli670@ioe.np
"dibesh prasad magar",bajang,dibeshmagar392@facebook.co
"bibek prasad thapa",sallaghari,bibekthapa116@hotmail.com
"suraj prakash chapagain",sallaghari,surajchapagain64@hotmail.com
"bisesh prakash deuba",bajura,biseshdeuba667@meta.co
"bibek bahadur gywali",illam,bibekgywali749@ioe.np
"rishikesh kumar thapa",syangha,rishikeshthapa902@mof.np
"saisagun kumar magar",sallaghari,saisagunmagar898@mit.us
"aashish prasad rai",bajang,aashishrai498@mof.np
"samir kumar lamichhane",panchtahr,samirlamichhane73@edu.np
"samaya kumar thapa",syangha,samayathapa929@co.uk
"pratik shekhar oli",kaski,pratikoli116@meta.co
"sumin bahadur lamichhane",lokanthali,suminlamichhane638@yahoo.com
"sujal kumar lamichhane",rukum,sujallamichhane740@mit.us
"manish prasad maharjan",parvat,manishmaharjan106@mof.np
"rishikesh prasad deuba",banke,rishikeshdeuba214@tu.edu.np
"kripesh kumar thapa",panchtahr,kripeshthapa893@moe.np
"nischal bahadur deuba",basantapur,nischaldeuba258@ioe.np
"bibek bahadur chapagain",dolpa,bibekchapagain248@meta.co
"shishir kumar rai",sallaghari,shishirrai570@co.uk
"prasanna prakash sharma",rukum,prasannasharma946@hazesoft.co
"prasanna bahadur sharma",panchtahr,prasannasharma272@tu.edu.np
"pintu prasad thapa",panchtahr,pintuthapa152@co.uk
"nischal chandra lamichhane",dolpa,nischallamichhane110@hazesoft.co
"kripesh prasad neupane",sallaghari,kripeshneupane792@edu.np
"ramesh bahadur oli",kavre,ramesholi211@gmail.com
"kripesh prasad oli",bajang,kripesholi248@meta.co
"samaya chandra dahal",banke,samayadahal428@hotmail.com
"bisesh kumar neupane",bajura,biseshneupane154@hotmail.com
"bablu bahadur deuba",panchtahr,babludeuba33@ioe.np
"kripesh prakash dahal",syangha,kripeshdahal395@hazesoft.co
"aashish prasad sharma",syangha,aashishsharma365@mof.np
"bisesh prakash sharma",bardiya,biseshsharma291@mof.np
"saisagun kumar thapa",lokanthali,saisagunthapa882@mit.us
"pintu shekhar rai",ramnagar,pinturai888@hazesoft.co
"prasanna prakash lamichhane",syangha,prasannalamichhane879@moe.np
"sumin prasad oli",kaski,suminoli847@tu.edu.np
"manish prakash gywali",syangha,manishgywali591@gmail.com
"samir prasad chapagain",kavre,samirchapagain279@mof.np
"bablu prasad neupane",morang,babluneupane828@gmail.com
"suraj prasad chapagain",bardiya,surajchapagain382@hotmail.com
"samir chandra shrestha",sallaghari,samirshrestha232@tu.edu.np
"kripesh shekhar bhandari",panchtahr,kripeshbhandari816@mof.np
"suraj prasad deuba",kavre,surajdeuba368@tu.edu.np
"pintu kumar maharjan",lokanthali,pintumaharjan519@ioe.np
"ram bahadur magar",lokanthali,rammagar925@meta.co
"rabindra chandra bhandari",kohalpur,rabindrabhandari17@tu.edu.np
"saisagun shekhar bhandari",banke,saisagunbhandari880@facebook.co
"saisagun shekhar lamichhane",lokanthali,saisagunlamichhane22@tu.edu.np
"pintu shekhar magar",dolpa,pintumagar681@co.uk
"suraj bahadur oli",syangha,surajoli100@meta.co
"kalyan prakash thapa",basantapur,kalyanthapa37@yahoo.com
"sujal prakash shrestha",kohalpur,sujalshrestha545@mit.us
"prasanna prasad chapagain",bajura,prasannachapagain507@meta.co
"pratik prakash thapa",lokanthali,pratikthapa305@edu.np
"bablu prasad maharjan",illam,bablumaharjan723@hazesoft.co
"diresh chandra sharma",lokanthali,direshsharma760@gmail.com
"prasanna prakash lamichhane",illam,prasannalamichhane699@mof.np
"samir shekhar bhandari",lokanthali,samirbhandari320@meta.co
"samaya chandra thapa",bardiya,samayathapa745@hazesoft.co
"aashish prasad thapa",bajura,aashishthapa698@facebook.co
"nischal chandra lamichhane",morang,nischallamichhane760@co.uk
"manish chandra rai",banke,manishrai315@tu.edu.np
"bablu kumar dahal",morang,babludahal619@gmail.com
"rishikesh chandra chapagain",banke,rishikeshchapagain480@co.uk
"bisesh kumar lamichhane",panchtahr,biseshlamichhane557@mit.us
"manish chandra maharjan",dolpa,manishmaharjan633@hotmail.com
"dibesh kumar dahal",kohalpur,dibeshdahal875@mit.us
"rishikesh kumar oli",kavre,rishikesholi377@gmail.com
"bablu chandra magar",rukum,bablumagar134@co.uk
"bibek prasad dahal",kaski,bibekdahal788@meta.co
"rishikesh chandra lamichhane",sallaghari,rishikeshlamichhane799@mof.np
"sumin bahadur shrestha",dolpa,suminshrestha270@facebook.co
"dibesh shekhar oli",illam,dibesholi369@ioe.np
"bisesh shekhar bhandari",morang,biseshbhandari42@mof.np
"rabindra prasad oli",illam,rabindraoli493@mit.us
"bibek prakash rai",kavre,bibekrai564@tu.edu.np
"alex kumar maharjan",kohalpur,alexmaharjan121@mit.us
"sujal kumar magar",sallaghari,sujalmagar199@edu.np
"prasanna chandra neupane",bajang,prasannaneupane800@yahoo.com
"shishir bahadur shrestha",bardiya,shishirshrestha907@meta.co
"ramesh prakash sharma",bajura,rameshsharma592@moe.np
"rishikesh bahadur deuba",dolpa,rishikeshdeuba138@hazesoft.co
"bablu chandra neupane",lokanthali,babluneupane388@tu.edu.np
"diresh prakash neupane",kohalpur,direshneupane369@moe.np
"sujal shekhar dahal",parvat,sujaldahal237@moe.np
"aashish prakash oli",ramnagar,aashisholi32@edu.np
"prasanna kumar gywali",kaski,prasannagywali621@hotmail.com
"ram shekhar bhandari",parvat,rambhandari645@gmail.com
"pintu chandra bhandari",morang,pintubhandari299@co.uk
"pratik prakash sharma",lokanthali,pratiksharma413@meta.co
"pratik chandra sharma",basantapur,pratiksharma837@co.uk
"saisagun bahadur lamichhane",banke,saisagunlamichhane104@mit.us
"kalyan kumar magar",bajura,kalyanmagar493@hazesoft.co
"aashish kumar bhandari",parvat,aashishbhandari799@hotmail.com
"nischal chandra deuba",dolpa,nischaldeuba171@tu.edu.np
"bablu prasad maharjan",parvat,bablumaharjan809@hotmail.com
"kobid prasad chapagain",banke,kobidchapagain700@yahoo.com
"suraj bahadur gywali",bardiya,surajgywali678@mit.us
"alex shekhar rana",parvat,alexrana750@gmail.com
"saisagun kumar gywali",kavre,saisagungywali832@meta.co
"ram chandra rai",dolpa,ramrai21@meta.co
"alex chandra rai",syangha,alexrai778@mof.np
"ramesh bahadur oli",jhapa,ramesholi727@hazesoft.co
"ramesh shekhar maharjan",banke,rameshmaharjan238@meta.co
"rabindra kumar thapa",dolpa,rabindrathapa51@hotmail.com
"bablu chandra gywali",dolpa,bablugywali661@co.uk
"golu kumar magar",parvat,golumagar888@co.uk
"saisagun prakash magar",kaski,saisagunmagar137@co.uk
"saisagun chandra lamichhane",ramnagar,saisagunlamichhane552@mof.np
"kobid shekhar gywali",dolpa,kobidgywali790@hotmail.com
"samaya chandra magar",kaski,samayamagar312@yahoo.com
"samaya chandra maharjan",parvat,samayamaharjan793@tu.edu.np
"aashish prasad chapagain",kohalpur,aashishchapagain883@mof.np
"prasanna prasad neupane",bardiya,prasannaneupane768@facebook.co
"diresh prakash deuba",kavre,direshdeuba450@meta.co
"kripesh prasad oli",bajura,kripesholi84@meta.co
"aashish shekhar chapagain",morang,aashishchapagain564@co.uk
"shishir bahadur deuba",bajura,shishirdeuba943@yahoo.com
"alex prasad rai",parvat,alexrai402@tu.edu.np
"sumin prakash rana",sallaghari,suminrana140@moe.np
"manish prakash shrestha",bajura,manishshrestha248@gmail.com
"ram prakash oli",sallaghari,ramoli171@hazesoft.co
"samaya prasad dahal",bajang,samayadahal316@mof.np
"sujal bahadur sharma",syangha,sujalsharma649@mit.us
"alex prasad shrestha",kohalpur,alexshrestha429@ioe.np
"pintu prakash sharma",syangha,pintusharma163@gmail.com
"rabindra shekhar sharma",sallaghari,rabindrasharma799@edu.np
"sujal chandra lamichhane",dolpa,sujallamichhane253@meta.co
"kalyan chandra maharjan",ramnagar,kalyanmaharjan607@meta.co
"sumin prasad gywali",ramnagar,sumingywali308@facebook.co
"dibesh prakash rai",parvat,dibeshrai11@mit.us
"ramesh bahadur dahal",bardiya,rameshdahal144@gmail.com
"dibesh shekhar maharjan",bardiya,dibeshmaharjan126@co.uk
"suraj prasad chapagain",basantapur,surajchapagain790@edu.np
"bibek chandra dahal",kaski,bibekdahal265@tu.edu.np
"kobid prasad bhandari",bajura,kobidbhandari67@mit.us
"dibesh kumar rana",lokanthali,dibeshrana796@moe.np
"kripesh prakash rana",illam,kripeshrana922@hazesoft.co
"samir kumar dahal",sallaghari,samirdahal794@hotmail.com
"bibek shekhar oli",bajura,bibekoli204@edu.np
"dibesh prasad lamichhane",parvat,dibeshlamichhane1@co.uk
"rabindra prasad gywali",panchtahr,rabindragywali43@mit.us
"kripesh chandra maharjan",syangha,kripeshmaharjan701@mit.us
"aashish kumar rai",rukum,aashishrai121@hazesoft.co
"golu kumar neupane",dolpa,goluneupane520@ioe.np
"ram shekhar deuba",parvat,ramdeuba159@yahoo.com
"pratik prasad bhandari",banke,pratikbhandari353@ioe.np
"kripesh prasad neupane",bardiya,kripeshneupane373@tu.edu.np
"sumin prakash magar",bajang,suminmagar137@edu.np
"diresh kumar oli",syangha,diresholi646@mit.us
"rishikesh shekhar rai",kavre,rishikeshrai800@mit.us
"ashim prakash rana",lokanthali,ashimrana516@hotmail.com
"manish kumar rana",panchtahr,manishrana42@meta.co
"bibek chandra gywali",kohalpur,bibekgywali488@yahoo.com
"samaya kumar bhandari",panchtahr,samayabhandari612@facebook.co
"sumin chandra gywali",ramnagar,sumingywali557@meta.co
"dibesh chandra neupane",jhapa,dibeshneupane47@moe.np
"pratik prakash rana",sallaghari,pratikrana228@hazesoft.co
"prasanna prasad shrestha",syangha,prasannashrestha307@moe.np
"ashim kumar bhandari",lokanthali,ashimbhandari336@hazesoft.co
"sujal bahadur deuba",syangha,sujaldeuba430@ioe.np
"manish chandra neupane",panchtahr,manishneupane421@facebook.co
"kobid prasad lamichhane",syangha,kobidlamichhane764@co.uk
"diresh prasad lamichhane",bajang,direshlamichhane639@hazesoft.co
"kripesh chandra neupane",kavre,kripeshneupane599@hotmail.com
"ram shekhar lamichhane",kavre,ramlamichhane634@gmail.com
"sujal kumar gywali",parvat,sujalgywali347@hotmail.com
"alex prakash lamichhane",bajura,alexlamichhane801@mit.us
"prasanna prakash magar",morang,prasannamagar494@co.uk
"prasanna prakash gywali",banke,prasannagywali580@tu.edu.np
"bibek chandra oli",kaski,bibekoli258@hazesoft.co
"samaya bahadur magar",ramnagar,samayamagar546@mof.np
"ramesh kumar dahal",dolpa,rameshdahal861@tu.edu.np
"saisagun chandra magar",ramnagar,saisagunmagar853@edu.np
"rabindra chandra bhandari",bajang,rabindrabhandari613@gmail.com
"samir bahadur gywali",sallaghari,samirgywali615@tu.edu.np
"shishir prakash deuba",kavre,shishirdeuba763@facebook.co
"ram chandra neupane",banke,ramneupane121@ioe.np
"rabindra prakash magar",parvat,rabindramagar701@tu.edu.np
"rishikesh prakash chapagain",sallaghari,rishikeshchapagain554@facebook.co
"pintu chandra shrestha",kohalpur,pintushrestha573@meta.co
"nischal shekhar sharma",illam,nischalsharma412@facebook.co
"rabindra chandra rana",basantapur,rabindrarana636@ioe.np
"prasanna prakash deuba",jhapa,prasannadeuba57@co.uk
"aashish shekhar rana",ramnagar,aashishrana213@mof.np
"alex shekhar oli",bardiya,alexoli655@moe.np
"rabindra prakash maharjan",syangha,rabindramaharjan628@gmail.com
"dibesh kumar neupane",kavre,dibeshneupane659@mit.us
"pintu chandra shrestha",sallaghari,pintushrestha694@ioe.np
"dibesh prakash maharjan",kohalpur,dibeshmaharjan618@co.uk
"rishikesh shekhar bhandari",sallaghari,rishikeshbhandari419@facebook.co
"golu kumar thapa",lokanthali,goluthapa277@mof.np
"rabindra prakash dahal",parvat,rabindradahal944@tu.edu.np
"alex chandra shrestha",syangha,alexshrestha917@hotmail.com
"pratik chandra shrestha",sallaghari,pratikshrestha418@gmail.com
"rabindra shekhar sharma",basantapur,rabindrasharma76@tu.edu.np
"golu prakash thapa",parvat,goluthapa310@mof.np
"ashim prakash bhandari",jhapa,ashimbhandari884@mit.us
"rishikesh kumar bhandari",kohalpur,rishikeshbhandari517@meta.co
"ramesh shekhar dahal",illam,rameshdahal294@edu.np
"ashim prasad deuba",banke,ashimdeuba218@meta.co
"kalyan chandra bhandari",banke,kalyanbhandari782@facebook.co
"suraj shekhar lamichhane",syangha,surajlamichhane744@hotmail.com
"pratik prasad maharjan",bajura,pratikmaharjan440@edu.np
"kalyan bahadur bhandari",bajura,kalyanbhandari531@ioe.np
"kobid bahadur chapagain",bajang,kobidchapagain926@hazesoft.co
"pratik bahadur oli",syangha,pratikoli25@moe.np
"rishikesh kumar rana",parvat,rishikeshrana91@mit.us
"bablu prasad deuba",kavre,babludeuba262@gmail.com
"golu prasad neupane",syangha,goluneupane384@co.uk
"prasanna bahadur magar",morang,prasannamagar524@yahoo.com
"golu prasad neupane",lokanthali,goluneupane341@gmail.com
"kalyan chandra oli",parvat,kalyanoli686@gmail.com
"saisagun bahadur maharjan",ramnagar,saisagunmaharjan508@facebook.co
"samir chandra shrestha",ramnagar,samirshrestha836@gmail.com
"kalyan shekhar maharjan",parvat,kalyanmaharjan523@edu.np
"samaya prasad magar",syangha,samayamagar964@yahoo.com
"saisagun chandra magar",basantapur,saisagunmagar17@hotmail.com
"rabindra shekhar gywali",basantapur,rabindragywali393@meta.co
"diresh bahadur magar",basantapur,direshmagar379@yahoo.com
"saisagun prasad gywali",parvat,saisagungywali655@mit.us
"manish prasad maharjan",panchtahr,manishmaharjan466@edu.np
"pintu bahadur neupane",kohalpur,pintuneupane463@tu.edu.np
"saisagun prasad rana",illam,saisagunrana151@yahoo.com
"bablu bahadur shrestha",illam,bablushrestha774@gmail.com
"suraj prakash bhandari",illam,surajbhandari256@hazesoft.co
"diresh shekhar deuba",panchtahr,direshdeuba759@gmail.com
"shishir shekhar maharjan",kavre,shishirmaharjan207@mit.us
"dibesh bahadur lamichhane",kaski,dibeshlamichhane99@tu.edu.np
"shishir bahadur neupane",ramnagar,shishirneupane949@yahoo.com
"bisesh bahadur magar",banke,biseshmagar25@yahoo.com
"prasanna prakash rai",kavre,prasannarai183@co.uk
"saisagun prakash gywali",syangha,saisagungywali761@hotmail.com
"rabindra prasad thapa",morang,rabindrathapa832@ioe.np
"rabindra prasad rana",bajura,rabindrarana492@edu.np
"suraj chandra dahal",kavre,surajdahal114@gmail.com
"kripesh prasad shrestha",sallaghari,kripeshshrestha40@meta.co
"shishir shekhar sharma",sallaghari,shishirsharma725@tu.edu.np
"ram kumar neupane",basantapur,ramneupane567@ioe.np
"nischal prasad gywali",panchtahr,nischalgywali728@co.uk
"suraj shekhar thapa",parvat,surajthapa245@yahoo.com
"bibek kumar rana",kavre,bibekrana212@hotmail.com
"ashim shekhar chapagain",bajura,ashimchapagain398@tu.edu.np
"kalyan kumar chapagain",illam,kalyanchapagain569@ioe.np
"ram chandra rai",panchtahr,ramrai660@mit.us
"bablu bahadur maharjan",jhapa,bablumaharjan594@yahoo.com
"kripesh bahadur chapagain",dolpa,kripeshchapagain265@co.uk
"diresh shekhar chapagain",sallaghari,direshchapagain563@hotmail.com
"ram chandra rana",bajang,ramrana886@mit.us
"ashim prasad neupane",bajang,ashimneupane259@mit.us
"saisagun shekhar sharma",parvat,saisagunsharma981@edu.np
"kobid chandra sharma",illam,kobidsharma288@facebook.co
"shishir prasad magar",morang,shishirmagar397@moe.np
"samaya bahadur rana",bajura,samayarana153@meta.co
"ashim bahadur thapa",ramnagar,ashimthapa48@yahoo.com
"kalyan bahadur magar",basantapur,kalyanmagar836@facebook.co
"alex prakash rana",lokanthali,alexrana827@ioe.np
"bablu prasad sharma",rukum,bablusharma477@mit.us
"suraj bahadur sharma",bajura,surajsharma741@hazesoft.co
"bisesh prasad thapa",kavre,biseshthapa449@mit.us
"nischal prasad sharma",kaski,nischalsharma97@mit.us
"nischal shekhar magar",banke,nischalmagar66@edu.np
"prasanna prakash maharjan",kohalpur,prasannamaharjan785@co.uk
"pratik shekhar deuba",rukum,pratikdeuba678@hotmail.com
"bisesh kumar magar",parvat,biseshmagar688@yahoo.com
"prasanna prasad rana",bardiya,prasannarana544@ioe.np
"prasanna shekhar thapa",sallaghari,prasannathapa897@moe.np
"rabindra shekhar neupane",jhapa,rabindraneupane831@mof.np
"shishir kumar dahal",lokanthali,shishirdahal821@gmail.com
"samaya prasad magar",syangha,samayamagar653@hazesoft.co
"bisesh prakash rai",basantapur,biseshrai613@hotmail.com
"ram chandra rai",sallaghari,ramrai195@mof.np
"ashim kumar thapa",rukum,ashimthapa823@moe.np
"rishikesh prakash maharjan",banke,rishikeshmaharjan522@ioe.np
"samaya prakash lamichhane",kohalpur,samayalamichhane681@facebook.co
"dibesh kumar rai",banke,dibeshrai290@hazesoft.co
"ramesh shekhar dahal",lokanthali,rameshdahal961@meta.co
"kalyan shekhar thapa",morang,kalyanthapa958@hotmail.com
"kripesh bahadur dahal",jhapa,kripeshdahal974@mof.np
"sumin kumar maharjan",banke,suminmaharjan524@edu.np
"diresh chandra lamichhane",lokanthali,direshlamichhane970@mit.us
"kobid prasad rai",panchtahr,kobidrai367@meta.co
"samaya kumar bhandari",lokanthali,samayabhandari447@facebook.co
"ram kumar thapa",bajang,ramthapa708@co.uk
"ramesh prasad neupane",kohalpur,rameshneupane168@tu.edu.np
"bisesh chandra oli",ramnagar,bisesholi238@meta.co
"saisagun chandra bhandari",kavre,saisagunbhandari348@co.uk
"aashish prasad magar",kavre,aashishmagar16@co.uk
"ramesh bahadur oli",basantapur,ramesholi170@hotmail.com
"suraj kumar oli",bajang,surajoli860@hazesoft.co
"aashish prakash deuba",dolpa,aashishdeuba482@mit.us
"sujal chandra neupane",bajura,sujalneupane201@ioe.np
"pintu kumar deuba",jhapa,pintudeuba987@edu.np
"shishir shekhar lamichhane",bardiya,shishirlamichhane371@ioe.np
"prasanna kumar rai",kohalpur,prasannarai539@facebook.co
"alex bahadur deuba",jhapa,alexdeuba843@facebook.co
"shishir chandra dahal",kaski,shishirdahal969@co.uk
"rishikesh kumar neupane",sallaghari,rishikeshneupane896@facebook.co
"ram prasad dahal",bardiya,ramdahal958@hazesoft.co
"aashish shekhar gywali",kohalpur,aashishgywali290@facebook.co
"kripesh kumar gywali",illam,kripeshgywali836@co.uk
"sumin chandra rana",kohalpur,suminrana886@co.uk
"manish chandra sharma",kavre,manishsharma634@ioe.np
"ramesh shekhar dahal",dolpa,rameshdahal277@mof.np
"samaya kumar bhandari",rukum,samayabhandari395@meta.co
"rabindra bahadur dahal",morang,rabindradahal5@hazesoft.co
"shishir kumar rai",banke,shishirrai698@edu.np
"golu bahadur rana",banke,golurana132@co.uk
"sumin bahadur sharma",kaski,suminsharma193@edu.np
"suraj chandra sharma",kohalpur,surajsharma823@facebook.co
"alex kumar oli",parvat,alexoli702@moe.np
"samir prakash chapagain",panchtahr,samirchapagain666@meta.co
"dibesh shekhar bhandari",dolpa,dibeshbhandari341@co.uk
"saisagun kumar rai",kaski,saisagunrai553@hotmail.com
"ram shekhar oli",bajura,ramoli637@ioe.np
"aashish prasad deuba",kohalpur,aashishdeuba17@meta.co
"alex kumar dahal",basantapur,alexdahal746@yahoo.com
"rabindra kumar dahal",sallaghari,rabindradahal874@ioe.np
"bibek bahadur rana",kaski,bibekrana907@mof.np
"ram chandra magar",jhapa,rammagar272@co.uk
"saisagun prakash dahal",bajang,saisagundahal525@tu.edu.np
"rabindra shekhar thapa",bardiya,rabindrathapa62@yahoo.com
"bibek shekhar lamichhane",jhapa,bibeklamichhane911@edu.np
"sumin prakash maharjan",morang,suminmaharjan155@co.uk
"bisesh chandra maharjan",illam,biseshmaharjan574@mit.us
"bibek prakash oli",kohalpur,bibekoli714@yahoo.com
"aashish bahadur shrestha",illam,aashishshrestha2@gmail.com
"suraj chandra sharma",bardiya,surajsharma205@edu.np
"rishikesh shekhar neupane",bajang,rishikeshneupane846@tu.edu.np
"ashim prasad gywali",rukum,ashimgywali325@mof.np
"ramesh prasad chapagain",dolpa,rameshchapagain831@facebook.co
"golu prasad magar",banke,golumagar388@co.uk
"diresh prasad shrestha",kavre,direshshrestha48@hazesoft.co
"sujal prasad thapa",morang,sujalthapa526@gmail.com
"pintu prakash thapa",syangha,pintuthapa371@moe.np
"ram kumar neupane",jhapa,ramneupane322@tu.edu.np
"sujal kumar neupane",sallaghari,sujalneupane922@moe.np
"kobid shekhar rai",basantapur,kobidrai731@yahoo.com
"sumin prakash shrestha",syangha,suminshrestha782@hotmail.com
"pratik prakash lamichhane",jhapa,pratiklamichhane77@moe.np
"saisagun bahadur dahal",dolpa,saisagundahal534@yahoo.com
"bibek chandra lamichhane",illam,bibeklamichhane250@gmail.com
"dibesh shekhar gywali",bajura,dibeshgywali775@mof.np
"manish chandra chapagain",kavre,manishchapagain979@moe.np
"kobid shekhar shrestha",morang,kobidshrestha533@edu.np
"samaya prakash thapa",syangha,samayathapa848@meta.co
"sumin bahadur chapagain",banke,suminchapagain673@moe.np
"manish kumar thapa",banke,manishthapa369@hazesoft.co
"saisagun prasad bhandari",kaski,saisagunbhandari360@hotmail.com
"saisagun chandra chapagain",rukum,saisagunchapagain622@moe.np
"ashim prakash thapa",rukum,ashimthapa571@yahoo.com
"pintu bahadur gywali",bajang,pintugywali47@mof.np
"samir kumar gywali",lokanthali,samirgywali193@hotmail.com
"shishir prasad rai",kavre,shishirrai38@yahoo.com
"shishir prasad deuba",parvat,shishirdeuba514@mit.us
"samaya chandra shrestha",lokanthali,samayashrestha545@ioe.np
"samaya prasad lamichhane",ramnagar,samayalamichhane436@tu.edu.np
"kobid prakash rana",bajura,kobidrana500@tu.edu.np
"diresh bahadur thapa",illam,direshthapa194@hotmail.com
"kalyan prakash rana",parvat,kalyanrana273@hazesoft.co
"ashim shekhar oli",bardiya,ashimoli486@yahoo.com
"ashim shekhar magar",morang,ashimmagar730@facebook.co
"alex bahadur thapa",bajang,alexthapa257@yahoo.com
"prasanna shekhar sharma",syangha,prasannasharma743@hotmail.com
"kripesh prakash gywali",bajang,kripeshgywali953@mit.us
"samir prakash gywali",basantapur,samirgywali377@ioe.np
"shishir prasad oli",kaski,shishiroli298@hazesoft.co
"shishir shekhar maharjan",panchtahr,shishirmaharjan811@facebook.co
"prasanna prasad lamichhane",illam,prasannalamichhane731@mof.np
"kalyan prakash chapagain",bajang,kalyanchapagain989@yahoo.com
"manish prasad shrestha",banke,manishshrestha797@meta.co
"kobid chandra shrestha",kavre,kobidshrestha48@tu.edu.np
"rabindra shekhar chapagain",bajang,rabindrachapagain573@mof.np
"rabindra prakash dahal",banke,rabindradahal782@yahoo.com
"ashim shekhar deuba",banke,ashimdeuba696@edu.np
"prasanna shekhar chapagain",kaski,prasannachapagain544@mit.us
"rabindra kumar rai",lokanthali,rabindrarai189@edu.np
"rishikesh kumar gywali",bajang,rishikeshgywali943@tu.edu.np
"pintu chandra rai",bardiya,pinturai674@hotmail.com
"golu chandra maharjan",syangha,golumaharjan31@moe.np
"kripesh prakash lamichhane",morang,kripeshlamichhane924@moe.np
"bablu chandra shrestha",kavre,bablushrestha734@facebook.co
"rabindra chandra thapa",kaski,rabindrathapa555@hazesoft.co
"ashim chandra dahal",dolpa,ashimdahal668@yahoo.com
"sujal bahadur deuba",banke,sujaldeuba564@co.uk
"suraj prakash chapagain",illam,surajchapagain870@facebook.co
"sujal prasad dahal",ramnagar,sujaldahal62@meta.co
"alex shekhar neupane",bajura,alexneupane862@tu.edu.np
"sumin chandra rai",panchtahr,suminrai391@ioe.np
"dibesh kumar lamichhane",dolpa,dibeshlamichhane310@ioe.np
"bibek chandra rai",panchtahr,bibekrai429@tu.edu.np
"aashish chandra oli",jhapa,aashisholi387@edu.np
"kobid prakash magar",bardiya,kobidmagar559@gmail.com
"pratik prakash dahal",dolpa,pratikdahal322@yahoo.com
"rishikesh bahadur thapa",panchtahr,rishikeshthapa248@hazesoft.co
"sujal kumar gywali",lokanthali,sujalgywali892@edu.np
"diresh prasad thapa",kaski,direshthapa810@mit.us
"suraj shekhar rana",kavre,surajrana519@yahoo.com
"saisagun prakash rana",morang,saisagunrana989@mit.us
"diresh kumar maharjan",lokanthali,direshmaharjan106@mit.us
"pintu prakash sharma",syangha,pintusharma240@mof.np
"rabindra kumar chapagain",jhapa,rabindrachapagain498@co.uk
"shishir bahadur rana",banke,shishirrana339@mit.us
"sujal prasad thapa",kaski,sujalthapa480@mit.us
"ashim prakash sharma",kavre,ashimsharma351@mit.us
"aashish prakash shrestha",illam,aashishshrestha315@ioe.np
"pintu bahadur chapagain",rukum,pintuchapagain773@edu.np
"kobid prasad neupane",bajura,kobidneupane637@mit.us
"prasanna prasad dahal",rukum,prasannadahal509@edu.np
"bablu bahadur rana",illam,bablurana572@gmail.com
"kalyan prasad oli",jhapa,kalyanoli400@hotmail.com
"samir prakash thapa",basantapur,samirthapa507@hotmail.com
"kobid prakash chapagain",bardiya,kobidchapagain282@moe.np
"aashish prakash sharma",panchtahr,aashishsharma382@moe.np
"shishir chandra neupane",bajang,shishirneupane502@meta.co
"pintu bahadur neupane",panchtahr,pintuneupane681@facebook.co
"ram kumar oli",rukum,ramoli756@moe.np
"sumin shekhar neupane",basantapur,suminneupane827@mof.np
"prasanna chandra rana",rukum,prasannarana603@ioe.np
"samir prakash thapa",kohalpur,samirthapa407@yahoo.com
"bablu shekhar sharma",bardiya,bablusharma384@gmail.com
"pratik shekhar rai",kaski,pratikrai374@hotmail.com
"ram prakash chapagain",kohalpur,ramchapagain903@gmail.com
"pintu kumar rai",illam,pinturai995@mof.np
"sumin bahadur thapa",illam,suminthapa425@mof.np
"rabindra kumar rai",illam,rabindrarai191@edu.np
"rishikesh kumar chapagain",kaski,rishikeshchapagain34@ioe.np
"manish shekhar rai",basantapur,manishrai563@hotmail.com
"golu shekhar bhandari",bardiya,golubhandari987@ioe.np
"pratik shekhar lamichhane",basantapur,pratiklamichhane649@moe.np
"nischal chandra neupane",jhapa,nischalneupane432@tu.edu.np
"dibesh chandra chapagain",parvat,dibeshchapagain69@facebook.co
"ramesh shekhar deuba",bardiya,rameshdeuba894@mof.np
"sumin kumar gywali",parvat,sumingywali594@ioe.np
"alex prasad maharjan",ramnagar,alexmaharjan868@moe.np
"bibek chandra neupane",banke,bibekneupane974@hotmail.com
"prasanna shekhar dahal",lokanthali,prasannadahal855@co.uk
"dibesh chandra dahal",kohalpur,dibeshdahal987@yahoo.com
"aashish prakash sharma",rukum,aashishsharma247@gmail.com
"manish prakash magar",dolpa,manishmagar949@mit.us
"ramesh chandra shrestha",parvat,rameshshrestha716@meta.co
"rishikesh shekhar bhandari",kohalpur,rishikeshbhandari181@hotmail.com
"pratik prasad shrestha",sallaghari,pratikshrestha811@meta.co
"saisagun prasad bhandari",kavre,saisagunbhandari277@meta.co
"sumin prakash gywali",banke,sumingywali538@co.uk
"kripesh chandra dahal",lokanthali,kripeshdahal234@hazesoft.co
"shishir bahadur bhandari",jhapa,shishirbhandari325@hotmail.com
"saisagun kumar oli",bajura,saisagunoli642@gmail.com
"golu shekhar deuba",kavre,goludeuba398@hotmail.com
"bibek prasad deuba",rukum,bibekdeuba477@mit.us
"saisagun kumar bhandari",sallaghari,saisagunbhandari258@mof.np
"bisesh shekhar rai",parvat,biseshrai923@ioe.np
"samaya shekhar bhandari",parvat,samayabhandari724@hazesoft.co
"aashish prakash neupane",illam,aashishneupane577@co.uk
"suraj chandra bhandari",kavre,surajbhandari204@gmail.com
"rabindra chandra oli",rukum,rabindraoli109@hotmail.com
"kalyan kumar gywali",kavre,kalyangywali414@co.uk
"samir chandra bhandari",lokanthali,samirbhandari23@yahoo.com
"rabindra prasad magar",panchtahr,rabindramagar239@facebook.co
"shishir chandra shrestha",jhapa,shishirshrestha251@moe.np
"aashish bahadur lamichhane",bajura,aashishlamichhane575@yahoo.com
"bablu bahadur neupane",basantapur,babluneupane75@facebook.co
"sumin shekhar dahal",rukum,sumindahal566@mit.us
"aashish kumar deuba",rukum,aashishdeuba965@gmail.com
"sumin shekhar gywali",jhapa,sumingywali284@facebook.co
"nischal chandra rana",bajura,nischalrana426@facebook.co
"pratik shekhar lamichhane",panchtahr,pratiklamichhane837@ioe.np
"ram prakash magar",lokanthali,rammagar931@hazesoft.co
"bibek bahadur bhandari",basantapur,bibekbhandari786@moe.np
"bablu prakash dahal",rukum,babludahal718@hazesoft.co
"sujal kumar rai",ramnagar,sujalrai385@gmail.com
"dibesh prakash neupane",syangha,dibeshneupane5@moe.np
"diresh shekhar lamichhane",parvat,direshlamichhane471@hazesoft.co
"rishikesh prasad maharjan",kavre,rishikeshmaharjan577@hotmail.com
"samir prasad rai",kaski,samirrai878@mit.us
"kobid bahadur deuba",ramnagar,kobiddeuba543@mit.us
"bisesh prakash oli",rukum,bisesholi514@hotmail.com
"bibek kumar dahal",banke,bibekdahal583@edu.np
"pintu shekhar rana",jhapa,pinturana824@moe.np
"bibek prakash deuba",bajura,bibekdeuba644@edu.np
"sumin bahadur rana",syangha,suminrana965@hazesoft.co
"bablu kumar neupane",illam,babluneupane612@mit.us
"samaya chandra deuba",illam,samayadeuba825@mof.np
"golu prakash shrestha",kaski,golushrestha441@yahoo.com
"kripesh shekhar thapa",panchtahr,kripeshthapa144@edu.np
"prasanna chandra sharma",dolpa,prasannasharma275@mit.us
"saisagun shekhar bhandari",bardiya,saisagunbhandari590@mit.us
"sumin prasad magar",sallaghari,suminmagar67@meta.co
"sumin bahadur rai",morang,suminrai264@facebook.co
"pratik prakash neupane",lokanthali,pratikneupane589@facebook.co
"rabindra shekhar sharma",jhapa,rabindrasharma990@meta.co
"pratik prasad bhandari",jhapa,pratikbhandari963@mit.us
"saisagun kumar chapagain",illam,saisagunchapagain615@mof.np
"samaya prakash neupane",syangha,samayaneupane161@hazesoft.co
"samir chandra maharjan",bajura,samirmaharjan407@moe.np
"suraj chandra thapa",sallaghari,surajthapa991@yahoo.com
"bisesh prakash sharma",bajang,biseshsharma228@gmail.com
"shishir prakash lamichhane",jhapa,shishirlamichhane916@co.uk
"ramesh prasad lamichhane",bardiya,rameshlamichhane964@mit.us
"sumin kumar sharma",syangha,suminsharma446@gmail.com
"ashim shekhar rai",kohalpur,ashimrai176@hotmail.com
"ram prakash sharma",syangha,ramsharma138@facebook.co
"golu bahadur thapa",dolpa,goluthapa785@ioe.np
"bibek prakash oli",morang,bibekoli21@mit.us
"bisesh bahadur lamichhane",illam,biseshlamichhane199@edu.np
"sujal bahadur shrestha",sallaghari,sujalshrestha391@mof.np
"sumin prakash rai",syangha,suminrai167@mit.us
"bablu shekhar maharjan",illam,bablumaharjan489@mof.np
"alex prakash magar",bajura,alexmagar944@gmail.com
"sumin prakash bhandari",bardiya,suminbhandari857@co.uk
"golu shekhar bhandari",bajang,golubhandari19@hotmail.com
"kripesh shekhar chapagain",sallaghari,kripeshchapagain984@ioe.np
"kobid bahadur deuba",basantapur,kobiddeuba342@hazesoft.co
"nischal prakash gywali",basantapur,nischalgywali192@facebook.co
"bisesh prasad bhandari",bardiya,biseshbhandari132@edu.np
"samir shekhar thapa",lokanthali,samirthapa555@ioe.np
"ram kumar sharma",banke,ramsharma80@co.uk
"prasanna chandra chapagain",morang,prasannachapagain191@yahoo.com
"kripesh prakash gywali",parvat,kripeshgywali395@gmail.com
"bablu shekhar dahal",banke,babludahal77@mof.np
"nischal shekhar neupane",jhapa,nischalneupane550@meta.co
"aashish shekhar magar",basantapur,aashishmagar576@mit.us
"rishikesh prakash bhandari",jhapa,rishikeshbhandari214@gmail.com
"bisesh shekhar dahal",illam,biseshdahal387@hazesoft.co
"saisagun shekhar neupane",illam,saisagunneupane164@gmail.com
"saisagun kumar rai",banke,saisagunrai979@meta.co
"kobid kumar oli",rukum,kobidoli525@hotmail.com
"pintu chandra oli",kohalpur,pintuoli366@gmail.com
"rishikesh shekhar magar",syangha,rishikeshmagar194@hazesoft.co
"samir prakash neupane",basantapur,samirneupane524@mit.us
"aashish kumar chapagain",kaski,aashishchapagain927@edu.np
"ramesh prakash oli",bajura,ramesholi566@edu.np
"rabindra chandra dahal",syangha,rabindradahal386@hazesoft.co
"nischal prasad thapa",dolpa,nischalthapa961@ioe.np
"sumin prasad thapa",panchtahr,suminthapa305@mit.us
"ram prakash rai",bajang,ramrai823@mof.np
"prasanna kumar bhandari",dolpa,prasannabhandari425@co.uk
"bibek kumar gywali",kaski,bibekgywali289@mit.us
"aashish bahadur rai",sallaghari,aashishrai108@edu.np
"rabindra kumar gywali",parvat,rabindragywali263@co.uk
"kalyan kumar oli",banke,kalyanoli617@yahoo.com
"ram bahadur maharjan",lokanthali,rammaharjan89@gmail.com
"ram kumar shrestha",panchtahr,ramshrestha801@facebook.co
"alex prasad magar",parvat,alexmagar751@co.uk
"sujal kumar dahal",rukum,sujaldahal48@yahoo.com
"kalyan shekhar bhandari",jhapa,kalyanbhandari402@moe.np
"sujal bahadur dahal",bardiya,sujaldahal627@moe.np
"bibek shekhar maharjan",ramnagar,bibekmaharjan667@edu.np
"ashim shekhar neupane",kavre,ashimneupane867@tu.edu.np
"samaya bahadur gywali",parvat,samayagywali432@hazesoft.co
"rabindra prasad thapa",kavre,rabindrathapa699@yahoo.com
"bibek chandra thapa",rukum,bibekthapa528@gmail.com
"prasanna shekhar oli",banke,prasannaoli661@tu.edu.np
"ashim chandra chapagain",bajang,ashimchapagain999@facebook.co
"rishikesh prakash magar",ramnagar,rishikeshmagar531@hazesoft.co
"rishikesh bahadur neupane",kohalpur,rishikeshneupane345@edu.np
"rabindra shekhar thapa",bajang,rabindrathapa239@moe.np
"diresh chandra sharma",kavre,direshsharma872@yahoo.com
"saisagun bahadur magar",morang,saisagunmagar212@facebook.co
"diresh prakash deuba",bajang,direshdeuba205@hazesoft.co
"golu kumar sharma",kaski,golusharma744@hotmail.com
"ramesh kumar sharma",lokanthali,rameshsharma573@gmail.com
"kobid shekhar deuba",syangha,kobiddeuba67@meta.co
"aashish bahadur rana",jhapa,aashishrana141@hotmail.com
"suraj chandra bhandari",sallaghari,surajbhandari53@tu.edu.np
"dibesh prasad rai",bajang,dibeshrai528@mit.us
"pintu chandra bhandari",morang,pintubhandari401@mof.np
"saisagun kumar dahal",bajura,saisagundahal820@mit.us
"ashim shekhar neupane",kaski,ashimneupane469@co.uk
"suraj prakash sharma",syangha,surajsharma70@tu.edu.np
"samir kumar maharjan",banke,samirmaharjan746@mof.np
"aashish prakash magar",panchtahr,aashishmagar711@mit.us
"rabindra prakash lamichhane",syangha,rabindralamichhane939@yahoo.com
"rabindra bahadur deuba",dolpa,rabindradeuba127@ioe.np
"dibesh bahadur deuba",kohalpur,dibeshdeuba701@meta.co
"rishikesh kumar deuba",syangha,rishikeshdeuba946@co.uk
"saisagun kumar rana",morang,saisagunrana215@facebook.co
"rishikesh kumar oli",parvat,rishikesholi378@mit.us
"alex prakash rai",jhapa,alexrai499@facebook.co
"kalyan bahadur neupane",banke,kalyanneupane679@edu.np
"pratik bahadur chapagain",kavre,pratikchapagain822@tu.edu.np
"nischal chandra maharjan",bajura,nischalmaharjan120@hotmail.com
"pintu bahadur oli",banke,pintuoli743@hazesoft.co
"kalyan kumar sharma",panchtahr,kalyansharma976@gmail.com
"ashim prakash bhandari",bajura,ashimbhandari713@hazesoft.co
"suraj kumar deuba",lokanthali,surajdeuba512@tu.edu.np
"manish chandra deuba",kaski,manishdeuba141@hotmail.com
"pratik chandra oli",banke,pratikoli351@co.uk
"golu bahadur shrestha",illam,golushrestha728@tu.edu.np
"bisesh prakash gywali",kohalpur,biseshgywali788@moe.np
"sujal prasad sharma",bajang,sujalsharma964@meta.co
"pratik bahadur dahal",morang,pratikdahal557@gmail.com
"samir kumar oli",bardiya,samiroli936@co.uk
"samaya kumar sharma",jhapa,samayasharma614@meta.co
"diresh shekhar bhandari",morang,direshbhandari651@hazesoft.co
"sumin bahadur lamichhane",illam,suminlamichhane601@facebook.co
"pratik bahadur rai",dolpa,pratikrai712@mit.us
"prasanna prakash neupane",sallaghari,prasannaneupane925@yahoo.com
"bisesh chandra bhandari",rukum,biseshbhandari19@mit.us
"sumin kumar magar",morang,suminmagar509@moe.np
"sujal shekhar thapa",jhapa,sujalthapa689@tu.edu.np
"kalyan chandra gywali",jhapa,kalyangywali859@co.uk
"alex prasad chapagain",kavre,alexchapagain321@mof.np
"kobid prasad oli",illam,kobidoli86@meta.co
"bibek kumar shrestha",jhapa,bibekshrestha174@yahoo.com
"rabindra prakash chapagain",rukum,rabindrachapagain503@edu.np
"samir shekhar deuba",kohalpur,samirdeuba8@yahoo.com
"manish prasad bhandari",sallaghari,manishbhandari735@hotmail.com
"rishikesh prakash thapa",parvat,rishikeshthapa544@yahoo.com
"kobid prasad shrestha",syangha,kobidshrestha884@hotmail.com
"diresh prasad bhandari",basantapur,direshbhandari213@mit.us
"dibesh bahadur dahal",bajura,dibeshdahal701@ioe.np
"samaya shekhar thapa",lokanthali,samayathapa427@mof.np
"sujal shekhar magar",lokanthali,sujalmagar525@ioe.np
"diresh bahadur dahal",bajang,direshdahal765@co.uk
"nischal chandra neupane",lokanthali,nischalneupane565@co.uk
"ramesh prasad gywali",morang,rameshgywali736@moe.np
"manish kumar maharjan",jhapa,manishmaharjan264@yahoo.com
"bibek shekhar gywali",basantapur,bibekgywali995@meta.co
"diresh shekhar oli",kohalpur,diresholi889@gmail.com
"manish prakash shrestha",kaski,manishshrestha922@ioe.np
"golu shekhar sharma",syangha,golusharma835@hazesoft.co
"bablu kumar neupane",bajang,babluneupane839@tu.edu.np
"dibesh prasad oli",bajang,dibesholi842@moe.np
"kobid shekhar bhandari",parvat,kobidbhandari609@mof.np
"samir kumar rana",basantapur,samirrana939@gmail.com
"golu shekhar deuba",ramnagar,goludeuba181@gmail.com
"nischal kumar rana",basantapur,nischalrana754@facebook.co
"pintu prakash sharma",panchtahr,pintusharma136@moe.np
"golu prakash bhandari",banke,golubhandari891@yahoo.com
"samir shekhar oli",kaski,samiroli821@yahoo.com
"bablu bahadur bhandari",kohalpur,bablubhandari94@mit.us
"golu prasad maharjan",kavre,golumaharjan140@yahoo.com
"golu prasad shrestha",lokanthali,golushrestha161@yahoo.com
"rabindra bahadur lamichhane",kohalpur,rabindralamichhane542@tu.edu.np
"samaya shekhar rana",illam,samayarana449@hotmail.com
"pratik prasad lamichhane",ramnagar,pratiklamichhane117@co.uk
"kobid prasad rai",bajura,kobidrai269@edu.np
"kalyan bahadur rana",sallaghari,kalyanrana748@hotmail.com
"rabindra prasad dahal",bajang,rabindradahal74@mit.us
"rishikesh chandra maharjan",panchtahr,rishikeshmaharjan42@hazesoft.co
"rabindra bahadur shrestha",bajura,rabindrashrestha308@mit.us
"sumin bahadur shrestha",rukum,suminshrestha760@meta.co
"manish shekhar lamichhane",bardiya,manishlamichhane149@hotmail.com
"ashim prakash lamichhane",lokanthali,ashimlamichhane585@meta.co
"bisesh chandra bhandari",panchtahr,biseshbhandari146@yahoo.com
"manish prakash gywali",parvat,manishgywali189@gmail.com
"ramesh kumar rai",basantapur,rameshrai590@yahoo.com
"bablu shekhar dahal",basantapur,babludahal296@gmail.com
"kalyan prakash gywali",banke,kalyangywali583@hazesoft.co
"suraj shekhar shrestha",rukum,surajshrestha103@meta.co
"ramesh shekhar dahal",banke,rameshdahal971@facebook.co
"diresh prakash deuba",kohalpur,direshdeuba201@meta.co
"dibesh prakash shrestha",sallaghari,dibeshshrestha858@meta.co
"alex kumar rana",panchtahr,alexrana884@ioe.np
"prasanna prasad bhandari",rukum,prasannabhandari302@moe.np
"sujal shekhar shrestha",panchtahr,sujalshrestha834@moe.np
"samaya chandra thapa",kaski,samayathapa319@yahoo.com
"golu shekhar dahal",dolpa,goludahal639@hotmail.com
"ram shekhar deuba",panchtahr,ramdeuba528@moe.np
"pratik shekhar chapagain",banke,pratikchapagain187@facebook.co
"ram prasad neupane",parvat,ramneupane497@hazesoft.co
"manish kumar rai",syangha,manishrai416@moe.np
"pratik shekhar lamichhane",parvat,pratiklamichhane741@meta.co
"suraj kumar chapagain",ramnagar,surajchapagain185@gmail.com
"alex kumar rai",basantapur,alexrai921@facebook.co
"sujal prakash dahal",bardiya,sujaldahal682@hotmail.com
"bablu prakash thapa",syangha,babluthapa692@tu.edu.np
"shishir kumar sharma",illam,shishirsharma682@mof.np
"pintu bahadur maharjan",basantapur,pintumaharjan73@mof.np
"rabindra kumar neupane",bardiya,rabindraneupane467@tu.edu.np
"ramesh chandra rana",morang,rameshrana592@meta.co
"samaya shekhar lamichhane",morang,samayalamichhane781@hotmail.com
"prasanna prakash dahal",bardiya,prasannadahal194@hazesoft.co
"ram kumar oli",ramnagar,ramoli294@ioe.np
"pratik prasad maharjan",syangha,pratikmaharjan871@facebook.co
"kobid shekhar magar",kavre,kobidmagar700@meta.co
"alex prakash magar",jhapa,alexmagar609@mit.us
"sujal prakash rana",basantapur,sujalrana838@meta.co
"dibesh shekhar rai",sallaghari,dibeshrai87@mof.np
"diresh prakash bhandari",bajura,direshbhandari825@yahoo.com
"ramesh prakash shrestha",syangha,rameshshrestha178@yahoo.com
"dibesh prasad sharma",basantapur,dibeshsharma673@co.uk
"golu kumar oli",bajang,goluoli512@meta.co
"aashish kumar sharma",illam,aashishsharma55@mit.us
"suraj prasad bhandari",kavre,surajbhandari579@facebook.co
"ramesh prasad shrestha",kavre,rameshshrestha701@mit.us
"kalyan prakash neupane",basantapur,kalyanneupane507@gmail.com
"ramesh chandra bhandari",sallaghari,rameshbhandari703@tu.edu.np
"ram bahadur bhandari",bajang,rambhandari664@meta.co
"manish prasad gywali",bardiya,manishgywali903@edu.np
"suraj chandra gywali",jhapa,surajgywali662@hazesoft.co
"samaya prakash sharma",basantapur,samayasharma50@yahoo.com
"prasanna chandra dahal",kavre,prasannadahal356@edu.np
"shishir prakash dahal",bajang,shishirdahal859@mof.np
"samaya bahadur gywali",lokanthali,samayagywali192@gmail.com
"golu shekhar neupane",ramnagar,goluneupane946@hazesoft.co
"dibesh kumar chapagain",rukum,dibeshchapagain400@yahoo.com
"aashish bahadur maharjan",bajang,aashishmaharjan744@hotmail.com
"diresh shekhar bhandari",sallaghari,direshbhandari216@moe.np
"bablu shekhar deuba",kaski,babludeuba908@facebook.co
"golu kumar maharjan",rukum,golumaharjan679@hazesoft.co
"pintu kumar neupane",kavre,pintuneupane957@mit.us
"pintu bahadur rana",syangha,pinturana624@gmail.com
"dibesh bahadur deuba",sallaghari,dibeshdeuba695@meta.co
"aashish bahadur dahal",jhapa,aashishdahal866@ioe.np
"sumin kumar dahal",bajang,sumindahal781@ioe.np
"suraj kumar chapagain",rukum,surajchapagain252@edu.np
"rishikesh prasad neupane",rukum,rishikeshneupane472@tu.edu.np
"prasanna prasad rana",bardiya,prasannarana837@mit.us
"kripesh shekhar magar",dolpa,kripeshmagar550@co.uk
"bisesh prakash lamichhane",kavre,biseshlamichhane2@hazesoft.co
"sujal kumar sharma",bardiya,sujalsharma18@ioe.np
"pintu chandra magar",panchtahr,pintumagar73@facebook.co
"ram chandra neupane",parvat,ramneupane199@gmail.com
"samaya prakash gywali",lokanthali,samayagywali937@facebook.co
"samaya bahadur magar",kohalpur,samayamagar894@yahoo.com
"kobid bahadur bhandari",panchtahr,kobidbhandari280@gmail.com
"aashish prasad dahal",jhapa,aashishdahal135@hazesoft.co
"samir bahadur neupane",basantapur,samirneupane257@mof.np
"manish chandra oli",illam,manisholi488@ioe.np
"golu prasad rai",bardiya,golurai600@meta.co
"dibesh shekhar chapagain",jhapa,dibeshchapagain728@ioe.np
"aashish bahadur lamichhane",parvat,aashishlamichhane208@co.uk
"kalyan prakash deuba",kohalpur,kalyandeuba711@tu.edu.np
"ramesh prakash deuba",illam,rameshdeuba558@meta.co
"ram prakash oli",illam,ramoli679@yahoo.com
"ramesh prasad neupane",morang,rameshneupane248@facebook.co
"manish shekhar bhandari",syangha,manishbhandari35@mit.us
"manish kumar magar",panchtahr,manishmagar632@hazesoft.co
"kripesh kumar lamichhane",kavre,kripeshlamichhane420@facebook.co
"manish prakash sharma",ramnagar,manishsharma83@meta.co
"ramesh kumar magar",illam,rameshmagar469@edu.np
"golu prasad rai",kohalpur,golurai619@hotmail.com
"prasanna prakash shrestha",bajura,prasannashrestha594@gmail.com
"suraj shekhar deuba",basantapur,surajdeuba199@mof.np
"pintu prasad thapa",lokanthali,pintuthapa380@mof.np
"manish prakash magar",bajang,manishmagar563@moe.np
"pintu chandra rai",jhapa,pinturai387@hotmail.com
"nischal kumar rai",kaski,nischalrai384@hazesoft.co
"rishikesh kumar gywali",parvat,rishikeshgywali413@mof.np
"ashim bahadur maharjan",kavre,ashimmaharjan393@meta.co
"samaya prakash rai",ramnagar,samayarai563@mof.np
"saisagun shekhar rai",syangha,saisagunrai44@mof.np
"prasanna prasad oli",syangha,prasannaoli739@yahoo.com
"kalyan kumar sharma",rukum,kalyansharma51@edu.np
"kripesh prasad neupane",illam,kripeshneupane305@facebook.co
"golu shekhar deuba",bajura,goludeuba952@facebook.co
"nischal kumar rana",kohalpur,nischalrana224@facebook.co
"saisagun kumar maharjan",kohalpur,saisagunmaharjan936@hazesoft.co
"bisesh prasad dahal",rukum,biseshdahal718@edu.np
"manish kumar deuba",morang,manishdeuba57@edu.np
"prasanna bahadur rana",bardiya,prasannarana506@gmail.com
"pintu prasad neupane",rukum,pintuneupane474@edu.np
"ram shekhar bhandari",rukum,rambhandari178@mit.us
"bablu bahadur gywali",lokanthali,bablugywali752@mof.np
"prasanna prakash gywali",banke,prasannagywali836@gmail.com
"diresh prasad maharjan",lokanthali,direshmaharjan145@edu.np
"samir prakash chapagain",bajang,samirchapagain854@ioe.np
"ramesh shekhar thapa",morang,rameshthapa922@moe.np
"saisagun prakash shrestha",illam,saisagunshrestha911@ioe.np
"pratik shekhar magar",sallaghari,pratikmagar796@mit.us
"manish prakash oli",illam,manisholi897@ioe.np
"manish kumar magar",rukum,manishmagar984@moe.np
"ram prasad dahal",rukum,ramdahal829@co.uk
"dibesh shekhar neupane",syangha,dibeshneupane88@moe.np
"shishir chandra bhandari",bajang,shishirbhandari909@mof.np
"bablu kumar thapa",jhapa,babluthapa770@meta.co
"pintu kumar thapa",bajang,pintuthapa330@mof.np
"ramesh prasad thapa",panchtahr,rameshthapa689@facebook.co
"bablu kumar maharjan",banke,bablumaharjan367@gmail.com
"prasanna prakash rana",syangha,prasannarana52@moe.np
"alex shekhar bhandari",banke,alexbhandari149@moe.np
"bisesh prakash oli",kavre,bisesholi279@co.uk
"pratik shekhar chapagain",parvat,pratikchapagain512@gmail.com
"rabindra kumar dahal",kaski,rabindradahal731@mit.us
"suraj chandra lamichhane",morang,surajlamichhane93@facebook.co
"ashim shekhar gywali",banke,ashimgywali657@hotmail.com
"bibek bahadur neupane",dolpa,bibekneupane678@tu.edu.np
"ramesh kumar chapagain",dolpa,rameshchapagain169@edu.np
"pratik chandra thapa",bajura,pratikthapa734@co.uk
"kalyan chandra sharma",panchtahr,kalyansharma751@mof.np
"ramesh prakash magar",kavre,rameshmagar508@tu.edu.np
"kripesh prasad gywali",kavre,kripeshgywali57@meta.co
"bisesh bahadur shrestha",dolpa,biseshshrestha308@mof.np
"manish chandra sharma",kohalpur,manishsharma382@facebook.co
"pintu shekhar rai",rukum,pinturai582@hazesoft.co
"diresh prasad thapa",illam,direshthapa782@meta.co
"bablu kumar thapa",kohalpur,babluthapa175@meta.co
"sumin shekhar gywali",bajang,sumingywali932@hotmail.com
"prasanna shekhar lamichhane",sallaghari,prasannalamichhane650@hazesoft.co
"sujal chandra maharjan",lokanthali,sujalmaharjan82@gmail.com
"samaya shekhar maharjan",sallaghari,samayamaharjan37@tu.edu.np
"diresh prasad magar",kaski,direshmagar763@moe.np
"ram kumar chapagain",bajang,ramchapagain105@mof.np
"bibek bahadur chapagain",basantapur,bibekchapagain351@co.uk
"bibek chandra bhandari",parvat,bibekbhandari545@mit.us
"nischal kumar thapa",basantapur,nischalthapa212@ioe.np
"bablu kumar sharma",rukum,bablusharma251@edu.np
"kobid prasad rana",bajura,kobidrana174@edu.np
"kobid shekhar gywali",lokanthali,kobidgywali619@facebook.co
"manish chandra bhandari",sallaghari,manishbhandari267@yahoo.com
"rishikesh bahadur gywali",dolpa,rishikeshgywali304@facebook.co
"golu chandra shrestha",bajang,golushrestha224@mit.us
"pintu kumar dahal",illam,pintudahal840@hotmail.com
"bablu bahadur lamichhane",syangha,bablulamichhane941@hazesoft.co
"sumin chandra rai",illam,suminrai280@gmail.com
"bibek shekhar rai",bajura,bibekrai936@hazesoft.co
"shishir prakash lamichhane",bajang,shishirlamichhane44@mit.us
"bablu kumar sharma",sallaghari,bablusharma968@mof.np
