Full Name,Address,Email
john Doe,123 Main St,john.doe12@gmail.com
smith     maharjan Doe,123 Main St,smith.doe12@gmail.com
ram Doe,123 Main St,ram.doe12@gmail.com
john Doe,123 Main St,john.doe12@gmail.com
smith     maharjan Doe,123 Main St,smith.doe12@gmail.com
ram Doe,123 Main St,ram.doe12@gmail.com
Michael Smith,123 Main St,michael.smith12@gmail.com
Emily Johnson,456 Main St,emily.johnson12@gmail.com
Chris middle Williams,789 Main St,chris.williams12@gmail.com
Jessica Brown,101 Main St,jessica.brown12@gmail.com
David Jones,112 Main St,david.jones12@gmail.com
Sarah Garcia,131 Main St,sarah.garcia12@gmail.com
James Miller,415 Main St,james.miller12@gmail.com
Laura Davis,161 Main St,laura.davis12@gmail.com
John Rodriguez,718 Main St,john.rodriguez12@gmail.com
Jane Martinez,192 Main St,jane.martinez12@gmail.com
Michael Smith,223 Main St,michael.smith12@gmail.com
Emily Johnson,242 Main St,emily.johnson12@gmail.com
Chris Williams,263 Main St,chris.williams12@gmail.com
Jessica Brown,284 Main St,jessica.brown12@gmail.com
David Jones,305 Main St,david.jones12@gmail.com
Sarah Garcia,326 Main St,sarah.garcia12@gmail.com
Jane Marie Martinez,192 Main St,jane.marie.martinez12@gmail.com
Michael John Smith,223 Main St,michael.john.smith12@gmail.com
Emily Rose Johnson,242 Main St,emily.rose.johnson12@gmail.com
Chris Alan Williams,263 Main St,chris.alan.williams12@gmail.com
Jessica Marie Brown,284 Main St,jessica.marie.brown12@gmail.com
David Lee Jones,305 Main St,david.lee.jones12@gmail.com
Sarah Ann Garcia,326 Main St,sarah.ann.garcia12@gmail.com
James Robert Miller,347 Main St,james.robert.miller12@gmail.com
Laura Elizabeth Davis,368 Main St,laura.elizabeth.davis12@gmail.com
John Michael Rodriguez,389 Main St,john.michael.rodriguez12@gmail.com
Jane Marie Martinez,410 Main St,jane.marie.martinez12@gmail.com
Michael John Smith,431 Main St,michael.john.smith12@gmail.com
Emily Rose Johnson,452 Main St,emily.rose.johnson12@gmail.com
Chris Alan Williams,473 Main St,chris.alan.williams12@gmail.com
Jessica Marie Brown,494 Main St,jessica.marie.brown12@gmail.com
David Lee Jones,515 Main St,david.lee.jones12@gmail.com
Sarah Ann Garcia,536 Main St,sarah.ann.garcia12@gmail.com
James Robert Miller,557 Main St,james.robert.miller12@gmail.com
Laura Elizabeth Davis,578 Main St,laura.elizabeth.davis12@gmail.com
John Michael Rodriguez,599 Main St,john.michael.rodriguez12@gmail.com
Jane Marie Martinez,620 Main St,jane.marie.martinez12@gmail.com
Michael John Smith,641 Main St,michael.john.smith12@gmail.com
Emily Rose Johnson,662 Main St,emily.rose.johnson12@gmail.com
Chris Alan Williams,683 Main St,chris.alan.williams12@gmail.com
Jessica Marie Brown,704 Main St,jessica.marie.brown12@gmail.com
David Lee Jones,725 Main St,david.lee.jones12@gmail.com
Sarah Ann Garcia,746 Main St,sarah.ann.garcia12@gmail.com
James Robert Miller,767 Main St,james.robert.miller12@gmail.com
Laura Elizabeth Davis,788 Main St,laura.elizabeth.davis12@gmail.com
John Michael Rodriguez,809 Main St,john.michael.rodriguez12@gmail.com
Jane Marie Martinez,830 Main St,jane.marie.martinez12@gmail.com
Michael John Smith,851 Main St,michael.john.smith12@gmail.com
Emily Rose Johnson,872 Main St,emily.rose.johnson12@gmail.com
Chris Alan Williams,893 Main St,chris.alan.williams12@gmail.com
Jessica Marie Brown,914 Main St,jessica.marie.brown12@gmail.com
David Lee Jones,935 Main St,david.lee.jones12@gmail.com
Sarah Ann Garcia,956 Main St,sarah.ann.garcia12@gmail.com
James Robert Miller,977 Main St,james.robert.miller12@gmail.com
Laura Elizabeth Davis,998 Main St,laura.elizabeth.davis12@gmail.com
John Michael Rodriguez,1019 Main St,john.michael.rodriguez12@gmail.com
Jane Marie Martinez,1040 Main St,jane.marie.martinez12@gmail.com
Michael John Smith,1061 Main St,michael.john.smith12@gmail.com
Emily Rose Johnson,1082 Main St,emily.rose.johnson12@gmail.com
Chris Alan Williams,1103 Main St,chris.alan.williams12@gmail.com
Jessica Marie Brown,1124 Main St,jessica.marie.brown12@gmail.com
David Lee Jones,1145 Main St,david.lee.jones12@gmail.com
Sarah Ann Garcia,1166 Main St,sarah.ann.garcia12@gmail.com
James Robert Miller,1187 Main St,james.robert.miller12@gmail.com
Laura Elizabeth Davis,1208 Main St,laura.elizabeth.davis12@gmail.com
John Michael Rodriguez,1229 Main St,john.michael.rodriguez12@gmail.com
Jane Marie Martinez,1250 Main St,jane.marie.martinez12@gmail.com
Michael John Smith,1271 Main St,michael.john.smith12@gmail.com
Emily Rose Johnson,1292 Main St,emily.rose.johnson12@gmail.com
Chris Alan Williams,1313 Main St,chris.alan.williams12@gmail.com
Jessica Marie Brown,1334 Main St,jessica.marie.brown12@gmail.com
David Lee Jones,1355 Main St,david.lee.jones12@gmail.com
Sarah Ann Garcia,1376 Main St,sarah.ann.garcia12@gmail.com
James Robert Miller,1397 Main St,james.robert.miller12@gmail.com
Laura Elizabeth Davis,1418 Main St,laura.elizabeth.davis12@gmail.com
John Michael Rodriguez,1439 Main St,john.michael.rodriguez12@gmail.com
Jane Marie Martinez,1460 Main St,jane.marie.martinez12@gmail.com
Michael John Smith,1481 Main St,michael.john.smith12@gmail.com
Emily Rose Johnson,1502 Main St,emily.rose.johnson12@gmail.com
Chris Alan Williams,1523 Main St,chris.alan.williams12@gmail.com
Jessica Marie Brown,1544 Main St,jessica.marie.brown12@gmail.com
David Lee Jones,1565 Main St,david.lee.jones12@gmail.com
Sarah Ann Garcia,1586 Main St,sarah.ann.garcia12@gmail.com
James Robert Miller,1607 Main St,james.robert.miller12@gmail.com
Laura Elizabeth Davis,1628 Main St,laura.elizabeth.davis12@gmail.com
John Michael Rodriguez,1649 Main St,john.michael.rodriguez12@gmail.com
Jane Marie Martinez,1670 Main St,jane.marie.martinez12@gmail.com
Michael John Smith,1691 Main St,michael.john.smith12@gmail.com
Emily Rose Johnson,1712 Main St,emily.rose.johnson12@gmail.com
Chris Alan Williams,1733 Main St,chris.alan.williams12@gmail.com
Jessica Marie Brown,1754 Main St,jessica.marie.brown12@gmail.com
David Lee Jones,1775 Main St,david.lee.jones12@gmail.com
Sarah Ann Garcia,1796 Main St,sarah.ann.garcia12@gmail.com
James Robert Miller,1817 Main St,james.robert.miller12@gmail.com
Laura Elizabeth Davis,1838 Main St,laura.elizabeth.davis12@gmail.com
John Michael Rodriguez,1859 Main St,john.michael.rodriguez12@gmail.com
Jane Marie Martinez,1880 Main St,jane.marie.martinez12@gmail.com
Michael John Smith,1901 Main St,michael.john.smith12@gmail.com
Emily Rose Johnson,1922 Main St,emily.rose.johnson12@gmail.com
Chris Alan Williams,1943 Main St,chris.alan.williams12@gmail.com
Jessica Marie Brown,1964 Main St,jessica.marie.brown12@gmail.com
David Lee Jones,1985 Main St,david.lee.jones12@gmail.com
Sarah Ann Garcia,2006 Main St,sarah.ann.garcia12@gmail.com
James Robert Miller,2027 Main St,james.robert.miller12@gmail.com
Laura Elizabeth Davis,2048 Main St,laura.elizabeth.davis12@gmail.com
John Michael Rodriguez,2069 Main St,john.michael.rodriguez12@gmail.com
Jane Marie Martinez,2090 Main St,jane.marie.martinez12@gmail.com
Michael John Smith,2111 Main St,michael.john.smith12@gmail.com
Emily Rose Johnson,2132 Main St,emily.rose.johnson12@gmail.com
Chris Alan Williams,2153 Main St,chris.alan.williams12@gmail.com
Jessica Marie Brown,2174 Main St,jessica.marie.brown12@gmail.com
David Lee Jones,2195 Main St,david.lee.jones12@gmail.com
Sarah Ann Garcia,2216 Main St,sarah.ann.garcia12@gmail.com
James Robert Miller,2237 Main St,james.robert.miller12@gmail.com
Laura Elizabeth Davis,2258 Main St,laura.elizabeth.davis12@gmail.com
John Michael Rodriguez,2279 Main St,john.michael.rodriguez12@gmail.com
Jane Marie Martinez,2300 Main St,jane.marie.martinez12@gmail.com
Michael John Smith,2321 Main St,michael.john.smith12@gmail.com
Emily Rose Johnson,2342 Main St,emily.rose.johnson12@gmail.com
Chris Alan Williams,2363 Main St,chris.alan.williams12@gmail.com
Jessica Marie Brown,2384 Main St,jessica.marie.brown12@gmail.com
David Lee Jones,2405 Main St,david.lee.jones12@gmail.com
Sarah Ann Garcia,2426 Main St,sarah.ann.garcia12@gmail.com
James Robert Miller,2447 Main St,james.robert.miller12@gmail.com
Laura Elizabeth Davis,2468 Main St,laura.elizabeth.davis12@gmail.com
John Michael Rodriguez,2489 Main St,john.michael.rodriguez12@gmail.com
Jane Marie Martinez,2510 Main St,jane.marie.martinez12@gmail.com
Michael John Smith,2531 Main St,michael.john.smith12@gmail.com
Emily Rose Johnson,2552 Main St,emily.rose.johnson12@gmail.com
Chris Alan Williams,2573 Main St,chris.alan.williams12@gmail.com
Jessica Marie Brown,2594 Main St,jessica.marie.brown12@gmail.com
David Lee Jones,2615 Main St,david.lee.jones12@gmail.com
Sarah Ann Garcia,2636 Main St,sarah.ann.garcia12@gmail.com
James Robert Miller,2657 Main St,james.robert.miller12@gmail.com
Laura Elizabeth Davis,2678 Main St,laura.elizabeth.davis12@gmail.com
John Michael Rodriguez,2699 Main St,john.michael.rodriguez12@gmail.com
Jane Marie Martinez,2720 Main St,jane.marie.martinez12@gmail.com
Michael John Smith,2741 Main St,michael.john.smith12@gmail.com
Emily Rose Johnson,2762 Main St,emily.rose.johnson12@gmail.com
Chris Alan Williams,2783 Main St,chris.alan.williams12@gmail.com
Jessica Marie Brown,2804 Main St,jessica.marie.brown12@gmail.com
David Lee Jones,2825 Main St,david.lee.jones12@gmail.com
Sarah Ann Garcia,2846 Main St,sarah.ann.garcia12@gmail.com
James Robert Miller,2867 Main St,james.robert.miller12@gmail.com
Laura Elizabeth Davis,2888 Main St,laura.elizabeth.davis12@gmail.com
John Michael Rodriguez,2909 Main St,john.michael.rodriguez12@gmail.com
Jane Marie Martinez,2930 Main St,jane.marie.martinez12@gmail.com
Michael John Smith,2951 Main St,michael.john.smith12@gmail.com
Emily Rose Johnson,2972 Main St,emily.rose.johnson12@gmail.com
Chris Alan Williams,2993 Main St,chris.alan.williams12@gmail.com
Jessica Marie Brown,3014 Main St,jessica.marie.brown12@gmail.com
David Lee Jones,3035 Main St,david.lee.jones12@gmail.com
Sarah Ann Garcia,3056 Main St,sarah.ann.garcia12@gmail.com
James Robert Miller,3077 Main St,james.robert.miller12@gmail.com
Laura Elizabeth Davis,3098 Main St,laura.elizabeth.davis12@gmail.com
John Michael Rodriguez,3119 Main St,john.michael.rodriguez12@gmail.com
Jane Marie Martinez,3140 Main St,jane.marie.martinez12@gmail.com
Michael John Smith,3161 Main St,michael.john.smith12@gmail.com
Emily Rose Johnson,3182 Main St,emily.rose.johnson12@gmail.com
Chris Alan Williams,3203 Main St,chris.alan.williams12@gmail.com
Jessica Marie Brown,3224 Main St,jessica.marie.brown12@gmail.com
David Lee Jones,3245 Main St,david.lee.jones12@gmail.com
Sarah Ann Garcia,3266 Main St,sarah.ann.garcia12@gmail.com
James Robert Miller,3287 Main St,james.robert.miller12@gmail.com
Laura Elizabeth Davis,3308 Main St,laura.elizabeth.davis12@gmail.com
John Michael Rodriguez,3329 Main St,john.michael.rodriguez12@gmail.com
Jane Marie Martinez,3350 Main St,jane.marie.martinez12@gmail.com
Michael John Smith,3371 Main St,michael.john.smith12@gmail.com
Emily Rose Johnson,3392 Main St,emily.rose.johnson12@gmail.com
Chris Alan Williams,3413 Main St,chris.alan.williams12@gmail.com
Jessica Marie Brown,3434 Main St,jessica.marie.brown12@gmail.com
David Lee Jones,3455 Main St,david.lee.jones12@gmail.com
Sarah Ann Garcia,3476 Main St,sarah.ann.garcia12@gmail.com
James Robert Miller,3497 Main St,james.robert.miller12@gmail.com
Laura Elizabeth Davis,3518 Main St,laura.elizabeth.davis12@gmail.com
John Michael Rodriguez,3539 Main St,john.michael.rodriguez12@gmail.com
Jane Marie Martinez,3560 Main St,jane.marie.martinez12@gmail.com
Michael John Smith,3581 Main St,michael.john.smith12@gmail.com
Emily Rose Johnson,3602 Main St,emily.rose.johnson12@gmail.com
Chris Alan Williams,3623 Main St,chris.alan.williams12@gmail.com
Jessica Marie Brown,3644 Main St,jessica.marie.brown12@gmail.com
David Lee Jones,3665 Main St,david.lee.jones12@gmail.com
Sarah Ann Garcia,3686 Main St,sarah.ann.garcia12@gmail.com
James Robert Miller,3707 Main St,james.robert.miller12@gmail.com
Laura Elizabeth Davis,3728 Main St,laura.elizabeth.davis12@gmail.com
John Michael Rodriguez,3749 Main St,john.michael.rodriguez12@gmail.com
Jane Marie Martinez,3770 Main St,jane.marie.martinez12@gmail.com
Michael John Smith,3791 Main St,michael.john.smith12@gmail.com
Emily Rose Johnson,3812 Main St,emily.rose.johnson12@gmail.com
Chris Alan Williams,3833 Main St,chris.alan.williams12@gmail.com
Jessica Marie Brown,3854 Main St,jessica.marie.brown12@gmail.com
David Lee Jones,3875 Main St,david.lee.jones12@gmail.com
Sarah Ann Garcia,3896 Main St,sarah.ann.garcia12@gmail.com
James Robert Miller,3917 Main St,james.robert.miller12@gmail.com
Laura Elizabeth Davis,3938 Main St,laura.elizabeth.davis12@gmail.com
John Michael Rodriguez,3959 Main St,john.michael.rodriguez12@gmail.com
Jane Marie Martinez,3980 Main St,jane.marie.martinez12@gmail.com
Michael John Smith,4001 Main St,michael.john.smith12@gmail.com
Emily Rose Johnson,4022 Main St,emily.rose.johnson12@gmail.com
Chris Alan Williams,4043 Main St,chris.alan.williams12@gmail.com
Jessica Marie Brown,4064 Main St,jessica.marie.brown12@gmail.com
David Lee Jones,4085 Main St,david.lee.jones12@gmail.com
Sarah Ann Garcia,4106 Main St,sarah.ann.garcia12@gmail.com
James Robert Miller,4127 Main St,james.robert.miller12@gmail.com
Laura Elizabeth Davis,4148 Main St,laura.elizabeth.davis12@gmail.com
John Michael Rodriguez,4169 Main St,john.michael.rodriguez12@gmail.com
Jane Marie Martinez,4190 Main St,jane.marie.martinez12@gmail.com
Michael John Smith,4211 Main St,michael.john.smith12@gmail.com
Emily Rose Johnson,4232 Main St,emily.rose.johnson12@gmail.com
Chris Alan Williams,4253 Main St,chris.alan.williams12@gmail.com
Jessica Marie Brown,4274 Main St,jessica.marie.brown12@gmail.com
David Lee Jones,4295 Main St,david.lee.jones12@gmail.com
Sarah Ann Garcia,4316 Main St,sarah.ann.garcia12@gmail.com
James Robert Miller,4337 Main St,james.robert.miller12@gmail.com
Laura Elizabeth Davis,4358 Main St,laura.elizabeth.davis12@gmail.com
John Michael Rodriguez,4379 Main St,john.michael.rodriguez12@gmail.com
Jane Marie Martinez,4400 Main St,jane.marie.martinez12@gmail.com
Michael John Smith,4421 Main St,michael.john.smith12@gmail.com
Emily Rose Johnson,4442 Main St,emily.rose.johnson12@gmail.com
Chris Alan Williams,4463 Main St,chris.alan.williams12@gmail.com
Jessica Marie Brown,4484 Main St,jessica.marie.brown12@gmail.com
David Lee Jones,4505 Main St,david.lee.jones12@gmail.com
Sarah Ann Garcia,4526 Main St,sarah.ann.garcia12@gmail.com
James Robert Miller,4547 Main St,james.robert.miller12@gmail.comFull Name,Address,Email
john Doe,123 Main St,john.doe12@gmail.com
smith     maharjan Doe,123 Main St,smith.doe12@gmail.com
ram Doe,123 Main St,ram.doe12@gmail.com
Michael John Smith,123 Main St,michael.john.smith12@gmail.com
Emily Rose Johnson,456 Main St,emily.rose.johnson12@gmail.com
Chris Alan Williams,789 Main St,chris.alan.williams12@gmail.com
Jessica Marie Brown,101 Main St,jessica.marie.brown12@gmail.com
David Lee Jones,112 Main St,david.lee.jones12@gmail.com
Sarah Ann Garcia,131 Main St,sarah.ann.garcia12@gmail.com
James Robert Miller,415 Main St,james.robert.miller12@gmail.com
Laura Elizabeth Davis,161 Main St,laura.elizabeth.davis12@gmail.com
John Michael Rodriguez,718 Main St,john.michael.rodriguez12@gmail.com
Jane Marie Martinez,192 Main St,jane.marie.martinez12@gmail.com
Michael John Smith,223 Main St,michael.john.smith12@gmail.com
Emily Rose Johnson,242 Main St,emily.rose.johnson12@gmail.com
Chris Alan Williams,263 Main St,chris.alan.williams12@gmail.com
Jessica Marie Brown,284 Main St,jessica.marie.brown12@gmail.com
David Lee Jones,305 Main St,david.lee.jones12@gmail.com
Sarah Ann Garcia,326 Main St,sarah.ann.garcia12@gmail.com
James Robert Miller,347 Main St,james.robert.miller12@gmail.com
Laura Elizabeth Davis,368 Main St,laura.elizabeth.davis12@gmail.com
John Michael Rodriguez,389 Main St,john.michael.rodriguez12@gmail.com
Jane Marie Martinez,410 Main St,jane.marie.martinez12@gmail.com
Michael John Smith,431 Main St,michael.john.smith12@gmail.com
Emily Rose Johnson,452 Main St,emily.rose.johnson12@gmail.com
Chris Alan Williams,473 Main St,chris.alan.williams12@gmail.com
Jessica Marie Brown,494 Main St,jessica.marie.brown12@gmail.com
David Lee Jones,515 Main St,david.lee.jones12@gmail.com
Sarah Ann Garcia,536 Main St,sarah.ann.garcia12@gmail.com
James Robert Miller,557 Main St,james.robert.miller12@gmail.com
Laura Elizabeth Davis,578 Main St,laura.elizabeth.davis12@gmail.com
John Michael Rodriguez,599 Main St,john.michael.rodriguez12@gmail.com
Jane Marie Martinez,620 Main St,jane.marie.martinez12@gmail.com
Michael John Smith,641 Main St,michael.john.smith12@gmail.com
Emily Rose Johnson,662 Main St,emily.rose.johnson12@gmail.com
Chris Alan Williams,683 Main St,chris.alan.williams12@gmail.com
Jessica Marie Brown,704 Main St,jessica.marie.brown12@gmail.com
David Lee Jones,725 Main St,david.lee.jones12@gmail.com
Sarah Ann Garcia,746 Main St,sarah.ann.garcia12@gmail.com
James Robert Miller,767 Main St,james.robert.miller12@gmail.com
Laura Elizabeth Davis,788 Main St,laura.elizabeth.davis12@gmail.com
John Michael Rodriguez,809 Main St,john.michael.rodriguez12@gmail.com
Jane Marie Martinez,830 Main St,jane.marie.martinez12@gmail.com
Michael John Smith,851 Main St,michael.john.smith12@gmail.com
Emily Rose Johnson,872 Main St,emily.rose.johnson12@gmail.com
Chris Alan Williams,893 Main St,chris.alan.williams12@gmail.com
Jessica Marie Brown,914 Main St,jessica.marie.brown12@gmail.com
David Lee Jones,935 Main St,david.lee.jones12@gmail.com
Sarah Ann Garcia,956 Main St,sarah.ann.garcia12@gmail.com
James Robert Miller,977 Main St,james.robert.miller12@gmail.com
Laura Elizabeth Davis,998 Main St,laura.elizabeth.davis12@gmail.com
John Michael Rodriguez,1019 Main St,john.michael.rodriguez12@gmail.com
Jane Marie Martinez,1040 Main St,jane.marie.martinez12@gmail.com
Michael John Smith,1061 Main St,michael.john.smith12@gmail.com
Emily Rose Johnson,1082 Main St,emily.rose.johnson12@gmail.com
Chris Alan Williams,1103 Main St,chris.alan.williams12@gmail.com
Jessica Marie Brown,1124 Main St,jessica.marie.brown12@gmail.com
David Lee Jones,1145 Main St,david.lee.jones12@gmail.com
Sarah Ann Garcia,1166 Main St,sarah.ann.garcia12@gmail.com
James Robert Miller,1187 Main St,james.robert.miller12@gmail.com
Laura Elizabeth Davis,1208 Main St,laura.elizabeth.davis12@gmail.com
John Michael Rodriguez,1229 Main St,john.michael.rodriguez12@gmail.com
Jane Marie Martinez,1250 Main St,jane.marie.martinez12@gmail.com
Michael John Smith,1271 Main St,michael.john.smith12@gmail.com
Emily Rose Johnson,1292 Main St,emily.rose.johnson12@gmail.com
Chris Alan Williams,1313 Main St,chris.alan.williams12@gmail.com
Jessica Marie Brown,1334 Main St,jessica.marie.brown12@gmail.com
David Lee Jones,1355 Main St,david.lee.jones12@gmail.com
Sarah Ann Garcia,1376 Main St,sarah.ann.garcia12@gmail.com
James Robert Miller,1397 Main St,james.robert.miller12@gmail.com
Laura Elizabeth Davis,1418 Main St,laura.elizabeth.davis12@gmail.com
John Michael Rodriguez,1439 Main St,john.michael.rodriguez12@gmail.com
Jane Marie Martinez,1460 Main St,jane.marie.martinez12@gmail.com
Michael John Smith,1481 Main St,michael.john.smith12@gmail.com
Emily Rose Johnson,1502 Main St,emily.rose.johnson12@gmail.com
Chris Alan Williams,1523 Main St,chris.alan.williams12@gmail.com
Jessica Marie Brown,1544 Main St,jessica.marie.brown12@gmail.com
David Lee Jones,1565 Main St,david.lee.jones12@gmail.com
Sarah Ann Garcia,1586 Main St,sarah.ann.garcia12@gmail.com
James Robert Miller,1607 Main St,james.robert.miller12@gmail.com
Laura Elizabeth Davis,1628 Main St,laura.elizabeth.davis12@gmail.com
John Michael Rodriguez,1649 Main St,john.michael.rodriguez12@gmail.com
Jane Marie Martinez,1670 Main St,jane.marie.martinez12@gmail.com
Michael John Smith,1691 Main St,michael.john.smith12@gmail.com
Emily Rose Johnson,1712 Main St,emily.rose.johnson12@gmail.com
Chris Alan Williams,1733 Main St,chris.alan.williams12@gmail.com
Jessica Marie Brown,1754 Main St,jessica.marie.brown12@gmail.com
David Lee Jones,1775 Main St,david.lee.jones12@gmail.com
Sarah Ann Garcia,1796 Main St,sarah.ann.garcia12@gmail.com
James Robert Miller,1817 Main St,james.robert.miller12@gmail.com
Laura Elizabeth Davis,1838 Main St,laura.elizabeth.davis12@gmail.com
John Michael Rodriguez,1859 Main St,john.michael.rodriguez12@gmail.com
Jane Marie Martinez,1880 Main St,jane.marie.martinez12@gmail.com
Michael John Smith,1901 Main St,michael.john.smith12@gmail.com
Emily Rose Johnson,1922 Main St,emily.rose.johnson12@gmail.com
Chris Alan Williams,1943 Main St,chris.alan.williams12@gmail.com
Jessica Marie Brown,1964 Main St,jessica.marie.brown12@gmail.com
David Lee Jones,1985 Main St,david.lee.jones12@gmail.com
Sarah Ann Garcia,2006 Main St,sarah.ann.garcia12@gmail.com
James Robert Miller,2027 Main St,james.robert.miller12@gmail.com
Laura Elizabeth Davis,2048 Main St,laura.elizabeth.davis12@gmail.com
John Michael Rodriguez,2069 Main St,john.michael.rodriguez12@gmail.com
Jane Marie Martinez,2090 Main St,jane.marie.martinez12@gmail.com
Michael John Smith,2111 Main St,michael.john.smith12@gmail.com
Emily Rose Johnson,2132 Main St,emily.rose.johnson12@gmail.com
Chris Alan Williams,2153 Main St,chris.alan.williams12@gmail.com
Jessica Marie Brown,2174 Main St,jessica.marie.brown12@gmail.com
David Lee Jones,2195 Main St,david.lee.jones12@gmail.com
Sarah Ann Garcia,2216 Main St,sarah.ann.garcia12@gmail.com
James Robert Miller,2237 Main St,james.robert.miller12@gmail.com
Laura Elizabeth Davis,2258 Main St,laura.elizabeth.davis12@gmail.com
John Michael Rodriguez,2279 Main St,john.michael.rodriguez12@gmail.com
Jane Marie Martinez,2300 Main St,jane.marie.martinez12@gmail.com
Michael John Smith,2321 Main St,michael.john.smith12@gmail.com
Emily Rose Johnson,2342 Main St,emily.rose.johnson12@gmail.com
Chris Alan Williams,2363 Main St,chris.alan.williams12@gmail.com
Jessica Marie Brown,2384 Main St,jessica.marie.brown12@gmail.com
David Lee Jones,2405 Main St,david.lee.jones12@gmail.com
Sarah Ann Garcia,2426 Main St,sarah.ann.garcia12@gmail.com
James Robert Miller,2447 Main St,james.robert.miller12@gmail.com
Laura Elizabeth Davis,2468 Main St,laura.elizabeth.davis12@gmail.com
John Michael Rodriguez,2489 Main St,john.michael.rodriguez12@gmail.com
Jane Marie Martinez,2510 Main St,jane.marie.martinez12@gmail.com
Michael John Smith,2531 Main St,michael.john.smith12@gmail.com
Emily Rose Johnson,2552 Main St,emily.rose.johnson12@gmail.com
Chris Alan Williams,2573 Main St,chris.alan.williams12@gmail.com
Jessica Marie Brown,2594 Main St,jessica.marie.brown12@gmail.com
David Lee Jones,2615 Main St,david.lee.jones12@gmail.com
Sarah Ann Garcia,2636 Main St,sarah.ann.garcia12@gmail.com
James Robert Miller,2657 Main St,james.robert.miller12@gmail.com
Laura Elizabeth Davis,2678 Main St,laura.elizabeth.davis12@gmail.com
John Michael Rodriguez,2699 Main St,john.michael.rodriguez12@gmail.com
Jane Marie Martinez,2720 Main St,jane.marie.martinez12@gmail.com
Michael John Smith,2741 Main St,michael.john.smith12@gmail.com
Emily Rose Johnson,2762 Main St,emily.rose.johnson12@gmail.com
Chris Alan Williams,2783 Main St,chris.alan.williams12@gmail.com
Jessica Marie Brown,2804 Main St,jessica.marie.brown12@gmail.com
David Lee Jones,2825 Main St,david.lee.jones12@gmail.com
Sarah Ann Garcia,2846 Main St,sarah.ann.garcia12@gmail.com
James Robert Miller,2867 Main St,james.robert.miller12@gmail.com
Laura Elizabeth Davis,2888 Main St,laura.elizabeth.davis12@gmail.com
John Michael Rodriguez,2909 Main St,john.michael.rodriguez12@gmail.com
Jane Marie Martinez,2930 Main St,jane.marie.martinez12@gmail.com
Michael John Smith,2951 Main St,michael.john.smith12@gmail.com
Emily Rose Johnson,2972 Main St,emily.rose.johnson12@gmail.com
Chris Alan Williams,2993 Main St,chris.alan.williams12@gmail.com
Jessica Marie Brown,3014 Main St,jessica.marie.brown12@gmail.com
David Lee Jones,3035 Main St,david.lee.jones12@gmail.com
Sarah Ann Garcia,3056 Main St,sarah.ann.garcia12@gmail.com
James Robert Miller,3077 Main St,james.robert.miller12@gmail.com
Laura Elizabeth Davis,3098 Main St,laura.elizabeth.davis12@gmail.com
John Michael Rodriguez,3119 Main St,john.michael.rodriguez12@gmail.com
Jane Marie Martinez,3140 Main St,jane.marie.martinez12@gmail.com
Michael John Smith,3161 Main St,michael.john.smith12@gmail.com
Emily Rose Johnson,3182 Main St,emily.rose.johnson12@gmail.com
Chris Alan Williams,3203 Main St,chris.alan.williams12@gmail.com
Jessica Marie Brown,3224 Main St,jessica.marie.brown12@gmail.com
David Lee Jones,3245 Main St,david.lee.jones12@gmail.com
Sarah Ann Garcia,3266 Main St,sarah.ann.garcia12@gmail.com
James Robert Miller,3287 Main St,james.robert.miller12@gmail.com
Laura Elizabeth Davis,3308 Main St,laura.elizabeth.davis12@gmail.com
John Michael Rodriguez,3329 Main St,john.michael.rodriguez12@gmail.com
Jane Marie Martinez,3350 Main St,jane.marie.martinez12@gmail.com
Michael John Smith,3371 Main St,michael.john.smith12@gmail.com
Emily Rose Johnson,3392 Main St,emily.rose.johnson12@gmail.com
Chris Alan Williams,3413 Main St,chris.alan.williams12@gmail.com
Jessica Marie Brown,3434 Main St,jessica.marie.brown12@gmail.com
David Lee Jones,3455 Main St,david.lee.jones12@gmail.com
Sarah Ann Garcia,3476 Main St,sarah.ann.garcia12@gmail.com
James Robert Miller,3497 Main St,james.robert.miller12@gmail.com
Laura Elizabeth Davis,3518 Main St,laura.elizabeth.davis12@gmail.com
John Michael Rodriguez,3539 Main St,john.michael.rodriguez12@gmail.com
Jane Marie Martinez,3560 Main St,jane.marie.martinez12@gmail.com
Michael John Smith,3581 Main St,michael.john.smith12@gmail.com
Emily Rose Johnson,3602 Main St,emily.rose.johnson12@gmail.com
Chris Alan Williams,3623 Main St,chris.alan.williams12@gmail.com
Jessica Marie Brown,3644 Main St,jessica.marie.brown12@gmail.com
David Lee Jones,3665 Main St,david.lee.jones12@gmail.com
Sarah Ann Garcia,3686 Main St,sarah.ann.garcia12@gmail.com
James Robert Miller,3707 Main St,james.robert.miller12@gmail.com
Laura Elizabeth Davis,3728 Main St,laura.elizabeth.davis12@gmail.com
John Michael Rodriguez,3749 Main St,john.michael.rodriguez12@gmail.com
Jane Marie Martinez,3770 Main St,jane.marie.martinez12@gmail.com
Michael John Smith,3791 Main St,michael.john.smith12@gmail.com
Emily Rose Johnson,3812 Main St,emily.rose.johnson12@gmail.com
Chris Alan Williams,3833 Main St,chris.alan.williams12@gmail.com
Jessica Marie Brown,3854 Main St,jessica.marie.brown12@gmail.com
David Lee Jones,3875 Main St,david.lee.jones12@gmail.com
Sarah Ann Garcia,3896 Main St,sarah.ann.garcia12@gmail.com
James Robert Miller,3917 Main St,james.robert.miller12@gmail.com
Laura Elizabeth Davis,3938 Main St,laura.elizabeth.davis12@gmail.com
John Michael Rodriguez,3959 Main St,john.michael.rodriguez12@gmail.com
Jane Marie Martinez,3980 Main St,jane.marie.martinez12@gmail.com
Michael John Smith,4001 Main St,michael.john.smith12@gmail.com
Emily Rose Johnson,4022 Main St,emily.rose.johnson12@gmail.com
Chris Alan Williams,4043 Main St,chris.alan.williams12@gmail.com
Jessica Marie Brown,4064 Main St,jessica.marie.brown12@gmail.com
David Lee Jones,4085 Main St,david.lee.jones12@gmail.com
Sarah Ann Garcia,4106 Main St,sarah.ann.garcia12@gmail.com
James Robert Miller,4127 Main St,james.robert.miller12@gmail.com
Laura Elizabeth Davis,4148 Main St,laura.elizabeth.davis12@gmail.com
John Michael Rodriguez,4169 Main St,john.michael.rodriguez12@gmail.com
Jane Marie Martinez,4190 Main St,jane.marie.martinez12@gmail.com
Michael John Smith,4211 Main St,michael.john.smith12@gmail.com
Emily Rose Johnson,4232 Main St,emily.rose.johnson12@gmail.com
Chris Alan Williams,4253 Main St,chris.alan.williams12@gmail.com
Jessica Marie Brown,4274 Main St,jessica.marie.brown12@gmail.com
David Lee Jones,4295 Main St,david.lee.jones12@gmail.com
Sarah Ann Garcia,4316 Main St,sarah.ann.garcia12@gmail.com
James Robert Miller,4337 Main St,james.robert.miller12@gmail.com
Laura Elizabeth Davis,4358 Main St,laura.elizabeth.davis12@gmail.com
John Michael Rodriguez,4379 Main St,john.michael.rodriguez12@gmail.com
Jane Marie Martinez,4400 Main St,jane.marie.martinez12@gmail.com
Michael John Smith,4421 Main St,michael.john.smith12@gmail.com
Emily Rose Johnson,4442 Main St,emily.rose.johnson12@gmail.com
Chris Alan Williams,4463 Main St,chris.alan.williams12@gmail.com
Jessica Marie Brown,4484 Main St,jessica.marie.brown12@gmail.com
David Lee Jones,4505 Main St,david.lee.jones12@gmail.com
Sarah Ann Garcia,4526 Main St,sarah.ann.garcia12@gmail.com
James Robert Miller,4547 Main St,james.robert.miller12@gmail.com
Chris Williams,1733 Main St,chris.williams12@gmail.com
Jessica Brown,1754 Main St,jessica.brown12@gmail.com
David Jones,1775 Main St,david.jones12@gmail.com
Sarah Garcia,1796 Main St,sarah.garcia12@gmail.com
James Miller,1817 Main St,james.miller12@gmail.com
Laura Davis,1838 Main St,laura.davis12@gmail.com
John Rodriguez,1859 Main St,john.rodriguez12@gmail.com
Jane Martinez,1880 Main St,jane.martinez12@gmail.com
Michael Smith,1901 Main St,michael.smith12@gmail.com
Emily Johnson,1922 Main St,emily.johnson12@gmail.com
Chris Williams,1943 Main St,chris.williams12@gmail.com
Jessica Brown,1964 Main St,jessica.brown12@gmail.com
David Jones,1985 Main St,david.jones12@gmail.com
Sarah Garcia,2006 Main St,sarah.garcia12@gmail.com
James Miller,2027 Main St,james.miller12@gmail.com
Laura Davis,2048 Main St,laura.davis12@gmail.com
John Rodriguez,2069 Main St,john.rodriguez12@gmail.com
Jane Martinez,2090 Main St,jane.martinez12@gmail.com
Michael Smith,2111 Main St,michael.smith12@gmail.com
Emily Johnson,2132 Main St,emily.johnson12@gmail.com
Chris Williams,2153 Main St,chris.williams12@gmail.com
Jessica Brown,2174 Main St,jessica.brown12@gmail.com
David Jones,2195 Main St,david.jones12@gmail.com
Sarah Garcia,2216 Main St,sarah.garcia12@gmail.com
James Miller,2237 Main St,james.miller12@gmail.com
Laura Davis,2258 Main St,laura.davis12@gmail.com
John Rodriguez,2279 Main St,john.rodriguez12@gmail.com
Jane Martinez,2300 Main St,jane.martinez12@gmail.com
Michael Smith,2321 Main St,michael.smith12@gmail.com
Emily Johnson,2342 Main St,emily.johnson12@gmail.com
Chris Williams,2363 Main St,chris.williams12@gmail.com
Jessica Brown,2384 Main St,jessica.brown12@gmail.com
David Jones,2405 Main St,david.jones12@gmail.com
Sarah Garcia,2426 Main St,sarah.garcia12@gmail.com
James Miller,2447 Main St,james.miller12@gmail.com
Laura Davis,2468 Main St,laura.davis12@gmail.com
John Rodriguez,2489 Main St,john.rodriguez12@gmail.com
Jane Martinez,2510 Main St,jane.martinez12@gmail.com
Michael Smith,2531 Main St,michael.smith12@gmail.com
Emily Johnson,2552 Main St,emily.johnson12@gmail.com
Chris Williams,2573 Main St,chris.williams12@gmail.com
Jessica Brown,2594 Main St,jessica.brown12@gmail.com
David Jones,2615 Main St,david.jones12@gmail.com
Sarah Garcia,2636 Main St,sarah.garcia12@gmail.com
James Miller,2657 Main St,james.miller12@gmail.com
Laura Davis,2678 Main St,laura.davis12@gmail.com
John Rodriguez,2699 Main St,john.rodriguez12@gmail.com
Jane Martinez,2720 Main St,jane.martinez12@gmail.com
Michael Smith,2741 Main St,michael.smith12@gmail.com
Emily Johnson,2762 Main St,emily.johnson12@gmail.com
Chris Williams,2783 Main St,chris.williams12@gmail.com
Jessica Brown,2804 Main St,jessica.brown12@gmail.com
David Jones,2825 Main St,david.jones12@gmail.com
Sarah Garcia,2846 Main St,sarah.garcia12@gmail.com
James Miller,2867 Main St,james.miller12@gmail.com
Laura Davis,2888 Main St,laura.davis12@gmail.com
John Rodriguez,2909 Main St,john.rodriguez12@gmail.com
Jane Martinez,2930 Main St,jane.martinez12@gmail.com
Michael Smith,2951 Main St,michael.smith12@gmail.com
Emily Johnson,2972 Main St,emily.johnson12@gmail.com
Chris Williams,2993 Main St,chris.williams12@gmail.com
Jessica Brown,3014 Main St,jessica.brown12@gmail.com
David Jones,3035 Main St,david.jones12@gmail.com
Sarah Garcia,3056 Main St,sarah.garcia12@gmail.com
James Miller,3077 Main St,james.miller12@gmail.com
Laura Davis,3098 Main St,laura.davis12@gmail.com
John Rodriguez,3119 Main St,john.rodriguez12@gmail.com
Jane Martinez,3140 Main St,jane.martinez12@gmail.com
Michael Smith,3161 Main St,michael.smith12@gmail.com
Emily Johnson,3182 Main St,emily.johnson12@gmail.com
Chris Williams,3203 Main St,chris.williams12@gmail.com
Jessica Brown,3224 Main St,jessica.brown12@gmail.com
David Jones,3245 Main St,david.jones12@gmail.com
Sarah Garcia,3266 Main St,sarah.garcia12@gmail.com
James Miller,3287 Main St,james.miller12@gmail.com
Laura Davis,3308 Main St,laura.davis12@gmail.com
John Rodriguez,3329 Main St,john.rodriguez12@gmail.com
Jane Martinez,3350 Main St,jane.martinez12@gmail.com
Michael Smith,3371 Main St,michael.smith12@gmail.com
Emily Johnson,3392 Main St,emily.johnson12@gmail.com
Chris Williams,3413 Main St,chris.williams12@gmail.com
Jessica Brown,3434 Main St,jessica.brown12@gmail.com
David Jones,3455 Main St,david.jones12@gmail.com
Sarah Garcia,3476 Main St,sarah.garcia12@gmail.com
James Miller,3497 Main St,james.miller12@gmail.com
Laura Davis,3518 Main St,laura.davis12@gmail.com
John Rodriguez,3539 Main St,john.rodriguez12@gmail.com
Jane Martinez,3560 Main St,jane.martinez12@gmail.com
Michael Smith,3581 Main St,michael.smith12@gmail.com
Emily Johnson,3602 Main St,emily.johnson12@gmail.com
Chris Williams,3623 Main St,chris.williams12@gmail.com
Jessica Brown,3644 Main St,jessica.brown12@gmail.com
David Jones,3665 Main St,david.jones12@gmail.com
Sarah Garcia,3686 Main St,sarah.garcia12@gmail.com
James Miller,3707 Main St,james.miller12@gmail.com
Laura Davis,3728 Main St,laura.davis12@gmail.com
John Rodriguez,3749 Main St,john.rodriguez12@gmail.com
Jane Martinez,3770 Main St,jane.martinez12@gmail.com
Michael Smith,3791 Main St,michael.smith12@gmail.com
Emily Johnson,3812 Main St,emily.johnson12@gmail.com
Chris Williams,3833 Main St,chris.williams12@gmail.com
Jessica Brown,3854 Main St,jessica.brown12@gmail.com
David Jones,3875 Main St,david.jones12@gmail.com
Sarah Garcia,3896 Main St,sarah.garcia12@gmail.com
James Miller,3917 Main St,james.miller12@gmail.com
Laura Davis,3938 Main St,laura.davis12@gmail.com
John Rodriguez,3959 Main St,john.rodriguez12@gmail.com
Jane Martinez,3980 Main St,jane.martinez12@gmail.com
Michael Smith,4001 Main St,michael.smith12@gmail.com
Emily Johnson,4022 Main St,emily.johnson12@gmail.com
Chris Williams,4043 Main St,chris.williams12@gmail.com
Jessica Brown,4064 Main St,jessica.brown12@gmail.com
David Jones,4085 Main St,david.jones12@gmail.com
Sarah Garcia,4106 Main St,sarah.garcia12@gmail.com
James Miller,4127 Main St,james.miller12@gmail.com
Laura Davis,4148 Main St,laura.davis12@gmail.com
John Rodriguez,4169 Main St,john.rodriguez12@gmail.com
Jane Martinez,4190 Main St,jane.martinez12@gmail.com
Michael Smith,4211 Main St,michael.smith12@gmail.com
Emily Johnson,4232 Main St,emily.johnson12@gmail.com
Chris Williams,4253 Main St,chris.williams12@gmail.com
Jessica Brown,4274 Main St,jessica.brown12@gmail.com
David Jones,4295 Main St,david.jones12@gmail.com
Sarah Garcia,4316 Main St,sarah.garcia12@gmail.com
James Miller,4337 Main St,james.miller12@gmail.com
Laura Davis,4358 Main St,laura.davis12@gmail.com
John Rodriguez,4379 Main St,john.rodriguez12@gmail.com
Jane Martinez,4400 Main St,jane.martinez12@gmail.com
Michael Smith,4421 Main St,michael.smith12@gmail.com
Emily Johnson,4442 Main St,emily.johnson12@gmail.com
Chris Williams,4463 Main St,chris.williams12@gmail.com
Jessica Brown,4484 Main St,jessica.brown12@gmail.com
David Jones,4505 Main St,david.jones12@gmail.com
Sarah Garcia,4526 Main St,sarah.garcia12@gmail.com
James Miller,4547 Main St,james.miller12@gmail.com
Laura Davis,4568 Main St,laura.davis12@gmail.com
John Rodriguez,4589 Main St,john.rodriguez12@gmail.com
Jane Martinez,4610 Main St,jane.martinez12@gmail.com
Michael Smith,4631 Main St,michael.smith12@gmail.com
Emily Johnson,4652 Main St,emily.johnson12@gmail.com
Chris Williams,4673 Main St,chris.williams12@gmail.com
Jessica Brown,4694 Main St,jessica.brown12@gmail.com
David Jones,4715 Main St,david.jones12@gmail.com
Sarah Garcia,4736 Main St,sarah.garcia12@gmail.com
James Miller,4757 Main St,james.miller12@gmail.com
Laura Davis,4778 Main St,laura.davis12@gmail.com
John Rodriguez,4799 Main St,john.rodriguez12@gmail.com
Jane Martinez,4820 Main St,jane.martinez12@gmail.com
Michael Smith,4841 Main St,michael.smith12@gmail.com
Emily Johnson,4862 Main St,emily.johnson12@gmail.com
Chris Williams,4883 Main St,chris.williams12@gmail.com
Jessica Brown,4904 Main St,jessica.brown12@gmail.com
David Jones,4925 Main St,david.jones12@gmail.com
Sarah Garcia,4946 Main St,sarah.garcia12@gmail.com
James Miller,4967 Main St,james.miller12@gmail.com
Laura Davis,4988 Main St,laura.davis12@gmail.com
John Rodriguez,5009 Main St,john.rodriguez12@gmail.com
Jane Martinez,5030 Main St,jane.martinez12@gmail.com
Michael Smith,5051 Main St,michael.smith12@gmail.com
Emily Johnson,5072 Main St,emily.johnson12@gmail.com
Chris Williams,5093 Main St,chris.williams12@gmail.com
Jessica Brown,5114 Main St,jessica.brown12@gmail.com
David Jones,5135 Main St,david.jones12@gmail.com
Sarah Garcia,5156 Main St,sarah.garcia12@gmail.com
James Miller,5177 Main St,james.miller12@gmail.com
Laura Davis,5198 Main St,laura.davis12@gmail.com
John Rodriguez,5219 Main St,john.rodriguez12@gmail.com
Jane Martinez,5240 Main St,jane.martinez12@gmail.com
Michael Smith,5261 Main St,michael.smith12@gmail.com
Emily Johnson,5282 Main St,emily.johnson12@gmail.com
Chris Williams,5303 Main St,chris.williams12@gmail.com
Jessica Brown,5324 Main St,jessica.brown12@gmail.com
David Jones,5345 Main St,david.jones12@gmail.com
Sarah Garcia,5366 Main St,sarah.garcia12@gmail.com
James Miller,5387 Main St,james.miller12@gmail.com
Laura Davis,5408 Main St,laura.davis12@gmail.com
John Rodriguez,5429 Main St,john.rodriguez12@gmail.com
Jane Martinez,5450 Main St,jane.martinez12@gmail.com
Michael Smith,5471 Main St,michael.smith12@gmail.com
Emily Johnson,5492 Main St,emily.johnson12@gmail.com
Chris Williams,5513 Main St,chris.williams12@gmail.com
Jessica Brown,5534 Main St,jessica.brown12@gmail.com
David Jones,5555 Main St,david.jones12@gmail.com
Sarah Garcia,5576 Main St,sarah.garcia12@gmail.com
James Miller,5597 Main St,james.miller12@gmail.com
Laura Davis,5618 Main St,laura.davis12@gmail.com
John Rodriguez,5639 Main St,john.rodriguez12@gmail.com
Jane Martinez,5660 Main St,jane.martinez12@gmail.com
Michael Smith,5681 Main St,michael.smith12@gmail.com
Emily Johnson,5702 Main St,emily.johnson12@gmail.com
Chris Williams,5723 Main St,chris.williams12@gmail.com
Jessica Brown,5744 Main St,jessica.brown12@gmail.com
David Jones,5765 Main St,david.jones12@gmail.com
Sarah GarciaFull Name,Address,Email
john Doe,123 Main St,john.doe12@gmail.com
smith     maharjan Doe,123 Main St,smith.doe12@gmail.com
ram Doe,123 Main St,ram.doe12@gmail.com
Michael Smith,123 Main St,michael.smith12@gmail.com
Emily Johnson,456 Main St,emily.johnson12@gmail.com
Chris Williams,789 Main St,chris.williams12@gmail.com
Jessica Brown,101 Main St,jessica.brown12@gmail.com
David Jones,112 Main St,david.jones12@gmail.com
Sarah Garcia,131 Main St,sarah.garcia12@gmail.com
James Miller,415 Main St,james.miller12@gmail.com
Laura Davis,161 Main St,laura.davis12@gmail.com
John Rodriguez,718 Main St,john.rodriguez12@gmail.com
Jane Martinez,192 Main St,jane.martinez12@gmail.com
Michael Smith,223 Main St,michael.smith12@gmail.com
Emily Johnson,242 Main St,emily.johnson12@gmail.com
Chris Williams,263 Main St,chris.williams12@gmail.com
Jessica Brown,284 Main St,jessica.brown12@gmail.com
David Jones,305 Main St,david.jones12@gmail.com
Sarah Garcia,326 Main St,sarah.garcia12@gmail.com
James Miller,347 Main St,james.miller12@gmail.com
Laura Davis,368 Main St,laura.davis12@gmail.com
John Rodriguez,389 Main St,john.rodriguez12@gmail.com
Jane Martinez,410 Main St,jane.martinez12@gmail.com
Michael Smith,431 Main St,michael.smith12@gmail.com
Emily Johnson,452 Main St,emily.johnson12@gmail.com
Chris Williams,473 Main St,chris.williams12@gmail.com
Jessica Brown,494 Main St,jessica.brown12@gmail.com
David Jones,515 Main St,david.jones12@gmail.com
Sarah Garcia,536 Main St,sarah.garcia12@gmail.com
James Miller,557 Main St,james.miller12@gmail.com
Laura Davis,578 Main St,laura.davis12@gmail.com
John Rodriguez,599 Main St,john.rodriguez12@gmail.com
Jane Martinez,620 Main St,jane.martinez12@gmail.com
Michael Smith,641 Main St,michael.smith12@gmail.com
Emily Johnson,662 Main St,emily.johnson12@gmail.com
Chris Williams,683 Main St,chris.williams12@gmail.com
Jessica Brown,704 Main St,jessica.brown12@gmail.com
David Jones,725 Main St,david.jones12@gmail.com
Sarah Garcia,746 Main St,sarah.garcia12@gmail.com
James Miller,767 Main St,james.miller12@gmail.com
Laura Davis,788 Main St,laura.davis12@gmail.com
John Rodriguez,809 Main St,john.rodriguez12@gmail.com
Jane Martinez,830 Main St,jane.martinez12@gmail.com
Michael Smith,851 Main St,michael.smith12@gmail.com
Emily Johnson,872 Main St,emily.johnson12@gmail.com
Chris Williams,893 Main St,chris.williams12@gmail.com
Jessica Brown,914 Main St,jessica.brown12@gmail.com
David Jones,935 Main St,david.jones12@gmail.com
Sarah Garcia,956 Main St,sarah.garcia12@gmail.com
James Miller,977 Main St,james.miller12@gmail.com
Laura Davis,998 Main St,laura.davis12@gmail.com
John Rodriguez,1019 Main St,john.rodriguez12@gmail.com
Jane Martinez,1040 Main St,jane.martinez12@gmail.com
Michael Smith,1061 Main St,michael.smith12@gmail.com
Emily Johnson,1082 Main St,emily.johnson12@gmail.com
Chris Williams,1103 Main St,chris.williams12@gmail.com
Jessica Brown,1124 Main St,jessica.brown12@gmail.com
David Jones,1145 Main St,david.jones12@gmail.com
Sarah Garcia,1166 Main St,sarah.garcia12@gmail.com
James Miller,1187 Main St,james.miller12@gmail.com
Laura Davis,1208 Main St,laura.davis12@gmail.com
John Rodriguez,1229 Main St,john.rodriguez12@gmail.com
Jane Martinez,1250 Main St,jane.martinez12@gmail.com
Michael Smith,1271 Main St,michael.smith12@gmail.com
Emily Johnson,1292 Main St,emily.johnson12@gmail.com
Chris Williams,1313 Main St,chris.williams12@gmail.com
Jessica Brown,1334 Main St,jessica.brown12@gmail.com
David Jones,1355 Main St,david.jones12@gmail.com
Sarah Garcia,1376 Main St,sarah.garcia12@gmail.com
James Miller,1397 Main St,james.miller12@gmail.com
Laura Davis,1418 Main St,laura.davis12@gmail.com
John Rodriguez,1439 Main St,john.rodriguez12@gmail.com
Jane Martinez,1460 Main St,jane.martinez12@gmail.com
Michael Smith,1481 Main St,michael.smith12@gmail.com
Emily Johnson,1502 Main St,emily.johnson12@gmail.com
Chris Williams,1523 Main St,chris.williams12@gmail.com
Jessica Brown,1544 Main St,jessica.brown12@gmail.com
David Jones,1565 Main St,david.jones12@gmail.com
Sarah Garcia,1586 Main St,sarah.garcia12@gmail.com
James Miller,1607 Main St,james.miller12@gmail.com
Laura Davis,1628 Main St,laura.davis12@gmail.com
John Rodriguez,1649 Main St,john.rodriguez12@gmail.com
Jane Martinez,1670 Main St,jane.martinez12@gmail.com
Michael Smith,1691 Main St,michael.smith12@gmail.com
Emily Johnson,1712 Main St,emily.johnson12@gmail.com
Chris Williams,1733 Main St,chris.williams12@gmail.com
Jessica Brown,1754 Main St,jessica.brown12@gmail.com
David Jones,1775 Main St,david.jones12@gmail.com
Sarah Garcia,1796 Main St,sarah.garcia12@gmail.com
James Miller,1817 Main St,james.miller12@gmail.com
Laura Davis,1838 Main St,laura.davis12@gmail.com
John Rodriguez,1859 Main St,john.rodriguez12@gmail.com
Jane Martinez,1880 Main St,jane.martinez12@gmail.com
Michael Smith,1901 Main St,michael.smith12@gmail.com
Emily Johnson,1922 Main St,emily.johnson12@gmail.com
Chris Williams,1943 Main St,chris.williams12@gmail.com
Jessica Brown,1964 Main St,jessica.brown12@gmail.com
David Jones,1985 Main St,david.jones12@gmail.com
Sarah Garcia,2006 Main St,sarah.garcia12@gmail.com
James Miller,2027 Main St,james.miller12@gmail.com
Laura Davis,2048 Main St,laura.davis12@gmail.com
John Rodriguez,2069 Main St,john.rodriguez12@gmail.com
Jane Martinez,2090 Main St,jane.martinez12@gmail.com
Michael Smith,2111 Main St,michael.smith12@gmail.com
Emily Johnson,2132 Main St,emily.johnson12@gmail.com
Chris Williams,2153 Main St,chris.williams12@gmail.com
Jessica Brown,2174 Main St,jessica.brown12@gmail.com
David Jones,2195 Main St,david.jones12@gmail.com
Sarah Garcia,2216 Main St,sarah.garcia12@gmail.com
James Miller,2237 Main St,james.miller12@gmail.com
Laura Davis,2258 Main St,laura.davis12@gmail.com
John Rodriguez,2279 Main St,john.rodriguez12@gmail.com
Jane Martinez,2300 Main St,jane.martinez12@gmail.com
Michael Smith,2321 Main St,michael.smith12@gmail.com
Emily Johnson,2342 Main St,emily.johnson12@gmail.com
Chris Williams,2363 Main St,chris.williams12@gmail.com
Jessica Brown,2384 Main St,jessica.brown12@gmail.com
David Jones,2405 Main St,david.jones12@gmail.com
Sarah Garcia,2426 Main St,sarah.garcia12@gmail.com
James Miller,2447 Main St,james.miller12@gmail.com
Laura Davis,2468 Main St,laura.davis12@gmail.com
John Rodriguez,2489 Main St,john.rodriguez12@gmail.com
Jane Martinez,2510 Main St,jane.martinez12@gmail.com
Michael Smith,2531 Main St,michael.smith12@gmail.com
Emily Johnson,2552 Main St,emily.johnson12@gmail.com
Chris Williams,2573 Main St,chris.williams12@gmail.com
Jessica Brown,2594 Main St,jessica.brown12@gmail.com
David Jones,2615 Main St,david.jones12@gmail.com
Sarah Garcia,2636 Main St,sarah.garcia12@gmail.com
James Miller,2657 Main St,james.miller12@gmail.com
Laura Davis,2678 Main St,laura.davis12@gmail.com
John Rodriguez,2699 Main St,john.rodriguez12@gmail.com
Jane Martinez,2720 Main St,jane.martinez12@gmail.com
Michael Smith,2741 Main St,michael.smith12@gmail.com
Emily Johnson,2762 Main St,emily.johnson12@gmail.com
Chris Williams,2783 Main St,chris.williams12@gmail.com
Jessica Brown,2804 Main St,jessica.brown12@gmail.com
David Jones,2825 Main St,david.jones12@gmail.com
Sarah Garcia,2846 Main St,sarah.garcia12@gmail.com
James Miller,2867 Main St,james.miller12@gmail.com
Laura Davis,2888 Main St,laura.davis12@gmail.com
John Rodriguez,2909 Main St,john.rodriguez12@gmail.com
Jane Martinez,2930 Main St,jane.martinez12@gmail.com
Michael Smith,2951 Main St,michael.smith12@gmail.com
Emily Johnson,2972 Main St,emily.johnson12@gmail.com
Chris Williams,2993 Main St,chris.williams12@gmail.com
Jessica Brown,3014 Main St,jessica.brown12@gmail.com
David Jones,3035 Main St,david.jones12@gmail.com
Sarah Garcia,3056 Main St,sarah.garcia12@gmail.com
James Miller,3077 Main St,james.miller12@gmail.com
Laura Davis,3098 Main St,laura.davis12@gmail.com
John Rodriguez,3119 Main St,john.rodriguez12@gmail.com
Jane Martinez,3140 Main St,jane.martinez12@gmail.com
Michael Smith,3161 Main St,michael.smith12@gmail.com
Emily Johnson,3182 Main St,emily.johnson12@gmail.com
Chris Williams,3203 Main St,chris.williams12@gmail.com
Jessica Brown,3224 Main St,jessica.brown12@gmail.com
David Jones,3245 Main St,david.jones12@gmail.com
Sarah Garcia,3266 Main St,sarah.garcia12@gmail.com
James Miller,3287 Main St,james.miller12@gmail.com
Laura Davis,3308 Main St,laura.davis12@gmail.com
John Rodriguez,3329 Main St,john.rodriguez12@gmail.com
Jane Martinez,3350 Main St,jane.martinez12@gmail.com
Michael Smith,3371 Main St,michael.smith12@gmail.com
Emily Johnson,3392 Main St,emily.johnson12@gmail.com
Chris Williams,3413 Main St,chris.williams12@gmail.com
Jessica Brown,3434 Main St,jessica.brown12@gmail.com
David Jones,3455 Main St,david.jones12@gmail.com
Sarah Garcia,3476 Main St,sarah.garcia12@gmail.com
James Miller,3497 Main St,james.miller12@gmail.com
Laura Davis,3518 Main St,laura.davis12@gmail.com
John Rodriguez,3539 Main St,john.rodriguez12@gmail.com
Jane Martinez,3560 Main St,jane.martinez12@gmail.com
Michael Smith,3581 Main St,michael.smith12@gmail.com
Emily Johnson,3602 Main St,emily.johnson12@gmail.com
Chris Williams,3623 Main St,chris.williams12@gmail.com
Jessica Brown,3644 Main St,jessica.brown12@gmail.com
David Jones,3665 Main St,david.jones12@gmail.com
Sarah Garcia,3686 Main St,sarah.garcia12@gmail.com
James Miller,3707 Main St,james.miller12@gmail.com
Laura Davis,3728 Main St,laura.davis12@gmail.com
John Rodriguez,3749 Main St,john.rodriguez12@gmail.com
Jane Martinez,3770 Main St,jane.martinez12@gmail.com
Michael Smith,3791 Main St,michael.smith12@gmail.com
Emily Johnson,3812 Main St,emily.johnson12@gmail.com
Chris Williams,3833 Main St,chris.williams12@gmail.com
Jessica Brown,3854 Main St,jessica.brown12@gmail.com
David Jones,3875 Main St,david.jones12@gmail.com
Sarah Garcia,3896 Main St,sarah.garcia12@gmail.com
James Miller,3917 Main St,james.miller12@gmail.com
Laura Davis,3938 Main St,laura.davis12@gmail.com
John Rodriguez,3959 Main St,john.rodriguez12@gmail.com
Jane Martinez,3980 Main St,jane.martinez12@gmail.com
Michael Smith,4001 Main St,michael.smith12@gmail.com
Emily Johnson,4022 Main St,emily.johnson12@gmail.com
Chris Williams,4043 Main St,chris.williams12@gmail.com
Jessica Brown,4064 Main St,jessica.brown12@gmail.com
David Jones,4085 Main St,david.jones12@gmail.com
Sarah Garcia,4106 Main St,sarah.garcia12@gmail.com
James Miller,4127 Main St,james.miller12@gmail.com
Laura Davis,4148 Main St,laura.davis12@gmail.com
John Rodriguez,4169 Main St,john.rodriguez12@gmail.com
Jane Martinez,4190 Main St,jane.martinez12@gmail.com
Michael Smith,4211 Main St,michael.smith12@gmail.com
Emily Johnson,4232 Main St,emily.johnson12@gmail.com
Chris Williams,4253 Main St,chris.williams12@gmail.com
Jessica Brown,4274 Main St,jessica.brown12@gmail.com
David Jones,4295 Main St,david.jones12@gmail.com
Sarah Garcia,4316 Main St,sarah.garcia12@gmail.com
James Miller,4337 Main St,james.miller12@gmail.com
Laura Davis,4358 Main St,laura.davis12@gmail.com
John Rodriguez,4379 Main St,john.rodriguez12@gmail.com
Jane Martinez,4400 Main St,jane.martinez12@gmail.com
Michael Smith,4421 Main St,michael.smith12@gmail.com
Emily Johnson,4442 Main St,emily.johnson12@gmail.com
Chris Williams,4463 Main St,chris.williams12@gmail.com
Jessica Brown,4484 Main St,jessica.brown12@gmail.com
David Jones,4505 Main St,david.jones12@gmail.com
Sarah Garcia,4526 Main St,sarah.garcia12@gmail.com
James Miller,4547 Main St,james.miller12@gmail.com
Laura Davis,4568 Main St,laura.davis12@gmail.com
John Rodriguez,4589 Main St,john.rodriguez12@gmail.com
Jane Martinez,4610 Main St,jane.martinez12@gmail.com
Michael Smith,4631 Main St,michael.smith12@gmail.com
Emily Johnson,4652 Main St,emily.johnson12@gmail.com
Chris Williams,4673 Main St,chris.williams12@gmail.com
Jessica Brown,4694 Main St,jessica.brown12@gmail.com
David Jones,4715 Main St,david.jones12@gmail.com
Sarah Garcia,4736 Main St,sarah.garcia12@gmail.com
James Miller,4757 Main St,james.miller12@gmail.com
Laura Davis,4778 Main St,laura.davis12@gmail.com
John Rodriguez,4799 Main St,john.rodriguez12@gmail.com
Jane Martinez,4820 Main St,jane.martinez12@gmail.com
Michael Smith,4841 Main St,michael.smith12@gmail.com
Emily Johnson,4862 Main St,emily.johnson12@gmail.com
Chris Williams,4883 Main St,chris.williams12@gmail.com
Jessica Brown,4904 Main St,jessica.brown12@gmail.com
David Jones,4925 Main St,david.jones12@gmail.com
Sarah Garcia,4946 Main St,sarah.garcia12@gmail.com
James Miller,4967 Main St,james.miller12@gmail.com
Laura Davis,4988 Main St,laura.davis12@gmail.com
John Rodriguez,5009 Main St,john.rodriguez12@gmail.com
Jane Martinez,5030 Main St,jane.martinez12@gmail.com
Michael Smith,5051 Main St,michael.smith12@gmail.com
Emily Johnson,5072 Main St,emily.johnson12@gmail.com
Chris Williams,5093 Main St,chris.williams12@gmail.com
Jessica Brown,5114 Main St,jessica.brown12@gmail.com
David Jones,5135 Main St,david.jones12@gmail.com
Sarah Garcia,5156 Main St,sarah.garcia12@gmail.com
James Miller,5177 Main St,james.miller12@gmail.com
Laura Davis,5198 Main St,laura.davis12@gmail.com
John Rodriguez,5219 Main St,john.rodriguez12@gmail.com
Jane Martinez,5240 Main St,jane.martinez12@gmail.com
Michael Smith,5261 Main St,michael.smith12@gmail.com
Emily Johnson,5282 Main St,emily.johnson12@gmail.com
Chris Williams,5303 Main St,chris.williams12@gmail.com
Jessica Brown,5324 Main St,jessica.brown12@gmail.com
David Jones,5345 Main St,david.jones12@gmail.com
Sarah Garcia,5366 Main St,sarah.garcia12@gmail.com
James Miller,5387 Main St,james.miller12@gmail.com
Laura Davis,5408 Main St,laura.davis12@gmail.com
John Rodriguez,5429 Main St,john.rodriguez12@gmail.com
Jane Martinez,5450 Main St,jane.martinez12@gmail.com
Michael Smith,5471 Main St,michael.smith12@gmail.com
Emily Johnson,5492 Main St,emily.johnson12@gmail.com
Chris Williams,5513 Main St,chris.williams12@gmail.com
Jessica Brown,5534 Main St,jessica.brown12@gmail.com
David Jones,5555 Main St,david.jones12@gmail.com
Sarah Garcia,5576 Main St,sarah.garcia12@gmail.com
James Miller,5597 Main St,james.miller12@gmail.com
Laura Davis,5618 Main St,laura.davis12@gmail.com
John Rodriguez,5639 Main St,john.rodriguez12@gmail.com
Jane Martinez,5660 Main St,jane.martinez12@gmail.com
Michael Smith,5681 Main St,michael.smith12@gmail.com
Emily Johnson,5702 Main St,emily.johnson12@gmail.com
Chris Williams,5723 Main St,chris.williams12@gmail.com
Jessica Brown,5744 Main St,jessica.brown12@gmail.com
David Jones,5765 Main St,david.jones12@gmail.com
john Doe,123 Main St,john.doe12@gmail.com
smith     maharjan Doe,123 Main St,smith.doe12@gmail.com
ram Doe,123 Main St,ram.doe12@gmail.com
Full Name,Address,Email
john Doe,123 Main St,john.doe12@gmail.com
smith     maharjan Doe,123 Main St,smith.doe12@gmail.com
ram Doe,123 Main St,ram.doe12@gmail.com
Michael Smith,123 Main St,michael.smith12@gmail.com
Emily Johnson,456 Main St,emily.johnson12@gmail.com
Chris Williams,789 Main St,chris.williams12@gmail.com
Jessica Brown,101 Main St,jessica.brown12@gmail.com
David Jones,112 Main St,david.jones12@gmail.com
Sarah Garcia,131 Main St,sarah.garcia12@gmail.com
James Miller,415 Main St,james.miller12@gmail.com
Laura Davis,161 Main St,laura.davis12@gmail.com
John Rodriguez,718 Main St,john.rodriguez12@gmail.com
Jane Martinez,192 Main St,jane.martinez12@gmail.com
Michael Smith,223 Main St,michael.smith12@gmail.com
Emily Johnson,242 Main St,emily.johnson12@gmail.com
Chris Williams,263 Main St,chris.williams12@gmail.com
Jessica Brown,284 Main St,jessica.brown12@gmail.com
David Jones,305 Main St,david.jones12@gmail.com
Sarah Garcia,326 Main St,sarah.garcia12@gmail.com
James Miller,347 Main St,james.miller12@gmail.com
Laura Davis,368 Main St,laura.davis12@gmail.com
John Rodriguez,389 Main St,john.rodriguez12@gmail.com
Jane Martinez,410 Main St,jane.martinez12@gmail.com
Michael Smith,431 Main St,michael.smith12@gmail.com
Emily Johnson,452 Main St,emily.johnson12@gmail.com
Chris Williams,473 Main St,chris.williams12@gmail.com
Jessica Brown,494 Main St,jessica.brown12@gmail.com
David Jones,515 Main St,david.jones12@gmail.com
Sarah Garcia,536 Main St,sarah.garcia12@gmail.com
James Miller,557 Main St,james.miller12@gmail.com
Laura Davis,578 Main St,laura.davis12@gmail.com
John Rodriguez,599 Main St,john.rodriguez12@gmail.com
Jane Martinez,620 Main St,jane.martinez12@gmail.com
Michael Smith,641 Main St,michael.smith12@gmail.com
Emily Johnson,662 Main St,emily.johnson12@gmail.com
Chris Williams,683 Main St,chris.williams12@gmail.com
Jessica Brown,704 Main St,jessica.brown12@gmail.com
David Jones,725 Main St,david.jones12@gmail.com
Sarah Garcia,746 Main St,sarah.garcia12@gmail.com
James Miller,767 Main St,james.miller12@gmail.com
Laura Davis,788 Main St,laura.davis12@gmail.com
John Rodriguez,809 Main St,john.rodriguez12@gmail.com
Jane Martinez,830 Main St,jane.martinez12@gmail.com
Michael Smith,851 Main St,michael.smith12@gmail.com
Emily Johnson,872 Main St,emily.johnson12@gmail.com
Chris Williams,893 Main St,chris.williams12@gmail.com
Jessica Brown,914 Main St,jessica.brown12@gmail.com
David Jones,935 Main St,david.jones12@gmail.com
Sarah Garcia,956 Main St,sarah.garcia12@gmail.com
James Miller,977 Main St,james.miller12@gmail.com
Laura Davis,998 Main St,laura.davis12@gmail.com
John Rodriguez,1019 Main St,john.rodriguez12@gmail.com
Jane Martinez,1040 Main St,jane.martinez12@gmail.com
Michael Smith,1061 Main St,michael.smith12@gmail.com
Emily Johnson,1082 Main St,emily.johnson12@gmail.com
Chris Williams,1103 Main St,chris.williams12@gmail.com
Jessica Brown,1124 Main St,jessica.brown12@gmail.com
David Jones,1145 Main St,david.jones12@gmail.com
Sarah Garcia,1166 Main St,sarah.garcia12@gmail.com
James Miller,1187 Main St,james.miller12@gmail.com
Laura Davis,1208 Main St,laura.davis12@gmail.com
John Rodriguez,1229 Main St,john.rodriguez12@gmail.com
Jane Martinez,1250 Main St,jane.martinez12@gmail.com
Michael Smith,1271 Main St,michael.smith12@gmail.com
Emily Johnson,1292 Main St,emily.johnson12@gmail.com
Chris Williams,1313 Main St,chris.williams12@gmail.com
Jessica Brown,1334 Main St,jessica.brown12@gmail.com
David Jones,1355 Main St,david.jones12@gmail.com
Sarah Garcia,1376 Main St,sarah.garcia12@gmail.com
James Miller,1397 Main St,james.miller12@gmail.com
Laura Davis,1418 Main St,laura.davis12@gmail.com
John Rodriguez,1439 Main St,john.rodriguez12@gmail.com
Jane Martinez,1460 Main St,jane.martinez12@gmail.com
Michael Smith,1481 Main St,michael.smith12@gmail.com
Emily Johnson,1502 Main St,emily.johnson12@gmail.com
Chris Williams,1523 Main St,chris.williams12@gmail.com
Jessica Brown,1544 Main St,jessica.brown12@gmail.com
David Jones,1565 Main St,david.jones12@gmail.com
Sarah Garcia,1586 Main St,sarah.garcia12@gmail.com
James Miller,1607 Main St,james.miller12@gmail.com
Laura Davis,1628 Main St,laura.davis12@gmail.com
John Rodriguez,1649 Main St,john.rodriguez12@gmail.com
Jane Martinez,1670 Main St,jane.martinez12@gmail.com
Michael Smith,1691 Main St,michael.smith12@gmail.com
Emily Johnson,1712 Main St,emily.johnson12@gmail.com
Chris Williams,1733 Main St,chris.williams12@gmail.com
Jessica Brown,1754 Main St,jessica.brown12@gmail.com
David Jones,1775 Main St,david.jones12@gmail.com
Sarah Garcia,1796 Main St,sarah.garcia12@gmail.com
James Miller,1817 Main St,james.miller12@gmail.com
Laura Davis,1838 Main St,laura.davis12@gmail.com
John Rodriguez,1859 Main St,john.rodriguez12@gmail.com
Jane Martinez,1880 Main St,jane.martinez12@gmail.com
Michael Smith,1901 Main St,michael.smith12@gmail.com
Emily Johnson,1922 Main St,emily.johnson12@gmail.com
Chris Williams,1943 Main St,chris.williams12@gmail.com
Jessica Brown,1964 Main St,jessica.brown12@gmail.com
David Jones,1985 Main St,david.jones12@gmail.com
Sarah Garcia,2006 Main St,sarah.garcia12@gmail.com
James Miller,2027 Main St,james.miller12@gmail.com
Laura Davis,2048 Main St,laura.davis12@gmail.com
John Rodriguez,2069 Main St,john.rodriguez12@gmail.com
Jane Martinez,2090 Main St,jane.martinez12@gmail.com
Michael Smith,2111 Main St,michael.smith12@gmail.com
Emily Johnson,2132 Main St,emily.johnson12@gmail.com
Chris Williams,2153 Main St,chris.williams12@gmail.com
Jessica Brown,2174 Main St,jessica.brown12@gmail.com
David Jones,2195 Main St,david.jones12@gmail.com
Sarah Garcia,2216 Main St,sarah.garcia12@gmail.com
James Miller,2237 Main St,james.miller12@gmail.com
Laura Davis,2258 Main St,laura.davis12@gmail.com
John Rodriguez,2279 Main St,john.rodriguez12@gmail.com
Jane Martinez,2300 Main St,jane.martinez12@gmail.com
Michael Smith,2321 Main St,michael.smith12@gmail.com
Emily Johnson,2342 Main St,emily.johnson12@gmail.com
Chris Williams,2363 Main St,chris.williams12@gmail.com
Jessica Brown,2384 Main St,jessica.brown12@gmail.com
David Jones,2405 Main St,david.jones12@gmail.com
Sarah Garcia,2426 Main St,sarah.garcia12@gmail.com
James Miller,2447 Main St,james.miller12@gmail.com
Laura Davis,2468 Main St,laura.davis12@gmail.com
John Rodriguez,2489 Main St,john.rodriguez12@gmail.com
Jane Martinez,2510 Main St,jane.martinez12@gmail.com
Michael Smith,2531 Main St,michael.smith12@gmail.com
Emily Johnson,2552 Main St,emily.johnson12@gmail.com
Chris Williams,2573 Main St,chris.williams12@gmail.com
Jessica Brown,2594 Main St,jessica.brown12@gmail.com
David Jones,2615 Main St,david.jones12@gmail.com
Sarah Garcia,2636 Main St,sarah.garcia12@gmail.com
James Miller,2657 Main St,james.miller12@gmail.com
Laura Davis,2678 Main St,laura.davis12@gmail.com
John Rodriguez,2699 Main St,john.rodriguez12@gmail.com
Jane Martinez,2720 Main St,jane.martinez12@gmail.com
Michael Smith,2741 Main St,michael.smith12@gmail.com
Emily Johnson,2762 Main St,emily.johnson12@gmail.com
Chris Williams,2783 Main St,chris.williams12@gmail.com
Jessica Brown,2804 Main St,jessica.brown12@gmail.com
David Jones,2825 Main St,david.jones12@gmail.com
Sarah Garcia,2846 Main St,sarah.garcia12@gmail.com
James Miller,2867 Main St,james.miller12@gmail.com
Laura Davis,2888 Main St,laura.davis12@gmail.com
John Rodriguez,2909 Main St,john.rodriguez12@gmail.com
Jane Martinez,2930 Main St,jane.martinez12@gmail.com
Michael Smith,2951 Main St,michael.smith12@gmail.com
Emily Johnson,2972 Main St,emily.johnson12@gmail.com
Chris Williams,2993 Main St,chris.williams12@gmail.com
Jessica Brown,3014 Main St,jessica.brown12@gmail.com
David Jones,3035 Main St,david.jones12@gmail.com
Sarah Garcia,3056 Main St,sarah.garcia12@gmail.com
James Miller,3077 Main St,james.miller12@gmail.com
Laura Davis,3098 Main St,laura.davis12@gmail.com
John Rodriguez,3119 Main St,john.rodriguez12@gmail.com
Jane Martinez,3140 Main St,jane.martinez12@gmail.com
Michael Smith,3161 Main St,michael.smith12@gmail.com
Emily Johnson,3182 Main St,emily.johnson12@gmail.com
Chris Williams,3203 Main St,chris.williams12@gmail.com
Jessica Brown,3224 Main St,jessica.brown12@gmail.com
David Jones,3245 Main St,david.jones12@gmail.com
Sarah Garcia,3266 Main St,sarah.garcia12@gmail.com
James Miller,3287 Main St,james.miller12@gmail.com
Laura Davis,3308 Main St,laura.davis12@gmail.com
John Rodriguez,3329 Main St,john.rodriguez12@gmail.com
Jane Martinez,3350 Main St,jane.martinez12@gmail.com
Michael Smith,3371 Main St,michael.smith12@gmail.com
Emily Johnson,3392 Main St,emily.johnson12@gmail.com
Chris Williams,3413 Main St,chris.williams12@gmail.com
Jessica Brown,3434 Main St,jessica.brown12@gmail.com
David Jones,3455 Main St,david.jones12@gmail.com
Sarah Garcia,3476 Main St,sarah.garcia12@gmail.com
James Miller,3497 Main St,james.miller12@gmail.com
Laura Davis,3518 Main St,laura.davis12@gmail.com
John Rodriguez,3539 Main St,john.rodriguez12@gmail.com
Jane Martinez,3560 Main St,jane.martinez12@gmail.com
Michael Smith,3581 Main St,michael.smith12@gmail.com
Emily Johnson,3602 Main St,emily.johnson12@gmail.com
Chris Williams,3623 Main St,chris.williams12@gmail.com
Jessica Brown,3644 Main St,jessica.brown12@gmail.com
David Jones,3665 Main St,david.jones12@gmail.com
Sarah Garcia,3686 Main St,sarah.garcia12@gmail.com
James Miller,3707 Main St,james.miller12@gmail.com
Laura Davis,3728 Main St,laura.davis12@gmail.com
John Rodriguez,3749 Main St,john.rodriguez12@gmail.com
Jane Martinez,3770 Main St,jane.martinez12@gmail.com
Michael Smith,3791 Main St,michael.smith12@gmail.com
Emily Johnson,3812 Main St,emily.johnson12@gmail.com
Chris Williams,3833 Main St,chris.williams12@gmail.com
Jessica Brown,3854 Main St,jessica.brown12@gmail.com
David Jones,3875 Main St,david.jones12@gmail.com
Sarah Garcia,3896 Main St,sarah.garcia12@gmail.com
James Miller,3917 Main St,james.miller12@gmail.com
Laura Davis,3938 Main St,laura.davis12@gmail.com
John Rodriguez,3959 Main St,john.rodriguez12@gmail.com
Jane Martinez,3980 Main St,jane.martinez12@gmail.com
Michael Smith,4001 Main St,michael.smith12@gmail.com
Emily Johnson,4022 Main St,emily.johnson12@gmail.com
Chris Williams,4043 Main St,chris.williams12@gmail.com
Jessica Brown,4064 Main St,jessica.brown12@gmail.com
David Jones,4085 Main St,david.jones12@gmail.com
Sarah Garcia,4106 Main St,sarah.garcia12@gmail.com
James Miller,4127 Main St,james.miller12@gmail.com
Laura Davis,4148 Main St,laura.davis12@gmail.com
John Rodriguez,4169 Main St,john.rodriguez12@gmail.com
Jane Martinez,4190 Main St,jane.martinez12@gmail.com
Michael Smith,4211 Main St,michael.smith12@gmail.com
Emily Johnson,4232 Main St,emily.johnson12@gmail.com
Chris Williams,4253 Main St,chris.williams12@gmail.com
Jessica Brown,4274 Main St,jessica.brown12@gmail.com
David Jones,4295 Main St,david.jones12@gmail.com
Sarah Garcia,4316 Main St,sarah.garcia12@gmail.com
James Miller,4337 Main St,james.miller12@gmail.com
Laura Davis,4358 Main St,laura.davis12@gmail.com
John Rodriguez,4379 Main St,john.rodriguez12@gmail.com
Jane Martinez,4400 Main St,jane.martinez12@gmail.com
Michael Smith,4421 Main St,michael.smith12@gmail.com
Emily Johnson,4442 Main St,emily.johnson12@gmail.com
Chris Williams,4463 Main St,chris.williams12@gmail.com
Jessica Brown,4484 Main St,jessica.brown12@gmail.com
David Jones,4505 Main St,david.jones12@gmail.com
Sarah Garcia,4526 Main St,sarah.garcia12@gmail.com
James Miller,4547 Main St,james.miller12@gmail.com
Laura Davis,4568 Main St,laura.davis12@gmail.com
John Rodriguez,4589 Main St,john.rodriguez12@gmail.com
Jane Martinez,4610 Main St,jane.martinez12@gmail.com
Michael Smith,4631 Main St,michael.smith12@gmail.com
Emily Johnson,4652 Main St,emily.johnson12@gmail.com
Chris Williams,4673 Main St,chris.williams12@gmail.com
Jessica Brown,4694 Main St,jessica.brown12@gmail.com
David Jones,4715 Main St,david.jones12@gmail.com
Sarah Garcia,4736 Main St,sarah.garcia12@gmail.com
James Miller,4757 Main St,james.miller12@gmail.com
Laura Davis,4778 Main St,laura.davis12@gmail.com
John Rodriguez,4799 Main St,john.rodriguez12@gmail.com
Jane Martinez,4820 Main St,jane.martinez12@gmail.com
Michael Smith,4841 Main St,michael.smith12@gmail.com
Emily Johnson,4862 Main St,emily.johnson12@gmail.com
Chris Williams,4883 Main St,chris.williams12@gmail.com
Jessica Brown,4904 Main St,jessica.brown12@gmail.com
David Jones,4925 Main St,david.jones12@gmail.com
Sarah Garcia,4946 Main St,sarah.garcia12@gmail.com
James Miller,4967 Main St,james.miller12@gmail.com
Laura Davis,4988 Main St,laura.davis12@gmail.com
John Rodriguez,5009 Main St,john.rodriguez12@gmail.com
Jane Martinez,5030 Main St,jane.martinez12@gmail.com
Michael Smith,5051 Main St,michael.smith12@gmail.com
Emily Johnson,5072 Main St,emily.johnson12@gmail.com
Chris Williams,5093 Main St,chris.williams12@gmail.com
Jessica Brown,5114 Main St,jessica.brown12@gmail.com
David Jones,5135 Main St,david.jones12@gmail.com
Sarah Garcia,5156 Main St,sarah.garcia12@gmail.com
James Miller,5177 Main St,james.miller12@gmail.com
Laura Davis,5198 Main St,laura.davis12@gmail.com
John Rodriguez,5219 Main St,john.rodriguez12@gmail.com
Jane Martinez,5240 Main St,jane.martinez12@gmail.com
Michael Smith,5261 Main St,michael.smith12@gmail.com
Emily Johnson,5282 Main St,emily.johnson12@gmail.com
Chris Williams,5303 Main St,chris.williams12@gmail.com
Jessica Brown,5324 Main St,jessica.brown12@gmail.com
David Jones,5345 Main St,david.jones12@gmail.com
Sarah Garcia,5366 Main St,sarah.garcia12@gmail.com
James Miller,5387 Main St,james.miller12@gmail.com
Laura Davis,5408 Main St,laura.davis12@gmail.com
John Rodriguez,5429 Main St,john.rodriguez12@gmail.com
Jane Martinez,5450 Main St,jane.martinez12@gmail.com
Michael Smith,5471 Main St,michael.smith12@gmail.com
Emily Johnson,5492 Main St,emily.johnson12@gmail.com
Chris Williams,5513 Main St,chris.williams12@gmail.com
Jessica Brown,5534 Main St,jessica.brown12@gmail.com
David Jones,5555 Main St,david.jones12@gmail.com
Sarah Garcia,5576 Main St,sarah.garcia12@gmail.com
James Miller,5597 Main St,james.miller12@gmail.com
Laura Davis,5618 Main St,laura.davis12@gmail.com
John Rodriguez,5639 Main St,john.rodriguez12@gmail.com
Jane Martinez,5660 Main St,jane.martinez12@gmail.com
Michael Smith,5681 Main St,michael.smith12@gmail.com
Emily Johnson,5702 Main St,emily.johnson12@gmail.com
Chris Williams,5723 Main St,chris.williams12@gmail.com
Jessica Brown,5744 Main St,jessica.brown12@gmail.com
David Jones,5765 Main St,david.jones12@gmail.com
Sarah GarciaFull Name,Address,Email
john Doe,123 Main St,john.doe12@gmail.com
smith     maharjan Doe,123 Main St,smith.doe12@gmail.com
ram Doe,123 Main St,ram.doe12@gmail.com
Michael Smith,123 Main St,michael.smith12@gmail.com
Emily Johnson,456 Main St,emily.johnson12@gmail.com
Chris Williams,789 Main St,chris.williams12@gmail.com
Jessica Brown,101 Main St,jessica.brown12@gmail.com
David Jones,112 Main St,david.jones12@gmail.com
Sarah Garcia,131 Main St,sarah.garcia12@gmail.com
James Miller,415 Main St,james.miller12@gmail.com
Laura Davis,161 Main St,laura.davis12@gmail.com
John Rodriguez,718 Main St,john.rodriguez12@gmail.com
Jane Martinez,192 Main St,jane.martinez12@gmail.com
Michael Smith,223 Main St,michael.smith12@gmail.com
Emily Johnson,242 Main St,emily.johnson12@gmail.com
Chris Williams,263 Main St,chris.williams12@gmail.com
Jessica Brown,284 Main St,jessica.brown12@gmail.com
David Jones,305 Main St,david.jones12@gmail.com
Sarah Garcia,326 Main St,sarah.garcia12@gmail.com
James Miller,347 Main St,james.miller12@gmail.com
Laura Davis,368 Main St,laura.davis12@gmail.com
John Rodriguez,389 Main St,john.rodriguez12@gmail.com
Jane Martinez,410 Main St,jane.martinez12@gmail.com
Michael Smith,431 Main St,michael.smith12@gmail.com
Emily Johnson,452 Main St,emily.johnson12@gmail.com
Chris Williams,473 Main St,chris.williams12@gmail.com
Jessica Brown,494 Main St,jessica.brown12@gmail.com
David Jones,515 Main St,david.jones12@gmail.com
Sarah Garcia,536 Main St,sarah.garcia12@gmail.com
James Miller,557 Main St,james.miller12@gmail.com
Laura Davis,578 Main St,laura.davis12@gmail.com
John Rodriguez,599 Main St,john.rodriguez12@gmail.com
Jane Martinez,620 Main St,jane.martinez12@gmail.com
Michael Smith,641 Main St,michael.smith12@gmail.com
Emily Johnson,662 Main St,emily.johnson12@gmail.com
Chris Williams,683 Main St,chris.williams12@gmail.com
Jessica Brown,704 Main St,jessica.brown12@gmail.com
David Jones,725 Main St,david.jones12@gmail.com
Sarah Garcia,746 Main St,sarah.garcia12@gmail.com
James Miller,767 Main St,james.miller12@gmail.com
Laura Davis,788 Main St,laura.davis12@gmail.com
John Rodriguez,809 Main St,john.rodriguez12@gmail.com
Jane Martinez,830 Main St,jane.martinez12@gmail.com
Michael Smith,851 Main St,michael.smith12@gmail.com
Emily Johnson,872 Main St,emily.johnson12@gmail.com
Chris Williams,893 Main St,chris.williams12@gmail.com
Jessica Brown,914 Main St,jessica.brown12@gmail.com
David Jones,935 Main St,david.jones12@gmail.com
Sarah Garcia,956 Main St,sarah.garcia12@gmail.com
James Miller,977 Main St,james.miller12@gmail.com
Laura Davis,998 Main St,laura.davis12@gmail.com
John Rodriguez,1019 Main St,john.rodriguez12@gmail.com
Jane Martinez,1040 Main St,jane.martinez12@gmail.com
Michael Smith,1061 Main St,michael.smith12@gmail.com
Emily Johnson,1082 Main St,emily.johnson12@gmail.com
Chris Williams,1103 Main St,chris.williams12@gmail.com
Jessica Brown,1124 Main St,jessica.brown12@gmail.com
David Jones,1145 Main St,david.jones12@gmail.com
Sarah Garcia,1166 Main St,sarah.garcia12@gmail.com
James Miller,1187 Main St,james.miller12@gmail.com
Laura Davis,1208 Main St,laura.davis12@gmail.com
John Rodriguez,1229 Main St,john.rodriguez12@gmail.com
Jane Martinez,1250 Main St,jane.martinez12@gmail.com
Michael Smith,1271 Main St,michael.smith12@gmail.com
Emily Johnson,1292 Main St,emily.johnson12@gmail.com
Chris Williams,1313 Main St,chris.williams12@gmail.com
Jessica Brown,1334 Main St,jessica.brown12@gmail.com
David Jones,1355 Main St,david.jones12@gmail.com
Sarah Garcia,1376 Main St,sarah.garcia12@gmail.com
James Miller,1397 Main St,james.miller12@gmail.com
Laura Davis,1418 Main St,laura.davis12@gmail.com
John Rodriguez,1439 Main St,john.rodriguez12@gmail.com
Jane Martinez,1460 Main St,jane.martinez12@gmail.com
Michael Smith,1481 Main St,michael.smith12@gmail.com
Emily Johnson,1502 Main St,emily.johnson12@gmail.com
Chris Williams,1523 Main St,chris.williams12@gmail.com
Jessica Brown,1544 Main St,jessica.brown12@gmail.com
David Jones,1565 Main St,david.jones12@gmail.com
Sarah Garcia,1586 Main St,sarah.garcia12@gmail.com
James Miller,1607 Main St,james.miller12@gmail.com
Laura Davis,1628 Main St,laura.davis12@gmail.com
John Rodriguez,1649 Main St,john.rodriguez12@gmail.com
Jane Martinez,1670 Main St,jane.martinez12@gmail.com
Michael Smith,1691 Main St,michael.smith12@gmail.com
Emily Johnson,1712 Main St,emily.johnson12@gmail.com
Chris Williams,1733 Main St,chris.williams12@gmail.com
Jessica Brown,1754 Main St,jessica.brown12@gmail.com
David Jones,1775 Main St,david.jones12@gmail.com
Sarah Garcia,1796 Main St,sarah.garcia12@gmail.com
James Miller,1817 Main St,james.miller12@gmail.com
Laura Davis,1838 Main St,laura.davis12@gmail.com
John Rodriguez,1859 Main St,john.rodriguez12@gmail.com
Jane Martinez,1880 Main St,jane.martinez12@gmail.com
Michael Smith,1901 Main St,michael.smith12@gmail.com
Emily Johnson,1922 Main St,emily.johnson12@gmail.com
Chris Williams,1943 Main St,chris.williams12@gmail.com
Jessica Brown,1964 Main St,jessica.brown12@gmail.com
David Jones,1985 Main St,david.jones12@gmail.com
Sarah Garcia,2006 Main St,sarah.garcia12@gmail.com
James Miller,2027 Main St,james.miller12@gmail.com
Laura Davis,2048 Main St,laura.davis12@gmail.com
John Rodriguez,2069 Main St,john.rodriguez12@gmail.com
Jane Martinez,2090 Main St,jane.martinez12@gmail.com
Michael Smith,2111 Main St,michael.smith12@gmail.com
Emily Johnson,2132 Main St,emily.johnson12@gmail.com
Chris Williams,2153 Main St,chris.williams12@gmail.com
Jessica Brown,2174 Main St,jessica.brown12@gmail.com
David Jones,2195 Main St,david.jones12@gmail.com
Sarah Garcia,2216 Main St,sarah.garcia12@gmail.com
James Miller,2237 Main St,james.miller12@gmail.com
Laura Davis,2258 Main St,laura.davis12@gmail.com
John Rodriguez,2279 Main St,john.rodriguez12@gmail.com
Jane Martinez,2300 Main St,jane.martinez12@gmail.com
Michael Smith,2321 Main St,michael.smith12@gmail.com
Emily Johnson,2342 Main St,emily.johnson12@gmail.com
Chris Williams,2363 Main St,chris.williams12@gmail.com
Jessica Brown,2384 Main St,jessica.brown12@gmail.com
David Jones,2405 Main St,david.jones12@gmail.com
Sarah Garcia,2426 Main St,sarah.garcia12@gmail.com
James Miller,2447 Main St,james.miller12@gmail.com
Laura Davis,2468 Main St,laura.davis12@gmail.com
John Rodriguez,2489 Main St,john.rodriguez12@gmail.com
Jane Martinez,2510 Main St,jane.martinez12@gmail.com
Michael Smith,2531 Main St,michael.smith12@gmail.com
Emily Johnson,2552 Main St,emily.johnson12@gmail.com
Chris Williams,2573 Main St,chris.williams12@gmail.com
Jessica Brown,2594 Main St,jessica.brown12@gmail.com
David Jones,2615 Main St,david.jones12@gmail.com
Sarah Garcia,2636 Main St,sarah.garcia12@gmail.com
James Miller,2657 Main St,james.miller12@gmail.com
Laura Davis,2678 Main St,laura.davis12@gmail.com
John Rodriguez,2699 Main St,john.rodriguez12@gmail.com
Jane Martinez,2720 Main St,jane.martinez12@gmail.com
Michael Smith,2741 Main St,michael.smith12@gmail.com
Emily Johnson,2762 Main St,emily.johnson12@gmail.com
Chris Williams,2783 Main St,chris.williams12@gmail.com
Jessica Brown,2804 Main St,jessica.brown12@gmail.com
David Jones,2825 Main St,david.jones12@gmail.com
Sarah Garcia,2846 Main St,sarah.garcia12@gmail.com
James Miller,2867 Main St,james.miller12@gmail.com
Laura Davis,2888 Main St,laura.davis12@gmail.com
John Rodriguez,2909 Main St,john.rodriguez12@gmail.com
Jane Martinez,2930 Main St,jane.martinez12@gmail.com
Michael Smith,2951 Main St,michael.smith12@gmail.com
Emily Johnson,2972 Main St,emily.johnson12@gmail.com
Chris Williams,2993 Main St,chris.williams12@gmail.com
Jessica Brown,3014 Main St,jessica.brown12@gmail.com
David Jones,3035 Main St,david.jones12@gmail.com
Sarah Garcia,3056 Main St,sarah.garcia12@gmail.com
James Miller,3077 Main St,james.miller12@gmail.com
Laura Davis,3098 Main St,laura.davis12@gmail.com
John Rodriguez,3119 Main St,john.rodriguez12@gmail.com
Jane Martinez,3140 Main St,jane.martinez12@gmail.com
Michael Smith,3161 Main St,michael.smith12@gmail.com
Emily Johnson,3182 Main St,emily.johnson12@gmail.com
Chris Williams,3203 Main St,chris.williams12@gmail.com
Jessica Brown,3224 Main St,jessica.brown12@gmail.com
David Jones,3245 Main St,david.jones12@gmail.com
Sarah Garcia,3266 Main St,sarah.garcia12@gmail.com
James Miller,3287 Main St,james.miller12@gmail.com
Laura Davis,3308 Main St,laura.davis12@gmail.com
John Rodriguez,3329 Main St,john.rodriguez12@gmail.com
Jane Martinez,3350 Main St,jane.martinez12@gmail.com
Michael Smith,3371 Main St,michael.smith12@gmail.com
Emily Johnson,3392 Main St,emily.johnson12@gmail.com
Chris Williams,3413 Main St,chris.williams12@gmail.com
Jessica Brown,3434 Main St,jessica.brown12@gmail.com
David Jones,3455 Main St,david.jones12@gmail.com
Sarah Garcia,3476 Main St,sarah.garcia12@gmail.com
James Miller,3497 Main St,james.miller12@gmail.com
Laura Davis,3518 Main St,laura.davis12@gmail.com
John Rodriguez,3539 Main St,john.rodriguez12@gmail.com
Jane Martinez,3560 Main St,jane.martinez12@gmail.com
Michael Smith,3581 Main St,michael.smith12@gmail.com
Emily Johnson,3602 Main St,emily.johnson12@gmail.com
Chris Williams,3623 Main St,chris.williams12@gmail.com
Jessica Brown,3644 Main St,jessica.brown12@gmail.com
David Jones,3665 Main St,david.jones12@gmail.com
Sarah Garcia,3686 Main St,sarah.garcia12@gmail.com
James Miller,3707 Main St,james.miller12@gmail.com
Laura Davis,3728 Main St,laura.davis12@gmail.com
John Rodriguez,3749 Main St,john.rodriguez12@gmail.com
Jane Martinez,3770 Main St,jane.martinez12@gmail.com
Michael Smith,3791 Main St,michael.smith12@gmail.com
Emily Johnson,3812 Main St,emily.johnson12@gmail.com
Chris Williams,3833 Main St,chris.williams12@gmail.com
Jessica Brown,3854 Main St,jessica.brown12@gmail.com
David Jones,3875 Main St,david.jones12@gmail.com
Sarah Garcia,3896 Main St,sarah.garcia12@gmail.com
James Miller,3917 Main St,james.miller12@gmail.com
Laura Davis,3938 Main St,laura.davis12@gmail.com
John Rodriguez,3959 Main St,john.rodriguez12@gmail.com
Jane Martinez,3980 Main St,jane.martinez12@gmail.com
Michael Smith,4001 Main St,michael.smith12@gmail.com
Emily Johnson,4022 Main St,emily.johnson12@gmail.com
Chris Williams,4043 Main St,chris.williams12@gmail.com
Jessica Brown,4064 Main St,jessica.brown12@gmail.com
David Jones,4085 Main St,david.jones12@gmail.com
Sarah Garcia,4106 Main St,sarah.garcia12@gmail.com
James Miller,4127 Main St,james.miller12@gmail.com
Laura Davis,4148 Main St,laura.davis12@gmail.com
John Rodriguez,4169 Main St,john.rodriguez12@gmail.com
Jane Martinez,4190 Main St,jane.martinez12@gmail.com
Michael Smith,4211 Main St,michael.smith12@gmail.com
Emily Johnson,4232 Main St,emily.johnson12@gmail.com
Chris Williams,4253 Main St,chris.williams12@gmail.com
Jessica Brown,4274 Main St,jessica.brown12@gmail.com
David Jones,4295 Main St,david.jones12@gmail.com
Sarah Garcia,4316 Main St,sarah.garcia12@gmail.com
James Miller,4337 Main St,james.miller12@gmail.com
Laura Davis,4358 Main St,laura.davis12@gmail.com
John Rodriguez,4379 Main St,john.rodriguez12@gmail.com
Jane Martinez,4400 Main St,jane.martinez12@gmail.com
Michael Smith,4421 Main St,michael.smith12@gmail.com
Emily Johnson,4442 Main St,emily.johnson12@gmail.com
Chris Williams,4463 Main St,chris.williams12@gmail.com
Jessica Brown,4484 Main St,jessica.brown12@gmail.com
David Jones,4505 Main St,david.jones12@gmail.com
Sarah Garcia,4526 Main St,sarah.garcia12@gmail.com
James Miller,4547 Main St,james.miller12@gmail.com
Laura Davis,4568 Main St,laura.davis12@gmail.com
John Rodriguez,4589 Main St,john.rodriguez12@gmail.com
Jane Martinez,4610 Main St,jane.martinez12@gmail.com
Michael Smith,4631 Main St,michael.smith12@gmail.com
Emily Johnson,4652 Main St,emily.johnson12@gmail.com
Chris Williams,4673 Main St,chris.williams12@gmail.com
Jessica Brown,4694 Main St,jessica.brown12@gmail.com
David Jones,4715 Main St,david.jones12@gmail.com
Sarah Garcia,4736 Main St,sarah.garcia12@gmail.com
James Miller,4757 Main St,james.miller12@gmail.com
Laura Davis,4778 Main St,laura.davis12@gmail.com
John Rodriguez,4799 Main St,john.rodriguez12@gmail.com
Jane Martinez,4820 Main St,jane.martinez12@gmail.com
Michael Smith,4841 Main St,michael.smith12@gmail.com
Emily Johnson,4862 Main St,emily.johnson12@gmail.com
Chris Williams,4883 Main St,chris.williams12@gmail.com
Jessica Brown,4904 Main St,jessica.brown12@gmail.com
David Jones,4925 Main St,david.jones12@gmail.com
Sarah Garcia,4946 Main St,sarah.garcia12@gmail.com
James Miller,4967 Main St,james.miller12@gmail.com
Laura Davis,4988 Main St,laura.davis12@gmail.com
John Rodriguez,5009 Main St,john.rodriguez12@gmail.com
Jane Martinez,5030 Main St,jane.martinez12@gmail.com
Michael Smith,5051 Main St,michael.smith12@gmail.com
Emily Johnson,5072 Main St,emily.johnson12@gmail.com
Chris Williams,5093 Main St,chris.williams12@gmail.com
Jessica Brown,5114 Main St,jessica.brown12@gmail.com
David Jones,5135 Main St,david.jones12@gmail.com
Sarah Garcia,5156 Main St,sarah.garcia12@gmail.com
James Miller,5177 Main St,james.miller12@gmail.com
Laura Davis,5198 Main St,laura.davis12@gmail.com
John Rodriguez,5219 Main St,john.rodriguez12@gmail.com
Jane Martinez,5240 Main St,jane.martinez12@gmail.com
Michael Smith,5261 Main St,michael.smith12@gmail.com
Emily Johnson,5282 Main St,emily.johnson12@gmail.com
Chris Williams,5303 Main St,chris.williams12@gmail.com
Jessica Brown,5324 Main St,jessica.brown12@gmail.com
David Jones,5345 Main St,david.jones12@gmail.com
Sarah Garcia,5366 Main St,sarah.garcia12@gmail.com
James Miller,5387 Main St,james.miller12@gmail.com
Laura Davis,5408 Main St,laura.davis12@gmail.com
John Rodriguez,5429 Main St,john.rodriguez12@gmail.com
Jane Martinez,5450 Main St,jane.martinez12@gmail.com
Michael Smith,5471 Main St,michael.smith12@gmail.com
Emily Johnson,5492 Main St,emily.johnson12@gmail.com
Chris Williams,5513 Main St,chris.williams12@gmail.com
Jessica Brown,5534 Main St,jessica.brown12@gmail.com
David Jones,5555 Main St,david.jones12@gmail.com
Sarah Garcia,5576 Main St,sarah.garcia12@gmail.com
James Miller,5597 Main St,james.miller12@gmail.com
Laura Davis,5618 Main St,laura.davis12@gmail.com
John Rodriguez,5639 Main St,john.rodriguez12@gmail.com
Jane Martinez,5660 Main St,jane.martinez12@gmail.com
Michael Smith,5681 Main St,michael.smith12@gmail.com
Emily Johnson,5702 Main St,emily.johnson12@gmail.com
Chris Williams,5723 Main St,chris.williams12@gmail.com
Jessica Brown,5744 Main St,jessica.brown12@gmail.com
David Jones,5765 Main St,david.jones12@gmail.com
john Doe,123 Main St,john.doe12@gmail.com
smith     maharjan Doe,123 Main St,smith.doe12@gmail.com
ram Doe,123 Main St,ram.doe12@gmail.com
Full Name,Address,Email
john Doe,123 Main St,john.doe12@gmail.com
smith     maharjan Doe,123 Main St,smith.doe12@gmail.com
ram Doe,123 Main St,ram.doe12@gmail.com
Michael Smith,123 Main St,michael.smith12@gmail.com
Emily Johnson,456 Main St,emily.johnson12@gmail.com
Chris Williams,789 Main St,chris.williams12@gmail.com
Jessica Brown,101 Main St,jessica.brown12@gmail.com
David Jones,112 Main St,david.jones12@gmail.com
Sarah Garcia,131 Main St,sarah.garcia12@gmail.com
James Miller,415 Main St,james.miller12@gmail.com
Laura Davis,161 Main St,laura.davis12@gmail.com
John Rodriguez,718 Main St,john.rodriguez12@gmail.com
Jane Martinez,192 Main St,jane.martinez12@gmail.com
Michael Smith,223 Main St,michael.smith12@gmail.com
Emily Johnson,242 Main St,emily.johnson12@gmail.com
Chris Williams,263 Main St,chris.williams12@gmail.com
Jessica Brown,284 Main St,jessica.brown12@gmail.com
David Jones,305 Main St,david.jones12@gmail.com
Sarah Garcia,326 Main St,sarah.garcia12@gmail.com
James Miller,347 Main St,james.miller12@gmail.com
Laura Davis,368 Main St,laura.davis12@gmail.com
John Rodriguez,389 Main St,john.rodriguez12@gmail.com
Jane Martinez,410 Main St,jane.martinez12@gmail.com
Michael Smith,431 Main St,michael.smith12@gmail.com
Emily Johnson,452 Main St,emily.johnson12@gmail.com
Chris Williams,473 Main St,chris.williams12@gmail.com
Jessica Brown,494 Main St,jessica.brown12@gmail.com
David Jones,515 Main St,david.jones12@gmail.com
Sarah Garcia,536 Main St,sarah.garcia12@gmail.com
James Miller,557 Main St,james.miller12@gmail.com
Laura Davis,578 Main St,laura.davis12@gmail.com
John Rodriguez,599 Main St,john.rodriguez12@gmail.com
Jane Martinez,620 Main St,jane.martinez12@gmail.com
Michael Smith,641 Main St,michael.smith12@gmail.com
Emily Johnson,662 Main St,emily.johnson12@gmail.com
Chris Williams,683 Main St,chris.williams12@gmail.com
Jessica Brown,704 Main St,jessica.brown12@gmail.com
David Jones,725 Main St,david.jones12@gmail.com
Sarah Garcia,746 Main St,sarah.garcia12@gmail.com
James Miller,767 Main St,james.miller12@gmail.com
Laura Davis,788 Main St,laura.davis12@gmail.com
John Rodriguez,809 Main St,john.rodriguez12@gmail.com
Jane Martinez,830 Main St,jane.martinez12@gmail.com
Michael Smith,851 Main St,michael.smith12@gmail.com
Emily Johnson,872 Main St,emily.johnson12@gmail.com
Chris Williams,893 Main St,chris.williams12@gmail.com
Jessica Brown,914 Main St,jessica.brown12@gmail.com
David Jones,935 Main St,david.jones12@gmail.com
Sarah Garcia,956 Main St,sarah.garcia12@gmail.com
James Miller,977 Main St,james.miller12@gmail.com
Laura Davis,998 Main St,laura.davis12@gmail.com
John Rodriguez,1019 Main St,john.rodriguez12@gmail.com
Jane Martinez,1040 Main St,jane.martinez12@gmail.com
Michael Smith,1061 Main St,michael.smith12@gmail.com
Emily Johnson,1082 Main St,emily.johnson12@gmail.com
Chris Williams,1103 Main St,chris.williams12@gmail.com
Jessica Brown,1124 Main St,jessica.brown12@gmail.com
David Jones,1145 Main St,david.jones12@gmail.com
Sarah Garcia,1166 Main St,sarah.garcia12@gmail.com
James Miller,1187 Main St,james.miller12@gmail.com
Laura Davis,1208 Main St,laura.davis12@gmail.com
John Rodriguez,1229 Main St,john.rodriguez12@gmail.com
Jane Martinez,1250 Main St,jane.martinez12@gmail.com
Michael Smith,1271 Main St,michael.smith12@gmail.com
Emily Johnson,1292 Main St,emily.johnson12@gmail.com
Chris Williams,1313 Main St,chris.williams12@gmail.com
Jessica Brown,1334 Main St,jessica.brown12@gmail.com
David Jones,1355 Main St,david.jones12@gmail.com
Sarah Garcia,1376 Main St,sarah.garcia12@gmail.com
James Miller,1397 Main St,james.miller12@gmail.com
Laura Davis,1418 Main St,laura.davis12@gmail.com
John Rodriguez,1439 Main St,john.rodriguez12@gmail.com
Jane Martinez,1460 Main St,jane.martinez12@gmail.com
Michael Smith,1481 Main St,michael.smith12@gmail.com
Emily Johnson,1502 Main St,emily.johnson12@gmail.com
Chris Williams,1523 Main St,chris.williams12@gmail.com
Jessica Brown,1544 Main St,jessica.brown12@gmail.com
David Jones,1565 Main St,david.jones12@gmail.com
Sarah Garcia,1586 Main St,sarah.garcia12@gmail.com
James Miller,1607 Main St,james.miller12@gmail.com
Laura Davis,1628 Main St,laura.davis12@gmail.com
John Rodriguez,1649 Main St,john.rodriguez12@gmail.com
Jane Martinez,1670 Main St,jane.martinez12@gmail.com
Michael Smith,1691 Main St,michael.smith12@gmail.com
Emily Johnson,1712 Main St,emily.johnson12@gmail.com
Chris Williams,1733 Main St,chris.williams12@gmail.com
Jessica Brown,1754 Main St,jessica.brown12@gmail.com
David Jones,1775 Main St,david.jones12@gmail.com
Sarah Garcia,1796 Main St,sarah.garcia12@gmail.com
James Miller,1817 Main St,james.miller12@gmail.com
Laura Davis,1838 Main St,laura.davis12@gmail.com
John Rodriguez,1859 Main St,john.rodriguez12@gmail.com
Jane Martinez,1880 Main St,jane.martinez12@gmail.com
Michael Smith,1901 Main St,michael.smith12@gmail.com
Emily Johnson,1922 Main St,emily.johnson12@gmail.com
Chris Williams,1943 Main St,chris.williams12@gmail.com
Jessica Brown,1964 Main St,jessica.brown12@gmail.com
David Jones,1985 Main St,david.jones12@gmail.com
Sarah Garcia,2006 Main St,sarah.garcia12@gmail.com
James Miller,2027 Main St,james.miller12@gmail.com
Laura Davis,2048 Main St,laura.davis12@gmail.com
John Rodriguez,2069 Main St,john.rodriguez12@gmail.com
Jane Martinez,2090 Main St,jane.martinez12@gmail.com
Michael Smith,2111 Main St,michael.smith12@gmail.com
Emily Johnson,2132 Main St,emily.johnson12@gmail.com
Chris Williams,2153 Main St,chris.williams12@gmail.com
Jessica Brown,2174 Main St,jessica.brown12@gmail.com
David Jones,2195 Main St,david.jones12@gmail.com
Sarah Garcia,2216 Main St,sarah.garcia12@gmail.com
James Miller,2237 Main St,james.miller12@gmail.com
Laura Davis,2258 Main St,laura.davis12@gmail.com
John Rodriguez,2279 Main St,john.rodriguez12@gmail.com
Jane Martinez,2300 Main St,jane.martinez12@gmail.com
Michael Smith,2321 Main St,michael.smith12@gmail.com
Emily Johnson,2342 Main St,emily.johnson12@gmail.com
Chris Williams,2363 Main St,chris.williams12@gmail.com
Jessica Brown,2384 Main St,jessica.brown12@gmail.com
David Jones,2405 Main St,david.jones12@gmail.com
Sarah Garcia,2426 Main St,sarah.garcia12@gmail.com
James Miller,2447 Main St,james.miller12@gmail.com
Laura Davis,2468 Main St,laura.davis12@gmail.com
John Rodriguez,2489 Main St,john.rodriguez12@gmail.com
Jane Martinez,2510 Main St,jane.martinez12@gmail.com
Michael Smith,2531 Main St,michael.smith12@gmail.com
Emily Johnson,2552 Main St,emily.johnson12@gmail.com
Chris Williams,2573 Main St,chris.williams12@gmail.com
Jessica Brown,2594 Main St,jessica.brown12@gmail.com
David Jones,2615 Main St,david.jones12@gmail.com
Sarah Garcia,2636 Main St,sarah.garcia12@gmail.com
James Miller,2657 Main St,james.miller12@gmail.com
Laura Davis,2678 Main St,laura.davis12@gmail.com
John Rodriguez,2699 Main St,john.rodriguez12@gmail.com
Jane Martinez,2720 Main St,jane.martinez12@gmail.com
Michael Smith,2741 Main St,michael.smith12@gmail.com
Emily Johnson,2762 Main St,emily.johnson12@gmail.com
Chris Williams,2783 Main St,chris.williams12@gmail.com
Jessica Brown,2804 Main St,jessica.brown12@gmail.com
David Jones,2825 Main St,david.jones12@gmail.com
Sarah Garcia,2846 Main St,sarah.garcia12@gmail.com
James Miller,2867 Main St,james.miller12@gmail.com
Laura Davis,2888 Main St,laura.davis12@gmail.com
John Rodriguez,2909 Main St,john.rodriguez12@gmail.com
Jane Martinez,2930 Main St,jane.martinez12@gmail.com
Michael Smith,2951 Main St,michael.smith12@gmail.com
Emily Johnson,2972 Main St,emily.johnson12@gmail.com
Chris Williams,2993 Main St,chris.williams12@gmail.com
Jessica Brown,3014 Main St,jessica.brown12@gmail.com
David Jones,3035 Main St,david.jones12@gmail.com
Sarah Garcia,3056 Main St,sarah.garcia12@gmail.com
James Miller,3077 Main St,james.miller12@gmail.com
Laura Davis,3098 Main St,laura.davis12@gmail.com
John Rodriguez,3119 Main St,john.rodriguez12@gmail.com
Jane Martinez,3140 Main St,jane.martinez12@gmail.com
Michael Smith,3161 Main St,michael.smith12@gmail.com
Emily Johnson,3182 Main St,emily.johnson12@gmail.com
Chris Williams,3203 Main St,chris.williams12@gmail.com
Jessica Brown,3224 Main St,jessica.brown12@gmail.com
David Jones,3245 Main St,david.jones12@gmail.com
Sarah Garcia,3266 Main St,sarah.garcia12@gmail.com
James Miller,3287 Main St,james.miller12@gmail.com
Laura Davis,3308 Main St,laura.davis12@gmail.com
John Rodriguez,3329 Main St,john.rodriguez12@gmail.com
Jane Martinez,3350 Main St,jane.martinez12@gmail.com
Michael Smith,3371 Main St,michael.smith12@gmail.com
Emily Johnson,3392 Main St,emily.johnson12@gmail.com
Chris Williams,3413 Main St,chris.williams12@gmail.com
Jessica Brown,3434 Main St,jessica.brown12@gmail.com
David Jones,3455 Main St,david.jones12@gmail.com
Sarah Garcia,3476 Main St,sarah.garcia12@gmail.com
James Miller,3497 Main St,james.miller12@gmail.com
Laura Davis,3518 Main St,laura.davis12@gmail.com
John Rodriguez,3539 Main St,john.rodriguez12@gmail.com
Jane Martinez,3560 Main St,jane.martinez12@gmail.com
Michael Smith,3581 Main St,michael.smith12@gmail.com
Emily Johnson,3602 Main St,emily.johnson12@gmail.com
Chris Williams,3623 Main St,chris.williams12@gmail.com
Jessica Brown,3644 Main St,jessica.brown12@gmail.com
David Jones,3665 Main St,david.jones12@gmail.com
Sarah Garcia,3686 Main St,sarah.garcia12@gmail.com
James Miller,3707 Main St,james.miller12@gmail.com
Laura Davis,3728 Main St,laura.davis12@gmail.com
John Rodriguez,3749 Main St,john.rodriguez12@gmail.com
Jane Martinez,3770 Main St,jane.martinez12@gmail.com
Michael Smith,3791 Main St,michael.smith12@gmail.com
Emily Johnson,3812 Main St,emily.johnson12@gmail.com
Chris Williams,3833 Main St,chris.williams12@gmail.com
Jessica Brown,3854 Main St,jessica.brown12@gmail.com
David Jones,3875 Main St,david.jones12@gmail.com
Sarah Garcia,3896 Main St,sarah.garcia12@gmail.com
James Miller,3917 Main St,james.miller12@gmail.com
Laura Davis,3938 Main St,laura.davis12@gmail.com
John Rodriguez,3959 Main St,john.rodriguez12@gmail.com
Jane Martinez,3980 Main St,jane.martinez12@gmail.com
Michael Smith,4001 Main St,michael.smith12@gmail.com
Emily Johnson,4022 Main St,emily.johnson12@gmail.com
Chris Williams,4043 Main St,chris.williams12@gmail.com
Jessica Brown,4064 Main St,jessica.brown12@gmail.com
David Jones,4085 Main St,david.jones12@gmail.com
Sarah Garcia,4106 Main St,sarah.garcia12@gmail.com
James Miller,4127 Main St,james.miller12@gmail.com
Laura Davis,4148 Main St,laura.davis12@gmail.com
John Rodriguez,4169 Main St,john.rodriguez12@gmail.com
Jane Martinez,4190 Main St,jane.martinez12@gmail.com
Michael Smith,4211 Main St,michael.smith12@gmail.com
Emily Johnson,4232 Main St,emily.johnson12@gmail.com
Chris Williams,4253 Main St,chris.williams12@gmail.com
Jessica Brown,4274 Main St,jessica.brown12@gmail.com
David Jones,4295 Main St,david.jones12@gmail.com
Sarah Garcia,4316 Main St,sarah.garcia12@gmail.com
James Miller,4337 Main St,james.miller12@gmail.com
Laura Davis,4358 Main St,laura.davis12@gmail.com
John Rodriguez,4379 Main St,john.rodriguez12@gmail.com
Jane Martinez,4400 Main St,jane.martinez12@gmail.com
Michael Smith,4421 Main St,michael.smith12@gmail.com
Emily Johnson,4442 Main St,emily.johnson12@gmail.com
Chris Williams,4463 Main St,chris.williams12@gmail.com
Jessica Brown,4484 Main St,jessica.brown12@gmail.com
David Jones,4505 Main St,david.jones12@gmail.com
Sarah Garcia,4526 Main St,sarah.garcia12@gmail.com
James Miller,4547 Main St,james.miller12@gmail.com
Laura Davis,4568 Main St,laura.davis12@gmail.com
John Rodriguez,4589 Main St,john.rodriguez12@gmail.com
Jane Martinez,4610 Main St,jane.martinez12@gmail.com
Michael Smith,4631 Main St,michael.smith12@gmail.com
Emily Johnson,4652 Main St,emily.johnson12@gmail.com
Chris Williams,4673 Main St,chris.williams12@gmail.com
Jessica Brown,4694 Main St,jessica.brown12@gmail.com
David Jones,4715 Main St,david.jones12@gmail.com
Sarah Garcia,4736 Main St,sarah.garcia12@gmail.com
James Miller,4757 Main St,james.miller12@gmail.com
Laura Davis,4778 Main St,laura.davis12@gmail.com
John Rodriguez,4799 Main St,john.rodriguez12@gmail.com
Jane Martinez,4820 Main St,jane.martinez12@gmail.com
Michael Smith,4841 Main St,michael.smith12@gmail.com
Emily Johnson,4862 Main St,emily.johnson12@gmail.com
Chris Williams,4883 Main St,chris.williams12@gmail.com
Jessica Brown,4904 Main St,jessica.brown12@gmail.com
David Jones,4925 Main St,david.jones12@gmail.com
Sarah Garcia,4946 Main St,sarah.garcia12@gmail.com
James Miller,4967 Main St,james.miller12@gmail.com
Laura Davis,4988 Main St,laura.davis12@gmail.com
John Rodriguez,5009 Main St,john.rodriguez12@gmail.com
Jane Martinez,5030 Main St,jane.martinez12@gmail.com
Michael Smith,5051 Main St,michael.smith12@gmail.com
Emily Johnson,5072 Main St,emily.johnson12@gmail.com
Chris Williams,5093 Main St,chris.williams12@gmail.com
Jessica Brown,5114 Main St,jessica.brown12@gmail.com
David Jones,5135 Main St,david.jones12@gmail.com
Sarah Garcia,5156 Main St,sarah.garcia12@gmail.com
James Miller,5177 Main St,james.miller12@gmail.com
Laura Davis,5198 Main St,laura.davis12@gmail.com
John Rodriguez,5219 Main St,john.rodriguez12@gmail.com
Jane Martinez,5240 Main St,jane.martinez12@gmail.com
Michael Smith,5261 Main St,michael.smith12@gmail.com
Emily Johnson,5282 Main St,emily.johnson12@gmail.com
Chris Williams,5303 Main St,chris.williams12@gmail.com
Jessica Brown,5324 Main St,jessica.brown12@gmail.com
David Jones,5345 Main St,david.jones12@gmail.com
Sarah Garcia,5366 Main St,sarah.garcia12@gmail.com
James Miller,5387 Main St,james.miller12@gmail.com
Laura Davis,5408 Main St,laura.davis12@gmail.com
John Rodriguez,5429 Main St,john.rodriguez12@gmail.com
Jane Martinez,5450 Main St,jane.martinez12@gmail.com
Michael Smith,5471 Main St,michael.smith12@gmail.com
Emily Johnson,5492 Main St,emily.johnson12@gmail.com
Chris Williams,5513 Main St,chris.williams12@gmail.com
Jessica Brown,5534 Main St,jessica.brown12@gmail.com
David Jones,5555 Main St,david.jones12@gmail.com
Sarah Garcia,5576 Main St,sarah.garcia12@gmail.com
James Miller,5597 Main St,james.miller12@gmail.com
Laura Davis,5618 Main St,laura.davis12@gmail.com
John Rodriguez,5639 Main St,john.rodriguez12@gmail.com
Jane Martinez,5660 Main St,jane.martinez12@gmail.com
Michael Smith,5681 Main St,michael.smith12@gmail.com
Emily Johnson,5702 Main St,emily.johnson12@gmail.com
Chris Williams,5723 Main St,chris.williams12@gmail.com
Jessica Brown,5744 Main St,jessica.brown12@gmail.com
David Jones,5765 Main St,david.jones12@gmail.com
Sarah GarciaFull Name,Address,Email
john Doe,123 Main St,john.doe12@gmail.com
smith     maharjan Doe,123 Main St,smith.doe12@gmail.com
ram Doe,123 Main St,ram.doe12@gmail.com
Michael Smith,123 Main St,michael.smith12@gmail.com
Emily Johnson,456 Main St,emily.johnson12@gmail.com
Chris Williams,789 Main St,chris.williams12@gmail.com
Jessica Brown,101 Main St,jessica.brown12@gmail.com
David Jones,112 Main St,david.jones12@gmail.com
Sarah Garcia,131 Main St,sarah.garcia12@gmail.com
James Miller,415 Main St,james.miller12@gmail.com
Laura Davis,161 Main St,laura.davis12@gmail.com
John Rodriguez,718 Main St,john.rodriguez12@gmail.com
Jane Martinez,192 Main St,jane.martinez12@gmail.com
Michael Smith,223 Main St,michael.smith12@gmail.com
Emily Johnson,242 Main St,emily.johnson12@gmail.com
Chris Williams,263 Main St,chris.williams12@gmail.com
Jessica Brown,284 Main St,jessica.brown12@gmail.com
David Jones,305 Main St,david.jones12@gmail.com
Sarah Garcia,326 Main St,sarah.garcia12@gmail.com
James Miller,347 Main St,james.miller12@gmail.com
Laura Davis,368 Main St,laura.davis12@gmail.com
John Rodriguez,389 Main St,john.rodriguez12@gmail.com
Jane Martinez,410 Main St,jane.martinez12@gmail.com
Michael Smith,431 Main St,michael.smith12@gmail.com
Emily Johnson,452 Main St,emily.johnson12@gmail.com
Chris Williams,473 Main St,chris.williams12@gmail.com
Jessica Brown,494 Main St,jessica.brown12@gmail.com
David Jones,515 Main St,david.jones12@gmail.com
Sarah Garcia,536 Main St,sarah.garcia12@gmail.com
James Miller,557 Main St,james.miller12@gmail.com
Laura Davis,578 Main St,laura.davis12@gmail.com
John Rodriguez,599 Main St,john.rodriguez12@gmail.com
Jane Martinez,620 Main St,jane.martinez12@gmail.com
Michael Smith,641 Main St,michael.smith12@gmail.com
Emily Johnson,662 Main St,emily.johnson12@gmail.com
Chris Williams,683 Main St,chris.williams12@gmail.com
Jessica Brown,704 Main St,jessica.brown12@gmail.com
David Jones,725 Main St,david.jones12@gmail.com
Sarah Garcia,746 Main St,sarah.garcia12@gmail.com
James Miller,767 Main St,james.miller12@gmail.com
Laura Davis,788 Main St,laura.davis12@gmail.com
John Rodriguez,809 Main St,john.rodriguez12@gmail.com
Jane Martinez,830 Main St,jane.martinez12@gmail.com
Michael Smith,851 Main St,michael.smith12@gmail.com
Emily Johnson,872 Main St,emily.johnson12@gmail.com
Chris Williams,893 Main St,chris.williams12@gmail.com
Jessica Brown,914 Main St,jessica.brown12@gmail.com
David Jones,935 Main St,david.jones12@gmail.com
Sarah Garcia,956 Main St,sarah.garcia12@gmail.com
James Miller,977 Main St,james.miller12@gmail.com
Laura Davis,998 Main St,laura.davis12@gmail.com
John Rodriguez,1019 Main St,john.rodriguez12@gmail.com
Jane Martinez,1040 Main St,jane.martinez12@gmail.com
Michael Smith,1061 Main St,michael.smith12@gmail.com
Emily Johnson,1082 Main St,emily.johnson12@gmail.com
Chris Williams,1103 Main St,chris.williams12@gmail.com
Jessica Brown,1124 Main St,jessica.brown12@gmail.com
David Jones,1145 Main St,david.jones12@gmail.com
Sarah Garcia,1166 Main St,sarah.garcia12@gmail.com
James Miller,1187 Main St,james.miller12@gmail.com
Laura Davis,1208 Main St,laura.davis12@gmail.com
John Rodriguez,1229 Main St,john.rodriguez12@gmail.com
Jane Martinez,1250 Main St,jane.martinez12@gmail.com
Michael Smith,1271 Main St,michael.smith12@gmail.com
Emily Johnson,1292 Main St,emily.johnson12@gmail.com
Chris Williams,1313 Main St,chris.williams12@gmail.com
Jessica Brown,1334 Main St,jessica.brown12@gmail.com
David Jones,1355 Main St,david.jones12@gmail.com
Sarah Garcia,1376 Main St,sarah.garcia12@gmail.com
James Miller,1397 Main St,james.miller12@gmail.com
Laura Davis,1418 Main St,laura.davis12@gmail.com
John Rodriguez,1439 Main St,john.rodriguez12@gmail.com
Jane Martinez,1460 Main St,jane.martinez12@gmail.com
Michael Smith,1481 Main St,michael.smith12@gmail.com
Emily Johnson,1502 Main St,emily.johnson12@gmail.com
Chris Williams,1523 Main St,chris.williams12@gmail.com
Jessica Brown,1544 Main St,jessica.brown12@gmail.com
David Jones,1565 Main St,david.jones12@gmail.com
Sarah Garcia,1586 Main St,sarah.garcia12@gmail.com
James Miller,1607 Main St,james.miller12@gmail.com
Laura Davis,1628 Main St,laura.davis12@gmail.com
John Rodriguez,1649 Main St,john.rodriguez12@gmail.com
Jane Martinez,1670 Main St,jane.martinez12@gmail.com
Michael Smith,1691 Main St,michael.smith12@gmail.com
Emily Johnson,1712 Main St,emily.johnson12@gmail.com
Chris Williams,1733 Main St,chris.williams12@gmail.com
Jessica Brown,1754 Main St,jessica.brown12@gmail.com
David Jones,1775 Main St,david.jones12@gmail.com
Sarah Garcia,1796 Main St,sarah.garcia12@gmail.com
James Miller,1817 Main St,james.miller12@gmail.com
Laura Davis,1838 Main St,laura.davis12@gmail.com
John Rodriguez,1859 Main St,john.rodriguez12@gmail.com
Jane Martinez,1880 Main St,jane.martinez12@gmail.com
Michael Smith,1901 Main St,michael.smith12@gmail.com
Emily Johnson,1922 Main St,emily.johnson12@gmail.com
Chris Williams,1943 Main St,chris.williams12@gmail.com
Jessica Brown,1964 Main St,jessica.brown12@gmail.com
David Jones,1985 Main St,david.jones12@gmail.com
Sarah Garcia,2006 Main St,sarah.garcia12@gmail.com
James Miller,2027 Main St,james.miller12@gmail.com
Laura Davis,2048 Main St,laura.davis12@gmail.com
John Rodriguez,2069 Main St,john.rodriguez12@gmail.com
Jane Martinez,2090 Main St,jane.martinez12@gmail.com
Michael Smith,2111 Main St,michael.smith12@gmail.com
Emily Johnson,2132 Main St,emily.johnson12@gmail.com
Chris Williams,2153 Main St,chris.williams12@gmail.com
Jessica Brown,2174 Main St,jessica.brown12@gmail.com
David Jones,2195 Main St,david.jones12@gmail.com
Sarah Garcia,2216 Main St,sarah.garcia12@gmail.com
James Miller,2237 Main St,james.miller12@gmail.com
Laura Davis,2258 Main St,laura.davis12@gmail.com
John Rodriguez,2279 Main St,john.rodriguez12@gmail.com
Jane Martinez,2300 Main St,jane.martinez12@gmail.com
Michael Smith,2321 Main St,michael.smith12@gmail.com
Emily Johnson,2342 Main St,emily.johnson12@gmail.com
Chris Williams,2363 Main St,chris.williams12@gmail.com
Jessica Brown,2384 Main St,jessica.brown12@gmail.com
David Jones,2405 Main St,david.jones12@gmail.com
Sarah Garcia,2426 Main St,sarah.garcia12@gmail.com
James Miller,2447 Main St,james.miller12@gmail.com
Laura Davis,2468 Main St,laura.davis12@gmail.com
John Rodriguez,2489 Main St,john.rodriguez12@gmail.com
Jane Martinez,2510 Main St,jane.martinez12@gmail.com
Michael Smith,2531 Main St,michael.smith12@gmail.com
Emily Johnson,2552 Main St,emily.johnson12@gmail.com
Chris Williams,2573 Main St,chris.williams12@gmail.com
Jessica Brown,2594 Main St,jessica.brown12@gmail.com
David Jones,2615 Main St,david.jones12@gmail.com
Sarah Garcia,2636 Main St,sarah.garcia12@gmail.com
James Miller,2657 Main St,james.miller12@gmail.com
Laura Davis,2678 Main St,laura.davis12@gmail.com
John Rodriguez,2699 Main St,john.rodriguez12@gmail.com
Jane Martinez,2720 Main St,jane.martinez12@gmail.com
Michael Smith,2741 Main St,michael.smith12@gmail.com
Emily Johnson,2762 Main St,emily.johnson12@gmail.com
Chris Williams,2783 Main St,chris.williams12@gmail.com
Jessica Brown,2804 Main St,jessica.brown12@gmail.com
David Jones,2825 Main St,david.jones12@gmail.com
Sarah Garcia,2846 Main St,sarah.garcia12@gmail.com
James Miller,2867 Main St,james.miller12@gmail.com
Laura Davis,2888 Main St,laura.davis12@gmail.com
John Rodriguez,2909 Main St,john.rodriguez12@gmail.com
Jane Martinez,2930 Main St,jane.martinez12@gmail.com
Michael Smith,2951 Main St,michael.smith12@gmail.com
Emily Johnson,2972 Main St,emily.johnson12@gmail.com
Chris Williams,2993 Main St,chris.williams12@gmail.com
Jessica Brown,3014 Main St,jessica.brown12@gmail.com
David Jones,3035 Main St,david.jones12@gmail.com
Sarah Garcia,3056 Main St,sarah.garcia12@gmail.com
James Miller,3077 Main St,james.miller12@gmail.com
Laura Davis,3098 Main St,laura.davis12@gmail.com
John Rodriguez,3119 Main St,john.rodriguez12@gmail.com
Jane Martinez,3140 Main St,jane.martinez12@gmail.com
Michael Smith,3161 Main St,michael.smith12@gmail.com
Emily Johnson,3182 Main St,emily.johnson12@gmail.com
Chris Williams,3203 Main St,chris.williams12@gmail.com
Jessica Brown,3224 Main St,jessica.brown12@gmail.com
David Jones,3245 Main St,david.jones12@gmail.com
Sarah Garcia,3266 Main St,sarah.garcia12@gmail.com
James Miller,3287 Main St,james.miller12@gmail.com
Laura Davis,3308 Main St,laura.davis12@gmail.com
John Rodriguez,3329 Main St,john.rodriguez12@gmail.com
Jane Martinez,3350 Main St,jane.martinez12@gmail.com
Michael Smith,3371 Main St,michael.smith12@gmail.com
Emily Johnson,3392 Main St,emily.johnson12@gmail.com
Chris Williams,3413 Main St,chris.williams12@gmail.com
Jessica Brown,3434 Main St,jessica.brown12@gmail.com
David Jones,3455 Main St,david.jones12@gmail.com
Sarah Garcia,3476 Main St,sarah.garcia12@gmail.com
James Miller,3497 Main St,james.miller12@gmail.com
Laura Davis,3518 Main St,laura.davis12@gmail.com
John Rodriguez,3539 Main St,john.rodriguez12@gmail.com
Jane Martinez,3560 Main St,jane.martinez12@gmail.com
Michael Smith,3581 Main St,michael.smith12@gmail.com
Emily Johnson,3602 Main St,emily.johnson12@gmail.com
Chris Williams,3623 Main St,chris.williams12@gmail.com
Jessica Brown,3644 Main St,jessica.brown12@gmail.com
David Jones,3665 Main St,david.jones12@gmail.com
Sarah Garcia,3686 Main St,sarah.garcia12@gmail.com
James Miller,3707 Main St,james.miller12@gmail.com
Laura Davis,3728 Main St,laura.davis12@gmail.com
John Rodriguez,3749 Main St,john.rodriguez12@gmail.com
Jane Martinez,3770 Main St,jane.martinez12@gmail.com
Michael Smith,3791 Main St,michael.smith12@gmail.com
Emily Johnson,3812 Main St,emily.johnson12@gmail.com
Chris Williams,3833 Main St,chris.williams12@gmail.com
Jessica Brown,3854 Main St,jessica.brown12@gmail.com
David Jones,3875 Main St,david.jones12@gmail.com
Sarah Garcia,3896 Main St,sarah.garcia12@gmail.com
James Miller,3917 Main St,james.miller12@gmail.com
Laura Davis,3938 Main St,laura.davis12@gmail.com
John Rodriguez,3959 Main St,john.rodriguez12@gmail.com
Jane Martinez,3980 Main St,jane.martinez12@gmail.com
Michael Smith,4001 Main St,michael.smith12@gmail.com
Emily Johnson,4022 Main St,emily.johnson12@gmail.com
Chris Williams,4043 Main St,chris.williams12@gmail.com
Jessica Brown,4064 Main St,jessica.brown12@gmail.com
David Jones,4085 Main St,david.jones12@gmail.com
Sarah Garcia,4106 Main St,sarah.garcia12@gmail.com
James Miller,4127 Main St,james.miller12@gmail.com
Laura Davis,4148 Main St,laura.davis12@gmail.com
John Rodriguez,4169 Main St,john.rodriguez12@gmail.com
Jane Martinez,4190 Main St,jane.martinez12@gmail.com
Michael Smith,4211 Main St,michael.smith12@gmail.com
Emily Johnson,4232 Main St,emily.johnson12@gmail.com
Chris Williams,4253 Main St,chris.williams12@gmail.com
Jessica Brown,4274 Main St,jessica.brown12@gmail.com
David Jones,4295 Main St,david.jones12@gmail.com
Sarah Garcia,4316 Main St,sarah.garcia12@gmail.com
James Miller,4337 Main St,james.miller12@gmail.com
Laura Davis,4358 Main St,laura.davis12@gmail.com
John Rodriguez,4379 Main St,john.rodriguez12@gmail.com
Jane Martinez,4400 Main St,jane.martinez12@gmail.com
Michael Smith,4421 Main St,michael.smith12@gmail.com
Emily Johnson,4442 Main St,emily.johnson12@gmail.com
Chris Williams,4463 Main St,chris.williams12@gmail.com
Jessica Brown,4484 Main St,jessica.brown12@gmail.com
David Jones,4505 Main St,david.jones12@gmail.com
Sarah Garcia,4526 Main St,sarah.garcia12@gmail.com
James Miller,4547 Main St,james.miller12@gmail.com
Laura Davis,4568 Main St,laura.davis12@gmail.com
John Rodriguez,4589 Main St,john.rodriguez12@gmail.com
Jane Martinez,4610 Main St,jane.martinez12@gmail.com
Michael Smith,4631 Main St,michael.smith12@gmail.com
Emily Johnson,4652 Main St,emily.johnson12@gmail.com
Chris Williams,4673 Main St,chris.williams12@gmail.com
Jessica Brown,4694 Main St,jessica.brown12@gmail.com
David Jones,4715 Main St,david.jones12@gmail.com
Sarah Garcia,4736 Main St,sarah.garcia12@gmail.com
James Miller,4757 Main St,james.miller12@gmail.com
Laura Davis,4778 Main St,laura.davis12@gmail.com
John Rodriguez,4799 Main St,john.rodriguez12@gmail.com
Jane Martinez,4820 Main St,jane.martinez12@gmail.com
Michael Smith,4841 Main St,michael.smith12@gmail.com
Emily Johnson,4862 Main St,emily.johnson12@gmail.com
Chris Williams,4883 Main St,chris.williams12@gmail.com
Jessica Brown,4904 Main St,jessica.brown12@gmail.com
David Jones,4925 Main St,david.jones12@gmail.com
Sarah Garcia,4946 Main St,sarah.garcia12@gmail.com
James Miller,4967 Main St,james.miller12@gmail.com
Laura Davis,4988 Main St,laura.davis12@gmail.com
John Rodriguez,5009 Main St,john.rodriguez12@gmail.com
Jane Martinez,5030 Main St,jane.martinez12@gmail.com
Michael Smith,5051 Main St,michael.smith12@gmail.com
Emily Johnson,5072 Main St,emily.johnson12@gmail.com
Chris Williams,5093 Main St,chris.williams12@gmail.com
Jessica Brown,5114 Main St,jessica.brown12@gmail.com
David Jones,5135 Main St,david.jones12@gmail.com
Sarah Garcia,5156 Main St,sarah.garcia12@gmail.com
James Miller,5177 Main St,james.miller12@gmail.com
Laura Davis,5198 Main St,laura.davis12@gmail.com
John Rodriguez,5219 Main St,john.rodriguez12@gmail.com
Jane Martinez,5240 Main St,jane.martinez12@gmail.com
Michael Smith,5261 Main St,michael.smith12@gmail.com
Emily Johnson,5282 Main St,emily.johnson12@gmail.com
Chris Williams,5303 Main St,chris.williams12@gmail.com
Jessica Brown,5324 Main St,jessica.brown12@gmail.com
David Jones,5345 Main St,david.jones12@gmail.com
Sarah Garcia,5366 Main St,sarah.garcia12@gmail.com
James Miller,5387 Main St,james.miller12@gmail.com
Laura Davis,5408 Main St,laura.davis12@gmail.com
John Rodriguez,5429 Main St,john.rodriguez12@gmail.com
Jane Martinez,5450 Main St,jane.martinez12@gmail.com
Michael Smith,5471 Main St,michael.smith12@gmail.com
Emily Johnson,5492 Main St,emily.johnson12@gmail.com
Chris Williams,5513 Main St,chris.williams12@gmail.com
Jessica Brown,5534 Main St,jessica.brown12@gmail.com
David Jones,5555 Main St,david.jones12@gmail.com
Sarah Garcia,5576 Main St,sarah.garcia12@gmail.com
James Miller,5597 Main St,james.miller12@gmail.com
Laura Davis,5618 Main St,laura.davis12@gmail.com
John Rodriguez,5639 Main St,john.rodriguez12@gmail.com
Jane Martinez,5660 Main St,jane.martinez12@gmail.com
Michael Smith,5681 Main St,michael.smith12@gmail.com
Emily Johnson,5702 Main St,emily.johnson12@gmail.com
Chris Williams,5723 Main St,chris.williams12@gmail.com
Jessica Brown,5744 Main St,jessica.brown12@gmail.com
David Jones,5765 Main St,david.jones12@gmail.comjohn Doe,123 Main St,john.doe12@gmail.com
smith     maharjan Doe,123 Main St,smith.doe12@gmail.com
ram Doe,123 Main St,ram.doe12@gmail.com
Full Name,Address,Email
john Doe,123 Main St,john.doe12@gmail.com
smith     maharjan Doe,123 Main St,smith.doe12@gmail.com
ram Doe,123 Main St,ram.doe12@gmail.com
Michael Smith,123 Main St,michael.smith12@gmail.com
Emily Johnson,456 Main St,emily.johnson12@gmail.com
Chris Williams,789 Main St,chris.williams12@gmail.com
Jessica Brown,101 Main St,jessica.brown12@gmail.com
David Jones,112 Main St,david.jones12@gmail.com
Sarah Garcia,131 Main St,sarah.garcia12@gmail.com
James Miller,415 Main St,james.miller12@gmail.com
Laura Davis,161 Main St,laura.davis12@gmail.com
John Rodriguez,718 Main St,john.rodriguez12@gmail.com
Jane Martinez,192 Main St,jane.martinez12@gmail.com
Michael Smith,223 Main St,michael.smith12@gmail.com
Emily Johnson,242 Main St,emily.johnson12@gmail.com
Chris Williams,263 Main St,chris.williams12@gmail.com
Jessica Brown,284 Main St,jessica.brown12@gmail.com
David Jones,305 Main St,david.jones12@gmail.com
Sarah Garcia,326 Main St,sarah.garcia12@gmail.com
James Miller,347 Main St,james.miller12@gmail.com
Laura Davis,368 Main St,laura.davis12@gmail.com
John Rodriguez,389 Main St,john.rodriguez12@gmail.com
Jane Martinez,410 Main St,jane.martinez12@gmail.com
Michael Smith,431 Main St,michael.smith12@gmail.com
Emily Johnson,452 Main St,emily.johnson12@gmail.com
Chris Williams,473 Main St,chris.williams12@gmail.com
Jessica Brown,494 Main St,jessica.brown12@gmail.com
David Jones,515 Main St,david.jones12@gmail.com
Sarah Garcia,536 Main St,sarah.garcia12@gmail.com
James Miller,557 Main St,james.miller12@gmail.com
Laura Davis,578 Main St,laura.davis12@gmail.com
John Rodriguez,599 Main St,john.rodriguez12@gmail.com
Jane Martinez,620 Main St,jane.martinez12@gmail.com
Michael Smith,641 Main St,michael.smith12@gmail.com
Emily Johnson,662 Main St,emily.johnson12@gmail.com
Chris Williams,683 Main St,chris.williams12@gmail.com
Jessica Brown,704 Main St,jessica.brown12@gmail.com
David Jones,725 Main St,david.jones12@gmail.com
Sarah Garcia,746 Main St,sarah.garcia12@gmail.com
James Miller,767 Main St,james.miller12@gmail.com
Laura Davis,788 Main St,laura.davis12@gmail.com
John Rodriguez,809 Main St,john.rodriguez12@gmail.com
Jane Martinez,830 Main St,jane.martinez12@gmail.com
Michael Smith,851 Main St,michael.smith12@gmail.com
Emily Johnson,872 Main St,emily.johnson12@gmail.com
Chris Williams,893 Main St,chris.williams12@gmail.com
Jessica Brown,914 Main St,jessica.brown12@gmail.com
David Jones,935 Main St,david.jones12@gmail.com
Sarah Garcia,956 Main St,sarah.garcia12@gmail.com
James Miller,977 Main St,james.miller12@gmail.com
Laura Davis,998 Main St,laura.davis12@gmail.com
John Rodriguez,1019 Main St,john.rodriguez12@gmail.com
Jane Martinez,1040 Main St,jane.martinez12@gmail.com
Michael Smith,1061 Main St,michael.smith12@gmail.com
Emily Johnson,1082 Main St,emily.johnson12@gmail.com
Chris Williams,1103 Main St,chris.williams12@gmail.com
Jessica Brown,1124 Main St,jessica.brown12@gmail.com
David Jones,1145 Main St,david.jones12@gmail.com
Sarah Garcia,1166 Main St,sarah.garcia12@gmail.com
James Miller,1187 Main St,james.miller12@gmail.com
Laura Davis,1208 Main St,laura.davis12@gmail.com
John Rodriguez,1229 Main St,john.rodriguez12@gmail.com
Jane Martinez,1250 Main St,jane.martinez12@gmail.com
Michael Smith,1271 Main St,michael.smith12@gmail.com
Emily Johnson,1292 Main St,emily.johnson12@gmail.com
Chris Williams,1313 Main St,chris.williams12@gmail.com
Jessica Brown,1334 Main St,jessica.brown12@gmail.com
David Jones,1355 Main St,david.jones12@gmail.com
Sarah Garcia,1376 Main St,sarah.garcia12@gmail.com
James Miller,1397 Main St,james.miller12@gmail.com
Laura Davis,1418 Main St,laura.davis12@gmail.com
John Rodriguez,1439 Main St,john.rodriguez12@gmail.com
Jane Martinez,1460 Main St,jane.martinez12@gmail.com
Michael Smith,1481 Main St,michael.smith12@gmail.com
Emily Johnson,1502 Main St,emily.johnson12@gmail.com
Chris Williams,1523 Main St,chris.williams12@gmail.com
Jessica Brown,1544 Main St,jessica.brown12@gmail.com
David Jones,1565 Main St,david.jones12@gmail.com
Sarah Garcia,1586 Main St,sarah.garcia12@gmail.com
James Miller,1607 Main St,james.miller12@gmail.com
Laura Davis,1628 Main St,laura.davis12@gmail.com
John Rodriguez,1649 Main St,john.rodriguez12@gmail.com
Jane Martinez,1670 Main St,jane.martinez12@gmail.com
Michael Smith,1691 Main St,michael.smith12@gmail.com
Emily Johnson,1712 Main St,emily.johnson12@gmail.com
Chris Williams,1733 Main St,chris.williams12@gmail.com
Jessica Brown,1754 Main St,jessica.brown12@gmail.com
David Jones,1775 Main St,david.jones12@gmail.com
Sarah Garcia,1796 Main St,sarah.garcia12@gmail.com
James Miller,1817 Main St,james.miller12@gmail.com
Laura Davis,1838 Main St,laura.davis12@gmail.com
John Rodriguez,1859 Main St,john.rodriguez12@gmail.com
Jane Martinez,1880 Main St,jane.martinez12@gmail.com
Michael Smith,1901 Main St,michael.smith12@gmail.com
Emily Johnson,1922 Main St,emily.johnson12@gmail.com
Chris Williams,1943 Main St,chris.williams12@gmail.com
Jessica Brown,1964 Main St,jessica.brown12@gmail.com
David Jones,1985 Main St,david.jones12@gmail.com
Sarah Garcia,2006 Main St,sarah.garcia12@gmail.com
James Miller,2027 Main St,james.miller12@gmail.com
Laura Davis,2048 Main St,laura.davis12@gmail.com
John Rodriguez,2069 Main St,john.rodriguez12@gmail.com
Jane Martinez,2090 Main St,jane.martinez12@gmail.com
Michael Smith,2111 Main St,michael.smith12@gmail.com
Emily Johnson,2132 Main St,emily.johnson12@gmail.com
Chris Williams,2153 Main St,chris.williams12@gmail.com
Jessica Brown,2174 Main St,jessica.brown12@gmail.com
David Jones,2195 Main St,david.jones12@gmail.com
Sarah Garcia,2216 Main St,sarah.garcia12@gmail.com
James Miller,2237 Main St,james.miller12@gmail.com
Laura Davis,2258 Main St,laura.davis12@gmail.com
John Rodriguez,2279 Main St,john.rodriguez12@gmail.com
Jane Martinez,2300 Main St,jane.martinez12@gmail.com
Michael Smith,2321 Main St,michael.smith12@gmail.com
Emily Johnson,2342 Main St,emily.johnson12@gmail.com
Chris Williams,2363 Main St,chris.williams12@gmail.com
Jessica Brown,2384 Main St,jessica.brown12@gmail.com
David Jones,2405 Main St,david.jones12@gmail.com
Sarah Garcia,2426 Main St,sarah.garcia12@gmail.com
James Miller,2447 Main St,james.miller12@gmail.com
Laura Davis,2468 Main St,laura.davis12@gmail.com
John Rodriguez,2489 Main St,john.rodriguez12@gmail.com
Jane Martinez,2510 Main St,jane.martinez12@gmail.com
Michael Smith,2531 Main St,michael.smith12@gmail.com
Emily Johnson,2552 Main St,emily.johnson12@gmail.com
Chris Williams,2573 Main St,chris.williams12@gmail.com
Jessica Brown,2594 Main St,jessica.brown12@gmail.com
David Jones,2615 Main St,david.jones12@gmail.com
Sarah Garcia,2636 Main St,sarah.garcia12@gmail.com
James Miller,2657 Main St,james.miller12@gmail.com
Laura Davis,2678 Main St,laura.davis12@gmail.com
John Rodriguez,2699 Main St,john.rodriguez12@gmail.com
Jane Martinez,2720 Main St,jane.martinez12@gmail.com
Michael Smith,2741 Main St,michael.smith12@gmail.com
Emily Johnson,2762 Main St,emily.johnson12@gmail.com
Chris Williams,2783 Main St,chris.williams12@gmail.com
Jessica Brown,2804 Main St,jessica.brown12@gmail.com
David Jones,2825 Main St,david.jones12@gmail.com
Sarah Garcia,2846 Main St,sarah.garcia12@gmail.com
James Miller,2867 Main St,james.miller12@gmail.com
Laura Davis,2888 Main St,laura.davis12@gmail.com
John Rodriguez,2909 Main St,john.rodriguez12@gmail.com
Jane Martinez,2930 Main St,jane.martinez12@gmail.com
Michael Smith,2951 Main St,michael.smith12@gmail.com
Emily Johnson,2972 Main St,emily.johnson12@gmail.com
Chris Williams,2993 Main St,chris.williams12@gmail.com
Jessica Brown,3014 Main St,jessica.brown12@gmail.com
David Jones,3035 Main St,david.jones12@gmail.com
Sarah Garcia,3056 Main St,sarah.garcia12@gmail.com
James Miller,3077 Main St,james.miller12@gmail.com
Laura Davis,3098 Main St,laura.davis12@gmail.com
John Rodriguez,3119 Main St,john.rodriguez12@gmail.com
Jane Martinez,3140 Main St,jane.martinez12@gmail.com
Michael Smith,3161 Main St,michael.smith12@gmail.com
Emily Johnson,3182 Main St,emily.johnson12@gmail.com
Chris Williams,3203 Main St,chris.williams12@gmail.com
Jessica Brown,3224 Main St,jessica.brown12@gmail.com
David Jones,3245 Main St,david.jones12@gmail.com
Sarah Garcia,3266 Main St,sarah.garcia12@gmail.com
James Miller,3287 Main St,james.miller12@gmail.com
Laura Davis,3308 Main St,laura.davis12@gmail.com
John Rodriguez,3329 Main St,john.rodriguez12@gmail.com
Jane Martinez,3350 Main St,jane.martinez12@gmail.com
Michael Smith,3371 Main St,michael.smith12@gmail.com
Emily Johnson,3392 Main St,emily.johnson12@gmail.com
Chris Williams,3413 Main St,chris.williams12@gmail.com
Jessica Brown,3434 Main St,jessica.brown12@gmail.com
David Jones,3455 Main St,david.jones12@gmail.com
Sarah Garcia,3476 Main St,sarah.garcia12@gmail.com
James Miller,3497 Main St,james.miller12@gmail.com
Laura Davis,3518 Main St,laura.davis12@gmail.com
John Rodriguez,3539 Main St,john.rodriguez12@gmail.com
Jane Martinez,3560 Main St,jane.martinez12@gmail.com
Michael Smith,3581 Main St,michael.smith12@gmail.com
Emily Johnson,3602 Main St,emily.johnson12@gmail.com
Chris Williams,3623 Main St,chris.williams12@gmail.com
Jessica Brown,3644 Main St,jessica.brown12@gmail.com
David Jones,3665 Main St,david.jones12@gmail.com
Sarah Garcia,3686 Main St,sarah.garcia12@gmail.com
James Miller,3707 Main St,james.miller12@gmail.com
Laura Davis,3728 Main St,laura.davis12@gmail.com
John Rodriguez,3749 Main St,john.rodriguez12@gmail.com
Jane Martinez,3770 Main St,jane.martinez12@gmail.com
Michael Smith,3791 Main St,michael.smith12@gmail.com
Emily Johnson,3812 Main St,emily.johnson12@gmail.com
Chris Williams,3833 Main St,chris.williams12@gmail.com
Jessica Brown,3854 Main St,jessica.brown12@gmail.com
David Jones,3875 Main St,david.jones12@gmail.com
Sarah Garcia,3896 Main St,sarah.garcia12@gmail.com
James Miller,3917 Main St,james.miller12@gmail.com
Laura Davis,3938 Main St,laura.davis12@gmail.com
John Rodriguez,3959 Main St,john.rodriguez12@gmail.com
Jane Martinez,3980 Main St,jane.martinez12@gmail.com
Michael Smith,4001 Main St,michael.smith12@gmail.com
Emily Johnson,4022 Main St,emily.johnson12@gmail.com
Chris Williams,4043 Main St,chris.williams12@gmail.com
Jessica Brown,4064 Main St,jessica.brown12@gmail.com
David Jones,4085 Main St,david.jones12@gmail.com
Sarah Garcia,4106 Main St,sarah.garcia12@gmail.com
James Miller,4127 Main St,james.miller12@gmail.com
Laura Davis,4148 Main St,laura.davis12@gmail.com
John Rodriguez,4169 Main St,john.rodriguez12@gmail.com
Jane Martinez,4190 Main St,jane.martinez12@gmail.com
Michael Smith,4211 Main St,michael.smith12@gmail.com
Emily Johnson,4232 Main St,emily.johnson12@gmail.com
Chris Williams,4253 Main St,chris.williams12@gmail.com
Jessica Brown,4274 Main St,jessica.brown12@gmail.com
David Jones,4295 Main St,david.jones12@gmail.com
Sarah Garcia,4316 Main St,sarah.garcia12@gmail.com
James Miller,4337 Main St,james.miller12@gmail.com
Laura Davis,4358 Main St,laura.davis12@gmail.com
John Rodriguez,4379 Main St,john.rodriguez12@gmail.com
Jane Martinez,4400 Main St,jane.martinez12@gmail.com
Michael Smith,4421 Main St,michael.smith12@gmail.com
Emily Johnson,4442 Main St,emily.johnson12@gmail.com
Chris Williams,4463 Main St,chris.williams12@gmail.com
Jessica Brown,4484 Main St,jessica.brown12@gmail.com
David Jones,4505 Main St,david.jones12@gmail.com
Sarah Garcia,4526 Main St,sarah.garcia12@gmail.com
James Miller,4547 Main St,james.miller12@gmail.com
Laura Davis,4568 Main St,laura.davis12@gmail.com
John Rodriguez,4589 Main St,john.rodriguez12@gmail.com
Jane Martinez,4610 Main St,jane.martinez12@gmail.com
Michael Smith,4631 Main St,michael.smith12@gmail.com
Emily Johnson,4652 Main St,emily.johnson12@gmail.com
Chris Williams,4673 Main St,chris.williams12@gmail.com
Jessica Brown,4694 Main St,jessica.brown12@gmail.com
David Jones,4715 Main St,david.jones12@gmail.com
Sarah Garcia,4736 Main St,sarah.garcia12@gmail.com
James Miller,4757 Main St,james.miller12@gmail.com
Laura Davis,4778 Main St,laura.davis12@gmail.com
John Rodriguez,4799 Main St,john.rodriguez12@gmail.com
Jane Martinez,4820 Main St,jane.martinez12@gmail.com
Michael Smith,4841 Main St,michael.smith12@gmail.com
Emily Johnson,4862 Main St,emily.johnson12@gmail.com
Chris Williams,4883 Main St,chris.williams12@gmail.com
Jessica Brown,4904 Main St,jessica.brown12@gmail.com
David Jones,4925 Main St,david.jones12@gmail.com
Sarah Garcia,4946 Main St,sarah.garcia12@gmail.com
James Miller,4967 Main St,james.miller12@gmail.com
Laura Davis,4988 Main St,laura.davis12@gmail.com
John Rodriguez,5009 Main St,john.rodriguez12@gmail.com
Jane Martinez,5030 Main St,jane.martinez12@gmail.com
Michael Smith,5051 Main St,michael.smith12@gmail.com
Emily Johnson,5072 Main St,emily.johnson12@gmail.com
Chris Williams,5093 Main St,chris.williams12@gmail.com
Jessica Brown,5114 Main St,jessica.brown12@gmail.com
David Jones,5135 Main St,david.jones12@gmail.com
Sarah Garcia,5156 Main St,sarah.garcia12@gmail.com
James Miller,5177 Main St,james.miller12@gmail.com
Laura Davis,5198 Main St,laura.davis12@gmail.com
John Rodriguez,5219 Main St,john.rodriguez12@gmail.com
Jane Martinez,5240 Main St,jane.martinez12@gmail.com
Michael Smith,5261 Main St,michael.smith12@gmail.com
Emily Johnson,5282 Main St,emily.johnson12@gmail.com
Chris Williams,5303 Main St,chris.williams12@gmail.com
Jessica Brown,5324 Main St,jessica.brown12@gmail.com
David Jones,5345 Main St,david.jones12@gmail.com
Sarah Garcia,5366 Main St,sarah.garcia12@gmail.com
James Miller,5387 Main St,james.miller12@gmail.com
Laura Davis,5408 Main St,laura.davis12@gmail.com
John Rodriguez,5429 Main St,john.rodriguez12@gmail.com
Jane Martinez,5450 Main St,jane.martinez12@gmail.com
Michael Smith,5471 Main St,michael.smith12@gmail.com
Emily Johnson,5492 Main St,emily.johnson12@gmail.com
Chris Williams,5513 Main St,chris.williams12@gmail.com
Jessica Brown,5534 Main St,jessica.brown12@gmail.com
David Jones,5555 Main St,david.jones12@gmail.com
Sarah Garcia,5576 Main St,sarah.garcia12@gmail.com
James Miller,5597 Main St,james.miller12@gmail.com
Laura Davis,5618 Main St,laura.davis12@gmail.com
John Rodriguez,5639 Main St,john.rodriguez12@gmail.com
Jane Martinez,5660 Main St,jane.martinez12@gmail.com
Michael Smith,5681 Main St,michael.smith12@gmail.com
Emily Johnson,5702 Main St,emily.johnson12@gmail.com
Chris Williams,5723 Main St,chris.williams12@gmail.com
Jessica Brown,5744 Main St,jessica.brown12@gmail.com
David Jones,5765 Main St,david.jones12@gmail.com
Sarah GarciaFull Name,Address,Email
john Doe,123 Main St,john.doe12@gmail.com
smith     maharjan Doe,123 Main St,smith.doe12@gmail.com
ram Doe,123 Main St,ram.doe12@gmail.com
Michael Smith,123 Main St,michael.smith12@gmail.com
Emily Johnson,456 Main St,emily.johnson12@gmail.com
Chris Williams,789 Main St,chris.williams12@gmail.com
Jessica Brown,101 Main St,jessica.brown12@gmail.com
David Jones,112 Main St,david.jones12@gmail.com
Sarah Garcia,131 Main St,sarah.garcia12@gmail.com
James Miller,415 Main St,james.miller12@gmail.com
Laura Davis,161 Main St,laura.davis12@gmail.com
John Rodriguez,718 Main St,john.rodriguez12@gmail.com
Jane Martinez,192 Main St,jane.martinez12@gmail.com
Michael Smith,223 Main St,michael.smith12@gmail.com
Emily Johnson,242 Main St,emily.johnson12@gmail.com
Chris Williams,263 Main St,chris.williams12@gmail.com
Jessica Brown,284 Main St,jessica.brown12@gmail.com
David Jones,305 Main St,david.jones12@gmail.com
Sarah Garcia,326 Main St,sarah.garcia12@gmail.com
James Miller,347 Main St,james.miller12@gmail.com
Laura Davis,368 Main St,laura.davis12@gmail.com
John Rodriguez,389 Main St,john.rodriguez12@gmail.com
Jane Martinez,410 Main St,jane.martinez12@gmail.com
Michael Smith,431 Main St,michael.smith12@gmail.com
Emily Johnson,452 Main St,emily.johnson12@gmail.com
Chris Williams,473 Main St,chris.williams12@gmail.com
Jessica Brown,494 Main St,jessica.brown12@gmail.com
David Jones,515 Main St,david.jones12@gmail.com
Sarah Garcia,536 Main St,sarah.garcia12@gmail.com
James Miller,557 Main St,james.miller12@gmail.com
Laura Davis,578 Main St,laura.davis12@gmail.com
John Rodriguez,599 Main St,john.rodriguez12@gmail.com
Jane Martinez,620 Main St,jane.martinez12@gmail.com
Michael Smith,641 Main St,michael.smith12@gmail.com
Emily Johnson,662 Main St,emily.johnson12@gmail.com
Chris Williams,683 Main St,chris.williams12@gmail.com
Jessica Brown,704 Main St,jessica.brown12@gmail.com
David Jones,725 Main St,david.jones12@gmail.com
Sarah Garcia,746 Main St,sarah.garcia12@gmail.com
James Miller,767 Main St,james.miller12@gmail.com
Laura Davis,788 Main St,laura.davis12@gmail.com
John Rodriguez,809 Main St,john.rodriguez12@gmail.com
Jane Martinez,830 Main St,jane.martinez12@gmail.com
Michael Smith,851 Main St,michael.smith12@gmail.com
Emily Johnson,872 Main St,emily.johnson12@gmail.com
Chris Williams,893 Main St,chris.williams12@gmail.com
Jessica Brown,914 Main St,jessica.brown12@gmail.com
David Jones,935 Main St,david.jones12@gmail.com
Sarah Garcia,956 Main St,sarah.garcia12@gmail.com
James Miller,977 Main St,james.miller12@gmail.com
Laura Davis,998 Main St,laura.davis12@gmail.com
John Rodriguez,1019 Main St,john.rodriguez12@gmail.com
Jane Martinez,1040 Main St,jane.martinez12@gmail.com
Michael Smith,1061 Main St,michael.smith12@gmail.com
Emily Johnson,1082 Main St,emily.johnson12@gmail.com
Chris Williams,1103 Main St,chris.williams12@gmail.com
Jessica Brown,1124 Main St,jessica.brown12@gmail.com
David Jones,1145 Main St,david.jones12@gmail.com
Sarah Garcia,1166 Main St,sarah.garcia12@gmail.com
James Miller,1187 Main St,james.miller12@gmail.com
Laura Davis,1208 Main St,laura.davis12@gmail.com
John Rodriguez,1229 Main St,john.rodriguez12@gmail.com
Jane Martinez,1250 Main St,jane.martinez12@gmail.com
Michael Smith,1271 Main St,michael.smith12@gmail.com
Emily Johnson,1292 Main St,emily.johnson12@gmail.com
Chris Williams,1313 Main St,chris.williams12@gmail.com
Jessica Brown,1334 Main St,jessica.brown12@gmail.com
David Jones,1355 Main St,david.jones12@gmail.com
Sarah Garcia,1376 Main St,sarah.garcia12@gmail.com
James Miller,1397 Main St,james.miller12@gmail.com
Laura Davis,1418 Main St,laura.davis12@gmail.com
John Rodriguez,1439 Main St,john.rodriguez12@gmail.com
Jane Martinez,1460 Main St,jane.martinez12@gmail.com
Michael Smith,1481 Main St,michael.smith12@gmail.com
Emily Johnson,1502 Main St,emily.johnson12@gmail.com
Chris Williams,1523 Main St,chris.williams12@gmail.com
Jessica Brown,1544 Main St,jessica.brown12@gmail.com
David Jones,1565 Main St,david.jones12@gmail.com
Sarah Garcia,1586 Main St,sarah.garcia12@gmail.com
James Miller,1607 Main St,james.miller12@gmail.com
Laura Davis,1628 Main St,laura.davis12@gmail.com
John Rodriguez,1649 Main St,john.rodriguez12@gmail.com
Jane Martinez,1670 Main St,jane.martinez12@gmail.com
Michael Smith,1691 Main St,michael.smith12@gmail.com
Emily Johnson,1712 Main St,emily.johnson12@gmail.com
Chris Williams,1733 Main St,chris.williams12@gmail.com
Jessica Brown,1754 Main St,jessica.brown12@gmail.com
David Jones,1775 Main St,david.jones12@gmail.com
Sarah Garcia,1796 Main St,sarah.garcia12@gmail.com
James Miller,1817 Main St,james.miller12@gmail.com
Laura Davis,1838 Main St,laura.davis12@gmail.com
John Rodriguez,1859 Main St,john.rodriguez12@gmail.com
Jane Martinez,1880 Main St,jane.martinez12@gmail.com
Michael Smith,1901 Main St,michael.smith12@gmail.com
Emily Johnson,1922 Main St,emily.johnson12@gmail.com
Chris Williams,1943 Main St,chris.williams12@gmail.com
Jessica Brown,1964 Main St,jessica.brown12@gmail.com
David Jones,1985 Main St,david.jones12@gmail.com
Sarah Garcia,2006 Main St,sarah.garcia12@gmail.com
James Miller,2027 Main St,james.miller12@gmail.com
Laura Davis,2048 Main St,laura.davis12@gmail.com
John Rodriguez,2069 Main St,john.rodriguez12@gmail.com
Jane Martinez,2090 Main St,jane.martinez12@gmail.com
Michael Smith,2111 Main St,michael.smith12@gmail.com
Emily Johnson,2132 Main St,emily.johnson12@gmail.com
Chris Williams,2153 Main St,chris.williams12@gmail.com
Jessica Brown,2174 Main St,jessica.brown12@gmail.com
David Jones,2195 Main St,david.jones12@gmail.com
Sarah Garcia,2216 Main St,sarah.garcia12@gmail.com
James Miller,2237 Main St,james.miller12@gmail.com
Laura Davis,2258 Main St,laura.davis12@gmail.com
John Rodriguez,2279 Main St,john.rodriguez12@gmail.com
Jane Martinez,2300 Main St,jane.martinez12@gmail.com
Michael Smith,2321 Main St,michael.smith12@gmail.com
Emily Johnson,2342 Main St,emily.johnson12@gmail.com
Chris Williams,2363 Main St,chris.williams12@gmail.com
Jessica Brown,2384 Main St,jessica.brown12@gmail.com
David Jones,2405 Main St,david.jones12@gmail.com
Sarah Garcia,2426 Main St,sarah.garcia12@gmail.com
James Miller,2447 Main St,james.miller12@gmail.com
Laura Davis,2468 Main St,laura.davis12@gmail.com
John Rodriguez,2489 Main St,john.rodriguez12@gmail.com
Jane Martinez,2510 Main St,jane.martinez12@gmail.com
Michael Smith,2531 Main St,michael.smith12@gmail.com
Emily Johnson,2552 Main St,emily.johnson12@gmail.com
Chris Williams,2573 Main St,chris.williams12@gmail.com
Jessica Brown,2594 Main St,jessica.brown12@gmail.com
David Jones,2615 Main St,david.jones12@gmail.com
Sarah Garcia,2636 Main St,sarah.garcia12@gmail.com
James Miller,2657 Main St,james.miller12@gmail.com
Laura Davis,2678 Main St,laura.davis12@gmail.com
John Rodriguez,2699 Main St,john.rodriguez12@gmail.com
Jane Martinez,2720 Main St,jane.martinez12@gmail.com
Michael Smith,2741 Main St,michael.smith12@gmail.com
Emily Johnson,2762 Main St,emily.johnson12@gmail.com
Chris Williams,2783 Main St,chris.williams12@gmail.com
Jessica Brown,2804 Main St,jessica.brown12@gmail.com
David Jones,2825 Main St,david.jones12@gmail.com
Sarah Garcia,2846 Main St,sarah.garcia12@gmail.com
James Miller,2867 Main St,james.miller12@gmail.com
Laura Davis,2888 Main St,laura.davis12@gmail.com
John Rodriguez,2909 Main St,john.rodriguez12@gmail.com
Jane Martinez,2930 Main St,jane.martinez12@gmail.com
Michael Smith,2951 Main St,michael.smith12@gmail.com
Emily Johnson,2972 Main St,emily.johnson12@gmail.com
Chris Williams,2993 Main St,chris.williams12@gmail.com
Jessica Brown,3014 Main St,jessica.brown12@gmail.com
David Jones,3035 Main St,david.jones12@gmail.com
Sarah Garcia,3056 Main St,sarah.garcia12@gmail.com
James Miller,3077 Main St,james.miller12@gmail.com
Laura Davis,3098 Main St,laura.davis12@gmail.com
John Rodriguez,3119 Main St,john.rodriguez12@gmail.com
Jane Martinez,3140 Main St,jane.martinez12@gmail.com
Michael Smith,3161 Main St,michael.smith12@gmail.com
Emily Johnson,3182 Main St,emily.johnson12@gmail.com
Chris Williams,3203 Main St,chris.williams12@gmail.com
Jessica Brown,3224 Main St,jessica.brown12@gmail.com
David Jones,3245 Main St,david.jones12@gmail.com
Sarah Garcia,3266 Main St,sarah.garcia12@gmail.com
James Miller,3287 Main St,james.miller12@gmail.com
Laura Davis,3308 Main St,laura.davis12@gmail.com
John Rodriguez,3329 Main St,john.rodriguez12@gmail.com
Jane Martinez,3350 Main St,jane.martinez12@gmail.com
Michael Smith,3371 Main St,michael.smith12@gmail.com
Emily Johnson,3392 Main St,emily.johnson12@gmail.com
Chris Williams,3413 Main St,chris.williams12@gmail.com
Jessica Brown,3434 Main St,jessica.brown12@gmail.com
David Jones,3455 Main St,david.jones12@gmail.com
Sarah Garcia,3476 Main St,sarah.garcia12@gmail.com
James Miller,3497 Main St,james.miller12@gmail.com
Laura Davis,3518 Main St,laura.davis12@gmail.com
John Rodriguez,3539 Main St,john.rodriguez12@gmail.com
Jane Martinez,3560 Main St,jane.martinez12@gmail.com
Michael Smith,3581 Main St,michael.smith12@gmail.com
Emily Johnson,3602 Main St,emily.johnson12@gmail.com
Chris Williams,3623 Main St,chris.williams12@gmail.com
Jessica Brown,3644 Main St,jessica.brown12@gmail.com
David Jones,3665 Main St,david.jones12@gmail.com
Sarah Garcia,3686 Main St,sarah.garcia12@gmail.com
James Miller,3707 Main St,james.miller12@gmail.com
Laura Davis,3728 Main St,laura.davis12@gmail.com
John Rodriguez,3749 Main St,john.rodriguez12@gmail.com
Jane Martinez,3770 Main St,jane.martinez12@gmail.com
Michael Smith,3791 Main St,michael.smith12@gmail.com
Emily Johnson,3812 Main St,emily.johnson12@gmail.com
Chris Williams,3833 Main St,chris.williams12@gmail.com
Jessica Brown,3854 Main St,jessica.brown12@gmail.com
David Jones,3875 Main St,david.jones12@gmail.com
Sarah Garcia,3896 Main St,sarah.garcia12@gmail.com
James Miller,3917 Main St,james.miller12@gmail.com
Laura Davis,3938 Main St,laura.davis12@gmail.com
John Rodriguez,3959 Main St,john.rodriguez12@gmail.com
Jane Martinez,3980 Main St,jane.martinez12@gmail.com
Michael Smith,4001 Main St,michael.smith12@gmail.com
Emily Johnson,4022 Main St,emily.johnson12@gmail.com
Chris Williams,4043 Main St,chris.williams12@gmail.com
Jessica Brown,4064 Main St,jessica.brown12@gmail.com
David Jones,4085 Main St,david.jones12@gmail.com
Sarah Garcia,4106 Main St,sarah.garcia12@gmail.com
James Miller,4127 Main St,james.miller12@gmail.com
Laura Davis,4148 Main St,laura.davis12@gmail.com
John Rodriguez,4169 Main St,john.rodriguez12@gmail.com
Jane Martinez,4190 Main St,jane.martinez12@gmail.com
Michael Smith,4211 Main St,michael.smith12@gmail.com
Emily Johnson,4232 Main St,emily.johnson12@gmail.com
Chris Williams,4253 Main St,chris.williams12@gmail.com
Jessica Brown,4274 Main St,jessica.brown12@gmail.com
David Jones,4295 Main St,david.jones12@gmail.com
Sarah Garcia,4316 Main St,sarah.garcia12@gmail.com
James Miller,4337 Main St,james.miller12@gmail.com
Laura Davis,4358 Main St,laura.davis12@gmail.com
John Rodriguez,4379 Main St,john.rodriguez12@gmail.com
Jane Martinez,4400 Main St,jane.martinez12@gmail.com
Michael Smith,4421 Main St,michael.smith12@gmail.com
Emily Johnson,4442 Main St,emily.johnson12@gmail.com
Chris Williams,4463 Main St,chris.williams12@gmail.com
Jessica Brown,4484 Main St,jessica.brown12@gmail.com
David Jones,4505 Main St,david.jones12@gmail.com
Sarah Garcia,4526 Main St,sarah.garcia12@gmail.com
James Miller,4547 Main St,james.miller12@gmail.com
Laura Davis,4568 Main St,laura.davis12@gmail.com
John Rodriguez,4589 Main St,john.rodriguez12@gmail.com
Jane Martinez,4610 Main St,jane.martinez12@gmail.com
Michael Smith,4631 Main St,michael.smith12@gmail.com
Emily Johnson,4652 Main St,emily.johnson12@gmail.com
Chris Williams,4673 Main St,chris.williams12@gmail.com
Jessica Brown,4694 Main St,jessica.brown12@gmail.com
David Jones,4715 Main St,david.jones12@gmail.com
Sarah Garcia,4736 Main St,sarah.garcia12@gmail.com
James Miller,4757 Main St,james.miller12@gmail.com
Laura Davis,4778 Main St,laura.davis12@gmail.com
John Rodriguez,4799 Main St,john.rodriguez12@gmail.com
Jane Martinez,4820 Main St,jane.martinez12@gmail.com
Michael Smith,4841 Main St,michael.smith12@gmail.com
Emily Johnson,4862 Main St,emily.johnson12@gmail.com
Chris Williams,4883 Main St,chris.williams12@gmail.com
Jessica Brown,4904 Main St,jessica.brown12@gmail.com
David Jones,4925 Main St,david.jones12@gmail.com
Sarah Garcia,4946 Main St,sarah.garcia12@gmail.com
James Miller,4967 Main St,james.miller12@gmail.com
Laura Davis,4988 Main St,laura.davis12@gmail.com
John Rodriguez,5009 Main St,john.rodriguez12@gmail.com
Jane Martinez,5030 Main St,jane.martinez12@gmail.com
Michael Smith,5051 Main St,michael.smith12@gmail.com
Emily Johnson,5072 Main St,emily.johnson12@gmail.com
Chris Williams,5093 Main St,chris.williams12@gmail.com
Jessica Brown,5114 Main St,jessica.brown12@gmail.com
David Jones,5135 Main St,david.jones12@gmail.com
Sarah Garcia,5156 Main St,sarah.garcia12@gmail.com
James Miller,5177 Main St,james.miller12@gmail.com
Laura Davis,5198 Main St,laura.davis12@gmail.com
John Rodriguez,5219 Main St,john.rodriguez12@gmail.com
Jane Martinez,5240 Main St,jane.martinez12@gmail.com
Michael Smith,5261 Main St,michael.smith12@gmail.com
Emily Johnson,5282 Main St,emily.johnson12@gmail.com
Chris Williams,5303 Main St,chris.williams12@gmail.com
Jessica Brown,5324 Main St,jessica.brown12@gmail.com
David Jones,5345 Main St,david.jones12@gmail.com
Sarah Garcia,5366 Main St,sarah.garcia12@gmail.com
James Miller,5387 Main St,james.miller12@gmail.com
Laura Davis,5408 Main St,laura.davis12@gmail.com
John Rodriguez,5429 Main St,john.rodriguez12@gmail.com
Jane Martinez,5450 Main St,jane.martinez12@gmail.com
Michael Smith,5471 Main St,michael.smith12@gmail.com
Emily Johnson,5492 Main St,emily.johnson12@gmail.com
Chris Williams,5513 Main St,chris.williams12@gmail.com
Jessica Brown,5534 Main St,jessica.brown12@gmail.com
David Jones,5555 Main St,david.jones12@gmail.com
Sarah Garcia,5576 Main St,sarah.garcia12@gmail.com
James Miller,5597 Main St,james.miller12@gmail.com
Laura Davis,5618 Main St,laura.davis12@gmail.com
John Rodriguez,5639 Main St,john.rodriguez12@gmail.com
Jane Martinez,5660 Main St,jane.martinez12@gmail.com
Michael Smith,5681 Main St,michael.smith12@gmail.com
Emily Johnson,5702 Main St,emily.johnson12@gmail.com
Chris Williams,5723 Main St,chris.williams12@gmail.com
Jessica Brown,5744 Main St,jessica.brown12@gmail.com
David Jones,5765 Main St,david.jones12@gmail.com
john Doe,123 Main St,john.doe12@gmail.com
smith     maharjan Doe,123 Main St,smith.doe12@gmail.com
ram Doe,123 Main St,ram.doe12@gmail.com
Full Name,Address,Email
john Doe,123 Main St,john.doe12@gmail.com
smith     maharjan Doe,123 Main St,smith.doe12@gmail.com
ram Doe,123 Main St,ram.doe12@gmail.com
Michael Smith,123 Main St,michael.smith12@gmail.com
Emily Johnson,456 Main St,emily.johnson12@gmail.com
Chris Williams,789 Main St,chris.williams12@gmail.com
Jessica Brown,101 Main St,jessica.brown12@gmail.com
David Jones,112 Main St,david.jones12@gmail.com
Sarah Garcia,131 Main St,sarah.garcia12@gmail.com
James Miller,415 Main St,james.miller12@gmail.com
Laura Davis,161 Main St,laura.davis12@gmail.com
John Rodriguez,718 Main St,john.rodriguez12@gmail.com
Jane Martinez,192 Main St,jane.martinez12@gmail.com
Michael Smith,223 Main St,michael.smith12@gmail.com
Emily Johnson,242 Main St,emily.johnson12@gmail.com
Chris Williams,263 Main St,chris.williams12@gmail.com
Jessica Brown,284 Main St,jessica.brown12@gmail.com
David Jones,305 Main St,david.jones12@gmail.com
Sarah Garcia,326 Main St,sarah.garcia12@gmail.com
James Miller,347 Main St,james.miller12@gmail.com
Laura Davis,368 Main St,laura.davis12@gmail.com
John Rodriguez,389 Main St,john.rodriguez12@gmail.com
Jane Martinez,410 Main St,jane.martinez12@gmail.com
Michael Smith,431 Main St,michael.smith12@gmail.com
Emily Johnson,452 Main St,emily.johnson12@gmail.com
Chris Williams,473 Main St,chris.williams12@gmail.com
Jessica Brown,494 Main St,jessica.brown12@gmail.com
David Jones,515 Main St,david.jones12@gmail.com
Sarah Garcia,536 Main St,sarah.garcia12@gmail.com
James Miller,557 Main St,james.miller12@gmail.com
Laura Davis,578 Main St,laura.davis12@gmail.com
John Rodriguez,599 Main St,john.rodriguez12@gmail.com
Jane Martinez,620 Main St,jane.martinez12@gmail.com
Michael Smith,641 Main St,michael.smith12@gmail.com
Emily Johnson,662 Main St,emily.johnson12@gmail.com
Chris Williams,683 Main St,chris.williams12@gmail.com
Jessica Brown,704 Main St,jessica.brown12@gmail.com
David Jones,725 Main St,david.jones12@gmail.com
Sarah Garcia,746 Main St,sarah.garcia12@gmail.com
James Miller,767 Main St,james.miller12@gmail.com
Laura Davis,788 Main St,laura.davis12@gmail.com
John Rodriguez,809 Main St,john.rodriguez12@gmail.com
Jane Martinez,830 Main St,jane.martinez12@gmail.com
Michael Smith,851 Main St,michael.smith12@gmail.com
Emily Johnson,872 Main St,emily.johnson12@gmail.com
Chris Williams,893 Main St,chris.williams12@gmail.com
Jessica Brown,914 Main St,jessica.brown12@gmail.com
David Jones,935 Main St,david.jones12@gmail.com
Sarah Garcia,956 Main St,sarah.garcia12@gmail.com
James Miller,977 Main St,james.miller12@gmail.com
Laura Davis,998 Main St,laura.davis12@gmail.com
John Rodriguez,1019 Main St,john.rodriguez12@gmail.com
Jane Martinez,1040 Main St,jane.martinez12@gmail.com
Michael Smith,1061 Main St,michael.smith12@gmail.com
Emily Johnson,1082 Main St,emily.johnson12@gmail.com
Chris Williams,1103 Main St,chris.williams12@gmail.com
Jessica Brown,1124 Main St,jessica.brown12@gmail.com
David Jones,1145 Main St,david.jones12@gmail.com
Sarah Garcia,1166 Main St,sarah.garcia12@gmail.com
James Miller,1187 Main St,james.miller12@gmail.com
Laura Davis,1208 Main St,laura.davis12@gmail.com
John Rodriguez,1229 Main St,john.rodriguez12@gmail.com
Jane Martinez,1250 Main St,jane.martinez12@gmail.com
Michael Smith,1271 Main St,michael.smith12@gmail.com
Emily Johnson,1292 Main St,emily.johnson12@gmail.com
Chris Williams,1313 Main St,chris.williams12@gmail.com
Jessica Brown,1334 Main St,jessica.brown12@gmail.com
David Jones,1355 Main St,david.jones12@gmail.com
Sarah Garcia,1376 Main St,sarah.garcia12@gmail.com
James Miller,1397 Main St,james.miller12@gmail.com
Laura Davis,1418 Main St,laura.davis12@gmail.com
John Rodriguez,1439 Main St,john.rodriguez12@gmail.com
Jane Martinez,1460 Main St,jane.martinez12@gmail.com
Michael Smith,1481 Main St,michael.smith12@gmail.com
Emily Johnson,1502 Main St,emily.johnson12@gmail.com
Chris Williams,1523 Main St,chris.williams12@gmail.com
Jessica Brown,1544 Main St,jessica.brown12@gmail.com
David Jones,1565 Main St,david.jones12@gmail.com
Sarah Garcia,1586 Main St,sarah.garcia12@gmail.com
James Miller,1607 Main St,james.miller12@gmail.com
Laura Davis,1628 Main St,laura.davis12@gmail.com
John Rodriguez,1649 Main St,john.rodriguez12@gmail.com
Jane Martinez,1670 Main St,jane.martinez12@gmail.com
Michael Smith,1691 Main St,michael.smith12@gmail.com
Emily Johnson,1712 Main St,emily.johnson12@gmail.com
Chris Williams,1733 Main St,chris.williams12@gmail.com
Jessica Brown,1754 Main St,jessica.brown12@gmail.com
David Jones,1775 Main St,david.jones12@gmail.com
Sarah Garcia,1796 Main St,sarah.garcia12@gmail.com
James Miller,1817 Main St,james.miller12@gmail.com
Laura Davis,1838 Main St,laura.davis12@gmail.com
John Rodriguez,1859 Main St,john.rodriguez12@gmail.com
Jane Martinez,1880 Main St,jane.martinez12@gmail.com
Michael Smith,1901 Main St,michael.smith12@gmail.com
Emily Johnson,1922 Main St,emily.johnson12@gmail.com
Chris Williams,1943 Main St,chris.williams12@gmail.com
Jessica Brown,1964 Main St,jessica.brown12@gmail.com
David Jones,1985 Main St,david.jones12@gmail.com
Sarah Garcia,2006 Main St,sarah.garcia12@gmail.com
James Miller,2027 Main St,james.miller12@gmail.com
Laura Davis,2048 Main St,laura.davis12@gmail.com
John Rodriguez,2069 Main St,john.rodriguez12@gmail.com
Jane Martinez,2090 Main St,jane.martinez12@gmail.com
Michael Smith,2111 Main St,michael.smith12@gmail.com
Emily Johnson,2132 Main St,emily.johnson12@gmail.com
Chris Williams,2153 Main St,chris.williams12@gmail.com
Jessica Brown,2174 Main St,jessica.brown12@gmail.com
David Jones,2195 Main St,david.jones12@gmail.com
Sarah Garcia,2216 Main St,sarah.garcia12@gmail.com
James Miller,2237 Main St,james.miller12@gmail.com
Laura Davis,2258 Main St,laura.davis12@gmail.com
John Rodriguez,2279 Main St,john.rodriguez12@gmail.com
Jane Martinez,2300 Main St,jane.martinez12@gmail.com
Michael Smith,2321 Main St,michael.smith12@gmail.com
Emily Johnson,2342 Main St,emily.johnson12@gmail.com
Chris Williams,2363 Main St,chris.williams12@gmail.com
Jessica Brown,2384 Main St,jessica.brown12@gmail.com
David Jones,2405 Main St,david.jones12@gmail.com
Sarah Garcia,2426 Main St,sarah.garcia12@gmail.com
James Miller,2447 Main St,james.miller12@gmail.com
Laura Davis,2468 Main St,laura.davis12@gmail.com
John Rodriguez,2489 Main St,john.rodriguez12@gmail.com
Jane Martinez,2510 Main St,jane.martinez12@gmail.com
Michael Smith,2531 Main St,michael.smith12@gmail.com
Emily Johnson,2552 Main St,emily.johnson12@gmail.com
Chris Williams,2573 Main St,chris.williams12@gmail.com
Jessica Brown,2594 Main St,jessica.brown12@gmail.com
David Jones,2615 Main St,david.jones12@gmail.com
Sarah Garcia,2636 Main St,sarah.garcia12@gmail.com
James Miller,2657 Main St,james.miller12@gmail.com
Laura Davis,2678 Main St,laura.davis12@gmail.com
John Rodriguez,2699 Main St,john.rodriguez12@gmail.com
Jane Martinez,2720 Main St,jane.martinez12@gmail.com
Michael Smith,2741 Main St,michael.smith12@gmail.com
Emily Johnson,2762 Main St,emily.johnson12@gmail.com
Chris Williams,2783 Main St,chris.williams12@gmail.com
Jessica Brown,2804 Main St,jessica.brown12@gmail.com
David Jones,2825 Main St,david.jones12@gmail.com
Sarah Garcia,2846 Main St,sarah.garcia12@gmail.com
James Miller,2867 Main St,james.miller12@gmail.com
Laura Davis,2888 Main St,laura.davis12@gmail.com
John Rodriguez,2909 Main St,john.rodriguez12@gmail.com
Jane Martinez,2930 Main St,jane.martinez12@gmail.com
Michael Smith,2951 Main St,michael.smith12@gmail.com
Emily Johnson,2972 Main St,emily.johnson12@gmail.com
Chris Williams,2993 Main St,chris.williams12@gmail.com
Jessica Brown,3014 Main St,jessica.brown12@gmail.com
David Jones,3035 Main St,david.jones12@gmail.com
Sarah Garcia,3056 Main St,sarah.garcia12@gmail.com
James Miller,3077 Main St,james.miller12@gmail.com
Laura Davis,3098 Main St,laura.davis12@gmail.com
John Rodriguez,3119 Main St,john.rodriguez12@gmail.com
Jane Martinez,3140 Main St,jane.martinez12@gmail.com
Michael Smith,3161 Main St,michael.smith12@gmail.com
Emily Johnson,3182 Main St,emily.johnson12@gmail.com
Chris Williams,3203 Main St,chris.williams12@gmail.com
Jessica Brown,3224 Main St,jessica.brown12@gmail.com
David Jones,3245 Main St,david.jones12@gmail.com
Sarah Garcia,3266 Main St,sarah.garcia12@gmail.com
James Miller,3287 Main St,james.miller12@gmail.com
Laura Davis,3308 Main St,laura.davis12@gmail.com
John Rodriguez,3329 Main St,john.rodriguez12@gmail.com
Jane Martinez,3350 Main St,jane.martinez12@gmail.com
Michael Smith,3371 Main St,michael.smith12@gmail.com
Emily Johnson,3392 Main St,emily.johnson12@gmail.com
Chris Williams,3413 Main St,chris.williams12@gmail.com
Jessica Brown,3434 Main St,jessica.brown12@gmail.com
David Jones,3455 Main St,david.jones12@gmail.com
Sarah Garcia,3476 Main St,sarah.garcia12@gmail.com
James Miller,3497 Main St,james.miller12@gmail.com
Laura Davis,3518 Main St,laura.davis12@gmail.com
John Rodriguez,3539 Main St,john.rodriguez12@gmail.com
Jane Martinez,3560 Main St,jane.martinez12@gmail.com
Michael Smith,3581 Main St,michael.smith12@gmail.com
Emily Johnson,3602 Main St,emily.johnson12@gmail.com
Chris Williams,3623 Main St,chris.williams12@gmail.com
Jessica Brown,3644 Main St,jessica.brown12@gmail.com
David Jones,3665 Main St,david.jones12@gmail.com
Sarah Garcia,3686 Main St,sarah.garcia12@gmail.com
James Miller,3707 Main St,james.miller12@gmail.com
Laura Davis,3728 Main St,laura.davis12@gmail.com
John Rodriguez,3749 Main St,john.rodriguez12@gmail.com
Jane Martinez,3770 Main St,jane.martinez12@gmail.com
Michael Smith,3791 Main St,michael.smith12@gmail.com
Emily Johnson,3812 Main St,emily.johnson12@gmail.com
Chris Williams,3833 Main St,chris.williams12@gmail.com
Jessica Brown,3854 Main St,jessica.brown12@gmail.com
David Jones,3875 Main St,david.jones12@gmail.com
Sarah Garcia,3896 Main St,sarah.garcia12@gmail.com
James Miller,3917 Main St,james.miller12@gmail.com
Laura Davis,3938 Main St,laura.davis12@gmail.com
John Rodriguez,3959 Main St,john.rodriguez12@gmail.com
Jane Martinez,3980 Main St,jane.martinez12@gmail.com
Michael Smith,4001 Main St,michael.smith12@gmail.com
Emily Johnson,4022 Main St,emily.johnson12@gmail.com
Chris Williams,4043 Main St,chris.williams12@gmail.com
Jessica Brown,4064 Main St,jessica.brown12@gmail.com
David Jones,4085 Main St,david.jones12@gmail.com
Sarah Garcia,4106 Main St,sarah.garcia12@gmail.com
James Miller,4127 Main St,james.miller12@gmail.com
Laura Davis,4148 Main St,laura.davis12@gmail.com
John Rodriguez,4169 Main St,john.rodriguez12@gmail.com
Jane Martinez,4190 Main St,jane.martinez12@gmail.com
Michael Smith,4211 Main St,michael.smith12@gmail.com
Emily Johnson,4232 Main St,emily.johnson12@gmail.com
Chris Williams,4253 Main St,chris.williams12@gmail.com
Jessica Brown,4274 Main St,jessica.brown12@gmail.com
David Jones,4295 Main St,david.jones12@gmail.com
Sarah Garcia,4316 Main St,sarah.garcia12@gmail.com
James Miller,4337 Main St,james.miller12@gmail.com
Laura Davis,4358 Main St,laura.davis12@gmail.com
John Rodriguez,4379 Main St,john.rodriguez12@gmail.com
Jane Martinez,4400 Main St,jane.martinez12@gmail.com
Michael Smith,4421 Main St,michael.smith12@gmail.com
Emily Johnson,4442 Main St,emily.johnson12@gmail.com
Chris Williams,4463 Main St,chris.williams12@gmail.com
Jessica Brown,4484 Main St,jessica.brown12@gmail.com
David Jones,4505 Main St,david.jones12@gmail.com
Sarah Garcia,4526 Main St,sarah.garcia12@gmail.com
James Miller,4547 Main St,james.miller12@gmail.com
Laura Davis,4568 Main St,laura.davis12@gmail.com
John Rodriguez,4589 Main St,john.rodriguez12@gmail.com
Jane Martinez,4610 Main St,jane.martinez12@gmail.com
Michael Smith,4631 Main St,michael.smith12@gmail.com
Emily Johnson,4652 Main St,emily.johnson12@gmail.com
Chris Williams,4673 Main St,chris.williams12@gmail.com
Jessica Brown,4694 Main St,jessica.brown12@gmail.com
David Jones,4715 Main St,david.jones12@gmail.com
Sarah Garcia,4736 Main St,sarah.garcia12@gmail.com
James Miller,4757 Main St,james.miller12@gmail.com
Laura Davis,4778 Main St,laura.davis12@gmail.com
John Rodriguez,4799 Main St,john.rodriguez12@gmail.com
Jane Martinez,4820 Main St,jane.martinez12@gmail.com
Michael Smith,4841 Main St,michael.smith12@gmail.com
Emily Johnson,4862 Main St,emily.johnson12@gmail.com
Chris Williams,4883 Main St,chris.williams12@gmail.com
Jessica Brown,4904 Main St,jessica.brown12@gmail.com
David Jones,4925 Main St,david.jones12@gmail.com
Sarah Garcia,4946 Main St,sarah.garcia12@gmail.com
James Miller,4967 Main St,james.miller12@gmail.com
Laura Davis,4988 Main St,laura.davis12@gmail.com
John Rodriguez,5009 Main St,john.rodriguez12@gmail.com
Jane Martinez,5030 Main St,jane.martinez12@gmail.com
Michael Smith,5051 Main St,michael.smith12@gmail.com
Emily Johnson,5072 Main St,emily.johnson12@gmail.com
Chris Williams,5093 Main St,chris.williams12@gmail.com
Jessica Brown,5114 Main St,jessica.brown12@gmail.com
David Jones,5135 Main St,david.jones12@gmail.com
Sarah Garcia,5156 Main St,sarah.garcia12@gmail.com
James Miller,5177 Main St,james.miller12@gmail.com
Laura Davis,5198 Main St,laura.davis12@gmail.com
John Rodriguez,5219 Main St,john.rodriguez12@gmail.com
Jane Martinez,5240 Main St,jane.martinez12@gmail.com
Michael Smith,5261 Main St,michael.smith12@gmail.com
Emily Johnson,5282 Main St,emily.johnson12@gmail.com
Chris Williams,5303 Main St,chris.williams12@gmail.com
Jessica Brown,5324 Main St,jessica.brown12@gmail.com
David Jones,5345 Main St,david.jones12@gmail.com
Sarah Garcia,5366 Main St,sarah.garcia12@gmail.com
James Miller,5387 Main St,james.miller12@gmail.com
Laura Davis,5408 Main St,laura.davis12@gmail.com
John Rodriguez,5429 Main St,john.rodriguez12@gmail.com
Jane Martinez,5450 Main St,jane.martinez12@gmail.com
Michael Smith,5471 Main St,michael.smith12@gmail.com
Emily Johnson,5492 Main St,emily.johnson12@gmail.com
Chris Williams,5513 Main St,chris.williams12@gmail.com
Jessica Brown,5534 Main St,jessica.brown12@gmail.com
David Jones,5555 Main St,david.jones12@gmail.com
Sarah Garcia,5576 Main St,sarah.garcia12@gmail.com
James Miller,5597 Main St,james.miller12@gmail.com
Laura Davis,5618 Main St,laura.davis12@gmail.com
John Rodriguez,5639 Main St,john.rodriguez12@gmail.com
Jane Martinez,5660 Main St,jane.martinez12@gmail.com
Michael Smith,5681 Main St,michael.smith12@gmail.com
Emily Johnson,5702 Main St,emily.johnson12@gmail.com
Chris Williams,5723 Main St,chris.williams12@gmail.com
Jessica Brown,5744 Main St,jessica.brown12@gmail.com
David Jones,5765 Main St,david.jones12@gmail.com
Sarah GarciaFull Name,Address,Email
john Doe,123 Main St,john.doe12@gmail.com
smith     maharjan Doe,123 Main St,smith.doe12@gmail.com
ram Doe,123 Main St,ram.doe12@gmail.com
Michael Smith,123 Main St,michael.smith12@gmail.com
Emily Johnson,456 Main St,emily.johnson12@gmail.com
Chris Williams,789 Main St,chris.williams12@gmail.com
Jessica Brown,101 Main St,jessica.brown12@gmail.com
David Jones,112 Main St,david.jones12@gmail.com
Sarah Garcia,131 Main St,sarah.garcia12@gmail.com
James Miller,415 Main St,james.miller12@gmail.com
Laura Davis,161 Main St,laura.davis12@gmail.com
John Rodriguez,718 Main St,john.rodriguez12@gmail.com
Jane Martinez,192 Main St,jane.martinez12@gmail.com
Michael Smith,223 Main St,michael.smith12@gmail.com
Emily Johnson,242 Main St,emily.johnson12@gmail.com
Chris Williams,263 Main St,chris.williams12@gmail.com
Jessica Brown,284 Main St,jessica.brown12@gmail.com
David Jones,305 Main St,david.jones12@gmail.com
Sarah Garcia,326 Main St,sarah.garcia12@gmail.com
James Miller,347 Main St,james.miller12@gmail.com
Laura Davis,368 Main St,laura.davis12@gmail.com
John Rodriguez,389 Main St,john.rodriguez12@gmail.com
Jane Martinez,410 Main St,jane.martinez12@gmail.com
Michael Smith,431 Main St,michael.smith12@gmail.com
Emily Johnson,452 Main St,emily.johnson12@gmail.com
Chris Williams,473 Main St,chris.williams12@gmail.com
Jessica Brown,494 Main St,jessica.brown12@gmail.com
David Jones,515 Main St,david.jones12@gmail.com
Sarah Garcia,536 Main St,sarah.garcia12@gmail.com
James Miller,557 Main St,james.miller12@gmail.com
Laura Davis,578 Main St,laura.davis12@gmail.com
John Rodriguez,599 Main St,john.rodriguez12@gmail.com
Jane Martinez,620 Main St,jane.martinez12@gmail.com
Michael Smith,641 Main St,michael.smith12@gmail.com
Emily Johnson,662 Main St,emily.johnson12@gmail.com
Chris Williams,683 Main St,chris.williams12@gmail.com
Jessica Brown,704 Main St,jessica.brown12@gmail.com
David Jones,725 Main St,david.jones12@gmail.com
Sarah Garcia,746 Main St,sarah.garcia12@gmail.com
James Miller,767 Main St,james.miller12@gmail.com
Laura Davis,788 Main St,laura.davis12@gmail.com
John Rodriguez,809 Main St,john.rodriguez12@gmail.com
Jane Martinez,830 Main St,jane.martinez12@gmail.com
Michael Smith,851 Main St,michael.smith12@gmail.com
Emily Johnson,872 Main St,emily.johnson12@gmail.com
Chris Williams,893 Main St,chris.williams12@gmail.com
Jessica Brown,914 Main St,jessica.brown12@gmail.com
David Jones,935 Main St,david.jones12@gmail.com
Sarah Garcia,956 Main St,sarah.garcia12@gmail.com
James Miller,977 Main St,james.miller12@gmail.com
Laura Davis,998 Main St,laura.davis12@gmail.com
John Rodriguez,1019 Main St,john.rodriguez12@gmail.com
Jane Martinez,1040 Main St,jane.martinez12@gmail.com
Michael Smith,1061 Main St,michael.smith12@gmail.com
Emily Johnson,1082 Main St,emily.johnson12@gmail.com
Chris Williams,1103 Main St,chris.williams12@gmail.com
Jessica Brown,1124 Main St,jessica.brown12@gmail.com
David Jones,1145 Main St,david.jones12@gmail.com
Sarah Garcia,1166 Main St,sarah.garcia12@gmail.com
James Miller,1187 Main St,james.miller12@gmail.com
Laura Davis,1208 Main St,laura.davis12@gmail.com
John Rodriguez,1229 Main St,john.rodriguez12@gmail.com
Jane Martinez,1250 Main St,jane.martinez12@gmail.com
Michael Smith,1271 Main St,michael.smith12@gmail.com
Emily Johnson,1292 Main St,emily.johnson12@gmail.com
Chris Williams,1313 Main St,chris.williams12@gmail.com
Jessica Brown,1334 Main St,jessica.brown12@gmail.com
David Jones,1355 Main St,david.jones12@gmail.com
Sarah Garcia,1376 Main St,sarah.garcia12@gmail.com
James Miller,1397 Main St,james.miller12@gmail.com
Laura Davis,1418 Main St,laura.davis12@gmail.com
John Rodriguez,1439 Main St,john.rodriguez12@gmail.com
Jane Martinez,1460 Main St,jane.martinez12@gmail.com
Michael Smith,1481 Main St,michael.smith12@gmail.com
Emily Johnson,1502 Main St,emily.johnson12@gmail.com
Chris Williams,1523 Main St,chris.williams12@gmail.com
Jessica Brown,1544 Main St,jessica.brown12@gmail.com
David Jones,1565 Main St,david.jones12@gmail.com
Sarah Garcia,1586 Main St,sarah.garcia12@gmail.com
James Miller,1607 Main St,james.miller12@gmail.com
Laura Davis,1628 Main St,laura.davis12@gmail.com
John Rodriguez,1649 Main St,john.rodriguez12@gmail.com
Jane Martinez,1670 Main St,jane.martinez12@gmail.com
Michael Smith,1691 Main St,michael.smith12@gmail.com
Emily Johnson,1712 Main St,emily.johnson12@gmail.com
Chris Williams,1733 Main St,chris.williams12@gmail.com
Jessica Brown,1754 Main St,jessica.brown12@gmail.com
David Jones,1775 Main St,david.jones12@gmail.com
Sarah Garcia,1796 Main St,sarah.garcia12@gmail.com
James Miller,1817 Main St,james.miller12@gmail.com
Laura Davis,1838 Main St,laura.davis12@gmail.com
John Rodriguez,1859 Main St,john.rodriguez12@gmail.com
Jane Martinez,1880 Main St,jane.martinez12@gmail.com
Michael Smith,1901 Main St,michael.smith12@gmail.com
Emily Johnson,1922 Main St,emily.johnson12@gmail.com
Chris Williams,1943 Main St,chris.williams12@gmail.com
Jessica Brown,1964 Main St,jessica.brown12@gmail.com
David Jones,1985 Main St,david.jones12@gmail.com
Sarah Garcia,2006 Main St,sarah.garcia12@gmail.com
James Miller,2027 Main St,james.miller12@gmail.com
Laura Davis,2048 Main St,laura.davis12@gmail.com
John Rodriguez,2069 Main St,john.rodriguez12@gmail.com
Jane Martinez,2090 Main St,jane.martinez12@gmail.com
Michael Smith,2111 Main St,michael.smith12@gmail.com
Emily Johnson,2132 Main St,emily.johnson12@gmail.com
Chris Williams,2153 Main St,chris.williams12@gmail.com
Jessica Brown,2174 Main St,jessica.brown12@gmail.com
David Jones,2195 Main St,david.jones12@gmail.com
Sarah Garcia,2216 Main St,sarah.garcia12@gmail.com
James Miller,2237 Main St,james.miller12@gmail.com
Laura Davis,2258 Main St,laura.davis12@gmail.com
John Rodriguez,2279 Main St,john.rodriguez12@gmail.com
Jane Martinez,2300 Main St,jane.martinez12@gmail.com
Michael Smith,2321 Main St,michael.smith12@gmail.com
Emily Johnson,2342 Main St,emily.johnson12@gmail.com
Chris Williams,2363 Main St,chris.williams12@gmail.com
Jessica Brown,2384 Main St,jessica.brown12@gmail.com
David Jones,2405 Main St,david.jones12@gmail.com
Sarah Garcia,2426 Main St,sarah.garcia12@gmail.com
James Miller,2447 Main St,james.miller12@gmail.com
Laura Davis,2468 Main St,laura.davis12@gmail.com
John Rodriguez,2489 Main St,john.rodriguez12@gmail.com
Jane Martinez,2510 Main St,jane.martinez12@gmail.com
Michael Smith,2531 Main St,michael.smith12@gmail.com
Emily Johnson,2552 Main St,emily.johnson12@gmail.com
Chris Williams,2573 Main St,chris.williams12@gmail.com
Jessica Brown,2594 Main St,jessica.brown12@gmail.com
David Jones,2615 Main St,david.jones12@gmail.com
Sarah Garcia,2636 Main St,sarah.garcia12@gmail.com
James Miller,2657 Main St,james.miller12@gmail.com
Laura Davis,2678 Main St,laura.davis12@gmail.com
John Rodriguez,2699 Main St,john.rodriguez12@gmail.com
Jane Martinez,2720 Main St,jane.martinez12@gmail.com
Michael Smith,2741 Main St,michael.smith12@gmail.com
Emily Johnson,2762 Main St,emily.johnson12@gmail.com
Chris Williams,2783 Main St,chris.williams12@gmail.com
Jessica Brown,2804 Main St,jessica.brown12@gmail.com
David Jones,2825 Main St,david.jones12@gmail.com
Sarah Garcia,2846 Main St,sarah.garcia12@gmail.com
James Miller,2867 Main St,james.miller12@gmail.com
Laura Davis,2888 Main St,laura.davis12@gmail.com
John Rodriguez,2909 Main St,john.rodriguez12@gmail.com
Jane Martinez,2930 Main St,jane.martinez12@gmail.com
Michael Smith,2951 Main St,michael.smith12@gmail.com
Emily Johnson,2972 Main St,emily.johnson12@gmail.com
Chris Williams,2993 Main St,chris.williams12@gmail.com
Jessica Brown,3014 Main St,jessica.brown12@gmail.com
David Jones,3035 Main St,david.jones12@gmail.com
Sarah Garcia,3056 Main St,sarah.garcia12@gmail.com
James Miller,3077 Main St,james.miller12@gmail.com
Laura Davis,3098 Main St,laura.davis12@gmail.com
John Rodriguez,3119 Main St,john.rodriguez12@gmail.com
Jane Martinez,3140 Main St,jane.martinez12@gmail.com
Michael Smith,3161 Main St,michael.smith12@gmail.com
Emily Johnson,3182 Main St,emily.johnson12@gmail.com
Chris Williams,3203 Main St,chris.williams12@gmail.com
Jessica Brown,3224 Main St,jessica.brown12@gmail.com
David Jones,3245 Main St,david.jones12@gmail.com
Sarah Garcia,3266 Main St,sarah.garcia12@gmail.com
James Miller,3287 Main St,james.miller12@gmail.com
Laura Davis,3308 Main St,laura.davis12@gmail.com
John Rodriguez,3329 Main St,john.rodriguez12@gmail.com
Jane Martinez,3350 Main St,jane.martinez12@gmail.com
Michael Smith,3371 Main St,michael.smith12@gmail.com
Emily Johnson,3392 Main St,emily.johnson12@gmail.com
Chris Williams,3413 Main St,chris.williams12@gmail.com
Jessica Brown,3434 Main St,jessica.brown12@gmail.com
David Jones,3455 Main St,david.jones12@gmail.com
Sarah Garcia,3476 Main St,sarah.garcia12@gmail.com
James Miller,3497 Main St,james.miller12@gmail.com
Laura Davis,3518 Main St,laura.davis12@gmail.com
John Rodriguez,3539 Main St,john.rodriguez12@gmail.com
Jane Martinez,3560 Main St,jane.martinez12@gmail.com
Michael Smith,3581 Main St,michael.smith12@gmail.com
Emily Johnson,3602 Main St,emily.johnson12@gmail.com
Chris Williams,3623 Main St,chris.williams12@gmail.com
Jessica Brown,3644 Main St,jessica.brown12@gmail.com
David Jones,3665 Main St,david.jones12@gmail.com
Sarah Garcia,3686 Main St,sarah.garcia12@gmail.com
James Miller,3707 Main St,james.miller12@gmail.com
Laura Davis,3728 Main St,laura.davis12@gmail.com
John Rodriguez,3749 Main St,john.rodriguez12@gmail.com
Jane Martinez,3770 Main St,jane.martinez12@gmail.com
Michael Smith,3791 Main St,michael.smith12@gmail.com
Emily Johnson,3812 Main St,emily.johnson12@gmail.com
Chris Williams,3833 Main St,chris.williams12@gmail.com
Jessica Brown,3854 Main St,jessica.brown12@gmail.com
David Jones,3875 Main St,david.jones12@gmail.com
Sarah Garcia,3896 Main St,sarah.garcia12@gmail.com
James Miller,3917 Main St,james.miller12@gmail.com
Laura Davis,3938 Main St,laura.davis12@gmail.com
John Rodriguez,3959 Main St,john.rodriguez12@gmail.com
Jane Martinez,3980 Main St,jane.martinez12@gmail.com
Michael Smith,4001 Main St,michael.smith12@gmail.com
Emily Johnson,4022 Main St,emily.johnson12@gmail.com
Chris Williams,4043 Main St,chris.williams12@gmail.com
Jessica Brown,4064 Main St,jessica.brown12@gmail.com
David Jones,4085 Main St,david.jones12@gmail.com
Sarah Garcia,4106 Main St,sarah.garcia12@gmail.com
James Miller,4127 Main St,james.miller12@gmail.com
Laura Davis,4148 Main St,laura.davis12@gmail.com
John Rodriguez,4169 Main St,john.rodriguez12@gmail.com
Jane Martinez,4190 Main St,jane.martinez12@gmail.com
Michael Smith,4211 Main St,michael.smith12@gmail.com
Emily Johnson,4232 Main St,emily.johnson12@gmail.com
Chris Williams,4253 Main St,chris.williams12@gmail.com
Jessica Brown,4274 Main St,jessica.brown12@gmail.com
David Jones,4295 Main St,david.jones12@gmail.com
Sarah Garcia,4316 Main St,sarah.garcia12@gmail.com
James Miller,4337 Main St,james.miller12@gmail.com
Laura Davis,4358 Main St,laura.davis12@gmail.com
John Rodriguez,4379 Main St,john.rodriguez12@gmail.com
Jane Martinez,4400 Main St,jane.martinez12@gmail.com
Michael Smith,4421 Main St,michael.smith12@gmail.com
Emily Johnson,4442 Main St,emily.johnson12@gmail.com
Chris Williams,4463 Main St,chris.williams12@gmail.com
Jessica Brown,4484 Main St,jessica.brown12@gmail.com
David Jones,4505 Main St,david.jones12@gmail.com
Sarah Garcia,4526 Main St,sarah.garcia12@gmail.com
James Miller,4547 Main St,james.miller12@gmail.com
Laura Davis,4568 Main St,laura.davis12@gmail.com
John Rodriguez,4589 Main St,john.rodriguez12@gmail.com
Jane Martinez,4610 Main St,jane.martinez12@gmail.com
Michael Smith,4631 Main St,michael.smith12@gmail.com
Emily Johnson,4652 Main St,emily.johnson12@gmail.com
Chris Williams,4673 Main St,chris.williams12@gmail.com
Jessica Brown,4694 Main St,jessica.brown12@gmail.com
David Jones,4715 Main St,david.jones12@gmail.com
Sarah Garcia,4736 Main St,sarah.garcia12@gmail.com
James Miller,4757 Main St,james.miller12@gmail.com
Laura Davis,4778 Main St,laura.davis12@gmail.com
John Rodriguez,4799 Main St,john.rodriguez12@gmail.com
Jane Martinez,4820 Main St,jane.martinez12@gmail.com
Michael Smith,4841 Main St,michael.smith12@gmail.com
Emily Johnson,4862 Main St,emily.johnson12@gmail.com
Chris Williams,4883 Main St,chris.williams12@gmail.com
Jessica Brown,4904 Main St,jessica.brown12@gmail.com
David Jones,4925 Main St,david.jones12@gmail.com
Sarah Garcia,4946 Main St,sarah.garcia12@gmail.com
James Miller,4967 Main St,james.miller12@gmail.com
Laura Davis,4988 Main St,laura.davis12@gmail.com
John Rodriguez,5009 Main St,john.rodriguez12@gmail.com
Jane Martinez,5030 Main St,jane.martinez12@gmail.com
Michael Smith,5051 Main St,michael.smith12@gmail.com
Emily Johnson,5072 Main St,emily.johnson12@gmail.com
Chris Williams,5093 Main St,chris.williams12@gmail.com
Jessica Brown,5114 Main St,jessica.brown12@gmail.com
David Jones,5135 Main St,david.jones12@gmail.com
Sarah Garcia,5156 Main St,sarah.garcia12@gmail.com
James Miller,5177 Main St,james.miller12@gmail.com
Laura Davis,5198 Main St,laura.davis12@gmail.com
John Rodriguez,5219 Main St,john.rodriguez12@gmail.com
Jane Martinez,5240 Main St,jane.martinez12@gmail.com
Michael Smith,5261 Main St,michael.smith12@gmail.com
Emily Johnson,5282 Main St,emily.johnson12@gmail.com
Chris Williams,5303 Main St,chris.williams12@gmail.com
Jessica Brown,5324 Main St,jessica.brown12@gmail.com
David Jones,5345 Main St,david.jones12@gmail.com
Sarah Garcia,5366 Main St,sarah.garcia12@gmail.com
James Miller,5387 Main St,james.miller12@gmail.com
Laura Davis,5408 Main St,laura.davis12@gmail.com
John Rodriguez,5429 Main St,john.rodriguez12@gmail.com
Jane Martinez,5450 Main St,jane.martinez12@gmail.com
Michael Smith,5471 Main St,michael.smith12@gmail.com
Emily Johnson,5492 Main St,emily.johnson12@gmail.com
Chris Williams,5513 Main St,chris.williams12@gmail.com
Jessica Brown,5534 Main St,jessica.brown12@gmail.com
David Jones,5555 Main St,david.jones12@gmail.com
Sarah Garcia,5576 Main St,sarah.garcia12@gmail.com
James Miller,5597 Main St,james.miller12@gmail.com
Laura Davis,5618 Main St,laura.davis12@gmail.com
John Rodriguez,5639 Main St,john.rodriguez12@gmail.com
Jane Martinez,5660 Main St,jane.martinez12@gmail.com
Michael Smith,5681 Main St,michael.smith12@gmail.com
Emily Johnson,5702 Main St,emily.johnson12@gmail.com
Chris Williams,5723 Main St,chris.williams12@gmail.com
Jessica Brown,5744 Main St,jessica.brown12@gmail.com
David Jones,5765 Main St,david.jones12@gmail.com
john Doe,123 Main St,john.doe12@gmail.com
smith     maharjan Doe,123 Main St,smith.doe12@gmail.com
ram Doe,123 Main St,ram.doe12@gmail.com
Full Name,Address,Email
john Doe,123 Main St,john.doe12@gmail.com
smith     maharjan Doe,123 Main St,smith.doe12@gmail.com
ram Doe,123 Main St,ram.doe12@gmail.com
Michael Smith,123 Main St,michael.smith12@gmail.com
Emily Johnson,456 Main St,emily.johnson12@gmail.com
Chris Williams,789 Main St,chris.williams12@gmail.com
Jessica Brown,101 Main St,jessica.brown12@gmail.com
David Jones,112 Main St,david.jones12@gmail.com
Sarah Garcia,131 Main St,sarah.garcia12@gmail.com
James Miller,415 Main St,james.miller12@gmail.com
Laura Davis,161 Main St,laura.davis12@gmail.com
John Rodriguez,718 Main St,john.rodriguez12@gmail.com
Jane Martinez,192 Main St,jane.martinez12@gmail.com
Michael Smith,223 Main St,michael.smith12@gmail.com
Emily Johnson,242 Main St,emily.johnson12@gmail.com
Chris Williams,263 Main St,chris.williams12@gmail.com
Jessica Brown,284 Main St,jessica.brown12@gmail.com
David Jones,305 Main St,david.jones12@gmail.com
Sarah Garcia,326 Main St,sarah.garcia12@gmail.com
James Miller,347 Main St,james.miller12@gmail.com
Laura Davis,368 Main St,laura.davis12@gmail.com
John Rodriguez,389 Main St,john.rodriguez12@gmail.com
Jane Martinez,410 Main St,jane.martinez12@gmail.com
Michael Smith,431 Main St,michael.smith12@gmail.com
Emily Johnson,452 Main St,emily.johnson12@gmail.com
Chris Williams,473 Main St,chris.williams12@gmail.com
Jessica Brown,494 Main St,jessica.brown12@gmail.com
David Jones,515 Main St,david.jones12@gmail.com
Sarah Garcia,536 Main St,sarah.garcia12@gmail.com
James Miller,557 Main St,james.miller12@gmail.com
Laura Davis,578 Main St,laura.davis12@gmail.com
John Rodriguez,599 Main St,john.rodriguez12@gmail.com
Jane Martinez,620 Main St,jane.martinez12@gmail.com
Michael Smith,641 Main St,michael.smith12@gmail.com
Emily Johnson,662 Main St,emily.johnson12@gmail.com
Chris Williams,683 Main St,chris.williams12@gmail.com
Jessica Brown,704 Main St,jessica.brown12@gmail.com
David Jones,725 Main St,david.jones12@gmail.com
Sarah Garcia,746 Main St,sarah.garcia12@gmail.com
James Miller,767 Main St,james.miller12@gmail.com
Laura Davis,788 Main St,laura.davis12@gmail.com
John Rodriguez,809 Main St,john.rodriguez12@gmail.com
Jane Martinez,830 Main St,jane.martinez12@gmail.com
Michael Smith,851 Main St,michael.smith12@gmail.com
Emily Johnson,872 Main St,emily.johnson12@gmail.com
Chris Williams,893 Main St,chris.williams12@gmail.com
Jessica Brown,914 Main St,jessica.brown12@gmail.com
David Jones,935 Main St,david.jones12@gmail.com
Sarah Garcia,956 Main St,sarah.garcia12@gmail.com
James Miller,977 Main St,james.miller12@gmail.com
Laura Davis,998 Main St,laura.davis12@gmail.com
John Rodriguez,1019 Main St,john.rodriguez12@gmail.com
Jane Martinez,1040 Main St,jane.martinez12@gmail.com
Michael Smith,1061 Main St,michael.smith12@gmail.com
Emily Johnson,1082 Main St,emily.johnson12@gmail.com
Chris Williams,1103 Main St,chris.williams12@gmail.com
Jessica Brown,1124 Main St,jessica.brown12@gmail.com
David Jones,1145 Main St,david.jones12@gmail.com
Sarah Garcia,1166 Main St,sarah.garcia12@gmail.com
James Miller,1187 Main St,james.miller12@gmail.com
Laura Davis,1208 Main St,laura.davis12@gmail.com
John Rodriguez,1229 Main St,john.rodriguez12@gmail.com
Jane Martinez,1250 Main St,jane.martinez12@gmail.com
Michael Smith,1271 Main St,michael.smith12@gmail.com
Emily Johnson,1292 Main St,emily.johnson12@gmail.com
Chris Williams,1313 Main St,chris.williams12@gmail.com
Jessica Brown,1334 Main St,jessica.brown12@gmail.com
David Jones,1355 Main St,david.jones12@gmail.com
Sarah Garcia,1376 Main St,sarah.garcia12@gmail.com
James Miller,1397 Main St,james.miller12@gmail.com
Laura Davis,1418 Main St,laura.davis12@gmail.com
John Rodriguez,1439 Main St,john.rodriguez12@gmail.com
Jane Martinez,1460 Main St,jane.martinez12@gmail.com
Michael Smith,1481 Main St,michael.smith12@gmail.com
Emily Johnson,1502 Main St,emily.johnson12@gmail.com
Chris Williams,1523 Main St,chris.williams12@gmail.com
Jessica Brown,1544 Main St,jessica.brown12@gmail.com
David Jones,1565 Main St,david.jones12@gmail.com
Sarah Garcia,1586 Main St,sarah.garcia12@gmail.com
James Miller,1607 Main St,james.miller12@gmail.com
Laura Davis,1628 Main St,laura.davis12@gmail.com
John Rodriguez,1649 Main St,john.rodriguez12@gmail.com
Jane Martinez,1670 Main St,jane.martinez12@gmail.com
Michael Smith,1691 Main St,michael.smith12@gmail.com
Emily Johnson,1712 Main St,emily.johnson12@gmail.com
Chris Williams,1733 Main St,chris.williams12@gmail.com
Jessica Brown,1754 Main St,jessica.brown12@gmail.com
David Jones,1775 Main St,david.jones12@gmail.com
Sarah Garcia,1796 Main St,sarah.garcia12@gmail.com
James Miller,1817 Main St,james.miller12@gmail.com
Laura Davis,1838 Main St,laura.davis12@gmail.com
John Rodriguez,1859 Main St,john.rodriguez12@gmail.com
Jane Martinez,1880 Main St,jane.martinez12@gmail.com
Michael Smith,1901 Main St,michael.smith12@gmail.com
Emily Johnson,1922 Main St,emily.johnson12@gmail.com
Chris Williams,1943 Main St,chris.williams12@gmail.com
Jessica Brown,1964 Main St,jessica.brown12@gmail.com
David Jones,1985 Main St,david.jones12@gmail.com
Sarah Garcia,2006 Main St,sarah.garcia12@gmail.com
James Miller,2027 Main St,james.miller12@gmail.com
Laura Davis,2048 Main St,laura.davis12@gmail.com
John Rodriguez,2069 Main St,john.rodriguez12@gmail.com
Jane Martinez,2090 Main St,jane.martinez12@gmail.com
Michael Smith,2111 Main St,michael.smith12@gmail.com
Emily Johnson,2132 Main St,emily.johnson12@gmail.com
Chris Williams,2153 Main St,chris.williams12@gmail.com
Jessica Brown,2174 Main St,jessica.brown12@gmail.com
David Jones,2195 Main St,david.jones12@gmail.com
Sarah Garcia,2216 Main St,sarah.garcia12@gmail.com
James Miller,2237 Main St,james.miller12@gmail.com
Laura Davis,2258 Main St,laura.davis12@gmail.com
John Rodriguez,2279 Main St,john.rodriguez12@gmail.com
Jane Martinez,2300 Main St,jane.martinez12@gmail.com
Michael Smith,2321 Main St,michael.smith12@gmail.com
Emily Johnson,2342 Main St,emily.johnson12@gmail.com
Chris Williams,2363 Main St,chris.williams12@gmail.com
Jessica Brown,2384 Main St,jessica.brown12@gmail.com
David Jones,2405 Main St,david.jones12@gmail.com
Sarah Garcia,2426 Main St,sarah.garcia12@gmail.com
James Miller,2447 Main St,james.miller12@gmail.com
Laura Davis,2468 Main St,laura.davis12@gmail.com
John Rodriguez,2489 Main St,john.rodriguez12@gmail.com
Jane Martinez,2510 Main St,jane.martinez12@gmail.com
Michael Smith,2531 Main St,michael.smith12@gmail.com
Emily Johnson,2552 Main St,emily.johnson12@gmail.com
Chris Williams,2573 Main St,chris.williams12@gmail.com
Jessica Brown,2594 Main St,jessica.brown12@gmail.com
David Jones,2615 Main St,david.jones12@gmail.com
Sarah Garcia,2636 Main St,sarah.garcia12@gmail.com
James Miller,2657 Main St,james.miller12@gmail.com
Laura Davis,2678 Main St,laura.davis12@gmail.com
John Rodriguez,2699 Main St,john.rodriguez12@gmail.com
Jane Martinez,2720 Main St,jane.martinez12@gmail.com
Michael Smith,2741 Main St,michael.smith12@gmail.com
Emily Johnson,2762 Main St,emily.johnson12@gmail.com
Chris Williams,2783 Main St,chris.williams12@gmail.com
Jessica Brown,2804 Main St,jessica.brown12@gmail.com
David Jones,2825 Main St,david.jones12@gmail.com
Sarah Garcia,2846 Main St,sarah.garcia12@gmail.com
James Miller,2867 Main St,james.miller12@gmail.com
Laura Davis,2888 Main St,laura.davis12@gmail.com
John Rodriguez,2909 Main St,john.rodriguez12@gmail.com
Jane Martinez,2930 Main St,jane.martinez12@gmail.com
Michael Smith,2951 Main St,michael.smith12@gmail.com
Emily Johnson,2972 Main St,emily.johnson12@gmail.com
Chris Williams,2993 Main St,chris.williams12@gmail.com
Jessica Brown,3014 Main St,jessica.brown12@gmail.com
David Jones,3035 Main St,david.jones12@gmail.com
Sarah Garcia,3056 Main St,sarah.garcia12@gmail.com
James Miller,3077 Main St,james.miller12@gmail.com
Laura Davis,3098 Main St,laura.davis12@gmail.com
John Rodriguez,3119 Main St,john.rodriguez12@gmail.com
Jane Martinez,3140 Main St,jane.martinez12@gmail.com
Michael Smith,3161 Main St,michael.smith12@gmail.com
Emily Johnson,3182 Main St,emily.johnson12@gmail.com
Chris Williams,3203 Main St,chris.williams12@gmail.com
Jessica Brown,3224 Main St,jessica.brown12@gmail.com
David Jones,3245 Main St,david.jones12@gmail.com
Sarah Garcia,3266 Main St,sarah.garcia12@gmail.com
James Miller,3287 Main St,james.miller12@gmail.com
Laura Davis,3308 Main St,laura.davis12@gmail.com
John Rodriguez,3329 Main St,john.rodriguez12@gmail.com
Jane Martinez,3350 Main St,jane.martinez12@gmail.com
Michael Smith,3371 Main St,michael.smith12@gmail.com
Emily Johnson,3392 Main St,emily.johnson12@gmail.com
Chris Williams,3413 Main St,chris.williams12@gmail.com
Jessica Brown,3434 Main St,jessica.brown12@gmail.com
David Jones,3455 Main St,david.jones12@gmail.com
Sarah Garcia,3476 Main St,sarah.garcia12@gmail.com
James Miller,3497 Main St,james.miller12@gmail.com
Laura Davis,3518 Main St,laura.davis12@gmail.com
John Rodriguez,3539 Main St,john.rodriguez12@gmail.com
Jane Martinez,3560 Main St,jane.martinez12@gmail.com
Michael Smith,3581 Main St,michael.smith12@gmail.com
Emily Johnson,3602 Main St,emily.johnson12@gmail.com
Chris Williams,3623 Main St,chris.williams12@gmail.com
Jessica Brown,3644 Main St,jessica.brown12@gmail.com
David Jones,3665 Main St,david.jones12@gmail.com
Sarah Garcia,3686 Main St,sarah.garcia12@gmail.com
James Miller,3707 Main St,james.miller12@gmail.com
Laura Davis,3728 Main St,laura.davis12@gmail.com
John Rodriguez,3749 Main St,john.rodriguez12@gmail.com
Jane Martinez,3770 Main St,jane.martinez12@gmail.com
Michael Smith,3791 Main St,michael.smith12@gmail.com
Emily Johnson,3812 Main St,emily.johnson12@gmail.com
Chris Williams,3833 Main St,chris.williams12@gmail.com
Jessica Brown,3854 Main St,jessica.brown12@gmail.com
David Jones,3875 Main St,david.jones12@gmail.com
Sarah Garcia,3896 Main St,sarah.garcia12@gmail.com
James Miller,3917 Main St,james.miller12@gmail.com
Laura Davis,3938 Main St,laura.davis12@gmail.com
John Rodriguez,3959 Main St,john.rodriguez12@gmail.com
Jane Martinez,3980 Main St,jane.martinez12@gmail.com
Michael Smith,4001 Main St,michael.smith12@gmail.com
Emily Johnson,4022 Main St,emily.johnson12@gmail.com
Chris Williams,4043 Main St,chris.williams12@gmail.com
Jessica Brown,4064 Main St,jessica.brown12@gmail.com
David Jones,4085 Main St,david.jones12@gmail.com
Sarah Garcia,4106 Main St,sarah.garcia12@gmail.com
James Miller,4127 Main St,james.miller12@gmail.com
Laura Davis,4148 Main St,laura.davis12@gmail.com
John Rodriguez,4169 Main St,john.rodriguez12@gmail.com
Jane Martinez,4190 Main St,jane.martinez12@gmail.com
Michael Smith,4211 Main St,michael.smith12@gmail.com
Emily Johnson,4232 Main St,emily.johnson12@gmail.com
Chris Williams,4253 Main St,chris.williams12@gmail.com
Jessica Brown,4274 Main St,jessica.brown12@gmail.com
David Jones,4295 Main St,david.jones12@gmail.com
Sarah Garcia,4316 Main St,sarah.garcia12@gmail.com
James Miller,4337 Main St,james.miller12@gmail.com
Laura Davis,4358 Main St,laura.davis12@gmail.com
John Rodriguez,4379 Main St,john.rodriguez12@gmail.com
Jane Martinez,4400 Main St,jane.martinez12@gmail.com
Michael Smith,4421 Main St,michael.smith12@gmail.com
Emily Johnson,4442 Main St,emily.johnson12@gmail.com
Chris Williams,4463 Main St,chris.williams12@gmail.com
Jessica Brown,4484 Main St,jessica.brown12@gmail.com
David Jones,4505 Main St,david.jones12@gmail.com
Sarah Garcia,4526 Main St,sarah.garcia12@gmail.com
James Miller,4547 Main St,james.miller12@gmail.com
Laura Davis,4568 Main St,laura.davis12@gmail.com
John Rodriguez,4589 Main St,john.rodriguez12@gmail.com
Jane Martinez,4610 Main St,jane.martinez12@gmail.com
Michael Smith,4631 Main St,michael.smith12@gmail.com
Emily Johnson,4652 Main St,emily.johnson12@gmail.com
Chris Williams,4673 Main St,chris.williams12@gmail.com
Jessica Brown,4694 Main St,jessica.brown12@gmail.com
David Jones,4715 Main St,david.jones12@gmail.com
Sarah Garcia,4736 Main St,sarah.garcia12@gmail.com
James Miller,4757 Main St,james.miller12@gmail.com
Laura Davis,4778 Main St,laura.davis12@gmail.com
John Rodriguez,4799 Main St,john.rodriguez12@gmail.com
Jane Martinez,4820 Main St,jane.martinez12@gmail.com
Michael Smith,4841 Main St,michael.smith12@gmail.com
Emily Johnson,4862 Main St,emily.johnson12@gmail.com
Chris Williams,4883 Main St,chris.williams12@gmail.com
Jessica Brown,4904 Main St,jessica.brown12@gmail.com
David Jones,4925 Main St,david.jones12@gmail.com
Sarah Garcia,4946 Main St,sarah.garcia12@gmail.com
James Miller,4967 Main St,james.miller12@gmail.com
Laura Davis,4988 Main St,laura.davis12@gmail.com
John Rodriguez,5009 Main St,john.rodriguez12@gmail.com
Jane Martinez,5030 Main St,jane.martinez12@gmail.com
Michael Smith,5051 Main St,michael.smith12@gmail.com
Emily Johnson,5072 Main St,emily.johnson12@gmail.com
Chris Williams,5093 Main St,chris.williams12@gmail.com
Jessica Brown,5114 Main St,jessica.brown12@gmail.com
David Jones,5135 Main St,david.jones12@gmail.com
Sarah Garcia,5156 Main St,sarah.garcia12@gmail.com
James Miller,5177 Main St,james.miller12@gmail.com
Laura Davis,5198 Main St,laura.davis12@gmail.com
John Rodriguez,5219 Main St,john.rodriguez12@gmail.com
Jane Martinez,5240 Main St,jane.martinez12@gmail.com
Michael Smith,5261 Main St,michael.smith12@gmail.com
Emily Johnson,5282 Main St,emily.johnson12@gmail.com
Chris Williams,5303 Main St,chris.williams12@gmail.com
Jessica Brown,5324 Main St,jessica.brown12@gmail.com
David Jones,5345 Main St,david.jones12@gmail.com
Sarah Garcia,5366 Main St,sarah.garcia12@gmail.com
James Miller,5387 Main St,james.miller12@gmail.com
Laura Davis,5408 Main St,laura.davis12@gmail.com
John Rodriguez,5429 Main St,john.rodriguez12@gmail.com
Jane Martinez,5450 Main St,jane.martinez12@gmail.com
Michael Smith,5471 Main St,michael.smith12@gmail.com
Emily Johnson,5492 Main St,emily.johnson12@gmail.com
Chris Williams,5513 Main St,chris.williams12@gmail.com
Jessica Brown,5534 Main St,jessica.brown12@gmail.com
David Jones,5555 Main St,david.jones12@gmail.com
Sarah Garcia,5576 Main St,sarah.garcia12@gmail.com
James Miller,5597 Main St,james.miller12@gmail.com
Laura Davis,5618 Main St,laura.davis12@gmail.com
John Rodriguez,5639 Main St,john.rodriguez12@gmail.com
Jane Martinez,5660 Main St,jane.martinez12@gmail.com
Michael Smith,5681 Main St,michael.smith12@gmail.com
Emily Johnson,5702 Main St,emily.johnson12@gmail.com
Chris Williams,5723 Main St,chris.williams12@gmail.com
Jessica Brown,5744 Main St,jessica.brown12@gmail.com
David Jones,5765 Main St,david.jones12@gmail.com
Sarah GarciaFull Name,Address,Email
john Doe,123 Main St,john.doe12@gmail.com
smith     maharjan Doe,123 Main St,smith.doe12@gmail.com
ram Doe,123 Main St,ram.doe12@gmail.com
Michael Smith,123 Main St,michael.smith12@gmail.com
Emily Johnson,456 Main St,emily.johnson12@gmail.com
Chris Williams,789 Main St,chris.williams12@gmail.com
Jessica Brown,101 Main St,jessica.brown12@gmail.com
David Jones,112 Main St,david.jones12@gmail.com
Sarah Garcia,131 Main St,sarah.garcia12@gmail.com
James Miller,415 Main St,james.miller12@gmail.com
Laura Davis,161 Main St,laura.davis12@gmail.com
John Rodriguez,718 Main St,john.rodriguez12@gmail.com
Jane Martinez,192 Main St,jane.martinez12@gmail.com
Michael Smith,223 Main St,michael.smith12@gmail.com
Emily Johnson,242 Main St,emily.johnson12@gmail.com
Chris Williams,263 Main St,chris.williams12@gmail.com
Jessica Brown,284 Main St,jessica.brown12@gmail.com
David Jones,305 Main St,david.jones12@gmail.com
Sarah Garcia,326 Main St,sarah.garcia12@gmail.com
James Miller,347 Main St,james.miller12@gmail.com
Laura Davis,368 Main St,laura.davis12@gmail.com
John Rodriguez,389 Main St,john.rodriguez12@gmail.com
Jane Martinez,410 Main St,jane.martinez12@gmail.com
Michael Smith,431 Main St,michael.smith12@gmail.com
Emily Johnson,452 Main St,emily.johnson12@gmail.com
Chris Williams,473 Main St,chris.williams12@gmail.com
Jessica Brown,494 Main St,jessica.brown12@gmail.com
David Jones,515 Main St,david.jones12@gmail.com
Jane Marie Martinez,192 Main St,jane.marie.martinez12@gmail.com
Michael John Smith,223 Main St,michael.john.smith12@gmail.com
Emily Rose Johnson,242 Main St,emily.rose.johnson12@gmail.com
Chris Alan Williams,263 Main St,chris.alan.williams12@gmail.com
Jessica Marie Brown,284 Main St,jessica.marie.brown12@gmail.com
David Lee Jones,305 Main St,david.lee.jones12@gmail.com
Sarah Ann Garcia,326 Main St,sarah.ann.garcia12@gmail.com
James Robert Miller,347 Main St,james.robert.miller12@gmail.com
Laura Elizabeth Davis,368 Main St,laura.elizabeth.davis12@gmail.com
John Michael Rodriguez,389 Main St,john.michael.rodriguez12@gmail.com
Jane Marie Martinez,410 Main St,jane.marie.martinez12@gmail.com
Michael John Smith,431 Main St,michael.john.smith12@gmail.com
Emily Rose Johnson,452 Main St,emily.rose.johnson12@gmail.com
Chris Alan Williams,473 Main St,chris.alan.williams12@gmail.com
Jessica Marie Brown,494 Main St,jessica.marie.brown12@gmail.com
David Lee Jones,515 Main St,david.lee.jones12@gmail.com
Sarah Ann Garcia,536 Main St,sarah.ann.garcia12@gmail.com
James Robert Miller,557 Main St,james.robert.miller12@gmail.com
Laura Elizabeth Davis,578 Main St,laura.elizabeth.davis12@gmail.com
John Michael Rodriguez,599 Main St,john.michael.rodriguez12@gmail.com
Jane Marie Martinez,620 Main St,jane.marie.martinez12@gmail.com
Michael John Smith,641 Main St,michael.john.smith12@gmail.com
Emily Rose Johnson,662 Main St,emily.rose.johnson12@gmail.com
Chris Alan Williams,683 Main St,chris.alan.williams12@gmail.com
Jessica Marie Brown,704 Main St,jessica.marie.brown12@gmail.com
David Lee Jones,725 Main St,david.lee.jones12@gmail.com
Sarah Ann Garcia,746 Main St,sarah.ann.garcia12@gmail.com
James Robert Miller,767 Main St,james.robert.miller12@gmail.com
Laura Elizabeth Davis,788 Main St,laura.elizabeth.davis12@gmail.com
John Michael Rodriguez,809 Main St,john.michael.rodriguez12@gmail.com
Jane Marie Martinez,830 Main St,jane.marie.martinez12@gmail.com
Michael John Smith,851 Main St,michael.john.smith12@gmail.com
Emily Rose Johnson,872 Main St,emily.rose.johnson12@gmail.com
Chris Alan Williams,893 Main St,chris.alan.williams12@gmail.com
Jessica Marie Brown,914 Main St,jessica.marie.brown12@gmail.com
David Lee Jones,935 Main St,david.lee.jones12@gmail.com
Sarah Ann Garcia,956 Main St,sarah.ann.garcia12@gmail.com
James Robert Miller,977 Main St,james.robert.miller12@gmail.com
Laura Elizabeth Davis,998 Main St,laura.elizabeth.davis12@gmail.com
John Michael Rodriguez,1019 Main St,john.michael.rodriguez12@gmail.com
Jane Marie Martinez,1040 Main St,jane.marie.martinez12@gmail.com
Michael John Smith,1061 Main St,michael.john.smith12@gmail.com
Emily Rose Johnson,1082 Main St,emily.rose.johnson12@gmail.com
Chris Alan Williams,1103 Main St,chris.alan.williams12@gmail.com
Jessica Marie Brown,1124 Main St,jessica.marie.brown12@gmail.com
David Lee Jones,1145 Main St,david.lee.jones12@gmail.com
Sarah Ann Garcia,1166 Main St,sarah.ann.garcia12@gmail.com
James Robert Miller,1187 Main St,james.robert.miller12@gmail.com
Laura Elizabeth Davis,1208 Main St,laura.elizabeth.davis12@gmail.com
John Michael Rodriguez,1229 Main St,john.michael.rodriguez12@gmail.com
Jane Marie Martinez,1250 Main St,jane.marie.martinez12@gmail.com
Michael John Smith,1271 Main St,michael.john.smith12@gmail.com
Emily Rose Johnson,1292 Main St,emily.rose.johnson12@gmail.com
Chris Alan Williams,1313 Main St,chris.alan.williams12@gmail.com
Jessica Marie Brown,1334 Main St,jessica.marie.brown12@gmail.com
David Lee Jones,1355 Main St,david.lee.jones12@gmail.com
Sarah Ann Garcia,1376 Main St,sarah.ann.garcia12@gmail.com
James Robert Miller,1397 Main St,james.robert.miller12@gmail.com
Laura Elizabeth Davis,1418 Main St,laura.elizabeth.davis12@gmail.com
John Michael Rodriguez,1439 Main St,john.michael.rodriguez12@gmail.com
Jane Marie Martinez,1460 Main St,jane.marie.martinez12@gmail.com
Michael John Smith,1481 Main St,michael.john.smith12@gmail.com
Emily Rose Johnson,1502 Main St,emily.rose.johnson12@gmail.com
Chris Alan Williams,1523 Main St,chris.alan.williams12@gmail.com
Jessica Marie Brown,1544 Main St,jessica.marie.brown12@gmail.com
David Lee Jones,1565 Main St,david.lee.jones12@gmail.com
Sarah Ann Garcia,1586 Main St,sarah.ann.garcia12@gmail.com
James Robert Miller,1607 Main St,james.robert.miller12@gmail.com
Laura Elizabeth Davis,1628 Main St,laura.elizabeth.davis12@gmail.com
John Michael Rodriguez,1649 Main St,john.michael.rodriguez12@gmail.com
Jane Marie Martinez,1670 Main St,jane.marie.martinez12@gmail.com
Michael John Smith,1691 Main St,michael.john.smith12@gmail.com
Emily Rose Johnson,1712 Main St,emily.rose.johnson12@gmail.com
Chris Alan Williams,1733 Main St,chris.alan.williams12@gmail.com
Jessica Marie Brown,1754 Main St,jessica.marie.brown12@gmail.com
David Lee Jones,1775 Main St,david.lee.jones12@gmail.com
Sarah Ann Garcia,1796 Main St,sarah.ann.garcia12@gmail.com
James Robert Miller,1817 Main St,james.robert.miller12@gmail.com
Laura Elizabeth Davis,1838 Main St,laura.elizabeth.davis12@gmail.com
John Michael Rodriguez,1859 Main St,john.michael.rodriguez12@gmail.com
Jane Marie Martinez,1880 Main St,jane.marie.martinez12@gmail.com
Michael John Smith,1901 Main St,michael.john.smith12@gmail.com
Emily Rose Johnson,1922 Main St,emily.rose.johnson12@gmail.com
Chris Alan Williams,1943 Main St,chris.alan.williams12@gmail.com
Jessica Marie Brown,1964 Main St,jessica.marie.brown12@gmail.com
David Lee Jones,1985 Main St,david.lee.jones12@gmail.com
Sarah Ann Garcia,2006 Main St,sarah.ann.garcia12@gmail.com
James Robert Miller,2027 Main St,james.robert.miller12@gmail.com
Laura Elizabeth Davis,2048 Main St,laura.elizabeth.davis12@gmail.com
John Michael Rodriguez,2069 Main St,john.michael.rodriguez12@gmail.com
Jane Marie Martinez,2090 Main St,jane.marie.martinez12@gmail.com
Michael John Smith,2111 Main St,michael.john.smith12@gmail.com
Emily Rose Johnson,2132 Main St,emily.rose.johnson12@gmail.com
Chris Alan Williams,2153 Main St,chris.alan.williams12@gmail.com
Jessica Marie Brown,2174 Main St,jessica.marie.brown12@gmail.com
David Lee Jones,2195 Main St,david.lee.jones12@gmail.com
Sarah Ann Garcia,2216 Main St,sarah.ann.garcia12@gmail.com
James Robert Miller,2237 Main St,james.robert.miller12@gmail.com
Laura Elizabeth Davis,2258 Main St,laura.elizabeth.davis12@gmail.com
John Michael Rodriguez,2279 Main St,john.michael.rodriguez12@gmail.com
Jane Marie Martinez,2300 Main St,jane.marie.martinez12@gmail.com
Michael John Smith,2321 Main St,michael.john.smith12@gmail.com
Emily Rose Johnson,2342 Main St,emily.rose.johnson12@gmail.com
Chris Alan Williams,2363 Main St,chris.alan.williams12@gmail.com
Jessica Marie Brown,2384 Main St,jessica.marie.brown12@gmail.com
David Lee Jones,2405 Main St,david.lee.jones12@gmail.com
Sarah Ann Garcia,2426 Main St,sarah.ann.garcia12@gmail.com
James Robert Miller,2447 Main St,james.robert.miller12@gmail.com
Laura Elizabeth Davis,2468 Main St,laura.elizabeth.davis12@gmail.com
John Michael Rodriguez,2489 Main St,john.michael.rodriguez12@gmail.com
Jane Marie Martinez,2510 Main St,jane.marie.martinez12@gmail.com
Michael John Smith,2531 Main St,michael.john.smith12@gmail.com
Emily Rose Johnson,2552 Main St,emily.rose.johnson12@gmail.com
Chris Alan Williams,2573 Main St,chris.alan.williams12@gmail.com
Jessica Marie Brown,2594 Main St,jessica.marie.brown12@gmail.com
David Lee Jones,2615 Main St,david.lee.jones12@gmail.com
Sarah Ann Garcia,2636 Main St,sarah.ann.garcia12@gmail.com
James Robert Miller,2657 Main St,james.robert.miller12@gmail.com
Laura Elizabeth Davis,2678 Main St,laura.elizabeth.davis12@gmail.com
John Michael Rodriguez,2699 Main St,john.michael.rodriguez12@gmail.com
Jane Marie Martinez,2720 Main St,jane.marie.martinez12@gmail.com
Michael John Smith,2741 Main St,michael.john.smith12@gmail.com
Emily Rose Johnson,2762 Main St,emily.rose.johnson12@gmail.com
Chris Alan Williams,2783 Main St,chris.alan.williams12@gmail.com
Jessica Marie Brown,2804 Main St,jessica.marie.brown12@gmail.com
David Lee Jones,2825 Main St,david.lee.jones12@gmail.com
Sarah Ann Garcia,2846 Main St,sarah.ann.garcia12@gmail.com
James Robert Miller,2867 Main St,james.robert.miller12@gmail.com
Laura Elizabeth Davis,2888 Main St,laura.elizabeth.davis12@gmail.com
John Michael Rodriguez,2909 Main St,john.michael.rodriguez12@gmail.com
Jane Marie Martinez,2930 Main St,jane.marie.martinez12@gmail.com
Michael John Smith,2951 Main St,michael.john.smith12@gmail.com
Emily Rose Johnson,2972 Main St,emily.rose.johnson12@gmail.com
Chris Alan Williams,2993 Main St,chris.alan.williams12@gmail.com
Jessica Marie Brown,3014 Main St,jessica.marie.brown12@gmail.com
David Lee Jones,3035 Main St,david.lee.jones12@gmail.com
Sarah Ann Garcia,3056 Main St,sarah.ann.garcia12@gmail.com
James Robert Miller,3077 Main St,james.robert.miller12@gmail.com
Laura Elizabeth Davis,3098 Main St,laura.elizabeth.davis12@gmail.com
John Michael Rodriguez,3119 Main St,john.michael.rodriguez12@gmail.com
Jane Marie Martinez,3140 Main St,jane.marie.martinez12@gmail.com
Michael John Smith,3161 Main St,michael.john.smith12@gmail.com
Emily Rose Johnson,3182 Main St,emily.rose.johnson12@gmail.com
Chris Alan Williams,3203 Main St,chris.alan.williams12@gmail.com
Jessica Marie Brown,3224 Main St,jessica.marie.brown12@gmail.com
David Lee Jones,3245 Main St,david.lee.jones12@gmail.com
Sarah Ann Garcia,3266 Main St,sarah.ann.garcia12@gmail.com
James Robert Miller,3287 Main St,james.robert.miller12@gmail.com
Laura Elizabeth Davis,3308 Main St,laura.elizabeth.davis12@gmail.com
John Michael Rodriguez,3329 Main St,john.michael.rodriguez12@gmail.com
Jane Marie Martinez,3350 Main St,jane.marie.martinez12@gmail.com
Michael John Smith,3371 Main St,michael.john.smith12@gmail.com
Emily Rose Johnson,3392 Main St,emily.rose.johnson12@gmail.com
Chris Alan Williams,3413 Main St,chris.alan.williams12@gmail.com
Jessica Marie Brown,3434 Main St,jessica.marie.brown12@gmail.com
David Lee Jones,3455 Main St,david.lee.jones12@gmail.com
Sarah Ann Garcia,3476 Main St,sarah.ann.garcia12@gmail.com
James Robert Miller,3497 Main St,james.robert.miller12@gmail.com
Laura Elizabeth Davis,3518 Main St,laura.elizabeth.davis12@gmail.com
John Michael Rodriguez,3539 Main St,john.michael.rodriguez12@gmail.com
Jane Marie Martinez,3560 Main St,jane.marie.martinez12@gmail.com
Michael John Smith,3581 Main St,michael.john.smith12@gmail.com
Emily Rose Johnson,3602 Main St,emily.rose.johnson12@gmail.com
Chris Alan Williams,3623 Main St,chris.alan.williams12@gmail.com
Jessica Marie Brown,3644 Main St,jessica.marie.brown12@gmail.com
David Lee Jones,3665 Main St,david.lee.jones12@gmail.com
Sarah Ann Garcia,3686 Main St,sarah.ann.garcia12@gmail.com
James Robert Miller,3707 Main St,james.robert.miller12@gmail.com
Laura Elizabeth Davis,3728 Main St,laura.elizabeth.davis12@gmail.com
John Michael Rodriguez,3749 Main St,john.michael.rodriguez12@gmail.com
Jane Marie Martinez,3770 Main St,jane.marie.martinez12@gmail.com
Michael John Smith,3791 Main St,michael.john.smith12@gmail.com
Emily Rose Johnson,3812 Main St,emily.rose.johnson12@gmail.com
Chris Alan Williams,3833 Main St,chris.alan.williams12@gmail.com
Jessica Marie Brown,3854 Main St,jessica.marie.brown12@gmail.com
David Lee Jones,3875 Main St,david.lee.jones12@gmail.com
Sarah Ann Garcia,3896 Main St,sarah.ann.garcia12@gmail.com
James Robert Miller,3917 Main St,james.robert.miller12@gmail.com
Laura Elizabeth Davis,3938 Main St,laura.elizabeth.davis12@gmail.com
John Michael Rodriguez,3959 Main St,john.michael.rodriguez12@gmail.com
Jane Marie Martinez,3980 Main St,jane.marie.martinez12@gmail.com
Michael John Smith,4001 Main St,michael.john.smith12@gmail.com
Emily Rose Johnson,4022 Main St,emily.rose.johnson12@gmail.com
Chris Alan Williams,4043 Main St,chris.alan.williams12@gmail.com
Jessica Marie Brown,4064 Main St,jessica.marie.brown12@gmail.com
David Lee Jones,4085 Main St,david.lee.jones12@gmail.com
Sarah Ann Garcia,4106 Main St,sarah.ann.garcia12@gmail.com
James Robert Miller,4127 Main St,james.robert.miller12@gmail.com
Laura Elizabeth Davis,4148 Main St,laura.elizabeth.davis12@gmail.com
John Michael Rodriguez,4169 Main St,john.michael.rodriguez12@gmail.com
Jane Marie Martinez,4190 Main St,jane.marie.martinez12@gmail.com
Michael John Smith,4211 Main St,michael.john.smith12@gmail.com
Emily Rose Johnson,4232 Main St,emily.rose.johnson12@gmail.com
Chris Alan Williams,4253 Main St,chris.alan.williams12@gmail.com
Jessica Marie Brown,4274 Main St,jessica.marie.brown12@gmail.com
David Lee Jones,4295 Main St,david.lee.jones12@gmail.com
Sarah Ann Garcia,4316 Main St,sarah.ann.garcia12@gmail.com
James Robert Miller,4337 Main St,james.robert.miller12@gmail.com
Laura Elizabeth Davis,4358 Main St,laura.elizabeth.davis12@gmail.com
John Michael Rodriguez,4379 Main St,john.michael.rodriguez12@gmail.com
Jane Marie Martinez,4400 Main St,jane.marie.martinez12@gmail.com
Michael John Smith,4421 Main St,michael.john.smith12@gmail.com
Emily Rose Johnson,4442 Main St,emily.rose.johnson12@gmail.com
Chris Alan Williams,4463 Main St,chris.alan.williams12@gmail.com
Jessica Marie Brown,4484 Main St,jessica.marie.brown12@gmail.com
David Lee Jones,4505 Main St,david.lee.jones12@gmail.com
Sarah Ann Garcia,4526 Main St,sarah.ann.garcia12@gmail.com
James Robert Miller,4547 Main St,james.robert.miller12@gmail.comFull Name,Address,Email
john Doe,123 Main St,john.doe12@gmail.com
smith     maharjan Doe,123 Main St,smith.doe12@gmail.com
ram Doe,123 Main St,ram.doe12@gmail.com
Michael John Smith,123 Main St,michael.john.smith12@gmail.com
Emily Rose Johnson,456 Main St,emily.rose.johnson12@gmail.com
Chris Alan Williams,789 Main St,chris.alan.williams12@gmail.com
Jessica Marie Brown,101 Main St,jessica.marie.brown12@gmail.com
David Lee Jones,112 Main St,david.lee.jones12@gmail.com
Sarah Ann Garcia,131 Main St,sarah.ann.garcia12@gmail.com
James Robert Miller,415 Main St,james.robert.miller12@gmail.com
Laura Elizabeth Davis,161 Main St,laura.elizabeth.davis12@gmail.com
John Michael Rodriguez,718 Main St,john.michael.rodriguez12@gmail.com
Jane Marie Martinez,192 Main St,jane.marie.martinez12@gmail.com
Michael John Smith,223 Main St,michael.john.smith12@gmail.com
Emily Rose Johnson,242 Main St,emily.rose.johnson12@gmail.com
Chris Alan Williams,263 Main St,chris.alan.williams12@gmail.com
Jessica Marie Brown,284 Main St,jessica.marie.brown12@gmail.com
David Lee Jones,305 Main St,david.lee.jones12@gmail.com
Sarah Ann Garcia,326 Main St,sarah.ann.garcia12@gmail.com
James Robert Miller,347 Main St,james.robert.miller12@gmail.com
Laura Elizabeth Davis,368 Main St,laura.elizabeth.davis12@gmail.com
John Michael Rodriguez,389 Main St,john.michael.rodriguez12@gmail.com
Jane Marie Martinez,410 Main St,jane.marie.martinez12@gmail.com
Michael John Smith,431 Main St,michael.john.smith12@gmail.com
Emily Rose Johnson,452 Main St,emily.rose.johnson12@gmail.com
Chris Alan Williams,473 Main St,chris.alan.williams12@gmail.com
Jessica Marie Brown,494 Main St,jessica.marie.brown12@gmail.com
David Lee Jones,515 Main St,david.lee.jones12@gmail.com
Sarah Ann Garcia,536 Main St,sarah.ann.garcia12@gmail.com
James Robert Miller,557 Main St,james.robert.miller12@gmail.com
Laura Elizabeth Davis,578 Main St,laura.elizabeth.davis12@gmail.com
John Michael Rodriguez,599 Main St,john.michael.rodriguez12@gmail.com
Jane Marie Martinez,620 Main St,jane.marie.martinez12@gmail.com
Michael John Smith,641 Main St,michael.john.smith12@gmail.com
Emily Rose Johnson,662 Main St,emily.rose.johnson12@gmail.com
Chris Alan Williams,683 Main St,chris.alan.williams12@gmail.com
Jessica Marie Brown,704 Main St,jessica.marie.brown12@gmail.com
David Lee Jones,725 Main St,david.lee.jones12@gmail.com
Sarah Ann Garcia,746 Main St,sarah.ann.garcia12@gmail.com
James Robert Miller,767 Main St,james.robert.miller12@gmail.com
Laura Elizabeth Davis,788 Main St,laura.elizabeth.davis12@gmail.com
John Michael Rodriguez,809 Main St,john.michael.rodriguez12@gmail.com
Jane Marie Martinez,830 Main St,jane.marie.martinez12@gmail.com
Michael John Smith,851 Main St,michael.john.smith12@gmail.com
Emily Rose Johnson,872 Main St,emily.rose.johnson12@gmail.com
Chris Alan Williams,893 Main St,chris.alan.williams12@gmail.com
Jessica Marie Brown,914 Main St,jessica.marie.brown12@gmail.com
David Lee Jones,935 Main St,david.lee.jones12@gmail.com
Sarah Ann Garcia,956 Main St,sarah.ann.garcia12@gmail.com
James Robert Miller,977 Main St,james.robert.miller12@gmail.com
Laura Elizabeth Davis,998 Main St,laura.elizabeth.davis12@gmail.com
John Michael Rodriguez,1019 Main St,john.michael.rodriguez12@gmail.com
Jane Marie Martinez,1040 Main St,jane.marie.martinez12@gmail.com
Michael John Smith,1061 Main St,michael.john.smith12@gmail.com
Emily Rose Johnson,1082 Main St,emily.rose.johnson12@gmail.com
Chris Alan Williams,1103 Main St,chris.alan.williams12@gmail.com
Jessica Marie Brown,1124 Main St,jessica.marie.brown12@gmail.com
David Lee Jones,1145 Main St,david.lee.jones12@gmail.com
Sarah Ann Garcia,1166 Main St,sarah.ann.garcia12@gmail.com
James Robert Miller,1187 Main St,james.robert.miller12@gmail.com
Laura Elizabeth Davis,1208 Main St,laura.elizabeth.davis12@gmail.com
John Michael Rodriguez,1229 Main St,john.michael.rodriguez12@gmail.com
Jane Marie Martinez,1250 Main St,jane.marie.martinez12@gmail.com
Michael John Smith,1271 Main St,michael.john.smith12@gmail.com
Emily Rose Johnson,1292 Main St,emily.rose.johnson12@gmail.com
Chris Alan Williams,1313 Main St,chris.alan.williams12@gmail.com
Jessica Marie Brown,1334 Main St,jessica.marie.brown12@gmail.com
David Lee Jones,1355 Main St,david.lee.jones12@gmail.com
Sarah Ann Garcia,1376 Main St,sarah.ann.garcia12@gmail.com
James Robert Miller,1397 Main St,james.robert.miller12@gmail.com
Laura Elizabeth Davis,1418 Main St,laura.elizabeth.davis12@gmail.com
John Michael Rodriguez,1439 Main St,john.michael.rodriguez12@gmail.com
Jane Marie Martinez,1460 Main St,jane.marie.martinez12@gmail.com
Michael John Smith,1481 Main St,michael.john.smith12@gmail.com
Emily Rose Johnson,1502 Main St,emily.rose.johnson12@gmail.com
Chris Alan Williams,1523 Main St,chris.alan.williams12@gmail.com
Jessica Marie Brown,1544 Main St,jessica.marie.brown12@gmail.com
David Lee Jones,1565 Main St,david.lee.jones12@gmail.com
Sarah Ann Garcia,1586 Main St,sarah.ann.garcia12@gmail.com
James Robert Miller,1607 Main St,james.robert.miller12@gmail.com
Laura Elizabeth Davis,1628 Main St,laura.elizabeth.davis12@gmail.com
John Michael Rodriguez,1649 Main St,john.michael.rodriguez12@gmail.com
Jane Marie Martinez,1670 Main St,jane.marie.martinez12@gmail.com
Michael John Smith,1691 Main St,michael.john.smith12@gmail.com
Emily Rose Johnson,1712 Main St,emily.rose.johnson12@gmail.com
Chris Alan Williams,1733 Main St,chris.alan.williams12@gmail.com
Jessica Marie Brown,1754 Main St,jessica.marie.brown12@gmail.com
David Lee Jones,1775 Main St,david.lee.jones12@gmail.com
Sarah Ann Garcia,1796 Main St,sarah.ann.garcia12@gmail.com
James Robert Miller,1817 Main St,james.robert.miller12@gmail.com
Laura Elizabeth Davis,1838 Main St,laura.elizabeth.davis12@gmail.com
John Michael Rodriguez,1859 Main St,john.michael.rodriguez12@gmail.com
Jane Marie Martinez,1880 Main St,jane.marie.martinez12@gmail.com
Michael John Smith,1901 Main St,michael.john.smith12@gmail.com
Emily Rose Johnson,1922 Main St,emily.rose.johnson12@gmail.com
Chris Alan Williams,1943 Main St,chris.alan.williams12@gmail.com
Jessica Marie Brown,1964 Main St,jessica.marie.brown12@gmail.com
David Lee Jones,1985 Main St,david.lee.jones12@gmail.com
Sarah Ann Garcia,2006 Main St,sarah.ann.garcia12@gmail.com
James Robert Miller,2027 Main St,james.robert.miller12@gmail.com
Laura Elizabeth Davis,2048 Main St,laura.elizabeth.davis12@gmail.com
John Michael Rodriguez,2069 Main St,john.michael.rodriguez12@gmail.com
Jane Marie Martinez,2090 Main St,jane.marie.martinez12@gmail.com
Michael John Smith,2111 Main St,michael.john.smith12@gmail.com
Emily Rose Johnson,2132 Main St,emily.rose.johnson12@gmail.com
Chris Alan Williams,2153 Main St,chris.alan.williams12@gmail.com
Jessica Marie Brown,2174 Main St,jessica.marie.brown12@gmail.com
David Lee Jones,2195 Main St,david.lee.jones12@gmail.com
Sarah Ann Garcia,2216 Main St,sarah.ann.garcia12@gmail.com
James Robert Miller,2237 Main St,james.robert.miller12@gmail.com
Laura Elizabeth Davis,2258 Main St,laura.elizabeth.davis12@gmail.com
John Michael Rodriguez,2279 Main St,john.michael.rodriguez12@gmail.com
Jane Marie Martinez,2300 Main St,jane.marie.martinez12@gmail.com
Michael John Smith,2321 Main St,michael.john.smith12@gmail.com
Emily Rose Johnson,2342 Main St,emily.rose.johnson12@gmail.com
Chris Alan Williams,2363 Main St,chris.alan.williams12@gmail.com
Jessica Marie Brown,2384 Main St,jessica.marie.brown12@gmail.com
David Lee Jones,2405 Main St,david.lee.jones12@gmail.com
Sarah Ann Garcia,2426 Main St,sarah.ann.garcia12@gmail.com
James Robert Miller,2447 Main St,james.robert.miller12@gmail.com
Laura Elizabeth Davis,2468 Main St,laura.elizabeth.davis12@gmail.com
John Michael Rodriguez,2489 Main St,john.michael.rodriguez12@gmail.com
Jane Marie Martinez,2510 Main St,jane.marie.martinez12@gmail.com
Michael John Smith,2531 Main St,michael.john.smith12@gmail.com
Emily Rose Johnson,2552 Main St,emily.rose.johnson12@gmail.com
Chris Alan Williams,2573 Main St,chris.alan.williams12@gmail.com
Jessica Marie Brown,2594 Main St,jessica.marie.brown12@gmail.com
David Lee Jones,2615 Main St,david.lee.jones12@gmail.com
Sarah Ann Garcia,2636 Main St,sarah.ann.garcia12@gmail.com
James Robert Miller,2657 Main St,james.robert.miller12@gmail.com
Laura Elizabeth Davis,2678 Main St,laura.elizabeth.davis12@gmail.com
John Michael Rodriguez,2699 Main St,john.michael.rodriguez12@gmail.com
Jane Marie Martinez,2720 Main St,jane.marie.martinez12@gmail.com
Michael John Smith,2741 Main St,michael.john.smith12@gmail.com
Emily Rose Johnson,2762 Main St,emily.rose.johnson12@gmail.com
Chris Alan Williams,2783 Main St,chris.alan.williams12@gmail.com
Jessica Marie Brown,2804 Main St,jessica.marie.brown12@gmail.com
David Lee Jones,2825 Main St,david.lee.jones12@gmail.com
Sarah Ann Garcia,2846 Main St,sarah.ann.garcia12@gmail.com
James Robert Miller,2867 Main St,james.robert.miller12@gmail.com
Laura Elizabeth Davis,2888 Main St,laura.elizabeth.davis12@gmail.com
John Michael Rodriguez,2909 Main St,john.michael.rodriguez12@gmail.com
Jane Marie Martinez,2930 Main St,jane.marie.martinez12@gmail.com
Michael John Smith,2951 Main St,michael.john.smith12@gmail.com
Emily Rose Johnson,2972 Main St,emily.rose.johnson12@gmail.com
Chris Alan Williams,2993 Main St,chris.alan.williams12@gmail.com
Jessica Marie Brown,3014 Main St,jessica.marie.brown12@gmail.com
David Lee Jones,3035 Main St,david.lee.jones12@gmail.com
Sarah Ann Garcia,3056 Main St,sarah.ann.garcia12@gmail.com
James Robert Miller,3077 Main St,james.robert.miller12@gmail.com
Laura Elizabeth Davis,3098 Main St,laura.elizabeth.davis12@gmail.com
John Michael Rodriguez,3119 Main St,john.michael.rodriguez12@gmail.com
Jane Marie Martinez,3140 Main St,jane.marie.martinez12@gmail.com
Michael John Smith,3161 Main St,michael.john.smith12@gmail.com
Emily Rose Johnson,3182 Main St,emily.rose.johnson12@gmail.com
Chris Alan Williams,3203 Main St,chris.alan.williams12@gmail.com
Jessica Marie Brown,3224 Main St,jessica.marie.brown12@gmail.com
David Lee Jones,3245 Main St,david.lee.jones12@gmail.com
Sarah Ann Garcia,3266 Main St,sarah.ann.garcia12@gmail.com
James Robert Miller,3287 Main St,james.robert.miller12@gmail.com
Laura Elizabeth Davis,3308 Main St,laura.elizabeth.davis12@gmail.com
John Michael Rodriguez,3329 Main St,john.michael.rodriguez12@gmail.com
Jane Marie Martinez,3350 Main St,jane.marie.martinez12@gmail.com
Michael John Smith,3371 Main St,michael.john.smith12@gmail.com
Emily Rose Johnson,3392 Main St,emily.rose.johnson12@gmail.com
Chris Alan Williams,3413 Main St,chris.alan.williams12@gmail.com
Jessica Marie Brown,3434 Main St,jessica.marie.brown12@gmail.com
David Lee Jones,3455 Main St,david.lee.jones12@gmail.com
Sarah Ann Garcia,3476 Main St,sarah.ann.garcia12@gmail.com
James Robert Miller,3497 Main St,james.robert.miller12@gmail.com
Laura Elizabeth Davis,3518 Main St,laura.elizabeth.davis12@gmail.com
John Michael Rodriguez,3539 Main St,john.michael.rodriguez12@gmail.com
Jane Marie Martinez,3560 Main St,jane.marie.martinez12@gmail.com
Michael John Smith,3581 Main St,michael.john.smith12@gmail.com
Emily Rose Johnson,3602 Main St,emily.rose.johnson12@gmail.com
Chris Alan Williams,3623 Main St,chris.alan.williams12@gmail.com
Jessica Marie Brown,3644 Main St,jessica.marie.brown12@gmail.com
David Lee Jones,3665 Main St,david.lee.jones12@gmail.com
Sarah Ann Garcia,3686 Main St,sarah.ann.garcia12@gmail.com
James Robert Miller,3707 Main St,james.robert.miller12@gmail.com
Laura Elizabeth Davis,3728 Main St,laura.elizabeth.davis12@gmail.com
John Michael Rodriguez,3749 Main St,john.michael.rodriguez12@gmail.com
Jane Marie Martinez,3770 Main St,jane.marie.martinez12@gmail.com
Michael John Smith,3791 Main St,michael.john.smith12@gmail.com
Emily Rose Johnson,3812 Main St,emily.rose.johnson12@gmail.com
Chris Alan Williams,3833 Main St,chris.alan.williams12@gmail.com
Jessica Marie Brown,3854 Main St,jessica.marie.brown12@gmail.com
David Lee Jones,3875 Main St,david.lee.jones12@gmail.com
Sarah Ann Garcia,3896 Main St,sarah.ann.garcia12@gmail.com
James Robert Miller,3917 Main St,james.robert.miller12@gmail.com
Laura Elizabeth Davis,3938 Main St,laura.elizabeth.davis12@gmail.com
John Michael Rodriguez,3959 Main St,john.michael.rodriguez12@gmail.com
Jane Marie Martinez,3980 Main St,jane.marie.martinez12@gmail.com
Michael John Smith,4001 Main St,michael.john.smith12@gmail.com
Emily Rose Johnson,4022 Main St,emily.rose.johnson12@gmail.com
Chris Alan Williams,4043 Main St,chris.alan.williams12@gmail.com
Jessica Marie Brown,4064 Main St,jessica.marie.brown12@gmail.com
David Lee Jones,4085 Main St,david.lee.jones12@gmail.com
Sarah Ann Garcia,4106 Main St,sarah.ann.garcia12@gmail.com
James Robert Miller,4127 Main St,james.robert.miller12@gmail.com
Laura Elizabeth Davis,4148 Main St,laura.elizabeth.davis12@gmail.com
John Michael Rodriguez,4169 Main St,john.michael.rodriguez12@gmail.com
Jane Marie Martinez,4190 Main St,jane.marie.martinez12@gmail.com
Michael John Smith,4211 Main St,michael.john.smith12@gmail.com
Emily Rose Johnson,4232 Main St,emily.rose.johnson12@gmail.com
Chris Alan Williams,4253 Main St,chris.alan.williams12@gmail.com
Jessica Marie Brown,4274 Main St,jessica.marie.brown12@gmail.com
David Lee Jones,4295 Main St,david.lee.jones12@gmail.com
Sarah Ann Garcia,4316 Main St,sarah.ann.garcia12@gmail.com
James Robert Miller,4337 Main St,james.robert.miller12@gmail.com
Laura Elizabeth Davis,4358 Main St,laura.elizabeth.davis12@gmail.com
John Michael Rodriguez,4379 Main St,john.michael.rodriguez12@gmail.com
Jane Marie Martinez,4400 Main St,jane.marie.martinez12@gmail.com
Michael John Smith,4421 Main St,michael.john.smith12@gmail.com
Emily Rose Johnson,4442 Main St,emily.rose.johnson12@gmail.com
Chris Alan Williams,4463 Main St,chris.alan.williams12@gmail.com
Jessica Marie Brown,4484 Main St,jessica.marie.brown12@gmail.com
David Lee Jones,4505 Main St,david.lee.jones12@gmail.com
Sarah Ann Garcia,4526 Main St,sarah.ann.garcia12@gmail.com
James Robert Miller,4547 Main St,james.robert.miller12@gmail.com
Michael Smith,851 Main St,michael.smith12@gmail.com
Emily Johnson,872 Main St,emily.johnson12@gmail.com
Chris Williams,893 Main St,chris.williams12@gmail.com
Jessica Brown,914 Main St,jessica.brown12@gmail.com
David Jones,935 Main St,david.jones12@gmail.com
Sarah Garcia,956 Main St,sarah.garcia12@gmail.com
James Miller,977 Main St,james.miller12@gmail.com
Laura Davis,998 Main St,laura.davis12@gmail.com
John Rodriguez,1019 Main St,john.rodriguez12@gmail.com
Jane Martinez,1040 Main St,jane.martinez12@gmail.com
Michael Smith,1061 Main St,michael.smith12@gmail.com
Emily Johnson,1082 Main St,emily.johnson12@gmail.com
Chris Williams,1103 Main St,chris.williams12@gmail.com
Jessica Brown,1124 Main St,jessica.brown12@gmail.com
David Jones,1145 Main St,david.jones12@gmail.com
Sarah Garcia,1166 Main St,sarah.garcia12@gmail.com
James Miller,1187 Main St,james.miller12@gmail.com
Laura Davis,1208 Main St,laura.davis12@gmail.com
John Rodriguez,1229 Main St,john.rodriguez12@gmail.com
Jane Martinez,1250 Main St,jane.martinez12@gmail.com
Michael Smith,1271 Main St,michael.smith12@gmail.com
Emily Johnson,1292 Main St,emily.johnson12@gmail.com
Chris Williams,1313 Main St,chris.williams12@gmail.com
Jessica Brown,1334 Main St,jessica.brown12@gmail.com
David Jones,1355 Main St,david.jones12@gmail.com
Sarah Garcia,1376 Main St,sarah.garcia12@gmail.com
James Miller,1397 Main St,james.miller12@gmail.com
Laura Davis,1418 Main St,laura.davis12@gmail.com
John Rodriguez,1439 Main St,john.rodriguez12@gmail.com
Jane Martinez,1460 Main St,jane.martinez12@gmail.com
Michael Smith,1481 Main St,michael.smith12@gmail.com
Emily Johnson,1502 Main St,emily.johnson12@gmail.com
Chris Williams,1523 Main St,chris.williams12@gmail.com
Jessica Brown,1544 Main St,jessica.brown12@gmail.com
David Jones,1565 Main St,david.jones12@gmail.com
Sarah Garcia,1586 Main St,sarah.garcia12@gmail.com
James Miller,1607 Main St,james.miller12@gmail.com
Laura Davis,1628 Main St,laura.davis12@gmail.com
John Rodriguez,1649 Main St,john.rodriguez12@gmail.com
Jane Martinez,1670 Main St,jane.martinez12@gmail.com
Michael Smith,1691 Main St,michael.smith12@gmail.com
Emily Johnson,1712 Main St,emily.johnson12@gmail.com
Chris Williams,1733 Main St,chris.williams12@gmail.com
Jessica Brown,1754 Main St,jessica.brown12@gmail.com
David Jones,1775 Main St,david.jones12@gmail.com
Sarah Garcia,1796 Main St,sarah.garcia12@gmail.com
James Miller,1817 Main St,james.miller12@gmail.com
Laura Davis,1838 Main St,laura.davis12@gmail.com
John Rodriguez,1859 Main St,john.rodriguez12@gmail.com
Jane Martinez,1880 Main St,jane.martinez12@gmail.com
Michael Smith,1901 Main St,michael.smith12@gmail.com
Emily Johnson,1922 Main St,emily.johnson12@gmail.com
Chris Williams,1943 Main St,chris.williams12@gmail.com
Jessica Brown,1964 Main St,jessica.brown12@gmail.com
David Jones,1985 Main St,david.jones12@gmail.com
Sarah Garcia,2006 Main St,sarah.garcia12@gmail.com
James Miller,2027 Main St,james.miller12@gmail.com
Laura Davis,2048 Main St,laura.davis12@gmail.com
John Rodriguez,2069 Main St,john.rodriguez12@gmail.com
Jane Martinez,2090 Main St,jane.martinez12@gmail.com
Michael Smith,2111 Main St,michael.smith12@gmail.com
Emily Johnson,2132 Main St,emily.johnson12@gmail.com
Chris Williams,2153 Main St,chris.williams12@gmail.com
Jessica Brown,2174 Main St,jessica.brown12@gmail.com
David Jones,2195 Main St,david.jones12@gmail.com
Sarah Garcia,2216 Main St,sarah.garcia12@gmail.com
James Miller,2237 Main St,james.miller12@gmail.com
Laura Davis,2258 Main St,laura.davis12@gmail.com
John Rodriguez,2279 Main St,john.rodriguez12@gmail.com
Jane Martinez,2300 Main St,jane.martinez12@gmail.com
Michael Smith,2321 Main St,michael.smith12@gmail.com
Emily Johnson,2342 Main St,emily.johnson12@gmail.com
Chris Williams,2363 Main St,chris.williams12@gmail.com
Jessica Brown,2384 Main St,jessica.brown12@gmail.com
David Jones,2405 Main St,david.jones12@gmail.com
Sarah Garcia,2426 Main St,sarah.garcia12@gmail.com
James Miller,2447 Main St,james.miller12@gmail.com
Laura Davis,2468 Main St,laura.davis12@gmail.com
John Rodriguez,2489 Main St,john.rodriguez12@gmail.com
Jane Martinez,2510 Main St,jane.martinez12@gmail.com
Michael Smith,2531 Main St,michael.smith12@gmail.com
Emily Johnson,2552 Main St,emily.johnson12@gmail.com
Chris Williams,2573 Main St,chris.williams12@gmail.com
Jessica Brown,2594 Main St,jessica.brown12@gmail.com
David Jones,2615 Main St,david.jones12@gmail.com
Sarah Garcia,2636 Main St,sarah.garcia12@gmail.com
James Miller,2657 Main St,james.miller12@gmail.com
Laura Davis,2678 Main St,laura.davis12@gmail.com
John Rodriguez,2699 Main St,john.rodriguez12@gmail.com
Jane Martinez,2720 Main St,jane.martinez12@gmail.com
Michael Smith,2741 Main St,michael.smith12@gmail.com
Emily Johnson,2762 Main St,emily.johnson12@gmail.com
Chris Williams,2783 Main St,chris.williams12@gmail.com
Jessica Brown,2804 Main St,jessica.brown12@gmail.com
David Jones,2825 Main St,david.jones12@gmail.com
Sarah Garcia,2846 Main St,sarah.garcia12@gmail.com
James Miller,2867 Main St,james.miller12@gmail.com
Laura Davis,2888 Main St,laura.davis12@gmail.com
John Rodriguez,2909 Main St,john.rodriguez12@gmail.com
Jane Martinez,2930 Main St,jane.martinez12@gmail.com
Michael Smith,2951 Main St,michael.smith12@gmail.com
Emily Johnson,2972 Main St,emily.johnson12@gmail.com
Chris Williams,2993 Main St,chris.williams12@gmail.com
Jessica Brown,3014 Main St,jessica.brown12@gmail.com
David Jones,3035 Main St,david.jones12@gmail.com
Sarah Garcia,3056 Main St,sarah.garcia12@gmail.com
James Miller,3077 Main St,james.miller12@gmail.com
Laura Davis,3098 Main St,laura.davis12@gmail.com
John Rodriguez,3119 Main St,john.rodriguez12@gmail.com
Jane Martinez,3140 Main St,jane.martinez12@gmail.com
Michael Smith,3161 Main St,michael.smith12@gmail.com
Emily Johnson,3182 Main St,emily.johnson12@gmail.com
Chris Williams,3203 Main St,chris.williams12@gmail.com
Jessica Brown,3224 Main St,jessica.brown12@gmail.com
David Jones,3245 Main St,david.jones12@gmail.com
Sarah Garcia,3266 Main St,sarah.garcia12@gmail.com
James Miller,3287 Main St,james.miller12@gmail.com
Laura Davis,3308 Main St,laura.davis12@gmail.com
John Rodriguez,3329 Main St,john.rodriguez12@gmail.com
Jane Martinez,3350 Main St,jane.martinez12@gmail.com
Michael Smith,3371 Main St,michael.smith12@gmail.com
Emily Johnson,3392 Main St,emily.johnson12@gmail.com
Chris Williams,3413 Main St,chris.williams12@gmail.com
Jessica Brown,3434 Main St,jessica.brown12@gmail.com
David Jones,3455 Main St,david.jones12@gmail.com
Sarah Garcia,3476 Main St,sarah.garcia12@gmail.com
James Miller,3497 Main St,james.miller12@gmail.com
Laura Davis,3518 Main St,laura.davis12@gmail.com
John Rodriguez,3539 Main St,john.rodriguez12@gmail.com
Jane Martinez,3560 Main St,jane.martinez12@gmail.com
Michael Smith,3581 Main St,michael.smith12@gmail.com
Emily Johnson,3602 Main St,emily.johnson12@gmail.com
Chris Williams,3623 Main St,chris.williams12@gmail.com
Jessica Brown,3644 Main St,jessica.brown12@gmail.com
David Jones,3665 Main St,david.jones12@gmail.com
Sarah Garcia,3686 Main St,sarah.garcia12@gmail.com
James Miller,3707 Main St,james.miller12@gmail.com
Laura Davis,3728 Main St,laura.davis12@gmail.com
John Rodriguez,3749 Main St,john.rodriguez12@gmail.com
Jane Martinez,3770 Main St,jane.martinez12@gmail.com
Michael Smith,3791 Main St,michael.smith12@gmail.com
Emily Johnson,3812 Main St,emily.johnson12@gmail.com
Chris Williams,3833 Main St,chris.williams12@gmail.com
Jessica Brown,3854 Main St,jessica.brown12@gmail.com
David Jones,3875 Main St,david.jones12@gmail.com
Sarah Garcia,3896 Main St,sarah.garcia12@gmail.com
James Miller,3917 Main St,james.miller12@gmail.com
Laura Davis,3938 Main St,laura.davis12@gmail.com
John Rodriguez,3959 Main St,john.rodriguez12@gmail.com
Jane Martinez,3980 Main St,jane.martinez12@gmail.com
Michael Smith,4001 Main St,michael.smith12@gmail.com
Emily Johnson,4022 Main St,emily.johnson12@gmail.com
Chris Williams,4043 Main St,chris.williams12@gmail.com
Jessica Brown,4064 Main St,jessica.brown12@gmail.com
David Jones,4085 Main St,david.jones12@gmail.com
Sarah Garcia,4106 Main St,sarah.garcia12@gmail.com
James Miller,4127 Main St,james.miller12@gmail.com
Laura Davis,4148 Main St,laura.davis12@gmail.com
John Rodriguez,4169 Main St,john.rodriguez12@gmail.com
Jane Martinez,4190 Main St,jane.martinez12@gmail.com
Michael Smith,4211 Main St,michael.smith12@gmail.com
Emily Johnson,4232 Main St,emily.johnson12@gmail.com
Chris Williams,4253 Main St,chris.williams12@gmail.com
Jessica Brown,4274 Main St,jessica.brown12@gmail.com
David Jones,4295 Main St,david.jones12@gmail.com
Sarah Garcia,4316 Main St,sarah.garcia12@gmail.com
James Miller,4337 Main St,james.miller12@gmail.com
Laura Davis,4358 Main St,laura.davis12@gmail.com
John Rodriguez,4379 Main St,john.rodriguez12@gmail.com
Jane Martinez,4400 Main St,jane.martinez12@gmail.com
Michael Smith,4421 Main St,michael.smith12@gmail.com
Emily Johnson,4442 Main St,emily.johnson12@gmail.com
Chris Williams,4463 Main St,chris.williams12@gmail.com
Jessica Brown,4484 Main St,jessica.brown12@gmail.com
David Jones,4505 Main St,david.jones12@gmail.com
Sarah Garcia,4526 Main St,sarah.garcia12@gmail.com
James Miller,4547 Main St,james.miller12@gmail.com
Laura Davis,4568 Main St,laura.davis12@gmail.com
John Rodriguez,4589 Main St,john.rodriguez12@gmail.com
Jane Martinez,4610 Main St,jane.martinez12@gmail.com
Michael Smith,4631 Main St,michael.smith12@gmail.com
Emily Johnson,4652 Main St,emily.johnson12@gmail.com
Chris Williams,4673 Main St,chris.williams12@gmail.com
Jessica Brown,4694 Main St,jessica.brown12@gmail.com
David Jones,4715 Main St,david.jones12@gmail.com
Sarah Garcia,4736 Main St,sarah.garcia12@gmail.com
James Miller,4757 Main St,james.miller12@gmail.com
Laura Davis,4778 Main St,laura.davis12@gmail.com
John Rodriguez,4799 Main St,john.rodriguez12@gmail.com
Jane Martinez,4820 Main St,jane.martinez12@gmail.com
Michael Smith,4841 Main St,michael.smith12@gmail.com
Emily Johnson,4862 Main St,emily.johnson12@gmail.com
Chris Williams,4883 Main St,chris.williams12@gmail.com
Jessica Brown,4904 Main St,jessica.brown12@gmail.com
David Jones,4925 Main St,david.jones12@gmail.com
Sarah Garcia,4946 Main St,sarah.garcia12@gmail.com
James Miller,4967 Main St,james.miller12@gmail.com
Laura Davis,4988 Main St,laura.davis12@gmail.com
John Rodriguez,5009 Main St,john.rodriguez12@gmail.com
Jane Martinez,5030 Main St,jane.martinez12@gmail.com
Michael Smith,5051 Main St,michael.smith12@gmail.com
Emily Johnson,5072 Main St,emily.johnson12@gmail.com
Chris Williams,5093 Main St,chris.williams12@gmail.com
Jessica Brown,5114 Main St,jessica.brown12@gmail.com
David Jones,5135 Main St,david.jones12@gmail.com
Sarah Garcia,5156 Main St,sarah.garcia12@gmail.com
James Miller,5177 Main St,james.miller12@gmail.com
Laura Davis,5198 Main St,laura.davis12@gmail.com
John Rodriguez,5219 Main St,john.rodriguez12@gmail.com
Jane Martinez,5240 Main St,jane.martinez12@gmail.com
Michael Smith,5261 Main St,michael.smith12@gmail.com
Emily Johnson,5282 Main St,emily.johnson12@gmail.com
Chris Williams,5303 Main St,chris.williams12@gmail.com
Jessica Brown,5324 Main St,jessica.brown12@gmail.com
David Jones,5345 Main St,david.jones12@gmail.com
Sarah Garcia,5366 Main St,sarah.garcia12@gmail.com
James Miller,5387 Main St,james.miller12@gmail.com
Laura Davis,5408 Main St,laura.davis12@gmail.com
John Rodriguez,5429 Main St,john.rodriguez12@gmail.com
Jane Martinez,5450 Main St,jane.martinez12@gmail.com
Michael Smith,5471 Main St,michael.smith12@gmail.com
Emily Johnson,5492 Main St,emily.johnson12@gmail.com
Chris Williams,5513 Main St,chris.williams12@gmail.com
Jessica Brown,5534 Main St,jessica.brown12@gmail.com
David Jones,5555 Main St,david.jones12@gmail.com
Sarah Garcia,5576 Main St,sarah.garcia12@gmail.com
James Miller,5597 Main St,james.miller12@gmail.com
Laura Davis,5618 Main St,laura.davis12@gmail.com
John Rodriguez,5639 Main St,john.rodriguez12@gmail.com
Jane Martinez,5660 Main St,jane.martinez12@gmail.com
Michael Smith,5681 Main St,michael.smith12@gmail.com
Emily Johnson,5702 Main St,emily.johnson12@gmail.com
Chris Williams,5723 Main St,chris.williams12@gmail.com
Jessica Brown,5744 Main St,jessica.brown12@gmail.com
David Jones,5765 Main St,david.jones12@gmail.com
john Doe,123 Main St,john.doe12@gmail.com
smith     maharjan Doe,123 Main St,smith.doe12@gmail.com
ram Doe,123 Main St,ram.doe12@gmail.com
Full Name,Address,Email
john Doe,123 Main St,john.doe12@gmail.com
smith     maharjan Doe,123 Main St,smith.doe12@gmail.com
ram Doe,123 Main St,ram.doe12@gmail.com
Michael Smith,123 Main St,michael.smith12@gmail.com
Emily Johnson,456 Main St,emily.johnson12@gmail.com
Chris Williams,789 Main St,chris.williams12@gmail.com
Jessica Brown,101 Main St,jessica.brown12@gmail.com
David Jones,112 Main St,david.jones12@gmail.com
Sarah Garcia,131 Main St,sarah.garcia12@gmail.com
James Miller,415 Main St,james.miller12@gmail.com
Laura Davis,161 Main St,laura.davis12@gmail.com
John Rodriguez,718 Main St,john.rodriguez12@gmail.com
Jane Martinez,192 Main St,jane.martinez12@gmail.com
Michael Smith,223 Main St,michael.smith12@gmail.com
Emily Johnson,242 Main St,emily.johnson12@gmail.com
Chris Williams,263 Main St,chris.williams12@gmail.com
Jessica Brown,284 Main St,jessica.brown12@gmail.com
David Jones,305 Main St,david.jones12@gmail.com
Sarah Garcia,326 Main St,sarah.garcia12@gmail.com
James Miller,347 Main St,james.miller12@gmail.com
Laura Davis,368 Main St,laura.davis12@gmail.com
John Rodriguez,389 Main St,john.rodriguez12@gmail.com
Jane Martinez,410 Main St,jane.martinez12@gmail.com
Michael Smith,431 Main St,michael.smith12@gmail.com
Emily Johnson,452 Main St,emily.johnson12@gmail.com
Chris Williams,473 Main St,chris.williams12@gmail.com
Jessica Brown,494 Main St,jessica.brown12@gmail.com
David Jones,515 Main St,david.jones12@gmail.com
Sarah Garcia,536 Main St,sarah.garcia12@gmail.com
James Miller,557 Main St,james.miller12@gmail.com
Laura Davis,578 Main St,laura.davis12@gmail.com
John Rodriguez,599 Main St,john.rodriguez12@gmail.com
Jane Martinez,620 Main St,jane.martinez12@gmail.com
Michael Smith,641 Main St,michael.smith12@gmail.com
Emily Johnson,662 Main St,emily.johnson12@gmail.com
Chris Williams,683 Main St,chris.williams12@gmail.com
Jessica Brown,704 Main St,jessica.brown12@gmail.com
David Jones,725 Main St,david.jones12@gmail.com
Sarah Garcia,746 Main St,sarah.garcia12@gmail.com
James Miller,767 Main St,james.miller12@gmail.com
Laura Davis,788 Main St,laura.davis12@gmail.com
John Rodriguez,809 Main St,john.rodriguez12@gmail.com
Jane Martinez,830 Main St,jane.martinez12@gmail.com
Michael Smith,851 Main St,michael.smith12@gmail.com
Emily Johnson,872 Main St,emily.johnson12@gmail.com
Chris Williams,893 Main St,chris.williams12@gmail.com
Jessica Brown,914 Main St,jessica.brown12@gmail.com
David Jones,935 Main St,david.jones12@gmail.com
Sarah Garcia,956 Main St,sarah.garcia12@gmail.com
James Miller,977 Main St,james.miller12@gmail.com
Laura Davis,998 Main St,laura.davis12@gmail.com
John Rodriguez,1019 Main St,john.rodriguez12@gmail.com
Jane Martinez,1040 Main St,jane.martinez12@gmail.com
Michael Smith,1061 Main St,michael.smith12@gmail.com
Emily Johnson,1082 Main St,emily.johnson12@gmail.com
Chris Williams,1103 Main St,chris.williams12@gmail.com
Jessica Brown,1124 Main St,jessica.brown12@gmail.com
David Jones,1145 Main St,david.jones12@gmail.com
Sarah Garcia,1166 Main St,sarah.garcia12@gmail.com
James Miller,1187 Main St,james.miller12@gmail.com
Laura Davis,1208 Main St,laura.davis12@gmail.com
John Rodriguez,1229 Main St,john.rodriguez12@gmail.com
Jane Martinez,1250 Main St,jane.martinez12@gmail.com
Michael Smith,1271 Main St,michael.smith12@gmail.com
Emily Johnson,1292 Main St,emily.johnson12@gmail.com
Chris Williams,1313 Main St,chris.williams12@gmail.com
Jessica Brown,1334 Main St,jessica.brown12@gmail.com
David Jones,1355 Main St,david.jones12@gmail.com
Sarah Garcia,1376 Main St,sarah.garcia12@gmail.com
James Miller,1397 Main St,james.miller12@gmail.com
Laura Davis,1418 Main St,laura.davis12@gmail.com
John Rodriguez,1439 Main St,john.rodriguez12@gmail.com
Jane Martinez,1460 Main St,jane.martinez12@gmail.com
Michael Smith,1481 Main St,michael.smith12@gmail.com
Emily Johnson,1502 Main St,emily.johnson12@gmail.com
Chris Williams,1523 Main St,chris.williams12@gmail.com
Jessica Brown,1544 Main St,jessica.brown12@gmail.com
David Jones,1565 Main St,david.jones12@gmail.com
Sarah Garcia,1586 Main St,sarah.garcia12@gmail.com
James Miller,1607 Main St,james.miller12@gmail.com
Laura Davis,1628 Main St,laura.davis12@gmail.com
John Rodriguez,1649 Main St,john.rodriguez12@gmail.com
Jane Martinez,1670 Main St,jane.martinez12@gmail.com
Michael Smith,1691 Main St,michael.smith12@gmail.com
Emily Johnson,1712 Main St,emily.johnson12@gmail.com
Chris Williams,1733 Main St,chris.williams12@gmail.com
Jessica Brown,1754 Main St,jessica.brown12@gmail.com
David Jones,1775 Main St,david.jones12@gmail.com
Sarah Garcia,1796 Main St,sarah.garcia12@gmail.com
James Miller,1817 Main St,james.miller12@gmail.com
Laura Davis,1838 Main St,laura.davis12@gmail.com
John Rodriguez,1859 Main St,john.rodriguez12@gmail.com
Jane Martinez,1880 Main St,jane.martinez12@gmail.com
Michael Smith,1901 Main St,michael.smith12@gmail.com
Emily Johnson,1922 Main St,emily.johnson12@gmail.com
Chris Williams,1943 Main St,chris.williams12@gmail.com
Jessica Brown,1964 Main St,jessica.brown12@gmail.com
David Jones,1985 Main St,david.jones12@gmail.com
Sarah Garcia,2006 Main St,sarah.garcia12@gmail.com
James Miller,2027 Main St,james.miller12@gmail.com
Laura Davis,2048 Main St,laura.davis12@gmail.com
John Rodriguez,2069 Main St,john.rodriguez12@gmail.com
Jane Martinez,2090 Main St,jane.martinez12@gmail.com
Michael Smith,2111 Main St,michael.smith12@gmail.com
Emily Johnson,2132 Main St,emily.johnson12@gmail.com
Chris Williams,2153 Main St,chris.williams12@gmail.com
Jessica Brown,2174 Main St,jessica.brown12@gmail.com
David Jones,2195 Main St,david.jones12@gmail.com
Sarah Garcia,2216 Main St,sarah.garcia12@gmail.com
James Miller,2237 Main St,james.miller12@gmail.com
Laura Davis,2258 Main St,laura.davis12@gmail.com
John Rodriguez,2279 Main St,john.rodriguez12@gmail.com
Jane Martinez,2300 Main St,jane.martinez12@gmail.com
Michael Smith,2321 Main St,michael.smith12@gmail.com
Emily Johnson,2342 Main St,emily.johnson12@gmail.com
Chris Williams,2363 Main St,chris.williams12@gmail.com
Jessica Brown,2384 Main St,jessica.brown12@gmail.com
David Jones,2405 Main St,david.jones12@gmail.com
Sarah Garcia,2426 Main St,sarah.garcia12@gmail.com
James Miller,2447 Main St,james.miller12@gmail.com
Laura Davis,2468 Main St,laura.davis12@gmail.com
John Rodriguez,2489 Main St,john.rodriguez12@gmail.com
Jane Martinez,2510 Main St,jane.martinez12@gmail.com
Michael Smith,2531 Main St,michael.smith12@gmail.com
Emily Johnson,2552 Main St,emily.johnson12@gmail.com
Chris Williams,2573 Main St,chris.williams12@gmail.com
Jessica Brown,2594 Main St,jessica.brown12@gmail.com
David Jones,2615 Main St,david.jones12@gmail.com
Sarah Garcia,2636 Main St,sarah.garcia12@gmail.com
James Miller,2657 Main St,james.miller12@gmail.com
Laura Davis,2678 Main St,laura.davis12@gmail.com
John Rodriguez,2699 Main St,john.rodriguez12@gmail.com
Jane Martinez,2720 Main St,jane.martinez12@gmail.com
Michael Smith,2741 Main St,michael.smith12@gmail.com
Emily Johnson,2762 Main St,emily.johnson12@gmail.com
Chris Williams,2783 Main St,chris.williams12@gmail.com
Jessica Brown,2804 Main St,jessica.brown12@gmail.com
David Jones,2825 Main St,david.jones12@gmail.com
Sarah Garcia,2846 Main St,sarah.garcia12@gmail.com
James Miller,2867 Main St,james.miller12@gmail.com
Laura Davis,2888 Main St,laura.davis12@gmail.com
John Rodriguez,2909 Main St,john.rodriguez12@gmail.com
Jane Martinez,2930 Main St,jane.martinez12@gmail.com
Michael Smith,2951 Main St,michael.smith12@gmail.com
Emily Johnson,2972 Main St,emily.johnson12@gmail.com
Chris Williams,2993 Main St,chris.williams12@gmail.com
Jessica Brown,3014 Main St,jessica.brown12@gmail.com
David Jones,3035 Main St,david.jones12@gmail.com
Sarah Garcia,3056 Main St,sarah.garcia12@gmail.com
James Miller,3077 Main St,james.miller12@gmail.com
Laura Davis,3098 Main St,laura.davis12@gmail.com
John Rodriguez,3119 Main St,john.rodriguez12@gmail.com
Jane Martinez,3140 Main St,jane.martinez12@gmail.com
Michael Smith,3161 Main St,michael.smith12@gmail.com
Emily Johnson,3182 Main St,emily.johnson12@gmail.com
Chris Williams,3203 Main St,chris.williams12@gmail.com
Jessica Brown,3224 Main St,jessica.brown12@gmail.com
David Jones,3245 Main St,david.jones12@gmail.com
Sarah Garcia,3266 Main St,sarah.garcia12@gmail.com
James Miller,3287 Main St,james.miller12@gmail.com
Laura Davis,3308 Main St,laura.davis12@gmail.com
John Rodriguez,3329 Main St,john.rodriguez12@gmail.com
Jane Martinez,3350 Main St,jane.martinez12@gmail.com
Michael Smith,3371 Main St,michael.smith12@gmail.com
Emily Johnson,3392 Main St,emily.johnson12@gmail.com
Chris Williams,3413 Main St,chris.williams12@gmail.com
Jessica Brown,3434 Main St,jessica.brown12@gmail.com
David Jones,3455 Main St,david.jones12@gmail.com
Sarah Garcia,3476 Main St,sarah.garcia12@gmail.com
James Miller,3497 Main St,james.miller12@gmail.com
Laura Davis,3518 Main St,laura.davis12@gmail.com
John Rodriguez,3539 Main St,john.rodriguez12@gmail.com
Jane Martinez,3560 Main St,jane.martinez12@gmail.com
Michael Smith,3581 Main St,michael.smith12@gmail.com
Emily Johnson,3602 Main St,emily.johnson12@gmail.com
Chris Williams,3623 Main St,chris.williams12@gmail.com
Jessica Brown,3644 Main St,jessica.brown12@gmail.com
David Jones,3665 Main St,david.jones12@gmail.com
Sarah Garcia,3686 Main St,sarah.garcia12@gmail.com
James Miller,3707 Main St,james.miller12@gmail.com
Laura Davis,3728 Main St,laura.davis12@gmail.com
John Rodriguez,3749 Main St,john.rodriguez12@gmail.com
Jane Martinez,3770 Main St,jane.martinez12@gmail.com
Michael Smith,3791 Main St,michael.smith12@gmail.com
Emily Johnson,3812 Main St,emily.johnson12@gmail.com
Chris Williams,3833 Main St,chris.williams12@gmail.com
Jessica Brown,3854 Main St,jessica.brown12@gmail.com
David Jones,3875 Main St,david.jones12@gmail.com
Sarah Garcia,3896 Main St,sarah.garcia12@gmail.com
James Miller,3917 Main St,james.miller12@gmail.com
Laura Davis,3938 Main St,laura.davis12@gmail.com
John Rodriguez,3959 Main St,john.rodriguez12@gmail.com
Jane Martinez,3980 Main St,jane.martinez12@gmail.com
Michael Smith,4001 Main St,michael.smith12@gmail.com
Emily Johnson,4022 Main St,emily.johnson12@gmail.com
Chris Williams,4043 Main St,chris.williams12@gmail.com
Jessica Brown,4064 Main St,jessica.brown12@gmail.com
David Jones,4085 Main St,david.jones12@gmail.com
Sarah Garcia,4106 Main St,sarah.garcia12@gmail.com
James Miller,4127 Main St,james.miller12@gmail.com
Laura Davis,4148 Main St,laura.davis12@gmail.com
John Rodriguez,4169 Main St,john.rodriguez12@gmail.com
Jane Martinez,4190 Main St,jane.martinez12@gmail.com
Michael Smith,4211 Main St,michael.smith12@gmail.com
Emily Johnson,4232 Main St,emily.johnson12@gmail.com
Chris Williams,4253 Main St,chris.williams12@gmail.com
Jessica Brown,4274 Main St,jessica.brown12@gmail.com
David Jones,4295 Main St,david.jones12@gmail.com
Sarah Garcia,4316 Main St,sarah.garcia12@gmail.com
James Miller,4337 Main St,james.miller12@gmail.com
Laura Davis,4358 Main St,laura.davis12@gmail.com
John Rodriguez,4379 Main St,john.rodriguez12@gmail.com
Jane Martinez,4400 Main St,jane.martinez12@gmail.com
Michael Smith,4421 Main St,michael.smith12@gmail.com
Emily Johnson,4442 Main St,emily.johnson12@gmail.com
Chris Williams,4463 Main St,chris.williams12@gmail.com
Jessica Brown,4484 Main St,jessica.brown12@gmail.com
David Jones,4505 Main St,david.jones12@gmail.com
Sarah Garcia,4526 Main St,sarah.garcia12@gmail.com
James Miller,4547 Main St,james.miller12@gmail.com
Laura Davis,4568 Main St,laura.davis12@gmail.com
John Rodriguez,4589 Main St,john.rodriguez12@gmail.com
Jane Martinez,4610 Main St,jane.martinez12@gmail.com
Michael Smith,4631 Main St,michael.smith12@gmail.com
Emily Johnson,4652 Main St,emily.johnson12@gmail.com
Chris Williams,4673 Main St,chris.williams12@gmail.com
Jessica Brown,4694 Main St,jessica.brown12@gmail.com
David Jones,4715 Main St,david.jones12@gmail.com
Sarah Garcia,4736 Main St,sarah.garcia12@gmail.com
James Miller,4757 Main St,james.miller12@gmail.com
Laura Davis,4778 Main St,laura.davis12@gmail.com
John Rodriguez,4799 Main St,john.rodriguez12@gmail.com
Jane Martinez,4820 Main St,jane.martinez12@gmail.com
Michael Smith,4841 Main St,michael.smith12@gmail.com
Emily Johnson,4862 Main St,emily.johnson12@gmail.com
Chris Williams,4883 Main St,chris.williams12@gmail.com
Jessica Brown,4904 Main St,jessica.brown12@gmail.com
David Jones,4925 Main St,david.jones12@gmail.com
Sarah Garcia,4946 Main St,sarah.garcia12@gmail.com
James Miller,4967 Main St,james.miller12@gmail.com
Laura Davis,4988 Main St,laura.davis12@gmail.com
John Rodriguez,5009 Main St,john.rodriguez12@gmail.com
Jane Martinez,5030 Main St,jane.martinez12@gmail.com
Michael Smith,5051 Main St,michael.smith12@gmail.com
Emily Johnson,5072 Main St,emily.johnson12@gmail.com
Chris Williams,5093 Main St,chris.williams12@gmail.com
Jessica Brown,5114 Main St,jessica.brown12@gmail.com
David Jones,5135 Main St,david.jones12@gmail.com
Sarah Garcia,5156 Main St,sarah.garcia12@gmail.com
James Miller,5177 Main St,james.miller12@gmail.com
Laura Davis,5198 Main St,laura.davis12@gmail.com
John Rodriguez,5219 Main St,john.rodriguez12@gmail.com
Jane Martinez,5240 Main St,jane.martinez12@gmail.com
Michael Smith,5261 Main St,michael.smith12@gmail.com
Emily Johnson,5282 Main St,emily.johnson12@gmail.com
Chris Williams,5303 Main St,chris.williams12@gmail.com
Jessica Brown,5324 Main St,jessica.brown12@gmail.com
David Jones,5345 Main St,david.jones12@gmail.com
Sarah Garcia,5366 Main St,sarah.garcia12@gmail.com
James Miller,5387 Main St,james.miller12@gmail.com
Laura Davis,5408 Main St,laura.davis12@gmail.com
John Rodriguez,5429 Main St,john.rodriguez12@gmail.com
Jane Martinez,5450 Main St,jane.martinez12@gmail.com
Michael Smith,5471 Main St,michael.smith12@gmail.com
Emily Johnson,5492 Main St,emily.johnson12@gmail.com
Chris Williams,5513 Main St,chris.williams12@gmail.com
Jessica Brown,5534 Main St,jessica.brown12@gmail.com
David Jones,5555 Main St,david.jones12@gmail.com
Sarah Garcia,5576 Main St,sarah.garcia12@gmail.com
James Miller,5597 Main St,james.miller12@gmail.com
Laura Davis,5618 Main St,laura.davis12@gmail.com
John Rodriguez,5639 Main St,john.rodriguez12@gmail.com
Jane Martinez,5660 Main St,jane.martinez12@gmail.com
Michael Smith,5681 Main St,michael.smith12@gmail.com
Emily Johnson,5702 Main St,emily.johnson12@gmail.com
Chris Williams,5723 Main St,chris.williams12@gmail.com
Jessica Brown,5744 Main St,jessica.brown12@gmail.com
David Jones,5765 Main St,david.jones12@gmail.com
Sarah GarciaFull Name,Address,Email
john Doe,123 Main St,john.doe12@gmail.com
smith     maharjan Doe,123 Main St,smith.doe12@gmail.com
ram Doe,123 Main St,ram.doe12@gmail.com
Michael Smith,123 Main St,michael.smith12@gmail.com
Emily Johnson,456 Main St,emily.johnson12@gmail.com
Chris Williams,789 Main St,chris.williams12@gmail.com
Jessica Brown,101 Main St,jessica.brown12@gmail.com
David Jones,112 Main St,david.jones12@gmail.com
Sarah Garcia,131 Main St,sarah.garcia12@gmail.com
James Miller,415 Main St,james.miller12@gmail.com
Laura Davis,161 Main St,laura.davis12@gmail.com
John Rodriguez,718 Main St,john.rodriguez12@gmail.com
Jane Martinez,192 Main St,jane.martinez12@gmail.com
Michael Smith,223 Main St,michael.smith12@gmail.com
Emily Johnson,242 Main St,emily.johnson12@gmail.com
Chris Williams,263 Main St,chris.williams12@gmail.com
Jessica Brown,284 Main St,jessica.brown12@gmail.com
David Jones,305 Main St,david.jones12@gmail.com
Sarah Garcia,326 Main St,sarah.garcia12@gmail.com
James Miller,347 Main St,james.miller12@gmail.com
Laura Davis,368 Main St,laura.davis12@gmail.com
John Rodriguez,389 Main St,john.rodriguez12@gmail.com
Jane Martinez,410 Main St,jane.martinez12@gmail.com
Michael Smith,431 Main St,michael.smith12@gmail.com
Emily Johnson,452 Main St,emily.johnson12@gmail.com
Chris Williams,473 Main St,chris.williams12@gmail.com
Jessica Brown,494 Main St,jessica.brown12@gmail.com
David Jones,515 Main St,david.jones12@gmail.com
Sarah Garcia,536 Main St,sarah.garcia12@gmail.com
James Miller,557 Main St,james.miller12@gmail.com
Laura Davis,578 Main St,laura.davis12@gmail.com
John Rodriguez,599 Main St,john.rodriguez12@gmail.com
Jane Martinez,620 Main St,jane.martinez12@gmail.com
Michael Smith,641 Main St,michael.smith12@gmail.com
Emily Johnson,662 Main St,emily.johnson12@gmail.com
Chris Williams,683 Main St,chris.williams12@gmail.com
Jessica Brown,704 Main St,jessica.brown12@gmail.com
David Jones,725 Main St,david.jones12@gmail.com
Sarah Garcia,746 Main St,sarah.garcia12@gmail.com
James Miller,767 Main St,james.miller12@gmail.com
Laura Davis,788 Main St,laura.davis12@gmail.com
John Rodriguez,809 Main St,john.rodriguez12@gmail.com
Jane Martinez,830 Main St,jane.martinez12@gmail.com
Michael Smith,851 Main St,michael.smith12@gmail.com
Emily Johnson,872 Main St,emily.johnson12@gmail.com
Chris Williams,893 Main St,chris.williams12@gmail.com
Jessica Brown,914 Main St,jessica.brown12@gmail.com
David Jones,935 Main St,david.jones12@gmail.com
Sarah Garcia,956 Main St,sarah.garcia12@gmail.com
James Miller,977 Main St,james.miller12@gmail.com
Laura Davis,998 Main St,laura.davis12@gmail.com
John Rodriguez,1019 Main St,john.rodriguez12@gmail.com
Jane Martinez,1040 Main St,jane.martinez12@gmail.com
Michael Smith,1061 Main St,michael.smith12@gmail.com
Emily Johnson,1082 Main St,emily.johnson12@gmail.com
Chris Williams,1103 Main St,chris.williams12@gmail.com
Jessica Brown,1124 Main St,jessica.brown12@gmail.com
David Jones,1145 Main St,david.jones12@gmail.com
Sarah Garcia,1166 Main St,sarah.garcia12@gmail.com
James Miller,1187 Main St,james.miller12@gmail.com
Laura Davis,1208 Main St,laura.davis12@gmail.com
John Rodriguez,1229 Main St,john.rodriguez12@gmail.com
Jane Martinez,1250 Main St,jane.martinez12@gmail.com
Michael Smith,1271 Main St,michael.smith12@gmail.com
Emily Johnson,1292 Main St,emily.johnson12@gmail.com
Chris Williams,1313 Main St,chris.williams12@gmail.com
Jessica Brown,1334 Main St,jessica.brown12@gmail.com
David Jones,1355 Main St,david.jones12@gmail.com
Sarah Garcia,1376 Main St,sarah.garcia12@gmail.com
James Miller,1397 Main St,james.miller12@gmail.com
Laura Davis,1418 Main St,laura.davis12@gmail.com
John Rodriguez,1439 Main St,john.rodriguez12@gmail.com
Jane Martinez,1460 Main St,jane.martinez12@gmail.com
Michael Smith,1481 Main St,michael.smith12@gmail.com
Emily Johnson,1502 Main St,emily.johnson12@gmail.com
Chris Williams,1523 Main St,chris.williams12@gmail.com
Jessica Brown,1544 Main St,jessica.brown12@gmail.com
David Jones,1565 Main St,david.jones12@gmail.com
Sarah Garcia,1586 Main St,sarah.garcia12@gmail.com
James Miller,1607 Main St,james.miller12@gmail.com
Laura Davis,1628 Main St,laura.davis12@gmail.com
John Rodriguez,1649 Main St,john.rodriguez12@gmail.com
Jane Martinez,1670 Main St,jane.martinez12@gmail.com
Michael Smith,1691 Main St,michael.smith12@gmail.com
Emily Johnson,1712 Main St,emily.johnson12@gmail.com
Chris Williams,1733 Main St,chris.williams12@gmail.com
Jessica Brown,1754 Main St,jessica.brown12@gmail.com
David Jones,1775 Main St,david.jones12@gmail.com
Sarah Garcia,1796 Main St,sarah.garcia12@gmail.com
James Miller,1817 Main St,james.miller12@gmail.com
Laura Davis,1838 Main St,laura.davis12@gmail.com
John Rodriguez,1859 Main St,john.rodriguez12@gmail.com
Jane Martinez,1880 Main St,jane.martinez12@gmail.com
Michael Smith,1901 Main St,michael.smith12@gmail.com
Emily Johnson,1922 Main St,emily.johnson12@gmail.com
Chris Williams,1943 Main St,chris.williams12@gmail.com
Jessica Brown,1964 Main St,jessica.brown12@gmail.com
David Jones,1985 Main St,david.jones12@gmail.com
Sarah Garcia,2006 Main St,sarah.garcia12@gmail.com
James Miller,2027 Main St,james.miller12@gmail.com
Laura Davis,2048 Main St,laura.davis12@gmail.com
John Rodriguez,2069 Main St,john.rodriguez12@gmail.com
Jane Martinez,2090 Main St,jane.martinez12@gmail.com
Michael Smith,2111 Main St,michael.smith12@gmail.com
Emily Johnson,2132 Main St,emily.johnson12@gmail.com
Chris Williams,2153 Main St,chris.williams12@gmail.com
Jessica Brown,2174 Main St,jessica.brown12@gmail.com
David Jones,2195 Main St,david.jones12@gmail.com
Sarah Garcia,2216 Main St,sarah.garcia12@gmail.com
James Miller,2237 Main St,james.miller12@gmail.com
Laura Davis,2258 Main St,laura.davis12@gmail.com
John Rodriguez,2279 Main St,john.rodriguez12@gmail.com
Jane Martinez,2300 Main St,jane.martinez12@gmail.com
Michael Smith,2321 Main St,michael.smith12@gmail.com
Emily Johnson,2342 Main St,emily.johnson12@gmail.com
Chris Williams,2363 Main St,chris.williams12@gmail.com
Jessica Brown,2384 Main St,jessica.brown12@gmail.com
David Jones,2405 Main St,david.jones12@gmail.com
Sarah Garcia,2426 Main St,sarah.garcia12@gmail.com
James Miller,2447 Main St,james.miller12@gmail.com
Laura Davis,2468 Main St,laura.davis12@gmail.com
John Rodriguez,2489 Main St,john.rodriguez12@gmail.com
Jane Martinez,2510 Main St,jane.martinez12@gmail.com
Michael Smith,2531 Main St,michael.smith12@gmail.com
Emily Johnson,2552 Main St,emily.johnson12@gmail.com
Chris Williams,2573 Main St,chris.williams12@gmail.com
Jessica Brown,2594 Main St,jessica.brown12@gmail.com
David Jones,2615 Main St,david.jones12@gmail.com
Sarah Garcia,2636 Main St,sarah.garcia12@gmail.com
James Miller,2657 Main St,james.miller12@gmail.com
Laura Davis,2678 Main St,laura.davis12@gmail.com
John Rodriguez,2699 Main St,john.rodriguez12@gmail.com
Jane Martinez,2720 Main St,jane.martinez12@gmail.com
Michael Smith,2741 Main St,michael.smith12@gmail.com
Emily Johnson,2762 Main St,emily.johnson12@gmail.com
Chris Williams,2783 Main St,chris.williams12@gmail.com
Jessica Brown,2804 Main St,jessica.brown12@gmail.com
David Jones,2825 Main St,david.jones12@gmail.com
Sarah Garcia,2846 Main St,sarah.garcia12@gmail.com
James Miller,2867 Main St,james.miller12@gmail.com
Laura Davis,2888 Main St,laura.davis12@gmail.com
John Rodriguez,2909 Main St,john.rodriguez12@gmail.com
Jane Martinez,2930 Main St,jane.martinez12@gmail.com
Michael Smith,2951 Main St,michael.smith12@gmail.com
Emily Johnson,2972 Main St,emily.johnson12@gmail.com
Chris Williams,2993 Main St,chris.williams12@gmail.com
Jessica Brown,3014 Main St,jessica.brown12@gmail.com
David Jones,3035 Main St,david.jones12@gmail.com
Sarah Garcia,3056 Main St,sarah.garcia12@gmail.com
James Miller,3077 Main St,james.miller12@gmail.com
Laura Davis,3098 Main St,laura.davis12@gmail.com
John Rodriguez,3119 Main St,john.rodriguez12@gmail.com
Jane Martinez,3140 Main St,jane.martinez12@gmail.com
Michael Smith,3161 Main St,michael.smith12@gmail.com
Emily Johnson,3182 Main St,emily.johnson12@gmail.com
Chris Williams,3203 Main St,chris.williams12@gmail.com
Jessica Brown,3224 Main St,jessica.brown12@gmail.com
David Jones,3245 Main St,david.jones12@gmail.com
Sarah Garcia,3266 Main St,sarah.garcia12@gmail.com
James Miller,3287 Main St,james.miller12@gmail.com
Laura Davis,3308 Main St,laura.davis12@gmail.com
John Rodriguez,3329 Main St,john.rodriguez12@gmail.com
Jane Martinez,3350 Main St,jane.martinez12@gmail.com
Michael Smith,3371 Main St,michael.smith12@gmail.com
Emily Johnson,3392 Main St,emily.johnson12@gmail.com
Chris Williams,3413 Main St,chris.williams12@gmail.com
Jessica Brown,3434 Main St,jessica.brown12@gmail.com
David Jones,3455 Main St,david.jones12@gmail.com
Sarah Garcia,3476 Main St,sarah.garcia12@gmail.com
James Miller,3497 Main St,james.miller12@gmail.com
Laura Davis,3518 Main St,laura.davis12@gmail.com
John Rodriguez,3539 Main St,john.rodriguez12@gmail.com
Jane Martinez,3560 Main St,jane.martinez12@gmail.com
Michael Smith,3581 Main St,michael.smith12@gmail.com
Emily Johnson,3602 Main St,emily.johnson12@gmail.com
Chris Williams,3623 Main St,chris.williams12@gmail.com
Jessica Brown,3644 Main St,jessica.brown12@gmail.com
David Jones,3665 Main St,david.jones12@gmail.com
Sarah Garcia,3686 Main St,sarah.garcia12@gmail.com
James Miller,3707 Main St,james.miller12@gmail.com
Laura Davis,3728 Main St,laura.davis12@gmail.com
John Rodriguez,3749 Main St,john.rodriguez12@gmail.com
Jane Martinez,3770 Main St,jane.martinez12@gmail.com
Michael Smith,3791 Main St,michael.smith12@gmail.com
Emily Johnson,3812 Main St,emily.johnson12@gmail.com
Chris Williams,3833 Main St,chris.williams12@gmail.com
Jessica Brown,3854 Main St,jessica.brown12@gmail.com
David Jones,3875 Main St,david.jones12@gmail.com
Sarah Garcia,3896 Main St,sarah.garcia12@gmail.com
James Miller,3917 Main St,james.miller12@gmail.com
Laura Davis,3938 Main St,laura.davis12@gmail.com
John Rodriguez,3959 Main St,john.rodriguez12@gmail.com
Jane Martinez,3980 Main St,jane.martinez12@gmail.com
Michael Smith,4001 Main St,michael.smith12@gmail.com
Emily Johnson,4022 Main St,emily.johnson12@gmail.com
Chris Williams,4043 Main St,chris.williams12@gmail.com
Jessica Brown,4064 Main St,jessica.brown12@gmail.com
David Jones,4085 Main St,david.jones12@gmail.com
Sarah Garcia,4106 Main St,sarah.garcia12@gmail.com
James Miller,4127 Main St,james.miller12@gmail.com
Laura Davis,4148 Main St,laura.davis12@gmail.com
John Rodriguez,4169 Main St,john.rodriguez12@gmail.com
Jane Martinez,4190 Main St,jane.martinez12@gmail.com
Michael Smith,4211 Main St,michael.smith12@gmail.com
Emily Johnson,4232 Main St,emily.johnson12@gmail.com
Chris Williams,4253 Main St,chris.williams12@gmail.com
Jessica Brown,4274 Main St,jessica.brown12@gmail.com
David Jones,4295 Main St,david.jones12@gmail.com
Sarah Garcia,4316 Main St,sarah.garcia12@gmail.com
James Miller,4337 Main St,james.miller12@gmail.com
Laura Davis,4358 Main St,laura.davis12@gmail.com
John Rodriguez,4379 Main St,john.rodriguez12@gmail.com
Jane Martinez,4400 Main St,jane.martinez12@gmail.com
Michael Smith,4421 Main St,michael.smith12@gmail.com
Emily Johnson,4442 Main St,emily.johnson12@gmail.com
Chris Williams,4463 Main St,chris.williams12@gmail.com
Jessica Brown,4484 Main St,jessica.brown12@gmail.com
David Jones,4505 Main St,david.jones12@gmail.com
Sarah Garcia,4526 Main St,sarah.garcia12@gmail.com
James Miller,4547 Main St,james.miller12@gmail.com
Laura Davis,4568 Main St,laura.davis12@gmail.com
John Rodriguez,4589 Main St,john.rodriguez12@gmail.com
Jane Martinez,4610 Main St,jane.martinez12@gmail.com
Michael Smith,4631 Main St,michael.smith12@gmail.com
Emily Johnson,4652 Main St,emily.johnson12@gmail.com
Chris Williams,4673 Main St,chris.williams12@gmail.com
Jessica Brown,4694 Main St,jessica.brown12@gmail.com
David Jones,4715 Main St,david.jones12@gmail.com
Sarah Garcia,4736 Main St,sarah.garcia12@gmail.com
James Miller,4757 Main St,james.miller12@gmail.com
Laura Davis,4778 Main St,laura.davis12@gmail.com
John Rodriguez,4799 Main St,john.rodriguez12@gmail.com
Jane Martinez,4820 Main St,jane.martinez12@gmail.com
Michael Smith,4841 Main St,michael.smith12@gmail.com
Emily Johnson,4862 Main St,emily.johnson12@gmail.com
Chris Williams,4883 Main St,chris.williams12@gmail.com
Jessica Brown,4904 Main St,jessica.brown12@gmail.com
David Jones,4925 Main St,david.jones12@gmail.com
Sarah Garcia,4946 Main St,sarah.garcia12@gmail.com
James Miller,4967 Main St,james.miller12@gmail.com
Laura Davis,4988 Main St,laura.davis12@gmail.com
John Rodriguez,5009 Main St,john.rodriguez12@gmail.com
Jane Martinez,5030 Main St,jane.martinez12@gmail.com
Michael Smith,5051 Main St,michael.smith12@gmail.com
Emily Johnson,5072 Main St,emily.johnson12@gmail.com
Chris Williams,5093 Main St,chris.williams12@gmail.com
Jessica Brown,5114 Main St,jessica.brown12@gmail.com
David Jones,5135 Main St,david.jones12@gmail.com
Sarah Garcia,5156 Main St,sarah.garcia12@gmail.com
James Miller,5177 Main St,james.miller12@gmail.com
Laura Davis,5198 Main St,laura.davis12@gmail.com
John Rodriguez,5219 Main St,john.rodriguez12@gmail.com
Jane Martinez,5240 Main St,jane.martinez12@gmail.com
Michael Smith,5261 Main St,michael.smith12@gmail.com
Emily Johnson,5282 Main St,emily.johnson12@gmail.com
Chris Williams,5303 Main St,chris.williams12@gmail.com
Jessica Brown,5324 Main St,jessica.brown12@gmail.com
David Jones,5345 Main St,david.jones12@gmail.com
Sarah Garcia,5366 Main St,sarah.garcia12@gmail.com
James Miller,5387 Main St,james.miller12@gmail.com
Laura Davis,5408 Main St,laura.davis12@gmail.com
John Rodriguez,5429 Main St,john.rodriguez12@gmail.com
Jane Martinez,5450 Main St,jane.martinez12@gmail.com
Michael Smith,5471 Main St,michael.smith12@gmail.com
Emily Johnson,5492 Main St,emily.johnson12@gmail.com
Chris Williams,5513 Main St,chris.williams12@gmail.com
Jessica Brown,5534 Main St,jessica.brown12@gmail.com
David Jones,5555 Main St,david.jones12@gmail.com
Sarah Garcia,5576 Main St,sarah.garcia12@gmail.com
James Miller,5597 Main St,james.miller12@gmail.com
Laura Davis,5618 Main St,laura.davis12@gmail.com
John Rodriguez,5639 Main St,john.rodriguez12@gmail.com
Jane Martinez,5660 Main St,jane.martinez12@gmail.com
Michael Smith,5681 Main St,michael.smith12@gmail.com
Emily Johnson,5702 Main St,emily.johnson12@gmail.com
Chris Williams,5723 Main St,chris.williams12@gmail.com
Jessica Brown,5744 Main St,jessica.brown12@gmail.com
David Jones,5765 Main St,david.jones12@gmail.com
john Doe,123 Main St,john.doe12@gmail.com
smith     maharjan Doe,123 Main St,smith.doe12@gmail.com
ram Doe,123 Main St,ram.doe12@gmail.com
Full Name,Address,Email
john Doe,123 Main St,john.doe12@gmail.com
smith     maharjan Doe,123 Main St,smith.doe12@gmail.com
ram Doe,123 Main St,ram.doe12@gmail.com
Michael Smith,123 Main St,michael.smith12@gmail.com
Emily Johnson,456 Main St,emily.johnson12@gmail.com
Chris Williams,789 Main St,chris.williams12@gmail.com
Jessica Brown,101 Main St,jessica.brown12@gmail.com
David Jones,112 Main St,david.jones12@gmail.com
Sarah Garcia,131 Main St,sarah.garcia12@gmail.com
James Miller,415 Main St,james.miller12@gmail.com
Laura Davis,161 Main St,laura.davis12@gmail.com
John Rodriguez,718 Main St,john.rodriguez12@gmail.com
Jane Martinez,192 Main St,jane.martinez12@gmail.com
Michael Smith,223 Main St,michael.smith12@gmail.com
Emily Johnson,242 Main St,emily.johnson12@gmail.com
Chris Williams,263 Main St,chris.williams12@gmail.com
Jessica Brown,284 Main St,jessica.brown12@gmail.com
David Jones,305 Main St,david.jones12@gmail.com
Sarah Garcia,326 Main St,sarah.garcia12@gmail.com
James Miller,347 Main St,james.miller12@gmail.com
Laura Davis,368 Main St,laura.davis12@gmail.com
John Rodriguez,389 Main St,john.rodriguez12@gmail.com
Jane Martinez,410 Main St,jane.martinez12@gmail.com
Michael Smith,431 Main St,michael.smith12@gmail.com
Emily Johnson,452 Main St,emily.johnson12@gmail.com
Chris Williams,473 Main St,chris.williams12@gmail.com
Jessica Brown,494 Main St,jessica.brown12@gmail.com
David Jones,515 Main St,david.jones12@gmail.com
Sarah Garcia,536 Main St,sarah.garcia12@gmail.com
James Miller,557 Main St,james.miller12@gmail.com
Laura Davis,578 Main St,laura.davis12@gmail.com
John Rodriguez,599 Main St,john.rodriguez12@gmail.com
Jane Martinez,620 Main St,jane.martinez12@gmail.com
Michael Smith,641 Main St,michael.smith12@gmail.com
Emily Johnson,662 Main St,emily.johnson12@gmail.com
Chris Williams,683 Main St,chris.williams12@gmail.com
Jessica Brown,704 Main St,jessica.brown12@gmail.com
David Jones,725 Main St,david.jones12@gmail.com
Sarah Garcia,746 Main St,sarah.garcia12@gmail.com
James Miller,767 Main St,james.miller12@gmail.com
Laura Davis,788 Main St,laura.davis12@gmail.com
John Rodriguez,809 Main St,john.rodriguez12@gmail.com
Jane Martinez,830 Main St,jane.martinez12@gmail.com
Michael Smith,851 Main St,michael.smith12@gmail.com
Emily Johnson,872 Main St,emily.johnson12@gmail.com
Chris Williams,893 Main St,chris.williams12@gmail.com
Jessica Brown,914 Main St,jessica.brown12@gmail.com
David Jones,935 Main St,david.jones12@gmail.com
Sarah Garcia,956 Main St,sarah.garcia12@gmail.com
James Miller,977 Main St,james.miller12@gmail.com
Laura Davis,998 Main St,laura.davis12@gmail.com
John Rodriguez,1019 Main St,john.rodriguez12@gmail.com
Jane Martinez,1040 Main St,jane.martinez12@gmail.com
Michael Smith,1061 Main St,michael.smith12@gmail.com
Emily Johnson,1082 Main St,emily.johnson12@gmail.com
Chris Williams,1103 Main St,chris.williams12@gmail.com
Jessica Brown,1124 Main St,jessica.brown12@gmail.com
David Jones,1145 Main St,david.jones12@gmail.com
Sarah Garcia,1166 Main St,sarah.garcia12@gmail.com
James Miller,1187 Main St,james.miller12@gmail.com
Laura Davis,1208 Main St,laura.davis12@gmail.com
John Rodriguez,1229 Main St,john.rodriguez12@gmail.com
Jane Martinez,1250 Main St,jane.martinez12@gmail.com
Michael Smith,1271 Main St,michael.smith12@gmail.com
Emily Johnson,1292 Main St,emily.johnson12@gmail.com
Chris Williams,1313 Main St,chris.williams12@gmail.com
Jessica Brown,1334 Main St,jessica.brown12@gmail.com
David Jones,1355 Main St,david.jones12@gmail.com
Sarah Garcia,1376 Main St,sarah.garcia12@gmail.com
James Miller,1397 Main St,james.miller12@gmail.com
Laura Davis,1418 Main St,laura.davis12@gmail.com
John Rodriguez,1439 Main St,john.rodriguez12@gmail.com
Jane Martinez,1460 Main St,jane.martinez12@gmail.com
Michael Smith,1481 Main St,michael.smith12@gmail.com
Emily Johnson,1502 Main St,emily.johnson12@gmail.com
Chris Williams,1523 Main St,chris.williams12@gmail.com
Jessica Brown,1544 Main St,jessica.brown12@gmail.com
David Jones,1565 Main St,david.jones12@gmail.com
Sarah Garcia,1586 Main St,sarah.garcia12@gmail.com
James Miller,1607 Main St,james.miller12@gmail.com
Laura Davis,1628 Main St,laura.davis12@gmail.com
John Rodriguez,1649 Main St,john.rodriguez12@gmail.com
Jane Martinez,1670 Main St,jane.martinez12@gmail.com
Michael Smith,1691 Main St,michael.smith12@gmail.com
Emily Johnson,1712 Main St,emily.johnson12@gmail.com
Chris Williams,1733 Main St,chris.williams12@gmail.com
Jessica Brown,1754 Main St,jessica.brown12@gmail.com
David Jones,1775 Main St,david.jones12@gmail.com
Sarah Garcia,1796 Main St,sarah.garcia12@gmail.com
James Miller,1817 Main St,james.miller12@gmail.com
Laura Davis,1838 Main St,laura.davis12@gmail.com
John Rodriguez,1859 Main St,john.rodriguez12@gmail.com
Jane Martinez,1880 Main St,jane.martinez12@gmail.com
Michael Smith,1901 Main St,michael.smith12@gmail.com
Emily Johnson,1922 Main St,emily.johnson12@gmail.com
Chris Williams,1943 Main St,chris.williams12@gmail.com
Jessica Brown,1964 Main St,jessica.brown12@gmail.com
David Jones,1985 Main St,david.jones12@gmail.com
Sarah Garcia,2006 Main St,sarah.garcia12@gmail.com
James Miller,2027 Main St,james.miller12@gmail.com
Laura Davis,2048 Main St,laura.davis12@gmail.com
John Rodriguez,2069 Main St,john.rodriguez12@gmail.com
Jane Martinez,2090 Main St,jane.martinez12@gmail.com
Michael Smith,2111 Main St,michael.smith12@gmail.com
Emily Johnson,2132 Main St,emily.johnson12@gmail.com
Chris Williams,2153 Main St,chris.williams12@gmail.com
Jessica Brown,2174 Main St,jessica.brown12@gmail.com
David Jones,2195 Main St,david.jones12@gmail.com
Sarah Garcia,2216 Main St,sarah.garcia12@gmail.com
James Miller,2237 Main St,james.miller12@gmail.com
Laura Davis,2258 Main St,laura.davis12@gmail.com
John Rodriguez,2279 Main St,john.rodriguez12@gmail.com
Jane Martinez,2300 Main St,jane.martinez12@gmail.com
Michael Smith,2321 Main St,michael.smith12@gmail.com
Emily Johnson,2342 Main St,emily.johnson12@gmail.com
Chris Williams,2363 Main St,chris.williams12@gmail.com
Jessica Brown,2384 Main St,jessica.brown12@gmail.com
David Jones,2405 Main St,david.jones12@gmail.com
Sarah Garcia,2426 Main St,sarah.garcia12@gmail.com
James Miller,2447 Main St,james.miller12@gmail.com
Laura Davis,2468 Main St,laura.davis12@gmail.com
John Rodriguez,2489 Main St,john.rodriguez12@gmail.com
Jane Martinez,2510 Main St,jane.martinez12@gmail.com
Michael Smith,2531 Main St,michael.smith12@gmail.com
Emily Johnson,2552 Main St,emily.johnson12@gmail.com
Chris Williams,2573 Main St,chris.williams12@gmail.com
Jessica Brown,2594 Main St,jessica.brown12@gmail.com
David Jones,2615 Main St,david.jones12@gmail.com
Sarah Garcia,2636 Main St,sarah.garcia12@gmail.com
James Miller,2657 Main St,james.miller12@gmail.com
Laura Davis,2678 Main St,laura.davis12@gmail.com
John Rodriguez,2699 Main St,john.rodriguez12@gmail.com
Jane Martinez,2720 Main St,jane.martinez12@gmail.com
Michael Smith,2741 Main St,michael.smith12@gmail.com
Emily Johnson,2762 Main St,emily.johnson12@gmail.com
Chris Williams,2783 Main St,chris.williams12@gmail.com
Jessica Brown,2804 Main St,jessica.brown12@gmail.com
David Jones,2825 Main St,david.jones12@gmail.com
Sarah Garcia,2846 Main St,sarah.garcia12@gmail.com
James Miller,2867 Main St,james.miller12@gmail.com
Laura Davis,2888 Main St,laura.davis12@gmail.com
John Rodriguez,2909 Main St,john.rodriguez12@gmail.com
Jane Martinez,2930 Main St,jane.martinez12@gmail.com
Michael Smith,2951 Main St,michael.smith12@gmail.com
Emily Johnson,2972 Main St,emily.johnson12@gmail.com
Chris Williams,2993 Main St,chris.williams12@gmail.com
Jessica Brown,3014 Main St,jessica.brown12@gmail.com
David Jones,3035 Main St,david.jones12@gmail.com
Sarah Garcia,3056 Main St,sarah.garcia12@gmail.com
James Miller,3077 Main St,james.miller12@gmail.com
Laura Davis,3098 Main St,laura.davis12@gmail.com
John Rodriguez,3119 Main St,john.rodriguez12@gmail.com
Jane Martinez,3140 Main St,jane.martinez12@gmail.com
Michael Smith,3161 Main St,michael.smith12@gmail.com
Emily Johnson,3182 Main St,emily.johnson12@gmail.com
Chris Williams,3203 Main St,chris.williams12@gmail.com
Jessica Brown,3224 Main St,jessica.brown12@gmail.com
David Jones,3245 Main St,david.jones12@gmail.com
Sarah Garcia,3266 Main St,sarah.garcia12@gmail.com
James Miller,3287 Main St,james.miller12@gmail.com
Laura Davis,3308 Main St,laura.davis12@gmail.com
John Rodriguez,3329 Main St,john.rodriguez12@gmail.com
Jane Martinez,3350 Main St,jane.martinez12@gmail.com
Michael Smith,3371 Main St,michael.smith12@gmail.com
Emily Johnson,3392 Main St,emily.johnson12@gmail.com
Chris Williams,3413 Main St,chris.williams12@gmail.com
Jessica Brown,3434 Main St,jessica.brown12@gmail.com
David Jones,3455 Main St,david.jones12@gmail.com
Sarah Garcia,3476 Main St,sarah.garcia12@gmail.com
James Miller,3497 Main St,james.miller12@gmail.com
Laura Davis,3518 Main St,laura.davis12@gmail.com
John Rodriguez,3539 Main St,john.rodriguez12@gmail.com
Jane Martinez,3560 Main St,jane.martinez12@gmail.com
Michael Smith,3581 Main St,michael.smith12@gmail.com
Emily Johnson,3602 Main St,emily.johnson12@gmail.com
Chris Williams,3623 Main St,chris.williams12@gmail.com
Jessica Brown,3644 Main St,jessica.brown12@gmail.com
David Jones,3665 Main St,david.jones12@gmail.com
Sarah Garcia,3686 Main St,sarah.garcia12@gmail.com
James Miller,3707 Main St,james.miller12@gmail.com
Laura Davis,3728 Main St,laura.davis12@gmail.com
John Rodriguez,3749 Main St,john.rodriguez12@gmail.com
Jane Martinez,3770 Main St,jane.martinez12@gmail.com
Michael Smith,3791 Main St,michael.smith12@gmail.com
Emily Johnson,3812 Main St,emily.johnson12@gmail.com
Chris Williams,3833 Main St,chris.williams12@gmail.com
Jessica Brown,3854 Main St,jessica.brown12@gmail.com
David Jones,3875 Main St,david.jones12@gmail.com
Sarah Garcia,3896 Main St,sarah.garcia12@gmail.com
James Miller,3917 Main St,james.miller12@gmail.com
Laura Davis,3938 Main St,laura.davis12@gmail.com
John Rodriguez,3959 Main St,john.rodriguez12@gmail.com
Jane Martinez,3980 Main St,jane.martinez12@gmail.com
Michael Smith,4001 Main St,michael.smith12@gmail.com
Emily Johnson,4022 Main St,emily.johnson12@gmail.com
Chris Williams,4043 Main St,chris.williams12@gmail.com
Jessica Brown,4064 Main St,jessica.brown12@gmail.com
David Jones,4085 Main St,david.jones12@gmail.com
Sarah Garcia,4106 Main St,sarah.garcia12@gmail.com
James Miller,4127 Main St,james.miller12@gmail.com
Laura Davis,4148 Main St,laura.davis12@gmail.com
John Rodriguez,4169 Main St,john.rodriguez12@gmail.com
Jane Martinez,4190 Main St,jane.martinez12@gmail.com
Michael Smith,4211 Main St,michael.smith12@gmail.com
Emily Johnson,4232 Main St,emily.johnson12@gmail.com
Chris Williams,4253 Main St,chris.williams12@gmail.com
Jessica Brown,4274 Main St,jessica.brown12@gmail.com
David Jones,4295 Main St,david.jones12@gmail.com
Sarah Garcia,4316 Main St,sarah.garcia12@gmail.com
James Miller,4337 Main St,james.miller12@gmail.com
Laura Davis,4358 Main St,laura.davis12@gmail.com
John Rodriguez,4379 Main St,john.rodriguez12@gmail.com
Jane Martinez,4400 Main St,jane.martinez12@gmail.com
Michael Smith,4421 Main St,michael.smith12@gmail.com
Emily Johnson,4442 Main St,emily.johnson12@gmail.com
Chris Williams,4463 Main St,chris.williams12@gmail.com
Jessica Brown,4484 Main St,jessica.brown12@gmail.com
David Jones,4505 Main St,david.jones12@gmail.com
Sarah Garcia,4526 Main St,sarah.garcia12@gmail.com
James Miller,4547 Main St,james.miller12@gmail.com
Laura Davis,4568 Main St,laura.davis12@gmail.com
John Rodriguez,4589 Main St,john.rodriguez12@gmail.com
Jane Martinez,4610 Main St,jane.martinez12@gmail.com
Michael Smith,4631 Main St,michael.smith12@gmail.com
Emily Johnson,4652 Main St,emily.johnson12@gmail.com
Chris Williams,4673 Main St,chris.williams12@gmail.com
Jessica Brown,4694 Main St,jessica.brown12@gmail.com
David Jones,4715 Main St,david.jones12@gmail.com
Sarah Garcia,4736 Main St,sarah.garcia12@gmail.com
James Miller,4757 Main St,james.miller12@gmail.com
Laura Davis,4778 Main St,laura.davis12@gmail.com
John Rodriguez,4799 Main St,john.rodriguez12@gmail.com
Jane Martinez,4820 Main St,jane.martinez12@gmail.com
Michael Smith,4841 Main St,michael.smith12@gmail.com
Emily Johnson,4862 Main St,emily.johnson12@gmail.com
Chris Williams,4883 Main St,chris.williams12@gmail.com
Jessica Brown,4904 Main St,jessica.brown12@gmail.com
David Jones,4925 Main St,david.jones12@gmail.com
Sarah Garcia,4946 Main St,sarah.garcia12@gmail.com
James Miller,4967 Main St,james.miller12@gmail.com
Laura Davis,4988 Main St,laura.davis12@gmail.com
John Rodriguez,5009 Main St,john.rodriguez12@gmail.com
Jane Martinez,5030 Main St,jane.martinez12@gmail.com
Michael Smith,5051 Main St,michael.smith12@gmail.com
Emily Johnson,5072 Main St,emily.johnson12@gmail.com
Chris Williams,5093 Main St,chris.williams12@gmail.com
Jessica Brown,5114 Main St,jessica.brown12@gmail.com
David Jones,5135 Main St,david.jones12@gmail.com
Sarah Garcia,5156 Main St,sarah.garcia12@gmail.com
James Miller,5177 Main St,james.miller12@gmail.com
Laura Davis,5198 Main St,laura.davis12@gmail.com
John Rodriguez,5219 Main St,john.rodriguez12@gmail.com
Jane Martinez,5240 Main St,jane.martinez12@gmail.com
Michael Smith,5261 Main St,michael.smith12@gmail.com
Emily Johnson,5282 Main St,emily.johnson12@gmail.com
Chris Williams,5303 Main St,chris.williams12@gmail.com
Jessica Brown,5324 Main St,jessica.brown12@gmail.com
David Jones,5345 Main St,david.jones12@gmail.com
Sarah Garcia,5366 Main St,sarah.garcia12@gmail.com
James Miller,5387 Main St,james.miller12@gmail.com
Laura Davis,5408 Main St,laura.davis12@gmail.com
John Rodriguez,5429 Main St,john.rodriguez12@gmail.com
Jane Martinez,5450 Main St,jane.martinez12@gmail.com
Michael Smith,5471 Main St,michael.smith12@gmail.com
Emily Johnson,5492 Main St,emily.johnson12@gmail.com
Chris Williams,5513 Main St,chris.williams12@gmail.com
Jessica Brown,5534 Main St,jessica.brown12@gmail.com
David Jones,5555 Main St,david.jones12@gmail.com
Sarah Garcia,5576 Main St,sarah.garcia12@gmail.com
James Miller,5597 Main St,james.miller12@gmail.com
Laura Davis,5618 Main St,laura.davis12@gmail.com
John Rodriguez,5639 Main St,john.rodriguez12@gmail.com
Jane Martinez,5660 Main St,jane.martinez12@gmail.com
Michael Smith,5681 Main St,michael.smith12@gmail.com
Emily Johnson,5702 Main St,emily.johnson12@gmail.com
Chris Williams,5723 Main St,chris.williams12@gmail.com
Jessica Brown,5744 Main St,jessica.brown12@gmail.com
David Jones,5765 Main St,david.jones12@gmail.com
Sarah GarciaFull Name,Address,Email
john Doe,123 Main St,john.doe12@gmail.com
smith     maharjan Doe,123 Main St,smith.doe12@gmail.com
ram Doe,123 Main St,ram.doe12@gmail.com
Michael Smith,123 Main St,michael.smith12@gmail.com
Emily Johnson,456 Main St,emily.johnson12@gmail.com
Chris Williams,789 Main St,chris.williams12@gmail.com
Jessica Brown,101 Main St,jessica.brown12@gmail.com
David Jones,112 Main St,david.jones12@gmail.com
Sarah Garcia,131 Main St,sarah.garcia12@gmail.com
James Miller,415 Main St,james.miller12@gmail.com
Laura Davis,161 Main St,laura.davis12@gmail.com
John Rodriguez,718 Main St,john.rodriguez12@gmail.com
Jane Martinez,192 Main St,jane.martinez12@gmail.com
Michael Smith,223 Main St,michael.smith12@gmail.com
Emily Johnson,242 Main St,emily.johnson12@gmail.com
Chris Williams,263 Main St,chris.williams12@gmail.com
Jessica Brown,284 Main St,jessica.brown12@gmail.com
David Jones,305 Main St,david.jones12@gmail.com
Sarah Garcia,326 Main St,sarah.garcia12@gmail.com
James Miller,347 Main St,james.miller12@gmail.com
Laura Davis,368 Main St,laura.davis12@gmail.com
John Rodriguez,389 Main St,john.rodriguez12@gmail.com
Jane Martinez,410 Main St,jane.martinez12@gmail.com
Michael Smith,431 Main St,michael.smith12@gmail.com
Emily Johnson,452 Main St,emily.johnson12@gmail.com
Chris Williams,473 Main St,chris.williams12@gmail.com
Jessica Brown,494 Main St,jessica.brown12@gmail.com
David Jones,515 Main St,david.jones12@gmail.com
Sarah Garcia,536 Main St,sarah.garcia12@gmail.com
James Miller,557 Main St,james.miller12@gmail.com
Laura Davis,578 Main St,laura.davis12@gmail.com
John Rodriguez,599 Main St,john.rodriguez12@gmail.com
Jane Martinez,620 Main St,jane.martinez12@gmail.com
Michael Smith,641 Main St,michael.smith12@gmail.com
Emily Johnson,662 Main St,emily.johnson12@gmail.com
Chris Williams,683 Main St,chris.williams12@gmail.com
Jessica Brown,704 Main St,jessica.brown12@gmail.com
David Jones,725 Main St,david.jones12@gmail.com
Sarah Garcia,746 Main St,sarah.garcia12@gmail.com
James Miller,767 Main St,james.miller12@gmail.com
Laura Davis,788 Main St,laura.davis12@gmail.com
John Rodriguez,809 Main St,john.rodriguez12@gmail.com
Jane Martinez,830 Main St,jane.martinez12@gmail.com
Michael Smith,851 Main St,michael.smith12@gmail.com
Emily Johnson,872 Main St,emily.johnson12@gmail.com
Chris Williams,893 Main St,chris.williams12@gmail.com
Jessica Brown,914 Main St,jessica.brown12@gmail.com
David Jones,935 Main St,david.jones12@gmail.com
Sarah Garcia,956 Main St,sarah.garcia12@gmail.com
James Miller,977 Main St,james.miller12@gmail.com
Laura Davis,998 Main St,laura.davis12@gmail.com
John Rodriguez,1019 Main St,john.rodriguez12@gmail.com
Jane Martinez,1040 Main St,jane.martinez12@gmail.com
Michael Smith,1061 Main St,michael.smith12@gmail.com
Emily Johnson,1082 Main St,emily.johnson12@gmail.com
Chris Williams,1103 Main St,chris.williams12@gmail.com
Jessica Brown,1124 Main St,jessica.brown12@gmail.com
David Jones,1145 Main St,david.jones12@gmail.com
Sarah Garcia,1166 Main St,sarah.garcia12@gmail.com
James Miller,1187 Main St,james.miller12@gmail.com
Laura Davis,1208 Main St,laura.davis12@gmail.com
John Rodriguez,1229 Main St,john.rodriguez12@gmail.com
Jane Martinez,1250 Main St,jane.martinez12@gmail.com
Michael Smith,1271 Main St,michael.smith12@gmail.com
Emily Johnson,1292 Main St,emily.johnson12@gmail.com
Chris Williams,1313 Main St,chris.williams12@gmail.com
Jessica Brown,1334 Main St,jessica.brown12@gmail.com
David Jones,1355 Main St,david.jones12@gmail.com
Sarah Garcia,1376 Main St,sarah.garcia12@gmail.com
James Miller,1397 Main St,james.miller12@gmail.com
Laura Davis,1418 Main St,laura.davis12@gmail.com
John Rodriguez,1439 Main St,john.rodriguez12@gmail.com
Jane Martinez,1460 Main St,jane.martinez12@gmail.com
Michael Smith,1481 Main St,michael.smith12@gmail.com
Emily Johnson,1502 Main St,emily.johnson12@gmail.com
Chris Williams,1523 Main St,chris.williams12@gmail.com
Jessica Brown,1544 Main St,jessica.brown12@gmail.com
David Jones,1565 Main St,david.jones12@gmail.com
Sarah Garcia,1586 Main St,sarah.garcia12@gmail.com
James Miller,1607 Main St,james.miller12@gmail.com
Laura Davis,1628 Main St,laura.davis12@gmail.com
John Rodriguez,1649 Main St,john.rodriguez12@gmail.com
Jane Martinez,1670 Main St,jane.martinez12@gmail.com
Michael Smith,1691 Main St,michael.smith12@gmail.com
Emily Johnson,1712 Main St,emily.johnson12@gmail.com
Chris Williams,1733 Main St,chris.williams12@gmail.com
Jessica Brown,1754 Main St,jessica.brown12@gmail.com
David Jones,1775 Main St,david.jones12@gmail.com
Sarah Garcia,1796 Main St,sarah.garcia12@gmail.com
James Miller,1817 Main St,james.miller12@gmail.com
Laura Davis,1838 Main St,laura.davis12@gmail.com
John Rodriguez,1859 Main St,john.rodriguez12@gmail.com
Jane Martinez,1880 Main St,jane.martinez12@gmail.com
Michael Smith,1901 Main St,michael.smith12@gmail.com
Emily Johnson,1922 Main St,emily.johnson12@gmail.com
Chris Williams,1943 Main St,chris.williams12@gmail.com
Jessica Brown,1964 Main St,jessica.brown12@gmail.com
David Jones,1985 Main St,david.jones12@gmail.com
Sarah Garcia,2006 Main St,sarah.garcia12@gmail.com
James Miller,2027 Main St,james.miller12@gmail.com
Laura Davis,2048 Main St,laura.davis12@gmail.com
John Rodriguez,2069 Main St,john.rodriguez12@gmail.com
Jane Martinez,2090 Main St,jane.martinez12@gmail.com
Michael Smith,2111 Main St,michael.smith12@gmail.com
Emily Johnson,2132 Main St,emily.johnson12@gmail.com
Chris Williams,2153 Main St,chris.williams12@gmail.com
Jessica Brown,2174 Main St,jessica.brown12@gmail.com
David Jones,2195 Main St,david.jones12@gmail.com
Sarah Garcia,2216 Main St,sarah.garcia12@gmail.com
James Miller,2237 Main St,james.miller12@gmail.com
Laura Davis,2258 Main St,laura.davis12@gmail.com
John Rodriguez,2279 Main St,john.rodriguez12@gmail.com
Jane Martinez,2300 Main St,jane.martinez12@gmail.com
Michael Smith,2321 Main St,michael.smith12@gmail.com
Emily Johnson,2342 Main St,emily.johnson12@gmail.com
Chris Williams,2363 Main St,chris.williams12@gmail.com
Jessica Brown,2384 Main St,jessica.brown12@gmail.com
David Jones,2405 Main St,david.jones12@gmail.com
Sarah Garcia,2426 Main St,sarah.garcia12@gmail.com
James Miller,2447 Main St,james.miller12@gmail.com
Laura Davis,2468 Main St,laura.davis12@gmail.com
John Rodriguez,2489 Main St,john.rodriguez12@gmail.com
Jane Martinez,2510 Main St,jane.martinez12@gmail.com
Michael Smith,2531 Main St,michael.smith12@gmail.com
Emily Johnson,2552 Main St,emily.johnson12@gmail.com
Chris Williams,2573 Main St,chris.williams12@gmail.com
Jessica Brown,2594 Main St,jessica.brown12@gmail.com
David Jones,2615 Main St,david.jones12@gmail.com
Sarah Garcia,2636 Main St,sarah.garcia12@gmail.com
James Miller,2657 Main St,james.miller12@gmail.com
Laura Davis,2678 Main St,laura.davis12@gmail.com
John Rodriguez,2699 Main St,john.rodriguez12@gmail.com
Jane Martinez,2720 Main St,jane.martinez12@gmail.com
Michael Smith,2741 Main St,michael.smith12@gmail.com
Emily Johnson,2762 Main St,emily.johnson12@gmail.com
Chris Williams,2783 Main St,chris.williams12@gmail.com
Jessica Brown,2804 Main St,jessica.brown12@gmail.com
David Jones,2825 Main St,david.jones12@gmail.com
Sarah Garcia,2846 Main St,sarah.garcia12@gmail.com
James Miller,2867 Main St,james.miller12@gmail.com
Laura Davis,2888 Main St,laura.davis12@gmail.com
John Rodriguez,2909 Main St,john.rodriguez12@gmail.com
Jane Martinez,2930 Main St,jane.martinez12@gmail.com
Michael Smith,2951 Main St,michael.smith12@gmail.com
Emily Johnson,2972 Main St,emily.johnson12@gmail.com
Chris Williams,2993 Main St,chris.williams12@gmail.com
Jessica Brown,3014 Main St,jessica.brown12@gmail.com
David Jones,3035 Main St,david.jones12@gmail.com
Sarah Garcia,3056 Main St,sarah.garcia12@gmail.com
James Miller,3077 Main St,james.miller12@gmail.com
Laura Davis,3098 Main St,laura.davis12@gmail.com
John Rodriguez,3119 Main St,john.rodriguez12@gmail.com
Jane Martinez,3140 Main St,jane.martinez12@gmail.com
Michael Smith,3161 Main St,michael.smith12@gmail.com
Emily Johnson,3182 Main St,emily.johnson12@gmail.com
Chris Williams,3203 Main St,chris.williams12@gmail.com
Jessica Brown,3224 Main St,jessica.brown12@gmail.com
David Jones,3245 Main St,david.jones12@gmail.com
Sarah Garcia,3266 Main St,sarah.garcia12@gmail.com
James Miller,3287 Main St,james.miller12@gmail.com
Laura Davis,3308 Main St,laura.davis12@gmail.com
John Rodriguez,3329 Main St,john.rodriguez12@gmail.com
Jane Martinez,3350 Main St,jane.martinez12@gmail.com
Michael Smith,3371 Main St,michael.smith12@gmail.com
Emily Johnson,3392 Main St,emily.johnson12@gmail.com
Chris Williams,3413 Main St,chris.williams12@gmail.com
Jessica Brown,3434 Main St,jessica.brown12@gmail.com
David Jones,3455 Main St,david.jones12@gmail.com
Sarah Garcia,3476 Main St,sarah.garcia12@gmail.com
James Miller,3497 Main St,james.miller12@gmail.com
Laura Davis,3518 Main St,laura.davis12@gmail.com
John Rodriguez,3539 Main St,john.rodriguez12@gmail.com
Jane Martinez,3560 Main St,jane.martinez12@gmail.com
Michael Smith,3581 Main St,michael.smith12@gmail.com
Emily Johnson,3602 Main St,emily.johnson12@gmail.com
Chris Williams,3623 Main St,chris.williams12@gmail.com
Jessica Brown,3644 Main St,jessica.brown12@gmail.com
David Jones,3665 Main St,david.jones12@gmail.com
Sarah Garcia,3686 Main St,sarah.garcia12@gmail.com
James Miller,3707 Main St,james.miller12@gmail.com
Laura Davis,3728 Main St,laura.davis12@gmail.com
John Rodriguez,3749 Main St,john.rodriguez12@gmail.com
Jane Martinez,3770 Main St,jane.martinez12@gmail.com
Michael Smith,3791 Main St,michael.smith12@gmail.com
Emily Johnson,3812 Main St,emily.johnson12@gmail.com
Chris Williams,3833 Main St,chris.williams12@gmail.com
Jessica Brown,3854 Main St,jessica.brown12@gmail.com
David Jones,3875 Main St,david.jones12@gmail.com
Sarah Garcia,3896 Main St,sarah.garcia12@gmail.com
James Miller,3917 Main St,james.miller12@gmail.com
Laura Davis,3938 Main St,laura.davis12@gmail.com
John Rodriguez,3959 Main St,john.rodriguez12@gmail.com
Jane Martinez,3980 Main St,jane.martinez12@gmail.com
Michael Smith,4001 Main St,michael.smith12@gmail.com
Emily Johnson,4022 Main St,emily.johnson12@gmail.com
Chris Williams,4043 Main St,chris.williams12@gmail.com
Jessica Brown,4064 Main St,jessica.brown12@gmail.com
David Jones,4085 Main St,david.jones12@gmail.com
Sarah Garcia,4106 Main St,sarah.garcia12@gmail.com
James Miller,4127 Main St,james.miller12@gmail.com
Laura Davis,4148 Main St,laura.davis12@gmail.com
John Rodriguez,4169 Main St,john.rodriguez12@gmail.com
Jane Martinez,4190 Main St,jane.martinez12@gmail.com
Michael Smith,4211 Main St,michael.smith12@gmail.com
Emily Johnson,4232 Main St,emily.johnson12@gmail.com
Chris Williams,4253 Main St,chris.williams12@gmail.com
Jessica Brown,4274 Main St,jessica.brown12@gmail.com
David Jones,4295 Main St,david.jones12@gmail.com
Sarah Garcia,4316 Main St,sarah.garcia12@gmail.com
James Miller,4337 Main St,james.miller12@gmail.com
Laura Davis,4358 Main St,laura.davis12@gmail.com
John Rodriguez,4379 Main St,john.rodriguez12@gmail.com
Jane Martinez,4400 Main St,jane.martinez12@gmail.com
Michael Smith,4421 Main St,michael.smith12@gmail.com
Emily Johnson,4442 Main St,emily.johnson12@gmail.com
Chris Williams,4463 Main St,chris.williams12@gmail.com
Jessica Brown,4484 Main St,jessica.brown12@gmail.com
David Jones,4505 Main St,david.jones12@gmail.com
Sarah Garcia,4526 Main St,sarah.garcia12@gmail.com
James Miller,4547 Main St,james.miller12@gmail.com
Laura Davis,4568 Main St,laura.davis12@gmail.com
John Rodriguez,4589 Main St,john.rodriguez12@gmail.com
Jane Martinez,4610 Main St,jane.martinez12@gmail.com
Michael Smith,4631 Main St,michael.smith12@gmail.com
Emily Johnson,4652 Main St,emily.johnson12@gmail.com
Chris Williams,4673 Main St,chris.williams12@gmail.com
Jessica Brown,4694 Main St,jessica.brown12@gmail.com
David Jones,4715 Main St,david.jones12@gmail.com
Sarah Garcia,4736 Main St,sarah.garcia12@gmail.com
James Miller,4757 Main St,james.miller12@gmail.com
Laura Davis,4778 Main St,laura.davis12@gmail.com
John Rodriguez,4799 Main St,john.rodriguez12@gmail.com
Jane Martinez,4820 Main St,jane.martinez12@gmail.com
Michael Smith,4841 Main St,michael.smith12@gmail.com
Emily Johnson,4862 Main St,emily.johnson12@gmail.com
Chris Williams,4883 Main St,chris.williams12@gmail.com
Jessica Brown,4904 Main St,jessica.brown12@gmail.com
David Jones,4925 Main St,david.jones12@gmail.com
Sarah Garcia,4946 Main St,sarah.garcia12@gmail.com
James Miller,4967 Main St,james.miller12@gmail.com
Laura Davis,4988 Main St,laura.davis12@gmail.com
John Rodriguez,5009 Main St,john.rodriguez12@gmail.com
Jane Martinez,5030 Main St,jane.martinez12@gmail.com
Michael Smith,5051 Main St,michael.smith12@gmail.com
Emily Johnson,5072 Main St,emily.johnson12@gmail.com
Chris Williams,5093 Main St,chris.williams12@gmail.com
Jessica Brown,5114 Main St,jessica.brown12@gmail.com
David Jones,5135 Main St,david.jones12@gmail.com
Sarah Garcia,5156 Main St,sarah.garcia12@gmail.com
James Miller,5177 Main St,james.miller12@gmail.com
Laura Davis,5198 Main St,laura.davis12@gmail.com
John Rodriguez,5219 Main St,john.rodriguez12@gmail.com
Jane Martinez,5240 Main St,jane.martinez12@gmail.com
Michael Smith,5261 Main St,michael.smith12@gmail.com
Emily Johnson,5282 Main St,emily.johnson12@gmail.com
Chris Williams,5303 Main St,chris.williams12@gmail.com
Jessica Brown,5324 Main St,jessica.brown12@gmail.com
David Jones,5345 Main St,david.jones12@gmail.com
Sarah Garcia,5366 Main St,sarah.garcia12@gmail.com
James Miller,5387 Main St,james.miller12@gmail.com
Laura Davis,5408 Main St,laura.davis12@gmail.com
John Rodriguez,5429 Main St,john.rodriguez12@gmail.com
Jane Martinez,5450 Main St,jane.martinez12@gmail.com
Michael Smith,5471 Main St,michael.smith12@gmail.com
Emily Johnson,5492 Main St,emily.johnson12@gmail.com
Chris Williams,5513 Main St,chris.williams12@gmail.com
Jessica Brown,5534 Main St,jessica.brown12@gmail.com
David Jones,5555 Main St,david.jones12@gmail.com
Sarah Garcia,5576 Main St,sarah.garcia12@gmail.com
James Miller,5597 Main St,james.miller12@gmail.com
Laura Davis,5618 Main St,laura.davis12@gmail.com
John Rodriguez,5639 Main St,john.rodriguez12@gmail.com
Jane Martinez,5660 Main St,jane.martinez12@gmail.com
Michael Smith,5681 Main St,michael.smith12@gmail.com
Emily Johnson,5702 Main St,emily.johnson12@gmail.com
Chris Williams,5723 Main St,chris.williams12@gmail.com
Jessica Brown,5744 Main St,jessica.brown12@gmail.com
David Jones,5765 Main St,david.jones12@gmail.com
john Doe,123 Main St,john.doe12@gmail.com
smith     maharjan Doe,123 Main St,smith.doe12@gmail.com
ram Doe,123 Main St,ram.doe12@gmail.com
Full Name,Address,Email
john Doe,123 Main St,john.doe12@gmail.com
smith     maharjan Doe,123 Main St,smith.doe12@gmail.com
ram Doe,123 Main St,ram.doe12@gmail.com
Michael Smith,123 Main St,michael.smith12@gmail.com
Emily Johnson,456 Main St,emily.johnson12@gmail.com
Chris Williams,789 Main St,chris.williams12@gmail.com
Jessica Brown,101 Main St,jessica.brown12@gmail.com
David Jones,112 Main St,david.jones12@gmail.com
Sarah Garcia,131 Main St,sarah.garcia12@gmail.com
James Miller,415 Main St,james.miller12@gmail.com
Laura Davis,161 Main St,laura.davis12@gmail.com
John Rodriguez,718 Main St,john.rodriguez12@gmail.com
Jane Martinez,192 Main St,jane.martinez12@gmail.com
Michael Smith,223 Main St,michael.smith12@gmail.com
Emily Johnson,242 Main St,emily.johnson12@gmail.com
Chris Williams,263 Main St,chris.williams12@gmail.com
Jessica Brown,284 Main St,jessica.brown12@gmail.com
David Jones,305 Main St,david.jones12@gmail.com
Sarah Garcia,326 Main St,sarah.garcia12@gmail.com
James Miller,347 Main St,james.miller12@gmail.com
Laura Davis,368 Main St,laura.davis12@gmail.com
John Rodriguez,389 Main St,john.rodriguez12@gmail.com
Jane Martinez,410 Main St,jane.martinez12@gmail.com
Michael Smith,431 Main St,michael.smith12@gmail.com
Emily Johnson,452 Main St,emily.johnson12@gmail.com
Chris Williams,473 Main St,chris.williams12@gmail.com
Jessica Brown,494 Main St,jessica.brown12@gmail.com
David Jones,515 Main St,david.jones12@gmail.com
Sarah Garcia,536 Main St,sarah.garcia12@gmail.com
James Miller,557 Main St,james.miller12@gmail.com
Laura Davis,578 Main St,laura.davis12@gmail.com
John Rodriguez,599 Main St,john.rodriguez12@gmail.com
Jane Martinez,620 Main St,jane.martinez12@gmail.com
Michael Smith,641 Main St,michael.smith12@gmail.com
Emily Johnson,662 Main St,emily.johnson12@gmail.com
Chris Williams,683 Main St,chris.williams12@gmail.com
Jessica Brown,704 Main St,jessica.brown12@gmail.com
David Jones,725 Main St,david.jones12@gmail.com
Sarah Garcia,746 Main St,sarah.garcia12@gmail.com
James Miller,767 Main St,james.miller12@gmail.com
Laura Davis,788 Main St,laura.davis12@gmail.com
John Rodriguez,809 Main St,john.rodriguez12@gmail.com
Jane Martinez,830 Main St,jane.martinez12@gmail.com
Michael Smith,851 Main St,michael.smith12@gmail.com
Emily Johnson,872 Main St,emily.johnson12@gmail.com
Chris Williams,893 Main St,chris.williams12@gmail.com
Jessica Brown,914 Main St,jessica.brown12@gmail.com
David Jones,935 Main St,david.jones12@gmail.com
Sarah Garcia,956 Main St,sarah.garcia12@gmail.com
James Miller,977 Main St,james.miller12@gmail.com
Laura Davis,998 Main St,laura.davis12@gmail.com
John Rodriguez,1019 Main St,john.rodriguez12@gmail.com
Jane Martinez,1040 Main St,jane.martinez12@gmail.com
Michael Smith,1061 Main St,michael.smith12@gmail.com
Emily Johnson,1082 Main St,emily.johnson12@gmail.com
Chris Williams,1103 Main St,chris.williams12@gmail.com
Jessica Brown,1124 Main St,jessica.brown12@gmail.com
David Jones,1145 Main St,david.jones12@gmail.com
Sarah Garcia,1166 Main St,sarah.garcia12@gmail.com
James Miller,1187 Main St,james.miller12@gmail.com
Laura Davis,1208 Main St,laura.davis12@gmail.com
John Rodriguez,1229 Main St,john.rodriguez12@gmail.com
Jane Martinez,1250 Main St,jane.martinez12@gmail.com
Michael Smith,1271 Main St,michael.smith12@gmail.com
Emily Johnson,1292 Main St,emily.johnson12@gmail.com
Chris Williams,1313 Main St,chris.williams12@gmail.com
Jessica Brown,1334 Main St,jessica.brown12@gmail.com
David Jones,1355 Main St,david.jones12@gmail.com
Sarah Garcia,1376 Main St,sarah.garcia12@gmail.com
James Miller,1397 Main St,james.miller12@gmail.com
Laura Davis,1418 Main St,laura.davis12@gmail.com
John Rodriguez,1439 Main St,john.rodriguez12@gmail.com
Jane Martinez,1460 Main St,jane.martinez12@gmail.com
Michael Smith,1481 Main St,michael.smith12@gmail.com
Emily Johnson,1502 Main St,emily.johnson12@gmail.com
Chris Williams,1523 Main St,chris.williams12@gmail.com
Jessica Brown,1544 Main St,jessica.brown12@gmail.com
David Jones,1565 Main St,david.jones12@gmail.com
Sarah Garcia,1586 Main St,sarah.garcia12@gmail.com
James Miller,1607 Main St,james.miller12@gmail.com
Laura Davis,1628 Main St,laura.davis12@gmail.com
John Rodriguez,1649 Main St,john.rodriguez12@gmail.com
Jane Martinez,1670 Main St,jane.martinez12@gmail.com
Michael Smith,1691 Main St,michael.smith12@gmail.com
Emily Johnson,1712 Main St,emily.johnson12@gmail.com
Chris Williams,1733 Main St,chris.williams12@gmail.com
Jessica Brown,1754 Main St,jessica.brown12@gmail.com
David Jones,1775 Main St,david.jones12@gmail.com
Sarah Garcia,1796 Main St,sarah.garcia12@gmail.com
James Miller,1817 Main St,james.miller12@gmail.com
Laura Davis,1838 Main St,laura.davis12@gmail.com
John Rodriguez,1859 Main St,john.rodriguez12@gmail.com
Jane Martinez,1880 Main St,jane.martinez12@gmail.com
Michael Smith,1901 Main St,michael.smith12@gmail.com
Emily Johnson,1922 Main St,emily.johnson12@gmail.com
Chris Williams,1943 Main St,chris.williams12@gmail.com
Jessica Brown,1964 Main St,jessica.brown12@gmail.com
David Jones,1985 Main St,david.jones12@gmail.com
Sarah Garcia,2006 Main St,sarah.garcia12@gmail.com
James Miller,2027 Main St,james.miller12@gmail.com
Laura Davis,2048 Main St,laura.davis12@gmail.com
John Rodriguez,2069 Main St,john.rodriguez12@gmail.com
Jane Martinez,2090 Main St,jane.martinez12@gmail.com
Michael Smith,2111 Main St,michael.smith12@gmail.com
Emily Johnson,2132 Main St,emily.johnson12@gmail.com
Chris Williams,2153 Main St,chris.williams12@gmail.com
Jessica Brown,2174 Main St,jessica.brown12@gmail.com
David Jones,2195 Main St,david.jones12@gmail.com
Sarah Garcia,2216 Main St,sarah.garcia12@gmail.com
James Miller,2237 Main St,james.miller12@gmail.com
Laura Davis,2258 Main St,laura.davis12@gmail.com
John Rodriguez,2279 Main St,john.rodriguez12@gmail.com
Jane Martinez,2300 Main St,jane.martinez12@gmail.com
Michael Smith,2321 Main St,michael.smith12@gmail.com
Emily Johnson,2342 Main St,emily.johnson12@gmail.com
Chris Williams,2363 Main St,chris.williams12@gmail.com
Jessica Brown,2384 Main St,jessica.brown12@gmail.com
David Jones,2405 Main St,david.jones12@gmail.com
Sarah Garcia,2426 Main St,sarah.garcia12@gmail.com
James Miller,2447 Main St,james.miller12@gmail.com
Laura Davis,2468 Main St,laura.davis12@gmail.com
John Rodriguez,2489 Main St,john.rodriguez12@gmail.com
Jane Martinez,2510 Main St,jane.martinez12@gmail.com
Michael Smith,2531 Main St,michael.smith12@gmail.com
Emily Johnson,2552 Main St,emily.johnson12@gmail.com
Chris Williams,2573 Main St,chris.williams12@gmail.com
Jessica Brown,2594 Main St,jessica.brown12@gmail.com
David Jones,2615 Main St,david.jones12@gmail.com
Sarah Garcia,2636 Main St,sarah.garcia12@gmail.com
James Miller,2657 Main St,james.miller12@gmail.com
Laura Davis,2678 Main St,laura.davis12@gmail.com
John Rodriguez,2699 Main St,john.rodriguez12@gmail.com
Jane Martinez,2720 Main St,jane.martinez12@gmail.com
Michael Smith,2741 Main St,michael.smith12@gmail.com
Emily Johnson,2762 Main St,emily.johnson12@gmail.com
Chris Williams,2783 Main St,chris.williams12@gmail.com
Jessica Brown,2804 Main St,jessica.brown12@gmail.com
David Jones,2825 Main St,david.jones12@gmail.com
Sarah Garcia,2846 Main St,sarah.garcia12@gmail.com
James Miller,2867 Main St,james.miller12@gmail.com
Laura Davis,2888 Main St,laura.davis12@gmail.com
John Rodriguez,2909 Main St,john.rodriguez12@gmail.com
Jane Martinez,2930 Main St,jane.martinez12@gmail.com
Michael Smith,2951 Main St,michael.smith12@gmail.com
Emily Johnson,2972 Main St,emily.johnson12@gmail.com
Chris Williams,2993 Main St,chris.williams12@gmail.com
Jessica Brown,3014 Main St,jessica.brown12@gmail.com
David Jones,3035 Main St,david.jones12@gmail.com
Sarah Garcia,3056 Main St,sarah.garcia12@gmail.com
James Miller,3077 Main St,james.miller12@gmail.com
Laura Davis,3098 Main St,laura.davis12@gmail.com
John Rodriguez,3119 Main St,john.rodriguez12@gmail.com
Jane Martinez,3140 Main St,jane.martinez12@gmail.com
Michael Smith,3161 Main St,michael.smith12@gmail.com
Emily Johnson,3182 Main St,emily.johnson12@gmail.com
Chris Williams,3203 Main St,chris.williams12@gmail.com
Jessica Brown,3224 Main St,jessica.brown12@gmail.com
David Jones,3245 Main St,david.jones12@gmail.com
Sarah Garcia,3266 Main St,sarah.garcia12@gmail.com
James Miller,3287 Main St,james.miller12@gmail.com
Laura Davis,3308 Main St,laura.davis12@gmail.com
John Rodriguez,3329 Main St,john.rodriguez12@gmail.com
Jane Martinez,3350 Main St,jane.martinez12@gmail.com
Michael Smith,3371 Main St,michael.smith12@gmail.com
Emily Johnson,3392 Main St,emily.johnson12@gmail.com
Chris Williams,3413 Main St,chris.williams12@gmail.com
Jessica Brown,3434 Main St,jessica.brown12@gmail.com
David Jones,3455 Main St,david.jones12@gmail.com
Sarah Garcia,3476 Main St,sarah.garcia12@gmail.com
James Miller,3497 Main St,james.miller12@gmail.com
Laura Davis,3518 Main St,laura.davis12@gmail.com
John Rodriguez,3539 Main St,john.rodriguez12@gmail.com
Jane Martinez,3560 Main St,jane.martinez12@gmail.com
Michael Smith,3581 Main St,michael.smith12@gmail.com
Emily Johnson,3602 Main St,emily.johnson12@gmail.com
Chris Williams,3623 Main St,chris.williams12@gmail.com
Jessica Brown,3644 Main St,jessica.brown12@gmail.com
David Jones,3665 Main St,david.jones12@gmail.com
Sarah Garcia,3686 Main St,sarah.garcia12@gmail.com
James Miller,3707 Main St,james.miller12@gmail.com
Laura Davis,3728 Main St,laura.davis12@gmail.com
John Rodriguez,3749 Main St,john.rodriguez12@gmail.com
Jane Martinez,3770 Main St,jane.martinez12@gmail.com
Michael Smith,3791 Main St,michael.smith12@gmail.com
Emily Johnson,3812 Main St,emily.johnson12@gmail.com
Chris Williams,3833 Main St,chris.williams12@gmail.com
Jessica Brown,3854 Main St,jessica.brown12@gmail.com
David Jones,3875 Main St,david.jones12@gmail.com
Sarah Garcia,3896 Main St,sarah.garcia12@gmail.com
James Miller,3917 Main St,james.miller12@gmail.com
Laura Davis,3938 Main St,laura.davis12@gmail.com
John Rodriguez,3959 Main St,john.rodriguez12@gmail.com
Jane Martinez,3980 Main St,jane.martinez12@gmail.com
Michael Smith,4001 Main St,michael.smith12@gmail.com
Emily Johnson,4022 Main St,emily.johnson12@gmail.com
Chris Williams,4043 Main St,chris.williams12@gmail.com
Jessica Brown,4064 Main St,jessica.brown12@gmail.com
David Jones,4085 Main St,david.jones12@gmail.com
Sarah Garcia,4106 Main St,sarah.garcia12@gmail.com
James Miller,4127 Main St,james.miller12@gmail.com
Laura Davis,4148 Main St,laura.davis12@gmail.com
John Rodriguez,4169 Main St,john.rodriguez12@gmail.com
Jane Martinez,4190 Main St,jane.martinez12@gmail.com
Michael Smith,4211 Main St,michael.smith12@gmail.com
Emily Johnson,4232 Main St,emily.johnson12@gmail.com
Chris Williams,4253 Main St,chris.williams12@gmail.com
Jessica Brown,4274 Main St,jessica.brown12@gmail.com
David Jones,4295 Main St,david.jones12@gmail.com
Sarah Garcia,4316 Main St,sarah.garcia12@gmail.com
James Miller,4337 Main St,james.miller12@gmail.com
Laura Davis,4358 Main St,laura.davis12@gmail.com
John Rodriguez,4379 Main St,john.rodriguez12@gmail.com
Jane Martinez,4400 Main St,jane.martinez12@gmail.com
Michael Smith,4421 Main St,michael.smith12@gmail.com
Emily Johnson,4442 Main St,emily.johnson12@gmail.com
Chris Williams,4463 Main St,chris.williams12@gmail.com
Jessica Brown,4484 Main St,jessica.brown12@gmail.com
David Jones,4505 Main St,david.jones12@gmail.com
Sarah Garcia,4526 Main St,sarah.garcia12@gmail.com
James Miller,4547 Main St,james.miller12@gmail.com
Laura Davis,4568 Main St,laura.davis12@gmail.com
John Rodriguez,4589 Main St,john.rodriguez12@gmail.com
Jane Martinez,4610 Main St,jane.martinez12@gmail.com
Michael Smith,4631 Main St,michael.smith12@gmail.com
Emily Johnson,4652 Main St,emily.johnson12@gmail.com
Chris Williams,4673 Main St,chris.williams12@gmail.com
Jessica Brown,4694 Main St,jessica.brown12@gmail.com
David Jones,4715 Main St,david.jones12@gmail.com
Sarah Garcia,4736 Main St,sarah.garcia12@gmail.com
James Miller,4757 Main St,james.miller12@gmail.com
Laura Davis,4778 Main St,laura.davis12@gmail.com
John Rodriguez,4799 Main St,john.rodriguez12@gmail.com
Jane Martinez,4820 Main St,jane.martinez12@gmail.com
Michael Smith,4841 Main St,michael.smith12@gmail.com
Emily Johnson,4862 Main St,emily.johnson12@gmail.com
Chris Williams,4883 Main St,chris.williams12@gmail.com
Jessica Brown,4904 Main St,jessica.brown12@gmail.com
David Jones,4925 Main St,david.jones12@gmail.com
Sarah Garcia,4946 Main St,sarah.garcia12@gmail.com
James Miller,4967 Main St,james.miller12@gmail.com
Laura Davis,4988 Main St,laura.davis12@gmail.com
John Rodriguez,5009 Main St,john.rodriguez12@gmail.com
Jane Martinez,5030 Main St,jane.martinez12@gmail.com
Michael Smith,5051 Main St,michael.smith12@gmail.com
Emily Johnson,5072 Main St,emily.johnson12@gmail.com
Chris Williams,5093 Main St,chris.williams12@gmail.com
Jessica Brown,5114 Main St,jessica.brown12@gmail.com
David Jones,5135 Main St,david.jones12@gmail.com
Sarah Garcia,5156 Main St,sarah.garcia12@gmail.com
James Miller,5177 Main St,james.miller12@gmail.com
Laura Davis,5198 Main St,laura.davis12@gmail.com
John Rodriguez,5219 Main St,john.rodriguez12@gmail.com
Jane Martinez,5240 Main St,jane.martinez12@gmail.com
Michael Smith,5261 Main St,michael.smith12@gmail.com
Emily Johnson,5282 Main St,emily.johnson12@gmail.com
Chris Williams,5303 Main St,chris.williams12@gmail.com
Jessica Brown,5324 Main St,jessica.brown12@gmail.com
David Jones,5345 Main St,david.jones12@gmail.com
Sarah Garcia,5366 Main St,sarah.garcia12@gmail.com
James Miller,5387 Main St,james.miller12@gmail.com
Laura Davis,5408 Main St,laura.davis12@gmail.com
John Rodriguez,5429 Main St,john.rodriguez12@gmail.com
Jane Martinez,5450 Main St,jane.martinez12@gmail.com
Michael Smith,5471 Main St,michael.smith12@gmail.com
Emily Johnson,5492 Main St,emily.johnson12@gmail.com
Chris Williams,5513 Main St,chris.williams12@gmail.com
Jessica Brown,5534 Main St,jessica.brown12@gmail.com
David Jones,5555 Main St,david.jones12@gmail.com
Sarah Garcia,5576 Main St,sarah.garcia12@gmail.com
James Miller,5597 Main St,james.miller12@gmail.com
Laura Davis,5618 Main St,laura.davis12@gmail.com
John Rodriguez,5639 Main St,john.rodriguez12@gmail.com
Jane Martinez,5660 Main St,jane.martinez12@gmail.com
Michael Smith,5681 Main St,michael.smith12@gmail.com
Emily Johnson,5702 Main St,emily.johnson12@gmail.com
Chris Williams,5723 Main St,chris.williams12@gmail.com
Jessica Brown,5744 Main St,jessica.brown12@gmail.com
David Jones,5765 Main St,david.jones12@gmail.com
Sarah GarciaFull Name,Address,Email
john Doe,123 Main St,john.doe12@gmail.com
smith     maharjan Doe,123 Main St,smith.doe12@gmail.com
ram Doe,123 Main St,ram.doe12@gmail.com
Michael Smith,123 Main St,michael.smith12@gmail.com
Emily Johnson,456 Main St,emily.johnson12@gmail.com
Chris Williams,789 Main St,chris.williams12@gmail.com
Jessica Brown,101 Main St,jessica.brown12@gmail.com
David Jones,112 Main St,david.jones12@gmail.com
Sarah Garcia,131 Main St,sarah.garcia12@gmail.com
James Miller,415 Main St,james.miller12@gmail.com
Laura Davis,161 Main St,laura.davis12@gmail.com
John Rodriguez,718 Main St,john.rodriguez12@gmail.com
Jane Martinez,192 Main St,jane.martinez12@gmail.com
Michael Smith,223 Main St,michael.smith12@gmail.com
Emily Johnson,242 Main St,emily.johnson12@gmail.com
Chris Williams,263 Main St,chris.williams12@gmail.com
Jessica Brown,284 Main St,jessica.brown12@gmail.com
David Jones,305 Main St,david.jones12@gmail.com
Sarah Garcia,326 Main St,sarah.garcia12@gmail.com
James Miller,347 Main St,james.miller12@gmail.com
Laura Davis,368 Main St,laura.davis12@gmail.com
John Rodriguez,389 Main St,john.rodriguez12@gmail.com
Jane Martinez,410 Main St,jane.martinez12@gmail.com
Michael Smith,431 Main St,michael.smith12@gmail.com
Emily Johnson,452 Main St,emily.johnson12@gmail.com
Chris Williams,473 Main St,chris.williams12@gmail.com
Jessica Brown,494 Main St,jessica.brown12@gmail.com
David Jones,515 Main St,david.jones12@gmail.com
Sarah Garcia,536 Main St,sarah.garcia12@gmail.com
James Miller,557 Main St,james.miller12@gmail.com
Laura Davis,578 Main St,laura.davis12@gmail.com
John Rodriguez,599 Main St,john.rodriguez12@gmail.com
Jane Martinez,620 Main St,jane.martinez12@gmail.com
Michael Smith,641 Main St,michael.smith12@gmail.com
Emily Johnson,662 Main St,emily.johnson12@gmail.com
Chris Williams,683 Main St,chris.williams12@gmail.com
Jessica Brown,704 Main St,jessica.brown12@gmail.com
David Jones,725 Main St,david.jones12@gmail.com
Sarah Garcia,746 Main St,sarah.garcia12@gmail.com
James Miller,767 Main St,james.miller12@gmail.com
Laura Davis,788 Main St,laura.davis12@gmail.com
John Rodriguez,809 Main St,john.rodriguez12@gmail.com
Jane Martinez,830 Main St,jane.martinez12@gmail.com
Michael Smith,851 Main St,michael.smith12@gmail.com
Emily Johnson,872 Main St,emily.johnson12@gmail.com
Chris Williams,893 Main St,chris.williams12@gmail.com
Jessica Brown,914 Main St,jessica.brown12@gmail.com
David Jones,935 Main St,david.jones12@gmail.com
Sarah Garcia,956 Main St,sarah.garcia12@gmail.com
James Miller,977 Main St,james.miller12@gmail.com
Laura Davis,998 Main St,laura.davis12@gmail.com
John Rodriguez,1019 Main St,john.rodriguez12@gmail.com
Jane Martinez,1040 Main St,jane.martinez12@gmail.com
Michael Smith,1061 Main St,michael.smith12@gmail.com
Emily Johnson,1082 Main St,emily.johnson12@gmail.com
Chris Williams,1103 Main St,chris.williams12@gmail.com
Jessica Brown,1124 Main St,jessica.brown12@gmail.com
David Jones,1145 Main St,david.jones12@gmail.com
Sarah Garcia,1166 Main St,sarah.garcia12@gmail.com
James Miller,1187 Main St,james.miller12@gmail.com
Laura Davis,1208 Main St,laura.davis12@gmail.com
John Rodriguez,1229 Main St,john.rodriguez12@gmail.com
Jane Martinez,1250 Main St,jane.martinez12@gmail.com
Michael Smith,1271 Main St,michael.smith12@gmail.com
Emily Johnson,1292 Main St,emily.johnson12@gmail.com
Chris Williams,1313 Main St,chris.williams12@gmail.com
Jessica Brown,1334 Main St,jessica.brown12@gmail.com
David Jones,1355 Main St,david.jones12@gmail.com
Sarah Garcia,1376 Main St,sarah.garcia12@gmail.com
James Miller,1397 Main St,james.miller12@gmail.com
Laura Davis,1418 Main St,laura.davis12@gmail.com
John Rodriguez,1439 Main St,john.rodriguez12@gmail.com
Jane Martinez,1460 Main St,jane.martinez12@gmail.com
Michael Smith,1481 Main St,michael.smith12@gmail.com
Emily Johnson,1502 Main St,emily.johnson12@gmail.com
Chris Williams,1523 Main St,chris.williams12@gmail.com
Jessica Brown,1544 Main St,jessica.brown12@gmail.com
David Jones,1565 Main St,david.jones12@gmail.com
Sarah Garcia,1586 Main St,sarah.garcia12@gmail.com
James Miller,1607 Main St,james.miller12@gmail.com
Laura Davis,1628 Main St,laura.davis12@gmail.com
John Rodriguez,1649 Main St,john.rodriguez12@gmail.com
Jane Martinez,1670 Main St,jane.martinez12@gmail.com
Michael Smith,1691 Main St,michael.smith12@gmail.com
Emily Johnson,1712 Main St,emily.johnson12@gmail.com
Chris Williams,1733 Main St,chris.williams12@gmail.com
Jessica Brown,1754 Main St,jessica.brown12@gmail.com
David Jones,1775 Main St,david.jones12@gmail.com
Sarah Garcia,1796 Main St,sarah.garcia12@gmail.com
James Miller,1817 Main St,james.miller12@gmail.com
Laura Davis,1838 Main St,laura.davis12@gmail.com
John Rodriguez,1859 Main St,john.rodriguez12@gmail.com
Jane Martinez,1880 Main St,jane.martinez12@gmail.com
Michael Smith,1901 Main St,michael.smith12@gmail.com
Emily Johnson,1922 Main St,emily.johnson12@gmail.com
Chris Williams,1943 Main St,chris.williams12@gmail.com
Jessica Brown,1964 Main St,jessica.brown12@gmail.com
David Jones,1985 Main St,david.jones12@gmail.com
Sarah Garcia,2006 Main St,sarah.garcia12@gmail.com
James Miller,2027 Main St,james.miller12@gmail.com
Laura Davis,2048 Main St,laura.davis12@gmail.com
John Rodriguez,2069 Main St,john.rodriguez12@gmail.com
Jane Martinez,2090 Main St,jane.martinez12@gmail.com
Michael Smith,2111 Main St,michael.smith12@gmail.com
Emily Johnson,2132 Main St,emily.johnson12@gmail.com
Chris Williams,2153 Main St,chris.williams12@gmail.com
Jessica Brown,2174 Main St,jessica.brown12@gmail.com
David Jones,2195 Main St,david.jones12@gmail.com
Sarah Garcia,2216 Main St,sarah.garcia12@gmail.com
James Miller,2237 Main St,james.miller12@gmail.com
Laura Davis,2258 Main St,laura.davis12@gmail.com
John Rodriguez,2279 Main St,john.rodriguez12@gmail.com
Jane Martinez,2300 Main St,jane.martinez12@gmail.com
Michael Smith,2321 Main St,michael.smith12@gmail.com
Emily Johnson,2342 Main St,emily.johnson12@gmail.com
Chris Williams,2363 Main St,chris.williams12@gmail.com
Jessica Brown,2384 Main St,jessica.brown12@gmail.com
David Jones,2405 Main St,david.jones12@gmail.com
Sarah Garcia,2426 Main St,sarah.garcia12@gmail.com
James Miller,2447 Main St,james.miller12@gmail.com
Laura Davis,2468 Main St,laura.davis12@gmail.com
John Rodriguez,2489 Main St,john.rodriguez12@gmail.com
Jane Martinez,2510 Main St,jane.martinez12@gmail.com
Michael Smith,2531 Main St,michael.smith12@gmail.com
Emily Johnson,2552 Main St,emily.johnson12@gmail.com
Chris Williams,2573 Main St,chris.williams12@gmail.com
Jessica Brown,2594 Main St,jessica.brown12@gmail.com
David Jones,2615 Main St,david.jones12@gmail.com
Sarah Garcia,2636 Main St,sarah.garcia12@gmail.com
James Miller,2657 Main St,james.miller12@gmail.com
Laura Davis,2678 Main St,laura.davis12@gmail.com
John Rodriguez,2699 Main St,john.rodriguez12@gmail.com
Jane Martinez,2720 Main St,jane.martinez12@gmail.com
Michael Smith,2741 Main St,michael.smith12@gmail.com
Emily Johnson,2762 Main St,emily.johnson12@gmail.com
Chris Williams,2783 Main St,chris.williams12@gmail.com
Jessica Brown,2804 Main St,jessica.brown12@gmail.com
David Jones,2825 Main St,david.jones12@gmail.com
Sarah Garcia,2846 Main St,sarah.garcia12@gmail.com
James Miller,2867 Main St,james.miller12@gmail.com
Laura Davis,2888 Main St,laura.davis12@gmail.com
John Rodriguez,2909 Main St,john.rodriguez12@gmail.com
Jane Martinez,2930 Main St,jane.martinez12@gmail.com
Michael Smith,2951 Main St,michael.smith12@gmail.com
Emily Johnson,2972 Main St,emily.johnson12@gmail.com
Chris Williams,2993 Main St,chris.williams12@gmail.com
Jessica Brown,3014 Main St,jessica.brown12@gmail.com
David Jones,3035 Main St,david.jones12@gmail.com
Sarah Garcia,3056 Main St,sarah.garcia12@gmail.com
James Miller,3077 Main St,james.miller12@gmail.com
Laura Davis,3098 Main St,laura.davis12@gmail.com
John Rodriguez,3119 Main St,john.rodriguez12@gmail.com
Jane Martinez,3140 Main St,jane.martinez12@gmail.com
Michael Smith,3161 Main St,michael.smith12@gmail.com
Emily Johnson,3182 Main St,emily.johnson12@gmail.com
Chris Williams,3203 Main St,chris.williams12@gmail.com
Jessica Brown,3224 Main St,jessica.brown12@gmail.com
David Jones,3245 Main St,david.jones12@gmail.com
Sarah Garcia,3266 Main St,sarah.garcia12@gmail.com
James Miller,3287 Main St,james.miller12@gmail.com
Laura Davis,3308 Main St,laura.davis12@gmail.com
John Rodriguez,3329 Main St,john.rodriguez12@gmail.com
Jane Martinez,3350 Main St,jane.martinez12@gmail.com
Michael Smith,3371 Main St,michael.smith12@gmail.com
Emily Johnson,3392 Main St,emily.johnson12@gmail.com
Chris Williams,3413 Main St,chris.williams12@gmail.com
Jessica Brown,3434 Main St,jessica.brown12@gmail.com
David Jones,3455 Main St,david.jones12@gmail.com
Sarah Garcia,3476 Main St,sarah.garcia12@gmail.com
James Miller,3497 Main St,james.miller12@gmail.com
Laura Davis,3518 Main St,laura.davis12@gmail.com
John Rodriguez,3539 Main St,john.rodriguez12@gmail.com
Jane Martinez,3560 Main St,jane.martinez12@gmail.com
Michael Smith,3581 Main St,michael.smith12@gmail.com
Emily Johnson,3602 Main St,emily.johnson12@gmail.com
Chris Williams,3623 Main St,chris.williams12@gmail.com
Jessica Brown,3644 Main St,jessica.brown12@gmail.com
David Jones,3665 Main St,david.jones12@gmail.com
Sarah Garcia,3686 Main St,sarah.garcia12@gmail.com
James Miller,3707 Main St,james.miller12@gmail.com
Laura Davis,3728 Main St,laura.davis12@gmail.com
John Rodriguez,3749 Main St,john.rodriguez12@gmail.com
Jane Martinez,3770 Main St,jane.martinez12@gmail.com
Michael Smith,3791 Main St,michael.smith12@gmail.com
Emily Johnson,3812 Main St,emily.johnson12@gmail.com
Chris Williams,3833 Main St,chris.williams12@gmail.com
Jessica Brown,3854 Main St,jessica.brown12@gmail.com
David Jones,3875 Main St,david.jones12@gmail.com
Sarah Garcia,3896 Main St,sarah.garcia12@gmail.com
James Miller,3917 Main St,james.miller12@gmail.com
Laura Davis,3938 Main St,laura.davis12@gmail.com
John Rodriguez,3959 Main St,john.rodriguez12@gmail.com
Jane Martinez,3980 Main St,jane.martinez12@gmail.com
Michael Smith,4001 Main St,michael.smith12@gmail.com
Emily Johnson,4022 Main St,emily.johnson12@gmail.com
Chris Williams,4043 Main St,chris.williams12@gmail.com
Jessica Brown,4064 Main St,jessica.brown12@gmail.com
David Jones,4085 Main St,david.jones12@gmail.com
Sarah Garcia,4106 Main St,sarah.garcia12@gmail.com
James Miller,4127 Main St,james.miller12@gmail.com
Laura Davis,4148 Main St,laura.davis12@gmail.com
John Rodriguez,4169 Main St,john.rodriguez12@gmail.com
Jane Martinez,4190 Main St,jane.martinez12@gmail.com
Michael Smith,4211 Main St,michael.smith12@gmail.com
Emily Johnson,4232 Main St,emily.johnson12@gmail.com
Chris Williams,4253 Main St,chris.williams12@gmail.com
Jessica Brown,4274 Main St,jessica.brown12@gmail.com
David Jones,4295 Main St,david.jones12@gmail.com
Sarah Garcia,4316 Main St,sarah.garcia12@gmail.com
James Miller,4337 Main St,james.miller12@gmail.com
Laura Davis,4358 Main St,laura.davis12@gmail.com
John Rodriguez,4379 Main St,john.rodriguez12@gmail.com
Jane Martinez,4400 Main St,jane.martinez12@gmail.com
Michael Smith,4421 Main St,michael.smith12@gmail.com
Emily Johnson,4442 Main St,emily.johnson12@gmail.com
Chris Williams,4463 Main St,chris.williams12@gmail.com
Jessica Brown,4484 Main St,jessica.brown12@gmail.com
David Jones,4505 Main St,david.jones12@gmail.com
Sarah Garcia,4526 Main St,sarah.garcia12@gmail.com
James Miller,4547 Main St,james.miller12@gmail.com
Laura Davis,4568 Main St,laura.davis12@gmail.com
John Rodriguez,4589 Main St,john.rodriguez12@gmail.com
Jane Martinez,4610 Main St,jane.martinez12@gmail.com
Michael Smith,4631 Main St,michael.smith12@gmail.com
Emily Johnson,4652 Main St,emily.johnson12@gmail.com
Chris Williams,4673 Main St,chris.williams12@gmail.com
Jessica Brown,4694 Main St,jessica.brown12@gmail.com
David Jones,4715 Main St,david.jones12@gmail.com
Sarah Garcia,4736 Main St,sarah.garcia12@gmail.com
James Miller,4757 Main St,james.miller12@gmail.com
Laura Davis,4778 Main St,laura.davis12@gmail.com
John Rodriguez,4799 Main St,john.rodriguez12@gmail.com
Jane Martinez,4820 Main St,jane.martinez12@gmail.com
Michael Smith,4841 Main St,michael.smith12@gmail.com
Emily Johnson,4862 Main St,emily.johnson12@gmail.com
Chris Williams,4883 Main St,chris.williams12@gmail.com
Jessica Brown,4904 Main St,jessica.brown12@gmail.com
David Jones,4925 Main St,david.jones12@gmail.com
Sarah Garcia,4946 Main St,sarah.garcia12@gmail.com
James Miller,4967 Main St,james.miller12@gmail.com
Laura Davis,4988 Main St,laura.davis12@gmail.com
John Rodriguez,5009 Main St,john.rodriguez12@gmail.com
Jane Martinez,5030 Main St,jane.martinez12@gmail.com
Michael Smith,5051 Main St,michael.smith12@gmail.com
Emily Johnson,5072 Main St,emily.johnson12@gmail.com
Chris Williams,5093 Main St,chris.williams12@gmail.com
Jessica Brown,5114 Main St,jessica.brown12@gmail.com
David Jones,5135 Main St,david.jones12@gmail.com
Sarah Garcia,5156 Main St,sarah.garcia12@gmail.com
James Miller,5177 Main St,james.miller12@gmail.com
Laura Davis,5198 Main St,laura.davis12@gmail.com
John Rodriguez,5219 Main St,john.rodriguez12@gmail.com
Jane Martinez,5240 Main St,jane.martinez12@gmail.com
Michael Smith,5261 Main St,michael.smith12@gmail.com
Emily Johnson,5282 Main St,emily.johnson12@gmail.com
Chris Williams,5303 Main St,chris.williams12@gmail.com
Jessica Brown,5324 Main St,jessica.brown12@gmail.com
David Jones,5345 Main St,david.jones12@gmail.com
Sarah Garcia,5366 Main St,sarah.garcia12@gmail.com
James Miller,5387 Main St,james.miller12@gmail.com
Laura Davis,5408 Main St,laura.davis12@gmail.com
John Rodriguez,5429 Main St,john.rodriguez12@gmail.com
Jane Martinez,5450 Main St,jane.martinez12@gmail.com
Michael Smith,5471 Main St,michael.smith12@gmail.com
Emily Johnson,5492 Main St,emily.johnson12@gmail.com
Chris Williams,5513 Main St,chris.williams12@gmail.com
Jessica Brown,5534 Main St,jessica.brown12@gmail.com
David Jones,5555 Main St,david.jones12@gmail.com
Sarah Garcia,5576 Main St,sarah.garcia12@gmail.com
James Miller,5597 Main St,james.miller12@gmail.com
Laura Davis,5618 Main St,laura.davis12@gmail.com
John Rodriguez,5639 Main St,john.rodriguez12@gmail.com
Jane Martinez,5660 Main St,jane.martinez12@gmail.com
Michael Smith,5681 Main St,michael.smith12@gmail.com
Emily Johnson,5702 Main St,emily.johnson12@gmail.com
Chris Williams,5723 Main St,chris.williams12@gmail.com
Jessica Brown,5744 Main St,jessica.brown12@gmail.com
David Jones,5765 Main St,david.jones12@gmail.com
john Doe,123 Main St,john.doe12@gmail.com
smith     maharjan Doe,123 Main St,smith.doe12@gmail.com
ram Doe,123 Main St,ram.doe12@gmail.com
Full Name,Address,Email
john Doe,123 Main St,john.doe12@gmail.com
smith     maharjan Doe,123 Main St,smith.doe12@gmail.com
ram Doe,123 Main St,ram.doe12@gmail.com
Michael Smith,123 Main St,michael.smith12@gmail.com
Emily Johnson,456 Main St,emily.johnson12@gmail.com
Chris Williams,789 Main St,chris.williams12@gmail.com
Jessica Brown,101 Main St,jessica.brown12@gmail.com
David Jones,112 Main St,david.jones12@gmail.com
Sarah Garcia,131 Main St,sarah.garcia12@gmail.com
James Miller,415 Main St,james.miller12@gmail.com
Laura Davis,161 Main St,laura.davis12@gmail.com
John Rodriguez,718 Main St,john.rodriguez12@gmail.com
Jane Martinez,192 Main St,jane.martinez12@gmail.com
Michael Smith,223 Main St,michael.smith12@gmail.com
Emily Johnson,242 Main St,emily.johnson12@gmail.com
Chris Williams,263 Main St,chris.williams12@gmail.com
Jessica Brown,284 Main St,jessica.brown12@gmail.com
David Jones,305 Main St,david.jones12@gmail.com
Sarah Garcia,326 Main St,sarah.garcia12@gmail.com
James Miller,347 Main St,james.miller12@gmail.com
Laura Davis,368 Main St,laura.davis12@gmail.com
John Rodriguez,389 Main St,john.rodriguez12@gmail.com
Jane Martinez,410 Main St,jane.martinez12@gmail.com
Michael Smith,431 Main St,michael.smith12@gmail.com
Emily Johnson,452 Main St,emily.johnson12@gmail.com
Chris Williams,473 Main St,chris.williams12@gmail.com
Jessica Brown,494 Main St,jessica.brown12@gmail.com
David Jones,515 Main St,david.jones12@gmail.com
Sarah Garcia,536 Main St,sarah.garcia12@gmail.com
James Miller,557 Main St,james.miller12@gmail.com
Laura Davis,578 Main St,laura.davis12@gmail.com
John Rodriguez,599 Main St,john.rodriguez12@gmail.com
Jane Martinez,620 Main St,jane.martinez12@gmail.com
Michael Smith,641 Main St,michael.smith12@gmail.com
Emily Johnson,662 Main St,emily.johnson12@gmail.com
Chris Williams,683 Main St,chris.williams12@gmail.com
Jessica Brown,704 Main St,jessica.brown12@gmail.com
David Jones,725 Main St,david.jones12@gmail.com
Sarah Garcia,746 Main St,sarah.garcia12@gmail.com
James Miller,767 Main St,james.miller12@gmail.com
Laura Davis,788 Main St,laura.davis12@gmail.com
John Rodriguez,809 Main St,john.rodriguez12@gmail.com
Jane Martinez,830 Main St,jane.martinez12@gmail.com
Michael Smith,851 Main St,michael.smith12@gmail.com
Emily Johnson,872 Main St,emily.johnson12@gmail.com
Chris Williams,893 Main St,chris.williams12@gmail.com
Jessica Brown,914 Main St,jessica.brown12@gmail.com
David Jones,935 Main St,david.jones12@gmail.com
Sarah Garcia,956 Main St,sarah.garcia12@gmail.com
James Miller,977 Main St,james.miller12@gmail.com
Laura Davis,998 Main St,laura.davis12@gmail.com
John Rodriguez,1019 Main St,john.rodriguez12@gmail.com
Jane Martinez,1040 Main St,jane.martinez12@gmail.com
Michael Smith,1061 Main St,michael.smith12@gmail.com
Emily Johnson,1082 Main St,emily.johnson12@gmail.com
Chris Williams,1103 Main St,chris.williams12@gmail.com
Jessica Brown,1124 Main St,jessica.brown12@gmail.com
David Jones,1145 Main St,david.jones12@gmail.com
Sarah Garcia,1166 Main St,sarah.garcia12@gmail.com
James Miller,1187 Main St,james.miller12@gmail.com
Laura Davis,1208 Main St,laura.davis12@gmail.com
John Rodriguez,1229 Main St,john.rodriguez12@gmail.com
Jane Martinez,1250 Main St,jane.martinez12@gmail.com
Michael Smith,1271 Main St,michael.smith12@gmail.com
Emily Johnson,1292 Main St,emily.johnson12@gmail.com
Chris Williams,1313 Main St,chris.williams12@gmail.com
Jessica Brown,1334 Main St,jessica.brown12@gmail.com
David Jones,1355 Main St,david.jones12@gmail.com
Sarah Garcia,1376 Main St,sarah.garcia12@gmail.com
James Miller,1397 Main St,james.miller12@gmail.com
Laura Davis,1418 Main St,laura.davis12@gmail.com
John Rodriguez,1439 Main St,john.rodriguez12@gmail.com
Jane Martinez,1460 Main St,jane.martinez12@gmail.com
Michael Smith,1481 Main St,michael.smith12@gmail.com
Emily Johnson,1502 Main St,emily.johnson12@gmail.com
Chris Williams,1523 Main St,chris.williams12@gmail.com
Jessica Brown,1544 Main St,jessica.brown12@gmail.com
David Jones,1565 Main St,david.jones12@gmail.com
Sarah Garcia,1586 Main St,sarah.garcia12@gmail.com
James Miller,1607 Main St,james.miller12@gmail.com
Laura Davis,1628 Main St,laura.davis12@gmail.com
John Rodriguez,1649 Main St,john.rodriguez12@gmail.com
Jane Martinez,1670 Main St,jane.martinez12@gmail.com
Michael Smith,1691 Main St,michael.smith12@gmail.com
Emily Johnson,1712 Main St,emily.johnson12@gmail.com
Chris Williams,1733 Main St,chris.williams12@gmail.com
Jessica Brown,1754 Main St,jessica.brown12@gmail.com
David Jones,1775 Main St,david.jones12@gmail.com
Sarah Garcia,1796 Main St,sarah.garcia12@gmail.com
James Miller,1817 Main St,james.miller12@gmail.com
Laura Davis,1838 Main St,laura.davis12@gmail.com
John Rodriguez,1859 Main St,john.rodriguez12@gmail.com
Jane Martinez,1880 Main St,jane.martinez12@gmail.com
Michael Smith,1901 Main St,michael.smith12@gmail.com
Emily Johnson,1922 Main St,emily.johnson12@gmail.com
Chris Williams,1943 Main St,chris.williams12@gmail.com
Jessica Brown,1964 Main St,jessica.brown12@gmail.com
David Jones,1985 Main St,david.jones12@gmail.com
Sarah Garcia,2006 Main St,sarah.garcia12@gmail.com
James Miller,2027 Main St,james.miller12@gmail.com
Laura Davis,2048 Main St,laura.davis12@gmail.com
John Rodriguez,2069 Main St,john.rodriguez12@gmail.com
Jane Martinez,2090 Main St,jane.martinez12@gmail.com
Michael Smith,2111 Main St,michael.smith12@gmail.com
Emily Johnson,2132 Main St,emily.johnson12@gmail.com
Chris Williams,2153 Main St,chris.williams12@gmail.com
Jessica Brown,2174 Main St,jessica.brown12@gmail.com
David Jones,2195 Main St,david.jones12@gmail.com
Sarah Garcia,2216 Main St,sarah.garcia12@gmail.com
James Miller,2237 Main St,james.miller12@gmail.com
Laura Davis,2258 Main St,laura.davis12@gmail.com
John Rodriguez,2279 Main St,john.rodriguez12@gmail.com
Jane Martinez,2300 Main St,jane.martinez12@gmail.com
Michael Smith,2321 Main St,michael.smith12@gmail.com
Emily Johnson,2342 Main St,emily.johnson12@gmail.com
Chris Williams,2363 Main St,chris.williams12@gmail.com
Jessica Brown,2384 Main St,jessica.brown12@gmail.com
David Jones,2405 Main St,david.jones12@gmail.com
Sarah Garcia,2426 Main St,sarah.garcia12@gmail.com
James Miller,2447 Main St,james.miller12@gmail.com
Laura Davis,2468 Main St,laura.davis12@gmail.com
John Rodriguez,2489 Main St,john.rodriguez12@gmail.com
Jane Martinez,2510 Main St,jane.martinez12@gmail.com
Michael Smith,2531 Main St,michael.smith12@gmail.com
Emily Johnson,2552 Main St,emily.johnson12@gmail.com
Chris Williams,2573 Main St,chris.williams12@gmail.com
Jessica Brown,2594 Main St,jessica.brown12@gmail.com
David Jones,2615 Main St,david.jones12@gmail.com
Sarah Garcia,2636 Main St,sarah.garcia12@gmail.com
James Miller,2657 Main St,james.miller12@gmail.com
Laura Davis,2678 Main St,laura.davis12@gmail.com
John Rodriguez,2699 Main St,john.rodriguez12@gmail.com
Jane Martinez,2720 Main St,jane.martinez12@gmail.com
Michael Smith,2741 Main St,michael.smith12@gmail.com
Emily Johnson,2762 Main St,emily.johnson12@gmail.com
Chris Williams,2783 Main St,chris.williams12@gmail.com
Jessica Brown,2804 Main St,jessica.brown12@gmail.com
David Jones,2825 Main St,david.jones12@gmail.com
Sarah Garcia,2846 Main St,sarah.garcia12@gmail.com
James Miller,2867 Main St,james.miller12@gmail.com
Laura Davis,2888 Main St,laura.davis12@gmail.com
John Rodriguez,2909 Main St,john.rodriguez12@gmail.com
Jane Martinez,2930 Main St,jane.martinez12@gmail.com
Michael Smith,2951 Main St,michael.smith12@gmail.com
Emily Johnson,2972 Main St,emily.johnson12@gmail.com
Chris Williams,2993 Main St,chris.williams12@gmail.com
Jessica Brown,3014 Main St,jessica.brown12@gmail.com
David Jones,3035 Main St,david.jones12@gmail.com
Sarah Garcia,3056 Main St,sarah.garcia12@gmail.com
James Miller,3077 Main St,james.miller12@gmail.com
Laura Davis,3098 Main St,laura.davis12@gmail.com
John Rodriguez,3119 Main St,john.rodriguez12@gmail.com
Jane Martinez,3140 Main St,jane.martinez12@gmail.com
Michael Smith,3161 Main St,michael.smith12@gmail.com
Emily Johnson,3182 Main St,emily.johnson12@gmail.com
Chris Williams,3203 Main St,chris.williams12@gmail.com
Jessica Brown,3224 Main St,jessica.brown12@gmail.com
David Jones,3245 Main St,david.jones12@gmail.com
Sarah Garcia,3266 Main St,sarah.garcia12@gmail.com
James Miller,3287 Main St,james.miller12@gmail.com
Laura Davis,3308 Main St,laura.davis12@gmail.com
John Rodriguez,3329 Main St,john.rodriguez12@gmail.com
Jane Martinez,3350 Main St,jane.martinez12@gmail.com
Michael Smith,3371 Main St,michael.smith12@gmail.com
Emily Johnson,3392 Main St,emily.johnson12@gmail.com
Chris Williams,3413 Main St,chris.williams12@gmail.com
Jessica Brown,3434 Main St,jessica.brown12@gmail.com
David Jones,3455 Main St,david.jones12@gmail.com
Sarah Garcia,3476 Main St,sarah.garcia12@gmail.com
James Miller,3497 Main St,james.miller12@gmail.com
Laura Davis,3518 Main St,laura.davis12@gmail.com
John Rodriguez,3539 Main St,john.rodriguez12@gmail.com
Jane Martinez,3560 Main St,jane.martinez12@gmail.com
Michael Smith,3581 Main St,michael.smith12@gmail.com
Emily Johnson,3602 Main St,emily.johnson12@gmail.com
Chris Williams,3623 Main St,chris.williams12@gmail.com
Jessica Brown,3644 Main St,jessica.brown12@gmail.com
David Jones,3665 Main St,david.jones12@gmail.com
Sarah Garcia,3686 Main St,sarah.garcia12@gmail.com
James Miller,3707 Main St,james.miller12@gmail.com
Laura Davis,3728 Main St,laura.davis12@gmail.com
John Rodriguez,3749 Main St,john.rodriguez12@gmail.com
Jane Martinez,3770 Main St,jane.martinez12@gmail.com
Michael Smith,3791 Main St,michael.smith12@gmail.com
Emily Johnson,3812 Main St,emily.johnson12@gmail.com
Chris Williams,3833 Main St,chris.williams12@gmail.com
Jessica Brown,3854 Main St,jessica.brown12@gmail.com
David Jones,3875 Main St,david.jones12@gmail.com
Sarah Garcia,3896 Main St,sarah.garcia12@gmail.com
James Miller,3917 Main St,james.miller12@gmail.com
Laura Davis,3938 Main St,laura.davis12@gmail.com
John Rodriguez,3959 Main St,john.rodriguez12@gmail.com
Jane Martinez,3980 Main St,jane.martinez12@gmail.com
Michael Smith,4001 Main St,michael.smith12@gmail.com
Emily Johnson,4022 Main St,emily.johnson12@gmail.com
Chris Williams,4043 Main St,chris.williams12@gmail.com
Jessica Brown,4064 Main St,jessica.brown12@gmail.com
David Jones,4085 Main St,david.jones12@gmail.com
Sarah Garcia,4106 Main St,sarah.garcia12@gmail.com
James Miller,4127 Main St,james.miller12@gmail.com
Laura Davis,4148 Main St,laura.davis12@gmail.com
John Rodriguez,4169 Main St,john.rodriguez12@gmail.com
Jane Martinez,4190 Main St,jane.martinez12@gmail.com
Michael Smith,4211 Main St,michael.smith12@gmail.com
Emily Johnson,4232 Main St,emily.johnson12@gmail.com
Chris Williams,4253 Main St,chris.williams12@gmail.com
Jessica Brown,4274 Main St,jessica.brown12@gmail.com
David Jones,4295 Main St,david.jones12@gmail.com
Sarah Garcia,4316 Main St,sarah.garcia12@gmail.com
James Miller,4337 Main St,james.miller12@gmail.com
Laura Davis,4358 Main St,laura.davis12@gmail.com
John Rodriguez,4379 Main St,john.rodriguez12@gmail.com
Jane Martinez,4400 Main St,jane.martinez12@gmail.com
Michael Smith,4421 Main St,michael.smith12@gmail.com
Emily Johnson,4442 Main St,emily.johnson12@gmail.com
Chris Williams,4463 Main St,chris.williams12@gmail.com
Jessica Brown,4484 Main St,jessica.brown12@gmail.com
David Jones,4505 Main St,david.jones12@gmail.com
Sarah Garcia,4526 Main St,sarah.garcia12@gmail.com
James Miller,4547 Main St,james.miller12@gmail.com
Laura Davis,4568 Main St,laura.davis12@gmail.com
John Rodriguez,4589 Main St,john.rodriguez12@gmail.com
Jane Martinez,4610 Main St,jane.martinez12@gmail.com
Michael Smith,4631 Main St,michael.smith12@gmail.com
Emily Johnson,4652 Main St,emily.johnson12@gmail.com
Chris Williams,4673 Main St,chris.williams12@gmail.com
Jessica Brown,4694 Main St,jessica.brown12@gmail.com
David Jones,4715 Main St,david.jones12@gmail.com
Sarah Garcia,4736 Main St,sarah.garcia12@gmail.com
James Miller,4757 Main St,james.miller12@gmail.com
Laura Davis,4778 Main St,laura.davis12@gmail.com
John Rodriguez,4799 Main St,john.rodriguez12@gmail.com
Jane Martinez,4820 Main St,jane.martinez12@gmail.com
Michael Smith,4841 Main St,michael.smith12@gmail.com
Emily Johnson,4862 Main St,emily.johnson12@gmail.com
Chris Williams,4883 Main St,chris.williams12@gmail.com
Jessica Brown,4904 Main St,jessica.brown12@gmail.com
David Jones,4925 Main St,david.jones12@gmail.com
Sarah Garcia,4946 Main St,sarah.garcia12@gmail.com
James Miller,4967 Main St,james.miller12@gmail.com
Laura Davis,4988 Main St,laura.davis12@gmail.com
John Rodriguez,5009 Main St,john.rodriguez12@gmail.com
Jane Martinez,5030 Main St,jane.martinez12@gmail.com
Michael Smith,5051 Main St,michael.smith12@gmail.com
Emily Johnson,5072 Main St,emily.johnson12@gmail.com
Chris Williams,5093 Main St,chris.williams12@gmail.com
Jessica Brown,5114 Main St,jessica.brown12@gmail.com
David Jones,5135 Main St,david.jones12@gmail.com
Sarah Garcia,5156 Main St,sarah.garcia12@gmail.com
James Miller,5177 Main St,james.miller12@gmail.com
Laura Davis,5198 Main St,laura.davis12@gmail.com
John Rodriguez,5219 Main St,john.rodriguez12@gmail.com
Jane Martinez,5240 Main St,jane.martinez12@gmail.com
Michael Smith,5261 Main St,michael.smith12@gmail.com
Emily Johnson,5282 Main St,emily.johnson12@gmail.com
Chris Williams,5303 Main St,chris.williams12@gmail.com
Jessica Brown,5324 Main St,jessica.brown12@gmail.com
David Jones,5345 Main St,david.jones12@gmail.com
Sarah Garcia,5366 Main St,sarah.garcia12@gmail.com
James Miller,5387 Main St,james.miller12@gmail.com
Laura Davis,5408 Main St,laura.davis12@gmail.com
John Rodriguez,5429 Main St,john.rodriguez12@gmail.com
Jane Martinez,5450 Main St,jane.martinez12@gmail.com
Michael Smith,5471 Main St,michael.smith12@gmail.com
Emily Johnson,5492 Main St,emily.johnson12@gmail.com
Chris Williams,5513 Main St,chris.williams12@gmail.com
Jessica Brown,5534 Main St,jessica.brown12@gmail.com
David Jones,5555 Main St,david.jones12@gmail.com
Sarah Garcia,5576 Main St,sarah.garcia12@gmail.com
James Miller,5597 Main St,james.miller12@gmail.com
Laura Davis,5618 Main St,laura.davis12@gmail.com
John Rodriguez,5639 Main St,john.rodriguez12@gmail.com
Jane Martinez,5660 Main St,jane.martinez12@gmail.com
Michael Smith,5681 Main St,michael.smith12@gmail.com
Emily Johnson,5702 Main St,emily.johnson12@gmail.com
Chris Williams,5723 Main St,chris.williams12@gmail.com
Jessica Brown,5744 Main St,jessica.brown12@gmail.com
David Jones,5765 Main St,david.jones12@gmail.com
Sarah GarciaFull Name,Address,Email
john Doe,123 Main St,john.doe12@gmail.com
smith     maharjan Doe,123 Main St,smith.doe12@gmail.com
ram Doe,123 Main St,ram.doe12@gmail.com
Michael Smith,123 Main St,michael.smith12@gmail.com
Emily Johnson,456 Main St,emily.johnson12@gmail.com
Chris Williams,789 Main St,chris.williams12@gmail.com
Jessica Brown,101 Main St,jessica.brown12@gmail.com
David Jones,112 Main St,david.jones12@gmail.com
Sarah Garcia,131 Main St,sarah.garcia12@gmail.com
James Miller,415 Main St,james.miller12@gmail.com
Laura Davis,161 Main St,laura.davis12@gmail.com
John Rodriguez,718 Main St,john.rodriguez12@gmail.com
Jane Martinez,192 Main St,jane.martinez12@gmail.com
Michael Smith,223 Main St,michael.smith12@gmail.com
Emily Johnson,242 Main St,emily.johnson12@gmail.com
Chris Williams,263 Main St,chris.williams12@gmail.com
Jessica Brown,284 Main St,jessica.brown12@gmail.com
David Jones,305 Main St,david.jones12@gmail.com
Sarah Garcia,326 Main St,sarah.garcia12@gmail.com
James Miller,347 Main St,james.miller12@gmail.com
Laura Davis,368 Main St,laura.davis12@gmail.com
John Rodriguez,389 Main St,john.rodriguez12@gmail.com
Jane Martinez,410 Main St,jane.martinez12@gmail.com
Michael Smith,431 Main St,michael.smith12@gmail.com
Emily Johnson,452 Main St,emily.johnson12@gmail.com
Chris Williams,473 Main St,chris.williams12@gmail.com
Jessica Brown,494 Main St,jessica.brown12@gmail.com
David Jones,515 Main St,david.jones12@gmail.com
Sarah Garcia,536 Main St,sarah.garcia12@gmail.com
James Miller,557 Main St,james.miller12@gmail.com
Laura Davis,578 Main St,laura.davis12@gmail.com
John Rodriguez,599 Main St,john.rodriguez12@gmail.com
Jane Martinez,620 Main St,jane.martinez12@gmail.com
Michael Smith,641 Main St,michael.smith12@gmail.com
Emily Johnson,662 Main St,emily.johnson12@gmail.com
Chris Williams,683 Main St,chris.williams12@gmail.com
Jessica Brown,704 Main St,jessica.brown12@gmail.com
David Jones,725 Main St,david.jones12@gmail.com
Sarah Garcia,746 Main St,sarah.garcia12@gmail.com
James Miller,767 Main St,james.miller12@gmail.com
Laura Davis,788 Main St,laura.davis12@gmail.com
John Rodriguez,809 Main St,john.rodriguez12@gmail.com
Jane Martinez,830 Main St,jane.martinez12@gmail.com
Michael Smith,851 Main St,michael.smith12@gmail.com
Emily Johnson,872 Main St,emily.johnson12@gmail.com
Chris Williams,893 Main St,chris.williams12@gmail.com
Jessica Brown,914 Main St,jessica.brown12@gmail.com
David Jones,935 Main St,david.jones12@gmail.com
Sarah Garcia,956 Main St,sarah.garcia12@gmail.com
James Miller,977 Main St,james.miller12@gmail.com
Laura Davis,998 Main St,laura.davis12@gmail.com
John Rodriguez,1019 Main St,john.rodriguez12@gmail.com
Jane Martinez,1040 Main St,jane.martinez12@gmail.com
Michael Smith,1061 Main St,michael.smith12@gmail.com
Emily Johnson,1082 Main St,emily.johnson12@gmail.com
Chris Williams,1103 Main St,chris.williams12@gmail.com
Jessica Brown,1124 Main St,jessica.brown12@gmail.com
David Jones,1145 Main St,david.jones12@gmail.com
Sarah Garcia,1166 Main St,sarah.garcia12@gmail.com
James Miller,1187 Main St,james.miller12@gmail.com
Laura Davis,1208 Main St,laura.davis12@gmail.com
John Rodriguez,1229 Main St,john.rodriguez12@gmail.com
Jane Martinez,1250 Main St,jane.martinez12@gmail.com
Michael Smith,1271 Main St,michael.smith12@gmail.com
Emily Johnson,1292 Main St,emily.johnson12@gmail.com
Chris Williams,1313 Main St,chris.williams12@gmail.com
Jessica Brown,1334 Main St,jessica.brown12@gmail.com
David Jones,1355 Main St,david.jones12@gmail.com
Sarah Garcia,1376 Main St,sarah.garcia12@gmail.com
James Miller,1397 Main St,james.miller12@gmail.com
Laura Davis,1418 Main St,laura.davis12@gmail.com
John Rodriguez,1439 Main St,john.rodriguez12@gmail.com
Jane Martinez,1460 Main St,jane.martinez12@gmail.com
Michael Smith,1481 Main St,michael.smith12@gmail.com
Emily Johnson,1502 Main St,emily.johnson12@gmail.com
Chris Williams,1523 Main St,chris.williams12@gmail.com
Jessica Brown,1544 Main St,jessica.brown12@gmail.com
David Jones,1565 Main St,david.jones12@gmail.com
Sarah Garcia,1586 Main St,sarah.garcia12@gmail.com
James Miller,1607 Main St,james.miller12@gmail.com
Laura Davis,1628 Main St,laura.davis12@gmail.com
John Rodriguez,1649 Main St,john.rodriguez12@gmail.com
Jane Martinez,1670 Main St,jane.martinez12@gmail.com
Michael Smith,1691 Main St,michael.smith12@gmail.com
Emily Johnson,1712 Main St,emily.johnson12@gmail.com
Chris Williams,1733 Main St,chris.williams12@gmail.com
Jessica Brown,1754 Main St,jessica.brown12@gmail.com
David Jones,1775 Main St,david.jones12@gmail.com
Sarah Garcia,1796 Main St,sarah.garcia12@gmail.com
James Miller,1817 Main St,james.miller12@gmail.com
Laura Davis,1838 Main St,laura.davis12@gmail.com
John Rodriguez,1859 Main St,john.rodriguez12@gmail.com
Jane Martinez,1880 Main St,jane.martinez12@gmail.com
Michael Smith,1901 Main St,michael.smith12@gmail.com
Emily Johnson,1922 Main St,emily.johnson12@gmail.com
Chris Williams,1943 Main St,chris.williams12@gmail.com
Jessica Brown,1964 Main St,jessica.brown12@gmail.com
David Jones,1985 Main St,david.jones12@gmail.com
Sarah Garcia,2006 Main St,sarah.garcia12@gmail.com
James Miller,2027 Main St,james.miller12@gmail.com
Laura Davis,2048 Main St,laura.davis12@gmail.com
John Rodriguez,2069 Main St,john.rodriguez12@gmail.com
Jane Martinez,2090 Main St,jane.martinez12@gmail.com
Michael Smith,2111 Main St,michael.smith12@gmail.com
Emily Johnson,2132 Main St,emily.johnson12@gmail.com
Chris Williams,2153 Main St,chris.williams12@gmail.com
Jessica Brown,2174 Main St,jessica.brown12@gmail.com
David Jones,2195 Main St,david.jones12@gmail.com
Sarah Garcia,2216 Main St,sarah.garcia12@gmail.com
James Miller,2237 Main St,james.miller12@gmail.com
Laura Davis,2258 Main St,laura.davis12@gmail.com
John Rodriguez,2279 Main St,john.rodriguez12@gmail.com
Jane Martinez,2300 Main St,jane.martinez12@gmail.com
Michael Smith,2321 Main St,michael.smith12@gmail.com
Emily Johnson,2342 Main St,emily.johnson12@gmail.com
Chris Williams,2363 Main St,chris.williams12@gmail.com
Jessica Brown,2384 Main St,jessica.brown12@gmail.com
David Jones,2405 Main St,david.jones12@gmail.com
Sarah Garcia,2426 Main St,sarah.garcia12@gmail.com
James Miller,2447 Main St,james.miller12@gmail.com
Laura Davis,2468 Main St,laura.davis12@gmail.com
John Rodriguez,2489 Main St,john.rodriguez12@gmail.com
Jane Martinez,2510 Main St,jane.martinez12@gmail.com
Michael Smith,2531 Main St,michael.smith12@gmail.com
Emily Johnson,2552 Main St,emily.johnson12@gmail.com
Chris Williams,2573 Main St,chris.williams12@gmail.com
Jessica Brown,2594 Main St,jessica.brown12@gmail.com
David Jones,2615 Main St,david.jones12@gmail.com
Sarah Garcia,2636 Main St,sarah.garcia12@gmail.com
James Miller,2657 Main St,james.miller12@gmail.com
Laura Davis,2678 Main St,laura.davis12@gmail.com
John Rodriguez,2699 Main St,john.rodriguez12@gmail.com
Jane Martinez,2720 Main St,jane.martinez12@gmail.com
Michael Smith,2741 Main St,michael.smith12@gmail.com
Emily Johnson,2762 Main St,emily.johnson12@gmail.com
Chris Williams,2783 Main St,chris.williams12@gmail.com
Jessica Brown,2804 Main St,jessica.brown12@gmail.com
David Jones,2825 Main St,david.jones12@gmail.com
Sarah Garcia,2846 Main St,sarah.garcia12@gmail.com
James Miller,2867 Main St,james.miller12@gmail.com
Laura Davis,2888 Main St,laura.davis12@gmail.com
John Rodriguez,2909 Main St,john.rodriguez12@gmail.com
Jane Martinez,2930 Main St,jane.martinez12@gmail.com
Michael Smith,2951 Main St,michael.smith12@gmail.com
Emily Johnson,2972 Main St,emily.johnson12@gmail.com
Chris Williams,2993 Main St,chris.williams12@gmail.com
Jessica Brown,3014 Main St,jessica.brown12@gmail.com
David Jones,3035 Main St,david.jones12@gmail.com
Sarah Garcia,3056 Main St,sarah.garcia12@gmail.com
James Miller,3077 Main St,james.miller12@gmail.com
Laura Davis,3098 Main St,laura.davis12@gmail.com
John Rodriguez,3119 Main St,john.rodriguez12@gmail.com
Jane Martinez,3140 Main St,jane.martinez12@gmail.com
Michael Smith,3161 Main St,michael.smith12@gmail.com
Emily Johnson,3182 Main St,emily.johnson12@gmail.com
Chris Williams,3203 Main St,chris.williams12@gmail.com
Jessica Brown,3224 Main St,jessica.brown12@gmail.com
David Jones,3245 Main St,david.jones12@gmail.com
Sarah Garcia,3266 Main St,sarah.garcia12@gmail.com
James Miller,3287 Main St,james.miller12@gmail.com
Laura Davis,3308 Main St,laura.davis12@gmail.com
John Rodriguez,3329 Main St,john.rodriguez12@gmail.com
Jane Martinez,3350 Main St,jane.martinez12@gmail.com
Michael Smith,3371 Main St,michael.smith12@gmail.com
Emily Johnson,3392 Main St,emily.johnson12@gmail.com
Chris Williams,3413 Main St,chris.williams12@gmail.com
Jessica Brown,3434 Main St,jessica.brown12@gmail.com
David Jones,3455 Main St,david.jones12@gmail.com
Sarah Garcia,3476 Main St,sarah.garcia12@gmail.com
James Miller,3497 Main St,james.miller12@gmail.com
Laura Davis,3518 Main St,laura.davis12@gmail.com
John Rodriguez,3539 Main St,john.rodriguez12@gmail.com
Jane Martinez,3560 Main St,jane.martinez12@gmail.com
Michael Smith,3581 Main St,michael.smith12@gmail.com
Emily Johnson,3602 Main St,emily.johnson12@gmail.com
Chris Williams,3623 Main St,chris.williams12@gmail.com
Jessica Brown,3644 Main St,jessica.brown12@gmail.com
David Jones,3665 Main St,david.jones12@gmail.com
Sarah Garcia,3686 Main St,sarah.garcia12@gmail.com
James Miller,3707 Main St,james.miller12@gmail.com
Laura Davis,3728 Main St,laura.davis12@gmail.com
John Rodriguez,3749 Main St,john.rodriguez12@gmail.com
Jane Martinez,3770 Main St,jane.martinez12@gmail.com
Michael Smith,3791 Main St,michael.smith12@gmail.com
Emily Johnson,3812 Main St,emily.johnson12@gmail.com
Chris Williams,3833 Main St,chris.williams12@gmail.com
Jessica Brown,3854 Main St,jessica.brown12@gmail.com
David Jones,3875 Main St,david.jones12@gmail.com
Sarah Garcia,3896 Main St,sarah.garcia12@gmail.com
James Miller,3917 Main St,james.miller12@gmail.com
Laura Davis,3938 Main St,laura.davis12@gmail.com
John Rodriguez,3959 Main St,john.rodriguez12@gmail.com
Jane Martinez,3980 Main St,jane.martinez12@gmail.com
Michael Smith,4001 Main St,michael.smith12@gmail.com
Emily Johnson,4022 Main St,emily.johnson12@gmail.com
Chris Williams,4043 Main St,chris.williams12@gmail.com
Jessica Brown,4064 Main St,jessica.brown12@gmail.com
David Jones,4085 Main St,david.jones12@gmail.com
Sarah Garcia,4106 Main St,sarah.garcia12@gmail.com
James Miller,4127 Main St,james.miller12@gmail.com
Laura Davis,4148 Main St,laura.davis12@gmail.com
John Rodriguez,4169 Main St,john.rodriguez12@gmail.com
Jane Martinez,4190 Main St,jane.martinez12@gmail.com
Michael Smith,4211 Main St,michael.smith12@gmail.com
Emily Johnson,4232 Main St,emily.johnson12@gmail.com
Chris Williams,4253 Main St,chris.williams12@gmail.com
Jessica Brown,4274 Main St,jessica.brown12@gmail.com
David Jones,4295 Main St,david.jones12@gmail.com
Sarah Garcia,4316 Main St,sarah.garcia12@gmail.com
James Miller,4337 Main St,james.miller12@gmail.com
Laura Davis,4358 Main St,laura.davis12@gmail.com
John Rodriguez,4379 Main St,john.rodriguez12@gmail.com
Jane Martinez,4400 Main St,jane.martinez12@gmail.com
Michael Smith,4421 Main St,michael.smith12@gmail.com
Emily Johnson,4442 Main St,emily.johnson12@gmail.com
Chris Williams,4463 Main St,chris.williams12@gmail.com
Jessica Brown,4484 Main St,jessica.brown12@gmail.com
David Jones,4505 Main St,david.jones12@gmail.com
Sarah Garcia,4526 Main St,sarah.garcia12@gmail.com
James Miller,4547 Main St,james.miller12@gmail.com
Laura Davis,4568 Main St,laura.davis12@gmail.com
John Rodriguez,4589 Main St,john.rodriguez12@gmail.com
Jane Martinez,4610 Main St,jane.martinez12@gmail.com
Michael Smith,4631 Main St,michael.smith12@gmail.com
Emily Johnson,4652 Main St,emily.johnson12@gmail.com
Chris Williams,4673 Main St,chris.williams12@gmail.com
Jessica Brown,4694 Main St,jessica.brown12@gmail.com
David Jones,4715 Main St,david.jones12@gmail.com
Sarah Garcia,4736 Main St,sarah.garcia12@gmail.com
James Miller,4757 Main St,james.miller12@gmail.com
Laura Davis,4778 Main St,laura.davis12@gmail.com
John Rodriguez,4799 Main St,john.rodriguez12@gmail.com
Jane Martinez,4820 Main St,jane.martinez12@gmail.com
Michael Smith,4841 Main St,michael.smith12@gmail.com
Emily Johnson,4862 Main St,emily.johnson12@gmail.com
Chris Williams,4883 Main St,chris.williams12@gmail.com
Jessica Brown,4904 Main St,jessica.brown12@gmail.com
David Jones,4925 Main St,david.jones12@gmail.com
Sarah Garcia,4946 Main St,sarah.garcia12@gmail.com
James Miller,4967 Main St,james.miller12@gmail.com
Laura Davis,4988 Main St,laura.davis12@gmail.com
John Rodriguez,5009 Main St,john.rodriguez12@gmail.com
Jane Martinez,5030 Main St,jane.martinez12@gmail.com
Michael Smith,5051 Main St,michael.smith12@gmail.com
Emily Johnson,5072 Main St,emily.johnson12@gmail.com
Chris Williams,5093 Main St,chris.williams12@gmail.com
Jessica Brown,5114 Main St,jessica.brown12@gmail.com
David Jones,5135 Main St,david.jones12@gmail.com
Sarah Garcia,5156 Main St,sarah.garcia12@gmail.com
James Miller,5177 Main St,james.miller12@gmail.com
Laura Davis,5198 Main St,laura.davis12@gmail.com
John Rodriguez,5219 Main St,john.rodriguez12@gmail.com
Jane Martinez,5240 Main St,jane.martinez12@gmail.com
Michael Smith,5261 Main St,michael.smith12@gmail.com
Emily Johnson,5282 Main St,emily.johnson12@gmail.com
Chris Williams,5303 Main St,chris.williams12@gmail.com
Jessica Brown,5324 Main St,jessica.brown12@gmail.com
David Jones,5345 Main St,david.jones12@gmail.com
Sarah Garcia,5366 Main St,sarah.garcia12@gmail.com
James Miller,5387 Main St,james.miller12@gmail.com
Laura Davis,5408 Main St,laura.davis12@gmail.com
John Rodriguez,5429 Main St,john.rodriguez12@gmail.com
Jane Martinez,5450 Main St,jane.martinez12@gmail.com
Michael Smith,5471 Main St,michael.smith12@gmail.com
Emily Johnson,5492 Main St,emily.johnson12@gmail.com
Chris Williams,5513 Main St,chris.williams12@gmail.com
Jessica Brown,5534 Main St,jessica.brown12@gmail.com
David Jones,5555 Main St,david.jones12@gmail.com
Sarah Garcia,5576 Main St,sarah.garcia12@gmail.com
James Miller,5597 Main St,james.miller12@gmail.com
Laura Davis,5618 Main St,laura.davis12@gmail.com
John Rodriguez,5639 Main St,john.rodriguez12@gmail.com
Jane Martinez,5660 Main St,jane.martinez12@gmail.com
Michael Smith,5681 Main St,michael.smith12@gmail.com
Emily Johnson,5702 Main St,emily.johnson12@gmail.com
Chris Williams,5723 Main St,chris.williams12@gmail.com
Jessica Brown,5744 Main St,jessica.brown12@gmail.com
David Jones,5765 Main St,david.jones12@gmail.com
john Doe,123 Main St,john.doe12@gmail.com
smith     maharjan Doe,123 Main St,smith.doe12@gmail.com
ram Doe,123 Main St,ram.doe12@gmail.com
Full Name,Address,Email
john Doe,123 Main St,john.doe12@gmail.com
smith     maharjan Doe,123 Main St,smith.doe12@gmail.com
ram Doe,123 Main St,ram.doe12@gmail.com
Michael Smith,123 Main St,michael.smith12@gmail.com
Emily Johnson,456 Main St,emily.johnson12@gmail.com
Chris Williams,789 Main St,chris.williams12@gmail.com
Jessica Brown,101 Main St,jessica.brown12@gmail.com
David Jones,112 Main St,david.jones12@gmail.com
Sarah Garcia,131 Main St,sarah.garcia12@gmail.com
James Miller,415 Main St,james.miller12@gmail.com
Laura Davis,161 Main St,laura.davis12@gmail.com
John Rodriguez,718 Main St,john.rodriguez12@gmail.com
Jane Martinez,192 Main St,jane.martinez12@gmail.com
Michael Smith,223 Main St,michael.smith12@gmail.com
Emily Johnson,242 Main St,emily.johnson12@gmail.com
Chris Williams,263 Main St,chris.williams12@gmail.com
Jessica Brown,284 Main St,jessica.brown12@gmail.com
David Jones,305 Main St,david.jones12@gmail.com
Sarah Garcia,326 Main St,sarah.garcia12@gmail.com
James Miller,347 Main St,james.miller12@gmail.com
Laura Davis,368 Main St,laura.davis12@gmail.com
John Rodriguez,389 Main St,john.rodriguez12@gmail.com
Jane Martinez,410 Main St,jane.martinez12@gmail.com
Michael Smith,431 Main St,michael.smith12@gmail.com
Emily Johnson,452 Main St,emily.johnson12@gmail.com
Chris Williams,473 Main St,chris.williams12@gmail.com
Jessica Brown,494 Main St,jessica.brown12@gmail.com
David Jones,515 Main St,david.jones12@gmail.com
Sarah Garcia,536 Main St,sarah.garcia12@gmail.com
James Miller,557 Main St,james.miller12@gmail.com
Laura Davis,578 Main St,laura.davis12@gmail.com
John Rodriguez,599 Main St,john.rodriguez12@gmail.com
Jane Martinez,620 Main St,jane.martinez12@gmail.com
Michael Smith,641 Main St,michael.smith12@gmail.com
Emily Johnson,662 Main St,emily.johnson12@gmail.com
Chris Williams,683 Main St,chris.williams12@gmail.com
Jessica Brown,704 Main St,jessica.brown12@gmail.com
David Jones,725 Main St,david.jones12@gmail.com
Sarah Garcia,746 Main St,sarah.garcia12@gmail.com
James Miller,767 Main St,james.miller12@gmail.com
Laura Davis,788 Main St,laura.davis12@gmail.com
John Rodriguez,809 Main St,john.rodriguez12@gmail.com
Jane Martinez,830 Main St,jane.martinez12@gmail.com
Michael Smith,851 Main St,michael.smith12@gmail.com
Emily Johnson,872 Main St,emily.johnson12@gmail.com
Chris Williams,893 Main St,chris.williams12@gmail.com
Jessica Brown,914 Main St,jessica.brown12@gmail.com
David Jones,935 Main St,david.jones12@gmail.com
Sarah Garcia,956 Main St,sarah.garcia12@gmail.com
James Miller,977 Main St,james.miller12@gmail.com
Laura Davis,998 Main St,laura.davis12@gmail.com
John Rodriguez,1019 Main St,john.rodriguez12@gmail.com
Jane Martinez,1040 Main St,jane.martinez12@gmail.com
Michael Smith,1061 Main St,michael.smith12@gmail.com
Emily Johnson,1082 Main St,emily.johnson12@gmail.com
Chris Williams,1103 Main St,chris.williams12@gmail.com
Jessica Brown,1124 Main St,jessica.brown12@gmail.com
David Jones,1145 Main St,david.jones12@gmail.com
Sarah Garcia,1166 Main St,sarah.garcia12@gmail.com
James Miller,1187 Main St,james.miller12@gmail.com
Laura Davis,1208 Main St,laura.davis12@gmail.com
John Rodriguez,1229 Main St,john.rodriguez12@gmail.com
Jane Martinez,1250 Main St,jane.martinez12@gmail.com
Michael Smith,1271 Main St,michael.smith12@gmail.com
Emily Johnson,1292 Main St,emily.johnson12@gmail.com
Chris Williams,1313 Main St,chris.williams12@gmail.com
Jessica Brown,1334 Main St,jessica.brown12@gmail.com
David Jones,1355 Main St,david.jones12@gmail.com
Sarah Garcia,1376 Main St,sarah.garcia12@gmail.com
James Miller,1397 Main St,james.miller12@gmail.com
Laura Davis,1418 Main St,laura.davis12@gmail.com
John Rodriguez,1439 Main St,john.rodriguez12@gmail.com
Jane Martinez,1460 Main St,jane.martinez12@gmail.com
Michael Smith,1481 Main St,michael.smith12@gmail.com
Emily Johnson,1502 Main St,emily.johnson12@gmail.com
Chris Williams,1523 Main St,chris.williams12@gmail.com
Jessica Brown,1544 Main St,jessica.brown12@gmail.com
David Jones,1565 Main St,david.jones12@gmail.com
Sarah Garcia,1586 Main St,sarah.garcia12@gmail.com
James Miller,1607 Main St,james.miller12@gmail.com
Laura Davis,1628 Main St,laura.davis12@gmail.com
John Rodriguez,1649 Main St,john.rodriguez12@gmail.com
Jane Martinez,1670 Main St,jane.martinez12@gmail.com
Michael Smith,1691 Main St,michael.smith12@gmail.com
Emily Johnson,1712 Main St,emily.johnson12@gmail.com
Chris Williams,1733 Main St,chris.williams12@gmail.com
Jessica Brown,1754 Main St,jessica.brown12@gmail.com
David Jones,1775 Main St,david.jones12@gmail.com
Sarah Garcia,1796 Main St,sarah.garcia12@gmail.com
James Miller,1817 Main St,james.miller12@gmail.com
Laura Davis,1838 Main St,laura.davis12@gmail.com
John Rodriguez,1859 Main St,john.rodriguez12@gmail.com
Jane Martinez,1880 Main St,jane.martinez12@gmail.com
Michael Smith,1901 Main St,michael.smith12@gmail.com
Emily Johnson,1922 Main St,emily.johnson12@gmail.com
Chris Williams,1943 Main St,chris.williams12@gmail.com
Jessica Brown,1964 Main St,jessica.brown12@gmail.com
David Jones,1985 Main St,david.jones12@gmail.com
Sarah Garcia,2006 Main St,sarah.garcia12@gmail.com
James Miller,2027 Main St,james.miller12@gmail.com
Laura Davis,2048 Main St,laura.davis12@gmail.com
John Rodriguez,2069 Main St,john.rodriguez12@gmail.com
Jane Martinez,2090 Main St,jane.martinez12@gmail.com
Michael Smith,2111 Main St,michael.smith12@gmail.com
Emily Johnson,2132 Main St,emily.johnson12@gmail.com
Chris Williams,2153 Main St,chris.williams12@gmail.com
Jessica Brown,2174 Main St,jessica.brown12@gmail.com
David Jones,2195 Main St,david.jones12@gmail.com
Sarah Garcia,2216 Main St,sarah.garcia12@gmail.com
James Miller,2237 Main St,james.miller12@gmail.com
Laura Davis,2258 Main St,laura.davis12@gmail.com
John Rodriguez,2279 Main St,john.rodriguez12@gmail.com
Jane Martinez,2300 Main St,jane.martinez12@gmail.com
Michael Smith,2321 Main St,michael.smith12@gmail.com
Emily Johnson,2342 Main St,emily.johnson12@gmail.com
Chris Williams,2363 Main St,chris.williams12@gmail.com
Jessica Brown,2384 Main St,jessica.brown12@gmail.com
David Jones,2405 Main St,david.jones12@gmail.com
Sarah Garcia,2426 Main St,sarah.garcia12@gmail.com
James Miller,2447 Main St,james.miller12@gmail.com
Laura Davis,2468 Main St,laura.davis12@gmail.com
John Rodriguez,2489 Main St,john.rodriguez12@gmail.com
Jane Martinez,2510 Main St,jane.martinez12@gmail.com
Michael Smith,2531 Main St,michael.smith12@gmail.com
Emily Johnson,2552 Main St,emily.johnson12@gmail.com
Chris Williams,2573 Main St,chris.williams12@gmail.com
Jessica Brown,2594 Main St,jessica.brown12@gmail.com
David Jones,2615 Main St,david.jones12@gmail.com
Sarah Garcia,2636 Main St,sarah.garcia12@gmail.com
James Miller,2657 Main St,james.miller12@gmail.com
Laura Davis,2678 Main St,laura.davis12@gmail.com
John Rodriguez,2699 Main St,john.rodriguez12@gmail.com
Jane Martinez,2720 Main St,jane.martinez12@gmail.com
Michael Smith,2741 Main St,michael.smith12@gmail.com
Emily Johnson,2762 Main St,emily.johnson12@gmail.com
Chris Williams,2783 Main St,chris.williams12@gmail.com
Jessica Brown,2804 Main St,jessica.brown12@gmail.com
David Jones,2825 Main St,david.jones12@gmail.com
Sarah Garcia,2846 Main St,sarah.garcia12@gmail.com
James Miller,2867 Main St,james.miller12@gmail.com
Laura Davis,2888 Main St,laura.davis12@gmail.com
John Rodriguez,2909 Main St,john.rodriguez12@gmail.com
Jane Martinez,2930 Main St,jane.martinez12@gmail.com
Michael Smith,2951 Main St,michael.smith12@gmail.com
Emily Johnson,2972 Main St,emily.johnson12@gmail.com
Chris Williams,2993 Main St,chris.williams12@gmail.com
Jessica Brown,3014 Main St,jessica.brown12@gmail.com
David Jones,3035 Main St,david.jones12@gmail.com
Sarah Garcia,3056 Main St,sarah.garcia12@gmail.com
James Miller,3077 Main St,james.miller12@gmail.com
Laura Davis,3098 Main St,laura.davis12@gmail.com
John Rodriguez,3119 Main St,john.rodriguez12@gmail.com
Jane Martinez,3140 Main St,jane.martinez12@gmail.com
Michael Smith,3161 Main St,michael.smith12@gmail.com
Emily Johnson,3182 Main St,emily.johnson12@gmail.com
Chris Williams,3203 Main St,chris.williams12@gmail.com
Jessica Brown,3224 Main St,jessica.brown12@gmail.com
David Jones,3245 Main St,david.jones12@gmail.com
Sarah Garcia,3266 Main St,sarah.garcia12@gmail.com
James Miller,3287 Main St,james.miller12@gmail.com
Laura Davis,3308 Main St,laura.davis12@gmail.com
John Rodriguez,3329 Main St,john.rodriguez12@gmail.com
Jane Martinez,3350 Main St,jane.martinez12@gmail.com
Michael Smith,3371 Main St,michael.smith12@gmail.com
Emily Johnson,3392 Main St,emily.johnson12@gmail.com
Chris Williams,3413 Main St,chris.williams12@gmail.com
Jessica Brown,3434 Main St,jessica.brown12@gmail.com
David Jones,3455 Main St,david.jones12@gmail.com
Sarah Garcia,3476 Main St,sarah.garcia12@gmail.com
James Miller,3497 Main St,james.miller12@gmail.com
Laura Davis,3518 Main St,laura.davis12@gmail.com
John Rodriguez,3539 Main St,john.rodriguez12@gmail.com
Jane Martinez,3560 Main St,jane.martinez12@gmail.com
Michael Smith,3581 Main St,michael.smith12@gmail.com
Emily Johnson,3602 Main St,emily.johnson12@gmail.com
Chris Williams,3623 Main St,chris.williams12@gmail.com
Jessica Brown,3644 Main St,jessica.brown12@gmail.com
David Jones,3665 Main St,david.jones12@gmail.com
Sarah Garcia,3686 Main St,sarah.garcia12@gmail.com
James Miller,3707 Main St,james.miller12@gmail.com
Laura Davis,3728 Main St,laura.davis12@gmail.com
John Rodriguez,3749 Main St,john.rodriguez12@gmail.com
Jane Martinez,3770 Main St,jane.martinez12@gmail.com
Michael Smith,3791 Main St,michael.smith12@gmail.com
Emily Johnson,3812 Main St,emily.johnson12@gmail.com
Chris Williams,3833 Main St,chris.williams12@gmail.com
Jessica Brown,3854 Main St,jessica.brown12@gmail.com
David Jones,3875 Main St,david.jones12@gmail.com
Sarah Garcia,3896 Main St,sarah.garcia12@gmail.com
James Miller,3917 Main St,james.miller12@gmail.com
Laura Davis,3938 Main St,laura.davis12@gmail.com
John Rodriguez,3959 Main St,john.rodriguez12@gmail.com
Jane Martinez,3980 Main St,jane.martinez12@gmail.com
Michael Smith,4001 Main St,michael.smith12@gmail.com
Emily Johnson,4022 Main St,emily.johnson12@gmail.com
Chris Williams,4043 Main St,chris.williams12@gmail.com
Jessica Brown,4064 Main St,jessica.brown12@gmail.com
David Jones,4085 Main St,david.jones12@gmail.com
Sarah Garcia,4106 Main St,sarah.garcia12@gmail.com
James Miller,4127 Main St,james.miller12@gmail.com
Laura Davis,4148 Main St,laura.davis12@gmail.com
John Rodriguez,4169 Main St,john.rodriguez12@gmail.com
Jane Martinez,4190 Main St,jane.martinez12@gmail.com
Michael Smith,4211 Main St,michael.smith12@gmail.com
Emily Johnson,4232 Main St,emily.johnson12@gmail.com
Chris Williams,4253 Main St,chris.williams12@gmail.com
Jessica Brown,4274 Main St,jessica.brown12@gmail.com
David Jones,4295 Main St,david.jones12@gmail.com
Sarah Garcia,4316 Main St,sarah.garcia12@gmail.com
James Miller,4337 Main St,james.miller12@gmail.com
Laura Davis,4358 Main St,laura.davis12@gmail.com
John Rodriguez,4379 Main St,john.rodriguez12@gmail.com
Jane Martinez,4400 Main St,jane.martinez12@gmail.com
Michael Smith,4421 Main St,michael.smith12@gmail.com
Emily Johnson,4442 Main St,emily.johnson12@gmail.com
Chris Williams,4463 Main St,chris.williams12@gmail.com
Jessica Brown,4484 Main St,jessica.brown12@gmail.com
David Jones,4505 Main St,david.jones12@gmail.com
Sarah Garcia,4526 Main St,sarah.garcia12@gmail.com
James Miller,4547 Main St,james.miller12@gmail.com
Laura Davis,4568 Main St,laura.davis12@gmail.com
John Rodriguez,4589 Main St,john.rodriguez12@gmail.com
Jane Martinez,4610 Main St,jane.martinez12@gmail.com
Michael Smith,4631 Main St,michael.smith12@gmail.com
Emily Johnson,4652 Main St,emily.johnson12@gmail.com
Chris Williams,4673 Main St,chris.williams12@gmail.com
Jessica Brown,4694 Main St,jessica.brown12@gmail.com
David Jones,4715 Main St,david.jones12@gmail.com
Sarah Garcia,4736 Main St,sarah.garcia12@gmail.com
James Miller,4757 Main St,james.miller12@gmail.com
Laura Davis,4778 Main St,laura.davis12@gmail.com
John Rodriguez,4799 Main St,john.rodriguez12@gmail.com
Jane Martinez,4820 Main St,jane.martinez12@gmail.com
Michael Smith,4841 Main St,michael.smith12@gmail.com
Emily Johnson,4862 Main St,emily.johnson12@gmail.com
Chris Williams,4883 Main St,chris.williams12@gmail.com
Jessica Brown,4904 Main St,jessica.brown12@gmail.com
David Jones,4925 Main St,david.jones12@gmail.com
Sarah Garcia,4946 Main St,sarah.garcia12@gmail.com
James Miller,4967 Main St,james.miller12@gmail.com
Laura Davis,4988 Main St,laura.davis12@gmail.com
John Rodriguez,5009 Main St,john.rodriguez12@gmail.com
Jane Martinez,5030 Main St,jane.martinez12@gmail.com
Michael Smith,5051 Main St,michael.smith12@gmail.com
Emily Johnson,5072 Main St,emily.johnson12@gmail.com
Chris Williams,5093 Main St,chris.williams12@gmail.com
Jessica Brown,5114 Main St,jessica.brown12@gmail.com
David Jones,5135 Main St,david.jones12@gmail.com
Sarah Garcia,5156 Main St,sarah.garcia12@gmail.com
James Miller,5177 Main St,james.miller12@gmail.com
Laura Davis,5198 Main St,laura.davis12@gmail.com
John Rodriguez,5219 Main St,john.rodriguez12@gmail.com
Jane Martinez,5240 Main St,jane.martinez12@gmail.com
Michael Smith,5261 Main St,michael.smith12@gmail.com
Emily Johnson,5282 Main St,emily.johnson12@gmail.com
Chris Williams,5303 Main St,chris.williams12@gmail.com
Jessica Brown,5324 Main St,jessica.brown12@gmail.com
David Jones,5345 Main St,david.jones12@gmail.com
Sarah Garcia,5366 Main St,sarah.garcia12@gmail.com
James Miller,5387 Main St,james.miller12@gmail.com
Laura Davis,5408 Main St,laura.davis12@gmail.com
John Rodriguez,5429 Main St,john.rodriguez12@gmail.com
Jane Martinez,5450 Main St,jane.martinez12@gmail.com
Michael Smith,5471 Main St,michael.smith12@gmail.com
Emily Johnson,5492 Main St,emily.johnson12@gmail.com
Chris Williams,5513 Main St,chris.williams12@gmail.com
Jessica Brown,5534 Main St,jessica.brown12@gmail.com
David Jones,5555 Main St,david.jones12@gmail.com
Sarah Garcia,5576 Main St,sarah.garcia12@gmail.com
James Miller,5597 Main St,james.miller12@gmail.com
Laura Davis,5618 Main St,laura.davis12@gmail.com
John Rodriguez,5639 Main St,john.rodriguez12@gmail.com
Jane Martinez,5660 Main St,jane.martinez12@gmail.com
Michael Smith,5681 Main St,michael.smith12@gmail.com
Emily Johnson,5702 Main St,emily.johnson12@gmail.com
Chris Williams,5723 Main St,chris.williams12@gmail.com
Jessica Brown,5744 Main St,jessica.brown12@gmail.com
David Jones,5765 Main St,david.jones12@gmail.com
Sarah GarciaFull Name,Address,Email
john Doe,123 Main St,john.doe12@gmail.com
smith     maharjan Doe,123 Main St,smith.doe12@gmail.com
ram Doe,123 Main St,ram.doe12@gmail.com
Michael Smith,123 Main St,michael.smith12@gmail.com
Emily Johnson,456 Main St,emily.johnson12@gmail.com
Chris Williams,789 Main St,chris.williams12@gmail.com
Jessica Brown,101 Main St,jessica.brown12@gmail.com
David Jones,112 Main St,david.jones12@gmail.com
Sarah Garcia,131 Main St,sarah.garcia12@gmail.com
James Miller,415 Main St,james.miller12@gmail.com
Laura Davis,161 Main St,laura.davis12@gmail.com
John Rodriguez,718 Main St,john.rodriguez12@gmail.com
Jane Martinez,192 Main St,jane.martinez12@gmail.com
Michael Smith,223 Main St,michael.smith12@gmail.com
Emily Johnson,242 Main St,emily.johnson12@gmail.com
Chris Williams,263 Main St,chris.williams12@gmail.com
Jessica Brown,284 Main St,jessica.brown12@gmail.com
David Jones,305 Main St,david.jones12@gmail.com
Sarah Garcia,326 Main St,sarah.garcia12@gmail.com
James Miller,347 Main St,james.miller12@gmail.com
Laura Davis,368 Main St,laura.davis12@gmail.com
John Rodriguez,389 Main St,john.rodriguez12@gmail.com
Jane Martinez,410 Main St,jane.martinez12@gmail.com
Michael Smith,431 Main St,michael.smith12@gmail.com
Emily Johnson,452 Main St,emily.johnson12@gmail.com
Chris Williams,473 Main St,chris.williams12@gmail.com
Jessica Brown,494 Main St,jessica.brown12@gmail.com
David Jones,515 Main St,david.jones12@gmail.com
Sarah Garcia,536 Main St,sarah.garcia12@gmail.com
James Miller,557 Main St,james.miller12@gmail.com
Laura Davis,578 Main St,laura.davis12@gmail.com
John Rodriguez,599 Main St,john.rodriguez12@gmail.com
Jane Martinez,620 Main St,jane.martinez12@gmail.com
Michael Smith,641 Main St,michael.smith12@gmail.com
Emily Johnson,662 Main St,emily.johnson12@gmail.com
Chris Williams,683 Main St,chris.williams12@gmail.com
Jessica Brown,704 Main St,jessica.brown12@gmail.com
David Jones,725 Main St,david.jones12@gmail.com
Sarah Garcia,746 Main St,sarah.garcia12@gmail.com
James Miller,767 Main St,james.miller12@gmail.com
Laura Davis,788 Main St,laura.davis12@gmail.com
John Rodriguez,809 Main St,john.rodriguez12@gmail.com
Jane Martinez,830 Main St,jane.martinez12@gmail.com
Michael Smith,851 Main St,michael.smith12@gmail.com
Emily Johnson,872 Main St,emily.johnson12@gmail.com
Chris Williams,893 Main St,chris.williams12@gmail.com
Jessica Brown,914 Main St,jessica.brown12@gmail.com
David Jones,935 Main St,david.jones12@gmail.com
Sarah Garcia,956 Main St,sarah.garcia12@gmail.com
James Miller,977 Main St,james.miller12@gmail.com
Laura Davis,998 Main St,laura.davis12@gmail.com
John Rodriguez,1019 Main St,john.rodriguez12@gmail.com
Jane Martinez,1040 Main St,jane.martinez12@gmail.com
Michael Smith,1061 Main St,michael.smith12@gmail.com
Emily Johnson,1082 Main St,emily.johnson12@gmail.com
Chris Williams,1103 Main St,chris.williams12@gmail.com
Jessica Brown,1124 Main St,jessica.brown12@gmail.com
David Jones,1145 Main St,david.jones12@gmail.com
Sarah Garcia,1166 Main St,sarah.garcia12@gmail.com
James Miller,1187 Main St,james.miller12@gmail.com
Laura Davis,1208 Main St,laura.davis12@gmail.com
John Rodriguez,1229 Main St,john.rodriguez12@gmail.com
Jane Martinez,1250 Main St,jane.martinez12@gmail.com
Michael Smith,1271 Main St,michael.smith12@gmail.com
Emily Johnson,1292 Main St,emily.johnson12@gmail.com
Chris Williams,1313 Main St,chris.williams12@gmail.com
Jessica Brown,1334 Main St,jessica.brown12@gmail.com
David Jones,1355 Main St,david.jones12@gmail.com
Sarah Garcia,1376 Main St,sarah.garcia12@gmail.com
James Miller,1397 Main St,james.miller12@gmail.com
Laura Davis,1418 Main St,laura.davis12@gmail.com
John Rodriguez,1439 Main St,john.rodriguez12@gmail.com
Jane Martinez,1460 Main St,jane.martinez12@gmail.com
Michael Smith,1481 Main St,michael.smith12@gmail.com
Emily Johnson,1502 Main St,emily.johnson12@gmail.com
Chris Williams,1523 Main St,chris.williams12@gmail.com
Jessica Brown,1544 Main St,jessica.brown12@gmail.com
David Jones,1565 Main St,david.jones12@gmail.com
Sarah Garcia,1586 Main St,sarah.garcia12@gmail.com
James Miller,1607 Main St,james.miller12@gmail.com
Laura Davis,1628 Main St,laura.davis12@gmail.com
John Rodriguez,1649 Main St,john.rodriguez12@gmail.com
Jane Martinez,1670 Main St,jane.martinez12@gmail.com
Michael Smith,1691 Main St,michael.smith12@gmail.com
Emily Johnson,1712 Main St,emily.johnson12@gmail.com
Chris Williams,1733 Main St,chris.williams12@gmail.com
Jessica Brown,1754 Main St,jessica.brown12@gmail.com
David Jones,1775 Main St,david.jones12@gmail.com
Sarah Garcia,1796 Main St,sarah.garcia12@gmail.com
James Miller,1817 Main St,james.miller12@gmail.com
Laura Davis,1838 Main St,laura.davis12@gmail.com
John Rodriguez,1859 Main St,john.rodriguez12@gmail.com
Jane Martinez,1880 Main St,jane.martinez12@gmail.com
Michael Smith,1901 Main St,michael.smith12@gmail.com
Emily Johnson,1922 Main St,emily.johnson12@gmail.com
Chris Williams,1943 Main St,chris.williams12@gmail.com
Jessica Brown,1964 Main St,jessica.brown12@gmail.com
David Jones,1985 Main St,david.jones12@gmail.com
Sarah Garcia,2006 Main St,sarah.garcia12@gmail.com
James Miller,2027 Main St,james.miller12@gmail.com
Laura Davis,2048 Main St,laura.davis12@gmail.com
John Rodriguez,2069 Main St,john.rodriguez12@gmail.com
Jane Martinez,2090 Main St,jane.martinez12@gmail.com
Michael Smith,2111 Main St,michael.smith12@gmail.com
Emily Johnson,2132 Main St,emily.johnson12@gmail.com
Chris Williams,2153 Main St,chris.williams12@gmail.com
Jessica Brown,2174 Main St,jessica.brown12@gmail.com
David Jones,2195 Main St,david.jones12@gmail.com
Sarah Garcia,2216 Main St,sarah.garcia12@gmail.com
James Miller,2237 Main St,james.miller12@gmail.com
Laura Davis,2258 Main St,laura.davis12@gmail.com
John Rodriguez,2279 Main St,john.rodriguez12@gmail.com
Jane Martinez,2300 Main St,jane.martinez12@gmail.com
Michael Smith,2321 Main St,michael.smith12@gmail.com
Emily Johnson,2342 Main St,emily.johnson12@gmail.com
Chris Williams,2363 Main St,chris.williams12@gmail.com
Jessica Brown,2384 Main St,jessica.brown12@gmail.com
David Jones,2405 Main St,david.jones12@gmail.com
Sarah Garcia,2426 Main St,sarah.garcia12@gmail.com
James Miller,2447 Main St,james.miller12@gmail.com
Laura Davis,2468 Main St,laura.davis12@gmail.com
John Rodriguez,2489 Main St,john.rodriguez12@gmail.com
Jane Martinez,2510 Main St,jane.martinez12@gmail.com
Michael Smith,2531 Main St,michael.smith12@gmail.com
Emily Johnson,2552 Main St,emily.johnson12@gmail.com
Chris Williams,2573 Main St,chris.williams12@gmail.com
Jessica Brown,2594 Main St,jessica.brown12@gmail.com
David Jones,2615 Main St,david.jones12@gmail.com
Sarah Garcia,2636 Main St,sarah.garcia12@gmail.com
James Miller,2657 Main St,james.miller12@gmail.com
Laura Davis,2678 Main St,laura.davis12@gmail.com
John Rodriguez,2699 Main St,john.rodriguez12@gmail.com
Jane Martinez,2720 Main St,jane.martinez12@gmail.com
Michael Smith,2741 Main St,michael.smith12@gmail.com
Emily Johnson,2762 Main St,emily.johnson12@gmail.com
Chris Williams,2783 Main St,chris.williams12@gmail.com
Jessica Brown,2804 Main St,jessica.brown12@gmail.com
David Jones,2825 Main St,david.jones12@gmail.com
Sarah Garcia,2846 Main St,sarah.garcia12@gmail.com
James Miller,2867 Main St,james.miller12@gmail.com
Laura Davis,2888 Main St,laura.davis12@gmail.com
John Rodriguez,2909 Main St,john.rodriguez12@gmail.com
Jane Martinez,2930 Main St,jane.martinez12@gmail.com
Michael Smith,2951 Main St,michael.smith12@gmail.com
Emily Johnson,2972 Main St,emily.johnson12@gmail.com
Chris Williams,2993 Main St,chris.williams12@gmail.com
Jessica Brown,3014 Main St,jessica.brown12@gmail.com
David Jones,3035 Main St,david.jones12@gmail.com
Sarah Garcia,3056 Main St,sarah.garcia12@gmail.com
James Miller,3077 Main St,james.miller12@gmail.com
Laura Davis,3098 Main St,laura.davis12@gmail.com
John Rodriguez,3119 Main St,john.rodriguez12@gmail.com
Jane Martinez,3140 Main St,jane.martinez12@gmail.com
Michael Smith,3161 Main St,michael.smith12@gmail.com
Emily Johnson,3182 Main St,emily.johnson12@gmail.com
Chris Williams,3203 Main St,chris.williams12@gmail.com
Jessica Brown,3224 Main St,jessica.brown12@gmail.com
David Jones,3245 Main St,david.jones12@gmail.com
Sarah Garcia,3266 Main St,sarah.garcia12@gmail.com
James Miller,3287 Main St,james.miller12@gmail.com
Laura Davis,3308 Main St,laura.davis12@gmail.com
John Rodriguez,3329 Main St,john.rodriguez12@gmail.com
Jane Martinez,3350 Main St,jane.martinez12@gmail.com
Michael Smith,3371 Main St,michael.smith12@gmail.com
Emily Johnson,3392 Main St,emily.johnson12@gmail.com
Chris Williams,3413 Main St,chris.williams12@gmail.com
Jessica Brown,3434 Main St,jessica.brown12@gmail.com
David Jones,3455 Main St,david.jones12@gmail.com
Sarah Garcia,3476 Main St,sarah.garcia12@gmail.com
James Miller,3497 Main St,james.miller12@gmail.com
Laura Davis,3518 Main St,laura.davis12@gmail.com
John Rodriguez,3539 Main St,john.rodriguez12@gmail.com
Jane Martinez,3560 Main St,jane.martinez12@gmail.com
Michael Smith,3581 Main St,michael.smith12@gmail.com
Emily Johnson,3602 Main St,emily.johnson12@gmail.com
Chris Williams,3623 Main St,chris.williams12@gmail.com
Jessica Brown,3644 Main St,jessica.brown12@gmail.com
David Jones,3665 Main St,david.jones12@gmail.com
Sarah Garcia,3686 Main St,sarah.garcia12@gmail.com
James Miller,3707 Main St,james.miller12@gmail.com
Laura Davis,3728 Main St,laura.davis12@gmail.com
John Rodriguez,3749 Main St,john.rodriguez12@gmail.com
Jane Martinez,3770 Main St,jane.martinez12@gmail.com
Michael Smith,3791 Main St,michael.smith12@gmail.com
Emily Johnson,3812 Main St,emily.johnson12@gmail.com
Chris Williams,3833 Main St,chris.williams12@gmail.com
Jessica Brown,3854 Main St,jessica.brown12@gmail.com
David Jones,3875 Main St,david.jones12@gmail.com
Sarah Garcia,3896 Main St,sarah.garcia12@gmail.com
James Miller,3917 Main St,james.miller12@gmail.com
Laura Davis,3938 Main St,laura.davis12@gmail.com
John Rodriguez,3959 Main St,john.rodriguez12@gmail.com
Jane Martinez,3980 Main St,jane.martinez12@gmail.com
Michael Smith,4001 Main St,michael.smith12@gmail.com
Emily Johnson,4022 Main St,emily.johnson12@gmail.com
Chris Williams,4043 Main St,chris.williams12@gmail.com
Jessica Brown,4064 Main St,jessica.brown12@gmail.com
David Jones,4085 Main St,david.jones12@gmail.com
Sarah Garcia,4106 Main St,sarah.garcia12@gmail.com
James Miller,4127 Main St,james.miller12@gmail.com
Laura Davis,4148 Main St,laura.davis12@gmail.com
John Rodriguez,4169 Main St,john.rodriguez12@gmail.com
Jane Martinez,4190 Main St,jane.martinez12@gmail.com
Michael Smith,4211 Main St,michael.smith12@gmail.com
Emily Johnson,4232 Main St,emily.johnson12@gmail.com
Chris Williams,4253 Main St,chris.williams12@gmail.com
Jessica Brown,4274 Main St,jessica.brown12@gmail.com
David Jones,4295 Main St,david.jones12@gmail.com
Sarah Garcia,4316 Main St,sarah.garcia12@gmail.com
James Miller,4337 Main St,james.miller12@gmail.com
Laura Davis,4358 Main St,laura.davis12@gmail.com
John Rodriguez,4379 Main St,john.rodriguez12@gmail.com
Jane Martinez,4400 Main St,jane.martinez12@gmail.com
Michael Smith,4421 Main St,michael.smith12@gmail.com
Emily Johnson,4442 Main St,emily.johnson12@gmail.com
Chris Williams,4463 Main St,chris.williams12@gmail.com
Jessica Brown,4484 Main St,jessica.brown12@gmail.com
David Jones,4505 Main St,david.jones12@gmail.com
Sarah Garcia,4526 Main St,sarah.garcia12@gmail.com
James Miller,4547 Main St,james.miller12@gmail.com
Laura Davis,4568 Main St,laura.davis12@gmail.com
John Rodriguez,4589 Main St,john.rodriguez12@gmail.com
Jane Martinez,4610 Main St,jane.martinez12@gmail.com
Michael Smith,4631 Main St,michael.smith12@gmail.com
Emily Johnson,4652 Main St,emily.johnson12@gmail.com
Chris Williams,4673 Main St,chris.williams12@gmail.com
Jessica Brown,4694 Main St,jessica.brown12@gmail.com
David Jones,4715 Main St,david.jones12@gmail.com
Sarah Garcia,4736 Main St,sarah.garcia12@gmail.com
James Miller,4757 Main St,james.miller12@gmail.com
Laura Davis,4778 Main St,laura.davis12@gmail.com
John Rodriguez,4799 Main St,john.rodriguez12@gmail.com
Jane Martinez,4820 Main St,jane.martinez12@gmail.com
Michael Smith,4841 Main St,michael.smith12@gmail.com
Emily Johnson,4862 Main St,emily.johnson12@gmail.com
Chris Williams,4883 Main St,chris.williams12@gmail.com
Jessica Brown,4904 Main St,jessica.brown12@gmail.com
David Jones,4925 Main St,david.jones12@gmail.com
Sarah Garcia,4946 Main St,sarah.garcia12@gmail.com
James Miller,4967 Main St,james.miller12@gmail.com
Laura Davis,4988 Main St,laura.davis12@gmail.com
John Rodriguez,5009 Main St,john.rodriguez12@gmail.com
Jane Martinez,5030 Main St,jane.martinez12@gmail.com
Michael Smith,5051 Main St,michael.smith12@gmail.com
Emily Johnson,5072 Main St,emily.johnson12@gmail.com
Chris Williams,5093 Main St,chris.williams12@gmail.com
Jessica Brown,5114 Main St,jessica.brown12@gmail.com
David Jones,5135 Main St,david.jones12@gmail.com
Sarah Garcia,5156 Main St,sarah.garcia12@gmail.com
James Miller,5177 Main St,james.miller12@gmail.com
Laura Davis,5198 Main St,laura.davis12@gmail.com
John Rodriguez,5219 Main St,john.rodriguez12@gmail.com
Jane Martinez,5240 Main St,jane.martinez12@gmail.com
Michael Smith,5261 Main St,michael.smith12@gmail.com
Emily Johnson,5282 Main St,emily.johnson12@gmail.com
Chris Williams,5303 Main St,chris.williams12@gmail.com
Jessica Brown,5324 Main St,jessica.brown12@gmail.com
David Jones,5345 Main St,david.jones12@gmail.com
Sarah Garcia,5366 Main St,sarah.garcia12@gmail.com
James Miller,5387 Main St,james.miller12@gmail.com
Laura Davis,5408 Main St,laura.davis12@gmail.com
John Rodriguez,5429 Main St,john.rodriguez12@gmail.com
Jane Martinez,5450 Main St,jane.martinez12@gmail.com
Michael Smith,5471 Main St,michael.smith12@gmail.com
Emily Johnson,5492 Main St,emily.johnson12@gmail.com
Chris Williams,5513 Main St,chris.williams12@gmail.com
Jessica Brown,5534 Main St,jessica.brown12@gmail.com
David Jones,5555 Main St,david.jones12@gmail.com
Sarah Garcia,5576 Main St,sarah.garcia12@gmail.com
James Miller,5597 Main St,james.miller12@gmail.com
Laura Davis,5618 Main St,laura.davis12@gmail.com
John Rodriguez,5639 Main St,john.rodriguez12@gmail.com
Jane Martinez,5660 Main St,jane.martinez12@gmail.com
Michael Smith,5681 Main St,michael.smith12@gmail.com
Emily Johnson,5702 Main St,emily.johnson12@gmail.com
Chris Williams,5723 Main St,chris.williams12@gmail.com
Jessica Brown,5744 Main St,jessica.brown12@gmail.com
David Jones,5765 Main St,david.jones12@gmail.com
john Doe,123 Main St,john.doe12@gmail.com
smith     maharjan Doe,123 Main St,smith.doe12@gmail.com
ram Doe,123 Main St,ram.doe12@gmail.com
Full Name,Address,Email
john Doe,123 Main St,john.doe12@gmail.com
smith     maharjan Doe,123 Main St,smith.doe12@gmail.com
ram Doe,123 Main St,ram.doe12@gmail.com
Michael Smith,123 Main St,michael.smith12@gmail.com
Emily Johnson,456 Main St,emily.johnson12@gmail.com
Chris Williams,789 Main St,chris.williams12@gmail.com
Jessica Brown,101 Main St,jessica.brown12@gmail.com
David Jones,112 Main St,david.jones12@gmail.com
Sarah Garcia,131 Main St,sarah.garcia12@gmail.com
James Miller,415 Main St,james.miller12@gmail.com
Laura Davis,161 Main St,laura.davis12@gmail.com
John Rodriguez,718 Main St,john.rodriguez12@gmail.com
Jane Martinez,192 Main St,jane.martinez12@gmail.com
Michael Smith,223 Main St,michael.smith12@gmail.com
Emily Johnson,242 Main St,emily.johnson12@gmail.com
Chris Williams,263 Main St,chris.williams12@gmail.com
Jessica Brown,284 Main St,jessica.brown12@gmail.com
David Jones,305 Main St,david.jones12@gmail.com
Sarah Garcia,326 Main St,sarah.garcia12@gmail.com
James Miller,347 Main St,james.miller12@gmail.com
Laura Davis,368 Main St,laura.davis12@gmail.com
John Rodriguez,389 Main St,john.rodriguez12@gmail.com
Jane Martinez,410 Main St,jane.martinez12@gmail.com
Michael Smith,431 Main St,michael.smith12@gmail.com
Emily Johnson,452 Main St,emily.johnson12@gmail.com
Chris Williams,473 Main St,chris.williams12@gmail.com
Jessica Brown,494 Main St,jessica.brown12@gmail.com
David Jones,515 Main St,david.jones12@gmail.com
Sarah Garcia,536 Main St,sarah.garcia12@gmail.com
James Miller,557 Main St,james.miller12@gmail.com
Laura Davis,578 Main St,laura.davis12@gmail.com
John Rodriguez,599 Main St,john.rodriguez12@gmail.com
Jane Martinez,620 Main St,jane.martinez12@gmail.com
Michael Smith,641 Main St,michael.smith12@gmail.com
Emily Johnson,662 Main St,emily.johnson12@gmail.com
Chris Williams,683 Main St,chris.williams12@gmail.com
Jessica Brown,704 Main St,jessica.brown12@gmail.com
David Jones,725 Main St,david.jones12@gmail.com
Sarah Garcia,746 Main St,sarah.garcia12@gmail.com
James Miller,767 Main St,james.miller12@gmail.com
Laura Davis,788 Main St,laura.davis12@gmail.com
John Rodriguez,809 Main St,john.rodriguez12@gmail.com
Jane Martinez,830 Main St,jane.martinez12@gmail.com
Michael Smith,851 Main St,michael.smith12@gmail.com
Emily Johnson,872 Main St,emily.johnson12@gmail.com
Chris Williams,893 Main St,chris.williams12@gmail.com
Jessica Brown,914 Main St,jessica.brown12@gmail.com
David Jones,935 Main St,david.jones12@gmail.com
Sarah Garcia,956 Main St,sarah.garcia12@gmail.com
James Miller,977 Main St,james.miller12@gmail.com
Laura Davis,998 Main St,laura.davis12@gmail.com
John Rodriguez,1019 Main St,john.rodriguez12@gmail.com
Jane Martinez,1040 Main St,jane.martinez12@gmail.com
Michael Smith,1061 Main St,michael.smith12@gmail.com
Emily Johnson,1082 Main St,emily.johnson12@gmail.com
Chris Williams,1103 Main St,chris.williams12@gmail.com
Jessica Brown,1124 Main St,jessica.brown12@gmail.com
David Jones,1145 Main St,david.jones12@gmail.com
Sarah Garcia,1166 Main St,sarah.garcia12@gmail.com
James Miller,1187 Main St,james.miller12@gmail.com
Laura Davis,1208 Main St,laura.davis12@gmail.com
John Rodriguez,1229 Main St,john.rodriguez12@gmail.com
Jane Martinez,1250 Main St,jane.martinez12@gmail.com
Michael Smith,1271 Main St,michael.smith12@gmail.com
Emily Johnson,1292 Main St,emily.johnson12@gmail.com
Chris Williams,1313 Main St,chris.williams12@gmail.com
Jessica Brown,1334 Main St,jessica.brown12@gmail.com
David Jones,1355 Main St,david.jones12@gmail.com
Sarah Garcia,1376 Main St,sarah.garcia12@gmail.com
James Miller,1397 Main St,james.miller12@gmail.com
Laura Davis,1418 Main St,laura.davis12@gmail.com
John Rodriguez,1439 Main St,john.rodriguez12@gmail.com
Jane Martinez,1460 Main St,jane.martinez12@gmail.com
Michael Smith,1481 Main St,michael.smith12@gmail.com
Emily Johnson,1502 Main St,emily.johnson12@gmail.com
Chris Williams,1523 Main St,chris.williams12@gmail.com
Jessica Brown,1544 Main St,jessica.brown12@gmail.com
David Jones,1565 Main St,david.jones12@gmail.com
Sarah Garcia,1586 Main St,sarah.garcia12@gmail.com
James Miller,1607 Main St,james.miller12@gmail.com
Laura Davis,1628 Main St,laura.davis12@gmail.com
John Rodriguez,1649 Main St,john.rodriguez12@gmail.com
Jane Martinez,1670 Main St,jane.martinez12@gmail.com
Michael Smith,1691 Main St,michael.smith12@gmail.com
Emily Johnson,1712 Main St,emily.johnson12@gmail.com
Chris Williams,1733 Main St,chris.williams12@gmail.com
Jessica Brown,1754 Main St,jessica.brown12@gmail.com
David Jones,1775 Main St,david.jones12@gmail.com
Sarah Garcia,1796 Main St,sarah.garcia12@gmail.com
James Miller,1817 Main St,james.miller12@gmail.com
Laura Davis,1838 Main St,laura.davis12@gmail.com
John Rodriguez,1859 Main St,john.rodriguez12@gmail.com
Jane Martinez,1880 Main St,jane.martinez12@gmail.com
Michael Smith,1901 Main St,michael.smith12@gmail.com
Emily Johnson,1922 Main St,emily.johnson12@gmail.com
Chris Williams,1943 Main St,chris.williams12@gmail.com
Jessica Brown,1964 Main St,jessica.brown12@gmail.com
David Jones,1985 Main St,david.jones12@gmail.com
Sarah Garcia,2006 Main St,sarah.garcia12@gmail.com
James Miller,2027 Main St,james.miller12@gmail.com
Laura Davis,2048 Main St,laura.davis12@gmail.com
John Rodriguez,2069 Main St,john.rodriguez12@gmail.com
Jane Martinez,2090 Main St,jane.martinez12@gmail.com
Michael Smith,2111 Main St,michael.smith12@gmail.com
Emily Johnson,2132 Main St,emily.johnson12@gmail.com
Chris Williams,2153 Main St,chris.williams12@gmail.com
Jessica Brown,2174 Main St,jessica.brown12@gmail.com
David Jones,2195 Main St,david.jones12@gmail.com
Sarah Garcia,2216 Main St,sarah.garcia12@gmail.com
James Miller,2237 Main St,james.miller12@gmail.com
Laura Davis,2258 Main St,laura.davis12@gmail.com
John Rodriguez,2279 Main St,john.rodriguez12@gmail.com
Jane Martinez,2300 Main St,jane.martinez12@gmail.com
Michael Smith,2321 Main St,michael.smith12@gmail.com
Emily Johnson,2342 Main St,emily.johnson12@gmail.com
Chris Williams,2363 Main St,chris.williams12@gmail.com
Jessica Brown,2384 Main St,jessica.brown12@gmail.com
David Jones,2405 Main St,david.jones12@gmail.com
Sarah Garcia,2426 Main St,sarah.garcia12@gmail.com
James Miller,2447 Main St,james.miller12@gmail.com
Laura Davis,2468 Main St,laura.davis12@gmail.com
John Rodriguez,2489 Main St,john.rodriguez12@gmail.com
Jane Martinez,2510 Main St,jane.martinez12@gmail.com
Michael Smith,2531 Main St,michael.smith12@gmail.com
Emily Johnson,2552 Main St,emily.johnson12@gmail.com
Chris Williams,2573 Main St,chris.williams12@gmail.com
Jessica Brown,2594 Main St,jessica.brown12@gmail.com
David Jones,2615 Main St,david.jones12@gmail.com
Sarah Garcia,2636 Main St,sarah.garcia12@gmail.com
James Miller,2657 Main St,james.miller12@gmail.com
Laura Davis,2678 Main St,laura.davis12@gmail.com
John Rodriguez,2699 Main St,john.rodriguez12@gmail.com
Jane Martinez,2720 Main St,jane.martinez12@gmail.com
Michael Smith,2741 Main St,michael.smith12@gmail.com
Emily Johnson,2762 Main St,emily.johnson12@gmail.com
Chris Williams,2783 Main St,chris.williams12@gmail.com
Jessica Brown,2804 Main St,jessica.brown12@gmail.com
David Jones,2825 Main St,david.jones12@gmail.com
Sarah Garcia,2846 Main St,sarah.garcia12@gmail.com
James Miller,2867 Main St,james.miller12@gmail.com
Laura Davis,2888 Main St,laura.davis12@gmail.com
John Rodriguez,2909 Main St,john.rodriguez12@gmail.com
Jane Martinez,2930 Main St,jane.martinez12@gmail.com
Michael Smith,2951 Main St,michael.smith12@gmail.com
Emily Johnson,2972 Main St,emily.johnson12@gmail.com
Chris Williams,2993 Main St,chris.williams12@gmail.com
Jessica Brown,3014 Main St,jessica.brown12@gmail.com
David Jones,3035 Main St,david.jones12@gmail.com
Sarah Garcia,3056 Main St,sarah.garcia12@gmail.com
James Miller,3077 Main St,james.miller12@gmail.com
Laura Davis,3098 Main St,laura.davis12@gmail.com
John Rodriguez,3119 Main St,john.rodriguez12@gmail.com
Jane Martinez,3140 Main St,jane.martinez12@gmail.com
Michael Smith,3161 Main St,michael.smith12@gmail.com
Emily Johnson,3182 Main St,emily.johnson12@gmail.com
Chris Williams,3203 Main St,chris.williams12@gmail.com
Jessica Brown,3224 Main St,jessica.brown12@gmail.com
David Jones,3245 Main St,david.jones12@gmail.com
Sarah Garcia,3266 Main St,sarah.garcia12@gmail.com
James Miller,3287 Main St,james.miller12@gmail.com
Laura Davis,3308 Main St,laura.davis12@gmail.com
John Rodriguez,3329 Main St,john.rodriguez12@gmail.com
Jane Martinez,3350 Main St,jane.martinez12@gmail.com
Michael Smith,3371 Main St,michael.smith12@gmail.com
Emily Johnson,3392 Main St,emily.johnson12@gmail.com
Chris Williams,3413 Main St,chris.williams12@gmail.com
Jessica Brown,3434 Main St,jessica.brown12@gmail.com
David Jones,3455 Main St,david.jones12@gmail.com
Sarah Garcia,3476 Main St,sarah.garcia12@gmail.com
James Miller,3497 Main St,james.miller12@gmail.com
Laura Davis,3518 Main St,laura.davis12@gmail.com
John Rodriguez,3539 Main St,john.rodriguez12@gmail.com
Jane Martinez,3560 Main St,jane.martinez12@gmail.com
Michael Smith,3581 Main St,michael.smith12@gmail.com
Emily Johnson,3602 Main St,emily.johnson12@gmail.com
Chris Williams,3623 Main St,chris.williams12@gmail.com
Jessica Brown,3644 Main St,jessica.brown12@gmail.com
David Jones,3665 Main St,david.jones12@gmail.com
Sarah Garcia,3686 Main St,sarah.garcia12@gmail.com
James Miller,3707 Main St,james.miller12@gmail.com
Laura Davis,3728 Main St,laura.davis12@gmail.com
John Rodriguez,3749 Main St,john.rodriguez12@gmail.com
Jane Martinez,3770 Main St,jane.martinez12@gmail.com
Michael Smith,3791 Main St,michael.smith12@gmail.com
Emily Johnson,3812 Main St,emily.johnson12@gmail.com
Chris Williams,3833 Main St,chris.williams12@gmail.com
Jessica Brown,3854 Main St,jessica.brown12@gmail.com
David Jones,3875 Main St,david.jones12@gmail.com
Sarah Garcia,3896 Main St,sarah.garcia12@gmail.com
James Miller,3917 Main St,james.miller12@gmail.com
Laura Davis,3938 Main St,laura.davis12@gmail.com
John Rodriguez,3959 Main St,john.rodriguez12@gmail.com
Jane Martinez,3980 Main St,jane.martinez12@gmail.com
Michael Smith,4001 Main St,michael.smith12@gmail.com
Emily Johnson,4022 Main St,emily.johnson12@gmail.com
Chris Williams,4043 Main St,chris.williams12@gmail.com
Jessica Brown,4064 Main St,jessica.brown12@gmail.com
David Jones,4085 Main St,david.jones12@gmail.com
Sarah Garcia,4106 Main St,sarah.garcia12@gmail.com
James Miller,4127 Main St,james.miller12@gmail.com
Laura Davis,4148 Main St,laura.davis12@gmail.com
John Rodriguez,4169 Main St,john.rodriguez12@gmail.com
Jane Martinez,4190 Main St,jane.martinez12@gmail.com
Michael Smith,4211 Main St,michael.smith12@gmail.com
Emily Johnson,4232 Main St,emily.johnson12@gmail.com
Chris Williams,4253 Main St,chris.williams12@gmail.com
Jessica Brown,4274 Main St,jessica.brown12@gmail.com
David Jones,4295 Main St,david.jones12@gmail.com
Sarah Garcia,4316 Main St,sarah.garcia12@gmail.com
James Miller,4337 Main St,james.miller12@gmail.com
Laura Davis,4358 Main St,laura.davis12@gmail.com
John Rodriguez,4379 Main St,john.rodriguez12@gmail.com
Jane Martinez,4400 Main St,jane.martinez12@gmail.com
Michael Smith,4421 Main St,michael.smith12@gmail.com
Emily Johnson,4442 Main St,emily.johnson12@gmail.com
Chris Williams,4463 Main St,chris.williams12@gmail.com
Jessica Brown,4484 Main St,jessica.brown12@gmail.com
David Jones,4505 Main St,david.jones12@gmail.com
Sarah Garcia,4526 Main St,sarah.garcia12@gmail.com
James Miller,4547 Main St,james.miller12@gmail.com
Laura Davis,4568 Main St,laura.davis12@gmail.com
John Rodriguez,4589 Main St,john.rodriguez12@gmail.com
Jane Martinez,4610 Main St,jane.martinez12@gmail.com
Michael Smith,4631 Main St,michael.smith12@gmail.com
Emily Johnson,4652 Main St,emily.johnson12@gmail.com
Chris Williams,4673 Main St,chris.williams12@gmail.com
Jessica Brown,4694 Main St,jessica.brown12@gmail.com
David Jones,4715 Main St,david.jones12@gmail.com
Sarah Garcia,4736 Main St,sarah.garcia12@gmail.com
James Miller,4757 Main St,james.miller12@gmail.com
Laura Davis,4778 Main St,laura.davis12@gmail.com
John Rodriguez,4799 Main St,john.rodriguez12@gmail.com
Jane Martinez,4820 Main St,jane.martinez12@gmail.com
Michael Smith,4841 Main St,michael.smith12@gmail.com
Emily Johnson,4862 Main St,emily.johnson12@gmail.com
Chris Williams,4883 Main St,chris.williams12@gmail.com
Jessica Brown,4904 Main St,jessica.brown12@gmail.com
David Jones,4925 Main St,david.jones12@gmail.com
Sarah Garcia,4946 Main St,sarah.garcia12@gmail.com
James Miller,4967 Main St,james.miller12@gmail.com
Laura Davis,4988 Main St,laura.davis12@gmail.com
John Rodriguez,5009 Main St,john.rodriguez12@gmail.com
Jane Martinez,5030 Main St,jane.martinez12@gmail.com
Michael Smith,5051 Main St,michael.smith12@gmail.com
Emily Johnson,5072 Main St,emily.johnson12@gmail.com
Chris Williams,5093 Main St,chris.williams12@gmail.com
Jessica Brown,5114 Main St,jessica.brown12@gmail.com
David Jones,5135 Main St,david.jones12@gmail.com
Sarah Garcia,5156 Main St,sarah.garcia12@gmail.com
James Miller,5177 Main St,james.miller12@gmail.com
Laura Davis,5198 Main St,laura.davis12@gmail.com
John Rodriguez,5219 Main St,john.rodriguez12@gmail.com
Jane Martinez,5240 Main St,jane.martinez12@gmail.com
Michael Smith,5261 Main St,michael.smith12@gmail.com
Emily Johnson,5282 Main St,emily.johnson12@gmail.com
Chris Williams,5303 Main St,chris.williams12@gmail.com
Jessica Brown,5324 Main St,jessica.brown12@gmail.com
David Jones,5345 Main St,david.jones12@gmail.com
Sarah Garcia,5366 Main St,sarah.garcia12@gmail.com
James Miller,5387 Main St,james.miller12@gmail.com
Laura Davis,5408 Main St,laura.davis12@gmail.com
John Rodriguez,5429 Main St,john.rodriguez12@gmail.com
Jane Martinez,5450 Main St,jane.martinez12@gmail.com
Michael Smith,5471 Main St,michael.smith12@gmail.com
Emily Johnson,5492 Main St,emily.johnson12@gmail.com
Chris Williams,5513 Main St,chris.williams12@gmail.com
Jessica Brown,5534 Main St,jessica.brown12@gmail.com
David Jones,5555 Main St,david.jones12@gmail.com
Sarah Garcia,5576 Main St,sarah.garcia12@gmail.com
James Miller,5597 Main St,james.miller12@gmail.com
Laura Davis,5618 Main St,laura.davis12@gmail.com
John Rodriguez,5639 Main St,john.rodriguez12@gmail.com
Jane Martinez,5660 Main St,jane.martinez12@gmail.com
Michael Smith,5681 Main St,michael.smith12@gmail.com
Emily Johnson,5702 Main St,emily.johnson12@gmail.com
Chris Williams,5723 Main St,chris.williams12@gmail.com
Jessica Brown,5744 Main St,jessica.brown12@gmail.com
David Jones,5765 Main St,david.jones12@gmail.com
Sarah GarciaFull Name,Address,Email
john Doe,123 Main St,john.doe12@gmail.com
smith     maharjan Doe,123 Main St,smith.doe12@gmail.com
ram Doe,123 Main St,ram.doe12@gmail.com
Michael Smith,123 Main St,michael.smith12@gmail.com
Emily Johnson,456 Main St,emily.johnson12@gmail.com
Chris Williams,789 Main St,chris.williams12@gmail.com
Jessica Brown,101 Main St,jessica.brown12@gmail.com
David Jones,112 Main St,david.jones12@gmail.com
Sarah Garcia,131 Main St,sarah.garcia12@gmail.com
James Miller,415 Main St,james.miller12@gmail.com
Laura Davis,161 Main St,laura.davis12@gmail.com
John Rodriguez,718 Main St,john.rodriguez12@gmail.com
Jane Martinez,192 Main St,jane.martinez12@gmail.com
Michael Smith,223 Main St,michael.smith12@gmail.com
Emily Johnson,242 Main St,emily.johnson12@gmail.com
Chris Williams,263 Main St,chris.williams12@gmail.com
Jessica Brown,284 Main St,jessica.brown12@gmail.com
David Jones,305 Main St,david.jones12@gmail.com
Sarah Garcia,326 Main St,sarah.garcia12@gmail.com
James Miller,347 Main St,james.miller12@gmail.com
Laura Davis,368 Main St,laura.davis12@gmail.com
John Rodriguez,389 Main St,john.rodriguez12@gmail.com
Jane Martinez,410 Main St,jane.martinez12@gmail.com
Michael Smith,431 Main St,michael.smith12@gmail.com
Emily Johnson,452 Main St,emily.johnson12@gmail.com
Chris Williams,473 Main St,chris.williams12@gmail.com
Jessica Brown,494 Main St,jessica.brown12@gmail.com
David Jones,515 Main St,david.jones12@gmail.com
Sarah Garcia,536 Main St,sarah.garcia12@gmail.com
James Miller,557 Main St,james.miller12@gmail.com
Laura Davis,578 Main St,laura.davis12@gmail.com
John Rodriguez,599 Main St,john.rodriguez12@gmail.com
Jane Martinez,620 Main St,jane.martinez12@gmail.com
Michael Smith,641 Main St,michael.smith12@gmail.com
Emily Johnson,662 Main St,emily.johnson12@gmail.com
Chris Williams,683 Main St,chris.williams12@gmail.com
Jessica Brown,704 Main St,jessica.brown12@gmail.com
David Jones,725 Main St,david.jones12@gmail.com
Sarah Garcia,746 Main St,sarah.garcia12@gmail.com
James Miller,767 Main St,james.miller12@gmail.com
Laura Davis,788 Main St,laura.davis12@gmail.com
John Rodriguez,809 Main St,john.rodriguez12@gmail.com
Jane Martinez,830 Main St,jane.martinez12@gmail.com
Michael Smith,851 Main St,michael.smith12@gmail.com
Emily Johnson,872 Main St,emily.johnson12@gmail.com
Chris Williams,893 Main St,chris.williams12@gmail.com
Jessica Brown,914 Main St,jessica.brown12@gmail.com
David Jones,935 Main St,david.jones12@gmail.com
Sarah Garcia,956 Main St,sarah.garcia12@gmail.com
James Miller,977 Main St,james.miller12@gmail.com
Laura Davis,998 Main St,laura.davis12@gmail.com
John Rodriguez,1019 Main St,john.rodriguez12@gmail.com
Jane Martinez,1040 Main St,jane.martinez12@gmail.com
Michael Smith,1061 Main St,michael.smith12@gmail.com
Emily Johnson,1082 Main St,emily.johnson12@gmail.com
Chris Williams,1103 Main St,chris.williams12@gmail.com
Jessica Brown,1124 Main St,jessica.brown12@gmail.com
David Jones,1145 Main St,david.jones12@gmail.com
Sarah Garcia,1166 Main St,sarah.garcia12@gmail.com
James Miller,1187 Main St,james.miller12@gmail.com
Laura Davis,1208 Main St,laura.davis12@gmail.com
John Rodriguez,1229 Main St,john.rodriguez12@gmail.com
Jane Martinez,1250 Main St,jane.martinez12@gmail.com
Michael Smith,1271 Main St,michael.smith12@gmail.com
Emily Johnson,1292 Main St,emily.johnson12@gmail.com
Chris Williams,1313 Main St,chris.williams12@gmail.com
Jessica Brown,1334 Main St,jessica.brown12@gmail.com
David Jones,1355 Main St,david.jones12@gmail.com
Sarah Garcia,1376 Main St,sarah.garcia12@gmail.com
James Miller,1397 Main St,james.miller12@gmail.com
Laura Davis,1418 Main St,laura.davis12@gmail.com
John Rodriguez,1439 Main St,john.rodriguez12@gmail.com
Jane Martinez,1460 Main St,jane.martinez12@gmail.com
Michael Smith,1481 Main St,michael.smith12@gmail.com
Emily Johnson,1502 Main St,emily.johnson12@gmail.com
Chris Williams,1523 Main St,chris.williams12@gmail.com
Jessica Brown,1544 Main St,jessica.brown12@gmail.com
David Jones,1565 Main St,david.jones12@gmail.com
Sarah Garcia,1586 Main St,sarah.garcia12@gmail.com
James Miller,1607 Main St,james.miller12@gmail.com
Laura Davis,1628 Main St,laura.davis12@gmail.com
John Rodriguez,1649 Main St,john.rodriguez12@gmail.com
Jane Martinez,1670 Main St,jane.martinez12@gmail.com
Michael Smith,1691 Main St,michael.smith12@gmail.com
Emily Johnson,1712 Main St,emily.johnson12@gmail.com
Chris Williams,1733 Main St,chris.williams12@gmail.com
Jessica Brown,1754 Main St,jessica.brown12@gmail.com
David Jones,1775 Main St,david.jones12@gmail.com
Sarah Garcia,1796 Main St,sarah.garcia12@gmail.com
James Miller,1817 Main St,james.miller12@gmail.com
Laura Davis,1838 Main St,laura.davis12@gmail.com
John Rodriguez,1859 Main St,john.rodriguez12@gmail.com
Jane Martinez,1880 Main St,jane.martinez12@gmail.com
Michael Smith,1901 Main St,michael.smith12@gmail.com
Emily Johnson,1922 Main St,emily.johnson12@gmail.com
Chris Williams,1943 Main St,chris.williams12@gmail.com
Jessica Brown,1964 Main St,jessica.brown12@gmail.com
David Jones,1985 Main St,david.jones12@gmail.com
Sarah Garcia,2006 Main St,sarah.garcia12@gmail.com
James Miller,2027 Main St,james.miller12@gmail.com
Laura Davis,2048 Main St,laura.davis12@gmail.com
John Rodriguez,2069 Main St,john.rodriguez12@gmail.com
Jane Martinez,2090 Main St,jane.martinez12@gmail.com
Michael Smith,2111 Main St,michael.smith12@gmail.com
Emily Johnson,2132 Main St,emily.johnson12@gmail.com
Chris Williams,2153 Main St,chris.williams12@gmail.com
Jessica Brown,2174 Main St,jessica.brown12@gmail.com
David Jones,2195 Main St,david.jones12@gmail.com
Sarah Garcia,2216 Main St,sarah.garcia12@gmail.com
James Miller,2237 Main St,james.miller12@gmail.com
Laura Davis,2258 Main St,laura.davis12@gmail.com
John Rodriguez,2279 Main St,john.rodriguez12@gmail.com
Jane Martinez,2300 Main St,jane.martinez12@gmail.com
Michael Smith,2321 Main St,michael.smith12@gmail.com
Emily Johnson,2342 Main St,emily.johnson12@gmail.com
Chris Williams,2363 Main St,chris.williams12@gmail.com
Jessica Brown,2384 Main St,jessica.brown12@gmail.com
David Jones,2405 Main St,david.jones12@gmail.com
Sarah Garcia,2426 Main St,sarah.garcia12@gmail.com
James Miller,2447 Main St,james.miller12@gmail.com
Laura Davis,2468 Main St,laura.davis12@gmail.com
John Rodriguez,2489 Main St,john.rodriguez12@gmail.com
Jane Martinez,2510 Main St,jane.martinez12@gmail.com
Michael Smith,2531 Main St,michael.smith12@gmail.com
Emily Johnson,2552 Main St,emily.johnson12@gmail.com
Chris Williams,2573 Main St,chris.williams12@gmail.com
Jessica Brown,2594 Main St,jessica.brown12@gmail.com
David Jones,2615 Main St,david.jones12@gmail.com
Sarah Garcia,2636 Main St,sarah.garcia12@gmail.com
James Miller,2657 Main St,james.miller12@gmail.com
Laura Davis,2678 Main St,laura.davis12@gmail.com
John Rodriguez,2699 Main St,john.rodriguez12@gmail.com
Jane Martinez,2720 Main St,jane.martinez12@gmail.com
Michael Smith,2741 Main St,michael.smith12@gmail.com
Emily Johnson,2762 Main St,emily.johnson12@gmail.com
Chris Williams,2783 Main St,chris.williams12@gmail.com
Jessica Brown,2804 Main St,jessica.brown12@gmail.com
David Jones,2825 Main St,david.jones12@gmail.com
Sarah Garcia,2846 Main St,sarah.garcia12@gmail.com
James Miller,2867 Main St,james.miller12@gmail.com
Laura Davis,2888 Main St,laura.davis12@gmail.com
John Rodriguez,2909 Main St,john.rodriguez12@gmail.com
Jane Martinez,2930 Main St,jane.martinez12@gmail.com
Michael Smith,2951 Main St,michael.smith12@gmail.com
Emily Johnson,2972 Main St,emily.johnson12@gmail.com
Chris Williams,2993 Main St,chris.williams12@gmail.com
Jessica Brown,3014 Main St,jessica.brown12@gmail.com
David Jones,3035 Main St,david.jones12@gmail.com
Sarah Garcia,3056 Main St,sarah.garcia12@gmail.com
James Miller,3077 Main St,james.miller12@gmail.com
Laura Davis,3098 Main St,laura.davis12@gmail.com
John Rodriguez,3119 Main St,john.rodriguez12@gmail.com
Jane Martinez,3140 Main St,jane.martinez12@gmail.com
Michael Smith,3161 Main St,michael.smith12@gmail.com
Emily Johnson,3182 Main St,emily.johnson12@gmail.com
Chris Williams,3203 Main St,chris.williams12@gmail.com
Jessica Brown,3224 Main St,jessica.brown12@gmail.com
David Jones,3245 Main St,david.jones12@gmail.com
Sarah Garcia,3266 Main St,sarah.garcia12@gmail.com
James Miller,3287 Main St,james.miller12@gmail.com
Laura Davis,3308 Main St,laura.davis12@gmail.com
John Rodriguez,3329 Main St,john.rodriguez12@gmail.com
Jane Martinez,3350 Main St,jane.martinez12@gmail.com
Michael Smith,3371 Main St,michael.smith12@gmail.com
Emily Johnson,3392 Main St,emily.johnson12@gmail.com
Chris Williams,3413 Main St,chris.williams12@gmail.com
Jessica Brown,3434 Main St,jessica.brown12@gmail.com
David Jones,3455 Main St,david.jones12@gmail.com
Sarah Garcia,3476 Main St,sarah.garcia12@gmail.com
James Miller,3497 Main St,james.miller12@gmail.com
Laura Davis,3518 Main St,laura.davis12@gmail.com
John Rodriguez,3539 Main St,john.rodriguez12@gmail.com
Jane Martinez,3560 Main St,jane.martinez12@gmail.com
Michael Smith,3581 Main St,michael.smith12@gmail.com
Emily Johnson,3602 Main St,emily.johnson12@gmail.com
Chris Williams,3623 Main St,chris.williams12@gmail.com
Jessica Brown,3644 Main St,jessica.brown12@gmail.com
David Jones,3665 Main St,david.jones12@gmail.com
Sarah Garcia,3686 Main St,sarah.garcia12@gmail.com
James Miller,3707 Main St,james.miller12@gmail.com
Laura Davis,3728 Main St,laura.davis12@gmail.com
John Rodriguez,3749 Main St,john.rodriguez12@gmail.com
Jane Martinez,3770 Main St,jane.martinez12@gmail.com
Michael Smith,3791 Main St,michael.smith12@gmail.com
Emily Johnson,3812 Main St,emily.johnson12@gmail.com
Chris Williams,3833 Main St,chris.williams12@gmail.com
Jessica Brown,3854 Main St,jessica.brown12@gmail.com
David Jones,3875 Main St,david.jones12@gmail.com
Sarah Garcia,3896 Main St,sarah.garcia12@gmail.com
James Miller,3917 Main St,james.miller12@gmail.com
Laura Davis,3938 Main St,laura.davis12@gmail.com
John Rodriguez,3959 Main St,john.rodriguez12@gmail.com
Jane Martinez,3980 Main St,jane.martinez12@gmail.com
Michael Smith,4001 Main St,michael.smith12@gmail.com
Emily Johnson,4022 Main St,emily.johnson12@gmail.com
Chris Williams,4043 Main St,chris.williams12@gmail.com
Jessica Brown,4064 Main St,jessica.brown12@gmail.com
David Jones,4085 Main St,david.jones12@gmail.com
Sarah Garcia,4106 Main St,sarah.garcia12@gmail.com
James Miller,4127 Main St,james.miller12@gmail.com
Laura Davis,4148 Main St,laura.davis12@gmail.com
John Rodriguez,4169 Main St,john.rodriguez12@gmail.com
Jane Martinez,4190 Main St,jane.martinez12@gmail.com
Michael Smith,4211 Main St,michael.smith12@gmail.com
Emily Johnson,4232 Main St,emily.johnson12@gmail.com
Chris Williams,4253 Main St,chris.williams12@gmail.com
Jessica Brown,4274 Main St,jessica.brown12@gmail.com
David Jones,4295 Main St,david.jones12@gmail.com
Sarah Garcia,4316 Main St,sarah.garcia12@gmail.com
James Miller,4337 Main St,james.miller12@gmail.com
Laura Davis,4358 Main St,laura.davis12@gmail.com
John Rodriguez,4379 Main St,john.rodriguez12@gmail.com
Jane Martinez,4400 Main St,jane.martinez12@gmail.com
Michael Smith,4421 Main St,michael.smith12@gmail.com
Emily Johnson,4442 Main St,emily.johnson12@gmail.com
Chris Williams,4463 Main St,chris.williams12@gmail.com
Jessica Brown,4484 Main St,jessica.brown12@gmail.com
David Jones,4505 Main St,david.jones12@gmail.com
Sarah Garcia,4526 Main St,sarah.garcia12@gmail.com
James Miller,4547 Main St,james.miller12@gmail.com
Laura Davis,4568 Main St,laura.davis12@gmail.com
John Rodriguez,4589 Main St,john.rodriguez12@gmail.com
Jane Martinez,4610 Main St,jane.martinez12@gmail.com
Michael Smith,4631 Main St,michael.smith12@gmail.com
Emily Johnson,4652 Main St,emily.johnson12@gmail.com
Chris Williams,4673 Main St,chris.williams12@gmail.com
Jessica Brown,4694 Main St,jessica.brown12@gmail.com
David Jones,4715 Main St,david.jones12@gmail.com
Sarah Garcia,4736 Main St,sarah.garcia12@gmail.com
James Miller,4757 Main St,james.miller12@gmail.com
Laura Davis,4778 Main St,laura.davis12@gmail.com
John Rodriguez,4799 Main St,john.rodriguez12@gmail.com
Jane Martinez,4820 Main St,jane.martinez12@gmail.com
Michael Smith,4841 Main St,michael.smith12@gmail.com
Emily Johnson,4862 Main St,emily.johnson12@gmail.com
Chris Williams,4883 Main St,chris.williams12@gmail.com
Jessica Brown,4904 Main St,jessica.brown12@gmail.com
David Jones,4925 Main St,david.jones12@gmail.com
Sarah Garcia,4946 Main St,sarah.garcia12@gmail.com
James Miller,4967 Main St,james.miller12@gmail.com
Laura Davis,4988 Main St,laura.davis12@gmail.com
John Rodriguez,5009 Main St,john.rodriguez12@gmail.com
Jane Martinez,5030 Main St,jane.martinez12@gmail.com
Michael Smith,5051 Main St,michael.smith12@gmail.com
Emily Johnson,5072 Main St,emily.johnson12@gmail.com
Chris Williams,5093 Main St,chris.williams12@gmail.com
Jessica Brown,5114 Main St,jessica.brown12@gmail.com
David Jones,5135 Main St,david.jones12@gmail.com
Sarah Garcia,5156 Main St,sarah.garcia12@gmail.com
James Miller,5177 Main St,james.miller12@gmail.com
Laura Davis,5198 Main St,laura.davis12@gmail.com
John Rodriguez,5219 Main St,john.rodriguez12@gmail.com
Jane Martinez,5240 Main St,jane.martinez12@gmail.com
Michael Smith,5261 Main St,michael.smith12@gmail.com
Emily Johnson,5282 Main St,emily.johnson12@gmail.com
Chris Williams,5303 Main St,chris.williams12@gmail.com
Jessica Brown,5324 Main St,jessica.brown12@gmail.com
David Jones,5345 Main St,david.jones12@gmail.com
Sarah Garcia,5366 Main St,sarah.garcia12@gmail.com
James Miller,5387 Main St,james.miller12@gmail.com
Laura Davis,5408 Main St,laura.davis12@gmail.com
John Rodriguez,5429 Main St,john.rodriguez12@gmail.com
Jane Martinez,5450 Main St,jane.martinez12@gmail.com
Michael Smith,5471 Main St,michael.smith12@gmail.com
Emily Johnson,5492 Main St,emily.johnson12@gmail.com
Chris Williams,5513 Main St,chris.williams12@gmail.com
Jessica Brown,5534 Main St,jessica.brown12@gmail.com
David Jones,5555 Main St,david.jones12@gmail.com
Sarah Garcia,5576 Main St,sarah.garcia12@gmail.com
James Miller,5597 Main St,james.miller12@gmail.com
Laura Davis,5618 Main St,laura.davis12@gmail.com
John Rodriguez,5639 Main St,john.rodriguez12@gmail.com
Jane Martinez,5660 Main St,jane.martinez12@gmail.com
Michael Smith,5681 Main St,michael.smith12@gmail.com
Emily Johnson,5702 Main St,emily.johnson12@gmail.com
Chris Williams,5723 Main St,chris.williams12@gmail.com
Jessica Brown,5744 Main St,jessica.brown12@gmail.com
David Jones,5765 Main St,david.jones12@gmail.com
john Doe,123 Main St,john.doe12@gmail.com
smith     maharjan Doe,123 Main St,smith.doe12@gmail.com
ram Doe,123 Main St,ram.doe12@gmail.com
Full Name,Address,Email
john Doe,123 Main St,john.doe12@gmail.com
smith     maharjan Doe,123 Main St,smith.doe12@gmail.com
ram Doe,123 Main St,ram.doe12@gmail.com
Michael Smith,123 Main St,michael.smith12@gmail.com
Emily Johnson,456 Main St,emily.johnson12@gmail.com
Chris Williams,789 Main St,chris.williams12@gmail.com
Jessica Brown,101 Main St,jessica.brown12@gmail.com
David Jones,112 Main St,david.jones12@gmail.com
Sarah Garcia,131 Main St,sarah.garcia12@gmail.com
James Miller,415 Main St,james.miller12@gmail.com
Laura Davis,161 Main St,laura.davis12@gmail.com
John Rodriguez,718 Main St,john.rodriguez12@gmail.com
Jane Martinez,192 Main St,jane.martinez12@gmail.com
Michael Smith,223 Main St,michael.smith12@gmail.com
Emily Johnson,242 Main St,emily.johnson12@gmail.com
Chris Williams,263 Main St,chris.williams12@gmail.com
Jessica Brown,284 Main St,jessica.brown12@gmail.com
David Jones,305 Main St,david.jones12@gmail.com
Sarah Garcia,326 Main St,sarah.garcia12@gmail.com
James Miller,347 Main St,james.miller12@gmail.com
Laura Davis,368 Main St,laura.davis12@gmail.com
John Rodriguez,389 Main St,john.rodriguez12@gmail.com
Jane Martinez,410 Main St,jane.martinez12@gmail.com
Michael Smith,431 Main St,michael.smith12@gmail.com
Emily Johnson,452 Main St,emily.johnson12@gmail.com
Chris Williams,473 Main St,chris.williams12@gmail.com
Jessica Brown,494 Main St,jessica.brown12@gmail.com
David Jones,515 Main St,david.jones12@gmail.com
Sarah Garcia,536 Main St,sarah.garcia12@gmail.com
James Miller,557 Main St,james.miller12@gmail.com
Laura Davis,578 Main St,laura.davis12@gmail.com
John Rodriguez,599 Main St,john.rodriguez12@gmail.com
Jane Martinez,620 Main St,jane.martinez12@gmail.com
Michael Smith,641 Main St,michael.smith12@gmail.com
Emily Johnson,662 Main St,emily.johnson12@gmail.com
Chris Williams,683 Main St,chris.williams12@gmail.com
Jessica Brown,704 Main St,jessica.brown12@gmail.com
David Jones,725 Main St,david.jones12@gmail.com
Sarah Garcia,746 Main St,sarah.garcia12@gmail.com
James Miller,767 Main St,james.miller12@gmail.com
Laura Davis,788 Main St,laura.davis12@gmail.com
John Rodriguez,809 Main St,john.rodriguez12@gmail.com
Jane Martinez,830 Main St,jane.martinez12@gmail.com
Michael Smith,851 Main St,michael.smith12@gmail.com
Emily Johnson,872 Main St,emily.johnson12@gmail.com
Chris Williams,893 Main St,chris.williams12@gmail.com
Jessica Brown,914 Main St,jessica.brown12@gmail.com
David Jones,935 Main St,david.jones12@gmail.com
Sarah Garcia,956 Main St,sarah.garcia12@gmail.com
James Miller,977 Main St,james.miller12@gmail.com
Laura Davis,998 Main St,laura.davis12@gmail.com
John Rodriguez,1019 Main St,john.rodriguez12@gmail.com
Jane Martinez,1040 Main St,jane.martinez12@gmail.com
Michael Smith,1061 Main St,michael.smith12@gmail.com
Emily Johnson,1082 Main St,emily.johnson12@gmail.com
Chris Williams,1103 Main St,chris.williams12@gmail.com
Jessica Brown,1124 Main St,jessica.brown12@gmail.com
David Jones,1145 Main St,david.jones12@gmail.com
Sarah Garcia,1166 Main St,sarah.garcia12@gmail.com
James Miller,1187 Main St,james.miller12@gmail.com
Laura Davis,1208 Main St,laura.davis12@gmail.com
John Rodriguez,1229 Main St,john.rodriguez12@gmail.com
Jane Martinez,1250 Main St,jane.martinez12@gmail.com
Michael Smith,1271 Main St,michael.smith12@gmail.com
Emily Johnson,1292 Main St,emily.johnson12@gmail.com
Chris Williams,1313 Main St,chris.williams12@gmail.com
Jessica Brown,1334 Main St,jessica.brown12@gmail.com
David Jones,1355 Main St,david.jones12@gmail.com
Sarah Garcia,1376 Main St,sarah.garcia12@gmail.com
James Miller,1397 Main St,james.miller12@gmail.com
Laura Davis,1418 Main St,laura.davis12@gmail.com
John Rodriguez,1439 Main St,john.rodriguez12@gmail.com
Jane Martinez,1460 Main St,jane.martinez12@gmail.com
Michael Smith,1481 Main St,michael.smith12@gmail.com
Emily Johnson,1502 Main St,emily.johnson12@gmail.com
Chris Williams,1523 Main St,chris.williams12@gmail.com
Jessica Brown,1544 Main St,jessica.brown12@gmail.com
David Jones,1565 Main St,david.jones12@gmail.com
Sarah Garcia,1586 Main St,sarah.garcia12@gmail.com
James Miller,1607 Main St,james.miller12@gmail.com
Laura Davis,1628 Main St,laura.davis12@gmail.com
John Rodriguez,1649 Main St,john.rodriguez12@gmail.com
Jane Martinez,1670 Main St,jane.martinez12@gmail.com
Michael Smith,1691 Main St,michael.smith12@gmail.com
Emily Johnson,1712 Main St,emily.johnson12@gmail.com
Chris Williams,1733 Main St,chris.williams12@gmail.com
Jessica Brown,1754 Main St,jessica.brown12@gmail.com
David Jones,1775 Main St,david.jones12@gmail.com
Sarah Garcia,1796 Main St,sarah.garcia12@gmail.com
James Miller,1817 Main St,james.miller12@gmail.com
Laura Davis,1838 Main St,laura.davis12@gmail.com
John Rodriguez,1859 Main St,john.rodriguez12@gmail.com
Jane Martinez,1880 Main St,jane.martinez12@gmail.com
Michael Smith,1901 Main St,michael.smith12@gmail.com
Emily Johnson,1922 Main St,emily.johnson12@gmail.com
Chris Williams,1943 Main St,chris.williams12@gmail.com
Jessica Brown,1964 Main St,jessica.brown12@gmail.com
David Jones,1985 Main St,david.jones12@gmail.com
Sarah Garcia,2006 Main St,sarah.garcia12@gmail.com
James Miller,2027 Main St,james.miller12@gmail.com
Laura Davis,2048 Main St,laura.davis12@gmail.com
John Rodriguez,2069 Main St,john.rodriguez12@gmail.com
Jane Martinez,2090 Main St,jane.martinez12@gmail.com
Michael Smith,2111 Main St,michael.smith12@gmail.com
Emily Johnson,2132 Main St,emily.johnson12@gmail.com
Chris Williams,2153 Main St,chris.williams12@gmail.com
Jessica Brown,2174 Main St,jessica.brown12@gmail.com
David Jones,2195 Main St,david.jones12@gmail.com
Sarah Garcia,2216 Main St,sarah.garcia12@gmail.com
James Miller,2237 Main St,james.miller12@gmail.com
Laura Davis,2258 Main St,laura.davis12@gmail.com
John Rodriguez,2279 Main St,john.rodriguez12@gmail.com
Jane Martinez,2300 Main St,jane.martinez12@gmail.com
Michael Smith,2321 Main St,michael.smith12@gmail.com
Emily Johnson,2342 Main St,emily.johnson12@gmail.com
Chris Williams,2363 Main St,chris.williams12@gmail.com
Jessica Brown,2384 Main St,jessica.brown12@gmail.com
David Jones,2405 Main St,david.jones12@gmail.com
Sarah Garcia,2426 Main St,sarah.garcia12@gmail.com
James Miller,2447 Main St,james.miller12@gmail.com
Laura Davis,2468 Main St,laura.davis12@gmail.com
John Rodriguez,2489 Main St,john.rodriguez12@gmail.com
Jane Martinez,2510 Main St,jane.martinez12@gmail.com
Michael Smith,2531 Main St,michael.smith12@gmail.com
Emily Johnson,2552 Main St,emily.johnson12@gmail.com
Chris Williams,2573 Main St,chris.williams12@gmail.com
Jessica Brown,2594 Main St,jessica.brown12@gmail.com
David Jones,2615 Main St,david.jones12@gmail.com
Sarah Garcia,2636 Main St,sarah.garcia12@gmail.com
James Miller,2657 Main St,james.miller12@gmail.com
Laura Davis,2678 Main St,laura.davis12@gmail.com
John Rodriguez,2699 Main St,john.rodriguez12@gmail.com
Jane Martinez,2720 Main St,jane.martinez12@gmail.com
Michael Smith,2741 Main St,michael.smith12@gmail.com
Emily Johnson,2762 Main St,emily.johnson12@gmail.com
Chris Williams,2783 Main St,chris.williams12@gmail.com
Jessica Brown,2804 Main St,jessica.brown12@gmail.com
David Jones,2825 Main St,david.jones12@gmail.com
Sarah Garcia,2846 Main St,sarah.garcia12@gmail.com
James Miller,2867 Main St,james.miller12@gmail.com
Laura Davis,2888 Main St,laura.davis12@gmail.com
John Rodriguez,2909 Main St,john.rodriguez12@gmail.com
Jane Martinez,2930 Main St,jane.martinez12@gmail.com
Michael Smith,2951 Main St,michael.smith12@gmail.com
Emily Johnson,2972 Main St,emily.johnson12@gmail.com
Chris Williams,2993 Main St,chris.williams12@gmail.com
Jessica Brown,3014 Main St,jessica.brown12@gmail.com
David Jones,3035 Main St,david.jones12@gmail.com
Sarah Garcia,3056 Main St,sarah.garcia12@gmail.com
James Miller,3077 Main St,james.miller12@gmail.com
Laura Davis,3098 Main St,laura.davis12@gmail.com
John Rodriguez,3119 Main St,john.rodriguez12@gmail.com
Jane Martinez,3140 Main St,jane.martinez12@gmail.com
Michael Smith,3161 Main St,michael.smith12@gmail.com
Emily Johnson,3182 Main St,emily.johnson12@gmail.com
Chris Williams,3203 Main St,chris.williams12@gmail.com
Jessica Brown,3224 Main St,jessica.brown12@gmail.com
David Jones,3245 Main St,david.jones12@gmail.com
Sarah Garcia,3266 Main St,sarah.garcia12@gmail.com
James Miller,3287 Main St,james.miller12@gmail.com
Laura Davis,3308 Main St,laura.davis12@gmail.com
John Rodriguez,3329 Main St,john.rodriguez12@gmail.com
Jane Martinez,3350 Main St,jane.martinez12@gmail.com
Michael Smith,3371 Main St,michael.smith12@gmail.com
Emily Johnson,3392 Main St,emily.johnson12@gmail.com
Chris Williams,3413 Main St,chris.williams12@gmail.com
Jessica Brown,3434 Main St,jessica.brown12@gmail.com
David Jones,3455 Main St,david.jones12@gmail.com
Sarah Garcia,3476 Main St,sarah.garcia12@gmail.com
James Miller,3497 Main St,james.miller12@gmail.com
Laura Davis,3518 Main St,laura.davis12@gmail.com
John Rodriguez,3539 Main St,john.rodriguez12@gmail.com
Jane Martinez,3560 Main St,jane.martinez12@gmail.com
Michael Smith,3581 Main St,michael.smith12@gmail.com
Emily Johnson,3602 Main St,emily.johnson12@gmail.com
Chris Williams,3623 Main St,chris.williams12@gmail.com
Jessica Brown,3644 Main St,jessica.brown12@gmail.com
David Jones,3665 Main St,david.jones12@gmail.com
Sarah Garcia,3686 Main St,sarah.garcia12@gmail.com
James Miller,3707 Main St,james.miller12@gmail.com
Laura Davis,3728 Main St,laura.davis12@gmail.com
John Rodriguez,3749 Main St,john.rodriguez12@gmail.com
Jane Martinez,3770 Main St,jane.martinez12@gmail.com
Michael Smith,3791 Main St,michael.smith12@gmail.com
Emily Johnson,3812 Main St,emily.johnson12@gmail.com
Chris Williams,3833 Main St,chris.williams12@gmail.com
Jessica Brown,3854 Main St,jessica.brown12@gmail.com
David Jones,3875 Main St,david.jones12@gmail.com
Sarah Garcia,3896 Main St,sarah.garcia12@gmail.com
James Miller,3917 Main St,james.miller12@gmail.com
Laura Davis,3938 Main St,laura.davis12@gmail.com
John Rodriguez,3959 Main St,john.rodriguez12@gmail.com
Jane Martinez,3980 Main St,jane.martinez12@gmail.com
Michael Smith,4001 Main St,michael.smith12@gmail.com
Emily Johnson,4022 Main St,emily.johnson12@gmail.com
Chris Williams,4043 Main St,chris.williams12@gmail.com
Jessica Brown,4064 Main St,jessica.brown12@gmail.com
David Jones,4085 Main St,david.jones12@gmail.com
Sarah Garcia,4106 Main St,sarah.garcia12@gmail.com
James Miller,4127 Main St,james.miller12@gmail.com
Laura Davis,4148 Main St,laura.davis12@gmail.com
John Rodriguez,4169 Main St,john.rodriguez12@gmail.com
Jane Martinez,4190 Main St,jane.martinez12@gmail.com
Michael Smith,4211 Main St,michael.smith12@gmail.com
Emily Johnson,4232 Main St,emily.johnson12@gmail.com
Chris Williams,4253 Main St,chris.williams12@gmail.com
Jessica Brown,4274 Main St,jessica.brown12@gmail.com
David Jones,4295 Main St,david.jones12@gmail.com
Sarah Garcia,4316 Main St,sarah.garcia12@gmail.com
James Miller,4337 Main St,james.miller12@gmail.com
Laura Davis,4358 Main St,laura.davis12@gmail.com
John Rodriguez,4379 Main St,john.rodriguez12@gmail.com
Jane Martinez,4400 Main St,jane.martinez12@gmail.com
Michael Smith,4421 Main St,michael.smith12@gmail.com
Emily Johnson,4442 Main St,emily.johnson12@gmail.com
Chris Williams,4463 Main St,chris.williams12@gmail.com
Jessica Brown,4484 Main St,jessica.brown12@gmail.com
David Jones,4505 Main St,david.jones12@gmail.com
Sarah Garcia,4526 Main St,sarah.garcia12@gmail.com
James Miller,4547 Main St,james.miller12@gmail.com
Laura Davis,4568 Main St,laura.davis12@gmail.com
John Rodriguez,4589 Main St,john.rodriguez12@gmail.com
Jane Martinez,4610 Main St,jane.martinez12@gmail.com
Michael Smith,4631 Main St,michael.smith12@gmail.com
Emily Johnson,4652 Main St,emily.johnson12@gmail.com
Chris Williams,4673 Main St,chris.williams12@gmail.com
Jessica Brown,4694 Main St,jessica.brown12@gmail.com
David Jones,4715 Main St,david.jones12@gmail.com
Sarah Garcia,4736 Main St,sarah.garcia12@gmail.com
James Miller,4757 Main St,james.miller12@gmail.com
Laura Davis,4778 Main St,laura.davis12@gmail.com
John Rodriguez,4799 Main St,john.rodriguez12@gmail.com
Jane Martinez,4820 Main St,jane.martinez12@gmail.com
Michael Smith,4841 Main St,michael.smith12@gmail.com
Emily Johnson,4862 Main St,emily.johnson12@gmail.com
Chris Williams,4883 Main St,chris.williams12@gmail.com
Jessica Brown,4904 Main St,jessica.brown12@gmail.com
David Jones,4925 Main St,david.jones12@gmail.com
Sarah Garcia,4946 Main St,sarah.garcia12@gmail.com
James Miller,4967 Main St,james.miller12@gmail.com
Laura Davis,4988 Main St,laura.davis12@gmail.com
John Rodriguez,5009 Main St,john.rodriguez12@gmail.com
Jane Martinez,5030 Main St,jane.martinez12@gmail.com
Michael Smith,5051 Main St,michael.smith12@gmail.com
Emily Johnson,5072 Main St,emily.johnson12@gmail.com
Chris Williams,5093 Main St,chris.williams12@gmail.com
Jessica Brown,5114 Main St,jessica.brown12@gmail.com
David Jones,5135 Main St,david.jones12@gmail.com
Sarah Garcia,5156 Main St,sarah.garcia12@gmail.com
James Miller,5177 Main St,james.miller12@gmail.com
Laura Davis,5198 Main St,laura.davis12@gmail.com
John Rodriguez,5219 Main St,john.rodriguez12@gmail.com
Jane Martinez,5240 Main St,jane.martinez12@gmail.com
Michael Smith,5261 Main St,michael.smith12@gmail.com
Emily Johnson,5282 Main St,emily.johnson12@gmail.com
Chris Williams,5303 Main St,chris.williams12@gmail.com
Jessica Brown,5324 Main St,jessica.brown12@gmail.com
David Jones,5345 Main St,david.jones12@gmail.com
Sarah Garcia,5366 Main St,sarah.garcia12@gmail.com
James Miller,5387 Main St,james.miller12@gmail.com
Laura Davis,5408 Main St,laura.davis12@gmail.com
John Rodriguez,5429 Main St,john.rodriguez12@gmail.com
Jane Martinez,5450 Main St,jane.martinez12@gmail.com
Michael Smith,5471 Main St,michael.smith12@gmail.com
Emily Johnson,5492 Main St,emily.johnson12@gmail.com
Chris Williams,5513 Main St,chris.williams12@gmail.com
Jessica Brown,5534 Main St,jessica.brown12@gmail.com
David Jones,5555 Main St,david.jones12@gmail.com
Sarah Garcia,5576 Main St,sarah.garcia12@gmail.com
James Miller,5597 Main St,james.miller12@gmail.com
Laura Davis,5618 Main St,laura.davis12@gmail.com
John Rodriguez,5639 Main St,john.rodriguez12@gmail.com
Jane Martinez,5660 Main St,jane.martinez12@gmail.com
Michael Smith,5681 Main St,michael.smith12@gmail.com
Emily Johnson,5702 Main St,emily.johnson12@gmail.com
Chris Williams,5723 Main St,chris.williams12@gmail.com
Jessica Brown,5744 Main St,jessica.brown12@gmail.com
David Jones,5765 Main St,david.jones12@gmail.com
Sarah GarciaFull Name,Address,Email
john Doe,123 Main St,john.doe12@gmail.com
smith     maharjan Doe,123 Main St,smith.doe12@gmail.com
ram Doe,123 Main St,ram.doe12@gmail.com
Michael Smith,123 Main St,michael.smith12@gmail.com
Emily Johnson,456 Main St,emily.johnson12@gmail.com
Chris Williams,789 Main St,chris.williams12@gmail.com
Jessica Brown,101 Main St,jessica.brown12@gmail.com
David Jones,112 Main St,david.jones12@gmail.com
Sarah Garcia,131 Main St,sarah.garcia12@gmail.com
James Miller,415 Main St,james.miller12@gmail.com
Laura Davis,161 Main St,laura.davis12@gmail.com
John Rodriguez,718 Main St,john.rodriguez12@gmail.com
Jane Martinez,192 Main St,jane.martinez12@gmail.com
Michael Smith,223 Main St,michael.smith12@gmail.com
Emily Johnson,242 Main St,emily.johnson12@gmail.com
Chris Williams,263 Main St,chris.williams12@gmail.com
Jessica Brown,284 Main St,jessica.brown12@gmail.com
David Jones,305 Main St,david.jones12@gmail.com
Sarah Garcia,326 Main St,sarah.garcia12@gmail.com
James Miller,347 Main St,james.miller12@gmail.com
Laura Davis,368 Main St,laura.davis12@gmail.com
John Rodriguez,389 Main St,john.rodriguez12@gmail.com
Jane Martinez,410 Main St,jane.martinez12@gmail.com
Michael Smith,431 Main St,michael.smith12@gmail.com
Emily Johnson,452 Main St,emily.johnson12@gmail.com
Chris Williams,473 Main St,chris.williams12@gmail.com
Jessica Brown,494 Main St,jessica.brown12@gmail.com
David Jones,515 Main St,david.jones12@gmail.com
Sarah Garcia,536 Main St,sarah.garcia12@gmail.com
James Miller,557 Main St,james.miller12@gmail.com
Laura Davis,578 Main St,laura.davis12@gmail.com
John Rodriguez,599 Main St,john.rodriguez12@gmail.com
Jane Martinez,620 Main St,jane.martinez12@gmail.com
Michael Smith,641 Main St,michael.smith12@gmail.com
Emily Johnson,662 Main St,emily.johnson12@gmail.com
Chris Williams,683 Main St,chris.williams12@gmail.com
Jessica Brown,704 Main St,jessica.brown12@gmail.com
David Jones,725 Main St,david.jones12@gmail.com
Sarah Garcia,746 Main St,sarah.garcia12@gmail.com
James Miller,767 Main St,james.miller12@gmail.com
Laura Davis,788 Main St,laura.davis12@gmail.com
John Rodriguez,809 Main St,john.rodriguez12@gmail.com
Jane Martinez,830 Main St,jane.martinez12@gmail.com
Michael Smith,851 Main St,michael.smith12@gmail.com
Emily Johnson,872 Main St,emily.johnson12@gmail.com
Chris Williams,893 Main St,chris.williams12@gmail.com
Jessica Brown,914 Main St,jessica.brown12@gmail.com
David Jones,935 Main St,david.jones12@gmail.com
Sarah Garcia,956 Main St,sarah.garcia12@gmail.com
James Miller,977 Main St,james.miller12@gmail.com
Laura Davis,998 Main St,laura.davis12@gmail.com
John Rodriguez,1019 Main St,john.rodriguez12@gmail.com
Jane Martinez,1040 Main St,jane.martinez12@gmail.com
Michael Smith,1061 Main St,michael.smith12@gmail.com
Emily Johnson,1082 Main St,emily.johnson12@gmail.com
Chris Williams,1103 Main St,chris.williams12@gmail.com
Jessica Brown,1124 Main St,jessica.brown12@gmail.com
David Jones,1145 Main St,david.jones12@gmail.com
Sarah Garcia,1166 Main St,sarah.garcia12@gmail.com
James Miller,1187 Main St,james.miller12@gmail.com
Laura Davis,1208 Main St,laura.davis12@gmail.com
John Rodriguez,1229 Main St,john.rodriguez12@gmail.com
Jane Martinez,1250 Main St,jane.martinez12@gmail.com
Michael Smith,1271 Main St,michael.smith12@gmail.com
Emily Johnson,1292 Main St,emily.johnson12@gmail.com
Chris Williams,1313 Main St,chris.williams12@gmail.com
Jessica Brown,1334 Main St,jessica.brown12@gmail.com
David Jones,1355 Main St,david.jones12@gmail.com
Sarah Garcia,1376 Main St,sarah.garcia12@gmail.com
James Miller,1397 Main St,james.miller12@gmail.com
Laura Davis,1418 Main St,laura.davis12@gmail.com
John Rodriguez,1439 Main St,john.rodriguez12@gmail.com
Jane Martinez,1460 Main St,jane.martinez12@gmail.com
Michael Smith,1481 Main St,michael.smith12@gmail.com
Emily Johnson,1502 Main St,emily.johnson12@gmail.com
Chris Williams,1523 Main St,chris.williams12@gmail.com
Jessica Brown,1544 Main St,jessica.brown12@gmail.com
David Jones,1565 Main St,david.jones12@gmail.com
Sarah Garcia,1586 Main St,sarah.garcia12@gmail.com
James Miller,1607 Main St,james.miller12@gmail.com
Laura Davis,1628 Main St,laura.davis12@gmail.com
John Rodriguez,1649 Main St,john.rodriguez12@gmail.com
Jane Martinez,1670 Main St,jane.martinez12@gmail.com
Michael Smith,1691 Main St,michael.smith12@gmail.com
Emily Johnson,1712 Main St,emily.johnson12@gmail.com
Chris Williams,1733 Main St,chris.williams12@gmail.com
Jessica Brown,1754 Main St,jessica.brown12@gmail.com
David Jones,1775 Main St,david.jones12@gmail.com
Sarah Garcia,1796 Main St,sarah.garcia12@gmail.com
James Miller,1817 Main St,james.miller12@gmail.com
Laura Davis,1838 Main St,laura.davis12@gmail.com
John Rodriguez,1859 Main St,john.rodriguez12@gmail.com
Jane Martinez,1880 Main St,jane.martinez12@gmail.com
Michael Smith,1901 Main St,michael.smith12@gmail.com
Emily Johnson,1922 Main St,emily.johnson12@gmail.com
Chris Williams,1943 Main St,chris.williams12@gmail.com
Jessica Brown,1964 Main St,jessica.brown12@gmail.com
David Jones,1985 Main St,david.jones12@gmail.com
Sarah Garcia,2006 Main St,sarah.garcia12@gmail.com
James Miller,2027 Main St,james.miller12@gmail.com
Laura Davis,2048 Main St,laura.davis12@gmail.com
John Rodriguez,2069 Main St,john.rodriguez12@gmail.com
Jane Martinez,2090 Main St,jane.martinez12@gmail.com
Michael Smith,2111 Main St,michael.smith12@gmail.com
Emily Johnson,2132 Main St,emily.johnson12@gmail.com
Chris Williams,2153 Main St,chris.williams12@gmail.com
Jessica Brown,2174 Main St,jessica.brown12@gmail.com
David Jones,2195 Main St,david.jones12@gmail.com
Sarah Garcia,2216 Main St,sarah.garcia12@gmail.com
James Miller,2237 Main St,james.miller12@gmail.com
Laura Davis,2258 Main St,laura.davis12@gmail.com
John Rodriguez,2279 Main St,john.rodriguez12@gmail.com
Jane Martinez,2300 Main St,jane.martinez12@gmail.com
Michael Smith,2321 Main St,michael.smith12@gmail.com
Emily Johnson,2342 Main St,emily.johnson12@gmail.com
Chris Williams,2363 Main St,chris.williams12@gmail.com
Jessica Brown,2384 Main St,jessica.brown12@gmail.com
David Jones,2405 Main St,david.jones12@gmail.com
Sarah Garcia,2426 Main St,sarah.garcia12@gmail.com
James Miller,2447 Main St,james.miller12@gmail.com
Laura Davis,2468 Main St,laura.davis12@gmail.com
John Rodriguez,2489 Main St,john.rodriguez12@gmail.com
Jane Martinez,2510 Main St,jane.martinez12@gmail.com
Michael Smith,2531 Main St,michael.smith12@gmail.com
Emily Johnson,2552 Main St,emily.johnson12@gmail.com
Chris Williams,2573 Main St,chris.williams12@gmail.com
Jessica Brown,2594 Main St,jessica.brown12@gmail.com
David Jones,2615 Main St,david.jones12@gmail.com
Sarah Garcia,2636 Main St,sarah.garcia12@gmail.com
James Miller,2657 Main St,james.miller12@gmail.com
Laura Davis,2678 Main St,laura.davis12@gmail.com
John Rodriguez,2699 Main St,john.rodriguez12@gmail.com
Jane Martinez,2720 Main St,jane.martinez12@gmail.com
Michael Smith,2741 Main St,michael.smith12@gmail.com
Emily Johnson,2762 Main St,emily.johnson12@gmail.com
Chris Williams,2783 Main St,chris.williams12@gmail.com
Jessica Brown,2804 Main St,jessica.brown12@gmail.com
David Jones,2825 Main St,david.jones12@gmail.com
Sarah Garcia,2846 Main St,sarah.garcia12@gmail.com
James Miller,2867 Main St,james.miller12@gmail.com
Laura Davis,2888 Main St,laura.davis12@gmail.com
John Rodriguez,2909 Main St,john.rodriguez12@gmail.com
Jane Martinez,2930 Main St,jane.martinez12@gmail.com
Michael Smith,2951 Main St,michael.smith12@gmail.com
Emily Johnson,2972 Main St,emily.johnson12@gmail.com
Chris Williams,2993 Main St,chris.williams12@gmail.com
Jessica Brown,3014 Main St,jessica.brown12@gmail.com
David Jones,3035 Main St,david.jones12@gmail.com
Sarah Garcia,3056 Main St,sarah.garcia12@gmail.com
James Miller,3077 Main St,james.miller12@gmail.com
Laura Davis,3098 Main St,laura.davis12@gmail.com
John Rodriguez,3119 Main St,john.rodriguez12@gmail.com
Jane Martinez,3140 Main St,jane.martinez12@gmail.com
Michael Smith,3161 Main St,michael.smith12@gmail.com
Emily Johnson,3182 Main St,emily.johnson12@gmail.com
Chris Williams,3203 Main St,chris.williams12@gmail.com
Jessica Brown,3224 Main St,jessica.brown12@gmail.com
David Jones,3245 Main St,david.jones12@gmail.com
Sarah Garcia,3266 Main St,sarah.garcia12@gmail.com
James Miller,3287 Main St,james.miller12@gmail.com
Laura Davis,3308 Main St,laura.davis12@gmail.com
John Rodriguez,3329 Main St,john.rodriguez12@gmail.com
Jane Martinez,3350 Main St,jane.martinez12@gmail.com
Michael Smith,3371 Main St,michael.smith12@gmail.com
Emily Johnson,3392 Main St,emily.johnson12@gmail.com
Chris Williams,3413 Main St,chris.williams12@gmail.com
Jessica Brown,3434 Main St,jessica.brown12@gmail.com
David Jones,3455 Main St,david.jones12@gmail.com
Sarah Garcia,3476 Main St,sarah.garcia12@gmail.com
James Miller,3497 Main St,james.miller12@gmail.com
Laura Davis,3518 Main St,laura.davis12@gmail.com
John Rodriguez,3539 Main St,john.rodriguez12@gmail.com
Jane Martinez,3560 Main St,jane.martinez12@gmail.com
Michael Smith,3581 Main St,michael.smith12@gmail.com
Emily Johnson,3602 Main St,emily.johnson12@gmail.com
Chris Williams,3623 Main St,chris.williams12@gmail.com
Jessica Brown,3644 Main St,jessica.brown12@gmail.com
David Jones,3665 Main St,david.jones12@gmail.com
Sarah Garcia,3686 Main St,sarah.garcia12@gmail.com
James Miller,3707 Main St,james.miller12@gmail.com
Laura Davis,3728 Main St,laura.davis12@gmail.com
John Rodriguez,3749 Main St,john.rodriguez12@gmail.com
Jane Martinez,3770 Main St,jane.martinez12@gmail.com
Michael Smith,3791 Main St,michael.smith12@gmail.com
Emily Johnson,3812 Main St,emily.johnson12@gmail.com
Chris Williams,3833 Main St,chris.williams12@gmail.com
Jessica Brown,3854 Main St,jessica.brown12@gmail.com
David Jones,3875 Main St,david.jones12@gmail.com
Sarah Garcia,3896 Main St,sarah.garcia12@gmail.com
James Miller,3917 Main St,james.miller12@gmail.com
Laura Davis,3938 Main St,laura.davis12@gmail.com
John Rodriguez,3959 Main St,john.rodriguez12@gmail.com
Jane Martinez,3980 Main St,jane.martinez12@gmail.com
Michael Smith,4001 Main St,michael.smith12@gmail.com
Emily Johnson,4022 Main St,emily.johnson12@gmail.com
Chris Williams,4043 Main St,chris.williams12@gmail.com
Jessica Brown,4064 Main St,jessica.brown12@gmail.com
David Jones,4085 Main St,david.jones12@gmail.com
Sarah Garcia,4106 Main St,sarah.garcia12@gmail.com
James Miller,4127 Main St,james.miller12@gmail.com
Laura Davis,4148 Main St,laura.davis12@gmail.com
John Rodriguez,4169 Main St,john.rodriguez12@gmail.com
Jane Martinez,4190 Main St,jane.martinez12@gmail.com
Michael Smith,4211 Main St,michael.smith12@gmail.com
Emily Johnson,4232 Main St,emily.johnson12@gmail.com
Chris Williams,4253 Main St,chris.williams12@gmail.com
Jessica Brown,4274 Main St,jessica.brown12@gmail.com
David Jones,4295 Main St,david.jones12@gmail.com
Sarah Garcia,4316 Main St,sarah.garcia12@gmail.com
James Miller,4337 Main St,james.miller12@gmail.com
Laura Davis,4358 Main St,laura.davis12@gmail.com
John Rodriguez,4379 Main St,john.rodriguez12@gmail.com
Jane Martinez,4400 Main St,jane.martinez12@gmail.com
Michael Smith,4421 Main St,michael.smith12@gmail.com
Emily Johnson,4442 Main St,emily.johnson12@gmail.com
Chris Williams,4463 Main St,chris.williams12@gmail.com
Jessica Brown,4484 Main St,jessica.brown12@gmail.com
David Jones,4505 Main St,david.jones12@gmail.com
Sarah Garcia,4526 Main St,sarah.garcia12@gmail.com
James Miller,4547 Main St,james.miller12@gmail.com
Laura Davis,4568 Main St,laura.davis12@gmail.com
John Rodriguez,4589 Main St,john.rodriguez12@gmail.com
Jane Martinez,4610 Main St,jane.martinez12@gmail.com
Michael Smith,4631 Main St,michael.smith12@gmail.com
Emily Johnson,4652 Main St,emily.johnson12@gmail.com
Chris Williams,4673 Main St,chris.williams12@gmail.com
Jessica Brown,4694 Main St,jessica.brown12@gmail.com
David Jones,4715 Main St,david.jones12@gmail.com
Sarah Garcia,4736 Main St,sarah.garcia12@gmail.com
James Miller,4757 Main St,james.miller12@gmail.com
Laura Davis,4778 Main St,laura.davis12@gmail.com
John Rodriguez,4799 Main St,john.rodriguez12@gmail.com
Jane Martinez,4820 Main St,jane.martinez12@gmail.com
Michael Smith,4841 Main St,michael.smith12@gmail.com
Emily Johnson,4862 Main St,emily.johnson12@gmail.com
Chris Williams,4883 Main St,chris.williams12@gmail.com
Jessica Brown,4904 Main St,jessica.brown12@gmail.com
David Jones,4925 Main St,david.jones12@gmail.com
Sarah Garcia,4946 Main St,sarah.garcia12@gmail.com
James Miller,4967 Main St,james.miller12@gmail.com
Laura Davis,4988 Main St,laura.davis12@gmail.com
John Rodriguez,5009 Main St,john.rodriguez12@gmail.com
Jane Martinez,5030 Main St,jane.martinez12@gmail.com
Michael Smith,5051 Main St,michael.smith12@gmail.com
Emily Johnson,5072 Main St,emily.johnson12@gmail.com
Chris Williams,5093 Main St,chris.williams12@gmail.com
Jessica Brown,5114 Main St,jessica.brown12@gmail.com
David Jones,5135 Main St,david.jones12@gmail.com
Sarah Garcia,5156 Main St,sarah.garcia12@gmail.com
James Miller,5177 Main St,james.miller12@gmail.com
Laura Davis,5198 Main St,laura.davis12@gmail.com
John Rodriguez,5219 Main St,john.rodriguez12@gmail.com
Jane Martinez,5240 Main St,jane.martinez12@gmail.com
Michael Smith,5261 Main St,michael.smith12@gmail.com
Emily Johnson,5282 Main St,emily.johnson12@gmail.com
Chris Williams,5303 Main St,chris.williams12@gmail.com
Jessica Brown,5324 Main St,jessica.brown12@gmail.com
David Jones,5345 Main St,david.jones12@gmail.com
Sarah Garcia,5366 Main St,sarah.garcia12@gmail.com
James Miller,5387 Main St,james.miller12@gmail.com
Laura Davis,5408 Main St,laura.davis12@gmail.com
John Rodriguez,5429 Main St,john.rodriguez12@gmail.com
Jane Martinez,5450 Main St,jane.martinez12@gmail.com
Michael Smith,5471 Main St,michael.smith12@gmail.com
Emily Johnson,5492 Main St,emily.johnson12@gmail.com
Chris Williams,5513 Main St,chris.williams12@gmail.com
Jessica Brown,5534 Main St,jessica.brown12@gmail.com
David Jones,5555 Main St,david.jones12@gmail.com
Sarah Garcia,5576 Main St,sarah.garcia12@gmail.com
James Miller,5597 Main St,james.miller12@gmail.com
Laura Davis,5618 Main St,laura.davis12@gmail.com
John Rodriguez,5639 Main St,john.rodriguez12@gmail.com
Jane Martinez,5660 Main St,jane.martinez12@gmail.com
Michael Smith,5681 Main St,michael.smith12@gmail.com
Emily Johnson,5702 Main St,emily.johnson12@gmail.com
Chris Williams,5723 Main St,chris.williams12@gmail.com
Jessica Brown,5744 Main St,jessica.brown12@gmail.com
David Jones,5765 Main St,david.jones12@gmail.com
john Doe,123 Main St,john.doe12@gmail.com
smith     maharjan Doe,123 Main St,smith.doe12@gmail.com
ram Doe,123 Main St,ram.doe12@gmail.com
Full Name,Address,Email
john Doe,123 Main St,john.doe12@gmail.com
smith     maharjan Doe,123 Main St,smith.doe12@gmail.com
ram Doe,123 Main St,ram.doe12@gmail.com
Michael Smith,123 Main St,michael.smith12@gmail.com
Emily Johnson,456 Main St,emily.johnson12@gmail.com
Chris Williams,789 Main St,chris.williams12@gmail.com
Jessica Brown,101 Main St,jessica.brown12@gmail.com
David Jones,112 Main St,david.jones12@gmail.com
Sarah Garcia,131 Main St,sarah.garcia12@gmail.com
James Miller,415 Main St,james.miller12@gmail.com
Laura Davis,161 Main St,laura.davis12@gmail.com
John Rodriguez,718 Main St,john.rodriguez12@gmail.com
Jane Martinez,192 Main St,jane.martinez12@gmail.com
Michael Smith,223 Main St,michael.smith12@gmail.com
Emily Johnson,242 Main St,emily.johnson12@gmail.com
Chris Williams,263 Main St,chris.williams12@gmail.com
Jessica Brown,284 Main St,jessica.brown12@gmail.com
David Jones,305 Main St,david.jones12@gmail.com
Sarah Garcia,326 Main St,sarah.garcia12@gmail.com
James Miller,347 Main St,james.miller12@gmail.com
Laura Davis,368 Main St,laura.davis12@gmail.com
John Rodriguez,389 Main St,john.rodriguez12@gmail.com
Jane Martinez,410 Main St,jane.martinez12@gmail.com
Michael Smith,431 Main St,michael.smith12@gmail.com
Emily Johnson,452 Main St,emily.johnson12@gmail.com
Chris Williams,473 Main St,chris.williams12@gmail.com
Jessica Brown,494 Main St,jessica.brown12@gmail.com
David Jones,515 Main St,david.jones12@gmail.com
Sarah Garcia,536 Main St,sarah.garcia12@gmail.com
James Miller,557 Main St,james.miller12@gmail.com
Laura Davis,578 Main St,laura.davis12@gmail.com
John Rodriguez,599 Main St,john.rodriguez12@gmail.com
Jane Martinez,620 Main St,jane.martinez12@gmail.com
Michael Smith,641 Main St,michael.smith12@gmail.com
Emily Johnson,662 Main St,emily.johnson12@gmail.com
Chris Williams,683 Main St,chris.williams12@gmail.com
Jessica Brown,704 Main St,jessica.brown12@gmail.com
David Jones,725 Main St,david.jones12@gmail.com
Sarah Garcia,746 Main St,sarah.garcia12@gmail.com
James Miller,767 Main St,james.miller12@gmail.com
Laura Davis,788 Main St,laura.davis12@gmail.com
John Rodriguez,809 Main St,john.rodriguez12@gmail.com
Jane Martinez,830 Main St,jane.martinez12@gmail.com
Michael Smith,851 Main St,michael.smith12@gmail.com
Emily Johnson,872 Main St,emily.johnson12@gmail.com
Chris Williams,893 Main St,chris.williams12@gmail.com
Jessica Brown,914 Main St,jessica.brown12@gmail.com
David Jones,935 Main St,david.jones12@gmail.com
Sarah Garcia,956 Main St,sarah.garcia12@gmail.com
James Miller,977 Main St,james.miller12@gmail.com
Laura Davis,998 Main St,laura.davis12@gmail.com
John Rodriguez,1019 Main St,john.rodriguez12@gmail.com
Jane Martinez,1040 Main St,jane.martinez12@gmail.com
Michael Smith,1061 Main St,michael.smith12@gmail.com
Emily Johnson,1082 Main St,emily.johnson12@gmail.com
Chris Williams,1103 Main St,chris.williams12@gmail.com
Jessica Brown,1124 Main St,jessica.brown12@gmail.com
David Jones,1145 Main St,david.jones12@gmail.com
Sarah Garcia,1166 Main St,sarah.garcia12@gmail.com
James Miller,1187 Main St,james.miller12@gmail.com
Laura Davis,1208 Main St,laura.davis12@gmail.com
John Rodriguez,1229 Main St,john.rodriguez12@gmail.com
Jane Martinez,1250 Main St,jane.martinez12@gmail.com
Michael Smith,1271 Main St,michael.smith12@gmail.com
Emily Johnson,1292 Main St,emily.johnson12@gmail.com
Chris Williams,1313 Main St,chris.williams12@gmail.com
Jessica Brown,1334 Main St,jessica.brown12@gmail.com
David Jones,1355 Main St,david.jones12@gmail.com
Sarah Garcia,1376 Main St,sarah.garcia12@gmail.com
James Miller,1397 Main St,james.miller12@gmail.com
Laura Davis,1418 Main St,laura.davis12@gmail.com
John Rodriguez,1439 Main St,john.rodriguez12@gmail.com
Jane Martinez,1460 Main St,jane.martinez12@gmail.com
Michael Smith,1481 Main St,michael.smith12@gmail.com
Emily Johnson,1502 Main St,emily.johnson12@gmail.com
Chris Williams,1523 Main St,chris.williams12@gmail.com
Jessica Brown,1544 Main St,jessica.brown12@gmail.com
David Jones,1565 Main St,david.jones12@gmail.com
Sarah Garcia,1586 Main St,sarah.garcia12@gmail.com
James Miller,1607 Main St,james.miller12@gmail.com
Laura Davis,1628 Main St,laura.davis12@gmail.com
John Rodriguez,1649 Main St,john.rodriguez12@gmail.com
Jane Martinez,1670 Main St,jane.martinez12@gmail.com
Michael Smith,1691 Main St,michael.smith12@gmail.com
Emily Johnson,1712 Main St,emily.johnson12@gmail.com
Chris Williams,1733 Main St,chris.williams12@gmail.com
Jessica Brown,1754 Main St,jessica.brown12@gmail.com
David Jones,1775 Main St,david.jones12@gmail.com
Sarah Garcia,1796 Main St,sarah.garcia12@gmail.com
James Miller,1817 Main St,james.miller12@gmail.com
Laura Davis,1838 Main St,laura.davis12@gmail.com
John Rodriguez,1859 Main St,john.rodriguez12@gmail.com
Jane Martinez,1880 Main St,jane.martinez12@gmail.com
Michael Smith,1901 Main St,michael.smith12@gmail.com
Emily Johnson,1922 Main St,emily.johnson12@gmail.com
Chris Williams,1943 Main St,chris.williams12@gmail.com
Jessica Brown,1964 Main St,jessica.brown12@gmail.com
David Jones,1985 Main St,david.jones12@gmail.com
Sarah Garcia,2006 Main St,sarah.garcia12@gmail.com
James Miller,2027 Main St,james.miller12@gmail.com
Laura Davis,2048 Main St,laura.davis12@gmail.com
John Rodriguez,2069 Main St,john.rodriguez12@gmail.com
Jane Martinez,2090 Main St,jane.martinez12@gmail.com
Michael Smith,2111 Main St,michael.smith12@gmail.com
Emily Johnson,2132 Main St,emily.johnson12@gmail.com
Chris Williams,2153 Main St,chris.williams12@gmail.com
Jessica Brown,2174 Main St,jessica.brown12@gmail.com
David Jones,2195 Main St,david.jones12@gmail.com
Sarah Garcia,2216 Main St,sarah.garcia12@gmail.com
James Miller,2237 Main St,james.miller12@gmail.com
Laura Davis,2258 Main St,laura.davis12@gmail.com
John Rodriguez,2279 Main St,john.rodriguez12@gmail.com
Jane Martinez,2300 Main St,jane.martinez12@gmail.com
Michael Smith,2321 Main St,michael.smith12@gmail.com
Emily Johnson,2342 Main St,emily.johnson12@gmail.com
Chris Williams,2363 Main St,chris.williams12@gmail.com
Jessica Brown,2384 Main St,jessica.brown12@gmail.com
David Jones,2405 Main St,david.jones12@gmail.com
Sarah Garcia,2426 Main St,sarah.garcia12@gmail.com
James Miller,2447 Main St,james.miller12@gmail.com
Laura Davis,2468 Main St,laura.davis12@gmail.com
John Rodriguez,2489 Main St,john.rodriguez12@gmail.com
Jane Martinez,2510 Main St,jane.martinez12@gmail.com
Michael Smith,2531 Main St,michael.smith12@gmail.com
Emily Johnson,2552 Main St,emily.johnson12@gmail.com
Chris Williams,2573 Main St,chris.williams12@gmail.com
Jessica Brown,2594 Main St,jessica.brown12@gmail.com
David Jones,2615 Main St,david.jones12@gmail.com
Sarah Garcia,2636 Main St,sarah.garcia12@gmail.com
James Miller,2657 Main St,james.miller12@gmail.com
Laura Davis,2678 Main St,laura.davis12@gmail.com
John Rodriguez,2699 Main St,john.rodriguez12@gmail.com
Jane Martinez,2720 Main St,jane.martinez12@gmail.com
Michael Smith,2741 Main St,michael.smith12@gmail.com
Emily Johnson,2762 Main St,emily.johnson12@gmail.com
Chris Williams,2783 Main St,chris.williams12@gmail.com
Jessica Brown,2804 Main St,jessica.brown12@gmail.com
David Jones,2825 Main St,david.jones12@gmail.com
Sarah Garcia,2846 Main St,sarah.garcia12@gmail.com
James Miller,2867 Main St,james.miller12@gmail.com
Laura Davis,2888 Main St,laura.davis12@gmail.com
John Rodriguez,2909 Main St,john.rodriguez12@gmail.com
Jane Martinez,2930 Main St,jane.martinez12@gmail.com
Michael Smith,2951 Main St,michael.smith12@gmail.com
Emily Johnson,2972 Main St,emily.johnson12@gmail.com
Chris Williams,2993 Main St,chris.williams12@gmail.com
Jessica Brown,3014 Main St,jessica.brown12@gmail.com
David Jones,3035 Main St,david.jones12@gmail.com
Sarah Garcia,3056 Main St,sarah.garcia12@gmail.com
James Miller,3077 Main St,james.miller12@gmail.com
Laura Davis,3098 Main St,laura.davis12@gmail.com
John Rodriguez,3119 Main St,john.rodriguez12@gmail.com
Jane Martinez,3140 Main St,jane.martinez12@gmail.com
Michael Smith,3161 Main St,michael.smith12@gmail.com
Emily Johnson,3182 Main St,emily.johnson12@gmail.com
Chris Williams,3203 Main St,chris.williams12@gmail.com
Jessica Brown,3224 Main St,jessica.brown12@gmail.com
David Jones,3245 Main St,david.jones12@gmail.com
Sarah Garcia,3266 Main St,sarah.garcia12@gmail.com
James Miller,3287 Main St,james.miller12@gmail.com
Laura Davis,3308 Main St,laura.davis12@gmail.com
John Rodriguez,3329 Main St,john.rodriguez12@gmail.com
Jane Martinez,3350 Main St,jane.martinez12@gmail.com
Michael Smith,3371 Main St,michael.smith12@gmail.com
Emily Johnson,3392 Main St,emily.johnson12@gmail.com
Chris Williams,3413 Main St,chris.williams12@gmail.com
Jessica Brown,3434 Main St,jessica.brown12@gmail.com
David Jones,3455 Main St,david.jones12@gmail.com
Sarah Garcia,3476 Main St,sarah.garcia12@gmail.com
James Miller,3497 Main St,james.miller12@gmail.com
Laura Davis,3518 Main St,laura.davis12@gmail.com
John Rodriguez,3539 Main St,john.rodriguez12@gmail.com
Jane Martinez,3560 Main St,jane.martinez12@gmail.com
Michael Smith,3581 Main St,michael.smith12@gmail.com
Emily Johnson,3602 Main St,emily.johnson12@gmail.com
Chris Williams,3623 Main St,chris.williams12@gmail.com
Jessica Brown,3644 Main St,jessica.brown12@gmail.com
David Jones,3665 Main St,david.jones12@gmail.com
Sarah Garcia,3686 Main St,sarah.garcia12@gmail.com
James Miller,3707 Main St,james.miller12@gmail.com
Laura Davis,3728 Main St,laura.davis12@gmail.com
John Rodriguez,3749 Main St,john.rodriguez12@gmail.com
Jane Martinez,3770 Main St,jane.martinez12@gmail.com
Michael Smith,3791 Main St,michael.smith12@gmail.com
Emily Johnson,3812 Main St,emily.johnson12@gmail.com
Chris Williams,3833 Main St,chris.williams12@gmail.com
Jessica Brown,3854 Main St,jessica.brown12@gmail.com
David Jones,3875 Main St,david.jones12@gmail.com
Sarah Garcia,3896 Main St,sarah.garcia12@gmail.com
James Miller,3917 Main St,james.miller12@gmail.com
Laura Davis,3938 Main St,laura.davis12@gmail.com
John Rodriguez,3959 Main St,john.rodriguez12@gmail.com
Jane Martinez,3980 Main St,jane.martinez12@gmail.com
Michael Smith,4001 Main St,michael.smith12@gmail.com
Emily Johnson,4022 Main St,emily.johnson12@gmail.com
Chris Williams,4043 Main St,chris.williams12@gmail.com
Jessica Brown,4064 Main St,jessica.brown12@gmail.com
David Jones,4085 Main St,david.jones12@gmail.com
Sarah Garcia,4106 Main St,sarah.garcia12@gmail.com
James Miller,4127 Main St,james.miller12@gmail.com
Laura Davis,4148 Main St,laura.davis12@gmail.com
John Rodriguez,4169 Main St,john.rodriguez12@gmail.com
Jane Martinez,4190 Main St,jane.martinez12@gmail.com
Michael Smith,4211 Main St,michael.smith12@gmail.com
Emily Johnson,4232 Main St,emily.johnson12@gmail.com
Chris Williams,4253 Main St,chris.williams12@gmail.com
Jessica Brown,4274 Main St,jessica.brown12@gmail.com
David Jones,4295 Main St,david.jones12@gmail.com
Sarah Garcia,4316 Main St,sarah.garcia12@gmail.com
James Miller,4337 Main St,james.miller12@gmail.com
Laura Davis,4358 Main St,laura.davis12@gmail.com
John Rodriguez,4379 Main St,john.rodriguez12@gmail.com
Jane Martinez,4400 Main St,jane.martinez12@gmail.com
Michael Smith,4421 Main St,michael.smith12@gmail.com
Emily Johnson,4442 Main St,emily.johnson12@gmail.com
Chris Williams,4463 Main St,chris.williams12@gmail.com
Jessica Brown,4484 Main St,jessica.brown12@gmail.com
David Jones,4505 Main St,david.jones12@gmail.com
Sarah Garcia,4526 Main St,sarah.garcia12@gmail.com
James Miller,4547 Main St,james.miller12@gmail.com
Laura Davis,4568 Main St,laura.davis12@gmail.com
John Rodriguez,4589 Main St,john.rodriguez12@gmail.com
Jane Martinez,4610 Main St,jane.martinez12@gmail.com
Michael Smith,4631 Main St,michael.smith12@gmail.com
Emily Johnson,4652 Main St,emily.johnson12@gmail.com
Chris Williams,4673 Main St,chris.williams12@gmail.com
Jessica Brown,4694 Main St,jessica.brown12@gmail.com
David Jones,4715 Main St,david.jones12@gmail.com
Sarah Garcia,4736 Main St,sarah.garcia12@gmail.com
James Miller,4757 Main St,james.miller12@gmail.com
Laura Davis,4778 Main St,laura.davis12@gmail.com
John Rodriguez,4799 Main St,john.rodriguez12@gmail.com
Jane Martinez,4820 Main St,jane.martinez12@gmail.com
Michael Smith,4841 Main St,michael.smith12@gmail.com
Emily Johnson,4862 Main St,emily.johnson12@gmail.com
Chris Williams,4883 Main St,chris.williams12@gmail.com
Jessica Brown,4904 Main St,jessica.brown12@gmail.com
David Jones,4925 Main St,david.jones12@gmail.com
Sarah Garcia,4946 Main St,sarah.garcia12@gmail.com
James Miller,4967 Main St,james.miller12@gmail.com
Laura Davis,4988 Main St,laura.davis12@gmail.com
John Rodriguez,5009 Main St,john.rodriguez12@gmail.com
Jane Martinez,5030 Main St,jane.martinez12@gmail.com
Michael Smith,5051 Main St,michael.smith12@gmail.com
Emily Johnson,5072 Main St,emily.johnson12@gmail.com
Chris Williams,5093 Main St,chris.williams12@gmail.com
Jessica Brown,5114 Main St,jessica.brown12@gmail.com
David Jones,5135 Main St,david.jones12@gmail.com
Sarah Garcia,5156 Main St,sarah.garcia12@gmail.com
James Miller,5177 Main St,james.miller12@gmail.com
Laura Davis,5198 Main St,laura.davis12@gmail.com
John Rodriguez,5219 Main St,john.rodriguez12@gmail.com
Jane Martinez,5240 Main St,jane.martinez12@gmail.com
Michael Smith,5261 Main St,michael.smith12@gmail.com
Emily Johnson,5282 Main St,emily.johnson12@gmail.com
Chris Williams,5303 Main St,chris.williams12@gmail.com
Jessica Brown,5324 Main St,jessica.brown12@gmail.com
David Jones,5345 Main St,david.jones12@gmail.com
Sarah Garcia,5366 Main St,sarah.garcia12@gmail.com
James Miller,5387 Main St,james.miller12@gmail.com
Laura Davis,5408 Main St,laura.davis12@gmail.com
John Rodriguez,5429 Main St,john.rodriguez12@gmail.com
Jane Martinez,5450 Main St,jane.martinez12@gmail.com
Michael Smith,5471 Main St,michael.smith12@gmail.com
Emily Johnson,5492 Main St,emily.johnson12@gmail.com
Chris Williams,5513 Main St,chris.williams12@gmail.com
Jessica Brown,5534 Main St,jessica.brown12@gmail.com
David Jones,5555 Main St,david.jones12@gmail.com
Sarah Garcia,5576 Main St,sarah.garcia12@gmail.com
James Miller,5597 Main St,james.miller12@gmail.com
Laura Davis,5618 Main St,laura.davis12@gmail.com
John Rodriguez,5639 Main St,john.rodriguez12@gmail.com
Jane Martinez,5660 Main St,jane.martinez12@gmail.com
Michael Smith,5681 Main St,michael.smith12@gmail.com
Emily Johnson,5702 Main St,emily.johnson12@gmail.com
Chris Williams,5723 Main St,chris.williams12@gmail.com
Jessica Brown,5744 Main St,jessica.brown12@gmail.com
David Jones,5765 Main St,david.jones12@gmail.com
Sarah GarciaFull Name,Address,Email
john Doe,123 Main St,john.doe12@gmail.com
smith     maharjan Doe,123 Main St,smith.doe12@gmail.com
ram Doe,123 Main St,ram.doe12@gmail.com
Michael Smith,123 Main St,michael.smith12@gmail.com
Emily Johnson,456 Main St,emily.johnson12@gmail.com
Chris Williams,789 Main St,chris.williams12@gmail.com
Jessica Brown,101 Main St,jessica.brown12@gmail.com
David Jones,112 Main St,david.jones12@gmail.com
Sarah Garcia,131 Main St,sarah.garcia12@gmail.com
James Miller,415 Main St,james.miller12@gmail.com
Laura Davis,161 Main St,laura.davis12@gmail.com
John Rodriguez,718 Main St,john.rodriguez12@gmail.com
Jane Martinez,192 Main St,jane.martinez12@gmail.com
Michael Smith,223 Main St,michael.smith12@gmail.com
Emily Johnson,242 Main St,emily.johnson12@gmail.com
Chris Williams,263 Main St,chris.williams12@gmail.com
Jessica Brown,284 Main St,jessica.brown12@gmail.com
David Jones,305 Main St,david.jones12@gmail.com
Sarah Garcia,326 Main St,sarah.garcia12@gmail.com
James Miller,347 Main St,james.miller12@gmail.com
Laura Davis,368 Main St,laura.davis12@gmail.com
John Rodriguez,389 Main St,john.rodriguez12@gmail.com
Jane Martinez,410 Main St,jane.martinez12@gmail.com
Michael Smith,431 Main St,michael.smith12@gmail.com
Emily Johnson,452 Main St,emily.johnson12@gmail.com
Chris Williams,473 Main St,chris.williams12@gmail.com
Jessica Brown,494 Main St,jessica.brown12@gmail.com
David Jones,515 Main St,david.jones12@gmail.com
Sarah Garcia,536 Main St,sarah.garcia12@gmail.com
James Miller,557 Main St,james.miller12@gmail.com
Laura Davis,578 Main St,laura.davis12@gmail.com
John Rodriguez,599 Main St,john.rodriguez12@gmail.com
Jane Martinez,620 Main St,jane.martinez12@gmail.com
Michael Smith,641 Main St,michael.smith12@gmail.com
Emily Johnson,662 Main St,emily.johnson12@gmail.com
Chris Williams,683 Main St,chris.williams12@gmail.com
Jessica Brown,704 Main St,jessica.brown12@gmail.com
David Jones,725 Main St,david.jones12@gmail.com
Sarah Garcia,746 Main St,sarah.garcia12@gmail.com
James Miller,767 Main St,james.miller12@gmail.com
Laura Davis,788 Main St,laura.davis12@gmail.com
John Rodriguez,809 Main St,john.rodriguez12@gmail.com
Jane Martinez,830 Main St,jane.martinez12@gmail.com
Michael Smith,851 Main St,michael.smith12@gmail.com
Emily Johnson,872 Main St,emily.johnson12@gmail.com
Chris Williams,893 Main St,chris.williams12@gmail.com
Jessica Brown,914 Main St,jessica.brown12@gmail.com
David Jones,935 Main St,david.jones12@gmail.com
Sarah Garcia,956 Main St,sarah.garcia12@gmail.com
James Miller,977 Main St,james.miller12@gmail.com
Laura Davis,998 Main St,laura.davis12@gmail.com
John Rodriguez,1019 Main St,john.rodriguez12@gmail.com
Jane Martinez,1040 Main St,jane.martinez12@gmail.com
Michael Smith,1061 Main St,michael.smith12@gmail.com
Emily Johnson,1082 Main St,emily.johnson12@gmail.com
Chris Williams,1103 Main St,chris.williams12@gmail.com
Jessica Brown,1124 Main St,jessica.brown12@gmail.com
David Jones,1145 Main St,david.jones12@gmail.com
Sarah Garcia,1166 Main St,sarah.garcia12@gmail.com
James Miller,1187 Main St,james.miller12@gmail.com
Laura Davis,1208 Main St,laura.davis12@gmail.com
John Rodriguez,1229 Main St,john.rodriguez12@gmail.com
Jane Martinez,1250 Main St,jane.martinez12@gmail.com
Michael Smith,1271 Main St,michael.smith12@gmail.com
Emily Johnson,1292 Main St,emily.johnson12@gmail.com
Chris Williams,1313 Main St,chris.williams12@gmail.com
Jessica Brown,1334 Main St,jessica.brown12@gmail.com
David Jones,1355 Main St,david.jones12@gmail.com
Sarah Garcia,1376 Main St,sarah.garcia12@gmail.com
James Miller,1397 Main St,james.miller12@gmail.com
Laura Davis,1418 Main St,laura.davis12@gmail.com
John Rodriguez,1439 Main St,john.rodriguez12@gmail.com
Jane Martinez,1460 Main St,jane.martinez12@gmail.com
Michael Smith,1481 Main St,michael.smith12@gmail.com
Emily Johnson,1502 Main St,emily.johnson12@gmail.com
Chris Williams,1523 Main St,chris.williams12@gmail.com
Jessica Brown,1544 Main St,jessica.brown12@gmail.com
David Jones,1565 Main St,david.jones12@gmail.com
Sarah Garcia,1586 Main St,sarah.garcia12@gmail.com
James Miller,1607 Main St,james.miller12@gmail.com
Laura Davis,1628 Main St,laura.davis12@gmail.com
John Rodriguez,1649 Main St,john.rodriguez12@gmail.com
Jane Martinez,1670 Main St,jane.martinez12@gmail.com
Michael Smith,1691 Main St,michael.smith12@gmail.com
Emily Johnson,1712 Main St,emily.johnson12@gmail.com
Chris Williams,1733 Main St,chris.williams12@gmail.com
Jessica Brown,1754 Main St,jessica.brown12@gmail.com
David Jones,1775 Main St,david.jones12@gmail.com
Sarah Garcia,1796 Main St,sarah.garcia12@gmail.com
James Miller,1817 Main St,james.miller12@gmail.com
Laura Davis,1838 Main St,laura.davis12@gmail.com
John Rodriguez,1859 Main St,john.rodriguez12@gmail.com
Jane Martinez,1880 Main St,jane.martinez12@gmail.com
Michael Smith,1901 Main St,michael.smith12@gmail.com
Emily Johnson,1922 Main St,emily.johnson12@gmail.com
Chris Williams,1943 Main St,chris.williams12@gmail.com
Jessica Brown,1964 Main St,jessica.brown12@gmail.com
David Jones,1985 Main St,david.jones12@gmail.com
Sarah Garcia,2006 Main St,sarah.garcia12@gmail.com
James Miller,2027 Main St,james.miller12@gmail.com
Laura Davis,2048 Main St,laura.davis12@gmail.com
John Rodriguez,2069 Main St,john.rodriguez12@gmail.com
Jane Martinez,2090 Main St,jane.martinez12@gmail.com
Michael Smith,2111 Main St,michael.smith12@gmail.com
Emily Johnson,2132 Main St,emily.johnson12@gmail.com
Chris Williams,2153 Main St,chris.williams12@gmail.com
Jessica Brown,2174 Main St,jessica.brown12@gmail.com
David Jones,2195 Main St,david.jones12@gmail.com
Sarah Garcia,2216 Main St,sarah.garcia12@gmail.com
James Miller,2237 Main St,james.miller12@gmail.com
Laura Davis,2258 Main St,laura.davis12@gmail.com
John Rodriguez,2279 Main St,john.rodriguez12@gmail.com
Jane Martinez,2300 Main St,jane.martinez12@gmail.com
Michael Smith,2321 Main St,michael.smith12@gmail.com
Emily Johnson,2342 Main St,emily.johnson12@gmail.com
Chris Williams,2363 Main St,chris.williams12@gmail.com
Jessica Brown,2384 Main St,jessica.brown12@gmail.com
David Jones,2405 Main St,david.jones12@gmail.com
Sarah Garcia,2426 Main St,sarah.garcia12@gmail.com
James Miller,2447 Main St,james.miller12@gmail.com
Laura Davis,2468 Main St,laura.davis12@gmail.com
John Rodriguez,2489 Main St,john.rodriguez12@gmail.com
Jane Martinez,2510 Main St,jane.martinez12@gmail.com
Michael Smith,2531 Main St,michael.smith12@gmail.com
Emily Johnson,2552 Main St,emily.johnson12@gmail.com
Chris Williams,2573 Main St,chris.williams12@gmail.com
Jessica Brown,2594 Main St,jessica.brown12@gmail.com
David Jones,2615 Main St,david.jones12@gmail.com
Sarah Garcia,2636 Main St,sarah.garcia12@gmail.com
James Miller,2657 Main St,james.miller12@gmail.com
Laura Davis,2678 Main St,laura.davis12@gmail.com
John Rodriguez,2699 Main St,john.rodriguez12@gmail.com
Jane Martinez,2720 Main St,jane.martinez12@gmail.com
Michael Smith,2741 Main St,michael.smith12@gmail.com
Emily Johnson,2762 Main St,emily.johnson12@gmail.com
Chris Williams,2783 Main St,chris.williams12@gmail.com
Jessica Brown,2804 Main St,jessica.brown12@gmail.com
David Jones,2825 Main St,david.jones12@gmail.com
Sarah Garcia,2846 Main St,sarah.garcia12@gmail.com
James Miller,2867 Main St,james.miller12@gmail.com
Laura Davis,2888 Main St,laura.davis12@gmail.com
John Rodriguez,2909 Main St,john.rodriguez12@gmail.com
Jane Martinez,2930 Main St,jane.martinez12@gmail.com
Michael Smith,2951 Main St,michael.smith12@gmail.com
Emily Johnson,2972 Main St,emily.johnson12@gmail.com
Chris Williams,2993 Main St,chris.williams12@gmail.com
Jessica Brown,3014 Main St,jessica.brown12@gmail.com
David Jones,3035 Main St,david.jones12@gmail.com
Sarah Garcia,3056 Main St,sarah.garcia12@gmail.com
James Miller,3077 Main St,james.miller12@gmail.com
Laura Davis,3098 Main St,laura.davis12@gmail.com
John Rodriguez,3119 Main St,john.rodriguez12@gmail.com
Jane Martinez,3140 Main St,jane.martinez12@gmail.com
Michael Smith,3161 Main St,michael.smith12@gmail.com
Emily Johnson,3182 Main St,emily.johnson12@gmail.com
Chris Williams,3203 Main St,chris.williams12@gmail.com
Jessica Brown,3224 Main St,jessica.brown12@gmail.com
David Jones,3245 Main St,david.jones12@gmail.com
Sarah Garcia,3266 Main St,sarah.garcia12@gmail.com
James Miller,3287 Main St,james.miller12@gmail.com
Laura Davis,3308 Main St,laura.davis12@gmail.com
John Rodriguez,3329 Main St,john.rodriguez12@gmail.com
Jane Martinez,3350 Main St,jane.martinez12@gmail.com
Michael Smith,3371 Main St,michael.smith12@gmail.com
Emily Johnson,3392 Main St,emily.johnson12@gmail.com
Chris Williams,3413 Main St,chris.williams12@gmail.com
Jessica Brown,3434 Main St,jessica.brown12@gmail.com
David Jones,3455 Main St,david.jones12@gmail.com
Sarah Garcia,3476 Main St,sarah.garcia12@gmail.com
James Miller,3497 Main St,james.miller12@gmail.com
Laura Davis,3518 Main St,laura.davis12@gmail.com
John Rodriguez,3539 Main St,john.rodriguez12@gmail.com
Jane Martinez,3560 Main St,jane.martinez12@gmail.com
Michael Smith,3581 Main St,michael.smith12@gmail.com
Emily Johnson,3602 Main St,emily.johnson12@gmail.com
Chris Williams,3623 Main St,chris.williams12@gmail.com
Jessica Brown,3644 Main St,jessica.brown12@gmail.com
David Jones,3665 Main St,david.jones12@gmail.com
Sarah Garcia,3686 Main St,sarah.garcia12@gmail.com
James Miller,3707 Main St,james.miller12@gmail.com
Laura Davis,3728 Main St,laura.davis12@gmail.com
John Rodriguez,3749 Main St,john.rodriguez12@gmail.com
Jane Martinez,3770 Main St,jane.martinez12@gmail.com
Michael Smith,3791 Main St,michael.smith12@gmail.com
Emily Johnson,3812 Main St,emily.johnson12@gmail.com
Chris Williams,3833 Main St,chris.williams12@gmail.com
Jessica Brown,3854 Main St,jessica.brown12@gmail.com
David Jones,3875 Main St,david.jones12@gmail.com
Sarah Garcia,3896 Main St,sarah.garcia12@gmail.com
James Miller,3917 Main St,james.miller12@gmail.com
Laura Davis,3938 Main St,laura.davis12@gmail.com
John Rodriguez,3959 Main St,john.rodriguez12@gmail.com
Jane Martinez,3980 Main St,jane.martinez12@gmail.com
Michael Smith,4001 Main St,michael.smith12@gmail.com
Emily Johnson,4022 Main St,emily.johnson12@gmail.com
Chris Williams,4043 Main St,chris.williams12@gmail.com
Jessica Brown,4064 Main St,jessica.brown12@gmail.com
David Jones,4085 Main St,david.jones12@gmail.com
Sarah Garcia,4106 Main St,sarah.garcia12@gmail.com
James Miller,4127 Main St,james.miller12@gmail.com
Laura Davis,4148 Main St,laura.davis12@gmail.com
John Rodriguez,4169 Main St,john.rodriguez12@gmail.com
Jane Martinez,4190 Main St,jane.martinez12@gmail.com
Michael Smith,4211 Main St,michael.smith12@gmail.com
Emily Johnson,4232 Main St,emily.johnson12@gmail.com
Chris Williams,4253 Main St,chris.williams12@gmail.com
Jessica Brown,4274 Main St,jessica.brown12@gmail.com
David Jones,4295 Main St,david.jones12@gmail.com
Sarah Garcia,4316 Main St,sarah.garcia12@gmail.com
James Miller,4337 Main St,james.miller12@gmail.com
Laura Davis,4358 Main St,laura.davis12@gmail.com
John Rodriguez,4379 Main St,john.rodriguez12@gmail.com
Jane Martinez,4400 Main St,jane.martinez12@gmail.com
Michael Smith,4421 Main St,michael.smith12@gmail.com
Emily Johnson,4442 Main St,emily.johnson12@gmail.com
Chris Williams,4463 Main St,chris.williams12@gmail.com
Jessica Brown,4484 Main St,jessica.brown12@gmail.com
David Jones,4505 Main St,david.jones12@gmail.com
Sarah Garcia,4526 Main St,sarah.garcia12@gmail.com
James Miller,4547 Main St,james.miller12@gmail.com
Laura Davis,4568 Main St,laura.davis12@gmail.com
John Rodriguez,4589 Main St,john.rodriguez12@gmail.com
Jane Martinez,4610 Main St,jane.martinez12@gmail.com
Michael Smith,4631 Main St,michael.smith12@gmail.com
Emily Johnson,4652 Main St,emily.johnson12@gmail.com
Chris Williams,4673 Main St,chris.williams12@gmail.com
Jessica Brown,4694 Main St,jessica.brown12@gmail.com
David Jones,4715 Main St,david.jones12@gmail.com
Sarah Garcia,4736 Main St,sarah.garcia12@gmail.com
James Miller,4757 Main St,james.miller12@gmail.com
Laura Davis,4778 Main St,laura.davis12@gmail.com
John Rodriguez,4799 Main St,john.rodriguez12@gmail.com
Jane Martinez,4820 Main St,jane.martinez12@gmail.com
Michael Smith,4841 Main St,michael.smith12@gmail.com
Emily Johnson,4862 Main St,emily.johnson12@gmail.com
Chris Williams,4883 Main St,chris.williams12@gmail.com
Jessica Brown,4904 Main St,jessica.brown12@gmail.com
David Jones,4925 Main St,david.jones12@gmail.com
Sarah Garcia,4946 Main St,sarah.garcia12@gmail.com
James Miller,4967 Main St,james.miller12@gmail.com
Laura Davis,4988 Main St,laura.davis12@gmail.com
John Rodriguez,5009 Main St,john.rodriguez12@gmail.com
Jane Martinez,5030 Main St,jane.martinez12@gmail.com
Michael Smith,5051 Main St,michael.smith12@gmail.com
Emily Johnson,5072 Main St,emily.johnson12@gmail.com
Chris Williams,5093 Main St,chris.williams12@gmail.com
Jessica Brown,5114 Main St,jessica.brown12@gmail.com
David Jones,5135 Main St,david.jones12@gmail.com
Sarah Garcia,5156 Main St,sarah.garcia12@gmail.com
James Miller,5177 Main St,james.miller12@gmail.com
Laura Davis,5198 Main St,laura.davis12@gmail.com
John Rodriguez,5219 Main St,john.rodriguez12@gmail.com
Jane Martinez,5240 Main St,jane.martinez12@gmail.com
Michael Smith,5261 Main St,michael.smith12@gmail.com
Emily Johnson,5282 Main St,emily.johnson12@gmail.com
Chris Williams,5303 Main St,chris.williams12@gmail.com
Jessica Brown,5324 Main St,jessica.brown12@gmail.com
David Jones,5345 Main St,david.jones12@gmail.com
Sarah Garcia,5366 Main St,sarah.garcia12@gmail.com
James Miller,5387 Main St,james.miller12@gmail.com
Laura Davis,5408 Main St,laura.davis12@gmail.com
John Rodriguez,5429 Main St,john.rodriguez12@gmail.com
Jane Martinez,5450 Main St,jane.martinez12@gmail.com
Michael Smith,5471 Main St,michael.smith12@gmail.com
Emily Johnson,5492 Main St,emily.johnson12@gmail.com
Chris Williams,5513 Main St,chris.williams12@gmail.com
Jessica Brown,5534 Main St,jessica.brown12@gmail.com
David Jones,5555 Main St,david.jones12@gmail.com
Sarah Garcia,5576 Main St,sarah.garcia12@gmail.com
James Miller,5597 Main St,james.miller12@gmail.com
Laura Davis,5618 Main St,laura.davis12@gmail.com
John Rodriguez,5639 Main St,john.rodriguez12@gmail.com
Jane Martinez,5660 Main St,jane.martinez12@gmail.com
Michael Smith,5681 Main St,michael.smith12@gmail.com
Emily Johnson,5702 Main St,emily.johnson12@gmail.com
Chris Williams,5723 Main St,chris.williams12@gmail.com
Jessica Brown,5744 Main St,jessica.brown12@gmail.com
David Jones,5765 Main St,david.jones12@gmail.com
john Doe,123 Main St,john.doe12@gmail.com
smith     maharjan Doe,123 Main St,smith.doe12@gmail.com
ram Doe,123 Main St,ram.doe12@gmail.com
Full Name,Address,Email
john Doe,123 Main St,john.doe12@gmail.com
smith     maharjan Doe,123 Main St,smith.doe12@gmail.com
ram Doe,123 Main St,ram.doe12@gmail.com
Michael Smith,123 Main St,michael.smith12@gmail.com
Emily Johnson,456 Main St,emily.johnson12@gmail.com
Chris Williams,789 Main St,chris.williams12@gmail.com
Jessica Brown,101 Main St,jessica.brown12@gmail.com
David Jones,112 Main St,david.jones12@gmail.com
Sarah Garcia,131 Main St,sarah.garcia12@gmail.com
James Miller,415 Main St,james.miller12@gmail.com
Laura Davis,161 Main St,laura.davis12@gmail.com
John Rodriguez,718 Main St,john.rodriguez12@gmail.com
Jane Martinez,192 Main St,jane.martinez12@gmail.com
Michael Smith,223 Main St,michael.smith12@gmail.com
Emily Johnson,242 Main St,emily.johnson12@gmail.com
Chris Williams,263 Main St,chris.williams12@gmail.com
Jessica Brown,284 Main St,jessica.brown12@gmail.com
David Jones,305 Main St,david.jones12@gmail.com
Sarah Garcia,326 Main St,sarah.garcia12@gmail.com
James Miller,347 Main St,james.miller12@gmail.com
Laura Davis,368 Main St,laura.davis12@gmail.com
John Rodriguez,389 Main St,john.rodriguez12@gmail.com
Jane Martinez,410 Main St,jane.martinez12@gmail.com
Michael Smith,431 Main St,michael.smith12@gmail.com
Emily Johnson,452 Main St,emily.johnson12@gmail.com
Chris Williams,473 Main St,chris.williams12@gmail.com
Jessica Brown,494 Main St,jessica.brown12@gmail.com
David Jones,515 Main St,david.jones12@gmail.com
Sarah Garcia,536 Main St,sarah.garcia12@gmail.com
James Miller,557 Main St,james.miller12@gmail.com
Laura Davis,578 Main St,laura.davis12@gmail.com
John Rodriguez,599 Main St,john.rodriguez12@gmail.com
Jane Martinez,620 Main St,jane.martinez12@gmail.com
Michael Smith,641 Main St,michael.smith12@gmail.com
Emily Johnson,662 Main St,emily.johnson12@gmail.com
Chris Williams,683 Main St,chris.williams12@gmail.com
Jessica Brown,704 Main St,jessica.brown12@gmail.com
David Jones,725 Main St,david.jones12@gmail.com
Sarah Garcia,746 Main St,sarah.garcia12@gmail.com
James Miller,767 Main St,james.miller12@gmail.com
Laura Davis,788 Main St,laura.davis12@gmail.com
John Rodriguez,809 Main St,john.rodriguez12@gmail.com
Jane Martinez,830 Main St,jane.martinez12@gmail.com
Michael Smith,851 Main St,michael.smith12@gmail.com
Emily Johnson,872 Main St,emily.johnson12@gmail.com
Chris Williams,893 Main St,chris.williams12@gmail.com
Jessica Brown,914 Main St,jessica.brown12@gmail.com
David Jones,935 Main St,david.jones12@gmail.com
Sarah Garcia,956 Main St,sarah.garcia12@gmail.com
James Miller,977 Main St,james.miller12@gmail.com
Laura Davis,998 Main St,laura.davis12@gmail.com
John Rodriguez,1019 Main St,john.rodriguez12@gmail.com
Jane Martinez,1040 Main St,jane.martinez12@gmail.com
Michael Smith,1061 Main St,michael.smith12@gmail.com
Emily Johnson,1082 Main St,emily.johnson12@gmail.com
Chris Williams,1103 Main St,chris.williams12@gmail.com
Jessica Brown,1124 Main St,jessica.brown12@gmail.com
David Jones,1145 Main St,david.jones12@gmail.com
Sarah Garcia,1166 Main St,sarah.garcia12@gmail.com
James Miller,1187 Main St,james.miller12@gmail.com
Laura Davis,1208 Main St,laura.davis12@gmail.com
John Rodriguez,1229 Main St,john.rodriguez12@gmail.com
Jane Martinez,1250 Main St,jane.martinez12@gmail.com
Michael Smith,1271 Main St,michael.smith12@gmail.com
Emily Johnson,1292 Main St,emily.johnson12@gmail.com
Chris Williams,1313 Main St,chris.williams12@gmail.com
Jessica Brown,1334 Main St,jessica.brown12@gmail.com
David Jones,1355 Main St,david.jones12@gmail.com
Sarah Garcia,1376 Main St,sarah.garcia12@gmail.com
James Miller,1397 Main St,james.miller12@gmail.com
Laura Davis,1418 Main St,laura.davis12@gmail.com
John Rodriguez,1439 Main St,john.rodriguez12@gmail.com
Jane Martinez,1460 Main St,jane.martinez12@gmail.com
Michael Smith,1481 Main St,michael.smith12@gmail.com
Emily Johnson,1502 Main St,emily.johnson12@gmail.com
Chris Williams,1523 Main St,chris.williams12@gmail.com
Jessica Brown,1544 Main St,jessica.brown12@gmail.com
David Jones,1565 Main St,david.jones12@gmail.com
Sarah Garcia,1586 Main St,sarah.garcia12@gmail.com
James Miller,1607 Main St,james.miller12@gmail.com
Laura Davis,1628 Main St,laura.davis12@gmail.com
John Rodriguez,1649 Main St,john.rodriguez12@gmail.com
Jane Martinez,1670 Main St,jane.martinez12@gmail.com
Michael Smith,1691 Main St,michael.smith12@gmail.com
Emily Johnson,1712 Main St,emily.johnson12@gmail.com
Chris Williams,1733 Main St,chris.williams12@gmail.com
Jessica Brown,1754 Main St,jessica.brown12@gmail.com
David Jones,1775 Main St,david.jones12@gmail.com
Sarah Garcia,1796 Main St,sarah.garcia12@gmail.com
James Miller,1817 Main St,james.miller12@gmail.com
Laura Davis,1838 Main St,laura.davis12@gmail.com
John Rodriguez,1859 Main St,john.rodriguez12@gmail.com
Jane Martinez,1880 Main St,jane.martinez12@gmail.com
Michael Smith,1901 Main St,michael.smith12@gmail.com
Emily Johnson,1922 Main St,emily.johnson12@gmail.com
Chris Williams,1943 Main St,chris.williams12@gmail.com
Jessica Brown,1964 Main St,jessica.brown12@gmail.com
David Jones,1985 Main St,david.jones12@gmail.com
Sarah Garcia,2006 Main St,sarah.garcia12@gmail.com
James Miller,2027 Main St,james.miller12@gmail.com
Laura Davis,2048 Main St,laura.davis12@gmail.com
John Rodriguez,2069 Main St,john.rodriguez12@gmail.com
Jane Martinez,2090 Main St,jane.martinez12@gmail.com
Michael Smith,2111 Main St,michael.smith12@gmail.com
Emily Johnson,2132 Main St,emily.johnson12@gmail.com
Chris Williams,2153 Main St,chris.williams12@gmail.com
Jessica Brown,2174 Main St,jessica.brown12@gmail.com
David Jones,2195 Main St,david.jones12@gmail.com
Sarah Garcia,2216 Main St,sarah.garcia12@gmail.com
James Miller,2237 Main St,james.miller12@gmail.com
Laura Davis,2258 Main St,laura.davis12@gmail.com
John Rodriguez,2279 Main St,john.rodriguez12@gmail.com
Jane Martinez,2300 Main St,jane.martinez12@gmail.com
Michael Smith,2321 Main St,michael.smith12@gmail.com
Emily Johnson,2342 Main St,emily.johnson12@gmail.com
Chris Williams,2363 Main St,chris.williams12@gmail.com
Jessica Brown,2384 Main St,jessica.brown12@gmail.com
David Jones,2405 Main St,david.jones12@gmail.com
Sarah Garcia,2426 Main St,sarah.garcia12@gmail.com
James Miller,2447 Main St,james.miller12@gmail.com
Laura Davis,2468 Main St,laura.davis12@gmail.com
John Rodriguez,2489 Main St,john.rodriguez12@gmail.com
Jane Martinez,2510 Main St,jane.martinez12@gmail.com
Michael Smith,2531 Main St,michael.smith12@gmail.com
Emily Johnson,2552 Main St,emily.johnson12@gmail.com
Chris Williams,2573 Main St,chris.williams12@gmail.com
Jessica Brown,2594 Main St,jessica.brown12@gmail.com
David Jones,2615 Main St,david.jones12@gmail.com
Sarah Garcia,2636 Main St,sarah.garcia12@gmail.com
James Miller,2657 Main St,james.miller12@gmail.com
Laura Davis,2678 Main St,laura.davis12@gmail.com
John Rodriguez,2699 Main St,john.rodriguez12@gmail.com
Jane Martinez,2720 Main St,jane.martinez12@gmail.com
Michael Smith,2741 Main St,michael.smith12@gmail.com
Emily Johnson,2762 Main St,emily.johnson12@gmail.com
Chris Williams,2783 Main St,chris.williams12@gmail.com
Jessica Brown,2804 Main St,jessica.brown12@gmail.com
David Jones,2825 Main St,david.jones12@gmail.com
Sarah Garcia,2846 Main St,sarah.garcia12@gmail.com
James Miller,2867 Main St,james.miller12@gmail.com
Laura Davis,2888 Main St,laura.davis12@gmail.com
John Rodriguez,2909 Main St,john.rodriguez12@gmail.com
Jane Martinez,2930 Main St,jane.martinez12@gmail.com
Michael Smith,2951 Main St,michael.smith12@gmail.com
Emily Johnson,2972 Main St,emily.johnson12@gmail.com
Chris Williams,2993 Main St,chris.williams12@gmail.com
Jessica Brown,3014 Main St,jessica.brown12@gmail.com
David Jones,3035 Main St,david.jones12@gmail.com
Sarah Garcia,3056 Main St,sarah.garcia12@gmail.com
James Miller,3077 Main St,james.miller12@gmail.com
Laura Davis,3098 Main St,laura.davis12@gmail.com
John Rodriguez,3119 Main St,john.rodriguez12@gmail.com
Jane Martinez,3140 Main St,jane.martinez12@gmail.com
Michael Smith,3161 Main St,michael.smith12@gmail.com
Emily Johnson,3182 Main St,emily.johnson12@gmail.com
Chris Williams,3203 Main St,chris.williams12@gmail.com
Jessica Brown,3224 Main St,jessica.brown12@gmail.com
David Jones,3245 Main St,david.jones12@gmail.com
Sarah Garcia,3266 Main St,sarah.garcia12@gmail.com
James Miller,3287 Main St,james.miller12@gmail.com
Laura Davis,3308 Main St,laura.davis12@gmail.com
John Rodriguez,3329 Main St,john.rodriguez12@gmail.com
Jane Martinez,3350 Main St,jane.martinez12@gmail.com
Michael Smith,3371 Main St,michael.smith12@gmail.com
Emily Johnson,3392 Main St,emily.johnson12@gmail.com
Chris Williams,3413 Main St,chris.williams12@gmail.com
Jessica Brown,3434 Main St,jessica.brown12@gmail.com
David Jones,3455 Main St,david.jones12@gmail.com
Sarah Garcia,3476 Main St,sarah.garcia12@gmail.com
James Miller,3497 Main St,james.miller12@gmail.com
Laura Davis,3518 Main St,laura.davis12@gmail.com
John Rodriguez,3539 Main St,john.rodriguez12@gmail.com
Jane Martinez,3560 Main St,jane.martinez12@gmail.com
Michael Smith,3581 Main St,michael.smith12@gmail.com
Emily Johnson,3602 Main St,emily.johnson12@gmail.com
Chris Williams,3623 Main St,chris.williams12@gmail.com
Jessica Brown,3644 Main St,jessica.brown12@gmail.com
David Jones,3665 Main St,david.jones12@gmail.com
Sarah Garcia,3686 Main St,sarah.garcia12@gmail.com
James Miller,3707 Main St,james.miller12@gmail.com
Laura Davis,3728 Main St,laura.davis12@gmail.com
John Rodriguez,3749 Main St,john.rodriguez12@gmail.com
Jane Martinez,3770 Main St,jane.martinez12@gmail.com
Michael Smith,3791 Main St,michael.smith12@gmail.com
Emily Johnson,3812 Main St,emily.johnson12@gmail.com
Chris Williams,3833 Main St,chris.williams12@gmail.com
Jessica Brown,3854 Main St,jessica.brown12@gmail.com
David Jones,3875 Main St,david.jones12@gmail.com
Sarah Garcia,3896 Main St,sarah.garcia12@gmail.com
James Miller,3917 Main St,james.miller12@gmail.com
Laura Davis,3938 Main St,laura.davis12@gmail.com
John Rodriguez,3959 Main St,john.rodriguez12@gmail.com
Jane Martinez,3980 Main St,jane.martinez12@gmail.com
Michael Smith,4001 Main St,michael.smith12@gmail.com
Emily Johnson,4022 Main St,emily.johnson12@gmail.com
Chris Williams,4043 Main St,chris.williams12@gmail.com
Jessica Brown,4064 Main St,jessica.brown12@gmail.com
David Jones,4085 Main St,david.jones12@gmail.com
Sarah Garcia,4106 Main St,sarah.garcia12@gmail.com
James Miller,4127 Main St,james.miller12@gmail.com
Laura Davis,4148 Main St,laura.davis12@gmail.com
John Rodriguez,4169 Main St,john.rodriguez12@gmail.com
Jane Martinez,4190 Main St,jane.martinez12@gmail.com
Michael Smith,4211 Main St,michael.smith12@gmail.com
Emily Johnson,4232 Main St,emily.johnson12@gmail.com
Chris Williams,4253 Main St,chris.williams12@gmail.com
Jessica Brown,4274 Main St,jessica.brown12@gmail.com
David Jones,4295 Main St,david.jones12@gmail.com
Sarah Garcia,4316 Main St,sarah.garcia12@gmail.com
James Miller,4337 Main St,james.miller12@gmail.com
Laura Davis,4358 Main St,laura.davis12@gmail.com
John Rodriguez,4379 Main St,john.rodriguez12@gmail.com
Jane Martinez,4400 Main St,jane.martinez12@gmail.com
Michael Smith,4421 Main St,michael.smith12@gmail.com
Emily Johnson,4442 Main St,emily.johnson12@gmail.com
Chris Williams,4463 Main St,chris.williams12@gmail.com
Jessica Brown,4484 Main St,jessica.brown12@gmail.com
David Jones,4505 Main St,david.jones12@gmail.com
Sarah Garcia,4526 Main St,sarah.garcia12@gmail.com
James Miller,4547 Main St,james.miller12@gmail.com
Laura Davis,4568 Main St,laura.davis12@gmail.com
John Rodriguez,4589 Main St,john.rodriguez12@gmail.com
Jane Martinez,4610 Main St,jane.martinez12@gmail.com
Michael Smith,4631 Main St,michael.smith12@gmail.com
Emily Johnson,4652 Main St,emily.johnson12@gmail.com
Chris Williams,4673 Main St,chris.williams12@gmail.com
Jessica Brown,4694 Main St,jessica.brown12@gmail.com
David Jones,4715 Main St,david.jones12@gmail.com
Sarah Garcia,4736 Main St,sarah.garcia12@gmail.com
James Miller,4757 Main St,james.miller12@gmail.com
Laura Davis,4778 Main St,laura.davis12@gmail.com
John Rodriguez,4799 Main St,john.rodriguez12@gmail.com
Jane Martinez,4820 Main St,jane.martinez12@gmail.com
Michael Smith,4841 Main St,michael.smith12@gmail.com
Emily Johnson,4862 Main St,emily.johnson12@gmail.com
Chris Williams,4883 Main St,chris.williams12@gmail.com
Jessica Brown,4904 Main St,jessica.brown12@gmail.com
David Jones,4925 Main St,david.jones12@gmail.com
Sarah Garcia,4946 Main St,sarah.garcia12@gmail.com
James Miller,4967 Main St,james.miller12@gmail.com
Laura Davis,4988 Main St,laura.davis12@gmail.com
John Rodriguez,5009 Main St,john.rodriguez12@gmail.com
Jane Martinez,5030 Main St,jane.martinez12@gmail.com
Michael Smith,5051 Main St,michael.smith12@gmail.com
Emily Johnson,5072 Main St,emily.johnson12@gmail.com
Chris Williams,5093 Main St,chris.williams12@gmail.com
Jessica Brown,5114 Main St,jessica.brown12@gmail.com
David Jones,5135 Main St,david.jones12@gmail.com
Sarah Garcia,5156 Main St,sarah.garcia12@gmail.com
James Miller,5177 Main St,james.miller12@gmail.com
Laura Davis,5198 Main St,laura.davis12@gmail.com
John Rodriguez,5219 Main St,john.rodriguez12@gmail.com
Jane Martinez,5240 Main St,jane.martinez12@gmail.com
Michael Smith,5261 Main St,michael.smith12@gmail.com
Emily Johnson,5282 Main St,emily.johnson12@gmail.com
Chris Williams,5303 Main St,chris.williams12@gmail.com
Jessica Brown,5324 Main St,jessica.brown12@gmail.com
David Jones,5345 Main St,david.jones12@gmail.com
Sarah Garcia,5366 Main St,sarah.garcia12@gmail.com
James Miller,5387 Main St,james.miller12@gmail.com
Laura Davis,5408 Main St,laura.davis12@gmail.com
John Rodriguez,5429 Main St,john.rodriguez12@gmail.com
Jane Martinez,5450 Main St,jane.martinez12@gmail.com
Michael Smith,5471 Main St,michael.smith12@gmail.com
Emily Johnson,5492 Main St,emily.johnson12@gmail.com
Chris Williams,5513 Main St,chris.williams12@gmail.com
Jessica Brown,5534 Main St,jessica.brown12@gmail.com
David Jones,5555 Main St,david.jones12@gmail.com
Sarah Garcia,5576 Main St,sarah.garcia12@gmail.com
James Miller,5597 Main St,james.miller12@gmail.com
Laura Davis,5618 Main St,laura.davis12@gmail.com
John Rodriguez,5639 Main St,john.rodriguez12@gmail.com
Jane Martinez,5660 Main St,jane.martinez12@gmail.com
Michael Smith,5681 Main St,michael.smith12@gmail.com
Emily Johnson,5702 Main St,emily.johnson12@gmail.com
Chris Williams,5723 Main St,chris.williams12@gmail.com
Jessica Brown,5744 Main St,jessica.brown12@gmail.com
David Jones,5765 Main St,david.jones12@gmail.com
Sarah GarciaFull Name,Address,Email
john Doe,123 Main St,john.doe12@gmail.com
smith     maharjan Doe,123 Main St,smith.doe12@gmail.com
ram Doe,123 Main St,ram.doe12@gmail.com
Michael Smith,123 Main St,michael.smith12@gmail.com
Emily Johnson,456 Main St,emily.johnson12@gmail.com
Chris Williams,789 Main St,chris.williams12@gmail.com
Jessica Brown,101 Main St,jessica.brown12@gmail.com
David Jones,112 Main St,david.jones12@gmail.com
Sarah Garcia,131 Main St,sarah.garcia12@gmail.com
James Miller,415 Main St,james.miller12@gmail.com
Laura Davis,161 Main St,laura.davis12@gmail.com
John Rodriguez,718 Main St,john.rodriguez12@gmail.com
Jane Martinez,192 Main St,jane.martinez12@gmail.com
Michael Smith,223 Main St,michael.smith12@gmail.com
Emily Johnson,242 Main St,emily.johnson12@gmail.com
Chris Williams,263 Main St,chris.williams12@gmail.com
Jessica Brown,284 Main St,jessica.brown12@gmail.com
David Jones,305 Main St,david.jones12@gmail.com
Sarah Garcia,326 Main St,sarah.garcia12@gmail.com
James Miller,347 Main St,james.miller12@gmail.com
Laura Davis,368 Main St,laura.davis12@gmail.com
John Rodriguez,389 Main St,john.rodriguez12@gmail.com
Jane Martinez,410 Main St,jane.martinez12@gmail.com
Michael Smith,431 Main St,michael.smith12@gmail.com
Emily Johnson,452 Main St,emily.johnson12@gmail.com
Chris Williams,473 Main St,chris.williams12@gmail.com
Jessica Brown,494 Main St,jessica.brown12@gmail.com
David Jones,515 Main St,david.jones12@gmail.com
Sarah Garcia,536 Main St,sarah.garcia12@gmail.com
James Miller,557 Main St,james.miller12@gmail.com
Laura Davis,578 Main St,laura.davis12@gmail.com
John Rodriguez,599 Main St,john.rodriguez12@gmail.com
Jane Martinez,620 Main St,jane.martinez12@gmail.com
Michael Smith,641 Main St,michael.smith12@gmail.com
Emily Johnson,662 Main St,emily.johnson12@gmail.com
Chris Williams,683 Main St,chris.williams12@gmail.com
Jessica Brown,704 Main St,jessica.brown12@gmail.com
David Jones,725 Main St,david.jones12@gmail.com
Sarah Garcia,746 Main St,sarah.garcia12@gmail.com
James Miller,767 Main St,james.miller12@gmail.com
Laura Davis,788 Main St,laura.davis12@gmail.com
John Rodriguez,809 Main St,john.rodriguez12@gmail.com
Jane Martinez,830 Main St,jane.martinez12@gmail.com
Michael Smith,851 Main St,michael.smith12@gmail.com
Emily Johnson,872 Main St,emily.johnson12@gmail.com
Chris Williams,893 Main St,chris.williams12@gmail.com
Jessica Brown,914 Main St,jessica.brown12@gmail.com
David Jones,935 Main St,david.jones12@gmail.com
Sarah Garcia,956 Main St,sarah.garcia12@gmail.com
James Miller,977 Main St,james.miller12@gmail.com
Laura Davis,998 Main St,laura.davis12@gmail.com
John Rodriguez,1019 Main St,john.rodriguez12@gmail.com
Jane Martinez,1040 Main St,jane.martinez12@gmail.com
Michael Smith,1061 Main St,michael.smith12@gmail.com
Emily Johnson,1082 Main St,emily.johnson12@gmail.com
Chris Williams,1103 Main St,chris.williams12@gmail.com
Jessica Brown,1124 Main St,jessica.brown12@gmail.com
David Jones,1145 Main St,david.jones12@gmail.com
Sarah Garcia,1166 Main St,sarah.garcia12@gmail.com
James Miller,1187 Main St,james.miller12@gmail.com
Laura Davis,1208 Main St,laura.davis12@gmail.com
John Rodriguez,1229 Main St,john.rodriguez12@gmail.com
Jane Martinez,1250 Main St,jane.martinez12@gmail.com
Michael Smith,1271 Main St,michael.smith12@gmail.com
Emily Johnson,1292 Main St,emily.johnson12@gmail.com
Chris Williams,1313 Main St,chris.williams12@gmail.com
Jessica Brown,1334 Main St,jessica.brown12@gmail.com
David Jones,1355 Main St,david.jones12@gmail.com
Sarah Garcia,1376 Main St,sarah.garcia12@gmail.com
James Miller,1397 Main St,james.miller12@gmail.com
Laura Davis,1418 Main St,laura.davis12@gmail.com
John Rodriguez,1439 Main St,john.rodriguez12@gmail.com
Jane Martinez,1460 Main St,jane.martinez12@gmail.com
Michael Smith,1481 Main St,michael.smith12@gmail.com
Emily Johnson,1502 Main St,emily.johnson12@gmail.com
Chris Williams,1523 Main St,chris.williams12@gmail.com
Jessica Brown,1544 Main St,jessica.brown12@gmail.com
David Jones,1565 Main St,david.jones12@gmail.com
Sarah Garcia,1586 Main St,sarah.garcia12@gmail.com
James Miller,1607 Main St,james.miller12@gmail.com
Laura Davis,1628 Main St,laura.davis12@gmail.com
John Rodriguez,1649 Main St,john.rodriguez12@gmail.com
Jane Martinez,1670 Main St,jane.martinez12@gmail.com
Michael Smith,1691 Main St,michael.smith12@gmail.com
Emily Johnson,1712 Main St,emily.johnson12@gmail.com
Chris Williams,1733 Main St,chris.williams12@gmail.com
Jessica Brown,1754 Main St,jessica.brown12@gmail.com
David Jones,1775 Main St,david.jones12@gmail.com
Sarah Garcia,1796 Main St,sarah.garcia12@gmail.com
James Miller,1817 Main St,james.miller12@gmail.com
Laura Davis,1838 Main St,laura.davis12@gmail.com
John Rodriguez,1859 Main St,john.rodriguez12@gmail.com
Jane Martinez,1880 Main St,jane.martinez12@gmail.com
Michael Smith,1901 Main St,michael.smith12@gmail.com
Jane Marie Martinez,192 Main St,jane.marie.martinez12@gmail.com
Michael John Smith,223 Main St,michael.john.smith12@gmail.com
Emily Rose Johnson,242 Main St,emily.rose.johnson12@gmail.com
Chris Alan Williams,263 Main St,chris.alan.williams12@gmail.com
Jessica Marie Brown,284 Main St,jessica.marie.brown12@gmail.com
David Lee Jones,305 Main St,david.lee.jones12@gmail.com
Sarah Ann Garcia,326 Main St,sarah.ann.garcia12@gmail.com
James Robert Miller,347 Main St,james.robert.miller12@gmail.com
Laura Elizabeth Davis,368 Main St,laura.elizabeth.davis12@gmail.com
John Michael Rodriguez,389 Main St,john.michael.rodriguez12@gmail.com
Jane Marie Martinez,410 Main St,jane.marie.martinez12@gmail.com
Michael John Smith,431 Main St,michael.john.smith12@gmail.com
Emily Rose Johnson,452 Main St,emily.rose.johnson12@gmail.com
Chris Alan Williams,473 Main St,chris.alan.williams12@gmail.com
Jessica Marie Brown,494 Main St,jessica.marie.brown12@gmail.com
David Lee Jones,515 Main St,david.lee.jones12@gmail.com
Sarah Ann Garcia,536 Main St,sarah.ann.garcia12@gmail.com
James Robert Miller,557 Main St,james.robert.miller12@gmail.com
Laura Elizabeth Davis,578 Main St,laura.elizabeth.davis12@gmail.com
John Michael Rodriguez,599 Main St,john.michael.rodriguez12@gmail.com
Jane Marie Martinez,620 Main St,jane.marie.martinez12@gmail.com
Michael John Smith,641 Main St,michael.john.smith12@gmail.com
Emily Rose Johnson,662 Main St,emily.rose.johnson12@gmail.com
Chris Alan Williams,683 Main St,chris.alan.williams12@gmail.com
Jessica Marie Brown,704 Main St,jessica.marie.brown12@gmail.com
David Lee Jones,725 Main St,david.lee.jones12@gmail.com
Sarah Ann Garcia,746 Main St,sarah.ann.garcia12@gmail.com
James Robert Miller,767 Main St,james.robert.miller12@gmail.com
Laura Elizabeth Davis,788 Main St,laura.elizabeth.davis12@gmail.com
John Michael Rodriguez,809 Main St,john.michael.rodriguez12@gmail.com
Jane Marie Martinez,830 Main St,jane.marie.martinez12@gmail.com
Michael John Smith,851 Main St,michael.john.smith12@gmail.com
Emily Rose Johnson,872 Main St,emily.rose.johnson12@gmail.com
Chris Alan Williams,893 Main St,chris.alan.williams12@gmail.com
Jessica Marie Brown,914 Main St,jessica.marie.brown12@gmail.com
David Lee Jones,935 Main St,david.lee.jones12@gmail.com
Sarah Ann Garcia,956 Main St,sarah.ann.garcia12@gmail.com
James Robert Miller,977 Main St,james.robert.miller12@gmail.com
Laura Elizabeth Davis,998 Main St,laura.elizabeth.davis12@gmail.com
John Michael Rodriguez,1019 Main St,john.michael.rodriguez12@gmail.com
Jane Marie Martinez,1040 Main St,jane.marie.martinez12@gmail.com
Michael John Smith,1061 Main St,michael.john.smith12@gmail.com
Emily Rose Johnson,1082 Main St,emily.rose.johnson12@gmail.com
Chris Alan Williams,1103 Main St,chris.alan.williams12@gmail.com
Jessica Marie Brown,1124 Main St,jessica.marie.brown12@gmail.com
David Lee Jones,1145 Main St,david.lee.jones12@gmail.com
Sarah Ann Garcia,1166 Main St,sarah.ann.garcia12@gmail.com
James Robert Miller,1187 Main St,james.robert.miller12@gmail.com
Laura Elizabeth Davis,1208 Main St,laura.elizabeth.davis12@gmail.com
John Michael Rodriguez,1229 Main St,john.michael.rodriguez12@gmail.com
Jane Marie Martinez,1250 Main St,jane.marie.martinez12@gmail.com
Michael John Smith,1271 Main St,michael.john.smith12@gmail.com
Emily Rose Johnson,1292 Main St,emily.rose.johnson12@gmail.com
Chris Alan Williams,1313 Main St,chris.alan.williams12@gmail.com
Jessica Marie Brown,1334 Main St,jessica.marie.brown12@gmail.com
David Lee Jones,1355 Main St,david.lee.jones12@gmail.com
Sarah Ann Garcia,1376 Main St,sarah.ann.garcia12@gmail.com
James Robert Miller,1397 Main St,james.robert.miller12@gmail.com
Laura Elizabeth Davis,1418 Main St,laura.elizabeth.davis12@gmail.com
John Michael Rodriguez,1439 Main St,john.michael.rodriguez12@gmail.com
Jane Marie Martinez,1460 Main St,jane.marie.martinez12@gmail.com
Michael John Smith,1481 Main St,michael.john.smith12@gmail.com
Emily Rose Johnson,1502 Main St,emily.rose.johnson12@gmail.com
Chris Alan Williams,1523 Main St,chris.alan.williams12@gmail.com
Jessica Marie Brown,1544 Main St,jessica.marie.brown12@gmail.com
David Lee Jones,1565 Main St,david.lee.jones12@gmail.com
Sarah Ann Garcia,1586 Main St,sarah.ann.garcia12@gmail.com
James Robert Miller,1607 Main St,james.robert.miller12@gmail.com
Laura Elizabeth Davis,1628 Main St,laura.elizabeth.davis12@gmail.com
John Michael Rodriguez,1649 Main St,john.michael.rodriguez12@gmail.com
Jane Marie Martinez,1670 Main St,jane.marie.martinez12@gmail.com
Michael John Smith,1691 Main St,michael.john.smith12@gmail.com
Emily Rose Johnson,1712 Main St,emily.rose.johnson12@gmail.com
Chris Alan Williams,1733 Main St,chris.alan.williams12@gmail.com
Jessica Marie Brown,1754 Main St,jessica.marie.brown12@gmail.com
David Lee Jones,1775 Main St,david.lee.jones12@gmail.com
Sarah Ann Garcia,1796 Main St,sarah.ann.garcia12@gmail.com
James Robert Miller,1817 Main St,james.robert.miller12@gmail.com
Laura Elizabeth Davis,1838 Main St,laura.elizabeth.davis12@gmail.com
John Michael Rodriguez,1859 Main St,john.michael.rodriguez12@gmail.com
Jane Marie Martinez,1880 Main St,jane.marie.martinez12@gmail.com
Michael John Smith,1901 Main St,michael.john.smith12@gmail.com
Emily Rose Johnson,1922 Main St,emily.rose.johnson12@gmail.com
Chris Alan Williams,1943 Main St,chris.alan.williams12@gmail.com
Jessica Marie Brown,1964 Main St,jessica.marie.brown12@gmail.com
David Lee Jones,1985 Main St,david.lee.jones12@gmail.com
Sarah Ann Garcia,2006 Main St,sarah.ann.garcia12@gmail.com
James Robert Miller,2027 Main St,james.robert.miller12@gmail.com
Laura Elizabeth Davis,2048 Main St,laura.elizabeth.davis12@gmail.com
John Michael Rodriguez,2069 Main St,john.michael.rodriguez12@gmail.com
Jane Marie Martinez,2090 Main St,jane.marie.martinez12@gmail.com
Michael John Smith,2111 Main St,michael.john.smith12@gmail.com
Emily Rose Johnson,2132 Main St,emily.rose.johnson12@gmail.com
Chris Alan Williams,2153 Main St,chris.alan.williams12@gmail.com
Jessica Marie Brown,2174 Main St,jessica.marie.brown12@gmail.com
David Lee Jones,2195 Main St,david.lee.jones12@gmail.com
Sarah Ann Garcia,2216 Main St,sarah.ann.garcia12@gmail.com
James Robert Miller,2237 Main St,james.robert.miller12@gmail.com
Laura Elizabeth Davis,2258 Main St,laura.elizabeth.davis12@gmail.com
John Michael Rodriguez,2279 Main St,john.michael.rodriguez12@gmail.com
Jane Marie Martinez,2300 Main St,jane.marie.martinez12@gmail.com
Michael John Smith,2321 Main St,michael.john.smith12@gmail.com
Emily Rose Johnson,2342 Main St,emily.rose.johnson12@gmail.com
Chris Alan Williams,2363 Main St,chris.alan.williams12@gmail.com
Jessica Marie Brown,2384 Main St,jessica.marie.brown12@gmail.com
David Lee Jones,2405 Main St,david.lee.jones12@gmail.com
Sarah Ann Garcia,2426 Main St,sarah.ann.garcia12@gmail.com
James Robert Miller,2447 Main St,james.robert.miller12@gmail.com
Laura Elizabeth Davis,2468 Main St,laura.elizabeth.davis12@gmail.com
John Michael Rodriguez,2489 Main St,john.michael.rodriguez12@gmail.com
Jane Marie Martinez,2510 Main St,jane.marie.martinez12@gmail.com
Michael John Smith,2531 Main St,michael.john.smith12@gmail.com
Emily Rose Johnson,2552 Main St,emily.rose.johnson12@gmail.com
Chris Alan Williams,2573 Main St,chris.alan.williams12@gmail.com
Jessica Marie Brown,2594 Main St,jessica.marie.brown12@gmail.com
David Lee Jones,2615 Main St,david.lee.jones12@gmail.com
Sarah Ann Garcia,2636 Main St,sarah.ann.garcia12@gmail.com
James Robert Miller,2657 Main St,james.robert.miller12@gmail.com
Laura Elizabeth Davis,2678 Main St,laura.elizabeth.davis12@gmail.com
John Michael Rodriguez,2699 Main St,john.michael.rodriguez12@gmail.com
Jane Marie Martinez,2720 Main St,jane.marie.martinez12@gmail.com
Michael John Smith,2741 Main St,michael.john.smith12@gmail.com
Emily Rose Johnson,2762 Main St,emily.rose.johnson12@gmail.com
Chris Alan Williams,2783 Main St,chris.alan.williams12@gmail.com
Jessica Marie Brown,2804 Main St,jessica.marie.brown12@gmail.com
David Lee Jones,2825 Main St,david.lee.jones12@gmail.com
Sarah Ann Garcia,2846 Main St,sarah.ann.garcia12@gmail.com
James Robert Miller,2867 Main St,james.robert.miller12@gmail.com
Laura Elizabeth Davis,2888 Main St,laura.elizabeth.davis12@gmail.com
John Michael Rodriguez,2909 Main St,john.michael.rodriguez12@gmail.com
Jane Marie Martinez,2930 Main St,jane.marie.martinez12@gmail.com
Michael John Smith,2951 Main St,michael.john.smith12@gmail.com
Emily Rose Johnson,2972 Main St,emily.rose.johnson12@gmail.com
Chris Alan Williams,2993 Main St,chris.alan.williams12@gmail.com
Jessica Marie Brown,3014 Main St,jessica.marie.brown12@gmail.com
David Lee Jones,3035 Main St,david.lee.jones12@gmail.com
Sarah Ann Garcia,3056 Main St,sarah.ann.garcia12@gmail.com
James Robert Miller,3077 Main St,james.robert.miller12@gmail.com
Laura Elizabeth Davis,3098 Main St,laura.elizabeth.davis12@gmail.com
John Michael Rodriguez,3119 Main St,john.michael.rodriguez12@gmail.com
Jane Marie Martinez,3140 Main St,jane.marie.martinez12@gmail.com
Michael John Smith,3161 Main St,michael.john.smith12@gmail.com
Emily Rose Johnson,3182 Main St,emily.rose.johnson12@gmail.com
Chris Alan Williams,3203 Main St,chris.alan.williams12@gmail.com
Jessica Marie Brown,3224 Main St,jessica.marie.brown12@gmail.com
David Lee Jones,3245 Main St,david.lee.jones12@gmail.com
Sarah Ann Garcia,3266 Main St,sarah.ann.garcia12@gmail.com
James Robert Miller,3287 Main St,james.robert.miller12@gmail.com
Laura Elizabeth Davis,3308 Main St,laura.elizabeth.davis12@gmail.com
John Michael Rodriguez,3329 Main St,john.michael.rodriguez12@gmail.com
Jane Marie Martinez,3350 Main St,jane.marie.martinez12@gmail.com
Michael John Smith,3371 Main St,michael.john.smith12@gmail.com
Emily Rose Johnson,3392 Main St,emily.rose.johnson12@gmail.com
Chris Alan Williams,3413 Main St,chris.alan.williams12@gmail.com
Jessica Marie Brown,3434 Main St,jessica.marie.brown12@gmail.com
David Lee Jones,3455 Main St,david.lee.jones12@gmail.com
Sarah Ann Garcia,3476 Main St,sarah.ann.garcia12@gmail.com
James Robert Miller,3497 Main St,james.robert.miller12@gmail.com
Laura Elizabeth Davis,3518 Main St,laura.elizabeth.davis12@gmail.com
John Michael Rodriguez,3539 Main St,john.michael.rodriguez12@gmail.com
Jane Marie Martinez,3560 Main St,jane.marie.martinez12@gmail.com
Michael John Smith,3581 Main St,michael.john.smith12@gmail.com
Emily Rose Johnson,3602 Main St,emily.rose.johnson12@gmail.com
Chris Alan Williams,3623 Main St,chris.alan.williams12@gmail.com
Jessica Marie Brown,3644 Main St,jessica.marie.brown12@gmail.com
David Lee Jones,3665 Main St,david.lee.jones12@gmail.com
Sarah Ann Garcia,3686 Main St,sarah.ann.garcia12@gmail.com
James Robert Miller,3707 Main St,james.robert.miller12@gmail.com
Laura Elizabeth Davis,3728 Main St,laura.elizabeth.davis12@gmail.com
John Michael Rodriguez,3749 Main St,john.michael.rodriguez12@gmail.com
Jane Marie Martinez,3770 Main St,jane.marie.martinez12@gmail.com
Michael John Smith,3791 Main St,michael.john.smith12@gmail.com
Emily Rose Johnson,3812 Main St,emily.rose.johnson12@gmail.com
Chris Alan Williams,3833 Main St,chris.alan.williams12@gmail.com
Jessica Marie Brown,3854 Main St,jessica.marie.brown12@gmail.com
David Lee Jones,3875 Main St,david.lee.jones12@gmail.com
Sarah Ann Garcia,3896 Main St,sarah.ann.garcia12@gmail.com
James Robert Miller,3917 Main St,james.robert.miller12@gmail.com
Laura Elizabeth Davis,3938 Main St,laura.elizabeth.davis12@gmail.com
John Michael Rodriguez,3959 Main St,john.michael.rodriguez12@gmail.com
Jane Marie Martinez,3980 Main St,jane.marie.martinez12@gmail.com
Michael John Smith,4001 Main St,michael.john.smith12@gmail.com
Emily Rose Johnson,4022 Main St,emily.rose.johnson12@gmail.com
Chris Alan Williams,4043 Main St,chris.alan.williams12@gmail.com
Jessica Marie Brown,4064 Main St,jessica.marie.brown12@gmail.com
David Lee Jones,4085 Main St,david.lee.jones12@gmail.com
Sarah Ann Garcia,4106 Main St,sarah.ann.garcia12@gmail.com
James Robert Miller,4127 Main St,james.robert.miller12@gmail.com
Laura Elizabeth Davis,4148 Main St,laura.elizabeth.davis12@gmail.com
John Michael Rodriguez,4169 Main St,john.michael.rodriguez12@gmail.com
Jane Marie Martinez,4190 Main St,jane.marie.martinez12@gmail.com
Michael John Smith,4211 Main St,michael.john.smith12@gmail.com
Emily Rose Johnson,4232 Main St,emily.rose.johnson12@gmail.com
Chris Alan Williams,4253 Main St,chris.alan.williams12@gmail.com
Jessica Marie Brown,4274 Main St,jessica.marie.brown12@gmail.com
David Lee Jones,4295 Main St,david.lee.jones12@gmail.com
Sarah Ann Garcia,4316 Main St,sarah.ann.garcia12@gmail.com
James Robert Miller,4337 Main St,james.robert.miller12@gmail.com
Laura Elizabeth Davis,4358 Main St,laura.elizabeth.davis12@gmail.com
John Michael Rodriguez,4379 Main St,john.michael.rodriguez12@gmail.com
Jane Marie Martinez,4400 Main St,jane.marie.martinez12@gmail.com
Michael John Smith,4421 Main St,michael.john.smith12@gmail.com
Emily Rose Johnson,4442 Main St,emily.rose.johnson12@gmail.com
Chris Alan Williams,4463 Main St,chris.alan.williams12@gmail.com
Jessica Marie Brown,4484 Main St,jessica.marie.brown12@gmail.com
David Lee Jones,4505 Main St,david.lee.jones12@gmail.com
Sarah Ann Garcia,4526 Main St,sarah.ann.garcia12@gmail.com
James Robert Miller,4547 Main St,james.robert.miller12@gmail.comFull Name,Address,Email
john Doe,123 Main St,john.doe12@gmail.com
smith     maharjan Doe,123 Main St,smith.doe12@gmail.com
ram Doe,123 Main St,ram.doe12@gmail.com
Michael John Smith,123 Main St,michael.john.smith12@gmail.com
Emily Rose Johnson,456 Main St,emily.rose.johnson12@gmail.com
Chris Alan Williams,789 Main St,chris.alan.williams12@gmail.com
Jessica Marie Brown,101 Main St,jessica.marie.brown12@gmail.com
David Lee Jones,112 Main St,david.lee.jones12@gmail.com
Sarah Ann Garcia,131 Main St,sarah.ann.garcia12@gmail.com
James Robert Miller,415 Main St,james.robert.miller12@gmail.com
Laura Elizabeth Davis,161 Main St,laura.elizabeth.davis12@gmail.com
John Michael Rodriguez,718 Main St,john.michael.rodriguez12@gmail.com
Jane Marie Martinez,192 Main St,jane.marie.martinez12@gmail.com
Michael John Smith,223 Main St,michael.john.smith12@gmail.com
Emily Rose Johnson,242 Main St,emily.rose.johnson12@gmail.com
Chris Alan Williams,263 Main St,chris.alan.williams12@gmail.com
Jessica Marie Brown,284 Main St,jessica.marie.brown12@gmail.com
David Lee Jones,305 Main St,david.lee.jones12@gmail.com
Sarah Ann Garcia,326 Main St,sarah.ann.garcia12@gmail.com
James Robert Miller,347 Main St,james.robert.miller12@gmail.com
Laura Elizabeth Davis,368 Main St,laura.elizabeth.davis12@gmail.com
John Michael Rodriguez,389 Main St,john.michael.rodriguez12@gmail.com
Jane Marie Martinez,410 Main St,jane.marie.martinez12@gmail.com
Michael John Smith,431 Main St,michael.john.smith12@gmail.com
Emily Rose Johnson,452 Main St,emily.rose.johnson12@gmail.com
Chris Alan Williams,473 Main St,chris.alan.williams12@gmail.com
Jessica Marie Brown,494 Main St,jessica.marie.brown12@gmail.com
David Lee Jones,515 Main St,david.lee.jones12@gmail.com
Sarah Ann Garcia,536 Main St,sarah.ann.garcia12@gmail.com
James Robert Miller,557 Main St,james.robert.miller12@gmail.com
Laura Elizabeth Davis,578 Main St,laura.elizabeth.davis12@gmail.com
John Michael Rodriguez,599 Main St,john.michael.rodriguez12@gmail.com
Jane Marie Martinez,620 Main St,jane.marie.martinez12@gmail.com
Michael John Smith,641 Main St,michael.john.smith12@gmail.com
Emily Rose Johnson,662 Main St,emily.rose.johnson12@gmail.com
Chris Alan Williams,683 Main St,chris.alan.williams12@gmail.com
Jessica Marie Brown,704 Main St,jessica.marie.brown12@gmail.com
David Lee Jones,725 Main St,david.lee.jones12@gmail.com
Sarah Ann Garcia,746 Main St,sarah.ann.garcia12@gmail.com
James Robert Miller,767 Main St,james.robert.miller12@gmail.com
Laura Elizabeth Davis,788 Main St,laura.elizabeth.davis12@gmail.com
John Michael Rodriguez,809 Main St,john.michael.rodriguez12@gmail.com
Jane Marie Martinez,830 Main St,jane.marie.martinez12@gmail.com
Michael John Smith,851 Main St,michael.john.smith12@gmail.com
Emily Rose Johnson,872 Main St,emily.rose.johnson12@gmail.com
Chris Alan Williams,893 Main St,chris.alan.williams12@gmail.com
Jessica Marie Brown,914 Main St,jessica.marie.brown12@gmail.com
David Lee Jones,935 Main St,david.lee.jones12@gmail.com
Sarah Ann Garcia,956 Main St,sarah.ann.garcia12@gmail.com
James Robert Miller,977 Main St,james.robert.miller12@gmail.com
Laura Elizabeth Davis,998 Main St,laura.elizabeth.davis12@gmail.com
John Michael Rodriguez,1019 Main St,john.michael.rodriguez12@gmail.com
Jane Marie Martinez,1040 Main St,jane.marie.martinez12@gmail.com
Michael John Smith,1061 Main St,michael.john.smith12@gmail.com
Emily Rose Johnson,1082 Main St,emily.rose.johnson12@gmail.com
Chris Alan Williams,1103 Main St,chris.alan.williams12@gmail.com
Jessica Marie Brown,1124 Main St,jessica.marie.brown12@gmail.com
David Lee Jones,1145 Main St,david.lee.jones12@gmail.com
Sarah Ann Garcia,1166 Main St,sarah.ann.garcia12@gmail.com
James Robert Miller,1187 Main St,james.robert.miller12@gmail.com
Laura Elizabeth Davis,1208 Main St,laura.elizabeth.davis12@gmail.com
John Michael Rodriguez,1229 Main St,john.michael.rodriguez12@gmail.com
Jane Marie Martinez,1250 Main St,jane.marie.martinez12@gmail.com
Michael John Smith,1271 Main St,michael.john.smith12@gmail.com
Emily Rose Johnson,1292 Main St,emily.rose.johnson12@gmail.com
Chris Alan Williams,1313 Main St,chris.alan.williams12@gmail.com
Jessica Marie Brown,1334 Main St,jessica.marie.brown12@gmail.com
David Lee Jones,1355 Main St,david.lee.jones12@gmail.com
Sarah Ann Garcia,1376 Main St,sarah.ann.garcia12@gmail.com
James Robert Miller,1397 Main St,james.robert.miller12@gmail.com
Laura Elizabeth Davis,1418 Main St,laura.elizabeth.davis12@gmail.com
John Michael Rodriguez,1439 Main St,john.michael.rodriguez12@gmail.com
Jane Marie Martinez,1460 Main St,jane.marie.martinez12@gmail.com
Michael John Smith,1481 Main St,michael.john.smith12@gmail.com
Emily Rose Johnson,1502 Main St,emily.rose.johnson12@gmail.com
Chris Alan Williams,1523 Main St,chris.alan.williams12@gmail.com
Jessica Marie Brown,1544 Main St,jessica.marie.brown12@gmail.com
David Lee Jones,1565 Main St,david.lee.jones12@gmail.com
Sarah Ann Garcia,1586 Main St,sarah.ann.garcia12@gmail.com
James Robert Miller,1607 Main St,james.robert.miller12@gmail.com
Laura Elizabeth Davis,1628 Main St,laura.elizabeth.davis12@gmail.com
John Michael Rodriguez,1649 Main St,john.michael.rodriguez12@gmail.com
Jane Marie Martinez,1670 Main St,jane.marie.martinez12@gmail.com
Michael John Smith,1691 Main St,michael.john.smith12@gmail.com
Emily Rose Johnson,1712 Main St,emily.rose.johnson12@gmail.com
Chris Alan Williams,1733 Main St,chris.alan.williams12@gmail.com
Jessica Marie Brown,1754 Main St,jessica.marie.brown12@gmail.com
David Lee Jones,1775 Main St,david.lee.jones12@gmail.com
Sarah Ann Garcia,1796 Main St,sarah.ann.garcia12@gmail.com
James Robert Miller,1817 Main St,james.robert.miller12@gmail.com
Laura Elizabeth Davis,1838 Main St,laura.elizabeth.davis12@gmail.com
John Michael Rodriguez,1859 Main St,john.michael.rodriguez12@gmail.com
Jane Marie Martinez,1880 Main St,jane.marie.martinez12@gmail.com
Michael John Smith,1901 Main St,michael.john.smith12@gmail.com
Emily Rose Johnson,1922 Main St,emily.rose.johnson12@gmail.com
Chris Alan Williams,1943 Main St,chris.alan.williams12@gmail.com
Jessica Marie Brown,1964 Main St,jessica.marie.brown12@gmail.com
David Lee Jones,1985 Main St,david.lee.jones12@gmail.com
Sarah Ann Garcia,2006 Main St,sarah.ann.garcia12@gmail.com
James Robert Miller,2027 Main St,james.robert.miller12@gmail.com
Laura Elizabeth Davis,2048 Main St,laura.elizabeth.davis12@gmail.com
John Michael Rodriguez,2069 Main St,john.michael.rodriguez12@gmail.com
Jane Marie Martinez,2090 Main St,jane.marie.martinez12@gmail.com
Michael John Smith,2111 Main St,michael.john.smith12@gmail.com
Emily Rose Johnson,2132 Main St,emily.rose.johnson12@gmail.com
Chris Alan Williams,2153 Main St,chris.alan.williams12@gmail.com
Jessica Marie Brown,2174 Main St,jessica.marie.brown12@gmail.com
David Lee Jones,2195 Main St,david.lee.jones12@gmail.com
Sarah Ann Garcia,2216 Main St,sarah.ann.garcia12@gmail.com
James Robert Miller,2237 Main St,james.robert.miller12@gmail.com
Laura Elizabeth Davis,2258 Main St,laura.elizabeth.davis12@gmail.com
John Michael Rodriguez,2279 Main St,john.michael.rodriguez12@gmail.com
Jane Marie Martinez,2300 Main St,jane.marie.martinez12@gmail.com
Michael John Smith,2321 Main St,michael.john.smith12@gmail.com
Emily Rose Johnson,2342 Main St,emily.rose.johnson12@gmail.com
Chris Alan Williams,2363 Main St,chris.alan.williams12@gmail.com
Jessica Marie Brown,2384 Main St,jessica.marie.brown12@gmail.com
David Lee Jones,2405 Main St,david.lee.jones12@gmail.com
Sarah Ann Garcia,2426 Main St,sarah.ann.garcia12@gmail.com
James Robert Miller,2447 Main St,james.robert.miller12@gmail.com
Laura Elizabeth Davis,2468 Main St,laura.elizabeth.davis12@gmail.com
John Michael Rodriguez,2489 Main St,john.michael.rodriguez12@gmail.com
Jane Marie Martinez,2510 Main St,jane.marie.martinez12@gmail.com
Michael John Smith,2531 Main St,michael.john.smith12@gmail.com
Emily Rose Johnson,2552 Main St,emily.rose.johnson12@gmail.com
Chris Alan Williams,2573 Main St,chris.alan.williams12@gmail.com
Jessica Marie Brown,2594 Main St,jessica.marie.brown12@gmail.com
David Lee Jones,2615 Main St,david.lee.jones12@gmail.com
Sarah Ann Garcia,2636 Main St,sarah.ann.garcia12@gmail.com
James Robert Miller,2657 Main St,james.robert.miller12@gmail.com
Laura Elizabeth Davis,2678 Main St,laura.elizabeth.davis12@gmail.com
John Michael Rodriguez,2699 Main St,john.michael.rodriguez12@gmail.com
Jane Marie Martinez,2720 Main St,jane.marie.martinez12@gmail.com
Michael John Smith,2741 Main St,michael.john.smith12@gmail.com
Emily Rose Johnson,2762 Main St,emily.rose.johnson12@gmail.com
Chris Alan Williams,2783 Main St,chris.alan.williams12@gmail.com
Jessica Marie Brown,2804 Main St,jessica.marie.brown12@gmail.com
David Lee Jones,2825 Main St,david.lee.jones12@gmail.com
Sarah Ann Garcia,2846 Main St,sarah.ann.garcia12@gmail.com
James Robert Miller,2867 Main St,james.robert.miller12@gmail.com
Laura Elizabeth Davis,2888 Main St,laura.elizabeth.davis12@gmail.com
John Michael Rodriguez,2909 Main St,john.michael.rodriguez12@gmail.com
Jane Marie Martinez,2930 Main St,jane.marie.martinez12@gmail.com
Michael John Smith,2951 Main St,michael.john.smith12@gmail.com
Emily Rose Johnson,2972 Main St,emily.rose.johnson12@gmail.com
Chris Alan Williams,2993 Main St,chris.alan.williams12@gmail.com
Jessica Marie Brown,3014 Main St,jessica.marie.brown12@gmail.com
David Lee Jones,3035 Main St,david.lee.jones12@gmail.com
Sarah Ann Garcia,3056 Main St,sarah.ann.garcia12@gmail.com
James Robert Miller,3077 Main St,james.robert.miller12@gmail.com
Laura Elizabeth Davis,3098 Main St,laura.elizabeth.davis12@gmail.com
John Michael Rodriguez,3119 Main St,john.michael.rodriguez12@gmail.com
Jane Marie Martinez,3140 Main St,jane.marie.martinez12@gmail.com
Michael John Smith,3161 Main St,michael.john.smith12@gmail.com
Emily Rose Johnson,3182 Main St,emily.rose.johnson12@gmail.com
Chris Alan Williams,3203 Main St,chris.alan.williams12@gmail.com
Jessica Marie Brown,3224 Main St,jessica.marie.brown12@gmail.com
David Lee Jones,3245 Main St,david.lee.jones12@gmail.com
Sarah Ann Garcia,3266 Main St,sarah.ann.garcia12@gmail.com
James Robert Miller,3287 Main St,james.robert.miller12@gmail.com
Laura Elizabeth Davis,3308 Main St,laura.elizabeth.davis12@gmail.com
John Michael Rodriguez,3329 Main St,john.michael.rodriguez12@gmail.com
Jane Marie Martinez,3350 Main St,jane.marie.martinez12@gmail.com
Michael John Smith,3371 Main St,michael.john.smith12@gmail.com
Emily Rose Johnson,3392 Main St,emily.rose.johnson12@gmail.com
Chris Alan Williams,3413 Main St,chris.alan.williams12@gmail.com
Jessica Marie Brown,3434 Main St,jessica.marie.brown12@gmail.com
David Lee Jones,3455 Main St,david.lee.jones12@gmail.com
Sarah Ann Garcia,3476 Main St,sarah.ann.garcia12@gmail.com
James Robert Miller,3497 Main St,james.robert.miller12@gmail.com
Laura Elizabeth Davis,3518 Main St,laura.elizabeth.davis12@gmail.com
John Michael Rodriguez,3539 Main St,john.michael.rodriguez12@gmail.com
Jane Marie Martinez,3560 Main St,jane.marie.martinez12@gmail.com
Michael John Smith,3581 Main St,michael.john.smith12@gmail.com
Emily Rose Johnson,3602 Main St,emily.rose.johnson12@gmail.com
Chris Alan Williams,3623 Main St,chris.alan.williams12@gmail.com
Jessica Marie Brown,3644 Main St,jessica.marie.brown12@gmail.com
David Lee Jones,3665 Main St,david.lee.jones12@gmail.com
Sarah Ann Garcia,3686 Main St,sarah.ann.garcia12@gmail.com
James Robert Miller,3707 Main St,james.robert.miller12@gmail.com
Laura Elizabeth Davis,3728 Main St,laura.elizabeth.davis12@gmail.com
John Michael Rodriguez,3749 Main St,john.michael.rodriguez12@gmail.com
Jane Marie Martinez,3770 Main St,jane.marie.martinez12@gmail.com
Michael John Smith,3791 Main St,michael.john.smith12@gmail.com
Emily Rose Johnson,3812 Main St,emily.rose.johnson12@gmail.com
Chris Alan Williams,3833 Main St,chris.alan.williams12@gmail.com
Jessica Marie Brown,3854 Main St,jessica.marie.brown12@gmail.com
David Lee Jones,3875 Main St,david.lee.jones12@gmail.com
Sarah Ann Garcia,3896 Main St,sarah.ann.garcia12@gmail.com
James Robert Miller,3917 Main St,james.robert.miller12@gmail.com
Laura Elizabeth Davis,3938 Main St,laura.elizabeth.davis12@gmail.com
John Michael Rodriguez,3959 Main St,john.michael.rodriguez12@gmail.com
Jane Marie Martinez,3980 Main St,jane.marie.martinez12@gmail.com
Michael John Smith,4001 Main St,michael.john.smith12@gmail.com
Emily Rose Johnson,4022 Main St,emily.rose.johnson12@gmail.com
Chris Alan Williams,4043 Main St,chris.alan.williams12@gmail.com
Jessica Marie Brown,4064 Main St,jessica.marie.brown12@gmail.com
David Lee Jones,4085 Main St,david.lee.jones12@gmail.com
Sarah Ann Garcia,4106 Main St,sarah.ann.garcia12@gmail.com
James Robert Miller,4127 Main St,james.robert.miller12@gmail.com
Laura Elizabeth Davis,4148 Main St,laura.elizabeth.davis12@gmail.com
John Michael Rodriguez,4169 Main St,john.michael.rodriguez12@gmail.com
Jane Marie Martinez,4190 Main St,jane.marie.martinez12@gmail.com
Michael John Smith,4211 Main St,michael.john.smith12@gmail.com
Emily Rose Johnson,4232 Main St,emily.rose.johnson12@gmail.com
Chris Alan Williams,4253 Main St,chris.alan.williams12@gmail.com
Jessica Marie Brown,4274 Main St,jessica.marie.brown12@gmail.com
David Lee Jones,4295 Main St,david.lee.jones12@gmail.com
Sarah Ann Garcia,4316 Main St,sarah.ann.garcia12@gmail.com
James Robert Miller,4337 Main St,james.robert.miller12@gmail.com
Laura Elizabeth Davis,4358 Main St,laura.elizabeth.davis12@gmail.com
John Michael Rodriguez,4379 Main St,john.michael.rodriguez12@gmail.com
Jane Marie Martinez,4400 Main St,jane.marie.martinez12@gmail.com
Michael John Smith,4421 Main St,michael.john.smith12@gmail.com
Emily Rose Johnson,4442 Main St,emily.rose.johnson12@gmail.com
Chris Alan Williams,4463 Main St,chris.alan.williams12@gmail.com
Jessica Marie Brown,4484 Main St,jessica.marie.brown12@gmail.com
David Lee Jones,4505 Main St,david.lee.jones12@gmail.com
Sarah Ann Garcia,4526 Main St,sarah.ann.garcia12@gmail.com
James Robert Miller,4547 Main St,james.robert.miller12@gmail.com
Jessica Brown,2174 Main St,jessica.brown12@gmail.com
David Jones,2195 Main St,david.jones12@gmail.com
Sarah Garcia,2216 Main St,sarah.garcia12@gmail.com
James Miller,2237 Main St,james.miller12@gmail.com
Laura Davis,2258 Main St,laura.davis12@gmail.com
John Rodriguez,2279 Main St,john.rodriguez12@gmail.com
Jane Martinez,2300 Main St,jane.martinez12@gmail.com
Michael Smith,2321 Main St,michael.smith12@gmail.com
Emily Johnson,2342 Main St,emily.johnson12@gmail.com
Chris Williams,2363 Main St,chris.williams12@gmail.com
Jessica Brown,2384 Main St,jessica.brown12@gmail.com
David Jones,2405 Main St,david.jones12@gmail.com
Sarah Garcia,2426 Main St,sarah.garcia12@gmail.com
James Miller,2447 Main St,james.miller12@gmail.com
Laura Davis,2468 Main St,laura.davis12@gmail.com
John Rodriguez,2489 Main St,john.rodriguez12@gmail.com
Jane Martinez,2510 Main St,jane.martinez12@gmail.com
Michael Smith,2531 Main St,michael.smith12@gmail.com
Emily Johnson,2552 Main St,emily.johnson12@gmail.com
Chris Williams,2573 Main St,chris.williams12@gmail.com
Jessica Brown,2594 Main St,jessica.brown12@gmail.com
David Jones,2615 Main St,david.jones12@gmail.com
Sarah Garcia,2636 Main St,sarah.garcia12@gmail.com
James Miller,2657 Main St,james.miller12@gmail.com
Laura Davis,2678 Main St,laura.davis12@gmail.com
John Rodriguez,2699 Main St,john.rodriguez12@gmail.com
Jane Martinez,2720 Main St,jane.martinez12@gmail.com
Michael Smith,2741 Main St,michael.smith12@gmail.com
Emily Johnson,2762 Main St,emily.johnson12@gmail.com
Chris Williams,2783 Main St,chris.williams12@gmail.com
Jessica Brown,2804 Main St,jessica.brown12@gmail.com
David Jones,2825 Main St,david.jones12@gmail.com
Sarah Garcia,2846 Main St,sarah.garcia12@gmail.com
James Miller,2867 Main St,james.miller12@gmail.com
Laura Davis,2888 Main St,laura.davis12@gmail.com
John Rodriguez,2909 Main St,john.rodriguez12@gmail.com
Jane Martinez,2930 Main St,jane.martinez12@gmail.com
Michael Smith,2951 Main St,michael.smith12@gmail.com
Emily Johnson,2972 Main St,emily.johnson12@gmail.com
Chris Williams,2993 Main St,chris.williams12@gmail.com
Jessica Brown,3014 Main St,jessica.brown12@gmail.com
David Jones,3035 Main St,david.jones12@gmail.com
Sarah Garcia,3056 Main St,sarah.garcia12@gmail.com
James Miller,3077 Main St,james.miller12@gmail.com
Laura Davis,3098 Main St,laura.davis12@gmail.com
John Rodriguez,3119 Main St,john.rodriguez12@gmail.com
Jane Martinez,3140 Main St,jane.martinez12@gmail.com
Michael Smith,3161 Main St,michael.smith12@gmail.com
Emily Johnson,3182 Main St,emily.johnson12@gmail.com
Chris Williams,3203 Main St,chris.williams12@gmail.com
Jessica Brown,3224 Main St,jessica.brown12@gmail.com
David Jones,3245 Main St,david.jones12@gmail.com
Sarah Garcia,3266 Main St,sarah.garcia12@gmail.com
James Miller,3287 Main St,james.miller12@gmail.com
Laura Davis,3308 Main St,laura.davis12@gmail.com
John Rodriguez,3329 Main St,john.rodriguez12@gmail.com
Jane Martinez,3350 Main St,jane.martinez12@gmail.com
Michael Smith,3371 Main St,michael.smith12@gmail.com
Emily Johnson,3392 Main St,emily.johnson12@gmail.com
Chris Williams,3413 Main St,chris.williams12@gmail.com
Jessica Brown,3434 Main St,jessica.brown12@gmail.com
David Jones,3455 Main St,david.jones12@gmail.com
Sarah Garcia,3476 Main St,sarah.garcia12@gmail.com
James Miller,3497 Main St,james.miller12@gmail.com
Laura Davis,3518 Main St,laura.davis12@gmail.com
John Rodriguez,3539 Main St,john.rodriguez12@gmail.com
Jane Martinez,3560 Main St,jane.martinez12@gmail.com
Michael Smith,3581 Main St,michael.smith12@gmail.com
Emily Johnson,3602 Main St,emily.johnson12@gmail.com
Chris Williams,3623 Main St,chris.williams12@gmail.com
Jessica Brown,3644 Main St,jessica.brown12@gmail.com
David Jones,3665 Main St,david.jones12@gmail.com
Sarah Garcia,3686 Main St,sarah.garcia12@gmail.com
James Miller,3707 Main St,james.miller12@gmail.com
Laura Davis,3728 Main St,laura.davis12@gmail.com
John Rodriguez,3749 Main St,john.rodriguez12@gmail.com
Jane Martinez,3770 Main St,jane.martinez12@gmail.com
Michael Smith,3791 Main St,michael.smith12@gmail.com
Emily Johnson,3812 Main St,emily.johnson12@gmail.com
Chris Williams,3833 Main St,chris.williams12@gmail.com
Jessica Brown,3854 Main St,jessica.brown12@gmail.com
David Jones,3875 Main St,david.jones12@gmail.com
Sarah Garcia,3896 Main St,sarah.garcia12@gmail.com
James Miller,3917 Main St,james.miller12@gmail.com
Laura Davis,3938 Main St,laura.davis12@gmail.com
John Rodriguez,3959 Main St,john.rodriguez12@gmail.com
Jane Martinez,3980 Main St,jane.martinez12@gmail.com
Michael Smith,4001 Main St,michael.smith12@gmail.com
Emily Johnson,4022 Main St,emily.johnson12@gmail.com
Chris Williams,4043 Main St,chris.williams12@gmail.com
Jessica Brown,4064 Main St,jessica.brown12@gmail.com
David Jones,4085 Main St,david.jones12@gmail.com
Sarah Garcia,4106 Main St,sarah.garcia12@gmail.com
James Miller,4127 Main St,james.miller12@gmail.com
Laura Davis,4148 Main St,laura.davis12@gmail.com
John Rodriguez,4169 Main St,john.rodriguez12@gmail.com
Jane Martinez,4190 Main St,jane.martinez12@gmail.com
Michael Smith,4211 Main St,michael.smith12@gmail.com
Emily Johnson,4232 Main St,emily.johnson12@gmail.com
Chris Williams,4253 Main St,chris.williams12@gmail.com
Jessica Brown,4274 Main St,jessica.brown12@gmail.com
David Jones,4295 Main St,david.jones12@gmail.com
Sarah Garcia,4316 Main St,sarah.garcia12@gmail.com
James Miller,4337 Main St,james.miller12@gmail.com
Laura Davis,4358 Main St,laura.davis12@gmail.com
John Rodriguez,4379 Main St,john.rodriguez12@gmail.com
Jane Martinez,4400 Main St,jane.martinez12@gmail.com
Michael Smith,4421 Main St,michael.smith12@gmail.com
Emily Johnson,4442 Main St,emily.johnson12@gmail.com
Chris Williams,4463 Main St,chris.williams12@gmail.com
Jessica Brown,4484 Main St,jessica.brown12@gmail.com
David Jones,4505 Main St,david.jones12@gmail.com
Sarah Garcia,4526 Main St,sarah.garcia12@gmail.com
James Miller,4547 Main St,james.miller12@gmail.com
Laura Davis,4568 Main St,laura.davis12@gmail.com
John Rodriguez,4589 Main St,john.rodriguez12@gmail.com
Jane Martinez,4610 Main St,jane.martinez12@gmail.com
Michael Smith,4631 Main St,michael.smith12@gmail.com
Emily Johnson,4652 Main St,emily.johnson12@gmail.com
Chris Williams,4673 Main St,chris.williams12@gmail.com
Jessica Brown,4694 Main St,jessica.brown12@gmail.com
David Jones,4715 Main St,david.jones12@gmail.com
Sarah Garcia,4736 Main St,sarah.garcia12@gmail.com
James Miller,4757 Main St,james.miller12@gmail.com
Laura Davis,4778 Main St,laura.davis12@gmail.com
John Rodriguez,4799 Main St,john.rodriguez12@gmail.com
Jane Martinez,4820 Main St,jane.martinez12@gmail.com
Michael Smith,4841 Main St,michael.smith12@gmail.com
Emily Johnson,4862 Main St,emily.johnson12@gmail.com
Chris Williams,4883 Main St,chris.williams12@gmail.com
Jessica Brown,4904 Main St,jessica.brown12@gmail.com
David Jones,4925 Main St,david.jones12@gmail.com
Sarah Garcia,4946 Main St,sarah.garcia12@gmail.com
James Miller,4967 Main St,james.miller12@gmail.com
Laura Davis,4988 Main St,laura.davis12@gmail.com
John Rodriguez,5009 Main St,john.rodriguez12@gmail.com
Jane Martinez,5030 Main St,jane.martinez12@gmail.com
Michael Smith,5051 Main St,michael.smith12@gmail.com
Emily Johnson,5072 Main St,emily.johnson12@gmail.com
Chris Williams,5093 Main St,chris.williams12@gmail.com
Jessica Brown,5114 Main St,jessica.brown12@gmail.com
David Jones,5135 Main St,david.jones12@gmail.com
Sarah Garcia,5156 Main St,sarah.garcia12@gmail.com
James Miller,5177 Main St,james.miller12@gmail.com
Laura Davis,5198 Main St,laura.davis12@gmail.com
John Rodriguez,5219 Main St,john.rodriguez12@gmail.com
Jane Martinez,5240 Main St,jane.martinez12@gmail.com
Michael Smith,5261 Main St,michael.smith12@gmail.com
Emily Johnson,5282 Main St,emily.johnson12@gmail.com
Chris Williams,5303 Main St,chris.williams12@gmail.com
Jessica Brown,5324 Main St,jessica.brown12@gmail.com
David Jones,5345 Main St,david.jones12@gmail.com
Sarah Garcia,5366 Main St,sarah.garcia12@gmail.com
James Miller,5387 Main St,james.miller12@gmail.com
Laura Davis,5408 Main St,laura.davis12@gmail.com
John Rodriguez,5429 Main St,john.rodriguez12@gmail.com
Jane Martinez,5450 Main St,jane.martinez12@gmail.com
Michael Smith,5471 Main St,michael.smith12@gmail.com
Emily Johnson,5492 Main St,emily.johnson12@gmail.com
Chris Williams,5513 Main St,chris.williams12@gmail.com
Jessica Brown,5534 Main St,jessica.brown12@gmail.com
David Jones,5555 Main St,david.jones12@gmail.com
Sarah Garcia,5576 Main St,sarah.garcia12@gmail.com
James Miller,5597 Main St,james.miller12@gmail.com
Laura Davis,5618 Main St,laura.davis12@gmail.com
John Rodriguez,5639 Main St,john.rodriguez12@gmail.com
Jane Martinez,5660 Main St,jane.martinez12@gmail.com
Michael Smith,5681 Main St,michael.smith12@gmail.com
Emily Johnson,5702 Main St,emily.johnson12@gmail.com
Chris Williams,5723 Main St,chris.williams12@gmail.com
Jessica Brown,5744 Main St,jessica.brown12@gmail.com
David Jones,5765 Main St,david.jones12@gmail.com
john Doe,123 Main St,john.doe12@gmail.com
smith     maharjan Doe,123 Main St,smith.doe12@gmail.com
ram Doe,123 Main St,ram.doe12@gmail.com
Full Name,Address,Email
john Doe,123 Main St,john.doe12@gmail.com
smith     maharjan Doe,123 Main St,smith.doe12@gmail.com
ram Doe,123 Main St,ram.doe12@gmail.com
Michael Smith,123 Main St,michael.smith12@gmail.com
Emily Johnson,456 Main St,emily.johnson12@gmail.com
Chris Williams,789 Main St,chris.williams12@gmail.com
Jessica Brown,101 Main St,jessica.brown12@gmail.com
David Jones,112 Main St,david.jones12@gmail.com
Sarah Garcia,131 Main St,sarah.garcia12@gmail.com
James Miller,415 Main St,james.miller12@gmail.com
Laura Davis,161 Main St,laura.davis12@gmail.com
John Rodriguez,718 Main St,john.rodriguez12@gmail.com
Jane Martinez,192 Main St,jane.martinez12@gmail.com
Michael Smith,223 Main St,michael.smith12@gmail.com
Emily Johnson,242 Main St,emily.johnson12@gmail.com
Chris Williams,263 Main St,chris.williams12@gmail.com
Jessica Brown,284 Main St,jessica.brown12@gmail.com
David Jones,305 Main St,david.jones12@gmail.com
Sarah Garcia,326 Main St,sarah.garcia12@gmail.com
James Miller,347 Main St,james.miller12@gmail.com
Laura Davis,368 Main St,laura.davis12@gmail.com
John Rodriguez,389 Main St,john.rodriguez12@gmail.com
Jane Martinez,410 Main St,jane.martinez12@gmail.com
Michael Smith,431 Main St,michael.smith12@gmail.com
Emily Johnson,452 Main St,emily.johnson12@gmail.com
Chris Williams,473 Main St,chris.williams12@gmail.com
Jessica Brown,494 Main St,jessica.brown12@gmail.com
David Jones,515 Main St,david.jones12@gmail.com
Sarah Garcia,536 Main St,sarah.garcia12@gmail.com
James Miller,557 Main St,james.miller12@gmail.com
Laura Davis,578 Main St,laura.davis12@gmail.com
John Rodriguez,599 Main St,john.rodriguez12@gmail.com
Jane Martinez,620 Main St,jane.martinez12@gmail.com
Michael Smith,641 Main St,michael.smith12@gmail.com
Emily Johnson,662 Main St,emily.johnson12@gmail.com
Chris Williams,683 Main St,chris.williams12@gmail.com
Jessica Brown,704 Main St,jessica.brown12@gmail.com
David Jones,725 Main St,david.jones12@gmail.com
Sarah Garcia,746 Main St,sarah.garcia12@gmail.com
James Miller,767 Main St,james.miller12@gmail.com
Laura Davis,788 Main St,laura.davis12@gmail.com
John Rodriguez,809 Main St,john.rodriguez12@gmail.com
Jane Martinez,830 Main St,jane.martinez12@gmail.com
Michael Smith,851 Main St,michael.smith12@gmail.com
Emily Johnson,872 Main St,emily.johnson12@gmail.com
Chris Williams,893 Main St,chris.williams12@gmail.com
Jessica Brown,914 Main St,jessica.brown12@gmail.com
David Jones,935 Main St,david.jones12@gmail.com
Sarah Garcia,956 Main St,sarah.garcia12@gmail.com
James Miller,977 Main St,james.miller12@gmail.com
Laura Davis,998 Main St,laura.davis12@gmail.com
John Rodriguez,1019 Main St,john.rodriguez12@gmail.com
Jane Martinez,1040 Main St,jane.martinez12@gmail.com
Michael Smith,1061 Main St,michael.smith12@gmail.com
Emily Johnson,1082 Main St,emily.johnson12@gmail.com
Chris Williams,1103 Main St,chris.williams12@gmail.com
Jessica Brown,1124 Main St,jessica.brown12@gmail.com
David Jones,1145 Main St,david.jones12@gmail.com
Sarah Garcia,1166 Main St,sarah.garcia12@gmail.com
James Miller,1187 Main St,james.miller12@gmail.com
Laura Davis,1208 Main St,laura.davis12@gmail.com
John Rodriguez,1229 Main St,john.rodriguez12@gmail.com
Jane Martinez,1250 Main St,jane.martinez12@gmail.com
Michael Smith,1271 Main St,michael.smith12@gmail.com
Emily Johnson,1292 Main St,emily.johnson12@gmail.com
Chris Williams,1313 Main St,chris.williams12@gmail.com
Jessica Brown,1334 Main St,jessica.brown12@gmail.com
David Jones,1355 Main St,david.jones12@gmail.com
Sarah Garcia,1376 Main St,sarah.garcia12@gmail.com
James Miller,1397 Main St,james.miller12@gmail.com
Laura Davis,1418 Main St,laura.davis12@gmail.com
John Rodriguez,1439 Main St,john.rodriguez12@gmail.com
Jane Martinez,1460 Main St,jane.martinez12@gmail.com
Michael Smith,1481 Main St,michael.smith12@gmail.com
Emily Johnson,1502 Main St,emily.johnson12@gmail.com
Chris Williams,1523 Main St,chris.williams12@gmail.com
Jessica Brown,1544 Main St,jessica.brown12@gmail.com
David Jones,1565 Main St,david.jones12@gmail.com
Sarah Garcia,1586 Main St,sarah.garcia12@gmail.com
James Miller,1607 Main St,james.miller12@gmail.com
Laura Davis,1628 Main St,laura.davis12@gmail.com
John Rodriguez,1649 Main St,john.rodriguez12@gmail.com
Jane Martinez,1670 Main St,jane.martinez12@gmail.com
Michael Smith,1691 Main St,michael.smith12@gmail.com
Emily Johnson,1712 Main St,emily.johnson12@gmail.com
Chris Williams,1733 Main St,chris.williams12@gmail.com
Jessica Brown,1754 Main St,jessica.brown12@gmail.com
David Jones,1775 Main St,david.jones12@gmail.com
Sarah Garcia,1796 Main St,sarah.garcia12@gmail.com
James Miller,1817 Main St,james.miller12@gmail.com
Laura Davis,1838 Main St,laura.davis12@gmail.com
John Rodriguez,1859 Main St,john.rodriguez12@gmail.com
Jane Martinez,1880 Main St,jane.martinez12@gmail.com
Michael Smith,1901 Main St,michael.smith12@gmail.com
Emily Johnson,1922 Main St,emily.johnson12@gmail.com
Chris Williams,1943 Main St,chris.williams12@gmail.com
Jessica Brown,1964 Main St,jessica.brown12@gmail.com
David Jones,1985 Main St,david.jones12@gmail.com
Sarah Garcia,2006 Main St,sarah.garcia12@gmail.com
James Miller,2027 Main St,james.miller12@gmail.com
Laura Davis,2048 Main St,laura.davis12@gmail.com
John Rodriguez,2069 Main St,john.rodriguez12@gmail.com
Jane Martinez,2090 Main St,jane.martinez12@gmail.com
Michael Smith,2111 Main St,michael.smith12@gmail.com
Emily Johnson,2132 Main St,emily.johnson12@gmail.com
Chris Williams,2153 Main St,chris.williams12@gmail.com
Jessica Brown,2174 Main St,jessica.brown12@gmail.com
David Jones,2195 Main St,david.jones12@gmail.com
Sarah Garcia,2216 Main St,sarah.garcia12@gmail.com
James Miller,2237 Main St,james.miller12@gmail.com
Laura Davis,2258 Main St,laura.davis12@gmail.com
John Rodriguez,2279 Main St,john.rodriguez12@gmail.com
Jane Martinez,2300 Main St,jane.martinez12@gmail.com
Michael Smith,2321 Main St,michael.smith12@gmail.com
Emily Johnson,2342 Main St,emily.johnson12@gmail.com
Chris Williams,2363 Main St,chris.williams12@gmail.com
Jessica Brown,2384 Main St,jessica.brown12@gmail.com
David Jones,2405 Main St,david.jones12@gmail.com
Sarah Garcia,2426 Main St,sarah.garcia12@gmail.com
James Miller,2447 Main St,james.miller12@gmail.com
Laura Davis,2468 Main St,laura.davis12@gmail.com
John Rodriguez,2489 Main St,john.rodriguez12@gmail.com
Jane Martinez,2510 Main St,jane.martinez12@gmail.com
Michael Smith,2531 Main St,michael.smith12@gmail.com
Emily Johnson,2552 Main St,emily.johnson12@gmail.com
Chris Williams,2573 Main St,chris.williams12@gmail.com
Jessica Brown,2594 Main St,jessica.brown12@gmail.com
David Jones,2615 Main St,david.jones12@gmail.com
Sarah Garcia,2636 Main St,sarah.garcia12@gmail.com
James Miller,2657 Main St,james.miller12@gmail.com
Laura Davis,2678 Main St,laura.davis12@gmail.com
John Rodriguez,2699 Main St,john.rodriguez12@gmail.com
Jane Martinez,2720 Main St,jane.martinez12@gmail.com
Michael Smith,2741 Main St,michael.smith12@gmail.com
Emily Johnson,2762 Main St,emily.johnson12@gmail.com
Chris Williams,2783 Main St,chris.williams12@gmail.com
Jessica Brown,2804 Main St,jessica.brown12@gmail.com
David Jones,2825 Main St,david.jones12@gmail.com
Sarah Garcia,2846 Main St,sarah.garcia12@gmail.com
James Miller,2867 Main St,james.miller12@gmail.com
Laura Davis,2888 Main St,laura.davis12@gmail.com
John Rodriguez,2909 Main St,john.rodriguez12@gmail.com
Jane Martinez,2930 Main St,jane.martinez12@gmail.com
Michael Smith,2951 Main St,michael.smith12@gmail.com
Emily Johnson,2972 Main St,emily.johnson12@gmail.com
Chris Williams,2993 Main St,chris.williams12@gmail.com
Jessica Brown,3014 Main St,jessica.brown12@gmail.com
David Jones,3035 Main St,david.jones12@gmail.com
Sarah Garcia,3056 Main St,sarah.garcia12@gmail.com
James Miller,3077 Main St,james.miller12@gmail.com
Laura Davis,3098 Main St,laura.davis12@gmail.com
John Rodriguez,3119 Main St,john.rodriguez12@gmail.com
Jane Martinez,3140 Main St,jane.martinez12@gmail.com
Michael Smith,3161 Main St,michael.smith12@gmail.com
Emily Johnson,3182 Main St,emily.johnson12@gmail.com
Chris Williams,3203 Main St,chris.williams12@gmail.com
Jessica Brown,3224 Main St,jessica.brown12@gmail.com
David Jones,3245 Main St,david.jones12@gmail.com
Sarah Garcia,3266 Main St,sarah.garcia12@gmail.com
James Miller,3287 Main St,james.miller12@gmail.com
Laura Davis,3308 Main St,laura.davis12@gmail.com
John Rodriguez,3329 Main St,john.rodriguez12@gmail.com
Jane Martinez,3350 Main St,jane.martinez12@gmail.com
Michael Smith,3371 Main St,michael.smith12@gmail.com
Emily Johnson,3392 Main St,emily.johnson12@gmail.com
Chris Williams,3413 Main St,chris.williams12@gmail.com
Jessica Brown,3434 Main St,jessica.brown12@gmail.com
David Jones,3455 Main St,david.jones12@gmail.com
Sarah Garcia,3476 Main St,sarah.garcia12@gmail.com
James Miller,3497 Main St,james.miller12@gmail.com
Laura Davis,3518 Main St,laura.davis12@gmail.com
John Rodriguez,3539 Main St,john.rodriguez12@gmail.com
Jane Martinez,3560 Main St,jane.martinez12@gmail.com
Michael Smith,3581 Main St,michael.smith12@gmail.com
Emily Johnson,3602 Main St,emily.johnson12@gmail.com
Chris Williams,3623 Main St,chris.williams12@gmail.com
Jessica Brown,3644 Main St,jessica.brown12@gmail.com
David Jones,3665 Main St,david.jones12@gmail.com
Sarah Garcia,3686 Main St,sarah.garcia12@gmail.com
James Miller,3707 Main St,james.miller12@gmail.com
Laura Davis,3728 Main St,laura.davis12@gmail.com
John Rodriguez,3749 Main St,john.rodriguez12@gmail.com
Jane Martinez,3770 Main St,jane.martinez12@gmail.com
Michael Smith,3791 Main St,michael.smith12@gmail.com
Emily Johnson,3812 Main St,emily.johnson12@gmail.com
Chris Williams,3833 Main St,chris.williams12@gmail.com
Jessica Brown,3854 Main St,jessica.brown12@gmail.com
David Jones,3875 Main St,david.jones12@gmail.com
Sarah Garcia,3896 Main St,sarah.garcia12@gmail.com
James Miller,3917 Main St,james.miller12@gmail.com
Laura Davis,3938 Main St,laura.davis12@gmail.com
John Rodriguez,3959 Main St,john.rodriguez12@gmail.com
Jane Martinez,3980 Main St,jane.martinez12@gmail.com
Michael Smith,4001 Main St,michael.smith12@gmail.com
Emily Johnson,4022 Main St,emily.johnson12@gmail.com
Chris Williams,4043 Main St,chris.williams12@gmail.com
Jessica Brown,4064 Main St,jessica.brown12@gmail.com
David Jones,4085 Main St,david.jones12@gmail.com
Sarah Garcia,4106 Main St,sarah.garcia12@gmail.com
James Miller,4127 Main St,james.miller12@gmail.com
Laura Davis,4148 Main St,laura.davis12@gmail.com
John Rodriguez,4169 Main St,john.rodriguez12@gmail.com
Jane Martinez,4190 Main St,jane.martinez12@gmail.com
Michael Smith,4211 Main St,michael.smith12@gmail.com
Emily Johnson,4232 Main St,emily.johnson12@gmail.com
Chris Williams,4253 Main St,chris.williams12@gmail.com
Jessica Brown,4274 Main St,jessica.brown12@gmail.com
David Jones,4295 Main St,david.jones12@gmail.com
Sarah Garcia,4316 Main St,sarah.garcia12@gmail.com
James Miller,4337 Main St,james.miller12@gmail.com
Laura Davis,4358 Main St,laura.davis12@gmail.com
John Rodriguez,4379 Main St,john.rodriguez12@gmail.com
Jane Martinez,4400 Main St,jane.martinez12@gmail.com
Michael Smith,4421 Main St,michael.smith12@gmail.com
Emily Johnson,4442 Main St,emily.johnson12@gmail.com
Chris Williams,4463 Main St,chris.williams12@gmail.com
Jessica Brown,4484 Main St,jessica.brown12@gmail.com
David Jones,4505 Main St,david.jones12@gmail.com
Sarah Garcia,4526 Main St,sarah.garcia12@gmail.com
James Miller,4547 Main St,james.miller12@gmail.com
Laura Davis,4568 Main St,laura.davis12@gmail.com
John Rodriguez,4589 Main St,john.rodriguez12@gmail.com
Jane Martinez,4610 Main St,jane.martinez12@gmail.com
Michael Smith,4631 Main St,michael.smith12@gmail.com
Emily Johnson,4652 Main St,emily.johnson12@gmail.com
Chris Williams,4673 Main St,chris.williams12@gmail.com
Jessica Brown,4694 Main St,jessica.brown12@gmail.com
David Jones,4715 Main St,david.jones12@gmail.com
Sarah Garcia,4736 Main St,sarah.garcia12@gmail.com
James Miller,4757 Main St,james.miller12@gmail.com
Laura Davis,4778 Main St,laura.davis12@gmail.com
John Rodriguez,4799 Main St,john.rodriguez12@gmail.com
Jane Martinez,4820 Main St,jane.martinez12@gmail.com
Michael Smith,4841 Main St,michael.smith12@gmail.com
Emily Johnson,4862 Main St,emily.johnson12@gmail.com
Chris Williams,4883 Main St,chris.williams12@gmail.com
Jessica Brown,4904 Main St,jessica.brown12@gmail.com
David Jones,4925 Main St,david.jones12@gmail.com
Sarah Garcia,4946 Main St,sarah.garcia12@gmail.com
James Miller,4967 Main St,james.miller12@gmail.com
Laura Davis,4988 Main St,laura.davis12@gmail.com
John Rodriguez,5009 Main St,john.rodriguez12@gmail.com
Jane Martinez,5030 Main St,jane.martinez12@gmail.com
Michael Smith,5051 Main St,michael.smith12@gmail.com
Emily Johnson,5072 Main St,emily.johnson12@gmail.com
Chris Williams,5093 Main St,chris.williams12@gmail.com
Jessica Brown,5114 Main St,jessica.brown12@gmail.com
David Jones,5135 Main St,david.jones12@gmail.com
Sarah Garcia,5156 Main St,sarah.garcia12@gmail.com
James Miller,5177 Main St,james.miller12@gmail.com
Laura Davis,5198 Main St,laura.davis12@gmail.com
John Rodriguez,5219 Main St,john.rodriguez12@gmail.com
Jane Martinez,5240 Main St,jane.martinez12@gmail.com
Michael Smith,5261 Main St,michael.smith12@gmail.com
Emily Johnson,5282 Main St,emily.johnson12@gmail.com
Chris Williams,5303 Main St,chris.williams12@gmail.com
Jessica Brown,5324 Main St,jessica.brown12@gmail.com
David Jones,5345 Main St,david.jones12@gmail.com
Sarah Garcia,5366 Main St,sarah.garcia12@gmail.com
James Miller,5387 Main St,james.miller12@gmail.com
Laura Davis,5408 Main St,laura.davis12@gmail.com
John Rodriguez,5429 Main St,john.rodriguez12@gmail.com
Jane Martinez,5450 Main St,jane.martinez12@gmail.com
Michael Smith,5471 Main St,michael.smith12@gmail.com
Emily Johnson,5492 Main St,emily.johnson12@gmail.com
Chris Williams,5513 Main St,chris.williams12@gmail.com
Jessica Brown,5534 Main St,jessica.brown12@gmail.com
David Jones,5555 Main St,david.jones12@gmail.com
Sarah Garcia,5576 Main St,sarah.garcia12@gmail.com
James Miller,5597 Main St,james.miller12@gmail.com
Laura Davis,5618 Main St,laura.davis12@gmail.com
John Rodriguez,5639 Main St,john.rodriguez12@gmail.com
Jane Martinez,5660 Main St,jane.martinez12@gmail.com
Michael Smith,5681 Main St,michael.smith12@gmail.com
Emily Johnson,5702 Main St,emily.johnson12@gmail.com
Chris Williams,5723 Main St,chris.williams12@gmail.com
Jessica Brown,5744 Main St,jessica.brown12@gmail.com
David Jones,5765 Main St,david.jones12@gmail.com
Sarah GarciaFull Name,Address,Email
john Doe,123 Main St,john.doe12@gmail.com
smith     maharjan Doe,123 Main St,smith.doe12@gmail.com
ram Doe,123 Main St,ram.doe12@gmail.com
Michael Smith,123 Main St,michael.smith12@gmail.com
Emily Johnson,456 Main St,emily.johnson12@gmail.com
Chris Williams,789 Main St,chris.williams12@gmail.com
Jessica Brown,101 Main St,jessica.brown12@gmail.com
David Jones,112 Main St,david.jones12@gmail.com
Sarah Garcia,131 Main St,sarah.garcia12@gmail.com
James Miller,415 Main St,james.miller12@gmail.com
Laura Davis,161 Main St,laura.davis12@gmail.com
John Rodriguez,718 Main St,john.rodriguez12@gmail.com
Jane Martinez,192 Main St,jane.martinez12@gmail.com
Michael Smith,223 Main St,michael.smith12@gmail.com
Emily Johnson,242 Main St,emily.johnson12@gmail.com
Chris Williams,263 Main St,chris.williams12@gmail.com
Jessica Brown,284 Main St,jessica.brown12@gmail.com
David Jones,305 Main St,david.jones12@gmail.com
Sarah Garcia,326 Main St,sarah.garcia12@gmail.com
James Miller,347 Main St,james.miller12@gmail.com
Laura Davis,368 Main St,laura.davis12@gmail.com
John Rodriguez,389 Main St,john.rodriguez12@gmail.com
Jane Martinez,410 Main St,jane.martinez12@gmail.com
Michael Smith,431 Main St,michael.smith12@gmail.com
Emily Johnson,452 Main St,emily.johnson12@gmail.com
Chris Williams,473 Main St,chris.williams12@gmail.com
Jessica Brown,494 Main St,jessica.brown12@gmail.com
David Jones,515 Main St,david.jones12@gmail.com
Sarah Garcia,536 Main St,sarah.garcia12@gmail.com
James Miller,557 Main St,james.miller12@gmail.com
Laura Davis,578 Main St,laura.davis12@gmail.com
John Rodriguez,599 Main St,john.rodriguez12@gmail.com
Jane Martinez,620 Main St,jane.martinez12@gmail.com
Michael Smith,641 Main St,michael.smith12@gmail.com
Emily Johnson,662 Main St,emily.johnson12@gmail.com
Chris Williams,683 Main St,chris.williams12@gmail.com
Jessica Brown,704 Main St,jessica.brown12@gmail.com
David Jones,725 Main St,david.jones12@gmail.com
Sarah Garcia,746 Main St,sarah.garcia12@gmail.com
James Miller,767 Main St,james.miller12@gmail.com
Laura Davis,788 Main St,laura.davis12@gmail.com
John Rodriguez,809 Main St,john.rodriguez12@gmail.com
Jane Martinez,830 Main St,jane.martinez12@gmail.com
Michael Smith,851 Main St,michael.smith12@gmail.com
Emily Johnson,872 Main St,emily.johnson12@gmail.com
Chris Williams,893 Main St,chris.williams12@gmail.com
Jessica Brown,914 Main St,jessica.brown12@gmail.com
David Jones,935 Main St,david.jones12@gmail.com
Sarah Garcia,956 Main St,sarah.garcia12@gmail.com
James Miller,977 Main St,james.miller12@gmail.com
Laura Davis,998 Main St,laura.davis12@gmail.com
John Rodriguez,1019 Main St,john.rodriguez12@gmail.com
Jane Martinez,1040 Main St,jane.martinez12@gmail.com
Michael Smith,1061 Main St,michael.smith12@gmail.com
Emily Johnson,1082 Main St,emily.johnson12@gmail.com
Chris Williams,1103 Main St,chris.williams12@gmail.com
Jessica Brown,1124 Main St,jessica.brown12@gmail.com
David Jones,1145 Main St,david.jones12@gmail.com
Sarah Garcia,1166 Main St,sarah.garcia12@gmail.com
James Miller,1187 Main St,james.miller12@gmail.com
Laura Davis,1208 Main St,laura.davis12@gmail.com
John Rodriguez,1229 Main St,john.rodriguez12@gmail.com
Jane Martinez,1250 Main St,jane.martinez12@gmail.com
Michael Smith,1271 Main St,michael.smith12@gmail.com
Emily Johnson,1292 Main St,emily.johnson12@gmail.com
Chris Williams,1313 Main St,chris.williams12@gmail.com
Jessica Brown,1334 Main St,jessica.brown12@gmail.com
David Jones,1355 Main St,david.jones12@gmail.com
Sarah Garcia,1376 Main St,sarah.garcia12@gmail.com
James Miller,1397 Main St,james.miller12@gmail.com
Laura Davis,1418 Main St,laura.davis12@gmail.com
John Rodriguez,1439 Main St,john.rodriguez12@gmail.com
Jane Martinez,1460 Main St,jane.martinez12@gmail.com
Michael Smith,1481 Main St,michael.smith12@gmail.com
Emily Johnson,1502 Main St,emily.johnson12@gmail.com
Chris Williams,1523 Main St,chris.williams12@gmail.com
Jessica Brown,1544 Main St,jessica.brown12@gmail.com
David Jones,1565 Main St,david.jones12@gmail.com
Sarah Garcia,1586 Main St,sarah.garcia12@gmail.com
James Miller,1607 Main St,james.miller12@gmail.com
Laura Davis,1628 Main St,laura.davis12@gmail.com
John Rodriguez,1649 Main St,john.rodriguez12@gmail.com
Jane Martinez,1670 Main St,jane.martinez12@gmail.com
Michael Smith,1691 Main St,michael.smith12@gmail.com
Emily Johnson,1712 Main St,emily.johnson12@gmail.com
Chris Williams,1733 Main St,chris.williams12@gmail.com
Jessica Brown,1754 Main St,jessica.brown12@gmail.com
David Jones,1775 Main St,david.jones12@gmail.com
Sarah Garcia,1796 Main St,sarah.garcia12@gmail.com
James Miller,1817 Main St,james.miller12@gmail.com
Laura Davis,1838 Main St,laura.davis12@gmail.com
John Rodriguez,1859 Main St,john.rodriguez12@gmail.com
Jane Martinez,1880 Main St,jane.martinez12@gmail.com
Michael Smith,1901 Main St,michael.smith12@gmail.com
Emily Johnson,1922 Main St,emily.johnson12@gmail.com
Chris Williams,1943 Main St,chris.williams12@gmail.com
Jessica Brown,1964 Main St,jessica.brown12@gmail.com
David Jones,1985 Main St,david.jones12@gmail.com
Sarah Garcia,2006 Main St,sarah.garcia12@gmail.com
James Miller,2027 Main St,james.miller12@gmail.com
Laura Davis,2048 Main St,laura.davis12@gmail.com
John Rodriguez,2069 Main St,john.rodriguez12@gmail.com
Jane Martinez,2090 Main St,jane.martinez12@gmail.com
Michael Smith,2111 Main St,michael.smith12@gmail.com
Emily Johnson,2132 Main St,emily.johnson12@gmail.com
Chris Williams,2153 Main St,chris.williams12@gmail.com
Jessica Brown,2174 Main St,jessica.brown12@gmail.com
David Jones,2195 Main St,david.jones12@gmail.com
Sarah Garcia,2216 Main St,sarah.garcia12@gmail.com
James Miller,2237 Main St,james.miller12@gmail.com
Laura Davis,2258 Main St,laura.davis12@gmail.com
John Rodriguez,2279 Main St,john.rodriguez12@gmail.com
Jane Martinez,2300 Main St,jane.martinez12@gmail.com